clip,time,pelvis,head,shoeMin,handMin,coatMin,packMin,spineAngle,headAngle,leftHandX,leftHandY,leftHandZ,rightHandX,rightHandY,rightHandZ
5,0.000000,0.532000,1.161927,0.001019,0.533867,0.388831,0.515303,0.000000,0.000000,-0.323704,0.687224,0.129837,0.364570,0.672400,0.075491
5,0.004167,0.532000,1.161927,0.001025,0.533832,0.388856,0.515308,-0.000153,0.000000,-0.323766,0.687126,0.129615,0.364554,0.672372,0.075447
5,0.008333,0.532000,1.161927,0.001028,0.533797,0.388872,0.515307,-0.000793,-0.000031,-0.323812,0.687046,0.129454,0.364548,0.672341,0.075392
5,0.012500,0.532000,1.161928,0.001031,0.533761,0.388884,0.515305,-0.001587,-0.000031,-0.323874,0.686974,0.129318,0.364523,0.672309,0.075332
5,0.016667,0.532000,1.161928,0.001034,0.533726,0.388898,0.515304,-0.002319,-0.000061,-0.323940,0.686899,0.129170,0.364496,0.672278,0.075274
5,0.020833,0.532000,1.161928,0.001039,0.533690,0.388920,0.515307,-0.002655,-0.000061,-0.324057,0.686809,0.128972,0.364422,0.672249,0.075226
5,0.025000,0.532000,1.161929,0.001048,0.533656,0.388956,0.515317,-0.002350,-0.000061,-0.324195,0.686693,0.128688,0.364335,0.672225,0.075193
5,0.029167,0.532000,1.161930,0.001062,0.533621,0.389012,0.515338,-0.001129,-0.000031,-0.324414,0.686541,0.128282,0.364177,0.672207,0.075183
5,0.033333,0.532000,1.161932,0.001082,0.533588,0.389094,0.515372,0.001322,0.000027,-0.324671,0.686342,0.127715,0.363994,0.672198,0.075202
5,0.037500,0.532000,1.161934,0.001109,0.533535,0.389201,0.515412,0.003668,0.000048,-0.325036,0.686069,0.126932,0.363740,0.672178,0.075176
5,0.041667,0.532000,1.161936,0.001141,0.533455,0.389325,0.515450,0.005075,0.000017,-0.325448,0.685722,0.125942,0.363483,0.672134,0.075067
5,0.045833,0.532000,1.161939,0.001179,0.533364,0.389467,0.515492,0.006537,-0.000031,-0.325950,0.685331,0.124808,0.363155,0.672085,0.074934
5,0.050000,0.532000,1.161941,0.001222,0.533284,0.389624,0.515545,0.009102,-0.000031,-0.326468,0.684926,0.123595,0.362809,0.672050,0.074839
5,0.054167,0.532000,1.161944,0.001272,0.533231,0.389796,0.515614,0.013750,0.000027,-0.327046,0.684535,0.122365,0.362377,0.672047,0.074842
5,0.058333,0.532000,1.161947,0.001327,0.533227,0.389983,0.515705,0.021492,0.000191,-0.327613,0.684189,0.121184,0.361910,0.672095,0.075005
5,0.062500,0.532000,1.161951,0.001389,0.533291,0.390182,0.515825,0.033356,0.000511,-0.328207,0.683915,0.120116,0.361347,0.672214,0.075388
5,0.066667,0.532000,1.161954,0.001457,0.533445,0.390393,0.515979,0.050340,0.001003,-0.328763,0.683743,0.119224,0.360732,0.672427,0.076050
5,0.070833,0.532000,1.161957,0.001535,0.533684,0.390622,0.516161,0.071108,0.001498,-0.329352,0.683643,0.118370,0.360024,0.672729,0.076895
5,0.075000,0.532000,1.161961,0.001623,0.533994,0.390874,0.516362,0.094133,0.001856,-0.329951,0.683580,0.117429,0.359277,0.673105,0.077821
5,0.079167,0.532000,1.161964,0.001722,0.534379,0.391143,0.516586,0.120129,0.002218,-0.330579,0.683572,0.116493,0.358453,0.673562,0.078882
5,0.083333,0.532000,1.161967,0.001830,0.534848,0.391424,0.516832,0.149793,0.002760,-0.331184,0.683634,0.115655,0.357585,0.674102,0.080132
5,0.087500,0.532000,1.161970,0.001946,0.535404,0.391712,0.517083,0.183828,0.003638,-0.331778,0.683781,0.115005,0.356647,0.674729,0.081625
5,0.091667,0.532000,1.161972,0.002067,0.536051,0.392003,0.517362,0.222972,0.004990,-0.332319,0.684025,0.114635,0.355663,0.675445,0.083415
5,0.095833,0.532000,1.161973,0.002193,0.536792,0.392290,0.517643,0.267908,0.006981,-0.332808,0.684377,0.114640,0.354617,0.676253,0.085557
5,0.100000,0.532000,1.161974,0.002319,0.537628,0.392569,0.517946,0.319343,0.009771,-0.333218,0.684846,0.115110,0.353520,0.677152,0.088105
5,0.104167,0.532000,1.161974,0.002451,0.538614,0.392848,0.518286,0.378131,0.013162,-0.333548,0.685470,0.116015,0.352350,0.678199,0.091091
5,0.108333,0.532000,1.161972,0.002591,0.539785,0.393071,0.518663,0.443957,0.016950,-0.333811,0.686259,0.117250,0.351094,0.679431,0.094470
5,0.112500,0.532000,1.161970,0.002738,0.541111,0.393289,0.519042,0.515794,0.021212,-0.334002,0.687184,0.118797,0.349780,0.680817,0.098181
5,0.116667,0.532000,1.161966,0.002888,0.542557,0.393506,0.519445,0.592604,0.026031,-0.334139,0.688208,0.120638,0.348412,0.682320,0.102163
5,0.120833,0.532000,1.161960,0.003039,0.544079,0.393715,0.519866,0.673382,0.031509,-0.334206,0.689295,0.122758,0.347031,0.683897,0.106362
5,0.125000,0.532000,1.161953,0.003190,0.545629,0.393912,0.520297,0.757090,0.037714,-0.334235,0.690401,0.125144,0.345632,0.685497,0.110724
5,0.129167,0.531995,1.161940,0.003333,0.547148,0.394087,0.520709,0.842688,0.044767,-0.334197,0.691480,0.127787,0.344268,0.687061,0.115202
5,0.133333,0.531991,1.161926,0.003473,0.548580,0.394239,0.521123,0.929160,0.052731,-0.334137,0.692489,0.130677,0.342923,0.688533,0.119753
5,0.137500,0.531975,1.161898,0.003599,0.549982,0.394361,0.521539,1.018919,0.061754,-0.333972,0.693484,0.133950,0.341602,0.689970,0.124544
5,0.141667,0.531959,1.161868,0.003728,0.551449,0.394471,0.521979,1.113951,0.071818,-0.333723,0.694550,0.137670,0.340216,0.691470,0.129689
5,0.145833,0.531923,1.161816,0.003839,0.552929,0.394548,0.522415,1.212656,0.082750,-0.333356,0.695635,0.141729,0.338840,0.692980,0.135072
5,0.150000,0.531887,1.161763,0.003954,0.554405,0.394527,0.522860,1.313407,0.094410,-0.332944,0.696724,0.146019,0.337443,0.694482,0.140577
5,0.154167,0.531823,1.161679,0.004044,0.555805,0.394444,0.523277,1.414589,0.106622,-0.332450,0.697753,0.150435,0.336106,0.695907,0.146094
5,0.158333,0.531758,1.161593,0.004141,0.557114,0.394348,0.523675,1.514581,0.119224,-0.331954,0.698710,0.154875,0.334797,0.697239,0.151515
5,0.162500,0.531657,1.161471,0.004208,0.558249,0.394200,0.524016,1.611753,0.132062,-0.331420,0.699518,0.159233,0.333603,0.698392,0.156729
5,0.166667,0.531556,1.161348,0.004283,0.559194,0.394036,0.524337,1.704496,0.144981,-0.330932,0.700171,0.163412,0.332493,0.699354,0.161635
5,0.170833,0.531412,1.161182,0.004325,0.559885,0.393811,0.524595,1.792588,0.158143,-0.330411,0.700625,0.167521,0.331519,0.700058,0.166314
5,0.175000,0.531268,1.161016,0.004377,0.560410,0.393567,0.524839,1.877457,0.171800,-0.329874,0.700974,0.171708,0.330588,0.700592,0.170909
5,0.179167,0.531076,1.160801,0.004396,0.560769,0.393259,0.525024,1.960005,0.185863,-0.329271,0.701210,0.175914,0.329742,0.700957,0.175392
5,0.183333,0.530885,1.160587,0.004433,0.561053,0.392939,0.525204,2.041129,0.200237,-0.328655,0.701415,0.180087,0.328922,0.701246,0.179745
5,0.187500,0.530642,1.160319,0.004440,0.561251,0.392559,0.525330,2.121688,0.214830,-0.327994,0.701561,0.184167,0.328162,0.701447,0.183937
5,0.191667,0.530399,1.160051,0.004471,0.561446,0.392173,0.525458,2.202605,0.229556,-0.327335,0.701721,0.188109,0.327419,0.701642,0.187954
5,0.195833,0.530100,1.159726,0.004471,0.561604,0.391729,0.525536,2.284751,0.244326,-0.326670,0.701848,0.191857,0.326717,0.701802,0.191768
5,0.200000,0.529801,1.159399,0.004500,0.561800,0.391287,0.525624,2.369012,0.259042,-0.326037,0.702000,0.195370,0.326037,0.702000,0.195371
5,0.204167,0.529441,1.159009,0.004480,0.561853,0.390767,0.525653,2.453643,0.273751,-0.325450,0.702058,0.198692,0.325412,0.702101,0.198776
5,0.208333,0.529080,1.158619,0.004495,0.561853,0.390222,0.525676,2.537053,0.288566,-0.324905,0.702060,0.201892,0.324849,0.702125,0.202015
5,0.212500,0.528652,1.158161,0.004479,0.561775,0.389605,0.525632,2.620361,0.303486,-0.324385,0.701982,0.204933,0.324327,0.702050,0.205061
5,0.216667,0.528225,1.157701,0.004498,0.561717,0.388986,0.525593,2.704675,0.318496,-0.323879,0.701923,0.207808,0.323829,0.701981,0.207917
5,0.220833,0.527726,1.157169,0.004482,0.561624,0.388294,0.525494,2.791119,0.333614,-0.323375,0.701829,0.210491,0.323339,0.701870,0.210568
5,0.225000,0.527228,1.156634,0.004503,0.561576,0.387599,0.525410,2.880820,0.348839,-0.322867,0.701779,0.212988,0.322848,0.701801,0.213029
5,0.229167,0.526655,1.156021,0.004483,0.561494,0.386829,0.525272,2.974875,0.364159,-0.322352,0.701695,0.215285,0.322347,0.701701,0.215297
5,0.233333,0.526082,1.155405,0.004500,0.561448,0.386056,0.525160,3.074405,0.379585,-0.321828,0.701648,0.217392,0.321828,0.701648,0.217392
5,0.237500,0.525430,1.154707,0.004477,0.561343,0.385204,0.524990,3.178348,0.394980,-0.321313,0.701543,0.219292,0.321313,0.701543,0.219292
5,0.241667,0.524779,1.154006,0.004495,0.561235,0.384350,0.524834,3.285177,0.410307,-0.320828,0.701435,0.221007,0.320828,0.701435,0.221007
5,0.245833,0.524046,1.153221,0.004475,0.561033,0.383414,0.524614,3.395323,0.425669,-0.320366,0.701233,0.222539,0.320366,0.701233,0.222539
5,0.250000,0.523314,1.152432,0.004497,0.560813,0.382475,0.524411,3.509237,0.441160,-0.319924,0.701013,0.223918,0.319924,0.701013,0.223918
5,0.254167,0.522497,1.151555,0.004478,0.560487,0.381452,0.524144,3.627362,0.456900,-0.319493,0.700686,0.225143,0.319493,0.700686,0.225143
5,0.258333,0.521681,1.150674,0.004501,0.560135,0.380429,0.523900,3.750143,0.472992,-0.319066,0.700334,0.226242,0.319066,0.700334,0.226242
5,0.262500,0.520777,1.149701,0.004480,0.559666,0.379319,0.523593,3.878021,0.489535,-0.318638,0.699866,0.227217,0.318638,0.699866,0.227217
5,0.266667,0.519874,1.148723,0.004500,0.559160,0.378209,0.523313,4.011435,0.506658,-0.318200,0.699360,0.228097,0.318200,0.699360,0.228097
5,0.270833,0.518883,1.147650,0.004475,0.558545,0.377011,0.522969,4.149984,0.524120,-0.317758,0.698746,0.228811,0.317758,0.698746,0.228811
5,0.275000,0.517891,1.146572,0.004496,0.557941,0.375812,0.522647,4.293058,0.541739,-0.317314,0.698142,0.229325,0.317315,0.698142,0.229325
5,0.279167,0.516808,1.145397,0.004474,0.557266,0.374523,0.522257,4.440827,0.559654,-0.316867,0.697468,0.229653,0.316867,0.697467,0.229653
5,0.283333,0.515726,1.144216,0.004498,0.556614,0.373234,0.521891,4.593451,0.578004,-0.316414,0.696815,0.229845,0.316414,0.696815,0.229845
5,0.287500,0.514552,1.142936,0.004477,0.555886,0.371854,0.521457,4.751091,0.596934,-0.315953,0.696087,0.229923,0.315953,0.696087,0.229923
5,0.291667,0.513377,1.141650,0.004502,0.555164,0.370474,0.521049,4.913929,0.616571,-0.315485,0.695364,0.229947,0.315485,0.695364,0.229947
5,0.295833,0.512109,1.140262,0.004478,0.554331,0.369002,0.520573,5.082135,0.637045,-0.315012,0.694532,0.229949,0.315012,0.694532,0.229949
5,0.300000,0.510842,1.138865,0.004500,0.553455,0.367532,0.520124,5.255860,0.658513,-0.314537,0.693656,0.230000,0.314537,0.693656,0.230000
5,0.304167,0.509480,1.137366,0.004473,0.552436,0.365968,0.519608,5.435112,0.680807,-0.314063,0.692636,0.230063,0.314063,0.692636,0.230063
5,0.308333,0.508118,1.135859,0.004496,0.551383,0.364405,0.519118,5.619735,0.703729,-0.313590,0.691583,0.230101,0.313590,0.691584,0.230101
5,0.312500,0.506661,1.134246,0.004473,0.550204,0.362749,0.518560,5.809639,0.727355,-0.313118,0.690404,0.230104,0.313118,0.690405,0.230104
5,0.316667,0.505203,1.132625,0.004499,0.548995,0.361093,0.518028,6.004787,0.751760,-0.312643,0.689195,0.230092,0.312643,0.689195,0.230092
5,0.320833,0.503651,1.130897,0.004477,0.547661,0.359344,0.517426,6.205083,0.777032,-0.312166,0.687861,0.230053,0.312166,0.687861,0.230053
5,0.325000,0.502098,1.129159,0.004502,0.546300,0.357597,0.516849,6.410474,0.803237,-0.311685,0.686501,0.230008,0.311685,0.686501,0.230008
5,0.329167,0.500450,1.127315,0.004478,0.544819,0.355756,0.516202,6.620897,0.830470,-0.311198,0.685019,0.229944,0.311198,0.685019,0.229944
5,0.333333,0.498802,1.125460,0.004500,0.543314,0.353917,0.515581,6.836279,0.858795,-0.310704,0.683515,0.229880,0.310704,0.683515,0.229880
5,0.337500,0.497058,1.123497,0.004473,0.541685,0.351984,0.514890,7.056954,0.888138,-0.310206,0.681885,0.229807,0.310206,0.681885,0.229807
5,0.341667,0.495314,1.121522,0.004496,0.540019,0.350054,0.514228,7.283133,0.918421,-0.309707,0.680219,0.229743,0.309707,0.680219,0.229743
5,0.345833,0.493475,1.119438,0.004474,0.538220,0.348030,0.513497,7.514574,0.949639,-0.309205,0.678420,0.229668,0.309205,0.678420,0.229668
5,0.350000,0.491636,1.117341,0.004499,0.536385,0.346009,0.512792,7.750985,0.981845,-0.308700,0.676585,0.229594,0.308700,0.676585,0.229594
5,0.354167,0.489702,1.115137,0.004478,0.534419,0.343896,0.512016,7.992141,1.015048,-0.308191,0.674620,0.229499,0.308191,0.674620,0.229499
5,0.358333,0.487768,1.112918,0.004503,0.532419,0.341785,0.511265,8.237745,1.049268,-0.307678,0.672619,0.229396,0.307678,0.672619,0.229396
5,0.362500,0.485740,1.110592,0.004479,0.530290,0.339583,0.510441,8.487572,1.084541,-0.307160,0.670491,0.229261,0.307160,0.670491,0.229261
5,0.366667,0.483712,1.108252,0.004500,0.528130,0.337384,0.509639,8.741343,1.120886,-0.306637,0.668330,0.229106,0.306637,0.668330,0.229106
5,0.370833,0.481591,1.105805,0.004474,0.525842,0.335094,0.508768,8.999678,1.158311,-0.306110,0.666042,0.228923,0.306110,0.666042,0.228923
5,0.375000,0.479470,1.103341,0.004496,0.523514,0.332808,0.507924,9.263093,1.196811,-0.305578,0.663715,0.228736,0.305578,0.663715,0.228736
5,0.379167,0.477257,1.100769,0.004475,0.521057,0.330433,0.507013,9.531163,1.236360,-0.305042,0.661257,0.228528,0.305042,0.661257,0.228528
5,0.383333,0.475044,1.098181,0.004499,0.518560,0.328061,0.506125,9.803482,1.276934,-0.304503,0.658760,0.228310,0.304503,0.658760,0.228310
5,0.387500,0.472741,1.095487,0.004479,0.515936,0.325602,0.505168,10.079650,1.318512,-0.303960,0.656136,0.228066,0.303960,0.656136,0.228066
5,0.391667,0.470438,1.092777,0.004503,0.513274,0.323146,0.504230,10.359230,1.361074,-0.303412,0.653474,0.227807,0.303412,0.653474,0.227807
5,0.395833,0.468046,1.089962,0.004481,0.510487,0.320605,0.503221,10.641850,1.404599,-0.302861,0.650688,0.227515,0.302861,0.650688,0.227515
5,0.400000,0.465654,1.087133,0.004500,0.507665,0.318067,0.502228,10.927070,1.449070,-0.302305,0.647865,0.227202,0.302305,0.647866,0.227202
5,0.404167,0.463175,1.084199,0.004475,0.504718,0.315446,0.501167,11.215710,1.494556,-0.301745,0.644918,0.226858,0.301745,0.644918,0.226858
5,0.408333,0.460696,1.081247,0.004496,0.501730,0.312829,0.500129,11.508520,1.541132,-0.301180,0.641930,0.226502,0.301180,0.641930,0.226502
5,0.412500,0.458132,1.078192,0.004476,0.498618,0.310130,0.499027,11.804990,1.588712,-0.300610,0.638818,0.226119,0.300610,0.638818,0.226119
5,0.416667,0.455569,1.075119,0.004500,0.495467,0.307436,0.497943,12.104580,1.637266,-0.300037,0.635667,0.225721,0.300037,0.635667,0.225721
5,0.420833,0.452922,1.071946,0.004482,0.492196,0.304662,0.496793,12.406780,1.686722,-0.299459,0.632396,0.225292,0.299459,0.632396,0.225292
5,0.425000,0.450275,1.068756,0.004504,0.488888,0.301892,0.495656,12.711070,1.737011,-0.298878,0.629088,0.224846,0.298878,0.629088,0.224846
5,0.429167,0.447548,1.065470,0.004483,0.485465,0.299046,0.494449,13.016940,1.788093,-0.298294,0.625665,0.224368,0.298294,0.625665,0.224368
5,0.433333,0.444821,1.062170,0.004500,0.482007,0.296204,0.493251,13.323860,1.839907,-0.297707,0.622207,0.223868,0.297707,0.622207,0.223868
5,0.437500,0.442016,1.058774,0.004477,0.478434,0.293289,0.491987,13.632780,1.892585,-0.297116,0.618635,0.223336,0.297116,0.618635,0.223336
5,0.441667,0.439210,1.055359,0.004496,0.474822,0.290377,0.490742,13.944610,1.946226,-0.296520,0.615022,0.222786,0.296520,0.615022,0.222786
5,0.445833,0.436330,1.051850,0.004479,0.471096,0.287395,0.489435,14.258760,2.000773,-0.295919,0.611297,0.222206,0.295919,0.611296,0.222206
5,0.450000,0.433449,1.048325,0.004500,0.467334,0.284417,0.488141,14.574660,2.056113,-0.295314,0.607534,0.221608,0.295314,0.607534,0.221608
5,0.454167,0.430496,1.044710,0.004484,0.463464,0.281371,0.486783,14.891700,2.112165,-0.294706,0.603665,0.220980,0.294706,0.603665,0.220980
5,0.458333,0.427543,1.041081,0.004504,0.459562,0.278329,0.485431,15.209300,2.168845,-0.294096,0.599762,0.220332,0.294096,0.599762,0.220332
5,0.462500,0.424521,1.037368,0.004486,0.455558,0.275222,0.484013,15.526890,2.226068,-0.293483,0.595758,0.219654,0.293483,0.595758,0.219654
5,0.466667,0.421498,1.033642,0.004500,0.451524,0.272121,0.482594,15.843870,2.283736,-0.292869,0.591725,0.218956,0.292869,0.591725,0.218956
5,0.470833,0.418409,1.029835,0.004480,0.447391,0.268957,0.481115,16.161250,2.342040,-0.292251,0.587591,0.218227,0.292251,0.587591,0.218227
5,0.475000,0.415320,1.026011,0.004495,0.443221,0.265798,0.479646,16.480050,2.401124,-0.291629,0.583421,0.217477,0.291629,0.583421,0.217477
5,0.479167,0.412167,1.022108,0.004482,0.438953,0.262581,0.478120,16.799620,2.460891,-0.291003,0.579153,0.216697,0.291003,0.579153,0.216697
5,0.483333,0.409015,1.018191,0.004500,0.434653,0.259368,0.476599,17.119380,2.521216,-0.290373,0.574853,0.215897,0.290373,0.574853,0.215897
5,0.487500,0.405803,1.014200,0.004488,0.430262,0.256101,0.475019,17.438720,2.582006,-0.289741,0.570463,0.215069,0.289741,0.570463,0.215069
5,0.491667,0.402590,1.010198,0.004504,0.425845,0.252838,0.473437,17.757020,2.643149,-0.289107,0.566045,0.214221,0.289107,0.566045,0.214221
5,0.495833,0.399321,1.006131,0.004490,0.421345,0.249524,0.471793,18.073670,2.704539,-0.288473,0.561545,0.213348,0.288473,0.561545,0.213348
5,0.500000,0.396052,1.002055,0.004500,0.416821,0.246216,0.470141,18.388080,2.766079,-0.287838,0.557021,0.212456,0.287838,0.557021,0.212456
5,0.504167,0.392731,0.997916,0.004483,0.412217,0.242859,0.468432,18.701230,2.827938,-0.287201,0.552417,0.211538,0.287201,0.552417,0.211538
5,0.508333,0.389409,0.993765,0.004495,0.407581,0.239508,0.466725,19.014140,2.890313,-0.286560,0.547781,0.210596,0.286560,0.547781,0.210596
5,0.512500,0.386037,0.989553,0.004485,0.402867,0.236112,0.464967,19.326220,2.953110,-0.285916,0.543067,0.209627,0.285916,0.543067,0.209627
5,0.516667,0.382666,0.985332,0.004500,0.398127,0.232722,0.463205,19.636870,3.016178,-0.285270,0.538328,0.208638,0.285270,0.538328,0.208638
5,0.520833,0.379249,0.981057,0.004491,0.393319,0.229292,0.461391,19.945510,3.079424,-0.284622,0.533519,0.207624,0.284622,0.533519,0.207624
5,0.525000,0.375832,0.976778,0.004504,0.388488,0.225868,0.459565,20.251570,3.142715,-0.283974,0.528689,0.206593,0.283974,0.528689,0.206593
5,0.529167,0.372374,0.972453,0.004494,0.383598,0.222407,0.457684,20.554430,3.205938,-0.283326,0.523799,0.205542,0.283326,0.523799,0.205541
5,0.533333,0.368915,0.968127,0.004500,0.378692,0.218951,0.455787,20.853520,3.268973,-0.282680,0.518892,0.204474,0.282680,0.518893,0.204474
5,0.537500,0.365418,0.963759,0.004487,0.373728,0.215463,0.453839,21.149750,3.332021,-0.282033,0.513928,0.203386,0.282033,0.513928,0.203386
5,0.541667,0.361921,0.959386,0.004495,0.368739,0.211981,0.451884,21.444070,3.395282,-0.281383,0.508939,0.202274,0.281383,0.508939,0.202274
5,0.545833,0.358391,0.954974,0.004489,0.363695,0.208471,0.449885,21.735970,3.458650,-0.280731,0.503895,0.201140,0.280731,0.503896,0.201140
5,0.550000,0.354860,0.950560,0.004499,0.358633,0.204967,0.447874,22.024910,3.521989,-0.280078,0.498833,0.199986,0.280078,0.498833,0.199986
5,0.554167,0.351299,0.946116,0.004496,0.353525,0.201439,0.445816,22.310360,3.585177,-0.279425,0.493725,0.198814,0.279425,0.493725,0.198813
5,0.558333,0.347739,0.941673,0.004504,0.348403,0.197917,0.443741,22.591800,3.648101,-0.278772,0.488604,0.197625,0.278772,0.488604,0.197625
5,0.562500,0.344152,0.937209,0.004498,0.343246,0.194374,0.441618,22.868720,3.710644,-0.278122,0.483446,0.196424,0.278122,0.483446,0.196424
5,0.566667,0.340566,0.932751,0.004500,0.338081,0.190838,0.439471,23.140570,3.772668,-0.277474,0.478281,0.195210,0.277474,0.478281,0.195210
5,0.570833,0.336957,0.928276,0.004490,0.332882,0.187287,0.437282,23.408100,3.834385,-0.276828,0.473082,0.193981,0.276828,0.473082,0.193981
5,0.575000,0.333349,0.923802,0.004495,0.327667,0.183741,0.435077,23.672160,3.895980,-0.276179,0.467867,0.192731,0.276179,0.467868,0.192731
5,0.579167,0.329723,0.919314,0.004493,0.322423,0.180185,0.432836,23.932330,3.957361,-0.275530,0.462623,0.191465,0.275530,0.462623,0.191465
5,0.583333,0.326097,0.914833,0.004500,0.317168,0.176634,0.430575,24.188190,4.018399,-0.274881,0.457368,0.190181,0.274881,0.457368,0.190181
5,0.587500,0.322457,0.910345,0.004500,0.311892,0.173077,0.428277,24.439300,4.078979,-0.274233,0.452093,0.188886,0.274234,0.452093,0.188886
5,0.591667,0.318817,0.905867,0.004505,0.306612,0.169527,0.425954,24.685250,4.138984,-0.273588,0.446813,0.187578,0.273588,0.446813,0.187578
5,0.595833,0.315169,0.901391,0.004502,0.301321,0.165974,0.423595,24.925620,4.198316,-0.272946,0.441521,0.186263,0.272946,0.441522,0.186263
5,0.600000,0.311520,0.896928,0.004500,0.296031,0.162428,0.421205,25.159990,4.256839,-0.272309,0.436231,0.184940,0.272309,0.436231,0.184940
5,0.604167,0.307866,0.892473,0.004495,0.290733,0.158883,0.418783,25.388870,4.314725,-0.271673,0.430933,0.183609,0.271674,0.430933,0.183608
5,0.608333,0.304212,0.888027,0.004495,0.285429,0.155346,0.416338,25.612930,4.372187,-0.271038,0.425629,0.182260,0.271038,0.425629,0.182260
5,0.612500,0.300557,0.883593,0.004497,0.280121,0.151815,0.413866,25.831860,4.429104,-0.270404,0.420321,0.180902,0.270404,0.420321,0.180902
5,0.616667,0.296902,0.879172,0.004500,0.274811,0.148291,0.411368,26.045410,4.485376,-0.269771,0.415011,0.179530,0.269771,0.415011,0.179530
5,0.620833,0.293251,0.874769,0.004504,0.269508,0.144779,0.408844,26.253300,4.540922,-0.269141,0.409708,0.178154,0.269141,0.409708,0.178154
5,0.625000,0.289600,0.870382,0.004505,0.264208,0.141273,0.406291,26.455240,4.595616,-0.268515,0.404408,0.176769,0.268515,0.404408,0.176769
5,0.629167,0.285956,0.866021,0.004506,0.258922,0.137783,0.402919,26.650990,4.649374,-0.267893,0.399122,0.175384,0.267893,0.399122,0.175384
5,0.633333,0.282312,0.861679,0.004500,0.253646,0.134302,0.399052,26.840230,4.702092,-0.267277,0.393846,0.173995,0.267277,0.393846,0.173995
5,0.637500,0.278680,0.857367,0.004499,0.248388,0.130839,0.395204,27.023230,4.753905,-0.266665,0.388588,0.172605,0.266665,0.388588,0.172605
5,0.641667,0.275048,0.853072,0.004496,0.243134,0.127385,0.391363,27.200340,4.804978,-0.266055,0.383334,0.171202,0.266055,0.383334,0.171202
5,0.645833,0.271432,0.848813,0.004503,0.237902,0.123954,0.387546,27.371490,4.855237,-0.265447,0.378102,0.169798,0.265447,0.378102,0.169798
5,0.650000,0.267816,0.844573,0.004502,0.232679,0.120532,0.383736,27.536580,4.904585,-0.264842,0.372879,0.168385,0.264842,0.372879,0.168385
5,0.654167,0.264220,0.840372,0.004511,0.227486,0.117139,0.379954,27.695530,4.952969,-0.264241,0.367686,0.166975,0.264242,0.367686,0.166975
5,0.658333,0.260625,0.836193,0.004507,0.222307,0.113757,0.376180,27.848250,5.000305,-0.263646,0.362507,0.165560,0.263646,0.362507,0.165560
5,0.662500,0.257053,0.832059,0.004512,0.217166,0.110409,0.372437,27.994660,5.046504,-0.263057,0.357366,0.164152,0.263057,0.357366,0.164152
5,0.666667,0.253482,0.827947,0.004500,0.212041,0.107073,0.368703,28.134650,5.091495,-0.262474,0.352241,0.162744,0.262474,0.352241,0.162744
5,0.670833,0.249938,0.823886,0.004503,0.206961,0.103777,0.365004,28.268140,5.135361,-0.261897,0.347161,0.161343,0.261897,0.347161,0.161342
5,0.675000,0.246395,0.819849,0.004498,0.201894,0.100490,0.361313,28.395120,5.178236,-0.261323,0.342094,0.159933,0.261323,0.342094,0.159933
5,0.679167,0.242884,0.815867,0.004513,0.196876,0.097247,0.357663,28.515750,5.220056,-0.260753,0.337076,0.158531,0.260753,0.337076,0.158531
5,0.683333,0.239374,0.811907,0.004511,0.191875,0.094016,0.354019,28.630160,5.260783,-0.260188,0.332075,0.157124,0.260188,0.332076,0.157124
5,0.687500,0.235899,0.808006,0.004526,0.186930,0.090836,0.350420,28.738520,5.300368,-0.259628,0.327130,0.155728,0.259628,0.327130,0.155728
5,0.691667,0.232425,0.804127,0.004517,0.182005,0.087671,0.346827,28.840950,5.338768,-0.259075,0.322205,0.154331,0.259075,0.322205,0.154331
5,0.695833,0.228991,0.800310,0.004522,0.177142,0.084563,0.343281,28.937610,5.375941,-0.258529,0.317342,0.152949,0.258529,0.317342,0.152949
5,0.700000,0.225557,0.796514,0.004499,0.172302,0.081475,0.339732,29.028640,5.411823,-0.257990,0.312502,0.151569,0.257990,0.312502,0.151569
5,0.704167,0.222167,0.792786,0.004504,0.167530,0.078450,0.336232,29.113470,5.446456,-0.257458,0.307730,0.150205,0.257458,0.307730,0.150205
5,0.708333,0.218777,0.789083,0.004499,0.162781,0.075443,0.332742,29.191740,5.479897,-0.256932,0.302981,0.148837,0.256932,0.302981,0.148837
5,0.712500,0.215435,0.785452,0.004527,0.158105,0.072504,0.329307,29.263860,5.512144,-0.256411,0.298305,0.147484,0.256411,0.298305,0.147484
5,0.716667,0.212093,0.781844,0.004530,0.153454,0.069585,0.325879,29.330260,5.543183,-0.255896,0.293654,0.146131,0.255896,0.293654,0.146131
5,0.720833,0.208802,0.778307,0.004554,0.148880,0.066739,0.322510,29.391310,5.573012,-0.255388,0.289081,0.144796,0.255388,0.289081,0.144796
5,0.725000,0.205511,0.774791,0.004542,0.144335,0.063915,0.319148,29.447490,5.601630,-0.254887,0.284535,0.143464,0.254887,0.284535,0.143464
5,0.729167,0.202276,0.771346,0.004544,0.139872,0.061172,0.315846,29.499180,5.629005,-0.254394,0.280072,0.142155,0.254394,0.280072,0.142155
5,0.733333,0.199041,0.767919,0.004500,0.135438,0.058455,0.312549,29.546810,5.655165,-0.253910,0.275638,0.140852,0.253910,0.275638,0.140852
5,0.737500,0.195864,0.764570,0.004494,0.131092,0.055826,0.309318,29.589290,5.680040,-0.253433,0.271292,0.139570,0.253433,0.271292,0.139570
5,0.741667,0.192687,0.761245,0.004488,0.126777,0.053229,0.306095,29.625800,5.703629,-0.252963,0.266977,0.138290,0.252963,0.266977,0.138290
5,0.745833,0.189572,0.758003,0.004530,0.122555,0.050724,0.302940,29.657080,5.725967,-0.252501,0.262756,0.137031,0.252501,0.262756,0.137031
5,0.750000,0.186457,0.754780,0.004545,0.118366,0.048248,0.299791,29.683830,5.747100,-0.252045,0.258567,0.135777,0.252045,0.258567,0.135777
5,0.754167,0.183408,0.751637,0.004586,0.114275,0.045864,0.296712,29.706790,5.767060,-0.251597,0.254476,0.134547,0.251597,0.254476,0.134547
5,0.758333,0.180358,0.748506,0.004576,0.110217,0.043503,0.293637,29.726710,5.785897,-0.251158,0.250418,0.133325,0.251158,0.250418,0.133325
5,0.762500,0.177377,0.745454,0.004574,0.106261,0.041234,0.290633,29.744290,5.803651,-0.250726,0.246461,0.132130,0.250726,0.246461,0.132130
5,0.766667,0.174396,0.742407,0.004500,0.102337,0.038984,0.287631,29.760280,5.820353,-0.250304,0.242537,0.130947,0.250304,0.242537,0.130947
5,0.770833,0.171486,0.739444,0.004467,0.098517,0.036835,0.284705,29.773320,5.835894,-0.249891,0.238717,0.129790,0.249891,0.238717,0.129789
5,0.775000,0.168576,0.736499,0.004443,0.094733,0.034724,0.281784,29.782100,5.850157,-0.249486,0.234933,0.128639,0.249486,0.234933,0.128639
5,0.779167,0.165740,0.733641,0.004486,0.091059,0.032718,0.278941,29.787500,5.863243,-0.249089,0.231259,0.127515,0.249089,0.231259,0.127515
5,0.783333,0.162905,0.730794,0.004508,0.087423,0.030737,0.276102,29.790400,5.875257,-0.248701,0.227623,0.126400,0.248701,0.227623,0.126400
5,0.787500,0.160146,0.728030,0.004567,0.083901,0.028849,0.273341,29.791600,5.886268,-0.248320,0.224102,0.125313,0.248320,0.224102,0.125313
5,0.791667,0.157387,0.725270,0.004571,0.080418,0.026969,0.270582,29.792020,5.896397,-0.247948,0.220618,0.124239,0.247948,0.220618,0.124239
5,0.795833,0.154708,0.722589,0.004582,0.077052,0.025167,0.267902,29.792460,5.905698,-0.247585,0.217252,0.123195,0.247585,0.217253,0.123195
5,0.800000,0.152029,0.719904,0.004500,0.073724,0.023355,0.265222,29.793810,5.914298,-0.247230,0.213924,0.122166,0.247230,0.213924,0.122166
5,0.804167,0.149432,0.717300,0.004448,0.070509,0.021625,0.262622,29.795430,5.921982,-0.246886,0.210709,0.121168,0.246886,0.210709,0.121168
5,0.808333,0.146834,0.714700,0.004395,0.067325,0.019910,0.260024,29.796180,5.928577,-0.246552,0.207525,0.120182,0.246552,0.207525,0.120182
5,0.812500,0.144321,0.712186,0.004418,0.064262,0.018286,0.257511,29.796270,5.934207,-0.246227,0.204462,0.119226,0.246227,0.204462,0.119226
5,0.816667,0.141808,0.709675,0.004424,0.061239,0.016660,0.254998,29.795920,5.939014,-0.245911,0.201439,0.118282,0.245911,0.201439,0.118282
5,0.820833,0.139381,0.707250,0.004486,0.058346,0.015110,0.252572,29.795280,5.943132,-0.245603,0.198546,0.117369,0.245603,0.198546,0.117369
5,0.825000,0.136954,0.704826,0.004503,0.055498,0.013541,0.250146,29.794600,5.946712,-0.245302,0.195698,0.116471,0.245302,0.195698,0.116471
5,0.829167,0.134615,0.702489,0.004544,0.052783,0.012031,0.247808,29.794050,5.949866,-0.245009,0.192983,0.115606,0.245009,0.192984,0.115606
5,0.833333,0.132276,0.700151,0.004500,0.050114,0.010482,0.245469,29.793810,5.952728,-0.244723,0.190314,0.114758,0.244723,0.190314,0.114758
5,0.837500,0.130027,0.697902,0.004477,0.047555,0.008988,0.243220,29.793810,5.955078,-0.244449,0.187755,0.113944,0.244449,0.187755,0.113944
5,0.841667,0.127778,0.695653,0.004423,0.045013,0.007470,0.240971,29.793810,5.956667,-0.244189,0.185213,0.113147,0.244189,0.185213,0.113147
5,0.845833,0.125620,0.693495,0.004431,0.042598,0.006017,0.238813,29.793810,5.957632,-0.243938,0.182798,0.112380,0.243939,0.182798,0.112380
5,0.850000,0.123463,0.691337,0.004410,0.040229,0.004536,0.236655,29.793810,5.958141,-0.243695,0.180429,0.111630,0.243695,0.180429,0.111630
5,0.854167,0.121397,0.689272,0.004450,0.038003,0.003115,0.234590,29.793810,5.958354,-0.243459,0.178203,0.110910,0.243459,0.178203,0.110910
5,0.858333,0.119332,0.687207,0.004453,0.035824,0.001659,0.232525,29.793810,5.958429,-0.243229,0.176024,0.110208,0.243229,0.176024,0.110208
5,0.862500,0.117360,0.685235,0.004504,0.033779,0.000260,0.230553,29.793810,5.958507,-0.243007,0.173979,0.109538,0.243007,0.173979,0.109538
5,0.866667,0.115389,0.683264,0.004500,0.031767,-0.001181,0.228581,29.793810,5.958756,-0.242795,0.171968,0.108887,0.242795,0.171968,0.108887
5,0.870833,0.113512,0.681386,0.004513,0.029880,-0.002573,0.226704,29.793810,5.959040,-0.242592,0.170080,0.108268,0.242592,0.170080,0.108268
5,0.875000,0.111634,0.679509,0.004447,0.028020,-0.004013,0.224827,29.793810,5.959171,-0.242401,0.168220,0.107669,0.242401,0.168220,0.107669
5,0.879167,0.109852,0.677727,0.004414,0.026284,-0.005400,0.223045,29.793810,5.959188,-0.242219,0.166484,0.107101,0.242219,0.166485,0.107101
5,0.883333,0.108070,0.675945,0.004336,0.024582,-0.006825,0.221263,29.793810,5.959126,-0.242045,0.164783,0.106552,0.242045,0.164783,0.106552
5,0.887500,0.106384,0.674259,0.004326,0.023011,-0.008185,0.219576,29.793810,5.959013,-0.241878,0.163211,0.106033,0.241878,0.163211,0.106033
5,0.891667,0.104697,0.672572,0.004306,0.021473,-0.009572,0.217890,29.793810,5.958890,-0.241719,0.161673,0.105534,0.241719,0.161673,0.105534
5,0.895833,0.103106,0.670981,0.004390,0.020056,-0.010884,0.216299,29.793810,5.958795,-0.241568,0.160256,0.105064,0.241568,0.160256,0.105064
5,0.900000,0.101516,0.669390,0.004500,0.018649,-0.012211,0.214708,29.793810,5.958756,-0.241428,0.158849,0.104614,0.241428,0.158849,0.104614
5,0.904167,0.100020,0.667895,0.004722,0.017356,-0.013461,0.213213,29.793810,5.958756,-0.241298,0.157556,0.104194,0.241298,0.157556,0.104194
5,0.908333,0.098525,0.666400,0.004695,0.016102,-0.014736,0.211718,29.793810,5.958756,-0.241176,0.156302,0.103793,0.241176,0.156302,0.103793
5,0.912500,0.097125,0.665000,0.004628,0.014982,-0.015941,0.210318,29.793810,5.958756,-0.241061,0.155182,0.103420,0.241061,0.155182,0.103420
5,0.916667,0.095725,0.663600,0.004542,0.013898,-0.017171,0.208918,29.793810,5.958756,-0.240952,0.154098,0.103067,0.240952,0.154098,0.103067
5,0.920833,0.094420,0.662295,0.004529,0.012940,-0.018332,0.207612,29.793810,5.958756,-0.240849,0.153141,0.102739,0.240849,0.153141,0.102739
5,0.925000,0.093114,0.660989,0.004489,0.012009,-0.019518,0.206307,29.793810,5.958756,-0.240750,0.152209,0.102430,0.240750,0.152209,0.102430
5,0.929167,0.091903,0.659778,0.004512,0.011189,-0.020635,0.205095,29.793810,5.958756,-0.240658,0.151389,0.102145,0.240658,0.151389,0.102145
5,0.933333,0.090691,0.658566,0.004500,0.010378,-0.021776,0.203884,29.793810,5.958756,-0.240572,0.150578,0.101878,0.240572,0.150578,0.101878
5,0.937500,0.089572,0.657447,0.004529,0.009669,-0.022853,0.202765,29.793810,5.958756,-0.240495,0.149869,0.101635,0.240495,0.149869,0.101635
5,0.941667,0.088453,0.656328,0.004501,0.008981,-0.023958,0.201646,29.793810,5.958756,-0.240427,0.149181,0.101414,0.240427,0.149181,0.101414
5,0.945833,0.087425,0.655300,0.004511,0.008401,-0.024999,0.200618,29.793810,5.958756,-0.240367,0.148601,0.101216,0.240367,0.148601,0.101216
5,0.950000,0.086397,0.654272,0.004474,0.007836,-0.026064,0.199590,29.793810,5.958756,-0.240314,0.148036,0.101036,0.240314,0.148036,0.101036
5,0.954167,0.085459,0.653334,0.004484,0.007371,-0.027062,0.198652,29.793810,5.958756,-0.240265,0.147572,0.100873,0.240265,0.147572,0.100873
5,0.958333,0.084521,0.652396,0.004458,0.006915,-0.028078,0.197713,29.793810,5.958756,-0.240221,0.147115,0.100726,0.240221,0.147115,0.100726
5,0.962500,0.083670,0.651545,0.004490,0.006551,-0.029025,0.196862,29.793810,5.958756,-0.240181,0.146751,0.100593,0.240181,0.146751,0.100593
5,0.966667,0.082819,0.650694,0.004500,0.006187,-0.029986,0.196011,29.793810,5.958756,-0.240142,0.146387,0.100471,0.240142,0.146387,0.100472
5,0.970833,0.082053,0.649928,0.004551,0.005911,-0.030880,0.195245,29.793810,5.958756,-0.240108,0.146111,0.100367,0.240108,0.146111,0.100367
5,0.975000,0.081287,0.649162,0.004538,0.005640,-0.031797,0.194480,29.793810,5.958756,-0.240083,0.145841,0.100283,0.240083,0.145841,0.100283
5,0.979167,0.080604,0.648478,0.004551,0.005455,-0.032651,0.193796,29.793810,5.958756,-0.240064,0.145655,0.100216,0.240064,0.145655,0.100216
5,0.983333,0.079920,0.647795,0.004513,0.005268,-0.033523,0.193113,29.793810,5.958756,-0.240049,0.145468,0.100163,0.240049,0.145468,0.100163
5,0.987500,0.079316,0.647191,0.004513,0.005154,-0.034330,0.192509,29.793810,5.958756,-0.240038,0.145354,0.100121,0.240038,0.145354,0.100121
5,0.991667,0.078712,0.646587,0.004479,0.005028,-0.035149,0.191905,29.793810,5.958756,-0.240028,0.145229,0.100087,0.240028,0.145229,0.100087
5,0.995833,0.078184,0.646059,0.004497,0.004963,-0.035902,0.191377,29.793810,5.958756,-0.240019,0.145164,0.100056,0.240019,0.145164,0.100056
5,1.000000,0.077656,0.645531,0.004500,0.004878,-0.036662,0.190849,29.793810,5.958756,-0.240008,0.145078,0.100027,0.240008,0.145078,0.100027
5,1.004167,0.077201,0.645076,0.004542,0.004843,-0.037360,0.190393,29.793810,5.958756,-0.239999,0.145043,0.100003,0.239999,0.145044,0.100003
5,1.008333,0.076745,0.644620,0.004531,0.004791,-0.038073,0.189938,29.793810,5.958756,-0.239994,0.144991,0.099989,0.239994,0.144991,0.099989
5,1.012500,0.076359,0.644234,0.004541,0.004786,-0.038730,0.189551,29.793810,5.958756,-0.239993,0.144986,0.099984,0.239993,0.144986,0.099984
5,1.016667,0.075972,0.643847,0.004511,0.004761,-0.039398,0.189164,29.793810,5.958756,-0.239994,0.144961,0.099985,0.239994,0.144961,0.099985
5,1.020833,0.075649,0.643524,0.004510,0.004777,-0.040010,0.188842,29.793810,5.958756,-0.239997,0.144977,0.099990,0.239997,0.144977,0.099990
5,1.025000,0.075326,0.643201,0.004483,0.004770,-0.040628,0.188519,29.793810,5.958756,-0.239999,0.144970,0.099995,0.239999,0.144970,0.099995
5,1.029167,0.075063,0.642938,0.004497,0.004798,-0.041191,0.188256,29.793810,5.958756,-0.240001,0.144998,0.100000,0.240001,0.144998,0.100000
5,1.033333,0.074800,0.642675,0.004500,0.004800,-0.041757,0.187993,29.793810,5.958756,-0.240000,0.145000,0.100000,0.240000,0.145000,0.100000
5,1.037500,0.074591,0.642466,0.004533,0.004824,-0.042274,0.187784,29.793810,5.958756,-0.239998,0.145024,0.099998,0.239998,0.145024,0.099998
5,1.041667,0.074383,0.642258,0.004524,0.004813,-0.042800,0.187575,29.793810,5.958756,-0.239997,0.145013,0.099997,0.239998,0.145013,0.099997
5,1.045833,0.074223,0.642098,0.004530,0.004819,-0.043283,0.187415,29.793810,5.958756,-0.239997,0.145019,0.099997,0.239997,0.145019,0.099997
5,1.050000,0.074063,0.641938,0.004507,0.004799,-0.043772,0.187256,29.793810,5.958756,-0.239998,0.144999,0.099998,0.239998,0.144999,0.099998
5,1.054167,0.073947,0.641822,0.004504,0.004800,-0.044221,0.187139,29.793810,5.958756,-0.239999,0.145000,0.099998,0.239999,0.145000,0.099998
5,1.058333,0.073830,0.641705,0.004485,0.004785,-0.044672,0.187023,29.793810,5.958756,-0.239999,0.144985,0.099999,0.239999,0.144985,0.099999
5,1.062500,0.073751,0.641626,0.004493,0.004795,-0.045086,0.186943,29.793810,5.958756,-0.240000,0.144996,0.100000,0.240000,0.144996,0.100000
5,1.066667,0.073671,0.641546,0.004500,0.004800,-0.045499,0.186864,29.793810,5.958756,-0.240000,0.145000,0.100000,0.240000,0.145000,0.100000
5,1.070833,0.073622,0.641497,0.004524,0.004820,-0.045882,0.186815,29.793850,5.958749,-0.240000,0.145020,0.100000,0.240000,0.145020,0.100000
5,1.075000,0.073573,0.641448,0.004524,0.004817,-0.046269,0.186766,29.793960,5.958749,-0.240000,0.145018,0.100000,0.240000,0.145018,0.100000
5,1.079167,0.073548,0.641421,0.004526,0.004820,-0.046635,0.186740,29.794060,5.958756,-0.240000,0.145020,0.100000,0.240000,0.145020,0.100000
5,1.083333,0.073522,0.641395,0.004514,0.004808,-0.047002,0.186714,29.794170,5.958755,-0.240000,0.145008,0.100000,0.240000,0.145008,0.100000
5,1.087500,0.073512,0.641386,0.004508,0.004804,-0.047353,0.186704,29.794240,5.958763,-0.240000,0.145004,0.100000,0.240000,0.145004,0.100000
5,1.091667,0.073503,0.641376,0.004497,0.004795,-0.047701,0.186695,29.794210,5.958756,-0.240000,0.144995,0.100000,0.240000,0.144995,0.100000
5,1.095833,0.073501,0.641375,0.004495,0.004795,-0.048039,0.186694,29.794080,5.958756,-0.240000,0.144995,0.100000,0.240000,0.144995,0.100000
5,1.100000,0.073500,0.641375,0.004500,0.004800,-0.048371,0.186693,29.793810,5.958756,-0.240000,0.145000,0.100000,0.240000,0.145000,0.100000
5,1.104167,0.073500,0.641371,0.004503,0.004806,-0.048701,0.186691,29.794780,5.958773,-0.240000,0.145006,0.099999,0.240000,0.145006,0.099999
5,1.108333,0.073500,0.641359,0.004494,0.004803,-0.049030,0.186688,29.797630,5.958829,-0.240000,0.145003,0.099997,0.240000,0.145003,0.099997
5,1.112500,0.073500,0.641345,0.004479,0.004796,-0.049358,0.186683,29.801160,5.958900,-0.240000,0.144996,0.099994,0.240000,0.144996,0.099994
5,1.116667,0.073500,0.641333,0.004463,0.004788,-0.049684,0.186679,29.804210,5.958959,-0.240000,0.144988,0.099991,0.240000,0.144988,0.099991
5,1.120833,0.073500,0.641327,0.004451,0.004780,-0.050006,0.186677,29.805610,5.958987,-0.240000,0.144981,0.099990,0.240000,0.144981,0.099990
5,1.125000,0.073500,0.641333,0.004449,0.004778,-0.050322,0.186679,29.804180,5.958946,-0.240000,0.144978,0.099990,0.240000,0.144978,0.099990
5,1.129167,0.073500,0.641355,0.004463,0.004783,-0.050632,0.186686,29.798750,5.958839,-0.240000,0.144984,0.099993,0.240000,0.144984,0.099993
5,1.133333,0.073500,0.641398,0.004500,0.004800,-0.050934,0.186700,29.788150,5.958627,-0.240000,0.145000,0.100000,0.240000,0.145000,0.100000
5,1.137500,0.073500,0.641450,0.004558,0.004808,-0.051230,0.186716,29.775290,5.958385,-0.240000,0.145008,0.100003,0.240000,0.145008,0.100003
5,1.141667,0.073500,0.641502,0.004632,0.004796,-0.051522,0.186733,29.762550,5.958141,-0.240000,0.144997,0.099998,0.240000,0.144997,0.099998
5,1.145833,0.073500,0.641562,0.004721,0.004780,-0.051808,0.186751,29.747910,5.957874,-0.240000,0.144981,0.099990,0.240000,0.144981,0.099990
5,1.150000,0.073500,0.641637,0.004823,0.004776,-0.052089,0.186775,29.729390,5.957519,-0.239999,0.144976,0.099988,0.239999,0.144976,0.099988
5,1.154167,0.073500,0.641736,0.004775,0.004797,-0.052364,0.186806,29.704980,5.957044,-0.239999,0.144997,0.099995,0.239999,0.144997,0.099995
5,1.158333,0.073500,0.641868,0.004667,0.004859,-0.052633,0.186847,29.672710,5.956391,-0.239999,0.145059,0.100020,0.239999,0.145059,0.100020
5,1.162500,0.073500,0.642039,0.004576,0.004978,-0.052894,0.186901,29.630540,5.955522,-0.240000,0.145178,0.100067,0.240000,0.145178,0.100067
5,1.166667,0.073500,0.642258,0.004500,0.005169,-0.053147,0.186971,29.576490,5.954397,-0.240000,0.145369,0.100143,0.240000,0.145369,0.100143
5,1.170833,0.073500,0.642516,0.004447,0.005411,-0.053394,0.187052,29.512770,5.953299,-0.240000,0.145611,0.100236,0.240000,0.145611,0.100236
5,1.175000,0.073500,0.642800,0.004420,0.005682,-0.053633,0.187143,29.442220,5.952396,-0.239999,0.145882,0.100336,0.239999,0.145882,0.100336
5,1.179167,0.073500,0.643116,0.004416,0.005993,-0.053867,0.187244,29.363810,5.951459,-0.239997,0.146193,0.100449,0.239997,0.146193,0.100449
5,1.183333,0.073500,0.643467,0.004426,0.006354,-0.054094,0.187356,29.276520,5.950274,-0.239995,0.146554,0.100582,0.239995,0.146554,0.100582
5,1.187500,0.073500,0.643856,0.004447,0.006778,-0.054314,0.187481,29.179280,5.948580,-0.239994,0.146978,0.100742,0.239994,0.146978,0.100742
5,1.191667,0.073500,0.644288,0.004470,0.007275,-0.054529,0.187620,29.071090,5.946149,-0.239995,0.147476,0.100935,0.239995,0.147476,0.100935
5,1.195833,0.073500,0.644766,0.004490,0.007859,-0.054736,0.187775,28.950880,5.942760,-0.239997,0.148059,0.101168,0.239997,0.148059,0.101168
5,1.200000,0.073500,0.645294,0.004500,0.008541,-0.054937,0.187929,28.817640,5.938202,-0.240000,0.148742,0.101446,0.240000,0.148742,0.101446
5,1.204167,0.073500,0.645869,0.004502,0.009322,-0.055132,0.188097,28.672030,5.932966,-0.240003,0.149523,0.101758,0.240003,0.149523,0.101758
5,1.208333,0.073500,0.646484,0.004502,0.010192,-0.055321,0.188279,28.515350,5.927552,-0.240002,0.150392,0.102090,0.240002,0.150392,0.102090
5,1.212500,0.073500,0.647140,0.004501,0.011149,-0.055505,0.188474,28.347430,5.921555,-0.240000,0.151350,0.102449,0.240000,0.151350,0.102449
5,1.216667,0.073500,0.647836,0.004500,0.012195,-0.055682,0.188682,28.168150,5.914643,-0.239997,0.152395,0.102838,0.239997,0.152395,0.102838
5,1.220833,0.073500,0.648572,0.004499,0.013328,-0.055853,0.188904,27.977400,5.906436,-0.239994,0.153528,0.103264,0.239994,0.153528,0.103264
5,1.225000,0.073500,0.649349,0.004499,0.014549,-0.056016,0.189141,27.775000,5.896581,-0.239993,0.154749,0.103732,0.239993,0.154749,0.103732
5,1.229167,0.073500,0.650164,0.004499,0.015858,-0.056172,0.189391,27.560850,5.884715,-0.239995,0.156058,0.104247,0.239995,0.156058,0.104247
5,1.233333,0.073500,0.651019,0.004500,0.017255,-0.056319,0.189657,27.334770,5.870465,-0.240000,0.157455,0.104814,0.240000,0.157455,0.104814
5,1.237500,0.073500,0.651914,0.004501,0.018757,-0.056459,0.189937,27.096210,5.854226,-0.240005,0.158957,0.105419,0.240005,0.158957,0.105419
5,1.241667,0.073500,0.652849,0.004501,0.020376,-0.056592,0.190234,26.844980,5.836495,-0.240007,0.160577,0.106048,0.240007,0.160576,0.106048
5,1.245833,0.073500,0.653820,0.004501,0.022106,-0.056717,0.190545,26.581670,5.817114,-0.240006,0.162306,0.106706,0.240006,0.162306,0.106706
5,1.250000,0.073500,0.654823,0.004501,0.023938,-0.056836,0.190872,26.306900,5.795893,-0.240003,0.164138,0.107395,0.240003,0.164138,0.107395
5,1.254167,0.073500,0.655857,0.004500,0.025866,-0.056947,0.189904,26.021210,5.772682,-0.240000,0.166066,0.108121,0.240000,0.166066,0.108121
5,1.258333,0.073500,0.656917,0.004500,0.027880,-0.057052,0.188357,25.725190,5.747287,-0.239997,0.168081,0.108888,0.239997,0.168081,0.108888
5,1.262500,0.073500,0.657999,0.004500,0.029973,-0.057149,0.186756,25.419430,5.719543,-0.239997,0.170173,0.109701,0.239997,0.170173,0.109701
5,1.266667,0.073500,0.659102,0.004500,0.032134,-0.057239,0.185104,25.104500,5.689259,-0.240000,0.172334,0.110564,0.240000,0.172335,0.110564
5,1.270833,0.073500,0.660228,0.004501,0.034388,-0.057322,0.183394,24.778800,5.656543,-0.240005,0.174588,0.111466,0.240005,0.174588,0.111466
5,1.275000,0.073500,0.661382,0.004501,0.036757,-0.057397,0.181619,24.441100,5.621578,-0.240006,0.176957,0.112391,0.240006,0.176957,0.112391
5,1.279167,0.073500,0.662557,0.004501,0.039231,-0.057464,0.179785,24.092520,5.584377,-0.240006,0.179431,0.113341,0.240006,0.179431,0.113341
5,1.283333,0.073500,0.663749,0.004501,0.041800,-0.057525,0.177899,23.734140,5.544926,-0.240004,0.182000,0.114317,0.240005,0.182000,0.114317
5,1.287500,0.073500,0.664952,0.004500,0.044452,-0.057580,0.175965,23.367120,5.503250,-0.240002,0.184652,0.115322,0.240002,0.184653,0.115322
5,1.291667,0.073500,0.666161,0.004500,0.047175,-0.057630,0.173991,22.992520,5.459332,-0.240000,0.187376,0.116359,0.240000,0.187376,0.116359
5,1.295833,0.073500,0.667373,0.004500,0.049957,-0.057674,0.171981,22.611460,5.413168,-0.239999,0.190157,0.117432,0.239999,0.190157,0.117432
5,1.300000,0.073500,0.668581,0.004500,0.052783,-0.057715,0.169942,22.225050,5.364758,-0.240000,0.192983,0.118545,0.240000,0.192983,0.118544
5,1.304167,0.073500,0.669794,0.004500,0.055678,-0.057749,0.167862,21.831030,5.313934,-0.240002,0.195878,0.119691,0.240003,0.195878,0.119691
5,1.308333,0.073500,0.671014,0.004500,0.058667,-0.057776,0.165731,21.427350,5.260649,-0.240004,0.198867,0.120859,0.240004,0.198867,0.120859
5,1.312500,0.073500,0.672237,0.004500,0.061739,-0.057798,0.163557,21.015500,5.205011,-0.240004,0.201939,0.122047,0.240004,0.201939,0.122047
5,1.316667,0.073500,0.673457,0.004500,0.064881,-0.057814,0.161348,20.596910,5.147168,-0.240003,0.205081,0.123252,0.240003,0.205081,0.123252
5,1.320833,0.073500,0.674668,0.004500,0.068080,-0.057827,0.159112,20.173020,5.087255,-0.240001,0.208281,0.124474,0.240001,0.208281,0.124473
5,1.325000,0.073500,0.675866,0.004500,0.071323,-0.057837,0.156856,19.745310,5.025427,-0.240000,0.211523,0.125712,0.240000,0.211523,0.125712
5,1.329167,0.073500,0.677045,0.004500,0.074595,-0.057846,0.154589,19.315180,4.961792,-0.239999,0.214796,0.126969,0.239999,0.214796,0.126968
5,1.333333,0.073500,0.678202,0.004500,0.077883,-0.057855,0.152318,18.884120,4.896495,-0.240000,0.218083,0.128245,0.240000,0.218083,0.128245
5,1.337500,0.073500,0.679343,0.004500,0.081207,-0.057863,0.150030,18.449500,4.829191,-0.240002,0.221407,0.129545,0.240002,0.221407,0.129545
5,1.341667,0.073500,0.680474,0.004500,0.084593,-0.057866,0.147712,18.008810,4.759590,-0.240002,0.224793,0.130867,0.240002,0.224793,0.130867
5,1.345833,0.073500,0.681590,0.004500,0.088028,-0.057868,0.145373,17.563650,4.687938,-0.240002,0.228228,0.132204,0.240002,0.228228,0.132203
5,1.350000,0.073500,0.682685,0.004500,0.091501,-0.057867,0.143022,17.115650,4.614456,-0.240001,0.231701,0.133548,0.240001,0.231701,0.133548
5,1.354167,0.073500,0.683756,0.004500,0.094998,-0.057865,0.140668,16.666360,4.539397,-0.240000,0.235198,0.134895,0.240000,0.235198,0.134895
5,1.358333,0.073500,0.684798,0.004500,0.098504,-0.057863,0.138319,16.217430,4.462984,-0.239999,0.238705,0.136240,0.239999,0.238705,0.136240
5,1.362500,0.073500,0.685808,0.004500,0.102006,-0.057862,0.135983,15.770440,4.385455,-0.239999,0.242206,0.137580,0.239999,0.242206,0.137580
5,1.366667,0.073500,0.686783,0.004500,0.105488,-0.057861,0.133670,15.326990,4.307043,-0.240000,0.245688,0.138913,0.240000,0.245688,0.138913
5,1.370833,0.073500,0.687729,0.004500,0.108970,-0.057862,0.131366,14.884430,4.227433,-0.240002,0.249170,0.140257,0.240002,0.249170,0.140257
5,1.375000,0.073500,0.688652,0.004500,0.112475,-0.057862,0.129057,14.440120,4.146270,-0.240003,0.252675,0.141622,0.240003,0.252675,0.141622
5,1.379167,0.073500,0.689548,0.004500,0.115992,-0.057862,0.126752,13.995580,4.063701,-0.240003,0.256192,0.142995,0.240003,0.256192,0.142995
5,1.383333,0.073500,0.690413,0.004500,0.119510,-0.057862,0.124458,13.552410,3.979902,-0.240003,0.259710,0.144368,0.240003,0.259710,0.144368
5,1.387500,0.073500,0.691246,0.004500,0.123016,-0.057861,0.122185,13.112170,3.895020,-0.240002,0.263216,0.145730,0.240002,0.263216,0.145730
5,1.391667,0.073500,0.692044,0.004500,0.126497,-0.057861,0.119940,12.676380,3.809246,-0.240001,0.266697,0.147073,0.240001,0.266697,0.147073
5,1.395833,0.073500,0.692804,0.004500,0.129939,-0.057861,0.117732,12.246660,3.722723,-0.240000,0.270139,0.148389,0.240000,0.270139,0.148389
5,1.400000,0.073500,0.693526,0.004500,0.133327,-0.057861,0.115567,11.824550,3.635623,-0.240000,0.273527,0.149672,0.240000,0.273527,0.149672
5,1.404167,0.073500,0.694215,0.004500,0.136677,-0.057861,0.113436,11.407680,3.548256,-0.240002,0.276877,0.150948,0.240002,0.276877,0.150948
5,1.408333,0.073500,0.694875,0.004500,0.140009,-0.057861,0.111324,10.993570,3.460564,-0.240004,0.280209,0.152239,0.240004,0.280209,0.152239
5,1.412500,0.073500,0.695504,0.004500,0.143315,-0.057861,0.109240,10.583540,3.372241,-0.240005,0.283514,0.153532,0.240005,0.283514,0.153532
5,1.416667,0.073500,0.696102,0.004500,0.146585,-0.057861,0.107188,10.178920,3.282939,-0.240006,0.286784,0.154815,0.240006,0.286784,0.154815
5,1.420833,0.073500,0.696668,0.004500,0.149809,-0.057861,0.105176,9.781035,3.192314,-0.240006,0.290009,0.156078,0.240006,0.290009,0.156078
5,1.425000,0.073500,0.697201,0.004500,0.152977,-0.057861,0.103211,9.391249,3.100044,-0.240004,0.293177,0.157308,0.240004,0.293177,0.157308
5,1.429167,0.073500,0.697699,0.004500,0.156077,-0.057861,0.101298,9.010887,3.005795,-0.240002,0.296277,0.158496,0.240002,0.296277,0.158496
5,1.433333,0.073500,0.698165,0.004500,0.159097,-0.057861,0.099444,8.641278,2.909229,-0.240000,0.299298,0.159632,0.240000,0.299298,0.159632
5,1.437500,0.073500,0.698600,0.004500,0.162046,-0.057861,0.097640,8.280668,2.809538,-0.240000,0.302246,0.160744,0.240000,0.302247,0.160744
5,1.441667,0.073500,0.699009,0.004500,0.164937,-0.057861,0.095877,7.927045,2.706721,-0.240002,0.305137,0.161858,0.240002,0.305137,0.161857
5,1.445833,0.073500,0.699391,0.004500,0.167765,-0.057861,0.094159,7.581326,2.601583,-0.240004,0.307965,0.162963,0.240004,0.307965,0.162963
5,1.450000,0.073500,0.699748,0.004500,0.170525,-0.057861,0.092491,7.244416,2.494937,-0.240007,0.310725,0.164050,0.240007,0.310725,0.164050
5,1.454167,0.073500,0.700079,0.004500,0.173212,-0.057861,0.090877,6.917226,2.387614,-0.240008,0.313412,0.165108,0.240008,0.313412,0.165108
5,1.458333,0.073500,0.700384,0.004500,0.175820,-0.057861,0.089322,6.600695,2.280443,-0.240008,0.316020,0.166126,0.240008,0.316020,0.166126
5,1.462500,0.073500,0.700665,0.004500,0.178340,-0.057861,0.087830,6.295732,2.174234,-0.240005,0.318540,0.167096,0.240005,0.318540,0.167096
5,1.466667,0.073500,0.700922,0.004500,0.180766,-0.057861,0.086404,6.003258,2.069821,-0.240000,0.320966,0.168007,0.240000,0.320967,0.168006
5,1.470833,0.073500,0.701158,0.004500,0.183098,-0.057861,0.085041,5.722447,1.965186,-0.239997,0.323298,0.168879,0.239997,0.323298,0.168879
5,1.475000,0.073500,0.701374,0.004500,0.185338,-0.057861,0.083733,5.452063,1.858651,-0.239997,0.325538,0.169738,0.239997,0.325538,0.169738
5,1.479167,0.073500,0.701571,0.004500,0.187488,-0.057861,0.082483,5.192420,1.751612,-0.239999,0.327689,0.170577,0.239999,0.327689,0.170577
5,1.483333,0.073500,0.701751,0.004500,0.189548,-0.057861,0.081291,4.943821,1.645449,-0.240003,0.329748,0.171388,0.240003,0.329748,0.171388
5,1.487500,0.073500,0.701915,0.004500,0.191516,-0.057861,0.080158,4.706586,1.541535,-0.240005,0.331716,0.172166,0.240006,0.331716,0.172166
5,1.491667,0.073500,0.702063,0.004500,0.193392,-0.057861,0.079086,4.481040,1.441259,-0.240007,0.333592,0.172903,0.240007,0.333592,0.172903
5,1.495833,0.073500,0.702197,0.004500,0.195176,-0.057861,0.078075,4.267491,1.345992,-0.240005,0.335376,0.173593,0.240005,0.335376,0.173593
5,1.500000,0.073500,0.702317,0.004500,0.196865,-0.057861,0.077126,4.066260,1.257125,-0.240000,0.337065,0.174228,0.240000,0.337065,0.174228
5,1.504167,0.073500,0.702424,0.004500,0.198450,-0.057861,0.076240,3.877740,1.173484,-0.239995,0.338651,0.174820,0.239995,0.338650,0.174819
5,1.508333,0.073500,0.702519,0.004500,0.199926,-0.057861,0.075417,3.701797,1.093260,-0.239994,0.340126,0.175382,0.239994,0.340126,0.175382
5,1.512500,0.073500,0.702604,0.004500,0.201298,-0.057861,0.074652,3.537951,1.016854,-0.239995,0.341498,0.175915,0.239995,0.341498,0.175915
5,1.516667,0.073500,0.702680,0.004500,0.202571,-0.057861,0.073945,3.385739,0.944674,-0.239997,0.342771,0.176416,0.239997,0.342771,0.176416
5,1.520833,0.073500,0.702746,0.004500,0.203751,-0.057861,0.073291,3.244671,0.877138,-0.240000,0.343952,0.176883,0.240000,0.343952,0.176883
5,1.525000,0.073500,0.702806,0.004500,0.204844,-0.057861,0.072689,3.114284,0.814627,-0.240002,0.345044,0.177315,0.240002,0.345044,0.177315
5,1.529167,0.073500,0.702858,0.004500,0.205855,-0.057861,0.072135,2.994115,0.757576,-0.240003,0.346055,0.177710,0.240003,0.346055,0.177710
5,1.533333,0.073500,0.702905,0.004500,0.206789,-0.057861,0.071627,2.883676,0.706386,-0.240000,0.346989,0.178064,0.240000,0.346989,0.178063
5,1.537500,0.073500,0.702945,0.004500,0.207627,-0.057861,0.071173,2.784908,0.661791,-0.239997,0.347827,0.178377,0.239997,0.347828,0.178376
5,1.541667,0.073500,0.702978,0.004500,0.208355,-0.057861,0.070779,2.699066,0.623763,-0.239995,0.348555,0.178652,0.239995,0.348555,0.178652
5,1.545833,0.073500,0.703007,0.004500,0.208984,-0.057861,0.070439,2.624720,0.591453,-0.239995,0.349184,0.178895,0.239995,0.349184,0.178895
5,1.550000,0.073500,0.703031,0.004500,0.209526,-0.057861,0.070144,2.560414,0.564057,-0.239996,0.349727,0.179108,0.239996,0.349727,0.179108
5,1.554167,0.073500,0.703051,0.004500,0.209996,-0.057861,0.069890,2.504697,0.540735,-0.239998,0.350196,0.179295,0.239998,0.350196,0.179295
5,1.558333,0.073500,0.703068,0.004500,0.210405,-0.057861,0.069668,2.456112,0.520660,-0.239999,0.350606,0.179458,0.239999,0.350606,0.179458
5,1.562500,0.073500,0.703083,0.004500,0.210767,-0.057861,0.069472,2.413247,0.503018,-0.240000,0.350968,0.179602,0.240000,0.350968,0.179602
5,1.566667,0.073500,0.703096,0.004500,0.211095,-0.057861,0.069296,2.374610,0.486994,-0.240000,0.351296,0.179728,0.240000,0.351296,0.179728
5,1.570833,0.073500,0.703107,0.004500,0.211357,-0.057861,0.069156,2.343868,0.474286,-0.239999,0.351558,0.179827,0.239999,0.351558,0.179826
5,1.575000,0.073500,0.703113,0.004500,0.211527,-0.057861,0.069065,2.323950,0.466418,-0.239999,0.351727,0.179891,0.239999,0.351727,0.179891
5,1.579167,0.073500,0.703117,0.004500,0.211626,-0.057861,0.069012,2.312340,0.462293,-0.239999,0.351826,0.179929,0.239999,0.351826,0.179929
5,1.583333,0.073500,0.703119,0.004500,0.211675,-0.057861,0.068985,2.306577,0.460756,-0.239999,0.351875,0.179948,0.239999,0.351875,0.179948
5,1.587500,0.073500,0.703120,0.004500,0.211696,-0.057861,0.068974,2.304142,0.460715,-0.239999,0.351896,0.179957,0.239999,0.351896,0.179957
5,1.591667,0.073500,0.703120,0.004500,0.211709,-0.057861,0.068966,2.302533,0.461049,-0.240000,0.351909,0.179964,0.240000,0.351909,0.179964
5,1.595833,0.073500,0.703122,0.004500,0.211737,-0.057861,0.068951,2.299264,0.460636,-0.240000,0.351937,0.179975,0.240000,0.351937,0.179975
5,1.600000,0.073500,0.703124,0.004500,0.211800,-0.057861,0.068917,2.291835,0.458355,-0.240000,0.352000,0.180000,0.240000,0.352000,0.180000
6,0.000000,0.073500,0.703124,0.004500,0.211800,-0.057861,0.068917,2.291835,0.458355,-0.240000,0.352000,0.180000,0.240000,0.352000,0.180000
6,0.004167,0.073500,0.703117,0.004500,0.211659,-0.057864,0.069019,2.313829,0.458799,-0.240000,0.351859,0.179963,0.240000,0.351859,0.179963
6,0.008333,0.073500,0.703113,0.004500,0.211592,-0.057866,0.069069,2.324558,0.459024,-0.239998,0.351792,0.179941,0.239998,0.351792,0.179941
6,0.012500,0.073500,0.703111,0.004500,0.211555,-0.057866,0.069098,2.330779,0.459147,-0.239997,0.351755,0.179913,0.239997,0.351755,0.179913
6,0.016667,0.073500,0.703108,0.004500,0.211502,-0.057867,0.069138,2.339250,0.459311,-0.239995,0.351703,0.179883,0.239996,0.351703,0.179883
6,0.020833,0.073500,0.703102,0.004500,0.211391,-0.057870,0.069219,2.356745,0.459670,-0.239995,0.351591,0.179819,0.239995,0.351591,0.179819
6,0.025000,0.073500,0.703091,0.004500,0.211176,-0.057874,0.069374,2.390012,0.460339,-0.239995,0.351376,0.179734,0.239995,0.351376,0.179734
6,0.029167,0.073500,0.703072,0.004500,0.210813,-0.057882,0.069633,2.445817,0.461445,-0.239997,0.351013,0.179589,0.239997,0.351013,0.179589
6,0.033333,0.073500,0.703041,0.004500,0.210257,-0.057894,0.070029,2.530914,0.463157,-0.240000,0.350458,0.179404,0.240000,0.350458,0.179404
6,0.037500,0.073500,0.703002,0.004500,0.209559,-0.057910,0.070531,2.638766,0.465025,-0.240001,0.349759,0.179141,0.240002,0.349759,0.179141
6,0.041667,0.073500,0.702955,0.004501,0.208782,-0.057927,0.071096,2.760125,0.466732,-0.239999,0.348982,0.178844,0.239999,0.348982,0.178844
6,0.045833,0.073500,0.702899,0.004503,0.207904,-0.057946,0.071737,2.897720,0.468607,-0.239995,0.348104,0.178474,0.239995,0.348104,0.178474
6,0.050000,0.073500,0.702832,0.004504,0.206904,-0.057968,0.072467,3.054221,0.470933,-0.239991,0.347104,0.178075,0.239991,0.347104,0.178075
6,0.054167,0.073500,0.702752,0.004505,0.205762,-0.057993,0.073298,3.232392,0.474034,-0.239988,0.345962,0.177603,0.239988,0.345962,0.177603
6,0.058333,0.073500,0.702656,0.004504,0.204455,-0.058022,0.074244,3.434915,0.478203,-0.239987,0.344656,0.177105,0.239987,0.344656,0.177105
6,0.062500,0.073500,0.702539,0.004503,0.202965,-0.058056,0.075317,3.664513,0.483763,-0.239991,0.343165,0.176530,0.239991,0.343165,0.176530
6,0.066667,0.073500,0.702398,0.004500,0.201271,-0.058094,0.076531,3.923922,0.491003,-0.240000,0.341471,0.175931,0.240000,0.341471,0.175931
6,0.070833,0.073500,0.702230,0.004501,0.199391,-0.058137,0.077883,4.212645,0.498684,-0.240008,0.339591,0.175224,0.240009,0.339591,0.175224
6,0.075000,0.073500,0.702033,0.004507,0.197359,-0.058183,0.079362,4.527914,0.505965,-0.240011,0.337559,0.174448,0.240011,0.337559,0.174447
6,0.079167,0.073500,0.701804,0.004515,0.195172,-0.058232,0.080965,4.868952,0.513789,-0.240010,0.335372,0.173560,0.240010,0.335372,0.173560
6,0.083333,0.073500,0.701540,0.004521,0.192826,-0.058286,0.082687,5.235016,0.523106,-0.240005,0.333027,0.172631,0.240005,0.333027,0.172631
6,0.087500,0.073506,0.701243,0.004526,0.190326,-0.058339,0.084533,5.625353,0.534857,-0.240000,0.330526,0.171617,0.240000,0.330526,0.171617
6,0.091667,0.073512,0.700904,0.004522,0.187660,-0.058396,0.086492,6.039221,0.550007,-0.239995,0.327861,0.170589,0.239995,0.327861,0.170589
6,0.095833,0.073535,0.700536,0.004520,0.184841,-0.058443,0.088581,6.475905,0.569476,-0.239994,0.325042,0.169502,0.239995,0.325042,0.169502
6,0.100000,0.073558,0.700119,0.004500,0.181846,-0.058495,0.090778,6.934675,0.594253,-0.240000,0.322047,0.168424,0.240000,0.322047,0.168424
6,0.104167,0.073606,0.699671,0.004492,0.178688,-0.058528,0.093130,7.419635,0.623367,-0.240009,0.318888,0.167250,0.240009,0.318888,0.167250
6,0.108333,0.073655,0.699157,0.004476,0.175345,-0.058565,0.095624,7.933208,0.655504,-0.240015,0.315545,0.165992,0.240015,0.315545,0.165992
6,0.112500,0.073735,0.698606,0.004482,0.171869,-0.058576,0.098278,8.472232,0.691083,-0.240018,0.312069,0.164616,0.240018,0.312069,0.164616
6,0.116667,0.073816,0.697986,0.004475,0.168246,-0.058592,0.101045,9.033529,0.730504,-0.240018,0.308446,0.163195,0.240018,0.308446,0.163195
6,0.120833,0.073932,0.697331,0.004490,0.164527,-0.058577,0.103947,9.613971,0.774194,-0.240014,0.304727,0.161700,0.240014,0.304727,0.161700
6,0.125000,0.074048,0.696605,0.004488,0.160691,-0.058568,0.106934,10.210400,0.822557,-0.240008,0.300891,0.160202,0.240008,0.300891,0.160202
6,0.129167,0.074202,0.695847,0.004505,0.156787,-0.058526,0.110030,10.819690,0.876052,-0.240003,0.296987,0.158677,0.240003,0.296987,0.158677
6,0.133333,0.074356,0.695020,0.004500,0.152789,-0.058490,0.113183,11.438750,0.935074,-0.240000,0.292989,0.157194,0.240000,0.292989,0.157194
6,0.137500,0.074547,0.694149,0.004510,0.148687,-0.058423,0.116464,12.074450,0.999748,-0.240001,0.288887,0.155660,0.240001,0.288887,0.155660
6,0.141667,0.074738,0.693180,0.004497,0.144416,-0.058361,0.119865,12.732710,1.069671,-0.240004,0.284616,0.154061,0.240004,0.284616,0.154061
6,0.145833,0.074965,0.692152,0.004500,0.140049,-0.058269,0.123401,13.409040,1.144622,-0.240007,0.280248,0.152371,0.240007,0.280248,0.152371
6,0.150000,0.075191,0.691033,0.004487,0.135583,-0.058183,0.127015,14.098930,1.224341,-0.240009,0.275782,0.150644,0.240009,0.275782,0.150644
6,0.154167,0.075450,0.689862,0.004491,0.131082,-0.058068,0.130718,14.797900,1.308621,-0.240009,0.271281,0.148863,0.240009,0.271281,0.148863
6,0.158333,0.075709,0.688612,0.004484,0.126545,-0.057957,0.134456,15.501450,1.397184,-0.240007,0.266744,0.147084,0.240007,0.266744,0.147084
6,0.162500,0.075996,0.687322,0.004495,0.122027,-0.057822,0.138236,16.205110,1.489819,-0.240004,0.262227,0.145300,0.240004,0.262227,0.145300
6,0.166667,0.076283,0.685975,0.004500,0.117527,-0.057690,0.142007,16.904430,1.586328,-0.240000,0.257727,0.143566,0.240000,0.257727,0.143566
6,0.170833,0.076593,0.684574,0.004515,0.113005,-0.057539,0.145831,17.607260,1.687627,-0.239998,0.253206,0.141840,0.239998,0.253206,0.141839
6,0.175000,0.076902,0.683077,0.004511,0.108387,-0.057393,0.149724,18.321250,1.794323,-0.239998,0.248588,0.140102,0.239999,0.248588,0.140102
6,0.179167,0.077228,0.681510,0.004510,0.103729,-0.057235,0.153680,19.041670,1.905772,-0.240000,0.243929,0.138333,0.240000,0.243929,0.138333
6,0.183333,0.077554,0.679869,0.004499,0.099053,-0.057079,0.157658,19.763760,2.021281,-0.240002,0.239254,0.136553,0.240002,0.239254,0.136553
6,0.187500,0.077890,0.678175,0.004493,0.094408,-0.056917,0.161644,20.482780,2.140180,-0.240003,0.234608,0.134756,0.240003,0.234608,0.134756
6,0.191667,0.078226,0.676436,0.004487,0.089818,-0.056756,0.165603,21.193940,2.261790,-0.240003,0.230018,0.132963,0.240003,0.230018,0.132963
6,0.195833,0.078565,0.674671,0.004489,0.085323,-0.056592,0.169516,21.892520,2.385421,-0.240002,0.225523,0.131180,0.240002,0.225523,0.131180
6,0.200000,0.078904,0.672896,0.004500,0.080952,-0.056429,0.173354,22.573720,2.510436,-0.240000,0.221152,0.129431,0.240000,0.221152,0.129431
6,0.204167,0.079240,0.671089,0.004511,0.076637,-0.056271,0.177149,23.244590,2.638212,-0.240000,0.216838,0.127732,0.240000,0.216838,0.127732
6,0.208333,0.079575,0.669232,0.004516,0.072323,-0.056117,0.180944,23.912710,2.770017,-0.240002,0.212524,0.126081,0.240002,0.212524,0.126081
6,0.212500,0.079901,0.667330,0.004511,0.068037,-0.055974,0.184708,24.574160,2.904972,-0.240005,0.208237,0.124471,0.240005,0.208237,0.124471
6,0.216667,0.080226,0.665407,0.004510,0.063822,-0.055833,0.188431,25.225010,3.042182,-0.240008,0.204023,0.122886,0.240008,0.204022,0.122886
6,0.220833,0.080535,0.663466,0.004498,0.059697,-0.055707,0.192075,25.861340,3.180760,-0.240009,0.199898,0.121332,0.240009,0.199898,0.121332
6,0.225000,0.080844,0.661539,0.004497,0.055713,-0.055580,0.195637,26.479160,3.319789,-0.240008,0.195913,0.119793,0.240008,0.195913,0.119793
6,0.229167,0.081131,0.659627,0.004490,0.051878,-0.055472,0.197594,27.074530,3.458390,-0.240005,0.192078,0.118285,0.240005,0.192078,0.118285
6,0.233333,0.081419,0.657769,0.004500,0.048244,-0.055360,0.197213,27.643450,3.595644,-0.240000,0.188444,0.116790,0.240000,0.188444,0.116790
6,0.237500,0.081680,0.655930,0.004501,0.044735,-0.055279,0.196836,28.190340,3.733058,-0.239997,0.184935,0.115372,0.239997,0.184936,0.115372
6,0.241667,0.081941,0.654118,0.004513,0.041321,-0.055209,0.196482,28.720910,3.872157,-0.239999,0.181521,0.114032,0.239999,0.181521,0.114032
6,0.245833,0.082173,0.652314,0.004509,0.037996,-0.055170,0.196085,29.233100,4.012060,-0.240004,0.178196,0.112786,0.240004,0.178196,0.112786
6,0.250000,0.082405,0.650561,0.004517,0.034811,-0.055128,0.195686,29.724870,4.151878,-0.240009,0.175012,0.111591,0.240009,0.175012,0.111591
6,0.254167,0.082606,0.648839,0.004508,0.031758,-0.055105,0.195288,30.194140,4.290693,-0.240012,0.171958,0.110470,0.240012,0.171958,0.110470
6,0.258333,0.082806,0.647193,0.004513,0.028888,-0.055063,0.194924,30.638840,4.427635,-0.240013,0.169088,0.109376,0.240013,0.169088,0.109376
6,0.262500,0.082976,0.645604,0.004500,0.026189,-0.055029,0.194565,31.056850,4.561756,-0.240009,0.166389,0.108339,0.240009,0.166389,0.108339
6,0.266667,0.083145,0.644116,0.004500,0.023711,-0.054962,0.194244,31.446110,4.692189,-0.240000,0.163912,0.107309,0.240000,0.163912,0.107309
6,0.270833,0.083284,0.642705,0.004490,0.021407,-0.054904,0.193932,31.806640,4.820160,-0.239992,0.161607,0.106366,0.239992,0.161607,0.106366
6,0.275000,0.083423,0.641394,0.004500,0.019271,-0.054836,0.193655,32.140470,4.947096,-0.239990,0.159472,0.105501,0.239990,0.159472,0.105501
6,0.279167,0.083536,0.640157,0.004502,0.017277,-0.054779,0.193386,32.448480,5.072300,-0.239992,0.157477,0.104750,0.239992,0.157477,0.104750
6,0.283333,0.083650,0.639020,0.004515,0.015446,-0.054700,0.193149,32.731500,5.195107,-0.239996,0.155646,0.104053,0.239996,0.155646,0.104053
6,0.287500,0.083743,0.637961,0.004516,0.013757,-0.054614,0.192923,32.990430,5.314817,-0.240001,0.153957,0.103449,0.240001,0.153957,0.103449
6,0.291667,0.083836,0.636998,0.004520,0.012227,-0.054496,0.192727,33.226090,5.430728,-0.240004,0.152427,0.102874,0.240004,0.152427,0.102874
6,0.295833,0.083918,0.636119,0.004513,0.010843,-0.054351,0.192547,33.439340,5.542175,-0.240005,0.151043,0.102366,0.240005,0.151044,0.102367
6,0.300000,0.084000,0.635332,0.004500,0.009615,-0.054160,0.192395,33.631030,5.648426,-0.240000,0.149816,0.101861,0.240000,0.149816,0.101861
6,0.304167,0.084079,0.634663,0.004483,0.008568,-0.053923,0.192274,33.795330,5.750171,-0.239994,0.148768,0.101441,0.239994,0.148768,0.101441
6,0.308333,0.084159,0.634132,0.004470,0.007713,-0.053640,0.192191,33.928960,5.848353,-0.239991,0.147913,0.101080,0.239991,0.147913,0.101080
6,0.312500,0.084236,0.633716,0.004461,0.007018,-0.053318,0.192137,34.036530,5.942706,-0.239991,0.147219,0.100821,0.239991,0.147219,0.100821
6,0.316667,0.084314,0.633398,0.004460,0.006459,-0.052959,0.192110,34.122670,6.032950,-0.239993,0.146659,0.100597,0.239993,0.146659,0.100597
6,0.320833,0.084387,0.633152,0.004464,0.006004,-0.052574,0.192100,34.191990,6.118799,-0.239995,0.146204,0.100447,0.239995,0.146204,0.100447
6,0.325000,0.084461,0.632962,0.004475,0.005630,-0.052162,0.192104,34.249110,6.199976,-0.239998,0.145830,0.100303,0.239998,0.145830,0.100303
6,0.329167,0.084529,0.632801,0.004486,0.005304,-0.051735,0.192112,34.298670,6.276205,-0.240000,0.145505,0.100204,0.240000,0.145505,0.100204
6,0.333333,0.084597,0.632654,0.004500,0.005008,-0.051293,0.192124,34.345250,6.347201,-0.240000,0.145208,0.100080,0.240000,0.145208,0.100080
6,0.337500,0.084659,0.632545,0.004485,0.004773,-0.050833,0.192141,34.382130,6.412851,-0.239999,0.144974,0.100001,0.239999,0.144974,0.100001
6,0.341667,0.084721,0.632515,0.004443,0.004650,-0.050338,0.192179,34.402020,6.473346,-0.239998,0.144850,0.099934,0.239998,0.144850,0.099934
6,0.345833,0.084777,0.632539,0.004393,0.004606,-0.049818,0.192227,34.408710,6.528921,-0.239998,0.144806,0.099923,0.239998,0.144806,0.099923
6,0.350000,0.084832,0.632608,0.004364,0.004624,-0.049271,0.192285,34.406000,6.579803,-0.239998,0.144824,0.099912,0.239998,0.144824,0.099912
6,0.354167,0.084881,0.632694,0.004372,0.004674,-0.048709,0.192344,34.397730,6.626244,-0.239999,0.144874,0.099940,0.239999,0.144874,0.099940
6,0.358333,0.084929,0.632790,0.004442,0.004738,-0.048130,0.192405,34.387670,6.668458,-0.239999,0.144938,0.099955,0.240000,0.144938,0.099954
6,0.362500,0.084971,0.632869,0.004586,0.004786,-0.047544,0.192456,34.379650,6.706678,-0.240000,0.144986,0.099991,0.240000,0.144986,0.099991
6,0.366667,0.085013,0.632921,0.004500,0.004800,-0.046952,0.192501,34.377470,6.741132,-0.240000,0.145000,0.100000,0.240000,0.145000,0.100000
6,0.370833,0.085048,0.632949,0.004391,0.004788,-0.046349,0.192534,34.379020,6.770748,-0.240000,0.144988,0.100016,0.240000,0.144988,0.100016
6,0.375000,0.085084,0.632981,0.004340,0.004785,-0.045721,0.192569,34.379750,6.794811,-0.240000,0.144985,0.100008,0.240000,0.144986,0.100008
6,0.379167,0.085114,0.633010,0.004328,0.004784,-0.045076,0.192599,34.379840,6.814176,-0.240000,0.144985,0.100010,0.240000,0.144985,0.100010
6,0.383333,0.085143,0.633042,0.004351,0.004789,-0.044416,0.192629,34.379500,6.829666,-0.240000,0.144989,0.099997,0.240000,0.144989,0.099997
6,0.387500,0.085168,0.633069,0.004389,0.004793,-0.043750,0.192654,34.378890,6.842140,-0.240000,0.144993,0.099995,0.240000,0.144993,0.099995
6,0.391667,0.085193,0.633097,0.004437,0.004798,-0.043080,0.192680,34.378230,6.852402,-0.240000,0.144998,0.099988,0.240000,0.144998,0.099988
6,0.395833,0.085214,0.633120,0.004477,0.004800,-0.042414,0.192701,34.377700,6.861318,-0.240000,0.145000,0.099992,0.240000,0.145000,0.099992
6,0.400000,0.085235,0.633142,0.004500,0.004800,-0.041756,0.192723,34.377470,6.869698,-0.240000,0.145000,0.100000,0.240000,0.145000,0.100000
6,0.404167,0.085253,0.633160,0.004506,0.004797,-0.041102,0.192741,34.377470,6.876338,-0.240000,0.144997,0.100011,0.240000,0.144997,0.100011
6,0.408333,0.085271,0.633178,0.004510,0.004798,-0.040440,0.192758,34.377470,6.879918,-0.240000,0.144998,0.100016,0.240000,0.144998,0.100016
6,0.412500,0.085287,0.633194,0.004510,0.004798,-0.039777,0.192775,34.377470,6.881114,-0.240000,0.144999,0.100017,0.240000,0.144999,0.100017
6,0.416667,0.085303,0.633211,0.004508,0.004800,-0.039112,0.192791,34.377470,6.880628,-0.240000,0.145000,0.100014,0.240000,0.145000,0.100014
6,0.420833,0.085319,0.633227,0.004506,0.004802,-0.038450,0.192807,34.377470,6.879143,-0.240000,0.145002,0.100010,0.240000,0.145002,0.100010
6,0.425000,0.085335,0.633243,0.004503,0.004802,-0.037792,0.192823,34.377470,6.877330,-0.240000,0.145003,0.100005,0.240000,0.145003,0.100005
6,0.429167,0.085352,0.633259,0.004501,0.004803,-0.037141,0.192840,34.377470,6.875887,-0.240000,0.145003,0.100002,0.240000,0.145003,0.100002
6,0.433333,0.085369,0.633276,0.004500,0.004800,-0.036502,0.192857,34.377470,6.875494,-0.240000,0.145000,0.100000,0.240000,0.145000,0.100000
6,0.437500,0.085388,0.633295,0.004501,0.004798,-0.035868,0.192875,34.377470,6.875777,-0.240000,0.144998,0.100000,0.240000,0.144998,0.100000
6,0.441667,0.085406,0.633314,0.004503,0.004797,-0.035236,0.192894,34.377470,6.875904,-0.240000,0.144997,0.100000,0.240000,0.144997,0.100000
6,0.445833,0.085429,0.633336,0.004506,0.004799,-0.034607,0.192917,34.377470,6.875921,-0.240000,0.144999,0.100000,0.240000,0.144999,0.100000
6,0.450000,0.085451,0.633359,0.004506,0.004799,-0.033984,0.192939,34.377470,6.875860,-0.240000,0.144999,0.100000,0.240000,0.144999,0.100000
6,0.454167,0.085478,0.633386,0.004508,0.004801,-0.033368,0.192966,34.377470,6.875753,-0.240000,0.145001,0.100000,0.240000,0.145002,0.100000
6,0.458333,0.085505,0.633413,0.004506,0.004801,-0.032763,0.192993,34.377470,6.875637,-0.240000,0.145001,0.100000,0.240000,0.145001,0.100000
6,0.462500,0.085537,0.633445,0.004505,0.004803,-0.032169,0.193025,34.377470,6.875538,-0.240000,0.145003,0.100000,0.240000,0.145003,0.100000
6,0.466667,0.085570,0.633477,0.004499,0.004800,-0.031593,0.193058,34.377470,6.875494,-0.240000,0.145000,0.100000,0.240000,0.145000,0.100000
6,0.470833,0.085609,0.633516,0.004457,0.004800,-0.031030,0.193097,34.377470,6.875494,-0.240000,0.145000,0.100000,0.240000,0.145000,0.100000
6,0.475000,0.085648,0.633555,0.004359,0.004797,-0.030488,0.193136,34.377470,6.875494,-0.240000,0.144997,0.100000,0.240000,0.144997,0.100000
6,0.479167,0.085694,0.633602,0.004249,0.004799,-0.029955,0.193182,34.377470,6.875494,-0.240000,0.144999,0.100000,0.240000,0.144999,0.100000
6,0.483333,0.085740,0.633648,0.004153,0.004797,-0.029436,0.193228,34.377470,6.875494,-0.240000,0.144997,0.100000,0.240000,0.144997,0.100000
6,0.487500,0.085794,0.633702,0.004108,0.004800,-0.028919,0.193282,34.377470,6.875494,-0.240000,0.145000,0.100000,0.240000,0.145000,0.100000
6,0.491667,0.085848,0.633756,0.004132,0.004798,-0.028409,0.193336,34.377470,6.875494,-0.240000,0.144999,0.100000,0.240000,0.144999,0.100000
6,0.495833,0.085910,0.633818,0.004259,0.004801,-0.027894,0.193398,34.377470,6.875494,-0.240000,0.145001,0.100000,0.240000,0.145001,0.100000
6,0.500000,0.085972,0.633880,0.004500,0.004800,-0.027378,0.193460,34.377470,6.875494,-0.240000,0.145000,0.100000,0.240000,0.145000,0.100000
6,0.504167,0.086042,0.633950,0.004845,0.004801,-0.026850,0.193530,34.377490,6.875494,-0.240000,0.145001,0.100000,0.240000,0.145001,0.100000
6,0.508333,0.086112,0.634019,0.004673,0.004798,-0.026319,0.193600,34.377510,6.875500,-0.240000,0.144998,0.100000,0.240000,0.144998,0.100000
6,0.512500,0.086189,0.634097,0.004575,0.004798,-0.025783,0.193677,34.377550,6.875507,-0.240000,0.144998,0.100000,0.240000,0.144998,0.100000
6,0.516667,0.086267,0.634174,0.004525,0.004795,-0.025252,0.193755,34.377580,6.875500,-0.240000,0.144995,0.100000,0.240000,0.144995,0.100000
6,0.520833,0.086351,0.634258,0.004511,0.004795,-0.024724,0.193839,34.377600,6.875507,-0.240000,0.144995,0.100000,0.240000,0.144996,0.100000
6,0.525000,0.086436,0.634343,0.004510,0.004794,-0.024213,0.193924,34.377600,6.875500,-0.240000,0.144994,0.100000,0.240000,0.144994,0.100000
6,0.529167,0.086526,0.634433,0.004512,0.004797,-0.023715,0.194014,34.377560,6.875507,-0.240000,0.144997,0.100000,0.240000,0.144997,0.100000
6,0.533333,0.086616,0.634524,0.004499,0.004800,-0.023243,0.194104,34.377470,6.875494,-0.240000,0.145000,0.100000,0.240000,0.145000,0.100000
6,0.537500,0.086711,0.634618,0.004487,0.004803,-0.022789,0.194199,34.377620,6.875500,-0.240000,0.145003,0.100000,0.240000,0.145003,0.100000
6,0.541667,0.086806,0.634711,0.004485,0.004799,-0.022351,0.194293,34.378090,6.875513,-0.239998,0.144999,0.100001,0.239998,0.144999,0.100001
6,0.545833,0.086903,0.634805,0.004492,0.004794,-0.021928,0.194389,34.378670,6.875524,-0.239997,0.144994,0.100001,0.239997,0.144994,0.100001
6,0.550000,0.087000,0.634900,0.004500,0.004789,-0.021522,0.194486,34.379150,6.875535,-0.239995,0.144989,0.100002,0.239995,0.144989,0.100002
6,0.554167,0.087099,0.634998,0.004507,0.004787,-0.021134,0.194585,34.379330,6.875539,-0.239995,0.144987,0.100002,0.239995,0.144987,0.100002
6,0.558333,0.087198,0.635099,0.004509,0.004790,-0.020767,0.194684,34.378980,6.875535,-0.239996,0.144990,0.100002,0.239996,0.144990,0.100002
6,0.562500,0.087305,0.635211,0.004510,0.004809,-0.020413,0.194793,34.377900,6.875507,-0.239999,0.145009,0.100001,0.239999,0.145009,0.100001
6,0.566667,0.087413,0.635328,0.004499,0.004838,-0.020083,0.194903,34.375870,6.875467,-0.240005,0.145038,0.099999,0.240005,0.145038,0.099998
6,0.570833,0.087537,0.635463,0.004498,0.004888,-0.019760,0.195029,34.373410,6.875418,-0.240012,0.145089,0.099996,0.240012,0.145088,0.099996
6,0.575000,0.087661,0.635598,0.004492,0.004938,-0.019460,0.195156,34.370980,6.875378,-0.240020,0.145139,0.099994,0.240020,0.145139,0.099994
6,0.579167,0.087809,0.635759,0.004502,0.005016,-0.019159,0.195308,34.368180,6.875322,-0.240028,0.145216,0.099991,0.240028,0.145216,0.099991
6,0.583333,0.087957,0.635924,0.004499,0.005100,-0.018880,0.195460,34.364680,6.875259,-0.240039,0.145300,0.099987,0.240039,0.145300,0.099987
6,0.587500,0.088136,0.636124,0.004512,0.005225,-0.018592,0.195645,34.360090,6.875165,-0.240053,0.145426,0.099983,0.240053,0.145426,0.099983
6,0.591667,0.088316,0.636332,0.004506,0.005364,-0.018327,0.195832,34.354060,6.875049,-0.240071,0.145564,0.099977,0.240071,0.145564,0.099977
6,0.595833,0.088533,0.636585,0.004515,0.005557,-0.018046,0.196059,34.346230,6.874884,-0.240095,0.145758,0.099969,0.240095,0.145758,0.099969
6,0.600000,0.088751,0.636849,0.004500,0.005771,-0.017788,0.196288,34.336240,6.874670,-0.240125,0.145971,0.099959,0.240125,0.145971,0.099959
6,0.604167,0.089012,0.637165,0.004507,0.006044,-0.017510,0.196564,34.324600,6.874460,-0.240160,0.146244,0.099948,0.240160,0.146244,0.099948
6,0.608333,0.089274,0.637485,0.004495,0.006328,-0.017259,0.196842,34.311870,6.874282,-0.240199,0.146528,0.099935,0.240199,0.146528,0.099936
6,0.612500,0.089586,0.637863,0.004511,0.006675,-0.016982,0.197171,34.297780,6.874112,-0.240242,0.146875,0.099922,0.240242,0.146875,0.099922
6,0.616667,0.089899,0.638248,0.004502,0.007036,-0.016727,0.197502,34.282010,6.873882,-0.240290,0.147236,0.099906,0.240290,0.147237,0.099906
6,0.620833,0.090267,0.638698,0.004519,0.007471,-0.016437,0.197891,34.264320,6.873550,-0.240343,0.147671,0.099889,0.240343,0.147671,0.099889
6,0.625000,0.090635,0.639158,0.004506,0.007925,-0.016164,0.198284,34.244390,6.873092,-0.240404,0.148126,0.099869,0.240404,0.148126,0.099869
6,0.629167,0.091063,0.639690,0.004520,0.008462,-0.015847,0.198740,34.221950,6.872444,-0.240472,0.148663,0.099847,0.240472,0.148663,0.099847
6,0.633333,0.091492,0.640235,0.004499,0.009024,-0.015543,0.199199,34.196700,6.871573,-0.240549,0.149224,0.099822,0.240550,0.149224,0.099822
6,0.637500,0.091987,0.640858,0.004513,0.009672,-0.015190,0.199727,34.169050,6.870581,-0.240634,0.149873,0.099795,0.240634,0.149873,0.099795
6,0.641667,0.092482,0.641489,0.004497,0.010340,-0.014856,0.200258,34.139400,6.869549,-0.240724,0.150540,0.099768,0.240724,0.150540,0.099768
6,0.645833,0.093046,0.642200,0.004518,0.011097,-0.014469,0.200861,34.107570,6.868410,-0.240821,0.151297,0.099739,0.240821,0.151297,0.099739
6,0.650000,0.093611,0.642921,0.004504,0.011875,-0.014098,0.201467,34.073350,6.867101,-0.240925,0.152075,0.099707,0.240925,0.152075,0.099707
6,0.654167,0.094249,0.643729,0.004526,0.012749,-0.013668,0.202150,34.036530,6.865534,-0.241037,0.152950,0.099672,0.241037,0.152949,0.099672
6,0.658333,0.094888,0.644550,0.004508,0.013647,-0.013252,0.202837,33.996890,6.863656,-0.241158,0.153847,0.099631,0.241158,0.153847,0.099631
6,0.662500,0.095604,0.645461,0.004525,0.014646,-0.012771,0.203605,33.954260,6.861403,-0.241288,0.154846,0.099588,0.241288,0.154846,0.099588
6,0.666667,0.096320,0.646387,0.004499,0.015671,-0.012302,0.204377,33.908390,6.858685,-0.241429,0.155871,0.099537,0.241429,0.155871,0.099537
6,0.670833,0.097117,0.647407,0.004514,0.016802,-0.011763,0.205233,33.859580,6.855616,-0.241578,0.157002,0.099487,0.241579,0.157002,0.099487
6,0.675000,0.097914,0.648439,0.004491,0.017957,-0.011236,0.206093,33.808100,6.852294,-0.241736,0.158157,0.099433,0.241736,0.158157,0.099433
6,0.679167,0.098794,0.649567,0.004512,0.019220,-0.010637,0.207039,33.753840,6.848678,-0.241901,0.159421,0.099382,0.241901,0.159421,0.099382
6,0.683333,0.099675,0.650708,0.004493,0.020508,-0.010052,0.207990,33.696660,6.844703,-0.242076,0.160708,0.099325,0.242076,0.160708,0.099325
6,0.687500,0.100642,0.651949,0.004518,0.021907,-0.009394,0.209030,33.636420,6.840310,-0.242260,0.162107,0.099271,0.242260,0.162107,0.099271
6,0.691667,0.101609,0.653204,0.004500,0.023330,-0.008749,0.210074,33.573010,6.835465,-0.242454,0.163531,0.099207,0.242454,0.163531,0.099207
6,0.695833,0.102664,0.654562,0.004523,0.024867,-0.008031,0.211211,33.506260,6.830083,-0.242658,0.165068,0.099144,0.242658,0.165068,0.099144
6,0.700000,0.103719,0.655935,0.004499,0.026429,-0.007327,0.212353,33.436070,6.824131,-0.242874,0.166629,0.099069,0.242874,0.166629,0.099069
6,0.704167,0.104865,0.657413,0.004518,0.028108,-0.006547,0.213589,33.362570,6.817682,-0.243100,0.168308,0.098997,0.243100,0.168308,0.098997
6,0.708333,0.106011,0.658904,0.004492,0.029813,-0.005781,0.214828,33.285940,6.810816,-0.243335,0.170013,0.098916,0.243335,0.170014,0.098916
6,0.712500,0.107249,0.660500,0.004514,0.031637,-0.004936,0.216164,33.206130,6.803491,-0.243580,0.171838,0.098841,0.243580,0.171838,0.098841
6,0.716667,0.108487,0.662111,0.004490,0.033487,-0.004104,0.217504,33.123070,6.795671,-0.243834,0.173687,0.098756,0.243834,0.173687,0.098756
6,0.720833,0.109818,0.663829,0.004515,0.035455,-0.003193,0.218941,33.036680,6.787309,-0.244099,0.175656,0.098676,0.244099,0.175656,0.098676
6,0.725000,0.111149,0.665561,0.004493,0.037448,-0.002295,0.220383,32.946900,6.778380,-0.244374,0.177648,0.098583,0.244374,0.177648,0.098583
6,0.729167,0.112574,0.667401,0.004520,0.039559,-0.001316,0.221923,32.853670,6.768832,-0.244661,0.179759,0.098495,0.244661,0.179759,0.098495
6,0.733333,0.113999,0.669257,0.004499,0.041693,-0.000351,0.223468,32.756920,6.758641,-0.244959,0.181893,0.098393,0.244959,0.181893,0.098393
6,0.737500,0.115520,0.671221,0.004523,0.043947,0.000695,0.225112,32.656680,6.747851,-0.245268,0.184147,0.098297,0.245268,0.184147,0.098297
6,0.741667,0.117040,0.673200,0.004496,0.046228,0.001727,0.226760,32.553060,6.736510,-0.245587,0.186429,0.098188,0.245588,0.186429,0.098188
6,0.745833,0.118656,0.675287,0.004516,0.048631,0.002840,0.228508,32.446010,6.724608,-0.245917,0.188831,0.098087,0.245917,0.188831,0.098087
6,0.750000,0.120271,0.677388,0.004488,0.051059,0.003942,0.230261,32.335560,6.712111,-0.246256,0.191259,0.097971,0.246256,0.191259,0.097971
6,0.754167,0.121983,0.679598,0.004510,0.053606,0.005127,0.232114,32.221680,6.698992,-0.246606,0.193806,0.097864,0.246607,0.193806,0.097864
6,0.758333,0.123694,0.681822,0.004487,0.056176,0.006301,0.233971,32.104380,6.685234,-0.246968,0.196376,0.097742,0.246968,0.196376,0.097742
6,0.762500,0.125500,0.684154,0.004515,0.058862,0.007560,0.235928,31.983640,6.670804,-0.247340,0.199062,0.097627,0.247340,0.199062,0.097627
6,0.766667,0.127307,0.686499,0.004499,0.061569,0.008810,0.237889,31.859450,6.655691,-0.247724,0.201769,0.097497,0.247724,0.201769,0.097497
6,0.770833,0.129208,0.688952,0.004528,0.064393,0.010143,0.239950,31.731770,6.639900,-0.248119,0.204593,0.097375,0.248119,0.204593,0.097375
6,0.775000,0.131110,0.691419,0.004502,0.067242,0.011463,0.242016,31.600580,6.623479,-0.248525,0.207443,0.097237,0.248525,0.207443,0.097237
6,0.779167,0.133106,0.693992,0.004519,0.070210,0.012867,0.244180,31.465930,6.606424,-0.248941,0.210410,0.097108,0.248941,0.210410,0.097108
6,0.783333,0.135101,0.696578,0.004488,0.073200,0.014261,0.246350,31.327860,6.588704,-0.249367,0.213400,0.096964,0.249367,0.213400,0.096963
6,0.787500,0.137191,0.699270,0.004506,0.076304,0.015741,0.248617,31.186420,6.570325,-0.249804,0.216504,0.096828,0.249804,0.216504,0.096828
6,0.791667,0.139280,0.701973,0.004482,0.079428,0.017216,0.250888,31.041650,6.551260,-0.250252,0.219628,0.096677,0.250252,0.219628,0.096677
6,0.795833,0.141462,0.704779,0.004510,0.082661,0.018778,0.253257,30.893600,6.531528,-0.250710,0.222861,0.096535,0.250710,0.222861,0.096535
6,0.800000,0.143643,0.707596,0.004500,0.085911,0.020337,0.255630,30.742320,6.511086,-0.251180,0.226111,0.096377,0.251180,0.226111,0.096377
6,0.804167,0.145916,0.710516,0.004532,0.089270,0.021981,0.258098,30.587660,6.489943,-0.251660,0.229471,0.096229,0.251660,0.229471,0.096229
6,0.808333,0.148188,0.713447,0.004509,0.092651,0.023617,0.260571,30.429540,6.468135,-0.252151,0.232852,0.096063,0.252151,0.232852,0.096063
6,0.812500,0.150551,0.716479,0.004524,0.096142,0.025337,0.263138,30.268050,6.445633,-0.252652,0.236342,0.095907,0.252652,0.236342,0.095907
6,0.816667,0.152913,0.719520,0.004493,0.099651,0.027053,0.265710,30.103280,6.422460,-0.253163,0.239851,0.095734,0.253163,0.239851,0.095734
6,0.820833,0.155362,0.722659,0.004506,0.103263,0.028855,0.268374,29.935320,6.398597,-0.253684,0.243464,0.095571,0.253684,0.243464,0.095571
6,0.825000,0.157812,0.725807,0.004481,0.106891,0.030658,0.271042,29.764250,6.374059,-0.254216,0.247091,0.095392,0.254216,0.247091,0.095392
6,0.829167,0.160347,0.729050,0.004506,0.110618,0.032549,0.273800,29.590170,6.348848,-0.254757,0.250818,0.095224,0.254757,0.250818,0.095224
6,0.833333,0.162883,0.732300,0.004500,0.114355,0.034446,0.276563,29.413190,6.322950,-0.255308,0.254556,0.095039,0.255308,0.254556,0.095039
6,0.837500,0.165501,0.735642,0.004533,0.118191,0.036427,0.279413,29.233090,6.296371,-0.255869,0.258391,0.094865,0.255869,0.258391,0.094865
6,0.841667,0.168120,0.738994,0.004514,0.122042,0.038407,0.282268,29.049690,6.269098,-0.256441,0.262242,0.094673,0.256441,0.262242,0.094673
6,0.845833,0.170820,0.742434,0.004528,0.125990,0.040469,0.285197,28.863140,6.241121,-0.257023,0.266190,0.094491,0.257023,0.266190,0.094491
6,0.850000,0.173520,0.745883,0.004499,0.129951,0.042534,0.288116,28.673560,6.212474,-0.257614,0.270151,0.094292,0.257614,0.270151,0.094292
6,0.854167,0.176299,0.749417,0.004509,0.134002,0.044683,0.291117,28.481090,6.183167,-0.258214,0.274202,0.094103,0.258214,0.274202,0.094103
6,0.858333,0.179077,0.752957,0.004484,0.138062,0.046839,0.294122,28.285850,6.153206,-0.258824,0.278262,0.093898,0.258824,0.278262,0.093898
6,0.862500,0.181932,0.756578,0.004505,0.142206,0.049080,0.297207,28.087980,6.122599,-0.259442,0.282406,0.093705,0.259442,0.282406,0.093705
6,0.866667,0.184786,0.760203,0.004500,0.146355,0.051331,0.300295,27.887610,6.091364,-0.260068,0.286555,0.093497,0.260068,0.286555,0.093497
6,0.870833,0.187714,0.763908,0.004531,0.150586,0.053665,0.303460,27.684480,6.059465,-0.260704,0.290786,0.093298,0.260704,0.290786,0.093298
6,0.875000,0.190641,0.767618,0.004516,0.154827,0.056003,0.306629,27.478350,6.026879,-0.261350,0.295028,0.093083,0.261350,0.295028,0.093083
6,0.879167,0.193639,0.771404,0.004528,0.159148,0.058419,0.309872,27.269390,5.993631,-0.262004,0.299348,0.092877,0.262004,0.299348,0.092877
6,0.883333,0.196636,0.775194,0.004503,0.163476,0.060843,0.313119,27.057750,5.959742,-0.262668,0.303676,0.092654,0.262668,0.303676,0.092654
6,0.887500,0.199701,0.779055,0.004511,0.167876,0.063344,0.316436,26.843620,5.925217,-0.263339,0.308076,0.092442,0.263339,0.308076,0.092442
6,0.891667,0.202765,0.782918,0.004489,0.172279,0.065857,0.319757,26.627150,5.890111,-0.264019,0.312480,0.092215,0.264019,0.312480,0.092215
6,0.895833,0.205893,0.786847,0.004505,0.176748,0.068445,0.323144,26.408490,5.854403,-0.264705,0.316948,0.091999,0.264705,0.316948,0.091999
6,0.900000,0.209021,0.790776,0.004500,0.181216,0.071047,0.326347,26.187830,5.818133,-0.265398,0.321416,0.091769,0.265398,0.321416,0.091769
6,0.904167,0.212209,0.794769,0.004525,0.185746,0.073721,0.328341,25.964840,5.781250,-0.266099,0.325946,0.091549,0.266100,0.325946,0.091549
6,0.908333,0.215397,0.798764,0.004513,0.190280,0.076406,0.330320,25.739250,5.743735,-0.266810,0.330480,0.091313,0.266810,0.330481,0.091313
6,0.912500,0.218642,0.802817,0.004524,0.194874,0.079158,0.332343,25.511240,5.705596,-0.267528,0.335075,0.091086,0.267528,0.335075,0.091086
6,0.916667,0.221886,0.806872,0.004504,0.199469,0.081921,0.334355,25.281010,5.666862,-0.268254,0.339669,0.090844,0.268254,0.339670,0.090844
6,0.920833,0.225184,0.810979,0.004510,0.204116,0.084749,0.336408,25.048740,5.627565,-0.268986,0.344316,0.090611,0.268986,0.344316,0.090611
6,0.925000,0.228482,0.815087,0.004493,0.208760,0.087590,0.338452,24.814630,5.587751,-0.269725,0.348960,0.090366,0.269725,0.348960,0.090365
6,0.929167,0.231828,0.819241,0.004504,0.213448,0.090493,0.340536,24.578860,5.547417,-0.270469,0.353648,0.090130,0.270469,0.353648,0.090130
6,0.933333,0.235175,0.823394,0.004500,0.218128,0.093410,0.342613,24.341640,5.506600,-0.271218,0.358329,0.089883,0.271219,0.358329,0.089883
6,0.937500,0.238567,0.827590,0.004519,0.222850,0.096386,0.344726,24.102590,5.465259,-0.271974,0.363050,0.089645,0.271974,0.363050,0.089645
6,0.941667,0.241959,0.831786,0.004510,0.227570,0.099373,0.346828,23.861420,5.423337,-0.272738,0.367770,0.089392,0.272738,0.367770,0.089392
6,0.945833,0.245392,0.836023,0.004518,0.232327,0.102413,0.348961,23.618320,5.380860,-0.273508,0.372528,0.089147,0.273508,0.372528,0.089147
6,0.950000,0.248826,0.840257,0.004503,0.237079,0.105466,0.351086,23.373510,5.337869,-0.274284,0.377279,0.088890,0.274285,0.377279,0.088890
6,0.954167,0.252296,0.844525,0.004507,0.241861,0.108568,0.353240,23.127180,5.294395,-0.275066,0.382061,0.088640,0.275066,0.382061,0.088640
6,0.958333,0.255767,0.848789,0.004494,0.246633,0.111682,0.355388,22.879560,5.250476,-0.275852,0.386833,0.088380,0.275853,0.386833,0.088380
6,0.962500,0.259271,0.853082,0.004502,0.251427,0.114842,0.357564,22.630860,5.206142,-0.276642,0.391627,0.088129,0.276642,0.391627,0.088128
6,0.966667,0.262774,0.857369,0.004500,0.256207,0.118015,0.359737,22.381280,5.161442,-0.277435,0.396407,0.087868,0.277435,0.396407,0.087868
6,0.970833,0.266307,0.861682,0.004513,0.261005,0.121228,0.361932,22.130470,5.116282,-0.278232,0.401205,0.087615,0.278232,0.401205,0.087615
6,0.975000,0.269840,0.865990,0.004508,0.265795,0.124453,0.364119,21.878040,5.070632,-0.279036,0.405995,0.087351,0.279036,0.405995,0.087351
6,0.979167,0.273398,0.870319,0.004512,0.270600,0.127715,0.366325,21.624220,5.024511,-0.279846,0.410800,0.087092,0.279846,0.410800,0.087092
6,0.983333,0.276955,0.874643,0.004502,0.275393,0.130988,0.368525,21.369270,4.977967,-0.280660,0.415593,0.086824,0.280660,0.415593,0.086823
6,0.987500,0.280533,0.878982,0.004503,0.280192,0.134292,0.370742,21.113370,4.931047,-0.281478,0.420392,0.086561,0.281478,0.420392,0.086561
6,0.991667,0.284111,0.883314,0.004495,0.284976,0.137608,0.372956,20.856760,4.883761,-0.282298,0.425176,0.086291,0.282298,0.425176,0.086291
6,0.995833,0.287706,0.887655,0.004499,0.289758,0.140951,0.375185,20.599660,4.836192,-0.283120,0.429958,0.086028,0.283120,0.429958,0.086028
6,1.000000,0.291300,0.891987,0.004500,0.294520,0.144305,0.377413,20.342290,4.788339,-0.283942,0.434720,0.085760,0.283942,0.434720,0.085759
6,1.004167,0.294906,0.896325,0.004508,0.299278,0.147681,0.379650,20.084290,4.740161,-0.284768,0.439478,0.085496,0.284768,0.439478,0.085496
6,1.008333,0.298513,0.900656,0.004507,0.304020,0.151068,0.381884,19.825240,4.691557,-0.285599,0.444221,0.085224,0.285599,0.444221,0.085224
6,1.012500,0.302126,0.904988,0.004506,0.308755,0.154473,0.384122,19.565410,4.642606,-0.286433,0.448955,0.084956,0.286433,0.448955,0.084956
6,1.016667,0.305740,0.909313,0.004501,0.313471,0.157888,0.386358,19.305010,4.593333,-0.287270,0.453671,0.084681,0.287270,0.453671,0.084681
6,1.020833,0.309357,0.913632,0.004498,0.318171,0.161316,0.388597,19.044270,4.543776,-0.288110,0.458371,0.084411,0.288110,0.458371,0.084411
6,1.025000,0.312974,0.917943,0.004495,0.322849,0.164754,0.390836,18.783410,4.493986,-0.288949,0.463049,0.084136,0.288950,0.463049,0.084135
6,1.029167,0.316589,0.922242,0.004495,0.327502,0.168200,0.393077,18.522680,4.444009,-0.289789,0.467702,0.083865,0.289789,0.467702,0.083865
6,1.033333,0.320205,0.926531,0.004500,0.332130,0.171657,0.395320,18.262290,4.393875,-0.290628,0.472330,0.083593,0.290628,0.472330,0.083593
6,1.037500,0.323814,0.930806,0.004503,0.336730,0.175116,0.397559,18.001870,4.343521,-0.291467,0.476930,0.083324,0.291467,0.476930,0.083324
6,1.041667,0.327424,0.935072,0.004506,0.341310,0.178585,0.399798,17.741030,4.292867,-0.292310,0.481510,0.083049,0.292310,0.481510,0.083049
6,1.045833,0.331024,0.939320,0.004501,0.345858,0.182053,0.402027,17.480010,4.241967,-0.293154,0.486059,0.082776,0.293154,0.486059,0.082776
6,1.050000,0.334624,0.943558,0.004500,0.350383,0.185530,0.404257,17.219000,4.190835,-0.294000,0.490584,0.082500,0.294000,0.490584,0.082500
6,1.054167,0.338209,0.947772,0.004493,0.354869,0.189001,0.406476,16.958260,4.139562,-0.294846,0.495070,0.082226,0.294846,0.495070,0.082226
6,1.058333,0.341795,0.951976,0.004495,0.359329,0.192481,0.408700,16.698020,4.088168,-0.295691,0.499529,0.081951,0.295691,0.499529,0.081951
6,1.062500,0.345361,0.956149,0.004491,0.363741,0.195951,0.410910,16.438490,4.036705,-0.296533,0.503941,0.081679,0.296533,0.503941,0.081678
6,1.066667,0.348928,0.960311,0.004500,0.368124,0.199429,0.413127,16.179910,3.985205,-0.297373,0.508324,0.081407,0.297373,0.508324,0.081407
6,1.070833,0.352471,0.964440,0.004498,0.372456,0.202892,0.415325,15.921920,3.933612,-0.298211,0.512656,0.081137,0.298211,0.512656,0.081137
6,1.075000,0.356015,0.968559,0.004505,0.376763,0.206363,0.417527,15.664090,3.881826,-0.299051,0.516963,0.080865,0.299051,0.516964,0.080865
6,1.079167,0.359531,0.972641,0.004496,0.381017,0.209815,0.419704,15.406700,3.829909,-0.299891,0.521217,0.080592,0.299891,0.521217,0.080592
6,1.083333,0.363047,0.976712,0.004500,0.385244,0.213275,0.421887,15.149930,3.777902,-0.300730,0.525444,0.080319,0.300730,0.525444,0.080319
6,1.087500,0.366532,0.980741,0.004489,0.389410,0.216711,0.424045,14.894020,3.725855,-0.301567,0.529610,0.080046,0.301567,0.529610,0.080046
6,1.091667,0.370016,0.984758,0.004495,0.393545,0.220155,0.426210,14.639170,3.673806,-0.302402,0.533745,0.079776,0.302402,0.533745,0.079776
6,1.095833,0.373465,0.988729,0.004486,0.397613,0.223570,0.428349,14.385620,3.621806,-0.303232,0.537813,0.079506,0.303232,0.537813,0.079506
6,1.100000,0.376914,0.992687,0.004500,0.401648,0.226993,0.430497,14.133590,3.569901,-0.304058,0.541848,0.079241,0.304058,0.541848,0.079241
6,1.104167,0.380323,0.996594,0.004494,0.405612,0.230383,0.432613,13.882720,3.518014,-0.304881,0.545813,0.078974,0.304881,0.545813,0.078974
6,1.108333,0.383733,1.000491,0.004505,0.409549,0.233781,0.434735,13.632650,3.466061,-0.305702,0.549749,0.078709,0.305703,0.549749,0.078709
6,1.112500,0.387098,1.004334,0.004492,0.413411,0.237142,0.436820,13.383570,3.414091,-0.306523,0.553611,0.078441,0.306523,0.553612,0.078441
6,1.116667,0.390463,1.008165,0.004500,0.417243,0.240509,0.438914,13.135710,3.362151,-0.307340,0.557443,0.078177,0.307340,0.557443,0.078176
6,1.120833,0.393781,1.011938,0.004485,0.420996,0.243836,0.440969,12.889260,3.310285,-0.308154,0.561196,0.077910,0.308154,0.561196,0.077910
6,1.125000,0.397099,1.015700,0.004495,0.424715,0.247169,0.443035,12.644440,3.258545,-0.308964,0.564915,0.077649,0.308964,0.564915,0.077649
6,1.129167,0.400365,1.019398,0.004483,0.428350,0.250458,0.445060,12.401420,3.206960,-0.309768,0.568550,0.077386,0.309768,0.568550,0.077386
6,1.133333,0.403631,1.023084,0.004500,0.431949,0.253753,0.447098,12.160450,3.155605,-0.310565,0.572149,0.077132,0.310565,0.572149,0.077132
6,1.137500,0.406841,1.026704,0.004490,0.435460,0.256999,0.449091,11.921190,3.104376,-0.311358,0.575660,0.076874,0.311358,0.575660,0.076874
6,1.141667,0.410052,1.030314,0.004504,0.438940,0.260251,0.451093,11.683300,3.053210,-0.312148,0.579140,0.076621,0.312148,0.579140,0.076620
6,1.145833,0.413204,1.033855,0.004488,0.442330,0.263451,0.453047,11.446980,3.002147,-0.312934,0.582530,0.076362,0.312934,0.582530,0.076362
6,1.150000,0.416355,1.037384,0.004500,0.445688,0.266656,0.455011,11.212390,2.951241,-0.313715,0.585888,0.076110,0.313715,0.585888,0.076110
6,1.154167,0.419444,1.040841,0.004481,0.448950,0.269805,0.456924,10.979740,2.900507,-0.314492,0.589150,0.075854,0.314492,0.589150,0.075854
6,1.158333,0.422534,1.044286,0.004496,0.452178,0.272960,0.458850,10.749200,2.850030,-0.315262,0.592378,0.075607,0.315262,0.592378,0.075607
6,1.162500,0.425557,1.047655,0.004479,0.455306,0.276055,0.460724,10.520950,2.799830,-0.316026,0.595506,0.075357,0.316026,0.595507,0.075357
6,1.166667,0.428580,1.051013,0.004500,0.458400,0.279156,0.462612,10.295180,2.749938,-0.316782,0.598600,0.075117,0.316782,0.598600,0.075117
6,1.170833,0.431534,1.054291,0.004486,0.461391,0.282193,0.464444,10.071620,2.700316,-0.317531,0.601591,0.074872,0.317531,0.601591,0.074872
6,1.175000,0.434488,1.057560,0.004504,0.464351,0.285235,0.466288,9.849969,2.650872,-0.318275,0.604551,0.074635,0.318275,0.604551,0.074635
6,1.179167,0.437370,1.060746,0.004484,0.467206,0.288210,0.468072,9.630386,2.601651,-0.319014,0.607406,0.074391,0.319014,0.607406,0.074391
6,1.183333,0.440252,1.063923,0.004500,0.470029,0.291191,0.469869,9.413015,2.552694,-0.319746,0.610229,0.074156,0.319746,0.610229,0.074156
6,1.187500,0.443058,1.067014,0.004478,0.472745,0.294102,0.471604,9.198026,2.504037,-0.320471,0.612945,0.073915,0.320471,0.612945,0.073915
6,1.191667,0.445864,1.070096,0.004496,0.475429,0.297017,0.473354,8.985557,2.455720,-0.321190,0.615629,0.073686,0.321190,0.615629,0.073686
6,1.195833,0.448593,1.073090,0.004477,0.478001,0.299860,0.475041,8.775787,2.407782,-0.321900,0.618201,0.073451,0.321900,0.618201,0.073451
6,1.200000,0.451321,1.076074,0.004500,0.480542,0.302707,0.476744,8.568861,2.360264,-0.322602,0.620742,0.073231,0.322602,0.620742,0.073231
6,1.204167,0.453968,1.078969,0.004483,0.482969,0.305479,0.478381,8.364550,2.313112,-0.323296,0.623169,0.073003,0.323296,0.623169,0.073003
6,1.208333,0.456616,1.081854,0.004504,0.485366,0.308255,0.480031,8.162620,2.266258,-0.323982,0.625566,0.072786,0.323982,0.625567,0.072786
6,1.212500,0.459180,1.084648,0.004481,0.487650,0.310952,0.481613,7.963194,2.219725,-0.324661,0.627850,0.072560,0.324661,0.627850,0.072560
6,1.216667,0.461744,1.087433,0.004500,0.489904,0.313654,0.483209,7.766378,2.173558,-0.325332,0.630105,0.072346,0.325332,0.630105,0.072346
6,1.220833,0.464222,1.090123,0.004476,0.492044,0.316274,0.484734,7.572309,2.127798,-0.325995,0.632244,0.072124,0.325995,0.632244,0.072124
6,1.225000,0.466701,1.092806,0.004496,0.494154,0.318899,0.486276,7.381091,2.082469,-0.326649,0.634354,0.071916,0.326649,0.634355,0.071916
6,1.229167,0.469091,1.095393,0.004474,0.496148,0.321440,0.487746,7.192873,2.037621,-0.327295,0.636348,0.071702,0.327295,0.636349,0.071702
6,1.233333,0.471482,1.097971,0.004500,0.498115,0.323984,0.489233,7.007742,1.993280,-0.327932,0.638315,0.071504,0.327932,0.638315,0.071504
6,1.237500,0.473783,1.100452,0.004480,0.499963,0.326444,0.490646,6.825568,1.949393,-0.328559,0.640163,0.071297,0.328559,0.640163,0.071297
6,1.241667,0.476084,1.102925,0.004503,0.501784,0.328907,0.492074,6.646166,1.905906,-0.329178,0.641985,0.071103,0.329178,0.641985,0.071103
6,1.245833,0.478294,1.105300,0.004479,0.503489,0.331282,0.493426,6.469617,1.862849,-0.329786,0.643689,0.070898,0.329786,0.643689,0.070898
6,1.250000,0.480503,1.107668,0.004499,0.505167,0.333661,0.494794,6.295991,1.820253,-0.330386,0.645367,0.070708,0.330386,0.645367,0.070708
6,1.254167,0.482620,1.109936,0.004474,0.506730,0.335950,0.496085,6.125359,1.778147,-0.330976,0.646930,0.070509,0.330976,0.646930,0.070509
6,1.258333,0.484736,1.112197,0.004496,0.508269,0.338243,0.497393,5.957817,1.736553,-0.331557,0.648469,0.070326,0.331557,0.648469,0.070325
6,1.262500,0.486758,1.114358,0.004473,0.509692,0.340444,0.498622,5.793441,1.695510,-0.332129,0.649892,0.070134,0.332129,0.649892,0.070134
6,1.266667,0.488781,1.116511,0.004500,0.511095,0.342649,0.499869,5.632298,1.655030,-0.332692,0.651295,0.069961,0.332692,0.651295,0.069961
6,1.270833,0.490708,1.118564,0.004479,0.512381,0.344761,0.501037,5.474324,1.615106,-0.333245,0.652581,0.069778,0.333245,0.652581,0.069778
6,1.275000,0.492634,1.120610,0.004503,0.513645,0.346876,0.502221,5.319407,1.575651,-0.333786,0.653845,0.069610,0.333786,0.653845,0.069610
6,1.279167,0.494465,1.122555,0.004477,0.514793,0.348897,0.503325,5.167577,1.536719,-0.334317,0.654994,0.069430,0.334317,0.654994,0.069430
6,1.283333,0.496296,1.124494,0.004499,0.515924,0.350922,0.504445,5.018867,1.498323,-0.334837,0.656124,0.069266,0.334837,0.656124,0.069266
6,1.287500,0.498030,1.126331,0.004473,0.516942,0.352852,0.505485,4.873303,1.460474,-0.335348,0.657143,0.069092,0.335348,0.657143,0.069092
6,1.291667,0.499764,1.128162,0.004496,0.517947,0.354784,0.506541,4.730929,1.423206,-0.335848,0.658147,0.068936,0.335848,0.658147,0.068935
6,1.295833,0.501401,1.129892,0.004473,0.518843,0.356621,0.507516,4.591758,1.386549,-0.336339,0.659043,0.068770,0.336339,0.659043,0.068770
6,1.300000,0.503038,1.131617,0.004500,0.519729,0.358460,0.508507,4.455821,1.350503,-0.336820,0.659929,0.068623,0.336820,0.659929,0.068623
6,1.304167,0.504577,1.133240,0.004478,0.520505,0.360204,0.509418,4.323146,1.315066,-0.337291,0.660705,0.068466,0.337291,0.660706,0.068466
6,1.308333,0.506117,1.134858,0.004503,0.521267,0.361950,0.510346,4.193698,1.280178,-0.337750,0.661467,0.068325,0.337751,0.661467,0.068325
6,1.312500,0.507559,1.136375,0.004477,0.521921,0.363601,0.511192,4.067460,1.245865,-0.338198,0.662121,0.068173,0.338198,0.662121,0.068173
6,1.316667,0.509002,1.137888,0.004499,0.522568,0.365253,0.512054,3.944397,1.212152,-0.338634,0.662768,0.068037,0.338634,0.662768,0.068037
6,1.320833,0.510348,1.139301,0.004473,0.523114,0.366810,0.512836,3.824499,1.179041,-0.339060,0.663314,0.067891,0.339060,0.663314,0.067891
6,1.325000,0.511694,1.140710,0.004496,0.523659,0.368368,0.513633,3.707729,1.146555,-0.339475,0.663859,0.067762,0.339475,0.663859,0.067762
6,1.329167,0.512944,1.142020,0.004473,0.524111,0.369831,0.514350,3.594068,1.114688,-0.339880,0.664311,0.067623,0.339880,0.664311,0.067623
6,1.333333,0.514194,1.143326,0.004500,0.524568,0.371295,0.515082,3.483496,1.083475,-0.340276,0.664768,0.067503,0.340276,0.664768,0.067503
6,1.337500,0.515350,1.144534,0.004479,0.524929,0.372665,0.515734,3.376112,1.052895,-0.340662,0.665129,0.067374,0.340662,0.665129,0.067374
6,1.341667,0.516505,1.145739,0.004502,0.525283,0.374035,0.516404,3.272000,1.022930,-0.341035,0.665483,0.067261,0.341035,0.665483,0.067261
6,1.345833,0.517567,1.146847,0.004477,0.525544,0.375313,0.516995,3.171064,0.993583,-0.341397,0.665744,0.067138,0.341397,0.665744,0.067138
6,1.350000,0.518629,1.147953,0.004498,0.525811,0.376592,0.517601,3.073230,0.964854,-0.341748,0.666011,0.067031,0.341748,0.666012,0.067031
6,1.354167,0.519600,1.148965,0.004474,0.525999,0.377778,0.518130,2.978407,0.936764,-0.342087,0.666199,0.066914,0.342087,0.666199,0.066914
6,1.358333,0.520570,1.149973,0.004496,0.526203,0.378965,0.518673,2.886497,0.909289,-0.342415,0.666403,0.066813,0.342415,0.666403,0.066813
6,1.362500,0.521450,1.150890,0.004475,0.526340,0.380061,0.519141,2.797442,0.882466,-0.342733,0.666540,0.066702,0.342733,0.666540,0.066702
6,1.366667,0.522331,1.151805,0.004500,0.526503,0.381156,0.519621,2.711118,0.856275,-0.343041,0.666703,0.066607,0.343041,0.666703,0.066607
6,1.370833,0.523124,1.152629,0.004480,0.526593,0.382163,0.520029,2.627787,0.830719,-0.343340,0.666793,0.066504,0.343340,0.666793,0.066504
6,1.375000,0.523917,1.153452,0.004501,0.526687,0.383169,0.520451,2.547590,0.805815,-0.343628,0.666887,0.066420,0.343628,0.666887,0.066420
6,1.379167,0.524625,1.154188,0.004478,0.526710,0.384090,0.520803,2.470401,0.781554,-0.343906,0.666910,0.066327,0.343906,0.666910,0.066327
6,1.383333,0.525333,1.154922,0.004496,0.526754,0.385011,0.521168,2.396062,0.757918,-0.344173,0.666954,0.066249,0.344173,0.666954,0.066249
6,1.387500,0.525959,1.155572,0.004474,0.526746,0.385847,0.521465,2.324388,0.734896,-0.344428,0.666946,0.066161,0.344428,0.666946,0.066161
6,1.391667,0.526585,1.156221,0.004494,0.526773,0.386681,0.521773,2.255276,0.712496,-0.344672,0.666973,0.066087,0.344672,0.666973,0.066087
6,1.395833,0.527133,1.156790,0.004477,0.526763,0.387435,0.522014,2.188529,0.690704,-0.344904,0.666963,0.066003,0.344904,0.666963,0.066003
6,1.400000,0.527680,1.157357,0.004500,0.526800,0.388185,0.522266,2.124007,0.669513,-0.345126,0.667000,0.065931,0.345126,0.667000,0.065931
6,1.404167,0.528153,1.157848,0.004484,0.526799,0.388858,0.522454,2.062063,0.648940,-0.345338,0.666999,0.065853,0.345338,0.666999,0.065853
6,1.408333,0.528625,1.158338,0.004499,0.526825,0.389529,0.522657,2.002984,0.629023,-0.345543,0.667025,0.065793,0.345543,0.667025,0.065793
6,1.412500,0.529027,1.158756,0.004478,0.526808,0.390128,0.522800,1.946537,0.609720,-0.345738,0.667008,0.065727,0.345738,0.667008,0.065727
6,1.416667,0.529429,1.159172,0.004491,0.526821,0.390724,0.522956,1.892506,0.591036,-0.345925,0.667021,0.065676,0.345925,0.667021,0.065676
6,1.420833,0.529764,1.159521,0.004473,0.526798,0.391229,0.523054,1.840644,0.572925,-0.346101,0.666998,0.065616,0.346101,0.666998,0.065616
6,1.425000,0.530099,1.159870,0.004489,0.526807,0.391717,0.523162,1.790733,0.555385,-0.346268,0.667007,0.065569,0.346268,0.667007,0.065569
6,1.429167,0.530373,1.160155,0.004478,0.526786,0.392138,0.523216,1.742544,0.538398,-0.346425,0.666987,0.065512,0.346425,0.666987,0.065512
6,1.433333,0.530646,1.160440,0.004500,0.526800,0.392552,0.523278,1.695834,0.521927,-0.346571,0.667000,0.065463,0.346571,0.667000,0.065463
6,1.437500,0.530864,1.160668,0.004491,0.526789,0.392906,0.523291,1.651112,0.506030,-0.346708,0.666989,0.065409,0.346708,0.666989,0.065409
6,1.441667,0.531081,1.160895,0.004505,0.526807,0.393258,0.523316,1.608757,0.490744,-0.346837,0.667007,0.065371,0.346837,0.667008,0.065371
6,1.445833,0.531247,1.161071,0.004490,0.526801,0.393554,0.523300,1.568493,0.476045,-0.346958,0.667001,0.065330,0.346958,0.667001,0.065330
6,1.450000,0.531413,1.161245,0.004499,0.526816,0.393845,0.523292,1.530001,0.461889,-0.347071,0.667016,0.065300,0.347071,0.667016,0.065300
6,1.454167,0.531534,1.161375,0.004487,0.526808,0.394083,0.523245,1.492965,0.448253,-0.347177,0.667008,0.065266,0.347177,0.667008,0.065266
6,1.458333,0.531656,1.161504,0.004496,0.526816,0.394311,0.523204,1.457062,0.435088,-0.347276,0.667016,0.065240,0.347276,0.667016,0.065240
6,1.462500,0.531738,1.161594,0.004489,0.526802,0.394489,0.523128,1.422014,0.422376,-0.347367,0.667002,0.065207,0.347367,0.667002,0.065207
6,1.466667,0.531821,1.161683,0.004500,0.526800,0.394654,0.523055,1.387485,0.410072,-0.347451,0.667000,0.065178,0.347451,0.667000,0.065178
6,1.470833,0.531872,1.161741,0.004498,0.526785,0.394771,0.522955,1.353997,0.398249,-0.347526,0.666985,0.065146,0.347526,0.666985,0.065146
6,1.475000,0.531924,1.161798,0.004511,0.526791,0.394872,0.522862,1.322084,0.386972,-0.347594,0.666991,0.065125,0.347594,0.666991,0.065125
6,1.479167,0.531950,1.161831,0.004510,0.526789,0.394937,0.522750,1.291415,0.376207,-0.347654,0.666989,0.065105,0.347654,0.666989,0.065105
6,1.483333,0.531977,1.161863,0.004518,0.526800,0.394992,0.522642,1.261691,0.365877,-0.347708,0.667000,0.065091,0.347708,0.667000,0.065091
6,1.487500,0.531987,1.161878,0.004514,0.526802,0.395022,0.522521,1.232589,0.355956,-0.347757,0.667002,0.065077,0.347757,0.667002,0.065077
6,1.491667,0.531997,1.161893,0.004514,0.526808,0.395048,0.522401,1.203799,0.346400,-0.347800,0.667008,0.065066,0.347800,0.667008,0.065066
6,1.495833,0.531998,1.161899,0.004507,0.526805,0.395063,0.522273,1.175011,0.337152,-0.347839,0.667006,0.065054,0.347839,0.667006,0.065054
6,1.500000,0.532000,1.161906,0.004500,0.526800,0.395078,0.522142,1.145917,0.328164,-0.347875,0.667000,0.065041,0.347875,0.667000,0.065041
6,1.504167,0.532000,1.161910,0.004493,0.526791,0.395090,0.522010,1.116706,0.319530,-0.347905,0.666992,0.065027,0.347905,0.666992,0.065028
6,1.508333,0.532000,1.161915,0.004489,0.526787,0.395095,0.521879,1.087762,0.311341,-0.347929,0.666987,0.065015,0.347929,0.666988,0.065018
6,1.512500,0.532000,1.161919,0.004489,0.526786,0.395096,0.521749,1.059053,0.303537,-0.347948,0.666986,0.065005,0.347947,0.666987,0.065012
6,1.516667,0.532000,1.161924,0.004490,0.526787,0.395093,0.521620,1.030553,0.296048,-0.347963,0.666987,0.064998,0.347960,0.666989,0.065007
6,1.520833,0.532000,1.161928,0.004493,0.526789,0.395088,0.521492,1.002200,0.288825,-0.347973,0.666990,0.064993,0.347971,0.666992,0.065005
6,1.525000,0.532000,1.161932,0.004496,0.526793,0.395083,0.521364,0.973963,0.281800,-0.347982,0.666994,0.064992,0.347979,0.666995,0.065003
6,1.529167,0.532000,1.161936,0.004498,0.526797,0.395079,0.521237,0.945825,0.274912,-0.347989,0.666997,0.064995,0.347987,0.666998,0.065002
6,1.533333,0.532000,1.161939,0.004500,0.526800,0.395078,0.521110,0.917714,0.268113,-0.347995,0.667000,0.065002,0.347995,0.667000,0.065002
6,1.537500,0.532000,1.161943,0.004500,0.526798,0.395077,0.520983,0.889771,0.261549,-0.348003,0.666998,0.064989,0.348001,0.666999,0.064998
6,1.541667,0.532000,1.161947,0.004498,0.526788,0.395074,0.520857,0.862064,0.255337,-0.348011,0.666991,0.064948,0.348001,0.666997,0.064990
6,1.545833,0.532000,1.161950,0.004495,0.526777,0.395069,0.520732,0.834513,0.249364,-0.348018,0.666981,0.064896,0.347998,0.666995,0.064982
6,1.550000,0.532000,1.161953,0.004493,0.526767,0.395066,0.520608,0.807055,0.243561,-0.348023,0.666973,0.064855,0.347994,0.666992,0.064975
6,1.554167,0.532000,1.161956,0.004493,0.526764,0.395065,0.520483,0.779590,0.237786,-0.348021,0.666971,0.064843,0.347993,0.666992,0.064974
6,1.558333,0.532000,1.161959,0.004494,0.526773,0.395068,0.520359,0.752057,0.231936,-0.348013,0.666977,0.064881,0.347997,0.666994,0.064980
6,1.562500,0.532000,1.161962,0.004500,0.526797,0.395077,0.520234,0.724360,0.225936,-0.347984,0.666997,0.064987,0.348018,0.666999,0.064998
6,1.566667,0.532000,1.161965,0.004486,0.526813,0.395072,0.520108,0.696424,0.219642,-0.347945,0.667034,0.065182,0.348046,0.667010,0.065029
6,1.570833,0.532000,1.161968,0.004466,0.526830,0.395064,0.519981,0.668136,0.213157,-0.347878,0.667082,0.065434,0.348102,0.667024,0.065070
6,1.575000,0.532000,1.161970,0.004445,0.526850,0.395055,0.519853,0.639545,0.206603,-0.347807,0.667136,0.065713,0.348159,0.667039,0.065115
6,1.579167,0.532000,1.161973,0.004420,0.526873,0.395044,0.519724,0.610755,0.199961,-0.347702,0.667198,0.066036,0.348248,0.667056,0.065167
6,1.583333,0.532000,1.161976,0.004391,0.526901,0.395031,0.519595,0.581904,0.193206,-0.347588,0.667273,0.066421,0.348342,0.667078,0.065229
6,1.587500,0.532000,1.161978,0.004356,0.526934,0.395016,0.519467,0.553128,0.186331,-0.347430,0.667364,0.066884,0.348476,0.667104,0.065304
6,1.591667,0.532000,1.161980,0.004313,0.526975,0.394997,0.519338,0.524533,0.179306,-0.347259,0.667475,0.067443,0.348618,0.667135,0.065394
6,1.595833,0.532000,1.161982,0.004262,0.527025,0.394975,0.519203,0.496280,0.172117,-0.347036,0.667610,0.068115,0.348805,0.667173,0.065503
6,1.600000,0.532000,1.161984,0.004202,0.527084,0.394948,0.519070,0.468477,0.164741,-0.346795,0.667774,0.068919,0.349002,0.667219,0.065632
6,1.604167,0.532000,1.161985,0.004133,0.527155,0.394917,0.518935,0.440760,0.157070,-0.346496,0.667968,0.069853,0.349247,0.667274,0.065783
6,1.608333,0.532000,1.161987,0.004056,0.527235,0.394883,0.518799,0.412835,0.149076,-0.346180,0.668189,0.070902,0.349501,0.667335,0.065952
6,1.612500,0.532000,1.161988,0.003972,0.527325,0.394843,0.518663,0.384961,0.140849,-0.345809,0.668438,0.072057,0.349801,0.667405,0.066139
6,1.616667,0.532000,1.161989,0.003881,0.527424,0.394739,0.518527,0.357438,0.132516,-0.345422,0.668713,0.073309,0.350109,0.667481,0.066341
6,1.620833,0.532000,1.161990,0.003786,0.527532,0.394628,0.518393,0.330497,0.124159,-0.344983,0.669014,0.074650,0.350459,0.667564,0.066557
6,1.625000,0.532000,1.161991,0.003686,0.527649,0.394510,0.518250,0.304426,0.115905,-0.344529,0.669340,0.076071,0.350814,0.667654,0.066786
6,1.629167,0.532000,1.161992,0.003583,0.527774,0.394386,0.518111,0.279489,0.107825,-0.344027,0.669691,0.077564,0.351208,0.667750,0.067027
6,1.633333,0.532000,1.161992,0.003477,0.527907,0.394256,0.517978,0.255942,0.100059,-0.343511,0.670064,0.079119,0.351607,0.667852,0.067278
6,1.637500,0.532000,1.161992,0.003367,0.528051,0.394119,0.517849,0.233583,0.092422,-0.342947,0.670470,0.080768,0.352041,0.667963,0.067544
6,1.641667,0.532000,1.161991,0.003251,0.528208,0.393971,0.517715,0.212041,0.084738,-0.342360,0.670915,0.082531,0.352483,0.668084,0.067828
6,1.645833,0.532000,1.161991,0.003132,0.528378,0.393817,0.517578,0.191403,0.077123,-0.341727,0.671395,0.084383,0.352956,0.668214,0.068127
6,1.650000,0.532000,1.161990,0.003011,0.528557,0.393656,0.517444,0.171736,0.069661,-0.341077,0.671905,0.086302,0.353432,0.668351,0.068436
6,1.654167,0.532000,1.161989,0.002890,0.528745,0.393492,0.517314,0.153144,0.062461,-0.340394,0.672441,0.088264,0.353930,0.668495,0.068753
6,1.658333,0.532000,1.161988,0.002771,0.528939,0.393325,0.517187,0.135676,0.055597,-0.339700,0.672996,0.090246,0.354429,0.668644,0.069072
6,1.662500,0.532000,1.161987,0.002655,0.529138,0.393159,0.517049,0.119437,0.049207,-0.338986,0.673565,0.092225,0.354939,0.668796,0.069392
6,1.666667,0.532000,1.161985,0.002543,0.529339,0.392995,0.516919,0.104506,0.043351,-0.338268,0.674141,0.094178,0.355446,0.668950,0.069707
6,1.670833,0.532000,1.161983,0.002433,0.529546,0.392811,0.516792,0.090972,0.038023,-0.337534,0.674735,0.096146,0.355961,0.669108,0.070025
6,1.675000,0.532000,1.161981,0.002323,0.529763,0.392577,0.516663,0.078832,0.033105,-0.336782,0.675361,0.098168,0.356477,0.669274,0.070351
6,1.679167,0.532000,1.161979,0.002215,0.529989,0.392340,0.516539,0.067944,0.028580,-0.336016,0.676010,0.100218,0.356995,0.669447,0.070682
6,1.683333,0.532000,1.161976,0.002110,0.530220,0.392101,0.516424,0.058177,0.024445,-0.335241,0.676676,0.102270,0.357512,0.669623,0.071014
6,1.687500,0.532000,1.161974,0.002009,0.530454,0.391865,0.516314,0.049410,0.020668,-0.334469,0.677351,0.104299,0.358019,0.669801,0.071342
6,1.691667,0.532000,1.161971,0.001913,0.530687,0.391633,0.516211,0.041508,0.017249,-0.333698,0.678024,0.106279,0.358522,0.669979,0.071662
6,1.695833,0.532000,1.161968,0.001824,0.530917,0.391410,0.516115,0.034329,0.014155,-0.332947,0.678687,0.108187,0.359006,0.670154,0.071971
6,1.700000,0.532000,1.161965,0.001742,0.531139,0.391197,0.516025,0.027759,0.011382,-0.332209,0.679330,0.109998,0.359482,0.670324,0.072265
6,1.704167,0.532000,1.161963,0.001666,0.531357,0.390992,0.515942,0.022072,0.009012,-0.331497,0.679962,0.111745,0.359934,0.670490,0.072548
6,1.708333,0.532000,1.161960,0.001593,0.531576,0.390789,0.515867,0.017520,0.007113,-0.330784,0.680595,0.113463,0.360384,0.670657,0.072826
6,1.712500,0.532000,1.161957,0.001524,0.531793,0.390591,0.515798,0.013907,0.005614,-0.330099,0.681224,0.115139,0.360805,0.670822,0.073098
6,1.716667,0.532000,1.161954,0.001459,0.532006,0.390400,0.515736,0.011055,0.004422,-0.329422,0.681840,0.116755,0.361221,0.670984,0.073361
6,1.720833,0.532000,1.161951,0.001400,0.532213,0.390216,0.515680,0.008770,0.003476,-0.328785,0.682438,0.118296,0.361602,0.671142,0.073611
6,1.725000,0.532000,1.161948,0.001346,0.532410,0.390044,0.515628,0.006878,0.002688,-0.328164,0.683009,0.119747,0.361977,0.671292,0.073847
6,1.729167,0.532000,1.161946,0.001297,0.532596,0.389883,0.515580,0.005184,0.001987,-0.327597,0.683547,0.121093,0.362311,0.671433,0.074066
6,1.733333,0.532000,1.161943,0.001254,0.532768,0.389737,0.515536,0.003507,0.001301,-0.327055,0.684043,0.122318,0.362636,0.671563,0.074265
6,1.737500,0.532000,1.161941,0.001216,0.532925,0.389604,0.515496,0.002056,0.000717,-0.326574,0.684498,0.123427,0.362918,0.671683,0.074446
6,1.741667,0.532000,1.161939,0.001183,0.533069,0.389482,0.515462,0.001100,0.000338,-0.326115,0.684916,0.124438,0.363192,0.671793,0.074610
6,1.745833,0.532000,1.161937,0.001153,0.533202,0.389372,0.515432,0.000550,0.000126,-0.325715,0.685299,0.125354,0.363423,0.671894,0.074760
6,1.750000,0.532000,1.161935,0.001127,0.533322,0.389273,0.515408,0.000280,0.000041,-0.325335,0.685647,0.126180,0.363648,0.671985,0.074894
6,1.754167,0.532000,1.161933,0.001104,0.533431,0.389183,0.515386,0.000205,0.000027,-0.325014,0.685962,0.126920,0.363828,0.672068,0.075015
6,1.758333,0.532000,1.161932,0.001084,0.533528,0.389104,0.515368,0.000215,0.000051,-0.324712,0.686243,0.127578,0.364004,0.672142,0.075122
6,1.762500,0.532000,1.161930,0.001067,0.533614,0.389034,0.515351,0.000201,0.000068,-0.324467,0.686492,0.128156,0.364138,0.672207,0.075217
6,1.766667,0.532000,1.161929,0.001052,0.533690,0.388973,0.515336,0.000079,0.000020,-0.324240,0.686710,0.128660,0.364266,0.672265,0.075299
6,1.770833,0.532000,1.161928,0.001041,0.533749,0.388926,0.515324,-0.000092,-0.000031,-0.324074,0.686880,0.129052,0.364355,0.672309,0.075363
6,1.775000,0.532000,1.161928,0.001033,0.533788,0.388894,0.515316,-0.000183,-0.000061,-0.323943,0.686995,0.129314,0.364435,0.672339,0.075406
6,1.779167,0.532000,1.161927,0.001029,0.533813,0.388874,0.515312,-0.000183,-0.000061,-0.323865,0.687066,0.129476,0.364480,0.672358,0.075432
6,1.783333,0.532000,1.161927,0.001026,0.533827,0.388863,0.515309,-0.000183,-0.000061,-0.323806,0.687106,0.129568,0.364521,0.672369,0.075448
6,1.787500,0.532000,1.161927,0.001025,0.533835,0.388857,0.515308,-0.000122,-0.000061,-0.323779,0.687129,0.129620,0.364538,0.672375,0.075456
6,1.791667,0.532000,1.161927,0.001023,0.533841,0.388852,0.515307,-0.000061,-0.000031,-0.323754,0.687147,0.129663,0.364555,0.672379,0.075463
6,1.795833,0.532000,1.161927,0.001022,0.533851,0.388844,0.515306,0.000000,0.000000,-0.323735,0.687175,0.129725,0.364561,0.672387,0.075473
6,1.800000,0.532000,1.161927,0.001019,0.533867,0.388831,0.515303,0.000000,0.000000,-0.323704,0.687224,0.129837,0.364570,0.672400,0.075491
