posture,time,chest_y,head_y,chest_velocity,head_velocity,head_forward,head_pitch
False,0.000000,0.6857252,1.1557060,0.000000,0.000000,0.0000000,0.00000
False,0.004167,0.6857252,1.1557060,0.000000,0.000000,-0.0000002,0.00000
False,0.008333,0.6857252,1.1557060,0.000014,0.000000,-0.0000004,0.00000
False,0.012500,0.6857253,1.1557060,0.000014,0.000029,-0.0000004,0.00000
False,0.016667,0.6857253,1.1557060,0.000014,0.000000,-0.0000004,0.00000
False,0.020833,0.6857257,1.1557070,0.000086,0.000086,-0.0000005,0.00000
False,0.025000,0.6857259,1.1557070,0.000057,0.000057,-0.0000008,0.00000
False,0.029167,0.6857265,1.1557070,0.000143,0.000143,-0.0000015,0.00000
False,0.033333,0.6857270,1.1557080,0.000114,0.000114,-0.0000026,0.00000
False,0.037500,0.6857280,1.1557090,0.000229,0.000229,-0.0000039,0.00000
False,0.041667,0.6857288,1.1557100,0.000215,0.000229,-0.0000054,0.00000
False,0.045833,0.6857302,1.1557110,0.000329,0.000315,-0.0000069,0.00000
False,0.050000,0.6857315,1.1557120,0.000300,0.000315,-0.0000088,0.00000
False,0.054167,0.6857334,1.1557140,0.000458,0.000429,-0.0000110,0.00000
False,0.058333,0.6857352,1.1557160,0.000443,0.000458,-0.0000136,0.00000
False,0.062500,0.6857377,1.1557180,0.000587,0.000572,-0.0000167,0.00000
False,0.066667,0.6857401,1.1557210,0.000572,0.000601,-0.0000204,0.00000
False,0.070833,0.6857432,1.1557240,0.000744,0.000715,-0.0000246,0.00000
False,0.075000,0.6857461,1.1557270,0.000715,0.000744,-0.0000290,0.00000
False,0.079167,0.6857499,1.1557310,0.000916,0.000887,-0.0000340,0.00000
False,0.083333,0.6857538,1.1557350,0.000916,0.000916,-0.0000392,0.00000
False,0.087500,0.6857584,1.1557390,0.001101,0.001116,-0.0000451,0.00000
False,0.091667,0.6857629,1.1557440,0.001101,0.001087,-0.0000515,0.00000
False,0.095833,0.6857684,1.1557490,0.001302,0.001316,-0.0000587,0.00000
False,0.100000,0.6857738,1.1557550,0.001316,0.001316,-0.0000666,0.00000
False,0.104167,0.6857802,1.1557610,0.001531,0.001516,-0.0000751,0.00000
False,0.108333,0.6857865,1.1557670,0.001516,0.001516,-0.0000842,0.00000
False,0.112500,0.6857939,1.1557750,0.001760,0.001774,-0.0000938,0.00000
False,0.116667,0.6858013,1.1557820,0.001774,0.001774,-0.0001042,0.00000
False,0.120833,0.6858096,1.1557900,0.002003,0.002003,-0.0001152,0.00000
False,0.125000,0.6858180,1.1557990,0.002003,0.002003,-0.0001268,0.00000
False,0.129167,0.6858274,1.1558080,0.002275,0.002260,-0.0001395,0.00000
False,0.133333,0.6858369,1.1558180,0.002260,0.002289,-0.0001528,0.00000
False,0.137500,0.6858475,1.1558280,0.002546,0.002546,-0.0001671,0.00000
False,0.141667,0.6858581,1.1558390,0.002561,0.002546,-0.0001820,0.00000
False,0.145833,0.6858700,1.1558510,0.002847,0.002832,-0.0001978,0.00000
False,0.150000,0.6858818,1.1558630,0.002832,0.002832,-0.0002142,0.00000
False,0.154167,0.6858948,1.1558760,0.003119,0.003119,-0.0002315,0.00000
False,0.158333,0.6859078,1.1558890,0.003133,0.003119,-0.0002497,0.00000
False,0.162500,0.6859221,1.1559030,0.003433,0.003433,-0.0002689,0.00000
False,0.166667,0.6859365,1.1559170,0.003433,0.003462,-0.0002890,0.00000
False,0.170833,0.6859522,1.1559330,0.003777,0.003748,-0.0003101,0.00000
False,0.175000,0.6859679,1.1559490,0.003762,0.003748,-0.0003320,0.00000
False,0.179167,0.6859849,1.1559660,0.004091,0.004120,-0.0003548,0.00000
False,0.183333,0.6860019,1.1559830,0.004077,0.004063,-0.0003785,0.00000
False,0.187500,0.6860203,1.1560010,0.004420,0.004435,-0.0004032,0.00000
False,0.191667,0.6860389,1.1560190,0.004449,0.004406,-0.0004288,0.00000
False,0.195833,0.6860587,1.1560390,0.004764,0.004778,-0.0004555,0.00000
False,0.200000,0.6860786,1.1560590,0.004778,0.004749,-0.0004833,0.00000
False,0.204167,0.6861000,1.1560810,0.005136,0.005150,-0.0005121,0.00000
False,0.208333,0.6861214,1.1561020,0.005136,0.005150,-0.0005419,-0.01978
False,0.212500,0.6861442,1.1561250,0.005479,0.005436,-0.0005726,-0.01978
False,0.216667,0.6861671,1.1561480,0.005493,0.005493,-0.0006044,-0.01978
False,0.220833,0.6861916,1.1561720,0.005865,0.005865,-0.0006373,-0.01978
False,0.225000,0.6862161,1.1561960,0.005879,0.005865,-0.0006711,-0.01978
False,0.229167,0.6862420,1.1562220,0.006237,0.006208,-0.0007061,-0.01978
False,0.233333,0.6862680,1.1562480,0.006237,0.006237,-0.0007423,-0.01978
False,0.237500,0.6862956,1.1562760,0.006623,0.006580,-0.0007795,-0.01978
False,0.241667,0.6863233,1.1563030,0.006638,0.006638,-0.0008178,-0.02798
False,0.245833,0.6863525,1.1563320,0.007010,0.006981,-0.0008572,-0.02798
False,0.250000,0.6863816,1.1563620,0.006995,0.007010,-0.0008976,-0.02798
False,0.254167,0.6864126,1.1563920,0.007424,0.007353,-0.0009393,-0.02798
False,0.258333,0.6864434,1.1564230,0.007410,0.007410,-0.0009820,-0.03426
False,0.262500,0.6864759,1.1564560,0.007796,0.007811,-0.0010259,-0.03426
False,0.266667,0.6865084,1.1564880,0.007796,0.007725,-0.0010711,-0.03426
False,0.270833,0.6865427,1.1565220,0.008225,0.008211,-0.0011172,-0.03426
False,0.275000,0.6865770,1.1565560,0.008240,0.008183,-0.0011647,-0.03956
False,0.279167,0.6866129,1.1565920,0.008612,0.008612,-0.0012132,-0.03956
False,0.283333,0.6866488,1.1566280,0.008626,0.008583,-0.0012629,-0.04423
False,0.287500,0.6866865,1.1566650,0.009027,0.009012,-0.0013138,-0.04423
False,0.291667,0.6867241,1.1567030,0.009041,0.008984,-0.0013657,-0.04423
False,0.295833,0.6867635,1.1567420,0.009441,0.009441,-0.0014189,-0.04846
False,0.300000,0.6868029,1.1567820,0.009456,0.009441,-0.0014734,-0.04846
False,0.304167,0.6868439,1.1568220,0.009856,0.009785,-0.0015291,-0.05234
False,0.308333,0.6868851,1.1568630,0.009871,0.009813,-0.0015858,-0.05595
False,0.312500,0.6869279,1.1569060,0.010271,0.010242,-0.0016438,-0.05595
False,0.316667,0.6869708,1.1569480,0.010300,0.010214,-0.0017030,-0.05935
False,0.320833,0.6870153,1.1569930,0.010686,0.010672,-0.0017633,-0.06256
False,0.325000,0.6870599,1.1570370,0.010715,0.010643,-0.0018250,-0.06256
False,0.329167,0.6871064,1.1570830,0.011144,0.011072,-0.0018877,-0.06561
False,0.333333,0.6871527,1.1571300,0.011129,0.011072,-0.0019517,-0.06853
False,0.337500,0.6872008,1.1571770,0.011544,0.011473,-0.0020170,-0.07133
False,0.341667,0.6872489,1.1572250,0.011544,0.011473,-0.0020834,-0.07402
False,0.345833,0.6872989,1.1572750,0.011988,0.011902,-0.0021510,-0.07662
False,0.350000,0.6873488,1.1573240,0.011988,0.011930,-0.0022198,-0.07913
False,0.354167,0.6874005,1.1573760,0.012388,0.012302,-0.0022899,-0.08156
False,0.358333,0.6874521,1.1574270,0.012403,0.012302,-0.0023611,-0.08393
False,0.362500,0.6875055,1.1574800,0.012817,0.012760,-0.0024335,-0.08623
False,0.366667,0.6875590,1.1575330,0.012832,0.012703,-0.0025071,-0.09065
False,0.370833,0.6876142,1.1575880,0.013247,0.013161,-0.0025821,-0.09279
False,0.375000,0.6876694,1.1576430,0.013247,0.013132,-0.0026581,-0.09487
False,0.379167,0.6877263,1.1576990,0.013661,0.013590,-0.0027354,-0.09891
False,0.383333,0.6877833,1.1577560,0.013676,0.013533,-0.0028138,-0.10087
False,0.387500,0.6878420,1.1578140,0.014076,0.013990,-0.0028934,-0.10468
False,0.391667,0.6879007,1.1578720,0.014105,0.013990,-0.0029744,-0.10835
False,0.395833,0.6879612,1.1579320,0.014505,0.014362,-0.0030563,-0.11191
False,0.400000,0.6880216,1.1579920,0.014505,0.014391,-0.0031396,-0.11364
False,0.404167,0.6880838,1.1580540,0.014935,0.014791,-0.0032240,-0.11703
False,0.408333,0.6881461,1.1581150,0.014935,0.014763,-0.0033096,-0.12033
False,0.412500,0.6882100,1.1581780,0.015335,0.015192,-0.0033965,-0.12511
False,0.416667,0.6882738,1.1582420,0.015335,0.015192,-0.0034844,-0.12820
False,0.420833,0.6883395,1.1583070,0.015750,0.015621,-0.0035737,-0.13122
False,0.425000,0.6884052,1.1583720,0.015764,0.015564,-0.0036639,-0.13417
False,0.429167,0.6884724,1.1584380,0.016150,0.015993,-0.0037555,-0.13848
False,0.433333,0.6885397,1.1585050,0.016150,0.015965,-0.0038480,-0.14265
False,0.437500,0.6886088,1.1585730,0.016580,0.016394,-0.0039418,-0.14537
False,0.441667,0.6886778,1.1586410,0.016565,0.016365,-0.0040367,-0.14935
False,0.445833,0.6887485,1.1587110,0.016966,0.016766,-0.0041327,-0.15323
False,0.450000,0.6888192,1.1587810,0.016966,0.016766,-0.0042300,-0.15702
False,0.454167,0.6888916,1.1588530,0.017381,0.017195,-0.0043285,-0.16071
False,0.458333,0.6889640,1.1589240,0.017366,0.017138,-0.0044279,-0.16551
False,0.462500,0.6890380,1.1589970,0.017753,0.017509,-0.0045285,-0.16902
False,0.466667,0.6891119,1.1590700,0.017753,0.017509,-0.0046302,-0.17359
False,0.470833,0.6891875,1.1591450,0.018139,0.017910,-0.0047330,-0.17694
False,0.475000,0.6892632,1.1592190,0.018153,0.017881,-0.0048368,-0.18131
False,0.479167,0.6893404,1.1592950,0.018525,0.018282,-0.0049419,-0.18557
False,0.483333,0.6894176,1.1593710,0.018539,0.018253,-0.0050480,-0.18975
False,0.487500,0.6894963,1.1594490,0.018897,0.018625,-0.0051552,-0.19383
False,0.491667,0.6895751,1.1595270,0.018911,0.018654,-0.0052634,-0.19782
False,0.495833,0.6896555,1.1596060,0.019283,0.018940,-0.0053726,-0.20271
False,0.500000,0.6897358,1.1596850,0.019283,0.018997,-0.0054829,-0.20748
False,0.504167,0.6898177,1.1597650,0.019641,0.019312,-0.0055943,-0.21122
False,0.508333,0.6898996,1.1598460,0.019655,0.019312,-0.0057067,-0.21580
False,0.512500,0.6899829,1.1599280,0.019999,0.019684,-0.0058203,-0.22029
False,0.516667,0.6900662,1.1600100,0.019999,0.019655,-0.0059347,-0.22555
False,0.520833,0.6901511,1.1600930,0.020370,0.020027,-0.0060502,-0.22985
False,0.525000,0.6902359,1.1601760,0.020356,0.019999,-0.0061668,-0.23490
False,0.529167,0.6903222,1.1602610,0.020714,0.020342,-0.0062842,-0.23903
False,0.533333,0.6904085,1.1603460,0.020714,0.020313,-0.0064026,-0.24389
False,0.537500,0.6904962,1.1604320,0.021043,0.020657,-0.0065219,-0.24866
False,0.541667,0.6905839,1.1605180,0.021057,0.020657,-0.0066423,-0.25411
False,0.545833,0.6906730,1.1606050,0.021372,0.020943,-0.0067637,-0.25869
False,0.550000,0.6907621,1.1606920,0.021386,0.020943,-0.0068860,-0.26393
False,0.554167,0.6908526,1.1607810,0.021715,0.021286,-0.0070093,-0.26834
False,0.558333,0.6909431,1.1608700,0.021715,0.021286,-0.0071334,-0.27340
False,0.562500,0.6910349,1.1609590,0.022030,0.021515,-0.0072584,-0.27906
False,0.566667,0.6911266,1.1610490,0.022030,0.021601,-0.0073843,-0.28393
False,0.570833,0.6912197,1.1611410,0.022345,0.021887,-0.0075110,-0.28871
False,0.575000,0.6913128,1.1612320,0.022330,0.021801,-0.0076387,-0.29409
False,0.579167,0.6914071,1.1613240,0.022645,0.022144,-0.0077672,-0.29936
False,0.583333,0.6915015,1.1614160,0.022645,0.022144,-0.0078967,-0.30455
False,0.587500,0.6915971,1.1615090,0.022945,0.022402,-0.0080270,-0.31027
False,0.591667,0.6916927,1.1616030,0.022945,0.022373,-0.0081581,-0.31528
False,0.595833,0.6917894,1.1616970,0.023217,0.022688,-0.0082899,-0.32082
False,0.600000,0.6918863,1.1617920,0.023246,0.022688,-0.0084225,-0.32626
False,0.604167,0.6919842,1.1618870,0.023503,0.022917,-0.0085559,-0.33161
False,0.608333,0.6920821,1.1619830,0.023489,0.022945,-0.0086902,-0.33746
False,0.612500,0.6921812,1.1620790,0.023775,0.023146,-0.0088252,-0.34264
False,0.616667,0.6922802,1.1621760,0.023775,0.023117,-0.0089611,-0.34830
False,0.620833,0.6923804,1.1622730,0.024033,0.023432,-0.0090977,-0.35388
False,0.625000,0.6924806,1.1623710,0.024047,0.023403,-0.0092349,-0.35936
False,0.629167,0.6925817,1.1624690,0.024276,0.023603,-0.0093730,-0.36531
False,0.633333,0.6926828,1.1625670,0.024261,0.023603,-0.0095115,-0.37115
False,0.637500,0.6927850,1.1626670,0.024533,0.023832,-0.0096507,-0.37690
False,0.641667,0.6928872,1.1627660,0.024533,0.023861,-0.0097908,-0.38257
False,0.645833,0.6929905,1.1628660,0.024776,0.024061,-0.0099314,-0.38816
False,0.650000,0.6930936,1.1629660,0.024748,0.024033,-0.0100728,-0.39416
False,0.654167,0.6931977,1.1630680,0.024991,0.024261,-0.0102149,-0.40007
False,0.658333,0.6933019,1.1631690,0.024991,0.024233,-0.0103575,-0.40590
False,0.662500,0.6934068,1.1632700,0.025191,0.024433,-0.0105007,-0.41164
False,0.666667,0.6935118,1.1633720,0.025206,0.024433,-0.0106444,-0.41778
False,0.670833,0.6936176,1.1634750,0.025392,0.024605,-0.0107887,-0.42382
False,0.675000,0.6937235,1.1635770,0.025406,0.024605,-0.0109336,-0.42978
False,0.679167,0.6938301,1.1636800,0.025592,0.024748,-0.0110791,-0.43566
False,0.683333,0.6939367,1.1637830,0.025578,0.024748,-0.0112252,-0.44191
False,0.687500,0.6940442,1.1638880,0.025792,0.024977,-0.0113720,-0.44806
False,0.691667,0.6941516,1.1639910,0.025778,0.024891,-0.0115190,-0.45413
False,0.695833,0.6942597,1.1640960,0.025949,0.025091,-0.0116665,-0.46013
False,0.700000,0.6943679,1.1642000,0.025964,0.025063,-0.0118145,-0.46646
False,0.704167,0.6944767,1.1643050,0.026121,0.025234,-0.0119629,-0.47230
False,0.708333,0.6945855,1.1644100,0.026107,0.025148,-0.0121118,-0.47888
False,0.712500,0.6946949,1.1645160,0.026250,0.025349,-0.0122612,-0.48497
False,0.716667,0.6948043,1.1646210,0.026250,0.025320,-0.0124110,-0.49099
False,0.720833,0.6949143,1.1647270,0.026422,0.025463,-0.0125612,-0.49732
False,0.725000,0.6950245,1.1648330,0.026436,0.025434,-0.0127119,-0.50358
False,0.729167,0.6951350,1.1649400,0.026522,0.025549,-0.0128628,-0.51014
False,0.733333,0.6952456,1.1650460,0.026550,0.025549,-0.0130141,-0.51624
False,0.737500,0.6953567,1.1651530,0.026665,0.025663,-0.0131656,-0.52265
False,0.741667,0.6954678,1.1652600,0.026665,0.025663,-0.0133175,-0.52897
False,0.745833,0.6955793,1.1653670,0.026765,0.025692,-0.0134698,-0.53559
False,0.750000,0.6956909,1.1654740,0.026765,0.025721,-0.0136225,-0.54176
False,0.754167,0.6958029,1.1655820,0.026879,0.025778,-0.0137755,-0.54823
False,0.758333,0.6959149,1.1656890,0.026879,0.025806,-0.0139287,-0.55461
False,0.762500,0.6960272,1.1657970,0.026951,0.025864,-0.0140820,-0.56128
False,0.766667,0.6961395,1.1659050,0.026965,0.025864,-0.0142356,-0.56752
False,0.770833,0.6962522,1.1660130,0.027037,0.025921,-0.0143893,-0.57403
False,0.775000,0.6963649,1.1661210,0.027051,0.025892,-0.0145433,-0.58047
False,0.779167,0.6964778,1.1662290,0.027094,0.025978,-0.0146976,-0.58718
False,0.783333,0.6965907,1.1663370,0.027094,0.025892,-0.0148521,-0.59347
False,0.787500,0.6967039,1.1664450,0.027165,0.026007,-0.0150067,-0.60003
False,0.791667,0.6968170,1.1665530,0.027165,0.025949,-0.0151615,-0.60684
False,0.795833,0.6969304,1.1666620,0.027208,0.025978,-0.0153163,-0.61326
False,0.800000,0.6970438,1.1667700,0.027208,0.026035,-0.0154711,-0.61992
False,0.804167,0.6971572,1.1668780,0.027223,0.025949,-0.0156261,-0.62620
False,0.808333,0.6972706,1.1669870,0.027223,0.026035,-0.0157810,-0.63304
False,0.812500,0.6973842,1.1670950,0.027266,0.025978,-0.0159364,-0.63950
False,0.816667,0.6974978,1.1672030,0.027266,0.026035,-0.0160916,-0.64619
False,0.820833,0.6976115,1.1673110,0.027280,0.025949,-0.0162469,-0.65252
False,0.825000,0.6977252,1.1674200,0.027280,0.025978,-0.0164022,-0.65938
False,0.829167,0.6978388,1.1675280,0.027266,0.025949,-0.0165576,-0.66588
False,0.833333,0.6979524,1.1676360,0.027266,0.025949,-0.0167127,-0.67231
False,0.837500,0.6980660,1.1677440,0.027266,0.025949,-0.0168678,-0.67897
False,0.841667,0.6981795,1.1678520,0.027251,0.025892,-0.0170230,-0.68557
False,0.845833,0.6982931,1.1679600,0.027251,0.025921,-0.0171781,-0.69239
False,0.850000,0.6984066,1.1680680,0.027237,0.025835,-0.0173332,-0.69886
False,0.854167,0.6985199,1.1681750,0.027194,0.025864,-0.0174881,-0.70554
False,0.858333,0.6986333,1.1682830,0.027208,0.025778,-0.0176429,-0.71217
False,0.862500,0.6987464,1.1683900,0.027151,0.025749,-0.0177976,-0.71873
False,0.866667,0.6988595,1.1684970,0.027137,0.025749,-0.0179520,-0.72524
False,0.870833,0.6989724,1.1686040,0.027108,0.025721,-0.0181062,-0.73195
False,0.875000,0.6990855,1.1687110,0.027137,0.025635,-0.0182605,-0.73834
False,0.879167,0.6991981,1.1688180,0.027022,0.025635,-0.0184145,-0.74494
False,0.883333,0.6993108,1.1689250,0.027051,0.025578,-0.0185684,-0.75173
False,0.887500,0.6994231,1.1690310,0.026951,0.025492,-0.0187221,-0.75821
False,0.891667,0.6995354,1.1691370,0.026965,0.025463,-0.0188754,-0.76489
False,0.895833,0.6996474,1.1692430,0.026865,0.025377,-0.0190284,-0.77126
False,0.900000,0.6997593,1.1693490,0.026865,0.025406,-0.0191811,-0.77783
False,0.904167,0.6998709,1.1694540,0.026779,0.025263,-0.0193335,-0.78459
False,0.908333,0.6999825,1.1695590,0.026779,0.025263,-0.0194858,-0.79105
False,0.912500,0.7000936,1.1696640,0.026665,0.025148,-0.0196377,-0.79746
False,0.916667,0.7002047,1.1697690,0.026665,0.025177,-0.0197895,-0.80406
False,0.920833,0.7003152,1.1698730,0.026536,0.024977,-0.0199406,-0.81060
False,0.925000,0.7004258,1.1699770,0.026536,0.025005,-0.0200915,-0.81709
False,0.929167,0.7005358,1.1700810,0.026407,0.024834,-0.0202421,-0.82353
False,0.933333,0.7006459,1.1701840,0.026407,0.024862,-0.0203921,-0.83016
False,0.937500,0.7007553,1.1702870,0.026264,0.024719,-0.0205417,-0.83650
False,0.941667,0.7008647,1.1703900,0.026264,0.024691,-0.0206909,-0.84302
False,0.945833,0.7009736,1.1704920,0.026121,0.024548,-0.0208398,-0.84950
False,0.950000,0.7010824,1.1705940,0.026121,0.024519,-0.0209884,-0.85592
False,0.954167,0.7011906,1.1706960,0.025964,0.024319,-0.0211363,-0.86230
False,0.958333,0.7012987,1.1707970,0.025949,0.024376,-0.0212839,-0.86863
False,0.962500,0.7014061,1.1708980,0.025778,0.024176,-0.0214307,-0.87514
False,0.966667,0.7015135,1.1709990,0.025778,0.024176,-0.0215771,-0.88138
False,0.970833,0.7016202,1.1710990,0.025592,0.023975,-0.0217228,-0.88779
False,0.975000,0.7017268,1.1711990,0.025592,0.023975,-0.0218682,-0.89394
False,0.979167,0.7018326,1.1712980,0.025392,0.023775,-0.0220131,-0.90027
False,0.983333,0.7019384,1.1713970,0.025392,0.023775,-0.0221573,-0.90655
False,0.987500,0.7020434,1.1714950,0.025206,0.023546,-0.0223011,-0.91279
False,0.991667,0.7021484,1.1715930,0.025206,0.023575,-0.0224441,-0.91898
False,0.995833,0.7022526,1.1716900,0.024991,0.023346,-0.0225867,-0.92535
False,1.000000,0.7023566,1.1717880,0.024977,0.023375,-0.0227283,-0.93146
False,1.004167,0.7024598,1.1718840,0.024762,0.023088,-0.0228695,-0.93774
False,1.008333,0.7025629,1.1719800,0.024748,0.023088,-0.0230100,-0.94378
False,1.012500,0.7026652,1.1720760,0.024533,0.022888,-0.0231500,-0.94998
False,1.016667,0.7027673,1.1721710,0.024519,0.022888,-0.0232892,-0.95593
False,1.020833,0.7028685,1.1722650,0.024276,0.022602,-0.0234278,-0.96205
False,1.025000,0.7029697,1.1723590,0.024304,0.022659,-0.0235658,-0.96813
False,1.029167,0.7030699,1.1724530,0.024033,0.022373,-0.0237029,-0.97418
False,1.033333,0.7031701,1.1725460,0.024047,0.022402,-0.0238391,-0.98019
False,1.037500,0.7032691,1.1726380,0.023761,0.022116,-0.0239745,-0.98616
False,1.041667,0.7033681,1.1727300,0.023775,0.022087,-0.0241095,-0.99209
False,1.045833,0.7034661,1.1728210,0.023503,0.021858,-0.0242436,-0.99799
False,1.050000,0.7035640,1.1729120,0.023518,0.021858,-0.0243769,-1.00386
False,1.054167,0.7036608,1.1730020,0.023217,0.021544,-0.0245096,-1.00969
False,1.058333,0.7037576,1.1730920,0.023232,0.021515,-0.0246413,-1.01549
False,1.062500,0.7038532,1.1731810,0.022945,0.021372,-0.0247722,-1.02125
False,1.066667,0.7039487,1.1732690,0.022931,0.021257,-0.0249022,-1.02698
False,1.070833,0.7040431,1.1733570,0.022645,0.020971,-0.0250313,-1.03268
False,1.075000,0.7041374,1.1734440,0.022645,0.021029,-0.0251597,-1.03835
False,1.079167,0.7042304,1.1735310,0.022316,0.020685,-0.0252872,-1.04399
False,1.083333,0.7043235,1.1736170,0.022330,0.020685,-0.0254139,-1.04960
False,1.087500,0.7044153,1.1737020,0.022044,0.020370,-0.0255396,-1.05518
False,1.091667,0.7045072,1.1737870,0.022044,0.020428,-0.0256646,-1.06073
False,1.095833,0.7045977,1.1738700,0.021715,0.020084,-0.0257886,-1.06625
False,1.100000,0.7046881,1.1739540,0.021701,0.020084,-0.0259113,-1.07174
False,1.104167,0.7047772,1.1740370,0.021386,0.019798,-0.0260334,-1.07720
False,1.108333,0.7048663,1.1741190,0.021386,0.019712,-0.0261545,-1.08264
False,1.112500,0.7049540,1.1742000,0.021043,0.019455,-0.0262748,-1.08787
False,1.116667,0.7050417,1.1742810,0.021057,0.019455,-0.0263941,-1.09325
False,1.120833,0.7051280,1.1743600,0.020714,0.019083,-0.0265124,-1.09861
False,1.125000,0.7052143,1.1744400,0.020700,0.019140,-0.0266297,-1.10376
False,1.129167,0.7052991,1.1745180,0.020356,0.018768,-0.0267460,-1.10906
False,1.133333,0.7053839,1.1745960,0.020356,0.018740,-0.0268612,-1.11417
False,1.137500,0.7054673,1.1746730,0.020027,0.018454,-0.0269755,-1.11925
False,1.141667,0.7055507,1.1747500,0.020013,0.018454,-0.0270888,-1.12448
False,1.145833,0.7056326,1.1748260,0.019655,0.018110,-0.0272009,-1.12952
False,1.150000,0.7057145,1.1749010,0.019641,0.018053,-0.0273123,-1.13453
False,1.154167,0.7057948,1.1749750,0.019283,0.017767,-0.0274224,-1.13935
False,1.158333,0.7058752,1.1750490,0.019283,0.017767,-0.0275316,-1.14432
False,1.162500,0.7059539,1.1751210,0.018897,0.017395,-0.0276398,-1.14927
False,1.166667,0.7060326,1.1751940,0.018897,0.017366,-0.0277467,-1.15403
False,1.170833,0.7061099,1.1752650,0.018539,0.017023,-0.0278524,-1.15877
False,1.175000,0.7061871,1.1753360,0.018539,0.017023,-0.0279573,-1.16365
False,1.179167,0.7062627,1.1754050,0.018139,0.016680,-0.0280610,-1.16835
False,1.183333,0.7063383,1.1754750,0.018139,0.016680,-0.0281637,-1.17303
False,1.187500,0.7064123,1.1755420,0.017767,0.016279,-0.0282652,-1.17753
False,1.191667,0.7064863,1.1756100,0.017753,0.016308,-0.0283657,-1.18217
False,1.195833,0.7065586,1.1756770,0.017366,0.015907,-0.0284650,-1.18663
False,1.200000,0.7066309,1.1757430,0.017352,0.015907,-0.0285631,-1.19108
False,1.204167,0.7067017,1.1758080,0.016980,0.015593,-0.0286602,-1.19550
False,1.208333,0.7067724,1.1758730,0.016980,0.015564,-0.0287560,-1.19992
False,1.212500,0.7068415,1.1759360,0.016565,0.015163,-0.0288508,-1.20431
False,1.216667,0.7069105,1.1759990,0.016565,0.015163,-0.0289444,-1.20853
False,1.220833,0.7069778,1.1760610,0.016150,0.014791,-0.0290369,-1.21273
False,1.225000,0.7070451,1.1761220,0.016150,0.014791,-0.0291283,-1.21708
False,1.229167,0.7071108,1.1761820,0.015764,0.014391,-0.0292184,-1.22109
False,1.233333,0.7071764,1.1762430,0.015750,0.014448,-0.0293074,-1.22525
False,1.237500,0.7072403,1.1763010,0.015335,0.014048,-0.0293951,-1.22924
False,1.241667,0.7073042,1.1763600,0.015349,0.014019,-0.0294817,-1.23337
False,1.245833,0.7073665,1.1764160,0.014935,0.013618,-0.0295672,-1.23733
False,1.250000,0.7074286,1.1764730,0.014920,0.013647,-0.0296515,-1.24112
False,1.254167,0.7074891,1.1765280,0.014505,0.013218,-0.0297345,-1.24506
False,1.258333,0.7075495,1.1765840,0.014505,0.013304,-0.0298164,-1.24882
False,1.262500,0.7076083,1.1766370,0.014105,0.012875,-0.0298972,-1.25258
False,1.266667,0.7076670,1.1766910,0.014091,0.012846,-0.0299766,-1.25632
False,1.270833,0.7077239,1.1767430,0.013661,0.012474,-0.0300549,-1.25990
False,1.275000,0.7077809,1.1767950,0.013676,0.012474,-0.0301321,-1.26347
False,1.279167,0.7078361,1.1768450,0.013247,0.012102,-0.0302080,-1.26702
False,1.283333,0.7078912,1.1768950,0.013232,0.012074,-0.0302826,-1.27057
False,1.287500,0.7079447,1.1769440,0.012832,0.011644,-0.0303562,-1.27411
False,1.291667,0.7079982,1.1769930,0.012832,0.011730,-0.0304285,-1.27748
False,1.295833,0.7080498,1.1770400,0.012388,0.011301,-0.0304996,-1.28085
False,1.300000,0.7081015,1.1770870,0.012417,0.011301,-0.0305694,-1.28405
False,1.304167,0.7081513,1.1771320,0.011959,0.010872,-0.0306381,-1.28740
False,1.308333,0.7082012,1.1771780,0.011959,0.010929,-0.0307057,-1.29059
False,1.312500,0.7082493,1.1772220,0.011559,0.010500,-0.0307719,-1.29377
False,1.316667,0.7082976,1.1772660,0.011573,0.010529,-0.0308369,-1.29679
False,1.320833,0.7083439,1.1773080,0.011115,0.010157,-0.0309007,-1.29980
False,1.325000,0.7083902,1.1773500,0.011129,0.010128,-0.0309634,-1.30281
False,1.329167,0.7084349,1.1773910,0.010715,0.009756,-0.0310249,-1.30581
False,1.333333,0.7084795,1.1774310,0.010715,0.009727,-0.0310851,-1.30866
False,1.337500,0.7085223,1.1774700,0.010271,0.009327,-0.0311441,-1.31150
False,1.341667,0.7085651,1.1775090,0.010271,0.009356,-0.0312021,-1.31433
False,1.345833,0.7086062,1.1775470,0.009871,0.008984,-0.0312587,-1.31715
False,1.350000,0.7086474,1.1775840,0.009885,0.008984,-0.0313141,-1.31982
False,1.354167,0.7086868,1.1776200,0.009441,0.008583,-0.0313685,-1.32234
False,1.358333,0.7087262,1.1776550,0.009456,0.008583,-0.0314215,-1.32500
False,1.362500,0.7087638,1.1776900,0.009027,0.008183,-0.0314735,-1.32751
False,1.366667,0.7088014,1.1777240,0.009041,0.008240,-0.0315243,-1.33002
False,1.370833,0.7088373,1.1777560,0.008612,0.007811,-0.0315739,-1.33251
False,1.375000,0.7088733,1.1777890,0.008626,0.007811,-0.0316223,-1.33486
False,1.379167,0.7089075,1.1778200,0.008211,0.007439,-0.0316695,-1.33721
False,1.383333,0.7089418,1.1778510,0.008225,0.007496,-0.0317156,-1.33940
False,1.387500,0.7089743,1.1778810,0.007811,0.007095,-0.0317606,-1.34173
False,1.391667,0.7090068,1.1779100,0.007811,0.007067,-0.0318044,-1.34392
False,1.395833,0.7090377,1.1779380,0.007410,0.006752,-0.0318471,-1.34596
False,1.400000,0.7090686,1.1779660,0.007410,0.006695,-0.0318887,-1.34814
False,1.404167,0.7090978,1.1779930,0.007010,0.006351,-0.0319291,-1.35017
False,1.408333,0.7091271,1.1780190,0.007024,0.006409,-0.0319684,-1.35205
False,1.412500,0.7091546,1.1780440,0.006609,0.005980,-0.0320066,-1.35408
False,1.416667,0.7091823,1.1780690,0.006638,0.006037,-0.0320437,-1.35595
False,1.420833,0.7092083,1.1780930,0.006237,0.005665,-0.0320797,-1.35783
False,1.425000,0.7092343,1.1781170,0.006251,0.005665,-0.0321146,-1.35956
False,1.429167,0.7092587,1.1781390,0.005865,0.005293,-0.0321485,-1.36128
False,1.433333,0.7092832,1.1781610,0.005865,0.005293,-0.0321813,-1.36301
False,1.437500,0.7093060,1.1781820,0.005479,0.005007,-0.0322132,-1.36473
False,1.441667,0.7093289,1.1782020,0.005507,0.004978,-0.0322439,-1.36630
False,1.445833,0.7093503,1.1782220,0.005121,0.004663,-0.0322735,-1.36788
False,1.450000,0.7093717,1.1782410,0.005136,0.004663,-0.0323021,-1.36931
False,1.454167,0.7093915,1.1782590,0.004764,0.004292,-0.0323297,-1.37088
False,1.458333,0.7094114,1.1782770,0.004778,0.004320,-0.0323563,-1.37231
False,1.462500,0.7094299,1.1782940,0.004420,0.004005,-0.0323819,-1.37359
False,1.466667,0.7094483,1.1783110,0.004420,0.004005,-0.0324067,-1.37501
False,1.470833,0.7094653,1.1783260,0.004091,0.003719,-0.0324305,-1.37629
False,1.475000,0.7094824,1.1783410,0.004091,0.003691,-0.0324533,-1.37757
False,1.479167,0.7094981,1.1783560,0.003777,0.003405,-0.0324750,-1.37871
False,1.483333,0.7095137,1.1783700,0.003748,0.003433,-0.0324959,-1.37984
False,1.487500,0.7095281,1.1783830,0.003448,0.003090,-0.0325158,-1.38098
False,1.491667,0.7095425,1.1783960,0.003448,0.003147,-0.0325348,-1.38211
False,1.495833,0.7095554,1.1784080,0.003119,0.002804,-0.0325531,-1.38310
False,1.500000,0.7095686,1.1784190,0.003147,0.002861,-0.0325706,-1.38409
False,1.504167,0.7095804,1.1784300,0.002832,0.002546,-0.0325872,-1.38508
False,1.508333,0.7095922,1.1784410,0.002832,0.002604,-0.0326028,-1.38607
False,1.512500,0.7096027,1.1784500,0.002532,0.002260,-0.0326177,-1.38692
False,1.516667,0.7096133,1.1784600,0.002532,0.002289,-0.0326318,-1.38776
False,1.520833,0.7096227,1.1784680,0.002275,0.002060,-0.0326449,-1.38861
False,1.525000,0.7096322,1.1784770,0.002275,0.002060,-0.0326573,-1.38931
False,1.529167,0.7096406,1.1784850,0.002017,0.001831,-0.0326692,-1.39002
False,1.533333,0.7096490,1.1784920,0.002003,0.001831,-0.0326803,-1.39072
False,1.537500,0.7096564,1.1784990,0.001774,0.001574,-0.0326909,-1.39142
False,1.541667,0.7096637,1.1785060,0.001760,0.001602,-0.0327005,-1.39213
False,1.545833,0.7096701,1.1785110,0.001531,0.001373,-0.0327094,-1.39269
False,1.550000,0.7096764,1.1785170,0.001531,0.001402,-0.0327177,-1.39325
False,1.554167,0.7096819,1.1785220,0.001302,0.001173,-0.0327253,-1.39381
False,1.558333,0.7096873,1.1785270,0.001302,0.001202,-0.0327324,-1.39423
False,1.562500,0.7096919,1.1785310,0.001101,0.000973,-0.0327389,-1.39480
False,1.566667,0.7096965,1.1785350,0.001116,0.001001,-0.0327450,-1.39522
False,1.570833,0.7097003,1.1785390,0.000901,0.000830,-0.0327506,-1.39564
False,1.575000,0.7097040,1.1785420,0.000901,0.000801,-0.0327556,-1.39606
False,1.579167,0.7097071,1.1785450,0.000744,0.000687,-0.0327599,-1.39634
False,1.583333,0.7097102,1.1785480,0.000730,0.000658,-0.0327637,-1.39676
False,1.587500,0.7097127,1.1785500,0.000601,0.000544,-0.0327672,-1.39704
False,1.591667,0.7097151,1.1785520,0.000587,0.000515,-0.0327702,-1.39732
False,1.595833,0.7097170,1.1785540,0.000443,0.000429,-0.0327730,-1.39760
False,1.600000,0.7097187,1.1785550,0.000415,0.000372,-0.0327755,-1.39788
False,1.604167,0.7097201,1.1785570,0.000329,0.000286,-0.0327777,-1.39816
False,1.608333,0.7097214,1.1785580,0.000329,0.000286,-0.0327795,-1.39830
False,1.612500,0.7097223,1.1785590,0.000215,0.000200,-0.0327808,-1.39858
False,1.616667,0.7097232,1.1785590,0.000200,0.000200,-0.0327820,-1.39872
False,1.620833,0.7097238,1.1785600,0.000143,0.000114,-0.0327827,-1.39886
False,1.625000,0.7097243,1.1785600,0.000129,0.000143,-0.0327833,-1.39900
False,1.629167,0.7097246,1.1785610,0.000072,0.000029,-0.0327836,-1.39914
False,1.633333,0.7097249,1.1785610,0.000072,0.000086,-0.0327839,-1.39914
False,1.637500,0.7097250,1.1785610,0.000029,0.000029,-0.0327848,-1.39942
False,1.641667,0.7097251,1.1785610,0.000014,0.000000,-0.0327867,-1.39998
False,1.645833,0.7097251,1.1785610,0.000000,-0.000057,-0.0327889,-1.40054
False,1.650000,0.7097251,1.1785610,0.000000,-0.000029,-0.0327907,-1.40095
False,1.654167,0.7097250,1.1785610,-0.000029,-0.000029,-0.0327911,-1.40123
False,1.658333,0.7097249,1.1785600,-0.000014,-0.000029,-0.0327897,-1.40095
False,1.662500,0.7097241,1.1785600,-0.000200,-0.000143,-0.0327853,-1.39998
False,1.666667,0.7097232,1.1785590,-0.000215,-0.000114,-0.0327773,-1.39816
False,1.670833,0.7097208,1.1785580,-0.000558,-0.000372,-0.0327673,-1.39592
False,1.675000,0.7097185,1.1785560,-0.000558,-0.000401,-0.0327573,-1.39353
False,1.679167,0.7097141,1.1785530,-0.001073,-0.000887,-0.0327450,-1.39072
False,1.683333,0.7097096,1.1785490,-0.001073,-0.000858,-0.0327301,-1.38734
False,1.687500,0.7097024,1.1785430,-0.001717,-0.001431,-0.0327101,-1.38324
False,1.691667,0.7096953,1.1785370,-0.001717,-0.001373,-0.0326846,-1.37786
False,1.695833,0.7096847,1.1785290,-0.002546,-0.002031,-0.0326510,-1.37131
False,1.700000,0.7096741,1.1785210,-0.002532,-0.001917,-0.0326093,-1.36315
False,1.704167,0.7096597,1.1785090,-0.003462,-0.002747,-0.0325599,-1.35379
False,1.708333,0.7096453,1.1784980,-0.003462,-0.002718,-0.0325065,-1.34319
False,1.712500,0.7096263,1.1784830,-0.004549,-0.003662,-0.0324459,-1.33163
False,1.716667,0.7096075,1.1784680,-0.004520,-0.003576,-0.0323793,-1.31879
False,1.720833,0.7095836,1.1784490,-0.005722,-0.004635,-0.0323032,-1.30476
False,1.725000,0.7095598,1.1784300,-0.005722,-0.004492,-0.0322189,-1.28953
False,1.729167,0.7095305,1.1784060,-0.007024,-0.005693,-0.0321229,-1.27303
False,1.733333,0.7095012,1.1783830,-0.007038,-0.005465,-0.0320163,-1.25507
False,1.737500,0.7094662,1.1783550,-0.008411,-0.006752,-0.0318981,-1.23559
False,1.741667,0.7094311,1.1783280,-0.008411,-0.006609,-0.0317727,-1.21483
False,1.745833,0.7093898,1.1782940,-0.009913,-0.008011,-0.0316364,-1.19272
False,1.750000,0.7093485,1.1782620,-0.009913,-0.007839,-0.0314910,-1.16952
False,1.754167,0.7093006,1.1782230,-0.011487,-0.009270,-0.0313332,-1.14501
False,1.758333,0.7092527,1.1781850,-0.011501,-0.009184,-0.0311648,-1.11925
False,1.762500,0.7091978,1.1781410,-0.013175,-0.010614,-0.0309820,-1.09271
False,1.766667,0.7091430,1.1780970,-0.013161,-0.010443,-0.0307871,-1.06514
False,1.770833,0.7090809,1.1780470,-0.014892,-0.012102,-0.0305779,-1.03647
False,1.775000,0.7090188,1.1779970,-0.014906,-0.011845,-0.0303590,-1.00639
False,1.779167,0.7089492,1.1779410,-0.016708,-0.013533,-0.0301262,-0.97518
False,1.783333,0.7088796,1.1778850,-0.016694,-0.013418,-0.0298826,-0.94295
False,1.787500,0.7088023,1.1778220,-0.018568,-0.015135,-0.0296239,-0.91000
False,1.791667,0.7087249,1.1777600,-0.018568,-0.014963,-0.0293534,-0.87626
False,1.795833,0.7086395,1.1776900,-0.020499,-0.016737,-0.0290666,-0.84186
False,1.800000,0.7085541,1.1776210,-0.020499,-0.016565,-0.0287669,-0.80721
False,1.804167,0.7084606,1.1775440,-0.022430,-0.018368,-0.0284511,-0.77177
False,1.808333,0.7083672,1.1774680,-0.022430,-0.018196,-0.0281235,-0.73568
False,1.812500,0.7082653,1.1773850,-0.024447,-0.020113,-0.0277803,-0.69858
False,1.816667,0.7081634,1.1773010,-0.024447,-0.019999,-0.0274248,-0.66086
False,1.820833,0.7080531,1.1772100,-0.026493,-0.021858,-0.0270530,-0.62275
False,1.825000,0.7079427,1.1771190,-0.026479,-0.021772,-0.0266683,-0.58450
False,1.829167,0.7078237,1.1770210,-0.028567,-0.023689,-0.0262667,-0.54608
False,1.833333,0.7077047,1.1769230,-0.028553,-0.023575,-0.0258516,-0.50783
False,1.837500,0.7075771,1.1768160,-0.030627,-0.025549,-0.0254195,-0.46939
False,1.841667,0.7074495,1.1767100,-0.030627,-0.025434,-0.0249745,-0.43069
False,1.845833,0.7073131,1.1765960,-0.032744,-0.027466,-0.0245127,-0.39167
False,1.850000,0.7071766,1.1764820,-0.032744,-0.027380,-0.0240378,-0.35222
False,1.854167,0.7070314,1.1763590,-0.034847,-0.029411,-0.0235461,-0.31341
False,1.858333,0.7068863,1.1762370,-0.034833,-0.029325,-0.0230413,-0.27411
False,1.862500,0.7067322,1.1761060,-0.036979,-0.031385,-0.0225192,-0.23573
False,1.866667,0.7065782,1.1759750,-0.036964,-0.031357,-0.0219840,-0.19683
False,1.870833,0.7064154,1.1758360,-0.039082,-0.033417,-0.0214315,-0.15949
False,1.875000,0.7062526,1.1756970,-0.039067,-0.033360,-0.0208654,-0.12195
False,1.879167,0.7060809,1.1755490,-0.041199,-0.035477,-0.0202824,-0.08393
False,1.883333,0.7059092,1.1754020,-0.041213,-0.035448,-0.0196862,-0.04423
False,1.887500,0.7057289,1.1752450,-0.043273,-0.037537,-0.0190731,0.00000
False,1.891667,0.7055486,1.1750890,-0.043273,-0.037537,-0.0184472,0.02798
False,1.895833,0.7053595,1.1749240,-0.045376,-0.039682,-0.0178046,0.06256
False,1.900000,0.7051705,1.1747580,-0.045376,-0.039711,-0.0171495,0.09891
False,1.904167,0.7049728,1.1745840,-0.047436,-0.041771,-0.0164772,0.13417
False,1.908333,0.7047752,1.1744100,-0.047436,-0.041885,-0.0157919,0.16902
False,1.912500,0.7045690,1.1742270,-0.049467,-0.043917,-0.0150896,0.20367
False,1.916667,0.7043629,1.1740430,-0.049481,-0.044060,-0.0143747,0.23739
False,1.920833,0.7041484,1.1738510,-0.051470,-0.046091,-0.0136436,0.27052
False,1.925000,0.7039339,1.1736580,-0.051484,-0.046291,-0.0129005,0.30390
False,1.929167,0.7037112,1.1734570,-0.053444,-0.048323,-0.0121416,0.33630
False,1.933333,0.7034885,1.1732540,-0.053458,-0.048523,-0.0113711,0.36904
False,1.937500,0.7032577,1.1730440,-0.055389,-0.050526,-0.0105850,0.40056
False,1.941667,0.7030269,1.1728330,-0.055389,-0.050726,-0.0097860,0.43160
False,1.945833,0.7027883,1.1726130,-0.057263,-0.052786,-0.0089712,0.46225
False,1.950000,0.7025496,1.1723920,-0.057278,-0.052958,-0.0081445,0.49258
False,1.954167,0.7023033,1.1721630,-0.059123,-0.054989,-0.0073028,0.52265
False,1.958333,0.7020568,1.1719330,-0.059152,-0.055275,-0.0064501,0.55249
False,1.962500,0.7018030,1.1716940,-0.060925,-0.057249,-0.0055835,0.58249
False,1.966667,0.7015491,1.1714540,-0.060925,-0.057507,-0.0047067,0.61230
False,1.970833,0.7012880,1.1712070,-0.062656,-0.059481,-0.0038158,0.64224
False,1.975000,0.7010269,1.1709580,-0.062685,-0.059767,-0.0029129,0.67173
False,1.979167,0.7007587,1.1707000,-0.064359,-0.061741,-0.0019958,0.70081
False,1.983333,0.7004905,1.1704420,-0.064359,-0.062027,-0.0010679,0.73008
False,1.987500,0.7002156,1.1701750,-0.065975,-0.063972,-0.0001268,0.75950
False,1.991667,0.6999406,1.1699070,-0.066018,-0.064287,0.0008237,0.78907
False,1.995833,0.6996592,1.1696320,-0.067534,-0.066175,0.0017861,0.81948
False,2.000000,0.6993777,1.1693550,-0.067549,-0.066519,0.0027568,0.85042
False,2.004167,0.6990899,1.1690700,-0.069065,-0.068407,0.0037401,0.88204
False,2.008333,0.6988022,1.1687830,-0.069051,-0.068750,0.0047336,0.91386
False,2.012500,0.6985085,1.1684890,-0.070496,-0.070610,0.0057396,0.94626
False,2.016667,0.6982148,1.1681930,-0.070496,-0.070925,0.0067545,0.97899
False,2.020833,0.6979154,1.1678900,-0.071840,-0.072784,0.0077807,1.01220
False,2.025000,0.6976160,1.1675850,-0.071855,-0.073156,0.0088145,1.04586
False,2.029167,0.6973113,1.1672730,-0.073142,-0.074873,0.0098578,1.08010
False,2.033333,0.6970065,1.1669590,-0.073142,-0.075331,0.0109074,1.11487
False,2.037500,0.6966966,1.1666390,-0.074387,-0.076990,0.0119671,1.15012
False,2.041667,0.6963868,1.1663160,-0.074358,-0.077448,0.0130354,1.18597
False,2.045833,0.6960722,1.1659870,-0.075488,-0.079050,0.0141139,1.22237
False,2.050000,0.6957578,1.1656550,-0.075459,-0.079479,0.0151995,1.25928
False,2.054167,0.6954389,1.1653170,-0.076547,-0.081110,0.0162939,1.29649
False,2.058333,0.6951199,1.1649780,-0.076561,-0.081539,0.0173937,1.33428
False,2.062500,0.6947969,1.1646320,-0.077505,-0.083027,0.0185005,1.37245
False,2.066667,0.6944739,1.1642840,-0.077534,-0.083542,0.0196114,1.41098
False,2.070833,0.6941472,1.1639300,-0.078406,-0.084915,0.0207297,1.44996
False,2.075000,0.6938205,1.1635740,-0.078406,-0.085487,0.0218546,1.48938
False,2.079167,0.6934903,1.1632120,-0.079236,-0.086803,0.0229873,1.52931
False,2.083333,0.6931603,1.1628480,-0.079207,-0.087347,0.0241251,1.56960
False,2.087500,0.6928272,1.1624790,-0.079951,-0.088606,0.0252686,1.61022
False,2.091667,0.6924942,1.1621070,-0.079923,-0.089121,0.0264156,1.65126
False,2.095833,0.6921583,1.1617310,-0.080595,-0.090322,0.0275666,1.69270
False,2.100000,0.6918226,1.1613530,-0.080566,-0.090837,0.0287194,1.73438
False,2.104167,0.6914847,1.1609690,-0.081110,-0.091953,0.0298767,1.77630
False,2.108333,0.6911468,1.1605840,-0.081096,-0.092440,0.0310386,1.81876
False,2.112500,0.6908068,1.1601950,-0.081596,-0.093555,0.0322053,1.86152
False,2.116667,0.6904669,1.1598020,-0.081568,-0.094099,0.0333750,1.90465
False,2.120833,0.6901256,1.1594070,-0.081925,-0.094957,0.0345473,1.94803
False,2.125000,0.6897842,1.1590090,-0.081925,-0.095587,0.0357212,1.99174
False,2.129167,0.6894416,1.1586070,-0.082226,-0.096388,0.0368959,2.03557
False,2.133333,0.6890991,1.1582030,-0.082197,-0.096903,0.0380702,2.07971
False,2.137500,0.6887558,1.1577960,-0.082397,-0.097647,0.0392458,2.12403
False,2.141667,0.6884125,1.1573870,-0.082383,-0.098162,0.0404240,2.16871
False,2.145833,0.6880688,1.1569750,-0.082498,-0.098906,0.0416037,2.21364
False,2.150000,0.6877251,1.1565610,-0.082483,-0.099363,0.0427843,2.25880
False,2.154167,0.6873814,1.1561450,-0.082498,-0.099964,0.0439646,2.30427
False,2.158333,0.6870376,1.1557260,-0.082498,-0.100451,0.0451440,2.34977
False,2.162500,0.6866944,1.1553060,-0.082383,-0.100880,0.0463213,2.39547
False,2.166667,0.6863511,1.1548840,-0.082383,-0.101337,0.0474958,2.44120
False,2.170833,0.6860086,1.1544600,-0.082211,-0.101681,0.0486687,2.48711
False,2.175000,0.6856661,1.1540340,-0.082197,-0.102224,0.0498416,2.53327
False,2.179167,0.6853247,1.1536070,-0.081940,-0.102482,0.0510135,2.57960
False,2.183333,0.6849832,1.1531780,-0.081954,-0.102940,0.0521835,2.62607
False,2.187500,0.6846434,1.1527480,-0.081553,-0.103111,0.0533505,2.67269
False,2.191667,0.6843035,1.1523170,-0.081582,-0.103540,0.0545143,2.71930
False,2.195833,0.6839655,1.1518860,-0.081110,-0.103540,0.0556730,2.76598
False,2.200000,0.6836275,1.1514530,-0.081110,-0.103912,0.0568267,2.81265
False,2.204167,0.6832919,1.1510200,-0.080566,-0.103855,0.0579758,2.85931
False,2.208333,0.6829562,1.1505860,-0.080566,-0.104227,0.0591228,2.90616
False,2.212500,0.6826231,1.1501520,-0.079937,-0.104113,0.0602654,2.95307
False,2.216667,0.6822900,1.1497170,-0.079951,-0.104427,0.0614044,2.99996
False,2.220833,0.6819599,1.1492820,-0.079222,-0.104227,0.0625372,3.04690
False,2.225000,0.6816298,1.1488470,-0.079222,-0.104513,0.0636647,3.09383
False,2.229167,0.6813031,1.1484130,-0.078406,-0.104027,0.0647843,3.14062
False,2.233333,0.6809763,1.1479790,-0.078421,-0.104342,0.0658968,3.18733
False,2.237500,0.6806534,1.1475460,-0.077505,-0.103798,0.0670018,3.23398
False,2.241667,0.6803304,1.1471120,-0.077519,-0.104113,0.0681025,3.28068
False,2.245833,0.6800114,1.1466810,-0.076561,-0.103512,0.0691960,3.32731
False,2.250000,0.6796925,1.1462490,-0.076532,-0.103741,0.0702837,3.37388
False,2.254167,0.6793780,1.1458200,-0.075488,-0.102997,0.0713625,3.42034
False,2.258333,0.6790634,1.1453900,-0.075488,-0.103226,0.0724340,3.46668
False,2.262500,0.6787536,1.1449630,-0.074372,-0.102282,0.0734950,3.51285
False,2.266667,0.6784437,1.1445370,-0.074358,-0.102396,0.0745472,3.55876
False,2.270833,0.6781390,1.1441140,-0.073142,-0.101452,0.0755893,3.60451
False,2.275000,0.6778343,1.1436900,-0.073128,-0.101681,0.0766248,3.65018
False,2.279167,0.6775349,1.1432720,-0.071855,-0.100508,0.0776506,3.69576
False,2.283333,0.6772354,1.1428520,-0.071869,-0.100708,0.0786685,3.74115
False,2.287500,0.6769417,1.1424370,-0.070496,-0.099478,0.0796753,3.78631
False,2.291667,0.6766480,1.1420230,-0.070481,-0.099506,0.0806729,3.83124
False,2.295833,0.6763603,1.1416140,-0.069051,-0.098162,0.0816578,3.87591
False,2.300000,0.6760725,1.1412050,-0.069065,-0.098190,0.0826322,3.92027
False,2.304167,0.6757911,1.1408020,-0.067534,-0.096703,0.0835943,3.96437
False,2.308333,0.6755096,1.1403990,-0.067563,-0.096788,0.0845478,4.00824
False,2.312500,0.6752347,1.1400020,-0.065989,-0.095243,0.0854893,4.05193
False,2.316667,0.6749597,1.1396050,-0.066004,-0.095272,0.0864213,4.09534
False,2.320833,0.6746915,1.1392150,-0.064359,-0.093584,0.0873399,4.13844
False,2.325000,0.6744234,1.1388250,-0.064344,-0.093527,0.0882478,4.18123
False,2.329167,0.6741622,1.1384430,-0.062685,-0.091724,0.0891413,4.22359
False,2.333333,0.6739011,1.1380610,-0.062671,-0.091639,0.0900229,4.26563
False,2.337500,0.6736473,1.1376870,-0.060911,-0.089750,0.0908903,4.30730
False,2.341667,0.6733934,1.1373140,-0.060925,-0.089607,0.0917474,4.34866
False,2.345833,0.6731470,1.1369480,-0.059137,-0.087748,0.0925906,4.38968
False,2.350000,0.6729007,1.1365830,-0.059123,-0.087576,0.0934228,4.43036
False,2.354167,0.6726620,1.1362270,-0.057292,-0.085545,0.0942401,4.47067
False,2.358333,0.6724233,1.1358710,-0.057278,-0.085316,0.0950455,4.51058
False,2.362500,0.6721925,1.1355250,-0.055389,-0.083199,0.0958350,4.55002
False,2.366667,0.6719617,1.1351790,-0.055389,-0.082941,0.0966117,4.58898
False,2.370833,0.6717390,1.1348430,-0.053444,-0.080709,0.0973728,4.62749
False,2.375000,0.6715164,1.1345080,-0.053444,-0.080452,0.0981221,4.66565
False,2.379167,0.6713018,1.1341810,-0.051484,-0.078249,0.0988561,4.70340
False,2.383333,0.6710874,1.1338570,-0.051470,-0.077934,0.0995780,4.74070
False,2.387500,0.6708812,1.1335420,-0.049481,-0.075617,0.1002837,4.77754
False,2.391667,0.6706751,1.1332280,-0.049467,-0.075245,0.1009768,4.81390
False,2.395833,0.6704774,1.1329250,-0.047436,-0.072870,0.1016532,4.84978
False,2.400000,0.6702799,1.1326230,-0.047421,-0.072412,0.1023164,4.88507
False,2.404167,0.6700908,1.1323310,-0.045376,-0.070038,0.1029627,4.91988
False,2.408333,0.6699017,1.1320410,-0.045376,-0.069637,0.1035966,4.95425
False,2.412500,0.6697214,1.1317610,-0.043287,-0.067148,0.1042138,4.98810
False,2.416667,0.6695410,1.1314830,-0.043287,-0.066690,0.1048185,5.02149
False,2.420833,0.6693693,1.1312160,-0.041199,-0.064173,0.1054062,5.05431
False,2.425000,0.6691977,1.1309500,-0.041184,-0.063744,0.1059811,5.08662
False,2.429167,0.6690349,1.1306950,-0.039082,-0.061169,0.1065389,5.11837
False,2.433333,0.6688719,1.1304420,-0.039110,-0.060711,0.1070836,5.14952
False,2.437500,0.6687180,1.1302010,-0.036950,-0.058050,0.1076111,5.18013
False,2.441667,0.6685640,1.1299600,-0.036964,-0.057621,0.1081254,5.21023
False,2.445833,0.6684188,1.1297320,-0.034847,-0.054903,0.1086228,5.23974
False,2.450000,0.6682736,1.1295050,-0.034833,-0.054445,0.1091073,5.26875
False,2.454167,0.6681371,1.1292890,-0.032759,-0.051899,0.1095749,5.29717
False,2.458333,0.6680007,1.1290750,-0.032744,-0.051327,0.1100298,5.32498
False,2.462500,0.6678731,1.1288720,-0.030627,-0.048666,0.1104680,5.35226
False,2.466667,0.6677455,1.1286710,-0.030613,-0.048122,0.1108936,5.37888
False,2.470833,0.6676265,1.1284820,-0.028567,-0.045576,0.1113023,5.40494
False,2.475000,0.6675076,1.1282940,-0.028539,-0.044975,0.1116978,5.43040
False,2.479167,0.6673971,1.1281180,-0.026507,-0.042343,0.1120764,5.45528
False,2.483333,0.6672868,1.1279440,-0.026493,-0.041800,0.1124425,5.47962
False,2.487500,0.6671849,1.1277800,-0.024433,-0.039167,0.1127924,5.50331
False,2.491667,0.6670831,1.1276190,-0.024433,-0.038681,0.1131302,5.52645
False,2.495833,0.6669896,1.1274690,-0.022459,-0.036106,0.1134524,5.54895
False,2.500000,0.6668960,1.1273200,-0.022445,-0.035648,0.1137633,5.57084
False,2.504167,0.6668107,1.1271820,-0.020485,-0.033102,0.1140583,5.59216
False,2.508333,0.6667254,1.1270470,-0.020471,-0.032501,0.1143403,5.61287
False,2.512500,0.6666480,1.1269220,-0.018582,-0.029984,0.1146066,5.63294
False,2.516667,0.6665707,1.1267990,-0.018554,-0.029440,0.1148611,5.65243
False,2.520833,0.6665010,1.1266860,-0.016708,-0.027065,0.1151007,5.67133
False,2.525000,0.6664314,1.1265760,-0.016723,-0.026522,0.1153299,5.68965
False,2.529167,0.6663693,1.1264750,-0.014892,-0.024233,0.1155452,5.70736
False,2.533333,0.6663072,1.1263760,-0.014906,-0.023804,0.1157509,5.72451
False,2.537500,0.6662524,1.1262860,-0.013146,-0.021515,0.1159425,5.74102
False,2.541667,0.6661976,1.1261990,-0.013161,-0.020971,0.1161222,5.75694
False,2.545833,0.6661497,1.1261210,-0.011501,-0.018711,0.1162878,5.77228
False,2.550000,0.6661018,1.1260450,-0.011501,-0.018225,0.1164432,5.78699
False,2.554167,0.6660604,1.1259780,-0.009913,-0.016165,0.1165859,5.80113
False,2.558333,0.6660192,1.1259120,-0.009899,-0.015736,0.1167200,5.81473
False,2.562500,0.6659841,1.1258540,-0.008426,-0.013847,0.1168433,5.82780
False,2.566667,0.6659489,1.1257980,-0.008440,-0.013533,0.1169595,5.84033
False,2.570833,0.6659197,1.1257490,-0.007010,-0.011616,0.1170642,5.85227
False,2.575000,0.6658905,1.1257030,-0.007024,-0.011187,0.1171588,5.86364
False,2.579167,0.6658667,1.1256640,-0.005708,-0.009327,0.1172416,5.87443
False,2.583333,0.6658428,1.1256270,-0.005722,-0.008955,0.1173165,5.88467
False,2.587500,0.6658239,1.1255950,-0.004535,-0.007496,0.1173820,5.89438
False,2.591667,0.6658050,1.1255660,-0.004549,-0.007124,0.1174415,5.90359
False,2.595833,0.6657906,1.1255420,-0.003462,-0.005779,0.1174941,5.91231
False,2.600000,0.6657761,1.1255180,-0.003476,-0.005608,0.1175427,5.92063
False,2.604167,0.6657655,1.1255000,-0.002532,-0.004377,0.1175836,5.92841
False,2.608333,0.6657550,1.1254840,-0.002532,-0.003948,0.1176167,5.93564
False,2.612500,0.6657478,1.1254720,-0.001717,-0.002861,0.1176417,5.94234
False,2.616667,0.6657407,1.1254610,-0.001717,-0.002546,0.1176614,5.94857
False,2.620833,0.6657362,1.1254540,-0.001073,-0.001745,0.1176761,5.95437
False,2.625000,0.6657317,1.1254470,-0.001073,-0.001545,0.1176882,5.95977
False,2.629167,0.6657294,1.1254430,-0.000558,-0.001030,0.1176980,5.96480
False,2.633333,0.6657271,1.1254390,-0.000544,-0.001001,0.1177077,5.96946
False,2.637500,0.6657263,1.1254370,-0.000200,-0.000572,0.1177155,5.97373
False,2.641667,0.6657254,1.1254350,-0.000215,-0.000401,0.1177200,5.97753
False,2.645833,0.6657252,1.1254340,-0.000057,-0.000114,0.1177213,5.98091
False,2.650000,0.6657251,1.1254350,-0.000014,0.000029,0.1177210,5.98389
False,2.654167,0.6657251,1.1254350,0.000000,0.000057,0.1177192,5.98655
False,2.658333,0.6657251,1.1254350,-0.000014,0.000114,0.1177170,5.98894
False,2.662500,0.6657252,1.1254360,0.000029,0.000143,0.1177150,5.99110
False,2.666667,0.6657252,1.1254360,0.000000,0.000000,0.1177142,5.99306
False,2.670833,0.6657253,1.1254360,0.000029,0.000057,0.1177137,5.99473
False,2.675000,0.6657254,1.1254360,0.000029,0.000057,0.1177133,5.99607
False,2.679167,0.6657255,1.1254370,0.000029,0.000057,0.1177126,5.99708
False,2.683333,0.6657256,1.1254370,0.000029,0.000057,0.1177115,5.99787
False,2.687500,0.6657259,1.1254370,0.000072,0.000114,0.1177102,5.99845
False,2.691667,0.6657262,1.1254380,0.000072,0.000114,0.1177086,5.99891
False,2.695833,0.6657266,1.1254390,0.000086,0.000229,0.1177063,5.99930
False,2.700000,0.6657270,1.1254400,0.000086,0.000200,0.1177037,5.99973
False,2.704167,0.6657276,1.1254410,0.000143,0.000257,0.1177005,6.00005
False,2.708333,0.6657280,1.1254420,0.000100,0.000286,0.1176971,6.00025
False,2.712500,0.6657288,1.1254430,0.000200,0.000315,0.1176933,6.00032
False,2.716667,0.6657295,1.1254450,0.000157,0.000401,0.1176890,6.00028
False,2.720833,0.6657304,1.1254460,0.000229,0.000372,0.1176841,6.00022
False,2.725000,0.6657314,1.1254480,0.000229,0.000458,0.1176788,6.00012
False,2.729167,0.6657324,1.1254500,0.000257,0.000544,0.1176724,6.00002
False,2.733333,0.6657335,1.1254530,0.000257,0.000572,0.1176654,5.99996
False,2.737500,0.6657349,1.1254560,0.000329,0.000658,0.1176575,5.99996
False,2.741667,0.6657363,1.1254580,0.000329,0.000658,0.1176493,5.99992
False,2.745833,0.6657380,1.1254620,0.000415,0.000772,0.1176401,5.99989
False,2.750000,0.6657395,1.1254650,0.000372,0.000830,0.1176306,5.99983
False,2.754167,0.6657415,1.1254690,0.000472,0.000887,0.1176200,5.99979
False,2.758333,0.6657433,1.1254730,0.000429,0.000916,0.1176085,5.99970
False,2.762500,0.6657456,1.1254770,0.000558,0.001087,0.1175960,5.99960
False,2.766667,0.6657478,1.1254820,0.000515,0.001087,0.1175827,5.99943
False,2.770833,0.6657503,1.1254870,0.000615,0.001259,0.1175681,5.99927
False,2.775000,0.6657529,1.1254920,0.000615,0.001230,0.1175530,5.99911
False,2.779167,0.6657557,1.1254980,0.000687,0.001345,0.1175368,5.99891
False,2.783333,0.6657586,1.1255040,0.000687,0.001431,0.1175197,5.99868
False,2.787500,0.6657618,1.1255100,0.000772,0.001516,0.1175016,5.99842
False,2.791667,0.6657650,1.1255170,0.000772,0.001631,0.1174824,5.99813
False,2.795833,0.6657687,1.1255240,0.000873,0.001688,0.1174619,5.99783
False,2.800000,0.6657723,1.1255310,0.000873,0.001774,0.1174403,5.99744
False,2.804167,0.6657763,1.1255390,0.000944,0.001974,0.1174173,5.99705
False,2.808333,0.6657803,1.1255470,0.000973,0.001945,0.1173936,5.99662
False,2.812500,0.6657847,1.1255560,0.001059,0.002089,0.1173686,5.99617
False,2.816667,0.6657891,1.1255650,0.001044,0.002174,0.1173425,5.99564
False,2.820833,0.6657940,1.1255750,0.001173,0.002289,0.1173151,5.99512
False,2.825000,0.6657988,1.1255840,0.001159,0.002346,0.1172864,5.99453
False,2.829167,0.6658040,1.1255950,0.001259,0.002546,0.1172563,5.99388
False,2.833333,0.6658093,1.1256060,0.001259,0.002632,0.1172249,5.99319
False,2.837500,0.6658151,1.1256170,0.001388,0.002689,0.1171920,5.99244
False,2.841667,0.6658208,1.1256290,0.001373,0.002861,0.1171581,5.99165
False,2.845833,0.6658270,1.1256420,0.001502,0.002975,0.1171227,5.99083
False,2.850000,0.6658332,1.1256540,0.001488,0.003033,0.1170861,5.98995
False,2.854167,0.6658399,1.1256670,0.001602,0.003176,0.1170478,5.98900
False,2.858333,0.6658466,1.1256810,0.001616,0.003290,0.1170082,5.98802
False,2.862500,0.6658538,1.1256960,0.001717,0.003462,0.1169670,5.98697
False,2.866667,0.6658610,1.1257100,0.001731,0.003519,0.1169244,5.98586
False,2.870833,0.6658686,1.1257260,0.001831,0.003719,0.1168801,5.98468
False,2.875000,0.6658763,1.1257410,0.001845,0.003719,0.1168345,5.98344
False,2.879167,0.6658846,1.1257580,0.001988,0.003948,0.1167873,5.98216
False,2.883333,0.6658928,1.1257750,0.001974,0.004034,0.1167388,5.98081
False,2.887500,0.6659017,1.1257920,0.002117,0.004263,0.1166885,5.97940
False,2.891667,0.6659104,1.1258100,0.002103,0.004177,0.1166369,5.97793
False,2.895833,0.6659197,1.1258290,0.002232,0.004520,0.1165833,5.97635
False,2.900000,0.6659291,1.1258480,0.002260,0.004578,0.1165282,5.97475
False,2.904167,0.6659390,1.1258670,0.002360,0.004721,0.1164712,5.97304
False,2.908333,0.6659489,1.1258870,0.002389,0.004835,0.1164130,5.97130
False,2.912500,0.6659594,1.1259080,0.002503,0.005007,0.1163527,5.96946
False,2.916667,0.6659698,1.1259290,0.002518,0.005093,0.1162912,5.96759
False,2.920833,0.6659809,1.1259520,0.002661,0.005293,0.1162276,5.96562
False,2.925000,0.6659920,1.1259740,0.002661,0.005379,0.1161627,5.96355
False,2.929167,0.6660036,1.1259970,0.002789,0.005608,0.1160954,5.96144
False,2.933333,0.6660153,1.1260210,0.002804,0.005636,0.1160269,5.95924
False,2.937500,0.6660276,1.1260450,0.002947,0.005894,0.1159562,5.95694
False,2.941667,0.6660399,1.1260700,0.002947,0.005951,0.1158841,5.95460
False,2.945833,0.6660528,1.1260960,0.003090,0.006151,0.1158099,5.95216
False,2.950000,0.6660656,1.1261220,0.003076,0.006237,0.1157342,5.94966
False,2.954167,0.6660791,1.1261490,0.003247,0.006437,0.1156565,5.94706
False,2.958333,0.6660926,1.1261760,0.003247,0.006523,0.1155772,5.94439
False,2.962500,0.6661068,1.1262040,0.003390,0.006838,0.1154956,5.94162
False,2.966667,0.6661209,1.1262330,0.003405,0.006809,0.1154126,5.93878
False,2.970833,0.6661357,1.1262620,0.003548,0.007067,0.1153272,5.93584
False,2.975000,0.6661505,1.1262920,0.003548,0.007153,0.1152405,5.93283
False,2.979167,0.6661659,1.1263230,0.003705,0.007381,0.1151514,5.92973
False,2.983333,0.6661813,1.1263540,0.003691,0.007439,0.1150608,5.92655
False,2.987500,0.6661975,1.1263850,0.003877,0.007639,0.1149681,5.92328
False,2.991667,0.6662136,1.1264180,0.003862,0.007811,0.1148736,5.91993
False,2.995833,0.6662303,1.1264510,0.004005,0.007982,0.1147768,5.91649
False,3.000000,0.6662470,1.1264850,0.004020,0.008068,0.1146785,5.91294
False,3.004167,0.6662645,1.1265190,0.004191,0.008297,0.1145779,5.90930
False,3.008333,0.6662819,1.1265540,0.004177,0.008411,0.1144756,5.90558
False,3.012500,0.6663000,1.1265900,0.004349,0.008640,0.1143712,5.90176
False,3.016667,0.6663181,1.1266270,0.004334,0.008669,0.1142648,5.89784
False,3.020833,0.6663369,1.1266640,0.004520,0.008926,0.1141564,5.89385
False,3.025000,0.6663557,1.1267020,0.004520,0.009069,0.1140462,5.88973
False,3.029167,0.6663752,1.1267400,0.004678,0.009270,0.1139337,5.88553
False,3.033333,0.6663947,1.1267790,0.004678,0.009327,0.1138194,5.88123
False,3.037500,0.6664149,1.1268190,0.004835,0.009613,0.1137028,5.87687
False,3.041667,0.6664349,1.1268590,0.004821,0.009613,0.1135844,5.87236
False,3.045833,0.6664559,1.1269010,0.005021,0.009928,0.1134639,5.86779
False,3.050000,0.6664768,1.1269420,0.005021,0.010014,0.1133415,5.86311
False,3.054167,0.6664983,1.1269850,0.005164,0.010242,0.1132168,5.85836
False,3.058333,0.6665199,1.1270280,0.005178,0.010328,0.1130903,5.85347
False,3.062500,0.6665422,1.1270720,0.005350,0.010529,0.1129614,5.84848
False,3.066667,0.6665645,1.1271160,0.005350,0.010643,0.1128308,5.84342
False,3.070833,0.6665875,1.1271620,0.005522,0.010872,0.1126977,5.83825
False,3.075000,0.6666104,1.1272070,0.005507,0.010986,0.1125630,5.83294
False,3.079167,0.6666341,1.1272540,0.005693,0.011187,0.1124259,5.82756
False,3.083333,0.6666578,1.1273010,0.005679,0.011330,0.1122870,5.82208
False,3.087500,0.6666822,1.1273490,0.005865,0.011530,0.1121457,5.81652
False,3.091667,0.6667067,1.1273980,0.005879,0.011616,0.1120026,5.81082
False,3.095833,0.6667318,1.1274470,0.006008,0.011816,0.1118571,5.80505
False,3.100000,0.6667569,1.1274960,0.006022,0.011930,0.1117098,5.79914
False,3.104167,0.6667828,1.1275470,0.006223,0.012217,0.1115600,5.79315
False,3.108333,0.6668087,1.1275990,0.006223,0.012274,0.1114084,5.78703
False,3.112500,0.6668353,1.1276510,0.006380,0.012503,0.1112545,5.78083
False,3.116667,0.6668619,1.1277030,0.006380,0.012560,0.1110988,5.77452
False,3.120833,0.6668892,1.1277570,0.006552,0.012875,0.1109405,5.76810
False,3.125000,0.6669165,1.1278100,0.006552,0.012875,0.1107805,5.76157
False,3.129167,0.6669445,1.1278650,0.006723,0.013189,0.1106181,5.75493
False,3.133333,0.6669725,1.1279200,0.006723,0.013247,0.1104538,5.74818
False,3.137500,0.6670013,1.1279770,0.006909,0.013475,0.1102872,5.74136
False,3.141667,0.6670301,1.1280330,0.006909,0.013533,0.1101187,5.73439
False,3.145833,0.6670595,1.1280910,0.007067,0.013819,0.1099477,5.72735
False,3.150000,0.6670890,1.1281480,0.007067,0.013876,0.1097751,5.72016
False,3.154167,0.6671193,1.1282070,0.007267,0.014162,0.1095998,5.71289
False,3.158333,0.6671495,1.1282660,0.007253,0.014191,0.1094229,5.70551
False,3.162500,0.6671804,1.1283270,0.007410,0.014420,0.1092434,5.69805
False,3.166667,0.6672113,1.1283870,0.007424,0.014477,0.1090622,5.69044
False,3.170833,0.6672429,1.1284480,0.007596,0.014763,0.1088786,5.68272
False,3.175000,0.6672747,1.1285100,0.007610,0.014849,0.1086931,5.67492
False,3.179167,0.6673070,1.1285730,0.007768,0.015078,0.1085052,5.66701
False,3.183333,0.6673394,1.1286360,0.007768,0.015106,0.1083155,5.65898
False,3.187500,0.6673725,1.1287000,0.007939,0.015364,0.1081233,5.65083
False,3.191667,0.6674056,1.1287650,0.007954,0.015478,0.1079293,5.64257
False,3.195833,0.6674394,1.1288300,0.008111,0.015678,0.1077330,5.63423
False,3.200000,0.6674732,1.1288950,0.008111,0.015736,0.1075349,5.62577
False,3.204167,0.6675078,1.1289620,0.008297,0.016022,0.1073343,5.61719
False,3.208333,0.6675424,1.1290290,0.008311,0.016079,0.1071318,5.60850
False,3.212500,0.6675776,1.1290970,0.008454,0.016308,0.1069270,5.59972
False,3.216667,0.6676129,1.1291650,0.008469,0.016394,0.1067204,5.59083
False,3.220833,0.6676489,1.1292340,0.008626,0.016565,0.1065115,5.58181
False,3.225000,0.6676848,1.1293040,0.008626,0.016651,0.1063007,5.57271
False,3.229167,0.6677215,1.1293740,0.008812,0.016937,0.1060874,5.56349
False,3.233333,0.6677582,1.1294450,0.008812,0.016937,0.1058725,5.55414
False,3.237500,0.6677956,1.1295170,0.008969,0.017195,0.1056552,5.54472
False,3.241667,0.6678330,1.1295880,0.008969,0.017223,0.1054361,5.53516
False,3.245833,0.6678712,1.1296610,0.009170,0.017481,0.1052146,5.52549
False,3.250000,0.6679093,1.1297340,0.009141,0.017567,0.1049913,5.51569
False,3.254167,0.6679481,1.1298080,0.009313,0.017738,0.1047657,5.50584
False,3.258333,0.6679869,1.1298830,0.009313,0.017824,0.1045382,5.49583
False,3.262500,0.6680264,1.1299580,0.009499,0.018053,0.1043085,5.48573
False,3.266667,0.6680659,1.1300330,0.009470,0.018139,0.1040771,5.47554
False,3.270833,0.6681061,1.1301100,0.009642,0.018311,0.1038432,5.46522
False,3.275000,0.6681463,1.1301860,0.009642,0.018396,0.1036078,5.45481
False,3.279167,0.6681871,1.1302640,0.009813,0.018597,0.1033698,5.44428
False,3.283333,0.6682280,1.1303420,0.009799,0.018682,0.1031302,5.43365
False,3.287500,0.6682696,1.1304200,0.009985,0.018883,0.1028882,5.42293
False,3.291667,0.6683112,1.1304990,0.009985,0.018911,0.1026447,5.41208
False,3.295833,0.6683534,1.1305790,0.010142,0.019140,0.1023988,5.40113
False,3.300000,0.6683957,1.1306590,0.010142,0.019197,0.1021512,5.39005
False,3.304167,0.6684386,1.1307400,0.010300,0.019426,0.1019013,5.37892
False,3.308333,0.6684816,1.1308210,0.010314,0.019426,0.1016496,5.36761
False,3.312500,0.6685252,1.1309030,0.010457,0.019712,0.1013957,5.35625
False,3.316667,0.6685687,1.1309850,0.010457,0.019712,0.1011401,5.34475
False,3.320833,0.6686130,1.1310680,0.010629,0.019913,0.1008823,5.33318
False,3.325000,0.6686573,1.1311510,0.010629,0.019970,0.1006229,5.32149
False,3.329167,0.6687022,1.1312350,0.010772,0.020170,0.1003612,5.30965
False,3.333333,0.6687471,1.1313190,0.010786,0.020170,0.1000980,5.29776
False,3.337500,0.6687927,1.1314040,0.010929,0.020428,0.0998325,5.28576
False,3.341667,0.6688383,1.1314900,0.010943,0.020428,0.0995654,5.27366
False,3.345833,0.6688845,1.1315760,0.011086,0.020657,0.0992961,5.26146
False,3.350000,0.6689306,1.1316620,0.011086,0.020714,0.0990251,5.24912
False,3.354167,0.6689776,1.1317490,0.011258,0.020857,0.0987520,5.23671
False,3.358333,0.6690244,1.1318360,0.011244,0.020943,0.0984774,5.22420
False,3.362500,0.6690719,1.1319240,0.011387,0.021086,0.0982004,5.21154
False,3.366667,0.6691193,1.1320120,0.011387,0.021143,0.0979221,5.19882
False,3.370833,0.6691675,1.1321010,0.011559,0.021343,0.0976417,5.18599
False,3.375000,0.6692156,1.1321900,0.011544,0.021372,0.0973595,5.17309
False,3.379167,0.6692643,1.1322800,0.011687,0.021544,0.0970753,5.16004
False,3.383333,0.6693130,1.1323700,0.011687,0.021601,0.0967895,5.14689
False,3.387500,0.6693623,1.1324600,0.011845,0.021715,0.0965017,5.13370
False,3.391667,0.6694115,1.1325510,0.011816,0.021772,0.0962123,5.12036
False,3.395833,0.6694615,1.1326430,0.012002,0.022030,0.0959209,5.10691
False,3.400000,0.6695116,1.1327340,0.012002,0.021973,0.0956281,5.09339
False,3.404167,0.6695620,1.1328270,0.012116,0.022144,0.0953333,5.07980
False,3.408333,0.6696125,1.1329190,0.012116,0.022202,0.0950370,5.06605
False,3.412500,0.6696637,1.1330120,0.012274,0.022345,0.0947385,5.05226
False,3.416667,0.6697148,1.1331060,0.012274,0.022430,0.0944387,5.03832
False,3.420833,0.6697665,1.1332000,0.012403,0.022545,0.0941368,5.02430
False,3.425000,0.6698181,1.1332930,0.012388,0.022516,0.0938336,5.01020
False,3.429167,0.6698704,1.1333880,0.012560,0.022802,0.0935283,4.99603
False,3.433333,0.6699227,1.1334830,0.012546,0.022745,0.0932218,4.98173
False,3.437500,0.6699755,1.1335780,0.012674,0.022860,0.0929134,4.96736
False,3.441667,0.6700283,1.1336740,0.012660,0.022945,0.0926036,4.95286
False,3.445833,0.6700817,1.1337700,0.012817,0.023088,0.0922916,4.93828
False,3.450000,0.6701350,1.1338660,0.012789,0.023088,0.0919784,4.92362
False,3.454167,0.6701889,1.1339630,0.012946,0.023260,0.0916634,4.90888
False,3.458333,0.6702428,1.1340600,0.012946,0.023260,0.0913470,4.89401
False,3.462500,0.6702973,1.1341580,0.013061,0.023375,0.0910287,4.87910
False,3.466667,0.6703516,1.1342550,0.013046,0.023403,0.0907093,4.86406
False,3.470833,0.6704066,1.1343530,0.013189,0.023518,0.0903881,4.84897
False,3.475000,0.6704615,1.1344520,0.013175,0.023603,0.0900655,4.83375
False,3.479167,0.6705170,1.1345500,0.013332,0.023689,0.0897411,4.81845
False,3.483333,0.6705725,1.1346490,0.013318,0.023718,0.0894154,4.80310
False,3.487500,0.6706285,1.1347480,0.013447,0.023861,0.0890880,4.78762
False,3.491667,0.6706845,1.1348480,0.013433,0.023861,0.0887593,4.77208
False,3.495833,0.6707409,1.1349480,0.013533,0.023975,0.0884290,4.75646
False,3.500000,0.6707974,1.1350480,0.013561,0.023947,0.0880975,4.74074
False,3.504167,0.6708544,1.1351480,0.013676,0.024090,0.0877644,4.72493
False,3.508333,0.6709113,1.1352480,0.013647,0.024118,0.0874300,4.70902
False,3.512500,0.6709687,1.1353490,0.013790,0.024176,0.0870940,4.69306
False,3.516667,0.6710262,1.1354500,0.013790,0.024204,0.0867566,4.67701
False,3.520833,0.6710840,1.1355520,0.013890,0.024376,0.0864178,4.66090
False,3.525000,0.6711419,1.1356530,0.013890,0.024376,0.0860777,4.64469
False,3.529167,0.6712002,1.1357550,0.013990,0.024376,0.0857363,4.62838
False,3.533333,0.6712586,1.1358560,0.014005,0.024405,0.0853937,4.61202
False,3.537500,0.6713173,1.1359590,0.014105,0.024576,0.0850496,4.59559
False,3.541667,0.6713761,1.1360610,0.014105,0.024548,0.0847044,4.57907
False,3.545833,0.6714353,1.1361640,0.014205,0.024605,0.0843576,4.56244
False,3.550000,0.6714945,1.1362660,0.014205,0.024633,0.0840098,4.54575
False,3.554167,0.6715541,1.1363690,0.014305,0.024748,0.0836604,4.52900
False,3.558333,0.6716137,1.1364720,0.014305,0.024719,0.0833101,4.51219
False,3.562500,0.6716737,1.1365760,0.014405,0.024776,0.0829585,4.49527
False,3.566667,0.6717337,1.1366790,0.014405,0.024805,0.0826058,4.47829
False,3.570833,0.6717941,1.1367830,0.014491,0.024891,0.0822519,4.46125
False,3.575000,0.6718546,1.1368860,0.014505,0.024862,0.0818968,4.44413
False,3.579167,0.6719154,1.1369900,0.014591,0.024948,0.0815404,4.42696
False,3.583333,0.6719761,1.1370940,0.014591,0.024948,0.0811830,4.40967
False,3.587500,0.6720373,1.1371980,0.014677,0.024977,0.0808243,4.39235
False,3.591667,0.6720984,1.1373020,0.014663,0.024977,0.0804646,4.37497
False,3.595833,0.6721600,1.1374070,0.014777,0.025091,0.0801038,4.35748
False,3.600000,0.6722215,1.1375110,0.014777,0.025034,0.0797422,4.33996
False,3.604167,0.6722834,1.1376160,0.014849,0.025120,0.0793793,4.32237
False,3.608333,0.6723453,1.1377200,0.014849,0.025091,0.0790155,4.30471
False,3.612500,0.6724074,1.1378250,0.014906,0.025148,0.0786505,4.28697
False,3.616667,0.6724696,1.1379300,0.014935,0.025120,0.0782845,4.26921
False,3.620833,0.6725322,1.1380350,0.015020,0.025234,0.0779175,4.25133
False,3.625000,0.6725947,1.1381400,0.015006,0.025148,0.0775496,4.23341
False,3.629167,0.6726576,1.1382450,0.015092,0.025234,0.0771807,4.21543
False,3.633333,0.6727205,1.1383500,0.015092,0.025206,0.0768112,4.19741
False,3.637500,0.6727836,1.1384550,0.015149,0.025263,0.0764406,4.17931
False,3.641667,0.6728467,1.1385600,0.015149,0.025177,0.0760692,4.16118
False,3.645833,0.6729102,1.1386650,0.015221,0.025291,0.0756967,4.14298
False,3.650000,0.6729736,1.1387700,0.015221,0.025177,0.0753233,4.12469
False,3.654167,0.6730373,1.1388760,0.015292,0.025320,0.0749492,4.10637
False,3.658333,0.6731010,1.1389810,0.015292,0.025234,0.0745744,4.08797
False,3.662500,0.6731650,1.1390860,0.015349,0.025291,0.0741986,4.06958
False,3.666667,0.6732290,1.1391910,0.015364,0.025206,0.0738223,4.05106
False,3.670833,0.6732932,1.1392970,0.015407,0.025291,0.0734451,4.03255
False,3.675000,0.6733574,1.1394020,0.015407,0.025263,0.0730672,4.01396
False,3.679167,0.6734219,1.1395070,0.015478,0.025263,0.0726883,3.99532
False,3.683333,0.6734863,1.1396120,0.015464,0.025234,0.0723090,3.97661
False,3.687500,0.6735510,1.1397180,0.015535,0.025291,0.0719287,3.95790
False,3.691667,0.6736157,1.1398230,0.015521,0.025206,0.0715480,3.93910
False,3.695833,0.6736805,1.1399280,0.015564,0.025206,0.0711665,3.92027
False,3.700000,0.6737454,1.1400330,0.015564,0.025234,0.0707847,3.90139
False,3.704167,0.6738105,1.1401380,0.015635,0.025177,0.0704020,3.88247
False,3.708333,0.6738756,1.1402430,0.015607,0.025177,0.0700189,3.86351
False,3.712500,0.6739409,1.1403480,0.015678,0.025177,0.0696349,3.84451
False,3.716667,0.6740062,1.1404520,0.015664,0.025120,0.0692506,3.82546
False,3.720833,0.6740716,1.1405570,0.015707,0.025177,0.0688655,3.80637
False,3.725000,0.6741371,1.1406620,0.015721,0.025091,0.0684801,3.78724
False,3.729167,0.6742027,1.1407660,0.015736,0.025063,0.0680941,3.76806
False,3.733333,0.6742683,1.1408710,0.015750,0.025091,0.0677079,3.74884
False,3.737500,0.6743340,1.1409750,0.015779,0.025005,0.0673212,3.72962
False,3.741667,0.6743998,1.1410790,0.015779,0.025005,0.0669340,3.71030
False,3.745833,0.6744657,1.1411830,0.015807,0.025005,0.0665461,3.69099
False,3.750000,0.6745315,1.1412870,0.015807,0.024920,0.0661581,3.67163
False,3.754167,0.6745976,1.1413910,0.015850,0.024948,0.0657694,3.65222
False,3.758333,0.6746636,1.1414950,0.015850,0.024920,0.0653806,3.63281
False,3.762500,0.6747297,1.1415980,0.015864,0.024834,0.0649914,3.61335
False,3.766667,0.6747958,1.1417020,0.015864,0.024805,0.0646020,3.59390
False,3.770833,0.6748620,1.1418050,0.015879,0.024776,0.0642123,3.57440
False,3.775000,0.6749282,1.1419080,0.015893,0.024776,0.0638223,3.55485
False,3.779167,0.6749945,1.1420110,0.015907,0.024691,0.0634319,3.53530
False,3.783333,0.6750607,1.1421140,0.015907,0.024662,0.0630412,3.51569
False,3.787500,0.6751271,1.1422170,0.015936,0.024633,0.0626503,3.49603
False,3.791667,0.6751935,1.1423190,0.015936,0.024605,0.0622592,3.47638
False,3.795833,0.6752599,1.1424210,0.015936,0.024519,0.0618681,3.45672
False,3.800000,0.6753263,1.1425230,0.015936,0.024490,0.0614768,3.43707
False,3.804167,0.6753927,1.1426250,0.015936,0.024433,0.0610855,3.41736
False,3.808333,0.6754592,1.1427270,0.015950,0.024405,0.0606939,3.39759
False,3.812500,0.6755257,1.1428280,0.015950,0.024347,0.0603021,3.37783
False,3.816667,0.6755921,1.1429300,0.015950,0.024319,0.0599102,3.35806
False,3.820833,0.6756587,1.1430310,0.015979,0.024233,0.0595182,3.33824
False,3.825000,0.6757252,1.1431310,0.015950,0.024176,0.0591261,3.31848
False,3.829167,0.6757916,1.1432320,0.015950,0.024176,0.0587343,3.29859
False,3.833333,0.6758581,1.1433320,0.015965,0.024061,0.0583425,3.27877
False,3.837500,0.6759246,1.1434320,0.015950,0.024061,0.0579507,3.25895
False,3.841667,0.6759911,1.1435320,0.015950,0.023947,0.0575588,3.23906
False,3.845833,0.6760575,1.1436320,0.015936,0.023890,0.0571669,3.21918
False,3.850000,0.6761239,1.1437310,0.015950,0.023861,0.0567750,3.19929
False,3.854167,0.6761904,1.1438300,0.015950,0.023775,0.0563833,3.17940
False,3.858333,0.6762568,1.1439290,0.015936,0.023746,0.0559917,3.15945
False,3.862500,0.6763231,1.1440280,0.015922,0.023661,0.0556003,3.13956
False,3.866667,0.6763895,1.1441260,0.015936,0.023603,0.0552092,3.11960
False,3.870833,0.6764558,1.1442240,0.015907,0.023489,0.0548182,3.09971
False,3.875000,0.6765221,1.1443220,0.015907,0.023489,0.0544273,3.07975
False,3.879167,0.6765882,1.1444190,0.015879,0.023375,0.0540366,3.05986
False,3.883333,0.6766544,1.1445170,0.015879,0.023346,0.0536460,3.03989
False,3.887500,0.6767206,1.1446140,0.015879,0.023289,0.0532558,3.01993
False,3.891667,0.6767867,1.1447100,0.015879,0.023146,0.0528657,2.99996
False,3.895833,0.6768527,1.1448070,0.015836,0.023146,0.0524762,2.98006
False,3.900000,0.6769187,1.1449020,0.015836,0.023003,0.0520870,2.96009
False,3.904167,0.6769845,1.1449980,0.015807,0.022974,0.0516982,2.94018
False,3.908333,0.6770505,1.1450930,0.015821,0.022888,0.0513095,2.92021
False,3.912500,0.6771162,1.1451880,0.015779,0.022802,0.0509212,2.90030
False,3.916667,0.6771820,1.1452830,0.015779,0.022802,0.0505333,2.88032
False,3.920833,0.6772476,1.1453780,0.015750,0.022602,0.0501459,2.86040
False,3.925000,0.6773132,1.1454720,0.015750,0.022573,0.0497588,2.84049
False,3.929167,0.6773787,1.1455660,0.015707,0.022516,0.0493723,2.82057
False,3.933333,0.6774441,1.1456590,0.015707,0.022402,0.0489862,2.80072
False,3.937500,0.6775093,1.1457520,0.015650,0.022316,0.0486008,2.78080
False,3.941667,0.6775746,1.1458450,0.015664,0.022259,0.0482156,2.76095
False,3.945833,0.6776397,1.1459370,0.015635,0.022173,0.0478311,2.74103
False,3.950000,0.6777048,1.1460290,0.015607,0.022087,0.0474470,2.72117
False,3.954167,0.6777697,1.1461210,0.015593,0.022001,0.0470635,2.70132
False,3.958333,0.6778346,1.1462120,0.015578,0.021887,0.0466805,2.68154
False,3.962500,0.6778993,1.1463030,0.015521,0.021830,0.0462983,2.66168
False,3.966667,0.6779640,1.1463930,0.015521,0.021744,0.0459167,2.64190
False,3.970833,0.6780284,1.1464840,0.015464,0.021629,0.0455359,2.62212
False,3.975000,0.6780929,1.1465730,0.015478,0.021544,0.0451555,2.60241
False,3.979167,0.6781570,1.1466630,0.015392,0.021458,0.0447760,2.58263
False,3.983333,0.6782212,1.1467520,0.015407,0.021400,0.0443968,2.56292
False,3.987500,0.6782852,1.1468410,0.015364,0.021315,0.0440185,2.54322
False,3.991667,0.6783493,1.1469290,0.015364,0.021172,0.0436410,2.52352
False,3.995833,0.6784130,1.1470170,0.015292,0.021086,0.0432644,2.50390
False,4.000000,0.6784767,1.1471040,0.015292,0.021000,0.0428885,2.48428
False,4.004167,0.6785400,1.1471910,0.015192,0.020885,0.0425135,2.46474
False,4.008333,0.6786035,1.1472780,0.015249,0.020828,0.0421391,2.44513
False,4.012500,0.6786667,1.1473640,0.015149,0.020714,0.0417656,2.42560
False,4.016667,0.6787298,1.1474500,0.015163,0.020599,0.0413928,2.40607
False,4.020833,0.6787927,1.1475360,0.015078,0.020485,0.0410210,2.38655
False,4.025000,0.6788555,1.1476210,0.015092,0.020456,0.0406500,2.36712
False,4.029167,0.6789180,1.1477050,0.014992,0.020285,0.0402800,2.34769
False,4.033333,0.6789806,1.1477900,0.015020,0.020256,0.0399110,2.32835
False,4.037500,0.6790428,1.1478730,0.014935,0.020084,0.0395430,2.30893
False,4.041667,0.6791049,1.1479570,0.014906,0.020027,0.0391759,2.28970
False,4.045833,0.6791669,1.1480400,0.014863,0.019913,0.0388098,2.27038
False,4.050000,0.6792288,1.1481230,0.014863,0.019884,0.0384444,2.25116
False,4.054167,0.6792903,1.1482050,0.014763,0.019655,0.0380802,2.23187
False,4.058333,0.6793518,1.1482860,0.014763,0.019598,0.0377171,2.21276
False,4.062500,0.6794130,1.1483670,0.014677,0.019484,0.0373551,2.19357
False,4.066667,0.6794741,1.1484480,0.014677,0.019426,0.0369941,2.17457
False,4.070833,0.6795349,1.1485290,0.014591,0.019312,0.0366343,2.15550
False,4.075000,0.6795958,1.1486090,0.014606,0.019197,0.0362754,2.13643
False,4.079167,0.6796562,1.1486880,0.014505,0.019054,0.0359178,2.11748
False,4.083333,0.6797165,1.1487670,0.014477,0.019026,0.0355611,2.09854
False,4.087500,0.6797765,1.1488460,0.014405,0.018826,0.0352056,2.07971
False,4.091667,0.6798366,1.1489240,0.014405,0.018797,0.0348513,2.06090
False,4.095833,0.6798962,1.1490020,0.014305,0.018625,0.0344983,2.04210
False,4.100000,0.6799558,1.1490790,0.014305,0.018597,0.0341464,2.02333
False,4.104167,0.6800150,1.1491560,0.014219,0.018396,0.0337961,2.00467
False,4.108333,0.6800742,1.1492320,0.014205,0.018339,0.0334466,1.98603
False,4.112500,0.6801329,1.1493080,0.014091,0.018196,0.0330986,1.96742
False,4.116667,0.6801917,1.1493840,0.014105,0.018139,0.0327516,1.94893
False,4.120833,0.6802500,1.1494590,0.014005,0.017967,0.0324060,1.93037
False,4.125000,0.6803084,1.1495330,0.014005,0.017910,0.0320616,1.91193
False,4.129167,0.6803662,1.1496070,0.013876,0.017767,0.0317187,1.89362
False,4.133333,0.6804241,1.1496810,0.013890,0.017681,0.0313772,1.87524
False,4.137500,0.6804816,1.1497540,0.013790,0.017567,0.0310371,1.85699
False,4.141667,0.6805390,1.1498270,0.013776,0.017452,0.0306981,1.83877
False,4.145833,0.6805959,1.1498990,0.013661,0.017309,0.0303606,1.82070
False,4.150000,0.6806529,1.1499710,0.013676,0.017252,0.0300244,1.80255
False,4.154167,0.6807093,1.1500420,0.013547,0.017080,0.0296898,1.78455
False,4.158333,0.6807657,1.1501130,0.013547,0.017023,0.0293564,1.76658
False,4.162500,0.6808218,1.1501830,0.013447,0.016880,0.0290246,1.74865
False,4.166667,0.6808777,1.1502530,0.013433,0.016766,0.0286942,1.73077
False,4.170833,0.6809332,1.1503230,0.013304,0.016651,0.0283656,1.71304
False,4.175000,0.6809887,1.1503910,0.013318,0.016537,0.0280381,1.69524
False,4.179167,0.6810436,1.1504600,0.013175,0.016422,0.0277125,1.67760
False,4.183333,0.6810985,1.1505280,0.013189,0.016336,0.0273879,1.66001
False,4.187500,0.6811530,1.1505950,0.013075,0.016165,0.0270650,1.64247
False,4.191667,0.6812075,1.1506630,0.013075,0.016136,0.0267437,1.62498
False,4.195833,0.6812614,1.1507290,0.012932,0.015936,0.0264241,1.60754
False,4.200000,0.6813152,1.1507950,0.012932,0.015879,0.0261060,1.59029
False,4.204167,0.6813686,1.1508610,0.012803,0.015707,0.0257897,1.57296
False,4.208333,0.6814219,1.1509260,0.012803,0.015650,0.0254747,1.55583
False,4.212500,0.6814748,1.1509900,0.012689,0.015450,0.0251614,1.53875
False,4.216667,0.6815276,1.1510540,0.012674,0.015421,0.0248497,1.52161
False,4.220833,0.6815798,1.1511180,0.012531,0.015278,0.0245396,1.50467
False,4.225000,0.6816321,1.1511810,0.012546,0.015163,0.0242311,1.48780
False,4.229167,0.6816838,1.1512440,0.012403,0.015020,0.0239246,1.47087
False,4.233333,0.6817355,1.1513060,0.012417,0.014963,0.0236194,1.45414
False,4.237500,0.6817866,1.1513680,0.012259,0.014791,0.0233164,1.43749
False,4.241667,0.6818377,1.1514290,0.012274,0.014734,0.0230147,1.42093
False,4.245833,0.6818882,1.1514900,0.012116,0.014534,0.0227150,1.40444
False,4.250000,0.6819387,1.1515500,0.012116,0.014505,0.0224166,1.38790
False,4.254167,0.6819887,1.1516100,0.011988,0.014305,0.0221204,1.37159
False,4.258333,0.6820387,1.1516690,0.012002,0.014277,0.0218256,1.35523
False,4.262500,0.6820880,1.1517280,0.011830,0.014076,0.0215329,1.33911
False,4.266667,0.6821373,1.1517860,0.011845,0.014048,0.0212418,1.32293
False,4.270833,0.6821861,1.1518440,0.011702,0.013847,0.0209527,1.30686
False,4.275000,0.6822348,1.1519020,0.011687,0.013819,0.0206651,1.29089
False,4.279167,0.6822829,1.1519580,0.011544,0.013590,0.0203797,1.27503
False,4.283333,0.6823309,1.1520150,0.011530,0.013561,0.0200956,1.25928
False,4.287500,0.6823785,1.1520710,0.011415,0.013390,0.0198138,1.24348
False,4.291667,0.6824259,1.1521260,0.011387,0.013390,0.0195334,1.22780
False,4.295833,0.6824728,1.1521810,0.011244,0.013103,0.0192554,1.21225
False,4.300000,0.6825196,1.1522360,0.011244,0.013132,0.0189790,1.19681
False,4.304167,0.6825658,1.1522900,0.011086,0.012903,0.0187047,1.18151
False,4.308333,0.6826120,1.1523430,0.011086,0.012875,0.0184320,1.16617
False,4.312500,0.6826576,1.1523960,0.010943,0.012703,0.0181614,1.15097
False,4.316667,0.6827032,1.1524490,0.010943,0.012617,0.0178925,1.13591
False,4.320833,0.6827481,1.1525010,0.010772,0.012474,0.0176257,1.12082
False,4.325000,0.6827930,1.1525520,0.010786,0.012417,0.0173607,1.10588
False,4.329167,0.6828372,1.1526030,0.010614,0.012217,0.0170978,1.09110
False,4.333333,0.6828815,1.1526540,0.010629,0.012217,0.0168366,1.07629
False,4.337500,0.6829252,1.1527040,0.010471,0.011959,0.0165778,1.06165
False,4.341667,0.6829687,1.1527540,0.010457,0.011959,0.0163207,1.04717
False,4.345833,0.6830117,1.1528030,0.010300,0.011759,0.0160657,1.03268
False,4.350000,0.6830546,1.1528520,0.010300,0.011702,0.0158124,1.01818
False,4.354167,0.6830968,1.1529000,0.010128,0.011559,0.0155613,1.00386
False,4.358333,0.6831391,1.1529480,0.010157,0.011501,0.0153121,0.98972
False,4.362500,0.6831806,1.1529950,0.009971,0.011301,0.0150651,0.97558
False,4.366667,0.6832222,1.1530420,0.009971,0.011272,0.0148199,0.96164
False,4.370833,0.6832631,1.1530880,0.009828,0.011044,0.0145769,0.94771
False,4.375000,0.6833040,1.1531340,0.009813,0.011072,0.0143358,0.93377
False,4.379167,0.6833442,1.1531790,0.009642,0.010815,0.0140969,0.92026
False,4.383333,0.6833844,1.1532240,0.009642,0.010815,0.0138598,0.90655
False,4.387500,0.6834239,1.1532680,0.009499,0.010643,0.0136249,0.89307
False,4.391667,0.6834635,1.1533130,0.009484,0.010614,0.0133920,0.87960
False,4.395833,0.6835023,1.1533560,0.009313,0.010414,0.0131612,0.86615
False,4.400000,0.6835410,1.1533990,0.009298,0.010300,0.0129324,0.85295
False,4.404167,0.6835791,1.1534410,0.009141,0.010214,0.0127060,0.84000
False,4.408333,0.6836172,1.1534840,0.009155,0.010128,0.0124813,0.82685
False,4.412500,0.6836545,1.1535250,0.008955,0.009928,0.0122590,0.81397
False,4.416667,0.6836919,1.1535660,0.008969,0.009928,0.0120385,0.80113
False,4.420833,0.6837287,1.1536070,0.008826,0.009699,0.0118203,0.78833
False,4.425000,0.6837655,1.1536470,0.008826,0.009727,0.0116038,0.77582
False,4.429167,0.6838014,1.1536870,0.008626,0.009499,0.0113901,0.76310
False,4.433333,0.6838374,1.1537260,0.008640,0.009470,0.0111779,0.75069
False,4.437500,0.6838726,1.1537650,0.008454,0.009298,0.0109682,0.73860
False,4.441667,0.6839078,1.1538040,0.008440,0.009270,0.0107604,0.72632
False,4.445833,0.6839424,1.1538410,0.008311,0.009041,0.0105549,0.71409
False,4.450000,0.6839769,1.1538790,0.008283,0.009069,0.0103513,0.70221
False,4.454167,0.6840109,1.1539160,0.008140,0.008812,0.0101500,0.69012
False,4.458333,0.6840445,1.1539530,0.008082,0.008812,0.0099506,0.67840
False,4.462500,0.6840777,1.1539890,0.007954,0.008640,0.0097537,0.66676
False,4.466667,0.6841109,1.1540250,0.007968,0.008640,0.0095586,0.65521
False,4.470833,0.6841432,1.1540600,0.007768,0.008383,0.0093659,0.64377
False,4.475000,0.6841757,1.1540950,0.007782,0.008411,0.0091751,0.63242
False,4.479167,0.6842073,1.1541290,0.007596,0.008211,0.0089867,0.62087
False,4.483333,0.6842389,1.1541630,0.007582,0.008183,0.0088003,0.60974
False,4.487500,0.6842699,1.1541960,0.007439,0.007982,0.0086161,0.59873
False,4.491667,0.6843008,1.1542290,0.007410,0.007954,0.0084338,0.58784
False,4.495833,0.6843311,1.1542620,0.007267,0.007839,0.0082541,0.57709
False,4.500000,0.6843613,1.1542940,0.007253,0.007753,0.0080761,0.56614
False,4.504167,0.6843908,1.1543260,0.007081,0.007553,0.0079007,0.55567
False,4.508333,0.6844202,1.1543570,0.007052,0.007524,0.0077270,0.54500
False,4.512500,0.6844490,1.1543880,0.006909,0.007381,0.0075558,0.53449
False,4.516667,0.6844777,1.1544190,0.006909,0.007381,0.0073864,0.52451
False,4.520833,0.6845058,1.1544480,0.006723,0.007153,0.0072196,0.51396
False,4.525000,0.6845338,1.1544780,0.006738,0.007153,0.0070544,0.50397
False,4.529167,0.6845611,1.1545070,0.006537,0.006952,0.0068920,0.49416
False,4.533333,0.6845884,1.1545360,0.006552,0.006952,0.0067312,0.48416
False,4.537500,0.6846150,1.1545640,0.006380,0.006781,0.0065727,0.47437
False,4.541667,0.6846415,1.1545920,0.006380,0.006695,0.0064163,0.46478
False,4.545833,0.6846675,1.1546200,0.006223,0.006552,0.0062623,0.45500
False,4.550000,0.6846933,1.1546470,0.006208,0.006523,0.0061101,0.44587
False,4.554167,0.6847184,1.1546730,0.006022,0.006351,0.0059603,0.43656
False,4.558333,0.6847436,1.1547000,0.006037,0.006323,0.0058124,0.42704
False,4.562500,0.6847680,1.1547250,0.005865,0.006180,0.0056669,0.41825
False,4.566667,0.6847925,1.1547510,0.005865,0.006123,0.0055232,0.40926
False,4.570833,0.6848161,1.1547760,0.005679,0.005980,0.0053819,0.40007
False,4.575000,0.6848398,1.1548010,0.005693,0.005951,0.0052423,0.39117
False,4.579167,0.6848628,1.1548240,0.005507,0.005751,0.0051054,0.38257
False,4.583333,0.6848857,1.1548480,0.005507,0.005751,0.0049702,0.37430
False,4.587500,0.6849080,1.1548720,0.005350,0.005579,0.0048374,0.36584
False,4.591667,0.6849303,1.1548950,0.005336,0.005550,0.0047063,0.35718
False,4.595833,0.6849519,1.1549170,0.005193,0.005407,0.0045776,0.34887
False,4.600000,0.6849735,1.1549400,0.005178,0.005379,0.0044508,0.34092
False,4.604167,0.6849943,1.1549610,0.005007,0.005207,0.0043262,0.33279
False,4.608333,0.6850152,1.1549830,0.005007,0.005236,0.0042034,0.32506
False,4.612500,0.6850354,1.1550040,0.004849,0.004978,0.0040833,0.31714
False,4.616667,0.6850556,1.1550250,0.004849,0.005007,0.0039647,0.30964
False,4.620833,0.6850751,1.1550450,0.004678,0.004835,0.0038486,0.30196
False,4.625000,0.6850946,1.1550650,0.004678,0.004864,0.0037340,0.29409
False,4.629167,0.6851134,1.1550850,0.004506,0.004635,0.0036219,0.28667
False,4.633333,0.6851321,1.1551040,0.004492,0.004635,0.0035114,0.27976
False,4.637500,0.6851503,1.1551230,0.004363,0.004492,0.0034033,0.27268
False,4.641667,0.6851684,1.1551410,0.004349,0.004463,0.0032970,0.26541
False,4.645833,0.6851858,1.1551590,0.004177,0.004292,0.0031929,0.25869
False,4.650000,0.6852033,1.1551770,0.004191,0.004292,0.0030906,0.25179
False,4.654167,0.6852200,1.1551940,0.004020,0.004148,0.0029905,0.24469
False,4.658333,0.6852368,1.1552110,0.004020,0.004120,0.0028921,0.23821
False,4.662500,0.6852528,1.1552280,0.003862,0.003948,0.0027959,0.23155
False,4.666667,0.6852689,1.1552450,0.003862,0.004005,0.0027014,0.22555
False,4.670833,0.6852844,1.1552600,0.003705,0.003748,0.0026093,0.21850
False,4.675000,0.6852998,1.1552760,0.003691,0.003777,0.0025187,0.21306
False,4.679167,0.6853145,1.1552910,0.003548,0.003605,0.0024303,0.20653
False,4.683333,0.6853294,1.1553060,0.003562,0.003633,0.0023437,0.20077
False,4.687500,0.6853435,1.1553210,0.003390,0.003462,0.0022591,0.19483
False,4.691667,0.6853576,1.1553350,0.003390,0.003462,0.0021763,0.18871
False,4.695833,0.6853711,1.1553490,0.003233,0.003319,0.0020955,0.18345
False,4.700000,0.6853847,1.1553620,0.003262,0.003290,0.0020162,0.17804
False,4.704167,0.6853975,1.1553760,0.003076,0.003147,0.0019391,0.17246
False,4.708333,0.6854104,1.1553890,0.003104,0.003147,0.0018636,0.16669
False,4.712500,0.6854227,1.1554010,0.002933,0.002975,0.0017903,0.16071
False,4.716667,0.6854349,1.1554140,0.002947,0.002975,0.0017184,0.15577
False,4.720833,0.6854466,1.1554250,0.002789,0.002861,0.0016487,0.15066
False,4.725000,0.6854582,1.1554370,0.002789,0.002832,0.0015805,0.14537
False,4.729167,0.6854693,1.1554480,0.002661,0.002689,0.0015141,0.13988
False,4.733333,0.6854804,1.1554600,0.002661,0.002661,0.0014493,0.13562
False,4.737500,0.6854908,1.1554700,0.002518,0.002575,0.0013864,0.12972
False,4.741667,0.6855013,1.1554810,0.002503,0.002546,0.0013251,0.12511
False,4.745833,0.6855112,1.1554910,0.002375,0.002403,0.0012659,0.11869
False,4.750000,0.6855211,1.1555010,0.002389,0.002403,0.0012079,0.11364
False,4.754167,0.6855305,1.1555100,0.002246,0.002260,0.0011522,0.10835
False,4.758333,0.6855398,1.1555200,0.002246,0.002289,0.0010977,0.10468
False,4.762500,0.6855486,1.1555290,0.002103,0.002117,0.0010449,0.09891
False,4.766667,0.6855574,1.1555370,0.002103,0.002117,0.0009934,0.09279
False,4.770833,0.6855657,1.1555460,0.001988,0.002003,0.0009439,0.08847
False,4.775000,0.6855739,1.1555540,0.001974,0.002003,0.0008957,0.08393
False,4.779167,0.6855816,1.1555620,0.001845,0.001831,0.0008495,0.07913
False,4.783333,0.6855893,1.1555700,0.001845,0.001860,0.0008045,0.07402
False,4.787500,0.6855965,1.1555770,0.001731,0.001774,0.0007613,0.07133
False,4.791667,0.6856037,1.1555840,0.001731,0.001688,0.0007194,0.06561
False,4.795833,0.6856104,1.1555910,0.001602,0.001631,0.0006791,0.06256
False,4.800000,0.6856171,1.1555980,0.001616,0.001631,0.0006400,0.05595
False,4.804167,0.6856232,1.1556040,0.001473,0.001488,0.0006025,0.05234
False,4.808333,0.6856294,1.1556100,0.001473,0.001459,0.0005664,0.04846
False,4.812500,0.6856351,1.1556160,0.001373,0.001431,0.0005318,0.04423
False,4.816667,0.6856409,1.1556220,0.001388,0.001373,0.0004987,0.03956
False,4.820833,0.6856461,1.1556270,0.001259,0.001287,0.0004668,0.03956
False,4.825000,0.6856514,1.1556320,0.001273,0.001287,0.0004362,0.03426
False,4.829167,0.6856563,1.1556370,0.001173,0.001173,0.0004071,0.03426
False,4.833333,0.6856612,1.1556420,0.001173,0.001144,0.0003788,0.02798
False,4.837500,0.6856655,1.1556460,0.001044,0.001087,0.0003520,0.02798
False,4.841667,0.6856700,1.1556510,0.001059,0.001030,0.0003265,0.01978
False,4.845833,0.6856740,1.1556550,0.000973,0.001001,0.0003023,0.01978
False,4.850000,0.6856779,1.1556590,0.000944,0.000916,0.0002793,0.01978
False,4.854167,0.6856816,1.1556620,0.000873,0.000887,0.0002576,0.01978
False,4.858333,0.6856852,1.1556660,0.000873,0.000858,0.0002367,0.00000
False,4.862500,0.6856884,1.1556690,0.000772,0.000772,0.0002172,0.00000
False,4.866667,0.6856917,1.1556720,0.000772,0.000772,0.0001982,0.00000
False,4.870833,0.6856945,1.1556750,0.000672,0.000687,0.0001807,0.00000
False,4.875000,0.6856974,1.1556780,0.000701,0.000687,0.0001640,0.00000
False,4.879167,0.6856999,1.1556810,0.000615,0.000629,0.0001488,0.00000
False,4.883333,0.6857024,1.1556830,0.000601,0.000601,0.0001342,0.00000
False,4.887500,0.6857046,1.1556860,0.000529,0.000544,0.0001210,0.00000
False,4.891667,0.6857069,1.1556880,0.000544,0.000515,0.0001082,0.00000
False,4.895833,0.6857088,1.1556900,0.000443,0.000458,0.0000966,0.00000
False,4.900000,0.6857107,1.1556920,0.000472,0.000486,0.0000855,0.00000
False,4.904167,0.6857123,1.1556930,0.000386,0.000372,0.0000753,0.00000
False,4.908333,0.6857139,1.1556950,0.000372,0.000401,0.0000660,0.00000
False,4.912500,0.6857153,1.1556960,0.000343,0.000343,0.0000576,0.00000
False,4.916667,0.6857167,1.1556980,0.000329,0.000315,0.0000499,0.00000
False,4.920833,0.6857178,1.1556990,0.000272,0.000286,0.0000432,0.00000
False,4.925000,0.6857189,1.1557000,0.000257,0.000257,0.0000368,0.00000
False,4.929167,0.6857198,1.1557010,0.000229,0.000257,0.0000311,0.00000
False,4.933333,0.6857208,1.1557020,0.000229,0.000200,0.0000259,0.00000
False,4.937500,0.6857215,1.1557020,0.000157,0.000143,0.0000212,0.00000
False,4.941667,0.6857222,1.1557030,0.000186,0.000172,0.0000172,0.00000
False,4.945833,0.6857228,1.1557040,0.000129,0.000114,0.0000139,0.00000
False,4.950000,0.6857233,1.1557040,0.000129,0.000143,0.0000111,0.00000
False,4.954167,0.6857237,1.1557040,0.000086,0.000086,0.0000087,0.00000
False,4.958333,0.6857240,1.1557050,0.000086,0.000086,0.0000067,0.00000
False,4.962500,0.6857243,1.1557050,0.000072,0.000086,0.0000050,0.00000
False,4.966667,0.6857246,1.1557050,0.000072,0.000057,0.0000033,0.00000
False,4.970833,0.6857247,1.1557060,0.000029,0.000029,0.0000020,0.00000
False,4.975000,0.6857249,1.1557060,0.000029,0.000057,0.0000012,0.00000
False,4.979167,0.6857250,1.1557060,0.000029,0.000000,0.0000007,0.00000
False,4.983333,0.6857251,1.1557060,0.000029,0.000029,0.0000005,0.00000
False,4.987500,0.6857251,1.1557060,0.000000,0.000029,0.0000004,0.00000
False,4.991667,0.6857252,1.1557060,0.000014,0.000000,0.0000004,0.00000
False,4.995833,0.6857252,1.1557060,0.000000,0.000000,0.0000002,0.00000
False,5.000000,0.6857252,1.1557060,0.000000,0.000000,0.0000000,0.00000
True,0.000000,0.2334999,0.7031239,0.000000,0.000000,0.0000000,0.00000
True,0.004167,0.2334999,0.7031240,0.000007,0.000014,-0.0000003,0.00000
True,0.008333,0.2335000,0.7031240,0.000007,0.000000,-0.0000004,0.00000
True,0.012500,0.2335001,0.7031241,0.000021,0.000029,-0.0000004,0.00000
True,0.016667,0.2335002,0.7031242,0.000021,0.000029,-0.0000005,0.00000
True,0.020833,0.2335005,0.7031245,0.000072,0.000072,-0.0000007,0.00000
True,0.025000,0.2335007,0.7031248,0.000072,0.000072,-0.0000011,0.00000
True,0.029167,0.2335013,0.7031254,0.000129,0.000143,-0.0000020,0.00000
True,0.033333,0.2335018,0.7031260,0.000129,0.000143,-0.0000033,0.00000
True,0.037500,0.2335027,0.7031270,0.000222,0.000229,-0.0000049,0.00000
True,0.041667,0.2335036,0.7031279,0.000215,0.000229,-0.0000066,0.00000
True,0.045833,0.2335050,0.7031293,0.000322,0.000329,-0.0000086,0.00000
True,0.050000,0.2335063,0.7031307,0.000315,0.000343,-0.0000110,0.00000
True,0.054167,0.2335081,0.7031327,0.000436,0.000486,-0.0000136,0.00000
True,0.058333,0.2335100,0.7031347,0.000451,0.000458,-0.0000169,0.00000
True,0.062500,0.2335124,0.7031372,0.000579,0.000615,-0.0000208,0.00000
True,0.066667,0.2335148,0.7031398,0.000579,0.000615,-0.0000254,0.00000
True,0.070833,0.2335179,0.7031431,0.000737,0.000801,-0.0000306,0.00000
True,0.075000,0.2335210,0.7031465,0.000737,0.000801,-0.0000362,0.00000
True,0.079167,0.2335247,0.7031505,0.000908,0.000973,-0.0000423,0.00000
True,0.083333,0.2335286,0.7031546,0.000916,0.000973,-0.0000489,0.00000
True,0.087500,0.2335331,0.7031595,0.001101,0.001173,-0.0000563,0.00000
True,0.091667,0.2335377,0.7031643,0.001101,0.001173,-0.0000644,0.00000
True,0.095833,0.2335432,0.7031701,0.001309,0.001373,-0.0000733,0.00000
True,0.100000,0.2335486,0.7031760,0.001302,0.001416,-0.0000831,0.00000
True,0.104167,0.2335550,0.7031827,0.001523,0.001616,-0.0000938,0.00000
True,0.108333,0.2335613,0.7031896,0.001531,0.001645,-0.0001051,0.00000
True,0.112500,0.2335687,0.7031974,0.001760,0.001874,-0.0001172,0.00000
True,0.116667,0.2335760,0.7032052,0.001760,0.001874,-0.0001300,0.00000
True,0.120833,0.2335844,0.7032141,0.002010,0.002146,-0.0001438,0.00000
True,0.125000,0.2335928,0.7032230,0.002017,0.002146,-0.0001584,0.00000
True,0.129167,0.2336022,0.7032332,0.002267,0.002432,-0.0001741,0.00000
True,0.133333,0.2336117,0.7032433,0.002282,0.002432,-0.0001909,0.00000
True,0.137500,0.2336223,0.7032546,0.002546,0.002704,-0.0002087,0.00000
True,0.141667,0.2336329,0.7032660,0.002539,0.002732,-0.0002273,0.00000
True,0.145833,0.2336447,0.7032785,0.002832,0.003004,-0.0002469,0.00000
True,0.150000,0.2336566,0.7032912,0.002840,0.003061,-0.0002675,0.00000
True,0.154167,0.2336696,0.7033051,0.003133,0.003333,-0.0002891,0.00000
True,0.158333,0.2336826,0.7033190,0.003126,0.003333,-0.0003119,0.00000
True,0.162500,0.2336970,0.7033343,0.003448,0.003676,-0.0003358,0.00000
True,0.166667,0.2337113,0.7033496,0.003433,0.003676,-0.0003610,0.00000
True,0.170833,0.2337270,0.7033663,0.003762,0.004005,-0.0003873,0.00000
True,0.175000,0.2337426,0.7033830,0.003755,0.004005,-0.0004147,0.00000
True,0.179167,0.2337597,0.7034012,0.004091,0.004363,-0.0004431,0.00000
True,0.183333,0.2337767,0.7034194,0.004091,0.004363,-0.0004727,0.00000
True,0.187500,0.2337951,0.7034390,0.004420,0.004706,-0.0005035,0.00000
True,0.191667,0.2338136,0.7034587,0.004435,0.004735,-0.0005356,0.00000
True,0.195833,0.2338335,0.7034799,0.004778,0.005078,-0.0005689,0.00000
True,0.200000,0.2338534,0.7035011,0.004771,0.005093,-0.0006036,0.00000
True,0.204167,0.2338748,0.7035239,0.005128,0.005465,-0.0006396,0.00000
True,0.208333,0.2338961,0.7035467,0.005128,0.005479,-0.0006768,0.00000
True,0.212500,0.2339190,0.7035711,0.005493,0.005865,-0.0007152,0.00000
True,0.216667,0.2339419,0.7035955,0.005493,0.005836,-0.0007549,0.00000
True,0.220833,0.2339664,0.7036215,0.005872,0.006251,-0.0007958,0.00000
True,0.225000,0.2339908,0.7036476,0.005858,0.006251,-0.0008382,0.00000
True,0.229167,0.2340168,0.7036753,0.006244,0.006652,-0.0008820,0.00000
True,0.233333,0.2340428,0.7037030,0.006244,0.006652,-0.0009272,0.00000
True,0.237500,0.2340704,0.7037324,0.006623,0.007067,-0.0009736,0.00000
True,0.241667,0.2340980,0.7037618,0.006623,0.007052,-0.0010215,0.00000
True,0.245833,0.2341273,0.7037929,0.007017,0.007453,-0.0010707,0.00000
True,0.250000,0.2341565,0.7038240,0.007017,0.007482,-0.0011213,0.00000
True,0.254167,0.2341874,0.7038568,0.007410,0.007868,-0.0011733,0.00000
True,0.258333,0.2342182,0.7038897,0.007410,0.007896,-0.0012267,0.00000
True,0.262500,0.2342508,0.7039243,0.007811,0.008297,-0.0012816,0.00000
True,0.266667,0.2342833,0.7039590,0.007811,0.008326,-0.0013378,0.00000
True,0.270833,0.2343175,0.7039953,0.008211,0.008726,-0.0013956,0.00000
True,0.275000,0.2343518,0.7040318,0.008218,0.008740,-0.0014548,0.00000
True,0.279167,0.2343877,0.7040699,0.008619,0.009141,-0.0015154,0.00000
True,0.283333,0.2344236,0.7041081,0.008626,0.009170,-0.0015775,0.00000
True,0.287500,0.2344613,0.7041481,0.009034,0.009599,-0.0016410,0.00000
True,0.291667,0.2344989,0.7041880,0.009027,0.009599,-0.0017059,0.00000
True,0.295833,0.2345383,0.7042298,0.009456,0.010028,-0.0017725,0.00000
True,0.300000,0.2345777,0.7042717,0.009449,0.010042,-0.0018404,0.00000
True,0.304167,0.2346188,0.7043153,0.009863,0.010471,-0.0019099,0.00000
True,0.308333,0.2346599,0.7043589,0.009863,0.010471,-0.0019809,0.00000
True,0.312500,0.2347027,0.7044044,0.010285,0.010901,-0.0020533,0.00000
True,0.316667,0.2347456,0.7044499,0.010285,0.010929,-0.0021272,0.00000
True,0.320833,0.2347902,0.7044972,0.010707,0.011344,-0.0022027,0.00000
True,0.325000,0.2348348,0.7045445,0.010707,0.011358,-0.0022796,0.00000
True,0.329167,0.2348812,0.7045936,0.011129,0.011787,-0.0023580,0.00000
True,0.333333,0.2349275,0.7046428,0.011129,0.011802,-0.0024380,0.00000
True,0.337500,0.2349756,0.7046938,0.011544,0.012245,-0.0025194,0.00000
True,0.341667,0.2350238,0.7047447,0.011559,0.012217,-0.0026025,0.00000
True,0.345833,0.2350737,0.7047975,0.011966,0.012674,-0.0026869,0.00000
True,0.350000,0.2351236,0.7048504,0.011981,0.012689,-0.0027729,0.00000
True,0.354167,0.2351753,0.7049051,0.012403,0.013132,-0.0028604,0.00000
True,0.358333,0.2352269,0.7049597,0.012395,0.013103,-0.0029494,0.00000
True,0.362500,0.2352804,0.7050162,0.012832,0.013561,-0.0030399,0.00000
True,0.366667,0.2353338,0.7050728,0.012817,0.013576,-0.0031319,0.00000
True,0.370833,0.2353890,0.7051310,0.013254,0.013976,-0.0032254,0.00000
True,0.375000,0.2354442,0.7051893,0.013247,0.014005,-0.0033205,0.00000
True,0.379167,0.2355011,0.7052494,0.013669,0.014420,-0.0034170,0.00000
True,0.383333,0.2355581,0.7053096,0.013669,0.014448,-0.0035151,0.00000
True,0.387500,0.2356168,0.7053716,0.014091,0.014863,-0.0036146,0.00000
True,0.391667,0.2356755,0.7054335,0.014091,0.014863,-0.0037156,0.00000
True,0.395833,0.2357360,0.7054972,0.014513,0.015292,-0.0038182,0.00000
True,0.400000,0.2357964,0.7055610,0.014505,0.015306,-0.0039221,0.00000
True,0.404167,0.2358586,0.7056265,0.014927,0.015721,-0.0040276,0.00000
True,0.408333,0.2359208,0.7056921,0.014920,0.015750,-0.0041345,0.00000
True,0.412500,0.2359847,0.7057593,0.015349,0.016122,-0.0042431,0.00000
True,0.416667,0.2360486,0.7058266,0.015335,0.016165,-0.0043529,0.00000
True,0.420833,0.2361143,0.7058957,0.015750,0.016565,-0.0044644,0.00000
True,0.425000,0.2361799,0.7059647,0.015764,0.016580,-0.0045772,0.00000
True,0.429167,0.2362473,0.7060356,0.016158,0.016994,-0.0046915,0.00000
True,0.433333,0.2363146,0.7061063,0.016158,0.016980,-0.0048072,0.00000
True,0.437500,0.2363836,0.7061788,0.016565,0.017409,-0.0049244,0.00000
True,0.441667,0.2364526,0.7062514,0.016565,0.017409,-0.0050430,0.00000
True,0.445833,0.2365233,0.7063255,0.016966,0.017796,-0.0051631,0.00000
True,0.450000,0.2365941,0.7063997,0.016973,0.017810,-0.0052846,0.00000
True,0.454167,0.2366664,0.7064756,0.017366,0.018210,-0.0054075,0.00000
True,0.458333,0.2367388,0.7065516,0.017366,0.018225,-0.0055318,0.00000
True,0.462500,0.2368127,0.7066291,0.017753,0.018611,-0.0056576,0.00000
True,0.466667,0.2368867,0.7067066,0.017760,0.018597,-0.0057846,0.00000
True,0.470833,0.2369623,0.7067857,0.018146,0.018997,-0.0059130,0.00000
True,0.475000,0.2370380,0.7068649,0.018146,0.018997,-0.0060429,0.00000
True,0.479167,0.2371152,0.7069456,0.018532,0.019369,-0.0061741,0.00000
True,0.483333,0.2371924,0.7070264,0.018525,0.019383,-0.0063068,0.00000
True,0.487500,0.2372712,0.7071087,0.018911,0.019770,-0.0064408,0.00000
True,0.491667,0.2373500,0.7071911,0.018911,0.019755,-0.0065760,0.00000
True,0.495833,0.2374303,0.7072749,0.019276,0.020127,-0.0067126,0.00000
True,0.500000,0.2375106,0.7073588,0.019283,0.020127,-0.0068504,0.00000
True,0.504167,0.2375925,0.7074442,0.019641,0.020499,-0.0069896,0.00000
True,0.508333,0.2376743,0.7075295,0.019648,0.020485,-0.0071301,0.00000
True,0.512500,0.2377577,0.7076164,0.020006,0.020843,-0.0072719,0.00000
True,0.516667,0.2378411,0.7077032,0.020020,0.020843,-0.0074150,0.00000
True,0.520833,0.2379259,0.7077916,0.020363,0.021214,-0.0075594,0.00000
True,0.525000,0.2380108,0.7078799,0.020356,0.021186,-0.0077050,0.00000
True,0.529167,0.2380970,0.7079695,0.020707,0.021515,-0.0078517,0.00000
True,0.533333,0.2381833,0.7080593,0.020707,0.021544,-0.0079997,0.00000
True,0.537500,0.2382710,0.7081504,0.021050,0.021858,-0.0081489,0.00000
True,0.541667,0.2383588,0.7082415,0.021057,0.021873,-0.0082993,0.00000
True,0.545833,0.2384478,0.7083340,0.021379,0.022187,-0.0084510,0.00000
True,0.550000,0.2385370,0.7084264,0.021393,0.022187,-0.0086039,0.00000
True,0.554167,0.2386274,0.7085202,0.021701,0.022516,-0.0087579,0.00000
True,0.558333,0.2387179,0.7086139,0.021715,0.022473,-0.0089131,0.00000
True,0.562500,0.2388097,0.7087090,0.022030,0.022831,-0.0090693,0.00000
True,0.566667,0.2389014,0.7088040,0.022023,0.022802,-0.0092267,0.00000
True,0.570833,0.2389945,0.7089003,0.022345,0.023103,-0.0093850,0.00000
True,0.575000,0.2390876,0.7089966,0.022337,0.023117,-0.0095447,0.00000
True,0.579167,0.2391820,0.7090940,0.022652,0.023375,-0.0097054,0.00000
True,0.583333,0.2392763,0.7091914,0.022645,0.023389,-0.0098672,0.00000
True,0.587500,0.2393719,0.7092901,0.022931,0.023689,-0.0100301,0.00000
True,0.591667,0.2394675,0.7093887,0.022945,0.023661,-0.0101940,0.00000
True,0.595833,0.2395643,0.7094885,0.023224,0.023932,-0.0103589,0.00000
True,0.600000,0.2396610,0.7095882,0.023224,0.023932,-0.0105246,0.00000
True,0.604167,0.2397590,0.7096890,0.023503,0.024204,-0.0106913,0.00000
True,0.608333,0.2398569,0.7097898,0.023510,0.024190,-0.0108592,0.00000
True,0.612500,0.2399560,0.7098917,0.023775,0.024462,-0.0110280,0.00000
True,0.616667,0.2400550,0.7099935,0.023768,0.024433,-0.0111978,0.00000
True,0.620833,0.2401552,0.7100964,0.024033,0.024691,-0.0113685,0.00000
True,0.625000,0.2402553,0.7101994,0.024033,0.024705,-0.0115401,0.00000
True,0.629167,0.2403565,0.7103031,0.024290,0.024891,-0.0117126,0.00000
True,0.633333,0.2404577,0.7104068,0.024283,0.024905,-0.0118858,0.00000
True,0.637500,0.2405599,0.7105116,0.024533,0.025148,-0.0120599,0.00000
True,0.641667,0.2406621,0.7106163,0.024526,0.025120,-0.0122350,0.00000
True,0.645833,0.2407652,0.7107218,0.024755,0.025320,-0.0124109,0.00000
True,0.650000,0.2408684,0.7108274,0.024762,0.025334,-0.0125877,0.00000
True,0.654167,0.2409725,0.7109337,0.024984,0.025520,-0.0127653,0.00000
True,0.658333,0.2410766,0.7110401,0.024984,0.025549,-0.0129436,0.00000
True,0.662500,0.2411816,0.7111473,0.025198,0.025721,-0.0131227,0.00000
True,0.666667,0.2412866,0.7112544,0.025198,0.025706,-0.0133023,0.00000
True,0.670833,0.2413924,0.7113622,0.025399,0.025878,-0.0134826,0.00000
True,0.675000,0.2414983,0.7114702,0.025399,0.025907,-0.0136638,0.00000
True,0.679167,0.2416049,0.7115787,0.025599,0.026050,-0.0138458,0.00000
True,0.683333,0.2417116,0.7116873,0.025599,0.026064,-0.0140284,0.00000
True,0.687500,0.2418190,0.7117965,0.025771,0.026207,-0.0142118,0.00000
True,0.691667,0.2419264,0.7119057,0.025778,0.026207,-0.0143957,0.00000
True,0.695833,0.2420345,0.7120155,0.025949,0.026350,-0.0145802,0.00000
True,0.700000,0.2421426,0.7121252,0.025957,0.026336,-0.0147651,0.00000
True,0.704167,0.2422515,0.7122356,0.026114,0.026479,-0.0149506,0.00000
True,0.708333,0.2423603,0.7123460,0.026121,0.026493,-0.0151369,0.00000
True,0.712500,0.2424697,0.7124568,0.026264,0.026608,-0.0153237,0.00000
True,0.716667,0.2425792,0.7125677,0.026264,0.026608,-0.0155111,0.00000
True,0.720833,0.2426892,0.7126790,0.026407,0.026708,-0.0156990,0.00000
True,0.725000,0.2427993,0.7127903,0.026414,0.026722,-0.0158873,0.00000
True,0.729167,0.2429098,0.7129018,0.026536,0.026765,-0.0160761,0.00000
True,0.733333,0.2430204,0.7130135,0.026543,0.026808,-0.0162652,0.00000
True,0.737500,0.2431315,0.7131256,0.026665,0.026908,-0.0164547,0.00000
True,0.741667,0.2432426,0.7132377,0.026658,0.026894,-0.0166447,0.00000
True,0.745833,0.2433541,0.7133501,0.026772,0.026965,-0.0168353,0.00000
True,0.750000,0.2434657,0.7134624,0.026779,0.026951,-0.0170262,0.00000
True,0.754167,0.2435777,0.7135750,0.026865,0.027037,-0.0172175,0.00000
True,0.758333,0.2436896,0.7136876,0.026872,0.027022,-0.0174090,0.00000
True,0.762500,0.2438020,0.7138004,0.026965,0.027065,-0.0176009,0.00000
True,0.766667,0.2439143,0.7139132,0.026958,0.027080,-0.0177929,0.00000
True,0.770833,0.2440270,0.7140262,0.027044,0.027123,-0.0179851,0.00000
True,0.775000,0.2441396,0.7141392,0.027030,0.027108,-0.0181778,0.00000
True,0.779167,0.2442525,0.7142523,0.027101,0.027151,-0.0183707,0.00000
True,0.783333,0.2443655,0.7143654,0.027108,0.027151,-0.0185639,0.00000
True,0.787500,0.2444787,0.7144786,0.027165,0.027165,-0.0187573,0.00000
True,0.791667,0.2445918,0.7145917,0.027158,0.027151,-0.0189508,0.00000
True,0.795833,0.2447052,0.7147050,0.027201,0.027180,-0.0191445,0.00000
True,0.800000,0.2448185,0.7148181,0.027201,0.027151,-0.0193381,0.00000
True,0.804167,0.2449320,0.7149314,0.027237,0.027194,-0.0195319,0.00000
True,0.808333,0.2450455,0.7150446,0.027244,0.027151,-0.0197259,0.00000
True,0.812500,0.2451591,0.7151577,0.027258,0.027151,-0.0199200,0.00000
True,0.816667,0.2452727,0.7152708,0.027258,0.027137,-0.0201142,0.00000
True,0.820833,0.2453863,0.7153838,0.027273,0.027137,-0.0203085,0.00000
True,0.825000,0.2454999,0.7154968,0.027266,0.027108,-0.0205028,0.00000
True,0.829167,0.2456135,0.7156096,0.027273,0.027065,-0.0206969,0.00000
True,0.833333,0.2457272,0.7157225,0.027266,0.027108,-0.0208910,0.00000
True,0.837500,0.2458408,0.7158352,0.027266,0.027037,-0.0210850,0.00000
True,0.841667,0.2459544,0.7159477,0.027266,0.027022,-0.0212790,0.00000
True,0.845833,0.2460678,0.7160602,0.027230,0.026979,-0.0214731,0.00000
True,0.850000,0.2461813,0.7161725,0.027237,0.026965,-0.0216671,0.00000
True,0.854167,0.2462946,0.7162846,0.027201,0.026908,-0.0218610,0.00000
True,0.858333,0.2464080,0.7163967,0.027208,0.026894,-0.0220547,0.00000
True,0.862500,0.2465212,0.7165085,0.027165,0.026836,-0.0222481,0.00000
True,0.866667,0.2466344,0.7166201,0.027158,0.026779,-0.0224412,0.00000
True,0.870833,0.2467473,0.7167316,0.027101,0.026765,-0.0226342,0.00000
True,0.875000,0.2468602,0.7168429,0.027108,0.026722,-0.0228271,0.00000
True,0.879167,0.2469729,0.7169538,0.027037,0.026608,-0.0230199,0.00000
True,0.883333,0.2470855,0.7170647,0.027037,0.026608,-0.0232123,0.00000
True,0.887500,0.2471979,0.7171752,0.026958,0.026522,-0.0234045,0.00000
True,0.891667,0.2473102,0.7172856,0.026958,0.026493,-0.0235964,0.00000
True,0.895833,0.2474222,0.7173955,0.026872,0.026393,-0.0237879,0.00000
True,0.900000,0.2475341,0.7175055,0.026872,0.026379,-0.0239790,0.00000
True,0.904167,0.2476457,0.7176148,0.026772,0.026250,-0.0241696,0.00000
True,0.908333,0.2477572,0.7177242,0.026772,0.026250,-0.0243601,0.00000
True,0.912500,0.2478683,0.7178330,0.026658,0.026107,-0.0245501,0.00000
True,0.916667,0.2479794,0.7179418,0.026672,0.026107,-0.0247399,0.00000
True,0.920833,0.2480900,0.7180498,0.026543,0.025935,-0.0249291,0.00000
True,0.925000,0.2482006,0.7181581,0.026536,0.025978,-0.0251179,0.00000
True,0.929167,0.2483107,0.7182655,0.026414,0.025778,-0.0253062,0.00000
True,0.933333,0.2484207,0.7183729,0.026407,0.025778,-0.0254939,0.00000
True,0.937500,0.2485301,0.7184796,0.026264,0.025620,-0.0256810,0.00000
True,0.941667,0.2486396,0.7185863,0.026271,0.025606,-0.0258677,0.00000
True,0.945833,0.2487484,0.7186924,0.026107,0.025449,-0.0260540,0.00000
True,0.950000,0.2488572,0.7187982,0.026121,0.025406,-0.0262398,0.00000
True,0.954167,0.2489653,0.7189033,0.025949,0.025220,-0.0264249,0.00000
True,0.958333,0.2490734,0.7190084,0.025949,0.025220,-0.0266094,0.00000
True,0.962500,0.2491809,0.7191126,0.025785,0.025020,-0.0267932,0.00000
True,0.966667,0.2492883,0.7192171,0.025778,0.025063,-0.0269764,0.00000
True,0.970833,0.2493949,0.7193204,0.025592,0.024805,-0.0271588,0.00000
True,0.975000,0.2495016,0.7194238,0.025599,0.024805,-0.0273407,0.00000
True,0.979167,0.2496074,0.7195264,0.025392,0.024619,-0.0275219,0.00000
True,0.983333,0.2497132,0.7196288,0.025399,0.024590,-0.0277025,0.00000
True,0.987500,0.2498182,0.7197303,0.025206,0.024347,-0.0278824,0.00000
True,0.991667,0.2499232,0.7198318,0.025198,0.024376,-0.0280615,0.00000
True,0.995833,0.2500273,0.7199323,0.024977,0.024118,-0.0282397,0.00000
True,1.000000,0.2501314,0.7200329,0.024984,0.024133,-0.0284171,0.00000
True,1.004167,0.2502346,0.7201325,0.024762,0.023904,-0.0285936,0.00000
True,1.008333,0.2503377,0.7202319,0.024762,0.023861,-0.0287695,0.00000
True,1.012500,0.2504399,0.7203302,0.024526,0.023603,-0.0289445,0.00000
True,1.016667,0.2505421,0.7204288,0.024526,0.023646,-0.0291188,0.00000
True,1.020833,0.2506433,0.7205260,0.024283,0.023332,-0.0292922,0.00000
True,1.025000,0.2507445,0.7206233,0.024290,0.023360,-0.0294647,0.00000
True,1.029167,0.2508447,0.7207196,0.024040,0.023117,-0.0296363,0.00000
True,1.033333,0.2509448,0.7208157,0.024025,0.023060,-0.0298068,0.00000
True,1.037500,0.2510439,0.7209108,0.023775,0.022817,-0.0299764,0.00000
True,1.041667,0.2511429,0.7210057,0.023775,0.022788,-0.0301451,0.00000
True,1.045833,0.2512408,0.7210996,0.023503,0.022531,-0.0303129,0.00000
True,1.050000,0.2513388,0.7211934,0.023503,0.022516,-0.0304798,0.00000
True,1.054167,0.2514355,0.7212861,0.023224,0.022230,-0.0306457,0.00000
True,1.058333,0.2515323,0.7213787,0.023232,0.022230,-0.0308106,0.00000
True,1.062500,0.2516279,0.7214700,0.022938,0.021915,-0.0309744,0.00000
True,1.066667,0.2517235,0.7215614,0.022938,0.021930,-0.0311371,0.00000
True,1.070833,0.2518179,0.7216514,0.022645,0.021601,-0.0312987,0.00000
True,1.075000,0.2519122,0.7217414,0.022645,0.021615,-0.0314593,0.00000
True,1.079167,0.2520053,0.7218302,0.022337,0.021315,-0.0316189,0.00000
True,1.083333,0.2520984,0.7219189,0.022345,0.021286,-0.0317774,0.00000
True,1.087500,0.2521901,0.7220064,0.022023,0.021000,-0.0319350,0.00000
True,1.091667,0.2522820,0.7220937,0.022037,0.020943,-0.0320912,0.00000
True,1.095833,0.2523724,0.7221798,0.021708,0.020657,-0.0322464,0.00000
True,1.100000,0.2524628,0.7222658,0.021701,0.020642,-0.0324003,0.00000
True,1.104167,0.2525520,0.7223505,0.021393,0.020328,-0.0325530,0.00000
True,1.108333,0.2526411,0.7224352,0.021386,0.020328,-0.0327045,0.00000
True,1.112500,0.2527288,0.7225184,0.021050,0.019970,-0.0328550,0.00000
True,1.116667,0.2528165,0.7226015,0.021050,0.019956,-0.0330043,0.00000
True,1.120833,0.2529028,0.7226834,0.020714,0.019641,-0.0331524,0.00000
True,1.125000,0.2529891,0.7227652,0.020707,0.019641,-0.0332992,0.00000
True,1.129167,0.2530739,0.7228455,0.020363,0.019269,-0.0334447,0.00000
True,1.133333,0.2531588,0.7229258,0.020363,0.019283,-0.0335890,0.00000
True,1.137500,0.2532421,0.7230048,0.020006,0.018940,-0.0337319,0.00000
True,1.141667,0.2533255,0.7230835,0.020006,0.018897,-0.0338736,0.00000
True,1.145833,0.2534074,0.7231609,0.019648,0.018568,-0.0340141,0.00000
True,1.150000,0.2534892,0.7232381,0.019648,0.018539,-0.0341533,0.00000
True,1.154167,0.2535696,0.7233139,0.019283,0.018196,-0.0342913,0.00000
True,1.158333,0.2536499,0.7233899,0.019276,0.018225,-0.0344279,0.00000
True,1.162500,0.2537287,0.7234641,0.018911,0.017810,-0.0345631,0.00000
True,1.166667,0.2538075,0.7235384,0.018904,0.017838,-0.0346969,0.00000
True,1.170833,0.2538846,0.7236111,0.018525,0.017438,-0.0348294,0.00000
True,1.175000,0.2539619,0.7236838,0.018532,0.017452,-0.0349606,0.00000
True,1.179167,0.2540375,0.7237549,0.018146,0.017066,-0.0350904,0.00000
True,1.183333,0.2541131,0.7238260,0.018146,0.017066,-0.0352189,0.00000
True,1.187500,0.2541871,0.7238956,0.017760,0.016708,-0.0353460,0.00000
True,1.191667,0.2542611,0.7239651,0.017760,0.016680,-0.0354717,0.00000
True,1.195833,0.2543334,0.7240330,0.017366,0.016294,-0.0355960,0.00000
True,1.200000,0.2544058,0.7241011,0.017366,0.016336,-0.0357188,0.00000
True,1.204167,0.2544765,0.7241673,0.016966,0.015893,-0.0358402,0.00000
True,1.208333,0.2545472,0.7242335,0.016966,0.015893,-0.0359602,0.00000
True,1.212500,0.2546162,0.7242982,0.016565,0.015535,-0.0360789,0.00000
True,1.216667,0.2546853,0.7243630,0.016572,0.015535,-0.0361961,0.00000
True,1.220833,0.2547526,0.7244260,0.016165,0.015135,-0.0363118,0.00000
True,1.225000,0.2548199,0.7244891,0.016158,0.015135,-0.0364261,0.00000
True,1.229167,0.2548856,0.7245505,0.015750,0.014734,-0.0365390,0.00000
True,1.233333,0.2549512,0.7246118,0.015750,0.014720,-0.0366503,0.00000
True,1.237500,0.2550151,0.7246716,0.015342,0.014348,-0.0367602,0.00000
True,1.241667,0.2550790,0.7247314,0.015342,0.014348,-0.0368685,0.00000
True,1.245833,0.2551412,0.7247895,0.014927,0.013947,-0.0369754,0.00000
True,1.250000,0.2552034,0.7248476,0.014927,0.013933,-0.0370809,0.00000
True,1.254167,0.2552639,0.7249040,0.014513,0.013547,-0.0371850,0.00000
True,1.258333,0.2553243,0.7249604,0.014505,0.013533,-0.0372874,0.00000
True,1.262500,0.2553830,0.7250151,0.014091,0.013132,-0.0373884,0.00000
True,1.266667,0.2554418,0.7250699,0.014091,0.013146,-0.0374879,0.00000
True,1.270833,0.2554987,0.7251229,0.013669,0.012732,-0.0375859,0.00000
True,1.275000,0.2555557,0.7251760,0.013669,0.012732,-0.0376824,0.00000
True,1.279167,0.2556109,0.7252273,0.013247,0.012317,-0.0377774,0.00000
True,1.283333,0.2556660,0.7252787,0.013247,0.012331,-0.0378709,0.00000
True,1.287500,0.2557195,0.7253283,0.012825,0.011916,-0.0379629,0.00000
True,1.291667,0.2557729,0.7253781,0.012825,0.011945,-0.0380535,0.00000
True,1.295833,0.2558246,0.7254262,0.012403,0.011544,-0.0381424,0.00000
True,1.300000,0.2558762,0.7254742,0.012395,0.011516,-0.0382299,0.00000
True,1.304167,0.2559262,0.7255205,0.011981,0.011115,-0.0383158,0.00000
True,1.308333,0.2559761,0.7255669,0.011973,0.011144,-0.0384003,0.00000
True,1.312500,0.2560242,0.7256116,0.011551,0.010729,-0.0384832,0.00000
True,1.316667,0.2560723,0.7256563,0.011551,0.010715,-0.0385647,0.00000
True,1.320833,0.2561187,0.7256993,0.011129,0.010328,-0.0386446,0.00000
True,1.325000,0.2561650,0.7257423,0.011122,0.010328,-0.0387230,0.00000
True,1.329167,0.2562097,0.7257838,0.010715,0.009942,-0.0387999,0.00000
True,1.333333,0.2562543,0.7258251,0.010707,0.009928,-0.0388753,0.00000
True,1.337500,0.2562971,0.7258648,0.010278,0.009513,-0.0389493,0.00000
True,1.341667,0.2563400,0.7259045,0.010285,0.009542,-0.0390217,0.00000
True,1.345833,0.2563811,0.7259426,0.009871,0.009127,-0.0390926,0.00000
True,1.350000,0.2564222,0.7259806,0.009863,0.009127,-0.0391620,0.00000
True,1.354167,0.2564616,0.7260171,0.009449,0.008769,-0.0392299,0.00000
True,1.358333,0.2565009,0.7260535,0.009449,0.008740,-0.0392965,0.00000
True,1.362500,0.2565386,0.7260883,0.009034,0.008354,-0.0393615,0.00000
True,1.366667,0.2565762,0.7261232,0.009034,0.008368,-0.0394250,0.00000
True,1.370833,0.2566121,0.7261564,0.008619,0.007954,-0.0394871,0.00000
True,1.375000,0.2566481,0.7261896,0.008626,0.007982,-0.0395477,0.00000
True,1.379167,0.2566823,0.7262213,0.008218,0.007596,-0.0396069,0.00000
True,1.383333,0.2567165,0.7262529,0.008211,0.007582,-0.0396646,0.00000
True,1.387500,0.2567491,0.7262830,0.007811,0.007238,-0.0397208,0.00000
True,1.391667,0.2567816,0.7263131,0.007811,0.007210,-0.0397756,0.00000
True,1.395833,0.2568125,0.7263415,0.007410,0.006838,-0.0398290,0.00000
True,1.400000,0.2568434,0.7263701,0.007410,0.006852,-0.0398811,0.00000
True,1.404167,0.2568726,0.7263970,0.007010,0.006466,-0.0399318,0.00000
True,1.408333,0.2569018,0.7264241,0.007017,0.006495,-0.0399810,0.00000
True,1.412500,0.2569294,0.7264495,0.006630,0.006108,-0.0400288,0.00000
True,1.416667,0.2569570,0.7264749,0.006623,0.006094,-0.0400751,0.00000
True,1.420833,0.2569830,0.7264989,0.006237,0.005751,-0.0401201,0.00000
True,1.425000,0.2570090,0.7265229,0.006244,0.005765,-0.0401638,0.00000
True,1.429167,0.2570334,0.7265453,0.005858,0.005379,-0.0402063,0.00000
True,1.433333,0.2570579,0.7265680,0.005872,0.005450,-0.0402474,0.00000
True,1.437500,0.2570808,0.7265891,0.005493,0.005064,-0.0402872,0.00000
True,1.441667,0.2571037,0.7266102,0.005493,0.005050,-0.0403256,0.00000
True,1.445833,0.2571250,0.7266299,0.005128,0.004735,-0.0403627,0.00000
True,1.450000,0.2571464,0.7266496,0.005136,0.004735,-0.0403985,0.00000
True,1.454167,0.2571664,0.7266680,0.004778,0.004406,-0.0404331,0.00000
True,1.458333,0.2571862,0.7266862,0.004771,0.004377,-0.0404663,0.00000
True,1.462500,0.2572047,0.7267032,0.004427,0.004063,-0.0404984,0.00000
True,1.466667,0.2572231,0.7267203,0.004427,0.004120,-0.0405295,0.00000
True,1.470833,0.2572401,0.7267359,0.004084,0.003748,-0.0405593,0.00000
True,1.475000,0.2572572,0.7267516,0.004091,0.003762,-0.0405877,0.00000
True,1.479167,0.2572728,0.7267660,0.003755,0.003462,-0.0406150,0.00000
True,1.483333,0.2572885,0.7267805,0.003762,0.003476,-0.0406411,0.00000
True,1.487500,0.2573029,0.7267938,0.003440,0.003176,-0.0406660,0.00000
True,1.491667,0.2573172,0.7268069,0.003440,0.003147,-0.0406898,0.00000
True,1.495833,0.2573302,0.7268189,0.003133,0.002890,-0.0407127,0.00000
True,1.500000,0.2573433,0.7268310,0.003133,0.002890,-0.0407345,0.00000
True,1.504167,0.2573551,0.7268418,0.002832,0.002604,-0.0407554,0.00000
True,1.508333,0.2573669,0.7268527,0.002832,0.002618,-0.0407750,0.00000
True,1.512500,0.2573775,0.7268624,0.002546,0.002317,-0.0407935,0.00000
True,1.516667,0.2573881,0.7268721,0.002539,0.002346,-0.0408111,0.00000
True,1.520833,0.2573976,0.7268809,0.002282,0.002103,-0.0408276,0.00000
True,1.525000,0.2574070,0.7268897,0.002267,0.002103,-0.0408433,0.00000
True,1.529167,0.2574154,0.7268972,0.002017,0.001802,-0.0408581,0.00000
True,1.533333,0.2574238,0.7269050,0.002010,0.001874,-0.0408721,0.00000
True,1.537500,0.2574312,0.7269118,0.001767,0.001631,-0.0408852,0.00000
True,1.541667,0.2574385,0.7269185,0.001760,0.001616,-0.0408974,0.00000
True,1.545833,0.2574449,0.7269244,0.001523,0.001402,-0.0409085,0.00000
True,1.550000,0.2574512,0.7269302,0.001531,0.001402,-0.0409189,0.00000
True,1.554167,0.2574567,0.7269352,0.001309,0.001202,-0.0409284,0.00000
True,1.558333,0.2574621,0.7269402,0.001302,0.001202,-0.0409372,0.00000
True,1.562500,0.2574667,0.7269444,0.001101,0.001016,-0.0409455,0.00000
True,1.566667,0.2574713,0.7269486,0.001101,0.001001,-0.0409532,0.00000
True,1.570833,0.2574751,0.7269521,0.000908,0.000830,-0.0409602,0.00000
True,1.575000,0.2574789,0.7269557,0.000916,0.000873,-0.0409663,0.00000
True,1.579167,0.2574820,0.7269585,0.000737,0.000658,-0.0409718,0.00000
True,1.583333,0.2574850,0.7269613,0.000737,0.000687,-0.0409766,0.00000
True,1.587500,0.2574874,0.7269635,0.000579,0.000515,-0.0409808,0.00000
True,1.591667,0.2574899,0.7269657,0.000579,0.000544,-0.0409846,0.00000
True,1.595833,0.2574917,0.7269674,0.000443,0.000401,-0.0409880,0.00000
True,1.600000,0.2574935,0.7269690,0.000436,0.000386,-0.0409911,0.00000
True,1.604167,0.2574949,0.7269702,0.000322,0.000286,-0.0409938,0.00000
True,1.608333,0.2574962,0.7269715,0.000322,0.000315,-0.0409961,0.00000
True,1.612500,0.2574971,0.7269723,0.000215,0.000200,-0.0409979,0.00000
True,1.616667,0.2574980,0.7269732,0.000215,0.000215,-0.0409992,0.00000
True,1.620833,0.2574986,0.7269737,0.000136,0.000114,-0.0410002,0.00000
True,1.625000,0.2574991,0.7269742,0.000129,0.000129,-0.0410008,0.00000
True,1.629167,0.2574994,0.7269745,0.000072,0.000057,-0.0410013,0.00000
True,1.633333,0.2574997,0.7269747,0.000064,0.000043,-0.0410015,0.00000
True,1.637500,0.2574998,0.7269747,0.000021,0.000014,-0.0410028,0.00000
True,1.641667,0.2574998,0.7269747,0.000021,0.000000,-0.0410055,0.00000
True,1.645833,0.2574999,0.7269747,0.000014,-0.000014,-0.0410087,0.00000
True,1.650000,0.2574999,0.7269745,0.000000,-0.000043,-0.0410112,0.00000
True,1.654167,0.2574998,0.7269742,-0.000029,-0.000057,-0.0410120,0.00000
True,1.658333,0.2574997,0.7269742,-0.000029,0.000000,-0.0410100,0.00000
True,1.662500,0.2574988,0.7269737,-0.000207,-0.000129,-0.0410037,0.00000
True,1.666667,0.2574979,0.7269734,-0.000215,-0.000086,-0.0409926,0.00000
True,1.670833,0.2574956,0.7269716,-0.000551,-0.000429,-0.0409786,0.00000
True,1.675000,0.2574933,0.7269698,-0.000558,-0.000415,-0.0409646,0.00000
True,1.679167,0.2574889,0.7269661,-0.001051,-0.000901,-0.0409479,0.00000
True,1.683333,0.2574845,0.7269627,-0.001066,-0.000815,-0.0409273,0.00000
True,1.687500,0.2574772,0.7269566,-0.001738,-0.001459,-0.0408998,0.00000
True,1.691667,0.2574700,0.7269509,-0.001724,-0.001359,-0.0408646,0.00000
True,1.695833,0.2574595,0.7269424,-0.002525,-0.002060,-0.0408183,0.00000
True,1.700000,0.2574490,0.7269343,-0.002532,-0.001931,-0.0407605,0.00000
True,1.704167,0.2574345,0.7269228,-0.003469,-0.002775,-0.0406922,0.00000
True,1.708333,0.2574200,0.7269114,-0.003476,-0.002732,-0.0406181,0.00000
True,1.712500,0.2574012,0.7268960,-0.004528,-0.003691,-0.0405349,0.00000
True,1.716667,0.2573822,0.7268810,-0.004542,-0.003591,-0.0404427,0.00000
True,1.720833,0.2573584,0.7268614,-0.005722,-0.004706,-0.0403380,0.00000
True,1.725000,0.2573345,0.7268425,-0.005729,-0.004549,-0.0402213,0.00000
True,1.729167,0.2573053,0.7268187,-0.007010,-0.005708,-0.0400888,0.00000
True,1.733333,0.2572761,0.7267954,-0.007017,-0.005579,-0.0399413,0.00000
True,1.737500,0.2572410,0.7267670,-0.008426,-0.006824,-0.0397783,0.00000
True,1.741667,0.2572059,0.7267390,-0.008426,-0.006709,-0.0396047,0.00000
True,1.745833,0.2571646,0.7267053,-0.009906,-0.008111,-0.0394167,0.00000
True,1.750000,0.2571232,0.7266720,-0.009928,-0.007982,-0.0392159,0.00000
True,1.754167,0.2570754,0.7266326,-0.011487,-0.009456,-0.0389981,0.00000
True,1.758333,0.2570275,0.7265938,-0.011494,-0.009313,-0.0387653,0.00000
True,1.762500,0.2569726,0.7265487,-0.013175,-0.010815,-0.0385131,0.00000
True,1.766667,0.2569178,0.7265041,-0.013154,-0.010700,-0.0382437,0.00000
True,1.770833,0.2568557,0.7264529,-0.014899,-0.012288,-0.0379550,0.00000
True,1.775000,0.2567936,0.7264022,-0.014892,-0.012174,-0.0376522,0.00000
True,1.779167,0.2567240,0.7263443,-0.016708,-0.013890,-0.0373310,0.00000
True,1.783333,0.2566544,0.7262868,-0.016708,-0.013804,-0.0369942,0.00000
True,1.787500,0.2565770,0.7262221,-0.018568,-0.015535,-0.0366374,0.00000
True,1.791667,0.2564996,0.7261578,-0.018575,-0.015421,-0.0362633,0.00000
True,1.795833,0.2564143,0.7260860,-0.020478,-0.017252,-0.0358676,0.00000
True,1.800000,0.2563290,0.7260144,-0.020471,-0.017166,-0.0354533,0.00000
True,1.804167,0.2562355,0.7259352,-0.022459,-0.019026,-0.0350174,0.01978
True,1.808333,0.2561419,0.7258561,-0.022445,-0.018983,-0.0345646,0.01978
True,1.812500,0.2560400,0.7257690,-0.024455,-0.020900,-0.0340909,0.02798
True,1.816667,0.2559382,0.7256820,-0.024447,-0.020871,-0.0335996,0.02798
True,1.820833,0.2558278,0.7255867,-0.026479,-0.022888,-0.0330864,0.03426
True,1.825000,0.2557175,0.7254916,-0.026493,-0.022817,-0.0325548,0.03956
True,1.829167,0.2555985,0.7253879,-0.028553,-0.024891,-0.0320004,0.04846
True,1.833333,0.2554795,0.7252842,-0.028546,-0.024891,-0.0314268,0.05595
True,1.837500,0.2553519,0.7251717,-0.030634,-0.026994,-0.0308302,0.06561
True,1.841667,0.2552243,0.7250592,-0.030634,-0.027008,-0.0302153,0.07662
True,1.845833,0.2550879,0.7249377,-0.032737,-0.029154,-0.0295778,0.08623
True,1.850000,0.2549514,0.7248159,-0.032744,-0.029225,-0.0289218,0.09691
True,1.854167,0.2548063,0.7246850,-0.034840,-0.031428,-0.0282431,0.10835
True,1.858333,0.2546610,0.7245537,-0.034854,-0.031500,-0.0275455,0.12195
True,1.862500,0.2545070,0.7244131,-0.036964,-0.033746,-0.0268249,0.13706
True,1.866667,0.2543530,0.7242721,-0.036964,-0.033846,-0.0260854,0.15195
True,1.870833,0.2541901,0.7241213,-0.039082,-0.036178,-0.0253227,0.16902
True,1.875000,0.2540273,0.7239702,-0.039082,-0.036278,-0.0245408,0.18663
True,1.879167,0.2538557,0.7238093,-0.041192,-0.038610,-0.0237359,0.20463
True,1.883333,0.2536841,0.7236475,-0.041184,-0.038824,-0.0229123,0.22468
True,1.887500,0.2535037,0.7234761,-0.043294,-0.041142,-0.0220661,0.24549
True,1.891667,0.2533233,0.7233036,-0.043287,-0.041413,-0.0212014,0.26688
True,1.895833,0.2531343,0.7231212,-0.045376,-0.043774,-0.0203146,0.29007
True,1.900000,0.2529452,0.7229375,-0.045369,-0.044074,-0.0194097,0.31404
True,1.904167,0.2527476,0.7227439,-0.047436,-0.046463,-0.0184821,0.33920
True,1.908333,0.2525499,0.7225489,-0.047429,-0.046806,-0.0175355,0.36531
True,1.912500,0.2523438,0.7223438,-0.049467,-0.049224,-0.0165663,0.39267
True,1.916667,0.2521377,0.7221370,-0.049474,-0.049639,-0.0155789,0.42104
True,1.920833,0.2519232,0.7219201,-0.051477,-0.052042,-0.0145700,0.45067
True,1.925000,0.2517087,0.7217014,-0.051470,-0.052500,-0.0135437,0.48051
True,1.929167,0.2514860,0.7214725,-0.053465,-0.054932,-0.0124966,0.51167
True,1.933333,0.2512633,0.7212415,-0.053444,-0.055447,-0.0114331,0.54285
True,1.937500,0.2510325,0.7210002,-0.055382,-0.057907,-0.0103484,0.57505
True,1.941667,0.2508017,0.7207567,-0.055389,-0.058436,-0.0092454,0.60845
True,1.945833,0.2505631,0.7205029,-0.057285,-0.060911,-0.0081212,0.64255
True,1.950000,0.2503244,0.7202464,-0.057285,-0.061555,-0.0069800,0.67724
True,1.954167,0.2500780,0.7199799,-0.059123,-0.063972,-0.0058190,0.71272
True,1.958333,0.2498316,0.7197105,-0.059130,-0.064645,-0.0046421,0.74860
True,1.962500,0.2495778,0.7194309,-0.060922,-0.067105,-0.0034469,0.78509
True,1.966667,0.2493239,0.7191485,-0.060929,-0.067792,-0.0022372,0.82187
True,1.970833,0.2490628,0.7188556,-0.062667,-0.070281,-0.0010086,0.85912
True,1.975000,0.2488017,0.7185597,-0.062671,-0.071011,0.0002369,0.89657
True,1.979167,0.2485335,0.7182534,-0.064366,-0.073514,0.0015016,0.93461
True,1.983333,0.2482653,0.7179438,-0.064359,-0.074301,0.0027815,0.97338
True,1.987500,0.2479904,0.7176241,-0.065989,-0.076747,0.0040788,1.01240
True,1.991667,0.2477155,0.7173008,-0.065979,-0.077577,0.0053896,1.05221
True,1.995833,0.2474340,0.7169675,-0.067559,-0.080009,0.0067161,1.09271
True,2.000000,0.2471525,0.7166303,-0.067563,-0.080910,0.0080544,1.13384
True,2.004167,0.2468648,0.7162833,-0.069051,-0.083284,0.0094091,1.17570
True,2.008333,0.2465770,0.7159323,-0.069058,-0.084243,0.0107784,1.21820
True,2.012500,0.2462833,0.7155713,-0.070485,-0.086646,0.0121644,1.26130
True,2.016667,0.2459896,0.7152061,-0.070496,-0.087647,0.0135632,1.30506
True,2.020833,0.2456902,0.7148311,-0.071855,-0.089993,0.0149764,1.34944
True,2.025000,0.2453908,0.7144520,-0.071844,-0.090981,0.0164006,1.39437
True,2.029167,0.2450860,0.7140633,-0.073153,-0.093298,0.0178371,1.44008
True,2.033333,0.2447813,0.7136704,-0.073149,-0.094299,0.0192825,1.48648
True,2.037500,0.2444715,0.7132679,-0.074351,-0.096602,0.0207410,1.53353
True,2.041667,0.2441617,0.7128608,-0.074351,-0.097704,0.0222117,1.58140
True,2.045833,0.2438471,0.7124444,-0.075499,-0.099936,0.0236958,1.62991
True,2.050000,0.2435326,0.7120232,-0.075488,-0.101080,0.0251901,1.67900
True,2.054167,0.2432136,0.7115930,-0.076543,-0.103254,0.0266954,1.72873
True,2.058333,0.2428947,0.7111581,-0.076547,-0.104370,0.0282087,1.77905
True,2.062500,0.2425717,0.7107145,-0.077527,-0.106459,0.0297306,1.82992
True,2.066667,0.2422487,0.7102664,-0.077516,-0.107560,0.0312582,1.88128
True,2.070833,0.2419219,0.7098096,-0.078417,-0.109620,0.0327953,1.93330
True,2.075000,0.2415952,0.7093478,-0.078410,-0.110822,0.0343416,1.98584
True,2.079167,0.2412651,0.7088777,-0.079222,-0.112839,0.0358979,2.03903
True,2.083333,0.2409350,0.7084023,-0.079225,-0.114083,0.0374612,2.09284
True,2.087500,0.2406020,0.7079191,-0.079930,-0.115972,0.0390318,2.14703
True,2.091667,0.2402689,0.7074311,-0.079933,-0.117116,0.0406071,2.20176
True,2.095833,0.2399332,0.7069356,-0.080566,-0.118933,0.0421872,2.25689
True,2.100000,0.2395975,0.7064353,-0.080577,-0.120063,0.0437697,2.31249
True,2.104167,0.2392595,0.7059279,-0.081114,-0.121779,0.0453575,2.36844
True,2.108333,0.2389216,0.7054152,-0.081114,-0.123038,0.0469518,2.42503
True,2.112500,0.2385817,0.7048955,-0.081575,-0.124741,0.0485519,2.48207
True,2.116667,0.2382417,0.7043707,-0.081582,-0.125942,0.0501559,2.53952
True,2.120833,0.2379004,0.7038395,-0.081918,-0.127487,0.0517632,2.59737
True,2.125000,0.2375590,0.7033036,-0.081933,-0.128632,0.0533720,2.65564
True,2.129167,0.2372164,0.7027617,-0.082219,-0.130048,0.0549815,2.71419
True,2.133333,0.2368739,0.7022154,-0.082204,-0.131121,0.0565898,2.77298
True,2.137500,0.2365306,0.7016636,-0.082394,-0.132422,0.0581996,2.83207
True,2.141667,0.2361873,0.7011067,-0.082390,-0.133653,0.0598123,2.89164
True,2.145833,0.2358436,0.7005445,-0.082494,-0.134940,0.0614270,2.95154
True,2.150000,0.2355000,0.6999775,-0.082473,-0.136085,0.0630422,3.01181
True,2.154167,0.2351562,0.6994058,-0.082498,-0.137186,0.0646566,3.07231
True,2.158333,0.2348126,0.6988299,-0.082480,-0.138216,0.0662692,3.13300
True,2.162500,0.2344692,0.6982502,-0.082394,-0.139146,0.0678784,3.19396
True,2.166667,0.2341259,0.6976665,-0.082397,-0.140090,0.0694832,3.25498
True,2.170833,0.2337834,0.6970794,-0.082208,-0.140905,0.0710853,3.31618
True,2.175000,0.2334408,0.6964875,-0.082211,-0.142036,0.0726870,3.37771
True,2.179167,0.2330995,0.6958926,-0.081933,-0.142794,0.0742866,3.43952
True,2.183333,0.2327580,0.6952935,-0.081940,-0.143781,0.0758835,3.50146
True,2.187500,0.2324182,0.6946920,-0.081568,-0.144367,0.0774756,3.56359
True,2.191667,0.2320783,0.6940868,-0.081575,-0.145240,0.0790626,3.62574
True,2.195833,0.2317403,0.6934801,-0.081110,-0.145598,0.0806422,3.68796
True,2.200000,0.2314024,0.6928704,-0.081114,-0.146327,0.0822143,3.75019
True,2.204167,0.2310666,0.6922596,-0.080574,-0.146613,0.0837797,3.81244
True,2.208333,0.2307309,0.6916450,-0.080577,-0.147500,0.0853414,3.87490
True,2.212500,0.2303978,0.6910294,-0.079937,-0.147743,0.0868970,3.93741
True,2.216667,0.2300648,0.6904107,-0.079933,-0.148473,0.0884466,3.99998
True,2.220833,0.2297347,0.6897920,-0.079225,-0.148487,0.0899878,4.06255
True,2.225000,0.2294046,0.6891707,-0.079222,-0.149117,0.0915207,4.12512
True,2.229167,0.2290779,0.6885505,-0.078403,-0.148845,0.0930426,4.18755
True,2.233333,0.2287512,0.6879283,-0.078410,-0.149331,0.0945540,4.24981
True,2.237500,0.2284282,0.6873075,-0.077519,-0.149002,0.0960549,4.31198
True,2.241667,0.2281052,0.6866840,-0.077527,-0.149646,0.0975490,4.37421
True,2.245833,0.2277862,0.6860622,-0.076547,-0.149231,0.0990333,4.43641
True,2.250000,0.2274673,0.6854383,-0.076540,-0.149717,0.1005086,4.49850
True,2.254167,0.2271527,0.6848173,-0.075492,-0.149059,0.1019719,4.56047
True,2.258333,0.2268382,0.6841947,-0.075492,-0.149417,0.1034242,4.62224
True,2.262500,0.2265284,0.6835759,-0.074362,-0.148516,0.1048622,4.68379
True,2.266667,0.2262186,0.6829562,-0.074351,-0.148716,0.1062871,4.74504
True,2.270833,0.2259138,0.6823407,-0.073142,-0.147729,0.1076981,4.80603
True,2.275000,0.2256091,0.6817239,-0.073138,-0.148029,0.1090993,4.86695
True,2.279167,0.2253097,0.6811115,-0.071851,-0.146985,0.1104873,4.92768
True,2.283333,0.2250102,0.6804982,-0.071865,-0.147185,0.1118638,4.98818
True,2.287500,0.2247166,0.6798904,-0.070474,-0.145869,0.1132250,5.04842
True,2.291667,0.2244228,0.6792825,-0.070503,-0.145884,0.1145728,5.10833
True,2.295833,0.2241351,0.6786809,-0.069058,-0.144396,0.1159034,5.16790
True,2.300000,0.2238474,0.6780800,-0.069054,-0.144224,0.1172188,5.22701
True,2.304167,0.2235659,0.6774858,-0.067559,-0.142593,0.1185173,5.28580
True,2.308333,0.2232844,0.6768918,-0.067556,-0.142565,0.1198035,5.34434
True,2.312500,0.2230094,0.6763046,-0.065989,-0.140920,0.1210735,5.40258
True,2.316667,0.2227345,0.6757182,-0.065993,-0.140748,0.1223296,5.46045
True,2.320833,0.2224663,0.6751397,-0.064362,-0.138831,0.1235679,5.51793
True,2.325000,0.2221982,0.6745626,-0.064352,-0.138502,0.1247907,5.57496
True,2.329167,0.2219371,0.6739943,-0.062664,-0.136399,0.1259940,5.63148
True,2.333333,0.2216759,0.6734280,-0.062674,-0.135913,0.1271804,5.68751
True,2.337500,0.2214220,0.6728708,-0.060929,-0.133724,0.1283476,5.74303
True,2.341667,0.2211682,0.6723154,-0.060925,-0.133309,0.1295002,5.79819
True,2.345833,0.2209218,0.6717692,-0.059137,-0.131078,0.1306341,5.85294
True,2.350000,0.2206754,0.6712252,-0.059130,-0.130563,0.1317523,5.90717
True,2.354167,0.2204368,0.6706914,-0.057278,-0.128117,0.1328505,5.96092
True,2.358333,0.2201981,0.6701604,-0.057271,-0.127444,0.1339319,6.01409
True,2.362500,0.2199673,0.6696403,-0.055389,-0.124812,0.1349921,6.06669
True,2.366667,0.2197366,0.6691235,-0.055382,-0.124040,0.1360343,6.11863
True,2.370833,0.2195139,0.6686179,-0.053451,-0.121336,0.1370553,6.17003
True,2.375000,0.2192911,0.6681154,-0.053455,-0.120606,0.1380600,6.22088
True,2.379167,0.2190766,0.6676245,-0.051477,-0.117817,0.1390442,6.27120
True,2.383333,0.2188621,0.6671368,-0.051481,-0.117044,0.1400113,6.32096
True,2.387500,0.2186560,0.6666614,-0.049471,-0.114083,0.1409571,6.37009
True,2.391667,0.2184499,0.6661898,-0.049464,-0.113196,0.1418849,6.41857
True,2.395833,0.2182523,0.6657307,-0.047436,-0.110178,0.1427907,6.46636
True,2.400000,0.2180546,0.6652762,-0.047436,-0.109077,0.1436779,6.51346
True,2.404167,0.2178656,0.6648346,-0.045372,-0.106001,0.1445429,6.55987
True,2.408333,0.2176766,0.6643973,-0.045365,-0.104942,0.1453904,6.60566
True,2.412500,0.2174961,0.6639730,-0.043302,-0.101824,0.1462161,6.65081
True,2.416667,0.2173158,0.6635532,-0.043284,-0.100751,0.1470240,6.69530
True,2.420833,0.2171442,0.6631470,-0.041184,-0.097504,0.1478098,6.73910
True,2.425000,0.2169725,0.6627456,-0.041195,-0.096331,0.1485775,6.78218
True,2.429167,0.2168097,0.6623578,-0.039082,-0.093069,0.1493227,6.82450
True,2.433333,0.2166469,0.6619752,-0.039082,-0.091825,0.1500496,6.86604
True,2.437500,0.2164928,0.6616066,-0.036964,-0.088463,0.1507540,6.90686
True,2.441667,0.2163388,0.6612432,-0.036964,-0.087218,0.1514400,6.94695
True,2.445833,0.2161936,0.6608940,-0.034847,-0.083814,0.1521039,6.98635
True,2.450000,0.2160484,0.6605500,-0.034844,-0.082555,0.1527497,7.02499
True,2.454167,0.2159120,0.6602202,-0.032748,-0.079150,0.1533735,7.06289
True,2.458333,0.2157756,0.6598958,-0.032734,-0.077848,0.1539796,7.10001
True,2.462500,0.2156479,0.6595855,-0.030642,-0.074472,0.1545640,7.13636
True,2.466667,0.2155203,0.6592807,-0.030638,-0.073171,0.1551307,7.17187
True,2.470833,0.2154013,0.6589902,-0.028546,-0.069709,0.1556755,7.20658
True,2.475000,0.2152824,0.6587055,-0.028542,-0.068321,0.1562019,7.24056
True,2.479167,0.2151720,0.6584352,-0.026493,-0.064874,0.1567065,7.27376
True,2.483333,0.2150617,0.6581706,-0.026482,-0.063500,0.1571934,7.30616
True,2.487500,0.2149598,0.6579201,-0.024451,-0.060124,0.1576595,7.33778
True,2.491667,0.2148579,0.6576751,-0.024447,-0.058794,0.1581088,7.36860
True,2.495833,0.2147644,0.6574439,-0.022452,-0.055504,0.1585379,7.39860
True,2.500000,0.2146709,0.6572179,-0.022441,-0.054231,0.1589512,7.42782
True,2.504167,0.2145855,0.6570058,-0.020485,-0.050898,0.1593438,7.45622
True,2.508333,0.2145001,0.6567999,-0.020489,-0.049438,0.1597187,7.48380
True,2.512500,0.2144228,0.6566077,-0.018572,-0.046120,0.1600730,7.51058
True,2.516667,0.2143454,0.6564211,-0.018564,-0.044775,0.1604109,7.53658
True,2.520833,0.2142758,0.6562477,-0.016705,-0.041628,0.1607299,7.56177
True,2.525000,0.2142062,0.6560794,-0.016698,-0.040383,0.1610340,7.58618
True,2.529167,0.2141441,0.6559236,-0.014902,-0.037394,0.1613205,7.60981
True,2.533333,0.2140821,0.6557725,-0.014899,-0.036263,0.1615937,7.63265
True,2.537500,0.2140272,0.6556340,-0.013161,-0.033231,0.1618486,7.65468
True,2.541667,0.2139724,0.6555012,-0.013168,-0.031872,0.1620873,7.67591
True,2.545833,0.2139245,0.6553808,-0.011494,-0.028911,0.1623074,7.69633
True,2.550000,0.2138766,0.6552656,-0.011487,-0.027652,0.1625134,7.71597
True,2.554167,0.2138352,0.6551616,-0.009928,-0.024948,0.1627034,7.73487
True,2.558333,0.2137939,0.6550621,-0.009910,-0.023890,0.1628813,7.75299
True,2.562500,0.2137589,0.6549726,-0.008419,-0.021486,0.1630453,7.77039
True,2.566667,0.2137238,0.6548867,-0.008422,-0.020599,0.1631994,7.78709
True,2.570833,0.2136945,0.6548111,-0.007020,-0.018139,0.1633389,7.80303
True,2.575000,0.2136653,0.6547407,-0.007017,-0.016909,0.1634642,7.81816
True,2.579167,0.2136414,0.6546802,-0.005722,-0.014520,0.1635744,7.83256
True,2.583333,0.2136176,0.6546240,-0.005726,-0.013490,0.1636734,7.84620
True,2.587500,0.2135987,0.6545762,-0.004535,-0.011473,0.1637604,7.85915
True,2.591667,0.2135798,0.6545314,-0.004531,-0.010757,0.1638392,7.87143
True,2.595833,0.2135653,0.6544935,-0.003476,-0.009084,0.1639093,7.88309
True,2.600000,0.2135509,0.6544576,-0.003473,-0.008612,0.1639737,7.89414
True,2.604167,0.2135403,0.6544287,-0.002525,-0.006938,0.1640283,7.90453
True,2.608333,0.2135298,0.6544037,-0.002532,-0.006008,0.1640720,7.91416
True,2.612500,0.2135226,0.6543856,-0.001731,-0.004349,0.1641053,7.92313
True,2.616667,0.2135154,0.6543699,-0.001720,-0.003762,0.1641313,7.93143
True,2.620833,0.2135110,0.6543590,-0.001066,-0.002618,0.1641508,7.93917
True,2.625000,0.2135065,0.6543496,-0.001062,-0.002260,0.1641666,7.94633
True,2.629167,0.2135043,0.6543427,-0.000547,-0.001659,0.1641798,7.95303
True,2.633333,0.2135019,0.6543358,-0.000561,-0.001645,0.1641930,7.95927
True,2.637500,0.2135011,0.6543313,-0.000211,-0.001073,0.1642035,7.96496
True,2.641667,0.2135002,0.6543283,-0.000204,-0.000715,0.1642094,7.97004
True,2.645833,0.2135001,0.6543275,-0.000036,-0.000200,0.1642114,7.97452
True,2.650000,0.2134999,0.6543276,-0.000029,0.000029,0.1642107,7.97851
True,2.654167,0.2134999,0.6543286,0.000000,0.000229,0.1642083,7.98205
True,2.658333,0.2134999,0.6543297,0.000000,0.000257,0.1642053,7.98522
True,2.662500,0.2135000,0.6543307,0.000011,0.000243,0.1642026,7.98810
True,2.666667,0.2135000,0.6543311,0.000007,0.000100,0.1642013,7.99070
True,2.670833,0.2135001,0.6543313,0.000021,0.000057,0.1642008,7.99296
True,2.675000,0.2135002,0.6543317,0.000018,0.000086,0.1642002,7.99473
True,2.679167,0.2135003,0.6543321,0.000039,0.000100,0.1641993,7.99608
True,2.683333,0.2135005,0.6543327,0.000039,0.000143,0.1641980,7.99711
True,2.687500,0.2135008,0.6543335,0.000061,0.000186,0.1641962,7.99790
True,2.691667,0.2135010,0.6543345,0.000064,0.000257,0.1641939,7.99854
True,2.695833,0.2135014,0.6543360,0.000093,0.000343,0.1641909,7.99907
True,2.700000,0.2135018,0.6543375,0.000089,0.000358,0.1641873,7.99964
True,2.704167,0.2135023,0.6543394,0.000129,0.000472,0.1641829,8.00011
True,2.708333,0.2135029,0.6543416,0.000129,0.000515,0.1641784,8.00035
True,2.712500,0.2135036,0.6543439,0.000175,0.000558,0.1641731,8.00042
True,2.716667,0.2135043,0.6543465,0.000175,0.000615,0.1641673,8.00040
True,2.720833,0.2135052,0.6543494,0.000218,0.000715,0.1641606,8.00030
True,2.725000,0.2135061,0.6543529,0.000211,0.000830,0.1641532,8.00015
True,2.729167,0.2135073,0.6543567,0.000279,0.000901,0.1641446,8.00006
True,2.733333,0.2135084,0.6543609,0.000268,0.001016,0.1641350,7.99996
True,2.737500,0.2135098,0.6543658,0.000329,0.001187,0.1641243,7.99996
True,2.741667,0.2135111,0.6543709,0.000333,0.001216,0.1641130,7.99991
True,2.745833,0.2135128,0.6543764,0.000390,0.001316,0.1641006,7.99986
True,2.750000,0.2135144,0.6543823,0.000386,0.001416,0.1640874,7.99979
True,2.754167,0.2135163,0.6543888,0.000454,0.001574,0.1640729,7.99971
True,2.758333,0.2135182,0.6543958,0.000458,0.001674,0.1640574,7.99959
True,2.762500,0.2135204,0.6544034,0.000533,0.001831,0.1640404,7.99944
True,2.766667,0.2135226,0.6544117,0.000533,0.001974,0.1640221,7.99925
True,2.770833,0.2135251,0.6544205,0.000608,0.002117,0.1640024,7.99903
True,2.775000,0.2135277,0.6544297,0.000612,0.002217,0.1639817,7.99878
True,2.779167,0.2135306,0.6544397,0.000687,0.002389,0.1639596,7.99854
True,2.783333,0.2135334,0.6544501,0.000683,0.002503,0.1639364,7.99824
True,2.787500,0.2135366,0.6544613,0.000780,0.002689,0.1639117,7.99790
True,2.791667,0.2135399,0.6544729,0.000772,0.002775,0.1638855,7.99753
True,2.795833,0.2135435,0.6544856,0.000869,0.003047,0.1638576,7.99709
True,2.800000,0.2135471,0.6544986,0.000862,0.003133,0.1638282,7.99660
True,2.804167,0.2135511,0.6545127,0.000958,0.003376,0.1637970,7.99606
True,2.808333,0.2135551,0.6545272,0.000966,0.003490,0.1637645,7.99549
True,2.812500,0.2135595,0.6545426,0.001051,0.003676,0.1637304,7.99488
True,2.816667,0.2135639,0.6545585,0.001059,0.003834,0.1636949,7.99421
True,2.820833,0.2135687,0.6545753,0.001162,0.004034,0.1636574,7.99348
True,2.825000,0.2135736,0.6545928,0.001169,0.004177,0.1636184,7.99269
True,2.829167,0.2135788,0.6546112,0.001255,0.004435,0.1635773,7.99183
True,2.833333,0.2135841,0.6546304,0.001270,0.004592,0.1635345,7.99090
True,2.837500,0.2135899,0.6546504,0.001380,0.004821,0.1634896,7.98992
True,2.841667,0.2135956,0.6546711,0.001380,0.004950,0.1634433,7.98888
True,2.845833,0.2136018,0.6546928,0.001477,0.005221,0.1633950,7.98778
True,2.850000,0.2136080,0.6547152,0.001495,0.005364,0.1633451,7.98660
True,2.854167,0.2136147,0.6547385,0.001606,0.005608,0.1632930,7.98534
True,2.858333,0.2136214,0.6547625,0.001609,0.005751,0.1632391,7.98402
True,2.862500,0.2136286,0.6547878,0.001731,0.006065,0.1631829,7.98262
True,2.866667,0.2136358,0.6548137,0.001717,0.006223,0.1631249,7.98114
True,2.870833,0.2136436,0.6548407,0.001867,0.006480,0.1630645,7.97957
True,2.875000,0.2136512,0.6548684,0.001842,0.006652,0.1630023,7.97792
True,2.879167,0.2136595,0.6548973,0.001978,0.006924,0.1629379,7.97619
True,2.883333,0.2136677,0.6549267,0.001978,0.007067,0.1628718,7.97442
True,2.887500,0.2136765,0.6549574,0.002110,0.007367,0.1628032,7.97253
True,2.891667,0.2136852,0.6549888,0.002099,0.007524,0.1627326,7.97056
True,2.895833,0.2136946,0.6550215,0.002246,0.007868,0.1626596,7.96849
True,2.900000,0.2137039,0.6550549,0.002242,0.008011,0.1625845,7.96632
True,2.904167,0.2137138,0.6550896,0.002375,0.008326,0.1625068,7.96405
True,2.908333,0.2137237,0.6551251,0.002375,0.008526,0.1624272,7.96171
True,2.912500,0.2137342,0.6551617,0.002514,0.008783,0.1623452,7.95927
True,2.916667,0.2137447,0.6551991,0.002511,0.008969,0.1622612,7.95675
True,2.920833,0.2137558,0.6552377,0.002664,0.009270,0.1621745,7.95414
True,2.925000,0.2137668,0.6552770,0.002643,0.009427,0.1620858,7.95142
True,2.929167,0.2137785,0.6553180,0.002811,0.009828,0.1619943,7.94858
True,2.933333,0.2137901,0.6553595,0.002786,0.009971,0.1619006,7.94564
True,2.937500,0.2138024,0.6554024,0.002943,0.010300,0.1618042,7.94260
True,2.941667,0.2138146,0.6554461,0.002947,0.010471,0.1617058,7.93946
True,2.945833,0.2138275,0.6554911,0.003090,0.010815,0.1616046,7.93623
True,2.950000,0.2138404,0.6555369,0.003093,0.010986,0.1615014,7.93289
True,2.954167,0.2138539,0.6555839,0.003244,0.011287,0.1613954,7.92942
True,2.958333,0.2138674,0.6556319,0.003244,0.011516,0.1612871,7.92585
True,2.962500,0.2138816,0.6556813,0.003387,0.011845,0.1611760,7.92219
True,2.966667,0.2138957,0.6557315,0.003401,0.012059,0.1610624,7.91840
True,2.970833,0.2139105,0.6557831,0.003544,0.012388,0.1609460,7.91448
True,2.975000,0.2139253,0.6558355,0.003551,0.012574,0.1608275,7.91046
True,2.979167,0.2139407,0.6558893,0.003701,0.012918,0.1607061,7.90634
True,2.983333,0.2139561,0.6559439,0.003705,0.013089,0.1605824,7.90209
True,2.987500,0.2139722,0.6560000,0.003859,0.013461,0.1604558,7.89772
True,2.991667,0.2139883,0.6560569,0.003870,0.013661,0.1603268,7.89324
True,2.995833,0.2140051,0.6561152,0.004023,0.013990,0.1601948,7.88864
True,3.000000,0.2140218,0.6561744,0.004013,0.014205,0.1600605,7.88391
True,3.004167,0.2140393,0.6562350,0.004195,0.014548,0.1599231,7.87906
True,3.008333,0.2140567,0.6562964,0.004174,0.014749,0.1597834,7.87407
True,3.012500,0.2140748,0.6563594,0.004349,0.015106,0.1596407,7.86901
True,3.016667,0.2140929,0.6564230,0.004345,0.015278,0.1594957,7.86380
True,3.020833,0.2141117,0.6564883,0.004510,0.015664,0.1593475,7.85845
True,3.025000,0.2141305,0.6565543,0.004517,0.015850,0.1591970,7.85301
True,3.029167,0.2141500,0.6566219,0.004663,0.016208,0.1590434,7.84740
True,3.033333,0.2141695,0.6566903,0.004678,0.016422,0.1588872,7.84167
True,3.037500,0.2141896,0.6567602,0.004846,0.016780,0.1587280,7.83582
True,3.041667,0.2142098,0.6568309,0.004846,0.016966,0.1585664,7.82983
True,3.045833,0.2142307,0.6569031,0.004996,0.017338,0.1584015,7.82373
True,3.050000,0.2142515,0.6569761,0.005007,0.017509,0.1582344,7.81748
True,3.054167,0.2142731,0.6570508,0.005189,0.017939,0.1580640,7.81113
True,3.058333,0.2142947,0.6571261,0.005175,0.018067,0.1578912,7.80462
True,3.062500,0.2143170,0.6572031,0.005343,0.018482,0.1577151,7.79800
True,3.066667,0.2143393,0.6572809,0.005354,0.018654,0.1575366,7.79120
True,3.070833,0.2143622,0.6573601,0.005515,0.019026,0.1573548,7.78432
True,3.075000,0.2143853,0.6574402,0.005522,0.019226,0.1571706,7.77726
True,3.079167,0.2144089,0.6575220,0.005686,0.019612,0.1569832,7.77009
True,3.083333,0.2144327,0.6576043,0.005690,0.019770,0.1567933,7.76281
True,3.087500,0.2144571,0.6576883,0.005865,0.020156,0.1566002,7.75537
True,3.091667,0.2144815,0.6577731,0.005858,0.020342,0.1564045,7.74778
True,3.095833,0.2145066,0.6578594,0.006026,0.020728,0.1562055,7.74007
True,3.100000,0.2145318,0.6579465,0.006037,0.020900,0.1560041,7.73221
True,3.104167,0.2145576,0.6580352,0.006205,0.021286,0.1557993,7.72418
True,3.108333,0.2145835,0.6581248,0.006208,0.021501,0.1555920,7.71605
True,3.112500,0.2146101,0.6582158,0.006380,0.021844,0.1553814,7.70778
True,3.116667,0.2146366,0.6583077,0.006377,0.022044,0.1551683,7.69934
True,3.120833,0.2146640,0.6584010,0.006566,0.022388,0.1549519,7.69077
True,3.125000,0.2146913,0.6584952,0.006545,0.022616,0.1547329,7.68207
True,3.129167,0.2147193,0.6585909,0.006727,0.022974,0.1545107,7.67325
True,3.133333,0.2147473,0.6586874,0.006723,0.023146,0.1542860,7.66427
True,3.137500,0.2147761,0.6587853,0.006909,0.023503,0.1540579,7.65512
True,3.141667,0.2148049,0.6588840,0.006902,0.023704,0.1538273,7.64586
True,3.145833,0.2148343,0.6589844,0.007074,0.024090,0.1535934,7.63646
True,3.150000,0.2148638,0.6590854,0.007074,0.024233,0.1533570,7.62689
True,3.154167,0.2148940,0.6591880,0.007253,0.024619,0.1531172,7.61721
True,3.158333,0.2149242,0.6592913,0.007246,0.024791,0.1528749,7.60736
True,3.162500,0.2149552,0.6593961,0.007428,0.025163,0.1526294,7.59737
True,3.166667,0.2149861,0.6595017,0.007428,0.025349,0.1523812,7.58727
True,3.170833,0.2150178,0.6596087,0.007592,0.025678,0.1521298,7.57699
True,3.175000,0.2150494,0.6597166,0.007596,0.025892,0.1518757,7.56657
True,3.179167,0.2150818,0.6598260,0.007778,0.026264,0.1516184,7.55601
True,3.183333,0.2151142,0.6599361,0.007768,0.026407,0.1513584,7.54530
True,3.187500,0.2151473,0.6600476,0.007950,0.026765,0.1510953,7.53445
True,3.191667,0.2151804,0.6601599,0.007946,0.026951,0.1508295,7.52345
True,3.195833,0.2152142,0.6602736,0.008118,0.027294,0.1505605,7.51233
True,3.200000,0.2152480,0.6603881,0.008115,0.027466,0.1502889,7.50104
True,3.204167,0.2152826,0.6605040,0.008290,0.027838,0.1500140,7.48960
True,3.208333,0.2153172,0.6606206,0.008297,0.027981,0.1497366,7.47801
True,3.212500,0.2153524,0.6607387,0.008461,0.028338,0.1494559,7.46629
True,3.216667,0.2153877,0.6608574,0.008458,0.028496,0.1491726,7.45443
True,3.220833,0.2154237,0.6609777,0.008644,0.028853,0.1488861,7.44242
True,3.225000,0.2154596,0.6610986,0.008630,0.029025,0.1485969,7.43025
True,3.229167,0.2154963,0.6612208,0.008808,0.029340,0.1483046,7.41796
True,3.233333,0.2155330,0.6613438,0.008805,0.029497,0.1480098,7.40549
True,3.237500,0.2155704,0.6614681,0.008984,0.029855,0.1477118,7.39293
True,3.241667,0.2156078,0.6615932,0.008969,0.030012,0.1474111,7.38017
True,3.245833,0.2156459,0.6617195,0.009148,0.030313,0.1471072,7.36730
True,3.250000,0.2156840,0.6618466,0.009137,0.030513,0.1468008,7.35429
True,3.254167,0.2157228,0.6619750,0.009320,0.030799,0.1464912,7.34112
True,3.258333,0.2157616,0.6621040,0.009313,0.030956,0.1461791,7.32780
True,3.262500,0.2158012,0.6622344,0.009488,0.031314,0.1458638,7.31432
True,3.266667,0.2158406,0.6623654,0.009470,0.031428,0.1455461,7.30073
True,3.270833,0.2158809,0.6624978,0.009652,0.031772,0.1452252,7.28699
True,3.275000,0.2159211,0.6626307,0.009652,0.031900,0.1449018,7.27311
True,3.279167,0.2159620,0.6627650,0.009817,0.032229,0.1445751,7.25907
True,3.283333,0.2160028,0.6628999,0.009806,0.032372,0.1442459,7.24489
True,3.287500,0.2160444,0.6630360,0.009981,0.032687,0.1439136,7.23055
True,3.291667,0.2160860,0.6631727,0.009971,0.032802,0.1435789,7.21610
True,3.295833,0.2161283,0.6633108,0.010149,0.033131,0.1432411,7.20149
True,3.300000,0.2161705,0.6634492,0.010135,0.033216,0.1429009,7.18674
True,3.304167,0.2162134,0.6635890,0.010303,0.033560,0.1425576,7.17187
True,3.308333,0.2162564,0.6637294,0.010303,0.033689,0.1422117,7.15684
True,3.312500,0.2163000,0.6638710,0.010464,0.033989,0.1418628,7.14166
True,3.316667,0.2163435,0.6640130,0.010457,0.034089,0.1415114,7.12635
True,3.320833,0.2163878,0.6641563,0.010629,0.034390,0.1411570,7.11089
True,3.325000,0.2164321,0.6643002,0.010622,0.034533,0.1408003,7.09528
True,3.329167,0.2164770,0.6644452,0.010775,0.034804,0.1404405,7.07956
True,3.333333,0.2165219,0.6645908,0.010790,0.034933,0.1400784,7.06369
True,3.337500,0.2165675,0.6647374,0.010933,0.035191,0.1397133,7.04768
True,3.341667,0.2166130,0.6648845,0.010936,0.035305,0.1393457,7.03154
True,3.345833,0.2166592,0.6650329,0.011090,0.035605,0.1389751,7.01523
True,3.350000,0.2167055,0.6651815,0.011094,0.035677,0.1386023,6.99883
True,3.354167,0.2167524,0.6653314,0.011251,0.035963,0.1382264,6.98224
True,3.358333,0.2167992,0.6654817,0.011237,0.036092,0.1378482,6.96557
True,3.362500,0.2168466,0.6656332,0.011394,0.036349,0.1374671,6.94873
True,3.366667,0.2168941,0.6657850,0.011398,0.036435,0.1370839,6.93175
True,3.370833,0.2169422,0.6659378,0.011544,0.036678,0.1366978,6.91466
True,3.375000,0.2169904,0.6660911,0.011548,0.036778,0.1363093,6.89742
True,3.379167,0.2170391,0.6662455,0.011694,0.037050,0.1359178,6.88005
True,3.383333,0.2170878,0.6664003,0.011691,0.037150,0.1355241,6.86253
True,3.387500,0.2171371,0.6665560,0.011841,0.037379,0.1351276,6.84490
True,3.391667,0.2171865,0.6667120,0.011837,0.037451,0.1347288,6.82714
True,3.395833,0.2172364,0.6668692,0.011984,0.037708,0.1343274,6.80922
True,3.400000,0.2172863,0.6670266,0.011984,0.037780,0.1339238,6.79119
True,3.404167,0.2173368,0.6671849,0.012127,0.037994,0.1335174,6.77303
True,3.408333,0.2173874,0.6673437,0.012124,0.038123,0.1331087,6.75474
True,3.412500,0.2174385,0.6675034,0.012263,0.038309,0.1326973,6.73633
True,3.416667,0.2174896,0.6676634,0.012270,0.038409,0.1322837,6.71776
True,3.420833,0.2175413,0.6678243,0.012403,0.038610,0.1318675,6.69911
True,3.425000,0.2175930,0.6679855,0.012406,0.038695,0.1314491,6.68029
True,3.429167,0.2176452,0.6681476,0.012538,0.038910,0.1310281,6.66135
True,3.433333,0.2176975,0.6683099,0.012542,0.038953,0.1306052,6.64231
True,3.437500,0.2177503,0.6684730,0.012685,0.039139,0.1301796,6.62312
True,3.441667,0.2178031,0.6686365,0.012667,0.039239,0.1297519,6.60382
True,3.445833,0.2178564,0.6688008,0.012803,0.039425,0.1293214,6.58440
True,3.450000,0.2179098,0.6689653,0.012810,0.039496,0.1288890,6.56483
True,3.454167,0.2179637,0.6691307,0.012935,0.039682,0.1284540,6.54515
True,3.458333,0.2180176,0.6692963,0.012939,0.039740,0.1280170,6.52537
True,3.462500,0.2180721,0.6694625,0.013064,0.039897,0.1275777,6.50545
True,3.466667,0.2181265,0.6696290,0.013061,0.039954,0.1271363,6.48543
True,3.470833,0.2181814,0.6697962,0.013189,0.040126,0.1266927,6.46529
True,3.475000,0.2182364,0.6699636,0.013193,0.040183,0.1262469,6.44500
True,3.479167,0.2182918,0.6701318,0.013307,0.040369,0.1257986,6.42462
True,3.483333,0.2183473,0.6703001,0.013318,0.040398,0.1253484,6.40414
True,3.487500,0.2184033,0.6704690,0.013436,0.040541,0.1248959,6.38350
True,3.491667,0.2184593,0.6706381,0.013433,0.040584,0.1244415,6.36276
True,3.495833,0.2185157,0.6708078,0.013547,0.040727,0.1239848,6.34193
True,3.500000,0.2185722,0.6709777,0.013551,0.040770,0.1235265,6.32096
True,3.504167,0.2186292,0.6711481,0.013669,0.040898,0.1230658,6.29990
True,3.508333,0.2186861,0.6713187,0.013669,0.040941,0.1226032,6.27873
True,3.512500,0.2187435,0.6714900,0.013779,0.041099,0.1221382,6.25743
True,3.516667,0.2188009,0.6716613,0.013779,0.041127,0.1216715,6.23602
True,3.520833,0.2188588,0.6718331,0.013890,0.041227,0.1212026,6.21451
True,3.525000,0.2189167,0.6720050,0.013883,0.041256,0.1207319,6.19290
True,3.529167,0.2189750,0.6721774,0.014005,0.041370,0.1202592,6.17117
True,3.533333,0.2190333,0.6723498,0.013998,0.041370,0.1197850,6.14934
True,3.537500,0.2190921,0.6725227,0.014105,0.041499,0.1193087,6.12743
True,3.541667,0.2191509,0.6726956,0.014101,0.041513,0.1188306,6.10538
True,3.545833,0.2192101,0.6728691,0.014209,0.041628,0.1183503,6.08325
True,3.550000,0.2192692,0.6730425,0.014201,0.041614,0.1178684,6.06104
True,3.554167,0.2193289,0.6732165,0.014312,0.041757,0.1173844,6.03868
True,3.558333,0.2193885,0.6733903,0.014312,0.041728,0.1168990,6.01624
True,3.562500,0.2194485,0.6735645,0.014402,0.041800,0.1164117,5.99371
True,3.566667,0.2195085,0.6737387,0.014398,0.041814,0.1159229,5.97110
True,3.570833,0.2195689,0.6739132,0.014498,0.041885,0.1154323,5.94834
True,3.575000,0.2196293,0.6740878,0.014502,0.041900,0.1149399,5.92553
True,3.579167,0.2196902,0.6742627,0.014598,0.041971,0.1144457,5.90259
True,3.583333,0.2197509,0.6744376,0.014580,0.041986,0.1139499,5.87960
True,3.587500,0.2198121,0.6746127,0.014684,0.042014,0.1134524,5.85649
True,3.591667,0.2198732,0.6747879,0.014670,0.042043,0.1129534,5.83328
True,3.595833,0.2199348,0.6749631,0.014784,0.042043,0.1124529,5.80998
True,3.600000,0.2199963,0.6751382,0.014756,0.042028,0.1119511,5.78662
True,3.604167,0.2200582,0.6753137,0.014859,0.042114,0.1114475,5.76317
True,3.608333,0.2201201,0.6754889,0.014842,0.042071,0.1109425,5.73962
True,3.612500,0.2201823,0.6756645,0.014931,0.042143,0.1104358,5.71597
True,3.616667,0.2202445,0.6758400,0.014931,0.042114,0.1099278,5.69227
True,3.620833,0.2203070,0.6760156,0.015010,0.042143,0.1094182,5.66846
True,3.625000,0.2203696,0.6761910,0.015010,0.042086,0.1089073,5.64455
True,3.629167,0.2204324,0.6763667,0.015081,0.042171,0.1083950,5.62061
True,3.633333,0.2204952,0.6765420,0.015078,0.042071,0.1078817,5.59657
True,3.637500,0.2205584,0.6767175,0.015156,0.042129,0.1073668,5.57246
True,3.641667,0.2206215,0.6768929,0.015160,0.042086,0.1068506,5.54825
True,3.645833,0.2206850,0.6770684,0.015224,0.042114,0.1063329,5.52396
True,3.650000,0.2207484,0.6772435,0.015217,0.042043,0.1058140,5.49961
True,3.654167,0.2208121,0.6774189,0.015296,0.042086,0.1052939,5.47515
True,3.658333,0.2208758,0.6775939,0.015285,0.042014,0.1047726,5.45064
True,3.662500,0.2209398,0.6777691,0.015357,0.042043,0.1042501,5.42607
True,3.666667,0.2210038,0.6779439,0.015353,0.041943,0.1037268,5.40146
True,3.670833,0.2210680,0.6781188,0.015417,0.041971,0.1032022,5.37673
True,3.675000,0.2211322,0.6782934,0.015407,0.041914,0.1026764,5.35193
True,3.679167,0.2211966,0.6784680,0.015464,0.041900,0.1021494,5.32708
True,3.683333,0.2212611,0.6786424,0.015478,0.041857,0.1016213,5.30216
True,3.687500,0.2213258,0.6788166,0.015521,0.041814,0.1010922,5.27719
True,3.691667,0.2213905,0.6789906,0.015521,0.041757,0.1005622,5.25214
True,3.695833,0.2214554,0.6791645,0.015578,0.041742,0.1000311,5.22701
True,3.700000,0.2215202,0.6793380,0.015571,0.041628,0.0994995,5.20187
True,3.704167,0.2215853,0.6795114,0.015625,0.041628,0.0989668,5.17665
True,3.708333,0.2216504,0.6796846,0.015618,0.041556,0.0984330,5.15134
True,3.712500,0.2217157,0.6798576,0.015664,0.041528,0.0978983,5.12602
True,3.716667,0.2217810,0.6800303,0.015664,0.041442,0.0973628,5.10058
True,3.720833,0.2218464,0.6802028,0.015711,0.041413,0.0968264,5.07513
True,3.725000,0.2219119,0.6803750,0.015711,0.041327,0.0962893,5.04962
True,3.729167,0.2219775,0.6805470,0.015746,0.041270,0.0957514,5.02407
True,3.733333,0.2220431,0.6807185,0.015746,0.041170,0.0952131,4.99846
True,3.737500,0.2221088,0.6808899,0.015779,0.041127,0.0946739,4.97280
True,3.741667,0.2221746,0.6810609,0.015779,0.041027,0.0941340,4.94708
True,3.745833,0.2222405,0.6812317,0.015821,0.040998,0.0935933,4.92131
True,3.750000,0.2223063,0.6814020,0.015800,0.040870,0.0930520,4.89549
True,3.754167,0.2223724,0.6815721,0.015850,0.040841,0.0925100,4.86965
True,3.758333,0.2224384,0.6817418,0.015839,0.040712,0.0919676,4.84375
True,3.762500,0.2225045,0.6819112,0.015868,0.040655,0.0914247,4.81784
True,3.766667,0.2225706,0.6820800,0.015868,0.040526,0.0908814,4.79187
True,3.770833,0.2226368,0.6822487,0.015889,0.040483,0.0903375,4.76584
True,3.775000,0.2227030,0.6824168,0.015889,0.040340,0.0897932,4.73979
True,3.779167,0.2227693,0.6825847,0.015911,0.040298,0.0892482,4.71368
True,3.783333,0.2228356,0.6827521,0.015907,0.040183,0.0887029,4.68755
True,3.787500,0.2229020,0.6829191,0.015925,0.040083,0.0881571,4.66140
True,3.791667,0.2229683,0.6830857,0.015918,0.039968,0.0876111,4.63519
True,3.795833,0.2230347,0.6832518,0.015936,0.039868,0.0870647,4.60896
True,3.800000,0.2231011,0.6834175,0.015947,0.039768,0.0865183,4.58270
True,3.804167,0.2231676,0.6835827,0.015947,0.039654,0.0859715,4.55643
True,3.808333,0.2232340,0.6837475,0.015943,0.039539,0.0854245,4.53013
True,3.812500,0.2233005,0.6839119,0.015957,0.039454,0.0848771,4.50376
True,3.816667,0.2233669,0.6840757,0.015950,0.039310,0.0843294,4.47742
True,3.820833,0.2234334,0.6842390,0.015961,0.039210,0.0837817,4.45100
True,3.825000,0.2234999,0.6844019,0.015954,0.039082,0.0832337,4.42461
True,3.829167,0.2235664,0.6845643,0.015957,0.038981,0.0826859,4.39815
True,3.833333,0.2236329,0.6847261,0.015961,0.038838,0.0821381,4.37171
True,3.837500,0.2236994,0.6848873,0.015950,0.038695,0.0815902,4.34524
True,3.841667,0.2237658,0.6850481,0.015950,0.038581,0.0810422,4.31874
True,3.845833,0.2238323,0.6852084,0.015947,0.038466,0.0804942,4.29222
True,3.850000,0.2238987,0.6853682,0.015950,0.038352,0.0799460,4.26572
True,3.854167,0.2239651,0.6855273,0.015936,0.038195,0.0793980,4.23919
True,3.858333,0.2240315,0.6856859,0.015936,0.038066,0.0788501,4.21264
True,3.862500,0.2240979,0.6858440,0.015925,0.037937,0.0783025,4.18605
True,3.866667,0.2241643,0.6860015,0.015932,0.037794,0.0777550,4.15949
True,3.870833,0.2242306,0.6861583,0.015914,0.037637,0.0772079,4.13294
True,3.875000,0.2242968,0.6863146,0.015900,0.037508,0.0766608,4.10637
True,3.879167,0.2243630,0.6864703,0.015886,0.037379,0.0761138,4.07977
True,3.883333,0.2244293,0.6866255,0.015897,0.037236,0.0755670,4.05318
True,3.887500,0.2244954,0.6867799,0.015868,0.037065,0.0750204,4.02657
True,3.891667,0.2245615,0.6869339,0.015864,0.036950,0.0744743,3.99998
True,3.895833,0.2246275,0.6870871,0.015843,0.036764,0.0739287,3.97335
True,3.900000,0.2246935,0.6872397,0.015843,0.036635,0.0733835,3.94680
True,3.904167,0.2247594,0.6873917,0.015811,0.036478,0.0728388,3.92022
True,3.908333,0.2248253,0.6875430,0.015811,0.036321,0.0722944,3.89360
True,3.912500,0.2248910,0.6876937,0.015786,0.036163,0.0717503,3.86701
True,3.916667,0.2249568,0.6878438,0.015779,0.036020,0.0712066,3.84043
True,3.920833,0.2250224,0.6879933,0.015746,0.035877,0.0706635,3.81388
True,3.925000,0.2250880,0.6881421,0.015739,0.035706,0.0701210,3.78734
True,3.929167,0.2251534,0.6882901,0.015711,0.035520,0.0695792,3.76078
True,3.933333,0.2252189,0.6884375,0.015707,0.035377,0.0690380,3.73423
True,3.937500,0.2252841,0.6885841,0.015664,0.035191,0.0684976,3.70771
True,3.941667,0.2253494,0.6887301,0.015661,0.035048,0.0679576,3.68121
True,3.945833,0.2254145,0.6888755,0.015628,0.034890,0.0674183,3.65473
True,3.950000,0.2254796,0.6890201,0.015621,0.034704,0.0668795,3.62823
True,3.954167,0.2255445,0.6891640,0.015578,0.034533,0.0663416,3.60179
True,3.958333,0.2256094,0.6893073,0.015575,0.034390,0.0658044,3.57533
True,3.962500,0.2256741,0.6894497,0.015525,0.034175,0.0652682,3.54895
True,3.966667,0.2257387,0.6895915,0.015517,0.034046,0.0647329,3.52253
True,3.970833,0.2258032,0.6897325,0.015467,0.033832,0.0641984,3.49620
True,3.975000,0.2258677,0.6898729,0.015478,0.033689,0.0636647,3.46984
True,3.979167,0.2259319,0.6900124,0.015410,0.033488,0.0631319,3.44356
True,3.983333,0.2259961,0.6901513,0.015414,0.033345,0.0625998,3.41724
True,3.987500,0.2260601,0.6902894,0.015346,0.033145,0.0620688,3.39096
True,3.991667,0.2261240,0.6904269,0.015357,0.032988,0.0615387,3.36476
True,3.995833,0.2261878,0.6905634,0.015289,0.032773,0.0610099,3.33853
True,4.000000,0.2262515,0.6906993,0.015289,0.032601,0.0604821,3.31239
True,4.004167,0.2263149,0.6908343,0.015221,0.032415,0.0599555,3.28629
True,4.008333,0.2263783,0.6909688,0.015228,0.032258,0.0594297,3.26021
True,4.012500,0.2264415,0.6911023,0.015156,0.032043,0.0589051,3.23416
True,4.016667,0.2265046,0.6912352,0.015153,0.031900,0.0583814,3.20809
True,4.020833,0.2265675,0.6913671,0.015088,0.031672,0.0578591,3.18211
True,4.025000,0.2266303,0.6914986,0.015078,0.031543,0.0573379,3.15616
True,4.029167,0.2266928,0.6916291,0.015006,0.031328,0.0568182,3.13032
True,4.033333,0.2267554,0.6917588,0.015010,0.031128,0.0562996,3.10444
True,4.037500,0.2268176,0.6918877,0.014931,0.030928,0.0557826,3.07867
True,4.041667,0.2268798,0.6920159,0.014931,0.030785,0.0552664,3.05287
True,4.045833,0.2269417,0.6921433,0.014863,0.030556,0.0547518,3.02718
True,4.050000,0.2270035,0.6922699,0.014834,0.030384,0.0542382,3.00153
True,4.054167,0.2270651,0.6923957,0.014774,0.030198,0.0537263,2.97592
True,4.058333,0.2271266,0.6925207,0.014763,0.030012,0.0532156,2.95035
True,4.062500,0.2271877,0.6926449,0.014670,0.029798,0.0527065,2.92483
True,4.066667,0.2272489,0.6927683,0.014688,0.029626,0.0521990,2.89935
True,4.070833,0.2273097,0.6928908,0.014598,0.029397,0.0516930,2.87399
True,4.075000,0.2273705,0.6930127,0.014588,0.029254,0.0511882,2.84861
True,4.079167,0.2274309,0.6931337,0.014495,0.029025,0.0506852,2.82334
True,4.083333,0.2274914,0.6932538,0.014505,0.028839,0.0501834,2.79813
True,4.087500,0.2275514,0.6933731,0.014409,0.028639,0.0496835,2.77291
True,4.091667,0.2276114,0.6934918,0.014398,0.028481,0.0491850,2.74780
True,4.095833,0.2276710,0.6936095,0.014312,0.028238,0.0486884,2.72276
True,4.100000,0.2277306,0.6937265,0.014298,0.028081,0.0481933,2.69784
True,4.104167,0.2277898,0.6938425,0.014205,0.027838,0.0477002,2.67291
True,4.108333,0.2278490,0.6939579,0.014219,0.027709,0.0472084,2.64804
True,4.112500,0.2279078,0.6940723,0.014098,0.027452,0.0467185,2.62324
True,4.116667,0.2279665,0.6941860,0.014101,0.027294,0.0462301,2.59850
True,4.120833,0.2280249,0.6942988,0.014001,0.027065,0.0457436,2.57390
True,4.125000,0.2280831,0.6944110,0.013987,0.026922,0.0452588,2.54929
True,4.129167,0.2281411,0.6945221,0.013901,0.026665,0.0447762,2.52484
True,4.133333,0.2281989,0.6946325,0.013887,0.026507,0.0442953,2.50038
True,4.137500,0.2282563,0.6947420,0.013776,0.026279,0.0438165,2.47599
True,4.141667,0.2283138,0.6948508,0.013787,0.026107,0.0433391,2.45176
True,4.145833,0.2283707,0.6949587,0.013661,0.025892,0.0428639,2.42753
True,4.150000,0.2284277,0.6950659,0.013676,0.025735,0.0423904,2.40339
True,4.154167,0.2284841,0.6951721,0.013547,0.025477,0.0419190,2.37932
True,4.158333,0.2285406,0.6952776,0.013547,0.025334,0.0414495,2.35535
True,4.162500,0.2285966,0.6953821,0.013443,0.025077,0.0409823,2.33146
True,4.166667,0.2286525,0.6954860,0.013422,0.024934,0.0405169,2.30766
True,4.170833,0.2287080,0.6955889,0.013314,0.024691,0.0400538,2.28396
True,4.175000,0.2287635,0.6956912,0.013314,0.024548,0.0395925,2.26036
True,4.179167,0.2288184,0.6957924,0.013189,0.024290,0.0391336,2.23677
True,4.183333,0.2288734,0.6958930,0.013186,0.024161,0.0386763,2.21329
True,4.187500,0.2289278,0.6959926,0.013071,0.023890,0.0382214,2.18991
True,4.191667,0.2289823,0.6960916,0.013068,0.023761,0.0377686,2.16663
True,4.195833,0.2290361,0.6961895,0.012925,0.023503,0.0373182,2.14348
True,4.200000,0.2290901,0.6962869,0.012946,0.023360,0.0368698,2.12034
True,4.204167,0.2291434,0.6963831,0.012807,0.023103,0.0364240,2.09733
True,4.208333,0.2291968,0.6964788,0.012800,0.022974,0.0359800,2.07443
True,4.212500,0.2292496,0.6965735,0.012674,0.022717,0.0355384,2.05166
True,4.216667,0.2293024,0.6966676,0.012689,0.022573,0.0350988,2.02893
True,4.220833,0.2293546,0.6967606,0.012531,0.022330,0.0346618,2.00623
True,4.225000,0.2294069,0.6968530,0.012546,0.022187,0.0342268,1.98367
True,4.229167,0.2294586,0.6969445,0.012403,0.021944,0.0337946,1.96124
True,4.233333,0.2295103,0.6970353,0.012399,0.021787,0.0333645,1.93896
True,4.237500,0.2295614,0.6971250,0.012274,0.021529,0.0329371,1.91673
True,4.241667,0.2296125,0.6972142,0.012267,0.021429,0.0325117,1.89455
True,4.245833,0.2296630,0.6973023,0.012124,0.021143,0.0320889,1.87252
True,4.250000,0.2297136,0.6973899,0.012127,0.021014,0.0316683,1.85055
True,4.254167,0.2297635,0.6974764,0.011981,0.020771,0.0312502,1.82874
True,4.258333,0.2298134,0.6975625,0.011988,0.020642,0.0308345,1.80699
True,4.262500,0.2298627,0.6976474,0.011837,0.020385,0.0304216,1.78542
True,4.266667,0.2299121,0.6977318,0.011837,0.020256,0.0300110,1.76392
True,4.270833,0.2299608,0.6978151,0.011702,0.019984,0.0296032,1.74249
True,4.275000,0.2300095,0.6978979,0.011680,0.019870,0.0291976,1.72124
True,4.279167,0.2300576,0.6979796,0.011551,0.019612,0.0287947,1.70008
True,4.283333,0.2301057,0.6980608,0.011548,0.019498,0.0283940,1.67900
True,4.287500,0.2301532,0.6981409,0.011390,0.019226,0.0279963,1.65800
True,4.291667,0.2302007,0.6982206,0.011401,0.019112,0.0276009,1.63722
True,4.295833,0.2302476,0.6982991,0.011251,0.018854,0.0272084,1.61641
True,4.300000,0.2302944,0.6983772,0.011237,0.018740,0.0268184,1.59581
True,4.304167,0.2303406,0.6984542,0.011086,0.018482,0.0264313,1.57533
True,4.308333,0.2303868,0.6985307,0.011097,0.018353,0.0260465,1.55495
True,4.312500,0.2304324,0.6986061,0.010933,0.018096,0.0256646,1.53468
True,4.316667,0.2304780,0.6986811,0.010943,0.017996,0.0252850,1.51452
True,4.320833,0.2305229,0.6987550,0.010772,0.017738,0.0249084,1.49449
True,4.325000,0.2305678,0.6988284,0.010786,0.017624,0.0245342,1.47459
True,4.329167,0.2306121,0.6989008,0.010622,0.017381,0.0241633,1.45482
True,4.333333,0.2306563,0.6989726,0.010614,0.017238,0.0237947,1.43504
True,4.337500,0.2306999,0.6990435,0.010471,0.016994,0.0234292,1.41555
True,4.341667,0.2307435,0.6991138,0.010457,0.016880,0.0230662,1.39606
True,4.345833,0.2307864,0.6991832,0.010307,0.016651,0.0227061,1.37686
True,4.350000,0.2308294,0.6992519,0.010300,0.016508,0.0223485,1.35768
True,4.354167,0.2308716,0.6993198,0.010146,0.016279,0.0219940,1.33852
True,4.358333,0.2309139,0.6993871,0.010135,0.016165,0.0216421,1.31968
True,4.362500,0.2309555,0.6994535,0.009989,0.015922,0.0212933,1.30086
True,4.366667,0.2309970,0.6995193,0.009974,0.015807,0.0209471,1.28222
True,4.370833,0.2310379,0.6995841,0.009810,0.015550,0.0206041,1.26362
True,4.375000,0.2310788,0.6996486,0.009817,0.015464,0.0202636,1.24521
True,4.379167,0.2311190,0.6997119,0.009642,0.015206,0.0199262,1.22685
True,4.383333,0.2311592,0.6997748,0.009642,0.015092,0.0195913,1.20869
True,4.387500,0.2311987,0.6998367,0.009499,0.014863,0.0192596,1.19075
True,4.391667,0.2312382,0.6998983,0.009470,0.014777,0.0189306,1.17287
True,4.395833,0.2312770,0.6999587,0.009316,0.014491,0.0186048,1.15504
True,4.400000,0.2313159,0.7000187,0.009320,0.014405,0.0182816,1.13746
True,4.404167,0.2313539,0.7000778,0.009141,0.014176,0.0179617,1.11995
True,4.408333,0.2313920,0.7001364,0.009141,0.014076,0.0176444,1.10252
True,4.412500,0.2314295,0.7001940,0.008984,0.013819,0.0173302,1.08534
True,4.416667,0.2314668,0.7002513,0.008973,0.013747,0.0170187,1.06826
True,4.420833,0.2315035,0.7003074,0.008808,0.013461,0.0167105,1.05127
True,4.425000,0.2315402,0.7003633,0.008805,0.013418,0.0164049,1.03439
True,4.429167,0.2315762,0.7004181,0.008633,0.013146,0.0161026,1.01760
True,4.433333,0.2316122,0.7004725,0.008633,0.013061,0.0158030,1.00112
True,4.437500,0.2316474,0.7005259,0.008461,0.012817,0.0155067,0.98477
True,4.441667,0.2316827,0.7005790,0.008461,0.012746,0.0152131,0.96834
True,4.445833,0.2317172,0.7006310,0.008293,0.012474,0.0149228,0.95224
True,4.450000,0.2317518,0.7006828,0.008290,0.012445,0.0146351,0.93628
True,4.454167,0.2317857,0.7007334,0.008129,0.012145,0.0143507,0.92026
True,4.458333,0.2318195,0.7007838,0.008115,0.012088,0.0140690,0.90461
True,4.462500,0.2318526,0.7008331,0.007946,0.011845,0.0137907,0.88911
True,4.466667,0.2318857,0.7008821,0.007946,0.011759,0.0135151,0.87357
True,4.470833,0.2319181,0.7009302,0.007771,0.011544,0.0132428,0.85821
True,4.475000,0.2319504,0.7009780,0.007768,0.011458,0.0129732,0.84302
True,4.479167,0.2319821,0.7010246,0.007600,0.011187,0.0127070,0.82803
True,4.483333,0.2320138,0.7010711,0.007607,0.011158,0.0124433,0.81325
True,4.487500,0.2320447,0.7011165,0.007417,0.010901,0.0121831,0.79844
True,4.491667,0.2320756,0.7011617,0.007421,0.010843,0.0119256,0.78385
True,4.495833,0.2321059,0.7012058,0.007256,0.010586,0.0116714,0.76923
True,4.500000,0.2321361,0.7012497,0.007249,0.010529,0.0114200,0.75511
True,4.504167,0.2321655,0.7012925,0.007070,0.010285,0.0111719,0.74099
True,4.508333,0.2321950,0.7013351,0.007081,0.010228,0.0109265,0.72685
True,4.512500,0.2322238,0.7013768,0.006902,0.009999,0.0106845,0.71299
True,4.516667,0.2322525,0.7014182,0.006902,0.009928,0.0104451,0.69914
True,4.520833,0.2322806,0.7014586,0.006727,0.009699,0.0102091,0.68557
True,4.525000,0.2323086,0.7014986,0.006727,0.009613,0.0099759,0.67202
True,4.529167,0.2323359,0.7015378,0.006555,0.009413,0.0097460,0.65879
True,4.533333,0.2323632,0.7015768,0.006548,0.009341,0.0095187,0.64559
True,4.537500,0.2323898,0.7016147,0.006380,0.009112,0.0092948,0.63273
True,4.541667,0.2324164,0.7016525,0.006391,0.009055,0.0090737,0.61960
True,4.545833,0.2324422,0.7016892,0.006194,0.008826,0.0088559,0.60684
True,4.550000,0.2324681,0.7017257,0.006205,0.008755,0.0086408,0.59446
True,4.554167,0.2324932,0.7017613,0.006037,0.008540,0.0084290,0.58182
True,4.558333,0.2325184,0.7017967,0.006037,0.008497,0.0082198,0.56958
True,4.562500,0.2325428,0.7018312,0.005862,0.008268,0.0080141,0.55743
True,4.566667,0.2325672,0.7018654,0.005854,0.008211,0.0078109,0.54536
True,4.570833,0.2325909,0.7018987,0.005690,0.007997,0.0076112,0.53376
True,4.575000,0.2326146,0.7019318,0.005697,0.007954,0.0074140,0.52190
True,4.579167,0.2326376,0.7019640,0.005515,0.007710,0.0072203,0.51014
True,4.583333,0.2326606,0.7019960,0.005522,0.007696,0.0070292,0.49889
True,4.587500,0.2326829,0.7020270,0.005339,0.007439,0.0068414,0.48739
True,4.591667,0.2327051,0.7020580,0.005347,0.007424,0.0066561,0.47642
True,4.595833,0.2327267,0.7020879,0.005182,0.007181,0.0064742,0.46562
True,4.600000,0.2327483,0.7021176,0.005178,0.007138,0.0062948,0.45456
True,4.604167,0.2327692,0.7021466,0.005010,0.006952,0.0061187,0.44367
True,4.608333,0.2327901,0.7021753,0.005010,0.006895,0.0059453,0.43341
True,4.612500,0.2328103,0.7022031,0.004846,0.006666,0.0057751,0.42290
True,4.616667,0.2328304,0.7022308,0.004828,0.006652,0.0056075,0.41259
True,4.620833,0.2328499,0.7022576,0.004681,0.006423,0.0054432,0.40251
True,4.625000,0.2328694,0.7022842,0.004678,0.006380,0.0052813,0.39267
True,4.629167,0.2328882,0.7023098,0.004510,0.006151,0.0051227,0.38257
True,4.633333,0.2329069,0.7023355,0.004506,0.006180,0.0049666,0.37273
True,4.637500,0.2329250,0.7023603,0.004342,0.005937,0.0048136,0.36316
True,4.641667,0.2329431,0.7023848,0.004349,0.005894,0.0046632,0.35388
True,4.645833,0.2329606,0.7024086,0.004177,0.005693,0.0045161,0.34492
True,4.650000,0.2329780,0.7024321,0.004188,0.005651,0.0043715,0.33572
True,4.654167,0.2329948,0.7024549,0.004023,0.005465,0.0042300,0.32686
True,4.658333,0.2330115,0.7024775,0.004027,0.005422,0.0040909,0.31775
True,4.662500,0.2330276,0.7024993,0.003859,0.005250,0.0039549,0.30901
True,4.666667,0.2330437,0.7025209,0.003870,0.005178,0.0038212,0.30067
True,4.670833,0.2330592,0.7025418,0.003698,0.005021,0.0036907,0.29208
True,4.675000,0.2330746,0.7025625,0.003701,0.004964,0.0035626,0.28393
True,4.679167,0.2330894,0.7025824,0.003551,0.004764,0.0034376,0.27554
True,4.683333,0.2331042,0.7026021,0.003548,0.004749,0.0033150,0.26761
True,4.687500,0.2331183,0.7026213,0.003390,0.004592,0.0031955,0.26020
True,4.691667,0.2331324,0.7026401,0.003394,0.004520,0.0030783,0.25179
True,4.695833,0.2331460,0.7026582,0.003247,0.004349,0.0029640,0.24469
True,4.700000,0.2331595,0.7026762,0.003240,0.004320,0.0028518,0.23656
True,4.704167,0.2331723,0.7026935,0.003090,0.004134,0.0027427,0.22985
True,4.708333,0.2331852,0.7027105,0.003083,0.004091,0.0026360,0.22206
True,4.712500,0.2331975,0.7027269,0.002950,0.003934,0.0025322,0.21489
True,4.716667,0.2332097,0.7027432,0.002947,0.003920,0.0024307,0.20842
True,4.720833,0.2332214,0.7027587,0.002800,0.003719,0.0023320,0.20077
True,4.725000,0.2332330,0.7027742,0.002789,0.003705,0.0022355,0.19383
True,4.729167,0.2332441,0.7027888,0.002657,0.003519,0.0021418,0.18663
True,4.733333,0.2332552,0.7028034,0.002654,0.003505,0.0020501,0.18023
True,4.737500,0.2332656,0.7028174,0.002514,0.003347,0.0019611,0.17359
True,4.741667,0.2332761,0.7028311,0.002518,0.003304,0.0018745,0.16669
True,4.745833,0.2332860,0.7028443,0.002371,0.003161,0.0017906,0.15949
True,4.750000,0.2332959,0.7028573,0.002375,0.003104,0.0017089,0.15195
True,4.754167,0.2333052,0.7028697,0.002242,0.002975,0.0016298,0.14537
True,4.758333,0.2333146,0.7028819,0.002242,0.002933,0.0015527,0.13848
True,4.762500,0.2333234,0.7028935,0.002114,0.002789,0.0014781,0.13122
True,4.766667,0.2333321,0.7029050,0.002096,0.002761,0.0014054,0.12511
True,4.770833,0.2333404,0.7029159,0.001981,0.002618,0.0013353,0.11869
True,4.775000,0.2333486,0.7029266,0.001978,0.002575,0.0012671,0.11191
True,4.779167,0.2333564,0.7029368,0.001856,0.002446,0.0012017,0.10653
True,4.783333,0.2333640,0.7029469,0.001845,0.002418,0.0011382,0.10087
True,4.787500,0.2333713,0.7029564,0.001738,0.002275,0.0010771,0.09487
True,4.791667,0.2333784,0.7029657,0.001717,0.002246,0.0010178,0.08847
True,4.795833,0.2333852,0.7029746,0.001613,0.002131,0.0009608,0.08156
True,4.800000,0.2333918,0.7029833,0.001599,0.002074,0.0009054,0.07662
True,4.804167,0.2333981,0.7029914,0.001495,0.001960,0.0008523,0.07133
True,4.808333,0.2334043,0.7029995,0.001495,0.001945,0.0008011,0.06561
True,4.812500,0.2334100,0.7030070,0.001380,0.001802,0.0007524,0.06256
True,4.816667,0.2334157,0.7030144,0.001366,0.001774,0.0007054,0.05595
True,4.820833,0.2334210,0.7030213,0.001270,0.001645,0.0006605,0.05234
True,4.825000,0.2334263,0.7030282,0.001270,0.001659,0.0006171,0.04846
True,4.829167,0.2334311,0.7030345,0.001152,0.001516,0.0005758,0.04423
True,4.833333,0.2334359,0.7030408,0.001162,0.001502,0.0005359,0.03956
True,4.837500,0.2334404,0.7030466,0.001059,0.001388,0.0004981,0.03426
True,4.841667,0.2334448,0.7030523,0.001062,0.001373,0.0004619,0.03426
True,4.845833,0.2334488,0.7030575,0.000955,0.001259,0.0004277,0.02798
True,4.850000,0.2334528,0.7030627,0.000962,0.001230,0.0003951,0.02798
True,4.854167,0.2334564,0.7030674,0.000865,0.001144,0.0003644,0.01978
True,4.858333,0.2334600,0.7030721,0.000869,0.001130,0.0003350,0.01978
True,4.862500,0.2334632,0.7030763,0.000769,0.001001,0.0003072,0.01978
True,4.866667,0.2334664,0.7030805,0.000780,0.001001,0.0002806,0.01978
True,4.870833,0.2334693,0.7030843,0.000683,0.000916,0.0002557,0.00000
True,4.875000,0.2334722,0.7030880,0.000697,0.000887,0.0002322,0.00000
True,4.879167,0.2334747,0.7030913,0.000608,0.000787,0.0002105,0.00000
True,4.883333,0.2334773,0.7030945,0.000608,0.000772,0.0001901,0.00000
True,4.887500,0.2334795,0.7030973,0.000526,0.000687,0.0001712,0.00000
True,4.891667,0.2334817,0.7031002,0.000533,0.000687,0.0001534,0.00000
True,4.895833,0.2334836,0.7031026,0.000458,0.000587,0.0001368,0.00000
True,4.900000,0.2334855,0.7031051,0.000458,0.000587,0.0001211,0.00000
True,4.904167,0.2334871,0.7031073,0.000397,0.000529,0.0001066,0.00000
True,4.908333,0.2334888,0.7031094,0.000390,0.000515,0.0000935,0.00000
True,4.912500,0.2334901,0.7031112,0.000322,0.000415,0.0000817,0.00000
True,4.916667,0.2334915,0.7031130,0.000333,0.000429,0.0000708,0.00000
True,4.920833,0.2334926,0.7031144,0.000275,0.000358,0.0000612,0.00000
True,4.925000,0.2334937,0.7031159,0.000257,0.000343,0.0000522,0.00000
True,4.929167,0.2334946,0.7031171,0.000218,0.000286,0.0000442,0.00000
True,4.933333,0.2334955,0.7031183,0.000222,0.000286,0.0000366,0.00000
True,4.937500,0.2334962,0.7031192,0.000168,0.000229,0.0000300,0.00000
True,4.941667,0.2334970,0.7031201,0.000179,0.000215,0.0000244,0.00000
True,4.945833,0.2334975,0.7031209,0.000125,0.000186,0.0000197,0.00000
True,4.950000,0.2334981,0.7031215,0.000129,0.000157,0.0000157,0.00000
True,4.954167,0.2334985,0.7031220,0.000097,0.000114,0.0000124,0.00000
True,4.958333,0.2334989,0.7031226,0.000100,0.000129,0.0000095,0.00000
True,4.962500,0.2334991,0.7031229,0.000057,0.000072,0.0000070,0.00000
True,4.966667,0.2334993,0.7031232,0.000057,0.000086,0.0000047,0.00000
True,4.970833,0.2334996,0.7031235,0.000050,0.000057,0.0000029,0.00000
True,4.975000,0.2334997,0.7031236,0.000029,0.000043,0.0000017,0.00000
True,4.979167,0.2334998,0.7031237,0.000025,0.000029,0.0000010,0.00000
True,4.983333,0.2334998,0.7031239,0.000014,0.000029,0.0000007,0.00000
True,4.987500,0.2334999,0.7031239,0.000014,0.000000,0.0000005,0.00000
True,4.991667,0.2334999,0.7031239,0.000004,0.000000,0.0000005,0.00000
True,4.995833,0.2334999,0.7031239,0.000000,0.000000,0.0000004,0.00000
True,5.000000,0.2334999,0.7031239,0.000000,0.000014,0.0000000,0.00000
