time,clip,phase,sleep_weight,chest_y,velocity,acceleration
0.004167,22,0.001041667,0.000000,0.4170752,-0.0000930,-0.0223160
0.008333,22,0.002083333,0.000000,0.4170751,-0.0000072,0.0205994
0.012500,22,0.003125000,0.000000,0.4170757,0.0001431,0.0360489
0.016667,22,0.004166667,0.000000,0.4170762,0.0001216,-0.0051498
0.020833,22,0.005208334,0.000000,0.4170774,0.0002718,0.0360489
0.025000,22,0.006250000,0.000000,0.4170783,0.0002360,-0.0085831
0.029167,22,0.007291667,0.000000,0.4170797,0.0003362,0.0240326
0.033333,22,0.008333334,0.000000,0.4170808,0.0002646,-0.0171661
0.037500,22,0.009375000,0.000000,0.4170825,0.0004005,0.0326157
0.041667,22,0.010416667,0.000000,0.4170839,0.0003362,-0.0154495
0.045833,22,0.011458334,0.000000,0.4170859,0.0004721,0.0326157
0.050000,22,0.012500001,0.000000,0.4170878,0.0004578,-0.0034332
0.054167,22,0.013541667,0.000000,0.4170901,0.0005579,0.0240326
0.058333,22,0.014583334,0.000000,0.4170922,0.0004935,-0.0154495
0.062500,22,0.015625001,0.000000,0.4170949,0.0006437,0.0360489
0.066667,22,0.016666668,0.000000,0.4170974,0.0006151,-0.0068665
0.070833,22,0.017708334,0.000000,0.4171005,0.0007367,0.0291824
0.075000,22,0.018750001,0.000000,0.4171033,0.0006723,-0.0154495
0.079167,22,0.019791668,0.000000,0.4171067,0.0008154,0.0343323
0.083333,22,0.020833334,0.000000,0.4171100,0.0007868,-0.0068665
0.087500,22,0.021875001,0.000000,0.4171137,0.0009012,0.0274658
0.091667,22,0.022916668,0.000000,0.4171173,0.0008655,-0.0085831
0.095833,22,0.023958335,0.000000,0.4171215,0.0009942,0.0308991
0.100000,22,0.025000001,0.000000,0.4171254,0.0009370,-0.0137329
0.104167,22,0.026041668,0.000000,0.4171298,0.0010729,0.0326157
0.108333,22,0.027083335,0.000000,0.4171343,0.0010729,0.0000000
0.112500,22,0.028125001,0.000000,0.4171391,0.0011373,0.0154495
0.116667,22,0.029166668,0.000000,0.4171439,0.0011659,0.0068665
0.120833,22,0.030208335,0.000000,0.4171490,0.0012302,0.0154495
0.125000,22,0.031250002,0.000000,0.4171541,0.0012159,-0.0034332
0.129167,22,0.032291668,0.000000,0.4171597,0.0013518,0.0326157
0.133333,22,0.033333335,0.000000,0.4171652,0.0013161,-0.0085831
0.137500,22,0.034375002,0.000000,0.4171711,0.0014091,0.0223160
0.141667,22,0.035416669,0.000000,0.4171771,0.0014305,0.0051498
0.145833,22,0.036458335,0.000000,0.4171834,0.0015306,0.0240326
0.150000,22,0.037500002,0.000000,0.4171896,0.0014734,-0.0137329
0.154167,22,0.038541669,0.000000,0.4171964,0.0016379,0.0394821
0.158333,22,0.039583335,0.000000,0.4172030,0.0015807,-0.0137329
0.162500,22,0.040625002,0.000000,0.4172102,0.0017381,0.0377655
0.166667,22,0.041666669,0.000000,0.4172172,0.0016665,-0.0171661
0.170833,22,0.042708336,0.000000,0.4172247,0.0018096,0.0343323
0.175000,22,0.043750002,0.000000,0.4172321,0.0017667,-0.0102997
0.179167,22,0.044791669,0.000000,0.4172400,0.0019097,0.0343323
0.183333,22,0.045833336,0.000000,0.4172477,0.0018382,-0.0171661
0.187500,22,0.046875002,0.000000,0.4172560,0.0020027,0.0394821
0.191667,22,0.047916669,0.000000,0.4172641,0.0019455,-0.0137329
0.195833,22,0.048958336,0.000000,0.4172729,0.0021100,0.0394821
0.200000,22,0.050000003,0.000000,0.4172814,0.0020456,-0.0154495
0.204167,22,0.051041669,0.000000,0.4172905,0.0021815,0.0326157
0.208333,22,0.052083336,0.000000,0.4172994,0.0021243,-0.0137329
0.212500,22,0.053125003,0.000000,0.4173089,0.0022888,0.0394821
0.216667,22,0.054166669,0.000000,0.4173183,0.0022388,-0.0120163
0.220833,22,0.055208336,0.000000,0.4173283,0.0024033,0.0394821
0.225000,22,0.056250003,0.000000,0.4173379,0.0023103,-0.0223160
0.229167,22,0.057291670,0.000000,0.4173481,0.0024605,0.0360489
0.233333,22,0.058333336,0.000000,0.4173583,0.0024319,-0.0068665
0.237500,22,0.059375003,0.000000,0.4173690,0.0025821,0.0360489
0.241667,22,0.060416670,0.000000,0.4173795,0.0025177,-0.0154495
0.245833,22,0.061458337,0.000000,0.4173906,0.0026608,0.0343323
0.250000,22,0.062500003,0.000000,0.4174016,0.0026250,-0.0085831
0.254167,22,0.063541670,0.000000,0.4174130,0.0027394,0.0274658
0.258333,22,0.064583337,0.000000,0.4174243,0.0027180,-0.0051498
0.262500,22,0.065625003,0.000000,0.4174362,0.0028682,0.0360489
0.266667,22,0.066666670,0.000000,0.4174479,0.0028038,-0.0154495
0.270833,22,0.067708337,0.000000,0.4174602,0.0029540,0.0360489
0.275000,22,0.068750004,0.000000,0.4174724,0.0029182,-0.0085831
0.279167,22,0.069791670,0.000000,0.4174849,0.0030112,0.0223160
0.283333,22,0.070833337,0.000000,0.4174975,0.0030184,0.0017166
0.287500,22,0.071875004,0.000000,0.4175107,0.0031686,0.0360489
0.291667,22,0.072916670,0.000000,0.4175237,0.0031042,-0.0154495
0.295833,22,0.073958337,0.000000,0.4175371,0.0032258,0.0291824
0.300000,22,0.075000004,0.000000,0.4175504,0.0031900,-0.0085831
0.304167,22,0.076041671,0.000000,0.4175642,0.0033259,0.0326157
0.308333,22,0.077083337,0.000000,0.4175780,0.0032902,-0.0085831
0.312500,22,0.078125004,0.000000,0.4175923,0.0034547,0.0394821
0.316667,22,0.079166671,0.000000,0.4176064,0.0033832,-0.0171661
0.320833,22,0.080208338,0.000000,0.4176212,0.0035405,0.0377655
0.325000,22,0.081250004,0.000000,0.4176356,0.0034690,-0.0171661
0.329167,22,0.082291671,0.000000,0.4176507,0.0036192,0.0360489
0.333333,22,0.083333338,0.000000,0.4176657,0.0035977,-0.0051498
0.337500,22,0.084375004,0.000000,0.4176812,0.0037122,0.0274658
0.341667,22,0.085416671,0.000000,0.4176964,0.0036621,-0.0120163
0.345833,22,0.086458338,0.000000,0.4177123,0.0038052,0.0343323
0.350000,22,0.087500005,0.000000,0.4177279,0.0037551,-0.0120163
0.354167,22,0.088541671,0.000000,0.4177442,0.0039053,0.0360489
0.358333,22,0.089583338,0.000000,0.4177604,0.0038910,-0.0034332
0.362500,22,0.090625005,0.000000,0.4177772,0.0040126,0.0291824
0.366667,22,0.091666671,0.000000,0.4177937,0.0039697,-0.0102997
0.370833,22,0.092708338,0.000000,0.4178108,0.0040984,0.0308991
0.375000,22,0.093750005,0.000000,0.4178276,0.0040483,-0.0120163
0.379167,22,0.094791672,0.000000,0.4178451,0.0041986,0.0360489
0.383333,22,0.095833338,0.000000,0.4178625,0.0041628,-0.0085831
0.387500,22,0.096875005,0.000000,0.4178802,0.0042558,0.0223160
0.391667,22,0.097916672,0.000000,0.4178980,0.0042701,0.0034332
0.395833,22,0.098958338,0.000000,0.4179162,0.0043774,0.0257492
0.400000,22,0.100000005,0.000000,0.4179344,0.0043488,-0.0068665
0.404167,22,0.101041672,0.000000,0.4179530,0.0044703,0.0291824
0.408333,22,0.102083339,0.000000,0.4179716,0.0044632,-0.0017166
0.412500,22,0.103125005,0.000000,0.4179904,0.0045204,0.0137329
0.416667,22,0.104166672,0.000000,0.4180093,0.0045204,0.0000000
0.420833,22,0.105208339,0.000000,0.4180288,0.0046921,0.0411987
0.425000,22,0.106250006,0.000000,0.4180480,0.0046134,-0.0188828
0.429167,22,0.107291672,0.000000,0.4180678,0.0047421,0.0308991
0.433333,22,0.108333339,0.000000,0.4180874,0.0047064,-0.0085831
0.437500,22,0.109375006,0.000000,0.4181077,0.0048709,0.0394821
0.441667,22,0.110416672,0.000000,0.4181277,0.0047922,-0.0188828
0.445833,22,0.111458339,0.000000,0.4181482,0.0049210,0.0308991
0.450000,22,0.112500006,0.000000,0.4181685,0.0048709,-0.0120163
0.454167,22,0.113541673,0.000000,0.4181894,0.0050354,0.0394821
0.458333,22,0.114583339,0.000000,0.4182103,0.0049996,-0.0085831
0.462500,22,0.115625006,0.000000,0.4182315,0.0050926,0.0223160
0.466667,22,0.116666673,0.000000,0.4182526,0.0050783,-0.0034332
0.470833,22,0.117708339,0.000000,0.4182743,0.0051856,0.0257492
0.475000,22,0.118750006,0.000000,0.4182957,0.0051498,-0.0085831
0.479167,22,0.119791673,0.000000,0.4183178,0.0053000,0.0360489
0.483333,22,0.120833340,0.000000,0.4183397,0.0052643,-0.0085831
0.487500,22,0.121875006,0.000000,0.4183620,0.0053501,0.0205994
0.491667,22,0.122916673,0.000000,0.4183843,0.0053430,-0.0017166
0.495833,22,0.123958340,0.000000,0.4184070,0.0054502,0.0257492
0.500000,22,0.125000007,0.000000,0.4184296,0.0054145,-0.0085831
0.504167,22,0.126041673,0.000000,0.4184527,0.0055504,0.0326157
0.508333,22,0.127083340,0.000000,0.4184755,0.0054860,-0.0154495
0.512500,22,0.128125007,0.000000,0.4184989,0.0056148,0.0308991
0.516667,22,0.129166673,0.000000,0.4185222,0.0055790,-0.0085831
0.520833,22,0.130208340,0.000000,0.4185460,0.0057220,0.0343323
0.525000,22,0.131250007,0.000000,0.4185697,0.0056720,-0.0120163
0.529167,22,0.132291674,0.000000,0.4185937,0.0057721,0.0240326
0.533333,22,0.133333340,0.000000,0.4186177,0.0057650,-0.0017166
0.537500,22,0.134375007,0.000000,0.4186421,0.0058579,0.0223160
0.541667,22,0.135416674,0.000000,0.4186664,0.0058293,-0.0068665
0.545833,22,0.136458340,0.000000,0.4186911,0.0059223,0.0223160
0.550000,22,0.137500007,0.000000,0.4187158,0.0059223,0.0000000
0.554167,22,0.138541674,0.000000,0.4187409,0.0060296,0.0257492
0.558333,22,0.139583341,0.000000,0.4187658,0.0059795,-0.0120163
0.562500,22,0.140625007,0.000000,0.4187913,0.0061083,0.0308991
0.566667,22,0.141666674,0.000000,0.4188165,0.0060582,-0.0120163
0.570833,22,0.142708341,0.000000,0.4188422,0.0061584,0.0240326
0.575000,22,0.143750007,0.000000,0.4188679,0.0061727,0.0034332
0.579167,22,0.144791674,0.000000,0.4188940,0.0062585,0.0205994
0.583333,22,0.145833341,0.000000,0.4189198,0.0062084,-0.0120163
0.587500,22,0.146875008,0.000000,0.4189462,0.0063300,0.0291824
0.591667,22,0.147916674,0.000000,0.4189724,0.0062799,-0.0120163
0.595833,22,0.148958341,0.000000,0.4189989,0.0063658,0.0205994
0.600000,22,0.150000008,0.000000,0.4190254,0.0063515,-0.0034332
0.604167,22,0.151041675,0.000000,0.4190524,0.0064802,0.0308991
0.608333,22,0.152083341,0.000000,0.4190792,0.0064373,-0.0102997
0.612500,22,0.153125008,0.000000,0.4191064,0.0065303,0.0223160
0.616667,22,0.154166675,0.000000,0.4191334,0.0064802,-0.0120163
0.620833,22,0.155208341,0.000000,0.4191609,0.0066018,0.0291824
0.625000,22,0.156250008,0.000000,0.4191882,0.0065517,-0.0120163
0.629167,22,0.157291675,0.000000,0.4192159,0.0066519,0.0240326
0.633333,22,0.158333342,0.000000,0.4192438,0.0066805,0.0068665
0.637500,22,0.159375008,0.000000,0.4192717,0.0067163,0.0085831
0.641667,22,0.160416675,0.000000,0.4192996,0.0066948,-0.0051498
0.645833,22,0.161458342,0.000000,0.4193279,0.0067735,0.0188828
0.650000,22,0.162500008,0.000000,0.4193561,0.0067735,0.0000000
0.654167,22,0.163541675,0.000000,0.4193846,0.0068522,0.0188828
0.658333,22,0.164583342,0.000000,0.4194131,0.0068450,-0.0017166
0.662500,22,0.165625009,0.000000,0.4194418,0.0068736,0.0068665
0.666667,22,0.166666675,0.000000,0.4194705,0.0068951,0.0051498
0.670833,22,0.167708342,0.000000,0.4194995,0.0069523,0.0137329
0.675000,22,0.168750009,0.000000,0.4195284,0.0069451,-0.0017166
0.679167,22,0.169791676,0.000000,0.4195576,0.0070024,0.0137329
0.683333,22,0.170833342,0.000000,0.4195867,0.0069880,-0.0034332
0.687500,22,0.171875009,0.000000,0.4196161,0.0070596,0.0171661
0.691667,22,0.172916676,0.000000,0.4196456,0.0070667,0.0017166
0.695833,22,0.173958342,0.000000,0.4196753,0.0071311,0.0154495
0.700000,22,0.175000009,0.000000,0.4197048,0.0070810,-0.0120163
0.704167,22,0.176041676,0.000000,0.4197348,0.0072098,0.0308991
0.708333,22,0.177083343,0.000000,0.4197646,0.0071454,-0.0154495
0.712500,22,0.178125009,0.000000,0.4197947,0.0072312,0.0205994
0.716667,22,0.179166676,0.000000,0.4198247,0.0071812,-0.0120163
0.720833,22,0.180208343,0.000000,0.4198549,0.0072527,0.0171661
0.725000,22,0.181250009,0.000000,0.4198852,0.0072670,0.0034332
0.729167,22,0.182291676,0.000000,0.4199156,0.0073099,0.0102997
0.733333,22,0.183333343,0.000000,0.4199460,0.0072885,-0.0051498
0.737500,22,0.184375010,0.000000,0.4199766,0.0073528,0.0154495
0.741667,22,0.185416676,0.000000,0.4200072,0.0073385,-0.0034332
0.745833,22,0.186458343,0.000000,0.4200380,0.0073886,0.0120163
0.750000,22,0.187500010,0.000000,0.4200688,0.0073886,0.0000000
0.754167,22,0.188541676,0.000000,0.4200996,0.0074100,0.0051498
0.758333,22,0.189583343,0.000000,0.4201306,0.0074387,0.0068665
0.762500,22,0.190625010,0.000000,0.4201617,0.0074458,0.0017166
0.766667,22,0.191666677,0.000000,0.4201927,0.0074530,0.0017166
0.770833,22,0.192708343,0.000000,0.4202240,0.0075030,0.0120163
0.775000,22,0.193750010,0.000000,0.4202552,0.0074959,-0.0017166
0.779167,22,0.194791677,0.000000,0.4202866,0.0075245,0.0068665
0.783333,22,0.195833344,0.000000,0.4203179,0.0075173,-0.0017166
0.787500,22,0.196875010,0.000000,0.4203494,0.0075603,0.0102997
0.791667,22,0.197916677,0.000000,0.4203809,0.0075531,-0.0017166
0.795833,22,0.198958344,0.000000,0.4204125,0.0075889,0.0085831
0.800000,22,0.200000010,0.000000,0.4204441,0.0075889,0.0000000
0.804167,22,0.201041677,0.000000,0.4204758,0.0076175,0.0068665
0.808333,22,0.202083344,0.000000,0.4205075,0.0075889,-0.0068665
0.812500,22,0.203125011,0.000000,0.4205393,0.0076461,0.0137329
0.816667,22,0.204166677,0.000000,0.4205712,0.0076461,0.0000000
0.820833,22,0.205208344,0.000000,0.4206030,0.0076318,-0.0034332
0.825000,22,0.206250011,0.000000,0.4206350,0.0076747,0.0102997
0.829167,22,0.207291677,0.000000,0.4206670,0.0076818,0.0017166
0.833333,22,0.208333344,0.000000,0.4206989,0.0076532,-0.0068665
0.837500,22,0.209375011,0.000000,0.4207310,0.0077105,0.0137329
0.841667,22,0.210416678,0.000000,0.4207630,0.0076890,-0.0051498
0.845833,22,0.211458344,0.000000,0.4207952,0.0077319,0.0102997
0.850000,22,0.212500011,0.000000,0.4208274,0.0077176,-0.0034332
0.854167,22,0.213541678,0.000000,0.4208595,0.0076962,-0.0051498
0.858333,22,0.214583345,0.000000,0.4208916,0.0077033,0.0017166
0.862500,22,0.215625011,0.000000,0.4209238,0.0077391,0.0085831
0.866667,22,0.216666678,0.000000,0.4209560,0.0077391,0.0000000
0.870833,22,0.217708345,0.000000,0.4209883,0.0077319,-0.0017166
0.875000,22,0.218750011,0.000000,0.4210206,0.0077534,0.0051498
0.879167,22,0.219791678,0.000000,0.4210528,0.0077391,-0.0034332
0.883333,22,0.220833345,0.000000,0.4210851,0.0077391,0.0000000
0.887500,22,0.221875012,0.000000,0.4211173,0.0077462,0.0017166
0.891667,22,0.222916678,0.000000,0.4211498,0.0077820,0.0085831
0.895833,22,0.223958345,0.000000,0.4211820,0.0077462,-0.0085831
0.900000,22,0.225000012,0.000000,0.4212142,0.0077176,-0.0068665
0.904167,22,0.226041678,0.000000,0.4212465,0.0077605,0.0102997
0.908333,22,0.227083345,0.000000,0.4212788,0.0077534,-0.0017166
0.912500,22,0.228125012,0.000000,0.4213111,0.0077319,-0.0051498
0.916667,22,0.229166679,0.000000,0.4213433,0.0077462,0.0034332
0.920833,22,0.230208345,0.000000,0.4213756,0.0077462,0.0000000
0.925000,22,0.231250012,0.000000,0.4214079,0.0077462,0.0000000
0.929167,22,0.232291679,0.000000,0.4214401,0.0077319,-0.0034332
0.933333,22,0.233333346,0.000000,0.4214724,0.0077534,0.0051498
0.937500,22,0.234375012,0.000000,0.4215045,0.0077033,-0.0120163
0.941667,22,0.235416679,0.000000,0.4215367,0.0077319,0.0068665
0.945833,22,0.236458346,0.000000,0.4215688,0.0077105,-0.0051498
0.950000,22,0.237500012,0.000000,0.4216010,0.0077105,0.0000000
0.954167,22,0.238541679,0.000000,0.4216329,0.0076604,-0.0120163
0.958333,22,0.239583346,0.000000,0.4216650,0.0077176,0.0137329
0.962500,22,0.240625013,0.000000,0.4216971,0.0076818,-0.0085831
0.966667,22,0.241666679,0.000000,0.4217290,0.0076675,-0.0034332
0.970833,22,0.242708346,0.000000,0.4217609,0.0076675,0.0000000
0.975000,22,0.243750013,0.000000,0.4217929,0.0076604,-0.0017166
0.979167,22,0.244791679,0.000000,0.4218246,0.0076246,-0.0085831
0.983333,22,0.245833346,0.000000,0.4218566,0.0076675,0.0102997
0.987500,22,0.246875013,0.000000,0.4218881,0.0075746,-0.0223160
0.991667,22,0.247916680,0.000000,0.4219199,0.0076103,0.0085831
0.995833,22,0.248958346,0.000000,0.4219514,0.0075817,-0.0068665
1.000000,22,0.250000013,0.000000,0.4219831,0.0075960,0.0034332
1.004167,22,0.251041680,0.000000,0.4220146,0.0075531,-0.0102997
1.008333,22,0.252083346,0.000000,0.4220462,0.0075817,0.0068665
1.012500,22,0.253125013,0.000000,0.4220775,0.0075173,-0.0154495
1.016667,22,0.254166680,0.000000,0.4221087,0.0075030,-0.0034332
1.020833,22,0.255208347,0.000000,0.4221399,0.0074744,-0.0068665
1.025000,22,0.256250013,0.000000,0.4221712,0.0075102,0.0085831
1.029167,22,0.257291680,0.000000,0.4222021,0.0074315,-0.0188828
1.033333,22,0.258333347,0.000000,0.4222333,0.0074816,0.0120163
1.037500,22,0.259375014,0.000000,0.4222642,0.0074100,-0.0171661
1.041667,22,0.260416680,0.000000,0.4222950,0.0074029,-0.0017166
1.045833,22,0.261458347,0.000000,0.4223258,0.0073886,-0.0034332
1.050000,22,0.262500014,0.000000,0.4223567,0.0074100,0.0051498
1.054167,22,0.263541680,0.000000,0.4223872,0.0073099,-0.0240326
1.058333,22,0.264583347,0.000000,0.4224178,0.0073457,0.0085831
1.062500,22,0.265625014,0.000000,0.4224481,0.0072742,-0.0171661
1.066667,22,0.266666681,0.000000,0.4224785,0.0073099,0.0085831
1.070833,22,0.267708347,0.000000,0.4225087,0.0072312,-0.0188828
1.075000,22,0.268750014,0.000000,0.4225389,0.0072527,0.0051498
1.079167,22,0.269791681,0.000000,0.4225688,0.0071812,-0.0171661
1.083333,22,0.270833347,0.000000,0.4225988,0.0072098,0.0068665
1.087500,22,0.271875014,0.000000,0.4226285,0.0071168,-0.0223160
1.091667,22,0.272916681,0.000000,0.4226584,0.0071812,0.0154495
1.095833,22,0.273958348,0.000000,0.4226878,0.0070596,-0.0291824
1.100000,22,0.275000014,0.000000,0.4227175,0.0071096,0.0120163
1.104167,22,0.276041681,0.000000,0.4227467,0.0070310,-0.0188828
1.108333,22,0.277083348,0.000000,0.4227761,0.0070381,0.0017166
1.112500,22,0.278125015,0.000000,0.4228051,0.0069666,-0.0171661
1.116667,22,0.279166681,0.000000,0.4228342,0.0069952,0.0068665
1.120833,22,0.280208348,0.000000,0.4228629,0.0068808,-0.0274658
1.125000,22,0.281250015,0.000000,0.4228918,0.0069380,0.0137329
1.129167,22,0.282291681,0.000000,0.4229203,0.0068235,-0.0274658
1.133333,22,0.283333348,0.000000,0.4229488,0.0068593,0.0085831
1.137500,22,0.284375015,0.000000,0.4229771,0.0067949,-0.0154495
1.141667,22,0.285416682,0.000000,0.4230055,0.0068021,0.0017166
1.145833,22,0.286458348,0.000000,0.4230334,0.0067091,-0.0223160
1.150000,22,0.287500015,0.000000,0.4230616,0.0067520,0.0102997
1.154167,22,0.288541682,0.000000,0.4230892,0.0066376,-0.0274658
1.158333,22,0.289583348,0.000000,0.4231170,0.0066519,0.0034332
1.162500,22,0.290625015,0.000000,0.4231444,0.0065875,-0.0154495
1.166667,22,0.291666682,0.000000,0.4231719,0.0065947,0.0017166
1.170833,22,0.292708349,0.000000,0.4231989,0.0064945,-0.0240326
1.175000,22,0.293750015,0.000000,0.4232262,0.0065517,0.0137329
1.179167,22,0.294791682,0.000000,0.4232529,0.0064015,-0.0360489
1.183333,22,0.295833349,0.000000,0.4232799,0.0064731,0.0171661
1.187500,22,0.296875015,0.000000,0.4233063,0.0063443,-0.0308991
1.191667,22,0.297916682,0.000000,0.4233329,0.0063729,0.0068665
1.195833,22,0.298958349,0.000000,0.4233590,0.0062799,-0.0223160
1.200000,22,0.300000016,0.000000,0.4233853,0.0063014,0.0051498
1.204167,22,0.301041682,0.000000,0.4234111,0.0062013,-0.0240326
1.208333,22,0.302083349,0.000000,0.4234371,0.0062370,0.0085831
1.212500,22,0.303125016,0.000000,0.4234627,0.0061297,-0.0257492
1.216667,22,0.304166683,0.000000,0.4234882,0.0061297,0.0000000
1.220833,22,0.305208349,0.000000,0.4235133,0.0060153,-0.0274658
1.225000,22,0.306250016,0.000000,0.4235384,0.0060439,0.0068665
1.229167,22,0.307291683,0.000000,0.4235634,0.0059795,-0.0154495
1.233333,22,0.308333349,0.000000,0.4235884,0.0060010,0.0051498
1.237500,22,0.309375016,0.000000,0.4236127,0.0058508,-0.0360489
1.241667,22,0.310416683,0.000000,0.4236373,0.0058866,0.0085831
1.245833,22,0.311458350,0.000000,0.4236614,0.0057793,-0.0257492
1.250000,22,0.312500016,0.000000,0.4236856,0.0058079,0.0068665
1.254167,22,0.313541683,0.000000,0.4237093,0.0056934,-0.0274658
1.258333,22,0.314583350,0.000000,0.4237331,0.0057077,0.0034332
1.262500,22,0.315625016,0.000000,0.4237563,0.0055861,-0.0291824
1.266667,22,0.316666683,0.000000,0.4237799,0.0056577,0.0171661
1.270833,22,0.317708350,0.000000,0.4238029,0.0055075,-0.0360489
1.275000,22,0.318750017,0.000000,0.4238259,0.0055361,0.0068665
1.279167,22,0.319791683,0.000000,0.4238485,0.0054073,-0.0308991
1.283333,22,0.320833350,0.000000,0.4238712,0.0054502,0.0102997
1.287500,22,0.321875017,0.000000,0.4238932,0.0053000,-0.0360489
1.291667,22,0.322916684,0.000000,0.4239154,0.0053287,0.0068665
1.295833,22,0.323958350,0.000000,0.4239373,0.0052428,-0.0205994
1.300000,22,0.325000017,0.000000,0.4239593,0.0052786,0.0085831
1.304167,22,0.326041684,0.000000,0.4239806,0.0051069,-0.0411987
1.308333,22,0.327083350,0.000000,0.4240023,0.0052071,0.0240326
1.312500,22,0.328125017,0.000000,0.4240231,0.0049925,-0.0514984
1.316667,22,0.329166684,0.000000,0.4240441,0.0050497,0.0137329
1.320833,22,0.330208351,0.000000,0.4240647,0.0049353,-0.0274658
1.325000,22,0.331250017,0.000000,0.4240854,0.0049782,0.0102997
1.329167,22,0.332291684,0.000000,0.4241054,0.0048065,-0.0411987
1.333333,22,0.333333351,0.000000,0.4241258,0.0048780,0.0171661
1.337500,22,0.334375017,0.000000,0.4241454,0.0047135,-0.0394821
1.341667,22,0.335416684,0.000000,0.4241653,0.0047851,0.0171661
1.345833,22,0.336458351,0.000000,0.4241845,0.0045919,-0.0463486
1.350000,22,0.337500018,0.000000,0.4242039,0.0046706,0.0188828
1.354167,22,0.338541684,0.000000,0.4242227,0.0045133,-0.0377655
1.358333,22,0.339583351,0.000000,0.4242418,0.0045848,0.0171661
1.362500,22,0.340625018,0.000000,0.4242601,0.0043774,-0.0497818
1.366667,22,0.341666684,0.000000,0.4242787,0.0044703,0.0223160
1.370833,22,0.342708351,0.000000,0.4242967,0.0043201,-0.0360489
1.375000,22,0.343750018,0.000000,0.4243149,0.0043631,0.0102997
1.379167,22,0.344791685,0.000000,0.4243324,0.0042057,-0.0377655
1.383333,22,0.345833351,0.000000,0.4243500,0.0042272,0.0051498
1.387500,22,0.346875018,0.000000,0.4243670,0.0040770,-0.0360489
1.391667,22,0.347916685,0.000000,0.4243842,0.0041199,0.0102997
1.395833,22,0.348958352,0.000000,0.4244008,0.0039911,-0.0308991
1.400000,22,0.350000018,0.000000,0.4244177,0.0040483,0.0137329
1.404167,22,0.351041685,0.000000,0.4244338,0.0038767,-0.0411987
1.408333,22,0.352083352,0.000000,0.4244501,0.0039124,0.0085831
1.412500,22,0.353125018,0.000000,0.4244659,0.0037766,-0.0326157
1.416667,22,0.354166685,0.000000,0.4244818,0.0038195,0.0102997
1.420833,22,0.355208352,0.000000,0.4244970,0.0036478,-0.0411987
1.425000,22,0.356250019,0.000000,0.4245123,0.0036836,0.0085831
1.429167,22,0.357291685,0.000000,0.4245272,0.0035763,-0.0257492
1.433333,22,0.358333352,0.000000,0.4245422,0.0035906,0.0034332
1.437500,22,0.359375019,0.000000,0.4245564,0.0034189,-0.0411987
1.441667,22,0.360416685,0.000000,0.4245709,0.0034761,0.0137329
1.445833,22,0.361458352,0.000000,0.4245849,0.0033545,-0.0291824
1.450000,22,0.362500019,0.000000,0.4245989,0.0033617,0.0017166
1.454167,22,0.363541686,0.000000,0.4246122,0.0031829,-0.0429153
1.458333,22,0.364583352,0.000000,0.4246258,0.0032759,0.0223160
1.462500,22,0.365625019,0.000000,0.4246387,0.0030971,-0.0429153
1.466667,22,0.366666686,0.000000,0.4246520,0.0031757,0.0188828
1.470833,22,0.367708353,0.000000,0.4246643,0.0029612,-0.0514984
1.475000,22,0.368750019,0.000000,0.4246770,0.0030470,0.0205994
1.479167,22,0.369791686,0.000000,0.4246890,0.0028753,-0.0411987
1.483333,22,0.370833353,0.000000,0.4247011,0.0029182,0.0102997
1.487500,22,0.371875019,0.000000,0.4247126,0.0027609,-0.0377655
1.491667,22,0.372916686,0.000000,0.4247244,0.0028181,0.0137329
1.495833,22,0.373958353,0.000000,0.4247353,0.0026321,-0.0446320
1.500000,22,0.375000020,0.000000,0.4247466,0.0027037,0.0171661
1.504167,22,0.376041686,0.000000,0.4247572,0.0025392,-0.0394821
1.508333,22,0.377083353,0.000000,0.4247679,0.0025606,0.0051498
1.512500,22,0.378125020,0.000000,0.4247780,0.0024390,-0.0291824
1.516667,22,0.379166686,0.000000,0.4247883,0.0024676,0.0068665
1.520833,22,0.380208353,0.000000,0.4247980,0.0023246,-0.0343323
1.525000,22,0.381250020,0.000000,0.4248078,0.0023603,0.0085831
1.529167,22,0.382291687,0.000000,0.4248170,0.0021958,-0.0394821
1.533333,22,0.383333353,0.000000,0.4248264,0.0022602,0.0154495
1.537500,22,0.384375020,0.000000,0.4248350,0.0020671,-0.0463486
1.541667,22,0.385416687,0.000000,0.4248439,0.0021315,0.0154495
1.545833,22,0.386458353,0.000000,0.4248521,0.0019670,-0.0394821
1.550000,22,0.387500020,0.000000,0.4248604,0.0020027,0.0085831
1.554167,22,0.388541687,0.000000,0.4248682,0.0018668,-0.0326157
1.558333,22,0.389583354,0.000000,0.4248762,0.0019097,0.0102997
1.562500,22,0.390625020,0.000000,0.4248834,0.0017452,-0.0394821
1.566667,22,0.391666687,0.000000,0.4248909,0.0017881,0.0102997
1.570833,22,0.392708354,0.000000,0.4248977,0.0016451,-0.0343323
1.575000,22,0.393750021,0.000000,0.4249047,0.0016665,0.0051498
1.579167,22,0.394791687,0.000000,0.4249111,0.0015306,-0.0326157
1.583333,22,0.395833354,0.000000,0.4249175,0.0015593,0.0068665
1.587500,22,0.396875021,0.000000,0.4249235,0.0014234,-0.0326157
1.591667,22,0.397916687,0.000000,0.4249296,0.0014591,0.0085831
1.595833,22,0.398958354,0.000000,0.4249349,0.0012875,-0.0411987
1.600000,22,0.400000021,0.000000,0.4249406,0.0013518,0.0154495
1.604167,22,0.401041688,0.000000,0.4249454,0.0011730,-0.0429153
1.608333,22,0.402083354,0.000000,0.4249506,0.0012445,0.0171661
1.612500,22,0.403125021,0.000000,0.4249552,0.0010943,-0.0360489
1.616667,22,0.404166688,0.000000,0.4249598,0.0011086,0.0034332
1.620833,22,0.405208354,0.000000,0.4249637,0.0009441,-0.0394821
1.625000,22,0.406250021,0.000000,0.4249681,0.0010514,0.0257492
1.629167,22,0.407291688,0.000000,0.4249716,0.0008297,-0.0532150
1.633333,22,0.408333355,0.000000,0.4249753,0.0009012,0.0171661
1.637500,22,0.409375021,0.000000,0.4249784,0.0007367,-0.0394821
1.641667,22,0.410416688,0.000000,0.4249817,0.0007868,0.0120163
1.645833,22,0.411458355,0.000000,0.4249843,0.0006366,-0.0360489
1.650000,22,0.412500022,0.000000,0.4249873,0.0007153,0.0188828
1.654167,22,0.413541688,0.000000,0.4249895,0.0005221,-0.0463486
1.658333,22,0.414583355,0.000000,0.4249918,0.0005579,0.0085831
1.662500,22,0.415625022,0.000000,0.4249936,0.0004363,-0.0291824
1.666667,22,0.416666688,0.000000,0.4249957,0.0004935,0.0137329
1.670833,22,0.417708355,0.000000,0.4249969,0.0003004,-0.0463486
1.675000,22,0.418750022,0.000000,0.4249984,0.0003576,0.0137329
1.679167,22,0.419791689,0.000000,0.4249993,0.0002003,-0.0377655
1.683333,22,0.420833355,0.000000,0.4250003,0.0002503,0.0120163
1.687500,22,0.421875022,0.000000,0.4250008,0.0001073,-0.0343323
1.691667,22,0.422916689,0.000000,0.4250015,0.0001717,0.0154495
1.695833,22,0.423958355,0.000000,0.4250014,-0.0000143,-0.0446320
1.700000,22,0.425000022,0.000000,0.4250016,0.0000358,0.0120163
1.704167,22,0.426041689,0.000000,0.4250012,-0.0000858,-0.0291824
1.708333,22,0.427083356,0.000000,0.4250010,-0.0000501,0.0085831
1.712500,22,0.428125022,0.000000,0.4250001,-0.0002074,-0.0377655
1.716667,22,0.429166689,0.000000,0.4249994,-0.0001788,0.0068665
1.720833,22,0.430208356,0.000000,0.4249982,-0.0002933,-0.0274658
1.725000,22,0.431250022,0.000000,0.4249970,-0.0002789,0.0034332
1.729167,22,0.432291689,0.000000,0.4249954,-0.0003791,-0.0240326
1.733333,22,0.433333356,0.000000,0.4249938,-0.0003934,-0.0034332
1.737500,22,0.434375023,0.000000,0.4249916,-0.0005150,-0.0291824
1.741667,22,0.435416689,0.000000,0.4249897,-0.0004649,0.0120163
1.745833,22,0.436458356,0.000000,0.4249872,-0.0006080,-0.0343323
1.750000,22,0.437500023,0.000000,0.4249848,-0.0005651,0.0102997
1.754167,22,0.438541690,0.000000,0.4249819,-0.0006938,-0.0308991
1.758333,22,0.439583356,0.000000,0.4249792,-0.0006509,0.0102997
1.762500,22,0.440625023,0.000000,0.4249759,-0.0008011,-0.0360489
1.766667,22,0.441666690,0.000000,0.4249727,-0.0007653,0.0085831
1.770833,22,0.442708356,0.000000,0.4249690,-0.0008941,-0.0308991
1.775000,22,0.443750023,0.000000,0.4249653,-0.0008798,0.0034332
1.779167,22,0.444791690,0.000000,0.4249612,-0.0009727,-0.0223160
1.783333,22,0.445833357,0.000000,0.4249573,-0.0009370,0.0085831
1.787500,22,0.446875023,0.000000,0.4249528,-0.0010872,-0.0360489
1.791667,22,0.447916690,0.000000,0.4249484,-0.0010514,0.0085831
1.795833,22,0.448958357,0.000000,0.4249435,-0.0011802,-0.0308991
1.800000,22,0.450000023,0.000000,0.4249387,-0.0011516,0.0068665
1.804167,22,0.451041690,0.000000,0.4249334,-0.0012732,-0.0291824
1.808333,22,0.452083357,0.000000,0.4249284,-0.0012088,0.0154495
1.812500,22,0.453125024,0.000000,0.4249226,-0.0013733,-0.0394821
1.816667,22,0.454166690,0.000000,0.4249170,-0.0013447,0.0068665
1.820833,22,0.455208357,0.000000,0.4249111,-0.0014377,-0.0223160
1.825000,22,0.456250024,0.000000,0.4249052,-0.0014091,0.0068665
1.829167,22,0.457291691,0.000000,0.4248988,-0.0015306,-0.0291824
1.833333,22,0.458333357,0.000000,0.4248925,-0.0015020,0.0068665
1.837500,22,0.459375024,0.000000,0.4248858,-0.0016093,-0.0257492
1.841667,22,0.460416691,0.000000,0.4248791,-0.0016093,0.0000000
1.845833,22,0.461458357,0.000000,0.4248721,-0.0016880,-0.0188828
1.850000,22,0.462500024,0.000000,0.4248651,-0.0016737,0.0034332
1.854167,22,0.463541691,0.000000,0.4248576,-0.0018024,-0.0308991
1.858333,22,0.464583358,0.000000,0.4248502,-0.0017881,0.0034332
1.862500,22,0.465625024,0.000000,0.4248424,-0.0018740,-0.0205994
1.866667,22,0.466666691,0.000000,0.4248347,-0.0018454,0.0068665
1.870833,22,0.467708358,0.000000,0.4248265,-0.0019526,-0.0257492
1.875000,22,0.468750024,0.000000,0.4248185,-0.0019383,0.0034332
1.879167,22,0.469791691,0.000000,0.4248099,-0.0020456,-0.0257492
1.883333,22,0.470833358,0.000000,0.4248016,-0.0020099,0.0085831
1.887500,22,0.471875025,0.000000,0.4247927,-0.0021243,-0.0274658
1.891667,22,0.472916691,0.000000,0.4247841,-0.0020671,0.0137329
1.895833,22,0.473958358,0.000000,0.4247749,-0.0022030,-0.0326157
1.900000,22,0.475000025,0.000000,0.4247659,-0.0021672,0.0085831
1.904167,22,0.476041691,0.000000,0.4247563,-0.0022888,-0.0291824
1.908333,22,0.477083358,0.000000,0.4247470,-0.0022388,0.0120163
1.912500,22,0.478125025,0.000000,0.4247372,-0.0023675,-0.0308991
1.916667,22,0.479166692,0.000000,0.4247275,-0.0023103,0.0137329
1.920833,22,0.480208358,0.000000,0.4247174,-0.0024390,-0.0308991
1.925000,22,0.481250025,0.000000,0.4247074,-0.0023818,0.0137329
1.929167,22,0.482291692,0.000000,0.4246970,-0.0025034,-0.0291824
1.933333,22,0.483333359,0.000000,0.4246867,-0.0024676,0.0085831
1.937500,22,0.484375025,0.000000,0.4246759,-0.0026035,-0.0326157
1.941667,22,0.485416692,0.000000,0.4246653,-0.0025392,0.0154495
1.945833,22,0.486458359,0.000000,0.4246544,-0.0026250,-0.0205994
1.950000,22,0.487500025,0.000000,0.4246434,-0.0026250,0.0000000
1.954167,22,0.488541692,0.000000,0.4246321,-0.0027251,-0.0240326
1.958333,22,0.489583359,0.000000,0.4246209,-0.0026751,0.0120163
1.962500,22,0.490625026,0.000000,0.4246093,-0.0027895,-0.0274658
1.966667,22,0.491666692,0.000000,0.4245979,-0.0027323,0.0137329
1.970833,22,0.492708359,0.000000,0.4245860,-0.0028682,-0.0326157
1.975000,22,0.493750026,0.000000,0.4245742,-0.0028181,0.0120163
1.979167,22,0.494791692,0.000000,0.4245620,-0.0029254,-0.0257492
1.983333,22,0.495833359,0.000000,0.4245500,-0.0028968,0.0068665
1.987500,22,0.496875026,0.000000,0.4245376,-0.0029612,-0.0154495
1.991667,22,0.497916693,0.000000,0.4245253,-0.0029540,0.0017166
1.995833,22,0.498958359,0.000000,0.4245127,-0.0030255,-0.0171661
2.000000,23,0.499999999,0.000052,0.4245001,-0.0030327,-0.0017166
2.004167,23,0.501041557,0.000210,0.4244876,-0.0030041,0.0068665
2.008333,23,0.502082977,0.000472,0.4244754,-0.0029182,0.0205994
2.012500,23,0.503124209,0.000836,0.4244630,-0.0029683,-0.0120163
2.016667,23,0.504165199,0.001300,0.4244510,-0.0028968,0.0171661
2.020833,23,0.505205897,0.001861,0.4244388,-0.0029182,-0.0051498
2.025000,23,0.506246254,0.002518,0.4244269,-0.0028467,0.0171661
2.029167,23,0.507286221,0.003269,0.4244150,-0.0028610,-0.0034332
2.033333,23,0.508325751,0.004111,0.4244034,-0.0027967,0.0154495
2.037500,23,0.509364799,0.005042,0.4243916,-0.0028253,-0.0068665
2.041667,23,0.510403318,0.006061,0.4243801,-0.0027609,0.0154495
2.045833,23,0.511441265,0.007166,0.4243685,-0.0027823,-0.0051498
2.050000,23,0.512478599,0.008355,0.4243572,-0.0027037,0.0188828
2.054167,23,0.513515276,0.009625,0.4243457,-0.0027752,-0.0171661
2.058333,23,0.514551257,0.010976,0.4243344,-0.0027037,0.0171661
2.062500,23,0.515586503,0.012405,0.4243231,-0.0027251,-0.0051498
2.066667,23,0.516620975,0.013911,0.4243119,-0.0026751,0.0120163
2.070833,23,0.517654635,0.015491,0.4243008,-0.0026679,0.0017166
2.075000,23,0.518687448,0.017145,0.4242898,-0.0026464,0.0051498
2.079167,23,0.519719379,0.018870,0.4242788,-0.0026393,0.0017166
2.083333,23,0.520750393,0.020664,0.4242678,-0.0026393,0.0000000
2.087500,23,0.521780458,0.022527,0.4242568,-0.0026250,0.0034332
2.091667,23,0.522809540,0.024456,0.4242461,-0.0025821,0.0102997
2.095833,23,0.523837611,0.026450,0.4242351,-0.0026250,-0.0102997
2.100000,23,0.524864638,0.028508,0.4242245,-0.0025606,0.0154495
2.104167,23,0.525890594,0.030628,0.4242136,-0.0026035,-0.0102997
2.108333,23,0.526915449,0.032807,0.4242029,-0.0025821,0.0051498
2.112500,23,0.527939177,0.035046,0.4241922,-0.0025463,0.0085831
2.116667,23,0.528961751,0.037342,0.4241816,-0.0025606,-0.0034332
2.120833,23,0.529983146,0.039694,0.4241709,-0.0025678,-0.0017166
2.125000,23,0.531003337,0.042101,0.4241604,-0.0025177,0.0120163
2.129167,23,0.532022301,0.044561,0.4241498,-0.0025392,-0.0051498
2.133333,23,0.533040014,0.047073,0.4241393,-0.0025320,0.0017166
2.137500,23,0.534056455,0.049635,0.4241287,-0.0025392,-0.0017166
2.141667,23,0.535071602,0.052247,0.4241182,-0.0025249,0.0034332
2.145833,23,0.536085436,0.054906,0.4241077,-0.0025177,0.0017166
2.150000,23,0.537097936,0.057612,0.4240972,-0.0025105,0.0017166
2.154167,23,0.538109085,0.060364,0.4240868,-0.0025034,0.0017166
2.158333,23,0.539118863,0.063159,0.4240764,-0.0024819,0.0051498
2.162500,23,0.540127254,0.065998,0.4240660,-0.0025034,-0.0051498
2.166667,23,0.541134241,0.068878,0.4240555,-0.0025249,-0.0051498
2.170833,23,0.542139808,0.071799,0.4240450,-0.0025177,0.0017166
2.175000,23,0.543143941,0.074759,0.4240346,-0.0025034,0.0034332
2.179167,23,0.544146624,0.077758,0.4240243,-0.0024676,0.0085831
2.183333,23,0.545147845,0.080794,0.4240139,-0.0025034,-0.0085831
2.187500,23,0.546147589,0.083865,0.4240035,-0.0024819,0.0051498
2.191667,23,0.547145846,0.086972,0.4239931,-0.0025034,-0.0051498
2.195833,23,0.548142602,0.090113,0.4239827,-0.0024891,0.0034332
2.200000,23,0.549137847,0.093287,0.4239723,-0.0025034,-0.0034332
2.204167,23,0.550131571,0.096492,0.4239619,-0.0024962,0.0017166
2.208333,23,0.551123762,0.099729,0.4239514,-0.0025034,-0.0017166
2.212500,23,0.552114413,0.102995,0.4239410,-0.0025034,0.0000000
2.216667,23,0.553103513,0.106291,0.4239305,-0.0025249,-0.0051498
2.220833,23,0.554091056,0.109614,0.4239201,-0.0024891,0.0085831
2.225000,23,0.555077032,0.112965,0.4239095,-0.0025535,-0.0154495
2.229167,23,0.556061436,0.116341,0.4238991,-0.0024819,0.0171661
2.233333,23,0.557044259,0.119743,0.4238887,-0.0025105,-0.0068665
2.237500,23,0.558025497,0.123170,0.4238781,-0.0025392,-0.0068665
2.241667,23,0.559005142,0.126619,0.4238676,-0.0025105,0.0068665
2.245833,23,0.559983191,0.130092,0.4238572,-0.0025177,-0.0017166
2.250000,23,0.560959638,0.133586,0.4238466,-0.0025249,-0.0017166
2.254167,23,0.561934479,0.137101,0.4238361,-0.0025177,0.0017166
2.258333,23,0.562907710,0.140636,0.4238255,-0.0025463,-0.0068665
2.262500,23,0.563879328,0.144191,0.4238150,-0.0025392,0.0017166
2.266667,23,0.564849329,0.147764,0.4238044,-0.0025320,0.0017166
2.270833,23,0.565817711,0.151355,0.4237938,-0.0025535,-0.0051498
2.275000,23,0.566784471,0.154963,0.4237831,-0.0025535,0.0000000
2.279167,23,0.567749609,0.158588,0.4237725,-0.0025535,0.0000000
2.283333,23,0.568713121,0.162228,0.4237618,-0.0025678,-0.0034332
2.287500,23,0.569675008,0.165883,0.4237510,-0.0025892,-0.0051498
2.291667,23,0.570635267,0.169552,0.4237403,-0.0025749,0.0034332
2.295833,23,0.571593900,0.173235,0.4237294,-0.0026035,-0.0068665
2.300000,23,0.572550905,0.176930,0.4237187,-0.0025821,0.0051498
2.304167,23,0.573506283,0.180638,0.4237079,-0.0025821,0.0000000
2.308333,23,0.574460035,0.184357,0.4236971,-0.0026035,-0.0051498
2.312500,23,0.575412160,0.188087,0.4236863,-0.0025821,0.0051498
2.316667,23,0.576362661,0.191827,0.4236754,-0.0026035,-0.0051498
2.320833,23,0.577311538,0.195577,0.4236645,-0.0026393,-0.0085831
2.325000,23,0.578258794,0.199336,0.4236535,-0.0026250,0.0034332
2.329167,23,0.579204429,0.203104,0.4236426,-0.0026107,0.0034332
2.333333,23,0.580148447,0.206879,0.4236316,-0.0026536,-0.0102997
2.337500,23,0.581090850,0.210662,0.4236206,-0.0026464,0.0017166
2.341667,23,0.582031640,0.214451,0.4236096,-0.0026393,0.0017166
2.345833,23,0.582970820,0.218247,0.4235984,-0.0026679,-0.0068665
2.350000,23,0.583908393,0.222048,0.4235874,-0.0026393,0.0068665
2.354167,23,0.584844363,0.225855,0.4235763,-0.0026822,-0.0102997
2.358333,23,0.585778734,0.229666,0.4235651,-0.0026894,-0.0017166
2.362500,23,0.586711508,0.233481,0.4235538,-0.0026965,-0.0017166
2.366667,23,0.587642690,0.237300,0.4235426,-0.0026822,0.0034332
2.370833,23,0.588572284,0.241122,0.4235314,-0.0026965,-0.0034332
2.375000,23,0.589500294,0.244946,0.4235201,-0.0027037,-0.0017166
2.379167,23,0.590426725,0.248773,0.4235089,-0.0027108,-0.0017166
2.383333,23,0.591351582,0.252602,0.4234974,-0.0027394,-0.0068665
2.387500,23,0.592274869,0.256432,0.4234860,-0.0027394,0.0000000
2.391667,23,0.593196590,0.260263,0.4234746,-0.0027466,-0.0017166
2.395833,23,0.594116753,0.264094,0.4234633,-0.0027180,0.0068665
2.400000,23,0.595035360,0.267925,0.4234517,-0.0027823,-0.0154495
2.404167,23,0.595952419,0.271756,0.4234402,-0.0027537,0.0068665
2.408333,23,0.596867934,0.275586,0.4234287,-0.0027609,-0.0017166
2.412500,23,0.597781911,0.279415,0.4234171,-0.0027823,-0.0051498
2.416667,23,0.598694357,0.283242,0.4234054,-0.0028038,-0.0051498
2.420833,23,0.599605276,0.287068,0.4233938,-0.0027823,0.0051498
2.425000,23,0.600514675,0.290891,0.4233821,-0.0028038,-0.0051498
2.429167,23,0.601422560,0.294711,0.4233704,-0.0028181,-0.0034332
2.433333,23,0.602328937,0.298528,0.4233587,-0.0028038,0.0034332
2.437500,23,0.603233812,0.302342,0.4233469,-0.0028396,-0.0085831
2.441667,23,0.604137193,0.306152,0.4233351,-0.0028181,0.0051498
2.445833,23,0.605039086,0.309958,0.4233233,-0.0028467,-0.0068665
2.450000,23,0.605939496,0.313760,0.4233113,-0.0028753,-0.0068665
2.454167,23,0.606838431,0.317557,0.4232995,-0.0028253,0.0120163
2.458333,23,0.607735898,0.321349,0.4232876,-0.0028682,-0.0102997
2.462500,23,0.608631903,0.325136,0.4232756,-0.0028753,-0.0017166
2.466667,23,0.609526454,0.328917,0.4232636,-0.0028753,0.0000000
2.470833,23,0.610419556,0.332692,0.4232515,-0.0029039,-0.0068665
2.475000,23,0.611311218,0.336461,0.4232394,-0.0029039,0.0000000
2.479167,23,0.612201447,0.340223,0.4232273,-0.0029182,-0.0034332
2.483333,23,0.613090249,0.343979,0.4232152,-0.0029039,0.0034332
2.487500,23,0.613977632,0.347728,0.4232030,-0.0029254,-0.0051498
2.491667,23,0.614863603,0.351469,0.4231908,-0.0029182,0.0017166
2.495833,23,0.615748169,0.355203,0.4231785,-0.0029612,-0.0102997
2.500000,23,0.616631338,0.358929,0.4231662,-0.0029540,0.0017166
2.504167,23,0.617513118,0.362648,0.4231539,-0.0029469,0.0017166
2.508333,23,0.618393514,0.366358,0.4231415,-0.0029755,-0.0068665
2.512500,23,0.619272536,0.370059,0.4231292,-0.0029540,0.0051498
2.516667,23,0.620150190,0.373752,0.4231167,-0.0029826,-0.0068665
2.520833,23,0.621026485,0.377436,0.4231044,-0.0029683,0.0034332
2.525000,23,0.621901427,0.381111,0.4230918,-0.0030112,-0.0102997
2.529167,23,0.622775024,0.384776,0.4230793,-0.0030041,0.0017166
2.533333,23,0.623647284,0.388432,0.4230667,-0.0030184,-0.0034332
2.537500,23,0.624518214,0.392078,0.4230542,-0.0030184,0.0000000
2.541667,23,0.625387822,0.395715,0.4230416,-0.0030255,-0.0017166
2.545833,23,0.626256116,0.399341,0.4230289,-0.0030398,-0.0034332
2.550000,23,0.627123104,0.402957,0.4230162,-0.0030541,-0.0034332
2.554167,23,0.627988792,0.406563,0.4230034,-0.0030613,-0.0017166
2.558333,23,0.628853189,0.410157,0.4229908,-0.0030255,0.0085831
2.562500,23,0.629716303,0.413741,0.4229779,-0.0030971,-0.0171661
2.566667,23,0.630578141,0.417315,0.4229652,-0.0030398,0.0137329
2.570833,23,0.631438711,0.420877,0.4229524,-0.0030828,-0.0102997
2.575000,23,0.632298020,0.424428,0.4229394,-0.0031185,-0.0085831
2.579167,23,0.633156077,0.427967,0.4229265,-0.0030971,0.0051498
2.583333,23,0.634012889,0.431495,0.4229135,-0.0031185,-0.0051498
2.587500,23,0.634868464,0.435011,0.4229006,-0.0030971,0.0051498
2.591667,23,0.635722809,0.438515,0.4228876,-0.0031185,-0.0051498
2.595833,23,0.636575932,0.442007,0.4228746,-0.0031185,0.0000000
2.600000,23,0.637427841,0.445488,0.4228616,-0.0031257,-0.0017166
2.604167,23,0.638278544,0.448956,0.4228483,-0.0031757,-0.0120163
2.608333,23,0.639128048,0.452411,0.4228352,-0.0031543,0.0051498
2.612500,23,0.639976361,0.455855,0.4228221,-0.0031471,0.0017166
2.616667,23,0.640823491,0.459285,0.4228089,-0.0031614,-0.0034332
2.620833,23,0.641669445,0.462703,0.4227957,-0.0031757,-0.0034332
2.625000,23,0.642514231,0.466108,0.4227825,-0.0031757,0.0000000
2.629167,23,0.643357856,0.469501,0.4227691,-0.0031972,-0.0051498
2.633333,23,0.644200329,0.472880,0.4227560,-0.0031614,0.0085831
2.637500,23,0.645041656,0.476246,0.4227426,-0.0032043,-0.0102997
2.641667,23,0.645881845,0.479599,0.4227293,-0.0031972,0.0017166
2.645833,23,0.646720905,0.482939,0.4227158,-0.0032330,-0.0085831
2.650000,23,0.647558842,0.486266,0.4227025,-0.0032043,0.0068665
2.654167,23,0.648395663,0.489579,0.4226890,-0.0032330,-0.0068665
2.658333,23,0.649231377,0.492878,0.4226755,-0.0032258,0.0017166
2.662500,23,0.650065991,0.496164,0.4226619,-0.0032687,-0.0102997
2.666667,23,0.650899513,0.499436,0.4226485,-0.0032258,0.0102997
2.670833,23,0.651731949,0.502695,0.4226348,-0.0032759,-0.0120163
2.675000,23,0.652563307,0.505940,0.4226213,-0.0032401,0.0085831
2.679167,23,0.653393594,0.509171,0.4226077,-0.0032759,-0.0085831
2.683333,23,0.654222819,0.512388,0.4225940,-0.0032759,0.0000000
2.687500,23,0.655050988,0.515591,0.4225804,-0.0032759,0.0000000
2.691667,23,0.655878108,0.518780,0.4225667,-0.0032902,-0.0034332
2.695833,23,0.656704187,0.521955,0.4225530,-0.0032902,0.0000000
2.700000,23,0.657529232,0.525115,0.4225391,-0.0033188,-0.0068665
2.704167,23,0.658353249,0.528262,0.4225255,-0.0032830,0.0085831
2.708333,23,0.659176248,0.531394,0.4225117,-0.0033116,-0.0068665
2.712500,23,0.659998234,0.534513,0.4224978,-0.0033188,-0.0017166
2.716667,23,0.660819214,0.537616,0.4224840,-0.0033188,0.0000000
2.720833,23,0.661639196,0.540706,0.4224701,-0.0033402,-0.0051498
2.725000,23,0.662458187,0.543781,0.4224562,-0.0033331,0.0017166
2.729167,23,0.663276194,0.546841,0.4224422,-0.0033545,-0.0051498
2.733333,23,0.664093224,0.549888,0.4224284,-0.0033259,0.0068665
2.737500,23,0.664909283,0.552919,0.4224144,-0.0033617,-0.0085831
2.741667,23,0.665724379,0.555937,0.4224005,-0.0033331,0.0068665
2.745833,23,0.666538518,0.558939,0.4223865,-0.0033617,-0.0068665
2.750000,23,0.667351708,0.561928,0.4223723,-0.0033903,-0.0068665
2.754167,23,0.668163955,0.564901,0.4223583,-0.0033617,0.0068665
2.758333,23,0.668975266,0.567860,0.4223443,-0.0033617,0.0000000
2.762500,23,0.669785648,0.570804,0.4223302,-0.0033975,-0.0085831
2.766667,23,0.670595108,0.573734,0.4223160,-0.0034118,-0.0034332
2.770833,23,0.671403651,0.576649,0.4223018,-0.0033975,0.0034332
2.775000,23,0.672211286,0.579550,0.4222876,-0.0034118,-0.0034332
2.779167,23,0.673018018,0.582436,0.4222735,-0.0033832,0.0068665
2.783333,23,0.673823854,0.585307,0.4222592,-0.0034189,-0.0085831
2.787500,23,0.674628801,0.588163,0.4222450,-0.0034189,0.0000000
2.791667,23,0.675432864,0.591005,0.4222308,-0.0034118,0.0017166
2.795833,23,0.676236052,0.593832,0.4222164,-0.0034547,-0.0102997
2.800000,23,0.677038370,0.596644,0.4222021,-0.0034261,0.0068665
2.804167,23,0.677839824,0.599442,0.4221879,-0.0034118,0.0034332
2.808333,23,0.678640421,0.602225,0.4221736,-0.0034404,-0.0068665
2.812500,23,0.679440167,0.604994,0.4221591,-0.0034690,-0.0068665
2.816667,23,0.680239068,0.607747,0.4221448,-0.0034404,0.0068665
2.820833,23,0.681037131,0.610486,0.4221303,-0.0034618,-0.0051498
2.825000,23,0.681834363,0.613211,0.4221160,-0.0034404,0.0051498
2.829167,23,0.682630768,0.615921,0.4221014,-0.0034976,-0.0137329
2.833333,23,0.683426354,0.618616,0.4220870,-0.0034690,0.0068665
2.837500,23,0.684221126,0.621296,0.4220726,-0.0034547,0.0034332
2.841667,23,0.685015091,0.623962,0.4220580,-0.0034976,-0.0102997
2.845833,23,0.685808254,0.626614,0.4220435,-0.0034761,0.0051498
2.850000,23,0.686600622,0.629250,0.4220290,-0.0034761,0.0000000
2.854167,23,0.687392201,0.631873,0.4220146,-0.0034618,0.0034332
2.858333,23,0.688182996,0.634480,0.4220001,-0.0034833,-0.0051498
2.862500,23,0.688973013,0.637073,0.4219855,-0.0035119,-0.0068665
2.866667,23,0.689762258,0.639652,0.4219708,-0.0035191,-0.0017166
2.870833,23,0.690550738,0.642216,0.4219562,-0.0035191,0.0000000
2.875000,23,0.691338457,0.644766,0.4219415,-0.0035119,0.0017166
2.879167,23,0.692125422,0.647301,0.4219270,-0.0034904,0.0051498
2.883333,23,0.692911639,0.649822,0.4219123,-0.0035262,-0.0085831
2.887500,23,0.693697112,0.652329,0.4218976,-0.0035119,0.0034332
2.891667,23,0.694481848,0.654821,0.4218828,-0.0035548,-0.0102997
2.895833,23,0.695265852,0.657299,0.4218683,-0.0034833,0.0171661
2.900000,23,0.696049130,0.659762,0.4218535,-0.0035477,-0.0154495
2.904167,23,0.696831688,0.662211,0.4218388,-0.0035405,0.0017166
2.908333,23,0.697613530,0.664646,0.4218240,-0.0035405,0.0000000
2.912500,23,0.698394663,0.667067,0.4218093,-0.0035477,-0.0017166
2.916667,23,0.699175091,0.669474,0.4217945,-0.0035405,0.0017166
2.920833,23,0.699954821,0.671867,0.4217797,-0.0035620,-0.0051498
2.925000,23,0.700733857,0.674245,0.4217649,-0.0035477,0.0034332
2.929167,23,0.701512205,0.676610,0.4217501,-0.0035405,0.0017166
2.933333,23,0.702289870,0.678960,0.4217352,-0.0035763,-0.0085831
2.937500,23,0.703066857,0.681296,0.4217204,-0.0035620,0.0034332
2.941667,23,0.703843172,0.683619,0.4217056,-0.0035548,0.0017166
2.945833,23,0.704618820,0.685927,0.4216906,-0.0035906,-0.0085831
2.950000,23,0.705393806,0.688222,0.4216757,-0.0035763,0.0034332
2.954167,23,0.706168135,0.690503,0.4216608,-0.0035763,0.0000000
2.958333,23,0.706941811,0.692770,0.4216460,-0.0035620,0.0034332
2.962500,23,0.707714841,0.695023,0.4216311,-0.0035763,-0.0034332
2.966667,23,0.708487229,0.697263,0.4216162,-0.0035763,0.0000000
2.970833,23,0.709258981,0.699488,0.4216012,-0.0035906,-0.0034332
2.975000,23,0.710030100,0.701701,0.4215863,-0.0035763,0.0034332
2.979167,23,0.710800592,0.703899,0.4215714,-0.0035834,-0.0017166
2.983333,23,0.711570462,0.706085,0.4215564,-0.0035977,-0.0034332
2.987500,23,0.712339715,0.708256,0.4215415,-0.0035763,0.0051498
2.991667,23,0.713108355,0.710414,0.4215265,-0.0035906,-0.0034332
2.995833,23,0.713876387,0.712559,0.4215114,-0.0036192,-0.0068665
3.000000,23,0.714643817,0.714691,0.4214965,-0.0035906,0.0068665
3.004167,23,0.715410648,0.716809,0.4214815,-0.0035834,0.0017166
3.008333,23,0.716176886,0.718914,0.4214664,-0.0036263,-0.0102997
3.012500,23,0.716942534,0.721005,0.4214514,-0.0035977,0.0068665
3.016667,23,0.717707598,0.723084,0.4214364,-0.0036120,-0.0034332
3.020833,23,0.718472082,0.725149,0.4214213,-0.0036263,-0.0034332
3.025000,23,0.719235991,0.727201,0.4214063,-0.0035906,0.0085831
3.029167,23,0.719999330,0.729241,0.4213912,-0.0036335,-0.0102997
3.033333,23,0.720762101,0.731267,0.4213761,-0.0036192,0.0034332
3.037500,23,0.721524311,0.733280,0.4213610,-0.0036335,-0.0034332
3.041667,23,0.722285964,0.735281,0.4213458,-0.0036335,0.0000000
3.045833,23,0.723047063,0.737268,0.4213308,-0.0035977,0.0085831
3.050000,23,0.723807614,0.739243,0.4213158,-0.0036192,-0.0051498
3.054167,23,0.724567621,0.741205,0.4213007,-0.0036192,0.0000000
3.058333,23,0.725327087,0.743155,0.4212855,-0.0036335,-0.0034332
3.062500,23,0.726086017,0.745092,0.4212705,-0.0036120,0.0051498
3.066667,23,0.726844416,0.747016,0.4212553,-0.0036550,-0.0102997
3.070833,23,0.727602287,0.748928,0.4212402,-0.0036263,0.0068665
3.075000,23,0.728359635,0.750827,0.4212250,-0.0036478,-0.0051498
3.079167,23,0.729116464,0.752714,0.4212098,-0.0036335,0.0034332
3.083333,23,0.729872778,0.754589,0.4211947,-0.0036192,0.0034332
3.087500,23,0.730628581,0.756451,0.4211797,-0.0036120,0.0017166
3.091667,23,0.731383876,0.758301,0.4211645,-0.0036407,-0.0068665
3.095833,23,0.732138669,0.760139,0.4211493,-0.0036550,-0.0034332
3.100000,23,0.732892963,0.761965,0.4211341,-0.0036407,0.0034332
3.104167,23,0.733646762,0.763778,0.4211189,-0.0036478,-0.0017166
3.108333,23,0.734400070,0.765580,0.4211037,-0.0036407,0.0017166
3.112500,23,0.735152891,0.767370,0.4210885,-0.0036550,-0.0034332
3.116667,23,0.735905229,0.769147,0.4210735,-0.0036120,0.0102997
3.120833,23,0.736657087,0.770913,0.4210582,-0.0036550,-0.0102997
3.125000,23,0.737408469,0.772667,0.4210431,-0.0036263,0.0068665
3.129167,23,0.738159380,0.774410,0.4210279,-0.0036478,-0.0051498
3.133333,23,0.738909822,0.776140,0.4210128,-0.0036407,0.0017166
3.137500,23,0.739659800,0.777859,0.4209975,-0.0036550,-0.0034332
3.141667,23,0.740409318,0.779566,0.4209823,-0.0036550,0.0000000
3.145833,23,0.741158378,0.781262,0.4209671,-0.0036407,0.0034332
3.150000,23,0.741906985,0.782946,0.4209519,-0.0036550,-0.0034332
3.154167,23,0.742655143,0.784619,0.4209368,-0.0036335,0.0051498
3.158333,23,0.743402854,0.786281,0.4209216,-0.0036335,0.0000000
3.162500,23,0.744150123,0.787931,0.4209064,-0.0036621,-0.0068665
3.166667,23,0.744896952,0.789570,0.4208911,-0.0036550,0.0017166
3.170833,23,0.745643346,0.791198,0.4208760,-0.0036335,0.0051498
3.175000,23,0.746389308,0.792815,0.4208608,-0.0036550,-0.0051498
3.179167,23,0.747134842,0.794420,0.4208456,-0.0036335,0.0051498
3.183333,23,0.747879950,0.796015,0.4208304,-0.0036621,-0.0068665
3.187500,23,0.748624636,0.797598,0.4208151,-0.0036550,0.0017166
3.191667,23,0.749368904,0.799171,0.4207999,-0.0036550,0.0000000
3.195833,23,0.750112757,0.800733,0.4207847,-0.0036478,0.0017166
3.200000,23,0.750856199,0.802284,0.4207695,-0.0036407,0.0017166
3.204167,23,0.751599232,0.803824,0.4207544,-0.0036335,0.0017166
3.208333,23,0.752341859,0.805353,0.4207391,-0.0036621,-0.0068665
3.212500,23,0.753084085,0.806872,0.4207239,-0.0036478,0.0034332
3.216667,23,0.753825913,0.808381,0.4207087,-0.0036550,-0.0017166
3.220833,23,0.754567344,0.809878,0.4206935,-0.0036621,-0.0017166
3.225000,23,0.755308384,0.811366,0.4206783,-0.0036478,0.0034332
3.229167,23,0.756049035,0.812843,0.4206631,-0.0036407,0.0017166
3.233333,23,0.756789299,0.814309,0.4206479,-0.0036407,0.0000000
3.237500,23,0.757529181,0.815765,0.4206327,-0.0036478,-0.0017166
3.241667,23,0.758268683,0.817211,0.4206176,-0.0036407,0.0017166
3.245833,23,0.759007808,0.818647,0.4206024,-0.0036335,0.0017166
3.250000,23,0.759746560,0.820073,0.4205872,-0.0036407,-0.0017166
3.254167,23,0.760484941,0.821489,0.4205720,-0.0036550,-0.0034332
3.258333,23,0.761222954,0.822894,0.4205568,-0.0036478,0.0017166
3.262500,23,0.761960603,0.824290,0.4205417,-0.0036192,0.0068665
3.266667,23,0.762697890,0.825676,0.4205265,-0.0036550,-0.0085831
3.270833,23,0.763434818,0.827051,0.4205113,-0.0036407,0.0034332
3.275000,23,0.764171390,0.828417,0.4204963,-0.0036192,0.0051498
3.279167,23,0.764907609,0.829774,0.4204811,-0.0036478,-0.0068665
3.283333,23,0.765643478,0.831120,0.4204659,-0.0036335,0.0034332
3.287500,23,0.766378999,0.832457,0.4204507,-0.0036478,-0.0034332
3.291667,23,0.767114176,0.833785,0.4204356,-0.0036263,0.0051498
3.295833,23,0.767849012,0.835103,0.4204204,-0.0036550,-0.0068665
3.300000,23,0.768583508,0.836411,0.4204054,-0.0036049,0.0120163
3.304167,23,0.769317668,0.837710,0.4203902,-0.0036335,-0.0068665
3.308333,23,0.770051494,0.839000,0.4203751,-0.0036192,0.0034332
3.312500,23,0.770784990,0.840280,0.4203599,-0.0036478,-0.0068665
3.316667,23,0.771518158,0.841551,0.4203449,-0.0036049,0.0102997
3.320833,23,0.772251000,0.842813,0.4203298,-0.0036263,-0.0051498
3.325000,23,0.772983519,0.844066,0.4203146,-0.0036407,-0.0034332
3.329167,23,0.773715718,0.845310,0.4202995,-0.0036335,0.0017166
3.333333,23,0.774447600,0.846545,0.4202845,-0.0035977,0.0085831
3.337500,23,0.775179167,0.847770,0.4202695,-0.0035977,0.0000000
3.341667,23,0.775910421,0.848987,0.4202543,-0.0036478,-0.0120163
3.345833,23,0.776641365,0.850195,0.4202393,-0.0035977,0.0120163
3.350000,23,0.777372002,0.851394,0.4202242,-0.0036192,-0.0051498
3.354167,23,0.778102334,0.852584,0.4202093,-0.0035977,0.0051498
3.358333,23,0.778832363,0.853766,0.4201942,-0.0036120,-0.0034332
3.362500,23,0.779562093,0.854939,0.4201791,-0.0036192,-0.0017166
3.366667,23,0.780291525,0.856103,0.4201641,-0.0035977,0.0051498
3.370833,23,0.781020662,0.857259,0.4201491,-0.0036120,-0.0034332
3.375000,23,0.781749506,0.858406,0.4201342,-0.0035834,0.0068665
3.379167,23,0.782478061,0.859545,0.4201192,-0.0035906,-0.0017166
3.383333,23,0.783206327,0.860675,0.4201041,-0.0036120,-0.0051498
3.387500,23,0.783934308,0.861798,0.4200891,-0.0036049,0.0017166
3.391667,23,0.784662005,0.862911,0.4200741,-0.0035977,0.0017166
3.395833,23,0.785389422,0.864017,0.4200592,-0.0035763,0.0051498
3.400000,23,0.786116560,0.865114,0.4200441,-0.0036263,-0.0120163
3.404167,23,0.786843422,0.866203,0.4200292,-0.0035763,0.0120163
3.408333,23,0.787570009,0.867284,0.4200144,-0.0035620,0.0034332
3.412500,23,0.788296325,0.868358,0.4199994,-0.0035977,-0.0085831
3.416667,23,0.789022371,0.869423,0.4199846,-0.0035548,0.0102997
3.420833,23,0.789748150,0.870480,0.4199697,-0.0035763,-0.0051498
3.425000,23,0.790473664,0.871529,0.4199547,-0.0035906,-0.0034332
3.429167,23,0.791198914,0.872570,0.4199400,-0.0035405,0.0120163
3.433333,23,0.791923904,0.873604,0.4199251,-0.0035763,-0.0085831
3.437500,23,0.792648635,0.874630,0.4199102,-0.0035620,0.0034332
3.441667,23,0.793373110,0.875648,0.4198954,-0.0035691,-0.0017166
3.445833,23,0.794097329,0.876659,0.4198804,-0.0035763,-0.0017166
3.450000,23,0.794821297,0.877662,0.4198656,-0.0035548,0.0051498
3.454167,23,0.795545014,0.878657,0.4198509,-0.0035405,0.0034332
3.458333,23,0.796268483,0.879645,0.4198361,-0.0035548,-0.0034332
3.462500,23,0.796991706,0.880626,0.4198212,-0.0035620,-0.0017166
3.466667,23,0.797714684,0.881599,0.4198064,-0.0035548,0.0017166
3.470833,23,0.798437420,0.882564,0.4197917,-0.0035334,0.0051498
3.475000,23,0.799159916,0.883523,0.4197769,-0.0035405,-0.0017166
3.479167,23,0.799882174,0.884474,0.4197622,-0.0035477,-0.0017166
3.483333,23,0.800604195,0.885418,0.4197476,-0.0034976,0.0120163
3.487500,23,0.801325982,0.886355,0.4197328,-0.0035405,-0.0102997
3.491667,23,0.802047537,0.887284,0.4197182,-0.0035191,0.0051498
3.495833,23,0.802768861,0.888207,0.4197035,-0.0035119,0.0017166
3.500000,23,0.803489957,0.889123,0.4196888,-0.0035334,-0.0051498
3.504167,23,0.804210825,0.890031,0.4196742,-0.0035191,0.0034332
3.508333,23,0.804931469,0.890933,0.4196596,-0.0035048,0.0034332
3.512500,23,0.805651890,0.891828,0.4196449,-0.0035119,-0.0017166
3.516667,23,0.806372090,0.892716,0.4196304,-0.0034904,0.0051498
3.520833,23,0.807092071,0.893597,0.4196157,-0.0035191,-0.0068665
3.525000,23,0.807811834,0.894471,0.4196012,-0.0034761,0.0102997
3.529167,23,0.808531381,0.895339,0.4195867,-0.0034976,-0.0051498
3.533333,23,0.809250714,0.896200,0.4195721,-0.0035048,-0.0017166
3.537500,23,0.809969836,0.897055,0.4195575,-0.0034976,0.0017166
3.541667,23,0.810688746,0.897903,0.4195431,-0.0034547,0.0102997
3.545833,23,0.811407448,0.898744,0.4195285,-0.0035119,-0.0137329
3.550000,23,0.812125944,0.899579,0.4195140,-0.0034618,0.0120163
3.554167,23,0.812844233,0.900408,0.4194995,-0.0034761,-0.0034332
3.558333,23,0.813562320,0.901230,0.4194851,-0.0034761,0.0000000
3.562500,23,0.814280204,0.902046,0.4194707,-0.0034404,0.0085831
3.566667,23,0.814997889,0.902855,0.4194562,-0.0034761,-0.0085831
3.570833,23,0.815715374,0.903658,0.4194418,-0.0034547,0.0051498
3.575000,23,0.816432663,0.904455,0.4194275,-0.0034332,0.0051498
3.579167,23,0.817149757,0.905246,0.4194132,-0.0034404,-0.0017166
3.583333,23,0.817866657,0.906031,0.4193988,-0.0034618,-0.0051498
3.587500,23,0.818583365,0.906809,0.4193845,-0.0034261,0.0085831
3.591667,23,0.819299882,0.907582,0.4193701,-0.0034475,-0.0051498
3.595833,23,0.820016211,0.908349,0.4193559,-0.0034118,0.0085831
3.600000,23,0.820732352,0.909109,0.4193416,-0.0034332,-0.0051498
3.604167,23,0.821448308,0.909864,0.4193274,-0.0034189,0.0034332
3.608333,23,0.822164079,0.910613,0.4193132,-0.0033975,0.0051498
3.612500,23,0.822879668,0.911356,0.4192989,-0.0034261,-0.0068665
3.616667,23,0.823595076,0.912093,0.4192848,-0.0033975,0.0068665
3.620833,23,0.824310304,0.912824,0.4192707,-0.0033903,0.0017166
3.625000,23,0.825025354,0.913550,0.4192565,-0.0033975,-0.0017166
3.629167,23,0.825740227,0.914270,0.4192424,-0.0033760,0.0051498
3.633333,23,0.826454925,0.914984,0.4192283,-0.0033975,-0.0051498
3.637500,23,0.827169449,0.915693,0.4192142,-0.0033832,0.0034332
3.641667,23,0.827883801,0.916396,0.4192001,-0.0033903,-0.0017166
3.645833,23,0.828597982,0.917094,0.4191861,-0.0033617,0.0068665
3.650000,23,0.829311994,0.917786,0.4191720,-0.0033760,-0.0034332
3.654167,23,0.830025838,0.918473,0.4191580,-0.0033617,0.0034332
3.658333,23,0.830739515,0.919154,0.4191441,-0.0033402,0.0051498
3.662500,23,0.831453027,0.919830,0.4191301,-0.0033545,-0.0034332
3.666667,23,0.832166375,0.920501,0.4191162,-0.0033331,0.0051498
3.670833,23,0.832879560,0.921166,0.4191023,-0.0033402,-0.0017166
3.675000,23,0.833592585,0.921826,0.4190885,-0.0033188,0.0051498
3.679167,23,0.834305449,0.922481,0.4190745,-0.0033402,-0.0051498
3.683333,23,0.835018156,0.923131,0.4190607,-0.0033116,0.0068665
3.687500,23,0.835730705,0.923775,0.4190468,-0.0033474,-0.0085831
3.691667,23,0.836443098,0.924415,0.4190330,-0.0033116,0.0085831
3.695833,23,0.837155337,0.925049,0.4190193,-0.0032973,0.0034332
3.700000,23,0.837867422,0.925679,0.4190056,-0.0032830,0.0034332
3.704167,23,0.838579356,0.926303,0.4189919,-0.0032830,0.0000000
3.708333,23,0.839291139,0.926922,0.4189782,-0.0032759,0.0017166
3.712500,23,0.840002772,0.927537,0.4189644,-0.0033331,-0.0137329
3.716667,23,0.840714258,0.928146,0.4189508,-0.0032544,0.0188828
3.720833,23,0.841425596,0.928751,0.4189372,-0.0032687,-0.0034332
3.725000,23,0.842136789,0.929351,0.4189236,-0.0032544,0.0034332
3.729167,23,0.842847838,0.929946,0.4189101,-0.0032544,0.0000000
3.733333,23,0.843558743,0.930537,0.4188966,-0.0032401,0.0034332
3.737500,23,0.844269506,0.931122,0.4188830,-0.0032544,-0.0034332
3.741667,23,0.844980128,0.931703,0.4188696,-0.0032187,0.0085831
3.745833,23,0.845690611,0.932280,0.4188561,-0.0032473,-0.0068665
3.750000,23,0.846400955,0.932851,0.4188427,-0.0031972,0.0120163
3.754167,23,0.847111161,0.933419,0.4188293,-0.0032330,-0.0085831
3.758333,23,0.847821232,0.933981,0.4188160,-0.0031829,0.0120163
3.762500,23,0.848531167,0.934539,0.4188026,-0.0032187,-0.0085831
3.766667,23,0.849240969,0.935093,0.4187893,-0.0031972,0.0051498
3.770833,23,0.849950638,0.935642,0.4187759,-0.0032187,-0.0051498
3.775000,23,0.850660175,0.936187,0.4187627,-0.0031543,0.0154495
3.779167,23,0.851369581,0.936727,0.4187495,-0.0031829,-0.0068665
3.783333,23,0.852078858,0.937263,0.4187362,-0.0031829,0.0000000
3.787500,23,0.852788007,0.937795,0.4187230,-0.0031543,0.0068665
3.791667,23,0.853497029,0.938322,0.4187099,-0.0031471,0.0017166
3.795833,23,0.854205924,0.938846,0.4186967,-0.0031757,-0.0068665
3.800000,23,0.854914694,0.939365,0.4186837,-0.0031114,0.0154495
3.804167,23,0.855623340,0.939879,0.4186707,-0.0031257,-0.0034332
3.808333,23,0.856331862,0.940390,0.4186576,-0.0031543,-0.0068665
3.812500,23,0.857040263,0.940897,0.4186446,-0.0031042,0.0120163
3.816667,23,0.857748543,0.941399,0.4186316,-0.0031185,-0.0034332
3.820833,23,0.858456703,0.941897,0.4186186,-0.0031185,0.0000000
3.825000,23,0.859164744,0.942392,0.4186058,-0.0030828,0.0085831
3.829167,23,0.859872667,0.942882,0.4185929,-0.0030971,-0.0034332
3.833333,23,0.860580473,0.943368,0.4185801,-0.0030828,0.0034332
3.837500,23,0.861288163,0.943851,0.4185672,-0.0030828,0.0000000
3.841667,23,0.861995738,0.944329,0.4185544,-0.0030756,0.0017166
3.845833,23,0.862703198,0.944804,0.4185417,-0.0030541,0.0051498
3.850000,23,0.863410546,0.945274,0.4185290,-0.0030398,0.0034332
3.854167,23,0.864117782,0.945741,0.4185163,-0.0030398,0.0000000
3.858333,23,0.864824907,0.946204,0.4185036,-0.0030470,-0.0017166
3.862500,23,0.865531921,0.946664,0.4184911,-0.0030184,0.0068665
3.866667,23,0.866238826,0.947119,0.4184785,-0.0030112,0.0017166
3.870833,23,0.866945623,0.947571,0.4184660,-0.0030112,0.0000000
3.875000,23,0.867652312,0.948019,0.4184535,-0.0029898,0.0051498
3.879167,23,0.868358895,0.948464,0.4184411,-0.0029898,0.0000000
3.883333,23,0.869065372,0.948905,0.4184286,-0.0029969,-0.0017166
3.887500,23,0.869771744,0.949342,0.4184161,-0.0030041,-0.0017166
3.891667,23,0.870478013,0.949776,0.4184037,-0.0029540,0.0120163
3.895833,23,0.871184178,0.950206,0.4183913,-0.0029826,-0.0068665
3.900000,23,0.871890242,0.950632,0.4183792,-0.0029182,0.0154495
3.904167,23,0.872596204,0.951055,0.4183669,-0.0029397,-0.0051498
3.908333,23,0.873302066,0.951475,0.4183546,-0.0029469,-0.0017166
3.912500,23,0.874007828,0.951891,0.4183425,-0.0029111,0.0085831
3.916667,23,0.874713491,0.952304,0.4183303,-0.0029254,-0.0034332
3.920833,23,0.875419057,0.952714,0.4183182,-0.0028968,0.0068665
3.925000,23,0.876124526,0.953120,0.4183062,-0.0028896,0.0017166
3.929167,23,0.876829898,0.953522,0.4182942,-0.0028825,0.0017166
3.933333,23,0.877535175,0.953922,0.4182821,-0.0029111,-0.0068665
3.937500,23,0.878240358,0.954318,0.4182701,-0.0028610,0.0120163
3.941667,23,0.878945447,0.954711,0.4182583,-0.0028396,0.0051498
3.945833,23,0.879650443,0.955100,0.4182464,-0.0028610,-0.0051498
3.950000,23,0.880355346,0.955487,0.4182345,-0.0028467,0.0034332
3.954167,23,0.881060159,0.955870,0.4182228,-0.0028181,0.0068665
3.958333,23,0.881764880,0.956250,0.4182110,-0.0028253,-0.0017166
3.962500,23,0.882469512,0.956627,0.4181993,-0.0028038,0.0051498
3.966667,23,0.883174055,0.957001,0.4181876,-0.0028038,0.0000000
3.970833,23,0.883878509,0.957371,0.4181760,-0.0027895,0.0034332
3.975000,23,0.884582876,0.957739,0.4181644,-0.0027895,0.0000000
3.979167,23,0.885287156,0.958104,0.4181528,-0.0027823,0.0017166
3.983333,23,0.885991350,0.958465,0.4181413,-0.0027609,0.0051498
3.987500,23,0.886695459,0.958824,0.4181298,-0.0027537,0.0017166
3.991667,23,0.887399483,0.959179,0.4181185,-0.0027251,0.0068665
3.995833,23,0.888103423,0.959532,0.4181071,-0.0027394,-0.0034332
4.000000,23,0.888807280,0.959882,0.4180958,-0.0027037,0.0085831
4.004167,23,0.889511055,0.960229,0.4180845,-0.0027108,-0.0017166
4.008333,23,0.890214747,0.960573,0.4180731,-0.0027323,-0.0051498
4.012500,23,0.890918359,0.960914,0.4180619,-0.0026894,0.0102997
4.016667,23,0.891621890,0.961252,0.4180509,-0.0026393,0.0120163
4.020833,23,0.892325342,0.961587,0.4180397,-0.0026822,-0.0102997
4.025000,23,0.893028715,0.961920,0.4180287,-0.0026608,0.0051498
4.029167,23,0.893732009,0.962250,0.4180176,-0.0026464,0.0034332
4.033333,23,0.894435226,0.962577,0.4180066,-0.0026393,0.0017166
4.037500,23,0.895138365,0.962902,0.4179957,-0.0026178,0.0051498
4.041667,23,0.895841428,0.963223,0.4179848,-0.0026250,-0.0017166
4.045833,23,0.896544416,0.963542,0.4179740,-0.0025892,0.0085831
4.050000,23,0.897247329,0.963859,0.4179631,-0.0026035,-0.0034332
4.054167,23,0.897950167,0.964172,0.4179525,-0.0025606,0.0102997
4.058333,23,0.898652931,0.964483,0.4179417,-0.0025821,-0.0051498
4.062500,23,0.899355622,0.964792,0.4179311,-0.0025392,0.0102997
4.066667,23,0.900058241,0.965098,0.4179205,-0.0025535,-0.0034332
4.070833,23,0.900760788,0.965401,0.4179099,-0.0025392,0.0034332
4.075000,23,0.901463264,0.965702,0.4178994,-0.0025249,0.0034332
4.079167,23,0.902165669,0.966000,0.4178889,-0.0025177,0.0017166
4.083333,23,0.902868004,0.966296,0.4178785,-0.0024891,0.0068665
4.087500,23,0.903570269,0.966590,0.4178681,-0.0025034,-0.0034332
4.091667,23,0.904272466,0.966880,0.4178579,-0.0024462,0.0137329
4.095833,23,0.904974594,0.967169,0.4178477,-0.0024605,-0.0034332
4.100000,23,0.905676655,0.967455,0.4178375,-0.0024462,0.0034332
4.104167,23,0.906378649,0.967738,0.4178272,-0.0024533,-0.0017166
4.108333,23,0.907080576,0.968020,0.4178171,-0.0024462,0.0017166
4.112500,23,0.907782437,0.968298,0.4178071,-0.0023890,0.0137329
4.116667,23,0.908484233,0.968575,0.4177971,-0.0024033,-0.0034332
4.120833,23,0.909185964,0.968849,0.4177872,-0.0023818,0.0051498
4.125000,23,0.909887630,0.969121,0.4177772,-0.0023890,-0.0017166
4.129167,23,0.910589233,0.969391,0.4177674,-0.0023460,0.0102997
4.133333,23,0.911290773,0.969658,0.4177575,-0.0023746,-0.0068665
4.137500,23,0.911992251,0.969923,0.4177479,-0.0023103,0.0154495
4.141667,23,0.912693666,0.970186,0.4177382,-0.0023246,-0.0034332
4.145833,23,0.913395019,0.970446,0.4177286,-0.0023174,0.0017166
4.150000,23,0.914096312,0.970705,0.4177190,-0.0022960,0.0051498
4.154167,23,0.914797544,0.970961,0.4177094,-0.0022960,0.0000000
4.158333,23,0.915498716,0.971215,0.4177001,-0.0022459,0.0120163
4.162500,23,0.916199829,0.971467,0.4176906,-0.0022817,-0.0085831
4.166667,23,0.916900883,0.971717,0.4176813,-0.0022316,0.0120163
4.170833,23,0.917601878,0.971964,0.4176721,-0.0022101,0.0051498
4.175000,23,0.918302816,0.972210,0.4176627,-0.0022388,-0.0068665
4.179167,23,0.919003696,0.972453,0.4176537,-0.0021815,0.0137329
4.183333,23,0.919704519,0.972695,0.4176445,-0.0021958,-0.0034332
4.187500,23,0.920405286,0.972934,0.4176354,-0.0021958,0.0000000
4.191667,23,0.921105997,0.973172,0.4176264,-0.0021458,0.0120163
4.195833,23,0.921806652,0.973407,0.4176175,-0.0021458,0.0000000
4.200000,23,0.922507253,0.973640,0.4176086,-0.0021243,0.0051498
4.204167,23,0.923207798,0.973872,0.4175998,-0.0021100,0.0034332
4.208333,23,0.923908290,0.974101,0.4175911,-0.0020885,0.0051498
4.212500,23,0.924608728,0.974329,0.4175823,-0.0021100,-0.0051498
4.216667,23,0.925309114,0.974554,0.4175738,-0.0020456,0.0154495
4.220833,23,0.926009446,0.974778,0.4175650,-0.0021029,-0.0137329
4.225000,23,0.926709726,0.974999,0.4175566,-0.0020242,0.0188828
4.229167,23,0.927409955,0.975219,0.4175481,-0.0020313,-0.0017166
4.233333,23,0.928110132,0.975437,0.4175397,-0.0020170,0.0034332
4.237500,23,0.928810259,0.975653,0.4175315,-0.0019884,0.0068665
4.241667,23,0.929510335,0.975867,0.4175231,-0.0019956,-0.0017166
4.245833,23,0.930210361,0.976080,0.4175150,-0.0019598,0.0085831
4.250000,23,0.930910338,0.976290,0.4175069,-0.0019455,0.0034332
4.254167,23,0.931610265,0.976499,0.4174987,-0.0019526,-0.0017166
4.258333,23,0.932310144,0.976706,0.4174907,-0.0019312,0.0051498
4.262500,23,0.933009974,0.976911,0.4174827,-0.0019169,0.0034332
4.266667,23,0.933709757,0.977115,0.4174749,-0.0018740,0.0102997
4.270833,23,0.934409492,0.977317,0.4174671,-0.0018811,-0.0017166
4.275000,23,0.935109181,0.977517,0.4174593,-0.0018668,0.0034332
4.279167,23,0.935808822,0.977715,0.4174516,-0.0018525,0.0034332
4.283333,23,0.936508418,0.977912,0.4174440,-0.0018239,0.0068665
4.287500,23,0.937207967,0.978107,0.4174364,-0.0018168,0.0017166
4.291667,23,0.937907472,0.978300,0.4174289,-0.0018024,0.0034332
4.295833,23,0.938606931,0.978492,0.4174214,-0.0017953,0.0017166
4.300000,23,0.939306345,0.978682,0.4174142,-0.0017381,0.0137329
4.304167,23,0.940005716,0.978870,0.4174068,-0.0017595,-0.0051498
4.308333,23,0.940705042,0.979057,0.4173996,-0.0017452,0.0034332
4.312500,23,0.941404325,0.979242,0.4173924,-0.0017238,0.0051498
4.316667,23,0.942103565,0.979425,0.4173854,-0.0016737,0.0120163
4.320833,23,0.942802763,0.979607,0.4173782,-0.0017238,-0.0120163
4.325000,23,0.943501918,0.979788,0.4173713,-0.0016522,0.0171661
4.329167,23,0.944201031,0.979967,0.4173645,-0.0016308,0.0051498
4.333333,23,0.944900102,0.980144,0.4173578,-0.0016236,0.0017166
4.337500,23,0.945599132,0.980320,0.4173511,-0.0015950,0.0068665
4.341667,23,0.946298122,0.980494,0.4173443,-0.0016308,-0.0085831
4.345833,23,0.946997070,0.980667,0.4173377,-0.0015879,0.0102997
4.350000,23,0.947695979,0.980838,0.4173311,-0.0015807,0.0017166
4.354167,23,0.948394848,0.981008,0.4173247,-0.0015521,0.0068665
4.358333,23,0.949093677,0.981176,0.4173183,-0.0015163,0.0085831
4.362500,23,0.949792467,0.981343,0.4173121,-0.0015092,0.0017166
4.366667,23,0.950491219,0.981509,0.4173059,-0.0014734,0.0085831
4.370833,23,0.951189932,0.981673,0.4172997,-0.0014806,-0.0017166
4.375000,23,0.951888607,0.981836,0.4172937,-0.0014520,0.0068665
4.379167,23,0.952587244,0.981997,0.4172877,-0.0014305,0.0051498
4.383333,23,0.953285843,0.982157,0.4172819,-0.0014091,0.0051498
4.387500,23,0.953984406,0.982315,0.4172759,-0.0014305,-0.0051498
4.391667,23,0.954682931,0.982472,0.4172702,-0.0013733,0.0137329
4.395833,23,0.955381421,0.982628,0.4172644,-0.0013947,-0.0051498
4.400000,23,0.956079874,0.982782,0.4172588,-0.0013447,0.0120163
4.404167,23,0.956778291,0.982935,0.4172531,-0.0013518,-0.0017166
4.408333,23,0.957476673,0.983087,0.4172477,-0.0012946,0.0137329
4.412500,23,0.958175019,0.983238,0.4172423,-0.0012946,0.0000000
4.416667,23,0.958873331,0.983387,0.4172371,-0.0012660,0.0068665
4.420833,23,0.959571608,0.983535,0.4172318,-0.0012589,0.0017166
4.425000,23,0.960269850,0.983681,0.4172267,-0.0012231,0.0085831
4.429167,23,0.960968059,0.983826,0.4172216,-0.0012231,0.0000000
4.433333,23,0.961666234,0.983970,0.4172167,-0.0011873,0.0085831
4.437500,23,0.962364375,0.984113,0.4172117,-0.0012088,-0.0051498
4.441667,23,0.963062484,0.984255,0.4172069,-0.0011373,0.0171661
4.445833,23,0.963760559,0.984395,0.4172020,-0.0011730,-0.0085831
4.450000,23,0.964458603,0.984534,0.4171976,-0.0010729,0.0240326
4.454167,23,0.965156613,0.984672,0.4171928,-0.0011444,-0.0171661
4.458333,23,0.965854592,0.984809,0.4171884,-0.0010586,0.0205994
4.462500,23,0.966552539,0.984944,0.4171838,-0.0010872,-0.0068665
4.466667,23,0.967250455,0.985079,0.4171796,-0.0010228,0.0154495
4.470833,23,0.967948340,0.985212,0.4171754,-0.0010085,0.0034332
4.475000,23,0.968646194,0.985344,0.4171712,-0.0010085,0.0000000
4.479167,23,0.969344017,0.985475,0.4171671,-0.0009799,0.0068665
4.483333,23,0.970041810,0.985604,0.4171631,-0.0009513,0.0068665
4.487500,23,0.970739573,0.985733,0.4171591,-0.0009727,-0.0051498
4.491667,23,0.971437306,0.985860,0.4171553,-0.0009155,0.0137329
4.495833,23,0.972135009,0.985987,0.4171515,-0.0008941,0.0051498
4.500000,23,0.972832684,0.986112,0.4171480,-0.0008583,0.0085831
4.504167,23,0.973530329,0.986236,0.4171444,-0.0008655,-0.0017166
4.508333,23,0.974227945,0.986359,0.4171410,-0.0008154,0.0120163
4.512500,23,0.974925533,0.986481,0.4171375,-0.0008368,-0.0051498
4.516667,23,0.975623093,0.986602,0.4171342,-0.0007796,0.0137329
4.520833,23,0.976320625,0.986722,0.4171309,-0.0008082,-0.0068665
4.525000,23,0.977018129,0.986841,0.4171278,-0.0007367,0.0171661
4.529167,23,0.977715605,0.986959,0.4171246,-0.0007725,-0.0085831
4.533333,23,0.978413055,0.987075,0.4171218,-0.0006652,0.0257492
4.537500,23,0.979110477,0.987191,0.4171188,-0.0007296,-0.0154495
4.541667,23,0.979807872,0.987306,0.4171161,-0.0006294,0.0240326
4.545833,23,0.980505241,0.987420,0.4171133,-0.0006795,-0.0120163
4.550000,23,0.981202584,0.987532,0.4171107,-0.0006151,0.0154495
4.554167,23,0.981899900,0.987644,0.4171082,-0.0006151,0.0000000
4.558333,23,0.982597191,0.987755,0.4171058,-0.0005651,0.0120163
4.562500,23,0.983294456,0.987865,0.4171034,-0.0005937,-0.0068665
4.566667,23,0.983991695,0.987974,0.4171012,-0.0005078,0.0205994
4.570833,23,0.984688910,0.988082,0.4170990,-0.0005436,-0.0085831
4.575000,23,0.985386099,0.988189,0.4170969,-0.0004935,0.0120163
4.579167,23,0.986083264,0.988295,0.4170949,-0.0004935,0.0000000
4.583333,23,0.986780404,0.988400,0.4170932,-0.0004077,0.0205994
4.587500,23,0.987477520,0.988504,0.4170914,-0.0004292,-0.0051498
4.591667,23,0.988174612,0.988607,0.4170896,-0.0004148,0.0034332
4.595833,23,0.988871679,0.988709,0.4170880,-0.0003862,0.0068665
4.600000,23,0.989568724,0.988811,0.4170866,-0.0003505,0.0085831
4.604167,23,0.990265745,0.988911,0.4170851,-0.0003576,-0.0017166
4.608333,23,0.990962742,0.989011,0.4170839,-0.0002789,0.0188828
4.612500,23,0.991659717,0.989110,0.4170825,-0.0003362,-0.0137329
4.616667,23,0.992356668,0.989208,0.4170816,-0.0002289,0.0257492
4.620833,23,0.993053597,0.989305,0.4170804,-0.0002718,-0.0102997
4.625000,23,0.993750504,0.989401,0.4170796,-0.0002003,0.0171661
4.629167,23,0.994447388,0.989497,0.4170787,-0.0002146,-0.0034332
4.633333,23,0.995144251,0.989591,0.4170780,-0.0001788,0.0085831
4.637500,23,0.995841091,0.989685,0.4170772,-0.0001860,-0.0017166
4.641667,23,0.996537910,0.989778,0.4170766,-0.0001359,0.0120163
4.645833,23,0.997234708,0.989870,0.4170759,-0.0001717,-0.0085831
4.650000,23,0.997931484,0.989961,0.4170756,-0.0000715,0.0240326
4.654167,23,0.998628239,0.990051,0.4170753,-0.0000715,0.0000000
4.658333,23,0.999324973,0.990141,0.4170755,0.0000358,0.0257492
4.662500,23,1.000021686,0.990230,0.4170755,0.0000000,-0.0085831
4.666667,23,1.000718379,0.990318,0.4170754,-0.0000215,-0.0051498
4.670833,23,1.001415052,0.990405,0.4170754,0.0000072,0.0068665
4.675000,23,1.002111704,0.990492,0.4170757,0.0000715,0.0154495
4.679167,23,1.002808337,0.990578,0.4170760,0.0000644,-0.0017166
4.683333,23,1.003504950,0.990663,0.4170768,0.0001931,0.0308991
4.687500,23,1.004201543,0.990747,0.4170773,0.0001287,-0.0154495
4.691667,23,1.004898116,0.990830,0.4170781,0.0001931,0.0154495
4.695833,23,1.005594670,0.990913,0.4170788,0.0001574,-0.0085831
4.700000,23,1.006291206,0.990995,0.4170798,0.0002575,0.0240326
4.704167,23,1.006987722,0.991077,0.4170807,0.0002074,-0.0120163
4.708333,23,1.007684219,0.991157,0.4170819,0.0002789,0.0171661
4.712500,23,1.008380698,0.991237,0.4170829,0.0002503,-0.0068665
4.716667,23,1.009077159,0.991316,0.4170843,0.0003433,0.0223160
4.720833,23,1.009773601,0.991395,0.4170856,0.0002933,-0.0120163
4.725000,23,1.010470025,0.991473,0.4170870,0.0003576,0.0154495
4.729167,23,1.011166431,0.991550,0.4170886,0.0003648,0.0017166
4.733333,23,1.011862819,0.991626,0.4170903,0.0004148,0.0120163
4.737500,23,1.012559190,0.991702,0.4170920,0.0004148,0.0000000
4.741667,23,1.013255543,0.991777,0.4170940,0.0004721,0.0137329
4.745833,23,1.013951879,0.991851,0.4170959,0.0004649,-0.0017166
4.750000,23,1.014648198,0.991925,0.4170982,0.0005507,0.0205994
4.754167,23,1.015344499,0.991998,0.4171004,0.0005221,-0.0068665
4.758333,23,1.016040784,0.992071,0.4171027,0.0005579,0.0085831
4.762500,23,1.016737052,0.992143,0.4171050,0.0005507,-0.0017166
4.766667,23,1.017433304,0.992214,0.4171077,0.0006366,0.0205994
4.770833,23,1.018129539,0.992284,0.4171103,0.0006366,0.0000000
4.775000,23,1.018825758,0.992354,0.4171131,0.0006580,0.0051498
4.779167,23,1.019521960,0.992424,0.4171158,0.0006652,0.0017166
4.783333,23,1.020218147,0.992492,0.4171189,0.0007367,0.0171661
4.787500,23,1.020914318,0.992560,0.4171219,0.0007153,-0.0051498
4.791667,23,1.021610473,0.992628,0.4171251,0.0007796,0.0154495
4.795833,23,1.022306613,0.992695,0.4171284,0.0007725,-0.0017166
4.800000,23,1.023002737,0.992761,0.4171318,0.0008368,0.0154495
4.804167,23,1.023698846,0.992827,0.4171353,0.0008297,-0.0017166
4.808333,23,1.024394940,0.992892,0.4171390,0.0008798,0.0120163
4.812500,23,1.025091019,0.992956,0.4171427,0.0008869,0.0017166
4.816667,23,1.025787083,0.993020,0.4171466,0.0009441,0.0137329
4.820833,23,1.026483132,0.993083,0.4171505,0.0009441,0.0000000
4.825000,23,1.027179167,0.993146,0.4171546,0.0009799,0.0085831
4.829167,23,1.027875187,0.993209,0.4171588,0.0009942,0.0034332
4.833333,23,1.028571193,0.993270,0.4171631,0.0010371,0.0102997
4.837500,23,1.029267184,0.993331,0.4171673,0.0010228,-0.0034332
4.841667,23,1.029963162,0.993392,0.4171720,0.0011158,0.0223160
4.845833,23,1.030659126,0.993452,0.4171765,0.0010943,-0.0051498
4.850000,23,1.031355075,0.993512,0.4171814,0.0011730,0.0188828
4.854167,23,1.032051011,0.993571,0.4171861,0.0011301,-0.0102997
4.858333,23,1.032746934,0.993629,0.4171911,0.0011945,0.0154495
4.862500,23,1.033442842,0.993687,0.4171961,0.0011945,0.0000000
4.866667,23,1.034138738,0.993744,0.4172014,0.0012732,0.0188828
4.870833,23,1.034834620,0.993801,0.4172067,0.0012803,0.0017166
4.875000,23,1.035530490,0.993858,0.4172121,0.0012803,0.0000000
4.879167,23,1.036226346,0.993914,0.4172176,0.0013304,0.0120163
4.883333,23,1.036922189,0.993969,0.4172233,0.0013661,0.0085831
4.887500,23,1.037618020,0.994024,0.4172291,0.0013876,0.0051498
4.891667,23,1.038313838,0.994079,0.4172350,0.0014162,0.0068665
4.895833,23,1.039009643,0.994132,0.4172408,0.0013947,-0.0051498
4.900000,23,1.039705436,0.994186,0.4172471,0.0015020,0.0257492
4.904167,23,1.040401217,0.994239,0.4172532,0.0014734,-0.0068665
4.908333,23,1.041096985,0.994291,0.4172596,0.0015306,0.0137329
4.912500,23,1.041792741,0.994343,0.4172659,0.0015163,-0.0034332
4.916667,23,1.042488486,0.994395,0.4172726,0.0016022,0.0205994
4.920833,23,1.043184218,0.994446,0.4172792,0.0015950,-0.0017166
4.925000,23,1.043879939,0.994497,0.4172859,0.0016093,0.0034332
4.929167,23,1.044575648,0.994547,0.4172928,0.0016594,0.0120163
4.933333,23,1.045271345,0.994597,0.4172998,0.0016809,0.0051498
4.937500,23,1.045967032,0.994646,0.4173070,0.0017238,0.0102997
4.941667,23,1.046662706,0.994695,0.4173142,0.0017309,0.0017166
4.945833,23,1.047358370,0.994743,0.4173216,0.0017667,0.0085831
4.950000,23,1.048054022,0.994791,0.4173291,0.0018024,0.0085831
4.954167,23,1.048749663,0.994839,0.4173367,0.0018168,0.0034332
4.958333,23,1.049445294,0.994886,0.4173445,0.0018668,0.0120163
4.962500,23,1.050140913,0.994933,0.4173523,0.0018811,0.0034332
4.966667,23,1.050836522,0.994979,0.4173603,0.0019240,0.0102997
4.970833,23,1.051532120,0.995025,0.4173683,0.0019097,-0.0034332
4.975000,23,1.052227707,0.995070,0.4173765,0.0019741,0.0154495
4.979167,23,1.052923284,0.995115,0.4173847,0.0019813,0.0017166
4.983333,23,1.053618851,0.995160,0.4173932,0.0020242,0.0102997
4.987500,23,1.054314407,0.995204,0.4174016,0.0020313,0.0017166
4.991667,23,1.055009954,0.995248,0.4174104,0.0021029,0.0171661
4.995833,24,1.055705490,0.995292,0.4174192,0.0021029,0.0000000
5.000000,24,1.056401016,0.995335,0.4174281,0.0021529,0.0120163
5.004167,24,1.057096532,0.995377,0.4174371,0.0021458,-0.0017166
5.008333,24,1.057792038,0.995420,0.4174463,0.0022030,0.0137329
5.012500,24,1.058487535,0.995462,0.4174555,0.0022101,0.0017166
5.016667,24,1.059183022,0.995503,0.4174650,0.0022817,0.0171661
5.020833,24,1.059878499,0.995544,0.4174743,0.0022459,-0.0085831
5.025000,24,1.060573967,0.995585,0.4174840,0.0023246,0.0188828
5.029167,24,1.061269426,0.995626,0.4174935,0.0022817,-0.0102997
5.033333,24,1.061964875,0.995666,0.4175035,0.0023890,0.0257492
5.037500,24,1.062660315,0.995705,0.4175134,0.0023818,-0.0017166
5.041667,24,1.063355746,0.995745,0.4175235,0.0024247,0.0102997
5.045833,24,1.064051168,0.995784,0.4175336,0.0024247,0.0000000
5.050000,24,1.064746581,0.995822,0.4175439,0.0024819,0.0137329
5.054167,24,1.065441985,0.995861,0.4175544,0.0025034,0.0051498
5.058333,24,1.066137380,0.995898,0.4175650,0.0025392,0.0085831
5.062500,24,1.066832767,0.995936,0.4175757,0.0025678,0.0068665
5.066667,24,1.067528144,0.995973,0.4175865,0.0025964,0.0068665
5.070833,24,1.068223514,0.996010,0.4175973,0.0026035,0.0017166
5.075000,24,1.068918875,0.996047,0.4176084,0.0026679,0.0154495
5.079167,24,1.069614227,0.996083,0.4176195,0.0026536,-0.0034332
5.083333,24,1.070309571,0.996119,0.4176308,0.0027037,0.0120163
5.087500,24,1.071004907,0.996155,0.4176421,0.0027108,0.0017166
5.091667,24,1.071700234,0.996190,0.4176537,0.0027967,0.0205994
5.095833,24,1.072395554,0.996225,0.4176652,0.0027680,-0.0068665
5.100000,24,1.073090865,0.996260,0.4176770,0.0028110,0.0102997
5.104167,24,1.073786168,0.996294,0.4176888,0.0028324,0.0051498
5.108333,24,1.074481464,0.996328,0.4177009,0.0029182,0.0205994
5.112500,24,1.075176752,0.996362,0.4177129,0.0028825,-0.0085831
5.116667,24,1.075872031,0.996395,0.4177251,0.0029325,0.0120163
5.120833,24,1.076567304,0.996428,0.4177375,0.0029612,0.0068665
5.125000,24,1.077262568,0.996461,0.4177500,0.0029969,0.0085831
5.129167,24,1.077957825,0.996494,0.4177624,0.0029826,-0.0034332
5.133333,24,1.078653075,0.996526,0.4177752,0.0030613,0.0188828
5.137500,24,1.079348317,0.996558,0.4177880,0.0030828,0.0051498
5.141667,24,1.080043552,0.996590,0.4178009,0.0030971,0.0034332
5.145833,24,1.080738779,0.996621,0.4178139,0.0031185,0.0051498
5.150000,24,1.081434000,0.996652,0.4178270,0.0031543,0.0085831
5.154167,24,1.082129213,0.996683,0.4178402,0.0031686,0.0034332
5.158333,24,1.082824419,0.996713,0.4178537,0.0032401,0.0171661
5.162500,24,1.083519618,0.996744,0.4178672,0.0032187,-0.0051498
5.166667,24,1.084214810,0.996774,0.4178809,0.0032902,0.0171661
5.170833,24,1.084909996,0.996803,0.4178946,0.0032973,0.0017166
5.175000,24,1.085605174,0.996833,0.4179085,0.0033259,0.0068665
5.179167,24,1.086300346,0.996862,0.4179224,0.0033545,0.0068665
5.183333,24,1.086995511,0.996891,0.4179366,0.0033903,0.0085831
5.187500,24,1.087690669,0.996919,0.4179507,0.0034046,0.0034332
5.191667,24,1.088385821,0.996948,0.4179651,0.0034547,0.0120163
5.195833,24,1.089080966,0.996976,0.4179796,0.0034618,0.0017166
5.200000,24,1.089776105,0.997004,0.4179941,0.0034904,0.0068665
5.204167,24,1.090471237,0.997031,0.4180088,0.0035191,0.0068665
5.208333,24,1.091166363,0.997059,0.4180235,0.0035405,0.0051498
5.212500,24,1.091861483,0.997086,0.4180385,0.0035906,0.0120163
5.216667,24,1.092556596,0.997113,0.4180536,0.0036192,0.0068665
5.220833,24,1.093251703,0.997139,0.4180686,0.0036120,-0.0017166
5.225000,24,1.093946805,0.997166,0.4180840,0.0036836,0.0171661
5.229167,24,1.094641900,0.997192,0.4180993,0.0036836,0.0000000
5.233333,24,1.095336989,0.997218,0.4181148,0.0037265,0.0102997
5.237500,24,1.096032072,0.997244,0.4181304,0.0037336,0.0017166
5.241667,24,1.096727149,0.997269,0.4181461,0.0037766,0.0102997
5.245833,24,1.097422221,0.997294,0.4181620,0.0038052,0.0068665
5.250000,24,1.098117286,0.997319,0.4181780,0.0038409,0.0085831
5.254167,24,1.098812346,0.997344,0.4181941,0.0038552,0.0034332
5.258333,24,1.099507400,0.997368,0.4182103,0.0038910,0.0085831
5.262500,24,1.100202449,0.997393,0.4182265,0.0038981,0.0017166
5.266667,24,1.100897492,0.997417,0.4182430,0.0039482,0.0120163
5.270833,24,1.101592529,0.997441,0.4182595,0.0039625,0.0034332
5.275000,24,1.102287561,0.997464,0.4182761,0.0039911,0.0068665
5.279167,24,1.102982588,0.997488,0.4182928,0.0040126,0.0051498
5.283333,24,1.103677609,0.997511,0.4183098,0.0040698,0.0137329
5.287500,24,1.104372625,0.997534,0.4183266,0.0040483,-0.0051498
5.291667,24,1.105067635,0.997557,0.4183437,0.0040984,0.0120163
5.295833,24,1.105762640,0.997579,0.4183609,0.0041270,0.0068665
5.300000,24,1.106457641,0.997602,0.4183784,0.0041914,0.0154495
5.304167,24,1.107152635,0.997624,0.4183957,0.0041628,-0.0068665
5.308333,24,1.107847625,0.997646,0.4184132,0.0041914,0.0068665
5.312500,24,1.108542610,0.997668,0.4184308,0.0042343,0.0102997
5.316667,24,1.109237590,0.997689,0.4184486,0.0042701,0.0085831
5.320833,24,1.109932565,0.997711,0.4184666,0.0043058,0.0085831
5.325000,24,1.110627535,0.997732,0.4184845,0.0043130,0.0017166
5.329167,24,1.111322500,0.997753,0.4185027,0.0043488,0.0085831
5.333333,24,1.112017460,0.997774,0.4185208,0.0043559,0.0017166
5.337500,24,1.112712415,0.997794,0.4185391,0.0043845,0.0068665
5.341667,24,1.113407366,0.997815,0.4185576,0.0044346,0.0120163
5.345833,24,1.114102312,0.997835,0.4185760,0.0044346,0.0000000
5.350000,24,1.114797254,0.997855,0.4185946,0.0044632,0.0068665
5.354167,24,1.115492190,0.997875,0.4186134,0.0045133,0.0120163
5.358333,24,1.116187123,0.997895,0.4186323,0.0045276,0.0034332
5.362500,24,1.116882050,0.997914,0.4186513,0.0045562,0.0068665
5.366667,24,1.117576973,0.997933,0.4186703,0.0045705,0.0034332
5.370833,24,1.118271892,0.997952,0.4186895,0.0046062,0.0085831
5.375000,24,1.118966807,0.997971,0.4187088,0.0046206,0.0034332
5.379167,24,1.119661717,0.997990,0.4187281,0.0046492,0.0068665
5.383333,24,1.120356622,0.998009,0.4187477,0.0046921,0.0102997
5.387500,24,1.121051524,0.998027,0.4187672,0.0046778,-0.0034332
5.391667,24,1.121746421,0.998046,0.4187870,0.0047636,0.0205994
5.395833,24,1.122441314,0.998064,0.4188067,0.0047135,-0.0120163
5.400000,24,1.123136203,0.998082,0.4188267,0.0047994,0.0205994
5.404167,24,1.123831088,0.998099,0.4188467,0.0048065,0.0017166
5.408333,24,1.124525968,0.998117,0.4188668,0.0048280,0.0051498
5.412500,24,1.125220845,0.998135,0.4188869,0.0048280,0.0000000
5.416667,24,1.125915717,0.998152,0.4189073,0.0048780,0.0120163
5.420833,24,1.126610586,0.998169,0.4189275,0.0048637,-0.0034332
5.425000,24,1.127305451,0.998186,0.4189481,0.0049281,0.0154495
5.429167,24,1.128000311,0.998203,0.4189686,0.0049424,0.0034332
5.433333,24,1.128695168,0.998220,0.4189895,0.0050139,0.0171661
5.437500,24,1.129390021,0.998236,0.4190103,0.0049853,-0.0068665
5.441667,24,1.130084870,0.998253,0.4190313,0.0050282,0.0102997
5.445833,24,1.130779716,0.998269,0.4190522,0.0050282,0.0000000
5.450000,24,1.131474558,0.998285,0.4190734,0.0050783,0.0120163
5.454167,24,1.132169396,0.998301,0.4190945,0.0050640,-0.0034332
5.458333,24,1.132864230,0.998317,0.4191158,0.0051284,0.0154495
5.462500,24,1.133559061,0.998332,0.4191373,0.0051427,0.0034332
5.466667,24,1.134253888,0.998348,0.4191589,0.0051856,0.0102997
5.470833,24,1.134948712,0.998363,0.4191804,0.0051570,-0.0068665
5.475000,24,1.135643532,0.998378,0.4192021,0.0052214,0.0154495
5.479167,24,1.136338349,0.998393,0.4192238,0.0052071,-0.0034332
5.483333,24,1.137033162,0.998408,0.4192457,0.0052571,0.0120163
5.487500,24,1.137727971,0.998423,0.4192677,0.0052714,0.0034332
5.491667,24,1.138422778,0.998438,0.4192898,0.0053000,0.0068665
5.495833,24,1.139117581,0.998452,0.4193119,0.0053215,0.0051498
5.500000,24,1.139812380,0.998467,0.4193342,0.0053501,0.0068665
5.504167,24,1.140507177,0.998481,0.4193565,0.0053430,-0.0017166
5.508333,24,1.141201970,0.998495,0.4193789,0.0053716,0.0068665
5.512500,24,1.141896759,0.998509,0.4194014,0.0054145,0.0102997
5.516667,24,1.142591546,0.998523,0.4194241,0.0054431,0.0068665
5.520833,24,1.143286329,0.998537,0.4194468,0.0054431,0.0000000
5.525000,24,1.143981110,0.998550,0.4194696,0.0054717,0.0068665
5.529167,24,1.144675887,0.998564,0.4194925,0.0054860,0.0034332
5.533333,24,1.145370661,0.998577,0.4195154,0.0055146,0.0068665
5.537500,24,1.146065432,0.998590,0.4195385,0.0055289,0.0034332
5.541667,24,1.146760200,0.998604,0.4195616,0.0055575,0.0068665
5.545833,24,1.147454964,0.998617,0.4195849,0.0055861,0.0068665
5.550000,24,1.148149726,0.998629,0.4196082,0.0055861,0.0000000
5.554167,24,1.148844485,0.998642,0.4196316,0.0056219,0.0085831
5.558333,24,1.149539241,0.998655,0.4196552,0.0056648,0.0102997
5.562500,24,1.150233994,0.998667,0.4196786,0.0056219,-0.0102997
5.566667,24,1.150928745,0.998680,0.4197024,0.0057006,0.0188828
5.570833,24,1.151623492,0.998692,0.4197260,0.0056577,-0.0102997
5.575000,24,1.152318237,0.998704,0.4197499,0.0057435,0.0205994
5.579167,24,1.153012978,0.998716,0.4197737,0.0057220,-0.0051498
5.583333,24,1.153707717,0.998728,0.4197977,0.0057650,0.0102997
5.587500,24,1.154402454,0.998740,0.4198218,0.0057650,0.0000000
5.591667,24,1.155097187,0.998752,0.4198458,0.0057793,0.0034332
5.595833,24,1.155791918,0.998763,0.4198701,0.0058222,0.0102997
5.600000,24,1.156486646,0.998775,0.4198944,0.0058365,0.0034332
5.604167,24,1.157181372,0.998786,0.4199187,0.0058365,0.0000000
5.608333,24,1.157876094,0.998798,0.4199432,0.0058651,0.0068665
5.612500,24,1.158570815,0.998809,0.4199678,0.0059009,0.0085831
5.616667,24,1.159265533,0.998820,0.4199923,0.0058866,-0.0034332
5.620833,24,1.159960248,0.998831,0.4200170,0.0059223,0.0085831
5.625000,24,1.160654960,0.998842,0.4200417,0.0059366,0.0034332
5.629167,24,1.161349670,0.998853,0.4200665,0.0059581,0.0051498
5.633333,24,1.162044378,0.998864,0.4200915,0.0059867,0.0068665
5.637500,24,1.162739083,0.998874,0.4201165,0.0059938,0.0017166
5.641667,24,1.163433786,0.998885,0.4201415,0.0060225,0.0068665
5.645833,24,1.164128486,0.998895,0.4201666,0.0060010,-0.0051498
5.650000,24,1.164823184,0.998905,0.4201917,0.0060368,0.0085831
5.654167,24,1.165517880,0.998916,0.4202169,0.0060582,0.0051498
5.658333,24,1.166212573,0.998926,0.4202423,0.0060797,0.0051498
5.662500,24,1.166907264,0.998936,0.4202676,0.0060654,-0.0034332
5.666667,24,1.167601953,0.998946,0.4202931,0.0061226,0.0137329
5.670833,24,1.168296639,0.998956,0.4203185,0.0061083,-0.0034332
5.675000,24,1.168991323,0.998965,0.4203441,0.0061512,0.0102997
5.679167,24,1.169686005,0.998975,0.4203697,0.0061369,-0.0034332
5.683333,24,1.170380685,0.998985,0.4203954,0.0061727,0.0085831
5.687500,24,1.171075362,0.998994,0.4204212,0.0061798,0.0017166
5.691667,24,1.171770037,0.999004,0.4204470,0.0061870,0.0017166
5.695833,24,1.172464710,0.999013,0.4204728,0.0062084,0.0051498
5.700000,24,1.173159381,0.999022,0.4204988,0.0062370,0.0068665
5.704167,24,1.173854050,0.999031,0.4205248,0.0062442,0.0017166
5.708333,24,1.174548717,0.999040,0.4205509,0.0062442,0.0000000
5.712500,24,1.175243382,0.999049,0.4205770,0.0062728,0.0068665
5.716667,24,1.175938044,0.999058,0.4206031,0.0062728,0.0000000
5.720833,24,1.176632705,0.999067,0.4206293,0.0062871,0.0034332
5.725000,24,1.177327363,0.999076,0.4206557,0.0063300,0.0102997
5.729167,24,1.178022020,0.999084,0.4206820,0.0063229,-0.0017166
5.733333,24,1.178716674,0.999093,0.4207084,0.0063157,-0.0017166
5.737500,24,1.179411327,0.999101,0.4207349,0.0063586,0.0102997
5.741667,24,1.180105977,0.999110,0.4207614,0.0063658,0.0017166
5.745833,24,1.180800626,0.999118,0.4207880,0.0063872,0.0051498
5.750000,24,1.181495273,0.999126,0.4208145,0.0063658,-0.0051498
5.754167,24,1.182189918,0.999135,0.4208412,0.0064158,0.0120163
5.758333,24,1.182884561,0.999143,0.4208680,0.0064158,0.0000000
5.762500,24,1.183579202,0.999151,0.4208946,0.0063944,-0.0051498
5.766667,24,1.184273841,0.999159,0.4209214,0.0064230,0.0068665
5.770833,24,1.184968479,0.999167,0.4209483,0.0064516,0.0068665
5.775000,24,1.185663114,0.999174,0.4209752,0.0064588,0.0017166
5.779167,24,1.186357748,0.999182,0.4210021,0.0064516,-0.0017166
5.783333,24,1.187052380,0.999190,0.4210291,0.0064802,0.0068665
5.787500,24,1.187747011,0.999197,0.4210561,0.0064802,0.0000000
5.791667,24,1.188441639,0.999205,0.4210832,0.0065017,0.0051498
5.795833,24,1.189136266,0.999212,0.4211103,0.0065160,0.0034332
5.800000,24,1.189830891,0.999220,0.4211375,0.0065160,0.0000000
5.804167,24,1.190525515,0.999227,0.4211646,0.0065088,-0.0017166
5.808333,24,1.191220136,0.999234,0.4211918,0.0065446,0.0085831
5.812500,24,1.191914756,0.999242,0.4212191,0.0065517,0.0017166
5.816667,24,1.192609375,0.999249,0.4212464,0.0065374,-0.0034332
5.820833,24,1.193303992,0.999256,0.4212738,0.0065732,0.0085831
5.825000,24,1.193998607,0.999263,0.4213011,0.0065660,-0.0017166
5.829167,24,1.194693221,0.999270,0.4213285,0.0065660,0.0000000
5.833333,24,1.195387833,0.999276,0.4213560,0.0066018,0.0085831
5.837500,24,1.196082443,0.999283,0.4213835,0.0065947,-0.0017166
5.841667,24,1.196777052,0.999290,0.4214110,0.0066018,0.0017166
5.845833,24,1.197471659,0.999297,0.4214385,0.0065947,-0.0017166
5.850000,24,1.198166265,0.999303,0.4214660,0.0066161,0.0051498
5.854167,24,1.198860869,0.999310,0.4214936,0.0066304,0.0034332
5.858333,24,1.199555472,0.999316,0.4215212,0.0066233,-0.0017166
5.862500,24,1.200250073,0.999323,0.4215490,0.0066519,0.0068665
5.866667,24,1.200944673,0.999329,0.4215766,0.0066304,-0.0051498
5.870833,24,1.201639272,0.999335,0.4216043,0.0066590,0.0068665
5.875000,24,1.202333869,0.999342,0.4216321,0.0066519,-0.0017166
5.879167,24,1.203028464,0.999348,0.4216597,0.0066376,-0.0034332
5.883333,24,1.203723058,0.999354,0.4216875,0.0066733,0.0085831
5.887500,24,1.204417651,0.999360,0.4217154,0.0066876,0.0034332
5.891667,24,1.205112242,0.999366,0.4217432,0.0066662,-0.0051498
5.895833,24,1.205806832,0.999372,0.4217710,0.0066805,0.0034332
5.900000,24,1.206501420,0.999378,0.4217989,0.0067091,0.0068665
5.904167,24,1.207196007,0.999384,0.4218268,0.0066805,-0.0068665
5.908333,24,1.207890593,0.999390,0.4218547,0.0066948,0.0034332
5.912500,24,1.208585178,0.999395,0.4218826,0.0066948,0.0000000
5.916667,24,1.209279761,0.999401,0.4219105,0.0067019,0.0017166
5.920833,24,1.209974343,0.999407,0.4219384,0.0066876,-0.0034332
5.925000,24,1.210668923,0.999412,0.4219663,0.0067019,0.0034332
5.929167,24,1.211363503,0.999418,0.4219943,0.0067306,0.0068665
5.933333,24,1.212058081,0.999423,0.4220223,0.0067234,-0.0017166
5.937500,24,1.212752657,0.999429,0.4220502,0.0066948,-0.0068665
5.941667,24,1.213447233,0.999434,0.4220783,0.0067306,0.0085831
5.945833,24,1.214141807,0.999439,0.4221063,0.0067306,0.0000000
5.950000,24,1.214836380,0.999445,0.4221344,0.0067377,0.0017166
5.954167,24,1.215530952,0.999450,0.4221624,0.0067234,-0.0034332
5.958333,24,1.216225523,0.999455,0.4221904,0.0067163,-0.0017166
5.962500,24,1.216920092,0.999460,0.4222184,0.0067306,0.0034332
5.966667,24,1.217614660,0.999465,0.4222465,0.0067306,0.0000000
5.970833,24,1.218309228,0.999470,0.4222745,0.0067163,-0.0034332
5.975000,24,1.219003794,0.999475,0.4223025,0.0067377,0.0051498
5.979167,24,1.219698358,0.999480,0.4223307,0.0067520,0.0034332
5.983333,24,1.220392922,0.999485,0.4223588,0.0067377,-0.0034332
5.987500,24,1.221087485,0.999490,0.4223867,0.0067019,-0.0085831
5.991667,24,1.221782046,0.999495,0.4224148,0.0067520,0.0120163
5.995833,24,1.222476606,0.999500,0.4224428,0.0067091,-0.0102997
6.000000,24,1.223171166,0.999504,0.4224709,0.0067449,0.0085831
6.004167,24,1.223865724,0.999509,0.4224989,0.0067306,-0.0034332
6.008333,24,1.224560281,0.999514,0.4225269,0.0067163,-0.0034332
6.012500,24,1.225254837,0.999518,0.4225549,0.0067163,0.0000000
6.016667,24,1.225949392,0.999523,0.4225830,0.0067520,0.0085831
6.020833,24,1.226643946,0.999527,0.4226108,0.0066805,-0.0171661
6.025000,24,1.227338499,0.999532,0.4226389,0.0067306,0.0120163
6.029167,24,1.228033051,0.999536,0.4226670,0.0067520,0.0051498
6.033333,24,1.228727602,0.999540,0.4226950,0.0067163,-0.0085831
6.037500,24,1.229422152,0.999545,0.4227230,0.0067234,0.0017166
6.041667,24,1.230116700,0.999549,0.4227509,0.0066948,-0.0068665
6.045833,24,1.230811248,0.999553,0.4227789,0.0067163,0.0051498
6.050000,24,1.231505795,0.999558,0.4228069,0.0067163,0.0000000
6.054167,24,1.232200341,0.999562,0.4228348,0.0066876,-0.0068665
6.058333,24,1.232894886,0.999566,0.4228626,0.0066948,0.0017166
6.062500,24,1.233589430,0.999570,0.4228905,0.0066733,-0.0051498
6.066667,24,1.234283973,0.999574,0.4229184,0.0067019,0.0068665
6.070833,24,1.234978516,0.999578,0.4229463,0.0066948,-0.0017166
6.075000,24,1.235673057,0.999582,0.4229741,0.0066805,-0.0034332
6.079167,24,1.236367597,0.999586,0.4230019,0.0066662,-0.0034332
6.083333,24,1.237062137,0.999590,0.4230297,0.0066662,0.0000000
6.087500,24,1.237756675,0.999594,0.4230574,0.0066662,0.0000000
6.091667,24,1.238451213,0.999598,0.4230852,0.0066733,0.0017166
6.095833,24,1.239145750,0.999601,0.4231129,0.0066376,-0.0085831
6.100000,24,1.239840285,0.999605,0.4231406,0.0066447,0.0017166
6.104167,24,1.240534821,0.999609,0.4231682,0.0066376,-0.0017166
6.108333,24,1.241229355,0.999613,0.4231959,0.0066304,-0.0017166
6.112500,24,1.241923888,0.999616,0.4232234,0.0066018,-0.0068665
6.116667,24,1.242618421,0.999620,0.4232511,0.0066519,0.0120163
6.120833,24,1.243312952,0.999623,0.4232786,0.0065947,-0.0137329
6.125000,24,1.244007483,0.999627,0.4233062,0.0066304,0.0085831
6.129167,24,1.244702013,0.999631,0.4233336,0.0065660,-0.0154495
6.133333,24,1.245396542,0.999634,0.4233611,0.0066161,0.0120163
6.137500,24,1.246091071,0.999637,0.4233885,0.0065589,-0.0137329
6.141667,24,1.246785598,0.999641,0.4234158,0.0065732,0.0034332
6.145833,24,1.247480125,0.999644,0.4234432,0.0065732,0.0000000
6.150000,24,1.248174651,0.999648,0.4234705,0.0065517,-0.0051498
6.154167,24,1.248869177,0.999651,0.4234978,0.0065374,-0.0034332
6.158333,24,1.249563701,0.999654,0.4235250,0.0065446,0.0017166
6.162500,24,1.250258225,0.999658,0.4235522,0.0065160,-0.0068665
6.166667,24,1.250952748,0.999661,0.4235793,0.0065160,0.0000000
6.170833,24,1.251647270,0.999664,0.4236065,0.0065160,0.0000000
6.175000,24,1.252341792,0.999667,0.4236335,0.0064802,-0.0085831
6.179167,24,1.253036313,0.999670,0.4236605,0.0064874,0.0017166
6.183333,24,1.253730833,0.999673,0.4236875,0.0064874,0.0000000
6.187500,24,1.254425352,0.999676,0.4237145,0.0064659,-0.0051498
6.191667,24,1.255119871,0.999679,0.4237413,0.0064445,-0.0051498
6.195833,24,1.255814389,0.999683,0.4237682,0.0064516,0.0017166
6.200000,24,1.256508906,0.999686,0.4237951,0.0064445,-0.0017166
6.204167,24,1.257203423,0.999688,0.4238218,0.0064087,-0.0085831
6.208333,24,1.257897939,0.999691,0.4238485,0.0064015,-0.0017166
6.212500,24,1.258592454,0.999694,0.4238752,0.0064158,0.0034332
6.216667,24,1.259286968,0.999697,0.4239017,0.0063586,-0.0137329
6.220833,24,1.259981482,0.999700,0.4239283,0.0063944,0.0085831
6.225000,24,1.260675996,0.999703,0.4239548,0.0063658,-0.0068665
6.229167,24,1.261370508,0.999706,0.4239812,0.0063300,-0.0085831
6.233333,24,1.262065020,0.999709,0.4240076,0.0063229,-0.0017166
6.237500,24,1.262759531,0.999711,0.4240340,0.0063372,0.0034332
6.241667,24,1.263454042,0.999714,0.4240603,0.0063157,-0.0051498
6.245833,24,1.264148552,0.999717,0.4240865,0.0062871,-0.0068665
6.250000,24,1.264843062,0.999719,0.4241126,0.0062728,-0.0034332
6.254167,24,1.265537570,0.999722,0.4241388,0.0062799,0.0017166
6.258333,24,1.266232079,0.999725,0.4241648,0.0062442,-0.0085831
6.262500,24,1.266926586,0.999727,0.4241908,0.0062370,-0.0017166
6.266667,24,1.267621093,0.999730,0.4242167,0.0062084,-0.0068665
6.270833,24,1.268315600,0.999732,0.4242426,0.0062227,0.0034332
6.275000,24,1.269010106,0.999735,0.4242683,0.0061798,-0.0102997
6.279167,24,1.269704611,0.999738,0.4242941,0.0061941,0.0034332
6.283333,24,1.270399115,0.999740,0.4243197,0.0061440,-0.0120163
6.287500,24,1.271093620,0.999742,0.4243453,0.0061440,0.0000000
6.291667,24,1.271788123,0.999745,0.4243709,0.0061297,-0.0034332
6.295833,24,1.272482626,0.999747,0.4243964,0.0061226,-0.0017166
6.300000,24,1.273177128,0.999750,0.4244218,0.0060868,-0.0085831
6.304167,24,1.273871630,0.999752,0.4244471,0.0060940,0.0017166
6.308333,24,1.274566132,0.999754,0.4244724,0.0060654,-0.0068665
6.312500,24,1.275260632,0.999757,0.4244975,0.0060296,-0.0085831
6.316667,24,1.275955133,0.999759,0.4245226,0.0060225,-0.0017166
6.320833,24,1.276649632,0.999761,0.4245477,0.0060225,0.0000000
6.325000,24,1.277344132,0.999764,0.4245727,0.0060010,-0.0051498
6.329167,24,1.278038630,0.999766,0.4245977,0.0059938,-0.0017166
6.333333,24,1.278733129,0.999768,0.4246226,0.0059724,-0.0051498
6.337500,24,1.279427626,0.999770,0.4246474,0.0059509,-0.0051498
6.341667,24,1.280122123,0.999773,0.4246719,0.0058794,-0.0171661
6.345833,24,1.280816620,0.999775,0.4246965,0.0059080,0.0068665
6.350000,24,1.281511116,0.999777,0.4247211,0.0058937,-0.0034332
6.354167,24,1.282205612,0.999779,0.4247455,0.0058651,-0.0068665
6.358333,24,1.282900107,0.999781,0.4247698,0.0058222,-0.0102997
6.362500,24,1.283594602,0.999783,0.4247942,0.0058579,0.0085831
6.366667,24,1.284289096,0.999785,0.4248183,0.0057864,-0.0171661
6.370833,24,1.284983590,0.999787,0.4248424,0.0058007,0.0034332
6.375000,24,1.285678083,0.999789,0.4248665,0.0057650,-0.0085831
6.379167,24,1.286372576,0.999791,0.4248904,0.0057364,-0.0068665
6.383333,24,1.287067068,0.999793,0.4249143,0.0057435,0.0017166
6.387500,24,1.287761560,0.999795,0.4249381,0.0057220,-0.0051498
6.391667,24,1.288456051,0.999797,0.4249618,0.0056863,-0.0085831
6.395833,24,1.289150542,0.999799,0.4249854,0.0056648,-0.0051498
6.400000,24,1.289845033,0.999801,0.4250090,0.0056505,-0.0034332
6.404167,24,1.290539523,0.999803,0.4250324,0.0056291,-0.0051498
6.408333,24,1.291234013,0.999805,0.4250558,0.0056076,-0.0051498
6.412500,24,1.291928502,0.999807,0.4250791,0.0055933,-0.0034332
6.416667,24,1.292622991,0.999808,0.4251022,0.0055504,-0.0102997
6.420833,24,1.293317479,0.999810,0.4251254,0.0055575,0.0017166
6.425000,24,1.294011967,0.999812,0.4251484,0.0055218,-0.0085831
6.429167,24,1.294706455,0.999814,0.4251713,0.0055075,-0.0034332
6.433333,24,1.295400942,0.999816,0.4251941,0.0054502,-0.0137329
6.437500,24,1.296095429,0.999817,0.4252168,0.0054574,0.0017166
6.441667,24,1.296789915,0.999819,0.4252395,0.0054431,-0.0034332
6.445833,24,1.297484401,0.999821,0.4252620,0.0054002,-0.0102997
6.450000,24,1.298178887,0.999823,0.4252844,0.0053930,-0.0017166
6.454167,24,1.298873372,0.999824,0.4253069,0.0053787,-0.0034332
6.458333,24,1.299567857,0.999826,0.4253290,0.0053072,-0.0171661
6.462500,24,1.300262341,0.999828,0.4253511,0.0053215,0.0034332
6.466667,24,1.300956825,0.999829,0.4253733,0.0053287,0.0017166
6.470833,24,1.301651309,0.999831,0.4253952,0.0052428,-0.0205994
6.475000,24,1.302345792,0.999833,0.4254171,0.0052643,0.0051498
6.479167,24,1.303040275,0.999834,0.4254388,0.0051928,-0.0171661
6.483333,24,1.303734757,0.999836,0.4254605,0.0052142,0.0051498
6.487500,24,1.304429239,0.999837,0.4254821,0.0051785,-0.0085831
6.491667,24,1.305123721,0.999839,0.4255036,0.0051570,-0.0051498
6.495833,24,1.305818203,0.999840,0.4255249,0.0051141,-0.0102997
6.500000,24,1.306512684,0.999842,0.4255462,0.0051212,0.0017166
6.504167,24,1.307207165,0.999843,0.4255673,0.0050640,-0.0137329
6.508333,24,1.307901645,0.999845,0.4255884,0.0050712,0.0017166
6.512500,24,1.308596125,0.999846,0.4256094,0.0050282,-0.0102997
6.516667,24,1.309290605,0.999848,0.4256302,0.0049996,-0.0068665
6.520833,24,1.309985084,0.999849,0.4256510,0.0049853,-0.0034332
6.525000,24,1.310679563,0.999851,0.4256715,0.0049281,-0.0137329
6.529167,24,1.311374042,0.999852,0.4256921,0.0049353,0.0017166
6.533333,24,1.312068520,0.999854,0.4257125,0.0048995,-0.0085831
6.537500,24,1.312762998,0.999855,0.4257329,0.0048852,-0.0034332
6.541667,24,1.313457476,0.999856,0.4257531,0.0048566,-0.0068665
6.545833,24,1.314151954,0.999858,0.4257731,0.0048065,-0.0120163
6.550000,24,1.314846431,0.999859,0.4257930,0.0047708,-0.0085831
6.554167,24,1.315540908,0.999860,0.4258130,0.0047994,0.0068665
6.558333,24,1.316235384,0.999862,0.4258327,0.0047350,-0.0154495
6.562500,24,1.316929860,0.999863,0.4258525,0.0047493,0.0034332
6.566667,24,1.317624336,0.999864,0.4258719,0.0046635,-0.0205994
6.570833,24,1.318318812,0.999866,0.4258914,0.0046706,0.0017166
6.575000,24,1.319013287,0.999867,0.4259107,0.0046277,-0.0102997
6.579167,24,1.319707762,0.999868,0.4259300,0.0046349,0.0017166
6.583333,24,1.320402237,0.999869,0.4259489,0.0045490,-0.0205994
6.587500,24,1.321096711,0.999871,0.4259680,0.0045633,0.0034332
6.591667,24,1.321791185,0.999872,0.4259869,0.0045347,-0.0068665
6.595833,24,1.322485659,0.999873,0.4260056,0.0045061,-0.0068665
6.600000,24,1.323180133,0.999874,0.4260243,0.0044918,-0.0034332
6.604167,24,1.323874606,0.999876,0.4260428,0.0044346,-0.0137329
6.608333,24,1.324569079,0.999877,0.4260612,0.0044131,-0.0051498
6.612500,24,1.325263552,0.999878,0.4260795,0.0043917,-0.0051498
6.616667,24,1.325958024,0.999879,0.4260976,0.0043488,-0.0102997
6.620833,24,1.326652496,0.999880,0.4261158,0.0043702,0.0051498
6.625000,24,1.327346968,0.999881,0.4261337,0.0042915,-0.0188828
6.629167,24,1.328041440,0.999883,0.4261516,0.0042915,0.0000000
6.633333,24,1.328735911,0.999884,0.4261692,0.0042343,-0.0137329
6.637500,24,1.329430383,0.999885,0.4261868,0.0042129,-0.0051498
6.641667,24,1.330124853,0.999886,0.4262042,0.0041842,-0.0068665
6.645833,24,1.330819324,0.999887,0.4262216,0.0041699,-0.0034332
6.650000,24,1.331513795,0.999888,0.4262389,0.0041556,-0.0034332
6.654167,24,1.332208265,0.999889,0.4262560,0.0040984,-0.0137329
6.658333,24,1.332902735,0.999890,0.4262730,0.0040698,-0.0068665
6.662500,24,1.333597204,0.999891,0.4262899,0.0040698,0.0000000
6.666667,24,1.334291674,0.999892,0.4263066,0.0040126,-0.0137329
6.670833,24,1.334986143,0.999893,0.4263233,0.0039911,-0.0051498
6.675000,24,1.335680612,0.999894,0.4263397,0.0039554,-0.0085831
6.679167,24,1.336375081,0.999895,0.4263562,0.0039411,-0.0034332
6.683333,24,1.337069549,0.999896,0.4263723,0.0038767,-0.0154495
6.687500,24,1.337764017,0.999897,0.4263885,0.0038910,0.0034332
6.691667,24,1.338458485,0.999898,0.4264045,0.0038338,-0.0137329
6.695833,24,1.339152953,0.999899,0.4264204,0.0038123,-0.0051498
6.700000,24,1.339847421,0.999900,0.4264361,0.0037766,-0.0085831
6.704167,24,1.340541888,0.999901,0.4264519,0.0037909,0.0034332
6.708333,24,1.341236355,0.999902,0.4264672,0.0036764,-0.0274658
6.712500,24,1.341930822,0.999903,0.4264827,0.0037122,0.0085831
6.716667,24,1.342625289,0.999904,0.4264980,0.0036621,-0.0120163
6.720833,24,1.343319756,0.999905,0.4265132,0.0036550,-0.0017166
6.725000,24,1.344014222,0.999906,0.4265281,0.0035834,-0.0171661
6.729167,24,1.344708688,0.999907,0.4265430,0.0035763,-0.0017166
6.733333,24,1.345403154,0.999908,0.4265577,0.0035262,-0.0120163
6.737500,24,1.346097619,0.999908,0.4265725,0.0035405,0.0034332
6.741667,24,1.346792085,0.999909,0.4265870,0.0034761,-0.0154495
6.745833,24,1.347486550,0.999910,0.4266014,0.0034547,-0.0051498
6.750000,24,1.348181015,0.999911,0.4266155,0.0033975,-0.0137329
6.754167,24,1.348875480,0.999912,0.4266297,0.0033975,0.0000000
6.758333,24,1.349569945,0.999913,0.4266436,0.0033402,-0.0137329
6.762500,24,1.350264409,0.999914,0.4266575,0.0033402,0.0000000
6.766667,24,1.350958874,0.999914,0.4266713,0.0033116,-0.0068665
6.770833,24,1.351653338,0.999915,0.4266849,0.0032687,-0.0102997
6.775000,24,1.352347802,0.999916,0.4266983,0.0032115,-0.0137329
6.779167,24,1.353042265,0.999917,0.4267116,0.0032043,-0.0017166
6.783333,24,1.353736729,0.999918,0.4267249,0.0031757,-0.0068665
6.787500,24,1.354431192,0.999918,0.4267381,0.0031614,-0.0034332
6.791667,24,1.355125655,0.999919,0.4267510,0.0031114,-0.0120163
6.795833,24,1.355820119,0.999920,0.4267639,0.0030828,-0.0068665
6.800000,24,1.356514581,0.999921,0.4267765,0.0030255,-0.0137329
6.804167,24,1.357209044,0.999922,0.4267890,0.0030184,-0.0017166
6.808333,24,1.357903506,0.999922,0.4268015,0.0029969,-0.0051498
6.812500,24,1.358597969,0.999923,0.4268140,0.0029826,-0.0034332
6.816667,24,1.359292431,0.999924,0.4268261,0.0029039,-0.0188828
6.820833,24,1.359986893,0.999924,0.4268381,0.0028968,-0.0017166
6.825000,24,1.360681355,0.999925,0.4268500,0.0028467,-0.0120163
6.829167,24,1.361375816,0.999926,0.4268619,0.0028539,0.0017166
6.833333,24,1.362070278,0.999927,0.4268735,0.0027823,-0.0171661
6.837500,24,1.362764739,0.999927,0.4268851,0.0027823,0.0000000
6.841667,24,1.363459200,0.999928,0.4268964,0.0027251,-0.0137329
6.845833,24,1.364153661,0.999929,0.4269078,0.0027323,0.0017166
6.850000,24,1.364848122,0.999929,0.4269188,0.0026464,-0.0205994
6.854167,24,1.365542583,0.999930,0.4269298,0.0026393,-0.0017166
6.858333,24,1.366237043,0.999931,0.4269408,0.0026250,-0.0034332
6.862500,24,1.366931504,0.999931,0.4269516,0.0025892,-0.0085831
6.866667,24,1.367625964,0.999932,0.4269620,0.0025034,-0.0205994
6.870833,24,1.368320424,0.999933,0.4269726,0.0025392,0.0085831
6.875000,24,1.369014884,0.999933,0.4269828,0.0024605,-0.0188828
6.879167,24,1.369709344,0.999934,0.4269930,0.0024533,-0.0017166
6.883333,24,1.370403803,0.999935,0.4270031,0.0024176,-0.0085831
6.887500,24,1.371098263,0.999935,0.4270130,0.0023818,-0.0085831
6.891667,24,1.371792722,0.999936,0.4270229,0.0023675,-0.0034332
6.895833,24,1.372487181,0.999937,0.4270326,0.0023389,-0.0068665
6.900000,24,1.373181640,0.999937,0.4270422,0.0022888,-0.0120163
6.904167,24,1.373876099,0.999938,0.4270517,0.0022817,-0.0017166
6.908333,24,1.374570558,0.999938,0.4270609,0.0022030,-0.0188828
6.912500,24,1.375265017,0.999939,0.4270700,0.0021887,-0.0034332
6.916667,24,1.375959475,0.999939,0.4270790,0.0021672,-0.0051498
6.920833,24,1.376653933,0.999940,0.4270880,0.0021458,-0.0051498
6.925000,24,1.377348392,0.999941,0.4270966,0.0020814,-0.0154495
6.929167,24,1.378042850,0.999941,0.4271054,0.0020957,0.0034332
6.933333,24,1.378737308,0.999942,0.4271138,0.0020242,-0.0171661
6.937500,24,1.379431766,0.999942,0.4271221,0.0020027,-0.0051498
6.941667,24,1.380126223,0.999943,0.4271304,0.0019741,-0.0068665
6.945833,24,1.380820681,0.999943,0.4271385,0.0019598,-0.0034332
6.950000,24,1.381515138,0.999944,0.4271463,0.0018740,-0.0205994
6.954167,24,1.382209596,0.999944,0.4271542,0.0018883,0.0034332
6.958333,24,1.382904053,0.999945,0.4271620,0.0018597,-0.0068665
6.962500,24,1.383598510,0.999946,0.4271695,0.0018168,-0.0102997
6.966667,24,1.384292967,0.999946,0.4271769,0.0017595,-0.0137329
6.970833,24,1.384987424,0.999947,0.4271843,0.0017738,0.0034332
6.975000,24,1.385681881,0.999947,0.4271915,0.0017309,-0.0102997
6.979167,24,1.386376337,0.999948,0.4271985,0.0016809,-0.0120163
6.983333,24,1.387070794,0.999948,0.4272053,0.0016379,-0.0102997
6.987500,24,1.387765250,0.999949,0.4272121,0.0016451,0.0017166
6.991667,24,1.388459706,0.999949,0.4272188,0.0015879,-0.0137329
6.995833,24,1.389154163,0.999950,0.4272253,0.0015736,-0.0034332
7.000000,24,1.389848619,0.999950,0.4272317,0.0015306,-0.0102997
7.004167,24,1.390543075,0.999951,0.4272380,0.0015235,-0.0017166
7.008333,24,1.391237530,0.999951,0.4272441,0.0014520,-0.0171661
7.012500,24,1.391931986,0.999952,0.4272501,0.0014448,-0.0017166
7.016667,24,1.392626442,0.999952,0.4272559,0.0013804,-0.0154495
7.020833,24,1.393320897,0.999952,0.4272616,0.0013661,-0.0034332
7.025000,24,1.394015353,0.999953,0.4272672,0.0013590,-0.0017166
7.029167,24,1.394709808,0.999953,0.4272727,0.0013232,-0.0085831
7.033333,24,1.395404263,0.999954,0.4272779,0.0012374,-0.0205994
7.037500,24,1.396098718,0.999954,0.4272832,0.0012660,0.0068665
7.041667,24,1.396793173,0.999955,0.4272883,0.0012302,-0.0085831
7.045833,24,1.397487628,0.999955,0.4272933,0.0012088,-0.0051498
7.050000,24,1.398182083,0.999956,0.4272981,0.0011444,-0.0154495
7.054167,24,1.398876538,0.999956,0.4273028,0.0011230,-0.0051498
7.058333,24,1.399570992,0.999956,0.4273073,0.0010800,-0.0102997
7.062500,24,1.400265447,0.999957,0.4273117,0.0010514,-0.0068665
7.066667,24,1.400959901,0.999957,0.4273159,0.0010157,-0.0085831
7.070833,24,1.401654355,0.999958,0.4273202,0.0010300,0.0034332
7.075000,24,1.402348809,0.999958,0.4273241,0.0009513,-0.0188828
7.079167,24,1.403043264,0.999959,0.4273281,0.0009513,0.0000000
7.083333,24,1.403737718,0.999959,0.4273319,0.0009012,-0.0120163
7.087500,24,1.404432171,0.999959,0.4273356,0.0008869,-0.0034332
7.091667,24,1.405126625,0.999960,0.4273390,0.0008368,-0.0120163
7.095833,24,1.405821079,0.999960,0.4273424,0.0008154,-0.0051498
7.100000,24,1.406515533,0.999961,0.4273458,0.0007939,-0.0051498
7.104167,24,1.407209986,0.999961,0.4273489,0.0007510,-0.0102997
7.108333,24,1.407904440,0.999961,0.4273520,0.0007367,-0.0034332
7.112500,24,1.408598893,0.999962,0.4273549,0.0007010,-0.0085831
7.116667,24,1.409293346,0.999962,0.4273575,0.0006366,-0.0154495
7.120833,24,1.409987799,0.999962,0.4273602,0.0006366,0.0000000
7.125000,24,1.410682253,0.999963,0.4273627,0.0006080,-0.0068665
7.129167,24,1.411376706,0.999963,0.4273650,0.0005579,-0.0120163
7.133333,24,1.412071159,0.999963,0.4273673,0.0005436,-0.0034332
7.137500,24,1.412765612,0.999964,0.4273695,0.0005293,-0.0034332
7.141667,24,1.413460064,0.999964,0.4273715,0.0004792,-0.0120163
7.145833,24,1.414154517,0.999964,0.4273734,0.0004578,-0.0051498
7.150000,24,1.414848970,0.999965,0.4273751,0.0004005,-0.0137329
7.154167,24,1.415543422,0.999965,0.4273768,0.0004148,0.0034332
7.158333,24,1.416237875,0.999966,0.4273783,0.0003505,-0.0154495
7.162500,24,1.416932327,0.999966,0.4273796,0.0003219,-0.0068665
7.166667,24,1.417626779,0.999966,0.4273809,0.0003004,-0.0051498
7.170833,24,1.418321232,0.999967,0.4273821,0.0002933,-0.0017166
7.175000,24,1.419015684,0.999967,0.4273830,0.0002217,-0.0171661
7.179167,24,1.419710136,0.999967,0.4273840,0.0002360,0.0034332
7.183333,24,1.420404588,0.999967,0.4273847,0.0001645,-0.0171661
7.187500,24,1.421099040,0.999968,0.4273853,0.0001574,-0.0017166
7.191667,24,1.421793492,0.999968,0.4273858,0.0001216,-0.0085831
7.195833,24,1.422487944,0.999968,0.4273862,0.0000787,-0.0102997
7.200000,24,1.423182395,0.999969,0.4273864,0.0000572,-0.0051498
7.204167,24,1.423876847,0.999969,0.4273867,0.0000644,0.0017166
7.208333,24,1.424571299,0.999969,0.4273868,0.0000215,-0.0102997
7.212500,24,1.425265750,0.999970,0.4273867,-0.0000215,-0.0102997
7.216667,24,1.425960202,0.999970,0.4273864,-0.0000572,-0.0085831
7.220833,24,1.426654653,0.999970,0.4273862,-0.0000644,-0.0017166
7.225000,24,1.427349104,0.999970,0.4273857,-0.0001073,-0.0102997
7.229167,24,1.428043556,0.999971,0.4273851,-0.0001502,-0.0102997
7.233333,24,1.428738007,0.999971,0.4273843,-0.0001860,-0.0085831
7.237500,24,1.429432458,0.999971,0.4273836,-0.0001788,0.0017166
7.241667,24,1.430126909,0.999972,0.4273826,-0.0002289,-0.0120163
7.245833,24,1.430821360,0.999972,0.4273816,-0.0002432,-0.0034332
7.250000,24,1.431515811,0.999972,0.4273804,-0.0002933,-0.0120163
7.254167,24,1.432210262,0.999973,0.4273792,-0.0002861,0.0017166
7.258333,24,1.432904713,0.999973,0.4273778,-0.0003362,-0.0120163
7.262500,24,1.433599163,0.999973,0.4273763,-0.0003576,-0.0051498
7.266667,24,1.434293614,0.999973,0.4273747,-0.0003934,-0.0085831
7.270833,24,1.434988065,0.999973,0.4273729,-0.0004148,-0.0051498
7.275000,24,1.435682515,0.999974,0.4273711,-0.0004363,-0.0051498
7.279167,24,1.436376966,0.999974,0.4273691,-0.0004792,-0.0102997
7.283333,24,1.437071416,0.999974,0.4273671,-0.0004792,0.0000000
7.287500,24,1.437765867,0.999974,0.4273649,-0.0005436,-0.0154495
7.291667,24,1.438460317,0.999975,0.4273625,-0.0005651,-0.0051498
7.295833,24,1.439154767,0.999975,0.4273602,-0.0005436,0.0051498
7.300000,24,1.439849218,0.999975,0.4273576,-0.0006294,-0.0205994
7.304167,24,1.440543668,0.999975,0.4273548,-0.0006652,-0.0085831
7.308333,24,1.441238118,0.999976,0.4273521,-0.0006509,0.0034332
7.312500,24,1.441932568,0.999976,0.4273493,-0.0006723,-0.0051498
7.316667,24,1.442627018,0.999976,0.4273463,-0.0007153,-0.0102997
7.320833,24,1.443321468,0.999976,0.4273433,-0.0007367,-0.0051498
7.325000,24,1.444015918,0.999977,0.4273400,-0.0007939,-0.0137329
7.329167,24,1.444710368,0.999977,0.4273367,-0.0007796,0.0034332
7.333333,24,1.445404818,0.999977,0.4273333,-0.0008297,-0.0120163
7.337500,24,1.446099267,0.999977,0.4273298,-0.0008368,-0.0017166
7.341667,24,1.446793717,0.999978,0.4273261,-0.0008798,-0.0102997
7.345833,24,1.447488167,0.999978,0.4273224,-0.0009012,-0.0051498
7.350000,24,1.448182616,0.999978,0.4273185,-0.0009227,-0.0051498
7.354167,24,1.448877066,0.999978,0.4273145,-0.0009656,-0.0102997
7.358333,24,1.449571515,0.999978,0.4273104,-0.0009799,-0.0034332
7.362500,24,1.450265965,0.999979,0.4273063,-0.0009942,-0.0034332
7.366667,24,1.450960414,0.999979,0.4273019,-0.0010371,-0.0102997
7.370833,24,1.451654863,0.999979,0.4272976,-0.0010514,-0.0034332
7.375000,24,1.452349313,0.999979,0.4272931,-0.0010729,-0.0051498
7.379167,24,1.453043762,0.999979,0.4272884,-0.0011230,-0.0120163
7.383333,24,1.453738211,0.999980,0.4272837,-0.0011230,0.0000000
7.387500,24,1.454432660,0.999980,0.4272790,-0.0011301,-0.0017166
7.391667,24,1.455127109,0.999980,0.4272740,-0.0012159,-0.0205994
7.395833,24,1.455821559,0.999980,0.4272690,-0.0012016,0.0034332
7.400000,24,1.456516008,0.999980,0.4272639,-0.0012016,0.0000000
7.404167,24,1.457210457,0.999980,0.4272587,-0.0012660,-0.0154495
7.408333,24,1.457904906,0.999981,0.4272532,-0.0013089,-0.0102997
7.412500,24,1.458599354,0.999981,0.4272479,-0.0012875,0.0051498
7.416667,24,1.459293803,0.999981,0.4272423,-0.0013232,-0.0085831
7.420833,24,1.459988252,0.999981,0.4272367,-0.0013518,-0.0068665
7.425000,24,1.460682701,0.999981,0.4272310,-0.0013804,-0.0068665
7.429167,24,1.461377150,0.999982,0.4272251,-0.0013947,-0.0034332
7.433333,24,1.462071599,0.999982,0.4272190,-0.0014663,-0.0171661
7.437500,24,1.462766047,0.999982,0.4272131,-0.0014162,0.0120163
7.441667,24,1.463460496,0.999982,0.4272070,-0.0014734,-0.0137329
7.445833,24,1.464154944,0.999982,0.4272007,-0.0015020,-0.0068665
7.450000,24,1.464849393,0.999982,0.4271944,-0.0015306,-0.0068665
7.454167,24,1.465543841,0.999983,0.4271880,-0.0015306,0.0000000
7.458333,24,1.466238290,0.999983,0.4271815,-0.0015664,-0.0085831
7.462500,24,1.466932738,0.999983,0.4271747,-0.0016093,-0.0102997
7.466667,24,1.467627187,0.999983,0.4271680,-0.0016093,0.0000000
7.470833,24,1.468321635,0.999983,0.4271612,-0.0016522,-0.0102997
7.475000,24,1.469016083,0.999984,0.4271542,-0.0016665,-0.0034332
7.479167,24,1.469710532,0.999984,0.4271473,-0.0016594,0.0017166
7.483333,24,1.470404980,0.999984,0.4271402,-0.0017023,-0.0102997
7.487500,24,1.471099428,0.999984,0.4271330,-0.0017238,-0.0051498
7.491667,24,1.471793876,0.999984,0.4271257,-0.0017667,-0.0102997
7.495833,24,1.472488324,0.999984,0.4271183,-0.0017595,0.0017166
7.500000,24,1.473182772,0.999985,0.4271109,-0.0017881,-0.0068665
7.504167,24,1.473877220,0.999985,0.4271033,-0.0018168,-0.0068665
7.508333,24,1.474571668,0.999985,0.4270956,-0.0018597,-0.0102997
7.512500,24,1.475266116,0.999985,0.4270878,-0.0018597,0.0000000
7.516667,24,1.475960564,0.999985,0.4270800,-0.0018740,-0.0034332
7.520833,24,1.476655012,0.999985,0.4270721,-0.0018883,-0.0034332
7.525000,24,1.477349460,0.999985,0.4270641,-0.0019240,-0.0085831
7.529167,24,1.478043908,0.999986,0.4270560,-0.0019598,-0.0085831
7.533333,24,1.478738356,0.999986,0.4270478,-0.0019670,-0.0017166
7.537500,24,1.479432803,0.999986,0.4270394,-0.0019956,-0.0068665
7.541667,24,1.480127251,0.999986,0.4270311,-0.0020099,-0.0034332
7.545833,24,1.480821699,0.999986,0.4270226,-0.0020242,-0.0034332
7.550000,24,1.481516147,0.999986,0.4270141,-0.0020599,-0.0085831
7.554167,24,1.482210594,0.999986,0.4270054,-0.0020742,-0.0034332
7.558333,24,1.482905042,0.999986,0.4269968,-0.0020671,0.0017166
7.562500,24,1.483599489,0.999987,0.4269880,-0.0021029,-0.0085831
7.566667,24,1.484293937,0.999987,0.4269791,-0.0021386,-0.0085831
7.570833,24,1.484988385,0.999987,0.4269701,-0.0021744,-0.0085831
7.575000,24,1.485682832,0.999987,0.4269610,-0.0021672,0.0017166
7.579167,24,1.486377280,0.999987,0.4269519,-0.0021958,-0.0068665
7.583333,24,1.487071727,0.999987,0.4269427,-0.0022030,-0.0017166
7.587500,24,1.487766175,0.999987,0.4269333,-0.0022531,-0.0120163
7.591667,24,1.488460622,0.999987,0.4269240,-0.0022459,0.0017166
7.595833,24,1.489155069,0.999987,0.4269146,-0.0022459,0.0000000
7.600000,24,1.489849517,0.999988,0.4269049,-0.0023174,-0.0171661
7.604167,24,1.490543964,0.999988,0.4268953,-0.0023246,-0.0017166
7.608333,24,1.491238411,0.999988,0.4268855,-0.0023460,-0.0051498
7.612500,24,1.491932859,0.999988,0.4268758,-0.0023317,0.0034332
7.616667,24,1.492627306,0.999988,0.4268659,-0.0023603,-0.0068665
7.620833,24,1.493321753,0.999988,0.4268559,-0.0024033,-0.0102997
7.625000,24,1.494016200,0.999988,0.4268460,-0.0023818,0.0051498
7.629167,24,1.494710648,0.999988,0.4268359,-0.0024319,-0.0120163
7.633333,24,1.495405095,0.999989,0.4268256,-0.0024533,-0.0051498
7.637500,24,1.496099542,0.999989,0.4268153,-0.0024819,-0.0068665
7.641667,24,1.496793989,0.999989,0.4268050,-0.0024676,0.0034332
7.645833,24,1.497488436,0.999989,0.4267946,-0.0025105,-0.0102997
7.650000,24,1.498182883,0.999989,0.4267841,-0.0025177,-0.0017166
7.654167,24,1.498877330,0.999989,0.4267735,-0.0025249,-0.0017166
7.658333,24,1.499571777,0.999989,0.4267629,-0.0025463,-0.0051498
7.662500,24,1.500266224,0.999989,0.4267522,-0.0025749,-0.0068665
7.666667,24,1.500960671,0.999989,0.4267414,-0.0025892,-0.0034332
7.670833,24,1.501655118,0.999990,0.4267306,-0.0026035,-0.0034332
7.675000,24,1.502349565,0.999990,0.4267197,-0.0026035,0.0000000
7.679167,24,1.503044011,0.999990,0.4267087,-0.0026536,-0.0120163
7.683333,24,1.503738458,0.999990,0.4266976,-0.0026679,-0.0034332
7.687500,24,1.504432905,0.999990,0.4266865,-0.0026608,0.0017166
7.691667,24,1.505127352,0.999990,0.4266752,-0.0026965,-0.0085831
7.695833,24,1.505821798,0.999990,0.4266639,-0.0027108,-0.0034332
7.700000,24,1.506516245,0.999990,0.4266525,-0.0027394,-0.0068665
7.704167,24,1.507210692,0.999991,0.4266412,-0.0027251,0.0034332
7.708333,24,1.507905139,0.999991,0.4266298,-0.0027394,-0.0034332
7.712500,24,1.508599585,0.999991,0.4266182,-0.0027609,-0.0051498
7.716667,24,1.509294032,0.999991,0.4266065,-0.0028181,-0.0137329
7.720833,24,1.509988478,0.999991,0.4265948,-0.0028181,0.0000000
7.725000,24,1.510682925,0.999991,0.4265831,-0.0028110,0.0017166
7.729167,24,1.511377371,0.999991,0.4265713,-0.0028181,-0.0017166
7.733333,24,1.512071818,0.999991,0.4265593,-0.0028753,-0.0137329
7.737500,24,1.512766264,0.999991,0.4265474,-0.0028610,0.0034332
7.741667,24,1.513460711,0.999991,0.4265353,-0.0029111,-0.0120163
7.745833,24,1.514155157,0.999991,0.4265234,-0.0028610,0.0120163
7.750000,24,1.514849604,0.999992,0.4265110,-0.0029540,-0.0223160
7.754167,24,1.515544050,0.999992,0.4264989,-0.0029254,0.0068665
7.758333,24,1.516238497,0.999992,0.4264866,-0.0029540,-0.0068665
7.762500,24,1.516932943,0.999992,0.4264742,-0.0029612,-0.0017166
7.766667,24,1.517627389,0.999992,0.4264617,-0.0029969,-0.0085831
7.770833,24,1.518321836,0.999992,0.4264493,-0.0029826,0.0034332
7.775000,24,1.519016282,0.999992,0.4264368,-0.0030041,-0.0051498
7.779167,24,1.519710729,0.999992,0.4264242,-0.0030184,-0.0034332
7.783333,24,1.520405175,0.999992,0.4264115,-0.0030541,-0.0085831
7.787500,24,1.521099621,0.999992,0.4263988,-0.0030398,0.0034332
7.791667,24,1.521794068,0.999992,0.4263861,-0.0030613,-0.0051498
7.795833,24,1.522488514,0.999992,0.4263733,-0.0030613,0.0000000
7.800000,24,1.523182960,0.999992,0.4263603,-0.0031185,-0.0137329
7.804167,24,1.523877406,0.999992,0.4263473,-0.0031185,0.0000000
7.808333,24,1.524571853,0.999992,0.4263344,-0.0030971,0.0051498
7.812500,24,1.525266299,0.999992,0.4263214,-0.0031257,-0.0068665
7.816667,24,1.525960745,0.999992,0.4263083,-0.0031400,-0.0034332
7.820833,24,1.526655191,0.999993,0.4262951,-0.0031614,-0.0051498
7.825000,24,1.527349638,0.999993,0.4262818,-0.0031900,-0.0068665
7.829167,24,1.528044084,0.999993,0.4262686,-0.0031829,0.0017166
7.833333,24,1.528738530,0.999993,0.4262553,-0.0031972,-0.0034332
7.837500,24,1.529432976,0.999993,0.4262418,-0.0032187,-0.0051498
7.841667,24,1.530127422,0.999993,0.4262284,-0.0032187,0.0000000
7.845833,24,1.530821868,0.999993,0.4262149,-0.0032473,-0.0068665
7.850000,24,1.531516314,0.999993,0.4262013,-0.0032687,-0.0051498
7.854167,24,1.532210761,0.999993,0.4261878,-0.0032401,0.0068665
7.858333,24,1.532905207,0.999993,0.4261741,-0.0032830,-0.0102997
7.862500,24,1.533599653,0.999993,0.4261604,-0.0032902,-0.0017166
7.866667,24,1.534294099,0.999993,0.4261466,-0.0033188,-0.0068665
7.870833,24,1.534988545,0.999993,0.4261328,-0.0033045,0.0034332
7.875000,24,1.535682991,0.999993,0.4261190,-0.0033188,-0.0034332
7.879167,24,1.536377437,0.999993,0.4261051,-0.0033331,-0.0034332
7.883333,24,1.537071883,0.999993,0.4260911,-0.0033617,-0.0068665
7.887500,24,1.537766329,0.999993,0.4260771,-0.0033545,0.0017166
7.891667,24,1.538460775,0.999994,0.4260631,-0.0033617,-0.0017166
7.895833,24,1.539155221,0.999994,0.4260489,-0.0033975,-0.0085831
7.900000,24,1.539849667,0.999994,0.4260347,-0.0034118,-0.0034332
7.904167,24,1.540544113,0.999994,0.4260206,-0.0033975,0.0034332
7.908333,24,1.541238559,0.999994,0.4260062,-0.0034404,-0.0102997
7.912500,24,1.541933005,0.999994,0.4259920,-0.0034189,0.0051498
7.916667,24,1.542627451,0.999994,0.4259777,-0.0034332,-0.0034332
7.920833,24,1.543321896,0.999994,0.4259633,-0.0034618,-0.0068665
7.925000,24,1.544016342,0.999994,0.4259489,-0.0034404,0.0051498
7.929167,24,1.544710788,0.999994,0.4259345,-0.0034690,-0.0068665
7.933333,24,1.545405234,0.999994,0.4259198,-0.0035191,-0.0120163
7.937500,24,1.546099680,0.999994,0.4259053,-0.0034904,0.0068665
7.941667,24,1.546794126,0.999994,0.4258906,-0.0035191,-0.0068665
7.945833,24,1.547488571,0.999994,0.4258761,-0.0034761,0.0102997
7.950000,24,1.548183017,0.999994,0.4258614,-0.0035262,-0.0120163
7.954167,24,1.548877463,0.999994,0.4258467,-0.0035262,0.0000000
7.958333,24,1.549571909,0.999995,0.4258319,-0.0035620,-0.0085831
7.962500,24,1.550266355,0.999995,0.4258171,-0.0035548,0.0017166
7.966667,24,1.550960800,0.999995,0.4258021,-0.0035834,-0.0068665
7.970833,24,1.551655246,0.999995,0.4257874,-0.0035334,0.0120163
7.975000,24,1.552349692,0.999995,0.4257724,-0.0036120,-0.0188828
7.979167,24,1.553044137,0.999995,0.4257574,-0.0035977,0.0034332
7.983333,24,1.553738583,0.999995,0.4257423,-0.0036120,-0.0034332
7.987500,24,1.554433029,0.999995,0.4257273,-0.0036049,0.0017166
7.991667,24,1.555127474,0.999995,0.4257121,-0.0036478,-0.0102997
7.995833,24,1.555821920,0.999995,0.4256970,-0.0036192,0.0068665
8.000000,24,1.556516366,0.999995,0.4256819,-0.0036407,-0.0051498
8.004167,24,1.557210811,0.999995,0.4256667,-0.0036335,0.0017166
8.008333,24,1.557905257,0.999995,0.4256514,-0.0036693,-0.0085831
8.012500,24,1.558599702,0.999995,0.4256361,-0.0036764,-0.0017166
8.016666,24,1.559294148,0.999995,0.4256207,-0.0036979,-0.0051498
8.020833,24,1.559988594,0.999995,0.4256054,-0.0036621,0.0085831
8.025000,24,1.560683039,0.999995,0.4255901,-0.0036907,-0.0068665
8.029166,24,1.561377485,0.999996,0.4255747,-0.0036979,-0.0017166
8.033334,24,1.562071930,0.999996,0.4255592,-0.0037122,-0.0034332
8.037500,24,1.562766376,0.999996,0.4255437,-0.0037193,-0.0017166
8.041667,24,1.563460821,0.999996,0.4255280,-0.0037551,-0.0085831
8.045834,24,1.564155267,0.999996,0.4255125,-0.0037265,0.0068665
8.050000,24,1.564849712,0.999996,0.4254969,-0.0037408,-0.0034332
8.054167,24,1.565544158,0.999996,0.4254813,-0.0037408,0.0000000
8.058333,24,1.566238603,0.999996,0.4254657,-0.0037622,-0.0051498
8.062500,24,1.566933048,0.999996,0.4254501,-0.0037479,0.0034332
8.066667,24,1.567627494,0.999996,0.4254343,-0.0037837,-0.0085831
8.070833,24,1.568321939,0.999996,0.4254186,-0.0037622,0.0051498
8.075000,24,1.569016385,0.999996,0.4254027,-0.0038266,-0.0154495
8.079166,24,1.569710830,0.999996,0.4253869,-0.0037837,0.0102997
8.083333,24,1.570405275,0.999996,0.4253711,-0.0037980,-0.0034332
8.087500,24,1.571099721,0.999996,0.4253551,-0.0038338,-0.0085831
8.091666,24,1.571794166,0.999996,0.4253392,-0.0038123,0.0051498
8.095834,24,1.572488611,0.999996,0.4253233,-0.0038123,0.0000000
8.100000,24,1.573183057,0.999997,0.4253073,-0.0038481,-0.0085831
8.104167,24,1.573877502,0.999997,0.4252914,-0.0038195,0.0068665
8.108334,24,1.574571947,0.999997,0.4252754,-0.0038409,-0.0051498
8.112500,24,1.575266392,0.999997,0.4252593,-0.0038552,-0.0034332
8.116667,24,1.575960838,0.999997,0.4252431,-0.0038838,-0.0068665
8.120833,24,1.576655283,0.999997,0.4252271,-0.0038552,0.0068665
8.125000,24,1.577349728,0.999997,0.4252110,-0.0038552,0.0000000
8.129167,24,1.578044173,0.999997,0.4251948,-0.0038981,-0.0102997
8.133333,24,1.578738618,0.999997,0.4251786,-0.0038695,0.0068665
8.137500,24,1.579433064,0.999997,0.4251623,-0.0039124,-0.0102997
8.141666,24,1.580127509,0.999997,0.4251462,-0.0038767,0.0085831
8.145833,24,1.580821954,0.999997,0.4251299,-0.0039196,-0.0102997
8.150000,24,1.581516399,0.999997,0.4251136,-0.0039124,0.0017166
8.154166,24,1.582210844,0.999997,0.4250973,-0.0039124,0.0000000
8.158334,24,1.582905289,0.999997,0.4250810,-0.0039124,0.0000000
8.162500,24,1.583599734,0.999997,0.4250646,-0.0039196,-0.0017166
8.166667,24,1.584294179,0.999997,0.4250482,-0.0039339,-0.0034332
8.170834,24,1.584988624,0.999998,0.4250318,-0.0039482,-0.0034332
8.175000,24,1.585683070,0.999998,0.4250153,-0.0039554,-0.0017166
8.179167,24,1.586377515,0.999998,0.4249990,-0.0039196,0.0085831
8.183333,24,1.587071960,0.999998,0.4249825,-0.0039625,-0.0102997
8.187500,24,1.587766405,0.999998,0.4249660,-0.0039554,0.0017166
8.191667,24,1.588460850,0.999998,0.4249495,-0.0039554,0.0000000
8.195833,24,1.589155295,0.999998,0.4249329,-0.0039911,-0.0085831
8.200000,24,1.589849740,0.999998,0.4249164,-0.0039554,0.0085831
8.204166,24,1.590544185,0.999998,0.4248998,-0.0039768,-0.0051498
8.208333,24,1.591238630,0.999998,0.4248832,-0.0039911,-0.0034332
8.212500,24,1.591933075,0.999998,0.4248666,-0.0039911,0.0000000
8.216666,24,1.592627520,0.999998,0.4248499,-0.0039983,-0.0017166
8.220834,24,1.593321965,0.999998,0.4248332,-0.0039983,0.0000000
8.225000,24,1.594016410,0.999998,0.4248165,-0.0040054,-0.0017166
8.229167,24,1.594710855,0.999998,0.4247999,-0.0039983,0.0017166
8.233334,24,1.595405300,0.999998,0.4247831,-0.0040269,-0.0068665
8.237500,24,1.596099745,0.999998,0.4247665,-0.0039983,0.0068665
8.241667,24,1.596794190,0.999998,0.4247497,-0.0040197,-0.0051498
8.245833,24,1.597488635,0.999998,0.4247329,-0.0040269,-0.0017166
8.250000,24,1.598183080,0.999998,0.4247162,-0.0040126,0.0034332
8.254167,24,1.598877525,0.999998,0.4246995,-0.0040197,-0.0017166
8.258333,24,1.599571970,0.999998,0.4246825,-0.0040627,-0.0102997
8.262500,24,1.600266415,0.999998,0.4246656,-0.0040627,0.0000000
8.266666,24,1.600960860,0.999998,0.4246488,-0.0040269,0.0085831
8.270833,24,1.601655305,0.999998,0.4246320,-0.0040340,-0.0017166
8.275000,24,1.602349750,0.999998,0.4246150,-0.0040913,-0.0137329
8.279166,24,1.603044195,0.999998,0.4245981,-0.0040412,0.0120163
8.283334,24,1.603738640,0.999998,0.4245813,-0.0040483,-0.0017166
8.287500,24,1.604433085,0.999998,0.4245644,-0.0040483,0.0000000
8.291667,24,1.605127530,0.999998,0.4245473,-0.0040984,-0.0120163
8.295834,24,1.605821975,0.999998,0.4245304,-0.0040555,0.0102997
8.300000,24,1.606516420,0.999998,0.4245135,-0.0040698,-0.0034332
8.304167,24,1.607210866,0.999998,0.4244964,-0.0040913,-0.0051498
8.308333,24,1.607905311,0.999998,0.4244794,-0.0040770,0.0034332
8.312500,24,1.608599756,0.999998,0.4244624,-0.0040841,-0.0017166
8.316667,24,1.609294201,0.999998,0.4244454,-0.0040770,0.0017166
8.320833,24,1.609988646,0.999998,0.4244283,-0.0040984,-0.0051498
8.325000,24,1.610683091,0.999998,0.4244112,-0.0041056,-0.0017166
8.329166,24,1.611377536,0.999998,0.4243942,-0.0040913,0.0034332
8.333333,24,1.612071981,0.999998,0.4243770,-0.0041199,-0.0068665
8.337500,24,1.612766426,0.999998,0.4243600,-0.0040841,0.0085831
8.341666,24,1.613460871,0.999998,0.4243429,-0.0041056,-0.0051498
8.345834,24,1.614155316,0.999998,0.4243259,-0.0040913,0.0034332
8.350000,24,1.614849761,0.999998,0.4243087,-0.0041270,-0.0085831
8.354167,24,1.615544206,0.999998,0.4242916,-0.0040984,0.0068665
8.358334,24,1.616238651,0.999998,0.4242744,-0.0041270,-0.0068665
8.362500,24,1.616933096,0.999998,0.4242572,-0.0041342,-0.0017166
8.366667,24,1.617627541,0.999998,0.4242401,-0.0040913,0.0102997
8.370833,24,1.618321986,0.999998,0.4242228,-0.0041485,-0.0137329
8.375000,24,1.619016431,0.999998,0.4242058,-0.0040984,0.0120163
8.379167,24,1.619710876,0.999998,0.4241886,-0.0041270,-0.0068665
8.383333,24,1.620405321,0.999998,0.4241714,-0.0041199,0.0017166
8.387500,24,1.621099766,0.999998,0.4241541,-0.0041556,-0.0085831
8.391666,24,1.621794211,0.999998,0.4241369,-0.0041127,0.0102997
8.395833,24,1.622488656,0.999998,0.4241197,-0.0041485,-0.0085831
8.400000,24,1.623183101,0.999998,0.4241024,-0.0041485,0.0000000
8.404166,24,1.623877546,0.999998,0.4240852,-0.0041199,0.0068665
8.408334,24,1.624571991,0.999998,0.4240679,-0.0041413,-0.0051498
8.412500,24,1.625266436,0.999998,0.4240507,-0.0041342,0.0017166
8.416667,24,1.625960881,0.999998,0.4240335,-0.0041413,-0.0017166
8.420834,24,1.626655326,0.999998,0.4240161,-0.0041699,-0.0068665
8.425000,24,1.627349771,0.999998,0.4239987,-0.0041699,0.0000000
8.429167,24,1.628044216,0.999998,0.4239815,-0.0041270,0.0102997
8.433333,24,1.628738662,0.999998,0.4239642,-0.0041556,-0.0068665
8.437500,24,1.629433107,0.999998,0.4239470,-0.0041342,0.0051498
8.441667,24,1.630127552,0.999998,0.4239297,-0.0041556,-0.0051498
8.445833,24,1.630821997,0.999998,0.4239123,-0.0041556,0.0000000
8.450000,24,1.631516442,0.999998,0.4238951,-0.0041485,0.0017166
8.454166,24,1.632210887,0.999998,0.4238777,-0.0041771,-0.0068665
8.458333,24,1.632905332,0.999998,0.4238603,-0.0041699,0.0017166
8.462500,24,1.633599777,0.999998,0.4238429,-0.0041628,0.0017166
8.466666,24,1.634294222,0.999998,0.4238256,-0.0041556,0.0017166
8.470834,24,1.634988667,0.999998,0.4238082,-0.0041771,-0.0051498
8.475000,24,1.635683112,0.999998,0.4237908,-0.0041699,0.0017166
8.479167,24,1.636377557,0.999998,0.4237736,-0.0041342,0.0085831
8.483334,24,1.637072002,0.999998,0.4237563,-0.0041556,-0.0051498
8.487500,24,1.637766447,0.999998,0.4237389,-0.0041842,-0.0068665
8.491667,24,1.638460892,0.999998,0.4237215,-0.0041771,0.0017166
8.495833,24,1.639155337,0.999998,0.4237041,-0.0041771,0.0000000
8.500000,24,1.639849782,0.999998,0.4236867,-0.0041628,0.0034332
8.504167,24,1.640544227,0.999998,0.4236694,-0.0041628,0.0000000
8.508333,24,1.641238672,0.999998,0.4236519,-0.0041842,-0.0051498
8.512500,24,1.641933117,0.999998,0.4236345,-0.0041771,0.0017166
8.516666,24,1.642627562,0.999998,0.4236172,-0.0041556,0.0051498
8.520833,24,1.643322007,0.999998,0.4235998,-0.0041842,-0.0068665
8.525000,24,1.644016452,0.999998,0.4235824,-0.0041771,0.0017166
8.529166,24,1.644710897,0.999998,0.4235649,-0.0041842,-0.0017166
8.533334,24,1.645405342,0.999998,0.4235476,-0.0041628,0.0051498
8.537500,24,1.646099787,0.999998,0.4235302,-0.0041699,-0.0017166
8.541667,24,1.646794232,0.999998,0.4235128,-0.0041699,0.0000000
8.545834,24,1.647488677,0.999998,0.4234954,-0.0041771,-0.0017166
8.550000,24,1.648183122,0.999998,0.4234781,-0.0041699,0.0017166
8.554167,24,1.648877567,0.999998,0.4234606,-0.0041842,-0.0034332
8.558333,24,1.649572013,0.999998,0.4234432,-0.0041914,-0.0017166
8.562500,24,1.650266458,0.999998,0.4234258,-0.0041628,0.0068665
8.566667,24,1.650960903,0.999998,0.4234084,-0.0041699,-0.0017166
8.570833,24,1.651655348,0.999998,0.4233910,-0.0041914,-0.0051498
8.575000,24,1.652349793,0.999998,0.4233736,-0.0041842,0.0017166
8.579166,24,1.653044238,0.999998,0.4233561,-0.0041771,0.0017166
8.583333,24,1.653738683,0.999998,0.4233389,-0.0041485,0.0068665
8.587500,24,1.654433128,0.999998,0.4233214,-0.0041914,-0.0102997
8.591666,24,1.655127573,0.999998,0.4233040,-0.0041771,0.0034332
8.595834,24,1.655822018,0.999998,0.4232865,-0.0041914,-0.0034332
8.600000,24,1.656516463,0.999998,0.4232692,-0.0041699,0.0051498
8.604167,24,1.657210908,0.999998,0.4232518,-0.0041628,0.0017166
8.608334,24,1.657905353,0.999998,0.4232344,-0.0041842,-0.0051498
8.612500,24,1.658599798,0.999998,0.4232170,-0.0041771,0.0017166
8.616667,24,1.659294243,0.999998,0.4231996,-0.0041699,0.0017166
8.620833,24,1.659988688,0.999998,0.4231821,-0.0041914,-0.0051498
8.625000,24,1.660683133,0.999998,0.4231647,-0.0041914,0.0000000
8.629167,24,1.661377578,0.999998,0.4231474,-0.0041485,0.0102997
8.633333,24,1.662072023,0.999998,0.4231299,-0.0041842,-0.0085831
8.637500,24,1.662766468,0.999998,0.4231125,-0.0041842,0.0000000
8.641666,24,1.663460913,0.999998,0.4230951,-0.0041699,0.0034332
8.645833,24,1.664155358,0.999998,0.4230777,-0.0041914,-0.0051498
8.650000,24,1.664849803,0.999998,0.4230604,-0.0041413,0.0120163
8.654166,24,1.665544248,0.999998,0.4230430,-0.0041699,-0.0068665
8.658334,24,1.666238693,0.999998,0.4230256,-0.0041914,-0.0051498
8.662500,24,1.666933138,0.999998,0.4230083,-0.0041556,0.0085831
8.666667,24,1.667627583,0.999998,0.4229908,-0.0041914,-0.0085831
8.670834,24,1.668322028,0.999998,0.4229735,-0.0041556,0.0085831
8.675000,24,1.669016473,0.999998,0.4229562,-0.0041485,0.0017166
8.679167,24,1.669710918,0.999998,0.4229387,-0.0042057,-0.0137329
8.683333,24,1.670405363,0.999998,0.4229214,-0.0041556,0.0120163
8.687500,24,1.671099809,0.999998,0.4229040,-0.0041699,-0.0034332
8.691667,24,1.671794254,0.999998,0.4228865,-0.0041914,-0.0051498
8.695833,24,1.672488699,0.999998,0.4228693,-0.0041413,0.0120163
8.700000,24,1.673183144,0.999998,0.4228519,-0.0041699,-0.0068665
8.704166,24,1.673877589,0.999998,0.4228346,-0.0041485,0.0051498
8.708333,24,1.674572034,0.999998,0.4228171,-0.0041914,-0.0102997
8.712500,24,1.675266479,0.999998,0.4227999,-0.0041485,0.0102997
8.716666,24,1.675960924,0.999998,0.4227825,-0.0041628,-0.0034332
8.720834,24,1.676655369,0.999998,0.4227652,-0.0041628,0.0000000
8.725000,24,1.677349814,0.999998,0.4227479,-0.0041342,0.0068665
8.729167,24,1.678044259,0.999998,0.4227306,-0.0041556,-0.0051498
8.733334,24,1.678738704,0.999998,0.4227132,-0.0041771,-0.0051498
8.737500,24,1.679433149,0.999998,0.4226958,-0.0041842,-0.0017166
8.741667,24,1.680127594,0.999998,0.4226786,-0.0041199,0.0154495
8.745833,24,1.680822039,0.999998,0.4226613,-0.0041628,-0.0102997
8.750000,24,1.681516484,0.999998,0.4226439,-0.0041628,0.0000000
8.754167,24,1.682210929,0.999998,0.4226266,-0.0041485,0.0034332
8.758333,24,1.682905374,0.999998,0.4226094,-0.0041270,0.0051498
8.762500,24,1.683599819,0.999998,0.4225920,-0.0041771,-0.0120163
8.766666,24,1.684294264,0.999998,0.4225748,-0.0041270,0.0120163
8.770833,24,1.684988709,0.999998,0.4225575,-0.0041556,-0.0068665
8.775000,24,1.685683154,0.999998,0.4225404,-0.0041199,0.0085831
8.779166,24,1.686377599,0.999998,0.4225231,-0.0041485,-0.0068665
8.783334,24,1.687072044,0.999998,0.4225059,-0.0041270,0.0051498
8.787500,24,1.687766489,0.999998,0.4224887,-0.0041342,-0.0017166
8.791667,24,1.688460934,0.999998,0.4224714,-0.0041413,-0.0017166
8.795834,24,1.689155379,0.999998,0.4224541,-0.0041485,-0.0017166
8.800000,24,1.689849824,0.999998,0.4224369,-0.0041342,0.0034332
8.804167,24,1.690544269,0.999998,0.4224196,-0.0041485,-0.0034332
8.808333,24,1.691238714,0.999998,0.4224025,-0.0040984,0.0120163
8.812500,24,1.691933159,0.999998,0.4223852,-0.0041485,-0.0120163
8.816667,24,1.692627605,0.999998,0.4223680,-0.0041342,0.0034332
8.820833,24,1.693322050,0.999998,0.4223507,-0.0041485,-0.0034332
8.825000,24,1.694016495,0.999998,0.4223336,-0.0041127,0.0085831
8.829166,24,1.694710940,0.999998,0.4223166,-0.0040913,0.0051498
8.833333,24,1.695405385,0.999998,0.4222994,-0.0041127,-0.0051498
8.837500,24,1.696099830,0.999998,0.4222821,-0.0041556,-0.0102997
8.841666,24,1.696794275,0.999998,0.4222650,-0.0040984,0.0137329
8.845834,24,1.697488720,0.999998,0.4222479,-0.0041127,-0.0034332
8.850000,24,1.698183165,0.999998,0.4222307,-0.0041270,-0.0034332
8.854167,24,1.698877610,0.999998,0.4222136,-0.0041127,0.0034332
8.858334,24,1.699572055,0.999998,0.4221964,-0.0041270,-0.0034332
8.862500,24,1.700266500,0.999998,0.4221793,-0.0041056,0.0051498
8.866667,24,1.700960945,0.999998,0.4221622,-0.0040913,0.0034332
8.870833,24,1.701655390,0.999998,0.4221451,-0.0041056,-0.0034332
8.875000,24,1.702349835,0.999998,0.4221280,-0.0040984,0.0017166
8.879167,24,1.703044280,0.999998,0.4221109,-0.0041127,-0.0034332
8.883333,24,1.703738725,0.999998,0.4220937,-0.0041127,0.0000000
8.887500,24,1.704433170,0.999998,0.4220767,-0.0040913,0.0051498
8.891666,24,1.705127615,0.999998,0.4220597,-0.0040770,0.0034332
8.895833,24,1.705822060,0.999998,0.4220426,-0.0041127,-0.0085831
8.900000,24,1.706516505,0.999998,0.4220255,-0.0041056,0.0017166
8.904166,24,1.707210950,0.999998,0.4220085,-0.0040770,0.0068665
8.908334,24,1.707905395,0.999998,0.4219914,-0.0040913,-0.0034332
8.912500,24,1.708599840,0.999998,0.4219743,-0.0041056,-0.0034332
8.916667,24,1.709294285,0.999998,0.4219573,-0.0040770,0.0068665
8.920834,24,1.709988730,0.999998,0.4219404,-0.0040555,0.0051498
8.925000,24,1.710683175,0.999998,0.4219235,-0.0040770,-0.0051498
8.929167,24,1.711377620,0.999998,0.4219064,-0.0040913,-0.0034332
8.933333,24,1.712072065,0.999998,0.4218895,-0.0040555,0.0085831
8.937500,24,1.712766510,0.999998,0.4218725,-0.0040913,-0.0085831
8.941667,24,1.713460956,0.999998,0.4218555,-0.0040698,0.0051498
8.945833,24,1.714155401,0.999998,0.4218386,-0.0040555,0.0034332
8.950000,24,1.714849846,0.999998,0.4218217,-0.0040555,0.0000000
8.954166,24,1.715544291,0.999998,0.4218047,-0.0040841,-0.0068665
8.958333,24,1.716238736,0.999998,0.4217879,-0.0040412,0.0102997
8.962500,24,1.716933181,0.999998,0.4217709,-0.0040698,-0.0068665
8.966666,24,1.717627626,0.999998,0.4217540,-0.0040483,0.0051498
8.970834,24,1.718322071,0.999998,0.4217372,-0.0040412,0.0017166
8.975000,24,1.719016516,0.999998,0.4217202,-0.0040698,-0.0068665
8.979167,24,1.719710961,0.999998,0.4217034,-0.0040340,0.0085831
8.983334,24,1.720405406,0.999998,0.4216865,-0.0040698,-0.0085831
8.987500,24,1.721099851,0.999998,0.4216695,-0.0040698,0.0000000
8.991667,24,1.721794296,0.999998,0.4216527,-0.0040340,0.0085831
8.995833,24,1.722488741,0.999998,0.4216360,-0.0040197,0.0034332
9.000000,24,1.723183186,0.999998,0.4216191,-0.0040340,-0.0034332
9.004167,24,1.723877631,0.999998,0.4216023,-0.0040340,0.0000000
9.008333,24,1.724572076,0.999998,0.4215855,-0.0040340,0.0000000
9.012500,24,1.725266521,0.999998,0.4215687,-0.0040483,-0.0034332
9.016666,24,1.725960966,0.999998,0.4215519,-0.0040197,0.0068665
9.020833,24,1.726655411,0.999998,0.4215351,-0.0040412,-0.0051498
9.025000,24,1.727349856,0.999998,0.4215185,-0.0039768,0.0154495
9.029166,24,1.728044301,0.999998,0.4215017,-0.0040340,-0.0137329
9.033334,24,1.728738746,0.999998,0.4214849,-0.0040340,0.0000000
9.037500,24,1.729433191,0.999998,0.4214682,-0.0039983,0.0085831
9.041667,24,1.730127636,0.999998,0.4214514,-0.0040483,-0.0120163
9.045834,24,1.730822081,0.999998,0.4214348,-0.0039697,0.0188828
9.050000,24,1.731516526,0.999998,0.4214181,-0.0040126,-0.0102997
9.054167,24,1.732210971,0.999998,0.4214014,-0.0039983,0.0034332
9.058333,24,1.732905416,0.999998,0.4213847,-0.0040197,-0.0051498
9.062500,24,1.733599861,0.999998,0.4213681,-0.0039911,0.0068665
9.066667,24,1.734294306,0.999998,0.4213514,-0.0040054,-0.0034332
9.070833,24,1.734988752,0.999998,0.4213348,-0.0039768,0.0068665
9.075000,24,1.735683197,0.999998,0.4213181,-0.0039983,-0.0051498
9.079166,24,1.736377642,0.999998,0.4213016,-0.0039768,0.0051498
9.083333,24,1.737072087,0.999998,0.4212850,-0.0039840,-0.0017166
9.087500,24,1.737766532,0.999998,0.4212685,-0.0039625,0.0051498
9.091666,24,1.738460977,0.999998,0.4212518,-0.0039911,-0.0068665
9.095834,24,1.739155422,0.999998,0.4212352,-0.0039840,0.0017166
9.100000,24,1.739849867,0.999998,0.4212187,-0.0039625,0.0051498
9.104167,24,1.740544312,0.999998,0.4212021,-0.0039911,-0.0068665
9.108334,24,1.741238757,0.999998,0.4211856,-0.0039554,0.0085831
9.112500,24,1.741933202,0.999998,0.4211691,-0.0039554,0.0000000
9.116667,24,1.742627647,0.999998,0.4211525,-0.0039911,-0.0085831
9.120833,24,1.743322092,0.999998,0.4211360,-0.0039554,0.0085831
9.125000,24,1.744016537,0.999998,0.4211195,-0.0039554,0.0000000
9.129167,24,1.744710982,0.999998,0.4211031,-0.0039554,0.0000000
9.133333,24,1.745405427,0.999998,0.4210867,-0.0039268,0.0068665
9.137500,24,1.746099872,0.999998,0.4210703,-0.0039339,-0.0017166
9.141666,24,1.746794317,0.999998,0.4210538,-0.0039554,-0.0051498
9.145833,24,1.747488762,0.999998,0.4210374,-0.0039339,0.0051498
9.150000,24,1.748183207,0.999998,0.4210210,-0.0039339,0.0000000
9.154166,24,1.748877652,0.999998,0.4210046,-0.0039554,-0.0051498
9.158334,24,1.749572097,0.999998,0.4209881,-0.0039482,0.0017166
9.162500,24,1.750266542,0.999998,0.4209719,-0.0038838,0.0154495
9.166667,24,1.750960987,0.999998,0.4209555,-0.0039339,-0.0120163
9.170834,24,1.751655432,0.999998,0.4209392,-0.0039268,0.0017166
9.175000,24,1.752349877,0.999998,0.4209229,-0.0039124,0.0034332
9.179167,24,1.753044322,0.999998,0.4209065,-0.0039196,-0.0017166
9.183333,24,1.753738767,0.999998,0.4208903,-0.0038981,0.0051498
9.187500,24,1.754433212,0.999998,0.4208739,-0.0039268,-0.0068665
9.191667,24,1.755127657,0.999998,0.4208576,-0.0039124,0.0034332
9.195833,24,1.755822102,0.999998,0.4208414,-0.0038981,0.0034332
9.200000,24,1.756516548,0.999998,0.4208252,-0.0038981,0.0000000
9.204166,24,1.757210993,0.999998,0.4208090,-0.0038695,0.0068665
9.208333,24,1.757905438,0.999998,0.4207928,-0.0038981,-0.0068665
9.212500,24,1.758599883,0.999998,0.4207765,-0.0039124,-0.0034332
9.216666,24,1.759294328,0.999998,0.4207603,-0.0038767,0.0085831
9.220834,24,1.759988773,0.999998,0.4207442,-0.0038695,0.0017166
9.225000,24,1.760683218,0.999998,0.4207280,-0.0038981,-0.0068665
9.229167,24,1.761377663,0.999998,0.4207118,-0.0038838,0.0034332
9.233334,24,1.762072108,0.999998,0.4206958,-0.0038409,0.0102997
9.237500,24,1.762766553,0.999998,0.4206796,-0.0038767,-0.0085831
9.241667,24,1.763460998,0.999998,0.4206635,-0.0038767,0.0000000
9.245833,24,1.764155443,0.999998,0.4206474,-0.0038552,0.0051498
9.250000,24,1.764849888,0.999998,0.4206313,-0.0038624,-0.0017166
9.254167,24,1.765544333,0.999998,0.4206153,-0.0038338,0.0068665
9.258333,24,1.766238778,0.999998,0.4205993,-0.0038624,-0.0068665
9.262500,24,1.766933223,0.999998,0.4205831,-0.0038767,-0.0034332
9.266666,24,1.767627668,0.999998,0.4205672,-0.0038266,0.0120163
9.270833,24,1.768322113,0.999998,0.4205512,-0.0038409,-0.0034332
9.275000,24,1.769016558,0.999998,0.4205352,-0.0038338,0.0017166
9.279166,24,1.769711003,0.999998,0.4205193,-0.0038195,0.0034332
9.283334,24,1.770405448,0.999998,0.4205033,-0.0038338,-0.0034332
9.287500,24,1.771099893,0.999998,0.4204873,-0.0038266,0.0017166
9.291667,24,1.771794338,0.999998,0.4204715,-0.0038123,0.0034332
9.295834,24,1.772488783,0.999998,0.4204556,-0.0038052,0.0017166
9.300000,24,1.773183228,0.999998,0.4204396,-0.0038338,-0.0068665
9.304167,24,1.773877673,0.999998,0.4204237,-0.0038266,0.0017166
9.308333,24,1.774572118,0.999998,0.4204080,-0.0037766,0.0120163
9.312500,24,1.775266563,0.999998,0.4203920,-0.0038195,-0.0102997
9.316667,24,1.775961008,0.999998,0.4203763,-0.0037766,0.0102997
9.320833,24,1.776655453,0.999998,0.4203605,-0.0037909,-0.0034332
9.325000,24,1.777349898,0.999998,0.4203446,-0.0038123,-0.0051498
9.329166,24,1.778044344,0.999998,0.4203288,-0.0037909,0.0051498
9.333333,24,1.778738789,0.999998,0.4203131,-0.0037837,0.0017166
9.337500,24,1.779433234,0.999998,0.4202973,-0.0037766,0.0017166
9.341666,24,1.780127679,0.999998,0.4202816,-0.0037837,-0.0017166
9.345834,24,1.780822124,0.999998,0.4202659,-0.0037479,0.0085831
9.350000,24,1.781516569,0.999998,0.4202502,-0.0037837,-0.0085831
9.354167,24,1.782211014,0.999998,0.4202345,-0.0037551,0.0068665
9.358334,24,1.782905459,0.999998,0.4202189,-0.0037408,0.0034332
9.362500,24,1.783599904,0.999998,0.4202033,-0.0037551,-0.0034332
9.366667,24,1.784294349,0.999998,0.4201876,-0.0037694,-0.0034332
9.370833,24,1.784988794,0.999998,0.4201719,-0.0037622,0.0017166
9.375000,24,1.785683239,0.999998,0.4201563,-0.0037479,0.0034332
9.379167,24,1.786377684,0.999998,0.4201407,-0.0037408,0.0017166
9.383333,24,1.787072129,0.999998,0.4201252,-0.0037336,0.0017166
9.387500,24,1.787766574,0.999998,0.4201096,-0.0037336,0.0000000
9.391666,24,1.788461019,0.999998,0.4200943,-0.0036836,0.0120163
9.395833,24,1.789155464,0.999998,0.4200786,-0.0037551,-0.0171661
9.400000,24,1.789849909,0.999998,0.4200632,-0.0037050,0.0120163
9.404166,24,1.790544354,0.999998,0.4200478,-0.0036979,0.0017166
9.408334,24,1.791238799,0.999998,0.4200323,-0.0037122,-0.0034332
9.412500,24,1.791933244,0.999998,0.4200168,-0.0037193,-0.0017166
9.416667,24,1.792627689,0.999998,0.4200014,-0.0036907,0.0068665
9.420834,24,1.793322134,0.999998,0.4199860,-0.0037050,-0.0034332
9.425000,24,1.794016579,0.999998,0.4199706,-0.0036907,0.0034332
9.429167,24,1.794711024,0.999998,0.4199553,-0.0036764,0.0034332
9.433333,24,1.795405469,0.999998,0.4199399,-0.0036907,-0.0034332
9.437500,24,1.796099914,0.999998,0.4199246,-0.0036764,0.0034332
9.441667,24,1.796794359,0.999998,0.4199093,-0.0036764,0.0000000
9.445833,24,1.797488804,0.999998,0.4198939,-0.0036836,-0.0017166
9.450000,24,1.798183249,0.999998,0.4198786,-0.0036693,0.0034332
9.454166,24,1.798877695,0.999998,0.4198635,-0.0036407,0.0068665
9.458333,24,1.799572140,0.999998,0.4198482,-0.0036550,-0.0034332
9.462500,24,1.800266585,0.999998,0.4198330,-0.0036478,0.0017166
9.466666,24,1.800961030,0.999998,0.4198179,-0.0036407,0.0017166
9.470834,24,1.801655475,0.999998,0.4198027,-0.0036407,0.0000000
9.475000,24,1.802349920,0.999998,0.4197876,-0.0036120,0.0068665
9.479167,24,1.803044365,0.999998,0.4197724,-0.0036550,-0.0102997
9.483334,24,1.803738810,0.999998,0.4197573,-0.0036192,0.0085831
9.487500,24,1.804433255,0.999998,0.4197421,-0.0036478,-0.0068665
9.491667,24,1.805127700,0.999998,0.4197271,-0.0035977,0.0120163
9.495833,24,1.805822145,0.999998,0.4197121,-0.0036192,-0.0051498
9.500000,24,1.806516590,0.999998,0.4196971,-0.0035977,0.0051498
9.504167,24,1.807211035,0.999998,0.4196820,-0.0036120,-0.0034332
9.508333,24,1.807905480,0.999998,0.4196671,-0.0035763,0.0085831
9.512500,24,1.808599925,0.999998,0.4196521,-0.0036049,-0.0068665
9.516666,24,1.809294370,0.999998,0.4196371,-0.0035906,0.0034332
9.520833,24,1.809988815,0.999998,0.4196222,-0.0035977,-0.0017166
9.525000,24,1.810683260,0.999998,0.4196073,-0.0035620,0.0085831
9.529166,24,1.811377705,0.999998,0.4195924,-0.0035763,-0.0034332
9.533334,24,1.812072150,0.999998,0.4195776,-0.0035548,0.0051498
9.537500,24,1.812766595,0.999998,0.4195627,-0.0035691,-0.0034332
9.541667,24,1.813461040,0.999998,0.4195479,-0.0035620,0.0017166
9.545834,24,1.814155485,0.999998,0.4195331,-0.0035477,0.0034332
9.550000,24,1.814849930,0.999998,0.4195183,-0.0035620,-0.0034332
9.554167,24,1.815544375,0.999998,0.4195036,-0.0035191,0.0102997
9.558333,24,1.816238820,0.999998,0.4194889,-0.0035334,-0.0034332
9.562500,24,1.816933265,0.999998,0.4194741,-0.0035548,-0.0051498
9.566667,24,1.817627710,0.999998,0.4194595,-0.0034976,0.0137329
9.570833,24,1.818322155,0.999998,0.4194448,-0.0035334,-0.0085831
9.575000,24,1.819016600,0.999998,0.4194302,-0.0034976,0.0085831
9.579166,24,1.819711045,0.999998,0.4194156,-0.0035048,-0.0017166
9.583333,24,1.820405491,0.999998,0.4194010,-0.0035119,-0.0017166
9.587500,24,1.821099936,0.999998,0.4193862,-0.0035334,-0.0051498
9.591666,24,1.821794381,0.999998,0.4193718,-0.0034618,0.0171661
9.595834,24,1.822488826,0.999998,0.4193574,-0.0034618,0.0000000
9.600000,24,1.823183271,0.999998,0.4193428,-0.0034904,-0.0068665
9.604167,24,1.823877716,0.999998,0.4193284,-0.0034761,0.0034332
9.608334,24,1.824572161,0.999998,0.4193139,-0.0034761,0.0000000
9.612500,24,1.825266606,0.999998,0.4192994,-0.0034761,0.0000000
9.616667,24,1.825961051,0.999998,0.4192850,-0.0034547,0.0051498
9.620833,24,1.826655496,0.999998,0.4192707,-0.0034261,0.0068665
9.625000,24,1.827349941,0.999998,0.4192563,-0.0034690,-0.0102997
9.629167,24,1.828044386,0.999998,0.4192419,-0.0034404,0.0068665
9.633333,24,1.828738831,0.999998,0.4192276,-0.0034332,0.0017166
9.637500,24,1.829433276,0.999998,0.4192134,-0.0034261,0.0017166
9.641666,24,1.830127721,0.999998,0.4191991,-0.0034189,0.0017166
9.645833,24,1.830822166,0.999998,0.4191849,-0.0034118,0.0017166
9.650000,24,1.831516611,0.999998,0.4191707,-0.0034046,0.0017166
9.654166,24,1.832211056,0.999998,0.4191565,-0.0034118,-0.0017166
9.658334,24,1.832905501,0.999998,0.4191424,-0.0033760,0.0085831
9.662500,24,1.833599946,0.999998,0.4191283,-0.0033975,-0.0051498
9.666667,24,1.834294391,0.999998,0.4191141,-0.0033975,0.0000000
9.670834,24,1.834988836,0.999998,0.4191001,-0.0033545,0.0102997
9.675000,24,1.835683281,0.999998,0.4190859,-0.0034046,-0.0120163
9.679167,24,1.836377726,0.999998,0.4190720,-0.0033545,0.0120163
9.683333,24,1.837072171,0.999998,0.4190581,-0.0033402,0.0034332
9.687500,24,1.837766616,0.999998,0.4190440,-0.0033617,-0.0051498
9.691667,24,1.838461061,0.999998,0.4190302,-0.0033331,0.0068665
9.695833,24,1.839155506,0.999998,0.4190162,-0.0033545,-0.0051498
9.700000,24,1.839849951,0.999998,0.4190023,-0.0033402,0.0034332
9.704166,24,1.840544396,0.999998,0.4189885,-0.0033116,0.0068665
9.708333,24,1.841238841,0.999998,0.4189747,-0.0033045,0.0017166
9.712500,24,1.841933287,0.999998,0.4189609,-0.0033116,-0.0017166
9.716666,24,1.842627732,0.999998,0.4189471,-0.0033188,-0.0017166
9.720834,24,1.843322177,0.999998,0.4189335,-0.0032687,0.0120163
9.725000,24,1.844016622,0.999998,0.4189197,-0.0032902,-0.0051498
9.729167,24,1.844711067,0.999998,0.4189061,-0.0032830,0.0017166
9.733334,24,1.845405512,0.999998,0.4188924,-0.0032902,-0.0017166
9.737500,24,1.846099957,0.999998,0.4188787,-0.0032830,0.0017166
9.741667,24,1.846794402,0.999998,0.4188651,-0.0032616,0.0051498
9.745833,24,1.847488847,0.999998,0.4188516,-0.0032330,0.0068665
9.750000,24,1.848183292,0.999998,0.4188380,-0.0032616,-0.0068665
9.754167,24,1.848877737,0.999998,0.4188245,-0.0032401,0.0051498
9.758333,24,1.849572182,0.999998,0.4188111,-0.0032115,0.0068665
9.762500,24,1.850266627,0.999998,0.4187976,-0.0032401,-0.0068665
9.766666,24,1.850961072,0.999998,0.4187842,-0.0032187,0.0051498
9.770833,24,1.851655517,0.999998,0.4187709,-0.0032043,0.0034332
9.775000,24,1.852349962,0.999998,0.4187574,-0.0032330,-0.0068665
9.779166,24,1.853044407,0.999998,0.4187441,-0.0031972,0.0085831
9.783334,24,1.853738852,0.999998,0.4187308,-0.0031829,0.0034332
9.787500,24,1.854433297,0.999998,0.4187176,-0.0031757,0.0017166
9.791667,24,1.855127742,0.999998,0.4187044,-0.0031614,0.0034332
9.795834,24,1.855822187,0.999998,0.4186912,-0.0031757,-0.0034332
9.800000,24,1.856516632,0.999998,0.4186781,-0.0031400,0.0085831
9.804167,24,1.857211077,0.999998,0.4186649,-0.0031686,-0.0068665
9.808333,24,1.857905522,0.999998,0.4186518,-0.0031328,0.0085831
9.812500,24,1.858599967,0.999998,0.4186388,-0.0031400,-0.0017166
9.816667,24,1.859294412,0.999998,0.4186258,-0.0031042,0.0085831
9.820833,24,1.859988857,0.999998,0.4186127,-0.0031543,-0.0120163
9.825000,24,1.860683302,0.999998,0.4185998,-0.0030971,0.0137329
9.829166,24,1.861377747,0.999998,0.4185869,-0.0030971,0.0000000
9.833333,24,1.862072192,0.999998,0.4185740,-0.0030899,0.0017166
9.837500,24,1.862766638,0.999998,0.4185611,-0.0030899,0.0000000
9.841666,24,1.863461083,0.999998,0.4185483,-0.0030899,0.0000000
9.845834,24,1.864155528,0.999998,0.4185356,-0.0030398,0.0120163
9.850000,24,1.864849973,0.999998,0.4185228,-0.0030684,-0.0068665
9.854167,24,1.865544418,0.999998,0.4185100,-0.0030828,-0.0034332
9.858334,24,1.866238863,0.999998,0.4184974,-0.0030255,0.0137329
9.862500,24,1.866933308,0.999998,0.4184847,-0.0030327,-0.0017166
9.866667,24,1.867627753,0.999998,0.4184721,-0.0030184,0.0034332
9.870833,24,1.868322198,0.999998,0.4184596,-0.0030112,0.0017166
9.875000,24,1.869016643,0.999998,0.4184470,-0.0030327,-0.0051498
9.879167,24,1.869711088,0.999998,0.4184344,-0.0030184,0.0034332
9.883333,24,1.870405533,0.999998,0.4184220,-0.0029683,0.0120163
9.887500,24,1.871099978,0.999998,0.4184095,-0.0030112,-0.0102997
9.891666,24,1.871794423,0.999998,0.4183971,-0.0029612,0.0120163
9.895833,24,1.872488868,0.999998,0.4183848,-0.0029612,0.0000000
9.900000,24,1.873183313,0.999998,0.4183726,-0.0029254,0.0085831
9.904166,24,1.873877758,0.999998,0.4183602,-0.0029755,-0.0120163
9.908334,24,1.874572203,0.999998,0.4183480,-0.0029397,0.0085831
9.912500,24,1.875266648,0.999998,0.4183358,-0.0029254,0.0034332
9.916667,24,1.875961093,0.999998,0.4183237,-0.0029039,0.0051498
9.920834,24,1.876655538,0.999998,0.4183115,-0.0029111,-0.0017166
9.925000,24,1.877349983,0.999998,0.4182994,-0.0029111,0.0000000
9.929167,24,1.878044428,0.999998,0.4182874,-0.0028896,0.0051498
9.933333,24,1.878738873,0.999998,0.4182754,-0.0028825,0.0017166
9.937500,24,1.879433318,0.999998,0.4182635,-0.0028467,0.0085831
9.941667,24,1.880127763,0.999998,0.4182516,-0.0028539,-0.0017166
9.945833,24,1.880822208,0.999998,0.4182397,-0.0028610,-0.0017166
9.950000,24,1.881516653,0.999998,0.4182279,-0.0028324,0.0068665
9.954166,24,1.882211098,0.999998,0.4182160,-0.0028610,-0.0068665
9.958333,24,1.882905543,0.999998,0.4182042,-0.0028110,0.0120163
9.962500,24,1.883599988,0.999998,0.4181926,-0.0028038,0.0017166
9.966666,24,1.884294434,0.999998,0.4181809,-0.0027895,0.0034332
9.970834,24,1.884988879,0.999998,0.4181693,-0.0027967,-0.0017166
9.975000,24,1.885683324,0.999998,0.4181577,-0.0027823,0.0034332
9.979167,24,1.886377769,0.999998,0.4181462,-0.0027609,0.0051498
9.983334,24,1.887072214,0.999998,0.4181346,-0.0027752,-0.0034332
9.987500,24,1.887766659,0.999998,0.4181232,-0.0027323,0.0102997
9.991667,24,1.888461104,0.999998,0.4181117,-0.0027609,-0.0068665
9.995833,24,1.889155549,0.999998,0.4181004,-0.0027180,0.0102997
10.000000,24,1.889849994,0.999998,0.4180891,-0.0027180,0.0000000
10.004170,24,1.890544439,0.999998,0.4180778,-0.0027108,0.0017166
10.008330,24,1.891238884,0.999998,0.4180666,-0.0026822,0.0068665
10.012500,24,1.891933329,0.999998,0.4180554,-0.0026822,0.0000000
10.016670,24,1.892627774,0.999998,0.4180443,-0.0026822,0.0000000
10.020830,24,1.893322219,0.999998,0.4180332,-0.0026536,0.0068665
10.025000,24,1.894016664,0.999998,0.4180221,-0.0026608,-0.0017166
10.029170,24,1.894711109,0.999998,0.4180112,-0.0026321,0.0068665
10.033330,24,1.895405554,0.999998,0.4180002,-0.0026321,0.0000000
10.037500,24,1.896099999,0.999998,0.4179893,-0.0026107,0.0051498
10.041670,24,1.896794444,0.999998,0.4179784,-0.0026178,-0.0017166
10.045830,24,1.897488889,0.999998,0.4179675,-0.0026250,-0.0017166
10.050000,24,1.898183334,0.999998,0.4179569,-0.0025463,0.0188828
10.054170,24,1.898877779,0.999998,0.4179460,-0.0025964,-0.0120163
10.058330,24,1.899572224,0.999998,0.4179354,-0.0025535,0.0102997
10.062500,24,1.900266669,0.999998,0.4179247,-0.0025606,-0.0017166
10.066670,24,1.900961114,0.999998,0.4179142,-0.0025249,0.0085831
10.070830,24,1.901655559,0.999998,0.4179036,-0.0025392,-0.0034332
10.075000,24,1.902350004,0.999998,0.4178932,-0.0024962,0.0102997
10.079170,24,1.903044449,0.999998,0.4178828,-0.0025034,-0.0017166
10.083330,24,1.903738894,0.999998,0.4178724,-0.0025034,0.0000000
10.087500,24,1.904433339,0.999998,0.4178621,-0.0024533,0.0120163
10.091670,24,1.905127784,0.999998,0.4178517,-0.0024962,-0.0102997
10.095830,24,1.905822230,0.999998,0.4178416,-0.0024319,0.0154495
10.100000,24,1.906516675,0.999998,0.4178315,-0.0024390,-0.0017166
10.104170,24,1.907211120,0.999998,0.4178213,-0.0024462,-0.0017166
10.108330,24,1.907905565,0.999998,0.4178112,-0.0024176,0.0068665
10.112500,24,1.908600010,0.999998,0.4178012,-0.0024033,0.0034332
10.116670,24,1.909294455,0.999998,0.4177912,-0.0023890,0.0034332
10.120830,24,1.909988900,0.999998,0.4177813,-0.0023818,0.0017166
10.125000,24,1.910683345,0.999998,0.4177714,-0.0023675,0.0034332
10.129170,24,1.911377790,0.999998,0.4177617,-0.0023389,0.0068665
10.133330,24,1.912072235,0.999998,0.4177520,-0.0023317,0.0017166
10.137500,24,1.912766680,0.999998,0.4177423,-0.0023246,0.0017166
10.141670,24,1.913461125,0.999998,0.4177325,-0.0023389,-0.0034332
10.145830,24,1.914155570,0.999998,0.4177230,-0.0022888,0.0120163
10.150000,24,1.914850015,0.999998,0.4177134,-0.0023031,-0.0034332
10.154170,24,1.915544460,0.999998,0.4177040,-0.0022674,0.0085831
10.158330,24,1.916238905,0.999998,0.4176946,-0.0022459,0.0051498
10.162500,24,1.916933350,0.999998,0.4176852,-0.0022459,0.0000000
10.166670,24,1.917627795,0.999998,0.4176759,-0.0022459,0.0000000
10.170830,24,1.918322240,0.999998,0.4176667,-0.0022030,0.0102997
10.175000,24,1.919016685,0.999998,0.4176575,-0.0022030,0.0000000
10.179170,24,1.919711130,0.999998,0.4176483,-0.0022030,0.0000000
10.183330,24,1.920405575,0.999998,0.4176392,-0.0021887,0.0034332
10.187500,24,1.921100020,0.999998,0.4176302,-0.0021601,0.0068665
10.191670,24,1.921794465,0.999998,0.4176213,-0.0021458,0.0034332
10.195830,24,1.922488910,0.999998,0.4176124,-0.0021315,0.0034332
10.200000,24,1.923183355,0.999998,0.4176036,-0.0021029,0.0068665
10.204170,24,1.923877800,0.999998,0.4175948,-0.0021243,-0.0051498
10.208330,24,1.924572245,0.999998,0.4175861,-0.0020885,0.0085831
10.212500,24,1.925266690,0.999998,0.4175775,-0.0020528,0.0085831
10.216670,24,1.925961135,0.999998,0.4175689,-0.0020671,-0.0034332
10.220830,24,1.926655580,0.999998,0.4175603,-0.0020671,0.0000000
10.225000,24,1.927350026,0.999998,0.4175519,-0.0020242,0.0102997
10.229170,24,1.928044471,0.999998,0.4175434,-0.0020242,0.0000000
10.233330,24,1.928738916,0.999998,0.4175351,-0.0020027,0.0051498
10.237500,24,1.929433361,0.999998,0.4175268,-0.0019884,0.0034332
10.241670,24,1.930127806,0.999998,0.4175187,-0.0019526,0.0085831
10.245830,24,1.930822251,0.999998,0.4175106,-0.0019455,0.0017166
10.250000,24,1.931516696,0.999998,0.4175023,-0.0019813,-0.0085831
10.254170,24,1.932211141,0.999998,0.4174944,-0.0019097,0.0171661
10.258330,24,1.932905586,0.999998,0.4174863,-0.0019312,-0.0051498
10.262500,24,1.933600031,0.999998,0.4174784,-0.0018883,0.0102997
10.266670,24,1.934294476,0.999998,0.4174707,-0.0018668,0.0051498
10.270830,24,1.934988921,0.999998,0.4174628,-0.0018811,-0.0034332
10.275000,24,1.935683366,0.999998,0.4174550,-0.0018668,0.0034332
10.279170,24,1.936377811,0.999998,0.4174475,-0.0018168,0.0120163
10.283330,24,1.937072256,0.999998,0.4174398,-0.0018382,-0.0051498
10.287500,24,1.937766701,0.999998,0.4174323,-0.0017953,0.0102997
10.291670,24,1.938461146,0.999998,0.4174249,-0.0017810,0.0034332
10.295830,24,1.939155591,0.999998,0.4174175,-0.0017738,0.0017166
10.300000,24,1.939850036,0.999998,0.4174102,-0.0017667,0.0017166
10.304170,24,1.940544481,0.999998,0.4174029,-0.0017452,0.0051498
10.308330,24,1.941238926,0.999998,0.4173959,-0.0016880,0.0137329
10.312500,24,1.941933371,0.999998,0.4173887,-0.0017166,-0.0068665
10.316670,24,1.942627816,0.999998,0.4173817,-0.0016880,0.0068665
10.320830,24,1.943322261,0.999998,0.4173746,-0.0017023,-0.0034332
10.325000,24,1.944016706,0.999998,0.4173678,-0.0016308,0.0171661
10.329170,24,1.944711151,0.999998,0.4173611,-0.0016165,0.0034332
10.333330,24,1.945405596,0.999998,0.4173543,-0.0016093,0.0017166
10.337500,24,1.946100041,0.999998,0.4173476,-0.0016236,-0.0034332
10.341670,24,1.946794486,0.999998,0.4173409,-0.0016093,0.0034332
10.345830,24,1.947488931,0.999998,0.4173343,-0.0015664,0.0102997
10.350000,24,1.948183377,0.999998,0.4173279,-0.0015593,0.0017166
10.354170,24,1.948877822,0.999998,0.4173216,-0.0015020,0.0137329
10.358330,24,1.949572267,0.999998,0.4173152,-0.0015306,-0.0068665
10.362500,24,1.950266712,0.999998,0.4173089,-0.0015092,0.0051498
10.366670,24,1.950961157,0.999998,0.4173028,-0.0014663,0.0102997
10.370830,24,1.951655602,0.999998,0.4172968,-0.0014520,0.0034332
10.375000,24,1.952350047,0.999998,0.4172908,-0.0014377,0.0034332
10.379170,24,1.953044492,0.999998,0.4172847,-0.0014520,-0.0034332
10.383330,24,1.953738937,0.999998,0.4172789,-0.0014091,0.0102997
10.387500,24,1.954433382,0.999998,0.4172731,-0.0013876,0.0051498
10.391670,24,1.955127827,0.999998,0.4172674,-0.0013733,0.0034332
10.395830,24,1.955822272,0.999998,0.4172617,-0.0013661,0.0017166
10.400000,24,1.956516717,0.999998,0.4172561,-0.0013304,0.0085831
10.404170,24,1.957211162,0.999998,0.4172505,-0.0013375,-0.0017166
10.408330,24,1.957905607,0.999998,0.4172451,-0.0012946,0.0102997
10.412500,24,1.958600052,0.999998,0.4172397,-0.0013018,-0.0017166
10.416670,24,1.959294497,0.999998,0.4172346,-0.0012374,0.0154495
10.420830,24,1.959988942,0.999998,0.4172294,-0.0012445,-0.0017166
10.425000,24,1.960683387,0.999998,0.4172243,-0.0012231,0.0051498
10.429170,24,1.961377832,0.999998,0.4172193,-0.0012016,0.0051498
10.433330,24,1.962072277,0.999998,0.4172144,-0.0011802,0.0051498
10.437500,24,1.962766722,0.999998,0.4172094,-0.0011873,-0.0017166
10.441670,24,1.963461167,0.999998,0.4172047,-0.0011373,0.0120163
10.445830,24,1.964155612,0.999998,0.4171999,-0.0011444,-0.0017166
10.450000,24,1.964850057,0.999998,0.4171954,-0.0010800,0.0154495
10.454170,24,1.965544502,0.999998,0.4171908,-0.0011086,-0.0068665
10.458330,24,1.966238947,0.999998,0.4171863,-0.0010800,0.0068665
10.462500,24,1.966933392,0.999998,0.4171820,-0.0010300,0.0120163
10.466670,24,1.967627837,0.999998,0.4171776,-0.0010443,-0.0034332
10.470830,24,1.968322282,0.999998,0.4171735,-0.0010014,0.0102997
10.475000,24,1.969016727,0.999998,0.4171694,-0.0009871,0.0034332
10.479170,24,1.969711173,0.999998,0.4171654,-0.0009441,0.0102997
10.483330,24,1.970405618,0.999998,0.4171613,-0.0009871,-0.0102997
10.487500,24,1.971100063,0.999998,0.4171575,-0.0009155,0.0171661
10.491670,24,1.971794508,0.999998,0.4171537,-0.0009084,0.0017166
10.495830,24,1.972488953,0.999998,0.4171500,-0.0008941,0.0034332
10.500000,24,1.973183398,0.999998,0.4171464,-0.0008726,0.0051498
10.504170,24,1.973877843,0.999998,0.4171428,-0.0008440,0.0068665
10.508330,24,1.974572288,0.999998,0.4171394,-0.0008368,0.0017166
10.512500,24,1.975266733,0.999998,0.4171360,-0.0008082,0.0068665
10.516670,24,1.975961178,0.999998,0.4171328,-0.0007582,0.0120163
10.520830,24,1.976655623,0.999998,0.4171297,-0.0007582,0.0000000
10.525000,24,1.977350068,0.999998,0.4171264,-0.0007868,-0.0068665
10.529170,24,1.978044513,0.999998,0.4171234,-0.0007153,0.0171661
10.533330,24,1.978738958,0.999998,0.4171205,-0.0006938,0.0051498
10.537500,24,1.979433403,0.999998,0.4171177,-0.0006795,0.0034332
10.541670,24,1.980127848,0.999998,0.4171150,-0.0006509,0.0068665
10.545830,24,1.980822293,0.999998,0.4171123,-0.0006437,0.0017166
10.550000,24,1.981516738,0.999998,0.4171097,-0.0006151,0.0068665
10.554170,24,1.982211183,0.999998,0.4171073,-0.0005794,0.0085831
10.558330,24,1.982905628,0.999998,0.4171048,-0.0006080,-0.0068665
10.562500,24,1.983600073,0.999998,0.4171025,-0.0005579,0.0120163
10.566670,24,1.984294518,0.999998,0.4171003,-0.0005150,0.0102997
10.570830,24,1.984988963,0.999998,0.4170981,-0.0005364,-0.0051498
10.575000,24,1.985683408,0.999998,0.4170961,-0.0004649,0.0171661
10.579170,24,1.986377853,0.999998,0.4170942,-0.0004649,0.0000000
10.583330,24,1.987072298,0.999998,0.4170925,-0.0004077,0.0137329
10.587500,24,1.987766743,0.999998,0.4170906,-0.0004506,-0.0102997
10.591670,24,1.988461188,0.999998,0.4170890,-0.0003862,0.0154495
10.595830,24,1.989155633,0.999998,0.4170875,-0.0003719,0.0034332
10.600000,24,1.989850078,0.999998,0.4170860,-0.0003576,0.0034332
10.604170,24,1.990544523,0.999998,0.4170847,-0.0003147,0.0102997
10.608330,24,1.991238969,0.999998,0.4170833,-0.0003362,-0.0051498
10.612500,24,1.991933414,0.999998,0.4170822,-0.0002575,0.0188828
10.616670,24,1.992627859,0.999998,0.4170811,-0.0002646,-0.0017166
10.620830,24,1.993322304,0.999998,0.4170801,-0.0002360,0.0068665
10.625000,24,1.994016749,0.999998,0.4170792,-0.0002146,0.0051498
10.629170,24,1.994711194,0.999998,0.4170784,-0.0002003,0.0034332
10.633330,24,1.995405639,0.999998,0.4170777,-0.0001645,0.0085831
10.637500,24,1.996100084,0.999998,0.4170769,-0.0001788,-0.0034332
10.641670,24,1.996794529,0.999998,0.4170764,-0.0001359,0.0102997
10.645830,24,1.997488974,0.999998,0.4170757,-0.0001574,-0.0051498
10.650000,24,1.998183419,0.999998,0.4170755,-0.0000644,0.0223160
10.654170,24,1.998877864,0.999998,0.4170753,-0.0000358,0.0068665
10.658330,24,1.999572309,0.999998,0.4170754,0.0000215,0.0137329
10.662500,24,2.000266754,0.999998,0.4170754,-0.0000072,-0.0068665
10.666670,24,2.000961199,0.999998,0.4170754,0.0000000,0.0017166
10.670830,24,2.001655644,0.999998,0.4170755,0.0000286,0.0068665
10.675000,24,2.002350089,0.999998,0.4170757,0.0000572,0.0068665
10.679170,24,2.003044534,0.999998,0.4170762,0.0001144,0.0137329
10.683330,24,2.003738979,0.999998,0.4170769,0.0001645,0.0120163
10.687500,24,2.004433424,0.999998,0.4170775,0.0001574,-0.0017166
10.691670,24,2.005127869,0.999998,0.4170783,0.0001931,0.0085831
10.695830,24,2.005822314,0.999998,0.4170791,0.0001860,-0.0017166
10.700000,24,2.006516759,0.999998,0.4170801,0.0002360,0.0120163
10.704170,24,2.007211204,0.999998,0.4170811,0.0002360,0.0000000
10.708330,24,2.007905649,0.999998,0.4170822,0.0002646,0.0068665
10.712500,24,2.008600094,0.999998,0.4170835,0.0003076,0.0102997
10.716670,24,2.009294539,0.999998,0.4170847,0.0003004,-0.0017166
10.720830,24,2.009988984,0.999998,0.4170860,0.0003004,0.0000000
10.725000,24,2.010683429,0.999998,0.4170875,0.0003576,0.0137329
10.729170,24,2.011377874,0.999998,0.4170890,0.0003791,0.0051498
10.733330,24,2.012072320,0.999998,0.4170909,0.0004363,0.0137329
10.737500,24,2.012766765,0.999998,0.4170927,0.0004435,0.0017166
10.741670,24,2.013461210,0.999998,0.4170946,0.0004649,0.0051498
10.745830,24,2.014155655,0.999998,0.4170968,0.0005078,0.0102997
10.750000,24,2.014850100,0.999998,0.4170988,0.0004935,-0.0034332
10.754170,24,2.015544545,0.999998,0.4171011,0.0005507,0.0137329
10.758330,24,2.016238990,0.999998,0.4171034,0.0005579,0.0017166
10.762500,24,2.016933435,0.999998,0.4171059,0.0005937,0.0085831
10.766670,24,2.017627880,0.999998,0.4171085,0.0006151,0.0051498
10.770830,24,2.018322325,0.999998,0.4171111,0.0006366,0.0051498
10.775000,24,2.019016770,0.999998,0.4171139,0.0006652,0.0068665
10.779170,24,2.019711215,0.999998,0.4171167,0.0006723,0.0017166
10.783330,24,2.020405660,0.999998,0.4171198,0.0007367,0.0154495
10.787500,24,2.021100105,0.999998,0.4171228,0.0007367,0.0000000
10.791670,24,2.021794550,0.999998,0.4171261,0.0007725,0.0085831
10.795830,24,2.022488995,0.999998,0.4171294,0.0008082,0.0085831
10.800000,24,2.023183440,0.999998,0.4171328,0.0008154,0.0017166
10.804170,24,2.023877885,0.999998,0.4171363,0.0008368,0.0051498
10.808330,24,2.024572330,0.999998,0.4171401,0.0009084,0.0171661
10.812500,24,2.025266775,0.999998,0.4171438,0.0008798,-0.0068665
10.816670,24,2.025961220,0.999998,0.4171477,0.0009513,0.0171661
10.820830,24,2.026655665,0.999998,0.4171516,0.0009370,-0.0034332
10.825000,24,2.027350110,0.999998,0.4171558,0.0010085,0.0171661
10.829170,24,2.028044555,0.999998,0.4171600,0.0010014,-0.0017166
10.833330,24,2.028739000,0.999998,0.4171643,0.0010300,0.0068665
10.837500,24,2.029433445,0.999998,0.4171686,0.0010371,0.0017166
10.841670,24,2.030127890,0.999998,0.4171731,0.0010872,0.0120163
10.845830,24,2.030822335,0.999998,0.4171779,0.0011301,0.0102997
10.850000,24,2.031516780,0.999998,0.4171827,0.0011587,0.0068665
10.854170,24,2.032211225,0.999998,0.4171875,0.0011659,0.0017166
10.858330,24,2.032905670,0.999998,0.4171925,0.0011802,0.0034332
10.862500,24,2.033600116,0.999998,0.4171975,0.0012088,0.0068665
10.866670,24,2.034294561,0.999998,0.4172029,0.0012875,0.0188828
10.870830,24,2.034989006,0.999998,0.4172081,0.0012517,-0.0085831
10.875000,24,2.035683451,0.999998,0.4172136,0.0013304,0.0188828
10.879170,24,2.036377896,0.999998,0.4172192,0.0013304,0.0000000
10.883330,24,2.037072341,0.999998,0.4172248,0.0013518,0.0051498
10.887500,24,2.037766786,0.999998,0.4172305,0.0013733,0.0051498
10.891670,24,2.038461231,0.999998,0.4172364,0.0014162,0.0102997
10.895830,24,2.039155676,0.999998,0.4172424,0.0014305,0.0034332
10.900000,24,2.039850121,0.999998,0.4172485,0.0014806,0.0120163
10.904170,24,2.040544566,0.999998,0.4172547,0.0014806,0.0000000
10.908330,24,2.041239011,0.999998,0.4172610,0.0015092,0.0068665
10.912500,24,2.041933456,0.999998,0.4172675,0.0015664,0.0137329
10.916670,24,2.042627901,0.999998,0.4172741,0.0015879,0.0051498
10.920830,24,2.043322346,0.999998,0.4172809,0.0016093,0.0051498
10.925000,24,2.044016791,0.999998,0.4172876,0.0016308,0.0051498
10.929170,24,2.044711236,0.999998,0.4172945,0.0016522,0.0051498
10.933330,24,2.045405681,0.999998,0.4173016,0.0016880,0.0085831
10.937500,24,2.046100126,0.999998,0.4173087,0.0017023,0.0034332
10.941670,24,2.046794571,0.999998,0.4173160,0.0017524,0.0120163
10.945830,24,2.047489016,0.999998,0.4173233,0.0017667,0.0034332
10.950000,24,2.048183461,0.999998,0.4173309,0.0018096,0.0102997
10.954170,24,2.048877906,0.999998,0.4173384,0.0018024,-0.0017166
10.958330,24,2.049572351,0.999998,0.4173463,0.0018954,0.0223160
10.962500,24,2.050266796,0.999998,0.4173540,0.0018597,-0.0085831
10.966670,24,2.050961241,0.999998,0.4173621,0.0019455,0.0205994
10.970830,24,2.051655686,0.999998,0.4173701,0.0019097,-0.0085831
10.975000,24,2.052350131,0.999998,0.4173783,0.0019670,0.0137329
10.979170,24,2.053044576,0.999998,0.4173867,0.0020099,0.0102997
10.983330,24,2.053739021,0.999998,0.4173950,0.0020099,0.0000000
10.987500,24,2.054433466,0.999998,0.4174036,0.0020671,0.0137329
10.991670,24,2.055127912,0.999998,0.4174123,0.0020671,0.0000000
10.995830,24,2.055822357,0.999998,0.4174211,0.0021172,0.0120163
11.000000,25,2.056516814,0.999946,0.4174300,0.0021458,0.0068665
11.004170,25,2.057211307,0.999788,0.4174390,0.0021529,0.0017166
11.008330,25,2.057905861,0.999526,0.4174481,0.0021958,0.0102997
11.012500,25,2.058600500,0.999162,0.4174575,0.0022459,0.0120163
11.016670,25,2.059295246,0.998698,0.4174667,0.0022173,-0.0068665
11.020830,25,2.059990122,0.998137,0.4174761,0.0022531,0.0085831
11.025000,25,2.060685151,0.997480,0.4174857,0.0022960,0.0102997
11.029170,25,2.061380353,0.996729,0.4174953,0.0023174,0.0051498
11.033330,25,2.062075751,0.995887,0.4175051,0.0023317,0.0034332
11.037500,25,2.062771365,0.994956,0.4175150,0.0023818,0.0120163
11.041670,25,2.063467216,0.993937,0.4175249,0.0023818,0.0000000
11.045830,25,2.064163324,0.992832,0.4175349,0.0024033,0.0051498
11.050000,25,2.064859708,0.991643,0.4175452,0.0024605,0.0137329
11.054170,25,2.065556388,0.990373,0.4175554,0.0024462,-0.0034332
11.058330,25,2.066253383,0.989022,0.4175660,0.0025463,0.0240326
11.062500,25,2.066950712,0.987593,0.4175764,0.0025034,-0.0102997
11.066670,25,2.067648392,0.986087,0.4175871,0.0025749,0.0171661
11.070830,25,2.068346441,0.984507,0.4175978,0.0025678,-0.0017166
11.075000,25,2.069044878,0.982854,0.4176086,0.0025821,0.0034332
11.079170,25,2.069743718,0.981129,0.4176195,0.0026178,0.0085831
11.083330,25,2.070442980,0.979334,0.4176306,0.0026536,0.0085831
11.087500,25,2.071142679,0.977471,0.4176417,0.0026822,0.0068665
11.091670,25,2.071842831,0.975542,0.4176531,0.0027180,0.0085831
11.095830,25,2.072543453,0.973548,0.4176644,0.0027180,0.0000000
11.100000,25,2.073244561,0.971490,0.4176758,0.0027394,0.0051498
11.104170,25,2.073946168,0.969371,0.4176873,0.0027680,0.0068665
11.108330,25,2.074648292,0.967191,0.4176992,0.0028396,0.0171661
11.112500,25,2.075350945,0.964952,0.4177109,0.0028181,-0.0051498
11.116670,25,2.076054143,0.962656,0.4177229,0.0028825,0.0154495
11.120830,25,2.076757900,0.960304,0.4177349,0.0028682,-0.0034332
11.125000,25,2.077462229,0.957897,0.4177469,0.0028825,0.0034332
11.129170,25,2.078167145,0.955437,0.4177590,0.0029182,0.0085831
11.133330,25,2.078872660,0.952925,0.4177714,0.0029612,0.0102997
11.137500,25,2.079578788,0.950363,0.4177838,0.0029898,0.0068665
11.141670,25,2.080285541,0.947751,0.4177963,0.0029898,0.0000000
11.145830,25,2.080992933,0.945092,0.4178090,0.0030541,0.0154495
11.150000,25,2.081700975,0.942386,0.4178217,0.0030398,-0.0034332
11.154170,25,2.082409680,0.939634,0.4178346,0.0031042,0.0154495
11.158330,25,2.083119060,0.936839,0.4178475,0.0030971,-0.0017166
11.162500,25,2.083829125,0.934000,0.4178607,0.0031614,0.0154495
11.166670,25,2.084539889,0.931120,0.4178738,0.0031543,-0.0017166
11.170830,25,2.085251362,0.928199,0.4178872,0.0031972,0.0102997
11.175000,25,2.085963554,0.925239,0.4179005,0.0031972,0.0000000
11.179170,25,2.086676478,0.922240,0.4179141,0.0032687,0.0171661
11.183330,25,2.087390142,0.919205,0.4179276,0.0032330,-0.0085831
11.187500,25,2.088104559,0.916133,0.4179413,0.0032973,0.0154495
11.191670,25,2.088819737,0.913026,0.4179550,0.0032973,0.0000000
11.195830,25,2.089535688,0.909885,0.4179690,0.0033617,0.0154495
11.200000,25,2.090252420,0.906712,0.4179830,0.0033545,-0.0017166
11.204170,25,2.090969943,0.903506,0.4179973,0.0034189,0.0154495
11.208330,25,2.091688267,0.900269,0.4180113,0.0033617,-0.0137329
11.212500,25,2.092407401,0.897003,0.4180258,0.0034904,0.0308991
11.216670,25,2.093127354,0.893708,0.4180402,0.0034547,-0.0085831
11.220830,25,2.093848135,0.890384,0.4180548,0.0035048,0.0120163
11.225000,25,2.094569752,0.887034,0.4180694,0.0034904,-0.0034332
11.229170,25,2.095292214,0.883657,0.4180843,0.0035763,0.0205994
11.233330,25,2.096015530,0.880255,0.4180990,0.0035405,-0.0085831
11.237500,25,2.096739707,0.876829,0.4181141,0.0036120,0.0171661
11.241670,25,2.097464753,0.873379,0.4181291,0.0036120,0.0000000
11.245830,25,2.098190677,0.869907,0.4181444,0.0036621,0.0120163
11.250000,25,2.098917486,0.866413,0.4181596,0.0036621,0.0000000
11.254170,25,2.099645187,0.862898,0.4181750,0.0036907,0.0068665
11.258330,25,2.100373787,0.859363,0.4181906,0.0037336,0.0102997
11.262500,25,2.101103295,0.855808,0.4182061,0.0037336,0.0000000
11.266670,25,2.101833716,0.852235,0.4182218,0.0037622,0.0068665
11.270830,25,2.102565059,0.848644,0.4182377,0.0038266,0.0154495
11.275000,25,2.103297328,0.845035,0.4182536,0.0038123,-0.0034332
11.279170,25,2.104030532,0.841411,0.4182695,0.0038195,0.0017166
11.283330,25,2.104764677,0.837771,0.4182858,0.0038910,0.0171661
11.287500,25,2.105499768,0.834116,0.4183020,0.0038981,0.0017166
11.291670,25,2.106235812,0.830447,0.4183184,0.0039339,0.0085831
11.295830,25,2.106972815,0.826764,0.4183349,0.0039554,0.0051498
11.300000,25,2.107710782,0.823069,0.4183514,0.0039697,0.0034332
11.304170,25,2.108449720,0.819361,0.4183680,0.0039911,0.0051498
11.308330,25,2.109189635,0.815642,0.4183848,0.0040197,0.0068665
11.312500,25,2.109930530,0.811912,0.4184017,0.0040555,0.0085831
11.316670,25,2.110672413,0.808172,0.4184187,0.0040841,0.0068665
11.320830,25,2.111415288,0.804422,0.4184358,0.0040984,0.0034332
11.325000,25,2.112159159,0.800663,0.4184529,0.0041127,0.0034332
11.329170,25,2.112904033,0.796895,0.4184702,0.0041556,0.0102997
11.333330,25,2.113649913,0.793120,0.4184877,0.0041914,0.0085831
11.337500,25,2.114396805,0.789337,0.4185052,0.0041914,0.0000000
11.341670,25,2.115144713,0.785548,0.4185228,0.0042343,0.0102997
11.345830,25,2.115893642,0.781752,0.4185405,0.0042486,0.0034332
11.350000,25,2.116643595,0.777951,0.4185582,0.0042486,0.0000000
11.354170,25,2.117394578,0.774144,0.4185763,0.0043345,0.0205994
11.358330,25,2.118146593,0.770333,0.4185943,0.0043273,-0.0017166
11.362500,25,2.118899646,0.766518,0.4186125,0.0043559,0.0068665
11.366670,25,2.119653739,0.762699,0.4186307,0.0043845,0.0068665
11.370830,25,2.120408878,0.758877,0.4186490,0.0043774,-0.0017166
11.375000,25,2.121165064,0.755052,0.4186675,0.0044489,0.0171661
11.379170,25,2.121922302,0.751226,0.4186860,0.0044489,0.0000000
11.383330,25,2.122680596,0.747397,0.4187047,0.0044703,0.0051498
11.387500,25,2.123439948,0.743567,0.4187234,0.0044918,0.0051498
11.391670,25,2.124200362,0.739736,0.4187423,0.0045490,0.0137329
11.395830,25,2.124961841,0.735905,0.4187611,0.0045133,-0.0085831
11.400000,25,2.125724387,0.732074,0.4187802,0.0045848,0.0171661
11.404170,25,2.126488005,0.728243,0.4187993,0.0045705,-0.0034332
11.408330,25,2.127252695,0.724413,0.4188187,0.0046492,0.0188828
11.412500,25,2.128018462,0.720584,0.4188380,0.0046492,0.0000000
11.416670,25,2.128785308,0.716757,0.4188575,0.0046849,0.0085831
11.420830,25,2.129553235,0.712931,0.4188771,0.0046921,0.0017166
11.425000,25,2.130322246,0.709108,0.4188968,0.0047278,0.0085831
11.429170,25,2.131092343,0.705288,0.4189166,0.0047493,0.0051498
11.433330,25,2.131863528,0.701471,0.4189363,0.0047350,-0.0034332
11.437500,25,2.132635803,0.697657,0.4189563,0.0048065,0.0171661
11.441670,25,2.133409170,0.693847,0.4189763,0.0047994,-0.0017166
11.445830,25,2.134183632,0.690041,0.4189966,0.0048709,0.0171661
11.450000,25,2.134959190,0.686239,0.4190169,0.0048637,-0.0017166
11.454170,25,2.135735845,0.682442,0.4190373,0.0048923,0.0068665
11.458330,25,2.136513600,0.678650,0.4190577,0.0049067,0.0034332
11.462500,25,2.137292456,0.674864,0.4190782,0.0049138,0.0017166
11.466670,25,2.138072415,0.671082,0.4190989,0.0049782,0.0154495
11.470830,25,2.138853477,0.667307,0.4191196,0.0049567,-0.0051498
11.475000,25,2.139635645,0.663538,0.4191405,0.0050211,0.0154495
11.479170,25,2.140418919,0.659776,0.4191615,0.0050282,0.0017166
11.483330,25,2.141203300,0.656020,0.4191826,0.0050783,0.0120163
11.487500,25,2.141988791,0.652271,0.4192036,0.0050354,-0.0102997
11.491670,25,2.142775391,0.648530,0.4192250,0.0051427,0.0257492
11.495830,25,2.143563101,0.644796,0.4192463,0.0051069,-0.0085831
11.500000,25,2.144351923,0.641070,0.4192677,0.0051427,0.0085831
11.504170,25,2.145141857,0.637352,0.4192894,0.0051856,0.0102997
11.508330,25,2.145932903,0.633642,0.4193109,0.0051713,-0.0034332
11.512500,25,2.146725063,0.629940,0.4193326,0.0052071,0.0085831
11.516670,25,2.147518337,0.626247,0.4193545,0.0052643,0.0137329
11.520830,25,2.148312725,0.622564,0.4193764,0.0052571,-0.0017166
11.525000,25,2.149108228,0.618889,0.4193985,0.0052929,0.0085831
11.529170,25,2.149904846,0.615223,0.4194205,0.0052786,-0.0034332
11.533330,25,2.150702579,0.611567,0.4194427,0.0053430,0.0154495
11.537500,25,2.151501427,0.607921,0.4194650,0.0053358,-0.0017166
11.541670,25,2.152301391,0.604285,0.4194874,0.0053930,0.0137329
11.545830,25,2.153102471,0.600658,0.4195099,0.0053859,-0.0017166
11.550000,25,2.153904665,0.597042,0.4195324,0.0054073,0.0051498
11.554170,25,2.154707975,0.593437,0.4195551,0.0054431,0.0085831
11.558330,25,2.155512400,0.589842,0.4195778,0.0054431,0.0000000
11.562500,25,2.156317940,0.586258,0.4196005,0.0054646,0.0051498
11.566670,25,2.157124594,0.582685,0.4196236,0.0055218,0.0137329
11.570830,25,2.157932362,0.579123,0.4196466,0.0055218,0.0000000
11.575000,25,2.158741244,0.575572,0.4196697,0.0055432,0.0051498
11.579170,25,2.159551239,0.572033,0.4196928,0.0055647,0.0051498
11.583330,25,2.160362347,0.568505,0.4197161,0.0055790,0.0034332
11.587500,25,2.161174566,0.564989,0.4197395,0.0056076,0.0068665
11.591670,25,2.161987896,0.561484,0.4197629,0.0056291,0.0051498
11.595830,25,2.162802337,0.557992,0.4197865,0.0056577,0.0068665
11.600000,25,2.163617888,0.554512,0.4198102,0.0056863,0.0068665
11.604170,25,2.164434547,0.551044,0.4198338,0.0056720,-0.0034332
11.608330,25,2.165252314,0.547588,0.4198575,0.0056934,0.0051498
11.612500,25,2.166071188,0.544145,0.4198814,0.0057364,0.0102997
11.616670,25,2.166891167,0.540714,0.4199053,0.0057220,-0.0034332
11.620830,25,2.167712251,0.537296,0.4199294,0.0057864,0.0154495
11.625000,25,2.168534439,0.533891,0.4199533,0.0057435,-0.0102997
11.629170,25,2.169357728,0.530499,0.4199775,0.0058007,0.0137329
11.633330,25,2.170182119,0.527120,0.4200018,0.0058365,0.0085831
11.637500,25,2.171007609,0.523753,0.4200261,0.0058365,0.0000000
11.641670,25,2.171834197,0.520400,0.4200506,0.0058651,0.0068665
11.645830,25,2.172661882,0.517061,0.4200750,0.0058651,0.0000000
11.650000,25,2.173490663,0.513734,0.4200996,0.0059009,0.0085831
11.654170,25,2.174320537,0.510421,0.4201242,0.0059152,0.0034332
11.658330,25,2.175151503,0.507122,0.4201488,0.0059080,-0.0017166
11.662500,25,2.175983560,0.503836,0.4201737,0.0059724,0.0154495
11.666670,25,2.176816706,0.500563,0.4201986,0.0059652,-0.0017166
11.670830,25,2.177650938,0.497305,0.4202236,0.0059938,0.0068665
11.675000,25,2.178486256,0.494060,0.4202485,0.0059867,-0.0017166
11.679170,25,2.179322658,0.490829,0.4202735,0.0060010,0.0034332
11.683330,25,2.180160141,0.487612,0.4202987,0.0060511,0.0120163
11.687500,25,2.180998704,0.484409,0.4203240,0.0060654,0.0034332
11.691670,25,2.181838345,0.481220,0.4203492,0.0060439,-0.0051498
11.695830,25,2.182679062,0.478045,0.4203746,0.0060940,0.0120163
11.700000,25,2.183520852,0.474884,0.4203998,0.0060654,-0.0068665
11.704170,25,2.184363714,0.471738,0.4204254,0.0061297,0.0154495
11.708330,25,2.185207645,0.468605,0.4204509,0.0061297,0.0000000
11.712500,25,2.186052644,0.465487,0.4204765,0.0061369,0.0017166
11.716670,25,2.186898708,0.462383,0.4205022,0.0061798,0.0102997
11.720830,25,2.187745834,0.459294,0.4205278,0.0061226,-0.0137329
11.725000,25,2.188594022,0.456219,0.4205536,0.0061941,0.0171661
11.729170,25,2.189443267,0.453158,0.4205794,0.0062013,0.0017166
11.733330,25,2.190293568,0.450112,0.4206053,0.0062156,0.0034332
11.737500,25,2.191144923,0.447080,0.4206312,0.0062227,0.0017166
11.741670,25,2.191997329,0.444063,0.4206573,0.0062513,0.0068665
11.745830,25,2.192850783,0.441060,0.4206834,0.0062585,0.0017166
11.750000,25,2.193705284,0.438072,0.4207094,0.0062442,-0.0034332
11.754170,25,2.194560827,0.435099,0.4207356,0.0062943,0.0120163
11.758330,25,2.195417412,0.432140,0.4207618,0.0062799,-0.0034332
11.762500,25,2.196275035,0.429195,0.4207880,0.0062943,0.0034332
11.766670,25,2.197133693,0.426266,0.4208142,0.0063014,0.0017166
11.770830,25,2.197993385,0.423351,0.4208407,0.0063372,0.0085831
11.775000,25,2.198854106,0.420450,0.4208671,0.0063443,0.0017166
11.779170,25,2.199715855,0.417564,0.4208935,0.0063372,-0.0017166
11.783330,25,2.200578629,0.414693,0.4209200,0.0063515,0.0034332
11.787500,25,2.201442424,0.411837,0.4209465,0.0063658,0.0034332
11.791670,25,2.202307238,0.408995,0.4209730,0.0063729,0.0017166
11.795830,25,2.203173069,0.406168,0.4209997,0.0064015,0.0068665
11.800000,25,2.204039913,0.403355,0.4210263,0.0063944,-0.0017166
11.804170,25,2.204907766,0.400558,0.4210530,0.0064015,0.0017166
11.808330,25,2.205776628,0.397775,0.4210798,0.0064158,0.0034332
11.812500,25,2.206646493,0.395006,0.4211065,0.0064158,0.0000000
11.816670,25,2.207517360,0.392253,0.4211334,0.0064516,0.0085831
11.820830,25,2.208389225,0.389513,0.4211601,0.0064230,-0.0068665
11.825000,25,2.209262086,0.386789,0.4211870,0.0064516,0.0068665
11.829170,25,2.210135938,0.384079,0.4212140,0.0064659,0.0034332
11.833330,25,2.211010779,0.381384,0.4212409,0.0064731,0.0017166
11.837500,25,2.211886607,0.378704,0.4212678,0.0064588,-0.0034332
11.841670,25,2.212763417,0.376038,0.4212947,0.0064588,0.0000000
11.845830,25,2.213641206,0.373386,0.4213217,0.0064731,0.0034332
11.850000,25,2.214519972,0.370750,0.4213488,0.0064945,0.0051498
11.854170,25,2.215399711,0.368127,0.4213759,0.0065017,0.0017166
11.858330,25,2.216280419,0.365520,0.4214030,0.0065160,0.0034332
11.862500,25,2.217162094,0.362927,0.4214300,0.0064802,-0.0085831
11.866670,25,2.218044732,0.360348,0.4214572,0.0065303,0.0120163
11.870830,25,2.218928331,0.357784,0.4214843,0.0065017,-0.0068665
11.875000,25,2.219812885,0.355234,0.4215114,0.0065088,0.0017166
11.879170,25,2.220698393,0.352699,0.4215386,0.0065231,0.0034332
11.883330,25,2.221584851,0.350178,0.4215657,0.0064945,-0.0068665
11.887500,25,2.222472255,0.347671,0.4215928,0.0065160,0.0051498
11.891670,25,2.223360603,0.345179,0.4216201,0.0065374,0.0051498
11.895830,25,2.224249889,0.342701,0.4216473,0.0065303,-0.0017166
11.900000,25,2.225140112,0.340238,0.4216744,0.0065088,-0.0051498
11.904170,25,2.226031268,0.337789,0.4217016,0.0065303,0.0051498
11.908330,25,2.226923353,0.335353,0.4217288,0.0065231,-0.0017166
11.912500,25,2.227816363,0.332933,0.4217561,0.0065446,0.0051498
11.916670,25,2.228710296,0.330526,0.4217834,0.0065589,0.0034332
11.920830,25,2.229605148,0.328133,0.4218105,0.0065160,-0.0102997
11.925000,25,2.230500914,0.325755,0.4218377,0.0065231,0.0017166
11.929170,25,2.231397592,0.323391,0.4218649,0.0065160,-0.0017166
11.933330,25,2.232295178,0.321040,0.4218921,0.0065374,0.0051498
11.937500,25,2.233193669,0.318704,0.4219193,0.0065303,-0.0017166
11.941670,25,2.234093060,0.316381,0.4219466,0.0065374,0.0017166
11.945830,25,2.234993349,0.314073,0.4219736,0.0065017,-0.0085831
11.950000,25,2.235894531,0.311778,0.4220009,0.0065374,0.0085831
11.954170,25,2.236796604,0.309497,0.4220280,0.0065017,-0.0085831
11.958330,25,2.237699562,0.307230,0.4220551,0.0065160,0.0034332
11.962500,25,2.238603404,0.304977,0.4220822,0.0064945,-0.0051498
11.966670,25,2.239508124,0.302738,0.4221094,0.0065303,0.0085831
11.970830,25,2.240413720,0.300512,0.4221364,0.0064802,-0.0120163
11.975000,25,2.241320187,0.298299,0.4221635,0.0065160,0.0085831
11.979170,25,2.242227523,0.296101,0.4221905,0.0064731,-0.0102997
11.983330,25,2.243135722,0.293916,0.4222175,0.0064874,0.0034332
11.987500,25,2.244044783,0.291744,0.4222446,0.0064874,0.0000000
11.991670,25,2.244954700,0.289586,0.4222715,0.0064588,-0.0068665
11.995830,25,2.245865470,0.287441,0.4222984,0.0064588,0.0000000
12.000000,25,2.246777090,0.285310,0.4223252,0.0064373,-0.0051498
12.004170,25,2.247689555,0.283191,0.4223521,0.0064516,0.0034332
12.008330,25,2.248602863,0.281087,0.4223789,0.0064373,-0.0034332
12.012500,25,2.249517009,0.278995,0.4224057,0.0064230,-0.0034332
12.016670,25,2.250431989,0.276916,0.4224326,0.0064588,0.0085831
12.020830,25,2.251347800,0.274851,0.4224593,0.0064158,-0.0102997
12.025000,25,2.252264438,0.272799,0.4224860,0.0063944,-0.0051498
12.029170,25,2.253181899,0.270760,0.4225125,0.0063658,-0.0068665
12.033330,25,2.254100179,0.268733,0.4225391,0.0063729,0.0017166
12.037500,25,2.255019275,0.266720,0.4225655,0.0063586,-0.0034332
12.041670,25,2.255939183,0.264719,0.4225921,0.0063729,0.0034332
12.045830,25,2.256859899,0.262732,0.4226185,0.0063372,-0.0085831
12.050000,25,2.257781420,0.260757,0.4226449,0.0063300,-0.0017166
12.054170,25,2.258703740,0.258795,0.4226712,0.0063157,-0.0034332
12.058330,25,2.259626858,0.256845,0.4226976,0.0063300,0.0034332
12.062500,25,2.260550768,0.254908,0.4227238,0.0062871,-0.0102997
12.066670,25,2.261475468,0.252984,0.4227500,0.0062871,0.0000000
12.070830,25,2.262400953,0.251072,0.4227761,0.0062656,-0.0051498
12.075000,25,2.263327219,0.249173,0.4228021,0.0062513,-0.0034332
12.079170,25,2.264254264,0.247286,0.4228281,0.0062299,-0.0051498
12.083330,25,2.265182082,0.245411,0.4228540,0.0062156,-0.0034332
12.087500,25,2.266110670,0.243549,0.4228799,0.0062156,0.0000000
12.091670,25,2.267040025,0.241699,0.4229057,0.0061870,-0.0068665
12.095830,25,2.267970142,0.239861,0.4229314,0.0061727,-0.0034332
12.100000,25,2.268901018,0.238036,0.4229571,0.0061727,0.0000000
12.104170,25,2.269832649,0.236222,0.4229825,0.0061011,-0.0171661
12.108330,25,2.270765031,0.234420,0.4230081,0.0061440,0.0102997
12.112500,25,2.271698161,0.232631,0.4230334,0.0060797,-0.0154495
12.116670,25,2.272632034,0.230853,0.4230587,0.0060654,-0.0034332
12.120830,25,2.273566647,0.229087,0.4230840,0.0060582,-0.0017166
12.125000,25,2.274501995,0.227333,0.4231091,0.0060368,-0.0051498
12.129170,25,2.275438077,0.225591,0.4231344,0.0060582,0.0051498
12.133330,25,2.276374886,0.223860,0.4231593,0.0059795,-0.0188828
12.137500,25,2.277312420,0.222141,0.4231842,0.0059795,0.0000000
12.141670,25,2.278250675,0.220434,0.4232090,0.0059581,-0.0051498
12.145830,25,2.279189648,0.218738,0.4232339,0.0059652,0.0017166
12.150000,25,2.280129333,0.217054,0.4232584,0.0058794,-0.0205994
12.154170,25,2.281069728,0.215381,0.4232829,0.0058866,0.0017166
12.158330,25,2.282010829,0.213719,0.4233073,0.0058508,-0.0085831
12.162500,25,2.282952632,0.212069,0.4233316,0.0058436,-0.0017166
12.166670,25,2.283895134,0.210430,0.4233559,0.0058293,-0.0034332
12.170830,25,2.284838330,0.208802,0.4233801,0.0058007,-0.0068665
12.175000,25,2.285782217,0.207186,0.4234042,0.0057793,-0.0051498
12.179170,25,2.286726790,0.205580,0.4234280,0.0057220,-0.0137329
12.183330,25,2.287672048,0.203986,0.4234519,0.0057364,0.0034332
12.187500,25,2.288617985,0.202402,0.4234755,0.0056720,-0.0154495
12.191670,25,2.289564597,0.200829,0.4234993,0.0057006,0.0068665
12.195830,25,2.290511882,0.199268,0.4235227,0.0056148,-0.0205994
12.200000,25,2.291459836,0.197717,0.4235461,0.0056291,0.0034332
12.204170,25,2.292408454,0.196176,0.4235694,0.0055790,-0.0120163
12.208330,25,2.293357734,0.194647,0.4235926,0.0055718,-0.0017166
12.212500,25,2.294307671,0.193128,0.4236156,0.0055218,-0.0120163
12.216670,25,2.295258262,0.191620,0.4236385,0.0055003,-0.0051498
12.220830,25,2.296209503,0.190122,0.4236613,0.0054646,-0.0085831
12.225000,25,2.297161390,0.188635,0.4236839,0.0054359,-0.0068665
12.229170,25,2.298113920,0.187158,0.4237065,0.0054073,-0.0068665
12.233330,25,2.299067089,0.185691,0.4237289,0.0053716,-0.0085831
12.237500,25,2.300020894,0.184235,0.4237513,0.0053787,0.0017166
12.241670,25,2.300975330,0.182789,0.4237734,0.0053072,-0.0171661
12.245830,25,2.301930395,0.181353,0.4237955,0.0053072,0.0000000
12.250000,25,2.302886085,0.179927,0.4238174,0.0052571,-0.0120163
12.254170,25,2.303842395,0.178512,0.4238392,0.0052285,-0.0068665
12.258330,25,2.304799323,0.177106,0.4238608,0.0051856,-0.0102997
12.262500,25,2.305756864,0.175710,0.4238823,0.0051641,-0.0051498
12.266670,25,2.306715016,0.174325,0.4239036,0.0051069,-0.0137329
12.270830,25,2.307673775,0.172949,0.4239248,0.0050926,-0.0034332
12.275000,25,2.308633137,0.171583,0.4239461,0.0051069,0.0034332
12.279170,25,2.309593098,0.170226,0.4239669,0.0050068,-0.0240326
12.283330,25,2.310553656,0.168880,0.4239878,0.0049996,-0.0017166
12.287500,25,2.311514805,0.167543,0.4240083,0.0049138,-0.0205994
12.291670,25,2.312476544,0.166215,0.4240289,0.0049567,0.0102997
12.295830,25,2.313438869,0.164897,0.4240491,0.0048494,-0.0257492
12.300000,25,2.314401775,0.163589,0.4240694,0.0048780,0.0068665
12.304170,25,2.315365260,0.162290,0.4240893,0.0047779,-0.0240326
12.308330,25,2.316329319,0.161000,0.4241095,0.0048280,0.0120163
12.312500,25,2.317293951,0.159720,0.4241291,0.0047135,-0.0274658
12.316670,25,2.318259150,0.158449,0.4241486,0.0046921,-0.0051498
12.320830,25,2.319224914,0.157187,0.4241681,0.0046706,-0.0051498
12.325000,25,2.320191240,0.155934,0.4241873,0.0046062,-0.0154495
12.329170,25,2.321158123,0.154690,0.4242065,0.0046062,0.0000000
12.333330,25,2.322125560,0.153456,0.4242255,0.0045562,-0.0120163
12.337500,25,2.323093548,0.152230,0.4242443,0.0045276,-0.0068665
12.341670,25,2.324062084,0.151013,0.4242629,0.0044489,-0.0188828
12.345830,25,2.325031164,0.149805,0.4242815,0.0044632,0.0034332
12.350000,25,2.326000785,0.148606,0.4242996,0.0043559,-0.0257492
12.354170,25,2.326970944,0.147416,0.4243180,0.0044131,0.0137329
12.358330,25,2.327941636,0.146234,0.4243359,0.0042844,-0.0308991
12.362500,25,2.328912859,0.145061,0.4243537,0.0042772,-0.0017166
12.366670,25,2.329884610,0.143897,0.4243712,0.0041914,-0.0205994
12.370830,25,2.330856885,0.142741,0.4243888,0.0042272,0.0085831
12.375000,25,2.331829681,0.141594,0.4244060,0.0041342,-0.0223160
12.379170,25,2.332802994,0.140455,0.4244230,0.0040913,-0.0102997
12.383330,25,2.333776822,0.139325,0.4244401,0.0040841,-0.0017166
12.387500,25,2.334751160,0.138203,0.4244568,0.0040269,-0.0137329
12.391670,25,2.335726007,0.137089,0.4244734,0.0039768,-0.0120163
12.395830,25,2.336701358,0.135983,0.4244898,0.0039268,-0.0120163
12.400000,25,2.337677210,0.134886,0.4245061,0.0039196,-0.0017166
12.404170,25,2.338653561,0.133797,0.4245221,0.0038338,-0.0205994
12.408330,25,2.339630406,0.132716,0.4245381,0.0038552,0.0051498
12.412500,25,2.340607743,0.131643,0.4245535,0.0036907,-0.0394821
12.416670,25,2.341585569,0.130577,0.4245692,0.0037622,0.0171661
12.420830,25,2.342563880,0.129520,0.4245844,0.0036478,-0.0274658
12.425000,25,2.343542674,0.128471,0.4245996,0.0036621,0.0034332
12.429170,25,2.344521946,0.127430,0.4246145,0.0035763,-0.0205994
12.433330,25,2.345501695,0.126396,0.4246293,0.0035405,-0.0085831
12.437500,25,2.346481917,0.125370,0.4246438,0.0034761,-0.0154495
12.441670,25,2.347462608,0.124352,0.4246583,0.0034761,0.0000000
12.445830,25,2.348443766,0.123341,0.4246724,0.0033975,-0.0188828
12.450000,25,2.349425388,0.122338,0.4246863,0.0033402,-0.0137329
12.454170,25,2.350407470,0.121343,0.4247002,0.0033331,-0.0017166
12.458330,25,2.351390010,0.120355,0.4247139,0.0032759,-0.0137329
12.462500,25,2.352373004,0.119375,0.4247274,0.0032330,-0.0102997
12.466670,25,2.353356450,0.118402,0.4247404,0.0031400,-0.0223160
12.470830,25,2.354340345,0.117436,0.4247536,0.0031686,0.0068665
12.475000,25,2.355324685,0.116477,0.4247664,0.0030541,-0.0274658
12.479170,25,2.356309468,0.115526,0.4247792,0.0030756,0.0051498
12.483330,25,2.357294690,0.114582,0.4247915,0.0029469,-0.0308991
12.487500,25,2.358280349,0.113645,0.4248039,0.0029755,0.0068665
12.491670,25,2.359266441,0.112716,0.4248157,0.0028396,-0.0326157
12.495830,22,2.360252965,0.111793,0.4248276,0.0028682,0.0068665
12.500000,22,2.361239916,0.110877,0.4248391,0.0027609,-0.0257492
12.504170,22,2.362227293,0.109969,0.4248508,0.0028038,0.0102997
12.508330,22,2.363215092,0.109067,0.4248620,0.0026751,-0.0308991
12.512500,22,2.364203309,0.108172,0.4248731,0.0026679,-0.0017166
12.516670,22,2.365191944,0.107284,0.4248839,0.0025964,-0.0171661
12.520830,22,2.366180992,0.106403,0.4248945,0.0025535,-0.0102997
12.525000,22,2.367170450,0.105529,0.4249050,0.0025034,-0.0120163
12.529170,22,2.368160317,0.104661,0.4249152,0.0024605,-0.0102997
12.533330,22,2.369150589,0.103800,0.4249253,0.0024176,-0.0102997
12.537500,22,2.370141263,0.102945,0.4249352,0.0023675,-0.0120163
12.541670,22,2.371132337,0.102097,0.4249448,0.0023246,-0.0102997
12.545830,22,2.372123808,0.101256,0.4249541,0.0022244,-0.0240326
12.550000,22,2.373115672,0.100421,0.4249635,0.0022531,0.0068665
12.554170,22,2.374107929,0.099592,0.4249723,0.0021172,-0.0326157
12.558330,22,2.375100574,0.098770,0.4249813,0.0021529,0.0085831
12.562500,22,2.376093604,0.097954,0.4249897,0.0020242,-0.0308991
12.566670,22,2.377087019,0.097145,0.4249983,0.0020671,0.0102997
12.570830,22,2.378080813,0.096342,0.4250064,0.0019240,-0.0343323
12.575000,22,2.379074986,0.095545,0.4250146,0.0019670,0.0102997
12.579170,22,2.380069534,0.094754,0.4250222,0.0018311,-0.0326157
12.583330,22,2.381064455,0.093969,0.4250299,0.0018454,0.0034332
12.587500,22,2.382059746,0.093191,0.4250371,0.0017452,-0.0240326
12.591670,22,2.383055405,0.092418,0.4250445,0.0017667,0.0051498
12.595830,22,2.384051428,0.091651,0.4250514,0.0016522,-0.0274658
12.600000,22,2.385047813,0.090891,0.4250582,0.0016236,-0.0068665
12.604170,22,2.386044559,0.090136,0.4250647,0.0015593,-0.0154495
12.608330,22,2.387041661,0.089387,0.4250709,0.0015092,-0.0120163
12.612500,22,2.388039118,0.088644,0.4250771,0.0014663,-0.0102997
12.616670,22,2.389036928,0.087907,0.4250830,0.0014162,-0.0120163
12.620830,22,2.390035087,0.087176,0.4250888,0.0014091,-0.0017166
12.625000,22,2.391033593,0.086450,0.4250942,0.0012946,-0.0274658
12.629170,22,2.392032444,0.085730,0.4250996,0.0012803,-0.0034332
12.633330,22,2.393031637,0.085016,0.4251046,0.0012231,-0.0137329
12.637500,22,2.394031170,0.084307,0.4251095,0.0011659,-0.0137329
12.641670,22,2.395031040,0.083604,0.4251142,0.0011158,-0.0120163
12.645830,22,2.396031245,0.082906,0.4251188,0.0011158,0.0000000
12.650000,22,2.397031783,0.082214,0.4251230,0.0010085,-0.0257492
12.654170,22,2.398032651,0.081527,0.4251272,0.0010157,0.0017166
12.658330,22,2.399033846,0.080846,0.4251308,0.0008655,-0.0360489
12.662500,22,2.400035367,0.080170,0.4251347,0.0009227,0.0137329
12.666670,22,2.401037211,0.079499,0.4251380,0.0007868,-0.0326157
12.670830,22,2.402039375,0.078834,0.4251414,0.0008225,0.0085831
12.675000,22,2.403041858,0.078174,0.4251442,0.0006723,-0.0360489
12.679170,22,2.404044657,0.077519,0.4251472,0.0007296,0.0137329
12.683330,22,2.405047769,0.076869,0.4251497,0.0005865,-0.0343323
12.687500,22,2.406051193,0.076225,0.4251522,0.0006080,0.0051498
12.691670,22,2.407054926,0.075585,0.4251544,0.0005150,-0.0223160
12.695830,22,2.408058966,0.074951,0.4251564,0.0004864,-0.0068665
12.700000,22,2.409063310,0.074321,0.4251581,0.0004077,-0.0188828
12.704170,22,2.410067957,0.073697,0.4251598,0.0004005,-0.0017166
12.708330,22,2.411072905,0.073078,0.4251611,0.0003219,-0.0188828
12.712500,22,2.412078150,0.072463,0.4251624,0.0003147,-0.0017166
12.716670,22,2.413083690,0.071854,0.4251633,0.0002146,-0.0240326
12.720830,22,2.414089525,0.071249,0.4251642,0.0002074,-0.0017166
12.725000,22,2.415095651,0.070649,0.4251646,0.0001144,-0.0223160
12.729170,22,2.416102066,0.070054,0.4251651,0.0001144,0.0000000
12.733330,22,2.417108768,0.069463,0.4251653,0.0000501,-0.0154495
12.737500,22,2.418115755,0.068878,0.4251653,0.0000000,-0.0120163
12.741670,22,2.419123025,0.068297,0.4251651,-0.0000501,-0.0120163
12.745830,22,2.420130576,0.067720,0.4251646,-0.0001359,-0.0205994
12.750000,22,2.421138406,0.067149,0.4251640,-0.0001359,0.0000000
12.754170,22,2.422146512,0.066582,0.4251632,-0.0001788,-0.0102997
12.758330,22,2.423154892,0.066019,0.4251622,-0.0002432,-0.0154495
12.762500,22,2.424163545,0.065461,0.4251610,-0.0003004,-0.0137329
12.766670,22,2.425172469,0.064907,0.4251598,-0.0002933,0.0017166
12.770830,22,2.426181661,0.064358,0.4251580,-0.0004220,-0.0308991
12.775000,22,2.427191119,0.063813,0.4251563,-0.0004148,0.0017166
12.779170,22,2.428200842,0.063273,0.4251541,-0.0005078,-0.0223160
12.783330,22,2.429210827,0.062737,0.4251521,-0.0004864,0.0051498
12.787500,22,2.430221073,0.062205,0.4251496,-0.0005937,-0.0257492
12.791670,22,2.431231577,0.061678,0.4251472,-0.0005794,0.0034332
12.795830,22,2.432242337,0.061154,0.4251444,-0.0006723,-0.0223160
12.800000,22,2.433253352,0.060635,0.4251416,-0.0006795,-0.0017166
12.804170,22,2.434264620,0.060121,0.4251383,-0.0007939,-0.0274658
12.808330,22,2.435276138,0.059610,0.4251351,-0.0007725,0.0051498
12.812500,22,2.436287905,0.059104,0.4251314,-0.0008726,-0.0240326
12.816670,22,2.437299920,0.058601,0.4251279,-0.0008512,0.0051498
12.820830,22,2.438312179,0.058103,0.4251239,-0.0009513,-0.0240326
12.825000,22,2.439324681,0.057609,0.4251200,-0.0009513,0.0000000
12.829170,22,2.440337425,0.057118,0.4251156,-0.0010443,-0.0223160
12.833330,22,2.441350408,0.056632,0.4251113,-0.0010443,0.0000000
12.837500,22,2.442363629,0.056150,0.4251065,-0.0011516,-0.0257492
12.841670,22,2.443377085,0.055671,0.4251017,-0.0011373,0.0034332
12.845830,22,2.444390776,0.055197,0.4250968,-0.0011945,-0.0137329
12.850000,22,2.445404699,0.054726,0.4250916,-0.0012302,-0.0085831
12.854170,22,2.446418852,0.054259,0.4250863,-0.0012660,-0.0085831
12.858330,22,2.447433234,0.053796,0.4250809,-0.0013161,-0.0120163
12.862500,22,2.448447843,0.053337,0.4250751,-0.0013947,-0.0188828
12.866670,22,2.449462677,0.052881,0.4250692,-0.0014019,-0.0017166
12.870830,22,2.450477734,0.052429,0.4250632,-0.0014377,-0.0085831
12.875000,22,2.451493013,0.051981,0.4250569,-0.0015092,-0.0171661
12.879170,22,2.452508512,0.051536,0.4250506,-0.0015306,-0.0051498
12.883330,22,2.453524230,0.051096,0.4250439,-0.0016022,-0.0171661
12.887500,22,2.454540164,0.050658,0.4250372,-0.0016093,-0.0017166
12.891670,22,2.455556312,0.050225,0.4250303,-0.0016522,-0.0102997
12.895830,22,2.456572675,0.049794,0.4250233,-0.0016737,-0.0051498
12.900000,22,2.457589248,0.049368,0.4250160,-0.0017667,-0.0223160
12.904170,22,2.458606032,0.048945,0.4250087,-0.0017452,0.0051498
12.908330,22,2.459623024,0.048525,0.4250010,-0.0018525,-0.0257492
12.912500,22,2.460640222,0.048109,0.4249933,-0.0018382,0.0034332
12.916670,22,2.461657626,0.047696,0.4249853,-0.0019169,-0.0188828
12.920830,22,2.462675233,0.047287,0.4249773,-0.0019240,-0.0017166
12.925000,22,2.463693042,0.046881,0.4249689,-0.0020099,-0.0205994
12.929170,22,2.464711051,0.046478,0.4249607,-0.0019813,0.0068665
12.933330,22,2.465729259,0.046078,0.4249520,-0.0020885,-0.0257492
12.937500,22,2.466747665,0.045682,0.4249434,-0.0020528,0.0085831
12.941670,22,2.467766265,0.045290,0.4249344,-0.0021601,-0.0257492
12.945830,22,2.468785060,0.044900,0.4249253,-0.0021815,-0.0051498
12.950000,22,2.469804047,0.044514,0.4249160,-0.0022316,-0.0120163
12.954170,22,2.470823226,0.044130,0.4249068,-0.0022244,0.0017166
12.958330,22,2.471842594,0.043750,0.4248972,-0.0022888,-0.0154495
12.962500,22,2.472862150,0.043373,0.4248877,-0.0022817,0.0017166
12.966670,22,2.473881892,0.043000,0.4248778,-0.0023818,-0.0240326
12.970830,22,2.474901820,0.042629,0.4248680,-0.0023603,0.0051498
12.975000,22,2.475921931,0.042261,0.4248578,-0.0024462,-0.0205994
12.979170,22,2.476942224,0.041897,0.4248476,-0.0024462,0.0000000
12.983330,22,2.477962698,0.041535,0.4248370,-0.0025392,-0.0223160
12.987500,22,2.478983352,0.041176,0.4248266,-0.0025034,0.0085831
12.991670,22,2.480004183,0.040821,0.4248158,-0.0025892,-0.0205994
12.995830,22,2.481025190,0.040468,0.4248050,-0.0025749,0.0034332
13.000000,22,2.482046373,0.040118,0.4247940,-0.0026608,-0.0205994
13.004170,22,2.483067729,0.039772,0.4247829,-0.0026464,0.0034332
13.008330,22,2.484089258,0.039428,0.4247716,-0.0027251,-0.0188828
13.012500,22,2.485110957,0.039086,0.4247603,-0.0027180,0.0017166
13.016670,22,2.486132826,0.038748,0.4247486,-0.0027895,-0.0171661
13.020830,22,2.487154863,0.038413,0.4247370,-0.0027895,0.0000000
13.025000,22,2.488177067,0.038080,0.4247251,-0.0028610,-0.0171661
13.029170,22,2.489199437,0.037750,0.4247132,-0.0028467,0.0034332
13.033330,22,2.490221970,0.037423,0.4247010,-0.0029254,-0.0188828
13.037500,22,2.491244667,0.037099,0.4246889,-0.0029111,0.0034332
13.041670,22,2.492267524,0.036777,0.4246765,-0.0029683,-0.0137329
13.045830,22,2.493290543,0.036458,0.4246641,-0.0029826,-0.0034332
13.050000,22,2.494313720,0.036142,0.4246514,-0.0030541,-0.0171661
13.054170,22,2.495337054,0.035828,0.4246388,-0.0030255,0.0068665
13.058330,22,2.496360546,0.035517,0.4246259,-0.0030899,-0.0154495
13.062500,22,2.497384192,0.035208,0.4246130,-0.0031042,-0.0034332
13.066670,22,2.498407992,0.034902,0.4245998,-0.0031543,-0.0120163
13.070830,22,2.499431945,0.034599,0.4245867,-0.0031614,-0.0017166
13.075000,22,2.500456049,0.034298,0.4245733,-0.0031972,-0.0085831
13.079170,22,2.501480304,0.034000,0.4245597,-0.0032616,-0.0154495
13.083330,22,2.502504707,0.033704,0.4245462,-0.0032544,0.0017166
13.087500,22,2.503529258,0.033411,0.4245325,-0.0032830,-0.0068665
13.091670,22,2.504553956,0.033120,0.4245187,-0.0033045,-0.0051498
13.095830,22,2.505578799,0.032831,0.4245048,-0.0033545,-0.0120163
13.100000,22,2.506603787,0.032545,0.4244907,-0.0033760,-0.0051498
13.104170,22,2.507628917,0.032262,0.4244765,-0.0033975,-0.0051498
13.108330,22,2.508654189,0.031981,0.4244622,-0.0034332,-0.0085831
13.112500,22,2.509679602,0.031702,0.4244478,-0.0034547,-0.0051498
13.116670,22,2.510705155,0.031425,0.4244334,-0.0034761,-0.0051498
13.120830,22,2.511730846,0.031151,0.4244188,-0.0034976,-0.0051498
13.125000,22,2.512756674,0.030879,0.4244042,-0.0035048,-0.0017166
13.129170,22,2.513782639,0.030610,0.4243892,-0.0035977,-0.0223160
13.133330,22,2.514808739,0.030342,0.4243744,-0.0035548,0.0102997
13.137500,22,2.515834972,0.030077,0.4243591,-0.0036550,-0.0240326
13.141670,22,2.516861339,0.029814,0.4243442,-0.0035763,0.0188828
13.145830,22,2.517887837,0.029554,0.4243289,-0.0036907,-0.0274658
13.150000,22,2.518914466,0.029295,0.4243136,-0.0036550,0.0085831
13.154170,22,2.519941224,0.029039,0.4242982,-0.0036979,-0.0102997
13.158330,22,2.520968111,0.028785,0.4242827,-0.0037193,-0.0051498
13.162500,22,2.521995126,0.028533,0.4242669,-0.0037909,-0.0171661
13.166670,22,2.523022267,0.028283,0.4242513,-0.0037551,0.0085831
13.170830,22,2.524049534,0.028036,0.4242355,-0.0037909,-0.0085831
13.175000,22,2.525076925,0.027790,0.4242197,-0.0037980,-0.0017166
13.179170,22,2.526104439,0.027547,0.4242035,-0.0038767,-0.0188828
13.183330,22,2.527132076,0.027305,0.4241876,-0.0038195,0.0137329
13.187500,22,2.528159834,0.027066,0.4241713,-0.0039124,-0.0223160
13.191670,22,2.529187712,0.026829,0.4241551,-0.0038910,0.0051498
13.195830,22,2.530215710,0.026593,0.4241388,-0.0039196,-0.0068665
13.200000,22,2.531243827,0.026360,0.4241223,-0.0039482,-0.0068665
13.204170,22,2.532272060,0.026129,0.4241058,-0.0039697,-0.0051498
13.208330,22,2.533300410,0.025899,0.4240893,-0.0039554,0.0034332
13.212500,22,2.534328876,0.025672,0.4240724,-0.0040555,-0.0240326
13.216670,22,2.535357456,0.025446,0.4240557,-0.0039983,0.0137329
13.220830,22,2.536386149,0.025223,0.4240388,-0.0040627,-0.0154495
13.225000,22,2.537414956,0.025001,0.4240220,-0.0040412,0.0051498
13.229170,22,2.538443873,0.024781,0.4240049,-0.0040913,-0.0120163
13.233330,22,2.539472902,0.024563,0.4239880,-0.0040698,0.0051498
13.237500,22,2.540502041,0.024347,0.4239707,-0.0041342,-0.0154495
13.241670,22,2.541531288,0.024133,0.4239535,-0.0041270,0.0017166
13.245830,22,2.542560643,0.023920,0.4239362,-0.0041556,-0.0068665
13.250000,22,2.543590106,0.023710,0.4239188,-0.0041771,-0.0051498
13.254170,22,2.544619675,0.023501,0.4239013,-0.0041914,-0.0034332
13.258330,22,2.545649349,0.023294,0.4238839,-0.0041914,0.0000000
13.262500,22,2.546679128,0.023089,0.4238662,-0.0042343,-0.0102997
13.266670,22,2.547709010,0.022885,0.4238488,-0.0041914,0.0102997
13.270830,22,2.548738995,0.022683,0.4238309,-0.0042915,-0.0240326
13.275000,22,2.549769082,0.022483,0.4238131,-0.0042629,0.0068665
13.279170,22,2.550799269,0.022285,0.4237953,-0.0042772,-0.0034332
13.283330,22,2.551829558,0.022088,0.4237774,-0.0043058,-0.0068665
13.287500,22,2.552859945,0.021893,0.4237593,-0.0043345,-0.0068665
13.291670,22,2.553890431,0.021700,0.4237413,-0.0043201,0.0034332
13.295830,22,2.554921014,0.021508,0.4237232,-0.0043488,-0.0068665
13.300000,22,2.555951695,0.021319,0.4237050,-0.0043631,-0.0034332
13.304170,22,2.556982471,0.021130,0.4236868,-0.0043702,-0.0017166
13.308330,22,2.558013343,0.020943,0.4236685,-0.0043917,-0.0051498
13.312500,22,2.559044309,0.020758,0.4236502,-0.0043988,-0.0017166
13.316670,22,2.560075369,0.020575,0.4236317,-0.0044417,-0.0102997
13.320830,22,2.561106522,0.020393,0.4236133,-0.0044203,0.0051498
13.325000,22,2.562137767,0.020212,0.4235949,-0.0044060,0.0034332
13.329170,22,2.563169103,0.020033,0.4235764,-0.0044489,-0.0102997
13.333330,22,2.564200530,0.019856,0.4235577,-0.0044775,-0.0068665
13.337500,22,2.565232046,0.019680,0.4235391,-0.0044632,0.0034332
13.341670,22,2.566263652,0.019506,0.4235204,-0.0044990,-0.0085831
13.345830,22,2.567295345,0.019333,0.4235015,-0.0045204,-0.0051498
13.350000,22,2.568327127,0.019162,0.4234827,-0.0045133,0.0017166
13.354170,22,2.569358995,0.018992,0.4234639,-0.0045276,-0.0034332
13.358330,22,2.570390949,0.018824,0.4234450,-0.0045347,-0.0017166
13.362500,22,2.571422988,0.018657,0.4234259,-0.0045848,-0.0120163
13.366670,22,2.572455113,0.018491,0.4234070,-0.0045347,0.0120163
13.370830,22,2.573487321,0.018327,0.4233879,-0.0045705,-0.0085831
13.375000,22,2.574519612,0.018165,0.4233689,-0.0045633,0.0017166
13.379170,22,2.575551985,0.018003,0.4233498,-0.0045776,-0.0034332
13.383330,22,2.576584441,0.017843,0.4233306,-0.0046206,-0.0102997
13.387500,22,2.577616977,0.017685,0.4233114,-0.0045919,0.0068665
13.391670,22,2.578649594,0.017528,0.4232921,-0.0046349,-0.0102997
13.395830,22,2.579682291,0.017372,0.4232728,-0.0046277,0.0017166
13.400000,22,2.580715067,0.017218,0.4232536,-0.0046277,0.0000000
13.404170,22,2.581747921,0.017065,0.4232343,-0.0046277,0.0000000
13.408330,22,2.582780853,0.016913,0.4232149,-0.0046563,-0.0068665
13.412500,22,2.583813861,0.016762,0.4231954,-0.0046778,-0.0051498
13.416670,22,2.584846947,0.016613,0.4231759,-0.0046706,0.0017166
13.420830,22,2.585880108,0.016465,0.4231565,-0.0046706,0.0000000
13.425000,22,2.586913344,0.016319,0.4231369,-0.0047064,-0.0085831
13.429170,22,2.587946654,0.016174,0.4231174,-0.0046778,0.0068665
13.433330,22,2.588980039,0.016030,0.4230978,-0.0046849,-0.0017166
13.437500,22,2.590013496,0.015887,0.4230781,-0.0047421,-0.0137329
13.441670,22,2.591047026,0.015745,0.4230585,-0.0046992,0.0102997
13.445830,22,2.592080628,0.015605,0.4230388,-0.0047278,-0.0068665
13.450000,22,2.593114302,0.015466,0.4230191,-0.0047278,0.0000000
13.454170,22,2.594148046,0.015328,0.4229994,-0.0047421,-0.0034332
13.458330,22,2.595181860,0.015191,0.4229796,-0.0047493,-0.0017166
13.462500,22,2.596215744,0.015056,0.4229599,-0.0047278,0.0051498
13.466670,22,2.597249696,0.014921,0.4229399,-0.0047851,-0.0137329
13.470830,22,2.598283717,0.014788,0.4229201,-0.0047565,0.0068665
13.475000,22,2.599317806,0.014656,0.4229003,-0.0047636,-0.0017166
13.479170,22,2.600351962,0.014525,0.4228804,-0.0047565,0.0017166
13.483330,22,2.601386185,0.014396,0.4228605,-0.0047779,-0.0051498
13.487500,22,2.602420473,0.014267,0.4228406,-0.0047779,0.0000000
13.491670,22,2.603454827,0.014140,0.4228206,-0.0047994,-0.0051498
13.495830,22,2.604489246,0.014013,0.4228007,-0.0047779,0.0051498
13.500000,22,2.605523729,0.013888,0.4227807,-0.0048065,-0.0068665
13.504170,22,2.606558276,0.013764,0.4227606,-0.0048208,-0.0034332
13.508330,22,2.607592886,0.013641,0.4227406,-0.0048065,0.0034332
13.512500,22,2.608627559,0.013519,0.4227206,-0.0047922,0.0034332
13.516670,22,2.609662294,0.013398,0.4227005,-0.0048280,-0.0085831
13.520830,22,2.610697091,0.013278,0.4226805,-0.0048065,0.0051498
13.525000,22,2.611731949,0.013159,0.4226604,-0.0048280,-0.0051498
13.529170,22,2.612766867,0.013041,0.4226403,-0.0048065,0.0051498
13.533330,22,2.613801846,0.012924,0.4226201,-0.0048494,-0.0102997
13.537500,22,2.614836884,0.012809,0.4226000,-0.0048351,0.0034332
13.541670,22,2.615871981,0.012694,0.4225799,-0.0048208,0.0034332
13.545830,22,2.616907136,0.012580,0.4225597,-0.0048494,-0.0068665
13.550000,22,2.617942350,0.012467,0.4225396,-0.0048280,0.0051498
13.554170,22,2.618977621,0.012356,0.4225194,-0.0048494,-0.0051498
13.558330,22,2.620012949,0.012245,0.4224992,-0.0048423,0.0017166
13.562500,22,2.621048333,0.012135,0.4224791,-0.0048280,0.0034332
13.566670,22,2.622083774,0.012026,0.4224588,-0.0048566,-0.0068665
13.570830,22,2.623119270,0.011918,0.4224386,-0.0048494,0.0017166
13.575000,22,2.624154821,0.011811,0.4224183,-0.0048780,-0.0068665
13.579170,22,2.625190427,0.011705,0.4223981,-0.0048494,0.0068665
13.583330,22,2.626226086,0.011600,0.4223779,-0.0048566,-0.0017166
13.587500,22,2.627261800,0.011496,0.4223576,-0.0048637,-0.0017166
13.591670,22,2.628297566,0.011393,0.4223374,-0.0048423,0.0051498
13.595830,22,2.629333385,0.011290,0.4223171,-0.0048709,-0.0068665
13.600000,22,2.630369257,0.011189,0.4222969,-0.0048637,0.0017166
13.604170,22,2.631405180,0.011088,0.4222766,-0.0048566,0.0017166
13.608330,22,2.632441155,0.010989,0.4222562,-0.0048995,-0.0102997
13.612500,22,2.633477181,0.010890,0.4222360,-0.0048566,0.0102997
13.616670,22,2.634513257,0.010792,0.4222157,-0.0048566,0.0000000
13.620830,22,2.635549383,0.010695,0.4221954,-0.0048709,-0.0034332
13.625000,22,2.636585558,0.010599,0.4221752,-0.0048494,0.0051498
13.629170,22,2.637621783,0.010503,0.4221549,-0.0048709,-0.0051498
13.633330,22,2.638658057,0.010409,0.4221346,-0.0048709,0.0000000
13.637500,22,2.639694379,0.010315,0.4221143,-0.0048852,-0.0034332
13.641670,22,2.640730748,0.010222,0.4220939,-0.0048995,-0.0034332
13.645830,22,2.641767165,0.010130,0.4220736,-0.0048566,0.0102997
13.650000,22,2.642803630,0.010039,0.4220534,-0.0048637,-0.0017166
13.654170,22,2.643840141,0.009948,0.4220330,-0.0048852,-0.0051498
13.658330,22,2.644876698,0.009859,0.4220128,-0.0048494,0.0085831
13.662500,22,2.645913301,0.009770,0.4219925,-0.0048709,-0.0051498
13.666670,22,2.646949949,0.009682,0.4219722,-0.0048637,0.0017166
13.670830,22,2.647986643,0.009594,0.4219520,-0.0048637,0.0000000
13.675000,22,2.649023381,0.009508,0.4219317,-0.0048566,0.0017166
13.679170,22,2.650060163,0.009422,0.4219114,-0.0048852,-0.0068665
13.683330,22,2.651096989,0.009337,0.4218911,-0.0048709,0.0034332
13.687500,22,2.652133859,0.009253,0.4218708,-0.0048709,0.0000000
13.691670,22,2.653170772,0.009169,0.4218506,-0.0048566,0.0034332
13.695830,22,2.654207727,0.009087,0.4218302,-0.0048780,-0.0051498
13.700000,22,2.655244725,0.009005,0.4218100,-0.0048637,0.0034332
13.704170,22,2.656281765,0.008923,0.4217898,-0.0048494,0.0034332
13.708330,22,2.657318847,0.008843,0.4217696,-0.0048423,0.0017166
13.712500,22,2.658355969,0.008763,0.4217493,-0.0048637,-0.0051498
13.716670,22,2.659393133,0.008683,0.4217290,-0.0048709,-0.0017166
13.720830,22,2.660430337,0.008605,0.4217089,-0.0048351,0.0085831
13.725000,22,2.661467581,0.008527,0.4216886,-0.0048780,-0.0102997
13.729170,22,2.662504866,0.008450,0.4216684,-0.0048280,0.0120163
13.733330,22,2.663542189,0.008374,0.4216482,-0.0048566,-0.0068665
13.737500,22,2.664579552,0.008298,0.4216281,-0.0048280,0.0068665
13.741670,22,2.665616954,0.008223,0.4216079,-0.0048423,-0.0034332
13.745830,22,2.666654393,0.008148,0.4215876,-0.0048709,-0.0068665
13.750000,22,2.667691872,0.008075,0.4215675,-0.0048208,0.0120163
13.754170,22,2.668729387,0.008002,0.4215474,-0.0048351,-0.0034332
13.758330,22,2.669766941,0.007929,0.4215271,-0.0048637,-0.0068665
13.762500,22,2.670804531,0.007857,0.4215070,-0.0048351,0.0068665
13.766670,22,2.671842158,0.007786,0.4214869,-0.0048065,0.0068665
13.770830,22,2.672879822,0.007716,0.4214668,-0.0048280,-0.0051498
13.775000,22,2.673917522,0.007646,0.4214467,-0.0048208,0.0017166
13.779170,22,2.674955257,0.007576,0.4214266,-0.0048280,-0.0017166
13.783330,22,2.675993028,0.007508,0.4214065,-0.0048280,0.0000000
13.787500,22,2.677030835,0.007440,0.4213865,-0.0048137,0.0034332
13.791670,22,2.678068676,0.007372,0.4213664,-0.0048208,-0.0017166
13.795830,22,2.679106551,0.007305,0.4213463,-0.0048137,0.0017166
13.800000,22,2.680144461,0.007239,0.4213263,-0.0047922,0.0051498
13.804170,22,2.681182405,0.007173,0.4213063,-0.0047994,-0.0017166
13.808330,22,2.682220383,0.007108,0.4212863,-0.0048137,-0.0034332
13.812500,22,2.683258394,0.007044,0.4212663,-0.0048065,0.0017166
13.816670,22,2.684296438,0.006980,0.4212463,-0.0047851,0.0051498
13.820830,22,2.685334515,0.006916,0.4212264,-0.0047779,0.0017166
13.825000,22,2.686372624,0.006854,0.4212065,-0.0047779,0.0000000
13.829170,22,2.687410766,0.006791,0.4211865,-0.0047922,-0.0034332
13.833330,22,2.688448939,0.006730,0.4211666,-0.0047851,0.0017166
13.837500,22,2.689487144,0.006668,0.4211467,-0.0047779,0.0017166
13.841670,22,2.690525381,0.006608,0.4211268,-0.0047779,0.0000000
13.845830,22,2.691563649,0.006548,0.4211069,-0.0047779,0.0000000
13.850000,22,2.692601947,0.006488,0.4210870,-0.0047636,0.0034332
13.854170,22,2.693640276,0.006429,0.4210672,-0.0047636,0.0000000
13.858330,22,2.694678635,0.006371,0.4210474,-0.0047350,0.0068665
13.862500,22,2.695717024,0.006313,0.4210276,-0.0047708,-0.0085831
13.866670,22,2.696755443,0.006255,0.4210078,-0.0047493,0.0051498
13.870830,22,2.697793891,0.006198,0.4209880,-0.0047421,0.0017166
13.875000,22,2.698832369,0.006142,0.4209683,-0.0047350,0.0017166
13.879170,22,2.699870875,0.006086,0.4209484,-0.0047636,-0.0068665
13.883330,22,2.700909410,0.006031,0.4209287,-0.0047278,0.0085831
13.887500,22,2.701947974,0.005976,0.4209090,-0.0047278,0.0000000
13.891670,22,2.702986566,0.005921,0.4208893,-0.0047278,0.0000000
13.895830,22,2.704025185,0.005867,0.4208696,-0.0047350,-0.0017166
13.900000,22,2.705063833,0.005814,0.4208500,-0.0047064,0.0068665
13.904170,22,2.706102508,0.005761,0.4208304,-0.0047064,0.0000000
13.908330,22,2.707141210,0.005708,0.4208107,-0.0047278,-0.0051498
13.912500,22,2.708179939,0.005656,0.4207911,-0.0046921,0.0085831
13.916670,22,2.709218694,0.005605,0.4207715,-0.0047135,-0.0051498
13.920830,22,2.710257476,0.005554,0.4207519,-0.0046992,0.0034332
13.925000,22,2.711296285,0.005503,0.4207325,-0.0046706,0.0068665
13.929170,22,2.712335119,0.005453,0.4207130,-0.0046706,0.0000000
13.933330,22,2.713373979,0.005403,0.4206935,-0.0046921,-0.0051498
13.937500,22,2.714412865,0.005354,0.4206739,-0.0046849,0.0017166
13.941670,22,2.715451776,0.005305,0.4206545,-0.0046563,0.0068665
13.945830,22,2.716490712,0.005257,0.4206352,-0.0046492,0.0017166
13.950000,22,2.717529673,0.005209,0.4206156,-0.0046992,-0.0120163
13.954170,22,2.718568659,0.005161,0.4205963,-0.0046349,0.0154495
13.958330,22,2.719607669,0.005114,0.4205768,-0.0046635,-0.0068665
13.962500,22,2.720646703,0.005067,0.4205575,-0.0046492,0.0034332
13.966670,22,2.721685761,0.005021,0.4205382,-0.0046277,0.0051498
13.970830,22,2.722724843,0.004975,0.4205188,-0.0046563,-0.0068665
13.975000,22,2.723763949,0.004930,0.4204996,-0.0046134,0.0102997
13.979170,22,2.724803078,0.004884,0.4204802,-0.0046492,-0.0085831
13.983330,22,2.725842230,0.004840,0.4204610,-0.0045991,0.0120163
13.987500,22,2.726881405,0.004796,0.4204419,-0.0045991,0.0000000
13.991670,22,2.727920602,0.004752,0.4204225,-0.0046420,-0.0102997
13.995830,22,2.728959823,0.004708,0.4204033,-0.0046062,0.0085831
14.000000,22,2.729999065,0.004665,0.4203842,-0.0045991,0.0017166
14.004170,22,2.731038330,0.004623,0.4203651,-0.0045848,0.0034332
14.008330,22,2.732077617,0.004580,0.4203459,-0.0046062,-0.0051498
14.012500,22,2.733116925,0.004538,0.4203268,-0.0045705,0.0085831
14.016670,22,2.734156255,0.004497,0.4203078,-0.0045776,-0.0017166
14.020830,22,2.735195606,0.004456,0.4202887,-0.0045848,-0.0017166
14.025000,22,2.736234979,0.004415,0.4202696,-0.0045633,0.0051498
14.029170,22,2.737274372,0.004374,0.4202507,-0.0045562,0.0017166
14.033330,22,2.738313786,0.004334,0.4202317,-0.0045562,0.0000000
14.037500,22,2.739353221,0.004295,0.4202127,-0.0045633,-0.0017166
14.041670,22,2.740392676,0.004255,0.4201937,-0.0045490,0.0034332
14.045830,22,2.741432151,0.004216,0.4201748,-0.0045276,0.0051498
14.050000,22,2.742471647,0.004178,0.4201559,-0.0045347,-0.0017166
14.054170,22,2.743511162,0.004139,0.4201371,-0.0045133,0.0051498
14.058330,22,2.744550697,0.004101,0.4201183,-0.0045276,-0.0034332
14.062500,22,2.745590252,0.004064,0.4200996,-0.0044918,0.0085831
14.066670,22,2.746629825,0.004026,0.4200806,-0.0045419,-0.0120163
14.070830,22,2.747669418,0.003990,0.4200619,-0.0044990,0.0102997
14.075000,22,2.748709030,0.003953,0.4200431,-0.0045204,-0.0051498
14.079170,22,2.749748661,0.003917,0.4200244,-0.0044775,0.0102997
14.083330,22,2.750788310,0.003881,0.4200058,-0.0044703,0.0017166
14.087500,22,2.751827978,0.003845,0.4199871,-0.0044703,0.0000000
14.091670,22,2.752867664,0.003810,0.4199685,-0.0044847,-0.0034332
14.095830,22,2.753907369,0.003775,0.4199498,-0.0044703,0.0034332
14.100000,22,2.754947091,0.003740,0.4199312,-0.0044703,0.0000000
14.104170,22,2.755986831,0.003706,0.4199127,-0.0044489,0.0051498
14.108330,22,2.757026589,0.003672,0.4198941,-0.0044489,0.0000000
14.112500,22,2.758066365,0.003638,0.4198757,-0.0044346,0.0034332
14.116670,22,2.759106157,0.003605,0.4198572,-0.0044274,0.0017166
14.120830,22,2.760145967,0.003572,0.4198387,-0.0044417,-0.0034332
14.125000,22,2.761185794,0.003539,0.4198203,-0.0044203,0.0051498
14.129170,22,2.762225638,0.003506,0.4198019,-0.0044203,0.0000000
14.133330,22,2.763265498,0.003474,0.4197834,-0.0044203,0.0000000
14.137500,22,2.764305375,0.003442,0.4197651,-0.0044131,0.0017166
14.141670,22,2.765345269,0.003410,0.4197468,-0.0043702,0.0102997
14.145830,22,2.766385179,0.003379,0.4197285,-0.0043988,-0.0068665
14.150000,22,2.767425105,0.003348,0.4197102,-0.0043917,0.0017166
14.154170,22,2.768465047,0.003317,0.4196920,-0.0043702,0.0051498
14.158330,22,2.769505004,0.003287,0.4196739,-0.0043416,0.0068665
14.162500,22,2.770544978,0.003256,0.4196556,-0.0043917,-0.0120163
14.166670,22,2.771584967,0.003226,0.4196376,-0.0043345,0.0137329
14.170830,22,2.772624971,0.003197,0.4196194,-0.0043559,-0.0051498
14.175000,22,2.773664991,0.003167,0.4196014,-0.0043273,0.0068665
14.179170,22,2.774705026,0.003138,0.4195832,-0.0043559,-0.0068665
14.183330,22,2.775745076,0.003109,0.4195652,-0.0043273,0.0068665
14.187500,22,2.776785141,0.003081,0.4195473,-0.0043058,0.0051498
14.191670,22,2.777825220,0.003052,0.4195293,-0.0043130,-0.0017166
14.195830,22,2.778865314,0.003024,0.4195114,-0.0042987,0.0034332
14.200000,22,2.779905423,0.002996,0.4194934,-0.0043130,-0.0034332
14.204170,22,2.780945546,0.002969,0.4194755,-0.0042915,0.0051498
14.208330,22,2.781985683,0.002941,0.4194577,-0.0042844,0.0017166
14.212500,22,2.783025834,0.002914,0.4194399,-0.0042772,0.0017166
14.216670,22,2.784065999,0.002887,0.4194221,-0.0042701,0.0017166
14.220830,22,2.785106178,0.002861,0.4194042,-0.0042844,-0.0034332
14.225000,22,2.786146371,0.002834,0.4193866,-0.0042200,0.0154495
14.229170,22,2.787186577,0.002808,0.4193689,-0.0042558,-0.0085831
14.233330,22,2.788226797,0.002782,0.4193512,-0.0042486,0.0017166
14.237500,22,2.789267030,0.002756,0.4193336,-0.0042129,0.0085831
14.241670,22,2.790307276,0.002731,0.4193160,-0.0042415,-0.0068665
14.245830,22,2.791347535,0.002706,0.4192984,-0.0042129,0.0068665
14.250000,22,2.792387808,0.002681,0.4192809,-0.0042129,0.0000000
14.254170,22,2.793428093,0.002656,0.4192634,-0.0041986,0.0034332
14.258330,22,2.794468391,0.002632,0.4192459,-0.0041842,0.0034332
14.262500,22,2.795508701,0.002607,0.4192286,-0.0041628,0.0051498
14.266670,22,2.796549024,0.002583,0.4192112,-0.0041699,-0.0017166
14.270830,22,2.797589360,0.002559,0.4191937,-0.0042129,-0.0102997
14.275000,22,2.798629707,0.002536,0.4191765,-0.0041270,0.0205994
14.279170,22,2.799670067,0.002512,0.4191592,-0.0041413,-0.0034332
14.283330,22,2.800710439,0.002489,0.4191419,-0.0041628,-0.0051498
14.287500,22,2.801750823,0.002466,0.4191247,-0.0041199,0.0102997
14.291670,22,2.802791219,0.002443,0.4191075,-0.0041342,-0.0034332
14.295830,22,2.803831626,0.002421,0.4190904,-0.0041056,0.0068665
14.300000,22,2.804872046,0.002398,0.4190733,-0.0040913,0.0034332
14.304170,22,2.805912476,0.002376,0.4190562,-0.0040984,-0.0017166
14.308330,22,2.806952918,0.002354,0.4190392,-0.0040913,0.0017166
14.312500,22,2.807993372,0.002332,0.4190221,-0.0040913,0.0000000
14.316670,22,2.809033836,0.002311,0.4190052,-0.0040698,0.0051498
14.320830,22,2.810074312,0.002289,0.4189883,-0.0040555,0.0034332
14.325000,22,2.811114799,0.002268,0.4189715,-0.0040197,0.0085831
14.329170,22,2.812155296,0.002247,0.4189545,-0.0040841,-0.0154495
14.333330,22,2.813195805,0.002226,0.4189377,-0.0040340,0.0120163
14.337500,22,2.814236324,0.002206,0.4189211,-0.0039983,0.0085831
14.341670,22,2.815276854,0.002185,0.4189043,-0.0040126,-0.0034332
14.345830,22,2.816317394,0.002165,0.4188875,-0.0040340,-0.0051498
14.350000,22,2.817357945,0.002145,0.4188710,-0.0039768,0.0137329
14.354170,22,2.818398506,0.002125,0.4188543,-0.0040054,-0.0068665
14.358330,22,2.819439077,0.002106,0.4188378,-0.0039625,0.0102997
14.362500,22,2.820479658,0.002086,0.4188212,-0.0039625,0.0000000
14.366670,22,2.821520250,0.002067,0.4188047,-0.0039625,0.0000000
14.370830,22,2.822560851,0.002048,0.4187883,-0.0039339,0.0068665
14.375000,22,2.823601463,0.002029,0.4187719,-0.0039482,-0.0034332
14.379170,22,2.824642084,0.002010,0.4187555,-0.0039411,0.0017166
14.383330,22,2.825682714,0.001991,0.4187392,-0.0039053,0.0085831
14.387500,22,2.826723355,0.001973,0.4187229,-0.0039124,-0.0017166
14.391670,22,2.827764005,0.001954,0.4187067,-0.0038838,0.0068665
14.395830,22,2.828804664,0.001936,0.4186904,-0.0039053,-0.0051498
14.400000,22,2.829845332,0.001918,0.4186744,-0.0038409,0.0154495
14.404170,22,2.830886010,0.001900,0.4186583,-0.0038695,-0.0068665
14.408330,22,2.831926697,0.001883,0.4186423,-0.0038552,0.0034332
14.412500,22,2.832967393,0.001865,0.4186262,-0.0038552,0.0000000
14.416670,22,2.834008098,0.001848,0.4186103,-0.0038195,0.0085831
14.420830,22,2.835048812,0.001831,0.4185942,-0.0038481,-0.0068665
14.425000,22,2.836089535,0.001814,0.4185785,-0.0037837,0.0154495
14.429170,22,2.837130267,0.001797,0.4185626,-0.0038052,-0.0051498
14.433330,22,2.838171007,0.001780,0.4185469,-0.0037766,0.0068665
14.437500,22,2.839211756,0.001764,0.4185311,-0.0037980,-0.0051498
14.441670,22,2.840252513,0.001747,0.4185154,-0.0037551,0.0102997
14.445830,22,2.841293279,0.001731,0.4184998,-0.0037551,0.0000000
14.450000,22,2.842334053,0.001715,0.4184843,-0.0037122,0.0102997
14.454170,22,2.843374836,0.001699,0.4184687,-0.0037408,-0.0068665
14.458330,22,2.844415626,0.001683,0.4184533,-0.0036979,0.0102997
14.462500,22,2.845456425,0.001668,0.4184378,-0.0037122,-0.0034332
14.466670,22,2.846497232,0.001652,0.4184225,-0.0036764,0.0085831
14.470830,22,2.847538047,0.001637,0.4184071,-0.0036907,-0.0034332
14.475000,22,2.848578870,0.001622,0.4183920,-0.0036335,0.0137329
14.479170,22,2.849619700,0.001607,0.4183767,-0.0036621,-0.0068665
14.483330,22,2.850660539,0.001592,0.4183616,-0.0036407,0.0051498
14.487500,22,2.851701385,0.001577,0.4183464,-0.0036478,-0.0017166
14.491670,22,2.852742238,0.001562,0.4183314,-0.0035834,0.0154495
14.495830,22,2.853783100,0.001548,0.4183164,-0.0036120,-0.0068665
14.500000,22,2.854823968,0.001533,0.4183015,-0.0035763,0.0085831
14.504170,22,2.855864845,0.001519,0.4182864,-0.0036120,-0.0085831
14.508330,22,2.856905728,0.001505,0.4182717,-0.0035334,0.0188828
14.512500,22,2.857946619,0.001491,0.4182570,-0.0035262,0.0017166
14.516670,22,2.858987517,0.001477,0.4182423,-0.0035334,-0.0017166
14.520830,22,2.860028422,0.001463,0.4182275,-0.0035620,-0.0068665
14.525000,22,2.861069334,0.001450,0.4182129,-0.0035048,0.0137329
14.529170,22,2.862110254,0.001436,0.4181983,-0.0034976,0.0017166
14.533330,22,2.863151180,0.001423,0.4181839,-0.0034475,0.0120163
14.537500,22,2.864192113,0.001410,0.4181695,-0.0034690,-0.0051498
14.541670,22,2.865233053,0.001396,0.4181552,-0.0034332,0.0085831
14.545830,22,2.866274000,0.001383,0.4181408,-0.0034475,-0.0034332
14.550000,22,2.867314953,0.001371,0.4181267,-0.0033903,0.0137329
14.554170,22,2.868355913,0.001358,0.4181124,-0.0034261,-0.0085831
14.558330,22,2.869396880,0.001345,0.4180984,-0.0033689,0.0137329
14.562500,22,2.870437853,0.001333,0.4180842,-0.0033975,-0.0068665
14.566670,22,2.871478832,0.001320,0.4180702,-0.0033545,0.0102997
14.570830,22,2.872519819,0.001308,0.4180563,-0.0033402,0.0034332
14.575000,22,2.873560811,0.001296,0.4180424,-0.0033402,0.0000000
14.579170,22,2.874601809,0.001284,0.4180286,-0.0033045,0.0085831
14.583330,22,2.875642814,0.001272,0.4180149,-0.0032973,0.0017166
14.587500,22,2.876683825,0.001260,0.4180013,-0.0032544,0.0102997
14.591670,22,2.877724843,0.001248,0.4179877,-0.0032616,-0.0017166
14.595830,22,2.878765866,0.001236,0.4179741,-0.0032759,-0.0034332
14.600000,22,2.879806895,0.001225,0.4179608,-0.0031972,0.0188828
14.604170,22,2.880847930,0.001213,0.4179473,-0.0032401,-0.0102997
14.608330,22,2.881888971,0.001202,0.4179340,-0.0031829,0.0137329
14.612500,22,2.882930018,0.001191,0.4179207,-0.0031900,-0.0017166
14.616670,22,2.883971071,0.001180,0.4179076,-0.0031471,0.0102997
14.620830,22,2.885012129,0.001169,0.4178945,-0.0031543,-0.0017166
14.625000,22,2.886053193,0.001158,0.4178815,-0.0031042,0.0120163
14.629170,22,2.887094263,0.001147,0.4178685,-0.0031328,-0.0068665
14.633330,22,2.888135338,0.001136,0.4178557,-0.0030756,0.0137329
14.637500,22,2.889176419,0.001126,0.4178429,-0.0030613,0.0034332
14.641670,22,2.890217505,0.001115,0.4178301,-0.0030684,-0.0017166
14.645830,22,2.891258597,0.001105,0.4178174,-0.0030398,0.0068665
14.650000,22,2.892299694,0.001094,0.4178050,-0.0029969,0.0102997
14.654170,22,2.893340796,0.001084,0.4177924,-0.0030041,-0.0017166
14.658330,22,2.894381904,0.001074,0.4177800,-0.0029898,0.0034332
14.662500,22,2.895423016,0.001064,0.4177677,-0.0029469,0.0102997
14.666670,22,2.896464134,0.001054,0.4177554,-0.0029540,-0.0017166
14.670830,22,2.897505258,0.001044,0.4177432,-0.0029254,0.0068665
14.675000,22,2.898546386,0.001034,0.4177311,-0.0028968,0.0068665
14.679170,22,2.899587519,0.001025,0.4177192,-0.0028682,0.0068665
14.683330,22,2.900628657,0.001015,0.4177071,-0.0029039,-0.0085831
14.687500,22,2.901669801,0.001006,0.4176953,-0.0028396,0.0154495
14.691670,22,2.902710949,0.000996,0.4176836,-0.0027967,0.0102997
14.695830,22,2.903752101,0.000987,0.4176718,-0.0028253,-0.0068665
14.700000,22,2.904793259,0.000978,0.4176603,-0.0027752,0.0120163
14.704170,22,2.905834422,0.000969,0.4176489,-0.0027394,0.0085831
14.708330,22,2.906875589,0.000960,0.4176375,-0.0027323,0.0017166
14.712500,22,2.907916761,0.000951,0.4176261,-0.0027323,0.0000000
14.716670,22,2.908957937,0.000942,0.4176149,-0.0026894,0.0102997
14.720830,22,2.909999118,0.000933,0.4176036,-0.0026965,-0.0017166
14.725000,22,2.911040304,0.000924,0.4175926,-0.0026608,0.0085831
14.729170,22,2.912081494,0.000915,0.4175815,-0.0026464,0.0034332
14.733330,22,2.913122688,0.000907,0.4175707,-0.0025892,0.0137329
14.737500,22,2.914163887,0.000898,0.4175601,-0.0025535,0.0085831
14.741670,22,2.915205091,0.000890,0.4175493,-0.0025892,-0.0085831
14.745830,22,2.916246299,0.000882,0.4175386,-0.0025606,0.0068665
14.750000,22,2.917287511,0.000873,0.4175282,-0.0025034,0.0137329
14.754170,22,2.918328727,0.000865,0.4175178,-0.0025034,0.0000000
14.758330,22,2.919369947,0.000857,0.4175075,-0.0024605,0.0102997
14.762500,22,2.920411172,0.000849,0.4174974,-0.0024319,0.0068665
14.766670,22,2.921452401,0.000841,0.4174873,-0.0024247,0.0017166
14.770830,22,2.922493634,0.000833,0.4174771,-0.0024390,-0.0034332
14.775000,22,2.923534871,0.000825,0.4174672,-0.0023818,0.0137329
14.779170,22,2.924576112,0.000818,0.4174575,-0.0023317,0.0120163
14.783330,22,2.925617357,0.000810,0.4174479,-0.0023031,0.0068665
14.787500,22,2.926658606,0.000802,0.4174382,-0.0023246,-0.0051498
14.791670,22,2.927699859,0.000795,0.4174288,-0.0022674,0.0137329
14.795830,22,2.928741115,0.000787,0.4174194,-0.0022531,0.0034332
14.800000,22,2.929782376,0.000780,0.4174101,-0.0022316,0.0051498
14.804170,22,2.930823640,0.000773,0.4174009,-0.0022030,0.0068665
14.808330,22,2.931864909,0.000765,0.4173918,-0.0021887,0.0034332
14.812500,22,2.932906180,0.000758,0.4173828,-0.0021458,0.0102997
14.816670,22,2.933947456,0.000751,0.4173740,-0.0021243,0.0051498
14.820830,22,2.934988735,0.000744,0.4173652,-0.0021100,0.0034332
14.825000,22,2.936030018,0.000737,0.4173566,-0.0020671,0.0102997
14.829170,22,2.937071305,0.000730,0.4173481,-0.0020456,0.0051498
14.833330,22,2.938112595,0.000723,0.4173397,-0.0020170,0.0068665
14.837500,22,2.939153888,0.000717,0.4173314,-0.0019884,0.0068665
14.841670,22,2.940195186,0.000710,0.4173232,-0.0019670,0.0051498
14.845830,22,2.941236486,0.000703,0.4173151,-0.0019312,0.0085831
14.850000,22,2.942277790,0.000697,0.4173071,-0.0019240,0.0017166
14.854170,22,2.943319098,0.000690,0.4172992,-0.0018883,0.0085831
14.858330,22,2.944360409,0.000684,0.4172917,-0.0018096,0.0188828
14.862500,22,2.945401723,0.000677,0.4172840,-0.0018454,-0.0085831
14.866670,22,2.946443040,0.000671,0.4172766,-0.0017881,0.0137329
14.870830,22,2.947484361,0.000664,0.4172692,-0.0017738,0.0034332
14.875000,22,2.948525685,0.000658,0.4172620,-0.0017238,0.0120163
14.879170,22,2.949567012,0.000652,0.4172549,-0.0017095,0.0034332
14.883330,22,2.950608343,0.000646,0.4172478,-0.0016952,0.0034332
14.887500,22,2.951649676,0.000640,0.4172409,-0.0016594,0.0085831
14.891670,22,2.952691013,0.000634,0.4172342,-0.0015950,0.0154495
14.895830,22,2.953732352,0.000628,0.4172276,-0.0015879,0.0017166
14.900000,22,2.954773695,0.000622,0.4172212,-0.0015521,0.0085831
14.904170,22,2.955815041,0.000616,0.4172148,-0.0015306,0.0051498
14.908330,22,2.956856390,0.000610,0.4172085,-0.0015020,0.0068665
14.912500,22,2.957897742,0.000605,0.4172024,-0.0014734,0.0068665
14.916670,22,2.958939097,0.000599,0.4171965,-0.0014091,0.0154495
14.920830,22,2.959980455,0.000593,0.4171906,-0.0014162,-0.0017166
14.925000,22,2.961021816,0.000588,0.4171849,-0.0013733,0.0102997
14.929170,22,2.962063179,0.000582,0.4171793,-0.0013447,0.0068665
14.933330,22,2.963104546,0.000577,0.4171740,-0.0012803,0.0154495
14.937500,22,2.964145915,0.000571,0.4171687,-0.0012589,0.0051498
14.941670,22,2.965187287,0.000566,0.4171636,-0.0012231,0.0085831
14.945830,22,2.966228662,0.000561,0.4171585,-0.0012302,-0.0017166
14.950000,22,2.967270039,0.000555,0.4171536,-0.0011730,0.0137329
14.954170,22,2.968311420,0.000550,0.4171488,-0.0011444,0.0068665
14.958330,22,2.969352803,0.000545,0.4171442,-0.0011158,0.0068665
14.962500,22,2.970394188,0.000540,0.4171397,-0.0010729,0.0102997
14.966670,22,2.971435577,0.000535,0.4171354,-0.0010300,0.0102997
14.970830,22,2.972476968,0.000530,0.4171313,-0.0009942,0.0085831
14.975000,22,2.973518361,0.000525,0.4171273,-0.0009584,0.0085831
14.979170,22,2.974559757,0.000520,0.4171234,-0.0009370,0.0051498
14.983330,22,2.975601156,0.000515,0.4171197,-0.0008941,0.0102997
14.987500,22,2.976642557,0.000510,0.4171160,-0.0008869,0.0017166
14.991670,22,2.977683961,0.000505,0.4171125,-0.0008225,0.0154495
14.995830,22,2.978725367,0.000500,0.4171093,-0.0007868,0.0085831
15.000000,22,2.979766775,0.000496,0.4171060,-0.0007725,0.0034332
15.004170,22,2.980808187,0.000491,0.4171031,-0.0007010,0.0171661
15.008330,22,2.981849600,0.000486,0.4171002,-0.0006938,0.0017166
15.012500,22,2.982891016,0.000482,0.4170975,-0.0006580,0.0085831
15.016670,22,2.983932434,0.000477,0.4170950,-0.0005937,0.0154495
15.020830,22,2.984973855,0.000473,0.4170926,-0.0005794,0.0034332
15.025000,22,2.986015277,0.000468,0.4170903,-0.0005507,0.0068665
15.029170,22,2.987056703,0.000464,0.4170881,-0.0005221,0.0068665
15.033330,22,2.988098130,0.000460,0.4170862,-0.0004506,0.0171661
15.037500,22,2.989139560,0.000455,0.4170845,-0.0004077,0.0102997
15.041670,22,2.990180992,0.000451,0.4170829,-0.0003862,0.0051498
15.045830,22,2.991222426,0.000447,0.4170814,-0.0003576,0.0068665
15.050000,22,2.992263862,0.000442,0.4170801,-0.0003219,0.0085831
15.054170,22,2.993305301,0.000438,0.4170789,-0.0003004,0.0051498
15.058330,22,2.994346741,0.000434,0.4170776,-0.0002933,0.0017166
15.062500,22,2.995388184,0.000430,0.4170766,-0.0002575,0.0085831
15.066670,22,2.996429629,0.000426,0.4170758,-0.0001788,0.0188828
15.070830,22,2.997471076,0.000422,0.4170753,-0.0001216,0.0137329
15.075000,22,2.998512525,0.000418,0.4170752,-0.0000215,0.0240326
15.079170,22,2.999553976,0.000414,0.4170755,0.0000572,0.0188828
15.083330,22,3.000595429,0.000410,0.4170753,-0.0000358,-0.0223160
15.087500,22,3.001636885,0.000406,0.4170752,-0.0000358,0.0000000
15.091670,22,3.002678342,0.000402,0.4170755,0.0000715,0.0257492
15.095830,22,3.003719801,0.000399,0.4170760,0.0001359,0.0154495
15.100000,22,3.004761262,0.000395,0.4170769,0.0002003,0.0154495
15.104170,22,3.005802725,0.000391,0.4170779,0.0002575,0.0137329
15.108330,22,3.006844190,0.000387,0.4170791,0.0002861,0.0068665
15.112500,22,3.007885657,0.000384,0.4170804,0.0003004,0.0034332
15.116670,22,3.008927126,0.000380,0.4170818,0.0003505,0.0120163
15.120830,22,3.009968596,0.000377,0.4170834,0.0003648,0.0034332
15.125000,22,3.011010069,0.000373,0.4170851,0.0004148,0.0120163
15.129170,22,3.012051543,0.000369,0.4170870,0.0004578,0.0102997
15.133330,22,3.013093019,0.000366,0.4170891,0.0005078,0.0120163
15.137500,22,3.014134497,0.000362,0.4170914,0.0005436,0.0085831
15.141670,22,3.015175977,0.000359,0.4170938,0.0005722,0.0068665
15.145830,22,3.016217459,0.000356,0.4170963,0.0006223,0.0120163
15.150000,22,3.017258942,0.000352,0.4170991,0.0006652,0.0102997
15.154170,22,3.018300427,0.000349,0.4171020,0.0007010,0.0085831
15.158330,22,3.019341914,0.000346,0.4171053,0.0007796,0.0188828
15.162500,22,3.020383402,0.000342,0.4171086,0.0007868,0.0017166
15.166670,22,3.021424892,0.000339,0.4171121,0.0008368,0.0120163
15.170830,22,3.022466384,0.000336,0.4171157,0.0008798,0.0102997
15.175000,22,3.023507877,0.000333,0.4171197,0.0009441,0.0154495
15.179170,22,3.024549372,0.000330,0.4171236,0.0009441,0.0000000
15.183330,22,3.025590869,0.000327,0.4171279,0.0010443,0.0240326
15.187500,22,3.026632367,0.000323,0.4171323,0.0010586,0.0034332
15.191670,22,3.027673867,0.000320,0.4171371,0.0011444,0.0205994
15.195830,22,3.028715368,0.000317,0.4171418,0.0011158,-0.0068665
15.200000,22,3.029756872,0.000314,0.4171468,0.0012159,0.0240326
15.204170,22,3.030798376,0.000311,0.4171520,0.0012445,0.0068665
15.208330,22,3.031839882,0.000308,0.4171573,0.0012732,0.0068665
15.212500,22,3.032881390,0.000305,0.4171628,0.0013161,0.0102997
15.216670,22,3.033922899,0.000303,0.4171686,0.0013947,0.0188828
15.220830,22,3.034964410,0.000300,0.4171745,0.0014091,0.0034332
15.225000,22,3.036005922,0.000297,0.4171806,0.0014734,0.0154495
15.229170,22,3.037047435,0.000294,0.4171870,0.0015378,0.0154495
15.233330,22,3.038088950,0.000291,0.4171935,0.0015521,0.0034332
15.237500,22,3.039130467,0.000289,0.4172002,0.0016093,0.0137329
15.241670,22,3.040171985,0.000286,0.4172070,0.0016379,0.0068665
15.245830,22,3.041213504,0.000283,0.4172142,0.0017166,0.0188828
15.250000,22,3.042255025,0.000280,0.4172215,0.0017524,0.0085831
15.254170,22,3.043296547,0.000278,0.4172289,0.0017881,0.0085831
15.258330,22,3.044338070,0.000275,0.4172366,0.0018454,0.0137329
15.262500,22,3.045379595,0.000273,0.4172444,0.0018668,0.0051498
15.266670,22,3.046421121,0.000270,0.4172525,0.0019312,0.0154495
15.270830,22,3.047462649,0.000267,0.4172608,0.0020027,0.0171661
15.275000,22,3.048504178,0.000265,0.4172692,0.0020170,0.0034332
15.279170,22,3.049545708,0.000262,0.4172778,0.0020599,0.0102997
15.283330,22,3.050587239,0.000260,0.4172866,0.0021100,0.0120163
15.287500,22,3.051628772,0.000257,0.4172956,0.0021672,0.0137329
15.291670,22,3.052670306,0.000255,0.4173048,0.0022030,0.0085831
15.295830,22,3.053711841,0.000253,0.4173142,0.0022674,0.0154495
15.300000,22,3.054753378,0.000250,0.4173238,0.0023031,0.0085831
15.304170,22,3.055794915,0.000248,0.4173338,0.0023818,0.0188828
15.308330,22,3.056836454,0.000245,0.4173437,0.0023890,0.0017166
15.312500,22,3.057877994,0.000243,0.4173540,0.0024605,0.0171661
15.316670,22,3.058919536,0.000241,0.4173644,0.0025177,0.0137329
15.320830,22,3.059961078,0.000238,0.4173750,0.0025320,0.0034332
15.325000,22,3.061002622,0.000236,0.4173859,0.0026178,0.0205994
15.329170,22,3.062044167,0.000234,0.4173968,0.0026250,0.0017166
15.333330,22,3.063085713,0.000232,0.4174080,0.0026751,0.0120163
15.337500,22,3.064127260,0.000230,0.4174195,0.0027609,0.0205994
15.341670,22,3.065168808,0.000227,0.4174311,0.0027823,0.0051498
15.345830,22,3.066210358,0.000225,0.4174429,0.0028324,0.0120163
15.350000,22,3.067251908,0.000223,0.4174549,0.0028896,0.0137329
15.354170,22,3.068293460,0.000221,0.4174670,0.0028896,0.0000000
15.358330,22,3.069335012,0.000219,0.4174795,0.0030112,0.0291824
15.362500,22,3.070376566,0.000217,0.4174921,0.0030255,0.0034332
15.366670,22,3.071418121,0.000215,0.4175049,0.0030756,0.0120163
15.370830,22,3.072459677,0.000213,0.4175180,0.0031400,0.0154495
15.375000,22,3.073501234,0.000211,0.4175312,0.0031614,0.0051498
15.379170,22,3.074542792,0.000209,0.4175445,0.0032043,0.0102997
15.383330,22,3.075584351,0.000207,0.4175582,0.0032759,0.0171661
15.387500,22,3.076625911,0.000205,0.4175720,0.0033116,0.0085831
15.391670,22,3.077667472,0.000203,0.4175861,0.0033832,0.0171661
15.395830,22,3.078709035,0.000201,0.4176003,0.0034189,0.0085831
15.400000,22,3.079750598,0.000199,0.4176147,0.0034547,0.0085831
15.404170,22,3.080792162,0.000197,0.4176294,0.0035119,0.0137329
15.408330,22,3.081833727,0.000195,0.4176442,0.0035548,0.0102997
15.412500,22,3.082875293,0.000193,0.4176592,0.0035977,0.0102997
15.416670,22,3.083916860,0.000191,0.4176744,0.0036550,0.0137329
15.420830,22,3.084958428,0.000190,0.4176897,0.0036836,0.0068665
15.425000,22,3.085999997,0.000188,0.4177054,0.0037551,0.0171661
15.429170,22,3.087041566,0.000186,0.4177211,0.0037766,0.0051498
15.433330,22,3.088083137,0.000184,0.4177372,0.0038624,0.0205994
15.437500,22,3.089124709,0.000183,0.4177534,0.0038767,0.0034332
15.441670,22,3.090166281,0.000181,0.4177699,0.0039625,0.0205994
15.445830,22,3.091207855,0.000179,0.4177865,0.0039840,0.0051498
15.450000,22,3.092249429,0.000177,0.4178033,0.0040412,0.0137329
15.454170,22,3.093291004,0.000176,0.4178203,0.0040698,0.0068665
15.458330,22,3.094332580,0.000174,0.4178375,0.0041342,0.0154495
15.462500,22,3.095374157,0.000172,0.4178549,0.0041699,0.0085831
15.466670,22,3.096415735,0.000171,0.4178725,0.0042343,0.0154495
15.470830,22,3.097457314,0.000169,0.4178903,0.0042558,0.0051498
15.475000,22,3.098498893,0.000168,0.4179083,0.0043201,0.0154495
15.479170,22,3.099540474,0.000166,0.4179265,0.0043702,0.0120163
15.483330,22,3.100582055,0.000164,0.4179449,0.0044203,0.0120163
15.487500,22,3.101623637,0.000163,0.4179635,0.0044632,0.0102997
15.491670,22,3.102665219,0.000161,0.4179821,0.0044775,0.0034332
15.495830,22,3.103706803,0.000160,0.4180011,0.0045490,0.0171661
15.500000,22,3.104748387,0.000158,0.4180202,0.0045919,0.0102997
15.504170,22,3.105789973,0.000157,0.4180396,0.0046492,0.0137329
15.508330,22,3.106831558,0.000155,0.4180592,0.0046992,0.0120163
15.512500,22,3.107873145,0.000154,0.4180788,0.0047135,0.0034332
15.516670,22,3.108914732,0.000152,0.4180988,0.0047922,0.0188828
15.520830,22,3.109956321,0.000151,0.4181188,0.0048065,0.0034332
15.525000,22,3.110997910,0.000149,0.4181392,0.0048852,0.0188828
15.529170,22,3.112039499,0.000148,0.4181595,0.0048852,0.0000000
15.533330,22,3.113081090,0.000147,0.4181802,0.0049710,0.0205994
15.537500,22,3.114122681,0.000145,0.4182011,0.0050211,0.0120163
15.541670,22,3.115164273,0.000144,0.4182221,0.0050354,0.0034332
15.545830,22,3.116205865,0.000142,0.4182434,0.0050998,0.0154495
15.550000,22,3.117247459,0.000141,0.4182648,0.0051427,0.0102997
15.554170,22,3.118289053,0.000140,0.4182863,0.0051570,0.0034332
15.558330,22,3.119330647,0.000138,0.4183081,0.0052357,0.0188828
15.562500,22,3.120372243,0.000137,0.4183301,0.0052714,0.0085831
15.566670,22,3.121413839,0.000136,0.4183522,0.0053072,0.0085831
15.570830,22,3.122455435,0.000134,0.4183745,0.0053644,0.0137329
15.575000,22,3.123497033,0.000133,0.4183970,0.0054002,0.0085831
15.579170,22,3.124538631,0.000132,0.4184197,0.0054359,0.0085831
15.583330,22,3.125580230,0.000131,0.4184425,0.0054717,0.0085831
15.587500,22,3.126621829,0.000129,0.4184655,0.0055218,0.0120163
15.591670,22,3.127663429,0.000128,0.4184887,0.0055575,0.0085831
15.595830,22,3.128705030,0.000127,0.4185119,0.0055861,0.0068665
15.600000,22,3.129746631,0.000126,0.4185355,0.0056648,0.0188828
15.604170,22,3.130788233,0.000125,0.4185593,0.0057077,0.0102997
15.608330,22,3.131829835,0.000123,0.4185832,0.0057220,0.0034332
15.612500,22,3.132871438,0.000122,0.4186071,0.0057507,0.0068665
15.616670,22,3.133913042,0.000121,0.4186313,0.0058079,0.0137329
15.620830,22,3.134954646,0.000120,0.4186558,0.0058651,0.0137329
15.625000,22,3.135996251,0.000119,0.4186803,0.0058794,0.0034332
15.629170,22,3.137037857,0.000118,0.4187049,0.0059223,0.0102997
15.633330,22,3.138079463,0.000116,0.4187298,0.0059724,0.0120163
15.637500,22,3.139121070,0.000115,0.4187548,0.0060010,0.0068665
15.641670,22,3.140162677,0.000114,0.4187801,0.0060582,0.0137329
15.645830,22,3.141204285,0.000113,0.4188055,0.0061011,0.0102997
15.650000,22,3.142245893,0.000112,0.4188310,0.0061226,0.0051498
15.654170,22,3.143287502,0.000111,0.4188566,0.0061369,0.0034332
15.658330,22,3.144329112,0.000110,0.4188823,0.0061870,0.0120163
15.662500,22,3.145370721,0.000109,0.4189084,0.0062513,0.0154495
15.666670,22,3.146412332,0.000108,0.4189345,0.0062656,0.0034332
15.670830,22,3.147453943,0.000107,0.4189608,0.0063086,0.0102997
15.675000,22,3.148495555,0.000106,0.4189872,0.0063443,0.0085831
15.679170,22,3.149537167,0.000105,0.4190138,0.0063801,0.0085831
15.683330,22,3.150578780,0.000104,0.4190405,0.0064087,0.0068665
15.687500,22,3.151620393,0.000103,0.4190674,0.0064445,0.0085831
15.691670,22,3.152662007,0.000102,0.4190944,0.0064945,0.0120163
15.695830,22,3.153703621,0.000101,0.4191215,0.0064945,0.0000000
15.700000,22,3.154745235,0.000100,0.4191488,0.0065517,0.0137329
15.704170,22,3.155786851,0.000099,0.4191762,0.0065804,0.0068665
15.708330,22,3.156828466,0.000098,0.4192037,0.0066018,0.0051498
15.712500,22,3.157870083,0.000097,0.4192315,0.0066662,0.0154495
15.716670,22,3.158911699,0.000096,0.4192593,0.0066876,0.0051498
15.720830,22,3.159953316,0.000095,0.4192873,0.0067091,0.0051498
15.725000,22,3.160994934,0.000094,0.4193154,0.0067520,0.0102997
15.729170,22,3.162036552,0.000093,0.4193437,0.0067735,0.0051498
15.733330,22,3.163078171,0.000092,0.4193721,0.0068164,0.0102997
15.737500,22,3.164119790,0.000092,0.4194005,0.0068378,0.0051498
15.741670,22,3.165161409,0.000091,0.4194291,0.0068522,0.0034332
15.745830,22,3.166203029,0.000090,0.4194578,0.0068808,0.0068665
15.750000,22,3.167244649,0.000089,0.4194867,0.0069451,0.0154495
15.754170,22,3.168286270,0.000088,0.4195156,0.0069451,0.0000000
15.758330,22,3.169327891,0.000087,0.4195446,0.0069523,0.0017166
15.762500,22,3.170369513,0.000086,0.4195739,0.0070238,0.0171661
15.766670,22,3.171411135,0.000086,0.4196031,0.0070238,0.0000000
15.770830,22,3.172452758,0.000085,0.4196325,0.0070524,0.0068665
15.775000,22,3.173494381,0.000084,0.4196621,0.0071096,0.0137329
15.779170,22,3.174536004,0.000083,0.4196917,0.0070953,-0.0034332
15.783330,22,3.175577628,0.000082,0.4197216,0.0071669,0.0171661
15.787500,22,3.176619252,0.000082,0.4197514,0.0071597,-0.0017166
15.791670,22,3.177660877,0.000081,0.4197814,0.0072026,0.0102997
15.795830,22,3.178702502,0.000080,0.4198114,0.0071955,-0.0017166
15.800000,22,3.179744127,0.000079,0.4198416,0.0072384,0.0102997
15.804170,22,3.180785753,0.000079,0.4198718,0.0072527,0.0034332
15.808330,22,3.181827379,0.000078,0.4199021,0.0072813,0.0068665
15.812500,22,3.182869006,0.000077,0.4199325,0.0072813,0.0000000
15.816670,22,3.183910633,0.000076,0.4199630,0.0073314,0.0120163
15.820830,22,3.184952260,0.000076,0.4199937,0.0073671,0.0085831
15.825000,22,3.185993888,0.000075,0.4200245,0.0073886,0.0051498
15.829170,22,3.187035516,0.000074,0.4200552,0.0073671,-0.0051498
15.833330,22,3.188077145,0.000073,0.4200860,0.0073957,0.0068665
15.837500,22,3.189118773,0.000073,0.4201170,0.0074315,0.0085831
15.841670,22,3.190160403,0.000072,0.4201478,0.0074100,-0.0051498
15.845830,22,3.191202032,0.000071,0.4201789,0.0074530,0.0102997
15.850000,22,3.192243662,0.000071,0.4202101,0.0074887,0.0085831
15.854170,22,3.193285292,0.000070,0.4202414,0.0075245,0.0085831
15.858330,22,3.194326923,0.000069,0.4202727,0.0074959,-0.0068665
15.862500,22,3.195368554,0.000069,0.4203040,0.0075245,0.0068665
15.866670,22,3.196410185,0.000068,0.4203354,0.0075316,0.0017166
15.870830,22,3.197451817,0.000067,0.4203669,0.0075674,0.0085831
15.875000,22,3.198493449,0.000067,0.4203985,0.0075746,0.0017166
15.879170,22,3.199535081,0.000066,0.4204301,0.0075746,0.0000000
15.883330,22,3.200576714,0.000065,0.4204617,0.0075889,0.0034332
15.887500,22,3.201618347,0.000065,0.4204935,0.0076318,0.0102997
15.891670,22,3.202659980,0.000064,0.4205252,0.0076175,-0.0034332
15.895830,22,3.203701614,0.000064,0.4205570,0.0076175,0.0000000
15.900000,22,3.204743248,0.000063,0.4205888,0.0076318,0.0034332
15.904170,22,3.205784882,0.000062,0.4206207,0.0076675,0.0085831
15.908330,22,3.206826517,0.000062,0.4206527,0.0076818,0.0034332
15.912500,22,3.207868151,0.000061,0.4206847,0.0076747,-0.0017166
15.916670,22,3.208909787,0.000061,0.4207167,0.0076890,0.0034332
15.920830,22,3.209951422,0.000060,0.4207488,0.0077033,0.0034332
15.925000,22,3.210993058,0.000059,0.4207809,0.0076962,-0.0017166
15.929170,22,3.212034694,0.000059,0.4208131,0.0077248,0.0068665
15.933330,22,3.213076330,0.000058,0.4208452,0.0077105,-0.0034332
15.937500,22,3.214117967,0.000058,0.4208773,0.0077033,-0.0017166
15.941670,22,3.215159604,0.000057,0.4209095,0.0077319,0.0068665
15.945830,22,3.216201241,0.000057,0.4209417,0.0077176,-0.0034332
15.950000,22,3.217242879,0.000056,0.4209740,0.0077462,0.0068665
15.954170,22,3.218284517,0.000056,0.4210061,0.0077248,-0.0051498
15.958330,22,3.219326155,0.000055,0.4210384,0.0077462,0.0051498
15.962500,22,3.220367793,0.000054,0.4210708,0.0077748,0.0068665
15.966670,22,3.221409432,0.000054,0.4211031,0.0077391,-0.0085831
15.970830,22,3.222451070,0.000053,0.4211353,0.0077319,-0.0017166
15.975000,22,3.223492710,0.000053,0.4211676,0.0077677,0.0085831
15.979170,22,3.224534349,0.000052,0.4211998,0.0077176,-0.0120163
15.983330,22,3.225575989,0.000052,0.4212321,0.0077605,0.0102997
15.987500,22,3.226617629,0.000051,0.4212645,0.0077677,0.0017166
15.991670,22,3.227659269,0.000051,0.4212967,0.0077319,-0.0085831
15.995830,22,3.228700909,0.000050,0.4213290,0.0077534,0.0051498
16.000000,22,3.229742550,0.000050,0.4213613,0.0077391,-0.0034332
16.004170,22,3.230784191,0.000049,0.4213934,0.0077176,-0.0051498
16.008330,22,3.231825832,0.000049,0.4214258,0.0077605,0.0102997
16.012500,22,3.232867473,0.000049,0.4214580,0.0077319,-0.0068665
16.016670,22,3.233909115,0.000048,0.4214903,0.0077534,0.0051498
16.020830,22,3.234950757,0.000048,0.4215224,0.0077033,-0.0120163
16.025000,22,3.235992399,0.000047,0.4215544,0.0076962,-0.0017166
16.029170,22,3.237034041,0.000047,0.4215866,0.0077248,0.0068665
16.033330,22,3.238075684,0.000046,0.4216187,0.0076890,-0.0085831
16.037500,22,3.239117327,0.000046,0.4216507,0.0076818,-0.0017166
16.041670,22,3.240158970,0.000045,0.4216828,0.0077105,0.0068665
16.045830,22,3.241200613,0.000045,0.4217148,0.0076747,-0.0085831
16.050000,22,3.242242257,0.000044,0.4217467,0.0076675,-0.0017166
16.054170,22,3.243283900,0.000044,0.4217786,0.0076532,-0.0034332
16.058330,22,3.244325544,0.000044,0.4218106,0.0076675,0.0034332
16.062500,22,3.245367189,0.000043,0.4218423,0.0076246,-0.0102997
16.066670,22,3.246408833,0.000043,0.4218740,0.0075960,-0.0068665
16.070830,22,3.247450478,0.000042,0.4219058,0.0076246,0.0068665
16.075000,22,3.248492123,0.000042,0.4219374,0.0075889,-0.0085831
16.079170,22,3.249533768,0.000042,0.4219689,0.0075746,-0.0034332
16.083330,22,3.250575413,0.000041,0.4220005,0.0075817,0.0017166
16.087500,22,3.251617058,0.000041,0.4220321,0.0075746,-0.0017166
16.091670,22,3.252658704,0.000040,0.4220635,0.0075316,-0.0102997
16.095830,22,3.253700350,0.000040,0.4220947,0.0075030,-0.0068665
16.100000,22,3.254741996,0.000040,0.4221260,0.0075102,0.0017166
16.104170,22,3.255783642,0.000039,0.4221572,0.0074744,-0.0085831
16.108330,22,3.256825289,0.000039,0.4221883,0.0074673,-0.0017166
16.112500,22,3.257866936,0.000038,0.4222193,0.0074530,-0.0034332
16.116670,22,3.258908582,0.000038,0.4222503,0.0074387,-0.0034332
16.120830,22,3.259950229,0.000038,0.4222813,0.0074315,-0.0017166
16.125000,22,3.260991877,0.000037,0.4223121,0.0074029,-0.0068665
16.129170,22,3.262033524,0.000037,0.4223428,0.0073671,-0.0085831
16.133330,22,3.263075172,0.000037,0.4223735,0.0073600,-0.0017166
16.137500,22,3.264116820,0.000036,0.4224040,0.0073242,-0.0085831
16.141670,22,3.265158468,0.000036,0.4224345,0.0073099,-0.0034332
16.145830,22,3.266200116,0.000036,0.4224650,0.0073171,0.0017166
16.150000,22,3.267241764,0.000035,0.4224952,0.0072670,-0.0120163
16.154170,22,3.268283413,0.000035,0.4225254,0.0072384,-0.0068665
16.158330,22,3.269325061,0.000035,0.4225554,0.0072098,-0.0068665
16.162500,22,3.270366710,0.000034,0.4225854,0.0071955,-0.0034332
16.166670,22,3.271408359,0.000034,0.4226153,0.0071669,-0.0068665
16.170830,22,3.272450008,0.000034,0.4226450,0.0071311,-0.0085831
16.175000,22,3.273491658,0.000033,0.4226746,0.0070953,-0.0085831
16.179170,22,3.274533307,0.000033,0.4227043,0.0071311,0.0085831
16.183330,22,3.275574957,0.000033,0.4227336,0.0070381,-0.0223160
16.187500,22,3.276616607,0.000032,0.4227629,0.0070310,-0.0017166
16.191670,22,3.277658257,0.000032,0.4227921,0.0070167,-0.0034332
16.195830,22,3.278699907,0.000032,0.4228212,0.0069737,-0.0102997
16.200000,22,3.279741558,0.000031,0.4228501,0.0069308,-0.0102997
16.204170,22,3.280783208,0.000031,0.4228789,0.0069165,-0.0034332
16.208330,22,3.281824859,0.000031,0.4229075,0.0068593,-0.0137329
16.212500,22,3.282866510,0.000031,0.4229361,0.0068736,0.0034332
16.216670,22,3.283908160,0.000030,0.4229645,0.0068092,-0.0154495
16.220830,22,3.284949812,0.000030,0.4229929,0.0068092,0.0000000
16.225000,22,3.285991463,0.000030,0.4230210,0.0067449,-0.0154495
16.229170,22,3.287033114,0.000029,0.4230490,0.0067306,-0.0034332
16.233330,22,3.288074766,0.000029,0.4230768,0.0066805,-0.0120163
16.237500,22,3.289116418,0.000029,0.4231046,0.0066733,-0.0017166
16.241670,22,3.290158069,0.000029,0.4231321,0.0065947,-0.0188828
16.245830,22,3.291199721,0.000028,0.4231595,0.0065804,-0.0034332
16.250000,22,3.292241374,0.000028,0.4231868,0.0065517,-0.0068665
16.254170,22,3.293283026,0.000028,0.4232141,0.0065374,-0.0034332
16.258330,22,3.294324678,0.000027,0.4232411,0.0064802,-0.0137329
16.262500,22,3.295366331,0.000027,0.4232679,0.0064301,-0.0120163
16.266670,22,3.296407984,0.000027,0.4232945,0.0063872,-0.0102997
16.270830,22,3.297449637,0.000027,0.4233211,0.0063872,0.0000000
16.275000,22,3.298491289,0.000026,0.4233474,0.0063086,-0.0188828
16.279170,22,3.299532943,0.000026,0.4233736,0.0062799,-0.0068665
16.283330,22,3.300574596,0.000026,0.4233997,0.0062656,-0.0034332
16.287500,22,3.301616249,0.000026,0.4234256,0.0062227,-0.0102997
16.291670,22,3.302657902,0.000025,0.4234512,0.0061440,-0.0188828
16.295830,22,3.303699556,0.000025,0.4234768,0.0061512,0.0017166
16.300000,22,3.304741210,0.000025,0.4235021,0.0060654,-0.0205994
16.304170,22,3.305782864,0.000025,0.4235273,0.0060439,-0.0051498
16.308330,22,3.306824518,0.000024,0.4235523,0.0060010,-0.0102997
16.312500,22,3.307866172,0.000024,0.4235772,0.0059724,-0.0068665
16.316670,22,3.308907826,0.000024,0.4236019,0.0059295,-0.0102997
16.320830,22,3.309949481,0.000024,0.4236263,0.0058723,-0.0137329
16.325000,22,3.310991135,0.000024,0.4236506,0.0058222,-0.0120163
16.329170,22,3.312032790,0.000023,0.4236748,0.0058079,-0.0034332
16.333330,22,3.313074444,0.000023,0.4236986,0.0057149,-0.0223160
16.337500,22,3.314116099,0.000023,0.4237223,0.0056863,-0.0068665
16.341670,22,3.315157754,0.000023,0.4237459,0.0056648,-0.0051498
16.345830,22,3.316199409,0.000022,0.4237694,0.0056362,-0.0068665
16.350000,22,3.317241064,0.000022,0.4237926,0.0055718,-0.0154495
16.354170,22,3.318282719,0.000022,0.4238156,0.0055218,-0.0120163
16.358330,22,3.319324375,0.000022,0.4238383,0.0054574,-0.0154495
16.362500,22,3.320366030,0.000022,0.4238609,0.0054216,-0.0085831
16.366670,22,3.321407686,0.000021,0.4238834,0.0053859,-0.0085831
16.370830,22,3.322449342,0.000021,0.4239055,0.0053072,-0.0188828
16.375000,22,3.323490998,0.000021,0.4239275,0.0052857,-0.0051498
16.379170,22,3.324532653,0.000021,0.4239494,0.0052500,-0.0085831
16.383330,22,3.325574310,0.000021,0.4239711,0.0051999,-0.0120163
16.387500,22,3.326615966,0.000020,0.4239925,0.0051498,-0.0120163
16.391670,22,3.327657622,0.000020,0.4240137,0.0050783,-0.0171661
16.395830,22,3.328699278,0.000020,0.4240347,0.0050354,-0.0102997
16.400000,22,3.329740935,0.000020,0.4240555,0.0050068,-0.0068665
16.404170,22,3.330782591,0.000020,0.4240761,0.0049424,-0.0154495
16.408330,22,3.331824248,0.000019,0.4240965,0.0048852,-0.0137329
16.412500,22,3.332865905,0.000019,0.4241166,0.0048280,-0.0137329
16.416670,22,3.333907561,0.000019,0.4241366,0.0048065,-0.0051498
16.420830,22,3.334949218,0.000019,0.4241563,0.0047278,-0.0188828
16.425000,22,3.335990875,0.000019,0.4241759,0.0046921,-0.0085831
16.429170,22,3.337032533,0.000018,0.4241952,0.0046492,-0.0102997
16.433330,22,3.338074190,0.000018,0.4242143,0.0045776,-0.0171661
16.437500,22,3.339115847,0.000018,0.4242332,0.0045419,-0.0085831
16.441670,22,3.340157504,0.000018,0.4242519,0.0044775,-0.0154495
16.445830,22,3.341199162,0.000018,0.4242704,0.0044417,-0.0085831
16.450000,22,3.342240819,0.000018,0.4242886,0.0043702,-0.0171661
16.454170,22,3.343282477,0.000017,0.4243067,0.0043416,-0.0068665
16.458330,22,3.344324135,0.000017,0.4243246,0.0042915,-0.0120163
16.462500,22,3.345365793,0.000017,0.4243420,0.0041914,-0.0240326
16.466670,22,3.346407451,0.000017,0.4243594,0.0041628,-0.0068665
16.470830,22,3.347449109,0.000017,0.4243765,0.0040984,-0.0154495
16.475000,22,3.348490767,0.000017,0.4243933,0.0040483,-0.0120163
16.479170,22,3.349532425,0.000016,0.4244102,0.0040412,-0.0017166
16.483330,22,3.350574083,0.000016,0.4244266,0.0039482,-0.0223160
16.487500,22,3.351615741,0.000016,0.4244428,0.0038910,-0.0137329
16.491670,22,3.352657400,0.000016,0.4244588,0.0038338,-0.0137329
16.495830,22,3.353699058,0.000016,0.4244746,0.0037980,-0.0085831
16.500000,22,3.354740717,0.000016,0.4244901,0.0037193,-0.0188828
16.504170,22,3.355782375,0.000015,0.4245055,0.0036907,-0.0068665
16.508330,22,3.356824034,0.000015,0.4245205,0.0036049,-0.0205994
16.512500,22,3.357865693,0.000015,0.4245355,0.0035906,-0.0034332
16.516670,22,3.358907352,0.000015,0.4245501,0.0034976,-0.0223160
16.520830,22,3.359949011,0.000015,0.4245645,0.0034547,-0.0102997
16.525000,22,3.360990670,0.000015,0.4245786,0.0033975,-0.0137329
16.529170,22,3.362032329,0.000015,0.4245925,0.0033402,-0.0137329
16.533330,22,3.363073988,0.000014,0.4246063,0.0033116,-0.0068665
16.537500,22,3.364115648,0.000014,0.4246198,0.0032258,-0.0205994
16.541670,22,3.365157307,0.000014,0.4246330,0.0031757,-0.0120163
16.545830,22,3.366198966,0.000014,0.4246460,0.0031257,-0.0120163
16.550000,22,3.367240626,0.000014,0.4246588,0.0030684,-0.0137329
16.554170,22,3.368282285,0.000014,0.4246713,0.0029898,-0.0188828
16.558330,22,3.369323945,0.000014,0.4246836,0.0029540,-0.0085831
16.562500,22,3.370365605,0.000014,0.4246957,0.0029039,-0.0120163
16.566670,22,3.371407264,0.000013,0.4247075,0.0028396,-0.0154495
16.570830,22,3.372448924,0.000013,0.4247191,0.0027895,-0.0120163
16.575000,22,3.373490584,0.000013,0.4247304,0.0027108,-0.0188828
16.579170,22,3.374532244,0.000013,0.4247415,0.0026679,-0.0102997
16.583330,22,3.375573904,0.000013,0.4247524,0.0025964,-0.0171661
16.587500,22,3.376615564,0.000013,0.4247630,0.0025535,-0.0102997
16.591670,22,3.377657224,0.000013,0.4247734,0.0024962,-0.0137329
16.595830,22,3.378698884,0.000013,0.4247837,0.0024819,-0.0034332
16.600000,22,3.379740545,0.000012,0.4247936,0.0023675,-0.0274658
16.604170,22,3.380782205,0.000012,0.4248035,0.0023675,0.0000000
16.608330,22,3.381823865,0.000012,0.4248128,0.0022388,-0.0308991
16.612500,22,3.382865526,0.000012,0.4248222,0.0022459,0.0017166
16.616670,22,3.383907186,0.000012,0.4248311,0.0021458,-0.0240326
16.620830,22,3.384948847,0.000012,0.4248399,0.0021243,-0.0051498
16.625000,22,3.385990508,0.000012,0.4248484,0.0020313,-0.0223160
16.629170,22,3.387032168,0.000012,0.4248567,0.0019813,-0.0120163
16.633330,22,3.388073829,0.000011,0.4248647,0.0019312,-0.0120163
16.637500,22,3.389115490,0.000011,0.4248726,0.0018883,-0.0102997
16.641670,22,3.390157151,0.000011,0.4248801,0.0018096,-0.0188828
16.645830,22,3.391198812,0.000011,0.4248876,0.0017881,-0.0051498
16.650000,22,3.392240473,0.000011,0.4248946,0.0016880,-0.0240326
16.654170,22,3.393282134,0.000011,0.4249015,0.0016522,-0.0085831
16.658330,22,3.394323795,0.000011,0.4249082,0.0016093,-0.0102997
16.662500,22,3.395365456,0.000011,0.4249147,0.0015521,-0.0137329
16.666670,22,3.396407117,0.000011,0.4249208,0.0014806,-0.0171661
16.670830,22,3.397448778,0.000010,0.4249269,0.0014520,-0.0068665
16.675000,22,3.398490440,0.000010,0.4249326,0.0013733,-0.0188828
16.679170,22,3.399532101,0.000010,0.4249380,0.0012946,-0.0188828
16.683330,22,3.400573762,0.000010,0.4249433,0.0012660,-0.0068665
16.687500,22,3.401615424,0.000010,0.4249483,0.0012088,-0.0137329
16.691670,22,3.402657085,0.000010,0.4249531,0.0011444,-0.0154495
16.695830,22,3.403698747,0.000010,0.4249578,0.0011230,-0.0051498
16.700000,22,3.404740409,0.000010,0.4249621,0.0010371,-0.0205994
16.704170,22,3.405782070,0.000010,0.4249662,0.0009871,-0.0120163
16.708330,22,3.406823732,0.000010,0.4249700,0.0009227,-0.0154495
16.712500,22,3.407865394,0.000010,0.4249736,0.0008655,-0.0137329
16.716670,22,3.408907056,0.000009,0.4249771,0.0008225,-0.0102997
16.720830,22,3.409948717,0.000009,0.4249803,0.0007725,-0.0120163
16.725000,22,3.410990379,0.000009,0.4249831,0.0006795,-0.0223160
16.729170,22,3.412032041,0.000009,0.4249860,0.0006866,0.0017166
16.733330,22,3.413073703,0.000009,0.4249885,0.0006008,-0.0205994
16.737500,22,3.414115365,0.000009,0.4249908,0.0005507,-0.0120163
16.741670,22,3.415157027,0.000009,0.4249929,0.0005007,-0.0120163
16.745830,22,3.416198690,0.000009,0.4249948,0.0004578,-0.0102997
16.750000,22,3.417240352,0.000009,0.4249963,0.0003791,-0.0188828
16.754170,22,3.418282014,0.000009,0.4249978,0.0003576,-0.0051498
16.758330,22,3.419323676,0.000009,0.4249990,0.0002718,-0.0205994
16.762500,22,3.420365338,0.000008,0.4249998,0.0002074,-0.0154495
16.766670,22,3.421407001,0.000008,0.4250005,0.0001717,-0.0085831
16.770830,22,3.422448663,0.000008,0.4250011,0.0001431,-0.0068665
16.775000,22,3.423490326,0.000008,0.4250015,0.0000787,-0.0154495
16.779170,22,3.424531988,0.000008,0.4250016,0.0000215,-0.0137329
16.783330,22,3.425573651,0.000008,0.4250014,-0.0000358,-0.0137329
16.787500,22,3.426615313,0.000008,0.4250010,-0.0001001,-0.0154495
16.791670,22,3.427656976,0.000008,0.4250005,-0.0001287,-0.0068665
16.795830,22,3.428698638,0.000008,0.4249997,-0.0001788,-0.0120163
16.800000,22,3.429740301,0.000008,0.4249987,-0.0002360,-0.0137329
16.804170,22,3.430781964,0.000008,0.4249975,-0.0003004,-0.0154495
16.808330,22,3.431823626,0.000008,0.4249961,-0.0003290,-0.0068665
16.812500,22,3.432865289,0.000008,0.4249945,-0.0003862,-0.0137329
16.816670,22,3.433906952,0.000007,0.4249926,-0.0004506,-0.0154495
16.820830,22,3.434948615,0.000007,0.4249907,-0.0004721,-0.0051498
16.825000,22,3.435990278,0.000007,0.4249884,-0.0005364,-0.0154495
16.829170,22,3.437031941,0.000007,0.4249860,-0.0005865,-0.0120163
16.833330,22,3.438073604,0.000007,0.4249833,-0.0006366,-0.0120163
16.837500,22,3.439115267,0.000007,0.4249805,-0.0006866,-0.0120163
16.841670,22,3.440156930,0.000007,0.4249774,-0.0007439,-0.0137329
16.845830,22,3.441198593,0.000007,0.4249742,-0.0007653,-0.0051498
16.850000,22,3.442240256,0.000007,0.4249707,-0.0008440,-0.0188828
16.854170,22,3.443281919,0.000007,0.4249670,-0.0008726,-0.0068665
16.858330,22,3.444323582,0.000007,0.4249630,-0.0009656,-0.0223160
16.862500,22,3.445365246,0.000007,0.4249590,-0.0009513,0.0034332
16.866670,22,3.446406909,0.000007,0.4249549,-0.0010014,-0.0120163
16.870830,22,3.447448572,0.000007,0.4249504,-0.0010729,-0.0171661
16.875000,22,3.448490235,0.000007,0.4249457,-0.0011158,-0.0102997
16.879170,22,3.449531899,0.000006,0.4249409,-0.0011730,-0.0137329
16.883330,22,3.450573562,0.000006,0.4249357,-0.0012302,-0.0137329
16.887500,22,3.451615226,0.000006,0.4249306,-0.0012302,0.0000000
16.891670,22,3.452656889,0.000006,0.4249252,-0.0012946,-0.0154495
16.895830,22,3.453698553,0.000006,0.4249196,-0.0013447,-0.0120163
16.900000,22,3.454740216,0.000006,0.4249138,-0.0013947,-0.0120163
16.904170,22,3.455781880,0.000006,0.4249078,-0.0014448,-0.0120163
16.908330,22,3.456823543,0.000006,0.4249017,-0.0014591,-0.0034332
16.912500,22,3.457865207,0.000006,0.4248953,-0.0015235,-0.0154495
16.916670,22,3.458906870,0.000006,0.4248889,-0.0015521,-0.0068665
16.920830,22,3.459948534,0.000006,0.4248821,-0.0016308,-0.0188828
16.925000,22,3.460990198,0.000006,0.4248752,-0.0016451,-0.0034332
16.929170,22,3.462031861,0.000006,0.4248683,-0.0016665,-0.0051498
16.933330,22,3.463073525,0.000006,0.4248610,-0.0017452,-0.0188828
16.937500,22,3.464115189,0.000006,0.4248535,-0.0017953,-0.0120163
16.941670,22,3.465156853,0.000006,0.4248459,-0.0018311,-0.0085831
16.945830,22,3.466198517,0.000006,0.4248382,-0.0018597,-0.0068665
16.950000,22,3.467240181,0.000005,0.4248303,-0.0018883,-0.0068665
16.954170,22,3.468281844,0.000005,0.4248220,-0.0019884,-0.0240326
16.958330,22,3.469323508,0.000005,0.4248138,-0.0019741,0.0034332
16.962500,22,3.470365172,0.000005,0.4248053,-0.0020385,-0.0154495
16.966670,22,3.471406836,0.000005,0.4247967,-0.0020528,-0.0034332
16.970830,22,3.472448500,0.000005,0.4247880,-0.0021029,-0.0120163
16.975000,22,3.473490164,0.000005,0.4247790,-0.0021458,-0.0102997
16.979170,22,3.474531828,0.000005,0.4247700,-0.0021601,-0.0034332
16.983330,22,3.475573493,0.000005,0.4247606,-0.0022531,-0.0223160
16.987500,22,3.476615157,0.000005,0.4247513,-0.0022459,0.0017166
16.991670,22,3.477656821,0.000005,0.4247416,-0.0023246,-0.0188828
16.995830,22,3.478698485,0.000005,0.4247319,-0.0023389,-0.0034332
17.000000,22,3.479740149,0.000005,0.4247219,-0.0023818,-0.0102997
