posture,time,chest_y,head_y,chest_velocity,head_velocity
False,0.000000,0.6857252,1.1557060,0.000000,0.000000
False,0.004167,0.6857252,1.1557060,0.000000,0.000000
False,0.008333,0.6857252,1.1557060,0.000000,0.000000
False,0.012500,0.6857252,1.1557060,0.000014,0.000000
False,0.016667,0.6857253,1.1557060,0.000014,0.000000
False,0.020833,0.6857254,1.1557060,0.000029,0.000029
False,0.025000,0.6857255,1.1557060,0.000029,0.000057
False,0.029167,0.6857258,1.1557070,0.000072,0.000057
False,0.033333,0.6857261,1.1557070,0.000072,0.000057
False,0.037500,0.6857265,1.1557070,0.000100,0.000114
False,0.041667,0.6857270,1.1557080,0.000114,0.000114
False,0.045833,0.6857277,1.1557090,0.000157,0.000172
False,0.050000,0.6857283,1.1557090,0.000157,0.000143
False,0.054167,0.6857293,1.1557100,0.000229,0.000229
False,0.058333,0.6857302,1.1557110,0.000215,0.000229
False,0.062500,0.6857314,1.1557120,0.000286,0.000257
False,0.066667,0.6857326,1.1557130,0.000300,0.000315
False,0.070833,0.6857341,1.1557150,0.000358,0.000372
False,0.075000,0.6857356,1.1557160,0.000372,0.000343
False,0.079167,0.6857376,1.1557180,0.000458,0.000486
False,0.083333,0.6857394,1.1557200,0.000443,0.000458
False,0.087500,0.6857417,1.1557230,0.000558,0.000544
False,0.091667,0.6857440,1.1557250,0.000558,0.000515
False,0.095833,0.6857468,1.1557280,0.000658,0.000687
False,0.100000,0.6857495,1.1557300,0.000644,0.000658
False,0.104167,0.6857526,1.1557340,0.000758,0.000772
False,0.108333,0.6857558,1.1557370,0.000772,0.000744
False,0.112500,0.6857595,1.1557400,0.000887,0.000858
False,0.116667,0.6857632,1.1557440,0.000873,0.000887
False,0.120833,0.6857674,1.1557480,0.001001,0.001030
False,0.125000,0.6857716,1.1557520,0.001016,0.001001
False,0.129167,0.6857763,1.1557570,0.001130,0.001144
False,0.133333,0.6857811,1.1557620,0.001144,0.001116
False,0.137500,0.6857864,1.1557670,0.001273,0.001287
False,0.141667,0.6857917,1.1557720,0.001273,0.001259
False,0.145833,0.6857975,1.1557780,0.001402,0.001431
False,0.150000,0.6858034,1.1557840,0.001416,0.001402
False,0.154167,0.6858099,1.1557910,0.001559,0.001574
False,0.158333,0.6858165,1.1557970,0.001574,0.001545
False,0.162500,0.6858236,1.1558040,0.001717,0.001717
False,0.166667,0.6858308,1.1558120,0.001717,0.001745
False,0.170833,0.6858386,1.1558190,0.001888,0.001860
False,0.175000,0.6858464,1.1558270,0.001874,0.001888
False,0.179167,0.6858550,1.1558360,0.002046,0.002060
False,0.183333,0.6858635,1.1558440,0.002046,0.002031
False,0.187500,0.6858727,1.1558540,0.002217,0.002203
False,0.191667,0.6858820,1.1558630,0.002217,0.002203
False,0.195833,0.6858919,1.1558730,0.002389,0.002403
False,0.200000,0.6859018,1.1558830,0.002375,0.002375
False,0.204167,0.6859125,1.1558930,0.002575,0.002604
False,0.208333,0.6859233,1.1559040,0.002575,0.002546
False,0.212500,0.6859347,1.1559150,0.002747,0.002747
False,0.216667,0.6859462,1.1559270,0.002747,0.002747
False,0.220833,0.6859584,1.1559390,0.002933,0.002918
False,0.225000,0.6859706,1.1559510,0.002933,0.002918
False,0.229167,0.6859836,1.1559640,0.003119,0.003147
False,0.233333,0.6859965,1.1559770,0.003104,0.003090
False,0.237500,0.6860104,1.1559910,0.003319,0.003290
False,0.241667,0.6860241,1.1560050,0.003304,0.003319
False,0.245833,0.6860388,1.1560190,0.003519,0.003519
False,0.250000,0.6860534,1.1560340,0.003505,0.003490
False,0.254167,0.6860689,1.1560490,0.003719,0.003719
False,0.258333,0.6860843,1.1560650,0.003691,0.003719
False,0.262500,0.6861006,1.1560810,0.003920,0.003862
False,0.266667,0.6861169,1.1560970,0.003905,0.003920
False,0.270833,0.6861340,1.1561140,0.004106,0.004091
False,0.275000,0.6861511,1.1561320,0.004106,0.004120
False,0.279167,0.6861690,1.1561490,0.004306,0.004263
False,0.283333,0.6861870,1.1561670,0.004320,0.004320
False,0.287500,0.6862058,1.1561860,0.004506,0.004520
False,0.291667,0.6862246,1.1562050,0.004520,0.004492
False,0.295833,0.6862443,1.1562250,0.004721,0.004721
False,0.300000,0.6862640,1.1562440,0.004735,0.004721
False,0.304167,0.6862845,1.1562650,0.004921,0.004892
False,0.308333,0.6863051,1.1562850,0.004935,0.004921
False,0.312500,0.6863265,1.1563070,0.005136,0.005150
False,0.316667,0.6863480,1.1563280,0.005150,0.005121
False,0.320833,0.6863703,1.1563500,0.005350,0.005350
False,0.325000,0.6863925,1.1563730,0.005350,0.005379
False,0.329167,0.6864158,1.1563960,0.005579,0.005522
False,0.333333,0.6864389,1.1564190,0.005550,0.005550
False,0.337500,0.6864630,1.1564430,0.005779,0.005751
False,0.341667,0.6864871,1.1564670,0.005779,0.005751
False,0.345833,0.6865120,1.1564920,0.005980,0.005951
False,0.350000,0.6865369,1.1565160,0.005980,0.005980
False,0.354167,0.6865628,1.1565420,0.006208,0.006180
False,0.358333,0.6865886,1.1565680,0.006194,0.006151
False,0.362500,0.6866153,1.1565950,0.006423,0.006437
False,0.366667,0.6866421,1.1566210,0.006423,0.006409
False,0.370833,0.6866696,1.1566490,0.006609,0.006552
False,0.375000,0.6866973,1.1566760,0.006638,0.006609
False,0.379167,0.6867257,1.1567050,0.006824,0.006809
False,0.383333,0.6867542,1.1567330,0.006824,0.006809
False,0.387500,0.6867836,1.1567620,0.007052,0.007010
False,0.391667,0.6868129,1.1567910,0.007052,0.007010
False,0.395833,0.6868431,1.1568210,0.007238,0.007210
False,0.400000,0.6868733,1.1568520,0.007253,0.007238
False,0.404167,0.6869044,1.1568820,0.007467,0.007410
False,0.408333,0.6869356,1.1569140,0.007482,0.007467
False,0.412500,0.6869676,1.1569450,0.007668,0.007610
False,0.416667,0.6869995,1.1569770,0.007668,0.007639
False,0.420833,0.6870323,1.1570100,0.007868,0.007839
False,0.425000,0.6870651,1.1570420,0.007868,0.007811
False,0.429167,0.6870987,1.1570760,0.008082,0.008039
False,0.433333,0.6871325,1.1571090,0.008097,0.008068
False,0.437500,0.6871670,1.1571440,0.008283,0.008240
False,0.441667,0.6872015,1.1571780,0.008283,0.008240
False,0.445833,0.6872368,1.1572130,0.008483,0.008411
False,0.450000,0.6872722,1.1572480,0.008483,0.008411
False,0.454167,0.6873084,1.1572840,0.008683,0.008669
False,0.458333,0.6873446,1.1573200,0.008683,0.008640
False,0.462500,0.6873815,1.1573570,0.008869,0.008812
False,0.466667,0.6874185,1.1573940,0.008883,0.008812
False,0.470833,0.6874564,1.1574310,0.009084,0.009012
False,0.475000,0.6874941,1.1574690,0.009055,0.009012
False,0.479167,0.6875327,1.1575070,0.009270,0.009155
False,0.483333,0.6875713,1.1575450,0.009255,0.009212
False,0.487500,0.6876107,1.1575840,0.009470,0.009384
False,0.491667,0.6876501,1.1576240,0.009441,0.009413
False,0.495833,0.6876903,1.1576630,0.009656,0.009556
False,0.500000,0.6877305,1.1577030,0.009642,0.009556
False,0.504167,0.6877714,1.1577440,0.009828,0.009756
False,0.508333,0.6878123,1.1577850,0.009813,0.009756
False,0.512500,0.6878541,1.1578260,0.010014,0.009899
False,0.516667,0.6878957,1.1578670,0.009999,0.009928
False,0.520833,0.6879382,1.1579090,0.010185,0.010099
False,0.525000,0.6879805,1.1579510,0.010171,0.010071
False,0.529167,0.6880237,1.1579940,0.010357,0.010271
False,0.533333,0.6880668,1.1580370,0.010357,0.010242
False,0.537500,0.6881107,1.1580800,0.010529,0.010443
False,0.541667,0.6881545,1.1581240,0.010514,0.010443
False,0.545833,0.6881991,1.1581680,0.010700,0.010586
False,0.550000,0.6882437,1.1582120,0.010700,0.010557
False,0.554167,0.6882889,1.1582570,0.010843,0.010757
False,0.558333,0.6883340,1.1583010,0.010843,0.010757
False,0.562500,0.6883800,1.1583470,0.011029,0.010872
False,0.566667,0.6884259,1.1583920,0.011015,0.010872
False,0.570833,0.6884724,1.1584380,0.011172,0.011072
False,0.575000,0.6885189,1.1584840,0.011158,0.011015
False,0.579167,0.6885661,1.1585310,0.011330,0.011215
False,0.583333,0.6886134,1.1585780,0.011330,0.011244
False,0.587500,0.6886612,1.1586250,0.011473,0.011330
False,0.591667,0.6887090,1.1586720,0.011473,0.011330
False,0.595833,0.6887572,1.1587200,0.011587,0.011473
False,0.600000,0.6888056,1.1587670,0.011601,0.011415
False,0.604167,0.6888546,1.1588160,0.011759,0.011673
False,0.608333,0.6889036,1.1588640,0.011773,0.011587
False,0.612500,0.6889531,1.1589130,0.011873,0.011730
False,0.616667,0.6890027,1.1589620,0.011902,0.011730
False,0.620833,0.6890528,1.1590120,0.012016,0.011873
False,0.625000,0.6891028,1.1590610,0.012002,0.011845
False,0.629167,0.6891534,1.1591110,0.012159,0.011988
False,0.633333,0.6892040,1.1591610,0.012145,0.011959
False,0.637500,0.6892552,1.1592110,0.012274,0.012131
False,0.641667,0.6893063,1.1592620,0.012259,0.012074
False,0.645833,0.6893578,1.1593120,0.012374,0.012217
False,0.650000,0.6894094,1.1593630,0.012374,0.012188
False,0.654167,0.6894614,1.1594150,0.012488,0.012302
False,0.658333,0.6895134,1.1594660,0.012474,0.012302
False,0.662500,0.6895660,1.1595180,0.012617,0.012417
False,0.666667,0.6896185,1.1595690,0.012603,0.012417
False,0.670833,0.6896713,1.1596210,0.012689,0.012474
False,0.675000,0.6897243,1.1596730,0.012703,0.012531
False,0.679167,0.6897776,1.1597260,0.012803,0.012589
False,0.683333,0.6898310,1.1597780,0.012803,0.012589
False,0.687500,0.6898847,1.1598310,0.012889,0.012674
False,0.691667,0.6899384,1.1598840,0.012889,0.012646
False,0.695833,0.6899924,1.1599370,0.012960,0.012789
False,0.700000,0.6900464,1.1599900,0.012975,0.012732
False,0.704167,0.6901009,1.1600440,0.013075,0.012846
False,0.708333,0.6901553,1.1600970,0.013061,0.012846
False,0.712500,0.6902100,1.1601510,0.013132,0.012875
False,0.716667,0.6902647,1.1602050,0.013118,0.012903
False,0.720833,0.6903198,1.1602590,0.013218,0.012932
False,0.725000,0.6903748,1.1603130,0.013204,0.012989
False,0.729167,0.6904301,1.1603670,0.013275,0.013046
False,0.733333,0.6904854,1.1604210,0.013261,0.012989
False,0.737500,0.6905409,1.1604760,0.013332,0.013103
False,0.741667,0.6905965,1.1605300,0.013347,0.013075
False,0.745833,0.6906523,1.1605850,0.013375,0.013103
False,0.750000,0.6907080,1.1606400,0.013390,0.013161
False,0.754167,0.6907640,1.1606940,0.013433,0.013132
False,0.758333,0.6908200,1.1607490,0.013447,0.013189
False,0.762500,0.6908761,1.1608040,0.013461,0.013189
False,0.766667,0.6909323,1.1608590,0.013475,0.013189
False,0.770833,0.6909886,1.1609140,0.013518,0.013218
False,0.775000,0.6910450,1.1609700,0.013533,0.013275
False,0.779167,0.6911014,1.1610250,0.013547,0.013247
False,0.783333,0.6911579,1.1610800,0.013547,0.013275
False,0.787500,0.6912144,1.1611350,0.013576,0.013275
False,0.791667,0.6912710,1.1611910,0.013576,0.013275
False,0.795833,0.6913277,1.1612460,0.013604,0.013275
False,0.800000,0.6913844,1.1613020,0.013618,0.013332
False,0.804167,0.6914412,1.1613570,0.013618,0.013304
False,0.808333,0.6914979,1.1614120,0.013604,0.013304
False,0.812500,0.6915547,1.1614680,0.013633,0.013332
False,0.816667,0.6916115,1.1615230,0.013647,0.013304
False,0.820833,0.6916683,1.1615790,0.013633,0.013304
False,0.825000,0.6917251,1.1616340,0.013633,0.013332
False,0.829167,0.6917819,1.1616900,0.013633,0.013304
False,0.833333,0.6918387,1.1617450,0.013633,0.013304
False,0.837500,0.6918955,1.1618010,0.013633,0.013275
False,0.841667,0.6919523,1.1618560,0.013633,0.013304
False,0.845833,0.6920091,1.1619110,0.013618,0.013275
False,0.850000,0.6920658,1.1619670,0.013604,0.013275
False,0.854167,0.6921225,1.1620220,0.013604,0.013247
False,0.858333,0.6921791,1.1620770,0.013604,0.013275
False,0.862500,0.6922358,1.1621320,0.013590,0.013218
False,0.866667,0.6922924,1.1621870,0.013590,0.013247
False,0.870833,0.6923488,1.1622420,0.013547,0.013189
False,0.875000,0.6924053,1.1622970,0.013547,0.013218
False,0.879167,0.6924616,1.1623520,0.013504,0.013132
False,0.883333,0.6925179,1.1624070,0.013518,0.013132
False,0.887500,0.6925741,1.1624620,0.013490,0.013132
False,0.891667,0.6926303,1.1625160,0.013490,0.013103
False,0.895833,0.6926863,1.1625710,0.013433,0.013103
False,0.900000,0.6927423,1.1626250,0.013447,0.013046
False,0.904167,0.6927980,1.1626790,0.013375,0.012989
False,0.908333,0.6928538,1.1627340,0.013390,0.013018
False,0.912500,0.6929094,1.1627880,0.013332,0.012960
False,0.916667,0.6929649,1.1628420,0.013332,0.012960
False,0.920833,0.6930202,1.1628950,0.013261,0.012875
False,0.925000,0.6930754,1.1629490,0.013261,0.012875
False,0.929167,0.6931305,1.1630020,0.013218,0.012846
False,0.933333,0.6931855,1.1630560,0.013204,0.012817
False,0.937500,0.6932402,1.1631090,0.013132,0.012760
False,0.941667,0.6932949,1.1631620,0.013132,0.012732
False,0.945833,0.6933494,1.1632150,0.013061,0.012646
False,0.950000,0.6934037,1.1632670,0.013046,0.012646
False,0.954167,0.6934578,1.1633200,0.012975,0.012560
False,0.958333,0.6935119,1.1633720,0.012989,0.012560
False,0.962500,0.6935656,1.1634240,0.012889,0.012531
False,0.966667,0.6936193,1.1634760,0.012889,0.012474
False,0.970833,0.6936727,1.1635280,0.012803,0.012388
False,0.975000,0.6937260,1.1635800,0.012803,0.012417
False,0.979167,0.6937789,1.1636310,0.012703,0.012302
False,0.983333,0.6938317,1.1636820,0.012674,0.012274
False,0.987500,0.6938843,1.1637330,0.012617,0.012188
False,0.991667,0.6939368,1.1637840,0.012589,0.012188
False,0.995833,0.6939889,1.1638340,0.012503,0.012102
False,1.000000,0.6940409,1.1638840,0.012488,0.012074
False,1.004167,0.6940925,1.1639340,0.012374,0.011959
False,1.008333,0.6941440,1.1639840,0.012374,0.011959
False,1.012500,0.6941952,1.1640330,0.012274,0.011873
False,1.016667,0.6942463,1.1640830,0.012274,0.011845
False,1.020833,0.6942969,1.1641320,0.012145,0.011730
False,1.025000,0.6943474,1.1641810,0.012131,0.011730
False,1.029167,0.6943974,1.1642290,0.012002,0.011559
False,1.033333,0.6944475,1.1642770,0.012002,0.011587
False,1.037500,0.6944970,1.1643250,0.011902,0.011501
False,1.041667,0.6945466,1.1643730,0.011902,0.011501
False,1.045833,0.6945956,1.1644200,0.011745,0.011330
False,1.050000,0.6946445,1.1644670,0.011745,0.011301
False,1.054167,0.6946930,1.1645140,0.011630,0.011244
False,1.058333,0.6947414,1.1645610,0.011616,0.011187
False,1.062500,0.6947891,1.1646070,0.011458,0.011044
False,1.066667,0.6948369,1.1646530,0.011458,0.011072
False,1.070833,0.6948841,1.1646980,0.011330,0.010901
False,1.075000,0.6949313,1.1647440,0.011330,0.010901
False,1.079167,0.6949778,1.1647880,0.011172,0.010786
False,1.083333,0.6950243,1.1648330,0.011158,0.010729
False,1.087500,0.6950703,1.1648780,0.011029,0.010643
False,1.091667,0.6951162,1.1649220,0.011015,0.010586
False,1.095833,0.6951614,1.1649650,0.010858,0.010471
False,1.100000,0.6952066,1.1650090,0.010843,0.010414
False,1.104167,0.6952512,1.1650520,0.010700,0.010300
False,1.108333,0.6952958,1.1650940,0.010700,0.010300
False,1.112500,0.6953396,1.1651370,0.010514,0.010128
False,1.116667,0.6953834,1.1651790,0.010514,0.010099
False,1.120833,0.6954266,1.1652200,0.010371,0.009956
False,1.125000,0.6954697,1.1652620,0.010357,0.009956
False,1.129167,0.6955122,1.1653030,0.010185,0.009785
False,1.133333,0.6955546,1.1653430,0.010171,0.009785
False,1.137500,0.6955963,1.1653830,0.010014,0.009613
False,1.141667,0.6956379,1.1654230,0.009999,0.009613
False,1.145833,0.6956788,1.1654630,0.009813,0.009441
False,1.150000,0.6957197,1.1655020,0.009813,0.009441
False,1.154167,0.6957600,1.1655410,0.009656,0.009241
False,1.158333,0.6958001,1.1655790,0.009642,0.009270
False,1.162500,0.6958395,1.1656170,0.009456,0.009069
False,1.166667,0.6958789,1.1656550,0.009441,0.009069
False,1.170833,0.6959175,1.1656920,0.009270,0.008898
False,1.175000,0.6959561,1.1657290,0.009270,0.008869
False,1.179167,0.6959939,1.1657650,0.009069,0.008698
False,1.183333,0.6960316,1.1658010,0.009055,0.008698
False,1.187500,0.6960686,1.1658370,0.008883,0.008497
False,1.191667,0.6961057,1.1658720,0.008883,0.008554
False,1.195833,0.6961418,1.1659070,0.008683,0.008326
False,1.200000,0.6961780,1.1659420,0.008683,0.008297
False,1.204167,0.6962134,1.1659750,0.008483,0.008125
False,1.208333,0.6962487,1.1660090,0.008483,0.008154
False,1.212500,0.6962832,1.1660420,0.008283,0.007896
False,1.216667,0.6963177,1.1660760,0.008283,0.007982
False,1.220833,0.6963514,1.1661080,0.008082,0.007725
False,1.225000,0.6963850,1.1661400,0.008068,0.007725
False,1.229167,0.6964179,1.1661710,0.007882,0.007553
False,1.233333,0.6964507,1.1662030,0.007882,0.007524
False,1.237500,0.6964827,1.1662340,0.007682,0.007381
False,1.241667,0.6965147,1.1662640,0.007682,0.007353
False,1.245833,0.6965458,1.1662940,0.007453,0.007124
False,1.250000,0.6965768,1.1663240,0.007453,0.007124
False,1.254167,0.6966071,1.1663530,0.007267,0.006952
False,1.258333,0.6966373,1.1663810,0.007238,0.006924
False,1.262500,0.6966667,1.1664090,0.007052,0.006752
False,1.266667,0.6966960,1.1664380,0.007052,0.006752
False,1.270833,0.6967245,1.1664650,0.006824,0.006523
False,1.275000,0.6967530,1.1664920,0.006838,0.006523
False,1.279167,0.6967806,1.1665180,0.006638,0.006351
False,1.283333,0.6968082,1.1665450,0.006609,0.006323
False,1.287500,0.6968349,1.1665700,0.006423,0.006151
False,1.291667,0.6968616,1.1665960,0.006409,0.006094
False,1.295833,0.6968875,1.1666200,0.006208,0.005922
False,1.300000,0.6969133,1.1666450,0.006194,0.005951
False,1.304167,0.6969382,1.1666690,0.005980,0.005722
False,1.308333,0.6969631,1.1666930,0.005980,0.005693
False,1.312500,0.6969873,1.1667160,0.005794,0.005522
False,1.316667,0.6970113,1.1667390,0.005765,0.005522
False,1.320833,0.6970345,1.1667610,0.005579,0.005322
False,1.325000,0.6970577,1.1667830,0.005565,0.005322
False,1.329167,0.6970800,1.1668040,0.005336,0.005093
False,1.333333,0.6971023,1.1668260,0.005364,0.005121
False,1.337500,0.6971237,1.1668460,0.005136,0.004921
False,1.341667,0.6971451,1.1668670,0.005136,0.004892
False,1.345833,0.6971657,1.1668860,0.004950,0.004721
False,1.350000,0.6971862,1.1669060,0.004921,0.004692
False,1.354167,0.6972060,1.1669250,0.004735,0.004520
False,1.358333,0.6972256,1.1669440,0.004706,0.004520
False,1.362500,0.6972445,1.1669620,0.004535,0.004320
False,1.366667,0.6972633,1.1669790,0.004520,0.004292
False,1.370833,0.6972812,1.1669970,0.004306,0.004120
False,1.375000,0.6972992,1.1670140,0.004306,0.004120
False,1.379167,0.6973163,1.1670300,0.004106,0.003891
False,1.383333,0.6973335,1.1670460,0.004120,0.003920
False,1.387500,0.6973497,1.1670620,0.003905,0.003748
False,1.391667,0.6973660,1.1670770,0.003905,0.003719
False,1.395833,0.6973814,1.1670920,0.003705,0.003548
False,1.400000,0.6973969,1.1671070,0.003705,0.003519
False,1.404167,0.6974115,1.1671210,0.003505,0.003347
False,1.408333,0.6974261,1.1671350,0.003505,0.003376
False,1.412500,0.6974398,1.1671480,0.003304,0.003119
False,1.416667,0.6974536,1.1671610,0.003304,0.003119
False,1.420833,0.6974667,1.1671730,0.003133,0.003004
False,1.425000,0.6974797,1.1671860,0.003119,0.003004
False,1.429167,0.6974919,1.1671980,0.002933,0.002804
False,1.433333,0.6975042,1.1672090,0.002947,0.002775
False,1.437500,0.6975156,1.1672200,0.002747,0.002632
False,1.441667,0.6975270,1.1672310,0.002732,0.002632
False,1.445833,0.6975377,1.1672410,0.002561,0.002432
False,1.450000,0.6975484,1.1672510,0.002575,0.002432
False,1.454167,0.6975583,1.1672610,0.002389,0.002289
False,1.458333,0.6975683,1.1672700,0.002389,0.002260
False,1.462500,0.6975775,1.1672790,0.002217,0.002117
False,1.466667,0.6975868,1.1672880,0.002217,0.002117
False,1.470833,0.6975953,1.1672960,0.002046,0.001974
False,1.475000,0.6976038,1.1673040,0.002046,0.001917
False,1.479167,0.6976116,1.1673120,0.001860,0.001774
False,1.483333,0.6976194,1.1673190,0.001874,0.001745
False,1.487500,0.6976265,1.1673260,0.001717,0.001688
False,1.491667,0.6976337,1.1673330,0.001731,0.001659
False,1.495833,0.6976403,1.1673390,0.001574,0.001488
False,1.500000,0.6976469,1.1673450,0.001574,0.001488
False,1.504167,0.6976527,1.1673510,0.001402,0.001316
False,1.508333,0.6976586,1.1673560,0.001416,0.001373
False,1.512500,0.6976639,1.1673610,0.001273,0.001230
False,1.516667,0.6976692,1.1673660,0.001273,0.001173
False,1.520833,0.6976740,1.1673710,0.001144,0.001116
False,1.525000,0.6976787,1.1673750,0.001130,0.001059
False,1.529167,0.6976829,1.1673790,0.001001,0.000944
False,1.533333,0.6976871,1.1673830,0.001016,0.000973
False,1.537500,0.6976907,1.1673870,0.000873,0.000830
False,1.541667,0.6976944,1.1673900,0.000873,0.000830
False,1.545833,0.6976976,1.1673930,0.000772,0.000744
False,1.550000,0.6977007,1.1673970,0.000758,0.000744
False,1.554167,0.6977035,1.1673990,0.000658,0.000629
False,1.558333,0.6977063,1.1674020,0.000672,0.000629
False,1.562500,0.6977085,1.1674040,0.000544,0.000515
False,1.566667,0.6977108,1.1674060,0.000544,0.000515
False,1.570833,0.6977127,1.1674080,0.000443,0.000429
False,1.575000,0.6977146,1.1674100,0.000458,0.000458
False,1.579167,0.6977162,1.1674110,0.000386,0.000343
False,1.583333,0.6977177,1.1674130,0.000372,0.000372
False,1.587500,0.6977189,1.1674140,0.000286,0.000257
False,1.591667,0.6977201,1.1674150,0.000286,0.000286
False,1.595833,0.6977210,1.1674160,0.000215,0.000200
False,1.600000,0.6977220,1.1674170,0.000229,0.000200
False,1.604167,0.6977226,1.1674170,0.000157,0.000143
False,1.608333,0.6977233,1.1674180,0.000157,0.000143
False,1.612500,0.6977237,1.1674180,0.000100,0.000114
False,1.616667,0.6977242,1.1674190,0.000114,0.000114
False,1.620833,0.6977245,1.1674190,0.000072,0.000057
False,1.625000,0.6977248,1.1674190,0.000072,0.000057
False,1.629167,0.6977249,1.1674200,0.000029,0.000057
False,1.633333,0.6977251,1.1674200,0.000043,0.000029
False,1.637500,0.6977251,1.1674200,0.000000,0.000000
False,1.641667,0.6977251,1.1674200,0.000014,0.000000
False,1.645833,0.6977252,1.1674200,0.000014,0.000000
False,1.650000,0.6977252,1.1674200,0.000000,0.000000
False,1.654167,0.6977252,1.1674200,0.000000,0.000000
False,1.658333,0.6977251,1.1674200,-0.000014,0.000000
False,1.662500,0.6977251,1.1674200,-0.000014,0.000000
False,1.666667,0.6977251,1.1674200,0.000000,0.000000
False,1.670833,0.6977249,1.1674200,-0.000029,-0.000029
False,1.675000,0.6977248,1.1674190,-0.000043,-0.000029
False,1.679167,0.6977246,1.1674190,-0.000043,-0.000029
False,1.683333,0.6977244,1.1674190,-0.000043,-0.000086
False,1.687500,0.6977240,1.1674190,-0.000086,-0.000057
False,1.691667,0.6977237,1.1674180,-0.000086,-0.000086
False,1.695833,0.6977232,1.1674180,-0.000129,-0.000114
False,1.700000,0.6977226,1.1674170,-0.000129,-0.000114
False,1.704167,0.6977219,1.1674170,-0.000172,-0.000143
False,1.708333,0.6977212,1.1674160,-0.000172,-0.000172
False,1.712500,0.6977202,1.1674150,-0.000229,-0.000172
False,1.716667,0.6977193,1.1674140,-0.000229,-0.000229
False,1.720833,0.6977180,1.1674130,-0.000300,-0.000286
False,1.725000,0.6977168,1.1674120,-0.000286,-0.000257
False,1.729167,0.6977153,1.1674110,-0.000372,-0.000315
False,1.733333,0.6977138,1.1674100,-0.000358,-0.000315
False,1.737500,0.6977119,1.1674080,-0.000443,-0.000429
False,1.741667,0.6977101,1.1674060,-0.000443,-0.000401
False,1.745833,0.6977079,1.1674040,-0.000529,-0.000458
False,1.750000,0.6977057,1.1674020,-0.000515,-0.000486
False,1.754167,0.6977032,1.1674000,-0.000615,-0.000544
False,1.758333,0.6977007,1.1673980,-0.000601,-0.000544
False,1.762500,0.6976977,1.1673950,-0.000715,-0.000658
False,1.766667,0.6976947,1.1673920,-0.000715,-0.000629
False,1.770833,0.6976914,1.1673890,-0.000801,-0.000772
False,1.775000,0.6976879,1.1673860,-0.000830,-0.000715
False,1.779167,0.6976841,1.1673830,-0.000916,-0.000830
False,1.783333,0.6976803,1.1673790,-0.000916,-0.000830
False,1.787500,0.6976760,1.1673750,-0.001030,-0.000916
False,1.791667,0.6976717,1.1673710,-0.001030,-0.000944
False,1.795833,0.6976669,1.1673670,-0.001159,-0.001059
False,1.800000,0.6976621,1.1673630,-0.001144,-0.001030
False,1.804167,0.6976568,1.1673580,-0.001273,-0.001144
False,1.808333,0.6976514,1.1673530,-0.001287,-0.001173
False,1.812500,0.6976456,1.1673480,-0.001402,-0.001287
False,1.816667,0.6976398,1.1673430,-0.001402,-0.001230
False,1.820833,0.6976333,1.1673370,-0.001545,-0.001431
False,1.825000,0.6976269,1.1673310,-0.001531,-0.001373
False,1.829167,0.6976200,1.1673250,-0.001659,-0.001516
False,1.833333,0.6976131,1.1673180,-0.001674,-0.001488
False,1.837500,0.6976055,1.1673110,-0.001817,-0.001659
False,1.841667,0.6975979,1.1673050,-0.001817,-0.001659
False,1.845833,0.6975898,1.1672970,-0.001960,-0.001802
False,1.850000,0.6975815,1.1672900,-0.001974,-0.001774
False,1.854167,0.6975726,1.1672820,-0.002131,-0.001917
False,1.858333,0.6975638,1.1672740,-0.002117,-0.001917
False,1.862500,0.6975543,1.1672650,-0.002275,-0.002060
False,1.866667,0.6975449,1.1672560,-0.002275,-0.002060
False,1.870833,0.6975347,1.1672470,-0.002432,-0.002232
False,1.875000,0.6975245,1.1672380,-0.002446,-0.002232
False,1.879167,0.6975138,1.1672280,-0.002589,-0.002346
False,1.883333,0.6975030,1.1672180,-0.002589,-0.002346
False,1.887500,0.6974914,1.1672080,-0.002775,-0.002546
False,1.891667,0.6974800,1.1671970,-0.002747,-0.002489
False,1.895833,0.6974677,1.1671860,-0.002947,-0.002661
False,1.900000,0.6974555,1.1671750,-0.002933,-0.002661
False,1.904167,0.6974425,1.1671630,-0.003104,-0.002832
False,1.908333,0.6974296,1.1671520,-0.003104,-0.002832
False,1.912500,0.6974159,1.1671390,-0.003290,-0.003004
False,1.916667,0.6974022,1.1671270,-0.003276,-0.002975
False,1.920833,0.6973878,1.1671140,-0.003462,-0.003147
False,1.925000,0.6973734,1.1671000,-0.003462,-0.003147
False,1.929167,0.6973582,1.1670870,-0.003648,-0.003319
False,1.933333,0.6973429,1.1670730,-0.003662,-0.003319
False,1.937500,0.6973270,1.1670580,-0.003819,-0.003490
False,1.941667,0.6973111,1.1670440,-0.003819,-0.003490
False,1.945833,0.6972944,1.1670280,-0.004020,-0.003662
False,1.950000,0.6972775,1.1670130,-0.004034,-0.003662
False,1.954167,0.6972601,1.1669970,-0.004191,-0.003805
False,1.958333,0.6972426,1.1669810,-0.004206,-0.003834
False,1.962500,0.6972242,1.1669650,-0.004406,-0.004034
False,1.966667,0.6972059,1.1669480,-0.004392,-0.004005
False,1.970833,0.6971868,1.1669300,-0.004592,-0.004206
False,1.975000,0.6971676,1.1669130,-0.004592,-0.004206
False,1.979167,0.6971477,1.1668950,-0.004792,-0.004377
False,1.983333,0.6971277,1.1668760,-0.004792,-0.004349
False,1.987500,0.6971070,1.1668570,-0.004964,-0.004549
False,1.991667,0.6970863,1.1668390,-0.004978,-0.004549
False,1.995833,0.6970646,1.1668190,-0.005193,-0.004721
False,2.000000,0.6970431,1.1667990,-0.005164,-0.004778
False,2.004167,0.6970206,1.1667780,-0.005393,-0.004921
False,2.008333,0.6969982,1.1667580,-0.005379,-0.004950
False,2.012500,0.6969750,1.1667370,-0.005579,-0.005093
False,2.016667,0.6969517,1.1667150,-0.005593,-0.005093
False,2.020833,0.6969276,1.1666930,-0.005779,-0.005322
False,2.025000,0.6969035,1.1666710,-0.005779,-0.005293
False,2.029167,0.6968786,1.1666480,-0.005980,-0.005522
False,2.033333,0.6968536,1.1666250,-0.005994,-0.005493
False,2.037500,0.6968278,1.1666020,-0.006194,-0.005693
False,2.041667,0.6968020,1.1665780,-0.006194,-0.005665
False,2.045833,0.6967754,1.1665530,-0.006394,-0.005894
False,2.050000,0.6967487,1.1665290,-0.006394,-0.005865
False,2.054167,0.6967213,1.1665040,-0.006595,-0.006065
False,2.058333,0.6966938,1.1664780,-0.006595,-0.006094
False,2.062500,0.6966654,1.1664520,-0.006809,-0.006266
False,2.066667,0.6966371,1.1664260,-0.006795,-0.006266
False,2.070833,0.6966078,1.1663990,-0.007024,-0.006466
False,2.075000,0.6965786,1.1663720,-0.007010,-0.006437
False,2.079167,0.6965486,1.1663440,-0.007210,-0.006695
False,2.083333,0.6965185,1.1663170,-0.007210,-0.006666
False,2.087500,0.6964875,1.1662880,-0.007439,-0.006866
False,2.091667,0.6964567,1.1662590,-0.007410,-0.006866
False,2.095833,0.6964248,1.1662300,-0.007639,-0.007067
False,2.100000,0.6963930,1.1662010,-0.007639,-0.007067
False,2.104167,0.6963604,1.1661700,-0.007825,-0.007238
False,2.108333,0.6963278,1.1661400,-0.007825,-0.007238
False,2.112500,0.6962942,1.1661090,-0.008054,-0.007467
False,2.116667,0.6962608,1.1660780,-0.008039,-0.007467
False,2.120833,0.6962264,1.1660460,-0.008240,-0.007639
False,2.125000,0.6961921,1.1660140,-0.008240,-0.007639
False,2.129167,0.6961569,1.1659810,-0.008454,-0.007896
False,2.133333,0.6961216,1.1659490,-0.008454,-0.007839
False,2.137500,0.6960856,1.1659150,-0.008655,-0.008068
False,2.141667,0.6960495,1.1658820,-0.008655,-0.008039
False,2.145833,0.6960126,1.1658470,-0.008855,-0.008240
False,2.150000,0.6959757,1.1658130,-0.008855,-0.008268
False,2.154167,0.6959379,1.1657780,-0.009069,-0.008469
False,2.158333,0.6959003,1.1657420,-0.009041,-0.008440
False,2.162500,0.6958616,1.1657060,-0.009270,-0.008640
False,2.166667,0.6958231,1.1656700,-0.009255,-0.008669
False,2.170833,0.6957836,1.1656330,-0.009470,-0.008869
False,2.175000,0.6957442,1.1655970,-0.009456,-0.008812
False,2.179167,0.6957040,1.1655590,-0.009656,-0.009069
False,2.183333,0.6956638,1.1655210,-0.009656,-0.009012
False,2.187500,0.6956227,1.1654830,-0.009856,-0.009212
False,2.191667,0.6955816,1.1654440,-0.009871,-0.009298
False,2.195833,0.6955397,1.1654050,-0.010042,-0.009413
False,2.200000,0.6954978,1.1653650,-0.010057,-0.009470
False,2.204167,0.6954551,1.1653250,-0.010242,-0.009613
False,2.208333,0.6954123,1.1652850,-0.010271,-0.009670
False,2.212500,0.6953689,1.1652440,-0.010428,-0.009842
False,2.216667,0.6953254,1.1652030,-0.010443,-0.009813
False,2.220833,0.6952811,1.1651610,-0.010629,-0.010042
False,2.225000,0.6952367,1.1651200,-0.010643,-0.010014
False,2.229167,0.6951917,1.1650770,-0.010815,-0.010242
False,2.233333,0.6951466,1.1650340,-0.010829,-0.010242
False,2.237500,0.6951007,1.1649910,-0.011015,-0.010414
False,2.241667,0.6950548,1.1649480,-0.011015,-0.010414
False,2.245833,0.6950081,1.1649030,-0.011201,-0.010614
False,2.250000,0.6949615,1.1648590,-0.011187,-0.010614
False,2.254167,0.6949140,1.1648140,-0.011387,-0.010815
False,2.258333,0.6948667,1.1647690,-0.011373,-0.010786
False,2.262500,0.6948185,1.1647230,-0.011559,-0.010986
False,2.266667,0.6947703,1.1646770,-0.011559,-0.011015
False,2.270833,0.6947213,1.1646310,-0.011759,-0.011158
False,2.275000,0.6946724,1.1645840,-0.011745,-0.011215
False,2.279167,0.6946228,1.1645370,-0.011902,-0.011387
False,2.283333,0.6945732,1.1644900,-0.011916,-0.011330
False,2.287500,0.6945227,1.1644410,-0.012102,-0.011559
False,2.291667,0.6944723,1.1643930,-0.012102,-0.011559
False,2.295833,0.6944212,1.1643440,-0.012274,-0.011759
False,2.300000,0.6943701,1.1642950,-0.012259,-0.011702
False,2.304167,0.6943183,1.1642460,-0.012431,-0.011930
False,2.308333,0.6942665,1.1641960,-0.012431,-0.011988
False,2.312500,0.6942140,1.1641460,-0.012603,-0.012045
False,2.316667,0.6941615,1.1640950,-0.012603,-0.012102
False,2.320833,0.6941082,1.1640440,-0.012774,-0.012302
False,2.325000,0.6940551,1.1639930,-0.012746,-0.012302
False,2.329167,0.6940012,1.1639410,-0.012946,-0.012417
False,2.333333,0.6939473,1.1638890,-0.012932,-0.012474
False,2.337500,0.6938928,1.1638360,-0.013075,-0.012646
False,2.341667,0.6938383,1.1637840,-0.013089,-0.012646
False,2.345833,0.6937832,1.1637300,-0.013232,-0.012789
False,2.350000,0.6937280,1.1636770,-0.013247,-0.012789
False,2.354167,0.6936721,1.1636230,-0.013404,-0.012989
False,2.358333,0.6936163,1.1635690,-0.013390,-0.012989
False,2.362500,0.6935599,1.1635140,-0.013547,-0.013161
False,2.366667,0.6935034,1.1634590,-0.013547,-0.013161
False,2.370833,0.6934463,1.1634040,-0.013704,-0.013304
False,2.375000,0.6933892,1.1633480,-0.013704,-0.013332
False,2.379167,0.6933317,1.1632920,-0.013819,-0.013447
False,2.383333,0.6932740,1.1632360,-0.013833,-0.013504
False,2.387500,0.6932158,1.1631790,-0.013976,-0.013647
False,2.391667,0.6931576,1.1631220,-0.013976,-0.013618
False,2.395833,0.6930988,1.1630650,-0.014105,-0.013819
False,2.400000,0.6930399,1.1630070,-0.014133,-0.013819
False,2.404167,0.6929806,1.1629490,-0.014234,-0.013962
False,2.408333,0.6929213,1.1628910,-0.014234,-0.013933
False,2.412500,0.6928614,1.1628320,-0.014362,-0.014133
False,2.416667,0.6928015,1.1627730,-0.014377,-0.014105
False,2.420833,0.6927411,1.1627140,-0.014505,-0.014248
False,2.425000,0.6926807,1.1626540,-0.014505,-0.014277
False,2.429167,0.6926197,1.1625940,-0.014620,-0.014420
False,2.433333,0.6925588,1.1625340,-0.014634,-0.014420
False,2.437500,0.6924974,1.1624730,-0.014734,-0.014563
False,2.441667,0.6924360,1.1624130,-0.014734,-0.014534
False,2.445833,0.6923741,1.1623510,-0.014863,-0.014734
False,2.450000,0.6923121,1.1622900,-0.014863,-0.014734
False,2.454167,0.6922497,1.1622280,-0.014977,-0.014791
False,2.458333,0.6921873,1.1621660,-0.014977,-0.014877
False,2.462500,0.6921245,1.1621040,-0.015078,-0.014963
False,2.466667,0.6920617,1.1620420,-0.015063,-0.015020
False,2.470833,0.6919985,1.1619790,-0.015178,-0.015078
False,2.475000,0.6919352,1.1619160,-0.015178,-0.015135
False,2.479167,0.6918715,1.1618520,-0.015306,-0.015249
False,2.483333,0.6918077,1.1617880,-0.015292,-0.015278
False,2.487500,0.6917437,1.1617240,-0.015378,-0.015364
False,2.491667,0.6916797,1.1616600,-0.015364,-0.015364
False,2.495833,0.6916152,1.1615960,-0.015464,-0.015507
False,2.500000,0.6915507,1.1615310,-0.015478,-0.015507
False,2.504167,0.6914859,1.1614660,-0.015564,-0.015593
False,2.508333,0.6914211,1.1614010,-0.015550,-0.015593
False,2.512500,0.6913558,1.1613360,-0.015664,-0.015736
False,2.516667,0.6912907,1.1612700,-0.015635,-0.015793
False,2.520833,0.6912251,1.1612040,-0.015736,-0.015821
False,2.525000,0.6911595,1.1611380,-0.015736,-0.015879
False,2.529167,0.6910937,1.1610710,-0.015793,-0.015936
False,2.533333,0.6910279,1.1610050,-0.015793,-0.015965
False,2.537500,0.6909618,1.1609380,-0.015879,-0.016050
False,2.541667,0.6908956,1.1608710,-0.015879,-0.016108
False,2.545833,0.6908292,1.1608040,-0.015950,-0.016165
False,2.550000,0.6907627,1.1607360,-0.015950,-0.016193
False,2.554167,0.6906960,1.1606680,-0.016007,-0.016222
False,2.558333,0.6906293,1.1606010,-0.016007,-0.016279
False,2.562500,0.6905624,1.1605320,-0.016065,-0.016365
False,2.566667,0.6904954,1.1604640,-0.016079,-0.016394
False,2.570833,0.6904283,1.1603960,-0.016108,-0.016451
False,2.575000,0.6903611,1.1603270,-0.016122,-0.016422
False,2.579167,0.6902936,1.1602580,-0.016193,-0.016565
False,2.583333,0.6902262,1.1601890,-0.016179,-0.016565
False,2.587500,0.6901586,1.1601200,-0.016222,-0.016594
False,2.591667,0.6900910,1.1600510,-0.016222,-0.016623
False,2.595833,0.6900232,1.1599810,-0.016265,-0.016708
False,2.600000,0.6899555,1.1599120,-0.016251,-0.016708
False,2.604167,0.6898876,1.1598420,-0.016308,-0.016766
False,2.608333,0.6898196,1.1597720,-0.016308,-0.016823
False,2.612500,0.6897514,1.1597010,-0.016365,-0.016851
False,2.616667,0.6896833,1.1596310,-0.016351,-0.016880
False,2.620833,0.6896151,1.1595610,-0.016365,-0.016909
False,2.625000,0.6895469,1.1594900,-0.016365,-0.016909
False,2.629167,0.6894787,1.1594190,-0.016379,-0.016966
False,2.633333,0.6894104,1.1593490,-0.016394,-0.016994
False,2.637500,0.6893420,1.1592780,-0.016422,-0.017023
False,2.641667,0.6892735,1.1592070,-0.016437,-0.017080
False,2.645833,0.6892051,1.1591350,-0.016422,-0.017080
False,2.650000,0.6891366,1.1590640,-0.016437,-0.017109
False,2.654167,0.6890680,1.1589930,-0.016451,-0.017138
False,2.658333,0.6889994,1.1589210,-0.016465,-0.017166
False,2.662500,0.6889309,1.1588500,-0.016451,-0.017166
False,2.666667,0.6888623,1.1587780,-0.016465,-0.017223
False,2.670833,0.6887937,1.1587060,-0.016451,-0.017195
False,2.675000,0.6887251,1.1586340,-0.016465,-0.017252
False,2.679167,0.6886566,1.1585620,-0.016451,-0.017252
False,2.683333,0.6885880,1.1584900,-0.016465,-0.017281
False,2.687500,0.6885193,1.1584180,-0.016479,-0.017281
False,2.691667,0.6884507,1.1583460,-0.016465,-0.017309
False,2.695833,0.6883822,1.1582740,-0.016437,-0.017309
False,2.700000,0.6883137,1.1582020,-0.016451,-0.017338
False,2.704167,0.6882452,1.1581300,-0.016422,-0.017338
False,2.708333,0.6881768,1.1580570,-0.016437,-0.017338
False,2.712500,0.6881083,1.1579850,-0.016422,-0.017366
False,2.716667,0.6880400,1.1579130,-0.016408,-0.017366
False,2.720833,0.6879716,1.1578400,-0.016408,-0.017366
False,2.725000,0.6879033,1.1577680,-0.016394,-0.017395
False,2.729167,0.6878351,1.1576960,-0.016365,-0.017366
False,2.733333,0.6877668,1.1576230,-0.016394,-0.017395
False,2.737500,0.6876987,1.1575510,-0.016336,-0.017366
False,2.741667,0.6876307,1.1574780,-0.016336,-0.017424
False,2.745833,0.6875627,1.1574060,-0.016308,-0.017338
False,2.750000,0.6874948,1.1573330,-0.016308,-0.017424
False,2.754167,0.6874270,1.1572610,-0.016265,-0.017366
False,2.758333,0.6873592,1.1571880,-0.016265,-0.017395
False,2.762500,0.6872916,1.1571160,-0.016222,-0.017366
False,2.766667,0.6872240,1.1570440,-0.016236,-0.017395
False,2.770833,0.6871566,1.1569710,-0.016179,-0.017338
False,2.775000,0.6870892,1.1568990,-0.016165,-0.017366
False,2.779167,0.6870220,1.1568270,-0.016136,-0.017281
False,2.783333,0.6869549,1.1567550,-0.016108,-0.017366
False,2.787500,0.6868879,1.1566830,-0.016079,-0.017252
False,2.791667,0.6868209,1.1566100,-0.016065,-0.017338
False,2.795833,0.6867542,1.1565390,-0.016022,-0.017252
False,2.800000,0.6866874,1.1564660,-0.016022,-0.017309
False,2.804167,0.6866210,1.1563950,-0.015936,-0.017223
False,2.808333,0.6865547,1.1563230,-0.015922,-0.017223
False,2.812500,0.6864884,1.1562510,-0.015893,-0.017166
False,2.816667,0.6864223,1.1561800,-0.015864,-0.017223
False,2.820833,0.6863565,1.1561080,-0.015807,-0.017166
False,2.825000,0.6862907,1.1560370,-0.015793,-0.017138
False,2.829167,0.6862251,1.1559650,-0.015736,-0.017109
False,2.833333,0.6861595,1.1558940,-0.015750,-0.017109
False,2.837500,0.6860943,1.1558230,-0.015635,-0.017052
False,2.841667,0.6860293,1.1557520,-0.015621,-0.017023
False,2.845833,0.6859643,1.1556810,-0.015578,-0.016994
False,2.850000,0.6858996,1.1556110,-0.015550,-0.016994
False,2.854167,0.6858351,1.1555400,-0.015478,-0.016937
False,2.858333,0.6857706,1.1554690,-0.015464,-0.016937
False,2.862500,0.6857065,1.1553990,-0.015392,-0.016851
False,2.866667,0.6856424,1.1553290,-0.015392,-0.016851
False,2.870833,0.6855787,1.1552590,-0.015278,-0.016766
False,2.875000,0.6855150,1.1551890,-0.015278,-0.016794
False,2.879167,0.6854518,1.1551200,-0.015178,-0.016680
False,2.883333,0.6853885,1.1550500,-0.015192,-0.016737
False,2.887500,0.6853257,1.1549810,-0.015063,-0.016565
False,2.891667,0.6852629,1.1549120,-0.015078,-0.016594
False,2.895833,0.6852006,1.1548430,-0.014963,-0.016594
False,2.900000,0.6851382,1.1547740,-0.014977,-0.016508
False,2.904167,0.6850762,1.1547050,-0.014863,-0.016422
False,2.908333,0.6850143,1.1546370,-0.014863,-0.016422
False,2.912500,0.6849529,1.1545690,-0.014734,-0.016336
False,2.916667,0.6848915,1.1545010,-0.014749,-0.016336
False,2.920833,0.6848305,1.1544330,-0.014620,-0.016222
False,2.925000,0.6847696,1.1543660,-0.014634,-0.016222
False,2.929167,0.6847091,1.1542990,-0.014505,-0.016108
False,2.933333,0.6846488,1.1542310,-0.014491,-0.016136
False,2.937500,0.6845888,1.1541650,-0.014377,-0.015965
False,2.941667,0.6845290,1.1540980,-0.014362,-0.016022
False,2.945833,0.6844696,1.1540320,-0.014262,-0.015879
False,2.950000,0.6844102,1.1539660,-0.014248,-0.015907
False,2.954167,0.6843514,1.1539000,-0.014105,-0.015736
False,2.958333,0.6842927,1.1538340,-0.014105,-0.015793
False,2.962500,0.6842344,1.1537690,-0.013990,-0.015621
False,2.966667,0.6841762,1.1537040,-0.013962,-0.015650
False,2.970833,0.6841185,1.1536390,-0.013847,-0.015507
False,2.975000,0.6840609,1.1535750,-0.013833,-0.015507
False,2.979167,0.6840038,1.1535110,-0.013690,-0.015364
False,2.983333,0.6839468,1.1534470,-0.013690,-0.015392
False,2.987500,0.6838903,1.1533830,-0.013547,-0.015221
False,2.991667,0.6838339,1.1533200,-0.013547,-0.015249
False,2.995833,0.6837781,1.1532570,-0.013390,-0.015106
False,3.000000,0.6837223,1.1531940,-0.013404,-0.015106
False,3.004167,0.6836671,1.1531320,-0.013232,-0.014906
False,3.008333,0.6836120,1.1530690,-0.013232,-0.014935
False,3.012500,0.6835574,1.1530080,-0.013103,-0.014791
False,3.016667,0.6835029,1.1529460,-0.013075,-0.014791
False,3.020833,0.6834490,1.1528850,-0.012932,-0.014620
False,3.025000,0.6833952,1.1528240,-0.012918,-0.014648
False,3.029167,0.6833420,1.1527640,-0.012774,-0.014448
False,3.033333,0.6832888,1.1527040,-0.012760,-0.014477
False,3.037500,0.6832363,1.1526440,-0.012603,-0.014305
False,3.041667,0.6831838,1.1525840,-0.012603,-0.014305
False,3.045833,0.6831319,1.1525260,-0.012460,-0.014105
False,3.050000,0.6830801,1.1524670,-0.012417,-0.014162
False,3.054167,0.6830290,1.1524090,-0.012274,-0.013933
False,3.058333,0.6829780,1.1523500,-0.012245,-0.013990
False,3.062500,0.6829275,1.1522930,-0.012102,-0.013790
False,3.066667,0.6828772,1.1522350,-0.012088,-0.013790
False,3.070833,0.6828275,1.1521790,-0.011930,-0.013590
False,3.075000,0.6827778,1.1521220,-0.011916,-0.013590
False,3.079167,0.6827289,1.1520660,-0.011745,-0.013418
False,3.083333,0.6826800,1.1520100,-0.011745,-0.013475
False,3.087500,0.6826318,1.1519550,-0.011559,-0.013189
False,3.091667,0.6825836,1.1519000,-0.011559,-0.013247
False,3.095833,0.6825362,1.1518460,-0.011387,-0.013046
False,3.100000,0.6824887,1.1517910,-0.011387,-0.013018
False,3.104167,0.6824421,1.1517380,-0.011201,-0.012875
False,3.108333,0.6823955,1.1516840,-0.011187,-0.012846
False,3.112500,0.6823496,1.1516310,-0.011015,-0.012646
False,3.116667,0.6823037,1.1515790,-0.011015,-0.012646
False,3.120833,0.6822586,1.1515270,-0.010815,-0.012474
False,3.125000,0.6822135,1.1514750,-0.010815,-0.012445
False,3.129167,0.6821692,1.1514240,-0.010643,-0.012245
False,3.133333,0.6821249,1.1513730,-0.010643,-0.012245
False,3.137500,0.6820813,1.1513230,-0.010443,-0.012074
False,3.141667,0.6820379,1.1512730,-0.010428,-0.012016
False,3.145833,0.6819951,1.1512230,-0.010271,-0.011845
False,3.150000,0.6819524,1.1511740,-0.010242,-0.011787
False,3.154167,0.6819106,1.1511250,-0.010042,-0.011673
False,3.158333,0.6818687,1.1510770,-0.010042,-0.011587
False,3.162500,0.6818276,1.1510300,-0.009871,-0.011415
False,3.166667,0.6817865,1.1509820,-0.009856,-0.011415
False,3.170833,0.6817463,1.1509360,-0.009656,-0.011158
False,3.175000,0.6817060,1.1508890,-0.009670,-0.011215
False,3.179167,0.6816667,1.1508430,-0.009441,-0.010986
False,3.183333,0.6816272,1.1507970,-0.009484,-0.010986
False,3.187500,0.6815886,1.1507520,-0.009241,-0.010757
False,3.191667,0.6815501,1.1507080,-0.009255,-0.010729
False,3.195833,0.6815123,1.1506640,-0.009069,-0.010529
False,3.200000,0.6814745,1.1506200,-0.009069,-0.010557
False,3.204167,0.6814376,1.1505770,-0.008855,-0.010300
False,3.208333,0.6814007,1.1505340,-0.008869,-0.010300
False,3.212500,0.6813646,1.1504920,-0.008655,-0.010099
False,3.216667,0.6813286,1.1504500,-0.008640,-0.010042
False,3.220833,0.6812934,1.1504090,-0.008454,-0.009899
False,3.225000,0.6812581,1.1503680,-0.008454,-0.009842
False,3.229167,0.6812239,1.1503280,-0.008225,-0.009613
False,3.233333,0.6811895,1.1502880,-0.008240,-0.009613
False,3.237500,0.6811560,1.1502490,-0.008054,-0.009413
False,3.241667,0.6811225,1.1502090,-0.008039,-0.009413
False,3.245833,0.6810898,1.1501710,-0.007854,-0.009127
False,3.250000,0.6810572,1.1501330,-0.007811,-0.009155
False,3.254167,0.6810254,1.1500960,-0.007639,-0.008926
False,3.258333,0.6809936,1.1500590,-0.007639,-0.008926
False,3.262500,0.6809627,1.1500230,-0.007410,-0.008698
False,3.266667,0.6809318,1.1499860,-0.007410,-0.008669
False,3.270833,0.6809016,1.1499510,-0.007238,-0.008497
False,3.275000,0.6808715,1.1499160,-0.007224,-0.008440
False,3.279167,0.6808424,1.1498810,-0.006995,-0.008240
False,3.283333,0.6808132,1.1498470,-0.007010,-0.008183
False,3.287500,0.6807848,1.1498140,-0.006809,-0.008039
False,3.291667,0.6807564,1.1497810,-0.006809,-0.007954
False,3.295833,0.6807290,1.1497480,-0.006595,-0.007782
False,3.300000,0.6807014,1.1497160,-0.006609,-0.007725
False,3.304167,0.6806749,1.1496850,-0.006380,-0.007524
False,3.308333,0.6806482,1.1496530,-0.006394,-0.007524
False,3.312500,0.6806224,1.1496230,-0.006194,-0.007296
False,3.316667,0.6805966,1.1495930,-0.006180,-0.007267
False,3.320833,0.6805717,1.1495630,-0.005994,-0.007038
False,3.325000,0.6805467,1.1495340,-0.005994,-0.007010
False,3.329167,0.6805226,1.1495060,-0.005779,-0.006866
False,3.333333,0.6804985,1.1494770,-0.005779,-0.006781
False,3.337500,0.6804753,1.1494500,-0.005579,-0.006609
False,3.341667,0.6804520,1.1494230,-0.005593,-0.006523
False,3.345833,0.6804296,1.1493960,-0.005364,-0.006380
False,3.350000,0.6804072,1.1493700,-0.005379,-0.006351
False,3.354167,0.6803856,1.1493440,-0.005193,-0.006123
False,3.358333,0.6803640,1.1493190,-0.005193,-0.006123
False,3.362500,0.6803432,1.1492940,-0.004978,-0.005894
False,3.366667,0.6803225,1.1492700,-0.004964,-0.005865
False,3.370833,0.6803026,1.1492460,-0.004792,-0.005636
False,3.375000,0.6802827,1.1492220,-0.004778,-0.005665
False,3.379167,0.6802635,1.1492000,-0.004592,-0.005436
False,3.383333,0.6802444,1.1491770,-0.004592,-0.005407
False,3.387500,0.6802260,1.1491550,-0.004406,-0.005236
False,3.391667,0.6802077,1.1491340,-0.004406,-0.005178
False,3.395833,0.6801901,1.1491130,-0.004206,-0.005007
False,3.400000,0.6801726,1.1490920,-0.004206,-0.004950
False,3.404167,0.6801559,1.1490730,-0.004005,-0.004749
False,3.408333,0.6801393,1.1490530,-0.003991,-0.004749
False,3.412500,0.6801233,1.1490340,-0.003848,-0.004549
False,3.416667,0.6801073,1.1490150,-0.003834,-0.004520
False,3.420833,0.6800921,1.1489970,-0.003648,-0.004349
False,3.425000,0.6800769,1.1489790,-0.003648,-0.004292
False,3.429167,0.6800624,1.1489620,-0.003476,-0.004120
False,3.433333,0.6800480,1.1489450,-0.003462,-0.004120
False,3.437500,0.6800343,1.1489290,-0.003276,-0.003891
False,3.441667,0.6800206,1.1489120,-0.003290,-0.003862
False,3.445833,0.6800077,1.1488970,-0.003104,-0.003719
False,3.450000,0.6799948,1.1488820,-0.003104,-0.003691
False,3.454167,0.6799825,1.1488670,-0.002933,-0.003433
False,3.458333,0.6799704,1.1488530,-0.002918,-0.003490
False,3.462500,0.6799588,1.1488390,-0.002775,-0.003290
False,3.466667,0.6799473,1.1488250,-0.002761,-0.003262
False,3.470833,0.6799365,1.1488120,-0.002604,-0.003119
False,3.475000,0.6799257,1.1488000,-0.002589,-0.003061
False,3.479167,0.6799155,1.1487880,-0.002432,-0.002861
False,3.483333,0.6799054,1.1487760,-0.002432,-0.002918
False,3.487500,0.6798959,1.1487640,-0.002275,-0.002718
False,3.491667,0.6798864,1.1487530,-0.002289,-0.002718
False,3.495833,0.6798776,1.1487430,-0.002103,-0.002489
False,3.500000,0.6798688,1.1487320,-0.002131,-0.002546
False,3.504167,0.6798606,1.1487220,-0.001960,-0.002346
False,3.508333,0.6798524,1.1487130,-0.001974,-0.002317
False,3.512500,0.6798448,1.1487030,-0.001817,-0.002203
False,3.516667,0.6798372,1.1486940,-0.001817,-0.002146
False,3.520833,0.6798302,1.1486860,-0.001688,-0.001974
False,3.525000,0.6798232,1.1486780,-0.001674,-0.002003
False,3.529167,0.6798168,1.1486700,-0.001545,-0.001831
False,3.533333,0.6798103,1.1486630,-0.001545,-0.001831
False,3.537500,0.6798046,1.1486560,-0.001388,-0.001659
False,3.541667,0.6797988,1.1486490,-0.001388,-0.001631
False,3.545833,0.6797935,1.1486420,-0.001273,-0.001545
False,3.550000,0.6797882,1.1486360,-0.001273,-0.001516
False,3.554167,0.6797833,1.1486300,-0.001159,-0.001345
False,3.558333,0.6797786,1.1486250,-0.001144,-0.001373
False,3.562500,0.6797743,1.1486200,-0.001030,-0.001259
False,3.566667,0.6797700,1.1486150,-0.001030,-0.001202
False,3.570833,0.6797661,1.1486100,-0.000930,-0.001116
False,3.575000,0.6797623,1.1486050,-0.000916,-0.001059
False,3.579167,0.6797589,1.1486010,-0.000815,-0.001001
False,3.583333,0.6797556,1.1485970,-0.000801,-0.000944
False,3.587500,0.6797526,1.1485940,-0.000715,-0.000830
False,3.591667,0.6797497,1.1485900,-0.000701,-0.000858
False,3.595833,0.6797471,1.1485870,-0.000615,-0.000744
False,3.600000,0.6797445,1.1485840,-0.000615,-0.000715
False,3.604167,0.6797423,1.1485820,-0.000529,-0.000629
False,3.608333,0.6797402,1.1485790,-0.000515,-0.000629
False,3.612500,0.6797383,1.1485770,-0.000443,-0.000544
False,3.616667,0.6797365,1.1485750,-0.000443,-0.000486
False,3.620833,0.6797350,1.1485730,-0.000358,-0.000458
False,3.625000,0.6797335,1.1485710,-0.000358,-0.000401
False,3.629167,0.6797323,1.1485700,-0.000300,-0.000343
False,3.633333,0.6797311,1.1485680,-0.000286,-0.000372
False,3.637500,0.6797301,1.1485670,-0.000243,-0.000286
False,3.641667,0.6797290,1.1485660,-0.000243,-0.000286
False,3.645833,0.6797284,1.1485650,-0.000157,-0.000200
False,3.650000,0.6797276,1.1485640,-0.000186,-0.000200
False,3.654167,0.6797271,1.1485640,-0.000114,-0.000143
False,3.658333,0.6797266,1.1485630,-0.000129,-0.000143
False,3.662500,0.6797262,1.1485620,-0.000086,-0.000114
False,3.666667,0.6797259,1.1485620,-0.000086,-0.000086
False,3.670833,0.6797256,1.1485620,-0.000057,-0.000114
False,3.675000,0.6797255,1.1485610,-0.000043,-0.000029
False,3.679167,0.6797253,1.1485610,-0.000043,-0.000057
False,3.683333,0.6797252,1.1485610,-0.000014,-0.000029
False,3.687500,0.6797252,1.1485610,-0.000014,0.000000
False,3.691667,0.6797252,1.1485610,0.000000,0.000000
False,3.695833,0.6797252,1.1485610,0.000000,0.000000
False,3.700000,0.6797252,1.1485610,0.000000,0.000000
False,3.704167,0.6797252,1.1485610,0.000000,0.000000
False,3.708333,0.6797252,1.1485610,0.000000,0.000000
False,3.712500,0.6797252,1.1485610,0.000014,0.000029
False,3.716667,0.6797252,1.1485610,0.000000,0.000000
False,3.720833,0.6797254,1.1485610,0.000043,0.000057
False,3.725000,0.6797256,1.1485620,0.000043,0.000029
False,3.729167,0.6797259,1.1485620,0.000072,0.000114
False,3.733333,0.6797261,1.1485620,0.000043,0.000086
False,3.737500,0.6797265,1.1485630,0.000114,0.000172
False,3.741667,0.6797270,1.1485640,0.000100,0.000143
False,3.745833,0.6797277,1.1485650,0.000172,0.000200
False,3.750000,0.6797284,1.1485660,0.000172,0.000229
False,3.754167,0.6797293,1.1485670,0.000215,0.000315
False,3.758333,0.6797302,1.1485680,0.000229,0.000286
False,3.762500,0.6797314,1.1485700,0.000286,0.000401
False,3.766667,0.6797326,1.1485710,0.000286,0.000429
False,3.770833,0.6797342,1.1485740,0.000372,0.000486
False,3.775000,0.6797357,1.1485760,0.000358,0.000515
False,3.779167,0.6797376,1.1485780,0.000458,0.000601
False,3.783333,0.6797395,1.1485810,0.000458,0.000658
False,3.787500,0.6797417,1.1485840,0.000544,0.000744
False,3.791667,0.6797439,1.1485870,0.000529,0.000744
False,3.795833,0.6797467,1.1485910,0.000672,0.000916
False,3.800000,0.6797494,1.1485950,0.000644,0.000916
False,3.804167,0.6797525,1.1485990,0.000744,0.001030
False,3.808333,0.6797557,1.1486030,0.000758,0.001030
False,3.812500,0.6797593,1.1486080,0.000873,0.001173
False,3.816667,0.6797629,1.1486130,0.000858,0.001202
False,3.820833,0.6797670,1.1486190,0.000973,0.001345
False,3.825000,0.6797711,1.1486250,0.000987,0.001373
False,3.829167,0.6797757,1.1486310,0.001116,0.001516
False,3.833333,0.6797804,1.1486370,0.001116,0.001545
False,3.837500,0.6797855,1.1486440,0.001230,0.001688
False,3.841667,0.6797907,1.1486520,0.001245,0.001745
False,3.845833,0.6797964,1.1486590,0.001373,0.001888
False,3.850000,0.6798021,1.1486670,0.001373,0.001917
False,3.854167,0.6798084,1.1486760,0.001502,0.002003
False,3.858333,0.6798146,1.1486850,0.001488,0.002089
False,3.862500,0.6798215,1.1486940,0.001659,0.002289
False,3.866667,0.6798285,1.1487040,0.001674,0.002289
False,3.870833,0.6798360,1.1487140,0.001802,0.002460
False,3.875000,0.6798435,1.1487240,0.001802,0.002489
False,3.879167,0.6798517,1.1487350,0.001960,0.002689
False,3.883333,0.6798598,1.1487470,0.001945,0.002689
False,3.887500,0.6798686,1.1487590,0.002117,0.002861
False,3.891667,0.6798774,1.1487710,0.002117,0.002918
False,3.895833,0.6798868,1.1487840,0.002260,0.003119
False,3.900000,0.6798963,1.1487970,0.002275,0.003119
False,3.904167,0.6799064,1.1488110,0.002432,0.003319
False,3.908333,0.6799166,1.1488240,0.002432,0.003319
False,3.912500,0.6799273,1.1488390,0.002575,0.003548
False,3.916667,0.6799381,1.1488540,0.002604,0.003548
False,3.920833,0.6799496,1.1488700,0.002747,0.003748
False,3.925000,0.6799611,1.1488850,0.002761,0.003777
False,3.929167,0.6799732,1.1489020,0.002918,0.003977
False,3.933333,0.6799853,1.1489180,0.002890,0.003977
False,3.937500,0.6799982,1.1489360,0.003090,0.004234
False,3.941667,0.6800110,1.1489530,0.003090,0.004177
False,3.945833,0.6800246,1.1489720,0.003262,0.004463
False,3.950000,0.6800382,1.1489910,0.003262,0.004435
False,3.954167,0.6800525,1.1490100,0.003419,0.004663
False,3.958333,0.6800667,1.1490290,0.003419,0.004663
False,3.962500,0.6800817,1.1490500,0.003605,0.004864
False,3.966667,0.6800967,1.1490700,0.003591,0.004892
False,3.970833,0.6801125,1.1490910,0.003791,0.005093
False,3.975000,0.6801282,1.1491120,0.003762,0.005093
False,3.979167,0.6801445,1.1491350,0.003920,0.005350
False,3.983333,0.6801608,1.1491570,0.003920,0.005350
False,3.987500,0.6801780,1.1491800,0.004134,0.005550
False,3.991667,0.6801952,1.1492040,0.004106,0.005608
False,3.995833,0.6802130,1.1492270,0.004277,0.005751
False,4.000000,0.6802308,1.1492520,0.004277,0.005779
False,4.004167,0.6802493,1.1492760,0.004449,0.005980
False,4.008333,0.6802679,1.1493020,0.004449,0.006008
False,4.012500,0.6802872,1.1493270,0.004635,0.006208
False,4.016667,0.6803064,1.1493540,0.004606,0.006266
False,4.020833,0.6803263,1.1493800,0.004778,0.006380
False,4.025000,0.6803461,1.1494070,0.004764,0.006409
False,4.029167,0.6803668,1.1494340,0.004964,0.006638
False,4.033333,0.6803875,1.1494620,0.004964,0.006666
False,4.037500,0.6804088,1.1494910,0.005107,0.006838
False,4.041667,0.6804301,1.1495190,0.005107,0.006838
False,4.045833,0.6804521,1.1495490,0.005293,0.007038
False,4.050000,0.6804741,1.1495780,0.005279,0.007095
False,4.054167,0.6804967,1.1496080,0.005422,0.007181
False,4.058333,0.6805193,1.1496380,0.005436,0.007267
False,4.062500,0.6805427,1.1496690,0.005608,0.007467
False,4.066667,0.6805661,1.1497010,0.005608,0.007467
False,4.070833,0.6805901,1.1497320,0.005765,0.007582
False,4.075000,0.6806140,1.1497640,0.005736,0.007668
False,4.079167,0.6806387,1.1497970,0.005922,0.007811
False,4.083333,0.6806633,1.1498290,0.005922,0.007868
False,4.087500,0.6806886,1.1498630,0.006051,0.007982
False,4.091667,0.6807138,1.1498960,0.006065,0.008011
False,4.095833,0.6807396,1.1499300,0.006194,0.008125
False,4.100000,0.6807656,1.1499640,0.006223,0.008211
False,4.104167,0.6807920,1.1499990,0.006351,0.008354
False,4.108333,0.6808186,1.1500340,0.006366,0.008354
False,4.112500,0.6808456,1.1500690,0.006480,0.008497
False,4.116667,0.6808726,1.1501050,0.006480,0.008497
False,4.120833,0.6809003,1.1501410,0.006652,0.008669
False,4.125000,0.6809280,1.1501770,0.006652,0.008698
False,4.129167,0.6809562,1.1502140,0.006766,0.008812
False,4.133333,0.6809844,1.1502510,0.006781,0.008869
False,4.137500,0.6810131,1.1502880,0.006881,0.008926
False,4.141667,0.6810418,1.1503250,0.006895,0.008984
False,4.145833,0.6810712,1.1503630,0.007038,0.009098
False,4.150000,0.6811005,1.1504010,0.007038,0.009127
False,4.154167,0.6811303,1.1504400,0.007153,0.009241
False,4.158333,0.6811602,1.1504780,0.007167,0.009241
False,4.162500,0.6811904,1.1505170,0.007267,0.009384
False,4.166667,0.6812207,1.1505560,0.007267,0.009356
False,4.170833,0.6812515,1.1505960,0.007381,0.009499
False,4.175000,0.6812823,1.1506350,0.007396,0.009499
False,4.179167,0.6813136,1.1506750,0.007510,0.009613
False,4.183333,0.6813448,1.1507150,0.007496,0.009613
False,4.187500,0.6813765,1.1507560,0.007610,0.009699
False,4.191667,0.6814082,1.1507960,0.007596,0.009699
False,4.195833,0.6814403,1.1508370,0.007710,0.009785
False,4.200000,0.6814724,1.1508780,0.007696,0.009842
False,4.204167,0.6815049,1.1509190,0.007811,0.009871
False,4.208333,0.6815374,1.1509600,0.007811,0.009899
False,4.212500,0.6815704,1.1510020,0.007896,0.009985
False,4.216667,0.6816032,1.1510440,0.007882,0.009985
False,4.220833,0.6816365,1.1510860,0.007982,0.010071
False,4.225000,0.6816698,1.1511280,0.007997,0.010071
False,4.229167,0.6817034,1.1511700,0.008068,0.010128
False,4.233333,0.6817370,1.1512120,0.008068,0.010128
False,4.237500,0.6817710,1.1512540,0.008154,0.010185
False,4.241667,0.6818048,1.1512970,0.008125,0.010214
False,4.245833,0.6818390,1.1513400,0.008211,0.010242
False,4.250000,0.6818733,1.1513820,0.008225,0.010214
False,4.254167,0.6819078,1.1514250,0.008283,0.010300
False,4.258333,0.6819423,1.1514680,0.008283,0.010271
False,4.262500,0.6819770,1.1515110,0.008326,0.010386
False,4.266667,0.6820118,1.1515540,0.008340,0.010357
False,4.270833,0.6820468,1.1515970,0.008411,0.010328
False,4.275000,0.6820819,1.1516410,0.008411,0.010357
False,4.279167,0.6821171,1.1516840,0.008454,0.010386
False,4.283333,0.6821522,1.1517270,0.008426,0.010386
False,4.287500,0.6821876,1.1517700,0.008497,0.010414
False,4.291667,0.6822230,1.1518140,0.008497,0.010357
False,4.295833,0.6822586,1.1518570,0.008540,0.010443
False,4.300000,0.6822941,1.1519010,0.008526,0.010414
False,4.304167,0.6823298,1.1519440,0.008569,0.010414
False,4.308333,0.6823655,1.1519870,0.008569,0.010414
False,4.312500,0.6824014,1.1520310,0.008597,0.010443
False,4.316667,0.6824372,1.1520740,0.008597,0.010386
False,4.320833,0.6824731,1.1521170,0.008612,0.010414
False,4.325000,0.6825090,1.1521610,0.008626,0.010414
False,4.329167,0.6825449,1.1522040,0.008626,0.010386
False,4.333333,0.6825810,1.1522470,0.008655,0.010386
False,4.337500,0.6826170,1.1522900,0.008640,0.010328
False,4.341667,0.6826530,1.1523340,0.008640,0.010386
False,4.345833,0.6826891,1.1523770,0.008655,0.010328
False,4.350000,0.6827251,1.1524200,0.008640,0.010271
False,4.354167,0.6827612,1.1524630,0.008669,0.010357
False,4.358333,0.6827973,1.1525050,0.008655,0.010242
False,4.362500,0.6828333,1.1525480,0.008640,0.010214
False,4.366667,0.6828693,1.1525910,0.008640,0.010271
False,4.370833,0.6829053,1.1526330,0.008640,0.010185
False,4.375000,0.6829413,1.1526760,0.008640,0.010157
False,4.379167,0.6829771,1.1527180,0.008612,0.010128
False,4.383333,0.6830131,1.1527600,0.008626,0.010128
False,4.387500,0.6830488,1.1528020,0.008583,0.010099
False,4.391667,0.6830847,1.1528440,0.008597,0.010014
False,4.395833,0.6831204,1.1528850,0.008583,0.010014
False,4.400000,0.6831561,1.1529270,0.008569,0.009985
False,4.404167,0.6831917,1.1529680,0.008526,0.009899
False,4.408333,0.6832272,1.1530100,0.008540,0.009899
False,4.412500,0.6832626,1.1530510,0.008497,0.009871
False,4.416667,0.6832981,1.1530920,0.008497,0.009813
False,4.420833,0.6833332,1.1531320,0.008440,0.009727
False,4.425000,0.6833684,1.1531730,0.008440,0.009727
False,4.429167,0.6834034,1.1532130,0.008397,0.009670
False,4.433333,0.6834384,1.1532530,0.008411,0.009613
False,4.437500,0.6834732,1.1532930,0.008340,0.009556
False,4.441667,0.6835080,1.1533320,0.008354,0.009527
False,4.445833,0.6835425,1.1533720,0.008283,0.009413
False,4.450000,0.6835770,1.1534110,0.008283,0.009441
False,4.454167,0.6836112,1.1534500,0.008211,0.009298
False,4.458333,0.6836454,1.1534890,0.008211,0.009356
False,4.462500,0.6836793,1.1535270,0.008140,0.009212
False,4.466667,0.6837133,1.1535650,0.008140,0.009155
False,4.470833,0.6837469,1.1536030,0.008068,0.009098
False,4.475000,0.6837805,1.1536410,0.008068,0.009069
False,4.479167,0.6838137,1.1536780,0.007968,0.008955
False,4.483333,0.6838470,1.1537160,0.007997,0.008955
False,4.487500,0.6838799,1.1537520,0.007896,0.008841
False,4.491667,0.6839128,1.1537890,0.007896,0.008812
False,4.495833,0.6839454,1.1538260,0.007811,0.008726
False,4.500000,0.6839779,1.1538620,0.007811,0.008669
False,4.504167,0.6840100,1.1538970,0.007696,0.008526
False,4.508333,0.6840420,1.1539330,0.007682,0.008526
False,4.512500,0.6840737,1.1539680,0.007625,0.008411
False,4.516667,0.6841055,1.1540030,0.007625,0.008440
False,4.520833,0.6841367,1.1540370,0.007496,0.008268
False,4.525000,0.6841680,1.1540720,0.007496,0.008240
False,4.529167,0.6841987,1.1541060,0.007381,0.008125
False,4.533333,0.6842295,1.1541390,0.007381,0.008068
False,4.537500,0.6842598,1.1541720,0.007281,0.007982
False,4.541667,0.6842901,1.1542050,0.007267,0.007925
False,4.545833,0.6843200,1.1542380,0.007167,0.007839
False,4.550000,0.6843498,1.1542700,0.007153,0.007753
False,4.554167,0.6843790,1.1543020,0.007024,0.007668
False,4.558333,0.6844083,1.1543340,0.007024,0.007582
False,4.562500,0.6844371,1.1543650,0.006909,0.007467
False,4.566667,0.6844658,1.1543960,0.006895,0.007496
False,4.570833,0.6844941,1.1544270,0.006781,0.007296
False,4.575000,0.6845223,1.1544570,0.006781,0.007296
False,4.579167,0.6845499,1.1544870,0.006623,0.007153
False,4.583333,0.6845775,1.1545170,0.006623,0.007124
False,4.587500,0.6846046,1.1545460,0.006509,0.006952
False,4.591667,0.6846318,1.1545750,0.006509,0.006981
False,4.595833,0.6846582,1.1546030,0.006351,0.006781
False,4.600000,0.6846847,1.1546310,0.006351,0.006752
False,4.604167,0.6847106,1.1546590,0.006208,0.006666
False,4.608333,0.6847365,1.1546860,0.006223,0.006609
False,4.612500,0.6847617,1.1547130,0.006051,0.006437
False,4.616667,0.6847870,1.1547400,0.006065,0.006409
False,4.620833,0.6848115,1.1547660,0.005894,0.006266
False,4.625000,0.6848361,1.1547920,0.005908,0.006237
False,4.629167,0.6848602,1.1548170,0.005765,0.006094
False,4.633333,0.6848842,1.1548430,0.005765,0.006065
False,4.637500,0.6849074,1.1548670,0.005579,0.005894
False,4.641667,0.6849307,1.1548920,0.005593,0.005865
False,4.645833,0.6849534,1.1549150,0.005436,0.005693
False,4.650000,0.6849762,1.1549390,0.005465,0.005722
False,4.654167,0.6849981,1.1549620,0.005264,0.005522
False,4.658333,0.6850201,1.1549850,0.005293,0.005522
False,4.662500,0.6850415,1.1550070,0.005121,0.005350
False,4.666667,0.6850628,1.1550300,0.005121,0.005322
False,4.670833,0.6850834,1.1550510,0.004935,0.005150
False,4.675000,0.6851040,1.1550730,0.004935,0.005150
False,4.679167,0.6851239,1.1550930,0.004792,0.005007
False,4.683333,0.6851439,1.1551140,0.004807,0.004950
False,4.687500,0.6851631,1.1551340,0.004592,0.004778
False,4.691667,0.6851824,1.1551540,0.004635,0.004778
False,4.695833,0.6852009,1.1551730,0.004449,0.004606
False,4.700000,0.6852195,1.1551920,0.004449,0.004578
False,4.704167,0.6852373,1.1552100,0.004277,0.004406
False,4.708333,0.6852551,1.1552290,0.004277,0.004435
False,4.712500,0.6852722,1.1552460,0.004091,0.004206
False,4.716667,0.6852893,1.1552640,0.004106,0.004206
False,4.720833,0.6853057,1.1552810,0.003948,0.004063
False,4.725000,0.6853221,1.1552980,0.003934,0.004034
False,4.729167,0.6853378,1.1553140,0.003777,0.003862
False,4.733333,0.6853535,1.1553300,0.003748,0.003834
False,4.737500,0.6853685,1.1553450,0.003605,0.003691
False,4.741667,0.6853834,1.1553610,0.003591,0.003691
False,4.745833,0.6853977,1.1553750,0.003433,0.003519
False,4.750000,0.6854120,1.1553900,0.003433,0.003462
False,4.754167,0.6854256,1.1554040,0.003247,0.003347
False,4.758333,0.6854392,1.1554170,0.003262,0.003319
False,4.762500,0.6854520,1.1554310,0.003076,0.003147
False,4.766667,0.6854649,1.1554440,0.003090,0.003119
False,4.770833,0.6854771,1.1554560,0.002933,0.002947
False,4.775000,0.6854892,1.1554680,0.002918,0.003004
False,4.779167,0.6855007,1.1554800,0.002747,0.002775
False,4.783333,0.6855122,1.1554920,0.002761,0.002804
False,4.787500,0.6855229,1.1555030,0.002575,0.002632
False,4.791667,0.6855337,1.1555130,0.002589,0.002604
False,4.795833,0.6855438,1.1555240,0.002432,0.002460
False,4.800000,0.6855540,1.1555340,0.002432,0.002460
False,4.804167,0.6855634,1.1555430,0.002260,0.002289
False,4.808333,0.6855729,1.1555530,0.002275,0.002317
False,4.812500,0.6855816,1.1555620,0.002103,0.002089
False,4.816667,0.6855904,1.1555710,0.002117,0.002117
False,4.820833,0.6855986,1.1555790,0.001960,0.002003
False,4.825000,0.6856068,1.1555870,0.001960,0.001974
False,4.829167,0.6856143,1.1555950,0.001802,0.001802
False,4.833333,0.6856218,1.1556020,0.001802,0.001802
False,4.837500,0.6856287,1.1556090,0.001645,0.001659
False,4.841667,0.6856354,1.1556160,0.001631,0.001659
False,4.845833,0.6856418,1.1556220,0.001531,0.001545
False,4.850000,0.6856481,1.1556290,0.001516,0.001545
False,4.854167,0.6856539,1.1556350,0.001373,0.001345
False,4.858333,0.6856596,1.1556400,0.001373,0.001402
False,4.862500,0.6856648,1.1556450,0.001245,0.001230
False,4.866667,0.6856700,1.1556510,0.001245,0.001259
False,4.870833,0.6856745,1.1556550,0.001101,0.001116
False,4.875000,0.6856791,1.1556600,0.001101,0.001116
False,4.879167,0.6856833,1.1556640,0.001001,0.000944
False,4.883333,0.6856874,1.1556680,0.000987,0.001001
False,4.887500,0.6856910,1.1556720,0.000858,0.000858
False,4.891667,0.6856946,1.1556750,0.000873,0.000887
False,4.895833,0.6856977,1.1556790,0.000744,0.000744
False,4.900000,0.6857008,1.1556820,0.000744,0.000772
False,4.904167,0.6857036,1.1556840,0.000658,0.000629
False,4.908333,0.6857063,1.1556870,0.000644,0.000629
False,4.912500,0.6857085,1.1556890,0.000544,0.000572
False,4.916667,0.6857108,1.1556920,0.000558,0.000544
False,4.920833,0.6857127,1.1556940,0.000443,0.000458
False,4.925000,0.6857145,1.1556950,0.000443,0.000458
False,4.929167,0.6857161,1.1556970,0.000372,0.000372
False,4.933333,0.6857176,1.1556990,0.000372,0.000372
False,4.937500,0.6857188,1.1557000,0.000286,0.000286
False,4.941667,0.6857200,1.1557010,0.000286,0.000286
False,4.945833,0.6857210,1.1557020,0.000229,0.000229
False,4.950000,0.6857219,1.1557030,0.000215,0.000229
False,4.954167,0.6857225,1.1557030,0.000157,0.000143
False,4.958333,0.6857232,1.1557040,0.000157,0.000172
False,4.962500,0.6857237,1.1557040,0.000129,0.000086
False,4.966667,0.6857242,1.1557050,0.000114,0.000143
False,4.970833,0.6857244,1.1557050,0.000057,0.000029
False,4.975000,0.6857247,1.1557060,0.000057,0.000086
False,4.979167,0.6857249,1.1557060,0.000043,0.000029
False,4.983333,0.6857250,1.1557060,0.000043,0.000029
False,4.987500,0.6857251,1.1557060,0.000014,0.000057
False,4.991667,0.6857252,1.1557060,0.000014,0.000000
False,4.995833,0.6857252,1.1557060,0.000000,0.000000
False,5.000000,0.6857252,1.1557060,0.000000,0.000000
True,0.000000,0.2334999,0.7031239,0.000000,0.000000
True,0.004167,0.2334999,0.7031239,0.000000,0.000000
True,0.008333,0.2334999,0.7031240,0.000007,0.000014
True,0.012500,0.2335000,0.7031240,0.000014,0.000014
True,0.016667,0.2335001,0.7031241,0.000014,0.000014
True,0.020833,0.2335002,0.7031242,0.000029,0.000029
True,0.025000,0.2335003,0.7031243,0.000036,0.000014
True,0.029167,0.2335006,0.7031248,0.000064,0.000114
True,0.033333,0.2335009,0.7031250,0.000064,0.000057
True,0.037500,0.2335013,0.7031254,0.000107,0.000100
True,0.041667,0.2335018,0.7031260,0.000114,0.000129
True,0.045833,0.2335024,0.7031267,0.000150,0.000172
True,0.050000,0.2335031,0.7031274,0.000165,0.000172
True,0.054167,0.2335040,0.7031283,0.000222,0.000229
True,0.058333,0.2335050,0.7031294,0.000222,0.000243
True,0.062500,0.2335061,0.7031307,0.000286,0.000315
True,0.066667,0.2335074,0.7031320,0.000293,0.000315
True,0.070833,0.2335089,0.7031336,0.000372,0.000401
True,0.075000,0.2335104,0.7031353,0.000365,0.000401
True,0.079167,0.2335123,0.7031373,0.000458,0.000486
True,0.083333,0.2335142,0.7031394,0.000451,0.000501
True,0.087500,0.2335165,0.7031419,0.000551,0.000601
True,0.091667,0.2335188,0.7031444,0.000551,0.000587
True,0.095833,0.2335215,0.7031473,0.000651,0.000701
True,0.100000,0.2335243,0.7031503,0.000658,0.000715
True,0.104167,0.2335274,0.7031537,0.000758,0.000830
True,0.108333,0.2335306,0.7031572,0.000772,0.000830
True,0.112500,0.2335343,0.7031611,0.000873,0.000944
True,0.116667,0.2335380,0.7031651,0.000887,0.000944
True,0.120833,0.2335421,0.7031696,0.001001,0.001087
True,0.125000,0.2335463,0.7031741,0.001009,0.001087
True,0.129167,0.2335511,0.7031792,0.001137,0.001230
True,0.133333,0.2335558,0.7031844,0.001137,0.001230
True,0.137500,0.2335611,0.7031901,0.001273,0.001373
True,0.141667,0.2335664,0.7031959,0.001266,0.001388
True,0.145833,0.2335723,0.7032022,0.001423,0.001531
True,0.150000,0.2335782,0.7032086,0.001416,0.001531
True,0.154167,0.2335848,0.7032157,0.001566,0.001688
True,0.158333,0.2335913,0.7032227,0.001566,0.001688
True,0.162500,0.2335984,0.7032304,0.001717,0.001860
True,0.166667,0.2336056,0.7032382,0.001724,0.001874
True,0.170833,0.2336134,0.7032467,0.001874,0.002017
True,0.175000,0.2336213,0.7032552,0.001881,0.002046
True,0.179167,0.2336298,0.7032643,0.002046,0.002189
True,0.183333,0.2336383,0.7032735,0.002046,0.002217
True,0.187500,0.2336475,0.7032835,0.002210,0.002403
True,0.191667,0.2336568,0.7032935,0.002217,0.002389
True,0.195833,0.2336667,0.7033042,0.002389,0.002575
True,0.200000,0.2336767,0.7033150,0.002389,0.002589
True,0.204167,0.2336873,0.7033265,0.002561,0.002747
True,0.208333,0.2336980,0.7033381,0.002568,0.002789
True,0.212500,0.2337095,0.7033504,0.002739,0.002961
True,0.216667,0.2337209,0.7033628,0.002754,0.002961
True,0.220833,0.2337331,0.7033760,0.002933,0.003176
True,0.225000,0.2337454,0.7033892,0.002933,0.003161
True,0.229167,0.2337584,0.7034032,0.003119,0.003376
True,0.233333,0.2337714,0.7034173,0.003119,0.003376
True,0.237500,0.2337852,0.7034322,0.003319,0.003576
True,0.241667,0.2337990,0.7034471,0.003304,0.003576
True,0.245833,0.2338136,0.7034628,0.003512,0.003777
True,0.250000,0.2338282,0.7034786,0.003512,0.003777
True,0.254167,0.2338437,0.7034953,0.003705,0.004005
True,0.258333,0.2338591,0.7035120,0.003705,0.004005
True,0.262500,0.2338754,0.7035295,0.003905,0.004206
True,0.266667,0.2338916,0.7035471,0.003905,0.004220
True,0.270833,0.2339087,0.7035655,0.004098,0.004420
True,0.275000,0.2339258,0.7035840,0.004113,0.004435
True,0.279167,0.2339438,0.7036033,0.004313,0.004649
True,0.283333,0.2339618,0.7036226,0.004306,0.004635
True,0.287500,0.2339806,0.7036430,0.004520,0.004878
True,0.291667,0.2339994,0.7036632,0.004513,0.004864
True,0.295833,0.2340191,0.7036844,0.004721,0.005078
True,0.300000,0.2340388,0.7037057,0.004728,0.005107
True,0.304167,0.2340593,0.7037278,0.004935,0.005307
True,0.308333,0.2340799,0.7037500,0.004935,0.005322
True,0.312500,0.2341013,0.7037729,0.005143,0.005507
True,0.316667,0.2341227,0.7037960,0.005136,0.005550
True,0.320833,0.2341450,0.7038200,0.005357,0.005751
True,0.325000,0.2341673,0.7038441,0.005350,0.005779
True,0.329167,0.2341905,0.7038690,0.005565,0.005994
True,0.333333,0.2342137,0.7038940,0.005572,0.005994
True,0.337500,0.2342378,0.7039198,0.005772,0.006194
True,0.341667,0.2342618,0.7039458,0.005772,0.006223
True,0.345833,0.2342868,0.7039726,0.005987,0.006437
True,0.350000,0.2343118,0.7039994,0.005994,0.006437
True,0.354167,0.2343376,0.7040271,0.006201,0.006652
True,0.358333,0.2343634,0.7040550,0.006201,0.006680
True,0.362500,0.2343901,0.7040836,0.006409,0.006881
True,0.366667,0.2344168,0.7041123,0.006409,0.006881
True,0.370833,0.2344445,0.7041419,0.006630,0.007110
True,0.375000,0.2344721,0.7041716,0.006623,0.007124
True,0.379167,0.2345005,0.7042021,0.006831,0.007310
True,0.383333,0.2345290,0.7042326,0.006838,0.007339
True,0.387500,0.2345584,0.7042641,0.007045,0.007553
True,0.391667,0.2345877,0.7042957,0.007045,0.007582
True,0.395833,0.2346180,0.7043280,0.007260,0.007753
True,0.400000,0.2346482,0.7043604,0.007253,0.007782
True,0.404167,0.2346793,0.7043937,0.007460,0.007997
True,0.408333,0.2347104,0.7044271,0.007460,0.007997
True,0.412500,0.2347423,0.7044613,0.007668,0.008211
True,0.416667,0.2347743,0.7044955,0.007675,0.008211
True,0.420833,0.2348071,0.7045306,0.007882,0.008426
True,0.425000,0.2348399,0.7045658,0.007868,0.008454
True,0.429167,0.2348736,0.7046018,0.008082,0.008640
True,0.433333,0.2349073,0.7046378,0.008082,0.008640
True,0.437500,0.2349418,0.7046747,0.008283,0.008855
True,0.441667,0.2349763,0.7047116,0.008283,0.008855
True,0.445833,0.2350116,0.7047493,0.008483,0.009055
True,0.450000,0.2350470,0.7047871,0.008483,0.009069
True,0.454167,0.2350832,0.7048258,0.008683,0.009284
True,0.458333,0.2351193,0.7048644,0.008683,0.009255
True,0.462500,0.2351563,0.7049039,0.008876,0.009484
True,0.466667,0.2351933,0.7049434,0.008883,0.009470
True,0.470833,0.2352312,0.7049837,0.009077,0.009670
True,0.475000,0.2352690,0.7050240,0.009069,0.009685
True,0.479167,0.2353075,0.7050651,0.009263,0.009871
True,0.483333,0.2353461,0.7051063,0.009263,0.009871
True,0.487500,0.2353855,0.7051483,0.009456,0.010099
True,0.491667,0.2354249,0.7051902,0.009449,0.010057
True,0.495833,0.2354651,0.7052330,0.009649,0.010257
True,0.500000,0.2355053,0.7052758,0.009634,0.010271
True,0.504167,0.2355462,0.7053193,0.009828,0.010443
True,0.508333,0.2355871,0.7053629,0.009820,0.010457
True,0.512500,0.2356288,0.7054071,0.010006,0.010629
True,0.516667,0.2356705,0.7054515,0.010006,0.010643
True,0.520833,0.2357129,0.7054965,0.010178,0.010800
True,0.525000,0.2357554,0.7055416,0.010185,0.010815
True,0.529167,0.2357985,0.7055874,0.010350,0.011001
True,0.533333,0.2358416,0.7056332,0.010357,0.010986
True,0.537500,0.2358855,0.7056797,0.010521,0.011158
True,0.541667,0.2359293,0.7057261,0.010521,0.011158
True,0.545833,0.2359739,0.7057734,0.010700,0.011344
True,0.550000,0.2360184,0.7058206,0.010693,0.011330
True,0.554167,0.2360637,0.7058685,0.010850,0.011501
True,0.558333,0.2361089,0.7059164,0.010858,0.011487
True,0.562500,0.2361548,0.7059650,0.011015,0.011673
True,0.566667,0.2362007,0.7060136,0.011015,0.011659
True,0.570833,0.2362472,0.7060628,0.011165,0.011802
True,0.575000,0.2362938,0.7061120,0.011179,0.011816
True,0.579167,0.2363410,0.7061618,0.011323,0.011945
True,0.583333,0.2363881,0.7062117,0.011323,0.011973
True,0.587500,0.2364359,0.7062621,0.011466,0.012102
True,0.591667,0.2364837,0.7063126,0.011473,0.012116
True,0.595833,0.2365321,0.7063636,0.011616,0.012245
True,0.600000,0.2365805,0.7064147,0.011609,0.012259
True,0.604167,0.2366294,0.7064663,0.011745,0.012374
True,0.608333,0.2366784,0.7065179,0.011759,0.012388
True,0.612500,0.2367279,0.7065701,0.011880,0.012531
True,0.616667,0.2367775,0.7066222,0.011895,0.012503
True,0.620833,0.2368275,0.7066749,0.012009,0.012646
True,0.625000,0.2368776,0.7067276,0.012023,0.012660
True,0.629167,0.2369282,0.7067809,0.012138,0.012774
True,0.633333,0.2369788,0.7068340,0.012145,0.012760
True,0.637500,0.2370299,0.7068877,0.012267,0.012889
True,0.641667,0.2370810,0.7069414,0.012267,0.012875
True,0.645833,0.2371326,0.7069955,0.012374,0.013003
True,0.650000,0.2371842,0.7070497,0.012381,0.012989
True,0.654167,0.2372362,0.7071042,0.012496,0.013089
True,0.658333,0.2372883,0.7071588,0.012488,0.013103
True,0.662500,0.2373408,0.7072138,0.012603,0.013204
True,0.666667,0.2373933,0.7072688,0.012596,0.013189
True,0.670833,0.2374462,0.7073241,0.012696,0.013289
True,0.675000,0.2374991,0.7073796,0.012710,0.013304
True,0.679167,0.2375524,0.7074354,0.012796,0.013390
True,0.683333,0.2376058,0.7074911,0.012796,0.013375
True,0.687500,0.2376594,0.7075472,0.012882,0.013475
True,0.691667,0.2377132,0.7076034,0.012896,0.013475
True,0.695833,0.2377672,0.7076598,0.012982,0.013533
True,0.700000,0.2378213,0.7077162,0.012975,0.013547
True,0.704167,0.2378757,0.7077729,0.013053,0.013604
True,0.708333,0.2379301,0.7078296,0.013053,0.013604
True,0.712500,0.2379848,0.7078867,0.013132,0.013704
True,0.716667,0.2380396,0.7079437,0.013139,0.013676
True,0.720833,0.2380946,0.7080010,0.013204,0.013762
True,0.725000,0.2381496,0.7080582,0.013204,0.013733
True,0.729167,0.2382049,0.7081158,0.013268,0.013804
True,0.733333,0.2382602,0.7081733,0.013275,0.013804
True,0.737500,0.2383157,0.7082310,0.013325,0.013862
True,0.741667,0.2383713,0.7082887,0.013332,0.013833
True,0.745833,0.2384270,0.7083465,0.013390,0.013876
True,0.750000,0.2384828,0.7084044,0.013382,0.013905
True,0.754167,0.2385388,0.7084624,0.013440,0.013919
True,0.758333,0.2385948,0.7085205,0.013433,0.013933
True,0.762500,0.2386509,0.7085787,0.013483,0.013976
True,0.766667,0.2387071,0.7086369,0.013483,0.013962
True,0.770833,0.2387634,0.7086952,0.013511,0.013990
True,0.775000,0.2388198,0.7087535,0.013525,0.014005
True,0.779167,0.2388762,0.7088119,0.013547,0.014005
True,0.783333,0.2389327,0.7088702,0.013554,0.014005
True,0.787500,0.2389893,0.7089287,0.013576,0.014033
True,0.791667,0.2390459,0.7089871,0.013583,0.014019
True,0.795833,0.2391025,0.7090456,0.013604,0.014033
True,0.800000,0.2391592,0.7091041,0.013604,0.014033
True,0.804167,0.2392159,0.7091626,0.013611,0.014048
True,0.808333,0.2392727,0.7092211,0.013626,0.014033
True,0.812500,0.2393295,0.7092796,0.013633,0.014048
True,0.816667,0.2393863,0.7093381,0.013626,0.014048
True,0.820833,0.2394431,0.7093965,0.013633,0.014005
True,0.825000,0.2394999,0.7094550,0.013640,0.014033
True,0.829167,0.2395567,0.7095134,0.013633,0.014019
True,0.833333,0.2396135,0.7095718,0.013633,0.014019
True,0.837500,0.2396703,0.7096302,0.013633,0.014019
True,0.841667,0.2397271,0.7096884,0.013633,0.013976
True,0.845833,0.2397839,0.7097465,0.013618,0.013947
True,0.850000,0.2398406,0.7098048,0.013618,0.013976
True,0.854167,0.2398973,0.7098629,0.013604,0.013947
True,0.858333,0.2399540,0.7099209,0.013604,0.013933
True,0.862500,0.2400106,0.7099789,0.013576,0.013905
True,0.866667,0.2400671,0.7100368,0.013576,0.013890
True,0.870833,0.2401236,0.7100946,0.013554,0.013876
True,0.875000,0.2401800,0.7101523,0.013547,0.013862
True,0.879167,0.2402364,0.7102098,0.013525,0.013804
True,0.883333,0.2402928,0.7102674,0.013525,0.013819
True,0.887500,0.2403489,0.7103248,0.013475,0.013762
True,0.891667,0.2404051,0.7103821,0.013475,0.013762
True,0.895833,0.2404611,0.7104392,0.013440,0.013704
True,0.900000,0.2405170,0.7104963,0.013433,0.013704
True,0.904167,0.2405728,0.7105532,0.013390,0.013647
True,0.908333,0.2406286,0.7106099,0.013382,0.013618
True,0.912500,0.2406842,0.7106664,0.013340,0.013561
True,0.916667,0.2407397,0.7107230,0.013325,0.013590
True,0.920833,0.2407950,0.7107792,0.013268,0.013490
True,0.925000,0.2408503,0.7108355,0.013275,0.013490
True,0.929167,0.2409053,0.7108913,0.013204,0.013404
True,0.933333,0.2409603,0.7109472,0.013211,0.013404
True,0.937500,0.2410150,0.7110028,0.013132,0.013347
True,0.941667,0.2410698,0.7110583,0.013132,0.013318
True,0.945833,0.2411242,0.7111135,0.013053,0.013247
True,0.950000,0.2411786,0.7111686,0.013061,0.013232
True,0.954167,0.2412326,0.7112234,0.012968,0.013146
True,0.958333,0.2412867,0.7112781,0.012982,0.013146
True,0.962500,0.2413404,0.7113324,0.012889,0.013032
True,0.966667,0.2413941,0.7113867,0.012882,0.013032
True,0.970833,0.2414474,0.7114407,0.012803,0.012960
True,0.975000,0.2415007,0.7114946,0.012796,0.012932
True,0.979167,0.2415537,0.7115481,0.012703,0.012846
True,0.983333,0.2416066,0.7116016,0.012696,0.012817
True,0.987500,0.2416591,0.7116544,0.012603,0.012689
True,0.991667,0.2417116,0.7117074,0.012603,0.012717
True,0.995833,0.2417636,0.7117600,0.012488,0.012617
True,1.000000,0.2418157,0.7118124,0.012488,0.012574
True,1.004167,0.2418672,0.7118644,0.012381,0.012474
True,1.008333,0.2419188,0.7119163,0.012381,0.012460
True,1.012500,0.2419699,0.7119678,0.012259,0.012360
True,1.016667,0.2420210,0.7120191,0.012267,0.012317
True,1.020833,0.2420716,0.7120699,0.012145,0.012202
True,1.025000,0.2421222,0.7121208,0.012145,0.012217
True,1.029167,0.2421723,0.7121711,0.012016,0.012059
True,1.033333,0.2422224,0.7122214,0.012016,0.012074
True,1.037500,0.2422719,0.7122711,0.011888,0.011930
True,1.041667,0.2423214,0.7123209,0.011888,0.011945
True,1.045833,0.2423704,0.7123700,0.011752,0.011787
True,1.050000,0.2424194,0.7124190,0.011752,0.011773
True,1.054167,0.2424678,0.7124676,0.011616,0.011644
True,1.058333,0.2425161,0.7125160,0.011609,0.011630
True,1.062500,0.2425639,0.7125638,0.011473,0.011473
True,1.066667,0.2426117,0.7126117,0.011466,0.011487
True,1.070833,0.2426589,0.7126589,0.011315,0.011330
True,1.075000,0.2427061,0.7127060,0.011330,0.011301
True,1.079167,0.2427526,0.7127526,0.011172,0.011187
True,1.083333,0.2427992,0.7127990,0.011172,0.011129
True,1.087500,0.2428450,0.7128448,0.011008,0.011015
True,1.091667,0.2428910,0.7128907,0.011022,0.011001
True,1.095833,0.2429362,0.7129358,0.010850,0.010829
True,1.100000,0.2429814,0.7129810,0.010850,0.010843
True,1.104167,0.2430260,0.7130253,0.010700,0.010643
True,1.108333,0.2430705,0.7130697,0.010693,0.010643
True,1.112500,0.2431144,0.7131134,0.010521,0.010500
True,1.116667,0.2431582,0.7131571,0.010521,0.010471
True,1.120833,0.2432014,0.7132000,0.010364,0.010314
True,1.125000,0.2432445,0.7132431,0.010350,0.010328
True,1.129167,0.2432869,0.7132852,0.010185,0.010114
True,1.133333,0.2433293,0.7133273,0.010178,0.010114
True,1.137500,0.2433710,0.7133688,0.010006,0.009942
True,1.141667,0.2434127,0.7134103,0.009999,0.009956
True,1.145833,0.2434537,0.7134508,0.009828,0.009742
True,1.150000,0.2434946,0.7134914,0.009828,0.009727
True,1.154167,0.2435347,0.7135313,0.009634,0.009584
True,1.158333,0.2435749,0.7135711,0.009642,0.009556
True,1.162500,0.2436143,0.7136102,0.009456,0.009384
True,1.166667,0.2436537,0.7136493,0.009456,0.009370
True,1.170833,0.2436923,0.7136875,0.009263,0.009184
True,1.175000,0.2437309,0.7137257,0.009263,0.009170
True,1.179167,0.2437687,0.7137631,0.009069,0.008969
True,1.183333,0.2438065,0.7138006,0.009077,0.008998
True,1.187500,0.2438435,0.7138373,0.008876,0.008798
True,1.191667,0.2438805,0.7138739,0.008876,0.008798
True,1.195833,0.2439167,0.7139097,0.008683,0.008583
True,1.200000,0.2439528,0.7139454,0.008683,0.008583
True,1.204167,0.2439882,0.7139804,0.008483,0.008383
True,1.208333,0.2440235,0.7140153,0.008483,0.008383
True,1.212500,0.2440581,0.7140494,0.008290,0.008183
True,1.216667,0.2440926,0.7140835,0.008283,0.008183
True,1.220833,0.2441263,0.7141167,0.008082,0.007968
True,1.225000,0.2441599,0.7141500,0.008082,0.007982
True,1.229167,0.2441927,0.7141823,0.007875,0.007753
True,1.233333,0.2442255,0.7142147,0.007868,0.007782
True,1.237500,0.2442575,0.7142462,0.007682,0.007553
True,1.241667,0.2442895,0.7142776,0.007668,0.007539
True,1.245833,0.2443206,0.7143083,0.007460,0.007367
True,1.250000,0.2443517,0.7143389,0.007467,0.007353
True,1.254167,0.2443819,0.7143687,0.007253,0.007153
True,1.258333,0.2444121,0.7143984,0.007253,0.007124
True,1.262500,0.2444415,0.7144273,0.007045,0.006938
True,1.266667,0.2444708,0.7144562,0.007045,0.006938
True,1.270833,0.2444993,0.7144842,0.006831,0.006723
True,1.275000,0.2445278,0.7145122,0.006838,0.006723
True,1.279167,0.2445554,0.7145393,0.006623,0.006509
True,1.283333,0.2445830,0.7145665,0.006623,0.006523
True,1.287500,0.2446097,0.7145927,0.006416,0.006280
True,1.291667,0.2446364,0.7146190,0.006416,0.006323
True,1.295833,0.2446623,0.7146444,0.006194,0.006094
True,1.300000,0.2446881,0.7146698,0.006201,0.006080
True,1.304167,0.2447130,0.7146943,0.005987,0.005879
True,1.308333,0.2447380,0.7147188,0.005994,0.005879
True,1.312500,0.2447621,0.7147424,0.005772,0.005665
True,1.316667,0.2447861,0.7147660,0.005772,0.005679
True,1.320833,0.2448093,0.7147888,0.005565,0.005465
True,1.325000,0.2448325,0.7148115,0.005565,0.005450
True,1.329167,0.2448548,0.7148334,0.005350,0.005250
True,1.333333,0.2448771,0.7148553,0.005357,0.005264
True,1.337500,0.2448985,0.7148762,0.005136,0.005021
True,1.341667,0.2449199,0.7148972,0.005143,0.005021
True,1.345833,0.2449405,0.7149173,0.004942,0.004835
True,1.350000,0.2449611,0.7149374,0.004928,0.004821
True,1.354167,0.2449808,0.7149567,0.004728,0.004635
True,1.358333,0.2450004,0.7149760,0.004721,0.004621
True,1.362500,0.2450193,0.7149944,0.004520,0.004420
True,1.366667,0.2450381,0.7150129,0.004513,0.004449
True,1.370833,0.2450560,0.7150304,0.004313,0.004206
True,1.375000,0.2450740,0.7150480,0.004313,0.004220
True,1.379167,0.2450911,0.7150647,0.004106,0.004005
True,1.383333,0.2451082,0.7150815,0.004106,0.004034
True,1.387500,0.2451245,0.7150974,0.003905,0.003819
True,1.391667,0.2451408,0.7151133,0.003905,0.003819
True,1.395833,0.2451562,0.7151284,0.003705,0.003619
True,1.400000,0.2451716,0.7151435,0.003705,0.003619
True,1.404167,0.2451862,0.7151577,0.003505,0.003419
True,1.408333,0.2452009,0.7151721,0.003512,0.003433
True,1.412500,0.2452147,0.7151855,0.003312,0.003233
True,1.416667,0.2452285,0.7151991,0.003312,0.003247
True,1.420833,0.2452415,0.7152116,0.003119,0.003018
True,1.425000,0.2452545,0.7152246,0.003119,0.003104
True,1.429167,0.2452667,0.7152365,0.002940,0.002861
True,1.433333,0.2452789,0.7152483,0.002933,0.002847
True,1.437500,0.2452904,0.7152596,0.002747,0.002689
True,1.441667,0.2453018,0.7152707,0.002747,0.002675
True,1.445833,0.2453125,0.7152811,0.002561,0.002503
True,1.450000,0.2453232,0.7152915,0.002568,0.002489
True,1.454167,0.2453331,0.7153013,0.002389,0.002360
True,1.458333,0.2453431,0.7153110,0.002389,0.002317
True,1.462500,0.2453523,0.7153201,0.002210,0.002174
True,1.466667,0.2453615,0.7153290,0.002210,0.002146
True,1.470833,0.2453700,0.7153373,0.002046,0.002003
True,1.475000,0.2453786,0.7153456,0.002046,0.001988
True,1.479167,0.2453864,0.7153533,0.001881,0.001845
True,1.483333,0.2453942,0.7153609,0.001881,0.001831
True,1.487500,0.2454014,0.7153679,0.001717,0.001659
True,1.491667,0.2454086,0.7153748,0.001724,0.001659
True,1.495833,0.2454151,0.7153811,0.001559,0.001531
True,1.500000,0.2454216,0.7153876,0.001574,0.001545
True,1.504167,0.2454275,0.7153933,0.001409,0.001373
True,1.508333,0.2454334,0.7153991,0.001423,0.001388
True,1.512500,0.2454387,0.7154043,0.001273,0.001245
True,1.516667,0.2454440,0.7154095,0.001273,0.001245
True,1.520833,0.2454488,0.7154141,0.001137,0.001116
True,1.525000,0.2454535,0.7154187,0.001130,0.001101
True,1.529167,0.2454577,0.7154229,0.001009,0.001001
True,1.533333,0.2454619,0.7154269,0.001009,0.000958
True,1.537500,0.2454655,0.7154304,0.000880,0.000858
True,1.541667,0.2454692,0.7154340,0.000880,0.000858
True,1.545833,0.2454724,0.7154372,0.000765,0.000758
True,1.550000,0.2454756,0.7154402,0.000765,0.000730
True,1.554167,0.2454783,0.7154429,0.000651,0.000644
True,1.558333,0.2454810,0.7154456,0.000651,0.000644
True,1.562500,0.2454833,0.7154478,0.000551,0.000529
True,1.566667,0.2454856,0.7154500,0.000551,0.000529
True,1.570833,0.2454875,0.7154518,0.000465,0.000443
True,1.575000,0.2454894,0.7154537,0.000451,0.000458
True,1.579167,0.2454909,0.7154552,0.000365,0.000358
True,1.583333,0.2454925,0.7154567,0.000365,0.000358
True,1.587500,0.2454937,0.7154578,0.000293,0.000257
True,1.591667,0.2454949,0.7154590,0.000286,0.000300
True,1.595833,0.2454958,0.7154599,0.000229,0.000215
True,1.600000,0.2454967,0.7154608,0.000215,0.000200
True,1.604167,0.2454974,0.7154615,0.000165,0.000172
True,1.608333,0.2454981,0.7154621,0.000157,0.000157
True,1.612500,0.2454985,0.7154625,0.000107,0.000086
True,1.616667,0.2454990,0.7154630,0.000107,0.000129
True,1.620833,0.2454993,0.7154633,0.000072,0.000057
True,1.625000,0.2454995,0.7154635,0.000057,0.000057
True,1.629167,0.2454997,0.7154638,0.000043,0.000057
True,1.633333,0.2454998,0.7154638,0.000029,0.000014
True,1.637500,0.2454999,0.7154639,0.000021,0.000014
True,1.641667,0.2454999,0.7154639,0.000007,0.000014
True,1.645833,0.2454999,0.7154639,0.000000,0.000000
True,1.650000,0.2454999,0.7154639,0.000000,0.000000
True,1.654167,0.2454999,0.7154639,0.000000,0.000000
True,1.658333,0.2454999,0.7154639,0.000000,0.000000
True,1.662500,0.2454999,0.7154639,-0.000007,-0.000014
True,1.666667,0.2454998,0.7154639,-0.000014,0.000000
True,1.670833,0.2454997,0.7154638,-0.000029,-0.000029
True,1.675000,0.2454996,0.7154637,-0.000029,-0.000014
True,1.679167,0.2454994,0.7154635,-0.000050,-0.000057
True,1.683333,0.2454992,0.7154632,-0.000050,-0.000057
True,1.687500,0.2454988,0.7154629,-0.000086,-0.000072
True,1.691667,0.2454985,0.7154626,-0.000079,-0.000072
True,1.695833,0.2454979,0.7154621,-0.000129,-0.000114
True,1.700000,0.2454974,0.7154616,-0.000129,-0.000129
True,1.704167,0.2454967,0.7154610,-0.000172,-0.000157
True,1.708333,0.2454959,0.7154602,-0.000179,-0.000172
True,1.712500,0.2454950,0.7154594,-0.000229,-0.000200
True,1.716667,0.2454940,0.7154585,-0.000229,-0.000229
True,1.720833,0.2454928,0.7154573,-0.000300,-0.000286
True,1.725000,0.2454916,0.7154561,-0.000293,-0.000286
True,1.729167,0.2454901,0.7154547,-0.000358,-0.000329
True,1.733333,0.2454886,0.7154532,-0.000365,-0.000358
True,1.737500,0.2454867,0.7154515,-0.000436,-0.000401
True,1.741667,0.2454849,0.7154499,-0.000443,-0.000386
True,1.745833,0.2454827,0.7154478,-0.000522,-0.000515
True,1.750000,0.2454805,0.7154458,-0.000522,-0.000472
True,1.754167,0.2454780,0.7154433,-0.000615,-0.000601
True,1.758333,0.2454754,0.7154409,-0.000615,-0.000572
True,1.762500,0.2454725,0.7154382,-0.000708,-0.000658
True,1.766667,0.2454695,0.7154354,-0.000708,-0.000658
True,1.770833,0.2454661,0.7154322,-0.000808,-0.000772
True,1.775000,0.2454627,0.7154291,-0.000815,-0.000758
True,1.779167,0.2454589,0.7154254,-0.000916,-0.000873
True,1.783333,0.2454551,0.7154219,-0.000916,-0.000844
True,1.787500,0.2454508,0.7154179,-0.001037,-0.000973
True,1.791667,0.2454465,0.7154138,-0.001030,-0.000973
True,1.795833,0.2454417,0.7154092,-0.001152,-0.001101
True,1.800000,0.2454369,0.7154048,-0.001152,-0.001059
True,1.804167,0.2454316,0.7153997,-0.001273,-0.001216
True,1.808333,0.2454263,0.7153948,-0.001273,-0.001187
True,1.812500,0.2454205,0.7153893,-0.001402,-0.001330
True,1.816667,0.2454146,0.7153837,-0.001402,-0.001330
True,1.820833,0.2454082,0.7153776,-0.001545,-0.001459
True,1.825000,0.2454018,0.7153716,-0.001531,-0.001445
True,1.829167,0.2453948,0.7153649,-0.001674,-0.001602
True,1.833333,0.2453878,0.7153584,-0.001681,-0.001559
True,1.837500,0.2453803,0.7153513,-0.001817,-0.001717
True,1.841667,0.2453727,0.7153441,-0.001817,-0.001717
True,1.845833,0.2453645,0.7153364,-0.001967,-0.001845
True,1.850000,0.2453563,0.7153286,-0.001967,-0.001874
True,1.854167,0.2453475,0.7153203,-0.002117,-0.002003
True,1.858333,0.2453386,0.7153120,-0.002124,-0.001988
True,1.862500,0.2453291,0.7153030,-0.002275,-0.002160
True,1.866667,0.2453197,0.7152941,-0.002275,-0.002146
True,1.870833,0.2453095,0.7152843,-0.002432,-0.002332
True,1.875000,0.2452994,0.7152748,-0.002432,-0.002289
True,1.879167,0.2452886,0.7152645,-0.002604,-0.002475
True,1.883333,0.2452777,0.7152542,-0.002596,-0.002475
True,1.887500,0.2452663,0.7152433,-0.002754,-0.002618
True,1.891667,0.2452547,0.7152324,-0.002768,-0.002618
True,1.895833,0.2452425,0.7152206,-0.002933,-0.002818
True,1.900000,0.2452303,0.7152091,-0.002940,-0.002761
True,1.904167,0.2452173,0.7151967,-0.003111,-0.002975
True,1.908333,0.2452044,0.7151844,-0.003104,-0.002961
True,1.912500,0.2451907,0.7151713,-0.003283,-0.003147
True,1.916667,0.2451770,0.7151583,-0.003283,-0.003119
True,1.920833,0.2451626,0.7151445,-0.003462,-0.003319
True,1.925000,0.2451482,0.7151306,-0.003462,-0.003319
True,1.929167,0.2451330,0.7151161,-0.003648,-0.003476
True,1.933333,0.2451178,0.7151016,-0.003648,-0.003490
True,1.937500,0.2451018,0.7150862,-0.003827,-0.003691
True,1.941667,0.2450858,0.7150710,-0.003834,-0.003662
True,1.945833,0.2450691,0.7150549,-0.004013,-0.003862
True,1.950000,0.2450524,0.7150388,-0.004020,-0.003862
True,1.954167,0.2450348,0.7150219,-0.004206,-0.004048
True,1.958333,0.2450173,0.7150050,-0.004206,-0.004048
True,1.962500,0.2449990,0.7149873,-0.004399,-0.004249
True,1.966667,0.2449807,0.7149696,-0.004392,-0.004249
True,1.970833,0.2449616,0.7149512,-0.004592,-0.004435
True,1.975000,0.2449424,0.7149327,-0.004592,-0.004420
True,1.979167,0.2449225,0.7149134,-0.004785,-0.004635
True,1.983333,0.2449026,0.7148941,-0.004785,-0.004635
True,1.987500,0.2448818,0.7148739,-0.004978,-0.004849
True,1.991667,0.2448610,0.7148538,-0.004985,-0.004835
True,1.995833,0.2448394,0.7148327,-0.005186,-0.005050
True,2.000000,0.2448179,0.7148117,-0.005178,-0.005035
True,2.004167,0.2447954,0.7147899,-0.005379,-0.005250
True,2.008333,0.2447730,0.7147680,-0.005379,-0.005250
True,2.012500,0.2447498,0.7147453,-0.005579,-0.005450
True,2.016667,0.2447265,0.7147225,-0.005586,-0.005479
True,2.020833,0.2447024,0.7146989,-0.005779,-0.005665
True,2.025000,0.2446783,0.7146752,-0.005786,-0.005665
True,2.029167,0.2446534,0.7146507,-0.005987,-0.005894
True,2.033333,0.2446284,0.7146261,-0.005987,-0.005894
True,2.037500,0.2446026,0.7146007,-0.006194,-0.006094
True,2.041667,0.2445768,0.7145753,-0.006187,-0.006108
True,2.045833,0.2445502,0.7145489,-0.006394,-0.006323
True,2.050000,0.2445236,0.7145227,-0.006394,-0.006309
True,2.054167,0.2444960,0.7144954,-0.006602,-0.006537
True,2.058333,0.2444686,0.7144681,-0.006595,-0.006552
True,2.062500,0.2444402,0.7144399,-0.006809,-0.006781
True,2.066667,0.2444119,0.7144117,-0.006802,-0.006766
True,2.070833,0.2443826,0.7143826,-0.007010,-0.006981
True,2.075000,0.2443534,0.7143534,-0.007010,-0.007010
True,2.079167,0.2443234,0.7143233,-0.007217,-0.007224
True,2.083333,0.2442933,0.7142932,-0.007217,-0.007224
True,2.087500,0.2442624,0.7142621,-0.007424,-0.007467
True,2.091667,0.2442315,0.7142310,-0.007417,-0.007453
True,2.095833,0.2441996,0.7141991,-0.007639,-0.007668
True,2.100000,0.2441678,0.7141671,-0.007632,-0.007682
True,2.104167,0.2441352,0.7141340,-0.007832,-0.007925
True,2.108333,0.2441026,0.7141010,-0.007832,-0.007939
True,2.112500,0.2440691,0.7140670,-0.008039,-0.008154
True,2.116667,0.2440355,0.7140330,-0.008047,-0.008154
True,2.120833,0.2440012,0.7139980,-0.008240,-0.008397
True,2.125000,0.2439669,0.7139630,-0.008240,-0.008397
True,2.129167,0.2439317,0.7139271,-0.008454,-0.008612
True,2.133333,0.2438964,0.7138910,-0.008454,-0.008683
True,2.137500,0.2438604,0.7138541,-0.008655,-0.008855
True,2.141667,0.2438243,0.7138171,-0.008647,-0.008869
True,2.145833,0.2437874,0.7137791,-0.008862,-0.009127
True,2.150000,0.2437505,0.7137411,-0.008855,-0.009112
True,2.154167,0.2437128,0.7137021,-0.009062,-0.009370
True,2.158333,0.2436750,0.7136631,-0.009055,-0.009356
True,2.162500,0.2436364,0.7136231,-0.009263,-0.009599
True,2.166667,0.2435978,0.7135831,-0.009263,-0.009613
True,2.170833,0.2435584,0.7135420,-0.009456,-0.009842
True,2.175000,0.2435190,0.7135009,-0.009470,-0.009871
True,2.179167,0.2434787,0.7134588,-0.009656,-0.010114
True,2.183333,0.2434385,0.7134166,-0.009656,-0.010114
True,2.187500,0.2433974,0.7133735,-0.009856,-0.010343
True,2.191667,0.2433563,0.7133303,-0.009863,-0.010371
True,2.195833,0.2433145,0.7132862,-0.010049,-0.010586
True,2.200000,0.2432726,0.7132420,-0.010057,-0.010614
True,2.204167,0.2432299,0.7131968,-0.010250,-0.010858
True,2.208333,0.2431872,0.7131515,-0.010250,-0.010858
True,2.212500,0.2431437,0.7131053,-0.010436,-0.011101
True,2.216667,0.2431002,0.7130589,-0.010443,-0.011115
True,2.220833,0.2430559,0.7130116,-0.010636,-0.011358
True,2.225000,0.2430115,0.7129642,-0.010636,-0.011387
True,2.229167,0.2429664,0.7129158,-0.010822,-0.011601
True,2.233333,0.2429214,0.7128674,-0.010822,-0.011630
True,2.237500,0.2428755,0.7128180,-0.011015,-0.011859
True,2.241667,0.2428296,0.7127684,-0.011008,-0.011888
True,2.245833,0.2427829,0.7127180,-0.011201,-0.012116
True,2.250000,0.2427363,0.7126673,-0.011194,-0.012145
True,2.254167,0.2426889,0.7126158,-0.011380,-0.012374
True,2.258333,0.2426414,0.7125642,-0.011380,-0.012374
True,2.262500,0.2425933,0.7125115,-0.011566,-0.012646
True,2.266667,0.2425451,0.7124588,-0.011559,-0.012646
True,2.270833,0.2424962,0.7124051,-0.011745,-0.012889
True,2.275000,0.2424472,0.7123513,-0.011745,-0.012918
True,2.279167,0.2423976,0.7122965,-0.011916,-0.013146
True,2.283333,0.2423479,0.7122416,-0.011923,-0.013189
True,2.287500,0.2422975,0.7121859,-0.012095,-0.013375
True,2.291667,0.2422471,0.7121298,-0.012088,-0.013447
True,2.295833,0.2421961,0.7120730,-0.012259,-0.013647
True,2.300000,0.2421449,0.7120159,-0.012274,-0.013704
True,2.304167,0.2420931,0.7119579,-0.012438,-0.013905
True,2.308333,0.2420413,0.7118998,-0.012424,-0.013962
True,2.312500,0.2419888,0.7118408,-0.012610,-0.014148
True,2.316667,0.2419363,0.7117816,-0.012603,-0.014205
True,2.320833,0.2418831,0.7117215,-0.012767,-0.014434
True,2.325000,0.2418299,0.7116613,-0.012767,-0.014448
True,2.329167,0.2417760,0.7116001,-0.012925,-0.014677
True,2.333333,0.2417221,0.7115387,-0.012932,-0.014734
True,2.337500,0.2416676,0.7114765,-0.013082,-0.014935
True,2.341667,0.2416131,0.7114141,-0.013089,-0.014977
True,2.345833,0.2415579,0.7113509,-0.013247,-0.015178
True,2.350000,0.2415027,0.7112873,-0.013239,-0.015249
True,2.354167,0.2414469,0.7112230,-0.013404,-0.015435
True,2.358333,0.2413911,0.7111584,-0.013390,-0.015507
True,2.362500,0.2413347,0.7110930,-0.013540,-0.015693
True,2.366667,0.2412782,0.7110274,-0.013547,-0.015736
True,2.370833,0.2412212,0.7109610,-0.013697,-0.015950
True,2.375000,0.2411641,0.7108943,-0.013690,-0.016007
True,2.379167,0.2411065,0.7108268,-0.013833,-0.016208
True,2.383333,0.2410488,0.7107591,-0.013833,-0.016236
True,2.387500,0.2409906,0.7106905,-0.013976,-0.016465
True,2.391667,0.2409324,0.7106217,-0.013976,-0.016508
True,2.395833,0.2408736,0.7105522,-0.014105,-0.016680
True,2.400000,0.2408148,0.7104824,-0.014112,-0.016766
True,2.404167,0.2407554,0.7104117,-0.014248,-0.016952
True,2.408333,0.2406961,0.7103409,-0.014248,-0.016994
True,2.412500,0.2406362,0.7102693,-0.014369,-0.017195
True,2.416667,0.2405763,0.7101974,-0.014377,-0.017238
True,2.420833,0.2405159,0.7101247,-0.014498,-0.017452
True,2.425000,0.2404554,0.7100518,-0.014505,-0.017495
True,2.429167,0.2403945,0.7099782,-0.014620,-0.017667
True,2.433333,0.2403336,0.7099043,-0.014627,-0.017753
True,2.437500,0.2402722,0.7098296,-0.014741,-0.017910
True,2.441667,0.2402107,0.7097547,-0.014741,-0.017982
True,2.445833,0.2401488,0.7096791,-0.014863,-0.018153
True,2.450000,0.2400869,0.7096031,-0.014856,-0.018225
True,2.454167,0.2400245,0.7095264,-0.014970,-0.018411
True,2.458333,0.2399622,0.7094495,-0.014963,-0.018454
True,2.462500,0.2398993,0.7093720,-0.015085,-0.018611
True,2.466667,0.2398365,0.7092940,-0.015085,-0.018711
True,2.470833,0.2397732,0.7092155,-0.015178,-0.018854
True,2.475000,0.2397100,0.7091366,-0.015185,-0.018926
True,2.479167,0.2396463,0.7090571,-0.015285,-0.019083
True,2.483333,0.2395826,0.7089773,-0.015278,-0.019155
True,2.487500,0.2395186,0.7088969,-0.015378,-0.019298
True,2.491667,0.2394545,0.7088161,-0.015378,-0.019383
True,2.495833,0.2393900,0.7087346,-0.015478,-0.019555
True,2.500000,0.2393255,0.7086531,-0.015471,-0.019569
True,2.504167,0.2392606,0.7085708,-0.015571,-0.019755
True,2.508333,0.2391958,0.7084882,-0.015557,-0.019827
True,2.512500,0.2391306,0.7084050,-0.015643,-0.019970
True,2.516667,0.2390654,0.7083215,-0.015650,-0.020041
True,2.520833,0.2389999,0.7082374,-0.015721,-0.020170
True,2.525000,0.2389344,0.7081531,-0.015721,-0.020242
True,2.529167,0.2388685,0.7080681,-0.015814,-0.020399
True,2.533333,0.2388027,0.7079828,-0.015800,-0.020456
True,2.537500,0.2387366,0.7078970,-0.015872,-0.020599
True,2.541667,0.2386704,0.7078109,-0.015886,-0.020657
True,2.545833,0.2386040,0.7077243,-0.015936,-0.020800
True,2.550000,0.2385375,0.7076373,-0.015950,-0.020871
True,2.554167,0.2384709,0.7075498,-0.016000,-0.021000
True,2.558333,0.2384041,0.7074621,-0.016015,-0.021043
True,2.562500,0.2383372,0.7073737,-0.016072,-0.021214
True,2.566667,0.2382702,0.7072852,-0.016072,-0.021243
True,2.570833,0.2382030,0.7071962,-0.016122,-0.021372
True,2.575000,0.2381358,0.7071068,-0.016122,-0.021458
True,2.579167,0.2380684,0.7070169,-0.016179,-0.021572
True,2.583333,0.2380010,0.7069268,-0.016172,-0.021629
True,2.587500,0.2379334,0.7068362,-0.016229,-0.021744
True,2.591667,0.2378658,0.7067453,-0.016222,-0.021801
True,2.595833,0.2377981,0.7066540,-0.016265,-0.021930
True,2.600000,0.2377303,0.7065623,-0.016272,-0.022001
True,2.604167,0.2376623,0.7064703,-0.016308,-0.022087
True,2.608333,0.2375944,0.7063779,-0.016301,-0.022159
True,2.612500,0.2375263,0.7062852,-0.016344,-0.022244
True,2.616667,0.2374582,0.7061922,-0.016336,-0.022330
True,2.620833,0.2373900,0.7060988,-0.016372,-0.022416
True,2.625000,0.2373218,0.7060051,-0.016372,-0.022488
True,2.629167,0.2372535,0.7059110,-0.016401,-0.022573
True,2.633333,0.2371852,0.7058167,-0.016394,-0.022631
True,2.637500,0.2371167,0.7057220,-0.016429,-0.022731
True,2.641667,0.2370483,0.7056271,-0.016415,-0.022774
True,2.645833,0.2369798,0.7055319,-0.016437,-0.022860
True,2.650000,0.2369114,0.7054363,-0.016429,-0.022931
True,2.654167,0.2368428,0.7053404,-0.016451,-0.023017
True,2.658333,0.2367743,0.7052444,-0.016451,-0.023060
True,2.662500,0.2367057,0.7051479,-0.016465,-0.023146
True,2.666667,0.2366371,0.7050512,-0.016451,-0.023203
True,2.670833,0.2365685,0.7049544,-0.016458,-0.023246
True,2.675000,0.2364999,0.7048571,-0.016465,-0.023346
True,2.679167,0.2364313,0.7047597,-0.016465,-0.023389
True,2.683333,0.2363627,0.7046620,-0.016465,-0.023446
True,2.687500,0.2362942,0.7045640,-0.016458,-0.023518
True,2.691667,0.2362256,0.7044658,-0.016458,-0.023561
True,2.695833,0.2361570,0.7043675,-0.016451,-0.023603
True,2.700000,0.2360885,0.7042689,-0.016444,-0.023661
True,2.704167,0.2360200,0.7041700,-0.016437,-0.023718
True,2.708333,0.2359515,0.7040710,-0.016437,-0.023775
True,2.712500,0.2358831,0.7039719,-0.016422,-0.023789
True,2.716667,0.2358147,0.7038724,-0.016422,-0.023861
True,2.720833,0.2357464,0.7037727,-0.016401,-0.023932
True,2.725000,0.2356780,0.7036731,-0.016394,-0.023918
True,2.729167,0.2356098,0.7035732,-0.016372,-0.023961
True,2.733333,0.2355416,0.7034731,-0.016365,-0.024033
True,2.737500,0.2354735,0.7033729,-0.016351,-0.024047
True,2.741667,0.2354054,0.7032725,-0.016336,-0.024104
True,2.745833,0.2353375,0.7031720,-0.016308,-0.024118
True,2.750000,0.2352696,0.7030712,-0.016301,-0.024176
True,2.754167,0.2352018,0.7029704,-0.016272,-0.024190
True,2.758333,0.2351340,0.7028695,-0.016265,-0.024219
True,2.762500,0.2350664,0.7027686,-0.016222,-0.024233
True,2.766667,0.2349988,0.7026674,-0.016229,-0.024276
True,2.770833,0.2349314,0.7025663,-0.016172,-0.024276
True,2.775000,0.2348640,0.7024649,-0.016179,-0.024319
True,2.779167,0.2347968,0.7023635,-0.016129,-0.024347
True,2.783333,0.2347296,0.7022620,-0.016115,-0.024362
True,2.787500,0.2346627,0.7021605,-0.016072,-0.024347
True,2.791667,0.2345957,0.7020589,-0.016072,-0.024390
True,2.795833,0.2345290,0.7019573,-0.016007,-0.024376
True,2.800000,0.2344623,0.7018557,-0.016015,-0.024405
True,2.804167,0.2343959,0.7017540,-0.015943,-0.024390
True,2.808333,0.2343294,0.7016523,-0.015943,-0.024419
True,2.812500,0.2342633,0.7015506,-0.015879,-0.024405
True,2.816667,0.2341971,0.7014488,-0.015872,-0.024433
True,2.820833,0.2341313,0.7013472,-0.015807,-0.024376
True,2.825000,0.2340654,0.7012454,-0.015800,-0.024447
True,2.829167,0.2339999,0.7011437,-0.015728,-0.024390
True,2.833333,0.2339344,0.7010420,-0.015728,-0.024419
True,2.837500,0.2338692,0.7009404,-0.015643,-0.024376
True,2.841667,0.2338040,0.7008387,-0.015650,-0.024405
True,2.845833,0.2337391,0.7007374,-0.015564,-0.024333
True,2.850000,0.2336743,0.7006357,-0.015557,-0.024390
True,2.854167,0.2336099,0.7005345,-0.015471,-0.024304
True,2.858333,0.2335454,0.7004330,-0.015471,-0.024347
True,2.862500,0.2334813,0.7003319,-0.015385,-0.024276
True,2.866667,0.2334172,0.7002306,-0.015378,-0.024304
True,2.870833,0.2333535,0.7001296,-0.015285,-0.024233
True,2.875000,0.2332899,0.7000286,-0.015278,-0.024247
True,2.879167,0.2332266,0.6999279,-0.015185,-0.024176
True,2.883333,0.2331633,0.6998271,-0.015185,-0.024190
True,2.887500,0.2331005,0.6997265,-0.015078,-0.024133
True,2.891667,0.2330377,0.6996260,-0.015070,-0.024133
True,2.895833,0.2329753,0.6995259,-0.014977,-0.024018
True,2.900000,0.2329130,0.6994256,-0.014963,-0.024061
True,2.904167,0.2328510,0.6993258,-0.014863,-0.023961
True,2.908333,0.2327891,0.6992260,-0.014863,-0.023961
True,2.912500,0.2327277,0.6991265,-0.014741,-0.023861
True,2.916667,0.2326663,0.6990269,-0.014741,-0.023904
True,2.920833,0.2326053,0.6989279,-0.014627,-0.023761
True,2.925000,0.2325444,0.6988289,-0.014620,-0.023775
True,2.929167,0.2324840,0.6987303,-0.014505,-0.023661
True,2.933333,0.2324235,0.6986316,-0.014498,-0.023675
True,2.937500,0.2323636,0.6985335,-0.014377,-0.023561
True,2.941667,0.2323038,0.6984354,-0.014369,-0.023546
True,2.945833,0.2322444,0.6983377,-0.014248,-0.023432
True,2.950000,0.2321850,0.6982401,-0.014248,-0.023432
True,2.954167,0.2321263,0.6981430,-0.014105,-0.023303
True,2.958333,0.2320674,0.6980459,-0.014119,-0.023303
True,2.962500,0.2320092,0.6979493,-0.013969,-0.023174
True,2.966667,0.2319510,0.6978528,-0.013976,-0.023160
True,2.970833,0.2318933,0.6977569,-0.013840,-0.023017
True,2.975000,0.2318357,0.6976612,-0.013826,-0.022988
True,2.979167,0.2317787,0.6975658,-0.013697,-0.022888
True,2.983333,0.2317216,0.6974706,-0.013690,-0.022845
True,2.987500,0.2316652,0.6973760,-0.013547,-0.022702
True,2.991667,0.2316087,0.6972814,-0.013547,-0.022717
True,2.995833,0.2315529,0.6971875,-0.013390,-0.022516
True,3.000000,0.2314971,0.6970937,-0.013397,-0.022516
True,3.004167,0.2314419,0.6970006,-0.013247,-0.022359
True,3.008333,0.2313868,0.6969076,-0.013239,-0.022316
True,3.012500,0.2313322,0.6968152,-0.013089,-0.022173
True,3.016667,0.2312777,0.6967229,-0.013089,-0.022159
True,3.020833,0.2312238,0.6966313,-0.012925,-0.021987
True,3.025000,0.2311700,0.6965398,-0.012925,-0.021958
True,3.029167,0.2311167,0.6964490,-0.012774,-0.021772
True,3.033333,0.2310636,0.6963584,-0.012760,-0.021758
True,3.037500,0.2310111,0.6962686,-0.012603,-0.021558
True,3.041667,0.2309586,0.6961788,-0.012596,-0.021544
True,3.045833,0.2309068,0.6960898,-0.012438,-0.021358
True,3.050000,0.2308549,0.6960009,-0.012445,-0.021329
True,3.054167,0.2308038,0.6959130,-0.012259,-0.021100
True,3.058333,0.2307527,0.6958250,-0.012267,-0.021129
True,3.062500,0.2307023,0.6957380,-0.012095,-0.020885
True,3.066667,0.2306519,0.6956510,-0.012088,-0.020871
True,3.070833,0.2306022,0.6955650,-0.011930,-0.020642
True,3.075000,0.2305526,0.6954790,-0.011909,-0.020642
True,3.079167,0.2305037,0.6953940,-0.011745,-0.020399
True,3.083333,0.2304547,0.6953090,-0.011745,-0.020399
True,3.087500,0.2304066,0.6952249,-0.011559,-0.020170
True,3.091667,0.2303584,0.6951411,-0.011566,-0.020113
True,3.095833,0.2303110,0.6950581,-0.011380,-0.019927
True,3.100000,0.2302636,0.6949754,-0.011380,-0.019856
True,3.104167,0.2302169,0.6948935,-0.011194,-0.019641
True,3.108333,0.2301702,0.6948119,-0.011201,-0.019598
True,3.112500,0.2301244,0.6947311,-0.011008,-0.019383
True,3.116667,0.2300785,0.6946507,-0.011015,-0.019312
True,3.120833,0.2300334,0.6945711,-0.010822,-0.019083
True,3.125000,0.2299883,0.6944917,-0.010822,-0.019054
True,3.129167,0.2299440,0.6944133,-0.010636,-0.018826
True,3.133333,0.2298997,0.6943352,-0.010636,-0.018754
True,3.137500,0.2298562,0.6942580,-0.010443,-0.018511
True,3.141667,0.2298127,0.6941811,-0.010436,-0.018468
True,3.145833,0.2297700,0.6941051,-0.010250,-0.018239
True,3.150000,0.2297273,0.6940293,-0.010250,-0.018196
True,3.154167,0.2296854,0.6939546,-0.010057,-0.017924
True,3.158333,0.2296435,0.6938801,-0.010049,-0.017867
True,3.162500,0.2296024,0.6938067,-0.009863,-0.017624
True,3.166667,0.2295613,0.6937336,-0.009856,-0.017552
True,3.170833,0.2295211,0.6936615,-0.009663,-0.017295
True,3.175000,0.2294808,0.6935895,-0.009656,-0.017281
True,3.179167,0.2294414,0.6935186,-0.009463,-0.017009
True,3.183333,0.2294020,0.6934481,-0.009456,-0.016923
True,3.187500,0.2293634,0.6933787,-0.009263,-0.016665
True,3.191667,0.2293248,0.6933095,-0.009263,-0.016608
True,3.195833,0.2292871,0.6932413,-0.009055,-0.016365
True,3.200000,0.2292493,0.6931735,-0.009062,-0.016279
True,3.204167,0.2292124,0.6931067,-0.008855,-0.016022
True,3.208333,0.2291755,0.6930403,-0.008862,-0.015950
True,3.212500,0.2291395,0.6929748,-0.008647,-0.015707
True,3.216667,0.2291034,0.6929098,-0.008655,-0.015607
True,3.220833,0.2290682,0.6928457,-0.008454,-0.015378
True,3.225000,0.2290330,0.6927820,-0.008454,-0.015278
True,3.229167,0.2289986,0.6927195,-0.008240,-0.015020
True,3.233333,0.2289643,0.6926572,-0.008247,-0.014949
True,3.237500,0.2289307,0.6925961,-0.008047,-0.014663
True,3.241667,0.2288973,0.6925352,-0.008032,-0.014606
True,3.245833,0.2288646,0.6924755,-0.007832,-0.014334
True,3.250000,0.2288320,0.6924161,-0.007839,-0.014248
True,3.254167,0.2288002,0.6923579,-0.007632,-0.013976
True,3.258333,0.2287684,0.6923000,-0.007617,-0.013905
True,3.262500,0.2287374,0.6922432,-0.007439,-0.013618
True,3.266667,0.2287065,0.6921868,-0.007417,-0.013547
True,3.270833,0.2286765,0.6921314,-0.007217,-0.013289
True,3.275000,0.2286464,0.6920765,-0.007217,-0.013175
True,3.279167,0.2286172,0.6920227,-0.007010,-0.012918
True,3.283333,0.2285880,0.6919692,-0.007010,-0.012832
True,3.287500,0.2285596,0.6919168,-0.006809,-0.012574
True,3.291667,0.2285313,0.6918649,-0.006802,-0.012460
True,3.295833,0.2285038,0.6918140,-0.006595,-0.012217
True,3.300000,0.2284763,0.6917635,-0.006609,-0.012131
True,3.304167,0.2284496,0.6917142,-0.006387,-0.011830
True,3.308333,0.2284230,0.6916651,-0.006394,-0.011773
True,3.312500,0.2283972,0.6916173,-0.006194,-0.011473
True,3.316667,0.2283714,0.6915698,-0.006187,-0.011401
True,3.320833,0.2283465,0.6915235,-0.005987,-0.011115
True,3.325000,0.2283215,0.6914775,-0.005987,-0.011029
True,3.329167,0.2282974,0.6914327,-0.005786,-0.010772
True,3.333333,0.2282733,0.6913882,-0.005779,-0.010672
True,3.337500,0.2282501,0.6913449,-0.005586,-0.010400
True,3.341667,0.2282268,0.6913018,-0.005579,-0.010328
True,3.345833,0.2282044,0.6912601,-0.005379,-0.010014
True,3.350000,0.2281820,0.6912185,-0.005386,-0.009985
True,3.354167,0.2281604,0.6911782,-0.005178,-0.009670
True,3.358333,0.2281388,0.6911382,-0.005178,-0.009599
True,3.362500,0.2281180,0.6910993,-0.004985,-0.009327
True,3.366667,0.2280973,0.6910608,-0.004978,-0.009241
True,3.370833,0.2280773,0.6910235,-0.004792,-0.008969
True,3.375000,0.2280574,0.6909865,-0.004778,-0.008883
True,3.379167,0.2280383,0.6909505,-0.004592,-0.008626
True,3.383333,0.2280191,0.6909150,-0.004592,-0.008512
True,3.387500,0.2280008,0.6908806,-0.004399,-0.008268
True,3.391667,0.2279825,0.6908465,-0.004392,-0.008183
True,3.395833,0.2279650,0.6908135,-0.004213,-0.007911
True,3.400000,0.2279475,0.6907809,-0.004199,-0.007825
True,3.404167,0.2279307,0.6907493,-0.004020,-0.007582
True,3.408333,0.2279140,0.6907182,-0.004020,-0.007482
True,3.412500,0.2278980,0.6906881,-0.003834,-0.007224
True,3.416667,0.2278821,0.6906584,-0.003819,-0.007124
True,3.420833,0.2278669,0.6906297,-0.003648,-0.006881
True,3.425000,0.2278517,0.6906014,-0.003648,-0.006795
True,3.429167,0.2278372,0.6905741,-0.003469,-0.006552
True,3.433333,0.2278228,0.6905472,-0.003455,-0.006466
True,3.437500,0.2278092,0.6905213,-0.003283,-0.006208
True,3.441667,0.2277955,0.6904957,-0.003283,-0.006137
True,3.445833,0.2277825,0.6904712,-0.003111,-0.005879
True,3.450000,0.2277696,0.6904470,-0.003104,-0.005808
True,3.454167,0.2277573,0.6904238,-0.002940,-0.005565
True,3.458333,0.2277451,0.6904011,-0.002925,-0.005465
True,3.462500,0.2277336,0.6903791,-0.002775,-0.005264
True,3.466667,0.2277221,0.6903576,-0.002761,-0.005164
True,3.470833,0.2277113,0.6903370,-0.002589,-0.004950
True,3.475000,0.2277004,0.6903169,-0.002604,-0.004835
True,3.479167,0.2276903,0.6902976,-0.002432,-0.004621
True,3.483333,0.2276802,0.6902786,-0.002432,-0.004549
True,3.487500,0.2276707,0.6902607,-0.002282,-0.004306
True,3.491667,0.2276612,0.6902429,-0.002267,-0.004277
True,3.495833,0.2276524,0.6902261,-0.002124,-0.004034
True,3.500000,0.2276435,0.6902096,-0.002117,-0.003963
True,3.504167,0.2276354,0.6901940,-0.001960,-0.003748
True,3.508333,0.2276272,0.6901786,-0.001967,-0.003676
True,3.512500,0.2276196,0.6901641,-0.001824,-0.003476
True,3.516667,0.2276120,0.6901499,-0.001824,-0.003419
True,3.520833,0.2276050,0.6901367,-0.001674,-0.003176
True,3.525000,0.2275980,0.6901236,-0.001674,-0.003133
True,3.529167,0.2275916,0.6901113,-0.001538,-0.002947
True,3.533333,0.2275852,0.6900994,-0.001538,-0.002875
True,3.537500,0.2275794,0.6900882,-0.001402,-0.002689
True,3.541667,0.2275735,0.6900772,-0.001402,-0.002618
True,3.545833,0.2275682,0.6900671,-0.001273,-0.002446
True,3.550000,0.2275629,0.6900572,-0.001273,-0.002375
True,3.554167,0.2275581,0.6900480,-0.001152,-0.002203
True,3.558333,0.2275533,0.6900390,-0.001152,-0.002146
True,3.562500,0.2275490,0.6900308,-0.001030,-0.001974
True,3.566667,0.2275448,0.6900228,-0.001030,-0.001931
True,3.570833,0.2275409,0.6900154,-0.000923,-0.001774
True,3.575000,0.2275371,0.6900082,-0.000923,-0.001717
True,3.579167,0.2275337,0.6900017,-0.000801,-0.001559
True,3.583333,0.2275303,0.6899955,-0.000815,-0.001502
True,3.587500,0.2275274,0.6899898,-0.000708,-0.001359
True,3.591667,0.2275244,0.6899843,-0.000715,-0.001330
True,3.595833,0.2275218,0.6899794,-0.000615,-0.001173
True,3.600000,0.2275193,0.6899746,-0.000608,-0.001144
True,3.604167,0.2275172,0.6899703,-0.000515,-0.001044
True,3.608333,0.2275150,0.6899663,-0.000529,-0.000958
True,3.612500,0.2275131,0.6899628,-0.000443,-0.000830
True,3.616667,0.2275113,0.6899593,-0.000436,-0.000830
True,3.620833,0.2275098,0.6899564,-0.000365,-0.000701
True,3.625000,0.2275082,0.6899536,-0.000365,-0.000672
True,3.629167,0.2275071,0.6899512,-0.000286,-0.000572
True,3.633333,0.2275058,0.6899489,-0.000300,-0.000558
True,3.637500,0.2275048,0.6899470,-0.000229,-0.000458
True,3.641667,0.2275039,0.6899453,-0.000236,-0.000415
True,3.645833,0.2275032,0.6899439,-0.000165,-0.000343
True,3.650000,0.2275024,0.6899425,-0.000179,-0.000315
True,3.654167,0.2275019,0.6899415,-0.000122,-0.000243
True,3.658333,0.2275014,0.6899406,-0.000129,-0.000215
True,3.662500,0.2275010,0.6899399,-0.000086,-0.000172
True,3.666667,0.2275007,0.6899392,-0.000086,-0.000172
True,3.670833,0.2275005,0.6899387,-0.000050,-0.000114
True,3.675000,0.2275002,0.6899383,-0.000057,-0.000100
True,3.679167,0.2275001,0.6899380,-0.000029,-0.000072
True,3.683333,0.2275000,0.6899378,-0.000021,-0.000043
True,3.687500,0.2275000,0.6899378,-0.000014,0.000000
True,3.691667,0.2274999,0.6899378,-0.000007,-0.000014
True,3.695833,0.2274999,0.6899378,-0.000007,0.000014
True,3.700000,0.2274999,0.6899379,0.000000,0.000014
True,3.704167,0.2274999,0.6899379,0.000000,0.000000
True,3.708333,0.2274999,0.6899379,0.000007,0.000000
True,3.712500,0.2275000,0.6899379,0.000021,0.000014
True,3.716667,0.2275001,0.6899381,0.000007,0.000029
True,3.720833,0.2275002,0.6899384,0.000036,0.000072
True,3.725000,0.2275003,0.6899388,0.000036,0.000114
True,3.729167,0.2275006,0.6899397,0.000064,0.000200
True,3.733333,0.2275009,0.6899407,0.000064,0.000243
True,3.737500,0.2275014,0.6899421,0.000114,0.000343
True,3.741667,0.2275018,0.6899436,0.000107,0.000358
True,3.745833,0.2275025,0.6899453,0.000157,0.000415
True,3.750000,0.2275031,0.6899473,0.000157,0.000472
True,3.754167,0.2275041,0.6899498,0.000229,0.000601
True,3.758333,0.2275050,0.6899526,0.000222,0.000672
True,3.762500,0.2275062,0.6899561,0.000286,0.000830
True,3.766667,0.2275074,0.6899599,0.000293,0.000930
True,3.770833,0.2275090,0.6899644,0.000372,0.001059
True,3.775000,0.2275105,0.6899691,0.000365,0.001130
True,3.779167,0.2275124,0.6899744,0.000451,0.001287
True,3.783333,0.2275143,0.6899801,0.000458,0.001359
True,3.787500,0.2275165,0.6899866,0.000544,0.001559
True,3.791667,0.2275188,0.6899934,0.000536,0.001645
True,3.795833,0.2275215,0.6900011,0.000651,0.001845
True,3.800000,0.2275242,0.6900094,0.000651,0.001974
True,3.804167,0.2275273,0.6900185,0.000744,0.002189
True,3.808333,0.2275304,0.6900279,0.000758,0.002260
True,3.812500,0.2275341,0.6900383,0.000865,0.002503
True,3.816667,0.2275376,0.6900492,0.000858,0.002604
True,3.820833,0.2275417,0.6900609,0.000987,0.002818
True,3.825000,0.2275459,0.6900733,0.000994,0.002961
True,3.829167,0.2275505,0.6900865,0.001101,0.003190
True,3.833333,0.2275551,0.6901005,0.001109,0.003347
True,3.837500,0.2275603,0.6901155,0.001237,0.003591
True,3.841667,0.2275654,0.6901309,0.001245,0.003719
True,3.845833,0.2275712,0.6901474,0.001373,0.003948
True,3.850000,0.2275769,0.6901644,0.001373,0.004091
True,3.854167,0.2275832,0.6901826,0.001509,0.004363
True,3.858333,0.2275895,0.6902014,0.001509,0.004506
True,3.862500,0.2275964,0.6902213,0.001667,0.004764
True,3.866667,0.2276033,0.6902419,0.001652,0.004950
True,3.870833,0.2276108,0.6902636,0.001810,0.005221
True,3.875000,0.2276183,0.6902859,0.001802,0.005350
True,3.879167,0.2276265,0.6903093,0.001953,0.005622
True,3.883333,0.2276346,0.6903335,0.001953,0.005794
True,3.887500,0.2276434,0.6903588,0.002110,0.006080
True,3.891667,0.2276522,0.6903847,0.002110,0.006223
True,3.895833,0.2276616,0.6904119,0.002267,0.006523
True,3.900000,0.2276711,0.6904398,0.002267,0.006695
True,3.904167,0.2276812,0.6904689,0.002425,0.006981
True,3.908333,0.2276913,0.6904987,0.002425,0.007138
True,3.912500,0.2277021,0.6905296,0.002596,0.007439
True,3.916667,0.2277129,0.6905613,0.002589,0.007596
True,3.920833,0.2277244,0.6905942,0.002754,0.007896
True,3.925000,0.2277358,0.6906278,0.002747,0.008054
True,3.929167,0.2277480,0.6906626,0.002918,0.008354
True,3.933333,0.2277602,0.6906981,0.002925,0.008526
True,3.937500,0.2277730,0.6907349,0.003090,0.008841
True,3.941667,0.2277859,0.6907724,0.003083,0.008984
True,3.945833,0.2277994,0.6908112,0.003254,0.009313
True,3.950000,0.2278130,0.6908505,0.003262,0.009441
True,3.954167,0.2278273,0.6908912,0.003419,0.009770
True,3.958333,0.2278416,0.6909325,0.003433,0.009899
True,3.962500,0.2278565,0.6909751,0.003591,0.010228
True,3.966667,0.2278715,0.6910183,0.003591,0.010386
True,3.970833,0.2278872,0.6910629,0.003769,0.010686
True,3.975000,0.2279029,0.6911080,0.003762,0.010843
True,3.979167,0.2279193,0.6911545,0.003941,0.011144
True,3.983333,0.2279357,0.6912015,0.003941,0.011287
True,3.987500,0.2279528,0.6912498,0.004106,0.011587
True,3.991667,0.2279699,0.6912987,0.004106,0.011730
True,3.995833,0.2279878,0.6913489,0.004284,0.012045
True,4.000000,0.2280056,0.6913996,0.004277,0.012188
True,4.004167,0.2280241,0.6914516,0.004442,0.012474
True,4.008333,0.2280427,0.6915042,0.004449,0.012617
True,4.012500,0.2280619,0.6915581,0.004621,0.012932
True,4.016667,0.2280812,0.6916125,0.004621,0.013061
True,4.020833,0.2281011,0.6916682,0.004778,0.013361
True,4.025000,0.2281210,0.6917242,0.004785,0.013461
True,4.029167,0.2281416,0.6917816,0.004950,0.013762
True,4.033333,0.2281623,0.6918395,0.004950,0.013890
True,4.037500,0.2281836,0.6918985,0.005114,0.014162
True,4.041667,0.2282049,0.6919580,0.005114,0.014291
True,4.045833,0.2282269,0.6920188,0.005286,0.014591
True,4.050000,0.2282489,0.6920800,0.005279,0.014691
True,4.054167,0.2282716,0.6921424,0.005443,0.014963
True,4.058333,0.2282943,0.6922053,0.005443,0.015092
True,4.062500,0.2283176,0.6922691,0.005593,0.015335
True,4.066667,0.2283409,0.6923335,0.005600,0.015435
True,4.070833,0.2283649,0.6923989,0.005758,0.015707
True,4.075000,0.2283889,0.6924647,0.005758,0.015793
True,4.079167,0.2284135,0.6925316,0.005901,0.016050
True,4.083333,0.2284381,0.6925988,0.005908,0.016136
True,4.087500,0.2284634,0.6926672,0.006065,0.016422
True,4.091667,0.2284886,0.6927359,0.006058,0.016479
True,4.095833,0.2285145,0.6928056,0.006208,0.016737
True,4.100000,0.2285403,0.6928756,0.006208,0.016780
True,4.104167,0.2285668,0.6929465,0.006359,0.017023
True,4.108333,0.2285933,0.6930178,0.006359,0.017123
True,4.112500,0.2286204,0.6930901,0.006495,0.017338
True,4.116667,0.2286474,0.6931626,0.006495,0.017395
True,4.120833,0.2286751,0.6932360,0.006638,0.017624
True,4.125000,0.2287028,0.6933097,0.006638,0.017695
True,4.129167,0.2287310,0.6933842,0.006773,0.017881
True,4.133333,0.2287592,0.6934589,0.006766,0.017910
True,4.137500,0.2287879,0.6935344,0.006902,0.018125
True,4.141667,0.2288167,0.6936102,0.006909,0.018196
True,4.145833,0.2288460,0.6936868,0.007031,0.018382
True,4.150000,0.2288753,0.6937634,0.007024,0.018396
True,4.154167,0.2289051,0.6938410,0.007153,0.018611
True,4.158333,0.2289349,0.6939186,0.007153,0.018625
True,4.162500,0.2289652,0.6939970,0.007281,0.018811
True,4.166667,0.2289955,0.6940753,0.007274,0.018811
True,4.170833,0.2290263,0.6941543,0.007389,0.018954
True,4.175000,0.2290571,0.6942335,0.007381,0.019012
True,4.179167,0.2290883,0.6943133,0.007503,0.019155
True,4.183333,0.2291196,0.6943933,0.007496,0.019197
True,4.187500,0.2291513,0.6944738,0.007610,0.019312
True,4.191667,0.2291830,0.6945543,0.007603,0.019312
True,4.195833,0.2292151,0.6946353,0.007710,0.019441
True,4.200000,0.2292472,0.6947162,0.007703,0.019426
True,4.204167,0.2292797,0.6947978,0.007811,0.019569
True,4.208333,0.2293122,0.6948792,0.007796,0.019555
True,4.212500,0.2293451,0.6949612,0.007904,0.019684
True,4.216667,0.2293780,0.6950432,0.007889,0.019670
True,4.220833,0.2294113,0.6951256,0.007989,0.019770
True,4.225000,0.2294446,0.6952078,0.007982,0.019741
True,4.229167,0.2294782,0.6952904,0.008068,0.019813
True,4.233333,0.2295118,0.6953729,0.008061,0.019813
True,4.237500,0.2295457,0.6954557,0.008147,0.019856
True,4.241667,0.2295796,0.6955384,0.008140,0.019856
True,4.245833,0.2296139,0.6956214,0.008218,0.019913
True,4.250000,0.2296481,0.6957042,0.008218,0.019884
True,4.254167,0.2296826,0.6957874,0.008283,0.019956
True,4.258333,0.2297171,0.6958703,0.008276,0.019898
True,4.262500,0.2297519,0.6959534,0.008347,0.019941
True,4.266667,0.2297866,0.6960363,0.008340,0.019898
True,4.270833,0.2298216,0.6961192,0.008397,0.019898
True,4.275000,0.2298566,0.6962021,0.008404,0.019898
True,4.279167,0.2298918,0.6962850,0.008447,0.019898
True,4.283333,0.2299270,0.6963677,0.008447,0.019856
True,4.287500,0.2299624,0.6964505,0.008497,0.019870
True,4.291667,0.2299978,0.6965331,0.008490,0.019827
True,4.295833,0.2300334,0.6966156,0.008533,0.019784
True,4.300000,0.2300689,0.6966978,0.008533,0.019727
True,4.304167,0.2301046,0.6967799,0.008569,0.019712
True,4.308333,0.2301403,0.6968619,0.008569,0.019670
True,4.312500,0.2301762,0.6969437,0.008597,0.019641
True,4.316667,0.2302120,0.6970253,0.008597,0.019584
True,4.320833,0.2302479,0.6971067,0.008619,0.019541
True,4.325000,0.2302838,0.6971879,0.008612,0.019484
True,4.329167,0.2303198,0.6972687,0.008640,0.019398
True,4.333333,0.2303557,0.6973493,0.008633,0.019326
True,4.337500,0.2303918,0.6974295,0.008647,0.019269
True,4.341667,0.2304278,0.6975096,0.008647,0.019212
True,4.345833,0.2304639,0.6975894,0.008655,0.019155
True,4.350000,0.2304999,0.6976689,0.008655,0.019083
True,4.354167,0.2305360,0.6977480,0.008655,0.018983
True,4.358333,0.2305720,0.6978268,0.008647,0.018911
True,4.362500,0.2306081,0.6979052,0.008655,0.018826
True,4.366667,0.2306441,0.6979832,0.008640,0.018711
True,4.370833,0.2306800,0.6980608,0.008633,0.018625
True,4.375000,0.2307160,0.6981381,0.008640,0.018554
True,4.379167,0.2307520,0.6982150,0.008619,0.018454
True,4.383333,0.2307879,0.6982915,0.008619,0.018368
True,4.387500,0.2308237,0.6983675,0.008605,0.018225
True,4.391667,0.2308595,0.6984432,0.008590,0.018168
True,4.395833,0.2308952,0.6985183,0.008562,0.018024
True,4.400000,0.2309309,0.6985929,0.008569,0.017910
True,4.404167,0.2309665,0.6986670,0.008540,0.017796
True,4.408333,0.2310020,0.6987408,0.008526,0.017710
True,4.412500,0.2310374,0.6988140,0.008497,0.017567
True,4.416667,0.2310728,0.6988869,0.008490,0.017495
True,4.420833,0.2311080,0.6989591,0.008454,0.017323
True,4.425000,0.2311432,0.6990309,0.008454,0.017238
True,4.429167,0.2311782,0.6991020,0.008397,0.017066
True,4.433333,0.2312132,0.6991727,0.008397,0.016966
True,4.437500,0.2312480,0.6992428,0.008347,0.016809
True,4.441667,0.2312827,0.6993123,0.008333,0.016694
True,4.445833,0.2313172,0.6993814,0.008283,0.016565
True,4.450000,0.2313518,0.6994499,0.008290,0.016451
True,4.454167,0.2313860,0.6995177,0.008218,0.016279
True,4.458333,0.2314202,0.6995851,0.008211,0.016165
True,4.462500,0.2314541,0.6996517,0.008140,0.015993
True,4.466667,0.2314880,0.6997179,0.008140,0.015879
True,4.470833,0.2315216,0.6997832,0.008061,0.015678
True,4.475000,0.2315553,0.6998482,0.008068,0.015593
True,4.479167,0.2315885,0.6999124,0.007989,0.015421
True,4.483333,0.2316218,0.6999761,0.007982,0.015292
True,4.487500,0.2316547,0.7000391,0.007896,0.015121
True,4.491667,0.2316876,0.7001016,0.007896,0.014992
True,4.495833,0.2317201,0.7001632,0.007803,0.014791
True,4.500000,0.2317527,0.7002245,0.007811,0.014706
True,4.504167,0.2317847,0.7002848,0.007696,0.014462
True,4.508333,0.2318169,0.7003447,0.007718,0.014391
True,4.512500,0.2318486,0.7004038,0.007603,0.014176
True,4.516667,0.2318802,0.7004625,0.007603,0.014076
True,4.520833,0.2319115,0.7005202,0.007503,0.013862
True,4.525000,0.2319427,0.7005775,0.007496,0.013747
True,4.529167,0.2319735,0.7006339,0.007389,0.013547
True,4.533333,0.2320043,0.7006899,0.007389,0.013418
True,4.537500,0.2320346,0.7007449,0.007274,0.013204
True,4.541667,0.2320649,0.7007995,0.007274,0.013118
True,4.545833,0.2320947,0.7008533,0.007153,0.012903
True,4.550000,0.2321246,0.7009066,0.007160,0.012789
True,4.554167,0.2321539,0.7009589,0.007031,0.012560
True,4.558333,0.2321831,0.7010109,0.007024,0.012474
True,4.562500,0.2322119,0.7010618,0.006902,0.012217
True,4.566667,0.2322407,0.7011124,0.006909,0.012145
True,4.570833,0.2322689,0.7011619,0.006766,0.011888
True,4.575000,0.2322971,0.7012111,0.006766,0.011802
True,4.579167,0.2323247,0.7012593,0.006638,0.011559
True,4.583333,0.2323524,0.7013071,0.006638,0.011487
True,4.587500,0.2323794,0.7013538,0.006495,0.011215
True,4.591667,0.2324066,0.7014003,0.006509,0.011158
True,4.595833,0.2324330,0.7014458,0.006351,0.010915
True,4.600000,0.2324595,0.7014908,0.006351,0.010786
True,4.604167,0.2324854,0.7015349,0.006216,0.010586
True,4.608333,0.2325113,0.7015785,0.006208,0.010471
True,4.612500,0.2325365,0.7016212,0.006058,0.010257
True,4.616667,0.2325617,0.7016635,0.006058,0.010142
True,4.620833,0.2325864,0.7017048,0.005915,0.009913
True,4.625000,0.2326110,0.7017457,0.005908,0.009828
True,4.629167,0.2326350,0.7017857,0.005751,0.009599
True,4.633333,0.2326590,0.7018253,0.005758,0.009484
True,4.637500,0.2326823,0.7018638,0.005600,0.009255
True,4.641667,0.2327056,0.7019020,0.005600,0.009155
True,4.645833,0.2327283,0.7019392,0.005436,0.008941
True,4.650000,0.2327510,0.7019761,0.005443,0.008841
True,4.654167,0.2327729,0.7020120,0.005271,0.008626
True,4.658333,0.2327949,0.7020474,0.005286,0.008497
True,4.662500,0.2328162,0.7020820,0.005114,0.008311
True,4.666667,0.2328376,0.7021161,0.005114,0.008183
True,4.670833,0.2328582,0.7021493,0.004950,0.007968
True,4.675000,0.2328788,0.7021821,0.004950,0.007868
True,4.679167,0.2328987,0.7022139,0.004785,0.007639
True,4.683333,0.2329187,0.7022455,0.004792,0.007582
True,4.687500,0.2329379,0.7022760,0.004613,0.007310
True,4.691667,0.2329572,0.7023063,0.004621,0.007267
True,4.695833,0.2329757,0.7023356,0.004449,0.007038
True,4.700000,0.2329942,0.7023645,0.004442,0.006938
True,4.704167,0.2330121,0.7023925,0.004277,0.006709
True,4.708333,0.2330299,0.7024201,0.004277,0.006638
True,4.712500,0.2330470,0.7024469,0.004113,0.006423
True,4.716667,0.2330641,0.7024733,0.004106,0.006351
True,4.720833,0.2330805,0.7024988,0.003941,0.006108
True,4.725000,0.2330969,0.7025240,0.003934,0.006051
True,4.729167,0.2331126,0.7025482,0.003769,0.005808
True,4.733333,0.2331283,0.7025722,0.003762,0.005751
True,4.737500,0.2331433,0.7025952,0.003598,0.005536
True,4.741667,0.2331583,0.7026180,0.003598,0.005465
True,4.745833,0.2331726,0.7026398,0.003426,0.005236
True,4.750000,0.2331868,0.7026614,0.003426,0.005178
True,4.754167,0.2332004,0.7026820,0.003254,0.004950
True,4.758333,0.2332140,0.7027024,0.003254,0.004892
True,4.762500,0.2332268,0.7027220,0.003083,0.004692
True,4.766667,0.2332397,0.7027412,0.003090,0.004621
True,4.770833,0.2332519,0.7027596,0.002925,0.004406
True,4.775000,0.2332640,0.7027777,0.002911,0.004363
True,4.779167,0.2332755,0.7027950,0.002754,0.004148
True,4.783333,0.2332870,0.7028120,0.002761,0.004077
True,4.787500,0.2332977,0.7028282,0.002582,0.003891
True,4.791667,0.2333085,0.7028442,0.002589,0.003834
True,4.795833,0.2333186,0.7028593,0.002425,0.003619
True,4.800000,0.2333287,0.7028742,0.002425,0.003576
True,4.804167,0.2333382,0.7028883,0.002267,0.003376
True,4.808333,0.2333477,0.7029021,0.002275,0.003319
True,4.812500,0.2333564,0.7029151,0.002110,0.003133
True,4.816667,0.2333652,0.7029281,0.002110,0.003104
True,4.820833,0.2333733,0.7029400,0.001945,0.002875
True,4.825000,0.2333815,0.7029519,0.001960,0.002847
True,4.829167,0.2333890,0.7029630,0.001810,0.002661
True,4.833333,0.2333965,0.7029740,0.001795,0.002646
True,4.837500,0.2334034,0.7029842,0.001659,0.002432
True,4.841667,0.2334104,0.7029942,0.001659,0.002403
True,4.845833,0.2334166,0.7030034,0.001509,0.002217
True,4.850000,0.2334230,0.7030125,0.001516,0.002189
True,4.854167,0.2334287,0.7030209,0.001366,0.002017
True,4.858333,0.2334344,0.7030292,0.001380,0.001974
True,4.862500,0.2334396,0.7030368,0.001237,0.001831
True,4.866667,0.2334447,0.7030442,0.001237,0.001774
True,4.870833,0.2334493,0.7030509,0.001109,0.001616
True,4.875000,0.2334540,0.7030576,0.001116,0.001616
True,4.879167,0.2334581,0.7030636,0.000980,0.001431
True,4.883333,0.2334622,0.7030694,0.000987,0.001402
True,4.887500,0.2334658,0.7030747,0.000865,0.001259
True,4.891667,0.2334694,0.7030799,0.000865,0.001245
True,4.895833,0.2334725,0.7030845,0.000751,0.001101
True,4.900000,0.2334757,0.7030889,0.000751,0.001059
True,4.904167,0.2334784,0.7030929,0.000651,0.000958
True,4.908333,0.2334810,0.7030967,0.000644,0.000930
True,4.912500,0.2334833,0.7031000,0.000551,0.000787
True,4.916667,0.2334856,0.7031033,0.000544,0.000787
True,4.920833,0.2334875,0.7031060,0.000451,0.000658
True,4.925000,0.2334894,0.7031087,0.000451,0.000644
True,4.929167,0.2334909,0.7031110,0.000372,0.000544
True,4.933333,0.2334924,0.7031132,0.000365,0.000529
True,4.937500,0.2334937,0.7031150,0.000293,0.000429
True,4.941667,0.2334948,0.7031167,0.000286,0.000415
True,4.945833,0.2334958,0.7031181,0.000222,0.000329
True,4.950000,0.2334967,0.7031193,0.000222,0.000286
True,4.954167,0.2334974,0.7031203,0.000165,0.000243
True,4.958333,0.2334981,0.7031212,0.000165,0.000215
True,4.962500,0.2334985,0.7031220,0.000100,0.000186
True,4.966667,0.2334989,0.7031226,0.000107,0.000143
True,4.970833,0.2334992,0.7031230,0.000072,0.000114
True,4.975000,0.2334995,0.7031233,0.000064,0.000072
True,4.979167,0.2334996,0.7031236,0.000036,0.000057
True,4.983333,0.2334998,0.7031237,0.000036,0.000043
True,4.987500,0.2334999,0.7031238,0.000014,0.000014
True,4.991667,0.2334999,0.7031239,0.000014,0.000014
True,4.995833,0.2334999,0.7031239,0.000000,0.000000
True,5.000000,0.2334999,0.7031239,0.000000,0.000014
