phase,time,clip,breath_phase,pelvis_y,chest_y,head_y
0,0.000000,26,0.00104167,0.1720000,0.1997839,0.2962973
0,0.004167,26,0.00208333,0.1720000,0.1997842,0.2962966
0,0.008333,26,0.00312500,0.1720000,0.1997853,0.2962966
0,0.012500,26,0.00416667,0.1720000,0.1997862,0.2962968
0,0.016667,26,0.00520833,0.1720000,0.1997879,0.2962973
0,0.020833,26,0.00625000,0.1720000,0.1997896,0.2962976
0,0.025000,26,0.00729167,0.1720000,0.1997920,0.2962982
0,0.029167,26,0.00833333,0.1720001,0.1997943,0.2962981
0,0.033333,26,0.00937500,0.1720001,0.1997974,0.2962984
0,0.037500,26,0.01041667,0.1720002,0.1998005,0.2962982
0,0.041667,26,0.01145833,0.1720002,0.1998042,0.2962984
0,0.045833,26,0.01250000,0.1720001,0.1998080,0.2962983
0,0.050000,26,0.01354167,0.1720000,0.1998121,0.2962983
0,0.054167,26,0.01458333,0.1719997,0.1998163,0.2962978
0,0.058333,26,0.01562500,0.1719992,0.1998208,0.2962974
0,0.062500,26,0.01666667,0.1719984,0.1998251,0.2962964
0,0.066667,26,0.01770833,0.1719972,0.1998297,0.2962954
0,0.070833,26,0.01875000,0.1719958,0.1998340,0.2962938
0,0.075000,26,0.01979167,0.1719935,0.1998384,0.2962917
0,0.079167,26,0.02083333,0.1719908,0.1998422,0.2962889
0,0.083333,26,0.02187500,0.1719871,0.1998457,0.2962853
0,0.087500,26,0.02291667,0.1719828,0.1998486,0.2962808
0,0.091667,26,0.02395833,0.1719771,0.1998509,0.2962753
0,0.095833,26,0.02500000,0.1719707,0.1998523,0.2962686
0,0.100000,26,0.02604167,0.1719626,0.1998530,0.2962607
0,0.104167,26,0.02708333,0.1719535,0.1998526,0.2962515
0,0.108333,26,0.02812500,0.1719424,0.1998510,0.2962406
0,0.112500,26,0.02916667,0.1719302,0.1998482,0.2962282
0,0.116667,26,0.03020833,0.1719159,0.1998440,0.2962140
0,0.120833,26,0.03125000,0.1719003,0.1998385,0.2961982
0,0.125000,26,0.03229167,0.1718823,0.1998315,0.2961805
0,0.129167,26,0.03333334,0.1718631,0.1998232,0.2961611
0,0.133333,26,0.03437500,0.1718415,0.1998132,0.2961396
0,0.137500,26,0.03541667,0.1718185,0.1998018,0.2961164
0,0.141667,26,0.03645834,0.1717934,0.1997891,0.2960915
0,0.145833,26,0.03750000,0.1717670,0.1997751,0.2960650
0,0.150000,26,0.03854167,0.1717387,0.1997600,0.2960369
0,0.154167,26,0.03958334,0.1717092,0.1997437,0.2960072
0,0.158333,26,0.04062500,0.1716783,0.1997267,0.2959765
0,0.162500,26,0.04166667,0.1716464,0.1997088,0.2959445
0,0.166667,26,0.04270834,0.1716138,0.1996907,0.2959120
0,0.170833,26,0.04375000,0.1715804,0.1996721,0.2958785
0,0.175000,26,0.04479167,0.1715470,0.1996540,0.2958453
0,0.179167,26,0.04583334,0.1715132,0.1996357,0.2958113
0,0.183333,26,0.04687500,0.1714801,0.1996189,0.2957785
0,0.187500,26,0.04791667,0.1714471,0.1996021,0.2957452
0,0.191667,26,0.04895834,0.1714156,0.1995876,0.2957139
0,0.195833,26,0.05000000,0.1713845,0.1995734,0.2956828
0,0.200000,26,0.05104167,0.1713558,0.1995624,0.2956542
0,0.204167,26,0.05208334,0.1713277,0.1995521,0.2956260
0,0.208333,26,0.05312500,0.1713029,0.1995458,0.2956015
0,0.212500,26,0.05416667,0.1712789,0.1995403,0.2955773
0,0.216667,26,0.05520834,0.1712588,0.1995397,0.2955576
0,0.220833,26,0.05625000,0.1712395,0.1995398,0.2955383
0,0.225000,26,0.05729167,0.1712248,0.1995451,0.2955239
0,0.229167,26,0.05833334,0.1712108,0.1995512,0.2955098
0,0.233333,26,0.05937500,0.1712016,0.1995631,0.2955011
0,0.237500,26,0.06041667,0.1711930,0.1995753,0.2954924
0,0.241667,26,0.06145834,0.1711893,0.1995933,0.2954890
0,0.245833,26,0.06250000,0.1711857,0.1996114,0.2954855
0,0.250000,26,0.06354167,0.1711869,0.1996351,0.2954871
0,0.254167,26,0.06458334,0.1711881,0.1996588,0.2954884
0,0.258333,26,0.06562500,0.1711942,0.1996882,0.2954951
0,0.262500,26,0.06666667,0.1712002,0.1997176,0.2955013
0,0.266667,26,0.06770834,0.1712111,0.1997525,0.2955128
0,0.270833,26,0.06875000,0.1712219,0.1997874,0.2955239
0,0.275000,26,0.06979167,0.1712374,0.1998278,0.2955399
0,0.279167,26,0.07083334,0.1712528,0.1998682,0.2955558
0,0.283333,26,0.07187500,0.1712727,0.1999138,0.2955765
0,0.287500,26,0.07291667,0.1712925,0.1999594,0.2955969
0,0.291667,26,0.07395834,0.1713163,0.2000097,0.2956216
0,0.295833,26,0.07500000,0.1713400,0.2000601,0.2956461
0,0.300000,26,0.07604167,0.1713671,0.2001145,0.2956742
0,0.304167,26,0.07708334,0.1713942,0.2001691,0.2957022
0,0.308333,26,0.07812500,0.1714240,0.2002272,0.2957334
0,0.312500,26,0.07916667,0.1714538,0.2002852,0.2957642
0,0.316667,26,0.08020834,0.1714855,0.2003459,0.2957974
0,0.320833,26,0.08125000,0.1715171,0.2004067,0.2958304
0,0.325000,26,0.08229167,0.1715498,0.2004693,0.2958650
0,0.329167,26,0.08333334,0.1715824,0.2005320,0.2958992
0,0.333333,26,0.08437500,0.1716151,0.2005955,0.2959342
0,0.337500,26,0.08541667,0.1716478,0.2006590,0.2959688
0,0.341667,26,0.08645834,0.1716796,0.2007225,0.2960031
0,0.345833,26,0.08750000,0.1717114,0.2007860,0.2960372
0,0.350000,26,0.08854167,0.1717413,0.2008485,0.2960700
0,0.354167,26,0.08958334,0.1717712,0.2009111,0.2961029
0,0.358333,26,0.09062500,0.1717983,0.2009717,0.2961336
0,0.362500,26,0.09166667,0.1718254,0.2010324,0.2961642
0,0.366667,26,0.09270834,0.1718489,0.2010902,0.2961918
0,0.370833,26,0.09375000,0.1718723,0.2011481,0.2962193
0,0.375000,26,0.09479167,0.1718913,0.2012025,0.2962430
0,0.379167,26,0.09583334,0.1719103,0.2012569,0.2962666
0,0.383333,26,0.09687501,0.1719243,0.2013071,0.2962859
0,0.387500,26,0.09791667,0.1719383,0.2013575,0.2963054
0,0.391667,26,0.09895834,0.1719469,0.2014034,0.2963204
0,0.395833,26,0.10000001,0.1719554,0.2014495,0.2963356
0,0.400000,26,0.10104167,0.1719583,0.2014907,0.2963458
0,0.404167,26,0.10208334,0.1719612,0.2015320,0.2963562
0,0.408333,26,0.10312501,0.1719584,0.2015685,0.2963616
0,0.412500,26,0.10416667,0.1719557,0.2016051,0.2963671
0,0.416667,26,0.10520834,0.1719475,0.2016373,0.2963684
0,0.420833,26,0.10625001,0.1719394,0.2016697,0.2963700
0,0.425000,26,0.10729167,0.1719263,0.2016981,0.2963678
0,0.429167,26,0.10833334,0.1719133,0.2017267,0.2963663
0,0.433333,26,0.10937501,0.1718961,0.2017522,0.2963616
0,0.437500,26,0.11041667,0.1718789,0.2017777,0.2963570
0,0.441667,26,0.11145834,0.1718586,0.2018011,0.2963506
0,0.445833,26,0.11250001,0.1718383,0.2018245,0.2963442
0,0.450000,26,0.11354167,0.1718161,0.2018472,0.2963375
0,0.454167,26,0.11458334,0.1717938,0.2018701,0.2963314
0,0.458333,26,0.11562501,0.1717711,0.2018936,0.2963264
0,0.462500,26,0.11666667,0.1717484,0.2019174,0.2963226
0,0.466667,26,0.11770834,0.1717269,0.2019433,0.2963212
0,0.470833,26,0.11875001,0.1717053,0.2019694,0.2963203
0,0.475000,26,0.11979167,0.1716866,0.2019994,0.2963236
0,0.479167,26,0.12083334,0.1716679,0.2020296,0.2963277
0,0.483333,26,0.12187501,0.1716538,0.2020656,0.2963381
0,0.487500,26,0.12291667,0.1716398,0.2021019,0.2963498
0,0.491667,26,0.12395834,0.1716323,0.2021460,0.2963701
0,0.495833,26,0.12500001,0.1716247,0.2021904,0.2963919
0,0.500000,26,0.12604167,0.1716255,0.2022443,0.2964239
0,0.504167,26,0.12708334,0.1716263,0.2022984,0.2964565
0,0.508333,26,0.12812501,0.1716372,0.2023638,0.2965013
0,0.512500,26,0.12916667,0.1716480,0.2024295,0.2965472
0,0.516667,26,0.13020834,0.1716706,0.2025081,0.2966069
0,0.520833,26,0.13125001,0.1716931,0.2025872,0.2966686
0,0.525000,26,0.13229167,0.1717289,0.2026807,0.2967460
0,0.529167,26,0.13333334,0.1717646,0.2027748,0.2968254
0,0.533333,26,0.13437501,0.1718147,0.2028845,0.2969218
0,0.537500,26,0.13541667,0.1718648,0.2029946,0.2970194
0,0.541667,26,0.13645834,0.1719303,0.2031214,0.2971349
0,0.545833,26,0.13750001,0.1719958,0.2032487,0.2972523
0,0.550000,26,0.13854167,0.1720775,0.2033934,0.2973883
0,0.554167,26,0.13958334,0.1721592,0.2035388,0.2975271
0,0.558333,26,0.14062501,0.1722575,0.2037023,0.2976858
0,0.562500,26,0.14166667,0.1723559,0.2038665,0.2978474
0,0.566667,26,0.14270834,0.1724710,0.2040490,0.2980288
0,0.570833,26,0.14375001,0.1725863,0.2042320,0.2982122
0,0.575000,26,0.14479167,0.1727182,0.2044331,0.2984154
0,0.579167,26,0.14583334,0.1728502,0.2046349,0.2986209
0,0.583333,26,0.14687501,0.1729988,0.2048548,0.2988468
0,0.587500,26,0.14791667,0.1731474,0.2050755,0.2990757
0,0.591667,26,0.14895834,0.1733121,0.2053139,0.2993247
0,0.595833,26,0.15000001,0.1734768,0.2055532,0.2995777
0,0.600000,26,0.15104167,0.1736570,0.2058097,0.2998497
0,0.604167,26,0.15208334,0.1738372,0.2060669,0.3001245
0,0.608333,26,0.15312501,0.1740323,0.2063403,0.3004176
0,0.612500,26,0.15416667,0.1742274,0.2066147,0.3007141
0,0.616667,26,0.15520834,0.1744367,0.2069048,0.3010291
0,0.620833,26,0.15625001,0.1746460,0.2071960,0.3013479
0,0.625000,26,0.15729167,0.1748688,0.2075025,0.3016852
0,0.629167,26,0.15833334,0.1750917,0.2078102,0.3020270
0,0.633333,26,0.15937501,0.1753275,0.2081324,0.3023863
0,0.637500,26,0.16041668,0.1755632,0.2084557,0.3027490
0,0.641667,26,0.16145834,0.1758116,0.2087930,0.3031285
0,0.645833,26,0.16250001,0.1760599,0.2091315,0.3035122
0,0.650000,26,0.16354168,0.1763206,0.2094840,0.3039131
0,0.654167,26,0.16458334,0.1765814,0.2098379,0.3043188
0,0.658333,26,0.16562501,0.1768545,0.2102059,0.3047426
0,0.662500,26,0.16666668,0.1771276,0.2105755,0.3051717
0,0.666667,26,0.16770834,0.1774135,0.2109594,0.3056189
0,0.670833,26,0.16875001,0.1776994,0.2113447,0.3060703
0,0.675000,26,0.16979168,0.1779985,0.2117448,0.3065397
0,0.679167,26,0.17083334,0.1782977,0.2121463,0.3070143
0,0.683333,26,0.17187501,0.1786110,0.2125638,0.3075086
0,0.687500,26,0.17291668,0.1789243,0.2129828,0.3080083
0,0.691667,26,0.17395834,0.1792529,0.2134191,0.3085295
0,0.695833,26,0.17500001,0.1795815,0.2138569,0.3090570
0,0.700000,26,0.17604168,0.1799267,0.2143133,0.3096069
0,0.704167,26,0.17708334,0.1802719,0.2147710,0.3101617
0,0.708333,26,0.17812501,0.1806351,0.2152485,0.3107403
0,0.712500,26,0.17916668,0.1809983,0.2157273,0.3113239
0,0.716667,26,0.18020834,0.1813811,0.2162278,0.3119337
0,0.720833,26,0.18125001,0.1817639,0.2167299,0.3125495
0,0.725000,26,0.18229168,0.1821678,0.2172551,0.3131931
0,0.729167,26,0.18333334,0.1825717,0.2177822,0.3138435
0,0.733333,26,0.18437501,0.1829982,0.2183339,0.3145231
0,0.737500,26,0.18541668,0.1834247,0.2188870,0.3152080
0,0.741667,26,0.18645834,0.1838750,0.2194658,0.3159227
0,0.745833,26,0.18750001,0.1843253,0.2200462,0.3166434
0,0.750000,26,0.18854168,0.1848004,0.2206533,0.3173957
0,0.754167,26,0.18958334,0.1852756,0.2212622,0.3181542
0,0.758333,26,0.19062501,0.1857761,0.2218985,0.3189453
0,0.762500,26,0.19166668,0.1862768,0.2225368,0.3197437
0,0.766667,26,0.19270834,0.1868030,0.2232028,0.3205742
0,0.770833,26,0.19375001,0.1873293,0.2238702,0.3214105
0,0.775000,26,0.19479168,0.1878809,0.2245649,0.3222786
0,0.779167,26,0.19583334,0.1884325,0.2252611,0.3231527
0,0.783333,26,0.19687501,0.1890087,0.2259839,0.3240581
0,0.787500,26,0.19791668,0.1895849,0.2267085,0.3249702
0,0.791667,26,0.19895834,0.1901842,0.2274581,0.3259124
0,0.795833,26,0.20000001,0.1907836,0.2282097,0.3268616
0,0.800000,26,0.20104168,0.1914042,0.2289843,0.3278388
0,0.804167,26,0.20208334,0.1920248,0.2297605,0.3288218
0,0.808333,26,0.20312501,0.1926642,0.2305572,0.3298298
0,0.812500,26,0.20416668,0.1933037,0.2313555,0.3308441
0,0.816667,26,0.20520834,0.1939591,0.2321717,0.3318806
0,0.820833,26,0.20625001,0.1946146,0.2329895,0.3329236
0,0.825000,26,0.20729168,0.1952828,0.2338217,0.3339858
0,0.829167,26,0.20833334,0.1959510,0.2346557,0.3350546
0,0.833333,26,0.20937501,0.1966283,0.2355006,0.3361390
0,0.837500,26,0.21041668,0.1973058,0.2363469,0.3372289
0,0.841667,26,0.21145834,0.1979889,0.2372004,0.3383304
0,0.845833,26,0.21250001,0.1986719,0.2380553,0.3394374
0,0.850000,26,0.21354168,0.1993570,0.2389137,0.3405522
0,0.854167,26,0.21458334,0.2000421,0.2397735,0.3416725
0,0.858333,26,0.21562501,0.2007257,0.2406332,0.3427972
0,0.862500,26,0.21666668,0.2014093,0.2414943,0.3439276
0,0.866667,26,0.21770834,0.2020881,0.2423521,0.3450586
0,0.870833,26,0.21875001,0.2027670,0.2432110,0.3461946
0,0.875000,26,0.21979168,0.2034384,0.2440637,0.3473282
0,0.879167,26,0.22083334,0.2041098,0.2449175,0.3484666
0,0.883333,26,0.22187501,0.2047715,0.2457626,0.3495998
0,0.887500,26,0.22291668,0.2054332,0.2466087,0.3507376
0,0.891667,26,0.22395835,0.2060834,0.2474445,0.3518684
0,0.895833,26,0.22500001,0.2067338,0.2482812,0.3530037
0,0.900000,26,0.22604168,0.2073718,0.2491064,0.3541310
0,0.904167,26,0.22708335,0.2080098,0.2499325,0.3552621
0,0.908333,26,0.22812501,0.2086353,0.2507468,0.3563847
0,0.912500,26,0.22916668,0.2092609,0.2515619,0.3575107
0,0.916667,26,0.23020835,0.2098745,0.2523654,0.3586280
0,0.920833,26,0.23125001,0.2104881,0.2531696,0.3597485
0,0.925000,26,0.23229168,0.2110910,0.2539635,0.3608611
0,0.929167,26,0.23333335,0.2116938,0.2547576,0.3619764
0,0.933333,26,0.23437501,0.2122879,0.2555432,0.3630857
0,0.937500,26,0.23541668,0.2128820,0.2563292,0.3641973
0,0.941667,26,0.23645835,0.2134696,0.2571088,0.3653048
0,0.945833,26,0.23750001,0.2140573,0.2578885,0.3664142
0,0.950000,26,0.23854168,0.2146412,0.2586645,0.3675216
0,0.954167,26,0.23958335,0.2152251,0.2594402,0.3686302
0,0.958333,26,0.24062501,0.2158082,0.2602149,0.3697391
0,0.962500,26,0.24166668,0.2163914,0.2609893,0.3708487
0,0.966667,26,0.24270835,0.2169766,0.2617654,0.3719613
0,0.970833,26,0.24375001,0.2175618,0.2625411,0.3730750
0,0.975000,26,0.24479168,0.2181519,0.2633212,0.3741937
0,0.979167,26,0.24583335,0.2187419,0.2641007,0.3753129
0,0.983333,26,0.24687501,0.2193390,0.2648863,0.3764386
0,0.987500,26,0.24791668,0.2199361,0.2656713,0.3775638
0,0.991667,26,0.24895835,0.2205419,0.2664637,0.3786966
0,0.995833,26,0.25000001,0.2211477,0.2672551,0.3798279
0,1.000000,26,0.25104168,0.2217630,0.2680549,0.3809680
0,1.004167,26,0.25208335,0.2223783,0.2688538,0.3821073
0,1.008333,26,0.25312501,0.2230030,0.2696607,0.3832546
0,1.012500,26,0.25416668,0.2236277,0.2704663,0.3844001
0,1.016667,26,0.25520835,0.2242604,0.2712784,0.3855515
0,1.020833,26,0.25625001,0.2248932,0.2720890,0.3867005
0,1.025000,26,0.25729168,0.2255318,0.2729035,0.3878520
0,1.029167,26,0.25833335,0.2261703,0.2737162,0.3890005
0,1.033333,26,0.25937501,0.2268110,0.2745291,0.3901482
0,1.037500,26,0.26041668,0.2274517,0.2753405,0.3912933
0,1.041667,26,0.26145835,0.2280899,0.2761472,0.3924329
0,1.045833,26,0.26250001,0.2287281,0.2769520,0.3935690
0,1.050000,26,0.26354168,0.2293581,0.2777463,0.3946929
0,1.054167,26,0.26458335,0.2299881,0.2785383,0.3958126
0,1.058333,26,0.26562501,0.2306033,0.2793130,0.3969126
0,1.062500,26,0.26666668,0.2312185,0.2800852,0.3980079
0,1.066667,26,0.26770835,0.2318116,0.2808326,0.3990762
0,1.070833,26,0.26875001,0.2324047,0.2815778,0.4001406
0,1.075000,26,0.26979168,0.2329681,0.2822906,0.4011707
0,1.079167,26,0.27083335,0.2335315,0.2830009,0.4021961
0,1.083333,26,0.27187501,0.2340574,0.2836706,0.4031782
0,1.087500,26,0.27291668,0.2345833,0.2843376,0.4041548
0,1.091667,26,0.27395835,0.2350640,0.2849561,0.4050799
0,1.095833,26,0.27500001,0.2355448,0.2855716,0.4059989
0,1.100000,26,0.27604168,0.2359734,0.2861319,0.4068596
0,1.104167,26,0.27708335,0.2364020,0.2866893,0.4077152
0,1.108333,26,0.27812501,0.2367723,0.2871852,0.4085068
0,1.112500,26,0.27916668,0.2371425,0.2876781,0.4092923
0,1.116667,26,0.28020835,0.2374495,0.2881042,0.4100083
0,1.120833,26,0.28125001,0.2377565,0.2885270,0.4107174
0,1.125000,26,0.28229168,0.2379967,0.2888795,0.4113527
0,1.129167,26,0.28333335,0.2382368,0.2892286,0.4119808
0,1.133333,26,0.28437501,0.2384084,0.2895054,0.4125335
0,1.137500,26,0.28541668,0.2385800,0.2897792,0.4130803
0,1.141667,26,0.28645835,0.2386833,0.2899809,0.4135525
0,1.145833,26,0.28750001,0.2387865,0.2901793,0.4140181
0,1.150000,26,0.28854168,0.2388235,0.2903078,0.4144103
0,1.154167,26,0.28958335,0.2388605,0.2904329,0.4147956
0,1.158333,26,0.29062502,0.2388357,0.2904922,0.4151112
0,1.162500,26,0.29166668,0.2388108,0.2905480,0.4154195
0,1.166667,26,0.29270835,0.2387305,0.2905445,0.4156651
0,1.170833,26,0.29375002,0.2386501,0.2905378,0.4159049
0,1.175000,26,0.29479168,0.2385226,0.2904801,0.4160907
0,1.179167,26,0.29583335,0.2383952,0.2904192,0.4162701
0,1.183333,26,0.29687502,0.2382307,0.2903173,0.4164052
0,1.187500,26,0.29791668,0.2380662,0.2902120,0.4165333
0,1.191667,26,0.29895835,0.2378764,0.2900775,0.4166286
0,1.195833,26,0.30000002,0.2376865,0.2899396,0.4167166
0,1.200000,26,0.30104168,0.2374841,0.2897853,0.4167848
0,1.204167,26,0.30208335,0.2372817,0.2896278,0.4168475
0,1.208333,26,0.30312502,0.2370805,0.2894678,0.4169049
0,1.212500,26,0.30416668,0.2368793,0.2893046,0.4169559
0,1.216667,26,0.30520835,0.2366931,0.2891527,0.4170153
0,1.220833,26,0.30625002,0.2365069,0.2889976,0.4170683
0,1.225000,26,0.30729168,0.2363498,0.2888680,0.4171435
0,1.229167,26,0.30833335,0.2361926,0.2887352,0.4172119
0,1.233333,26,0.30937502,0.2360780,0.2886413,0.4173164
0,1.237500,26,0.31041668,0.2359633,0.2885445,0.4174156
0,1.241667,26,0.31145835,0.2359035,0.2884991,0.4175639
0,1.245833,26,0.31250002,0.2358436,0.2884509,0.4177068
0,1.250000,26,0.31354168,0.2358496,0.2884652,0.4179095
0,1.254167,26,0.31458335,0.2358556,0.2884766,0.4181065
0,1.258333,26,0.31562502,0.2359368,0.2885599,0.4183728
0,1.262500,26,0.31666668,0.2360179,0.2886405,0.4186330
0,1.266667,26,0.31770835,0.2361811,0.2888002,0.4189698
0,1.270833,26,0.31875002,0.2363444,0.2889572,0.4193022
0,1.275000,26,0.31979168,0.2365946,0.2891984,0.4197168
0,1.279167,26,0.32083335,0.2368447,0.2894371,0.4201268
0,1.283333,26,0.32187502,0.2371841,0.2897621,0.4206208
0,1.287500,26,0.32291668,0.2375235,0.2900848,0.4211105
0,1.291667,26,0.32395835,0.2379516,0.2904936,0.4216835
0,1.295833,26,0.32500002,0.2383798,0.2909003,0.4222519
0,1.300000,26,0.32604168,0.2388938,0.2913903,0.4229017
0,1.304167,26,0.32708335,0.2394077,0.2918781,0.4235477
0,1.308333,26,0.32812502,0.2400021,0.2924441,0.4242705
0,1.312500,26,0.32916668,0.2405965,0.2930081,0.4249896
0,1.316667,26,0.33020835,0.2412635,0.2936426,0.4257776
0,1.320833,26,0.33125002,0.2419306,0.2942754,0.4265619
0,1.325000,26,0.33229168,0.2426605,0.2949689,0.4274048
0,1.329167,26,0.33333335,0.2433904,0.2956609,0.4282442
0,1.333333,26,0.33437502,0.2441716,0.2964023,0.4291315
0,1.337500,26,0.33541668,0.2449529,0.2971422,0.4300162
0,1.341667,26,0.33645835,0.2457729,0.2979192,0.4309367
0,1.345833,26,0.33750002,0.2465928,0.2986947,0.4318546
0,1.350000,26,0.33854168,0.2474377,0.2994938,0.4327944
0,1.354167,26,0.33958335,0.2482826,0.3002915,0.4337318
0,1.358333,26,0.34062502,0.2491384,0.3010987,0.4346767
0,1.362500,26,0.34166668,0.2499941,0.3019049,0.4356190
0,1.366667,26,0.34270835,0.2508467,0.3027065,0.4365556
0,1.370833,26,0.34375002,0.2516992,0.3035074,0.4374904
0,1.375000,26,0.34479168,0.2525349,0.3042901,0.4384062
0,1.379167,26,0.34583335,0.2533706,0.3050722,0.4393206
0,1.383333,26,0.34687502,0.2541768,0.3058237,0.4402030
0,1.387500,26,0.34791668,0.2549829,0.3065745,0.4410836
0,1.391667,26,0.34895835,0.2557479,0.3072834,0.4419209
0,1.395833,26,0.35000002,0.2565129,0.3079918,0.4427564
0,1.400000,26,0.35104168,0.2572267,0.3086483,0.4435387
0,1.404167,26,0.35208335,0.2579405,0.3093044,0.4443202
0,1.408333,26,0.35312502,0.2585950,0.3099006,0.4450406
0,1.412500,26,0.35416669,0.2592495,0.3104965,0.4457601
0,1.416667,26,0.35520835,0.2598383,0.3110263,0.4464126
0,1.420833,26,0.35625002,0.2604271,0.3115559,0.4470636
0,1.425000,26,0.35729169,0.2609459,0.3120152,0.4476435
0,1.429167,26,0.35833335,0.2614647,0.3124746,0.4482219
0,1.433333,26,0.35937502,0.2619114,0.3128614,0.4487270
0,1.437500,26,0.36041669,0.2623580,0.3132482,0.4492312
0,1.441667,26,0.36145835,0.2627322,0.3135626,0.4496622
0,1.445833,26,0.36250002,0.2631063,0.3138770,0.4500925
0,1.450000,26,0.36354169,0.2634096,0.3141205,0.4504511
0,1.454167,26,0.36458335,0.2637128,0.3143643,0.4508089
0,1.458333,26,0.36562502,0.2639483,0.3145403,0.4510978
0,1.462500,26,0.36666669,0.2641838,0.3147167,0.4513857
0,1.466667,26,0.36770835,0.2643562,0.3148300,0.4516099
0,1.470833,26,0.36875002,0.2645285,0.3149438,0.4518336
0,1.475000,26,0.36979169,0.2646435,0.3150004,0.4519995
0,1.479167,26,0.37083335,0.2647584,0.3150574,0.4521649
0,1.483333,26,0.37187502,0.2648224,0.3150639,0.4522788
0,1.487500,26,0.37291669,0.2648865,0.3150709,0.4523921
0,1.491667,26,0.37395835,0.2649067,0.3150344,0.4524609
0,1.495833,26,0.37500002,0.2649268,0.3149984,0.4525291
0,1.500000,26,0.37604169,0.2649104,0.3149263,0.4525599
0,1.504167,26,0.37708335,0.2648939,0.3148547,0.4525906
0,1.508333,26,0.37812502,0.2648480,0.3147542,0.4525915
0,1.512500,26,0.37916669,0.2648021,0.3146544,0.4525922
0,1.516667,26,0.38020835,0.2647335,0.3145325,0.4525696
0,1.520833,26,0.38125002,0.2646649,0.3144113,0.4525467
0,1.525000,26,0.38229169,0.2645798,0.3142741,0.4525067
0,1.529167,26,0.38333335,0.2644948,0.3141377,0.4524665
0,1.533333,26,0.38437502,0.2643988,0.3139909,0.4524145
0,1.537500,26,0.38541669,0.2643028,0.3138449,0.4523625
0,1.541667,26,0.38645835,0.2642004,0.3136933,0.4523038
0,1.545833,26,0.38750002,0.2640980,0.3135424,0.4522450
0,1.550000,26,0.38854169,0.2639928,0.3133895,0.4521830
0,1.554167,26,0.38958335,0.2638878,0.3132375,0.4521207
0,1.558333,26,0.39062502,0.2637826,0.3130861,0.4520577
0,1.562500,26,0.39166669,0.2636775,0.3129354,0.4519944
0,1.566667,26,0.39270835,0.2635740,0.3127872,0.4519324
0,1.570833,26,0.39375002,0.2634706,0.3126398,0.4518701
0,1.575000,26,0.39479169,0.2633696,0.3124957,0.4518101
0,1.579167,26,0.39583335,0.2632686,0.3123525,0.4517498
0,1.583333,26,0.39687502,0.2631703,0.3122126,0.4516918
0,1.587500,26,0.39791669,0.2630719,0.3120736,0.4516332
0,1.591667,26,0.39895835,0.2629756,0.3119373,0.4515763
0,1.595833,26,0.40000002,0.2628792,0.3118017,0.4515189
0,1.600000,26,0.40104169,0.2627838,0.3116679,0.4514621
0,1.604167,26,0.40208335,0.2626883,0.3115350,0.4514051
0,1.608333,26,0.40312502,0.2625924,0.3114024,0.4513471
0,1.612500,26,0.40416669,0.2624965,0.3112707,0.4512889
0,1.616667,26,0.40520835,0.2623986,0.3111378,0.4512284
0,1.620833,26,0.40625002,0.2623007,0.3110057,0.4511674
0,1.625000,26,0.40729169,0.2621993,0.3108707,0.4511023
0,1.629167,26,0.40833335,0.2620979,0.3107365,0.4510369
0,1.633333,26,0.40937502,0.2619916,0.3105981,0.4509661
0,1.637500,26,0.41041669,0.2618852,0.3104606,0.4508948
0,1.641667,26,0.41145835,0.2617729,0.3103179,0.4508173
0,1.645833,26,0.41250002,0.2616605,0.3101760,0.4507394
0,1.650000,26,0.41354169,0.2615414,0.3100282,0.4506544
0,1.654167,26,0.41458335,0.2614224,0.3098810,0.4505689
0,1.658333,26,0.41562502,0.2612962,0.3097275,0.4504759
0,1.662500,26,0.41666669,0.2611701,0.3095748,0.4503824
0,1.666667,26,0.41770836,0.2610372,0.3094158,0.4502816
0,1.670833,26,0.41875002,0.2609042,0.3092577,0.4501803
0,1.675000,26,0.41979169,0.2607651,0.3090941,0.4500726
0,1.679167,26,0.42083336,0.2606260,0.3089313,0.4499644
0,1.683333,26,0.42187502,0.2604818,0.3087641,0.4498507
0,1.687500,26,0.42291669,0.2603376,0.3085977,0.4497366
0,1.691667,26,0.42395836,0.2601899,0.3084282,0.4496183
0,1.695833,26,0.42500002,0.2600422,0.3082594,0.4494997
0,1.700000,26,0.42604169,0.2598928,0.3080895,0.4493789
0,1.704167,26,0.42708336,0.2597434,0.3079203,0.4492576
0,1.708333,26,0.42812502,0.2595943,0.3077522,0.4491362
0,1.712500,26,0.42916669,0.2594453,0.3075846,0.4490145
0,1.716667,26,0.43020836,0.2592987,0.3074203,0.4488946
0,1.720833,26,0.43125002,0.2591523,0.3072565,0.4487745
0,1.725000,26,0.43229169,0.2590105,0.3070981,0.4486586
0,1.729167,26,0.43333336,0.2588687,0.3069401,0.4485424
0,1.733333,26,0.43437502,0.2587338,0.3067895,0.4484323
0,1.737500,26,0.43541669,0.2585989,0.3066396,0.4483218
0,1.741667,26,0.43645836,0.2584727,0.3064990,0.4482197
0,1.745833,26,0.43750002,0.2583466,0.3063589,0.4481171
0,1.750000,26,0.43854169,0.2582308,0.3062297,0.4480243
0,1.754167,26,0.43958336,0.2581150,0.3061010,0.4479312
0,1.758333,26,0.44062502,0.2580108,0.3059844,0.4478492
0,1.762500,26,0.44166669,0.2579066,0.3058682,0.4477668
0,1.766667,26,0.44270836,0.2578150,0.3057650,0.4476964
0,1.770833,26,0.44375002,0.2577233,0.3056622,0.4476256
0,1.775000,26,0.44479169,0.2576445,0.3055730,0.4475672
0,1.779167,26,0.44583336,0.2575658,0.3054841,0.4475083
0,1.783333,26,0.44687502,0.2574999,0.3054086,0.4474620
0,1.787500,26,0.44791669,0.2574341,0.3053334,0.4474151
0,1.791667,26,0.44895836,0.2573806,0.3052711,0.4473802
0,1.795833,26,0.45000002,0.2573272,0.3052091,0.4473450
0,1.800000,26,0.45104169,0.2572854,0.3051591,0.4473211
0,1.804167,26,0.45208336,0.2572435,0.3051095,0.4472966
0,1.808333,26,0.45312502,0.2572121,0.3050707,0.4472820
0,1.812500,26,0.45416669,0.2571807,0.3050323,0.4472670
0,1.816667,26,0.45520836,0.2571582,0.3050030,0.4472606
0,1.820833,26,0.45625002,0.2571357,0.3049742,0.4472540
0,1.825000,26,0.45729169,0.2571204,0.3049529,0.4472540
0,1.829167,26,0.45833336,0.2571052,0.3049319,0.4472537
0,1.833333,26,0.45937502,0.2570955,0.3049167,0.4472586
0,1.837500,26,0.46041669,0.2570857,0.3049018,0.4472630
0,1.841667,26,0.46145836,0.2570796,0.3048908,0.4472706
0,1.845833,26,0.46250002,0.2570736,0.3048802,0.4472779
0,1.850000,26,0.46354169,0.2570694,0.3048718,0.4472868
0,1.854167,26,0.46458336,0.2570653,0.3048636,0.4472954
0,1.858333,26,0.46562502,0.2570613,0.3048559,0.4473039
0,1.862500,26,0.46666669,0.2570575,0.3048484,0.4473120
0,1.866667,26,0.46770836,0.2570525,0.3048400,0.4473187
0,1.870833,26,0.46875002,0.2570475,0.3048319,0.4473248
0,1.875000,26,0.46979169,0.2570403,0.3048217,0.4473287
0,1.879167,26,0.47083336,0.2570329,0.3048118,0.4473319
0,1.883333,26,0.47187502,0.2570225,0.3047989,0.4473318
0,1.887500,26,0.47291669,0.2570120,0.3047860,0.4473313
0,1.891667,26,0.47395836,0.2569978,0.3047697,0.4473266
0,1.895833,26,0.47500002,0.2569836,0.3047535,0.4473219
0,1.900000,26,0.47604169,0.2569654,0.3047334,0.4473128
0,1.904167,26,0.47708336,0.2569472,0.3047136,0.4473034
0,1.908333,26,0.47812502,0.2569251,0.3046901,0.4472897
0,1.912500,26,0.47916669,0.2569030,0.3046667,0.4472758
0,1.916667,26,0.48020836,0.2568774,0.3046400,0.4472581
0,1.920833,26,0.48125003,0.2568517,0.3046134,0.4472400
0,1.925000,26,0.48229169,0.2568232,0.3045839,0.4472190
0,1.929167,26,0.48333336,0.2567947,0.3045546,0.4471976
0,1.933333,26,0.48437503,0.2567640,0.3045233,0.4471739
0,1.937500,26,0.48541669,0.2567334,0.3044922,0.4471500
0,1.941667,26,0.48645836,0.2567018,0.3044601,0.4471247
0,1.945833,26,0.48750003,0.2566701,0.3044282,0.4470992
0,1.950000,26,0.48854169,0.2566384,0.3043964,0.4470734
0,1.954167,26,0.48958336,0.2566067,0.3043646,0.4470476
0,1.958333,26,0.49062503,0.2565762,0.3043342,0.4470226
0,1.962500,26,0.49166669,0.2565457,0.3043038,0.4469974
0,1.966667,26,0.49270836,0.2565175,0.3042756,0.4469743
0,1.970833,26,0.49375003,0.2564893,0.3042476,0.4469510
0,1.975000,26,0.49479169,0.2564643,0.3042230,0.4469308
0,1.979167,26,0.49583336,0.2564394,0.3041985,0.4469103
0,1.983333,26,0.49687503,0.2564186,0.3041782,0.4468939
0,1.987500,26,0.49791669,0.2563979,0.3041581,0.4468773
0,1.991667,26,0.49895836,0.2563821,0.3041430,0.4468655
0,1.995833,26,0.50000003,0.2563663,0.3041279,0.4468536
0,2.000000,26,0.50104169,0.2563560,0.3041183,0.4468469
0,2.004167,26,0.50208336,0.2563457,0.3041088,0.4468401
0,2.008333,26,0.50312503,0.2563412,0.3041052,0.4468391
0,2.012500,26,0.50416669,0.2563368,0.3041017,0.4468377
0,2.016667,26,0.50520836,0.2563382,0.3041041,0.4468422
0,2.020833,26,0.50625003,0.2563396,0.3041065,0.4468466
0,2.025000,26,0.50729169,0.2563468,0.3041147,0.4468565
0,2.029167,26,0.50833336,0.2563540,0.3041230,0.4468664
0,2.033333,26,0.50937503,0.2563666,0.3041368,0.4468816
0,2.037500,26,0.51041669,0.2563792,0.3041506,0.4468966
0,2.041667,26,0.51145836,0.2563967,0.3041693,0.4469164
0,2.045833,26,0.51250003,0.2564142,0.3041880,0.4469359
0,2.050000,26,0.51354169,0.2564358,0.3042109,0.4469596
0,2.054167,26,0.51458336,0.2564574,0.3042338,0.4469832
0,2.058333,26,0.51562503,0.2564823,0.3042600,0.4470099
0,2.062500,26,0.51666669,0.2565072,0.3042863,0.4470366
0,2.066667,26,0.51770836,0.2565345,0.3043149,0.4470655
0,2.070833,26,0.51875003,0.2565617,0.3043436,0.4470944
0,2.075000,26,0.51979169,0.2565902,0.3043736,0.4471243
0,2.079167,26,0.52083336,0.2566187,0.3044035,0.4471542
0,2.083333,26,0.52187503,0.2566475,0.3044337,0.4471841
0,2.087500,26,0.52291669,0.2566763,0.3044640,0.4472142
0,2.091667,26,0.52395836,0.2567042,0.3044935,0.4472434
0,2.095833,26,0.52500003,0.2567322,0.3045230,0.4472724
0,2.100000,26,0.52604169,0.2567584,0.3045509,0.4472997
0,2.104167,26,0.52708336,0.2567846,0.3045787,0.4473270
0,2.108333,26,0.52812503,0.2568083,0.3046039,0.4473514
0,2.112500,26,0.52916669,0.2568318,0.3046291,0.4473758
0,2.116667,26,0.53020836,0.2568520,0.3046508,0.4473968
0,2.120833,26,0.53125003,0.2568721,0.3046727,0.4474176
0,2.125000,26,0.53229169,0.2568882,0.3046904,0.4474344
0,2.129167,26,0.53333336,0.2569043,0.3047082,0.4474511
0,2.133333,26,0.53437503,0.2569159,0.3047214,0.4474634
0,2.137500,26,0.53541669,0.2569274,0.3047347,0.4474756
0,2.141667,26,0.53645836,0.2569341,0.3047431,0.4474827
0,2.145833,26,0.53750003,0.2569408,0.3047516,0.4474899
0,2.150000,26,0.53854169,0.2569424,0.3047549,0.4474920
0,2.154167,26,0.53958336,0.2569439,0.3047583,0.4474939
0,2.158333,26,0.54062503,0.2569405,0.3047566,0.4474910
0,2.162500,26,0.54166669,0.2569371,0.3047550,0.4474878
0,2.166667,26,0.54270836,0.2569286,0.3047483,0.4474798
0,2.170833,26,0.54375003,0.2569202,0.3047417,0.4474716
0,2.175000,26,0.54479170,0.2569071,0.3047305,0.4474589
0,2.179167,26,0.54583336,0.2568940,0.3047192,0.4474460
0,2.183333,26,0.54687503,0.2568766,0.3047036,0.4474287
0,2.187500,26,0.54791670,0.2568592,0.3046881,0.4474117
0,2.191667,26,0.54895836,0.2568380,0.3046687,0.4473906
0,2.195833,26,0.55000003,0.2568168,0.3046493,0.4473695
0,2.200000,26,0.55104170,0.2567923,0.3046267,0.4473452
0,2.204167,26,0.55208336,0.2567677,0.3046041,0.4473208
0,2.208333,26,0.55312503,0.2567406,0.3045789,0.4472937
0,2.212500,26,0.55416670,0.2567134,0.3045535,0.4472666
0,2.216667,26,0.55520836,0.2566842,0.3045263,0.4472376
0,2.220833,26,0.55625003,0.2566550,0.3044989,0.4472084
0,2.225000,26,0.55729170,0.2566244,0.3044702,0.4471779
0,2.229167,26,0.55833336,0.2565937,0.3044415,0.4471473
0,2.233333,26,0.55937503,0.2565623,0.3044121,0.4471160
0,2.237500,26,0.56041670,0.2565309,0.3043826,0.4470848
0,2.241667,26,0.56145836,0.2564994,0.3043530,0.4470532
0,2.245833,26,0.56250003,0.2564678,0.3043234,0.4470216
0,2.250000,26,0.56354170,0.2564366,0.3042942,0.4469904
0,2.254167,26,0.56458336,0.2564054,0.3042650,0.4469593
0,2.258333,26,0.56562503,0.2563751,0.3042367,0.4469289
0,2.262500,26,0.56666670,0.2563448,0.3042083,0.4468986
0,2.266667,26,0.56770836,0.2563158,0.3041814,0.4468698
0,2.270833,26,0.56875003,0.2562869,0.3041544,0.4468409
0,2.275000,26,0.56979170,0.2562595,0.3041291,0.4468136
0,2.279167,26,0.57083336,0.2562322,0.3041038,0.4467861
0,2.283333,26,0.57187503,0.2562069,0.3040805,0.4467607
0,2.287500,26,0.57291670,0.2561816,0.3040572,0.4467355
0,2.291667,26,0.57395836,0.2561585,0.3040361,0.4467124
0,2.295833,26,0.57500003,0.2561353,0.3040150,0.4466893
0,2.300000,26,0.57604170,0.2561145,0.3039963,0.4466684
0,2.304167,26,0.57708336,0.2560937,0.3039775,0.4466476
0,2.308333,26,0.57812503,0.2560753,0.3039612,0.4466292
0,2.312500,26,0.57916670,0.2560569,0.3039448,0.4466109
0,2.316667,26,0.58020836,0.2560408,0.3039309,0.4465948
0,2.320833,26,0.58125003,0.2560248,0.3039169,0.4465788
0,2.325000,26,0.58229170,0.2560111,0.3039053,0.4465652
0,2.329167,26,0.58333336,0.2559974,0.3038938,0.4465514
0,2.333333,26,0.58437503,0.2559860,0.3038844,0.4465400
0,2.337500,26,0.58541670,0.2559746,0.3038751,0.4465286
0,2.341667,26,0.58645836,0.2559652,0.3038678,0.4465192
0,2.345833,26,0.58750003,0.2559559,0.3038605,0.4465098
0,2.350000,26,0.58854170,0.2559484,0.3038553,0.4465024
0,2.354167,26,0.58958336,0.2559410,0.3038500,0.4464950
0,2.358333,26,0.59062503,0.2559352,0.3038463,0.4464892
0,2.362500,26,0.59166670,0.2559295,0.3038427,0.4464834
0,2.366667,26,0.59270836,0.2559253,0.3038406,0.4464793
0,2.370833,26,0.59375003,0.2559210,0.3038386,0.4464750
0,2.375000,26,0.59479170,0.2559180,0.3038377,0.4464720
0,2.379167,26,0.59583336,0.2559150,0.3038368,0.4464690
0,2.383333,26,0.59687503,0.2559131,0.3038370,0.4464671
0,2.387500,26,0.59791670,0.2559112,0.3038373,0.4464652
0,2.391667,26,0.59895836,0.2559102,0.3038385,0.4464642
0,2.395833,28,0.60000003,0.2559093,0.3038398,0.4464633
0,2.400000,28,0.60104170,0.2559093,0.3038412,0.4464626
0,2.404167,28,0.60208336,0.2559093,0.3038426,0.4464619
0,2.408333,28,0.60312503,0.2559093,0.3038442,0.4464612
0,2.412500,28,0.60416670,0.2559093,0.3038457,0.4464607
0,2.416667,28,0.60520836,0.2559093,0.3038474,0.4464600
0,2.420833,28,0.60625003,0.2559093,0.3038492,0.4464596
0,2.425000,28,0.60729170,0.2559093,0.3038511,0.4464594
0,2.429167,28,0.60833337,0.2559093,0.3038532,0.4464592
0,2.433333,28,0.60937503,0.2559093,0.3038553,0.4464592
0,2.437500,28,0.61041670,0.2559093,0.3038576,0.4464594
0,2.441667,28,0.61145837,0.2559093,0.3038600,0.4464596
0,2.445833,28,0.61250003,0.2559093,0.3038626,0.4464599
0,2.450000,28,0.61354170,0.2559093,0.3038654,0.4464604
0,2.454167,28,0.61458337,0.2559093,0.3038683,0.4464612
0,2.458333,28,0.61562503,0.2559093,0.3038714,0.4464620
0,2.462500,28,0.61666670,0.2559093,0.3038746,0.4464630
0,2.466667,28,0.61770837,0.2559093,0.3038780,0.4464642
0,2.470833,28,0.61875003,0.2559093,0.3038815,0.4464655
0,2.475000,28,0.61979170,0.2559093,0.3038851,0.4464669
0,2.479167,28,0.62083337,0.2559093,0.3038889,0.4464684
0,2.483333,28,0.62187503,0.2559093,0.3038928,0.4464701
0,2.487500,28,0.62291670,0.2559093,0.3038968,0.4464718
0,2.491667,28,0.62395837,0.2559093,0.3039009,0.4464737
0,2.495833,28,0.62500003,0.2559093,0.3039051,0.4464756
0,2.500000,27,0.62604170,0.2559101,0.3039082,0.4464765
0,2.504167,27,0.62708337,0.2559109,0.3039112,0.4464772
0,2.508333,27,0.62812503,0.2559127,0.3039152,0.4464789
0,2.512500,27,0.62916670,0.2559144,0.3039191,0.4464806
0,2.516667,27,0.63020837,0.2559171,0.3039241,0.4464833
0,2.520833,27,0.63125003,0.2559199,0.3039291,0.4464861
0,2.525000,27,0.63229170,0.2559239,0.3039353,0.4464900
0,2.529167,27,0.63333337,0.2559279,0.3039415,0.4464939
0,2.533333,27,0.63437503,0.2559334,0.3039492,0.4464993
0,2.537500,27,0.63541670,0.2559389,0.3039569,0.4465047
0,2.541667,27,0.63645837,0.2559461,0.3039662,0.4465118
0,2.545833,27,0.63750003,0.2559533,0.3039755,0.4465190
0,2.550000,27,0.63854170,0.2559625,0.3039868,0.4465278
0,2.554167,27,0.63958337,0.2559716,0.3039980,0.4465369
0,2.558333,27,0.64062503,0.2559830,0.3040113,0.4465480
0,2.562500,27,0.64166670,0.2559942,0.3040247,0.4465590
0,2.566667,27,0.64270837,0.2560079,0.3040403,0.4465725
0,2.570833,27,0.64375003,0.2560215,0.3040560,0.4465858
0,2.575000,27,0.64479170,0.2560375,0.3040740,0.4466015
0,2.579167,27,0.64583337,0.2560536,0.3040920,0.4466173
0,2.583333,27,0.64687503,0.2560721,0.3041125,0.4466355
0,2.587500,27,0.64791670,0.2560906,0.3041330,0.4466536
0,2.591667,27,0.64895837,0.2561117,0.3041560,0.4466743
0,2.595833,27,0.65000003,0.2561327,0.3041790,0.4466952
0,2.600000,27,0.65104170,0.2561562,0.3042045,0.4467182
0,2.604167,27,0.65208337,0.2561797,0.3042299,0.4467413
0,2.608333,27,0.65312503,0.2562056,0.3042577,0.4467669
0,2.612500,27,0.65416670,0.2562315,0.3042854,0.4467923
0,2.616667,27,0.65520837,0.2562595,0.3043154,0.4468199
0,2.620833,27,0.65625003,0.2562875,0.3043452,0.4468476
0,2.625000,27,0.65729170,0.2563173,0.3043770,0.4468770
0,2.629167,27,0.65833337,0.2563472,0.3044088,0.4469065
0,2.633333,27,0.65937503,0.2563786,0.3044421,0.4469375
0,2.637500,27,0.66041670,0.2564100,0.3044753,0.4469684
0,2.641667,27,0.66145837,0.2564425,0.3045098,0.4470005
0,2.645833,27,0.66250003,0.2564749,0.3045442,0.4470327
0,2.650000,27,0.66354170,0.2565081,0.3045792,0.4470654
0,2.654167,27,0.66458337,0.2565412,0.3046143,0.4470981
0,2.658333,27,0.66562503,0.2565743,0.3046495,0.4471309
0,2.662500,27,0.66666670,0.2566075,0.3046846,0.4471637
0,2.666667,27,0.66770837,0.2566400,0.3047192,0.4471959
0,2.670833,27,0.66875003,0.2566727,0.3047539,0.4472282
0,2.675000,27,0.66979170,0.2567041,0.3047874,0.4472593
0,2.679167,27,0.67083337,0.2567356,0.3048208,0.4472903
0,2.683333,27,0.67187504,0.2567651,0.3048525,0.4473194
0,2.687500,27,0.67291670,0.2567947,0.3048841,0.4473488
0,2.691667,27,0.67395837,0.2568218,0.3049133,0.4473754
0,2.695833,27,0.67500004,0.2568489,0.3049425,0.4474023
0,2.700000,27,0.67604170,0.2568728,0.3049687,0.4474259
0,2.704167,27,0.67708337,0.2568968,0.3049948,0.4474495
0,2.708333,27,0.67812504,0.2569170,0.3050172,0.4474694
0,2.712500,27,0.67916670,0.2569372,0.3050396,0.4474892
0,2.716667,27,0.68020837,0.2569531,0.3050577,0.4475049
0,2.720833,27,0.68125004,0.2569690,0.3050759,0.4475204
0,2.725000,27,0.68229170,0.2569802,0.3050894,0.4475312
0,2.729167,27,0.68333337,0.2569914,0.3051028,0.4475419
0,2.733333,27,0.68437504,0.2569975,0.3051112,0.4475478
0,2.737500,27,0.68541670,0.2570036,0.3051196,0.4475534
0,2.741667,27,0.68645837,0.2570044,0.3051227,0.4475537
0,2.745833,27,0.68750004,0.2570052,0.3051258,0.4475540
0,2.750000,27,0.68854170,0.2570007,0.3051235,0.4475489
0,2.754167,27,0.68958337,0.2569961,0.3051212,0.4475438
0,2.758333,27,0.69062504,0.2569862,0.3051137,0.4475332
0,2.762500,27,0.69166670,0.2569764,0.3051061,0.4475227
0,2.766667,27,0.69270837,0.2569615,0.3050935,0.4475070
0,2.770833,27,0.69375004,0.2569466,0.3050809,0.4474914
0,2.775000,27,0.69479170,0.2569270,0.3050637,0.4474712
0,2.779167,27,0.69583337,0.2569074,0.3050464,0.4474507
0,2.783333,27,0.69687504,0.2568837,0.3050251,0.4474261
0,2.787500,27,0.69791670,0.2568601,0.3050038,0.4474016
0,2.791667,27,0.69895837,0.2568331,0.3049791,0.4473735
0,2.795833,27,0.70000004,0.2568061,0.3049544,0.4473453
0,2.800000,27,0.70104170,0.2567766,0.3049272,0.4473147
0,2.804167,27,0.70208337,0.2567471,0.3049001,0.4472838
0,2.808333,27,0.70312504,0.2567161,0.3048714,0.4472515
0,2.812500,27,0.70416670,0.2566851,0.3048427,0.4472192
0,2.816667,27,0.70520837,0.2566537,0.3048136,0.4471862
0,2.820833,27,0.70625004,0.2566223,0.3047845,0.4471532
0,2.825000,27,0.70729170,0.2565915,0.3047561,0.4471207
0,2.829167,27,0.70833337,0.2565608,0.3047277,0.4470882
0,2.833333,27,0.70937504,0.2565319,0.3047011,0.4470572
0,2.837500,27,0.71041670,0.2565031,0.3046746,0.4470264
0,2.841667,27,0.71145837,0.2564772,0.3046510,0.4469983
0,2.845833,27,0.71250004,0.2564513,0.3046275,0.4469703
0,2.850000,27,0.71354170,0.2564294,0.3046080,0.4469460
0,2.854167,27,0.71458337,0.2564076,0.3045886,0.4469217
0,2.858333,27,0.71562504,0.2563908,0.3045741,0.4469023
0,2.862500,27,0.71666670,0.2563740,0.3045597,0.4468827
0,2.866667,27,0.71770837,0.2563631,0.3045511,0.4468688
0,2.870833,27,0.71875004,0.2563522,0.3045426,0.4468548
0,2.875000,27,0.71979170,0.2563478,0.3045406,0.4468472
0,2.879167,27,0.72083337,0.2563434,0.3045385,0.4468395
0,2.883333,27,0.72187504,0.2563460,0.3045436,0.4468385
0,2.887500,27,0.72291670,0.2563486,0.3045485,0.4468375
0,2.891667,27,0.72395837,0.2563584,0.3045608,0.4468433
0,2.895833,27,0.72500004,0.2563682,0.3045729,0.4468490
0,2.900000,27,0.72604170,0.2563851,0.3045923,0.4468618
0,2.904167,27,0.72708337,0.2564021,0.3046117,0.4468742
0,2.908333,27,0.72812504,0.2564260,0.3046380,0.4468935
0,2.912500,27,0.72916670,0.2564498,0.3046643,0.4469125
0,2.916667,27,0.73020837,0.2564801,0.3046969,0.4469377
0,2.920833,27,0.73125004,0.2565103,0.3047296,0.4469628
0,2.925000,27,0.73229170,0.2565461,0.3047679,0.4469931
0,2.929167,27,0.73333337,0.2565819,0.3048062,0.4470232
0,2.933333,27,0.73437504,0.2566223,0.3048491,0.4470576
0,2.937500,27,0.73541671,0.2566627,0.3048919,0.4470917
0,2.941667,27,0.73645837,0.2567067,0.3049384,0.4471293
0,2.945833,27,0.73750004,0.2567505,0.3049848,0.4471666
0,2.950000,27,0.73854171,0.2567966,0.3050334,0.4472057
0,2.954167,27,0.73958337,0.2568427,0.3050820,0.4472445
0,2.958333,27,0.74062504,0.2568896,0.3051314,0.4472840
0,2.962500,27,0.74166671,0.2569366,0.3051809,0.4473231
0,2.966667,27,0.74270837,0.2569829,0.3052298,0.4473613
0,2.970833,27,0.74375004,0.2570293,0.3052787,0.4473993
0,2.975000,27,0.74479171,0.2570738,0.3053258,0.4474353
0,2.979167,27,0.74583337,0.2571183,0.3053729,0.4474708
0,2.983333,27,0.74687504,0.2571597,0.3054169,0.4475030
0,2.987500,27,0.74791671,0.2572010,0.3054609,0.4475348
0,2.991667,27,0.74895837,0.2572383,0.3055007,0.4475621
0,2.995833,27,0.75000004,0.2572755,0.3055406,0.4475890
0,3.000000,27,0.75104171,0.2573077,0.3055755,0.4476105
0,3.004167,27,0.75208337,0.2573400,0.3056103,0.4476318
0,3.008333,27,0.75312504,0.2573665,0.3056396,0.4476471
0,3.012500,27,0.75416671,0.2573932,0.3056688,0.4476620
0,3.016667,27,0.75520837,0.2574140,0.3056923,0.4476708
0,3.020833,27,0.75625004,0.2574348,0.3057158,0.4476791
0,3.025000,27,0.75729171,0.2574497,0.3057335,0.4476813
0,3.029167,27,0.75833337,0.2574647,0.3057512,0.4476831
0,3.033333,27,0.75937504,0.2574743,0.3057635,0.4476790
0,3.037500,27,0.76041671,0.2574839,0.3057759,0.4476745
0,3.041667,27,0.76145837,0.2574890,0.3057835,0.4476650
0,3.045833,27,0.76250004,0.2574939,0.3057912,0.4476551
0,3.050000,27,0.76354171,0.2574954,0.3057954,0.4476413
0,3.054167,27,0.76458337,0.2574969,0.3057996,0.4476272
0,3.058333,27,0.76562504,0.2574962,0.3058017,0.4476102
0,3.062500,27,0.76666671,0.2574955,0.3058037,0.4475928
0,3.066667,27,0.76770837,0.2574942,0.3058051,0.4475743
0,3.070833,27,0.76875004,0.2574929,0.3058065,0.4475555
0,3.075000,27,0.76979171,0.2574927,0.3058091,0.4475372
0,3.079167,27,0.77083337,0.2574925,0.3058117,0.4475186
0,3.083333,27,0.77187504,0.2574954,0.3058173,0.4475026
0,3.087500,27,0.77291671,0.2574983,0.3058229,0.4474859
0,3.091667,27,0.77395837,0.2575060,0.3058334,0.4474738
0,3.095833,27,0.77500004,0.2575138,0.3058438,0.4474610
0,3.100000,27,0.77604171,0.2575282,0.3058609,0.4474545
0,3.104167,27,0.77708337,0.2575426,0.3058779,0.4474473
0,3.108333,27,0.77812504,0.2575652,0.3059033,0.4474480
0,3.112500,27,0.77916671,0.2575878,0.3059285,0.4474482
0,3.116667,27,0.78020837,0.2576201,0.3059634,0.4474575
0,3.120833,27,0.78125004,0.2576523,0.3059983,0.4474661
0,3.125000,27,0.78229171,0.2576951,0.3060437,0.4474850
0,3.129167,27,0.78333337,0.2577379,0.3060890,0.4475031
0,3.133333,27,0.78437504,0.2577919,0.3061456,0.4475321
0,3.137500,27,0.78541671,0.2578459,0.3062021,0.4475603
0,3.141667,27,0.78645837,0.2579113,0.3062699,0.4475994
0,3.145833,27,0.78750004,0.2579767,0.3063377,0.4476382
0,3.150000,27,0.78854171,0.2580530,0.3064165,0.4476871
0,3.154167,27,0.78958337,0.2581293,0.3064951,0.4477356
0,3.158333,27,0.79062504,0.2582159,0.3065839,0.4477937
0,3.162500,27,0.79166671,0.2583023,0.3066727,0.4478513
0,3.166667,27,0.79270837,0.2583977,0.3067702,0.4479171
0,3.170833,27,0.79375004,0.2584931,0.3068678,0.4479824
0,3.175000,27,0.79479171,0.2585955,0.3069723,0.4480542
0,3.179167,27,0.79583337,0.2586978,0.3070767,0.4481254
0,3.183333,27,0.79687504,0.2588051,0.3071859,0.4482009
0,3.187500,27,0.79791671,0.2589124,0.3072951,0.4482760
0,3.191667,27,0.79895838,0.2590221,0.3074065,0.4483528
0,3.195833,27,0.80000004,0.2591317,0.3075180,0.4484291
0,3.200000,27,0.80104171,0.2592411,0.3076290,0.4485046
0,3.204167,27,0.80208338,0.2593504,0.3077398,0.4485793
0,3.208333,27,0.80312504,0.2594566,0.3078475,0.4486504
0,3.212500,27,0.80416671,0.2595627,0.3079551,0.4487211
0,3.216667,27,0.80520838,0.2596630,0.3080566,0.4487851
0,3.220833,27,0.80625004,0.2597632,0.3081579,0.4488486
0,3.225000,27,0.80729171,0.2598549,0.3082506,0.4489032
0,3.229167,27,0.80833338,0.2599464,0.3083432,0.4489572
0,3.233333,27,0.80937504,0.2600271,0.3084247,0.4489996
0,3.237500,27,0.81041671,0.2601077,0.3085059,0.4490414
0,3.241667,27,0.81145838,0.2601752,0.3085741,0.4490697
0,3.245833,27,0.81250004,0.2602428,0.3086420,0.4490973
0,3.250000,27,0.81354171,0.2602959,0.3086953,0.4491102
0,3.254167,27,0.81458338,0.2603489,0.3087485,0.4491223
0,3.258333,27,0.81562504,0.2603865,0.3087860,0.4491186
0,3.262500,27,0.81666671,0.2604241,0.3088233,0.4491145
0,3.266667,27,0.81770838,0.2604460,0.3088448,0.4490943
0,3.270833,27,0.81875004,0.2604679,0.3088661,0.4490732
0,3.275000,27,0.81979171,0.2604744,0.3088718,0.4490366
0,3.279167,27,0.82083338,0.2604810,0.3088774,0.4489994
0,3.283333,27,0.82187504,0.2604734,0.3088687,0.4489476
0,3.287500,27,0.82291671,0.2604659,0.3088597,0.4488953
0,3.291667,27,0.82395838,0.2604460,0.3088382,0.4488303
0,3.295833,27,0.82500004,0.2604261,0.3088164,0.4487652
0,3.300000,27,0.82604171,0.2603964,0.3087846,0.4486898
0,3.304167,27,0.82708338,0.2603667,0.3087526,0.4486137
0,3.308333,27,0.82812504,0.2603302,0.3087134,0.4485302
0,3.312500,27,0.82916671,0.2602937,0.3086740,0.4484465
0,3.316667,27,0.83020838,0.2602539,0.3086310,0.4483590
0,3.320833,27,0.83125004,0.2602141,0.3085878,0.4482711
0,3.325000,27,0.83229171,0.2601749,0.3085449,0.4481837
0,3.329167,27,0.83333338,0.2601357,0.3085016,0.4480958
0,3.333333,27,0.83437504,0.2601011,0.3084626,0.4480122
0,3.337500,27,0.83541671,0.2600665,0.3084232,0.4479282
0,3.341667,27,0.83645838,0.2600405,0.3083922,0.4478521
0,3.345833,27,0.83750004,0.2600145,0.3083607,0.4477755
0,3.350000,27,0.83854171,0.2600010,0.3083414,0.4477113
0,3.354167,27,0.83958338,0.2599876,0.3083217,0.4476467
0,3.358333,27,0.84062504,0.2599903,0.3083178,0.4475981
0,3.362500,27,0.84166671,0.2599929,0.3083135,0.4475491
0,3.366667,27,0.84270838,0.2600149,0.3083280,0.4475190
0,3.370833,27,0.84375004,0.2600367,0.3083420,0.4474883
0,3.375000,27,0.84479171,0.2600805,0.3083774,0.4474790
0,3.379167,27,0.84583338,0.2601242,0.3084124,0.4474692
0,3.383333,27,0.84687504,0.2601916,0.3084705,0.4474826
0,3.387500,27,0.84791671,0.2602590,0.3085281,0.4474958
0,3.391667,27,0.84895838,0.2603512,0.3086099,0.4475333
0,3.395833,27,0.85000004,0.2604433,0.3086912,0.4475709
0,3.400000,27,0.85104171,0.2605603,0.3087968,0.4476326
0,3.404167,27,0.85208338,0.2606772,0.3089019,0.4476939
0,3.408333,27,0.85312504,0.2608185,0.3090306,0.4477786
0,3.412500,27,0.85416671,0.2609598,0.3091586,0.4478628
0,3.416667,27,0.85520838,0.2611239,0.3093088,0.4479693
0,3.420833,27,0.85625004,0.2612879,0.3094584,0.4480754
0,3.425000,27,0.85729171,0.2614724,0.3096278,0.4482015
0,3.429167,27,0.85833338,0.2616569,0.3097966,0.4483275
0,3.433333,27,0.85937504,0.2618589,0.3099822,0.4484702
0,3.437500,27,0.86041671,0.2620610,0.3101669,0.4486120
0,3.441667,27,0.86145838,0.2622770,0.3103649,0.4487670
0,3.445833,27,0.86250004,0.2624930,0.3105621,0.4489210
0,3.450000,27,0.86354171,0.2627190,0.3107686,0.4490846
0,3.454167,27,0.86458338,0.2629451,0.3109742,0.4492473
0,3.458333,27,0.86562505,0.2631770,0.3111849,0.4494154
0,3.462500,27,0.86666671,0.2634088,0.3113946,0.4495826
0,3.466667,27,0.86770838,0.2636422,0.3116051,0.4497508
0,3.470833,27,0.86875005,0.2638755,0.3118145,0.4499172
0,3.475000,27,0.86979171,0.2641063,0.3120203,0.4500800
0,3.479167,27,0.87083338,0.2643370,0.3122250,0.4502415
0,3.483333,27,0.87187505,0.2645611,0.3124222,0.4503953
0,3.487500,27,0.87291671,0.2647851,0.3126184,0.4505479
0,3.491667,27,0.87395838,0.2649991,0.3128034,0.4506893
0,3.495833,27,0.87500005,0.2652130,0.3129874,0.4508299
0,3.500000,27,0.87604171,0.2654139,0.3131572,0.4509557
0,3.504167,27,0.87708338,0.2656147,0.3133258,0.4510797
0,3.508333,27,0.87812505,0.2658002,0.3134778,0.4511866
0,3.512500,27,0.87916671,0.2659857,0.3136284,0.4512914
0,3.516667,27,0.88020838,0.2661542,0.3137611,0.4513777
0,3.520833,27,0.88125005,0.2663228,0.3138924,0.4514622
0,3.525000,27,0.88229171,0.2664736,0.3140048,0.4515274
0,3.529167,27,0.88333338,0.2666244,0.3141159,0.4515908
0,3.533333,27,0.88437505,0.2667573,0.3142079,0.4516343
0,3.537500,27,0.88541671,0.2668903,0.3142984,0.4516751
0,3.541667,27,0.88645838,0.2670062,0.3143703,0.4516962
0,3.545833,27,0.88750005,0.2671221,0.3144407,0.4517146
0,3.550000,27,0.88854171,0.2672220,0.3144938,0.4517146
0,3.554167,27,0.88958338,0.2673220,0.3145455,0.4517121
0,3.558333,27,0.89062505,0.2674079,0.3145815,0.4516930
0,3.562500,27,0.89166671,0.2674937,0.3146160,0.4516713
0,3.566667,27,0.89270838,0.2675675,0.3146370,0.4516347
0,3.570833,27,0.89375005,0.2676413,0.3146562,0.4515942
0,3.575000,27,0.89479171,0.2677053,0.3146639,0.4515407
0,3.579167,27,0.89583338,0.2677693,0.3146698,0.4514834
0,3.583333,27,0.89687505,0.2678257,0.3146665,0.4514149
0,3.587500,27,0.89791671,0.2678820,0.3146615,0.4513431
0,3.591667,27,0.89895838,0.2679329,0.3146493,0.4512621
0,3.595833,27,0.90000005,0.2679837,0.3146354,0.4511779
0,3.600000,27,0.90104171,0.2680305,0.3146158,0.4510856
0,3.604167,27,0.90208338,0.2680773,0.3145940,0.4509885
0,3.608333,27,0.90312505,0.2681211,0.3145674,0.4508839
0,3.612500,27,0.90416671,0.2681649,0.3145388,0.4507745
0,3.616667,27,0.90520838,0.2682061,0.3145058,0.4506580
0,3.620833,27,0.90625005,0.2682472,0.3144707,0.4505369
0,3.625000,27,0.90729171,0.2682850,0.3144307,0.4504084
0,3.629167,27,0.90833338,0.2683228,0.3143888,0.4502752
0,3.633333,27,0.90937505,0.2683559,0.3143402,0.4501325
0,3.637500,27,0.91041671,0.2683889,0.3142894,0.4499839
0,3.641667,27,0.91145838,0.2684148,0.3142294,0.4498223
0,3.645833,27,0.91250005,0.2684407,0.3141671,0.4496553
0,3.650000,27,0.91354171,0.2684560,0.3140925,0.4494722
0,3.654167,27,0.91458338,0.2684712,0.3140157,0.4492835
0,3.658333,27,0.91562505,0.2684717,0.3139223,0.4490747
0,3.662500,27,0.91666671,0.2684721,0.3138269,0.4488606
0,3.666667,27,0.91770838,0.2684526,0.3137097,0.4486210
0,3.670833,27,0.91875005,0.2684332,0.3135902,0.4483744
0,3.675000,27,0.91979171,0.2683882,0.3134430,0.4480958
0,3.679167,27,0.92083338,0.2683432,0.3132936,0.4478107
0,3.683333,27,0.92187505,0.2682666,0.3131106,0.4474879
0,3.687500,27,0.92291671,0.2681901,0.3129256,0.4471588
0,3.691667,27,0.92395838,0.2680755,0.3127009,0.4467857
0,3.695833,27,0.92500005,0.2679609,0.3124740,0.4464067
0,3.700000,27,0.92604171,0.2678021,0.3122011,0.4459768
0,3.704167,27,0.92708338,0.2676433,0.3119259,0.4455396
0,3.708333,27,0.92812505,0.2674341,0.3115984,0.4450451
0,3.712500,27,0.92916672,0.2672249,0.3112685,0.4445434
0,3.716667,27,0.93020838,0.2669598,0.3108809,0.4439791
0,3.720833,27,0.93125005,0.2666948,0.3104914,0.4434080
0,3.725000,27,0.93229172,0.2663689,0.3100394,0.4427701
0,3.729167,27,0.93333338,0.2660430,0.3095856,0.4421258
0,3.733333,27,0.93437505,0.2656525,0.3090655,0.4414104
0,3.737500,27,0.93541672,0.2652620,0.3085431,0.4406870
0,3.741667,27,0.93645838,0.2648040,0.3079515,0.4398892
0,3.745833,27,0.93750005,0.2643460,0.3073577,0.4390840
0,3.750000,27,0.93854172,0.2638189,0.3066934,0.4382030
0,3.754167,27,0.93958338,0.2632919,0.3060272,0.4373155
0,3.758333,27,0.94062505,0.2626957,0.3052906,0.4363526
0,3.762500,27,0.94166672,0.2620994,0.3045523,0.4353836
0,3.766667,27,0.94270838,0.2614351,0.3037447,0.4343402
0,3.770833,27,0.94375005,0.2607708,0.3029350,0.4332893
0,3.775000,27,0.94479172,0.2600410,0.3020583,0.4321662
0,3.779167,27,0.94583338,0.2593111,0.3011799,0.4310360
0,3.783333,27,0.94687505,0.2585196,0.3002387,0.4298381
0,3.787500,27,0.94791672,0.2577282,0.2992959,0.4286339
0,3.791667,27,0.94895838,0.2568802,0.2982956,0.4273677
0,3.795833,27,0.95000005,0.2560321,0.2972941,0.4260961
0,3.800000,27,0.95104172,0.2551335,0.2962412,0.4247684
0,3.804167,27,0.95208338,0.2542350,0.2951867,0.4234340
0,3.808333,27,0.95312505,0.2532929,0.2940876,0.4220501
0,3.812500,27,0.95416672,0.2523509,0.2929873,0.4206602
0,3.816667,27,0.95520838,0.2513729,0.2918502,0.4192292
0,3.820833,27,0.95625005,0.2503948,0.2907119,0.4177929
0,3.825000,27,0.95729172,0.2493888,0.2895453,0.4163243
0,3.829167,27,0.95833338,0.2483826,0.2883779,0.4148512
0,3.833333,27,0.95937505,0.2473565,0.2871900,0.4133537
0,3.837500,27,0.96041672,0.2463304,0.2860010,0.4118509
0,3.841667,27,0.96145838,0.2452921,0.2847993,0.4103314
0,3.845833,27,0.96250005,0.2442539,0.2835970,0.4088075
0,3.850000,27,0.96354172,0.2432111,0.2823898,0.4072750
0,3.854167,27,0.96458338,0.2421683,0.2811821,0.4057387
0,3.858333,27,0.96562505,0.2411278,0.2799766,0.4042015
0,3.862500,27,0.96666672,0.2400872,0.2787710,0.4026619
0,3.866667,27,0.96770838,0.2390552,0.2775739,0.4011278
0,3.870833,27,0.96875005,0.2380230,0.2763763,0.3995900
0,3.875000,27,0.96979172,0.2370044,0.2751923,0.3980631
0,3.879167,27,0.97083338,0.2359858,0.2740080,0.3965329
0,3.883333,27,0.97187505,0.2349849,0.2728418,0.3950185
0,3.887500,27,0.97291672,0.2339840,0.2716754,0.3935019
0,3.891667,27,0.97395838,0.2330036,0.2705304,0.3920046
0,3.895833,27,0.97500005,0.2320231,0.2693855,0.3905064
0,3.900000,27,0.97604172,0.2310651,0.2682637,0.3890295
0,3.904167,27,0.97708338,0.2301071,0.2671419,0.3875508
0,3.908333,27,0.97812505,0.2291721,0.2660439,0.3860944
0,3.912500,27,0.97916672,0.2282371,0.2649462,0.3846369
0,3.916667,27,0.98020838,0.2273248,0.2638721,0.3832020
0,3.920833,27,0.98125005,0.2264125,0.2627985,0.3817670
0,3.925000,27,0.98229172,0.2255217,0.2617475,0.3803537
0,3.929167,27,0.98333338,0.2246309,0.2606972,0.3789411
0,3.933333,27,0.98437505,0.2237595,0.2596678,0.3775491
0,3.937500,27,0.98541672,0.2228881,0.2586388,0.3761573
0,3.941667,27,0.98645838,0.2220337,0.2576281,0.3747837
0,3.945833,27,0.98750005,0.2211793,0.2566182,0.3734109
0,3.950000,27,0.98854172,0.2203388,0.2556236,0.3720537
0,3.954167,27,0.98958338,0.2194983,0.2546301,0.3706981
0,3.958333,27,0.99062505,0.2186686,0.2536489,0.3693557
0,3.962500,27,0.99166672,0.2178390,0.2526689,0.3680156
0,3.966667,27,0.99270839,0.2170171,0.2516984,0.3666857
0,3.970833,27,0.99375005,0.2161951,0.2507289,0.3653578
0,3.975000,27,0.99479172,0.2153781,0.2497662,0.3640379
0,3.979167,27,0.99583339,0.2145610,0.2488046,0.3627207
0,3.983333,27,0.99687505,0.2137465,0.2478473,0.3614095
0,3.987500,27,0.99791672,0.2129318,0.2468914,0.3601016
0,3.991667,27,0.99895839,0.2121177,0.2459379,0.3587986
0,3.995833,27,1.00000005,0.2113035,0.2449859,0.3574997
0,4.000000,27,1.00104172,0.2104886,0.2440352,0.3562022
0,4.004167,27,1.00208339,0.2096736,0.2430860,0.3549095
0,4.008333,27,1.00312505,0.2088573,0.2421376,0.3536202
0,4.012500,27,1.00416672,0.2080410,0.2411909,0.3523357
0,4.016667,27,1.00520839,0.2072235,0.2402450,0.3510545
0,4.020833,27,1.00625005,0.2064061,0.2393009,0.3497783
0,4.025000,27,1.00729172,0.2055884,0.2383589,0.3485067
0,4.029167,27,1.00833339,0.2047707,0.2374185,0.3472395
0,4.033333,27,1.00937505,0.2039545,0.2364819,0.3459792
0,4.037500,27,1.01041672,0.2031383,0.2355472,0.3447243
0,4.041667,27,1.01145839,0.2023259,0.2346187,0.3434790
0,4.045833,27,1.01250005,0.2015136,0.2336920,0.3422390
0,4.050000,27,1.01354172,0.2007079,0.2327744,0.3410116
0,4.054167,27,1.01458339,0.1999021,0.2318586,0.3397895
0,4.058333,27,1.01562505,0.1991063,0.2309551,0.3385832
0,4.062500,27,1.01666672,0.1983105,0.2300534,0.3373823
0,4.066667,27,1.01770839,0.1975281,0.2291677,0.3362012
0,4.070833,27,1.01875005,0.1967457,0.2282840,0.3350264
0,4.075000,27,1.01979172,0.1959803,0.2274199,0.3338752
0,4.079167,27,1.02083339,0.1952150,0.2265578,0.3327302
0,4.083333,27,1.02187505,0.1944702,0.2257188,0.3316123
0,4.087500,27,1.02291672,0.1937255,0.2248816,0.3305002
0,4.091667,27,1.02395839,0.1930047,0.2240710,0.3294185
0,4.095833,27,1.02500005,0.1922839,0.2232621,0.3283422
0,4.100000,27,1.02604172,0.1915901,0.2224828,0.3272999
0,4.104167,27,1.02708339,0.1908962,0.2217056,0.3262641
0,4.108333,27,1.02812505,0.1902320,0.2209606,0.3252652
0,4.112500,27,1.02916672,0.1895677,0.2202175,0.3242725
0,4.116667,27,1.03020839,0.1889349,0.2195085,0.3233184
0,4.120833,27,1.03125005,0.1883022,0.2188013,0.3223700
0,4.125000,27,1.03229172,0.1877024,0.2181295,0.3214610
0,4.129167,27,1.03333339,0.1871026,0.2174595,0.3205577
0,4.133333,27,1.03437505,0.1865363,0.2168256,0.3196945
0,4.137500,27,1.03541672,0.1859702,0.2161938,0.3188385
0,4.141667,27,1.03645839,0.1854377,0.2155984,0.3180235
0,4.145833,27,1.03750005,0.1849053,0.2150048,0.3172144
0,4.150000,27,1.03854172,0.1844060,0.2144470,0.3164455
0,4.154167,27,1.03958339,0.1839068,0.2138908,0.3156823
0,4.158333,27,1.04062505,0.1834395,0.2133691,0.3149573
0,4.162500,27,1.04166672,0.1829723,0.2128489,0.3142376
0,4.166667,27,1.04270839,0.1825355,0.2123616,0.3135548
0,4.170833,27,1.04375005,0.1820986,0.2118763,0.3128785
0,4.175000,27,1.04479172,0.1816901,0.2114217,0.3122376
0,4.179167,27,1.04583339,0.1812816,0.2109689,0.3116024
0,4.183333,27,1.04687505,0.1808992,0.2105447,0.3110000
0,4.187500,27,1.04791672,0.1805167,0.2101219,0.3104025
0,4.191667,27,1.04895839,0.1801578,0.2097249,0.3098344
0,4.195833,27,1.05000005,0.1797989,0.2093292,0.3092708
0,4.200000,27,1.05104172,0.1794609,0.2089568,0.3087344
0,4.204167,27,1.05208339,0.1791230,0.2085861,0.3082039
0,4.208333,27,1.05312505,0.1788035,0.2082364,0.3076984
0,4.212500,27,1.05416672,0.1784840,0.2078882,0.3071980
0,4.216667,27,1.05520839,0.1781808,0.2075583,0.3067197
0,4.220833,27,1.05625006,0.1778775,0.2072299,0.3062463
0,4.225000,27,1.05729172,0.1775883,0.2069176,0.3057919
0,4.229167,27,1.05833339,0.1772992,0.2066065,0.3053415
0,4.233333,27,1.05937506,0.1770225,0.2063101,0.3049091
0,4.237500,27,1.06041672,0.1767459,0.2060151,0.3044819
0,4.241667,27,1.06145839,0.1764804,0.2057334,0.3040716
0,4.245833,27,1.06250006,0.1762148,0.2054531,0.3036659
0,4.250000,27,1.06354172,0.1759597,0.2051852,0.3032756
0,4.254167,27,1.06458339,0.1757045,0.2049184,0.3028893
0,4.258333,27,1.06562506,0.1754593,0.2046635,0.3025172
0,4.262500,27,1.06666672,0.1752141,0.2044095,0.3021486
0,4.266667,27,1.06770839,0.1749788,0.2041674,0.3017945
0,4.270833,27,1.06875006,0.1747435,0.2039264,0.3014447
0,4.275000,27,1.06979172,0.1745185,0.2036978,0.3011104
0,4.279167,27,1.07083339,0.1742936,0.2034703,0.3007798
0,4.283333,27,1.07187506,0.1740797,0.2032558,0.3004646
0,4.287500,27,1.07291672,0.1738659,0.2030423,0.3001527
0,4.291667,27,1.07395839,0.1736641,0.2028423,0.2998565
0,4.295833,27,1.07500006,0.1734623,0.2026432,0.2995628
0,4.300000,27,1.07604172,0.1732737,0.2024590,0.2992861
0,4.304167,27,1.07708339,0.1730852,0.2022759,0.2990132
0,4.308333,27,1.07812506,0.1729112,0.2021091,0.2987589
0,4.312500,27,1.07916672,0.1727372,0.2019432,0.2985077
0,4.316667,27,1.08020839,0.1725788,0.2017946,0.2982759
0,4.320833,27,1.08125006,0.1724205,0.2016467,0.2980464
0,4.325000,27,1.08229172,0.1722791,0.2015172,0.2978367
0,4.329167,27,1.08333339,0.1721376,0.2013883,0.2976291
0,4.333333,27,1.08437506,0.1720141,0.2012786,0.2974423
0,4.337500,27,1.08541672,0.1718904,0.2011698,0.2972582
0,4.341667,27,1.08645839,0.1717852,0.2010810,0.2970961
0,4.345833,27,1.08750006,0.1716801,0.2009929,0.2969364
0,4.350000,27,1.08854172,0.1715937,0.2009251,0.2967983
0,4.354167,27,1.08958339,0.1715074,0.2008579,0.2966621
0,4.358333,27,1.09062506,0.1714399,0.2008108,0.2965469
0,4.362500,27,1.09166672,0.1713724,0.2007640,0.2964332
0,4.366667,27,1.09270839,0.1713233,0.2007371,0.2963403
0,4.370833,27,1.09375006,0.1712741,0.2007107,0.2962495
0,4.375000,27,1.09479172,0.1712426,0.2007032,0.2961790
0,4.379167,27,1.09583339,0.1712110,0.2006964,0.2961102
0,4.383333,27,1.09687506,0.1711958,0.2007071,0.2960600
0,4.387500,27,1.09791672,0.1711807,0.2007183,0.2960108
0,4.391667,27,1.09895839,0.1711802,0.2007453,0.2959785
0,4.395833,27,1.10000006,0.1711798,0.2007727,0.2959470
0,4.400000,27,1.10104172,0.1711923,0.2008142,0.2959302
0,4.404167,27,1.10208339,0.1712048,0.2008561,0.2959149
0,4.408333,27,1.10312506,0.1712280,0.2009098,0.2959124
0,4.412500,27,1.10416672,0.1712512,0.2009640,0.2959110
0,4.416667,27,1.10520839,0.1712828,0.2010278,0.2959199
0,4.420833,27,1.10625006,0.1713144,0.2010918,0.2959294
0,4.425000,27,1.10729172,0.1713519,0.2011627,0.2959463
0,4.429167,27,1.10833339,0.1713894,0.2012338,0.2959636
0,4.433333,27,1.10937506,0.1714304,0.2013094,0.2959859
0,4.437500,27,1.11041672,0.1714713,0.2013854,0.2960091
0,4.441667,27,1.11145839,0.1715133,0.2014634,0.2960348
0,4.445833,27,1.11250006,0.1715552,0.2015416,0.2960612
0,4.450000,27,1.11354172,0.1715958,0.2016195,0.2960877
0,4.454167,27,1.11458339,0.1716365,0.2016976,0.2961146
0,4.458333,27,1.11562506,0.1716737,0.2017732,0.2961391
0,4.462500,27,1.11666672,0.1717108,0.2018489,0.2961638
0,4.466667,27,1.11770839,0.1717427,0.2019201,0.2961841
0,4.470833,27,1.11875006,0.1717746,0.2019917,0.2962053
0,4.475000,27,1.11979173,0.1717997,0.2020573,0.2962205
0,4.479167,27,1.12083339,0.1718247,0.2021231,0.2962363
0,4.483333,27,1.12187506,0.1718417,0.2021817,0.2962449
0,4.487500,27,1.12291673,0.1718587,0.2022405,0.2962537
0,4.491667,27,1.12395839,0.1718669,0.2022912,0.2962543
0,4.495833,27,1.12500006,0.1718750,0.2023420,0.2962552
0,4.500000,27,1.12604173,0.1718739,0.2023843,0.2962474
0,4.504167,27,1.12708339,0.1718728,0.2024268,0.2962399
0,4.508333,27,1.12812506,0.1718623,0.2024607,0.2962239
0,4.512500,27,1.12916673,0.1718518,0.2024947,0.2962080
0,4.516667,27,1.13020839,0.1718324,0.2025207,0.2961840
0,4.520833,27,1.13125006,0.1718129,0.2025466,0.2961599
0,4.525000,27,1.13229173,0.1717850,0.2025648,0.2961280
0,4.529167,27,1.13333339,0.1717572,0.2025831,0.2960959
0,4.533333,27,1.13437506,0.1717219,0.2025947,0.2960572
0,4.537500,27,1.13541673,0.1716866,0.2026064,0.2960183
0,4.541667,27,1.13645839,0.1716451,0.2026126,0.2959739
0,4.545833,27,1.13750006,0.1716036,0.2026189,0.2959295
0,4.550000,27,1.13854173,0.1715573,0.2026210,0.2958808
0,4.554167,27,1.13958339,0.1715109,0.2026232,0.2958319
0,4.558333,27,1.14062506,0.1714613,0.2026227,0.2957803
0,4.562500,27,1.14166673,0.1714116,0.2026223,0.2957285
0,4.566667,27,1.14270839,0.1713602,0.2026207,0.2956753
0,4.570833,27,1.14375006,0.1713088,0.2026191,0.2956221
0,4.575000,27,1.14479173,0.1712572,0.2026181,0.2955691
0,4.579167,27,1.14583339,0.1712057,0.2026172,0.2955161
0,4.583333,27,1.14687506,0.1711555,0.2026183,0.2954649
0,4.587500,27,1.14791673,0.1711054,0.2026194,0.2954135
0,4.591667,27,1.14895839,0.1710581,0.2026239,0.2953653
0,4.595833,27,1.15000006,0.1710109,0.2026285,0.2953169
0,4.600000,27,1.15104173,0.1709678,0.2026379,0.2952731
0,4.604167,27,1.15208339,0.1709248,0.2026474,0.2952291
0,4.608333,27,1.15312506,0.1708872,0.2026629,0.2951910
0,4.612500,27,1.15416673,0.1708496,0.2026783,0.2951526
0,4.616667,27,1.15520839,0.1708182,0.2027005,0.2951207
0,4.620833,27,1.15625006,0.1707869,0.2027228,0.2950888
0,4.625000,27,1.15729173,0.1707627,0.2027528,0.2950643
0,4.629167,27,1.15833339,0.1707384,0.2027827,0.2950395
0,4.633333,27,1.15937506,0.1707217,0.2028207,0.2950225
0,4.637500,27,1.16041673,0.1707050,0.2028586,0.2950052
0,4.641667,27,1.16145839,0.1706960,0.2029050,0.2949961
0,4.645833,27,1.16250006,0.1706872,0.2029513,0.2949870
0,4.650000,27,1.16354173,0.1706862,0.2030061,0.2949859
0,4.654167,27,1.16458339,0.1706855,0.2030611,0.2949850
0,4.658333,27,1.16562506,0.1706931,0.2031249,0.2949924
0,4.662500,27,1.16666673,0.1707016,0.2031896,0.2950007
0,4.666667,27,1.16770839,0.1707185,0.2032632,0.2950176
0,4.670833,27,1.16875006,0.1707367,0.2033381,0.2950355
0,4.675000,27,1.16979173,0.1707629,0.2034214,0.2950617
0,4.679167,27,1.17083339,0.1707905,0.2035061,0.2950891
0,4.683333,27,1.17187506,0.1708254,0.2035987,0.2951242
0,4.687500,27,1.17291673,0.1708617,0.2036926,0.2951603
0,4.691667,27,1.17395839,0.1709042,0.2037932,0.2952029
0,4.695833,27,1.17500006,0.1709478,0.2038949,0.2952466
0,4.700000,27,1.17604173,0.1709964,0.2040019,0.2952953
0,4.704167,27,1.17708339,0.1710456,0.2041098,0.2953447
0,4.708333,27,1.17812506,0.1710984,0.2042214,0.2953975
0,4.712500,27,1.17916673,0.1710335,0.2042155,0.2953326
0,4.716667,27,1.18020839,0.1710751,0.2043164,0.2953746
0,4.720833,27,1.18125006,0.1711167,0.2044174,0.2954163
0,4.725000,27,1.18229173,0.1711597,0.2045201,0.2954596
0,4.729167,27,1.18333340,0.1712026,0.2046229,0.2955028
0,4.733333,27,1.18437506,0.1712461,0.2047265,0.2955467
0,4.737500,27,1.18541673,0.1712895,0.2048302,0.2955905
0,4.741667,27,1.18645840,0.1713325,0.2049337,0.2956340
0,4.745833,27,1.18750006,0.1713756,0.2050374,0.2956773
0,4.750000,27,1.18854173,0.1714175,0.2051401,0.2957197
0,4.754167,27,1.18958340,0.1714593,0.2052429,0.2957620
0,4.758333,27,1.19062506,0.1714993,0.2053441,0.2958025
0,4.762500,27,1.19166673,0.1715393,0.2054454,0.2958430
0,4.766667,27,1.19270840,0.1715769,0.2055445,0.2958812
0,4.770833,27,1.19375006,0.1716144,0.2056436,0.2959193
0,4.775000,27,1.19479173,0.1716490,0.2057401,0.2959547
0,4.779167,27,1.19583340,0.1716837,0.2058366,0.2959898
0,4.783333,27,1.19687506,0.1717150,0.2059301,0.2960219
0,4.787500,27,1.19791673,0.1717463,0.2060237,0.2960539
0,4.791667,27,1.19895840,0.1717741,0.2061140,0.2960825
0,4.795833,27,1.20000006,0.1718019,0.2062042,0.2961111
0,4.800000,27,1.20104173,0.1718261,0.2062911,0.2961361
0,4.804167,27,1.20208340,0.1718502,0.2063779,0.2961610
0,4.808333,27,1.20312506,0.1718706,0.2064612,0.2961823
0,4.812500,27,1.20416673,0.1718911,0.2065445,0.2962035
0,4.816667,27,1.20520840,0.1719079,0.2066244,0.2962213
0,4.820833,27,1.20625006,0.1719248,0.2067044,0.2962390
0,4.825000,27,1.20729173,0.1719382,0.2067810,0.2962532
0,4.829167,27,1.20833340,0.1719516,0.2068577,0.2962675
0,4.833333,27,1.20937506,0.1719618,0.2069312,0.2962786
0,4.837500,27,1.21041673,0.1719719,0.2070047,0.2962897
0,4.841667,27,1.21145840,0.1719792,0.2070754,0.2962978
0,4.845833,27,1.21250006,0.1719865,0.2071462,0.2963059
0,4.850000,27,1.21354173,0.1719913,0.2072144,0.2963115
0,4.854167,27,1.21458340,0.1719960,0.2072825,0.2963170
0,4.858333,27,1.21562506,0.1719986,0.2073487,0.2963204
0,4.862500,27,1.21666673,0.1720013,0.2074149,0.2963238
0,4.866667,27,1.21770840,0.1720023,0.2074794,0.2963256
0,4.870833,27,1.21875006,0.1720032,0.2075438,0.2963272
0,4.875000,27,1.21979173,0.1720030,0.2076072,0.2963277
0,4.879167,27,1.22083340,0.1720029,0.2076706,0.2963284
0,4.883333,27,1.22187506,0.1720021,0.2077333,0.2963282
0,4.887500,27,1.22291673,0.1720013,0.2077960,0.2963282
0,4.891667,27,1.22395840,0.1720006,0.2078588,0.2963281
0,4.895833,22,1.22500006,0.1720000,0.2079216,0.2963280
0,4.900000,22,1.22604173,0.1720000,0.2079227,0.2963292
0,4.904167,22,1.22708340,0.1720000,0.2079240,0.2963303
0,4.908333,22,1.22812506,0.1720000,0.2079253,0.2963316
0,4.912500,22,1.22916673,0.1720000,0.2079269,0.2963328
0,4.916667,22,1.23020840,0.1720000,0.2079291,0.2963339
0,4.920833,22,1.23125006,0.1720000,0.2079319,0.2963352
0,4.925000,22,1.23229173,0.1720000,0.2079357,0.2963364
0,4.929167,22,1.23333340,0.1720000,0.2079408,0.2963377
0,4.933333,22,1.23437506,0.1720000,0.2079474,0.2963388
0,4.937500,22,1.23541673,0.1720000,0.2079558,0.2963401
0,4.941667,22,1.23645840,0.1720000,0.2079664,0.2963413
0,4.945833,22,1.23750006,0.1720000,0.2079795,0.2963425
0,4.950000,22,1.23854173,0.1720000,0.2079954,0.2963437
0,4.954167,22,1.23958340,0.1720000,0.2080144,0.2963449
0,4.958333,22,1.24062506,0.1720000,0.2080366,0.2963461
0,4.962500,22,1.24166673,0.1720000,0.2080626,0.2963473
0,4.966667,22,1.24270840,0.1720000,0.2080923,0.2963484
0,4.970833,22,1.24375006,0.1720000,0.2081263,0.2963496
0,4.975000,22,1.24479173,0.1720000,0.2081643,0.2963506
0,4.979167,22,1.24583340,0.1720000,0.2082069,0.2963517
0,4.983333,22,1.24687507,0.1720000,0.2082539,0.2963528
0,4.987500,22,1.24791673,0.1720000,0.2083057,0.2963538
0,4.991667,22,1.24895840,0.1720000,0.2083620,0.2963549
0,4.995833,22,1.25000007,0.1720000,0.2084230,0.2963558
1,0.000000,26,0.12604167,0.1720000,0.2024903,0.2962973
1,0.004167,26,0.12708334,0.1720000,0.2025355,0.2962972
1,0.008333,26,0.12812501,0.1720000,0.2025814,0.2962975
1,0.012500,26,0.12916667,0.1720000,0.2026274,0.2962973
1,0.016667,26,0.13020834,0.1720000,0.2026740,0.2962976
1,0.020833,26,0.13125001,0.1720000,0.2027207,0.2962976
1,0.025000,26,0.13229167,0.1720000,0.2027680,0.2962978
1,0.029167,26,0.13333334,0.1720001,0.2028153,0.2962978
1,0.033333,26,0.13437501,0.1720001,0.2028632,0.2962981
1,0.037500,26,0.13541667,0.1720002,0.2029111,0.2962981
1,0.041667,26,0.13645834,0.1720002,0.2029598,0.2962984
1,0.045833,26,0.13750001,0.1720001,0.2030083,0.2962982
1,0.050000,26,0.13854167,0.1720000,0.2030574,0.2962983
1,0.054167,26,0.13958334,0.1719997,0.2031063,0.2962978
1,0.058333,26,0.14062501,0.1719992,0.2031556,0.2962976
1,0.062500,26,0.14166667,0.1719984,0.2032047,0.2962969
1,0.066667,26,0.14270834,0.1719972,0.2032539,0.2962959
1,0.070833,26,0.14375001,0.1719958,0.2033028,0.2962944
1,0.075000,26,0.14479167,0.1719935,0.2033517,0.2962924
1,0.079167,26,0.14583334,0.1719908,0.2034000,0.2962897
1,0.083333,26,0.14687501,0.1719871,0.2034479,0.2962863
1,0.087500,26,0.14791667,0.1719828,0.2034952,0.2962818
1,0.091667,26,0.14895834,0.1719771,0.2035417,0.2962764
1,0.095833,26,0.15000001,0.1719707,0.2035873,0.2962698
1,0.100000,26,0.15104167,0.1719626,0.2036319,0.2962620
1,0.104167,26,0.15208334,0.1719535,0.2036756,0.2962528
1,0.108333,26,0.15312501,0.1719424,0.2037178,0.2962419
1,0.112500,26,0.15416667,0.1719302,0.2037588,0.2962295
1,0.116667,26,0.15520834,0.1719159,0.2037983,0.2962154
1,0.120833,26,0.15625001,0.1719003,0.2038364,0.2961996
1,0.125000,26,0.15729167,0.1718823,0.2038728,0.2961817
1,0.129167,26,0.15833334,0.1718631,0.2039079,0.2961625
1,0.133333,26,0.15937501,0.1718415,0.2039411,0.2961410
1,0.137500,26,0.16041668,0.1718185,0.2039729,0.2961179
1,0.141667,26,0.16145834,0.1717934,0.2040030,0.2960928
1,0.145833,26,0.16250001,0.1717670,0.2040319,0.2960663
1,0.150000,26,0.16354168,0.1717387,0.2040593,0.2960381
1,0.154167,26,0.16458334,0.1717092,0.2040856,0.2960086
1,0.158333,26,0.16562501,0.1716783,0.2041109,0.2959776
1,0.162500,26,0.16666668,0.1716464,0.2041351,0.2959456
1,0.166667,26,0.16770834,0.1716138,0.2041591,0.2959130
1,0.170833,26,0.16875001,0.1715804,0.2041824,0.2958795
1,0.175000,26,0.16979168,0.1715470,0.2042060,0.2958460
1,0.179167,26,0.17083334,0.1715132,0.2042293,0.2958120
1,0.183333,26,0.17187501,0.1714801,0.2042538,0.2957791
1,0.187500,26,0.17291668,0.1714471,0.2042782,0.2957459
1,0.191667,26,0.17395834,0.1714156,0.2043047,0.2957144
1,0.195833,26,0.17500001,0.1713845,0.2043315,0.2956832
1,0.200000,26,0.17604168,0.1713558,0.2043612,0.2956547
1,0.204167,26,0.17708334,0.1713277,0.2043914,0.2956265
1,0.208333,26,0.17812501,0.1713029,0.2044253,0.2956018
1,0.212500,26,0.17916668,0.1712789,0.2044600,0.2955774
1,0.216667,26,0.18020834,0.1712588,0.2044991,0.2955576
1,0.220833,26,0.18125001,0.1712395,0.2045390,0.2955383
1,0.225000,26,0.18229168,0.1712248,0.2045838,0.2955237
1,0.229167,26,0.18333334,0.1712108,0.2046293,0.2955099
1,0.233333,26,0.18437501,0.1712016,0.2046800,0.2955010
1,0.237500,26,0.18541668,0.1711930,0.2047313,0.2954926
1,0.241667,26,0.18645834,0.1711893,0.2047878,0.2954890
1,0.245833,26,0.18750001,0.1711857,0.2048444,0.2954856
1,0.250000,26,0.18854168,0.1711869,0.2049061,0.2954870
1,0.254167,26,0.18958334,0.1711881,0.2049678,0.2954885
1,0.258333,26,0.19062501,0.1711942,0.2050346,0.2954950
1,0.262500,26,0.19166668,0.1712002,0.2051014,0.2955013
1,0.266667,26,0.19270834,0.1712111,0.2051734,0.2955128
1,0.270833,26,0.19375001,0.1712219,0.2052453,0.2955239
1,0.275000,26,0.19479168,0.1712374,0.2053221,0.2955399
1,0.279167,26,0.19583334,0.1712528,0.2053990,0.2955558
1,0.283333,26,0.19687501,0.1712727,0.2054804,0.2955763
1,0.287500,26,0.19791668,0.1712925,0.2055619,0.2955967
1,0.291667,26,0.19895834,0.1713163,0.2056476,0.2956213
1,0.295833,26,0.20000001,0.1713400,0.2057332,0.2956460
1,0.300000,26,0.20104168,0.1713671,0.2058225,0.2956741
1,0.304167,26,0.20208334,0.1713942,0.2059117,0.2957023
1,0.308333,26,0.20312501,0.1714240,0.2060038,0.2957332
1,0.312500,26,0.20416668,0.1714538,0.2060960,0.2957642
1,0.316667,26,0.20520834,0.1714855,0.2061902,0.2957971
1,0.320833,26,0.20625001,0.1715171,0.2062844,0.2958303
1,0.325000,26,0.20729168,0.1715498,0.2063799,0.2958648
1,0.329167,26,0.20833334,0.1715824,0.2064754,0.2958994
1,0.333333,26,0.20937501,0.1716151,0.2065711,0.2959341
1,0.337500,26,0.21041668,0.1716478,0.2066668,0.2959689
1,0.341667,26,0.21145834,0.1716796,0.2067618,0.2960031
1,0.345833,26,0.21250001,0.1717114,0.2068568,0.2960374
1,0.350000,26,0.21354168,0.1717413,0.2069501,0.2960699
1,0.354167,26,0.21458334,0.1717712,0.2070434,0.2961029
1,0.358333,26,0.21562501,0.1717983,0.2071341,0.2961334
1,0.362500,26,0.21666668,0.1718254,0.2072249,0.2961642
1,0.366667,26,0.21770834,0.1718489,0.2073121,0.2961917
1,0.370833,26,0.21875001,0.1718723,0.2073994,0.2962193
1,0.375000,26,0.21979168,0.1718913,0.2074823,0.2962428
1,0.379167,26,0.22083334,0.1719103,0.2075654,0.2962666
1,0.383333,26,0.22187501,0.1719243,0.2076436,0.2962858
1,0.387500,26,0.22291668,0.1719383,0.2077218,0.2963054
1,0.391667,26,0.22395835,0.1719469,0.2077948,0.2963201
1,0.395833,26,0.22500001,0.1719554,0.2078678,0.2963356
1,0.400000,26,0.22604168,0.1719583,0.2079353,0.2963457
1,0.404167,26,0.22708335,0.1719612,0.2080030,0.2963563
1,0.408333,26,0.22812501,0.1719584,0.2080649,0.2963614
1,0.412500,26,0.22916668,0.1719557,0.2081270,0.2963672
1,0.416667,26,0.23020835,0.1719475,0.2081839,0.2963681
1,0.420833,26,0.23125001,0.1719394,0.2082410,0.2963699
1,0.425000,26,0.23229168,0.1719263,0.2082932,0.2963675
1,0.429167,26,0.23333335,0.1719133,0.2083458,0.2963662
1,0.433333,26,0.23437501,0.1718961,0.2083942,0.2963613
1,0.437500,26,0.23541668,0.1718789,0.2084426,0.2963569
1,0.441667,26,0.23645835,0.1718586,0.2084881,0.2963503
1,0.445833,26,0.23750001,0.1718383,0.2085338,0.2963442
1,0.450000,26,0.23854168,0.1718161,0.2085776,0.2963372
1,0.454167,26,0.23958335,0.1717938,0.2086218,0.2963313
1,0.458333,26,0.24062501,0.1717711,0.2086656,0.2963262
1,0.462500,26,0.24166668,0.1717484,0.2087098,0.2963226
1,0.466667,26,0.24270835,0.1717269,0.2087552,0.2963211
1,0.470833,26,0.24375001,0.1717053,0.2088007,0.2963203
1,0.475000,26,0.24479168,0.1716866,0.2088493,0.2963235
1,0.479167,26,0.24583335,0.1716679,0.2088981,0.2963279
1,0.483333,26,0.24687501,0.1716538,0.2089516,0.2963380
1,0.487500,26,0.24791668,0.1716398,0.2090056,0.2963499
1,0.491667,26,0.24895835,0.1716323,0.2090663,0.2963699
1,0.495833,26,0.25000001,0.1716247,0.2091274,0.2963920
1,0.500000,26,0.25104168,0.1716255,0.2091971,0.2964237
1,0.504167,26,0.25208335,0.1716263,0.2092670,0.2964567
1,0.508333,26,0.25312501,0.1716372,0.2093471,0.2965012
1,0.512500,26,0.25416668,0.1716480,0.2094275,0.2965473
1,0.516667,26,0.25520835,0.1716706,0.2095198,0.2966068
1,0.520833,26,0.25625001,0.1716931,0.2096128,0.2966686
1,0.525000,26,0.25729168,0.1717289,0.2097192,0.2967459
1,0.529167,26,0.25833335,0.1717646,0.2098261,0.2968256
1,0.533333,26,0.25937501,0.1718147,0.2099477,0.2969218
1,0.537500,26,0.26041668,0.1718648,0.2100696,0.2970198
1,0.541667,26,0.26145835,0.1719303,0.2102072,0.2971350
1,0.545833,26,0.26250001,0.1719958,0.2103454,0.2972526
1,0.550000,26,0.26354168,0.1720775,0.2104999,0.2973886
1,0.554167,26,0.26458335,0.1721592,0.2106550,0.2975275
1,0.558333,26,0.26562501,0.1722575,0.2108273,0.2976860
1,0.562500,26,0.26666668,0.1723559,0.2110004,0.2978480
1,0.566667,26,0.26770835,0.1724710,0.2111906,0.2980291
1,0.570833,26,0.26875001,0.1725863,0.2113814,0.2982129
1,0.575000,26,0.26979168,0.1727182,0.2115893,0.2984157
1,0.579167,26,0.27083335,0.1728502,0.2117979,0.2986217
1,0.583333,26,0.27187501,0.1729988,0.2120234,0.2988473
1,0.587500,26,0.27291668,0.1731474,0.2122498,0.2990766
1,0.591667,26,0.27395835,0.1733121,0.2124927,0.2993253
1,0.595833,26,0.27500001,0.1734768,0.2127368,0.2995786
1,0.600000,26,0.27604168,0.1736570,0.2129968,0.2998505
1,0.604167,26,0.27708335,0.1738372,0.2132575,0.3001255
1,0.608333,26,0.27812501,0.1740323,0.2135335,0.3004186
1,0.612500,26,0.27916668,0.1742274,0.2138105,0.3007155
1,0.616667,26,0.28020835,0.1744367,0.2141020,0.3010303
1,0.620833,26,0.28125001,0.1746460,0.2143947,0.3013494
1,0.625000,26,0.28229168,0.1748688,0.2147015,0.3016865
1,0.629167,26,0.28333335,0.1750917,0.2150096,0.3020288
1,0.633333,26,0.28437501,0.1753275,0.2153311,0.3023880
1,0.637500,26,0.28541668,0.1755632,0.2156535,0.3027511
1,0.641667,26,0.28645835,0.1758116,0.2159890,0.3031306
1,0.645833,26,0.28750001,0.1760599,0.2163256,0.3035147
1,0.650000,26,0.28854168,0.1763206,0.2166752,0.3039154
1,0.654167,26,0.28958335,0.1765814,0.2170261,0.3043215
1,0.658333,26,0.29062502,0.1768545,0.2173901,0.3047453
1,0.662500,26,0.29166668,0.1771276,0.2177556,0.3051749
1,0.666667,26,0.29270835,0.1774135,0.2181345,0.3056220
1,0.670833,26,0.29375002,0.1776994,0.2185145,0.3060739
1,0.675000,26,0.29479168,0.1779985,0.2189084,0.3065434
1,0.679167,26,0.29583335,0.1782977,0.2193037,0.3070185
1,0.683333,26,0.29687502,0.1786110,0.2197138,0.3075127
1,0.687500,26,0.29791668,0.1789243,0.2201253,0.3080130
1,0.691667,26,0.29895835,0.1792529,0.2205530,0.3085343
1,0.695833,26,0.30000002,0.1795815,0.2209824,0.3090624
1,0.700000,26,0.30104168,0.1799267,0.2214289,0.3096124
1,0.704167,26,0.30208335,0.1802719,0.2218769,0.3101678
1,0.708333,26,0.30312502,0.1806351,0.2223436,0.3107465
1,0.712500,26,0.30416668,0.1809983,0.2228116,0.3113309
1,0.716667,26,0.30520835,0.1813811,0.2233001,0.3119407
1,0.720833,26,0.30625002,0.1817639,0.2237901,0.3125572
1,0.725000,26,0.30729168,0.1821678,0.2243023,0.3132010
1,0.729167,26,0.30833335,0.1825717,0.2248162,0.3138523
1,0.733333,26,0.30937502,0.1829982,0.2253535,0.3145320
1,0.737500,26,0.31041668,0.1834247,0.2258921,0.3152176
1,0.741667,26,0.31145835,0.1838750,0.2264554,0.3159328
1,0.745833,26,0.31250002,0.1843253,0.2270202,0.3166542
1,0.750000,26,0.31354168,0.1848004,0.2276108,0.3174070
1,0.754167,26,0.31458335,0.1852756,0.2282029,0.3181664
1,0.758333,26,0.31562502,0.1857761,0.2288214,0.3189580
1,0.762500,26,0.31666668,0.1862768,0.2294418,0.3197573
1,0.766667,26,0.31770835,0.1868030,0.2300887,0.3205883
1,0.770833,26,0.31875002,0.1873293,0.2307369,0.3214257
1,0.775000,26,0.31979168,0.1878809,0.2314112,0.3222944
1,0.779167,26,0.32083335,0.1884325,0.2320872,0.3231697
1,0.783333,26,0.32187502,0.1890087,0.2327885,0.3240757
1,0.787500,26,0.32291668,0.1895849,0.2334914,0.3249890
1,0.791667,26,0.32395835,0.1901842,0.2342184,0.3259319
1,0.795833,26,0.32500002,0.1907836,0.2349470,0.3268824
1,0.800000,26,0.32604168,0.1914042,0.2356977,0.3278604
1,0.804167,26,0.32708335,0.1920248,0.2364498,0.3288448
1,0.808333,26,0.32812502,0.1926642,0.2372214,0.3298536
1,0.812500,26,0.32916668,0.1933037,0.2379945,0.3308691
1,0.816667,26,0.33020835,0.1939591,0.2387842,0.3319066
1,0.820833,26,0.33125002,0.1946146,0.2395754,0.3329511
1,0.825000,26,0.33229168,0.1952828,0.2403799,0.3340143
1,0.829167,26,0.33333335,0.1959510,0.2411860,0.3350845
1,0.833333,26,0.33437502,0.1966283,0.2420019,0.3361699
1,0.837500,26,0.33541668,0.1973058,0.2428192,0.3372616
1,0.841667,26,0.33645835,0.1979889,0.2436424,0.3383642
1,0.845833,26,0.33750002,0.1986719,0.2444669,0.3394729
1,0.850000,26,0.33854168,0.1993570,0.2452939,0.3405890
1,0.854167,26,0.33958335,0.2000421,0.2461221,0.3417113
1,0.858333,26,0.34062502,0.2007257,0.2469490,0.3428372
1,0.862500,26,0.34166668,0.2014093,0.2477771,0.3439694
1,0.866667,26,0.34270835,0.2020881,0.2486009,0.3451018
1,0.870833,26,0.34375002,0.2027670,0.2494256,0.3462398
1,0.875000,26,0.34479168,0.2034384,0.2502429,0.3473749
1,0.879167,26,0.34583335,0.2041098,0.2510612,0.3485152
1,0.883333,26,0.34687502,0.2047715,0.2518697,0.3496501
1,0.887500,26,0.34791668,0.2054332,0.2526790,0.3507900
1,0.891667,26,0.34895835,0.2060834,0.2534768,0.3519224
1,0.895833,26,0.35000002,0.2067338,0.2542755,0.3530600
1,0.900000,26,0.35104168,0.2073718,0.2550616,0.3541889
1,0.904167,26,0.35208335,0.2080098,0.2558483,0.3553223
1,0.908333,26,0.35312502,0.2086353,0.2566221,0.3564467
1,0.912500,26,0.35416669,0.2092609,0.2573965,0.3575750
1,0.916667,26,0.35520835,0.2098745,0.2581584,0.3586942
1,0.920833,26,0.35625002,0.2104881,0.2589206,0.3598171
1,0.925000,26,0.35729169,0.2110910,0.2596714,0.3609316
1,0.929167,26,0.35833335,0.2116938,0.2604224,0.3620494
1,0.933333,26,0.35937502,0.2122879,0.2611639,0.3631606
1,0.937500,26,0.36041669,0.2128820,0.2619053,0.3642747
1,0.941667,26,0.36145835,0.2134696,0.2626395,0.3653842
1,0.945833,26,0.36250002,0.2140573,0.2633736,0.3664961
1,0.950000,26,0.36354169,0.2146412,0.2641028,0.3676057
1,0.954167,26,0.36458335,0.2152251,0.2648317,0.3687168
1,0.958333,26,0.36562502,0.2158082,0.2655585,0.3698278
1,0.962500,26,0.36666669,0.2163914,0.2662848,0.3709400
1,0.966667,26,0.36770835,0.2169766,0.2670119,0.3720546
1,0.970833,26,0.36875002,0.2175618,0.2677385,0.3731709
1,0.975000,26,0.36979169,0.2181519,0.2684683,0.3742918
1,0.979167,26,0.37083335,0.2187419,0.2691975,0.3754135
1,0.983333,26,0.37187502,0.2193390,0.2699319,0.3765415
1,0.987500,26,0.37291669,0.2199361,0.2706654,0.3776692
1,0.991667,26,0.37395835,0.2205419,0.2714055,0.3788042
1,0.995833,26,0.37500002,0.2211477,0.2721444,0.3799381
1,1.000000,26,0.37604169,0.2217630,0.2728908,0.3810803
1,1.004167,26,0.37708335,0.2223783,0.2736362,0.3822219
1,1.008333,26,0.37812502,0.2230030,0.2743888,0.3833715
1,1.012500,26,0.37916669,0.2236277,0.2751399,0.3845194
1,1.016667,26,0.38020835,0.2242604,0.2758968,0.3856730
1,1.020833,26,0.38125002,0.2248932,0.2766521,0.3868244
1,1.025000,26,0.38229169,0.2255318,0.2774104,0.3879779
1,1.029167,26,0.38333335,0.2261703,0.2781669,0.3891287
1,1.033333,26,0.38437502,0.2268110,0.2789229,0.3902784
1,1.037500,26,0.38541669,0.2274517,0.2796772,0.3914257
1,1.041667,26,0.38645835,0.2280899,0.2804262,0.3925673
1,1.045833,26,0.38750002,0.2287281,0.2811732,0.3937055
1,1.050000,26,0.38854169,0.2293581,0.2819091,0.3948312
1,1.054167,26,0.38958335,0.2299881,0.2826427,0.3959530
1,1.058333,26,0.39062502,0.2306033,0.2833583,0.3970547
1,1.062500,26,0.39166669,0.2312185,0.2840715,0.3981518
1,1.066667,26,0.39270835,0.2318116,0.2847595,0.3992216
1,1.070833,26,0.39375002,0.2324047,0.2854452,0.4002879
1,1.075000,26,0.39479169,0.2329681,0.2860980,0.4013195
1,1.079167,26,0.39583335,0.2335315,0.2867483,0.4023464
1,1.083333,26,0.39687502,0.2340574,0.2873576,0.4033299
1,1.087500,26,0.39791669,0.2345833,0.2879642,0.4043081
1,1.091667,26,0.39895835,0.2350640,0.2885222,0.4052343
1,1.095833,26,0.40000002,0.2355448,0.2890772,0.4061544
1,1.100000,26,0.40104169,0.2359734,0.2895766,0.4070162
1,1.104167,26,0.40208335,0.2364020,0.2900733,0.4078731
1,1.108333,26,0.40312502,0.2367723,0.2905082,0.4086655
1,1.112500,26,0.40416669,0.2371425,0.2909402,0.4094520
1,1.116667,26,0.40520835,0.2374495,0.2913053,0.4101688
1,1.120833,26,0.40625002,0.2377565,0.2916673,0.4108786
1,1.125000,26,0.40729169,0.2379967,0.2919589,0.4115143
1,1.129167,26,0.40833335,0.2382368,0.2922472,0.4121428
1,1.133333,26,0.40937502,0.2384084,0.2924634,0.4126959
1,1.137500,26,0.41041669,0.2385800,0.2926766,0.4132432
1,1.141667,26,0.41145835,0.2386833,0.2928179,0.4137154
1,1.145833,26,0.41250002,0.2387865,0.2929561,0.4141812
1,1.150000,26,0.41354169,0.2388235,0.2930245,0.4145734
1,1.154167,26,0.41458335,0.2388605,0.2930897,0.4149586
1,1.158333,26,0.41562502,0.2388357,0.2930894,0.4152739
1,1.162500,26,0.41666669,0.2388108,0.2930859,0.4155820
1,1.166667,26,0.41770836,0.2387305,0.2930234,0.4158270
1,1.170833,26,0.41875002,0.2386501,0.2929580,0.4160663
1,1.175000,26,0.41979169,0.2385226,0.2928419,0.4162514
1,1.179167,26,0.42083336,0.2383952,0.2927228,0.4164301
1,1.183333,26,0.42187502,0.2382307,0.2925633,0.4165643
1,1.187500,26,0.42291669,0.2380662,0.2924008,0.4166916
1,1.191667,26,0.42395836,0.2378764,0.2922094,0.4167857
1,1.195833,26,0.42500002,0.2376865,0.2920152,0.4168726
1,1.200000,26,0.42604169,0.2374841,0.2918050,0.4169395
1,1.204167,26,0.42708336,0.2372817,0.2915922,0.4170009
1,1.208333,26,0.42812502,0.2370805,0.2913773,0.4170568
1,1.212500,26,0.42916669,0.2368793,0.2911597,0.4171066
1,1.216667,26,0.43020836,0.2366931,0.2909540,0.4171642
1,1.220833,26,0.43125002,0.2365069,0.2907458,0.4172157
1,1.225000,26,0.43229169,0.2363498,0.2905636,0.4172890
1,1.229167,26,0.43333336,0.2361926,0.2903788,0.4173554
1,1.233333,26,0.43437502,0.2360780,0.2902336,0.4174580
1,1.237500,26,0.43541669,0.2359633,0.2900860,0.4175552
1,1.241667,26,0.43645836,0.2359035,0.2899907,0.4177014
1,1.245833,26,0.43750002,0.2358436,0.2898930,0.4178421
1,1.250000,26,0.43854169,0.2358496,0.2898587,0.4180426
1,1.254167,26,0.43958336,0.2358556,0.2898221,0.4182372
1,1.258333,26,0.44062502,0.2359368,0.2898583,0.4185010
1,1.262500,26,0.44166669,0.2360179,0.2898925,0.4187589
1,1.266667,26,0.44270836,0.2361811,0.2900064,0.4190932
1,1.270833,26,0.44375002,0.2363444,0.2901186,0.4194229
1,1.275000,26,0.44479169,0.2365946,0.2903156,0.4198349
1,1.279167,26,0.44583336,0.2368447,0.2905110,0.4202422
1,1.283333,26,0.44687502,0.2371841,0.2907934,0.4207336
1,1.287500,26,0.44791669,0.2375235,0.2910744,0.4212204
1,1.291667,26,0.44895836,0.2379516,0.2914423,0.4217907
1,1.295833,26,0.45000002,0.2383798,0.2918088,0.4223562
1,1.300000,26,0.45104169,0.2388938,0.2922595,0.4230031
1,1.304167,26,0.45208336,0.2394077,0.2927090,0.4236462
1,1.308333,26,0.45312502,0.2400021,0.2932374,0.4243660
1,1.312500,26,0.45416669,0.2405965,0.2937646,0.4250822
1,1.316667,26,0.45520836,0.2412635,0.2943633,0.4258673
1,1.320833,26,0.45625002,0.2419306,0.2949609,0.4266484
1,1.325000,26,0.45729169,0.2426605,0.2956204,0.4274883
1,1.329167,26,0.45833336,0.2433904,0.2962790,0.4283248
1,1.333333,26,0.45937502,0.2441716,0.2969880,0.4292091
1,1.337500,26,0.46041669,0.2449529,0.2976964,0.4300907
1,1.341667,26,0.46145836,0.2457729,0.2984425,0.4310081
1,1.345833,26,0.46250002,0.2465928,0.2991882,0.4319230
1,1.350000,26,0.46354169,0.2474377,0.2999582,0.4328599
1,1.354167,26,0.46458336,0.2482826,0.3007278,0.4337941
1,1.358333,26,0.46562502,0.2491384,0.3015076,0.4347362
1,1.362500,26,0.46666669,0.2499941,0.3022873,0.4356754
1,1.366667,26,0.46770836,0.2508467,0.3030634,0.4366091
1,1.370833,26,0.46875002,0.2516992,0.3038394,0.4375409
1,1.375000,26,0.46979169,0.2525349,0.3045982,0.4384540
1,1.379167,26,0.47083336,0.2533706,0.3053572,0.4393652
1,1.383333,26,0.47187502,0.2541768,0.3060862,0.4402449
1,1.387500,26,0.47291669,0.2549829,0.3068156,0.4411226
1,1.391667,26,0.47395836,0.2557479,0.3075037,0.4419572
1,1.395833,26,0.47500002,0.2565129,0.3081921,0.4427897
1,1.400000,26,0.47604169,0.2572267,0.3088295,0.4435694
1,1.404167,26,0.47708336,0.2579405,0.3094672,0.4443482
1,1.408333,26,0.47812502,0.2585950,0.3100457,0.4450660
1,1.412500,26,0.47916669,0.2592495,0.3106247,0.4457830
1,1.416667,26,0.48020836,0.2598383,0.3111384,0.4464330
1,1.420833,26,0.48125003,0.2604271,0.3116526,0.4470816
1,1.425000,26,0.48229169,0.2609459,0.3120973,0.4476588
1,1.429167,26,0.48333336,0.2614647,0.3125425,0.4482348
1,1.433333,26,0.48437503,0.2619114,0.3129161,0.4487376
1,1.437500,26,0.48541669,0.2623580,0.3132902,0.4492395
1,1.441667,26,0.48645836,0.2627322,0.3135926,0.4496683
1,1.445833,26,0.48750003,0.2631063,0.3138958,0.4500963
1,1.450000,26,0.48854169,0.2634096,0.3141286,0.4504527
1,1.454167,26,0.48958336,0.2637128,0.3143623,0.4508084
1,1.458333,26,0.49062503,0.2639483,0.3145290,0.4510954
1,1.462500,26,0.49166669,0.2641838,0.3146965,0.4513814
1,1.466667,26,0.49270836,0.2643562,0.3148016,0.4516036
1,1.470833,26,0.49375003,0.2645285,0.3149076,0.4518254
1,1.475000,26,0.49479169,0.2646435,0.3149572,0.4519894
1,1.479167,26,0.49583336,0.2647584,0.3150076,0.4521531
1,1.483333,26,0.49687503,0.2648224,0.3150081,0.4522654
1,1.487500,26,0.49791669,0.2648865,0.3150095,0.4523771
1,1.491667,26,0.49895836,0.2649067,0.3149680,0.4524444
1,1.495833,26,0.50000003,0.2649268,0.3149274,0.4525109
1,1.500000,26,0.50104169,0.2649104,0.3148512,0.4525405
1,1.504167,26,0.50208336,0.2648939,0.3147759,0.4525698
1,1.508333,26,0.50312503,0.2648480,0.3146724,0.4525694
1,1.512500,26,0.50416669,0.2648021,0.3145698,0.4525689
1,1.516667,26,0.50520836,0.2647335,0.3144455,0.4525450
1,1.520833,26,0.50625003,0.2646649,0.3143223,0.4525210
1,1.525000,26,0.50729169,0.2645798,0.3141836,0.4524799
1,1.529167,26,0.50833336,0.2644948,0.3140460,0.4524385
1,1.533333,26,0.50937503,0.2643988,0.3138984,0.4523857
1,1.537500,26,0.51041669,0.2643028,0.3137519,0.4523329
1,1.541667,26,0.51145836,0.2642004,0.3136001,0.4522732
1,1.545833,26,0.51250003,0.2640980,0.3134494,0.4522136
1,1.550000,26,0.51354169,0.2639928,0.3132970,0.4521509
1,1.554167,26,0.51458336,0.2638878,0.3131456,0.4520877
1,1.558333,26,0.51562503,0.2637826,0.3129952,0.4520241
1,1.562500,26,0.51666669,0.2636775,0.3128458,0.4519603
1,1.566667,26,0.51770836,0.2635740,0.3126990,0.4518975
1,1.570833,26,0.51875003,0.2634706,0.3125536,0.4518348
1,1.575000,26,0.51979169,0.2633696,0.3124115,0.4517744
1,1.579167,26,0.52083336,0.2632686,0.3122705,0.4517137
1,1.583333,26,0.52187503,0.2631703,0.3121330,0.4516552
1,1.587500,26,0.52291669,0.2630719,0.3119965,0.4515965
1,1.591667,26,0.52395836,0.2629756,0.3118631,0.4515392
1,1.595833,26,0.52500003,0.2628792,0.3117305,0.4514817
1,1.600000,26,0.52604169,0.2627838,0.3115999,0.4514247
1,1.604167,26,0.52708336,0.2626883,0.3114702,0.4513674
1,1.608333,26,0.52812503,0.2625924,0.3113410,0.4513092
1,1.612500,26,0.52916669,0.2624965,0.3112129,0.4512510
1,1.616667,26,0.53020836,0.2623986,0.3110836,0.4511904
1,1.620833,26,0.53125003,0.2623007,0.3109553,0.4511295
1,1.625000,26,0.53229169,0.2621993,0.3108242,0.4510645
1,1.629167,26,0.53333336,0.2620979,0.3106940,0.4509990
1,1.633333,26,0.53437503,0.2619916,0.3105598,0.4509283
1,1.637500,26,0.53541669,0.2618852,0.3104264,0.4508572
1,1.641667,26,0.53645836,0.2617729,0.3102880,0.4507798
1,1.645833,26,0.53750003,0.2616605,0.3101504,0.4507021
1,1.650000,26,0.53854169,0.2615414,0.3100068,0.4506172
1,1.654167,26,0.53958336,0.2614224,0.3098640,0.4505320
1,1.658333,26,0.54062503,0.2612962,0.3097150,0.4504392
1,1.662500,26,0.54166669,0.2611701,0.3095667,0.4503460
1,1.666667,26,0.54270836,0.2610372,0.3094123,0.4502456
1,1.670833,26,0.54375003,0.2609042,0.3092586,0.4501445
1,1.675000,26,0.54479170,0.2607651,0.3090996,0.4500371
1,1.679167,26,0.54583336,0.2606260,0.3089413,0.4499292
1,1.683333,26,0.54687503,0.2604818,0.3087787,0.4498159
1,1.687500,26,0.54791670,0.2603376,0.3086168,0.4497022
1,1.691667,26,0.54895836,0.2601899,0.3084518,0.4495845
1,1.695833,26,0.55000003,0.2600422,0.3082875,0.4494662
1,1.700000,26,0.55104170,0.2598928,0.3081222,0.4493459
1,1.704167,26,0.55208336,0.2597434,0.3079575,0.4492250
1,1.708333,26,0.55312503,0.2595943,0.3077938,0.4491040
1,1.712500,26,0.55416670,0.2594453,0.3076308,0.4489828
1,1.716667,26,0.55520836,0.2592987,0.3074708,0.4488635
1,1.720833,26,0.55625003,0.2591523,0.3073115,0.4487438
1,1.725000,26,0.55729170,0.2590105,0.3071573,0.4486285
1,1.729167,26,0.55833336,0.2588687,0.3070037,0.4485126
1,1.733333,26,0.55937503,0.2587338,0.3068574,0.4484031
1,1.737500,26,0.56041670,0.2585989,0.3067117,0.4482932
1,1.741667,26,0.56145836,0.2584727,0.3065753,0.4481916
1,1.745833,26,0.56250003,0.2583466,0.3064393,0.4480895
1,1.750000,26,0.56354170,0.2582308,0.3063142,0.4479974
1,1.754167,26,0.56458336,0.2581150,0.3061895,0.4479047
1,1.758333,26,0.56562503,0.2580108,0.3060769,0.4478233
1,1.762500,26,0.56666670,0.2579066,0.3059646,0.4477414
1,1.766667,26,0.56770836,0.2578150,0.3058653,0.4476715
1,1.770833,26,0.56875003,0.2577233,0.3057663,0.4476012
1,1.775000,26,0.56979170,0.2576445,0.3056808,0.4475434
1,1.779167,26,0.57083336,0.2575658,0.3055956,0.4474851
1,1.783333,26,0.57187503,0.2574999,0.3055237,0.4474392
1,1.787500,26,0.57291670,0.2574341,0.3054521,0.4473929
1,1.791667,26,0.57395836,0.2573806,0.3053932,0.4473587
1,1.795833,26,0.57500003,0.2573272,0.3053348,0.4473239
1,1.800000,26,0.57604170,0.2572854,0.3052881,0.4473006
1,1.804167,26,0.57708336,0.2572435,0.3052419,0.4472767
1,1.808333,26,0.57812503,0.2572121,0.3052063,0.4472626
1,1.812500,26,0.57916670,0.2571807,0.3051711,0.4472481
1,1.816667,26,0.58020836,0.2571582,0.3051450,0.4472422
1,1.820833,26,0.58125003,0.2571357,0.3051192,0.4472360
1,1.825000,26,0.58229170,0.2571204,0.3051010,0.4472366
1,1.829167,26,0.58333336,0.2571052,0.3050829,0.4472369
1,1.833333,26,0.58437503,0.2570955,0.3050705,0.4472422
1,1.837500,26,0.58541670,0.2570857,0.3050585,0.4472471
1,1.841667,26,0.58645836,0.2570796,0.3050503,0.4472552
1,1.845833,26,0.58750003,0.2570736,0.3050424,0.4472631
1,1.850000,26,0.58854170,0.2570694,0.3050365,0.4472723
1,1.854167,26,0.58958336,0.2570653,0.3050309,0.4472814
1,1.858333,26,0.59062503,0.2570613,0.3050257,0.4472902
1,1.862500,26,0.59166670,0.2570575,0.3050207,0.4472989
1,1.866667,26,0.59270836,0.2570525,0.3050147,0.4473060
1,1.870833,26,0.59375003,0.2570475,0.3050090,0.4473127
1,1.875000,26,0.59479170,0.2570403,0.3050011,0.4473168
1,1.879167,26,0.59583336,0.2570329,0.3049933,0.4473205
1,1.883333,26,0.59687503,0.2570225,0.3049826,0.4473207
1,1.887500,26,0.59791670,0.2570120,0.3049719,0.4473207
1,1.891667,26,0.59895836,0.2569978,0.3049577,0.4473164
1,1.895833,26,0.60000003,0.2569836,0.3049435,0.4473120
1,1.900000,26,0.60104170,0.2569654,0.3049255,0.4473032
1,1.904167,26,0.60208336,0.2569472,0.3049076,0.4472943
1,1.908333,26,0.60312503,0.2569251,0.3048860,0.4472810
1,1.912500,26,0.60416670,0.2569030,0.3048644,0.4472674
1,1.916667,26,0.60520836,0.2568774,0.3048394,0.4472500
1,1.920833,26,0.60625003,0.2568517,0.3048145,0.4472323
1,1.925000,26,0.60729170,0.2568232,0.3047869,0.4472115
1,1.929167,26,0.60833337,0.2567947,0.3047592,0.4471905
1,1.933333,26,0.60937503,0.2567640,0.3047296,0.4471671
1,1.937500,26,0.61041670,0.2567334,0.3047000,0.4471435
1,1.941667,26,0.61145837,0.2567018,0.3046695,0.4471184
1,1.945833,26,0.61250003,0.2566701,0.3046390,0.4470932
1,1.950000,26,0.61354170,0.2566384,0.3046087,0.4470677
1,1.954167,26,0.61458337,0.2566067,0.3045784,0.4470421
1,1.958333,26,0.61562503,0.2565762,0.3045494,0.4470173
1,1.962500,26,0.61666670,0.2565457,0.3045203,0.4469925
1,1.966667,26,0.61770837,0.2565175,0.3044936,0.4469697
1,1.970833,26,0.61875003,0.2564893,0.3044670,0.4469466
1,1.975000,26,0.61979170,0.2564643,0.3044436,0.4469266
1,1.979167,26,0.62083337,0.2564394,0.3044203,0.4469063
1,1.983333,26,0.62187503,0.2564186,0.3044013,0.4468900
1,1.987500,26,0.62291670,0.2563979,0.3043823,0.4468735
1,1.991667,26,0.62395837,0.2563821,0.3043683,0.4468620
1,1.995833,26,0.62500003,0.2563663,0.3043543,0.4468502
1,2.000000,26,0.62604170,0.2563560,0.3043458,0.4468437
1,2.004167,26,0.62708337,0.2563457,0.3043375,0.4468372
1,2.008333,26,0.62812503,0.2563412,0.3043349,0.4468361
1,2.012500,26,0.62916670,0.2563368,0.3043324,0.4468350
1,2.016667,26,0.63020837,0.2563382,0.3043358,0.4468396
1,2.020833,26,0.63125003,0.2563396,0.3043393,0.4468442
1,2.025000,26,0.63229170,0.2563468,0.3043484,0.4468542
1,2.029167,26,0.63333337,0.2563540,0.3043577,0.4468643
1,2.033333,26,0.63437503,0.2563666,0.3043724,0.4468795
1,2.037500,26,0.63541670,0.2563792,0.3043871,0.4468947
1,2.041667,26,0.63645837,0.2563967,0.3044067,0.4469145
1,2.045833,26,0.63750003,0.2564142,0.3044262,0.4469343
1,2.050000,26,0.63854170,0.2564358,0.3044500,0.4469580
1,2.054167,26,0.63958337,0.2564574,0.3044737,0.4469818
1,2.058333,26,0.64062503,0.2564823,0.3045008,0.4470085
1,2.062500,26,0.64166670,0.2565072,0.3045279,0.4470353
1,2.066667,26,0.64270837,0.2565345,0.3045573,0.4470642
1,2.070833,26,0.64375003,0.2565617,0.3045866,0.4470931
1,2.075000,26,0.64479170,0.2565902,0.3046174,0.4471233
1,2.079167,26,0.64583337,0.2566187,0.3046482,0.4471532
1,2.083333,26,0.64687503,0.2566475,0.3046791,0.4471832
1,2.087500,26,0.64791670,0.2566763,0.3047101,0.4472134
1,2.091667,26,0.64895837,0.2567042,0.3047403,0.4472426
1,2.095833,26,0.65000003,0.2567322,0.3047705,0.4472718
1,2.100000,26,0.65104170,0.2567584,0.3047990,0.4472992
1,2.104167,26,0.65208337,0.2567846,0.3048274,0.4473262
1,2.108333,26,0.65312503,0.2568083,0.3048533,0.4473507
1,2.112500,26,0.65416670,0.2568318,0.3048791,0.4473752
1,2.116667,26,0.65520837,0.2568520,0.3049015,0.4473962
1,2.120833,26,0.65625003,0.2568721,0.3049239,0.4474171
1,2.125000,26,0.65729170,0.2568882,0.3049423,0.4474339
1,2.129167,26,0.65833337,0.2569043,0.3049607,0.4474508
1,2.133333,26,0.65937503,0.2569159,0.3049745,0.4474630
1,2.137500,26,0.66041670,0.2569274,0.3049883,0.4474752
1,2.141667,26,0.66145837,0.2569341,0.3049973,0.4474824
1,2.145833,26,0.66250003,0.2569408,0.3050062,0.4474896
1,2.150000,26,0.66354170,0.2569424,0.3050101,0.4474916
1,2.154167,26,0.66458337,0.2569439,0.3050140,0.4474937
1,2.158333,26,0.66562503,0.2569405,0.3050128,0.4474907
1,2.162500,26,0.66666670,0.2569371,0.3050117,0.4474877
1,2.166667,26,0.66770837,0.2569286,0.3050056,0.4474797
1,2.170833,26,0.66875003,0.2569202,0.3049994,0.4474715
1,2.175000,26,0.66979170,0.2569071,0.3049886,0.4474588
1,2.179167,26,0.67083337,0.2568940,0.3049779,0.4474458
1,2.183333,26,0.67187504,0.2568766,0.3049627,0.4474286
1,2.187500,26,0.67291670,0.2568592,0.3049476,0.4474116
1,2.191667,26,0.67395837,0.2568380,0.3049286,0.4473904
1,2.195833,26,0.67500004,0.2568168,0.3049098,0.4473695
1,2.200000,26,0.67604170,0.2567923,0.3048875,0.4473450
1,2.204167,26,0.67708337,0.2567677,0.3048653,0.4473207
1,2.208333,26,0.67812504,0.2567406,0.3048404,0.4472937
1,2.212500,26,0.67916670,0.2567134,0.3048156,0.4472666
1,2.216667,26,0.68020837,0.2566842,0.3047886,0.4472376
1,2.220833,26,0.68125004,0.2566550,0.3047617,0.4472084
1,2.225000,26,0.68229170,0.2566244,0.3047333,0.4471779
1,2.229167,26,0.68333337,0.2565937,0.3047050,0.4471473
1,2.233333,26,0.68437504,0.2565623,0.3046758,0.4471159
1,2.237500,26,0.68541670,0.2565309,0.3046468,0.4470847
1,2.241667,26,0.68645837,0.2564994,0.3046176,0.4470532
1,2.245833,26,0.68750004,0.2564678,0.3045883,0.4470216
1,2.250000,26,0.68854170,0.2564366,0.3045594,0.4469904
1,2.254167,26,0.68958337,0.2564054,0.3045305,0.4469591
1,2.258333,26,0.69062504,0.2563751,0.3045025,0.4469289
1,2.262500,26,0.69166670,0.2563448,0.3044744,0.4468987
1,2.266667,26,0.69270837,0.2563158,0.3044477,0.4468697
1,2.270833,26,0.69375004,0.2562869,0.3044211,0.4468408
1,2.275000,26,0.69479170,0.2562595,0.3043960,0.4468135
1,2.279167,26,0.69583337,0.2562322,0.3043711,0.4467862
1,2.283333,26,0.69687504,0.2562069,0.3043480,0.4467608
1,2.287500,26,0.69791670,0.2561816,0.3043250,0.4467355
1,2.291667,26,0.69895837,0.2561585,0.3043042,0.4467124
1,2.295833,26,0.70000004,0.2561353,0.3042833,0.4466893
1,2.300000,26,0.70104170,0.2561145,0.3042648,0.4466685
1,2.304167,26,0.70208337,0.2560937,0.3042462,0.4466477
1,2.308333,26,0.70312504,0.2560753,0.3042301,0.4466293
1,2.312500,26,0.70416670,0.2560569,0.3042140,0.4466109
1,2.316667,26,0.70520837,0.2560408,0.3042002,0.4465948
1,2.320833,26,0.70625004,0.2560248,0.3041865,0.4465788
1,2.325000,26,0.70729170,0.2560111,0.3041750,0.4465652
1,2.329167,26,0.70833337,0.2559974,0.3041637,0.4465514
1,2.333333,26,0.70937504,0.2559860,0.3041545,0.4465400
1,2.337500,26,0.71041670,0.2559746,0.3041453,0.4465285
1,2.341667,26,0.71145837,0.2559652,0.3041383,0.4465192
1,2.345833,26,0.71250004,0.2559559,0.3041312,0.4465097
1,2.350000,26,0.71354170,0.2559484,0.3041260,0.4465024
1,2.354167,26,0.71458337,0.2559410,0.3041209,0.4464948
1,2.358333,26,0.71562504,0.2559352,0.3041174,0.4464892
1,2.362500,26,0.71666670,0.2559295,0.3041140,0.4464836
1,2.366667,26,0.71770837,0.2559253,0.3041120,0.4464792
1,2.370833,26,0.71875004,0.2559210,0.3041100,0.4464750
1,2.375000,26,0.71979170,0.2559180,0.3041093,0.4464720
1,2.379167,26,0.72083337,0.2559150,0.3041085,0.4464689
1,2.383333,26,0.72187504,0.2559131,0.3041089,0.4464671
1,2.387500,26,0.72291670,0.2559112,0.3041093,0.4464652
1,2.391667,26,0.72395837,0.2559102,0.3041106,0.4464643
1,2.395833,28,0.72500004,0.2559093,0.3041120,0.4464633
1,2.400000,28,0.72604170,0.2559093,0.3041138,0.4464630
1,2.404167,28,0.72708337,0.2559093,0.3041157,0.4464625
1,2.408333,28,0.72812504,0.2559093,0.3041176,0.4464621
1,2.412500,28,0.72916670,0.2559093,0.3041195,0.4464619
1,2.416667,28,0.73020837,0.2559093,0.3041214,0.4464615
1,2.420833,28,0.73125004,0.2559093,0.3041234,0.4464612
1,2.425000,28,0.73229170,0.2559093,0.3041254,0.4464610
1,2.429167,28,0.73333337,0.2559093,0.3041275,0.4464609
1,2.433333,28,0.73437504,0.2559093,0.3041295,0.4464606
1,2.437500,28,0.73541671,0.2559093,0.3041316,0.4464605
1,2.441667,28,0.73645837,0.2559093,0.3041338,0.4464604
1,2.445833,28,0.73750004,0.2559093,0.3041359,0.4464603
1,2.450000,28,0.73854171,0.2559093,0.3041382,0.4464602
1,2.454167,28,0.73958337,0.2559093,0.3041404,0.4464603
1,2.458333,28,0.74062504,0.2559093,0.3041427,0.4464602
1,2.462500,28,0.74166671,0.2559093,0.3041450,0.4464603
1,2.466667,28,0.74270837,0.2559093,0.3041474,0.4464606
1,2.470833,28,0.74375004,0.2559093,0.3041498,0.4464606
1,2.475000,28,0.74479171,0.2559093,0.3041522,0.4464609
1,2.479167,28,0.74583337,0.2559093,0.3041547,0.4464611
1,2.483333,28,0.74687504,0.2559093,0.3041572,0.4464615
1,2.487500,28,0.74791671,0.2559093,0.3041598,0.4464617
1,2.491667,28,0.74895837,0.2559093,0.3041624,0.4464620
1,2.495833,28,0.75000004,0.2559093,0.3041649,0.4464624
1,2.500000,27,0.75104171,0.2559101,0.3041680,0.4464632
1,2.504167,27,0.75208337,0.2559109,0.3041710,0.4464640
1,2.508333,27,0.75312504,0.2559127,0.3041749,0.4464657
1,2.512500,27,0.75416671,0.2559144,0.3041789,0.4464674
1,2.516667,27,0.75520837,0.2559171,0.3041838,0.4464702
1,2.520833,27,0.75625004,0.2559199,0.3041888,0.4464730
1,2.525000,27,0.75729171,0.2559239,0.3041951,0.4464770
1,2.529167,27,0.75833337,0.2559279,0.3042013,0.4464811
1,2.533333,27,0.75937504,0.2559334,0.3042090,0.4464865
1,2.537500,27,0.76041671,0.2559389,0.3042167,0.4464921
1,2.541667,27,0.76145837,0.2559461,0.3042261,0.4464991
1,2.545833,27,0.76250004,0.2559533,0.3042355,0.4465063
1,2.550000,27,0.76354171,0.2559625,0.3042469,0.4465156
1,2.554167,27,0.76458337,0.2559716,0.3042583,0.4465249
1,2.558333,27,0.76562504,0.2559830,0.3042718,0.4465361
1,2.562500,27,0.76666671,0.2559942,0.3042853,0.4465474
1,2.566667,27,0.76770837,0.2560079,0.3043012,0.4465611
1,2.570833,27,0.76875004,0.2560215,0.3043170,0.4465747
1,2.575000,27,0.76979171,0.2560375,0.3043352,0.4465908
1,2.579167,27,0.77083337,0.2560536,0.3043535,0.4466068
1,2.583333,27,0.77187504,0.2560721,0.3043742,0.4466254
1,2.587500,27,0.77291671,0.2560906,0.3043949,0.4466439
1,2.591667,27,0.77395837,0.2561117,0.3044182,0.4466649
1,2.595833,27,0.77500004,0.2561327,0.3044415,0.4466861
1,2.600000,27,0.77604171,0.2561562,0.3044671,0.4467096
1,2.604167,27,0.77708337,0.2561797,0.3044928,0.4467331
1,2.608333,27,0.77812504,0.2562056,0.3045209,0.4467589
1,2.612500,27,0.77916671,0.2562315,0.3045489,0.4467848
1,2.616667,27,0.78020837,0.2562595,0.3045792,0.4468129
1,2.620833,27,0.78125004,0.2562875,0.3046094,0.4468409
1,2.625000,27,0.78229171,0.2563173,0.3046414,0.4468708
1,2.629167,27,0.78333337,0.2563472,0.3046734,0.4469007
1,2.633333,27,0.78437504,0.2563786,0.3047070,0.4469320
1,2.637500,27,0.78541671,0.2564100,0.3047405,0.4469634
1,2.641667,27,0.78645837,0.2564425,0.3047752,0.4469959
1,2.645833,27,0.78750004,0.2564749,0.3048099,0.4470285
1,2.650000,27,0.78854171,0.2565081,0.3048452,0.4470616
1,2.654167,27,0.78958337,0.2565412,0.3048804,0.4470946
1,2.658333,27,0.79062504,0.2565743,0.3049157,0.4471277
1,2.662500,27,0.79166671,0.2566075,0.3049510,0.4471608
1,2.666667,27,0.79270837,0.2566400,0.3049858,0.4471934
1,2.670833,27,0.79375004,0.2566727,0.3050205,0.4472260
1,2.675000,27,0.79479171,0.2567041,0.3050541,0.4472573
1,2.679167,27,0.79583337,0.2567356,0.3050877,0.4472887
1,2.683333,27,0.79687504,0.2567651,0.3051194,0.4473180
1,2.687500,27,0.79791671,0.2567947,0.3051511,0.4473475
1,2.691667,27,0.79895838,0.2568218,0.3051803,0.4473744
1,2.695833,27,0.80000004,0.2568489,0.3052095,0.4474014
1,2.700000,27,0.80104171,0.2568728,0.3052356,0.4474252
1,2.704167,27,0.80208338,0.2568968,0.3052616,0.4474489
1,2.708333,27,0.80312504,0.2569170,0.3052839,0.4474687
1,2.712500,27,0.80416671,0.2569372,0.3053062,0.4474889
1,2.716667,27,0.80520838,0.2569531,0.3053243,0.4475045
1,2.720833,27,0.80625004,0.2569690,0.3053423,0.4475202
1,2.725000,27,0.80729171,0.2569802,0.3053556,0.4475310
1,2.729167,27,0.80833338,0.2569914,0.3053688,0.4475419
1,2.733333,27,0.80937504,0.2569975,0.3053769,0.4475475
1,2.737500,27,0.81041671,0.2570036,0.3053851,0.4475530
1,2.741667,27,0.81145838,0.2570044,0.3053880,0.4475534
1,2.745833,27,0.81250004,0.2570052,0.3053909,0.4475537
1,2.750000,27,0.81354171,0.2570007,0.3053883,0.4475486
1,2.754167,27,0.81458338,0.2569961,0.3053859,0.4475435
1,2.758333,27,0.81562504,0.2569862,0.3053780,0.4475330
1,2.762500,27,0.81666671,0.2569764,0.3053702,0.4475223
1,2.766667,27,0.81770838,0.2569615,0.3053573,0.4475068
1,2.770833,27,0.81875004,0.2569466,0.3053444,0.4474910
1,2.775000,27,0.81979171,0.2569270,0.3053269,0.4474707
1,2.779167,27,0.82083338,0.2569074,0.3053094,0.4474501
1,2.783333,27,0.82187504,0.2568837,0.3052877,0.4474255
1,2.787500,27,0.82291671,0.2568601,0.3052661,0.4474009
1,2.791667,27,0.82395838,0.2568331,0.3052411,0.4473728
1,2.795833,27,0.82500004,0.2568061,0.3052161,0.4473445
1,2.800000,27,0.82604171,0.2567766,0.3051887,0.4473139
1,2.804167,27,0.82708338,0.2567471,0.3051612,0.4472830
1,2.808333,27,0.82812504,0.2567161,0.3051322,0.4472506
1,2.812500,27,0.82916671,0.2566851,0.3051031,0.4472181
1,2.816667,27,0.83020838,0.2566537,0.3050737,0.4471851
1,2.820833,27,0.83125004,0.2566223,0.3050442,0.4471520
1,2.825000,27,0.83229171,0.2565915,0.3050154,0.4471194
1,2.829167,27,0.83333338,0.2565608,0.3049867,0.4470869
1,2.833333,27,0.83437504,0.2565319,0.3049597,0.4470559
1,2.837500,27,0.83541671,0.2565031,0.3049328,0.4470248
1,2.841667,27,0.83645838,0.2564772,0.3049089,0.4469968
1,2.845833,27,0.83750004,0.2564513,0.3048850,0.4469686
1,2.850000,27,0.83854171,0.2564294,0.3048651,0.4469443
1,2.854167,27,0.83958338,0.2564076,0.3048452,0.4469199
1,2.858333,27,0.84062504,0.2563908,0.3048303,0.4469002
1,2.862500,27,0.84166671,0.2563740,0.3048154,0.4468806
1,2.866667,27,0.84270838,0.2563631,0.3048064,0.4468665
1,2.870833,27,0.84375004,0.2563522,0.3047974,0.4468524
1,2.875000,27,0.84479171,0.2563478,0.3047948,0.4468447
1,2.879167,27,0.84583338,0.2563434,0.3047923,0.4468368
1,2.883333,27,0.84687504,0.2563460,0.3047967,0.4468356
1,2.887500,27,0.84791671,0.2563486,0.3048011,0.4468344
1,2.891667,27,0.84895838,0.2563584,0.3048127,0.4468401
1,2.895833,27,0.85000004,0.2563682,0.3048243,0.4468456
1,2.900000,27,0.85104171,0.2563851,0.3048431,0.4468582
1,2.904167,27,0.85208338,0.2564021,0.3048618,0.4468705
1,2.908333,27,0.85312504,0.2564260,0.3048875,0.4468895
1,2.912500,27,0.85416671,0.2564498,0.3049131,0.4469084
1,2.916667,27,0.85520838,0.2564801,0.3049451,0.4469334
1,2.920833,27,0.85625004,0.2565103,0.3049771,0.4469581
1,2.925000,27,0.85729171,0.2565461,0.3050146,0.4469882
1,2.929167,27,0.85833338,0.2565819,0.3050521,0.4470180
1,2.933333,27,0.85937504,0.2566223,0.3050942,0.4470522
1,2.937500,27,0.86041671,0.2566627,0.3051362,0.4470862
1,2.941667,27,0.86145838,0.2567067,0.3051818,0.4471233
1,2.945833,27,0.86250004,0.2567505,0.3052272,0.4471602
1,2.950000,27,0.86354171,0.2567966,0.3052749,0.4471992
1,2.954167,27,0.86458338,0.2568427,0.3053226,0.4472377
1,2.958333,27,0.86562505,0.2568896,0.3053710,0.4472768
1,2.962500,27,0.86666671,0.2569366,0.3054195,0.4473156
1,2.966667,27,0.86770838,0.2569829,0.3054673,0.4473535
1,2.970833,27,0.86875005,0.2570293,0.3055151,0.4473911
1,2.975000,27,0.86979171,0.2570738,0.3055610,0.4474266
1,2.979167,27,0.87083338,0.2571183,0.3056070,0.4474619
1,2.983333,27,0.87187505,0.2571597,0.3056497,0.4474936
1,2.987500,27,0.87291671,0.2572010,0.3056924,0.4475251
1,2.991667,27,0.87395838,0.2572383,0.3057309,0.4475520
1,2.995833,27,0.87500005,0.2572755,0.3057694,0.4475785
1,3.000000,27,0.87604171,0.2573077,0.3058028,0.4475995
1,3.004167,27,0.87708338,0.2573400,0.3058361,0.4476205
1,3.008333,27,0.87812505,0.2573665,0.3058639,0.4476352
1,3.012500,27,0.87916671,0.2573932,0.3058916,0.4476497
1,3.016667,27,0.88020838,0.2574140,0.3059133,0.4476579
1,3.020833,27,0.88125005,0.2574348,0.3059351,0.4476658
1,3.025000,27,0.88229171,0.2574497,0.3059509,0.4476674
1,3.029167,27,0.88333338,0.2574647,0.3059668,0.4476686
1,3.033333,27,0.88437505,0.2574743,0.3059772,0.4476639
1,3.037500,27,0.88541671,0.2574839,0.3059875,0.4476589
1,3.041667,27,0.88645838,0.2574890,0.3059932,0.4476489
1,3.045833,27,0.88750005,0.2574939,0.3059988,0.4476385
1,3.050000,27,0.88854171,0.2574954,0.3060008,0.4476240
1,3.054167,27,0.88958338,0.2574969,0.3060029,0.4476092
1,3.058333,27,0.89062505,0.2574962,0.3060025,0.4475917
1,3.062500,27,0.89166671,0.2574955,0.3060020,0.4475736
1,3.066667,27,0.89270838,0.2574942,0.3060009,0.4475543
1,3.070833,27,0.89375005,0.2574929,0.3059996,0.4475349
1,3.075000,27,0.89479171,0.2574927,0.3059996,0.4475159
1,3.079167,27,0.89583338,0.2574925,0.3059994,0.4474966
1,3.083333,27,0.89687505,0.2574954,0.3060021,0.4474800
1,3.087500,27,0.89791671,0.2574983,0.3060048,0.4474626
1,3.091667,27,0.89895838,0.2575060,0.3060122,0.4474496
1,3.095833,27,0.90000005,0.2575138,0.3060195,0.4474361
1,3.100000,27,0.90104171,0.2575282,0.3060333,0.4474288
1,3.104167,27,0.90208338,0.2575426,0.3060471,0.4474210
1,3.108333,27,0.90312505,0.2575652,0.3060689,0.4474208
1,3.112500,27,0.90416671,0.2575878,0.3060906,0.4474201
1,3.116667,27,0.90520838,0.2576201,0.3061219,0.4474286
1,3.120833,27,0.90625005,0.2576523,0.3061529,0.4474364
1,3.125000,27,0.90729171,0.2576951,0.3061945,0.4474543
1,3.129167,27,0.90833338,0.2577379,0.3062359,0.4474716
1,3.133333,27,0.90937505,0.2577919,0.3062883,0.4474997
1,3.137500,27,0.91041671,0.2578459,0.3063405,0.4475271
1,3.141667,27,0.91145838,0.2579113,0.3064040,0.4475652
1,3.145833,27,0.91250005,0.2579767,0.3064674,0.4476030
1,3.150000,27,0.91354171,0.2580530,0.3065416,0.4476511
1,3.154167,27,0.91458338,0.2581293,0.3066156,0.4476985
1,3.158333,27,0.91562505,0.2582159,0.3066996,0.4477557
1,3.162500,27,0.91666671,0.2583023,0.3067834,0.4478123
1,3.166667,27,0.91770838,0.2583977,0.3068758,0.4478770
1,3.170833,27,0.91875005,0.2584931,0.3069681,0.4479414
1,3.175000,27,0.91979171,0.2585955,0.3070674,0.4480121
1,3.179167,27,0.92083338,0.2586978,0.3071663,0.4480824
1,3.183333,27,0.92187505,0.2588051,0.3072700,0.4481569
1,3.187500,27,0.92291671,0.2589124,0.3073735,0.4482309
1,3.191667,27,0.92395838,0.2590221,0.3074791,0.4483067
1,3.195833,27,0.92500005,0.2591317,0.3075845,0.4483820
1,3.200000,27,0.92604171,0.2592411,0.3076893,0.4484563
1,3.204167,27,0.92708338,0.2593504,0.3077940,0.4485300
1,3.208333,27,0.92812505,0.2594566,0.3078952,0.4486001
1,3.212500,27,0.92916672,0.2595627,0.3079964,0.4486696
1,3.216667,27,0.93020838,0.2596630,0.3080912,0.4487326
1,3.220833,27,0.93125005,0.2597632,0.3081858,0.4487949
1,3.225000,27,0.93229172,0.2598549,0.3082716,0.4488484
1,3.229167,27,0.93333338,0.2599464,0.3083571,0.4489013
1,3.233333,27,0.93437505,0.2600271,0.3084313,0.4489426
1,3.237500,27,0.93541672,0.2601077,0.3085052,0.4489832
1,3.241667,27,0.93645838,0.2601752,0.3085659,0.4490103
1,3.245833,27,0.93750005,0.2602428,0.3086264,0.4490369
1,3.250000,27,0.93854172,0.2602959,0.3086720,0.4490485
1,3.254167,27,0.93958338,0.2603489,0.3087173,0.4490595
1,3.258333,27,0.94062505,0.2603865,0.3087468,0.4490547
1,3.262500,27,0.94166672,0.2604241,0.3087761,0.4490495
1,3.266667,27,0.94270838,0.2604460,0.3087893,0.4490281
1,3.270833,27,0.94375005,0.2604679,0.3088023,0.4490061
1,3.275000,27,0.94479172,0.2604744,0.3087996,0.4489684
1,3.279167,27,0.94583338,0.2604810,0.3087966,0.4489300
1,3.283333,27,0.94687505,0.2604734,0.3087792,0.4488770
1,3.287500,27,0.94791672,0.2604659,0.3087614,0.4488237
1,3.291667,27,0.94895838,0.2604460,0.3087309,0.4487576
1,3.295833,27,0.95000005,0.2604261,0.3087002,0.4486914
1,3.300000,27,0.95104172,0.2603964,0.3086593,0.4486148
1,3.304167,27,0.95208338,0.2603667,0.3086180,0.4485377
1,3.308333,27,0.95312505,0.2603302,0.3085696,0.4484532
1,3.312500,27,0.95416672,0.2602937,0.3085209,0.4483685
1,3.316667,27,0.95520838,0.2602539,0.3084684,0.4482800
1,3.320833,27,0.95625005,0.2602141,0.3084156,0.4481911
1,3.325000,27,0.95729172,0.2601749,0.3083630,0.4481027
1,3.329167,27,0.95833338,0.2601357,0.3083101,0.4480139
1,3.333333,27,0.95937505,0.2601011,0.3082613,0.4479293
1,3.337500,27,0.96041672,0.2600665,0.3082122,0.4478442
1,3.341667,27,0.96145838,0.2600405,0.3081712,0.4477673
1,3.345833,27,0.96250005,0.2600145,0.3081298,0.4476899
1,3.350000,27,0.96354172,0.2600010,0.3081006,0.4476248
1,3.354167,27,0.96458338,0.2599876,0.3080709,0.4475592
1,3.358333,27,0.96562505,0.2599903,0.3080570,0.4475099
1,3.362500,27,0.96666672,0.2599929,0.3080426,0.4474600
1,3.366667,27,0.96770838,0.2600149,0.3080470,0.4474292
1,3.370833,27,0.96875005,0.2600367,0.3080510,0.4473978
1,3.375000,27,0.96979172,0.2600805,0.3080764,0.4473878
1,3.379167,27,0.97083338,0.2601242,0.3081012,0.4473771
1,3.383333,27,0.97187505,0.2601916,0.3081493,0.4473901
1,3.387500,27,0.97291672,0.2602590,0.3081969,0.4474026
1,3.391667,27,0.97395838,0.2603512,0.3082688,0.4474396
1,3.395833,27,0.97500005,0.2604433,0.3083401,0.4474765
1,3.400000,27,0.97604172,0.2605603,0.3084359,0.4475379
1,3.404167,27,0.97708338,0.2606772,0.3085311,0.4475987
1,3.408333,27,0.97812505,0.2608185,0.3086501,0.4476830
1,3.412500,27,0.97916672,0.2609598,0.3087685,0.4477669
1,3.416667,27,0.98020838,0.2611239,0.3089091,0.4478729
1,3.420833,27,0.98125005,0.2612879,0.3090492,0.4479787
1,3.425000,27,0.98229172,0.2614724,0.3092093,0.4481046
1,3.429167,27,0.98333338,0.2616569,0.3093689,0.4482304
1,3.433333,27,0.98437505,0.2618589,0.3095454,0.4483729
1,3.437500,27,0.98541672,0.2620610,0.3097212,0.4485146
1,3.441667,27,0.98645838,0.2622770,0.3099105,0.4486695
1,3.445833,27,0.98750005,0.2624930,0.3100990,0.4488235
1,3.450000,27,0.98854172,0.2627190,0.3102971,0.4489870
1,3.454167,27,0.98958338,0.2629451,0.3104945,0.4491500
1,3.458333,27,0.99062505,0.2631770,0.3106972,0.4493181
1,3.462500,27,0.99166672,0.2634088,0.3108990,0.4494854
1,3.466667,27,0.99270839,0.2636422,0.3111020,0.4496538
1,3.470833,27,0.99375005,0.2638755,0.3113040,0.4498204
1,3.475000,27,0.99479172,0.2641063,0.3115028,0.4499835
1,3.479167,27,0.99583339,0.2643370,0.3117007,0.4501451
1,3.483333,27,0.99687505,0.2645611,0.3118914,0.4502992
1,3.487500,27,0.99791672,0.2647851,0.3120812,0.4504524
1,3.491667,27,0.99895839,0.2649991,0.3122603,0.4505945
1,3.495833,27,1.00000005,0.2652130,0.3124387,0.4507358
1,3.500000,27,1.00104172,0.2654139,0.3126033,0.4508621
1,3.504167,27,1.00208339,0.2656147,0.3127668,0.4509865
1,3.508333,27,1.00312505,0.2658002,0.3129143,0.4510942
1,3.512500,27,1.00416672,0.2659857,0.3130607,0.4511999
1,3.516667,27,1.00520839,0.2661542,0.3131895,0.4512872
1,3.520833,27,1.00625005,0.2663228,0.3133174,0.4513726
1,3.525000,27,1.00729172,0.2664736,0.3134269,0.4514389
1,3.529167,27,1.00833339,0.2666244,0.3135353,0.4515033
1,3.533333,27,1.00937505,0.2667573,0.3136252,0.4515480
1,3.537500,27,1.01041672,0.2668903,0.3137138,0.4515899
1,3.541667,27,1.01145839,0.2670062,0.3137845,0.4516120
1,3.545833,27,1.01250005,0.2671221,0.3138540,0.4516317
1,3.550000,27,1.01354172,0.2672220,0.3139068,0.4516332
1,3.554167,27,1.01458339,0.2673220,0.3139585,0.4516318
1,3.558333,27,1.01562505,0.2674079,0.3139953,0.4516141
1,3.562500,27,1.01666672,0.2674937,0.3140310,0.4515938
1,3.566667,27,1.01770839,0.2675675,0.3140537,0.4515587
1,3.570833,27,1.01875005,0.2676413,0.3140751,0.4515198
1,3.575000,27,1.01979172,0.2677053,0.3140856,0.4514677
1,3.579167,27,1.02083339,0.2677693,0.3140948,0.4514120
1,3.583333,27,1.02187505,0.2678257,0.3140955,0.4513452
1,3.587500,27,1.02291672,0.2678820,0.3140949,0.4512751
1,3.591667,27,1.02395839,0.2679329,0.3140878,0.4511959
1,3.595833,27,1.02500005,0.2679837,0.3140795,0.4511133
1,3.600000,27,1.02604172,0.2680305,0.3140661,0.4510228
1,3.604167,27,1.02708339,0.2680773,0.3140512,0.4509276
1,3.608333,27,1.02812505,0.2681211,0.3140322,0.4508247
1,3.612500,27,1.02916672,0.2681649,0.3140117,0.4507174
1,3.616667,27,1.03020839,0.2682061,0.3139874,0.4506027
1,3.620833,27,1.03125005,0.2682472,0.3139617,0.4504834
1,3.625000,27,1.03229172,0.2682850,0.3139317,0.4503568
1,3.629167,27,1.03333339,0.2683228,0.3139004,0.4502257
1,3.633333,27,1.03437505,0.2683559,0.3138633,0.4500850
1,3.637500,27,1.03541672,0.2683889,0.3138244,0.4499382
1,3.641667,27,1.03645839,0.2684148,0.3137771,0.4497789
1,3.645833,27,1.03750005,0.2684407,0.3137282,0.4496138
1,3.650000,27,1.03854172,0.2684560,0.3136675,0.4494327
1,3.654167,27,1.03958339,0.2684712,0.3136054,0.4492459
1,3.658333,27,1.04062505,0.2684717,0.3135275,0.4490393
1,3.662500,27,1.04166672,0.2684721,0.3134480,0.4488273
1,3.666667,27,1.04270839,0.2684526,0.3133477,0.4485898
1,3.670833,27,1.04375005,0.2684332,0.3132456,0.4483452
1,3.675000,27,1.04479172,0.2683882,0.3131166,0.4480687
1,3.679167,27,1.04583339,0.2683432,0.3129859,0.4477857
1,3.683333,27,1.04687505,0.2682666,0.3128225,0.4474647
1,3.687500,27,1.04791672,0.2681901,0.3126576,0.4471376
1,3.691667,27,1.04895839,0.2680755,0.3124537,0.4467668
1,3.695833,27,1.05000005,0.2679609,0.3122484,0.4463896
1,3.700000,27,1.05104172,0.2678021,0.3119977,0.4459617
1,3.704167,27,1.05208339,0.2676433,0.3117453,0.4455264
1,3.708333,27,1.05312505,0.2674341,0.3114413,0.4450339
1,3.712500,27,1.05416672,0.2672249,0.3111357,0.4445341
1,3.716667,27,1.05520839,0.2669598,0.3107730,0.4439717
1,3.720833,27,1.05625006,0.2666948,0.3104089,0.4434025
1,3.725000,27,1.05729172,0.2663689,0.3099832,0.4427665
1,3.729167,27,1.05833339,0.2660430,0.3095562,0.4421239
1,3.733333,27,1.05937506,0.2656525,0.3090636,0.4414102
1,3.737500,27,1.06041672,0.2652620,0.3085693,0.4406886
1,3.741667,27,1.06145839,0.2648040,0.3080064,0.4398926
1,3.745833,27,1.06250006,0.2643460,0.3074419,0.4390889
1,3.750000,27,1.06354172,0.2638189,0.3068076,0.4382097
1,3.754167,27,1.06458339,0.2632919,0.3061720,0.4373235
1,3.758333,27,1.06562506,0.2626957,0.3054666,0.4363624
1,3.762500,27,1.06666672,0.2620994,0.3047600,0.4353948
1,3.766667,27,1.06770839,0.2614351,0.3039847,0.4343528
1,3.770833,27,1.06875006,0.2607708,0.3032079,0.4333033
1,3.775000,27,1.06979172,0.2600410,0.3023647,0.4321814
1,3.779167,27,1.07083339,0.2593111,0.3015202,0.4310526
1,3.783333,27,1.07187506,0.2585196,0.3006137,0.4298562
1,3.787500,27,1.07291672,0.2577282,0.2997060,0.4286532
1,3.791667,27,1.07395839,0.2568802,0.2987413,0.4273881
1,3.795833,27,1.07500006,0.2560321,0.2977758,0.4261176
1,3.800000,27,1.07604172,0.2551335,0.2967595,0.4247910
1,3.804167,27,1.07708339,0.2542350,0.2957420,0.4234577
1,3.808333,27,1.07812506,0.2532929,0.2946805,0.4220746
1,3.812500,27,1.07916672,0.2523509,0.2936181,0.4206856
1,3.816667,27,1.08020839,0.2513729,0.2925196,0.4192555
1,3.820833,27,1.08125006,0.2503948,0.2914202,0.4178200
1,3.825000,27,1.08229172,0.2493888,0.2902929,0.4163521
1,3.829167,27,1.08333339,0.2483826,0.2891651,0.4148797
1,3.833333,27,1.08437506,0.2473565,0.2880174,0.4133829
1,3.837500,27,1.08541672,0.2463304,0.2868689,0.4118807
1,3.841667,27,1.08645839,0.2452921,0.2857082,0.4103619
1,3.845833,27,1.08750006,0.2442539,0.2845470,0.4088381
1,3.850000,27,1.08854172,0.2432111,0.2833815,0.4073061
1,3.854167,27,1.08958339,0.2421683,0.2822157,0.4057702
1,3.858333,27,1.09062506,0.2411278,0.2810525,0.4042335
1,3.862500,27,1.09166672,0.2400872,0.2798895,0.4026942
1,3.866667,27,1.09270839,0.2390552,0.2787353,0.4011604
1,3.870833,27,1.09375006,0.2380230,0.2775809,0.3996227
1,3.875000,27,1.09479172,0.2370044,0.2764404,0.3980959
1,3.879167,27,1.09583339,0.2359858,0.2752997,0.3965659
1,3.883333,27,1.09687506,0.2349849,0.2741775,0.3950517
1,3.887500,27,1.09791672,0.2339840,0.2730554,0.3935350
1,3.891667,27,1.09895839,0.2330036,0.2719547,0.3920379
1,3.895833,27,1.10000006,0.2320231,0.2708546,0.3905395
1,3.900000,27,1.10104172,0.2310651,0.2697777,0.3890627
1,3.904167,27,1.10208339,0.2301071,0.2687010,0.3875839
1,3.908333,27,1.10312506,0.2291721,0.2676483,0.3861274
1,3.912500,27,1.10416672,0.2282371,0.2665960,0.3846696
1,3.916667,27,1.10520839,0.2273248,0.2655676,0.3832344
1,3.920833,27,1.10625006,0.2264125,0.2645399,0.3817991
1,3.925000,27,1.10729172,0.2255217,0.2635348,0.3803856
1,3.929167,27,1.10833339,0.2246309,0.2625306,0.3789728
1,3.933333,27,1.10937506,0.2237595,0.2615473,0.3775805
1,3.937500,27,1.11041672,0.2228881,0.2605647,0.3761883
1,3.941667,27,1.11145839,0.2220337,0.2596005,0.3748143
1,3.945833,27,1.11250006,0.2211793,0.2586370,0.3734410
1,3.950000,27,1.11354172,0.2203388,0.2576891,0.3720835
1,3.954167,27,1.11458339,0.2194983,0.2567422,0.3707275
1,3.958333,27,1.11562506,0.2186686,0.2558079,0.3693846
1,3.962500,27,1.11666672,0.2178390,0.2548747,0.3680440
1,3.966667,27,1.11770839,0.2170171,0.2539510,0.3667138
1,3.970833,27,1.11875006,0.2161951,0.2530286,0.3653858
1,3.975000,27,1.11979173,0.2153781,0.2521128,0.3640658
1,3.979167,27,1.12083339,0.2145610,0.2511982,0.3627484
1,3.983333,27,1.12187506,0.2137465,0.2502881,0.3614368
1,3.987500,27,1.12291673,0.2129318,0.2493792,0.3601285
1,3.991667,27,1.12395839,0.2121177,0.2484728,0.3588243
1,3.995833,27,1.12500006,0.2113035,0.2475679,0.3575239
1,4.000000,27,1.12604173,0.2104886,0.2466643,0.3562270
1,4.004167,27,1.12708339,0.2096736,0.2457622,0.3549342
1,4.008333,27,1.12812506,0.2088573,0.2448608,0.3536443
1,4.012500,27,1.12916673,0.2080410,0.2439611,0.3523589
1,4.016667,27,1.13020839,0.2072235,0.2430623,0.3510769
1,4.020833,27,1.13125006,0.2064061,0.2421652,0.3497997
1,4.025000,27,1.13229173,0.2055884,0.2412701,0.3485270
1,4.029167,27,1.13333339,0.2047707,0.2403766,0.3472593
1,4.033333,27,1.13437506,0.2039545,0.2394868,0.3459983
1,4.037500,27,1.13541673,0.2031383,0.2385989,0.3447428
1,4.041667,27,1.13645839,0.2023259,0.2377171,0.3434969
1,4.045833,27,1.13750006,0.2015136,0.2368371,0.3422564
1,4.050000,27,1.13854173,0.2007079,0.2359661,0.3410284
1,4.054167,27,1.13958339,0.1999021,0.2350968,0.3398058
1,4.058333,27,1.14062506,0.1991063,0.2342398,0.3385989
1,4.062500,27,1.14166673,0.1983105,0.2333845,0.3373976
1,4.066667,27,1.14270839,0.1975281,0.2325450,0.3362159
1,4.070833,27,1.14375006,0.1967457,0.2317075,0.3350405
1,4.075000,27,1.14479173,0.1959803,0.2308894,0.3338889
1,4.079167,27,1.14583339,0.1952150,0.2300733,0.3327433
1,4.083333,27,1.14687506,0.1944702,0.2292801,0.3316249
1,4.087500,27,1.14791673,0.1937255,0.2284888,0.3305125
1,4.091667,27,1.14895839,0.1930047,0.2277238,0.3294302
1,4.095833,27,1.15000006,0.1922839,0.2269603,0.3283536
1,4.100000,27,1.15104173,0.1915901,0.2262264,0.3273108
1,4.104167,27,1.15208339,0.1908962,0.2254945,0.3262746
1,4.108333,27,1.15312506,0.1902320,0.2247945,0.3252752
1,4.112500,27,1.15416673,0.1895677,0.2240965,0.3242822
1,4.116667,27,1.15520839,0.1889349,0.2234323,0.3233274
1,4.120833,27,1.15625006,0.1883022,0.2227699,0.3223786
1,4.125000,27,1.15729173,0.1877024,0.2221427,0.3214693
1,4.129167,27,1.15833339,0.1871026,0.2215172,0.3205657
1,4.133333,27,1.15937506,0.1865363,0.2209275,0.3197022
1,4.137500,27,1.16041673,0.1859702,0.2203399,0.3188459
1,4.141667,27,1.16145839,0.1854377,0.2197884,0.3180304
1,4.145833,27,1.16250006,0.1849053,0.2192386,0.3172211
1,4.150000,27,1.16354173,0.1844060,0.2187243,0.3164518
1,4.154167,27,1.16458339,0.1839068,0.2182117,0.3156885
1,4.158333,27,1.16562506,0.1834395,0.2177331,0.3149630
1,4.162500,27,1.16666673,0.1829723,0.2172561,0.3142431
1,4.166667,27,1.16770839,0.1825355,0.2168117,0.3135600
1,4.170833,27,1.16875006,0.1820986,0.2163691,0.3128835
1,4.175000,27,1.16979173,0.1816901,0.2159571,0.3122422
1,4.179167,27,1.17083339,0.1812816,0.2155467,0.3116069
1,4.183333,27,1.17187506,0.1808992,0.2151644,0.3110040
1,4.187500,27,1.17291673,0.1805167,0.2147837,0.3104063
1,4.191667,27,1.17395839,0.1801578,0.2144283,0.3098380
1,4.195833,27,1.17500006,0.1797989,0.2140743,0.3092744
1,4.200000,27,1.17604173,0.1794609,0.2137432,0.3087378
1,4.204167,27,1.17708339,0.1791230,0.2134138,0.3082072
1,4.208333,27,1.17812506,0.1788035,0.2131048,0.3077013
1,4.212500,27,1.17916673,0.1784840,0.2127973,0.3072009
1,4.216667,27,1.18020839,0.1781808,0.2125077,0.3067223
1,4.220833,27,1.18125006,0.1778775,0.2122196,0.3062486
1,4.225000,27,1.18229173,0.1775883,0.2119472,0.3057941
1,4.229167,27,1.18333340,0.1772992,0.2116760,0.3053437
1,4.233333,27,1.18437506,0.1770225,0.2114189,0.3049111
1,4.237500,27,1.18541673,0.1767459,0.2111633,0.3044839
1,4.241667,27,1.18645840,0.1764804,0.2109205,0.3040734
1,4.245833,27,1.18750006,0.1762148,0.2106791,0.3036678
1,4.250000,27,1.18854173,0.1759597,0.2104495,0.3032772
1,4.254167,27,1.18958340,0.1757045,0.2102210,0.3028907
1,4.258333,27,1.19062506,0.1754593,0.2100039,0.3025186
1,4.262500,27,1.19166673,0.1752141,0.2097876,0.3021499
1,4.266667,27,1.19270840,0.1749788,0.2095827,0.3017956
1,4.270833,27,1.19375006,0.1747435,0.2093791,0.3014460
1,4.275000,27,1.19479173,0.1745185,0.2091873,0.3011113
1,4.279167,27,1.19583340,0.1742936,0.2089964,0.3007807
1,4.283333,27,1.19687506,0.1740797,0.2088180,0.3004653
1,4.287500,27,1.19791673,0.1738659,0.2086405,0.3001534
1,4.291667,27,1.19895840,0.1736641,0.2084762,0.2998571
1,4.295833,27,1.20000006,0.1734623,0.2083126,0.2995635
1,4.300000,27,1.20104173,0.1732737,0.2081633,0.2992867
1,4.304167,27,1.20208340,0.1730852,0.2080151,0.2990139
1,4.308333,27,1.20312506,0.1729112,0.2078826,0.2987594
1,4.312500,27,1.20416673,0.1727372,0.2077509,0.2985083
1,4.316667,27,1.20520840,0.1725788,0.2076360,0.2982761
1,4.320833,27,1.20625006,0.1724205,0.2075217,0.2980468
1,4.325000,27,1.20729173,0.1722791,0.2074252,0.2978370
1,4.329167,27,1.20833340,0.1721376,0.2073292,0.2976294
1,4.333333,27,1.20937506,0.1720141,0.2072519,0.2974426
1,4.337500,27,1.21041673,0.1718904,0.2071754,0.2972586
1,4.341667,27,1.21145840,0.1717852,0.2071183,0.2970963
1,4.345833,27,1.21250006,0.1716801,0.2070618,0.2969368
1,4.350000,27,1.21354173,0.1715937,0.2070249,0.2967985
1,4.354167,27,1.21458340,0.1715074,0.2069886,0.2966623
1,4.358333,27,1.21562506,0.1714399,0.2069716,0.2965470
1,4.362500,27,1.21666673,0.1713724,0.2069551,0.2964334
1,4.366667,27,1.21770840,0.1713233,0.2069575,0.2963404
1,4.370833,27,1.21875006,0.1712741,0.2069606,0.2962497
1,4.375000,27,1.21979173,0.1712426,0.2069820,0.2961790
1,4.379167,27,1.22083340,0.1712110,0.2070038,0.2961103
1,4.383333,27,1.22187506,0.1711958,0.2070425,0.2960600
1,4.387500,27,1.22291673,0.1711807,0.2070816,0.2960111
1,4.391667,27,1.22395840,0.1711802,0.2071359,0.2959785
1,4.395833,27,1.22500006,0.1711798,0.2071903,0.2959471
1,4.400000,27,1.22604173,0.1711923,0.2072581,0.2959302
1,4.404167,27,1.22708340,0.1712048,0.2073263,0.2959149
1,4.408333,27,1.22812506,0.1712280,0.2074057,0.2959123
1,4.412500,27,1.22916673,0.1712512,0.2074855,0.2959111
1,4.416667,27,1.23020840,0.1712828,0.2075740,0.2959197
1,4.420833,27,1.23125006,0.1713144,0.2076627,0.2959293
1,4.425000,27,1.23229173,0.1713519,0.2077575,0.2959461
1,4.429167,27,1.23333340,0.1713894,0.2078526,0.2959636
1,4.433333,27,1.23437506,0.1714304,0.2079512,0.2959856
1,4.437500,27,1.23541673,0.1714713,0.2080501,0.2960089
1,4.441667,27,1.23645840,0.1715133,0.2081504,0.2960346
1,4.445833,27,1.23750006,0.1715552,0.2082509,0.2960612
1,4.450000,27,1.23854173,0.1715958,0.2083500,0.2960875
1,4.454167,27,1.23958340,0.1716365,0.2084494,0.2961145
1,4.458333,27,1.24062506,0.1716737,0.2085455,0.2961388
1,4.462500,27,1.24166673,0.1717108,0.2086415,0.2961637
1,4.466667,27,1.24270840,0.1717427,0.2087323,0.2961839
1,4.470833,27,1.24375006,0.1717746,0.2088235,0.2962053
1,4.475000,27,1.24479173,0.1717997,0.2089077,0.2962203
1,4.479167,27,1.24583340,0.1718247,0.2089922,0.2962363
1,4.483333,27,1.24687507,0.1718417,0.2090684,0.2962447
1,4.487500,27,1.24791673,0.1718587,0.2091449,0.2962537
1,4.491667,27,1.24895840,0.1718669,0.2092123,0.2962541
1,4.495833,27,1.25000007,0.1718750,0.2092799,0.2962552
1,4.500000,27,1.25104173,0.1718739,0.2093381,0.2962472
1,4.504167,27,1.25208340,0.1718728,0.2093964,0.2962400
1,4.508333,27,1.25312507,0.1718623,0.2094451,0.2962237
1,4.512500,27,1.25416673,0.1718518,0.2094940,0.2962080
1,4.516667,27,1.25520840,0.1718324,0.2095338,0.2961837
1,4.520833,27,1.25625007,0.1718129,0.2095736,0.2961598
1,4.525000,27,1.25729173,0.1717850,0.2096048,0.2961276
1,4.529167,27,1.25833340,0.1717572,0.2096361,0.2960959
1,4.533333,27,1.25937507,0.1717219,0.2096596,0.2960568
1,4.537500,27,1.26041673,0.1716866,0.2096833,0.2960184
1,4.541667,27,1.26145840,0.1716451,0.2097004,0.2959737
1,4.545833,27,1.26250007,0.1716036,0.2097177,0.2959296
1,4.550000,27,1.26354173,0.1715573,0.2097298,0.2958805
1,4.554167,27,1.26458340,0.1715109,0.2097419,0.2958319
1,4.558333,27,1.26562507,0.1714613,0.2097504,0.2957800
1,4.562500,27,1.26666673,0.1714116,0.2097590,0.2957285
1,4.566667,27,1.26770840,0.1713602,0.2097653,0.2956751
1,4.570833,27,1.26875007,0.1713088,0.2097718,0.2956221
1,4.575000,27,1.26979173,0.1712572,0.2097777,0.2955689
1,4.579167,27,1.27083340,0.1712057,0.2097837,0.2955161
1,4.583333,27,1.27187507,0.1711555,0.2097908,0.2954647
1,4.587500,27,1.27291673,0.1711054,0.2097978,0.2954135
1,4.591667,27,1.27395840,0.1710581,0.2098072,0.2953650
1,4.595833,27,1.27500007,0.1710109,0.2098167,0.2953169
1,4.600000,27,1.27604173,0.1709678,0.2098300,0.2952729
1,4.604167,27,1.27708340,0.1709248,0.2098433,0.2952291
1,4.608333,27,1.27812507,0.1708872,0.2098616,0.2951908
1,4.612500,27,1.27916673,0.1708496,0.2098799,0.2951527
1,4.616667,27,1.28020840,0.1708182,0.2099040,0.2951206
1,4.620833,27,1.28125007,0.1707869,0.2099281,0.2950888
1,4.625000,27,1.28229173,0.1707627,0.2099587,0.2950641
1,4.629167,27,1.28333340,0.1707384,0.2099894,0.2950396
1,4.633333,27,1.28437507,0.1707217,0.2100271,0.2950223
1,4.637500,27,1.28541673,0.1707050,0.2100648,0.2950053
1,4.641667,27,1.28645840,0.1706960,0.2101097,0.2949960
1,4.645833,27,1.28750007,0.1706872,0.2101548,0.2949870
1,4.650000,27,1.28854173,0.1706862,0.2102071,0.2949856
1,4.654167,27,1.28958340,0.1706855,0.2102598,0.2949849
1,4.658333,27,1.29062507,0.1706931,0.2103202,0.2949923
1,4.662500,27,1.29166673,0.1707016,0.2103816,0.2950009
1,4.666667,27,1.29270840,0.1707185,0.2104509,0.2950177
1,4.670833,27,1.29375007,0.1707367,0.2105216,0.2950363
1,4.675000,27,1.29479173,0.1707629,0.2105998,0.2950626
1,4.679167,27,1.29583340,0.1707905,0.2106796,0.2950908
1,4.683333,27,1.29687507,0.1708254,0.2107662,0.2951262
1,4.687500,27,1.29791673,0.1708617,0.2108543,0.2951634
1,4.691667,27,1.29895840,0.1709042,0.2109482,0.2952066
1,4.695833,27,1.30000007,0.1709478,0.2110434,0.2952517
1,4.700000,27,1.30104173,0.1709964,0.2111430,0.2953013
1,4.704167,27,1.30208340,0.1710456,0.2112435,0.2953522
1,4.708333,27,1.30312507,0.1710984,0.2113470,0.2954064
1,4.712500,27,1.30416673,0.1710335,0.2113331,0.2953436
1,4.716667,27,1.30520840,0.1710751,0.2114251,0.2953871
1,4.720833,27,1.30625007,0.1711167,0.2115173,0.2954310
1,4.725000,27,1.30729173,0.1711597,0.2116105,0.2954764
1,4.729167,27,1.30833340,0.1712026,0.2117039,0.2955222
1,4.733333,27,1.30937507,0.1712461,0.2117971,0.2955683
1,4.737500,27,1.31041674,0.1712895,0.2118905,0.2956149
1,4.741667,27,1.31145840,0.1713325,0.2119830,0.2956609
1,4.745833,27,1.31250007,0.1713756,0.2120757,0.2957074
1,4.750000,27,1.31354174,0.1714175,0.2121665,0.2957526
1,4.754167,27,1.31458340,0.1714593,0.2122576,0.2957982
1,4.758333,27,1.31562507,0.1714993,0.2123461,0.2958417
1,4.762500,27,1.31666674,0.1715393,0.2124348,0.2958857
1,4.766667,27,1.31770840,0.1715769,0.2125202,0.2959268
1,4.770833,27,1.31875007,0.1716144,0.2126058,0.2959685
1,4.775000,27,1.31979174,0.1716490,0.2126878,0.2960071
1,4.779167,27,1.32083340,0.1716837,0.2127698,0.2960459
1,4.783333,27,1.32187507,0.1717150,0.2128478,0.2960812
1,4.787500,27,1.32291674,0.1717463,0.2129257,0.2961167
1,4.791667,27,1.32395840,0.1717741,0.2129994,0.2961485
1,4.795833,27,1.32500007,0.1718019,0.2130732,0.2961805
1,4.800000,27,1.32604174,0.1718261,0.2131423,0.2962086
1,4.804167,27,1.32708340,0.1718502,0.2132114,0.2962368
1,4.808333,27,1.32812507,0.1718706,0.2132760,0.2962609
1,4.812500,27,1.32916674,0.1718911,0.2133404,0.2962854
1,4.816667,27,1.33020840,0.1719079,0.2134004,0.2963057
1,4.820833,27,1.33125007,0.1719248,0.2134603,0.2963264
1,4.825000,27,1.33229174,0.1719382,0.2135157,0.2963430
1,4.829167,27,1.33333340,0.1719516,0.2135709,0.2963598
1,4.833333,27,1.33437507,0.1719618,0.2136221,0.2963729
1,4.837500,27,1.33541674,0.1719719,0.2136730,0.2963863
1,4.841667,27,1.33645840,0.1719792,0.2137199,0.2963961
1,4.845833,27,1.33750007,0.1719865,0.2137668,0.2964061
1,4.850000,27,1.33854174,0.1719913,0.2138101,0.2964132
1,4.854167,27,1.33958340,0.1719960,0.2138532,0.2964203
1,4.858333,27,1.34062507,0.1719986,0.2138931,0.2964247
1,4.862500,27,1.34166674,0.1720013,0.2139328,0.2964294
1,4.866667,27,1.34270840,0.1720023,0.2139699,0.2964318
1,4.870833,27,1.34375007,0.1720032,0.2140068,0.2964344
1,4.875000,27,1.34479174,0.1720030,0.2140415,0.2964355
1,4.879167,27,1.34583340,0.1720029,0.2140761,0.2964365
1,4.883333,27,1.34687507,0.1720021,0.2141091,0.2964366
1,4.887500,27,1.34791674,0.1720013,0.2141419,0.2964368
1,4.891667,27,1.34895840,0.1720006,0.2141740,0.2964368
1,4.895833,22,1.35000007,0.1720000,0.2142060,0.2964372
1,4.900000,22,1.35104174,0.1720000,0.2142075,0.2964386
1,4.904167,22,1.35208340,0.1720000,0.2142089,0.2964401
1,4.908333,22,1.35312507,0.1720000,0.2142104,0.2964416
1,4.912500,22,1.35416674,0.1720000,0.2142120,0.2964429
1,4.916667,22,1.35520840,0.1720000,0.2142138,0.2964443
1,4.920833,22,1.35625007,0.1720000,0.2142159,0.2964456
1,4.925000,22,1.35729174,0.1720000,0.2142184,0.2964469
1,4.929167,22,1.35833340,0.1720000,0.2142215,0.2964482
1,4.933333,22,1.35937507,0.1720000,0.2142252,0.2964494
1,4.937500,22,1.36041674,0.1720000,0.2142298,0.2964506
1,4.941667,22,1.36145840,0.1720000,0.2142353,0.2964519
1,4.945833,22,1.36250007,0.1720000,0.2142417,0.2964529
1,4.950000,22,1.36354174,0.1720000,0.2142494,0.2964541
1,4.954167,22,1.36458340,0.1720000,0.2142583,0.2964551
1,4.958333,22,1.36562507,0.1720000,0.2142685,0.2964561
1,4.962500,22,1.36666674,0.1720000,0.2142803,0.2964571
1,4.966667,22,1.36770840,0.1720000,0.2142934,0.2964579
1,4.970833,22,1.36875007,0.1720000,0.2143082,0.2964589
1,4.975000,22,1.36979174,0.1720000,0.2143245,0.2964597
1,4.979167,22,1.37083340,0.1720000,0.2143426,0.2964605
1,4.983333,22,1.37187507,0.1720000,0.2143621,0.2964610
1,4.987500,22,1.37291674,0.1720000,0.2143834,0.2964618
1,4.991667,22,1.37395840,0.1720000,0.2144062,0.2964623
1,4.995833,22,1.37500007,0.1720000,0.2144306,0.2964628
2,0.000000,26,0.25104168,0.1720000,0.2094941,0.2963471
2,0.004167,26,0.25208335,0.1720000,0.2095561,0.2963481
2,0.008333,26,0.25312501,0.1720000,0.2096175,0.2963488
2,0.012500,26,0.25416668,0.1720000,0.2096790,0.2963496
2,0.016667,26,0.25520835,0.1720000,0.2097402,0.2963502
2,0.020833,26,0.25625001,0.1720000,0.2098013,0.2963510
2,0.025000,26,0.25729168,0.1720000,0.2098621,0.2963516
2,0.029167,26,0.25833335,0.1720001,0.2099228,0.2963524
2,0.033333,26,0.25937501,0.1720001,0.2099831,0.2963528
2,0.037500,26,0.26041668,0.1720002,0.2100433,0.2963532
2,0.041667,26,0.26145835,0.1720002,0.2101030,0.2963535
2,0.045833,26,0.26250001,0.1720001,0.2101626,0.2963536
2,0.050000,26,0.26354168,0.1720000,0.2102216,0.2963534
2,0.054167,26,0.26458335,0.1719997,0.2102803,0.2963532
2,0.058333,26,0.26562501,0.1719992,0.2103382,0.2963524
2,0.062500,26,0.26666668,0.1719984,0.2103959,0.2963515
2,0.066667,26,0.26770835,0.1719972,0.2104526,0.2963497
2,0.070833,26,0.26875001,0.1719958,0.2105088,0.2963477
2,0.075000,26,0.26979168,0.1719935,0.2105638,0.2963448
2,0.079167,26,0.27083335,0.1719908,0.2106182,0.2963414
2,0.083333,26,0.27187501,0.1719871,0.2106710,0.2963367
2,0.087500,26,0.27291668,0.1719828,0.2107231,0.2963314
2,0.091667,26,0.27395835,0.1719771,0.2107732,0.2963244
2,0.095833,26,0.27500001,0.1719707,0.2108224,0.2963167
2,0.100000,26,0.27604168,0.1719626,0.2108694,0.2963071
2,0.104167,26,0.27708335,0.1719535,0.2109153,0.2962966
2,0.108333,26,0.27812501,0.1719424,0.2109587,0.2962838
2,0.112500,26,0.27916668,0.1719302,0.2110009,0.2962701
2,0.116667,26,0.28020835,0.1719159,0.2110403,0.2962538
2,0.120833,26,0.28125001,0.1719003,0.2110784,0.2962363
2,0.125000,26,0.28229168,0.1718823,0.2111136,0.2962163
2,0.129167,26,0.28333335,0.1718631,0.2111475,0.2961954
2,0.133333,26,0.28437501,0.1718415,0.2111783,0.2961716
2,0.137500,26,0.28541668,0.1718185,0.2112079,0.2961468
2,0.141667,26,0.28645835,0.1717934,0.2112347,0.2961195
2,0.145833,26,0.28750001,0.1717670,0.2112601,0.2960911
2,0.150000,26,0.28854168,0.1717387,0.2112832,0.2960607
2,0.154167,26,0.28958335,0.1717092,0.2113051,0.2960294
2,0.158333,26,0.29062502,0.1716783,0.2113250,0.2959963
2,0.162500,26,0.29166668,0.1716464,0.2113440,0.2959626
2,0.166667,26,0.29270835,0.1716138,0.2113617,0.2959280
2,0.170833,26,0.29375002,0.1715804,0.2113788,0.2958930
2,0.175000,26,0.29479168,0.1715470,0.2113952,0.2958577
2,0.179167,26,0.29583335,0.1715132,0.2114115,0.2958223
2,0.183333,26,0.29687502,0.1714801,0.2114278,0.2957876
2,0.187500,26,0.29791668,0.1714471,0.2114443,0.2957532
2,0.191667,26,0.29895835,0.1714156,0.2114619,0.2957202
2,0.195833,26,0.30000002,0.1713845,0.2114799,0.2956883
2,0.200000,26,0.30104168,0.1713558,0.2114999,0.2956583
2,0.204167,26,0.30208335,0.1713277,0.2115206,0.2956295
2,0.208333,26,0.30312502,0.1713029,0.2115440,0.2956038
2,0.212500,26,0.30416668,0.1712789,0.2115684,0.2955791
2,0.216667,26,0.30520835,0.1712588,0.2115961,0.2955585
2,0.220833,26,0.30625002,0.1712395,0.2116248,0.2955389
2,0.225000,26,0.30729168,0.1712248,0.2116575,0.2955239
2,0.229167,26,0.30833335,0.1712108,0.2116910,0.2955101
2,0.233333,26,0.30937502,0.1712016,0.2117288,0.2955008
2,0.237500,26,0.31041668,0.1711930,0.2117671,0.2954924
2,0.241667,26,0.31145835,0.1711893,0.2118097,0.2954886
2,0.245833,26,0.31250002,0.1711857,0.2118525,0.2954855
2,0.250000,26,0.31354168,0.1711869,0.2118993,0.2954867
2,0.254167,26,0.31458335,0.1711881,0.2119462,0.2954884
2,0.258333,26,0.31562502,0.1711942,0.2119972,0.2954946
2,0.262500,26,0.31666668,0.1712002,0.2120481,0.2955013
2,0.266667,26,0.31770835,0.1712111,0.2121031,0.2955124
2,0.270833,26,0.31875002,0.1712219,0.2121581,0.2955238
2,0.275000,26,0.31979168,0.1712374,0.2122171,0.2955396
2,0.279167,26,0.32083335,0.1712528,0.2122761,0.2955558
2,0.283333,26,0.32187502,0.1712727,0.2123386,0.2955761
2,0.287500,26,0.32291668,0.1712925,0.2124012,0.2955967
2,0.291667,26,0.32395835,0.1713163,0.2124669,0.2956212
2,0.295833,26,0.32500002,0.1713400,0.2125328,0.2956462
2,0.300000,26,0.32604168,0.1713671,0.2126011,0.2956740
2,0.304167,26,0.32708335,0.1713942,0.2126695,0.2957024
2,0.308333,26,0.32812502,0.1714240,0.2127398,0.2957331
2,0.312500,26,0.32916668,0.1714538,0.2128100,0.2957642
2,0.316667,26,0.33020835,0.1714855,0.2128815,0.2957970
2,0.320833,26,0.33125002,0.1715171,0.2129529,0.2958303
2,0.325000,26,0.33229168,0.1715498,0.2130246,0.2958645
2,0.329167,26,0.33333335,0.1715824,0.2130963,0.2958992
2,0.333333,26,0.33437502,0.1716151,0.2131673,0.2959338
2,0.337500,26,0.33541668,0.1716478,0.2132384,0.2959688
2,0.341667,26,0.33645835,0.1716796,0.2133077,0.2960027
2,0.345833,26,0.33750002,0.1717114,0.2133771,0.2960373
2,0.350000,26,0.33854168,0.1717413,0.2134439,0.2960697
2,0.354167,26,0.33958335,0.1717712,0.2135107,0.2961029
2,0.358333,26,0.34062502,0.1717983,0.2135739,0.2961332
2,0.362500,26,0.34166668,0.1718254,0.2136372,0.2961642
2,0.366667,26,0.34270835,0.1718489,0.2136961,0.2961915
2,0.370833,26,0.34375002,0.1718723,0.2137551,0.2962194
2,0.375000,26,0.34479168,0.1718913,0.2138088,0.2962427
2,0.379167,26,0.34583335,0.1719103,0.2138626,0.2962666
2,0.383333,26,0.34687502,0.1719243,0.2139106,0.2962856
2,0.387500,26,0.34791668,0.1719383,0.2139588,0.2963054
2,0.391667,26,0.34895835,0.1719469,0.2140008,0.2963199
2,0.395833,26,0.35000002,0.1719554,0.2140430,0.2963356
2,0.400000,26,0.35104168,0.1719583,0.2140786,0.2963455
2,0.404167,26,0.35208335,0.1719612,0.2141145,0.2963564
2,0.408333,26,0.35312502,0.1719584,0.2141438,0.2963612
2,0.412500,26,0.35416669,0.1719557,0.2141733,0.2963673
2,0.416667,26,0.35520835,0.1719475,0.2141967,0.2963679
2,0.420833,26,0.35625002,0.1719394,0.2142203,0.2963700
2,0.425000,26,0.35729169,0.1719263,0.2142383,0.2963674
2,0.429167,26,0.35833335,0.1719133,0.2142565,0.2963662
2,0.433333,26,0.35937502,0.1718961,0.2142699,0.2963612
2,0.437500,26,0.36041669,0.1718789,0.2142834,0.2963569
2,0.441667,26,0.36145835,0.1718586,0.2142931,0.2963502
2,0.445833,26,0.36250002,0.1718383,0.2143030,0.2963443
2,0.450000,26,0.36354169,0.1718161,0.2143103,0.2963372
2,0.454167,26,0.36458335,0.1717938,0.2143178,0.2963315
2,0.458333,26,0.36562502,0.1717711,0.2143244,0.2963261
2,0.462500,26,0.36666669,0.1717484,0.2143312,0.2963226
2,0.466667,26,0.36770835,0.1717269,0.2143386,0.2963209
2,0.470833,26,0.36875002,0.1717053,0.2143461,0.2963203
2,0.475000,26,0.36979169,0.1716866,0.2143560,0.2963234
2,0.479167,26,0.37083335,0.1716679,0.2143660,0.2963279
2,0.483333,26,0.37187502,0.1716538,0.2143802,0.2963379
2,0.487500,26,0.37291669,0.1716398,0.2143949,0.2963500
2,0.491667,26,0.37395835,0.1716323,0.2144154,0.2963699
2,0.495833,26,0.37500002,0.1716247,0.2144364,0.2963921
2,0.500000,26,0.37604169,0.1716255,0.2144653,0.2964236
2,0.504167,26,0.37708335,0.1716263,0.2144945,0.2964567
2,0.508333,26,0.37812502,0.1716372,0.2145333,0.2965011
2,0.512500,26,0.37916669,0.1716480,0.2145724,0.2965474
2,0.516667,26,0.38020835,0.1716706,0.2146229,0.2966068
2,0.520833,26,0.38125002,0.1716931,0.2146738,0.2966689
2,0.525000,26,0.38229169,0.1717289,0.2147376,0.2967460
2,0.529167,26,0.38333335,0.1717646,0.2148020,0.2968258
2,0.533333,26,0.38437502,0.1718147,0.2148805,0.2969219
2,0.537500,26,0.38541669,0.1718648,0.2149592,0.2970200
2,0.541667,26,0.38645835,0.1719303,0.2150531,0.2971351
2,0.545833,26,0.38750002,0.1719958,0.2151474,0.2972528
2,0.550000,26,0.38854169,0.1720775,0.2152577,0.2973887
2,0.554167,26,0.38958335,0.1721592,0.2153687,0.2975279
2,0.558333,26,0.39062502,0.1722575,0.2154962,0.2976861
2,0.562500,26,0.39166669,0.1723559,0.2156245,0.2978481
2,0.566667,26,0.39270835,0.1724710,0.2157695,0.2980293
2,0.570833,26,0.39375002,0.1725863,0.2159150,0.2982132
2,0.575000,26,0.39479169,0.1727182,0.2160771,0.2984160
2,0.579167,26,0.39583335,0.1728502,0.2162400,0.2986222
2,0.583333,26,0.39687502,0.1729988,0.2164193,0.2988476
2,0.587500,26,0.39791669,0.1731474,0.2165995,0.2990770
2,0.591667,26,0.39895835,0.1733121,0.2167958,0.2993257
2,0.595833,26,0.40000002,0.1734768,0.2169932,0.2995792
2,0.600000,26,0.40104169,0.1736570,0.2172061,0.2998510
2,0.604167,26,0.40208335,0.1738372,0.2174198,0.3001262
2,0.608333,26,0.40312502,0.1740323,0.2176483,0.3004192
2,0.612500,26,0.40416669,0.1742274,0.2178778,0.3007164
2,0.616667,26,0.40520835,0.1744367,0.2181215,0.3010310
2,0.620833,26,0.40625002,0.1746460,0.2183662,0.3013504
2,0.625000,26,0.40729169,0.1748688,0.2186248,0.3016874
2,0.629167,26,0.40833335,0.1750917,0.2188846,0.3020298
2,0.633333,26,0.40937502,0.1753275,0.2191575,0.3023889
2,0.637500,26,0.41041669,0.1755632,0.2194314,0.3027522
2,0.641667,26,0.41145835,0.1758116,0.2197180,0.3031316
2,0.645833,26,0.41250002,0.1760599,0.2200057,0.3035160
2,0.650000,26,0.41354169,0.1763206,0.2203060,0.3039166
2,0.654167,26,0.41458335,0.1765814,0.2206076,0.3043229
2,0.658333,26,0.41562502,0.1768545,0.2209222,0.3047467
2,0.662500,26,0.41666669,0.1771276,0.2212382,0.3051764
2,0.666667,26,0.41770836,0.1774135,0.2215673,0.3056236
2,0.670833,26,0.41875002,0.1776994,0.2218975,0.3060756
2,0.675000,26,0.41979169,0.1779985,0.2222414,0.3065452
2,0.679167,26,0.42083336,0.1782977,0.2225866,0.3070203
2,0.683333,26,0.42187502,0.1786110,0.2229464,0.3075147
2,0.687500,26,0.42291669,0.1789243,0.2233077,0.3080152
2,0.691667,26,0.42395836,0.1792529,0.2236849,0.3085365
2,0.695833,26,0.42500002,0.1795815,0.2240638,0.3090647
2,0.700000,26,0.42604169,0.1799267,0.2244598,0.3096148
2,0.704167,26,0.42708336,0.1802719,0.2248570,0.3101704
2,0.708333,26,0.42812502,0.1806351,0.2252729,0.3107491
2,0.712500,26,0.42916669,0.1809983,0.2256900,0.3113337
2,0.716667,26,0.43020836,0.1813811,0.2261276,0.3119437
2,0.720833,26,0.43125002,0.1817639,0.2265666,0.3125602
2,0.725000,26,0.43229169,0.1821678,0.2270277,0.3132044
2,0.729167,26,0.43333336,0.1825717,0.2274904,0.3138557
2,0.733333,26,0.43437502,0.1829982,0.2279765,0.3145355
2,0.737500,26,0.43541669,0.1834247,0.2284639,0.3152213
2,0.741667,26,0.43645836,0.1838750,0.2289759,0.3159365
2,0.745833,26,0.43750002,0.1843253,0.2294894,0.3166583
2,0.750000,26,0.43854169,0.1848004,0.2300286,0.3174112
2,0.754167,26,0.43958336,0.1852756,0.2305693,0.3181708
2,0.758333,26,0.44062502,0.1857761,0.2311364,0.3189624
2,0.762500,26,0.44166669,0.1862768,0.2317054,0.3197620
2,0.766667,26,0.44270836,0.1868030,0.2323007,0.3205930
2,0.770833,26,0.44375002,0.1873293,0.2328975,0.3214304
2,0.775000,26,0.44479169,0.1878809,0.2335204,0.3222994
2,0.779167,26,0.44583336,0.1884325,0.2341449,0.3231749
2,0.783333,26,0.44687502,0.1890087,0.2347948,0.3240810
2,0.787500,26,0.44791669,0.1895849,0.2354463,0.3249945
2,0.791667,26,0.44895836,0.1901842,0.2361218,0.3259375
2,0.795833,26,0.45000002,0.1907836,0.2367990,0.3268881
2,0.800000,26,0.45104169,0.1914042,0.2374984,0.3278662
2,0.804167,26,0.45208336,0.1920248,0.2381992,0.3288507
2,0.808333,26,0.45312502,0.1926642,0.2389195,0.3298596
2,0.812500,26,0.45416669,0.1933037,0.2396413,0.3308754
2,0.816667,26,0.45520836,0.1939591,0.2403799,0.3319130
2,0.820833,26,0.45625002,0.1946146,0.2411200,0.3329575
2,0.825000,26,0.45729169,0.1952828,0.2418736,0.3340209
2,0.829167,26,0.45833336,0.1959510,0.2426287,0.3350912
2,0.833333,26,0.45937502,0.1966283,0.2433938,0.3361767
2,0.837500,26,0.46041669,0.1973058,0.2441602,0.3372683
2,0.841667,26,0.46145836,0.1979889,0.2449329,0.3383710
2,0.845833,26,0.46250002,0.1986719,0.2457068,0.3394798
2,0.850000,26,0.46354169,0.1993570,0.2464833,0.3405960
2,0.854167,26,0.46458336,0.2000421,0.2472611,0.3417180
2,0.858333,26,0.46562502,0.2007257,0.2480379,0.3428442
2,0.862500,26,0.46666669,0.2014093,0.2488161,0.3439763
2,0.866667,26,0.46770836,0.2020881,0.2495899,0.3451087
2,0.870833,26,0.46875002,0.2027670,0.2503647,0.3462465
2,0.875000,26,0.46979169,0.2034384,0.2511325,0.3473816
2,0.879167,26,0.47083336,0.2041098,0.2519013,0.3485218
2,0.883333,26,0.47187502,0.2047715,0.2526607,0.3496566
2,0.887500,26,0.47291669,0.2054332,0.2534209,0.3507964
2,0.891667,26,0.47395836,0.2060834,0.2541700,0.3519288
2,0.895833,26,0.47500002,0.2067338,0.2549199,0.3530660
2,0.900000,26,0.47604169,0.2073718,0.2556577,0.3541948
2,0.904167,26,0.47708336,0.2080098,0.2563961,0.3553278
2,0.908333,26,0.47812502,0.2086353,0.2571221,0.3564521
2,0.912500,26,0.47916669,0.2092609,0.2578487,0.3575800
2,0.916667,26,0.48020836,0.2098745,0.2585632,0.3586989
2,0.920833,26,0.48125003,0.2104881,0.2592782,0.3598214
2,0.925000,26,0.48229169,0.2110910,0.2599822,0.3609357
2,0.929167,26,0.48333336,0.2116938,0.2606865,0.3620527
2,0.933333,26,0.48437503,0.2122879,0.2613817,0.3631635
2,0.937500,26,0.48541669,0.2128820,0.2620771,0.3642770
2,0.941667,26,0.48645836,0.2134696,0.2627657,0.3653860
2,0.945833,26,0.48750003,0.2140573,0.2634543,0.3664974
2,0.950000,26,0.48854169,0.2146412,0.2641387,0.3676063
2,0.954167,26,0.48958336,0.2152251,0.2648229,0.3687167
2,0.958333,26,0.49062503,0.2158082,0.2655056,0.3698270
2,0.962500,26,0.49166669,0.2163914,0.2661879,0.3709382
2,0.966667,26,0.49270836,0.2169766,0.2668715,0.3720523
2,0.970833,26,0.49375003,0.2175618,0.2675549,0.3731673
2,0.975000,26,0.49479169,0.2181519,0.2682422,0.3742875
2,0.979167,26,0.49583336,0.2187419,0.2689290,0.3754081
2,0.983333,26,0.49687503,0.2193390,0.2696218,0.3765352
2,0.987500,26,0.49791669,0.2199361,0.2703139,0.3776619
2,0.991667,26,0.49895836,0.2205419,0.2710132,0.3787958
2,0.995833,26,0.50000003,0.2211477,0.2717116,0.3799284
2,1.000000,26,0.50104169,0.2217630,0.2724183,0.3810695
2,1.004167,26,0.50208336,0.2223783,0.2731241,0.3822097
2,1.008333,26,0.50312503,0.2230030,0.2738380,0.3833579
2,1.012500,26,0.50416669,0.2236277,0.2745506,0.3845045
2,1.016667,26,0.50520836,0.2242604,0.2752697,0.3856567
2,1.020833,26,0.50625003,0.2248932,0.2759877,0.3868064
2,1.025000,26,0.50729169,0.2255318,0.2767094,0.3879585
2,1.029167,26,0.50833336,0.2261703,0.2774296,0.3891075
2,1.033333,26,0.50937503,0.2268110,0.2781503,0.3902556
2,1.037500,26,0.51041669,0.2274517,0.2788695,0.3914011
2,1.041667,26,0.51145836,0.2280899,0.2795844,0.3925409
2,1.045833,26,0.51250003,0.2287281,0.2802977,0.3936773
2,1.050000,26,0.51354169,0.2293581,0.2810007,0.3948012
2,1.054167,26,0.51458336,0.2299881,0.2817018,0.3959208
2,1.058333,26,0.51562503,0.2306033,0.2823859,0.3970207
2,1.062500,26,0.51666669,0.2312185,0.2830679,0.3981155
2,1.066667,26,0.51770836,0.2318116,0.2837256,0.3991835
2,1.070833,26,0.51875003,0.2324047,0.2843817,0.4002475
2,1.075000,26,0.51979169,0.2329681,0.2850056,0.4012768
2,1.079167,26,0.52083336,0.2335315,0.2856275,0.4023014
2,1.083333,26,0.52187503,0.2340574,0.2862095,0.4032828
2,1.087500,26,0.52291669,0.2345833,0.2867893,0.4042584
2,1.091667,26,0.52395836,0.2350640,0.2873213,0.4051823
2,1.095833,26,0.52500003,0.2355448,0.2878510,0.4061000
2,1.100000,26,0.52604169,0.2359734,0.2883261,0.4069594
2,1.104167,26,0.52708336,0.2364020,0.2887990,0.4078136
2,1.108333,26,0.52812503,0.2367723,0.2892110,0.4086036
2,1.112500,26,0.52916669,0.2371425,0.2896208,0.4093875
2,1.116667,26,0.53020836,0.2374495,0.2899647,0.4101016
2,1.120833,26,0.53125003,0.2377565,0.2903061,0.4108088
2,1.125000,26,0.53229169,0.2379967,0.2905779,0.4114419
2,1.129167,26,0.53333336,0.2382368,0.2908472,0.4120676
2,1.133333,26,0.53437503,0.2384084,0.2910454,0.4126181
2,1.137500,26,0.53541669,0.2385800,0.2912413,0.4131626
2,1.141667,26,0.53645836,0.2386833,0.2913662,0.4136321
2,1.145833,26,0.53750003,0.2387865,0.2914887,0.4140950
2,1.150000,26,0.53854169,0.2388235,0.2915424,0.4144846
2,1.154167,26,0.53958336,0.2388605,0.2915936,0.4148668
2,1.158333,26,0.54062503,0.2388357,0.2915802,0.4151796
2,1.162500,26,0.54166669,0.2388108,0.2915643,0.4154846
2,1.166667,26,0.54270836,0.2387305,0.2914903,0.4157269
2,1.170833,26,0.54375003,0.2386501,0.2914142,0.4159633
2,1.175000,26,0.54479170,0.2385226,0.2912884,0.4161458
2,1.179167,26,0.54583336,0.2383952,0.2911603,0.4163215
2,1.183333,26,0.54687503,0.2382307,0.2909928,0.4164532
2,1.187500,26,0.54791670,0.2380662,0.2908230,0.4165776
2,1.191667,26,0.54895836,0.2378764,0.2906252,0.4166690
2,1.195833,26,0.55000003,0.2376865,0.2904251,0.4167530
2,1.200000,26,0.55104170,0.2374841,0.2902102,0.4168174
2,1.204167,26,0.55208336,0.2372817,0.2899932,0.4168761
2,1.208333,26,0.55312503,0.2370805,0.2897752,0.4169295
2,1.212500,26,0.55416670,0.2368793,0.2895551,0.4169764
2,1.216667,26,0.55520836,0.2366931,0.2893479,0.4170316
2,1.220833,26,0.55625003,0.2365069,0.2891387,0.4170804
2,1.225000,26,0.55729170,0.2363498,0.2889565,0.4171512
2,1.229167,26,0.55833336,0.2361926,0.2887723,0.4172151
2,1.233333,26,0.55937503,0.2360780,0.2886286,0.4173153
2,1.237500,26,0.56041670,0.2359633,0.2884832,0.4174101
2,1.241667,26,0.56145836,0.2359035,0.2883909,0.4175541
2,1.245833,26,0.56250003,0.2358436,0.2882969,0.4176924
2,1.250000,26,0.56354170,0.2358496,0.2882670,0.4178906
2,1.254167,26,0.56458336,0.2358556,0.2882355,0.4180831
2,1.258333,26,0.56562503,0.2359368,0.2882775,0.4183449
2,1.262500,26,0.56666670,0.2360179,0.2883180,0.4186005
2,1.266667,26,0.56770836,0.2361811,0.2884392,0.4189330
2,1.270833,26,0.56875003,0.2363444,0.2885591,0.4192608
2,1.275000,26,0.56979170,0.2365946,0.2887646,0.4196709
2,1.279167,26,0.57083336,0.2368447,0.2889689,0.4200763
2,1.283333,26,0.57187503,0.2371841,0.2892611,0.4205661
2,1.287500,26,0.57291670,0.2375235,0.2895523,0.4210512
2,1.291667,26,0.57395836,0.2379516,0.2899311,0.4216199
2,1.295833,26,0.57500003,0.2383798,0.2903090,0.4221839
2,1.300000,26,0.57604170,0.2388938,0.2907718,0.4228294
2,1.304167,26,0.57708336,0.2394077,0.2912337,0.4234713
2,1.308333,26,0.57812503,0.2400021,0.2917751,0.4241898
2,1.312500,26,0.57916670,0.2405965,0.2923159,0.4249048
2,1.316667,26,0.58020836,0.2412635,0.2929286,0.4256887
2,1.320833,26,0.58125003,0.2419306,0.2935407,0.4264688
2,1.325000,26,0.58229170,0.2426605,0.2942151,0.4273080
2,1.329167,26,0.58333336,0.2433904,0.2948891,0.4281434
2,1.333333,26,0.58437503,0.2441716,0.2956139,0.4290270
2,1.337500,26,0.58541670,0.2449529,0.2963384,0.4299079
2,1.341667,26,0.58645836,0.2457729,0.2971012,0.4308248
2,1.345833,26,0.58750003,0.2465928,0.2978638,0.4317390
2,1.350000,26,0.58854170,0.2474377,0.2986510,0.4326755
2,1.354167,26,0.58958336,0.2482826,0.2994382,0.4336093
2,1.358333,26,0.59062503,0.2491384,0.3002361,0.4345511
2,1.362500,26,0.59166670,0.2499941,0.3010339,0.4354901
2,1.366667,26,0.59270836,0.2508467,0.3018286,0.4364237
2,1.370833,26,0.59375003,0.2516992,0.3026232,0.4373555
2,1.375000,26,0.59479170,0.2525349,0.3034011,0.4382685
2,1.379167,26,0.59583336,0.2533706,0.3041793,0.4391799
2,1.383333,26,0.59687503,0.2541768,0.3049279,0.4400597
2,1.387500,26,0.59791670,0.2549829,0.3056769,0.4409378
2,1.391667,26,0.59895836,0.2557479,0.3063849,0.4417727
2,1.395833,26,0.60000003,0.2565129,0.3070932,0.4426056
2,1.400000,26,0.60104170,0.2572267,0.3077507,0.4433857
2,1.404167,26,0.60208336,0.2579405,0.3084086,0.4441651
2,1.408333,26,0.60312503,0.2585950,0.3090076,0.4448836
2,1.412500,26,0.60416670,0.2592495,0.3096071,0.4456012
2,1.416667,26,0.60520836,0.2598383,0.3101413,0.4462518
2,1.420833,26,0.60625003,0.2604271,0.3106761,0.4469012
2,1.425000,26,0.60729170,0.2609459,0.3111414,0.4474795
2,1.429167,26,0.60833337,0.2614647,0.3116073,0.4480563
2,1.433333,26,0.60937503,0.2619114,0.3120017,0.4485601
2,1.437500,26,0.61041670,0.2623580,0.3123966,0.4490631
2,1.441667,26,0.61145837,0.2627322,0.3127197,0.4494931
2,1.445833,26,0.61250003,0.2631063,0.3130435,0.4499223
2,1.450000,26,0.61354170,0.2634096,0.3132971,0.4502800
2,1.454167,26,0.61458337,0.2637128,0.3135514,0.4506368
2,1.458333,26,0.61562503,0.2639483,0.3137388,0.4509253
2,1.462500,26,0.61666670,0.2641838,0.3139267,0.4512126
2,1.466667,26,0.61770837,0.2643562,0.3140524,0.4514362
2,1.470833,26,0.61875003,0.2645285,0.3141788,0.4516595
2,1.475000,26,0.61979170,0.2646435,0.3142486,0.4518251
2,1.479167,26,0.62083337,0.2647584,0.3143191,0.4519904
2,1.483333,26,0.62187503,0.2648224,0.3143397,0.4521043
2,1.487500,26,0.62291670,0.2648865,0.3143610,0.4522175
2,1.491667,26,0.62395837,0.2649067,0.3143393,0.4522866
2,1.495833,26,0.62500003,0.2649268,0.3143183,0.4523548
2,1.500000,26,0.62604170,0.2649104,0.3142615,0.4523860
2,1.504167,26,0.62708337,0.2648939,0.3142056,0.4524171
2,1.508333,26,0.62812503,0.2648480,0.3141212,0.4524185
2,1.512500,26,0.62916670,0.2648021,0.3140375,0.4524198
2,1.516667,26,0.63020837,0.2647335,0.3139320,0.4523979
2,1.520833,26,0.63125003,0.2646649,0.3138274,0.4523758
2,1.525000,26,0.63229170,0.2645798,0.3137070,0.4523367
2,1.529167,26,0.63333337,0.2644948,0.3135875,0.4522971
2,1.533333,26,0.63437503,0.2643988,0.3134579,0.4522462
2,1.537500,26,0.63541670,0.2643028,0.3133291,0.4521952
2,1.541667,26,0.63645837,0.2642004,0.3131948,0.4521377
2,1.545833,26,0.63750003,0.2640980,0.3130614,0.4520800
2,1.550000,26,0.63854170,0.2639928,0.3129260,0.4520193
2,1.554167,26,0.63958337,0.2638878,0.3127914,0.4519582
2,1.558333,26,0.64062503,0.2637826,0.3126576,0.4518967
2,1.562500,26,0.64166670,0.2636775,0.3125245,0.4518347
2,1.566667,26,0.64270837,0.2635740,0.3123939,0.4517742
2,1.570833,26,0.64375003,0.2634706,0.3122641,0.4517134
2,1.575000,26,0.64479170,0.2633696,0.3121376,0.4516549
2,1.579167,26,0.64583337,0.2632686,0.3120119,0.4515963
2,1.583333,26,0.64687503,0.2631703,0.3118895,0.4515399
2,1.587500,26,0.64791670,0.2630719,0.3117678,0.4514832
2,1.591667,26,0.64895837,0.2629756,0.3116489,0.4514281
2,1.595833,26,0.65000003,0.2628792,0.3115306,0.4513725
2,1.600000,26,0.65104170,0.2627838,0.3114139,0.4513175
2,1.604167,26,0.65208337,0.2626883,0.3112980,0.4512621
2,1.608333,26,0.65312503,0.2625924,0.3111823,0.4512061
2,1.612500,26,0.65416670,0.2624965,0.3110674,0.4511499
2,1.616667,26,0.65520837,0.2623986,0.3109510,0.4510911
2,1.620833,26,0.65625003,0.2623007,0.3108354,0.4510322
2,1.625000,26,0.65729170,0.2621993,0.3107168,0.4509693
2,1.629167,26,0.65833337,0.2620979,0.3105988,0.4509058
2,1.633333,26,0.65937503,0.2619916,0.3104764,0.4508370
2,1.637500,26,0.66041670,0.2618852,0.3103547,0.4507678
2,1.641667,26,0.66145837,0.2617729,0.3102276,0.4506924
2,1.645833,26,0.66250003,0.2616605,0.3101010,0.4506166
2,1.650000,26,0.66354170,0.2615414,0.3099683,0.4505336
2,1.654167,26,0.66458337,0.2614224,0.3098361,0.4504502
2,1.658333,26,0.66562503,0.2612962,0.3096974,0.4503593
2,1.662500,26,0.66666670,0.2611701,0.3095593,0.4502679
2,1.666667,26,0.66770837,0.2610372,0.3094147,0.4501693
2,1.670833,26,0.66875003,0.2609042,0.3092706,0.4500700
2,1.675000,26,0.66979170,0.2607651,0.3091210,0.4499644
2,1.679167,26,0.67083337,0.2606260,0.3089719,0.4498584
2,1.683333,26,0.67187504,0.2604818,0.3088180,0.4497468
2,1.687500,26,0.67291670,0.2603376,0.3086646,0.4496348
2,1.691667,26,0.67395837,0.2601899,0.3085082,0.4495187
2,1.695833,26,0.67500004,0.2600422,0.3083521,0.4494021
2,1.700000,26,0.67604170,0.2598928,0.3081947,0.4492834
2,1.704167,26,0.67708337,0.2597434,0.3080377,0.4491642
2,1.708333,26,0.67812504,0.2595943,0.3078815,0.4490448
2,1.712500,26,0.67916670,0.2594453,0.3077257,0.4489250
2,1.716667,26,0.68020837,0.2592987,0.3075728,0.4488073
2,1.720833,26,0.68125004,0.2591523,0.3074203,0.4486892
2,1.725000,26,0.68229170,0.2590105,0.3072728,0.4485753
2,1.729167,26,0.68333337,0.2588687,0.3071257,0.4484610
2,1.733333,26,0.68437504,0.2587338,0.3069856,0.4483529
2,1.737500,26,0.68541670,0.2585989,0.3068460,0.4482445
2,1.741667,26,0.68645837,0.2584727,0.3067154,0.4481443
2,1.745833,26,0.68750004,0.2583466,0.3065851,0.4480436
2,1.750000,26,0.68854170,0.2582308,0.3064654,0.4479527
2,1.754167,26,0.68958337,0.2581150,0.3063460,0.4478613
2,1.758333,26,0.69062504,0.2580108,0.3062385,0.4477812
2,1.762500,26,0.69166670,0.2579066,0.3061312,0.4477007
2,1.766667,26,0.69270837,0.2578150,0.3060367,0.4476320
2,1.770833,26,0.69375004,0.2577233,0.3059423,0.4475630
2,1.775000,26,0.69479170,0.2576445,0.3058612,0.4475064
2,1.779167,26,0.69583337,0.2575658,0.3057803,0.4474492
2,1.783333,26,0.69687504,0.2574999,0.3057125,0.4474045
2,1.787500,26,0.69791670,0.2574341,0.3056449,0.4473594
2,1.791667,26,0.69895837,0.2573806,0.3055899,0.4473261
2,1.795833,26,0.70000004,0.2573272,0.3055351,0.4472926
2,1.800000,26,0.70104170,0.2572854,0.3054920,0.4472702
2,1.804167,26,0.70208337,0.2572435,0.3054492,0.4472474
2,1.808333,26,0.70312504,0.2572121,0.3054169,0.4472342
2,1.812500,26,0.70416670,0.2571807,0.3053848,0.4472209
2,1.816667,26,0.70520837,0.2571582,0.3053617,0.4472157
2,1.820833,26,0.70625004,0.2571357,0.3053389,0.4472104
2,1.825000,26,0.70729170,0.2571204,0.3053233,0.4472119
2,1.829167,26,0.70833337,0.2571052,0.3053080,0.4472131
2,1.833333,26,0.70937504,0.2570955,0.3052981,0.4472193
2,1.837500,26,0.71041670,0.2570857,0.3052885,0.4472250
2,1.841667,26,0.71145837,0.2570796,0.3052826,0.4472339
2,1.845833,26,0.71250004,0.2570736,0.3052770,0.4472426
2,1.850000,26,0.71354170,0.2570694,0.3052732,0.4472527
2,1.854167,26,0.71458337,0.2570653,0.3052697,0.4472624
2,1.858333,26,0.71562504,0.2570613,0.3052664,0.4472720
2,1.862500,26,0.71666670,0.2570575,0.3052633,0.4472813
2,1.866667,26,0.71770837,0.2570525,0.3052591,0.4472892
2,1.870833,26,0.71875004,0.2570475,0.3052551,0.4472965
2,1.875000,26,0.71979170,0.2570403,0.3052488,0.4473012
2,1.879167,26,0.72083337,0.2570329,0.3052426,0.4473056
2,1.883333,26,0.72187504,0.2570225,0.3052332,0.4473065
2,1.887500,26,0.72291670,0.2570120,0.3052240,0.4473070
2,1.891667,26,0.72395837,0.2569978,0.3052110,0.4473033
2,1.895833,26,0.72500004,0.2569836,0.3051982,0.4472996
2,1.900000,26,0.72604170,0.2569654,0.3051813,0.4472912
2,1.904167,26,0.72708337,0.2569472,0.3051645,0.4472828
2,1.908333,26,0.72812504,0.2569251,0.3051440,0.4472700
2,1.912500,26,0.72916670,0.2569030,0.3051234,0.4472569
2,1.916667,26,0.73020837,0.2568774,0.3050993,0.4472399
2,1.920833,26,0.73125004,0.2568517,0.3050754,0.4472226
2,1.925000,26,0.73229170,0.2568232,0.3050485,0.4472023
2,1.929167,26,0.73333337,0.2567947,0.3050217,0.4471817
2,1.933333,26,0.73437504,0.2567640,0.3049928,0.4471588
2,1.937500,26,0.73541671,0.2567334,0.3049640,0.4471356
2,1.941667,26,0.73645837,0.2567018,0.3049341,0.4471110
2,1.945833,26,0.73750004,0.2566701,0.3049043,0.4470861
2,1.950000,26,0.73854171,0.2566384,0.3048745,0.4470610
2,1.954167,26,0.73958337,0.2566067,0.3048448,0.4470356
2,1.958333,26,0.74062504,0.2565762,0.3048162,0.4470112
2,1.962500,26,0.74166671,0.2565457,0.3047876,0.4469866
2,1.966667,26,0.74270837,0.2565175,0.3047613,0.4469640
2,1.970833,26,0.74375004,0.2564893,0.3047350,0.4469412
2,1.975000,26,0.74479171,0.2564643,0.3047121,0.4469214
2,1.979167,26,0.74583337,0.2564394,0.3046891,0.4469014
2,1.983333,26,0.74687504,0.2564186,0.3046704,0.4468856
2,1.987500,26,0.74791671,0.2563979,0.3046518,0.4468693
2,1.991667,26,0.74895837,0.2563821,0.3046381,0.4468579
2,1.995833,26,0.75000004,0.2563663,0.3046243,0.4468464
2,2.000000,26,0.75104171,0.2563560,0.3046161,0.4468401
2,2.004167,26,0.75208337,0.2563457,0.3046079,0.4468338
2,2.008333,26,0.75312504,0.2563412,0.3046056,0.4468329
2,2.012500,26,0.75416671,0.2563368,0.3046032,0.4468320
2,2.016667,26,0.75520837,0.2563382,0.3046068,0.4468368
2,2.020833,26,0.75625004,0.2563396,0.3046103,0.4468414
2,2.025000,26,0.75729171,0.2563468,0.3046196,0.4468517
2,2.029167,26,0.75833337,0.2563540,0.3046290,0.4468620
2,2.033333,26,0.75937504,0.2563666,0.3046437,0.4468773
2,2.037500,26,0.76041671,0.2563792,0.3046585,0.4468927
2,2.041667,26,0.76145837,0.2563967,0.3046781,0.4469126
2,2.045833,26,0.76250004,0.2564142,0.3046977,0.4469325
2,2.050000,26,0.76354171,0.2564358,0.3047215,0.4469562
2,2.054167,26,0.76458337,0.2564574,0.3047453,0.4469800
2,2.058333,26,0.76562504,0.2564823,0.3047724,0.4470071
2,2.062500,26,0.76666671,0.2565072,0.3047994,0.4470340
2,2.066667,26,0.76770837,0.2565345,0.3048288,0.4470630
2,2.070833,26,0.76875004,0.2565617,0.3048582,0.4470920
2,2.075000,26,0.76979171,0.2565902,0.3048889,0.4471222
2,2.079167,26,0.77083337,0.2566187,0.3049196,0.4471522
2,2.083333,26,0.77187504,0.2566475,0.3049504,0.4471823
2,2.087500,26,0.77291671,0.2566763,0.3049814,0.4472124
2,2.091667,26,0.77395837,0.2567042,0.3050115,0.4472417
2,2.095833,26,0.77500004,0.2567322,0.3050417,0.4472710
2,2.100000,26,0.77604171,0.2567584,0.3050701,0.4472984
2,2.104167,26,0.77708337,0.2567846,0.3050984,0.4473257
2,2.108333,26,0.77812504,0.2568083,0.3051242,0.4473501
2,2.112500,26,0.77916671,0.2568318,0.3051499,0.4473747
2,2.116667,26,0.78020837,0.2568520,0.3051722,0.4473957
2,2.120833,26,0.78125004,0.2568721,0.3051945,0.4474166
2,2.125000,26,0.78229171,0.2568882,0.3052127,0.4474336
2,2.129167,26,0.78333337,0.2569043,0.3052310,0.4474504
2,2.133333,26,0.78437504,0.2569159,0.3052446,0.4474626
2,2.137500,26,0.78541671,0.2569274,0.3052584,0.4474749
2,2.141667,26,0.78645837,0.2569341,0.3052672,0.4474820
2,2.145833,26,0.78750004,0.2569408,0.3052760,0.4474894
2,2.150000,26,0.78854171,0.2569424,0.3052798,0.4474914
2,2.154167,26,0.78958337,0.2569439,0.3052835,0.4474934
2,2.158333,26,0.79062504,0.2569405,0.3052821,0.4474906
2,2.162500,26,0.79166671,0.2569371,0.3052808,0.4474875
2,2.166667,26,0.79270837,0.2569286,0.3052745,0.4474795
2,2.170833,26,0.79375004,0.2569202,0.3052683,0.4474714
2,2.175000,26,0.79479171,0.2569071,0.3052572,0.4474586
2,2.179167,26,0.79583337,0.2568940,0.3052464,0.4474458
2,2.183333,26,0.79687504,0.2568766,0.3052310,0.4474286
2,2.187500,26,0.79791671,0.2568592,0.3052157,0.4474114
2,2.191667,26,0.79895838,0.2568380,0.3051966,0.4473903
2,2.195833,26,0.80000004,0.2568168,0.3051775,0.4473694
2,2.200000,26,0.80104171,0.2567923,0.3051550,0.4473450
2,2.204167,26,0.80208338,0.2567677,0.3051326,0.4473207
2,2.208333,26,0.80312504,0.2567406,0.3051075,0.4472936
2,2.212500,26,0.80416671,0.2567134,0.3050824,0.4472665
2,2.216667,26,0.80520838,0.2566842,0.3050554,0.4472376
2,2.220833,26,0.80625004,0.2566550,0.3050282,0.4472084
2,2.225000,26,0.80729171,0.2566244,0.3049997,0.4471777
2,2.229167,26,0.80833338,0.2565937,0.3049711,0.4471473
2,2.233333,26,0.80937504,0.2565623,0.3049418,0.4471159
2,2.237500,26,0.81041671,0.2565309,0.3049124,0.4470846
2,2.241667,26,0.81145838,0.2564994,0.3048829,0.4470531
2,2.245833,26,0.81250004,0.2564678,0.3048534,0.4470215
2,2.250000,26,0.81354171,0.2564366,0.3048243,0.4469904
2,2.254167,26,0.81458338,0.2564054,0.3047951,0.4469593
2,2.258333,26,0.81562504,0.2563751,0.3047669,0.4469289
2,2.262500,26,0.81666671,0.2563448,0.3047386,0.4468988
2,2.266667,26,0.81770838,0.2563158,0.3047116,0.4468698
2,2.270833,26,0.81875004,0.2562869,0.3046847,0.4468408
2,2.275000,26,0.81979171,0.2562595,0.3046594,0.4468135
2,2.279167,26,0.82083338,0.2562322,0.3046342,0.4467861
2,2.283333,26,0.82187504,0.2562069,0.3046108,0.4467607
2,2.287500,26,0.82291671,0.2561816,0.3045876,0.4467356
2,2.291667,26,0.82395838,0.2561585,0.3045664,0.4467125
2,2.295833,26,0.82500004,0.2561353,0.3045453,0.4466892
2,2.300000,26,0.82604171,0.2561145,0.3045265,0.4466685
2,2.304167,26,0.82708338,0.2560937,0.3045077,0.4466477
2,2.308333,26,0.82812504,0.2560753,0.3044913,0.4466293
2,2.312500,26,0.82916671,0.2560569,0.3044748,0.4466107
2,2.316667,26,0.83020838,0.2560408,0.3044608,0.4465948
2,2.320833,26,0.83125004,0.2560248,0.3044468,0.4465787
2,2.325000,26,0.83229171,0.2560111,0.3044350,0.4465650
2,2.329167,26,0.83333338,0.2559974,0.3044234,0.4465514
2,2.333333,26,0.83437504,0.2559860,0.3044139,0.4465400
2,2.337500,26,0.83541671,0.2559746,0.3044044,0.4465285
2,2.341667,26,0.83645838,0.2559652,0.3043970,0.4465192
2,2.345833,26,0.83750004,0.2559559,0.3043897,0.4465098
2,2.350000,26,0.83854171,0.2559484,0.3043841,0.4465024
2,2.354167,26,0.83958338,0.2559410,0.3043786,0.4464950
2,2.358333,26,0.84062504,0.2559352,0.3043748,0.4464892
2,2.362500,26,0.84166671,0.2559295,0.3043711,0.4464836
2,2.366667,26,0.84270838,0.2559253,0.3043687,0.4464793
2,2.370833,26,0.84375004,0.2559210,0.3043664,0.4464751
2,2.375000,26,0.84479171,0.2559180,0.3043653,0.4464720
2,2.379167,26,0.84583338,0.2559150,0.3043642,0.4464690
2,2.383333,26,0.84687504,0.2559131,0.3043642,0.4464670
2,2.387500,26,0.84791671,0.2559112,0.3043641,0.4464651
2,2.391667,26,0.84895838,0.2559102,0.3043651,0.4464643
2,2.395833,28,0.85000004,0.2559093,0.3043661,0.4464633
2,2.400000,28,0.85104171,0.2559093,0.3043679,0.4464632
2,2.404167,28,0.85208338,0.2559093,0.3043697,0.4464632
2,2.408333,28,0.85312504,0.2559093,0.3043715,0.4464631
2,2.412500,28,0.85416671,0.2559093,0.3043734,0.4464631
2,2.416667,28,0.85520838,0.2559093,0.3043752,0.4464630
2,2.420833,28,0.85625004,0.2559093,0.3043770,0.4464630
2,2.425000,28,0.85729171,0.2559093,0.3043787,0.4464630
2,2.429167,28,0.85833338,0.2559093,0.3043805,0.4464629
2,2.433333,28,0.85937504,0.2559093,0.3043824,0.4464629
2,2.437500,28,0.86041671,0.2559093,0.3043841,0.4464627
2,2.441667,28,0.86145838,0.2559093,0.3043858,0.4464627
2,2.445833,28,0.86250004,0.2559093,0.3043876,0.4464626
2,2.450000,28,0.86354171,0.2559093,0.3043893,0.4464626
2,2.454167,28,0.86458338,0.2559093,0.3043911,0.4464626
2,2.458333,28,0.86562505,0.2559093,0.3043928,0.4464624
2,2.462500,28,0.86666671,0.2559093,0.3043945,0.4464624
2,2.466667,28,0.86770838,0.2559093,0.3043962,0.4464623
2,2.470833,28,0.86875005,0.2559093,0.3043979,0.4464622
2,2.475000,28,0.86979171,0.2559093,0.3043996,0.4464622
2,2.479167,28,0.87083338,0.2559093,0.3044013,0.4464622
2,2.483333,28,0.87187505,0.2559093,0.3044030,0.4464621
2,2.487500,28,0.87291671,0.2559093,0.3044047,0.4464621
2,2.491667,28,0.87395838,0.2559093,0.3044063,0.4464619
2,2.495833,28,0.87500005,0.2559093,0.3044080,0.4464619
2,2.500000,27,0.87604171,0.2559101,0.3044105,0.4464627
2,2.504167,27,0.87708338,0.2559109,0.3044130,0.4464634
2,2.508333,27,0.87812505,0.2559127,0.3044165,0.4464653
2,2.512500,27,0.87916671,0.2559144,0.3044199,0.4464670
2,2.516667,27,0.88020838,0.2559171,0.3044243,0.4464697
2,2.520833,27,0.88125005,0.2559199,0.3044288,0.4464725
2,2.525000,27,0.88229171,0.2559239,0.3044344,0.4464765
2,2.529167,27,0.88333338,0.2559279,0.3044401,0.4464804
2,2.533333,27,0.88437505,0.2559334,0.3044472,0.4464860
2,2.537500,27,0.88541671,0.2559389,0.3044544,0.4464915
2,2.541667,27,0.88645838,0.2559461,0.3044632,0.4464988
2,2.545833,27,0.88750005,0.2559533,0.3044721,0.4465060
2,2.550000,27,0.88854171,0.2559625,0.3044830,0.4465153
2,2.554167,27,0.88958338,0.2559716,0.3044938,0.4465244
2,2.558333,27,0.89062505,0.2559830,0.3045067,0.4465357
2,2.562500,27,0.89166671,0.2559942,0.3045195,0.4465470
2,2.566667,27,0.89270838,0.2560079,0.3045348,0.4465606
2,2.570833,27,0.89375005,0.2560215,0.3045499,0.4465742
2,2.575000,27,0.89479171,0.2560375,0.3045676,0.4465904
2,2.579167,27,0.89583338,0.2560536,0.3045852,0.4466064
2,2.583333,27,0.89687505,0.2560721,0.3046053,0.4466250
2,2.587500,27,0.89791671,0.2560906,0.3046254,0.4466435
2,2.591667,27,0.89895838,0.2561117,0.3046481,0.4466647
2,2.595833,27,0.90000005,0.2561327,0.3046707,0.4466857
2,2.600000,27,0.90104171,0.2561562,0.3046958,0.4467093
2,2.604167,27,0.90208338,0.2561797,0.3047208,0.4467328
2,2.608333,27,0.90312505,0.2562056,0.3047481,0.4467587
2,2.612500,27,0.90416671,0.2562315,0.3047755,0.4467846
2,2.616667,27,0.90520838,0.2562595,0.3048051,0.4468126
2,2.620833,27,0.90625005,0.2562875,0.3048345,0.4468407
2,2.625000,27,0.90729171,0.2563173,0.3048659,0.4468707
2,2.629167,27,0.90833338,0.2563472,0.3048972,0.4469005
2,2.633333,27,0.90937505,0.2563786,0.3049300,0.4469318
2,2.637500,27,0.91041671,0.2564100,0.3049629,0.4469633
2,2.641667,27,0.91145838,0.2564425,0.3049968,0.4469959
2,2.645833,27,0.91250005,0.2564749,0.3050307,0.4470283
2,2.650000,27,0.91354171,0.2565081,0.3050653,0.4470613
2,2.654167,27,0.91458338,0.2565412,0.3050998,0.4470944
2,2.658333,27,0.91562505,0.2565743,0.3051343,0.4471276
2,2.662500,27,0.91666671,0.2566075,0.3051688,0.4471607
2,2.666667,27,0.91770838,0.2566400,0.3052028,0.4471934
2,2.670833,27,0.91875005,0.2566727,0.3052368,0.4472258
2,2.675000,27,0.91979171,0.2567041,0.3052695,0.4472573
2,2.679167,27,0.92083338,0.2567356,0.3053023,0.4472885
2,2.683333,27,0.92187505,0.2567651,0.3053332,0.4473180
2,2.687500,27,0.92291671,0.2567947,0.3053640,0.4473475
2,2.691667,27,0.92395838,0.2568218,0.3053924,0.4473743
2,2.695833,27,0.92500005,0.2568489,0.3054208,0.4474014
2,2.700000,27,0.92604171,0.2568728,0.3054459,0.4474252
2,2.704167,27,0.92708338,0.2568968,0.3054711,0.4474489
2,2.708333,27,0.92812505,0.2569170,0.3054926,0.4474687
2,2.712500,27,0.92916672,0.2569372,0.3055140,0.4474889
2,2.716667,27,0.93020838,0.2569531,0.3055311,0.4475045
2,2.720833,27,0.93125005,0.2569690,0.3055481,0.4475200
2,2.725000,27,0.93229172,0.2569802,0.3055605,0.4475309
2,2.729167,27,0.93333338,0.2569914,0.3055728,0.4475417
2,2.733333,27,0.93437505,0.2569975,0.3055800,0.4475474
2,2.737500,27,0.93541672,0.2570036,0.3055871,0.4475530
2,2.741667,27,0.93645838,0.2570044,0.3055891,0.4475532
2,2.745833,27,0.93750005,0.2570052,0.3055910,0.4475536
2,2.750000,27,0.93854172,0.2570007,0.3055874,0.4475483
2,2.754167,27,0.93958338,0.2569961,0.3055839,0.4475432
2,2.758333,27,0.94062505,0.2569862,0.3055750,0.4475326
2,2.762500,27,0.94166672,0.2569764,0.3055663,0.4475222
2,2.766667,27,0.94270838,0.2569615,0.3055523,0.4475064
2,2.770833,27,0.94375005,0.2569466,0.3055384,0.4474907
2,2.775000,27,0.94479172,0.2569270,0.3055198,0.4474703
2,2.779167,27,0.94583338,0.2569074,0.3055012,0.4474498
2,2.783333,27,0.94687505,0.2568837,0.3054784,0.4474251
2,2.787500,27,0.94791672,0.2568601,0.3054557,0.4474005
2,2.791667,27,0.94895838,0.2568331,0.3054296,0.4473724
2,2.795833,27,0.95000005,0.2568061,0.3054034,0.4473440
2,2.800000,27,0.95104172,0.2567766,0.3053748,0.4473133
2,2.804167,27,0.95208338,0.2567471,0.3053462,0.4472824
2,2.808333,27,0.95312505,0.2567161,0.3053160,0.4472501
2,2.812500,27,0.95416672,0.2566851,0.3052859,0.4472175
2,2.816667,27,0.95520838,0.2566537,0.3052552,0.4471845
2,2.820833,27,0.95625005,0.2566223,0.3052245,0.4471512
2,2.825000,27,0.95729172,0.2565915,0.3051945,0.4471187
2,2.829167,27,0.95833338,0.2565608,0.3051645,0.4470860
2,2.833333,27,0.95937505,0.2565319,0.3051363,0.4470550
2,2.837500,27,0.96041672,0.2565031,0.3051082,0.4470240
2,2.841667,27,0.96145838,0.2564772,0.3050829,0.4469958
2,2.845833,27,0.96250005,0.2564513,0.3050577,0.4469675
2,2.850000,27,0.96354172,0.2564294,0.3050365,0.4469432
2,2.854167,27,0.96458338,0.2564076,0.3050153,0.4469187
2,2.858333,27,0.96562505,0.2563908,0.3049990,0.4468990
2,2.862500,27,0.96666672,0.2563740,0.3049827,0.4468792
2,2.866667,27,0.96770838,0.2563631,0.3049723,0.4468651
2,2.870833,27,0.96875005,0.2563522,0.3049618,0.4468509
2,2.875000,27,0.96979172,0.2563478,0.3049580,0.4468431
2,2.879167,27,0.97083338,0.2563434,0.3049540,0.4468352
2,2.883333,27,0.97187505,0.2563460,0.3049569,0.4468339
2,2.887500,27,0.97291672,0.2563486,0.3049598,0.4468326
2,2.891667,27,0.97395838,0.2563584,0.3049700,0.4468382
2,2.895833,27,0.97500005,0.2563682,0.3049801,0.4468435
2,2.900000,27,0.97604172,0.2563851,0.3049973,0.4468559
2,2.904167,27,0.97708338,0.2564021,0.3050145,0.4468681
2,2.908333,27,0.97812505,0.2564260,0.3050386,0.4468872
2,2.912500,27,0.97916672,0.2564498,0.3050626,0.4469059
2,2.916667,27,0.98020838,0.2564801,0.3050929,0.4469308
2,2.920833,27,0.98125005,0.2565103,0.3051233,0.4469554
2,2.925000,27,0.98229172,0.2565461,0.3051591,0.4469855
2,2.929167,27,0.98333338,0.2565819,0.3051950,0.4470151
2,2.933333,27,0.98437505,0.2566223,0.3052353,0.4470492
2,2.937500,27,0.98541672,0.2566627,0.3052757,0.4470829
2,2.941667,27,0.98645838,0.2567067,0.3053195,0.4471200
2,2.945833,27,0.98750005,0.2567505,0.3053632,0.4471568
2,2.950000,27,0.98854172,0.2567966,0.3054091,0.4471956
2,2.954167,27,0.98958338,0.2568427,0.3054549,0.4472340
2,2.958333,27,0.99062505,0.2568896,0.3055016,0.4472731
2,2.962500,27,0.99166672,0.2569366,0.3055481,0.4473117
2,2.966667,27,0.99270839,0.2569829,0.3055940,0.4473495
2,2.970833,27,0.99375005,0.2570293,0.3056399,0.4473870
2,2.975000,27,0.99479172,0.2570738,0.3056839,0.4474224
2,2.979167,27,0.99583339,0.2571183,0.3057279,0.4474575
2,2.983333,27,0.99687505,0.2571597,0.3057686,0.4474891
2,2.987500,27,0.99791672,0.2572010,0.3058093,0.4475203
2,2.991667,27,0.99895839,0.2572383,0.3058458,0.4475471
2,2.995833,27,1.00000005,0.2572755,0.3058822,0.4475735
2,3.000000,27,1.00104172,0.2573077,0.3059135,0.4475943
2,3.004167,27,1.00208339,0.2573400,0.3059448,0.4476151
2,3.008333,27,1.00312505,0.2573665,0.3059703,0.4476298
2,3.012500,27,1.00416672,0.2573932,0.3059959,0.4476441
2,3.016667,27,1.00520839,0.2574140,0.3060156,0.4476522
2,3.020833,27,1.00625005,0.2574348,0.3060351,0.4476599
2,3.025000,27,1.00729172,0.2574497,0.3060488,0.4476613
2,3.029167,27,1.00833339,0.2574647,0.3060624,0.4476624
2,3.033333,27,1.00937505,0.2574743,0.3060705,0.4476577
2,3.037500,27,1.01041672,0.2574839,0.3060786,0.4476525
2,3.041667,27,1.01145839,0.2574890,0.3060819,0.4476423
2,3.045833,27,1.01250005,0.2574939,0.3060852,0.4476318
2,3.050000,27,1.01354172,0.2574954,0.3060848,0.4476171
2,3.054167,27,1.01458339,0.2574969,0.3060845,0.4476022
2,3.058333,27,1.01562505,0.2574962,0.3060817,0.4475845
2,3.062500,27,1.01666672,0.2574955,0.3060790,0.4475664
2,3.066667,27,1.01770839,0.2574942,0.3060754,0.4475471
2,3.070833,27,1.01875005,0.2574929,0.3060719,0.4475275
2,3.075000,27,1.01979172,0.2574927,0.3060693,0.4475085
2,3.079167,27,1.02083339,0.2574925,0.3060668,0.4474891
2,3.083333,27,1.02187505,0.2574954,0.3060671,0.4474722
2,3.087500,27,1.02291672,0.2574983,0.3060673,0.4474548
2,3.091667,27,1.02395839,0.2575060,0.3060723,0.4474418
2,3.095833,27,1.02500005,0.2575138,0.3060772,0.4474282
2,3.100000,27,1.02604172,0.2575282,0.3060885,0.4474208
2,3.104167,27,1.02708339,0.2575426,0.3060999,0.4474130
2,3.108333,27,1.02812505,0.2575652,0.3061192,0.4474128
2,3.112500,27,1.02916672,0.2575878,0.3061386,0.4474121
2,3.116667,27,1.03020839,0.2576201,0.3061675,0.4474204
2,3.120833,27,1.03125005,0.2576523,0.3061962,0.4474284
2,3.125000,27,1.03229172,0.2576951,0.3062353,0.4474464
2,3.129167,27,1.03333339,0.2577379,0.3062742,0.4474637
2,3.133333,27,1.03437505,0.2577919,0.3063244,0.4474918
2,3.137500,27,1.03541672,0.2578459,0.3063744,0.4475192
2,3.141667,27,1.03645839,0.2579113,0.3064356,0.4475574
2,3.145833,27,1.03750005,0.2579767,0.3064967,0.4475953
2,3.150000,27,1.03854172,0.2580530,0.3065687,0.4476435
2,3.154167,27,1.03958339,0.2581293,0.3066406,0.4476911
2,3.158333,27,1.04062505,0.2582159,0.3067225,0.4477485
2,3.162500,27,1.04166672,0.2583023,0.3068042,0.4478051
2,3.166667,27,1.04270839,0.2583977,0.3068947,0.4478702
2,3.170833,27,1.04375005,0.2584931,0.3069851,0.4479348
2,3.175000,27,1.04479172,0.2585955,0.3070825,0.4480057
2,3.179167,27,1.04583339,0.2586978,0.3071797,0.4480762
2,3.183333,27,1.04687505,0.2588051,0.3072817,0.4481509
2,3.187500,27,1.04791672,0.2589124,0.3073836,0.4482254
2,3.191667,27,1.04895839,0.2590221,0.3074877,0.4483015
2,3.195833,27,1.05000005,0.2591317,0.3075917,0.4483772
2,3.200000,27,1.05104172,0.2592411,0.3076952,0.4484519
2,3.204167,27,1.05208339,0.2593504,0.3077986,0.4485259
2,3.208333,27,1.05312505,0.2594566,0.3078988,0.4485965
2,3.212500,27,1.05416672,0.2595627,0.3079989,0.4486665
2,3.216667,27,1.05520839,0.2596630,0.3080930,0.4487300
2,3.220833,27,1.05625006,0.2597632,0.3081869,0.4487931
2,3.225000,27,1.05729172,0.2598549,0.3082721,0.4488471
2,3.229167,27,1.05833339,0.2599464,0.3083572,0.4489004
2,3.233333,27,1.05937506,0.2600271,0.3084312,0.4489425
2,3.237500,27,1.06041672,0.2601077,0.3085051,0.4489838
2,3.241667,27,1.06145839,0.2601752,0.3085660,0.4490117
2,3.245833,27,1.06250006,0.2602428,0.3086268,0.4490390
2,3.250000,27,1.06354172,0.2602959,0.3086729,0.4490515
2,3.254167,27,1.06458339,0.2603489,0.3087189,0.4490633
2,3.258333,27,1.06562506,0.2603865,0.3087495,0.4490595
2,3.262500,27,1.06666672,0.2604241,0.3087799,0.4490552
2,3.266667,27,1.06770839,0.2604460,0.3087946,0.4490348
2,3.270833,27,1.06875006,0.2604679,0.3088092,0.4490137
2,3.275000,27,1.06979172,0.2604744,0.3088085,0.4489770
2,3.279167,27,1.07083339,0.2604810,0.3088077,0.4489399
2,3.283333,27,1.07187506,0.2604734,0.3087927,0.4488880
2,3.287500,27,1.07291672,0.2604659,0.3087777,0.4488359
2,3.291667,27,1.07395839,0.2604460,0.3087504,0.4487711
2,3.295833,27,1.07500006,0.2604261,0.3087230,0.4487062
2,3.300000,27,1.07604172,0.2603964,0.3086857,0.4486309
2,3.304167,27,1.07708339,0.2603667,0.3086485,0.4485552
2,3.308333,27,1.07812506,0.2603302,0.3086044,0.4484722
2,3.312500,27,1.07916672,0.2602937,0.3085605,0.4483890
2,3.316667,27,1.08020839,0.2602539,0.3085131,0.4483019
2,3.320833,27,1.08125006,0.2602141,0.3084657,0.4482146
2,3.325000,27,1.08229172,0.2601749,0.3084191,0.4481279
2,3.329167,27,1.08333339,0.2601357,0.3083724,0.4480408
2,3.333333,27,1.08437506,0.2601011,0.3083304,0.4479580
2,3.337500,27,1.08541672,0.2600665,0.3082883,0.4478747
2,3.341667,27,1.08645839,0.2600405,0.3082549,0.4477996
2,3.345833,27,1.08750006,0.2600145,0.3082215,0.4477241
2,3.350000,27,1.08854172,0.2600010,0.3082008,0.4476610
2,3.354167,27,1.08958339,0.2599876,0.3081801,0.4475975
2,3.358333,27,1.09062506,0.2599903,0.3081757,0.4475501
2,3.362500,27,1.09166672,0.2599929,0.3081713,0.4475026
2,3.366667,27,1.09270839,0.2600149,0.3081862,0.4474739
2,3.370833,27,1.09375006,0.2600367,0.3082012,0.4474447
2,3.375000,27,1.09479172,0.2600805,0.3082381,0.4474369
2,3.379167,27,1.09583339,0.2601242,0.3082751,0.4474288
2,3.383333,27,1.09687506,0.2601916,0.3083359,0.4474440
2,3.387500,27,1.09791672,0.2602590,0.3083968,0.4474590
2,3.391667,27,1.09895839,0.2603512,0.3084824,0.4474985
2,3.395833,27,1.10000006,0.2604433,0.3085683,0.4475380
2,3.400000,27,1.10104172,0.2605603,0.3086791,0.4476021
2,3.404167,27,1.10208339,0.2606772,0.3087901,0.4476653
2,3.408333,27,1.10312506,0.2608185,0.3089254,0.4477523
2,3.412500,27,1.10416672,0.2609598,0.3090608,0.4478389
2,3.416667,27,1.10520839,0.2611239,0.3092191,0.4479478
2,3.420833,27,1.10625006,0.2612879,0.3093776,0.4480564
2,3.425000,27,1.10729172,0.2614724,0.3095567,0.4481852
2,3.429167,27,1.10833339,0.2616569,0.3097359,0.4483138
2,3.433333,27,1.10937506,0.2618589,0.3099329,0.4484592
2,3.437500,27,1.11041672,0.2620610,0.3101298,0.4486040
2,3.441667,27,1.11145839,0.2622770,0.3103409,0.4487619
2,3.445833,27,1.11250006,0.2624930,0.3105521,0.4489189
2,3.450000,27,1.11354172,0.2627190,0.3107735,0.4490857
2,3.454167,27,1.11458339,0.2629451,0.3109950,0.4492515
2,3.458333,27,1.11562506,0.2631770,0.3112225,0.4494229
2,3.462500,27,1.11666672,0.2634088,0.3114501,0.4495935
2,3.466667,27,1.11770839,0.2636422,0.3116794,0.4497651
2,3.470833,27,1.11875006,0.2638755,0.3119086,0.4499351
2,3.475000,27,1.11979173,0.2641063,0.3121354,0.4501013
2,3.479167,27,1.12083339,0.2643370,0.3123620,0.4502665
2,3.483333,27,1.12187506,0.2645611,0.3125823,0.4504240
2,3.487500,27,1.12291673,0.2647851,0.3128025,0.4505804
2,3.491667,27,1.12395839,0.2649991,0.3130128,0.4507258
2,3.495833,27,1.12500006,0.2652130,0.3132232,0.4508701
2,3.500000,27,1.12604173,0.2654139,0.3134205,0.4510000
2,3.504167,27,1.12708339,0.2656147,0.3136176,0.4511280
2,3.508333,27,1.12812506,0.2658002,0.3137996,0.4512390
2,3.512500,27,1.12916673,0.2659857,0.3139813,0.4513478
2,3.516667,27,1.13020839,0.2661542,0.3141462,0.4514384
2,3.520833,27,1.13125006,0.2663228,0.3143110,0.4515271
2,3.525000,27,1.13229173,0.2664736,0.3144581,0.4515965
2,3.529167,27,1.13333339,0.2666244,0.3146051,0.4516643
2,3.533333,27,1.13437506,0.2667573,0.3147344,0.4517121
2,3.537500,27,1.13541673,0.2668903,0.3148632,0.4517573
2,3.541667,27,1.13645839,0.2670062,0.3149749,0.4517828
2,3.545833,27,1.13750006,0.2671221,0.3150862,0.4518055
2,3.550000,27,1.13854173,0.2672220,0.3151817,0.4518100
2,3.554167,27,1.13958339,0.2673220,0.3152769,0.4518119
2,3.558333,27,1.14062506,0.2674079,0.3153578,0.4517972
2,3.562500,27,1.14166673,0.2674937,0.3154384,0.4517799
2,3.566667,27,1.14270839,0.2675675,0.3155068,0.4517477
2,3.570833,27,1.14375006,0.2676413,0.3155747,0.4517117
2,3.575000,27,1.14479173,0.2677053,0.3156326,0.4516626
2,3.579167,27,1.14583339,0.2677693,0.3156899,0.4516097
2,3.583333,27,1.14687506,0.2678257,0.3157393,0.4515457
2,3.587500,27,1.14791673,0.2678820,0.3157882,0.4514783
2,3.591667,27,1.14895839,0.2679329,0.3158313,0.4514017
2,3.595833,27,1.15000006,0.2679837,0.3158738,0.4513216
2,3.600000,27,1.15104173,0.2680305,0.3159120,0.4512336
2,3.604167,27,1.15208339,0.2680773,0.3159494,0.4511407
2,3.608333,27,1.15312506,0.2681211,0.3159832,0.4510403
2,3.612500,27,1.15416673,0.2681649,0.3160162,0.4509349
2,3.616667,27,1.15520839,0.2682061,0.3160461,0.4508224
2,3.620833,27,1.15625006,0.2682472,0.3160752,0.4507053
2,3.625000,27,1.15729173,0.2682850,0.3161005,0.4505805
2,3.629167,27,1.15833339,0.2683228,0.3161252,0.4504513
2,3.633333,27,1.15937506,0.2683559,0.3161443,0.4503123
2,3.637500,27,1.16041673,0.2683889,0.3161624,0.4501672
2,3.641667,27,1.16145839,0.2684148,0.3161726,0.4500093
2,3.645833,27,1.16250006,0.2684407,0.3161817,0.4498457
2,3.650000,27,1.16354173,0.2684560,0.3161795,0.4496660
2,3.654167,27,1.16458339,0.2684712,0.3161763,0.4494806
2,3.658333,27,1.16562506,0.2684717,0.3161576,0.4492750
2,3.662500,27,1.16666673,0.2684721,0.3161379,0.4490640
2,3.666667,27,1.16770839,0.2684526,0.3160974,0.4488272
2,3.670833,27,1.16875006,0.2684332,0.3160557,0.4485835
2,3.675000,27,1.16979173,0.2683882,0.3159873,0.4483076
2,3.679167,27,1.17083339,0.2683432,0.3159178,0.4480252
2,3.683333,27,1.17187506,0.2682666,0.3158156,0.4477046
2,3.687500,27,1.17291673,0.2681901,0.3157123,0.4473778
2,3.691667,27,1.17395839,0.2680755,0.3155701,0.4470070
2,3.695833,27,1.17500006,0.2679609,0.3154268,0.4466299
2,3.700000,27,1.17604173,0.2678021,0.3152381,0.4462020
2,3.704167,27,1.17708339,0.2676433,0.3150480,0.4457667
2,3.708333,27,1.17812506,0.2674341,0.3148063,0.4452737
2,3.712500,27,1.17916673,0.2672249,0.3145633,0.4447734
2,3.716667,27,1.18020839,0.2669598,0.3142631,0.4442105
2,3.720833,27,1.18125006,0.2666948,0.3139617,0.4436406
2,3.725000,27,1.18229173,0.2663689,0.3135985,0.4430036
2,3.729167,27,1.18333340,0.2660430,0.3132340,0.4423603
2,3.733333,27,1.18437506,0.2656525,0.3128038,0.4416457
2,3.737500,27,1.18541673,0.2652620,0.3123720,0.4409229
2,3.741667,27,1.18645840,0.2648040,0.3118715,0.4401255
2,3.745833,27,1.18750006,0.2643460,0.3113694,0.4393205
2,3.750000,27,1.18854173,0.2638189,0.3107971,0.4384396
2,3.754167,27,1.18958340,0.2632919,0.3102236,0.4375521
2,3.758333,27,1.19062506,0.2626957,0.3095797,0.4365890
2,3.762500,27,1.19166673,0.2620994,0.3089347,0.4356198
2,3.766667,27,1.19270840,0.2614351,0.3082206,0.4345759
2,3.770833,27,1.19375006,0.2607708,0.3075048,0.4335245
2,3.775000,27,1.19479173,0.2600410,0.3067223,0.4324005
2,3.779167,27,1.19583340,0.2593111,0.3059383,0.4312695
2,3.783333,27,1.19687506,0.2585196,0.3050917,0.4300707
2,3.787500,27,1.19791673,0.2577282,0.3042438,0.4288653
2,3.791667,27,1.19895840,0.2568802,0.3033383,0.4275978
2,3.795833,27,1.20000006,0.2560321,0.3024319,0.4263249
2,3.800000,27,1.20104173,0.2551335,0.3014740,0.4249958
2,3.804167,27,1.20208340,0.2542350,0.3005146,0.4236596
2,3.808333,27,1.20312506,0.2532929,0.2995106,0.4222738
2,3.812500,27,1.20416673,0.2523509,0.2985055,0.4208823
2,3.816667,27,1.20520840,0.2513729,0.2974633,0.4194490
2,3.820833,27,1.20625006,0.2503948,0.2964202,0.4180108
2,3.825000,27,1.20729173,0.2493888,0.2953482,0.4165398
2,3.829167,27,1.20833340,0.2483826,0.2942755,0.4150646
2,3.833333,27,1.20937506,0.2473565,0.2931820,0.4135646
2,3.837500,27,1.21041673,0.2463304,0.2920874,0.4120595
2,3.841667,27,1.21145840,0.2452921,0.2909799,0.4105372
2,3.845833,27,1.21250006,0.2442539,0.2898715,0.4090106
2,3.850000,27,1.21354173,0.2432111,0.2887577,0.4074753
2,3.854167,27,1.21458340,0.2421683,0.2876433,0.4059362
2,3.858333,27,1.21562506,0.2411278,0.2865306,0.4043961
2,3.862500,27,1.21666673,0.2400872,0.2854177,0.4028537
2,3.866667,27,1.21770840,0.2390552,0.2843126,0.4013166
2,3.870833,27,1.21875006,0.2380230,0.2832069,0.3997758
2,3.875000,27,1.21979173,0.2370044,0.2821141,0.3982454
2,3.879167,27,1.22083340,0.2359858,0.2810209,0.3967122
2,3.883333,27,1.22187506,0.2349849,0.2799450,0.3951945
2,3.887500,27,1.22291673,0.2339840,0.2788689,0.3936749
2,3.891667,27,1.22395840,0.2330036,0.2778130,0.3921741
2,3.895833,27,1.22500006,0.2320231,0.2767572,0.3906726
2,3.900000,27,1.22604173,0.2310651,0.2757236,0.3891923
2,3.904167,27,1.22708340,0.2301071,0.2746898,0.3877104
2,3.908333,27,1.22812506,0.2291721,0.2736789,0.3862504
2,3.912500,27,1.22916673,0.2282371,0.2726681,0.3847896
2,3.916667,27,1.23020840,0.2273248,0.2716798,0.3833511
2,3.920833,27,1.23125006,0.2264125,0.2706919,0.3819127
2,3.925000,27,1.23229173,0.2255217,0.2697256,0.3804959
2,3.929167,27,1.23333340,0.2246309,0.2687597,0.3790802
2,3.933333,27,1.23437506,0.2237595,0.2678135,0.3776846
2,3.937500,27,1.23541673,0.2228881,0.2668675,0.3762895
2,3.941667,27,1.23645840,0.2220337,0.2659389,0.3749124
2,3.945833,27,1.23750006,0.2211793,0.2650106,0.3735363
2,3.950000,27,1.23854173,0.2203388,0.2640966,0.3721757
2,3.954167,27,1.23958340,0.2194983,0.2631833,0.3708169
2,3.958333,27,1.24062506,0.2186686,0.2622813,0.3694710
2,3.962500,27,1.24166673,0.2178390,0.2613802,0.3681278
2,3.966667,27,1.24270840,0.2170171,0.2604873,0.3667947
2,3.970833,27,1.24375006,0.2161951,0.2595952,0.3654642
2,3.975000,27,1.24479173,0.2153781,0.2587087,0.3641413
2,3.979167,27,1.24583340,0.2145610,0.2578230,0.3628215
2,3.983333,27,1.24687507,0.2137465,0.2569404,0.3615072
2,3.987500,27,1.24791673,0.2129318,0.2560588,0.3601963
2,3.991667,27,1.24895840,0.2121177,0.2551785,0.3588896
2,3.995833,27,1.25000007,0.2113035,0.2542993,0.3575870
2,4.000000,27,1.25104173,0.2104886,0.2534203,0.3562876
2,4.004167,27,1.25208340,0.2096736,0.2525424,0.3549927
2,4.008333,27,1.25312507,0.2088573,0.2516641,0.3537004
2,4.012500,27,1.25416673,0.2080410,0.2507870,0.3524130
2,4.016667,27,1.25520840,0.2072235,0.2499097,0.3511285
2,4.020833,27,1.25625007,0.2064061,0.2490337,0.3498495
2,4.025000,27,1.25729173,0.2055884,0.2481586,0.3485748
2,4.029167,27,1.25833340,0.2047707,0.2472848,0.3473051
2,4.033333,27,1.25937507,0.2039545,0.2464135,0.3460421
2,4.037500,27,1.26041673,0.2031383,0.2455438,0.3447851
2,4.041667,27,1.26145840,0.2023259,0.2446790,0.3435372
2,4.045833,27,1.26250007,0.2015136,0.2438158,0.3422951
2,4.050000,27,1.26354173,0.2007079,0.2429603,0.3410651
2,4.054167,27,1.26458340,0.1999021,0.2421063,0.3398411
2,4.058333,27,1.26562507,0.1991063,0.2412634,0.3386325
2,4.062500,27,1.26666673,0.1983105,0.2404220,0.3374299
2,4.066667,27,1.26770840,0.1975281,0.2395952,0.3362466
2,4.070833,27,1.26875007,0.1967457,0.2387702,0.3350701
2,4.075000,27,1.26979173,0.1959803,0.2379634,0.3339167
2,4.079167,27,1.27083340,0.1952150,0.2371584,0.3327702
2,4.083333,27,1.27187507,0.1944702,0.2363752,0.3316502
2,4.087500,27,1.27291673,0.1937255,0.2355936,0.3305367
2,4.091667,27,1.27395840,0.1930047,0.2348370,0.3294530
2,4.095833,27,1.27500007,0.1922839,0.2340820,0.3283755
2,4.100000,27,1.27604173,0.1915901,0.2333553,0.3273312
2,4.104167,27,1.27708340,0.1908962,0.2326304,0.3262943
2,4.108333,27,1.27812507,0.1902320,0.2319364,0.3252937
2,4.112500,27,1.27916673,0.1895677,0.2312440,0.3243000
2,4.116667,27,1.28020840,0.1889349,0.2305845,0.3233440
2,4.120833,27,1.28125007,0.1883022,0.2299265,0.3223946
2,4.125000,27,1.28229173,0.1877024,0.2293025,0.3214841
2,4.129167,27,1.28333340,0.1871026,0.2286802,0.3205800
2,4.133333,27,1.28437507,0.1865363,0.2280925,0.3197156
2,4.137500,27,1.28541673,0.1859702,0.2275068,0.3188587
2,4.141667,27,1.28645840,0.1854377,0.2269559,0.3180422
2,4.145833,27,1.28750007,0.1849053,0.2264068,0.3172325
2,4.150000,27,1.28854173,0.1844060,0.2258920,0.3164623
2,4.154167,27,1.28958340,0.1839068,0.2253788,0.3156984
2,4.158333,27,1.29062507,0.1834395,0.2248985,0.3149722
2,4.162500,27,1.29166673,0.1829723,0.2244196,0.3142520
2,4.166667,27,1.29270840,0.1825355,0.2239723,0.3135681
2,4.170833,27,1.29375007,0.1820986,0.2235267,0.3128914
2,4.175000,27,1.29479173,0.1816901,0.2231105,0.3122494
2,4.179167,27,1.29583340,0.1812816,0.2226959,0.3116139
2,4.183333,27,1.29687507,0.1808992,0.2223083,0.3110103
2,4.187500,27,1.29791673,0.1805167,0.2219222,0.3104125
2,4.191667,27,1.29895840,0.1801578,0.2215603,0.3098434
2,4.195833,27,1.30000007,0.1797989,0.2211997,0.3092798
2,4.200000,27,1.30104173,0.1794609,0.2208609,0.3087425
2,4.204167,27,1.30208340,0.1791230,0.2205237,0.3082118
2,4.208333,27,1.30312507,0.1788035,0.2202060,0.3077054
2,4.212500,27,1.30416673,0.1784840,0.2198896,0.3072051
2,4.216667,27,1.30520840,0.1781808,0.2195901,0.3067258
2,4.220833,27,1.30625007,0.1778775,0.2192919,0.3062521
2,4.225000,27,1.30729173,0.1775883,0.2190085,0.3057971
2,4.229167,27,1.30833340,0.1772992,0.2187262,0.3053468
2,4.233333,27,1.30937507,0.1770225,0.2184569,0.3049136
2,4.237500,27,1.31041674,0.1767459,0.2181890,0.3044865
2,4.241667,27,1.31145840,0.1764804,0.2179330,0.3040754
2,4.245833,27,1.31250007,0.1762148,0.2176783,0.3036699
2,4.250000,27,1.31354174,0.1759597,0.2174343,0.3032790
2,4.254167,27,1.31458340,0.1757045,0.2171915,0.3028927
2,4.258333,27,1.31562507,0.1754593,0.2169590,0.3025201
2,4.262500,27,1.31666674,0.1752141,0.2167273,0.3021517
2,4.266667,27,1.31770840,0.1749788,0.2165059,0.3017969
2,4.270833,27,1.31875007,0.1747435,0.2162858,0.3014473
2,4.275000,27,1.31979174,0.1745185,0.2160764,0.3011125
2,4.279167,27,1.32083340,0.1742936,0.2158681,0.3007820
2,4.283333,27,1.32187507,0.1740797,0.2156710,0.3004662
2,4.287500,27,1.32291674,0.1738659,0.2154749,0.3001545
2,4.291667,27,1.32395840,0.1736641,0.2152910,0.2998578
2,4.295833,27,1.32500007,0.1734623,0.2151078,0.2995645
2,4.300000,27,1.32604174,0.1732737,0.2149380,0.2992873
2,4.304167,27,1.32708340,0.1730852,0.2147692,0.2990147
2,4.308333,27,1.32812507,0.1729112,0.2146150,0.2987598
2,4.312500,27,1.32916674,0.1727372,0.2144617,0.2985089
2,4.316667,27,1.33020840,0.1725788,0.2143241,0.2982766
2,4.320833,27,1.33125007,0.1724205,0.2141874,0.2980473
2,4.325000,27,1.33229174,0.1722791,0.2140672,0.2978373
2,4.329167,27,1.33333340,0.1721376,0.2139476,0.2976299
2,4.333333,27,1.33437507,0.1720141,0.2138458,0.2974426
2,4.337500,27,1.33541674,0.1718904,0.2137448,0.2972590
2,4.341667,27,1.33645840,0.1717852,0.2136621,0.2970963
2,4.345833,27,1.33750007,0.1716801,0.2135802,0.2969370
2,4.350000,27,1.33854174,0.1715937,0.2135169,0.2967985
2,4.354167,27,1.33958340,0.1715074,0.2134543,0.2966627
2,4.358333,27,1.34062507,0.1714399,0.2134099,0.2965471
2,4.362500,27,1.34166674,0.1713724,0.2133660,0.2964337
2,4.366667,27,1.34270840,0.1713233,0.2133403,0.2963404
2,4.370833,27,1.34375007,0.1712741,0.2133152,0.2962500
2,4.375000,27,1.34479174,0.1712426,0.2133073,0.2961790
2,4.379167,27,1.34583340,0.1712110,0.2133000,0.2961106
2,4.383333,27,1.34687507,0.1711958,0.2133086,0.2960599
2,4.387500,27,1.34791674,0.1711807,0.2133177,0.2960111
2,4.391667,27,1.34895840,0.1711802,0.2133411,0.2959784
2,4.395833,27,1.35000007,0.1711798,0.2133647,0.2959472
2,4.400000,27,1.35104174,0.1711923,0.2134008,0.2959300
2,4.404167,27,1.35208340,0.1712048,0.2134373,0.2959151
2,4.408333,27,1.35312507,0.1712280,0.2134841,0.2959121
2,4.412500,27,1.35416674,0.1712512,0.2135313,0.2959111
2,4.416667,27,1.35520840,0.1712828,0.2135863,0.2959196
2,4.420833,27,1.35625007,0.1713144,0.2136417,0.2959294
2,4.425000,27,1.35729174,0.1713519,0.2137023,0.2959459
2,4.429167,27,1.35833340,0.1713894,0.2137632,0.2959637
2,4.433333,27,1.35937507,0.1714304,0.2138269,0.2959855
2,4.437500,27,1.36041674,0.1714713,0.2138908,0.2960090
2,4.441667,27,1.36145840,0.1715133,0.2139553,0.2960345
2,4.445833,27,1.36250007,0.1715552,0.2140200,0.2960613
2,4.450000,27,1.36354174,0.1715958,0.2140826,0.2960875
2,4.454167,27,1.36458340,0.1716365,0.2141455,0.2961145
2,4.458333,27,1.36562507,0.1716737,0.2142043,0.2961388
2,4.462500,27,1.36666674,0.1717108,0.2142632,0.2961638
2,4.466667,27,1.36770840,0.1717427,0.2143160,0.2961838
2,4.470833,27,1.36875007,0.1717746,0.2143691,0.2962053
2,4.475000,27,1.36979174,0.1717997,0.2144147,0.2962202
2,4.479167,27,1.37083340,0.1718247,0.2144605,0.2962362
2,4.483333,27,1.37187507,0.1718417,0.2144974,0.2962446
2,4.487500,27,1.37291674,0.1718587,0.2145346,0.2962538
2,4.491667,27,1.37395840,0.1718669,0.2145620,0.2962539
2,4.495833,27,1.37500007,0.1718750,0.2145895,0.2962552
2,4.500000,27,1.37604174,0.1718739,0.2146070,0.2962470
2,4.504167,27,1.37708341,0.1718728,0.2146245,0.2962398
2,4.508333,27,1.37812507,0.1718623,0.2146321,0.2962235
2,4.512500,27,1.37916674,0.1718518,0.2146398,0.2962081
2,4.516667,27,1.38020841,0.1718324,0.2146376,0.2961836
2,4.520833,27,1.38125007,0.1718129,0.2146356,0.2961599
2,4.525000,27,1.38229174,0.1717850,0.2146242,0.2961276
2,4.529167,27,1.38333341,0.1717572,0.2146130,0.2960959
2,4.533333,27,1.38437507,0.1717219,0.2145935,0.2960568
2,4.537500,27,1.38541674,0.1716866,0.2145742,0.2960184
2,4.541667,27,1.38645841,0.1716451,0.2145476,0.2959736
2,4.545833,27,1.38750007,0.1716036,0.2145212,0.2959295
2,4.550000,27,1.38854174,0.1715573,0.2144891,0.2958804
2,4.554167,27,1.38958341,0.1715109,0.2144571,0.2958320
2,4.558333,27,1.39062507,0.1714613,0.2144210,0.2957800
2,4.562500,27,1.39166674,0.1714116,0.2143847,0.2957285
2,4.566667,27,1.39270841,0.1713602,0.2143460,0.2956750
2,4.570833,27,1.39375007,0.1713088,0.2143072,0.2956221
2,4.575000,27,1.39479174,0.1712572,0.2142676,0.2955688
2,4.579167,27,1.39583341,0.1712057,0.2142280,0.2955161
2,4.583333,27,1.39687507,0.1711555,0.2141889,0.2954647
2,4.587500,27,1.39791674,0.1711054,0.2141498,0.2954136
2,4.591667,27,1.39895841,0.1710581,0.2141128,0.2953650
2,4.595833,27,1.40000007,0.1710109,0.2140757,0.2953169
2,4.600000,27,1.40104174,0.1709678,0.2140420,0.2952727
2,4.604167,27,1.40208341,0.1709248,0.2140084,0.2952291
2,4.608333,27,1.40312507,0.1708872,0.2139794,0.2951907
2,4.612500,27,1.40416674,0.1708496,0.2139503,0.2951527
2,4.616667,27,1.40520841,0.1708182,0.2139267,0.2951206
2,4.620833,27,1.40625007,0.1707869,0.2139031,0.2950889
2,4.625000,27,1.40729174,0.1707627,0.2138856,0.2950641
2,4.629167,27,1.40833341,0.1707384,0.2138682,0.2950396
2,4.633333,27,1.40937507,0.1707217,0.2138575,0.2950222
2,4.637500,27,1.41041674,0.1707050,0.2138468,0.2950052
2,4.641667,27,1.41145841,0.1706960,0.2138430,0.2949959
2,4.645833,27,1.41250007,0.1706872,0.2138393,0.2949870
2,4.650000,27,1.41354174,0.1706862,0.2138426,0.2949856
2,4.654167,27,1.41458341,0.1706855,0.2138463,0.2949849
2,4.658333,27,1.41562507,0.1706931,0.2138575,0.2949923
2,4.662500,27,1.41666674,0.1707016,0.2138698,0.2950011
2,4.666667,27,1.41770841,0.1707185,0.2138898,0.2950181
2,4.670833,27,1.41875007,0.1707367,0.2139112,0.2950369
2,4.675000,27,1.41979174,0.1707629,0.2139400,0.2950636
2,4.679167,27,1.42083341,0.1707905,0.2139704,0.2950922
2,4.683333,27,1.42187507,0.1708254,0.2140076,0.2951283
2,4.687500,27,1.42291674,0.1708617,0.2140464,0.2951661
2,4.691667,27,1.42395841,0.1709042,0.2140908,0.2952101
2,4.695833,27,1.42500007,0.1709478,0.2141366,0.2952560
2,4.700000,27,1.42604174,0.1709964,0.2141868,0.2953065
2,4.704167,27,1.42708341,0.1710456,0.2142380,0.2953585
2,4.708333,27,1.42812507,0.1710984,0.2142921,0.2954139
2,4.712500,27,1.42916674,0.1710335,0.2142288,0.2953523
2,4.716667,27,1.43020841,0.1710751,0.2142715,0.2953970
2,4.720833,27,1.43125007,0.1711167,0.2143145,0.2954424
2,4.725000,27,1.43229174,0.1711597,0.2143582,0.2954889
2,4.729167,27,1.43333341,0.1712026,0.2144022,0.2955362
2,4.733333,27,1.43437507,0.1712461,0.2144460,0.2955836
2,4.737500,27,1.43541674,0.1712895,0.2144900,0.2956317
2,4.741667,27,1.43645841,0.1713325,0.2145330,0.2956791
2,4.745833,27,1.43750007,0.1713756,0.2145762,0.2957272
2,4.750000,27,1.43854174,0.1714175,0.2146174,0.2957737
2,4.754167,27,1.43958341,0.1714593,0.2146589,0.2958207
2,4.758333,27,1.44062508,0.1714993,0.2146977,0.2958656
2,4.762500,27,1.44166674,0.1715393,0.2147366,0.2959108
2,4.766667,27,1.44270841,0.1715769,0.2147723,0.2959533
2,4.770833,27,1.44375008,0.1716144,0.2148080,0.2959960
2,4.775000,27,1.44479174,0.1716490,0.2148401,0.2960357
2,4.779167,27,1.44583341,0.1716837,0.2148721,0.2960756
2,4.783333,27,1.44687508,0.1717150,0.2149000,0.2961118
2,4.787500,27,1.44791674,0.1717463,0.2149277,0.2961482
2,4.791667,27,1.44895841,0.1717741,0.2149512,0.2961805
2,4.795833,27,1.45000008,0.1718019,0.2149744,0.2962132
2,4.800000,27,1.45104174,0.1718261,0.2149932,0.2962416
2,4.804167,27,1.45208341,0.1718502,0.2150118,0.2962703
2,4.808333,27,1.45312508,0.1718706,0.2150257,0.2962947
2,4.812500,27,1.45416674,0.1718911,0.2150394,0.2963192
2,4.816667,27,1.45520841,0.1719079,0.2150487,0.2963396
2,4.820833,27,1.45625008,0.1719248,0.2150577,0.2963601
2,4.825000,27,1.45729174,0.1719382,0.2150623,0.2963765
2,4.829167,27,1.45833341,0.1719516,0.2150665,0.2963931
2,4.833333,27,1.45937508,0.1719618,0.2150667,0.2964058
2,4.837500,27,1.46041674,0.1719719,0.2150666,0.2964185
2,4.841667,27,1.46145841,0.1719792,0.2150625,0.2964278
2,4.845833,27,1.46250008,0.1719865,0.2150582,0.2964370
2,4.850000,27,1.46354174,0.1719913,0.2150505,0.2964433
2,4.854167,27,1.46458341,0.1719960,0.2150424,0.2964494
2,4.858333,27,1.46562508,0.1719986,0.2150314,0.2964529
2,4.862500,27,1.46666674,0.1720013,0.2150200,0.2964565
2,4.866667,27,1.46770841,0.1720023,0.2150061,0.2964578
2,4.870833,27,1.46875008,0.1720032,0.2149919,0.2964592
2,4.875000,27,1.46979174,0.1720030,0.2149758,0.2964590
2,4.879167,27,1.47083341,0.1720029,0.2149595,0.2964590
2,4.883333,27,1.47187508,0.1720021,0.2149418,0.2964579
2,4.887500,27,1.47291674,0.1720013,0.2149240,0.2964569
2,4.891667,27,1.47395841,0.1720006,0.2149057,0.2964557
2,4.895833,22,1.47500008,0.1720000,0.2148872,0.2964547
2,4.900000,22,1.47604174,0.1720000,0.2148863,0.2964539
2,4.904167,22,1.47708341,0.1720000,0.2148854,0.2964529
2,4.908333,22,1.47812508,0.1720000,0.2148845,0.2964520
2,4.912500,22,1.47916674,0.1720000,0.2148834,0.2964511
2,4.916667,22,1.48020841,0.1720000,0.2148822,0.2964502
2,4.920833,22,1.48125008,0.1720000,0.2148808,0.2964492
2,4.925000,22,1.48229174,0.1720000,0.2148791,0.2964483
2,4.929167,22,1.48333341,0.1720000,0.2148770,0.2964474
2,4.933333,22,1.48437508,0.1720000,0.2148744,0.2964464
2,4.937500,22,1.48541674,0.1720000,0.2148712,0.2964455
2,4.941667,22,1.48645841,0.1720000,0.2148673,0.2964445
2,4.945833,22,1.48750008,0.1720000,0.2148626,0.2964436
2,4.950000,22,1.48854174,0.1720000,0.2148570,0.2964427
2,4.954167,22,1.48958341,0.1720000,0.2148504,0.2964418
2,4.958333,22,1.49062508,0.1720000,0.2148425,0.2964409
2,4.962500,22,1.49166674,0.1720000,0.2148335,0.2964400
2,4.966667,22,1.49270841,0.1720000,0.2148231,0.2964391
2,4.970833,22,1.49375008,0.1720000,0.2148113,0.2964382
2,4.975000,22,1.49479174,0.1720000,0.2147979,0.2964375
2,4.979167,22,1.49583341,0.1720000,0.2147828,0.2964366
2,4.983333,22,1.49687508,0.1720000,0.2147662,0.2964360
2,4.987500,22,1.49791674,0.1720000,0.2147478,0.2964352
2,4.991667,22,1.49895841,0.1720000,0.2147276,0.2964344
2,4.995833,22,1.50000008,0.1720000,0.2147055,0.2964339
3,0.000000,26,0.37604169,0.1720000,0.2148703,0.2964540
3,0.004167,26,0.37708335,0.1720000,0.2148911,0.2964547
3,0.008333,26,0.37812502,0.1720000,0.2149109,0.2964549
3,0.012500,26,0.37916669,0.1720000,0.2149307,0.2964554
3,0.016667,26,0.38020835,0.1720000,0.2149493,0.2964554
3,0.020833,26,0.38125002,0.1720000,0.2149678,0.2964556
3,0.025000,26,0.38229169,0.1720000,0.2149853,0.2964551
3,0.029167,26,0.38333335,0.1720001,0.2150024,0.2964549
3,0.033333,26,0.38437502,0.1720001,0.2150185,0.2964540
3,0.037500,26,0.38541669,0.1720002,0.2150342,0.2964533
3,0.041667,26,0.38645835,0.1720002,0.2150487,0.2964517
3,0.045833,26,0.38750002,0.1720001,0.2150629,0.2964505
3,0.050000,26,0.38854169,0.1720000,0.2150758,0.2964483
3,0.054167,26,0.38958335,0.1719997,0.2150884,0.2964461
3,0.058333,26,0.39062502,0.1719992,0.2150995,0.2964430
3,0.062500,26,0.39166669,0.1719984,0.2151102,0.2964399
3,0.066667,26,0.39270835,0.1719972,0.2151192,0.2964355
3,0.070833,26,0.39375002,0.1719958,0.2151276,0.2964310
3,0.075000,26,0.39479169,0.1719935,0.2151342,0.2964252
3,0.079167,26,0.39583335,0.1719908,0.2151401,0.2964191
3,0.083333,26,0.39687502,0.1719871,0.2151438,0.2964112
3,0.087500,26,0.39791669,0.1719828,0.2151467,0.2964031
3,0.091667,26,0.39895835,0.1719771,0.2151472,0.2963928
3,0.095833,26,0.40000002,0.1719707,0.2151466,0.2963820
3,0.100000,26,0.40104169,0.1719626,0.2151435,0.2963690
3,0.104167,26,0.40208335,0.1719535,0.2151392,0.2963553
3,0.108333,26,0.40312502,0.1719424,0.2151320,0.2963392
3,0.112500,26,0.40416669,0.1719302,0.2151235,0.2963222
3,0.116667,26,0.40520835,0.1719159,0.2151119,0.2963026
3,0.120833,26,0.40625002,0.1719003,0.2150990,0.2962820
3,0.125000,26,0.40729169,0.1718823,0.2150829,0.2962587
3,0.129167,26,0.40833335,0.1718631,0.2150655,0.2962346
3,0.133333,26,0.40937502,0.1718415,0.2150449,0.2962077
3,0.137500,26,0.41041669,0.1718185,0.2150229,0.2961799
3,0.141667,26,0.41145835,0.1717934,0.2149981,0.2961496
3,0.145833,26,0.41250002,0.1717670,0.2149721,0.2961186
3,0.150000,26,0.41354169,0.1717387,0.2149434,0.2960853
3,0.154167,26,0.41458335,0.1717092,0.2149137,0.2960514
3,0.158333,26,0.41562502,0.1716783,0.2148819,0.2960159
3,0.162500,26,0.41666669,0.1716464,0.2148493,0.2959800
3,0.166667,26,0.41770836,0.1716138,0.2148153,0.2959431
3,0.170833,26,0.41875002,0.1715804,0.2147808,0.2959061
3,0.175000,26,0.41979169,0.1715470,0.2147456,0.2958689
3,0.179167,26,0.42083336,0.1715132,0.2147103,0.2958320
3,0.183333,26,0.42187502,0.1714801,0.2146751,0.2957956
3,0.187500,26,0.42291669,0.1714471,0.2146403,0.2957600
3,0.191667,26,0.42395836,0.1714156,0.2146064,0.2957257
3,0.195833,26,0.42500002,0.1713845,0.2145732,0.2956925
3,0.200000,26,0.42604169,0.1713558,0.2145419,0.2956616
3,0.204167,26,0.42708336,0.1713277,0.2145114,0.2956321
3,0.208333,26,0.42812502,0.1713029,0.2144837,0.2956057
3,0.212500,26,0.42916669,0.1712789,0.2144569,0.2955805
3,0.216667,26,0.43020836,0.1712588,0.2144336,0.2955594
3,0.220833,26,0.43125002,0.1712395,0.2144114,0.2955397
3,0.225000,26,0.43229169,0.1712248,0.2143930,0.2955244
3,0.229167,26,0.43333336,0.1712108,0.2143756,0.2955103
3,0.233333,26,0.43437502,0.1712016,0.2143624,0.2955008
3,0.237500,26,0.43541669,0.1711930,0.2143498,0.2954924
3,0.241667,26,0.43645836,0.1711893,0.2143414,0.2954886
3,0.245833,26,0.43750002,0.1711857,0.2143333,0.2954856
3,0.250000,26,0.43854169,0.1711869,0.2143292,0.2954868
3,0.254167,26,0.43958336,0.1711881,0.2143250,0.2954885
3,0.258333,26,0.44062502,0.1711942,0.2143250,0.2954947
3,0.262500,26,0.44166669,0.1712002,0.2143249,0.2955014
3,0.266667,26,0.44270836,0.1712111,0.2143289,0.2955124
3,0.270833,26,0.44375002,0.1712219,0.2143329,0.2955238
3,0.275000,26,0.44479169,0.1712374,0.2143408,0.2955397
3,0.279167,26,0.44583336,0.1712528,0.2143487,0.2955559
3,0.283333,26,0.44687502,0.1712727,0.2143603,0.2955761
3,0.287500,26,0.44791669,0.1712925,0.2143719,0.2955969
3,0.291667,26,0.44895836,0.1713163,0.2143866,0.2956212
3,0.295833,26,0.45000002,0.1713400,0.2144014,0.2956460
3,0.300000,26,0.45104169,0.1713671,0.2144189,0.2956739
3,0.304167,26,0.45208336,0.1713942,0.2144364,0.2957023
3,0.308333,26,0.45312502,0.1714240,0.2144557,0.2957330
3,0.312500,26,0.45416669,0.1714538,0.2144752,0.2957641
3,0.316667,26,0.45520836,0.1714855,0.2144959,0.2957970
3,0.320833,26,0.45625002,0.1715171,0.2145166,0.2958303
3,0.325000,26,0.45729169,0.1715498,0.2145377,0.2958646
3,0.329167,26,0.45833336,0.1715824,0.2145588,0.2958994
3,0.333333,26,0.45937502,0.1716151,0.2145792,0.2959338
3,0.337500,26,0.46041669,0.1716478,0.2145997,0.2959688
3,0.341667,26,0.46145836,0.1716796,0.2146187,0.2960028
3,0.345833,26,0.46250002,0.1717114,0.2146377,0.2960373
3,0.350000,26,0.46354169,0.1717413,0.2146542,0.2960697
3,0.354167,26,0.46458336,0.1717712,0.2146707,0.2961029
3,0.358333,26,0.46562502,0.1717983,0.2146840,0.2961333
3,0.362500,26,0.46666669,0.1718254,0.2146973,0.2961643
3,0.366667,26,0.46770836,0.1718489,0.2147062,0.2961915
3,0.370833,26,0.46875002,0.1718723,0.2147152,0.2962192
3,0.375000,26,0.46979169,0.1718913,0.2147193,0.2962426
3,0.379167,26,0.47083336,0.1719103,0.2147235,0.2962665
3,0.383333,26,0.47187502,0.1719243,0.2147221,0.2962856
3,0.387500,26,0.47291669,0.1719383,0.2147209,0.2963054
3,0.391667,26,0.47395836,0.1719469,0.2147137,0.2963200
3,0.395833,26,0.47500002,0.1719554,0.2147066,0.2963356
3,0.400000,26,0.47604169,0.1719583,0.2146934,0.2963455
3,0.404167,26,0.47708336,0.1719612,0.2146803,0.2963562
3,0.408333,26,0.47812502,0.1719584,0.2146609,0.2963613
3,0.412500,26,0.47916669,0.1719557,0.2146417,0.2963671
3,0.416667,26,0.48020836,0.1719475,0.2146167,0.2963680
3,0.420833,26,0.48125003,0.1719394,0.2145919,0.2963699
3,0.425000,26,0.48229169,0.1719263,0.2145618,0.2963674
3,0.429167,26,0.48333336,0.1719133,0.2145320,0.2963662
3,0.433333,26,0.48437503,0.1718961,0.2144976,0.2963612
3,0.437500,26,0.48541669,0.1718789,0.2144632,0.2963569
3,0.441667,26,0.48645836,0.1718586,0.2144255,0.2963501
3,0.445833,26,0.48750003,0.1718383,0.2143879,0.2963443
3,0.450000,26,0.48854169,0.1718161,0.2143481,0.2963372
3,0.454167,26,0.48958336,0.1717938,0.2143085,0.2963315
3,0.458333,26,0.49062503,0.1717711,0.2142683,0.2963262
3,0.462500,26,0.49166669,0.1717484,0.2142284,0.2963226
3,0.466667,26,0.49270836,0.1717269,0.2141893,0.2963209
3,0.470833,26,0.49375003,0.1717053,0.2141504,0.2963202
3,0.475000,26,0.49479169,0.1716866,0.2141141,0.2963235
3,0.479167,26,0.49583336,0.1716679,0.2140782,0.2963279
3,0.483333,26,0.49687503,0.1716538,0.2140467,0.2963380
3,0.487500,26,0.49791669,0.1716398,0.2140156,0.2963501
3,0.491667,26,0.49895836,0.1716323,0.2139909,0.2963700
3,0.495833,26,0.50000003,0.1716247,0.2139667,0.2963920
3,0.500000,26,0.50104169,0.1716255,0.2139507,0.2964237
3,0.504167,26,0.50208336,0.1716263,0.2139351,0.2964568
3,0.508333,26,0.50312503,0.1716372,0.2139294,0.2965013
3,0.512500,26,0.50416669,0.1716480,0.2139240,0.2965475
3,0.516667,26,0.50520836,0.1716706,0.2139303,0.2966070
3,0.520833,26,0.50625003,0.1716931,0.2139372,0.2966689
3,0.525000,26,0.50729169,0.1717289,0.2139574,0.2967460
3,0.529167,26,0.50833336,0.1717646,0.2139781,0.2968258
3,0.533333,26,0.50937503,0.1718147,0.2140133,0.2969219
3,0.537500,26,0.51041669,0.1718648,0.2140490,0.2970199
3,0.541667,26,0.51145836,0.1719303,0.2141002,0.2971352
3,0.545833,26,0.51250003,0.1719958,0.2141519,0.2972528
3,0.550000,26,0.51354169,0.1720775,0.2142199,0.2973888
3,0.554167,26,0.51458336,0.1721592,0.2142886,0.2975278
3,0.558333,26,0.51562503,0.1722575,0.2143743,0.2976862
3,0.562500,26,0.51666669,0.1723559,0.2144608,0.2978481
3,0.566667,26,0.51770836,0.1724710,0.2145645,0.2980294
3,0.570833,26,0.51875003,0.1725863,0.2146688,0.2982132
3,0.575000,26,0.51979169,0.1727182,0.2147901,0.2984161
3,0.579167,26,0.52083336,0.1728502,0.2149120,0.2986220
3,0.583333,26,0.52187503,0.1729988,0.2150510,0.2988476
3,0.587500,26,0.52291669,0.1731474,0.2151909,0.2990768
3,0.591667,26,0.52395836,0.1733121,0.2153475,0.2993256
3,0.595833,26,0.52500003,0.1734768,0.2155051,0.2995790
3,0.600000,26,0.52604169,0.1736570,0.2156787,0.2998509
3,0.604167,26,0.52708336,0.1738372,0.2158530,0.3001258
3,0.608333,26,0.52812503,0.1740323,0.2160427,0.3004189
3,0.612500,26,0.52916669,0.1742274,0.2162333,0.3007159
3,0.616667,26,0.53020836,0.1744367,0.2164387,0.3010308
3,0.620833,26,0.53125003,0.1746460,0.2166452,0.3013500
3,0.625000,26,0.53229169,0.1748688,0.2168661,0.3016871
3,0.629167,26,0.53333336,0.1750917,0.2170881,0.3020293
3,0.633333,26,0.53437503,0.1753275,0.2173238,0.3023885
3,0.637500,26,0.53541669,0.1755632,0.2175606,0.3027516
3,0.641667,26,0.53645836,0.1758116,0.2178105,0.3031311
3,0.645833,26,0.53750003,0.1760599,0.2180615,0.3035152
3,0.650000,26,0.53854169,0.1763206,0.2183258,0.3039161
3,0.654167,26,0.53958336,0.1765814,0.2185915,0.3043223
3,0.658333,26,0.54062503,0.1768545,0.2188704,0.3047460
3,0.662500,26,0.54166669,0.1771276,0.2191508,0.3051755
3,0.666667,26,0.54270836,0.1774135,0.2194450,0.3056227
3,0.670833,26,0.54375003,0.1776994,0.2197403,0.3060745
3,0.675000,26,0.54479170,0.1779985,0.2200498,0.3065441
3,0.679167,26,0.54583336,0.1782977,0.2203605,0.3070191
3,0.683333,26,0.54687503,0.1786110,0.2206866,0.3075134
3,0.687500,26,0.54791670,0.1789243,0.2210141,0.3080136
3,0.691667,26,0.54895836,0.1792529,0.2213580,0.3085350
3,0.695833,26,0.55000003,0.1795815,0.2217036,0.3090629
3,0.700000,26,0.55104170,0.1799267,0.2220670,0.3096130
3,0.704167,26,0.55208336,0.1802719,0.2224316,0.3101682
3,0.708333,26,0.55312503,0.1806351,0.2228155,0.3107471
3,0.712500,26,0.55416670,0.1809983,0.2232007,0.3113313
3,0.716667,26,0.55520836,0.1813811,0.2236067,0.3119412
3,0.720833,26,0.55625003,0.1817639,0.2240144,0.3125575
3,0.725000,26,0.55729170,0.1821678,0.2244446,0.3132014
3,0.729167,26,0.55833336,0.1825717,0.2248766,0.3138524
3,0.733333,26,0.55937503,0.1829982,0.2253325,0.3145321
3,0.737500,26,0.56041670,0.1834247,0.2257898,0.3152175
3,0.741667,26,0.56145836,0.1838750,0.2262723,0.3159328
3,0.745833,26,0.56250003,0.1843253,0.2267563,0.3166540
3,0.750000,26,0.56354170,0.1848004,0.2272666,0.3174067
3,0.754167,26,0.56458336,0.1852756,0.2277785,0.3181658
3,0.758333,26,0.56562503,0.1857761,0.2283174,0.3189573
3,0.762500,26,0.56666670,0.1862768,0.2288581,0.3197562
3,0.766667,26,0.56770836,0.1868030,0.2294259,0.3205871
3,0.770833,26,0.56875003,0.1873293,0.2299953,0.3214241
3,0.775000,26,0.56979170,0.1878809,0.2305913,0.3222925
3,0.779167,26,0.57083336,0.1884325,0.2311890,0.3231674
3,0.783333,26,0.57187503,0.1890087,0.2318127,0.3240733
3,0.787500,26,0.57291670,0.1895849,0.2324381,0.3249860
3,0.791667,26,0.57395836,0.1901842,0.2330882,0.3259287
3,0.795833,26,0.57500003,0.1907836,0.2337401,0.3268787
3,0.800000,26,0.57604170,0.1914042,0.2344147,0.3278563
3,0.804167,26,0.57708336,0.1920248,0.2350909,0.3288400
3,0.808333,26,0.57812503,0.1926642,0.2357872,0.3298484
3,0.812500,26,0.57916670,0.1933037,0.2364852,0.3308634
3,0.816667,26,0.58020836,0.1939591,0.2372005,0.3319006
3,0.820833,26,0.58125003,0.1946146,0.2379175,0.3329442
3,0.825000,26,0.58229170,0.1952828,0.2386486,0.3340069
3,0.829167,26,0.58333336,0.1959510,0.2393814,0.3350763
3,0.833333,26,0.58437503,0.1966283,0.2401248,0.3361611
3,0.837500,26,0.58541670,0.1973058,0.2408697,0.3372517
3,0.841667,26,0.58645836,0.1979889,0.2416215,0.3383535
3,0.845833,26,0.58750003,0.1986719,0.2423747,0.3394613
3,0.850000,26,0.58854170,0.1993570,0.2431312,0.3405766
3,0.854167,26,0.58958336,0.2000421,0.2438891,0.3416975
3,0.858333,26,0.59062503,0.2007257,0.2446468,0.3428227
3,0.862500,26,0.59166670,0.2014093,0.2454059,0.3439536
3,0.866667,26,0.59270836,0.2020881,0.2461615,0.3450850
3,0.870833,26,0.59375003,0.2027670,0.2469183,0.3462215
3,0.875000,26,0.59479170,0.2034384,0.2476687,0.3473555
3,0.879167,26,0.59583336,0.2041098,0.2484204,0.3484943
3,0.883333,26,0.59687503,0.2047715,0.2491632,0.3496278
3,0.887500,26,0.59791670,0.2054332,0.2499071,0.3507660
3,0.891667,26,0.59895836,0.2060834,0.2506407,0.3518971
3,0.895833,26,0.60000003,0.2067338,0.2513754,0.3530327
3,0.900000,26,0.60104170,0.2073718,0.2520986,0.3541601
3,0.904167,26,0.60208336,0.2080098,0.2528228,0.3552915
3,0.908333,26,0.60312503,0.2086353,0.2535352,0.3564142
3,0.912500,26,0.60416670,0.2092609,0.2542485,0.3575404
3,0.916667,26,0.60520836,0.2098745,0.2549505,0.3586576
3,0.920833,26,0.60625003,0.2104881,0.2556532,0.3597782
3,0.925000,26,0.60729170,0.2110910,0.2563458,0.3608908
3,0.929167,26,0.60833337,0.2116938,0.2570390,0.3620058
3,0.933333,26,0.60937503,0.2122879,0.2577237,0.3631147
3,0.937500,26,0.61041670,0.2128820,0.2584091,0.3642263
3,0.941667,26,0.61145837,0.2134696,0.2590884,0.3653333
3,0.945833,26,0.61250003,0.2140573,0.2597681,0.3664423
3,0.950000,26,0.61354170,0.2146412,0.2604443,0.3675492
3,0.954167,26,0.61458337,0.2152251,0.2611206,0.3686573
3,0.958333,26,0.61562503,0.2158082,0.2617963,0.3697654
3,0.962500,26,0.61666670,0.2163914,0.2624720,0.3708743
3,0.966667,26,0.61770837,0.2169766,0.2631498,0.3719860
3,0.970833,26,0.61875003,0.2175618,0.2638278,0.3730987
3,0.975000,26,0.61979170,0.2181519,0.2645106,0.3742165
3,0.979167,26,0.62083337,0.2187419,0.2651932,0.3753345
3,0.983333,26,0.62187503,0.2193390,0.2658826,0.3764590
3,0.987500,26,0.62291670,0.2199361,0.2665716,0.3775828
3,0.991667,26,0.62395837,0.2205419,0.2672688,0.3787142
3,0.995833,26,0.62500003,0.2211477,0.2679656,0.3798440
3,1.000000,26,0.62604170,0.2217630,0.2686714,0.3809823
3,1.004167,26,0.62708337,0.2223783,0.2693769,0.3821198
3,1.008333,26,0.62812503,0.2230030,0.2700911,0.3832653
3,1.012500,26,0.62916670,0.2236277,0.2708048,0.3844088
3,1.016667,26,0.63020837,0.2242604,0.2715257,0.3855582
3,1.020833,26,0.63125003,0.2248932,0.2722459,0.3867049
3,1.025000,26,0.63229170,0.2255318,0.2729707,0.3878541
3,1.029167,26,0.63333337,0.2261703,0.2736945,0.3889999
3,1.033333,26,0.63437503,0.2268110,0.2744196,0.3901450
3,1.037500,26,0.63541670,0.2274517,0.2751439,0.3912873
3,1.041667,26,0.63645837,0.2280899,0.2758646,0.3924241
3,1.045833,26,0.63750003,0.2287281,0.2765843,0.3935572
3,1.050000,26,0.63854170,0.2293581,0.2772944,0.3946781
3,1.054167,26,0.63958337,0.2299881,0.2780033,0.3957945
3,1.058333,26,0.64062503,0.2306033,0.2786959,0.3968911
3,1.062500,26,0.64166670,0.2312185,0.2793870,0.3979826
3,1.066667,26,0.64270837,0.2318116,0.2800547,0.3990474
3,1.070833,26,0.64375003,0.2324047,0.2807212,0.4001081
3,1.075000,26,0.64479170,0.2329681,0.2813564,0.4011343
3,1.079167,26,0.64583337,0.2335315,0.2819903,0.4021555
3,1.083333,26,0.64687503,0.2340574,0.2825850,0.4031336
3,1.087500,26,0.64791670,0.2345833,0.2831781,0.4041058
3,1.091667,26,0.64895837,0.2350640,0.2837242,0.4050265
3,1.095833,26,0.65000003,0.2355448,0.2842685,0.4059409
3,1.100000,26,0.65104170,0.2359734,0.2847589,0.4067971
3,1.104167,26,0.65208337,0.2364020,0.2852477,0.4076479
3,1.108333,26,0.65312503,0.2367723,0.2856766,0.4084348
3,1.112500,26,0.65416670,0.2371425,0.2861038,0.4092153
3,1.116667,26,0.65520837,0.2374495,0.2864658,0.4099262
3,1.120833,26,0.65625003,0.2377565,0.2868259,0.4106301
3,1.125000,26,0.65729170,0.2379967,0.2871172,0.4112602
3,1.129167,26,0.65833337,0.2382368,0.2874064,0.4118828
3,1.133333,26,0.65937503,0.2384084,0.2876253,0.4124302
3,1.137500,26,0.66041670,0.2385800,0.2878423,0.4129715
3,1.141667,26,0.66145837,0.2386833,0.2879892,0.4134380
3,1.145833,26,0.66250003,0.2387865,0.2881342,0.4138977
3,1.150000,26,0.66354170,0.2388235,0.2882111,0.4142845
3,1.154167,26,0.66458337,0.2388605,0.2882861,0.4146637
3,1.158333,26,0.66562503,0.2388357,0.2882970,0.4149736
3,1.162500,26,0.66666670,0.2388108,0.2883060,0.4152759
3,1.166667,26,0.66770837,0.2387305,0.2882574,0.4155156
3,1.170833,26,0.66875003,0.2386501,0.2882073,0.4157492
3,1.175000,26,0.66979170,0.2385226,0.2881081,0.4159290
3,1.179167,26,0.67083337,0.2383952,0.2880071,0.4161022
3,1.183333,26,0.67187504,0.2382307,0.2878673,0.4162313
3,1.187500,26,0.67291670,0.2380662,0.2877255,0.4163532
3,1.191667,26,0.67395837,0.2378764,0.2875565,0.4164424
3,1.195833,26,0.67500004,0.2376865,0.2873855,0.4165241
3,1.200000,26,0.67604170,0.2374841,0.2872000,0.4165863
3,1.204167,26,0.67708337,0.2372817,0.2870131,0.4166428
3,1.208333,26,0.67812504,0.2370805,0.2868255,0.4166940
3,1.212500,26,0.67916670,0.2368793,0.2866364,0.4167390
3,1.216667,26,0.68020837,0.2366931,0.2864606,0.4167923
3,1.220833,26,0.68125004,0.2365069,0.2862831,0.4168393
3,1.225000,26,0.68229170,0.2363498,0.2861330,0.4169086
3,1.229167,26,0.68333337,0.2361926,0.2859812,0.4169708
3,1.233333,26,0.68437504,0.2360780,0.2858703,0.4170695
3,1.237500,26,0.68541670,0.2359633,0.2857580,0.4171627
3,1.241667,26,0.68645837,0.2359035,0.2856991,0.4173053
3,1.245833,26,0.68750004,0.2358436,0.2856389,0.4174425
3,1.250000,26,0.68854170,0.2358496,0.2856431,0.4176395
3,1.254167,26,0.68958337,0.2358556,0.2856459,0.4178310
3,1.258333,26,0.69062504,0.2359368,0.2857225,0.4180917
3,1.262500,26,0.69166670,0.2360179,0.2857977,0.4183464
3,1.266667,26,0.69270837,0.2361811,0.2859538,0.4186781
3,1.270833,26,0.69375004,0.2363444,0.2861088,0.4190052
3,1.275000,26,0.69479170,0.2365946,0.2863497,0.4194148
3,1.279167,26,0.69583337,0.2368447,0.2865896,0.4198197
3,1.283333,26,0.69687504,0.2371841,0.2869176,0.4203091
3,1.287500,26,0.69791670,0.2375235,0.2872446,0.4207939
3,1.291667,26,0.69895837,0.2379516,0.2876594,0.4213625
3,1.295833,26,0.70000004,0.2383798,0.2880732,0.4219263
3,1.300000,26,0.70104170,0.2388938,0.2885720,0.4225718
3,1.304167,26,0.70208337,0.2394077,0.2890699,0.4232137
3,1.308333,26,0.70312504,0.2400021,0.2896476,0.4239325
3,1.312500,26,0.70416670,0.2405965,0.2902246,0.4246476
3,1.316667,26,0.70520837,0.2412635,0.2908736,0.4254319
3,1.320833,26,0.70625004,0.2419306,0.2915220,0.4262125
3,1.325000,26,0.70729170,0.2426605,0.2922326,0.4270523
3,1.329167,26,0.70833337,0.2433904,0.2929426,0.4278883
3,1.333333,26,0.70937504,0.2441716,0.2937035,0.4287726
3,1.337500,26,0.71041670,0.2449529,0.2944640,0.4296543
3,1.341667,26,0.71145837,0.2457729,0.2952628,0.4305722
3,1.345833,26,0.71250004,0.2465928,0.2960612,0.4314874
3,1.350000,26,0.71354170,0.2474377,0.2968844,0.4324250
3,1.354167,26,0.71458337,0.2482826,0.2977071,0.4333599
3,1.358333,26,0.71562504,0.2491384,0.2985405,0.4343030
3,1.362500,26,0.71666670,0.2499941,0.2993735,0.4352432
3,1.366667,26,0.71770837,0.2508467,0.3002033,0.4361783
3,1.370833,26,0.71875004,0.2516992,0.3010329,0.4371114
3,1.375000,26,0.71979170,0.2525349,0.3018456,0.4380260
3,1.379167,26,0.72083337,0.2533706,0.3026583,0.4389390
3,1.383333,26,0.72187504,0.2541768,0.3034413,0.4398204
3,1.387500,26,0.72291670,0.2549829,0.3042243,0.4407002
3,1.391667,26,0.72395837,0.2557479,0.3049663,0.4415370
3,1.395833,26,0.72500004,0.2565129,0.3057082,0.4423717
3,1.400000,26,0.72604170,0.2572267,0.3063990,0.4431538
3,1.404167,26,0.72708337,0.2579405,0.3070899,0.4439351
3,1.408333,26,0.72812504,0.2585950,0.3077217,0.4446556
3,1.412500,26,0.72916670,0.2592495,0.3083536,0.4453753
3,1.416667,26,0.73020837,0.2598383,0.3089201,0.4460281
3,1.420833,26,0.73125004,0.2604271,0.3094868,0.4466798
3,1.425000,26,0.73229170,0.2609459,0.3099837,0.4472602
3,1.429167,26,0.73333337,0.2614647,0.3104808,0.4478393
3,1.433333,26,0.73437504,0.2619114,0.3109060,0.4483454
3,1.437500,26,0.73541671,0.2623580,0.3113315,0.4488506
3,1.441667,26,0.73645837,0.2627322,0.3116848,0.4492831
3,1.445833,26,0.73750004,0.2631063,0.3120385,0.4497147
3,1.450000,26,0.73854171,0.2634096,0.3123215,0.4500749
3,1.454167,26,0.73958337,0.2637128,0.3126049,0.4504344
3,1.458333,26,0.74062504,0.2639483,0.3128210,0.4507251
3,1.462500,26,0.74166671,0.2641838,0.3130373,0.4510150
3,1.466667,26,0.74270837,0.2643562,0.3131908,0.4512412
3,1.470833,26,0.74375004,0.2645285,0.3133448,0.4514670
3,1.475000,26,0.74479171,0.2646435,0.3134418,0.4516352
3,1.479167,26,0.74583337,0.2647584,0.3135392,0.4518032
3,1.483333,26,0.74687504,0.2648224,0.3135861,0.4519196
3,1.487500,26,0.74791671,0.2648865,0.3136335,0.4520357
3,1.491667,26,0.74895837,0.2649067,0.3136373,0.4521073
3,1.495833,26,0.75000004,0.2649268,0.3136415,0.4521783
3,1.500000,26,0.75104171,0.2649104,0.3136096,0.4522122
3,1.504167,26,0.75208337,0.2648939,0.3135780,0.4522459
3,1.508333,26,0.75312504,0.2648480,0.3135175,0.4522501
3,1.512500,26,0.75416671,0.2648021,0.3134573,0.4522540
3,1.516667,26,0.75520837,0.2647335,0.3133749,0.4522349
3,1.520833,26,0.75625004,0.2646649,0.3132930,0.4522153
3,1.525000,26,0.75729171,0.2645798,0.3131950,0.4521789
3,1.529167,26,0.75833337,0.2644948,0.3130974,0.4521421
3,1.533333,26,0.75937504,0.2643988,0.3129893,0.4520939
3,1.537500,26,0.76041671,0.2643028,0.3128816,0.4520455
3,1.541667,26,0.76145837,0.2642004,0.3127679,0.4519907
3,1.545833,26,0.76250004,0.2640980,0.3126547,0.4519356
3,1.550000,26,0.76354171,0.2639928,0.3125392,0.4518774
3,1.554167,26,0.76458337,0.2638878,0.3124241,0.4518192
3,1.558333,26,0.76562504,0.2637826,0.3123093,0.4517604
3,1.562500,26,0.76666671,0.2636775,0.3121949,0.4517010
3,1.566667,26,0.76770837,0.2635740,0.3120825,0.4516429
3,1.570833,26,0.76875004,0.2634706,0.3119706,0.4515849
3,1.575000,26,0.76979171,0.2633696,0.3118615,0.4515290
3,1.579167,26,0.77083337,0.2632686,0.3117528,0.4514729
3,1.583333,26,0.77187504,0.2631703,0.3116471,0.4514190
3,1.587500,26,0.77291671,0.2630719,0.3115417,0.4513647
3,1.591667,26,0.77395837,0.2629756,0.3114386,0.4513121
3,1.595833,26,0.77500004,0.2628792,0.3113360,0.4512590
3,1.600000,26,0.77604171,0.2627838,0.3112345,0.4512063
3,1.604167,26,0.77708337,0.2626883,0.3111333,0.4511536
3,1.608333,26,0.77812504,0.2625924,0.3110321,0.4510999
3,1.612500,26,0.77916671,0.2624965,0.3109311,0.4510460
3,1.616667,26,0.78020837,0.2623986,0.3108285,0.4509897
3,1.620833,26,0.78125004,0.2623007,0.3107262,0.4509329
3,1.625000,26,0.78229171,0.2621993,0.3106205,0.4508723
3,1.629167,26,0.78333337,0.2620979,0.3105152,0.4508111
3,1.633333,26,0.78437504,0.2619916,0.3104053,0.4507446
3,1.637500,26,0.78541671,0.2618852,0.3102956,0.4506776
3,1.641667,26,0.78645837,0.2617729,0.3101801,0.4506044
3,1.645833,26,0.78750004,0.2616605,0.3100649,0.4505306
3,1.650000,26,0.78854171,0.2615414,0.3099431,0.4504498
3,1.654167,26,0.78958337,0.2614224,0.3098216,0.4503685
3,1.658333,26,0.79062504,0.2612962,0.3096933,0.4502796
3,1.662500,26,0.79166671,0.2611701,0.3095652,0.4501903
3,1.666667,26,0.79270837,0.2610372,0.3094305,0.4500937
3,1.670833,26,0.79375004,0.2609042,0.3092960,0.4499964
3,1.675000,26,0.79479171,0.2607651,0.3091555,0.4498926
3,1.679167,26,0.79583337,0.2606260,0.3090153,0.4497886
3,1.683333,26,0.79687504,0.2604818,0.3088700,0.4496787
3,1.687500,26,0.79791671,0.2603376,0.3087251,0.4495686
3,1.691667,26,0.79895838,0.2601899,0.3085766,0.4494543
3,1.695833,26,0.80000004,0.2600422,0.3084284,0.4493395
3,1.700000,26,0.80104171,0.2598928,0.3082787,0.4492226
3,1.704167,26,0.80208338,0.2597434,0.3081290,0.4491050
3,1.708333,26,0.80312504,0.2595943,0.3079799,0.4489874
3,1.712500,26,0.80416671,0.2594453,0.3078309,0.4488693
3,1.716667,26,0.80520838,0.2592987,0.3076846,0.4487532
3,1.720833,26,0.80625004,0.2591523,0.3075384,0.4486367
3,1.725000,26,0.80729171,0.2590105,0.3073971,0.4485243
3,1.729167,26,0.80833338,0.2588687,0.3072559,0.4484115
3,1.733333,26,0.80937504,0.2587338,0.3071216,0.4483049
3,1.737500,26,0.81041671,0.2585989,0.3069874,0.4481979
3,1.741667,26,0.81145838,0.2584727,0.3068621,0.4480992
3,1.745833,26,0.81250004,0.2583466,0.3067369,0.4479999
3,1.750000,26,0.81354171,0.2582308,0.3066221,0.4479103
3,1.754167,26,0.81458338,0.2581150,0.3065074,0.4478205
3,1.758333,26,0.81562504,0.2580108,0.3064044,0.4477416
3,1.762500,26,0.81666671,0.2579066,0.3063014,0.4476623
3,1.766667,26,0.81770838,0.2578150,0.3062111,0.4475949
3,1.770833,26,0.81875004,0.2577233,0.3061208,0.4475271
3,1.775000,26,0.81979171,0.2576445,0.3060434,0.4474715
3,1.779167,26,0.82083338,0.2575658,0.3059661,0.4474156
3,1.783333,26,0.82187504,0.2574999,0.3059018,0.4473721
3,1.787500,26,0.82291671,0.2574341,0.3058375,0.4473280
3,1.791667,26,0.82395838,0.2573806,0.3057858,0.4472959
3,1.795833,26,0.82500004,0.2573272,0.3057340,0.4472634
3,1.800000,26,0.82604171,0.2572854,0.3056939,0.4472421
3,1.804167,26,0.82708338,0.2572435,0.3056538,0.4472201
3,1.808333,26,0.82812504,0.2572121,0.3056242,0.4472081
3,1.812500,26,0.82916671,0.2571807,0.3055945,0.4471955
3,1.816667,26,0.83020838,0.2571582,0.3055738,0.4471914
3,1.820833,26,0.83125004,0.2571357,0.3055532,0.4471871
3,1.825000,26,0.83229171,0.2571204,0.3055398,0.4471894
3,1.829167,26,0.83333338,0.2571052,0.3055265,0.4471914
3,1.833333,26,0.83437504,0.2570955,0.3055187,0.4471985
3,1.837500,26,0.83541671,0.2570857,0.3055109,0.4472050
3,1.841667,26,0.83645838,0.2570796,0.3055068,0.4472148
3,1.845833,26,0.83750004,0.2570736,0.3055027,0.4472241
3,1.850000,26,0.83854171,0.2570694,0.3055005,0.4472348
3,1.854167,26,0.83958338,0.2570653,0.3054983,0.4472454
3,1.858333,26,0.84062504,0.2570613,0.3054964,0.4472557
3,1.862500,26,0.84166671,0.2570575,0.3054945,0.4472657
3,1.866667,26,0.84270838,0.2570525,0.3054915,0.4472740
3,1.870833,26,0.84375004,0.2570475,0.3054886,0.4472821
3,1.875000,26,0.84479171,0.2570403,0.3054833,0.4472874
3,1.879167,26,0.84583338,0.2570329,0.3054781,0.4472924
3,1.883333,26,0.84687504,0.2570225,0.3054695,0.4472938
3,1.887500,26,0.84791671,0.2570120,0.3054610,0.4472949
3,1.891667,26,0.84895838,0.2569978,0.3054489,0.4472916
3,1.895833,26,0.85000004,0.2569836,0.3054366,0.4472883
3,1.900000,26,0.85104171,0.2569654,0.3054205,0.4472807
3,1.904167,26,0.85208338,0.2569472,0.3054042,0.4472726
3,1.908333,26,0.85312504,0.2569251,0.3053842,0.4472603
3,1.912500,26,0.85416671,0.2569030,0.3053641,0.4472476
3,1.916667,26,0.85520838,0.2568774,0.3053404,0.4472311
3,1.920833,26,0.85625004,0.2568517,0.3053167,0.4472143
3,1.925000,26,0.85729171,0.2568232,0.3052902,0.4471943
3,1.929167,26,0.85833338,0.2567947,0.3052636,0.4471742
3,1.933333,26,0.85937504,0.2567640,0.3052350,0.4471516
3,1.937500,26,0.86041671,0.2567334,0.3052063,0.4471287
3,1.941667,26,0.86145838,0.2567018,0.3051765,0.4471043
3,1.945833,26,0.86250004,0.2566701,0.3051468,0.4470798
3,1.950000,26,0.86354171,0.2566384,0.3051170,0.4470549
3,1.954167,26,0.86458338,0.2566067,0.3050873,0.4470299
3,1.958333,26,0.86562505,0.2565762,0.3050587,0.4470059
3,1.962500,26,0.86666671,0.2565457,0.3050300,0.4469815
3,1.966667,26,0.86770838,0.2565175,0.3050037,0.4469591
3,1.970833,26,0.86875005,0.2564893,0.3049773,0.4469367
3,1.975000,26,0.86979171,0.2564643,0.3049542,0.4469172
3,1.979167,26,0.87083338,0.2564394,0.3049311,0.4468974
3,1.983333,26,0.87187505,0.2564186,0.3049122,0.4468817
3,1.987500,26,0.87291671,0.2563979,0.3048933,0.4468657
3,1.991667,26,0.87395838,0.2563821,0.3048794,0.4468547
3,1.995833,26,0.87500005,0.2563663,0.3048653,0.4468432
3,2.000000,26,0.87604171,0.2563560,0.3048568,0.4468372
3,2.004167,26,0.87708338,0.2563457,0.3048483,0.4468309
3,2.008333,26,0.87812505,0.2563412,0.3048456,0.4468304
3,2.012500,26,0.87916671,0.2563368,0.3048429,0.4468295
3,2.016667,26,0.88020838,0.2563382,0.3048461,0.4468345
3,2.020833,26,0.88125005,0.2563396,0.3048492,0.4468393
3,2.025000,26,0.88229171,0.2563468,0.3048581,0.4468496
3,2.029167,26,0.88333338,0.2563540,0.3048670,0.4468599
3,2.033333,26,0.88437505,0.2563666,0.3048814,0.4468754
3,2.037500,26,0.88541671,0.2563792,0.3048956,0.4468909
3,2.041667,26,0.88645838,0.2563967,0.3049148,0.4469109
3,2.045833,26,0.88750005,0.2564142,0.3049340,0.4469310
3,2.050000,26,0.88854171,0.2564358,0.3049573,0.4469549
3,2.054167,26,0.88958338,0.2564574,0.3049805,0.4469788
3,2.058333,26,0.89062505,0.2564823,0.3050071,0.4470059
3,2.062500,26,0.89166671,0.2565072,0.3050336,0.4470328
3,2.066667,26,0.89270838,0.2565345,0.3050624,0.4470619
3,2.070833,26,0.89375005,0.2565617,0.3050911,0.4470910
3,2.075000,26,0.89479171,0.2565902,0.3051213,0.4471212
3,2.079167,26,0.89583338,0.2566187,0.3051513,0.4471513
3,2.083333,26,0.89687505,0.2566475,0.3051817,0.4471815
3,2.087500,26,0.89791671,0.2566763,0.3052120,0.4472117
3,2.091667,26,0.89895838,0.2567042,0.3052415,0.4472411
3,2.095833,26,0.90000005,0.2567322,0.3052710,0.4472703
3,2.100000,26,0.90104171,0.2567584,0.3052988,0.4472978
3,2.104167,26,0.90208338,0.2567846,0.3053265,0.4473251
3,2.108333,26,0.90312505,0.2568083,0.3053516,0.4473497
3,2.112500,26,0.90416671,0.2568318,0.3053766,0.4473743
3,2.116667,26,0.90520838,0.2568520,0.3053982,0.4473953
3,2.120833,26,0.90625005,0.2568721,0.3054198,0.4474164
3,2.125000,26,0.90729171,0.2568882,0.3054374,0.4474333
3,2.129167,26,0.90833338,0.2569043,0.3054549,0.4474501
3,2.133333,26,0.90937505,0.2569159,0.3054678,0.4474624
3,2.137500,26,0.91041671,0.2569274,0.3054808,0.4474746
3,2.141667,26,0.91145838,0.2569341,0.3054889,0.4474818
3,2.145833,26,0.91250005,0.2569408,0.3054971,0.4474891
3,2.150000,26,0.91354171,0.2569424,0.3055000,0.4474912
3,2.154167,26,0.91458338,0.2569439,0.3055030,0.4474933
3,2.158333,26,0.91562505,0.2569405,0.3055008,0.4474904
3,2.162500,26,0.91666671,0.2569371,0.3054988,0.4474874
3,2.166667,26,0.91770838,0.2569286,0.3054916,0.4474794
3,2.170833,26,0.91875005,0.2569202,0.3054845,0.4474713
3,2.175000,26,0.91979171,0.2569071,0.3054727,0.4474584
3,2.179167,26,0.92083338,0.2568940,0.3054609,0.4474457
3,2.183333,26,0.92187505,0.2568766,0.3054448,0.4474285
3,2.187500,26,0.92291671,0.2568592,0.3054287,0.4474114
3,2.191667,26,0.92395838,0.2568380,0.3054087,0.4473903
3,2.195833,26,0.92500005,0.2568168,0.3053887,0.4473694
3,2.200000,26,0.92604171,0.2567923,0.3053654,0.4473449
3,2.204167,26,0.92708338,0.2567677,0.3053421,0.4473207
3,2.208333,26,0.92812505,0.2567406,0.3053162,0.4472935
3,2.212500,26,0.92916672,0.2567134,0.3052903,0.4472666
3,2.216667,26,0.93020838,0.2566842,0.3052622,0.4472376
3,2.220833,26,0.93125005,0.2566550,0.3052341,0.4472083
3,2.225000,26,0.93229172,0.2566244,0.3052046,0.4471779
3,2.229167,26,0.93333338,0.2565937,0.3051751,0.4471473
3,2.233333,26,0.93437505,0.2565623,0.3051448,0.4471159
3,2.237500,26,0.93541672,0.2565309,0.3051145,0.4470846
3,2.241667,26,0.93645838,0.2564994,0.3050840,0.4470531
3,2.245833,26,0.93750005,0.2564678,0.3050536,0.4470215
3,2.250000,26,0.93854172,0.2564366,0.3050234,0.4469904
3,2.254167,26,0.93958338,0.2564054,0.3049932,0.4469592
3,2.258333,26,0.94062505,0.2563751,0.3049640,0.4469289
3,2.262500,26,0.94166672,0.2563448,0.3049347,0.4468986
3,2.266667,26,0.94270838,0.2563158,0.3049068,0.4468698
3,2.270833,26,0.94375005,0.2562869,0.3048787,0.4468408
3,2.275000,26,0.94479172,0.2562595,0.3048524,0.4468135
3,2.279167,26,0.94583338,0.2562322,0.3048261,0.4467862
3,2.283333,26,0.94687505,0.2562069,0.3048017,0.4467608
3,2.287500,26,0.94791672,0.2561816,0.3047773,0.4467355
3,2.291667,26,0.94895838,0.2561585,0.3047551,0.4467125
3,2.295833,26,0.95000005,0.2561353,0.3047328,0.4466893
3,2.300000,26,0.95104172,0.2561145,0.3047129,0.4466685
3,2.304167,26,0.95208338,0.2560937,0.3046930,0.4466476
3,2.308333,26,0.95312505,0.2560753,0.3046754,0.4466293
3,2.312500,26,0.95416672,0.2560569,0.3046578,0.4466109
3,2.316667,26,0.95520838,0.2560408,0.3046426,0.4465949
3,2.320833,26,0.95625005,0.2560248,0.3046274,0.4465789
3,2.325000,26,0.95729172,0.2560111,0.3046145,0.4465650
3,2.329167,26,0.95833338,0.2559974,0.3046016,0.4465514
3,2.333333,26,0.95937505,0.2559860,0.3045909,0.4465400
3,2.337500,26,0.96041672,0.2559746,0.3045802,0.4465286
3,2.341667,26,0.96145838,0.2559652,0.3045716,0.4465192
3,2.345833,26,0.96250005,0.2559559,0.3045629,0.4465098
3,2.350000,26,0.96354172,0.2559484,0.3045562,0.4465024
3,2.354167,26,0.96458338,0.2559410,0.3045494,0.4464950
3,2.358333,26,0.96562505,0.2559352,0.3045443,0.4464892
3,2.362500,26,0.96666672,0.2559295,0.3045393,0.4464836
3,2.366667,26,0.96770838,0.2559253,0.3045356,0.4464793
3,2.370833,26,0.96875005,0.2559210,0.3045320,0.4464750
3,2.375000,26,0.96979172,0.2559180,0.3045295,0.4464720
3,2.379167,26,0.97083338,0.2559150,0.3045271,0.4464691
3,2.383333,26,0.97187505,0.2559131,0.3045257,0.4464671
3,2.387500,26,0.97291672,0.2559112,0.3045243,0.4464651
3,2.391667,26,0.97395838,0.2559102,0.3045238,0.4464641
3,2.395833,28,0.97500005,0.2559093,0.3045235,0.4464632
3,2.400000,28,0.97604172,0.2559093,0.3045239,0.4464633
3,2.404167,28,0.97708338,0.2559093,0.3045245,0.4464633
3,2.408333,28,0.97812505,0.2559093,0.3045248,0.4464633
3,2.412500,28,0.97916672,0.2559093,0.3045253,0.4464635
3,2.416667,28,0.98020838,0.2559093,0.3045257,0.4464633
3,2.420833,28,0.98125005,0.2559093,0.3045261,0.4464634
3,2.425000,28,0.98229172,0.2559093,0.3045264,0.4464634
3,2.429167,28,0.98333338,0.2559093,0.3045269,0.4464634
3,2.433333,28,0.98437505,0.2559093,0.3045272,0.4464635
3,2.437500,28,0.98541672,0.2559093,0.3045275,0.4464635
3,2.441667,28,0.98645838,0.2559093,0.3045277,0.4464634
3,2.445833,28,0.98750005,0.2559093,0.3045281,0.4464635
3,2.450000,28,0.98854172,0.2559093,0.3045283,0.4464634
3,2.454167,28,0.98958338,0.2559093,0.3045285,0.4464636
3,2.458333,28,0.99062505,0.2559093,0.3045287,0.4464635
3,2.462500,28,0.99166672,0.2559093,0.3045289,0.4464636
3,2.466667,28,0.99270839,0.2559093,0.3045290,0.4464635
3,2.470833,28,0.99375005,0.2559093,0.3045292,0.4464636
3,2.475000,28,0.99479172,0.2559093,0.3045293,0.4464636
3,2.479167,28,0.99583339,0.2559093,0.3045294,0.4464637
3,2.483333,28,0.99687505,0.2559093,0.3045295,0.4464636
3,2.487500,28,0.99791672,0.2559093,0.3045295,0.4464637
3,2.491667,28,0.99895839,0.2559093,0.3045295,0.4464636
3,2.495833,28,1.00000005,0.2559093,0.3045296,0.4464635
3,2.500000,27,1.00104172,0.2559101,0.3045304,0.4464644
3,2.504167,27,1.00208339,0.2559109,0.3045311,0.4464652
3,2.508333,27,1.00312505,0.2559127,0.3045328,0.4464669
3,2.512500,27,1.00416672,0.2559144,0.3045344,0.4464687
3,2.516667,27,1.00520839,0.2559171,0.3045371,0.4464714
3,2.520833,27,1.00625005,0.2559199,0.3045397,0.4464741
3,2.525000,27,1.00729172,0.2559239,0.3045436,0.4464781
3,2.529167,27,1.00833339,0.2559279,0.3045475,0.4464822
3,2.533333,27,1.00937505,0.2559334,0.3045528,0.4464876
3,2.537500,27,1.01041672,0.2559389,0.3045581,0.4464931
3,2.541667,27,1.01145839,0.2559461,0.3045650,0.4465003
3,2.545833,27,1.01250005,0.2559533,0.3045720,0.4465075
3,2.550000,27,1.01354172,0.2559625,0.3045809,0.4465168
3,2.554167,27,1.01458339,0.2559716,0.3045897,0.4465259
3,2.558333,27,1.01562505,0.2559830,0.3046007,0.4465371
3,2.562500,27,1.01666672,0.2559942,0.3046117,0.4465485
3,2.566667,27,1.01770839,0.2560079,0.3046249,0.4465621
3,2.570833,27,1.01875005,0.2560215,0.3046381,0.4465756
3,2.575000,27,1.01979172,0.2560375,0.3046538,0.4465917
3,2.579167,27,1.02083339,0.2560536,0.3046694,0.4466077
3,2.583333,27,1.02187505,0.2560721,0.3046874,0.4466262
3,2.587500,27,1.02291672,0.2560906,0.3047054,0.4466447
3,2.591667,27,1.02395839,0.2561117,0.3047261,0.4466658
3,2.595833,27,1.02500005,0.2561327,0.3047465,0.4466869
3,2.600000,27,1.02604172,0.2561562,0.3047695,0.4467103
3,2.604167,27,1.02708339,0.2561797,0.3047924,0.4467337
3,2.608333,27,1.02812505,0.2562056,0.3048177,0.4467597
3,2.612500,27,1.02916672,0.2562315,0.3048429,0.4467855
3,2.616667,27,1.03020839,0.2562595,0.3048702,0.4468135
3,2.620833,27,1.03125005,0.2562875,0.3048976,0.4468416
3,2.625000,27,1.03229172,0.2563173,0.3049267,0.4468714
3,2.629167,27,1.03333339,0.2563472,0.3049558,0.4469012
3,2.633333,27,1.03437505,0.2563786,0.3049865,0.4469325
3,2.637500,27,1.03541672,0.2564100,0.3050172,0.4469639
3,2.641667,27,1.03645839,0.2564425,0.3050489,0.4469963
3,2.645833,27,1.03750005,0.2564749,0.3050805,0.4470287
3,2.650000,27,1.03854172,0.2565081,0.3051127,0.4470618
3,2.654167,27,1.03958339,0.2565412,0.3051450,0.4470949
3,2.658333,27,1.04062505,0.2565743,0.3051772,0.4471280
3,2.662500,27,1.04166672,0.2566075,0.3052095,0.4471611
3,2.666667,27,1.04270839,0.2566400,0.3052411,0.4471935
3,2.670833,27,1.04375005,0.2566727,0.3052727,0.4472261
3,2.675000,27,1.04479172,0.2567041,0.3053032,0.4472576
3,2.679167,27,1.04583339,0.2567356,0.3053336,0.4472887
3,2.683333,27,1.04687505,0.2567651,0.3053622,0.4473182
3,2.687500,27,1.04791672,0.2567947,0.3053907,0.4473476
3,2.691667,27,1.04895839,0.2568218,0.3054167,0.4473746
3,2.695833,27,1.05000005,0.2568489,0.3054427,0.4474015
3,2.700000,27,1.05104172,0.2568728,0.3054655,0.4474252
3,2.704167,27,1.05208339,0.2568968,0.3054883,0.4474489
3,2.708333,27,1.05312505,0.2569170,0.3055072,0.4474688
3,2.712500,27,1.05416672,0.2569372,0.3055263,0.4474888
3,2.716667,27,1.05520839,0.2569531,0.3055409,0.4475044
3,2.720833,27,1.05625006,0.2569690,0.3055556,0.4475200
3,2.725000,27,1.05729172,0.2569802,0.3055655,0.4475310
3,2.729167,27,1.05833339,0.2569914,0.3055753,0.4475417
3,2.733333,27,1.05937506,0.2569975,0.3055801,0.4475473
3,2.737500,27,1.06041672,0.2570036,0.3055848,0.4475530
3,2.741667,27,1.06145839,0.2570044,0.3055843,0.4475532
3,2.745833,27,1.06250006,0.2570052,0.3055837,0.4475536
3,2.750000,27,1.06354172,0.2570007,0.3055777,0.4475485
3,2.754167,27,1.06458339,0.2569961,0.3055716,0.4475433
3,2.758333,27,1.06562506,0.2569862,0.3055602,0.4475326
3,2.762500,27,1.06666672,0.2569764,0.3055489,0.4475222
3,2.766667,27,1.06770839,0.2569615,0.3055324,0.4475064
3,2.770833,27,1.06875006,0.2569466,0.3055160,0.4474907
3,2.775000,27,1.06979172,0.2569270,0.3054948,0.4474704
3,2.779167,27,1.07083339,0.2569074,0.3054737,0.4474498
3,2.783333,27,1.07187506,0.2568837,0.3054483,0.4474252
3,2.787500,27,1.07291672,0.2568601,0.3054231,0.4474006
3,2.791667,27,1.07395839,0.2568331,0.3053943,0.4473723
3,2.795833,27,1.07500006,0.2568061,0.3053656,0.4473442
3,2.800000,27,1.07604172,0.2567766,0.3053343,0.4473134
3,2.804167,27,1.07708339,0.2567471,0.3053031,0.4472826
3,2.808333,27,1.07812506,0.2567161,0.3052703,0.4472502
3,2.812500,27,1.07916672,0.2566851,0.3052375,0.4472177
3,2.816667,27,1.08020839,0.2566537,0.3052042,0.4471846
3,2.820833,27,1.08125006,0.2566223,0.3051709,0.4471514
3,2.825000,27,1.08229172,0.2565915,0.3051381,0.4471189
3,2.829167,27,1.08333339,0.2565608,0.3051055,0.4470863
3,2.833333,27,1.08437506,0.2565319,0.3050747,0.4470553
3,2.837500,27,1.08541672,0.2565031,0.3050438,0.4470243
3,2.841667,27,1.08645839,0.2564772,0.3050159,0.4469962
3,2.845833,27,1.08750006,0.2564513,0.3049880,0.4469679
3,2.850000,27,1.08854172,0.2564294,0.3049641,0.4469437
3,2.854167,27,1.08958339,0.2564076,0.3049402,0.4469192
3,2.858333,27,1.09062506,0.2563908,0.3049213,0.4468995
3,2.862500,27,1.09166672,0.2563740,0.3049023,0.4468798
3,2.866667,27,1.09270839,0.2563631,0.3048892,0.4468659
3,2.870833,27,1.09375006,0.2563522,0.3048760,0.4468517
3,2.875000,27,1.09479172,0.2563478,0.3048694,0.4468440
3,2.879167,27,1.09583339,0.2563434,0.3048628,0.4468361
3,2.883333,27,1.09687506,0.2563460,0.3048631,0.4468349
3,2.887500,27,1.09791672,0.2563486,0.3048634,0.4468337
3,2.891667,27,1.09895839,0.2563584,0.3048708,0.4468394
3,2.895833,27,1.10000006,0.2563682,0.3048782,0.4468450
3,2.900000,27,1.10104172,0.2563851,0.3048928,0.4468576
3,2.904167,27,1.10208339,0.2564021,0.3049073,0.4468698
3,2.908333,27,1.10312506,0.2564260,0.3049287,0.4468890
3,2.912500,27,1.10416672,0.2564498,0.3049501,0.4469077
3,2.916667,27,1.10520839,0.2564801,0.3049779,0.4469327
3,2.920833,27,1.10625006,0.2565103,0.3050056,0.4469576
3,2.925000,27,1.10729172,0.2565461,0.3050388,0.4469877
3,2.929167,27,1.10833339,0.2565819,0.3050720,0.4470175
3,2.933333,27,1.10937506,0.2566223,0.3051098,0.4470518
3,2.937500,27,1.11041672,0.2566627,0.3051476,0.4470858
3,2.941667,27,1.11145839,0.2567067,0.3051890,0.4471232
3,2.945833,27,1.11250006,0.2567505,0.3052302,0.4471602
3,2.950000,27,1.11354172,0.2567966,0.3052736,0.4471992
3,2.954167,27,1.11458339,0.2568427,0.3053169,0.4472379
3,2.958333,27,1.11562506,0.2568896,0.3053611,0.4472772
3,2.962500,27,1.11666672,0.2569366,0.3054053,0.4473160
3,2.966667,27,1.11770839,0.2569829,0.3054489,0.4473540
3,2.970833,27,1.11875006,0.2570293,0.3054925,0.4473920
3,2.975000,27,1.11979173,0.2570738,0.3055342,0.4474277
3,2.979167,27,1.12083339,0.2571183,0.3055759,0.4474630
3,2.983333,27,1.12187506,0.2571597,0.3056144,0.4474951
3,2.987500,27,1.12291673,0.2572010,0.3056529,0.4475267
3,2.991667,27,1.12395839,0.2572383,0.3056874,0.4475538
3,2.995833,27,1.12500006,0.2572755,0.3057218,0.4475806
3,3.000000,27,1.12604173,0.2573077,0.3057510,0.4476020
3,3.004167,27,1.12708339,0.2573400,0.3057804,0.4476231
3,3.008333,27,1.12812506,0.2573665,0.3058041,0.4476382
3,3.012500,27,1.12916673,0.2573932,0.3058279,0.4476531
3,3.016667,27,1.13020839,0.2574140,0.3058458,0.4476618
3,3.020833,27,1.13125006,0.2574348,0.3058637,0.4476700
3,3.025000,27,1.13229173,0.2574497,0.3058758,0.4476720
3,3.029167,27,1.13333339,0.2574647,0.3058879,0.4476737
3,3.033333,27,1.13437506,0.2574743,0.3058946,0.4476696
3,3.037500,27,1.13541673,0.2574839,0.3059014,0.4476652
3,3.041667,27,1.13645839,0.2574890,0.3059036,0.4476556
3,3.045833,27,1.13750006,0.2574939,0.3059058,0.4476459
3,3.050000,27,1.13854173,0.2574954,0.3059045,0.4476320
3,3.054167,27,1.13958339,0.2574969,0.3059032,0.4476180
3,3.058333,27,1.14062506,0.2574962,0.3058997,0.4476011
3,3.062500,27,1.14166673,0.2574955,0.3058963,0.4475837
3,3.066667,27,1.14270839,0.2574942,0.3058923,0.4475653
3,3.070833,27,1.14375006,0.2574929,0.3058884,0.4475466
3,3.075000,27,1.14479173,0.2574927,0.3058856,0.4475286
3,3.079167,27,1.14583339,0.2574925,0.3058830,0.4475102
3,3.083333,27,1.14687506,0.2574954,0.3058834,0.4474944
3,3.087500,27,1.14791673,0.2574983,0.3058838,0.4474780
3,3.091667,27,1.14895839,0.2575060,0.3058892,0.4474661
3,3.095833,27,1.15000006,0.2575138,0.3058946,0.4474536
3,3.100000,27,1.15104173,0.2575282,0.3059069,0.4474474
3,3.104167,27,1.15208339,0.2575426,0.3059191,0.4474408
3,3.108333,27,1.15312506,0.2575652,0.3059397,0.4474419
3,3.112500,27,1.15416673,0.2575878,0.3059604,0.4474425
3,3.116667,27,1.15520839,0.2576201,0.3059908,0.4474522
3,3.120833,27,1.15625006,0.2576523,0.3060214,0.4474617
3,3.125000,27,1.15729173,0.2576951,0.3060625,0.4474811
3,3.129167,27,1.15833339,0.2577379,0.3061039,0.4474999
3,3.133333,27,1.15937506,0.2577919,0.3061566,0.4475295
3,3.137500,27,1.16041673,0.2578459,0.3062093,0.4475584
3,3.141667,27,1.16145839,0.2579113,0.3062736,0.4475984
3,3.145833,27,1.16250006,0.2579767,0.3063381,0.4476381
3,3.150000,27,1.16354173,0.2580530,0.3064137,0.4476879
3,3.154167,27,1.16458339,0.2581293,0.3064894,0.4477374
3,3.158333,27,1.16562506,0.2582159,0.3065755,0.4477966
3,3.162500,27,1.16666673,0.2583023,0.3066618,0.4478552
3,3.166667,27,1.16770839,0.2583977,0.3067572,0.4479222
3,3.170833,27,1.16875006,0.2584931,0.3068528,0.4479887
3,3.175000,27,1.16979173,0.2585955,0.3069557,0.4480618
3,3.179167,27,1.17083339,0.2586978,0.3070588,0.4481345
3,3.183333,27,1.17187506,0.2588051,0.3071670,0.4482114
3,3.187500,27,1.17291673,0.2589124,0.3072755,0.4482881
3,3.191667,27,1.17395839,0.2590221,0.3073866,0.4483664
3,3.195833,27,1.17500006,0.2591317,0.3074980,0.4484445
3,3.200000,27,1.17604173,0.2592411,0.3076094,0.4485216
3,3.204167,27,1.17708339,0.2593504,0.3077210,0.4485982
3,3.208333,27,1.17812506,0.2594566,0.3078300,0.4486713
3,3.212500,27,1.17916673,0.2595627,0.3079391,0.4487440
3,3.216667,27,1.18020839,0.2596630,0.3080427,0.4488101
3,3.220833,27,1.18125006,0.2597632,0.3081467,0.4488759
3,3.225000,27,1.18229173,0.2598549,0.3082423,0.4489326
3,3.229167,27,1.18333340,0.2599464,0.3083384,0.4489888
3,3.233333,27,1.18437506,0.2600271,0.3084240,0.4490338
3,3.237500,27,1.18541673,0.2601077,0.3085099,0.4490781
3,3.241667,27,1.18645840,0.2601752,0.3085832,0.4491092
3,3.245833,27,1.18750006,0.2602428,0.3086569,0.4491395
3,3.250000,27,1.18854173,0.2602959,0.3087166,0.4491550
3,3.254167,27,1.18958340,0.2603489,0.3087767,0.4491703
3,3.258333,27,1.19062506,0.2603865,0.3088219,0.4491696
3,3.262500,27,1.19166673,0.2604241,0.3088676,0.4491687
3,3.266667,27,1.19270840,0.2604460,0.3088981,0.4491515
3,3.270833,27,1.19375006,0.2604679,0.3089291,0.4491340
3,3.275000,27,1.19479173,0.2604744,0.3089453,0.4491007
3,3.279167,27,1.19583340,0.2604810,0.3089622,0.4490671
3,3.283333,27,1.19687506,0.2604734,0.3089654,0.4490190
3,3.287500,27,1.19791673,0.2604659,0.3089693,0.4489706
3,3.291667,27,1.19895840,0.2604460,0.3089615,0.4489096
3,3.295833,27,1.20000006,0.2604261,0.3089543,0.4488485
3,3.300000,27,1.20104173,0.2603964,0.3089379,0.4487769
3,3.304167,27,1.20208340,0.2603667,0.3089222,0.4487053
3,3.308333,27,1.20312506,0.2603302,0.3089004,0.4486261
3,3.312500,27,1.20416673,0.2602937,0.3088792,0.4485470
3,3.316667,27,1.20520840,0.2602539,0.3088555,0.4484640
3,3.320833,27,1.20625006,0.2602141,0.3088324,0.4483808
3,3.325000,27,1.20729173,0.2601749,0.3088107,0.4482982
3,3.329167,27,1.20833340,0.2601357,0.3087898,0.4482154
3,3.333333,27,1.20937506,0.2601011,0.3087742,0.4481367
3,3.337500,27,1.21041673,0.2600665,0.3087594,0.4480578
3,3.341667,27,1.21145840,0.2600405,0.3087540,0.4479870
3,3.345833,27,1.21250006,0.2600145,0.3087493,0.4479159
3,3.350000,27,1.21354173,0.2600010,0.3087579,0.4478571
3,3.354167,27,1.21458340,0.2599876,0.3087675,0.4477982
3,3.358333,27,1.21562506,0.2599903,0.3087940,0.4477553
3,3.362500,27,1.21666673,0.2599929,0.3088213,0.4477122
3,3.366667,27,1.21770840,0.2600149,0.3088687,0.4476879
3,3.370833,27,1.21875006,0.2600367,0.3089170,0.4476633
3,3.375000,27,1.21979173,0.2600805,0.3089879,0.4476601
3,3.379167,27,1.22083340,0.2601242,0.3090597,0.4476565
3,3.383333,27,1.22187506,0.2601916,0.3091561,0.4476764
3,3.387500,27,1.22291673,0.2602590,0.3092534,0.4476962
3,3.391667,27,1.22395840,0.2603512,0.3093762,0.4477402
3,3.395833,27,1.22500006,0.2604433,0.3095000,0.4477843
3,3.400000,27,1.22604173,0.2605603,0.3096496,0.4478529
3,3.404167,27,1.22708340,0.2606772,0.3098000,0.4479209
3,3.408333,27,1.22812506,0.2608185,0.3099757,0.4480124
3,3.412500,27,1.22916673,0.2609598,0.3101521,0.4481037
3,3.416667,27,1.23020840,0.2611239,0.3103522,0.4482173
3,3.420833,27,1.23125006,0.2612879,0.3105533,0.4483305
3,3.425000,27,1.23229173,0.2614724,0.3107756,0.4484638
3,3.429167,27,1.23333340,0.2616569,0.3109989,0.4485970
3,3.433333,27,1.23437506,0.2618589,0.3112407,0.4487471
3,3.437500,27,1.23541673,0.2620610,0.3114833,0.4488963
3,3.441667,27,1.23645840,0.2622770,0.3117407,0.4490586
3,3.445833,27,1.23750006,0.2624930,0.3119989,0.4492203
3,3.450000,27,1.23854173,0.2627190,0.3122680,0.4493912
3,3.454167,27,1.23958340,0.2629451,0.3125379,0.4495616
3,3.458333,27,1.24062506,0.2631770,0.3128144,0.4497372
3,3.462500,27,1.24166673,0.2634088,0.3130917,0.4499121
3,3.466667,27,1.24270840,0.2636422,0.3133714,0.4500877
3,3.470833,27,1.24375006,0.2638755,0.3136517,0.4502619
3,3.475000,27,1.24479173,0.2641063,0.3139302,0.4504323
3,3.479167,27,1.24583340,0.2643370,0.3142092,0.4506014
3,3.483333,27,1.24687507,0.2645611,0.3144824,0.4507627
3,3.487500,27,1.24791673,0.2647851,0.3147562,0.4509231
3,3.491667,27,1.24895840,0.2649991,0.3150204,0.4510721
3,3.495833,27,1.25000007,0.2652130,0.3152854,0.4512202
3,3.500000,27,1.25104173,0.2654139,0.3155377,0.4513535
3,3.504167,27,1.25208340,0.2656147,0.3157906,0.4514850
3,3.508333,27,1.25312507,0.2658002,0.3160285,0.4515993
3,3.512500,27,1.25416673,0.2659857,0.3162670,0.4517115
3,3.516667,27,1.25520840,0.2661542,0.3164888,0.4518052
3,3.520833,27,1.25625007,0.2663228,0.3167111,0.4518969
3,3.525000,27,1.25729173,0.2664736,0.3169159,0.4519693
3,3.529167,27,1.25833340,0.2666244,0.3171211,0.4520398
3,3.533333,27,1.25937507,0.2667573,0.3173086,0.4520904
3,3.537500,27,1.26041673,0.2668903,0.3174964,0.4521381
3,3.541667,27,1.26145840,0.2670062,0.3176671,0.4521658
3,3.545833,27,1.26250007,0.2671221,0.3178379,0.4521909
3,3.550000,27,1.26354173,0.2672220,0.3179928,0.4521974
3,3.554167,27,1.26458340,0.2673220,0.3181478,0.4522014
3,3.558333,27,1.26562507,0.2674079,0.3182886,0.4521885
3,3.562500,27,1.26666673,0.2674937,0.3184293,0.4521731
3,3.566667,27,1.26770840,0.2675675,0.3185577,0.4521424
3,3.570833,27,1.26875007,0.2676413,0.3186859,0.4521079
3,3.575000,27,1.26979173,0.2677053,0.3188039,0.4520597
3,3.579167,27,1.27083340,0.2677693,0.3189217,0.4520080
3,3.583333,27,1.27187507,0.2678257,0.3190312,0.4519449
3,3.587500,27,1.27291673,0.2678820,0.3191405,0.4518783
3,3.591667,27,1.27395840,0.2679329,0.3192435,0.4518022
3,3.595833,27,1.27500007,0.2679837,0.3193461,0.4517227
3,3.600000,27,1.27604173,0.2680305,0.3194439,0.4516348
3,3.604167,27,1.27708340,0.2680773,0.3195409,0.4515421
3,3.608333,27,1.27812507,0.2681211,0.3196341,0.4514413
3,3.612500,27,1.27916673,0.2681649,0.3197265,0.4513360
3,3.616667,27,1.28020840,0.2682061,0.3198151,0.4512229
3,3.620833,27,1.28125007,0.2682472,0.3199029,0.4511053
3,3.625000,27,1.28229173,0.2682850,0.3199863,0.4509797
3,3.629167,27,1.28333340,0.2683228,0.3200687,0.4508497
3,3.633333,27,1.28437507,0.2683559,0.3201450,0.4507094
3,3.637500,27,1.28541673,0.2683889,0.3202201,0.4505633
3,3.641667,27,1.28645840,0.2684148,0.3202866,0.4504037
3,3.645833,27,1.28750007,0.2684407,0.3203517,0.4502386
3,3.650000,27,1.28854173,0.2684560,0.3204048,0.4500569
3,3.654167,27,1.28958340,0.2684712,0.3204564,0.4498697
3,3.658333,27,1.29062507,0.2684717,0.3204915,0.4496617
3,3.662500,27,1.29166673,0.2684721,0.3205253,0.4494486
3,3.666667,27,1.29270840,0.2684526,0.3205373,0.4492093
3,3.670833,27,1.29375007,0.2684332,0.3205477,0.4489632
3,3.675000,27,1.29479173,0.2683882,0.3205305,0.4486844
3,3.679167,27,1.29583340,0.2683432,0.3205116,0.4483990
3,3.683333,27,1.29687507,0.2682666,0.3204590,0.4480754
3,3.687500,27,1.29791673,0.2681901,0.3204046,0.4477456
3,3.691667,27,1.29895840,0.2680755,0.3203102,0.4473712
3,3.695833,27,1.30000007,0.2679609,0.3202140,0.4469909
3,3.700000,27,1.30104173,0.2678021,0.3200712,0.4465592
3,3.704167,27,1.30208340,0.2676433,0.3199264,0.4461201
3,3.708333,27,1.30312507,0.2674341,0.3197288,0.4456232
3,3.712500,27,1.30416673,0.2672249,0.3195291,0.4451193
3,3.716667,27,1.30520840,0.2669598,0.3192710,0.4445520
3,3.720833,27,1.30625007,0.2666948,0.3190109,0.4439780
3,3.725000,27,1.30729173,0.2663689,0.3186875,0.4433365
3,3.729167,27,1.30833340,0.2660430,0.3183622,0.4426891
3,3.733333,27,1.30937507,0.2656525,0.3179696,0.4419696
3,3.737500,27,1.31041674,0.2652620,0.3175746,0.4412424
3,3.741667,27,1.31145840,0.2648040,0.3171096,0.4404402
3,3.745833,27,1.31250007,0.2643460,0.3166422,0.4396306
3,3.750000,27,1.31354174,0.2638189,0.3161031,0.4387447
3,3.754167,27,1.31458340,0.2632919,0.3155617,0.4378524
3,3.758333,27,1.31562507,0.2626957,0.3149486,0.4368841
3,3.762500,27,1.31666674,0.2620994,0.3143335,0.4359101
3,3.766667,27,1.31770840,0.2614351,0.3136475,0.4348610
3,3.770833,27,1.31875007,0.2607708,0.3129591,0.4338047
3,3.775000,27,1.31979174,0.2600410,0.3122023,0.4326752
3,3.779167,27,1.32083340,0.2593111,0.3114433,0.4315392
3,3.783333,27,1.32187507,0.2585196,0.3106200,0.4303349
3,3.787500,27,1.32291674,0.2577282,0.3097945,0.4291244
3,3.791667,27,1.32395840,0.2568802,0.3089098,0.4278515
3,3.795833,27,1.32500007,0.2560321,0.3080232,0.4265735
3,3.800000,27,1.32604174,0.2551335,0.3070832,0.4252387
3,3.804167,27,1.32708340,0.2542350,0.3061412,0.4238975
3,3.808333,27,1.32812507,0.2532929,0.3051528,0.4225062
3,3.812500,27,1.32916674,0.2523509,0.3041623,0.4211093
3,3.816667,27,1.33020840,0.2513729,0.3031332,0.4196708
3,3.820833,27,1.33125007,0.2503948,0.3021023,0.4182272
3,3.825000,27,1.33229174,0.2493888,0.3010409,0.4167508
3,3.829167,27,1.33333340,0.2483826,0.2999777,0.4152704
3,3.833333,27,1.33437507,0.2473565,0.2988921,0.4137650
3,3.837500,27,1.33541674,0.2463304,0.2978046,0.4122549
3,3.841667,27,1.33645840,0.2452921,0.2967024,0.4107274
3,3.845833,27,1.33750007,0.2442539,0.2955985,0.4091958
3,3.850000,27,1.33854174,0.2432111,0.2944878,0.4076552
3,3.854167,27,1.33958340,0.2421683,0.2933755,0.4061114
3,3.858333,27,1.34062507,0.2411278,0.2922632,0.4045661
3,3.862500,27,1.34166674,0.2400872,0.2911499,0.4030188
3,3.866667,27,1.34270840,0.2390552,0.2900428,0.4014765
3,3.870833,27,1.34375007,0.2380230,0.2889343,0.3999313
3,3.875000,27,1.34479174,0.2370044,0.2878372,0.3983960
3,3.879167,27,1.34583340,0.2359858,0.2867388,0.3968582
3,3.883333,27,1.34687507,0.2349849,0.2856562,0.3953357
3,3.887500,27,1.34791674,0.2339840,0.2845726,0.3938117
3,3.891667,27,1.34895840,0.2330036,0.2835079,0.3923062
3,3.895833,27,1.35000007,0.2320231,0.2824424,0.3908006
3,3.900000,27,1.35104174,0.2310651,0.2813976,0.3893158
3,3.904167,27,1.35208340,0.2301071,0.2803519,0.3878299
3,3.908333,27,1.35312507,0.2291721,0.2793277,0.3863656
3,3.912500,27,1.35416674,0.2282371,0.2783028,0.3849010
3,3.916667,27,1.35520840,0.2273248,0.2772992,0.3834582
3,3.920833,27,1.35625007,0.2264125,0.2762952,0.3820162
3,3.925000,27,1.35729174,0.2255217,0.2753114,0.3805954
3,3.929167,27,1.35833340,0.2246309,0.2743273,0.3791761
3,3.933333,27,1.35937507,0.2237595,0.2733618,0.3777768
3,3.937500,27,1.36041674,0.2228881,0.2723958,0.3763782
3,3.941667,27,1.36145840,0.2220337,0.2714458,0.3749975
3,3.945833,27,1.36250007,0.2211793,0.2704956,0.3736183
3,3.950000,27,1.36354174,0.2203388,0.2695585,0.3722543
3,3.954167,27,1.36458340,0.2194983,0.2686214,0.3708924
3,3.958333,27,1.36562507,0.2186686,0.2676946,0.3695433
3,3.962500,27,1.36666674,0.2178390,0.2667680,0.3681972
3,3.966667,27,1.36770840,0.2170171,0.2658486,0.3668610
3,3.970833,27,1.36875007,0.2161951,0.2649294,0.3655277
3,3.975000,27,1.36979174,0.2153781,0.2640147,0.3642019
3,3.979167,27,1.37083340,0.2145610,0.2631003,0.3628796
3,3.983333,27,1.37187507,0.2137465,0.2621880,0.3615627
3,3.987500,27,1.37291674,0.2129318,0.2612763,0.3602496
3,3.991667,27,1.37395840,0.2121177,0.2603648,0.3589402
3,3.995833,27,1.37500007,0.2113035,0.2594540,0.3576354
3,4.000000,27,1.37604174,0.2104886,0.2585423,0.3563334
3,4.004167,27,1.37708341,0.2096736,0.2576315,0.3550365
3,4.008333,27,1.37812507,0.2088573,0.2567192,0.3537421
3,4.012500,27,1.37916674,0.2080410,0.2558079,0.3524529
3,4.016667,27,1.38020841,0.2072235,0.2548954,0.3511664
3,4.020833,27,1.38125007,0.2064061,0.2539839,0.3498856
3,4.025000,27,1.38229174,0.2055884,0.2530724,0.3486089
3,4.029167,27,1.38333341,0.2047707,0.2521618,0.3473377
3,4.033333,27,1.38437507,0.2039545,0.2512530,0.3460729
3,4.037500,27,1.38541674,0.2031383,0.2503455,0.3448144
3,4.041667,27,1.38645841,0.2023259,0.2494421,0.3435647
3,4.045833,27,1.38750007,0.2015136,0.2485399,0.3423212
3,4.050000,27,1.38854174,0.2007079,0.2476448,0.3410899
3,4.054167,27,1.38958341,0.1999021,0.2467509,0.3398647
3,4.058333,27,1.39062507,0.1991063,0.2458674,0.3386546
3,4.062500,27,1.39166674,0.1983105,0.2449852,0.3374507
3,4.066667,27,1.39270841,0.1975281,0.2441169,0.3362661
3,4.070833,27,1.39375007,0.1967457,0.2432501,0.3350886
3,4.075000,27,1.39479174,0.1959803,0.2424011,0.3339342
3,4.079167,27,1.39583341,0.1952150,0.2415535,0.3327867
3,4.083333,27,1.39687507,0.1944702,0.2407271,0.3316657
3,4.087500,27,1.39791674,0.1937255,0.2399022,0.3305515
3,4.091667,27,1.39895841,0.1930047,0.2391018,0.3294667
3,4.095833,27,1.40000007,0.1922839,0.2383028,0.3283884
3,4.100000,27,1.40104174,0.1915901,0.2375315,0.3273433
3,4.104167,27,1.40208341,0.1908962,0.2367618,0.3263058
3,4.108333,27,1.40312507,0.1902320,0.2360225,0.3253043
3,4.112500,27,1.40416674,0.1895677,0.2352849,0.3243100
3,4.116667,27,1.40520841,0.1889349,0.2345794,0.3233534
3,4.120833,27,1.40625007,0.1883022,0.2338754,0.3224036
3,4.125000,27,1.40729174,0.1877024,0.2332051,0.3214923
3,4.129167,27,1.40833341,0.1871026,0.2325362,0.3205877
3,4.133333,27,1.40937507,0.1865363,0.2319016,0.3197226
3,4.137500,27,1.41041674,0.1859702,0.2312688,0.3188653
3,4.141667,27,1.41145841,0.1854377,0.2306706,0.3180484
3,4.145833,27,1.41250007,0.1849053,0.2300739,0.3172383
3,4.150000,27,1.41354174,0.1844060,0.2295113,0.3164676
3,4.154167,27,1.41458341,0.1839068,0.2289500,0.3157034
3,4.158333,27,1.41562507,0.1834395,0.2284215,0.3149770
3,4.162500,27,1.41666674,0.1829723,0.2278944,0.3142564
3,4.166667,27,1.41770841,0.1825355,0.2273984,0.3135721
3,4.170833,27,1.41875007,0.1820986,0.2269040,0.3128951
3,4.175000,27,1.41979174,0.1816901,0.2264388,0.3122527
3,4.179167,27,1.42083341,0.1812816,0.2259752,0.3116171
3,4.183333,27,1.42187507,0.1808992,0.2255383,0.3110132
3,4.187500,27,1.42291674,0.1805167,0.2251029,0.3104153
3,4.191667,27,1.42395841,0.1801578,0.2246913,0.3098460
3,4.195833,27,1.42500007,0.1797989,0.2242811,0.3092821
3,4.200000,27,1.42604174,0.1794609,0.2238926,0.3087445
3,4.204167,27,1.42708341,0.1791230,0.2235055,0.3082138
3,4.208333,27,1.42812507,0.1788035,0.2231376,0.3077072
3,4.212500,27,1.42916674,0.1784840,0.2227712,0.3072067
3,4.216667,27,1.43020841,0.1781808,0.2224215,0.3067274
3,4.220833,27,1.43125007,0.1778775,0.2220730,0.3062537
3,4.225000,27,1.43229174,0.1775883,0.2217392,0.3057985
3,4.229167,27,1.43333341,0.1772992,0.2214065,0.3053480
3,4.233333,27,1.43437507,0.1770225,0.2210866,0.3049147
3,4.237500,27,1.43541674,0.1767459,0.2207681,0.3044874
3,4.241667,27,1.43645841,0.1764804,0.2204615,0.3040764
3,4.245833,27,1.43750007,0.1762148,0.2201561,0.3036708
3,4.250000,27,1.43854174,0.1759597,0.2198614,0.3032798
3,4.254167,27,1.43958341,0.1757045,0.2195678,0.3028935
3,4.258333,27,1.44062508,0.1754593,0.2192844,0.3025208
3,4.262500,27,1.44166674,0.1752141,0.2190019,0.3021522
3,4.266667,27,1.44270841,0.1749788,0.2187297,0.3017974
3,4.270833,27,1.44375008,0.1747435,0.2184586,0.3014478
3,4.275000,27,1.44479174,0.1745185,0.2181984,0.3011129
3,4.279167,27,1.44583341,0.1742936,0.2179392,0.3007825
3,4.283333,27,1.44687508,0.1740797,0.2176913,0.3004667
3,4.287500,27,1.44791674,0.1738659,0.2174443,0.3001549
3,4.291667,27,1.44895841,0.1736641,0.2172095,0.2998581
3,4.295833,27,1.45000008,0.1734623,0.2169753,0.2995647
3,4.300000,27,1.45104174,0.1732737,0.2167547,0.2992875
3,4.304167,27,1.45208341,0.1730852,0.2165351,0.2990150
3,4.308333,27,1.45312508,0.1729112,0.2163301,0.2987601
3,4.312500,27,1.45416674,0.1727372,0.2161261,0.2985090
3,4.316667,27,1.45520841,0.1725788,0.2159379,0.2982767
3,4.320833,27,1.45625008,0.1724205,0.2157503,0.2980475
3,4.325000,27,1.45729174,0.1722791,0.2155796,0.2978375
3,4.329167,27,1.45833341,0.1721376,0.2154095,0.2976300
3,4.333333,27,1.45937508,0.1720141,0.2152572,0.2974427
3,4.337500,27,1.46041674,0.1718904,0.2151057,0.2972590
3,4.341667,27,1.46145841,0.1717852,0.2149727,0.2970965
3,4.345833,27,1.46250008,0.1716801,0.2148405,0.2969371
3,4.350000,27,1.46354174,0.1715937,0.2147269,0.2967985
3,4.354167,27,1.46458341,0.1715074,0.2146139,0.2966626
3,4.358333,27,1.46562508,0.1714399,0.2145197,0.2965472
3,4.362500,27,1.46666674,0.1713724,0.2144258,0.2964337
3,4.366667,27,1.46770841,0.1713233,0.2143501,0.2963403
3,4.370833,27,1.46875008,0.1712741,0.2142751,0.2962497
3,4.375000,27,1.46979174,0.1712426,0.2142177,0.2961788
3,4.379167,27,1.47083341,0.1712110,0.2141608,0.2961105
3,4.383333,27,1.47187508,0.1711958,0.2141200,0.2960598
3,4.387500,27,1.47291674,0.1711807,0.2140796,0.2960112
3,4.391667,27,1.47395841,0.1711802,0.2140539,0.2959785
3,4.395833,27,1.47500008,0.1711798,0.2140283,0.2959472
3,4.400000,27,1.47604174,0.1711923,0.2140155,0.2959300
3,4.404167,27,1.47708341,0.1712048,0.2140031,0.2959151
3,4.408333,27,1.47812508,0.1712280,0.2140012,0.2959121
3,4.412500,27,1.47916674,0.1712512,0.2139997,0.2959111
3,4.416667,27,1.48020841,0.1712828,0.2140064,0.2959196
3,4.420833,27,1.48125008,0.1713144,0.2140133,0.2959294
3,4.425000,27,1.48229174,0.1713519,0.2140259,0.2959460
3,4.429167,27,1.48333341,0.1713894,0.2140386,0.2959636
3,4.433333,27,1.48437508,0.1714304,0.2140545,0.2959855
3,4.437500,27,1.48541674,0.1714713,0.2140707,0.2960089
3,4.441667,27,1.48645841,0.1715133,0.2140877,0.2960345
3,4.445833,27,1.48750008,0.1715552,0.2141049,0.2960612
3,4.450000,27,1.48854174,0.1715958,0.2141205,0.2960875
3,4.454167,27,1.48958341,0.1716365,0.2141362,0.2961145
3,4.458333,27,1.49062508,0.1716737,0.2141482,0.2961388
3,4.462500,27,1.49166674,0.1717108,0.2141603,0.2961637
3,4.466667,27,1.49270841,0.1717427,0.2141667,0.2961838
3,4.470833,27,1.49375008,0.1717746,0.2141734,0.2962053
3,4.475000,27,1.49479174,0.1717997,0.2141729,0.2962202
3,4.479167,27,1.49583341,0.1718247,0.2141726,0.2962362
3,4.483333,27,1.49687508,0.1718417,0.2141639,0.2962446
3,4.487500,27,1.49791674,0.1718587,0.2141553,0.2962538
3,4.491667,27,1.49895841,0.1718669,0.2141374,0.2962541
3,4.495833,27,1.50000008,0.1718750,0.2141197,0.2962552
3,4.500000,27,1.50104174,0.1718739,0.2140923,0.2962471
3,4.504167,27,1.50208341,0.1718728,0.2140650,0.2962399
3,4.508333,27,1.50312508,0.1718623,0.2140281,0.2962237
3,4.512500,27,1.50416675,0.1718518,0.2139912,0.2962081
3,4.516667,27,1.50520841,0.1718324,0.2139450,0.2961838
3,4.520833,27,1.50625008,0.1718129,0.2138988,0.2961600
3,4.525000,27,1.50729175,0.1717850,0.2138438,0.2961277
3,4.529167,27,1.50833341,0.1717572,0.2137889,0.2960959
3,4.533333,27,1.50937508,0.1717219,0.2137263,0.2960568
3,4.537500,27,1.51041675,0.1716866,0.2136637,0.2960184
3,4.541667,27,1.51145841,0.1716451,0.2135945,0.2959737
3,4.545833,27,1.51250008,0.1716036,0.2135254,0.2959297
3,4.550000,27,1.51354175,0.1715573,0.2134510,0.2958806
3,4.554167,27,1.51458341,0.1715109,0.2133766,0.2958320
3,4.558333,27,1.51562508,0.1714613,0.2132987,0.2957801
3,4.562500,27,1.51666675,0.1714116,0.2132207,0.2957286
3,4.566667,27,1.51770841,0.1713602,0.2131406,0.2956751
3,4.570833,27,1.51875008,0.1713088,0.2130605,0.2956221
3,4.575000,27,1.51979175,0.1712572,0.2129800,0.2955689
3,4.579167,27,1.52083341,0.1712057,0.2128994,0.2955161
3,4.583333,27,1.52187508,0.1711555,0.2128199,0.2954647
3,4.587500,27,1.52291675,0.1711054,0.2127405,0.2954135
3,4.591667,27,1.52395841,0.1710581,0.2126636,0.2953650
3,4.595833,27,1.52500008,0.1710109,0.2125867,0.2953169
3,4.600000,27,1.52604175,0.1709678,0.2125135,0.2952727
3,4.604167,27,1.52708341,0.1709248,0.2124405,0.2952291
3,4.608333,27,1.52812508,0.1708872,0.2123725,0.2951907
3,4.612500,27,1.52916675,0.1708496,0.2123046,0.2951526
3,4.616667,27,1.53020841,0.1708182,0.2122425,0.2951206
3,4.620833,27,1.53125008,0.1707869,0.2121806,0.2950889
3,4.625000,27,1.53229175,0.1707627,0.2121254,0.2950641
3,4.629167,27,1.53333341,0.1707384,0.2120701,0.2950395
3,4.633333,27,1.53437508,0.1707217,0.2120220,0.2950223
3,4.637500,27,1.53541675,0.1707050,0.2119739,0.2950052
3,4.641667,27,1.53645841,0.1706960,0.2119333,0.2949960
3,4.645833,27,1.53750008,0.1706872,0.2118927,0.2949870
3,4.650000,27,1.53854175,0.1706862,0.2118599,0.2949857
3,4.654167,27,1.53958341,0.1706855,0.2118273,0.2949850
3,4.658333,27,1.54062508,0.1706931,0.2118027,0.2949924
3,4.662500,27,1.54166675,0.1707016,0.2117791,0.2950009
3,4.666667,27,1.54270841,0.1707185,0.2117637,0.2950178
3,4.670833,27,1.54375008,0.1707367,0.2117496,0.2950364
3,4.675000,27,1.54479175,0.1707629,0.2117435,0.2950630
3,4.679167,27,1.54583341,0.1707905,0.2117390,0.2950912
3,4.683333,27,1.54687508,0.1708254,0.2117416,0.2951269
3,4.687500,27,1.54791675,0.1708617,0.2117456,0.2951641
3,4.691667,27,1.54895841,0.1709042,0.2117558,0.2952076
3,4.695833,27,1.55000008,0.1709478,0.2117673,0.2952525
3,4.700000,27,1.55104175,0.1709964,0.2117836,0.2953024
3,4.704167,27,1.55208341,0.1710456,0.2118008,0.2953532
3,4.708333,27,1.55312508,0.1710984,0.2118212,0.2954076
3,4.712500,27,1.55416675,0.1710335,0.2117243,0.2953447
3,4.716667,27,1.55520841,0.1710751,0.2117337,0.2953882
3,4.720833,27,1.55625008,0.1711167,0.2117432,0.2954320
3,4.725000,27,1.55729175,0.1711597,0.2117539,0.2954771
3,4.729167,27,1.55833341,0.1712026,0.2117648,0.2955225
3,4.733333,27,1.55937508,0.1712461,0.2117759,0.2955683
3,4.737500,27,1.56041675,0.1712895,0.2117872,0.2956143
3,4.741667,27,1.56145841,0.1713325,0.2117979,0.2956600
3,4.745833,27,1.56250008,0.1713756,0.2118087,0.2957056
3,4.750000,27,1.56354175,0.1714175,0.2118181,0.2957502
3,4.754167,27,1.56458341,0.1714593,0.2118275,0.2957948
3,4.758333,27,1.56562508,0.1714993,0.2118348,0.2958375
3,4.762500,27,1.56666675,0.1715393,0.2118421,0.2958802
3,4.766667,27,1.56770842,0.1715769,0.2118467,0.2959203
3,4.770833,27,1.56875008,0.1716144,0.2118513,0.2959605
3,4.775000,27,1.56979175,0.1716490,0.2118527,0.2959977
3,4.779167,27,1.57083342,0.1716837,0.2118540,0.2960350
3,4.783333,27,1.57187508,0.1717150,0.2118519,0.2960688
3,4.787500,27,1.57291675,0.1717463,0.2118496,0.2961025
3,4.791667,27,1.57395842,0.1717741,0.2118436,0.2961326
3,4.795833,27,1.57500008,0.1718019,0.2118374,0.2961627
3,4.800000,27,1.57604175,0.1718261,0.2118272,0.2961889
3,4.804167,27,1.57708342,0.1718502,0.2118170,0.2962150
3,4.808333,27,1.57812508,0.1718706,0.2118027,0.2962372
3,4.812500,27,1.57916675,0.1718911,0.2117883,0.2962595
3,4.816667,27,1.58020842,0.1719079,0.2117700,0.2962779
3,4.820833,27,1.58125008,0.1719248,0.2117515,0.2962960
3,4.825000,27,1.58229175,0.1719382,0.2117293,0.2963107
3,4.829167,27,1.58333342,0.1719516,0.2117070,0.2963252
3,4.833333,27,1.58437508,0.1719618,0.2116811,0.2963364
3,4.837500,27,1.58541675,0.1719719,0.2116550,0.2963473
3,4.841667,27,1.58645842,0.1719792,0.2116257,0.2963552
3,4.845833,27,1.58750008,0.1719865,0.2115962,0.2963630
3,4.850000,27,1.58854175,0.1719913,0.2115641,0.2963680
3,4.854167,27,1.58958342,0.1719960,0.2115317,0.2963731
3,4.858333,27,1.59062508,0.1719986,0.2114969,0.2963757
3,4.862500,27,1.59166675,0.1720013,0.2114620,0.2963783
3,4.866667,27,1.59270842,0.1720023,0.2114251,0.2963791
3,4.870833,27,1.59375008,0.1720032,0.2113882,0.2963797
3,4.875000,27,1.59479175,0.1720030,0.2113499,0.2963791
3,4.879167,27,1.59583342,0.1720029,0.2113116,0.2963786
3,4.883333,27,1.59687508,0.1720021,0.2112724,0.2963771
3,4.887500,27,1.59791675,0.1720013,0.2112331,0.2963756
3,4.891667,27,1.59895842,0.1720006,0.2111939,0.2963743
3,4.895833,22,1.60000008,0.1720000,0.2111546,0.2963730
3,4.900000,22,1.60104175,0.1720000,0.2111534,0.2963718
3,4.904167,22,1.60208342,0.1720000,0.2111522,0.2963707
3,4.908333,22,1.60312508,0.1720000,0.2111509,0.2963694
3,4.912500,22,1.60416675,0.1720000,0.2111494,0.2963682
3,4.916667,22,1.60520842,0.1720000,0.2111477,0.2963670
3,4.920833,22,1.60625008,0.1720000,0.2111455,0.2963659
3,4.925000,22,1.60729175,0.1720000,0.2111428,0.2963647
3,4.929167,22,1.60833342,0.1720000,0.2111393,0.2963636
3,4.933333,22,1.60937508,0.1720000,0.2111349,0.2963625
3,4.937500,22,1.61041675,0.1720000,0.2111294,0.2963613
3,4.941667,22,1.61145842,0.1720000,0.2111225,0.2963603
3,4.945833,22,1.61250008,0.1720000,0.2111142,0.2963592
3,4.950000,22,1.61354175,0.1720000,0.2111042,0.2963582
3,4.954167,22,1.61458342,0.1720000,0.2110922,0.2963572
3,4.958333,22,1.61562508,0.1720000,0.2110783,0.2963563
3,4.962500,22,1.61666675,0.1720000,0.2110621,0.2963553
3,4.966667,22,1.61770842,0.1720000,0.2110436,0.2963544
3,4.970833,22,1.61875008,0.1720000,0.2110225,0.2963535
3,4.975000,22,1.61979175,0.1720000,0.2109988,0.2963528
3,4.979167,22,1.62083342,0.1720000,0.2109723,0.2963520
3,4.983333,22,1.62187508,0.1720000,0.2109431,0.2963514
3,4.987500,22,1.62291675,0.1720000,0.2109110,0.2963507
3,4.991667,22,1.62395842,0.1720000,0.2108759,0.2963502
3,4.995833,22,1.62500008,0.1720000,0.2108378,0.2963495
4,0.000000,26,0.50104169,0.1720000,0.2143420,0.2964405
4,0.004167,26,0.50208336,0.1720000,0.2143168,0.2964400
4,0.008333,26,0.50312503,0.1720000,0.2142909,0.2964391
4,0.012500,26,0.50416669,0.1720000,0.2142649,0.2964384
4,0.016667,26,0.50520836,0.1720000,0.2142384,0.2964373
4,0.020833,26,0.50625003,0.1720000,0.2142118,0.2964363
4,0.025000,26,0.50729169,0.1720000,0.2141845,0.2964348
4,0.029167,26,0.50833336,0.1720001,0.2141570,0.2964335
4,0.033333,26,0.50937503,0.1720001,0.2141289,0.2964318
4,0.037500,26,0.51041669,0.1720002,0.2141006,0.2964301
4,0.041667,26,0.51145836,0.1720002,0.2140716,0.2964280
4,0.045833,26,0.51250003,0.1720001,0.2140424,0.2964259
4,0.050000,26,0.51354169,0.1720000,0.2140124,0.2964231
4,0.054167,26,0.51458336,0.1719997,0.2139820,0.2964202
4,0.058333,26,0.51562503,0.1719992,0.2139508,0.2964167
4,0.062500,26,0.51666669,0.1719984,0.2139192,0.2964130
4,0.066667,26,0.51770836,0.1719972,0.2138866,0.2964085
4,0.070833,26,0.51875003,0.1719958,0.2138535,0.2964037
4,0.075000,26,0.51979169,0.1719935,0.2138191,0.2963978
4,0.079167,26,0.52083336,0.1719908,0.2137841,0.2963915
4,0.083333,26,0.52187503,0.1719871,0.2137475,0.2963839
4,0.087500,26,0.52291669,0.1719828,0.2137102,0.2963758
4,0.091667,26,0.52395836,0.1719771,0.2136711,0.2963659
4,0.095833,26,0.52500003,0.1719707,0.2136311,0.2963554
4,0.100000,26,0.52604169,0.1719626,0.2135890,0.2963430
4,0.104167,26,0.52708336,0.1719535,0.2135458,0.2963298
4,0.108333,26,0.52812503,0.1719424,0.2135004,0.2963144
4,0.112500,26,0.52916669,0.1719302,0.2134538,0.2962981
4,0.116667,26,0.53020836,0.1719159,0.2134046,0.2962795
4,0.120833,26,0.53125003,0.1719003,0.2133542,0.2962597
4,0.125000,26,0.53229169,0.1718823,0.2133012,0.2962375
4,0.129167,26,0.53333336,0.1718631,0.2132470,0.2962142
4,0.133333,26,0.53437503,0.1718415,0.2131901,0.2961885
4,0.137500,26,0.53541669,0.1718185,0.2131320,0.2961617
4,0.141667,26,0.53645836,0.1717934,0.2130714,0.2961326
4,0.145833,26,0.53750003,0.1717670,0.2130097,0.2961026
4,0.150000,26,0.53854169,0.1717387,0.2129459,0.2960707
4,0.154167,26,0.53958336,0.1717092,0.2128812,0.2960380
4,0.158333,26,0.54062503,0.1716783,0.2128147,0.2960038
4,0.162500,26,0.54166669,0.1716464,0.2127476,0.2959688
4,0.166667,26,0.54270836,0.1716138,0.2126794,0.2959331
4,0.170833,26,0.54375003,0.1715804,0.2126108,0.2958971
4,0.175000,26,0.54479170,0.1715470,0.2125420,0.2958611
4,0.179167,26,0.54583336,0.1715132,0.2124731,0.2958251
4,0.183333,26,0.54687503,0.1714801,0.2124047,0.2957899
4,0.187500,26,0.54791670,0.1714471,0.2123367,0.2957550
4,0.191667,26,0.54895836,0.1714156,0.2122700,0.2957216
4,0.195833,26,0.55000003,0.1713845,0.2122040,0.2956892
4,0.200000,26,0.55104170,0.1713558,0.2121402,0.2956591
4,0.204167,26,0.55208336,0.1713277,0.2120773,0.2956299
4,0.208333,26,0.55312503,0.1713029,0.2120176,0.2956041
4,0.212500,26,0.55416670,0.1712789,0.2119588,0.2955793
4,0.216667,26,0.55520836,0.1712588,0.2119039,0.2955587
4,0.220833,26,0.55625003,0.1712395,0.2118499,0.2955391
4,0.225000,26,0.55729170,0.1712248,0.2118004,0.2955241
4,0.229167,26,0.55833336,0.1712108,0.2117517,0.2955101
4,0.233333,26,0.55937503,0.1712016,0.2117077,0.2955009
4,0.237500,26,0.56041670,0.1711930,0.2116643,0.2954924
4,0.241667,26,0.56145836,0.1711893,0.2116257,0.2954887
4,0.245833,26,0.56250003,0.1711857,0.2115873,0.2954856
4,0.250000,26,0.56354170,0.1711869,0.2115534,0.2954869
4,0.254167,26,0.56458336,0.1711881,0.2115195,0.2954884
4,0.258333,26,0.56562503,0.1711942,0.2114903,0.2954949
4,0.262500,26,0.56666670,0.1712002,0.2114610,0.2955013
4,0.266667,26,0.56770836,0.1712111,0.2114363,0.2955126
4,0.270833,26,0.56875003,0.1712219,0.2114117,0.2955239
4,0.275000,26,0.56979170,0.1712374,0.2113914,0.2955397
4,0.279167,26,0.57083336,0.1712528,0.2113712,0.2955558
4,0.283333,26,0.57187503,0.1712727,0.2113552,0.2955762
4,0.287500,26,0.57291670,0.1712925,0.2113393,0.2955967
4,0.291667,26,0.57395836,0.1713163,0.2113270,0.2956212
4,0.295833,26,0.57500003,0.1713400,0.2113148,0.2956460
4,0.300000,26,0.57604170,0.1713671,0.2113058,0.2956741
4,0.304167,26,0.57708336,0.1713942,0.2112968,0.2957022
4,0.308333,26,0.57812503,0.1714240,0.2112904,0.2957332
4,0.312500,26,0.57916670,0.1714538,0.2112839,0.2957642
4,0.316667,26,0.58020836,0.1714855,0.2112792,0.2957971
4,0.320833,26,0.58125003,0.1715171,0.2112745,0.2958303
4,0.325000,26,0.58229170,0.1715498,0.2112707,0.2958647
4,0.329167,26,0.58333336,0.1715824,0.2112670,0.2958994
4,0.333333,26,0.58437503,0.1716151,0.2112631,0.2959340
4,0.337500,26,0.58541670,0.1716478,0.2112593,0.2959688
4,0.341667,26,0.58645836,0.1716796,0.2112545,0.2960029
4,0.345833,26,0.58750003,0.1717114,0.2112498,0.2960373
4,0.350000,26,0.58854170,0.1717413,0.2112430,0.2960699
4,0.354167,26,0.58958336,0.1717712,0.2112364,0.2961029
4,0.358333,26,0.59062503,0.1717983,0.2112269,0.2961334
4,0.362500,26,0.59166670,0.1718254,0.2112174,0.2961641
4,0.366667,26,0.59270836,0.1718489,0.2112043,0.2961916
4,0.370833,26,0.59375003,0.1718723,0.2111912,0.2962193
4,0.375000,26,0.59479170,0.1718913,0.2111737,0.2962428
4,0.379167,26,0.59583336,0.1719103,0.2111562,0.2962666
4,0.383333,26,0.59687503,0.1719243,0.2111337,0.2962857
4,0.387500,26,0.59791670,0.1719383,0.2111112,0.2963054
4,0.391667,26,0.59895836,0.1719469,0.2110834,0.2963202
4,0.395833,26,0.60000003,0.1719554,0.2110558,0.2963356
4,0.400000,26,0.60104170,0.1719583,0.2110225,0.2963456
4,0.404167,26,0.60208336,0.1719612,0.2109893,0.2963562
4,0.408333,26,0.60312503,0.1719584,0.2109504,0.2963613
4,0.412500,26,0.60416670,0.1719557,0.2109116,0.2963671
4,0.416667,26,0.60520836,0.1719475,0.2108675,0.2963681
4,0.420833,26,0.60625003,0.1719394,0.2108236,0.2963700
4,0.425000,26,0.60729170,0.1719263,0.2107749,0.2963675
4,0.429167,26,0.60833337,0.1719133,0.2107266,0.2963662
4,0.433333,26,0.60937503,0.1718961,0.2106741,0.2963614
4,0.437500,26,0.61041670,0.1718789,0.2106217,0.2963569
4,0.441667,26,0.61145837,0.1718586,0.2105664,0.2963503
4,0.445833,26,0.61250003,0.1718383,0.2105112,0.2963443
4,0.450000,26,0.61354170,0.1718161,0.2104543,0.2963373
4,0.454167,26,0.61458337,0.1717938,0.2103976,0.2963315
4,0.458333,26,0.61562503,0.1717711,0.2103407,0.2963263
4,0.462500,26,0.61666670,0.1717484,0.2102842,0.2963226
4,0.466667,26,0.61770837,0.1717269,0.2102290,0.2963211
4,0.470833,26,0.61875003,0.1717053,0.2101740,0.2963203
4,0.475000,26,0.61979170,0.1716866,0.2101222,0.2963236
4,0.479167,26,0.62083337,0.1716679,0.2100705,0.2963279
4,0.483333,26,0.62187503,0.1716538,0.2100238,0.2963382
4,0.487500,26,0.62291670,0.1716398,0.2099775,0.2963500
4,0.491667,26,0.62395837,0.1716323,0.2099381,0.2963700
4,0.495833,26,0.62500003,0.1716247,0.2098992,0.2963920
4,0.500000,26,0.62604170,0.1716255,0.2098690,0.2964237
4,0.504167,26,0.62708337,0.1716263,0.2098390,0.2964567
4,0.508333,26,0.62812503,0.1716372,0.2098195,0.2965014
4,0.512500,26,0.62916670,0.1716480,0.2098003,0.2965474
4,0.516667,26,0.63020837,0.1716706,0.2097933,0.2966070
4,0.520833,26,0.63125003,0.1716931,0.2097869,0.2966688
4,0.525000,26,0.63229170,0.1717289,0.2097941,0.2967460
4,0.529167,26,0.63333337,0.1717646,0.2098019,0.2968257
4,0.533333,26,0.63437503,0.1718147,0.2098247,0.2969219
4,0.537500,26,0.63541670,0.1718648,0.2098479,0.2970198
4,0.541667,26,0.63645837,0.1719303,0.2098871,0.2971351
4,0.545833,26,0.63750003,0.1719958,0.2099267,0.2972527
4,0.550000,26,0.63854170,0.1720775,0.2099831,0.2973887
4,0.554167,26,0.63958337,0.1721592,0.2100402,0.2975276
4,0.558333,26,0.64062503,0.1722575,0.2101147,0.2976861
4,0.562500,26,0.64166670,0.1723559,0.2101901,0.2978479
4,0.566667,26,0.64270837,0.1724710,0.2102829,0.2980290
4,0.570833,26,0.64375003,0.1725863,0.2103764,0.2982128
4,0.575000,26,0.64479170,0.1727182,0.2104874,0.2984157
4,0.579167,26,0.64583337,0.1728502,0.2105990,0.2986216
4,0.583333,26,0.64687503,0.1729988,0.2107281,0.2988472
4,0.587500,26,0.64791670,0.1731474,0.2108580,0.2990765
4,0.591667,26,0.64895837,0.1733121,0.2110050,0.2993253
4,0.595833,26,0.65000003,0.1734768,0.2111531,0.2995783
4,0.600000,26,0.65104170,0.1736570,0.2113175,0.2998504
4,0.604167,26,0.65208337,0.1738372,0.2114828,0.3001253
4,0.608333,26,0.65312503,0.1740323,0.2116637,0.3004183
4,0.612500,26,0.65416670,0.1742274,0.2118456,0.3007152
4,0.616667,26,0.65520837,0.1744367,0.2120427,0.3010300
4,0.620833,26,0.65625003,0.1746460,0.2122409,0.3013491
4,0.625000,26,0.65729170,0.1748688,0.2124537,0.3016862
4,0.629167,26,0.65833337,0.1750917,0.2126679,0.3020282
4,0.633333,26,0.65937503,0.1753275,0.2128961,0.3023874
4,0.637500,26,0.66041670,0.1755632,0.2131252,0.3027504
4,0.641667,26,0.66145837,0.1758116,0.2133680,0.3031298
4,0.645833,26,0.66250003,0.1760599,0.2136119,0.3035137
4,0.650000,26,0.66354170,0.1763206,0.2138693,0.3039145
4,0.654167,26,0.66458337,0.1765814,0.2141281,0.3043205
4,0.658333,26,0.66562503,0.1768545,0.2144007,0.3047442
4,0.662500,26,0.66666670,0.1771276,0.2146748,0.3051735
4,0.666667,26,0.66770837,0.1774135,0.2149629,0.3056206
4,0.670833,26,0.66875003,0.1776994,0.2152521,0.3060721
4,0.675000,26,0.66979170,0.1779985,0.2155559,0.3065417
4,0.679167,26,0.67083337,0.1782977,0.2158610,0.3070164
4,0.683333,26,0.67187504,0.1786110,0.2161818,0.3075106
4,0.687500,26,0.67291670,0.1789243,0.2165041,0.3080106
4,0.691667,26,0.67395837,0.1792529,0.2168432,0.3085319
4,0.695833,26,0.67500004,0.1795815,0.2171840,0.3090596
4,0.700000,26,0.67604170,0.1799267,0.2175427,0.3096094
4,0.704167,26,0.67708337,0.1802719,0.2179029,0.3101642
4,0.708333,26,0.67812504,0.1806351,0.2182826,0.3107429
4,0.712500,26,0.67916670,0.1809983,0.2186637,0.3113269
4,0.716667,26,0.68020837,0.1813811,0.2190660,0.3119366
4,0.720833,26,0.68125004,0.1817639,0.2194699,0.3125525
4,0.725000,26,0.68229170,0.1821678,0.2198968,0.3131962
4,0.729167,26,0.68333337,0.1825717,0.2203254,0.3138467
4,0.733333,26,0.68437504,0.1829982,0.2207784,0.3145261
4,0.737500,26,0.68541670,0.1834247,0.2212329,0.3152112
4,0.741667,26,0.68645837,0.1838750,0.2217126,0.3159259
4,0.745833,26,0.68750004,0.1843253,0.2221941,0.3166467
4,0.750000,26,0.68854170,0.1848004,0.2227022,0.3173991
4,0.754167,26,0.68958337,0.1852756,0.2232119,0.3181577
4,0.758333,26,0.69062504,0.1857761,0.2237490,0.3189487
4,0.762500,26,0.69166670,0.1862768,0.2242881,0.3197471
4,0.766667,26,0.69270837,0.1868030,0.2248545,0.3205775
4,0.770833,26,0.69375004,0.1873293,0.2254225,0.3214139
4,0.775000,26,0.69479170,0.1878809,0.2260176,0.3222819
4,0.779167,26,0.69583337,0.1884325,0.2266143,0.3231560
4,0.783333,26,0.69687504,0.1890087,0.2272374,0.3240613
4,0.787500,26,0.69791670,0.1895849,0.2278624,0.3249735
4,0.791667,26,0.69895837,0.1901842,0.2285124,0.3259155
4,0.795833,26,0.70000004,0.1907836,0.2291643,0.3268646
4,0.800000,26,0.70104170,0.1914042,0.2298392,0.3278416
4,0.804167,26,0.70208337,0.1920248,0.2305158,0.3288243
4,0.808333,26,0.70312504,0.1926642,0.2312129,0.3298321
4,0.812500,26,0.70416670,0.1933037,0.2319118,0.3308462
4,0.816667,26,0.70520837,0.1939591,0.2326284,0.3318824
4,0.820833,26,0.70625004,0.1946146,0.2333467,0.3329251
4,0.825000,26,0.70729170,0.1952828,0.2340796,0.3339870
4,0.829167,26,0.70833337,0.1959510,0.2348143,0.3350553
4,0.833333,26,0.70937504,0.1966283,0.2355600,0.3361391
4,0.837500,26,0.71041670,0.1973058,0.2363072,0.3372287
4,0.841667,26,0.71145837,0.1979889,0.2370619,0.3383295
4,0.845833,26,0.71250004,0.1986719,0.2378180,0.3394360
4,0.850000,26,0.71354170,0.1993570,0.2385778,0.3405502
4,0.854167,26,0.71458337,0.2000421,0.2393391,0.3416699
4,0.858333,26,0.71562504,0.2007257,0.2401006,0.3427938
4,0.862500,26,0.71666670,0.2014093,0.2408638,0.3439234
4,0.866667,26,0.71770837,0.2020881,0.2416237,0.3450534
4,0.870833,26,0.71875004,0.2027670,0.2423851,0.3461885
4,0.875000,26,0.71979170,0.2034384,0.2431405,0.3473211
4,0.879167,26,0.72083337,0.2041098,0.2438974,0.3484583
4,0.883333,26,0.72187504,0.2047715,0.2446458,0.3495905
4,0.887500,26,0.72291670,0.2054332,0.2453957,0.3507271
4,0.891667,26,0.72395837,0.2060834,0.2461354,0.3518566
4,0.895833,26,0.72500004,0.2067338,0.2468765,0.3529905
4,0.900000,26,0.72604170,0.2073718,0.2476066,0.3541163
4,0.904167,26,0.72708337,0.2080098,0.2483379,0.3552459
4,0.908333,26,0.72812504,0.2086353,0.2490579,0.3563668
4,0.912500,26,0.72916670,0.2092609,0.2497789,0.3574910
4,0.916667,26,0.73020837,0.2098745,0.2504891,0.3586066
4,0.920833,26,0.73125004,0.2104881,0.2512004,0.3597252
4,0.925000,26,0.73229170,0.2110910,0.2519019,0.3608357
4,0.929167,26,0.73333337,0.2116938,0.2526042,0.3619487
4,0.933333,26,0.73437504,0.2122879,0.2532986,0.3630556
4,0.937500,26,0.73541671,0.2128820,0.2539940,0.3641650
4,0.941667,26,0.73645837,0.2134696,0.2546836,0.3652699
4,0.945833,26,0.73750004,0.2140573,0.2553741,0.3663767
4,0.950000,26,0.73854171,0.2146412,0.2560615,0.3674813
4,0.954167,26,0.73958337,0.2152251,0.2567493,0.3685871
4,0.958333,26,0.74062504,0.2158082,0.2574370,0.3696930
4,0.962500,26,0.74166671,0.2163914,0.2581250,0.3707994
4,0.966667,26,0.74270837,0.2169766,0.2588156,0.3719086
4,0.970833,26,0.74375004,0.2175618,0.2595067,0.3730188
4,0.975000,26,0.74479171,0.2181519,0.2602030,0.3741342
4,0.979167,26,0.74583337,0.2187419,0.2608996,0.3752496
4,0.983333,26,0.74687504,0.2193390,0.2616034,0.3763716
4,0.987500,26,0.74791671,0.2199361,0.2623073,0.3774928
4,0.991667,26,0.74895837,0.2205419,0.2630199,0.3786215
4,0.995833,26,0.75000004,0.2211477,0.2637323,0.3797486
4,1.000000,26,0.75104171,0.2217630,0.2644543,0.3808843
4,1.004167,26,0.75208337,0.2223783,0.2651764,0.3820190
4,1.008333,26,0.75312504,0.2230030,0.2659078,0.3831617
4,1.012500,26,0.75416671,0.2236277,0.2666389,0.3843024
4,1.016667,26,0.75520837,0.2242604,0.2673779,0.3854489
4,1.020833,26,0.75625004,0.2248932,0.2681165,0.3865927
4,1.025000,26,0.75729171,0.2255318,0.2688603,0.3877390
4,1.029167,26,0.75833337,0.2261703,0.2696034,0.3888820
4,1.033333,26,0.75937504,0.2268110,0.2703483,0.3900242
4,1.037500,26,0.76041671,0.2274517,0.2710928,0.3911634
4,1.041667,26,0.76145837,0.2280899,0.2718344,0.3922973
4,1.045833,26,0.76250004,0.2287281,0.2725751,0.3934274
4,1.050000,26,0.76354171,0.2293581,0.2733071,0.3945453
4,1.054167,26,0.76458337,0.2299881,0.2740381,0.3956585
4,1.058333,26,0.76562504,0.2306033,0.2747533,0.3967524
4,1.062500,26,0.76666671,0.2312185,0.2754676,0.3978410
4,1.066667,26,0.76770837,0.2318116,0.2761588,0.3989027
4,1.070833,26,0.76875004,0.2324047,0.2768492,0.3999603
4,1.075000,26,0.76979171,0.2329681,0.2775090,0.4009836
4,1.079167,26,0.77083337,0.2335315,0.2781678,0.4020018
4,1.083333,26,0.77187504,0.2340574,0.2787879,0.4029770
4,1.087500,26,0.77291671,0.2345833,0.2794068,0.4039463
4,1.091667,26,0.77395837,0.2350640,0.2799793,0.4048641
4,1.095833,26,0.77500004,0.2355448,0.2805502,0.4057755
4,1.100000,26,0.77604171,0.2359734,0.2810679,0.4066288
4,1.104167,26,0.77708337,0.2364020,0.2815843,0.4074767
4,1.108333,26,0.77812504,0.2367723,0.2820414,0.4082607
4,1.112500,26,0.77916671,0.2371425,0.2824970,0.4090384
4,1.116667,26,0.78020837,0.2374495,0.2828880,0.4097466
4,1.120833,26,0.78125004,0.2377565,0.2832774,0.4104478
4,1.125000,26,0.78229171,0.2379967,0.2835985,0.4110750
4,1.129167,26,0.78333337,0.2382368,0.2839179,0.4116949
4,1.133333,26,0.78437504,0.2384084,0.2841673,0.4122397
4,1.137500,26,0.78541671,0.2385800,0.2844153,0.4127783
4,1.141667,26,0.78645837,0.2386833,0.2845936,0.4132425
4,1.145833,26,0.78750004,0.2387865,0.2847703,0.4136997
4,1.150000,26,0.78854171,0.2388235,0.2848794,0.4140840
4,1.154167,26,0.78958337,0.2388605,0.2849867,0.4144609
4,1.158333,26,0.79062504,0.2388357,0.2850305,0.4147685
4,1.162500,26,0.79166671,0.2388108,0.2850725,0.4150685
4,1.166667,26,0.79270837,0.2387305,0.2850575,0.4153059
4,1.170833,26,0.79375004,0.2386501,0.2850410,0.4155372
4,1.175000,26,0.79479171,0.2385226,0.2849761,0.4157152
4,1.179167,26,0.79583337,0.2383952,0.2849095,0.4158863
4,1.183333,26,0.79687504,0.2382307,0.2848045,0.4160134
4,1.187500,26,0.79791671,0.2380662,0.2846976,0.4161334
4,1.191667,26,0.79895838,0.2378764,0.2845638,0.4162209
4,1.195833,26,0.80000004,0.2376865,0.2844282,0.4163008
4,1.200000,26,0.80104171,0.2374841,0.2842784,0.4163615
4,1.204167,26,0.80208338,0.2372817,0.2841274,0.4164163
4,1.208333,26,0.80312504,0.2370805,0.2839761,0.4164662
4,1.212500,26,0.80416671,0.2368793,0.2838233,0.4165096
4,1.216667,26,0.80520838,0.2366931,0.2836841,0.4165617
4,1.220833,26,0.80625004,0.2365069,0.2835433,0.4166075
4,1.225000,26,0.80729171,0.2363498,0.2834302,0.4166755
4,1.229167,26,0.80833338,0.2361926,0.2833154,0.4167368
4,1.233333,26,0.80937504,0.2360780,0.2832416,0.4168346
4,1.237500,26,0.81041671,0.2359633,0.2831665,0.4169268
4,1.241667,26,0.81145838,0.2359035,0.2831450,0.4170687
4,1.245833,26,0.81250004,0.2358436,0.2831223,0.4172049
4,1.250000,26,0.81354171,0.2358496,0.2831642,0.4174016
4,1.254167,26,0.81458338,0.2358556,0.2832046,0.4175923
4,1.258333,26,0.81562504,0.2359368,0.2833189,0.4178527
4,1.262500,26,0.81666671,0.2360179,0.2834317,0.4181071
4,1.266667,26,0.81770838,0.2361811,0.2836255,0.4184385
4,1.270833,26,0.81875004,0.2363444,0.2838183,0.4187656
4,1.275000,26,0.81979171,0.2365946,0.2840971,0.4191751
4,1.279167,26,0.82083338,0.2368447,0.2843747,0.4195799
4,1.283333,26,0.82187504,0.2371841,0.2847404,0.4200695
4,1.287500,26,0.82291671,0.2375235,0.2851050,0.4205543
4,1.291667,26,0.82395838,0.2379516,0.2855574,0.4211233
4,1.295833,26,0.82500004,0.2383798,0.2860086,0.4216874
4,1.300000,26,0.82604171,0.2388938,0.2865448,0.4223334
4,1.304167,26,0.82708338,0.2394077,0.2870801,0.4229758
4,1.308333,26,0.82812504,0.2400021,0.2876950,0.4236952
4,1.312500,26,0.82916671,0.2405965,0.2883090,0.4244111
4,1.316667,26,0.83020838,0.2412635,0.2889950,0.4251962
4,1.320833,26,0.83125004,0.2419306,0.2896802,0.4259776
4,1.325000,26,0.83229171,0.2426605,0.2904274,0.4268183
4,1.329167,26,0.83333338,0.2433904,0.2911738,0.4276553
4,1.333333,26,0.83437504,0.2441716,0.2919709,0.4285406
4,1.337500,26,0.83541671,0.2449529,0.2927674,0.4294236
4,1.341667,26,0.83645838,0.2457729,0.2936020,0.4303427
4,1.345833,26,0.83750004,0.2465928,0.2944361,0.4312592
4,1.350000,26,0.83854171,0.2474377,0.2952946,0.4321982
4,1.354167,26,0.83958338,0.2482826,0.2961525,0.4331346
4,1.358333,26,0.84062504,0.2491384,0.2970207,0.4340792
4,1.362500,26,0.84166671,0.2499941,0.2978883,0.4350210
4,1.366667,26,0.84270838,0.2508467,0.2987523,0.4359576
4,1.370833,26,0.84375004,0.2516992,0.2996159,0.4368924
4,1.375000,26,0.84479171,0.2525349,0.3004624,0.4378088
4,1.379167,26,0.84583338,0.2533706,0.3013085,0.4387236
4,1.383333,26,0.84687504,0.2541768,0.3021246,0.4396070
4,1.387500,26,0.84791671,0.2549829,0.3029404,0.4404886
4,1.391667,26,0.84895838,0.2557479,0.3037147,0.4413274
4,1.395833,26,0.85000004,0.2565129,0.3044887,0.4421641
4,1.400000,26,0.85104171,0.2572267,0.3052112,0.4429484
4,1.404167,26,0.85208338,0.2579405,0.3059336,0.4437316
4,1.408333,26,0.85312504,0.2585950,0.3065964,0.4444544
4,1.412500,26,0.85416671,0.2592495,0.3072591,0.4451762
4,1.416667,26,0.85520838,0.2598383,0.3078559,0.4458313
4,1.420833,26,0.85625004,0.2604271,0.3084525,0.4464852
4,1.425000,26,0.85729171,0.2609459,0.3089790,0.4470679
4,1.429167,26,0.85833338,0.2614647,0.3095052,0.4476494
4,1.433333,26,0.85937504,0.2619114,0.3099591,0.4481579
4,1.437500,26,0.86041671,0.2623580,0.3104129,0.4486655
4,1.441667,26,0.86145838,0.2627322,0.3107942,0.4491003
4,1.445833,26,0.86250004,0.2631063,0.3111754,0.4495342
4,1.450000,26,0.86354171,0.2634096,0.3114857,0.4498970
4,1.454167,26,0.86458338,0.2637128,0.3117958,0.4502589
4,1.458333,26,0.86562505,0.2639483,0.3120382,0.4505523
4,1.462500,26,0.86666671,0.2641838,0.3122804,0.4508446
4,1.466667,26,0.86770838,0.2643562,0.3124595,0.4510733
4,1.470833,26,0.86875005,0.2645285,0.3126385,0.4513016
4,1.475000,26,0.86979171,0.2646435,0.3127601,0.4514725
4,1.479167,26,0.87083338,0.2647584,0.3128818,0.4516429
4,1.483333,26,0.87187505,0.2648224,0.3129525,0.4517620
4,1.487500,26,0.87291671,0.2648865,0.3130232,0.4518805
4,1.491667,26,0.87395838,0.2649067,0.3130500,0.4519548
4,1.495833,26,0.87500005,0.2649268,0.3130768,0.4520283
4,1.500000,26,0.87604171,0.2649104,0.3130669,0.4520647
4,1.504167,26,0.87708338,0.2648939,0.3130571,0.4521011
4,1.508333,26,0.87812505,0.2648480,0.3130178,0.4521078
4,1.512500,26,0.87916671,0.2648021,0.3129785,0.4521142
4,1.516667,26,0.88020838,0.2647335,0.3129165,0.4520977
4,1.520833,26,0.88125005,0.2646649,0.3128546,0.4520806
4,1.525000,26,0.88229171,0.2645798,0.3127761,0.4520467
4,1.529167,26,0.88333338,0.2644948,0.3126977,0.4520124
4,1.533333,26,0.88437505,0.2643988,0.3126084,0.4519667
4,1.537500,26,0.88541671,0.2643028,0.3125190,0.4519209
4,1.541667,26,0.88645838,0.2642004,0.3124233,0.4518684
4,1.545833,26,0.88750005,0.2640980,0.3123276,0.4518160
4,1.550000,26,0.88854171,0.2639928,0.3122292,0.4517603
4,1.554167,26,0.88958338,0.2638878,0.3121309,0.4517044
4,1.558333,26,0.89062505,0.2637826,0.3120323,0.4516480
4,1.562500,26,0.89166671,0.2636775,0.3119339,0.4515910
4,1.566667,26,0.89270838,0.2635740,0.3118370,0.4515354
4,1.570833,26,0.89375005,0.2634706,0.3117402,0.4514795
4,1.575000,26,0.89479171,0.2633696,0.3116460,0.4514260
4,1.579167,26,0.89583338,0.2632686,0.3115517,0.4513722
4,1.583333,26,0.89687505,0.2631703,0.3114599,0.4513207
4,1.587500,26,0.89791671,0.2630719,0.3113681,0.4512686
4,1.591667,26,0.89895838,0.2629756,0.3112783,0.4512183
4,1.595833,26,0.90000005,0.2628792,0.3111886,0.4511673
4,1.600000,26,0.90104171,0.2627838,0.3110997,0.4511169
4,1.604167,26,0.90208338,0.2626883,0.3110107,0.4510663
4,1.608333,26,0.90312505,0.2625924,0.3109214,0.4510148
4,1.612500,26,0.90416671,0.2624965,0.3108319,0.4509629
4,1.616667,26,0.90520838,0.2623986,0.3107404,0.4509088
4,1.620833,26,0.90625005,0.2623007,0.3106489,0.4508541
4,1.625000,26,0.90729171,0.2621993,0.3105538,0.4507954
4,1.629167,26,0.90833338,0.2620979,0.3104587,0.4507361
4,1.633333,26,0.90937505,0.2619916,0.3103586,0.4506717
4,1.637500,26,0.91041671,0.2618852,0.3102584,0.4506066
4,1.641667,26,0.91145838,0.2617729,0.3101522,0.4505351
4,1.645833,26,0.91250005,0.2616605,0.3100459,0.4504634
4,1.650000,26,0.91354171,0.2615414,0.3099328,0.4503844
4,1.654167,26,0.91458338,0.2614224,0.3098197,0.4503049
4,1.658333,26,0.91562505,0.2612962,0.3096994,0.4502177
4,1.662500,26,0.91666671,0.2611701,0.3095792,0.4501302
4,1.666667,26,0.91770838,0.2610372,0.3094519,0.4500352
4,1.670833,26,0.91875005,0.2609042,0.3093246,0.4499397
4,1.675000,26,0.91979171,0.2607651,0.3091910,0.4498377
4,1.679167,26,0.92083338,0.2606260,0.3090574,0.4497351
4,1.683333,26,0.92187505,0.2604818,0.3089187,0.4496270
4,1.687500,26,0.92291671,0.2603376,0.3087799,0.4495185
4,1.691667,26,0.92395838,0.2601899,0.3086374,0.4494056
4,1.695833,26,0.92500005,0.2600422,0.3084949,0.4492924
4,1.700000,26,0.92604171,0.2598928,0.3083506,0.4491768
4,1.704167,26,0.92708338,0.2597434,0.3082063,0.4490607
4,1.708333,26,0.92812505,0.2595943,0.3080621,0.4489447
4,1.712500,26,0.92916672,0.2594453,0.3079180,0.4488278
4,1.716667,26,0.93020838,0.2592987,0.3077762,0.4487131
4,1.720833,26,0.93125005,0.2591523,0.3076343,0.4485978
4,1.725000,26,0.93229172,0.2590105,0.3074971,0.4484867
4,1.729167,26,0.93333338,0.2588687,0.3073599,0.4483753
4,1.733333,26,0.93437505,0.2587338,0.3072295,0.4482699
4,1.737500,26,0.93541672,0.2585989,0.3070989,0.4481640
4,1.741667,26,0.93645838,0.2584727,0.3069769,0.4480665
4,1.745833,26,0.93750005,0.2583466,0.3068549,0.4479683
4,1.750000,26,0.93854172,0.2582308,0.3067431,0.4478799
4,1.754167,26,0.93958338,0.2581150,0.3066312,0.4477910
4,1.758333,26,0.94062505,0.2580108,0.3065309,0.4477133
4,1.762500,26,0.94166672,0.2579066,0.3064306,0.4476350
4,1.766667,26,0.94270838,0.2578150,0.3063426,0.4475687
4,1.770833,26,0.94375005,0.2577233,0.3062546,0.4475018
4,1.775000,26,0.94479172,0.2576445,0.3061793,0.4474472
4,1.779167,26,0.94583338,0.2575658,0.3061039,0.4473921
4,1.783333,26,0.94687505,0.2574999,0.3060414,0.4473496
4,1.787500,26,0.94791672,0.2574341,0.3059787,0.4473064
4,1.791667,26,0.94895838,0.2573806,0.3059284,0.4472749
4,1.795833,26,0.95000005,0.2573272,0.3058780,0.4472433
4,1.800000,26,0.95104172,0.2572854,0.3058393,0.4472228
4,1.804167,26,0.95208338,0.2572435,0.3058003,0.4472016
4,1.808333,26,0.95312505,0.2572121,0.3057717,0.4471903
4,1.812500,26,0.95416672,0.2571807,0.3057430,0.4471786
4,1.816667,26,0.95520838,0.2571582,0.3057231,0.4471752
4,1.820833,26,0.95625005,0.2571357,0.3057032,0.4471715
4,1.825000,26,0.95729172,0.2571204,0.3056904,0.4471745
4,1.829167,26,0.95833338,0.2571052,0.3056776,0.4471771
4,1.833333,26,0.95937505,0.2570955,0.3056702,0.4471848
4,1.837500,26,0.96041672,0.2570857,0.3056627,0.4471920
4,1.841667,26,0.96145838,0.2570796,0.3056588,0.4472022
4,1.845833,26,0.96250005,0.2570736,0.3056548,0.4472121
4,1.850000,26,0.96354172,0.2570694,0.3056526,0.4472235
4,1.854167,26,0.96458338,0.2570653,0.3056505,0.4472345
4,1.858333,26,0.96562505,0.2570613,0.3056484,0.4472453
4,1.862500,26,0.96666672,0.2570575,0.3056464,0.4472557
4,1.866667,26,0.96770838,0.2570525,0.3056432,0.4472646
4,1.870833,26,0.96875005,0.2570475,0.3056399,0.4472731
4,1.875000,26,0.96979172,0.2570403,0.3056343,0.4472788
4,1.879167,26,0.97083338,0.2570329,0.3056285,0.4472842
4,1.883333,26,0.97187505,0.2570225,0.3056195,0.4472860
4,1.887500,26,0.97291672,0.2570120,0.3056104,0.4472875
4,1.891667,26,0.97395838,0.2569978,0.3055976,0.4472847
4,1.895833,26,0.97500005,0.2569836,0.3055847,0.4472817
4,1.900000,26,0.97604172,0.2569654,0.3055677,0.4472742
4,1.904167,26,0.97708338,0.2569472,0.3055508,0.4472665
4,1.908333,26,0.97812505,0.2569251,0.3055298,0.4472546
4,1.912500,26,0.97916672,0.2569030,0.3055088,0.4472423
4,1.916667,26,0.98020838,0.2568774,0.3054842,0.4472260
4,1.920833,26,0.98125005,0.2568517,0.3054595,0.4472096
4,1.925000,26,0.98229172,0.2568232,0.3054319,0.4471897
4,1.929167,26,0.98333338,0.2567947,0.3054043,0.4471698
4,1.933333,26,0.98437505,0.2567640,0.3053745,0.4471475
4,1.937500,26,0.98541672,0.2567334,0.3053447,0.4471249
4,1.941667,26,0.98645838,0.2567018,0.3053137,0.4471008
4,1.945833,26,0.98750005,0.2566701,0.3052827,0.4470763
4,1.950000,26,0.98854172,0.2566384,0.3052517,0.4470518
4,1.954167,26,0.98958338,0.2566067,0.3052207,0.4470269
4,1.958333,26,0.99062505,0.2565762,0.3051907,0.4470030
4,1.962500,26,0.99166672,0.2565457,0.3051608,0.4469789
4,1.966667,26,0.99270839,0.2565175,0.3051330,0.4469568
4,1.970833,26,0.99375005,0.2564893,0.3051052,0.4469344
4,1.975000,26,0.99479172,0.2564643,0.3050806,0.4469151
4,1.979167,26,0.99583339,0.2564394,0.3050560,0.4468955
4,1.983333,26,0.99687505,0.2564186,0.3050356,0.4468799
4,1.987500,26,0.99791672,0.2563979,0.3050151,0.4468640
4,1.991667,26,0.99895839,0.2563821,0.3049996,0.4468530
4,1.995833,26,1.00000005,0.2563663,0.3049840,0.4468416
4,2.000000,26,1.00104172,0.2563560,0.3049739,0.4468357
4,2.004167,26,1.00208339,0.2563457,0.3049638,0.4468297
4,2.008333,26,1.00312505,0.2563412,0.3049594,0.4468292
4,2.012500,26,1.00416672,0.2563368,0.3049550,0.4468284
4,2.016667,26,1.00520839,0.2563382,0.3049564,0.4468334
4,2.020833,26,1.00625005,0.2563396,0.3049579,0.4468382
4,2.025000,26,1.00729172,0.2563468,0.3049651,0.4468488
4,2.029167,26,1.00833339,0.2563540,0.3049723,0.4468592
4,2.033333,26,1.00937505,0.2563666,0.3049847,0.4468747
4,2.037500,26,1.01041672,0.2563792,0.3049973,0.4468901
4,2.041667,26,1.01145839,0.2563967,0.3050146,0.4469103
4,2.045833,26,1.01250005,0.2564142,0.3050319,0.4469303
4,2.050000,26,1.01354172,0.2564358,0.3050533,0.4469543
4,2.054167,26,1.01458339,0.2564574,0.3050748,0.4469783
4,2.058333,26,1.01562505,0.2564823,0.3050994,0.4470054
4,2.062500,26,1.01666672,0.2565072,0.3051240,0.4470324
4,2.066667,26,1.01770839,0.2565345,0.3051509,0.4470616
4,2.070833,26,1.01875005,0.2565617,0.3051778,0.4470906
4,2.075000,26,1.01979172,0.2565902,0.3052060,0.4471210
4,2.079167,26,1.02083339,0.2566187,0.3052341,0.4471510
4,2.083333,26,1.02187505,0.2566475,0.3052624,0.4471813
4,2.087500,26,1.02291672,0.2566763,0.3052907,0.4472115
4,2.091667,26,1.02395839,0.2567042,0.3053182,0.4472407
4,2.095833,26,1.02500005,0.2567322,0.3053457,0.4472701
4,2.100000,26,1.02604172,0.2567584,0.3053714,0.4472978
4,2.104167,26,1.02708339,0.2567846,0.3053971,0.4473250
4,2.108333,26,1.02812505,0.2568083,0.3054200,0.4473496
4,2.112500,26,1.02916672,0.2568318,0.3054430,0.4473741
4,2.116667,26,1.03020839,0.2568520,0.3054625,0.4473953
4,2.120833,26,1.03125005,0.2568721,0.3054820,0.4474162
4,2.125000,26,1.03229172,0.2568882,0.3054974,0.4474331
4,2.129167,26,1.03333339,0.2569043,0.3055128,0.4474500
4,2.133333,26,1.03437505,0.2569159,0.3055236,0.4474623
4,2.137500,26,1.03541672,0.2569274,0.3055345,0.4474746
4,2.141667,26,1.03645839,0.2569341,0.3055403,0.4474818
4,2.145833,26,1.03750005,0.2569408,0.3055463,0.4474891
4,2.150000,26,1.03854172,0.2569424,0.3055470,0.4474912
4,2.154167,26,1.03958339,0.2569439,0.3055477,0.4474933
4,2.158333,26,1.04062505,0.2569405,0.3055434,0.4474904
4,2.162500,26,1.04166672,0.2569371,0.3055390,0.4474873
4,2.166667,26,1.04270839,0.2569286,0.3055297,0.4474793
4,2.170833,26,1.04375005,0.2569202,0.3055203,0.4474713
4,2.175000,26,1.04479172,0.2569071,0.3055062,0.4474584
4,2.179167,26,1.04583339,0.2568940,0.3054922,0.4474457
4,2.183333,26,1.04687505,0.2568766,0.3054737,0.4474285
4,2.187500,26,1.04791672,0.2568592,0.3054552,0.4474113
4,2.191667,26,1.04895839,0.2568380,0.3054329,0.4473903
4,2.195833,26,1.05000005,0.2568168,0.3054106,0.4473695
4,2.200000,26,1.05104172,0.2567923,0.3053849,0.4473450
4,2.204167,26,1.05208339,0.2567677,0.3053592,0.4473206
4,2.208333,26,1.05312505,0.2567406,0.3053308,0.4472935
4,2.212500,26,1.05416672,0.2567134,0.3053025,0.4472665
4,2.216667,26,1.05520839,0.2566842,0.3052721,0.4472374
4,2.220833,26,1.05625006,0.2566550,0.3052416,0.4472083
4,2.225000,26,1.05729172,0.2566244,0.3052096,0.4471778
4,2.229167,26,1.05833339,0.2565937,0.3051777,0.4471473
4,2.233333,26,1.05937506,0.2565623,0.3051449,0.4471160
4,2.237500,26,1.06041672,0.2565309,0.3051122,0.4470846
4,2.241667,26,1.06145839,0.2564994,0.3050793,0.4470531
4,2.245833,26,1.06250006,0.2564678,0.3050463,0.4470216
4,2.250000,26,1.06354172,0.2564366,0.3050136,0.4469904
4,2.254167,26,1.06458339,0.2564054,0.3049810,0.4469592
4,2.258333,26,1.06562506,0.2563751,0.3049492,0.4469289
4,2.262500,26,1.06666672,0.2563448,0.3049174,0.4468986
4,2.266667,26,1.06770839,0.2563158,0.3048869,0.4468697
4,2.270833,26,1.06875006,0.2562869,0.3048563,0.4468408
4,2.275000,26,1.06979172,0.2562595,0.3048275,0.4468135
4,2.279167,26,1.07083339,0.2562322,0.3047986,0.4467862
4,2.283333,26,1.07187506,0.2562069,0.3047715,0.4467608
4,2.287500,26,1.07291672,0.2561816,0.3047446,0.4467354
4,2.291667,26,1.07395839,0.2561585,0.3047198,0.4467124
4,2.295833,26,1.07500006,0.2561353,0.3046949,0.4466893
4,2.300000,26,1.07604172,0.2561145,0.3046724,0.4466685
4,2.304167,26,1.07708339,0.2560937,0.3046498,0.4466477
4,2.308333,26,1.07812506,0.2560753,0.3046296,0.4466293
4,2.312500,26,1.07916672,0.2560569,0.3046094,0.4466109
4,2.316667,26,1.08020839,0.2560408,0.3045915,0.4465948
4,2.320833,26,1.08125006,0.2560248,0.3045736,0.4465787
4,2.325000,26,1.08229172,0.2560111,0.3045580,0.4465650
4,2.329167,26,1.08333339,0.2559974,0.3045425,0.4465514
4,2.333333,26,1.08437506,0.2559860,0.3045291,0.4465400
4,2.337500,26,1.08541672,0.2559746,0.3045157,0.4465286
4,2.341667,26,1.08645839,0.2559652,0.3045043,0.4465191
4,2.345833,26,1.08750006,0.2559559,0.3044930,0.4465098
4,2.350000,26,1.08854172,0.2559484,0.3044835,0.4465024
4,2.354167,26,1.08958339,0.2559410,0.3044741,0.4464950
4,2.358333,26,1.09062506,0.2559352,0.3044662,0.4464893
4,2.362500,26,1.09166672,0.2559295,0.3044584,0.4464835
4,2.366667,26,1.09270839,0.2559253,0.3044520,0.4464792
4,2.370833,26,1.09375006,0.2559210,0.3044456,0.4464750
4,2.375000,26,1.09479172,0.2559180,0.3044404,0.4464720
4,2.379167,26,1.09583339,0.2559150,0.3044352,0.4464691
4,2.383333,26,1.09687506,0.2559131,0.3044311,0.4464670
4,2.387500,26,1.09791672,0.2559112,0.3044269,0.4464651
4,2.391667,26,1.09895839,0.2559102,0.3044237,0.4464643
4,2.395833,28,1.10000006,0.2559093,0.3044206,0.4464634
4,2.400000,28,1.10104172,0.2559093,0.3044183,0.4464633
4,2.404167,28,1.10208339,0.2559093,0.3044159,0.4464633
4,2.408333,28,1.10312506,0.2559093,0.3044135,0.4464633
4,2.412500,28,1.10416672,0.2559093,0.3044112,0.4464634
4,2.416667,28,1.10520839,0.2559093,0.3044088,0.4464634
4,2.420833,28,1.10625006,0.2559093,0.3044063,0.4464633
4,2.425000,28,1.10729172,0.2559093,0.3044039,0.4464633
4,2.429167,28,1.10833339,0.2559093,0.3044014,0.4464633
4,2.433333,28,1.10937506,0.2559093,0.3043989,0.4464633
4,2.437500,28,1.11041672,0.2559093,0.3043964,0.4464635
4,2.441667,28,1.11145839,0.2559093,0.3043939,0.4464635
4,2.445833,28,1.11250006,0.2559093,0.3043914,0.4464634
4,2.450000,28,1.11354172,0.2559093,0.3043887,0.4464634
4,2.454167,28,1.11458339,0.2559093,0.3043862,0.4464634
4,2.458333,28,1.11562506,0.2559093,0.3043836,0.4464634
4,2.462500,28,1.11666672,0.2559093,0.3043810,0.4464635
4,2.466667,28,1.11770839,0.2559093,0.3043783,0.4464635
4,2.470833,28,1.11875006,0.2559093,0.3043756,0.4464635
4,2.475000,28,1.11979173,0.2559093,0.3043729,0.4464636
4,2.479167,28,1.12083339,0.2559093,0.3043701,0.4464635
4,2.483333,28,1.12187506,0.2559093,0.3043674,0.4464635
4,2.487500,28,1.12291673,0.2559093,0.3043646,0.4464637
4,2.491667,28,1.12395839,0.2559093,0.3043619,0.4464636
4,2.495833,28,1.12500006,0.2559093,0.3043590,0.4464636
4,2.500000,27,1.12604173,0.2559101,0.3043570,0.4464644
4,2.504167,27,1.12708339,0.2559109,0.3043549,0.4464652
4,2.508333,27,1.12812506,0.2559127,0.3043538,0.4464669
4,2.512500,27,1.12916673,0.2559144,0.3043526,0.4464687
4,2.516667,27,1.13020839,0.2559171,0.3043525,0.4464713
4,2.520833,27,1.13125006,0.2559199,0.3043522,0.4464741
4,2.525000,27,1.13229173,0.2559239,0.3043533,0.4464781
4,2.529167,27,1.13333339,0.2559279,0.3043543,0.4464822
4,2.533333,27,1.13437506,0.2559334,0.3043568,0.4464877
4,2.537500,27,1.13541673,0.2559389,0.3043593,0.4464931
4,2.541667,27,1.13645839,0.2559461,0.3043635,0.4465004
4,2.545833,27,1.13750006,0.2559533,0.3043677,0.4465075
4,2.550000,27,1.13854173,0.2559625,0.3043738,0.4465168
4,2.554167,27,1.13958339,0.2559716,0.3043799,0.4465260
4,2.558333,27,1.14062506,0.2559830,0.3043880,0.4465372
4,2.562500,27,1.14166673,0.2559942,0.3043962,0.4465486
4,2.566667,27,1.14270839,0.2560079,0.3044066,0.4465622
4,2.570833,27,1.14375006,0.2560215,0.3044171,0.4465756
4,2.575000,27,1.14479173,0.2560375,0.3044299,0.4465918
4,2.579167,27,1.14583339,0.2560536,0.3044429,0.4466078
4,2.583333,27,1.14687506,0.2560721,0.3044581,0.4466264
4,2.587500,27,1.14791673,0.2560906,0.3044734,0.4466448
4,2.591667,27,1.14895839,0.2561117,0.3044913,0.4466658
4,2.595833,27,1.15000006,0.2561327,0.3045090,0.4466868
4,2.600000,27,1.15104173,0.2561562,0.3045292,0.4467104
4,2.604167,27,1.15208339,0.2561797,0.3045495,0.4467337
4,2.608333,27,1.15312506,0.2562056,0.3045720,0.4467596
4,2.612500,27,1.15416673,0.2562315,0.3045945,0.4467855
4,2.616667,27,1.15520839,0.2562595,0.3046192,0.4468135
4,2.620833,27,1.15625006,0.2562875,0.3046439,0.4468415
4,2.625000,27,1.15729173,0.2563173,0.3046704,0.4468714
4,2.629167,27,1.15833339,0.2563472,0.3046968,0.4469013
4,2.633333,27,1.15937506,0.2563786,0.3047248,0.4469326
4,2.637500,27,1.16041673,0.2564100,0.3047528,0.4469639
4,2.641667,27,1.16145839,0.2564425,0.3047819,0.4469964
4,2.645833,27,1.16250006,0.2564749,0.3048109,0.4470287
4,2.650000,27,1.16354173,0.2565081,0.3048405,0.4470618
4,2.654167,27,1.16458339,0.2565412,0.3048702,0.4470949
4,2.658333,27,1.16562506,0.2565743,0.3048998,0.4471280
4,2.662500,27,1.16666673,0.2566075,0.3049295,0.4471610
4,2.666667,27,1.16770839,0.2566400,0.3049586,0.4471936
4,2.670833,27,1.16875006,0.2566727,0.3049878,0.4472261
4,2.675000,27,1.16979173,0.2567041,0.3050157,0.4472576
4,2.679167,27,1.17083339,0.2567356,0.3050436,0.4472888
4,2.683333,27,1.17187506,0.2567651,0.3050697,0.4473182
4,2.687500,27,1.17291673,0.2567947,0.3050957,0.4473477
4,2.691667,27,1.17395839,0.2568218,0.3051192,0.4473745
4,2.695833,27,1.17500006,0.2568489,0.3051427,0.4474016
4,2.700000,27,1.17604173,0.2568728,0.3051631,0.4474252
4,2.704167,27,1.17708339,0.2568968,0.3051834,0.4474490
4,2.708333,27,1.17812506,0.2569170,0.3052000,0.4474689
4,2.712500,27,1.17916673,0.2569372,0.3052166,0.4474889
4,2.716667,27,1.18020839,0.2569531,0.3052289,0.4475046
4,2.720833,27,1.18125006,0.2569690,0.3052413,0.4475202
4,2.725000,27,1.18229173,0.2569802,0.3052488,0.4475311
4,2.729167,27,1.18333340,0.2569914,0.3052563,0.4475419
4,2.733333,27,1.18437506,0.2569975,0.3052588,0.4475476
4,2.737500,27,1.18541673,0.2570036,0.3052613,0.4475532
4,2.741667,27,1.18645840,0.2570044,0.3052584,0.4475535
4,2.745833,27,1.18750006,0.2570052,0.3052555,0.4475539
4,2.750000,27,1.18854173,0.2570007,0.3052473,0.4475487
4,2.754167,27,1.18958340,0.2569961,0.3052391,0.4475436
4,2.758333,27,1.19062506,0.2569862,0.3052255,0.4475330
4,2.762500,27,1.19166673,0.2569764,0.3052120,0.4475226
4,2.766667,27,1.19270840,0.2569615,0.3051934,0.4475069
4,2.770833,27,1.19375006,0.2569466,0.3051747,0.4474912
4,2.775000,27,1.19479173,0.2569270,0.3051515,0.4474709
4,2.779167,27,1.19583340,0.2569074,0.3051282,0.4474504
4,2.783333,27,1.19687506,0.2568837,0.3051009,0.4474258
4,2.787500,27,1.19791673,0.2568601,0.3050736,0.4474014
4,2.791667,27,1.19895840,0.2568331,0.3050428,0.4473733
4,2.795833,27,1.20000006,0.2568061,0.3050121,0.4473450
4,2.800000,27,1.20104173,0.2567766,0.3049789,0.4473144
4,2.804167,27,1.20208340,0.2567471,0.3049458,0.4472837
4,2.808333,27,1.20312506,0.2567161,0.3049110,0.4472513
4,2.812500,27,1.20416673,0.2566851,0.3048764,0.4472190
4,2.816667,27,1.20520840,0.2566537,0.3048412,0.4471860
4,2.820833,27,1.20625006,0.2566223,0.3048060,0.4471530
4,2.825000,27,1.20729173,0.2565915,0.3047717,0.4471206
4,2.829167,27,1.20833340,0.2565608,0.3047373,0.4470881
4,2.833333,27,1.20937506,0.2565319,0.3047047,0.4470572
4,2.837500,27,1.21041673,0.2565031,0.3046722,0.4470264
4,2.841667,27,1.21145840,0.2564772,0.3046426,0.4469984
4,2.845833,27,1.21250006,0.2564513,0.3046131,0.4469703
4,2.850000,27,1.21354173,0.2564294,0.3045876,0.4469462
4,2.854167,27,1.21458340,0.2564076,0.3045622,0.4469220
4,2.858333,27,1.21562506,0.2563908,0.3045417,0.4469026
4,2.862500,27,1.21666673,0.2563740,0.3045214,0.4468831
4,2.866667,27,1.21770840,0.2563631,0.3045068,0.4468693
4,2.870833,27,1.21875006,0.2563522,0.3044924,0.4468554
4,2.875000,27,1.21979173,0.2563478,0.3044844,0.4468478
4,2.879167,27,1.22083340,0.2563434,0.3044764,0.4468401
4,2.883333,27,1.22187506,0.2563460,0.3044755,0.4468393
4,2.887500,27,1.22291673,0.2563486,0.3044746,0.4468384
4,2.891667,27,1.22395840,0.2563584,0.3044809,0.4468444
4,2.895833,27,1.22500006,0.2563682,0.3044872,0.4468501
4,2.900000,27,1.22604173,0.2563851,0.3045008,0.4468631
4,2.904167,27,1.22708340,0.2564021,0.3045144,0.4468757
4,2.908333,27,1.22812506,0.2564260,0.3045349,0.4468952
4,2.912500,27,1.22916673,0.2564498,0.3045554,0.4469144
4,2.916667,27,1.23020840,0.2564801,0.3045824,0.4469399
4,2.920833,27,1.23125006,0.2565103,0.3046093,0.4469651
4,2.925000,27,1.23229173,0.2565461,0.3046420,0.4469957
4,2.929167,27,1.23333340,0.2565819,0.3046747,0.4470260
4,2.933333,27,1.23437506,0.2566223,0.3047120,0.4470607
4,2.937500,27,1.23541673,0.2566627,0.3047493,0.4470952
4,2.941667,27,1.23645840,0.2567067,0.3047903,0.4471330
4,2.945833,27,1.23750006,0.2567505,0.3048312,0.4471707
4,2.950000,27,1.23854173,0.2567966,0.3048744,0.4472102
4,2.954167,27,1.23958340,0.2568427,0.3049176,0.4472494
4,2.958333,27,1.24062506,0.2568896,0.3049618,0.4472893
4,2.962500,27,1.24166673,0.2569366,0.3050061,0.4473288
4,2.966667,27,1.24270840,0.2569829,0.3050499,0.4473675
4,2.970833,27,1.24375006,0.2570293,0.3050937,0.4474060
4,2.975000,27,1.24479173,0.2570738,0.3051358,0.4474424
4,2.979167,27,1.24583340,0.2571183,0.3051780,0.4474787
4,2.983333,27,1.24687507,0.2571597,0.3052171,0.4475113
4,2.987500,27,1.24791673,0.2572010,0.3052563,0.4475438
4,2.991667,27,1.24895840,0.2572383,0.3052915,0.4475718
4,2.995833,27,1.25000007,0.2572755,0.3053269,0.4475994
4,3.000000,27,1.25104173,0.2573077,0.3053574,0.4476216
4,3.004167,27,1.25208340,0.2573400,0.3053879,0.4476437
4,3.008333,27,1.25312507,0.2573665,0.3054129,0.4476598
4,3.012500,27,1.25416673,0.2573932,0.3054380,0.4476756
4,3.016667,27,1.25520840,0.2574140,0.3054576,0.4476852
4,3.020833,27,1.25625007,0.2574348,0.3054772,0.4476945
4,3.025000,27,1.25729173,0.2574497,0.3054913,0.4476976
4,3.029167,27,1.25833340,0.2574647,0.3055054,0.4477004
4,3.033333,27,1.25937507,0.2574743,0.3055145,0.4476974
4,3.037500,27,1.26041673,0.2574839,0.3055237,0.4476941
4,3.041667,27,1.26145840,0.2574890,0.3055283,0.4476857
4,3.045833,27,1.26250007,0.2574939,0.3055333,0.4476772
4,3.050000,27,1.26354173,0.2574954,0.3055348,0.4476646
4,3.054167,27,1.26458340,0.2574969,0.3055366,0.4476518
4,3.058333,27,1.26562507,0.2574962,0.3055365,0.4476363
4,3.062500,27,1.26666673,0.2574955,0.3055366,0.4476203
4,3.066667,27,1.26770840,0.2574942,0.3055363,0.4476033
4,3.070833,27,1.26875007,0.2574929,0.3055363,0.4475860
4,3.075000,27,1.26979173,0.2574927,0.3055377,0.4475695
4,3.079167,27,1.27083340,0.2574925,0.3055393,0.4475526
4,3.083333,27,1.27187507,0.2574954,0.3055443,0.4475383
4,3.087500,27,1.27291673,0.2574983,0.3055495,0.4475237
4,3.091667,27,1.27395840,0.2575060,0.3055599,0.4475134
4,3.095833,27,1.27500007,0.2575138,0.3055707,0.4475026
4,3.100000,27,1.27604173,0.2575282,0.3055884,0.4474983
4,3.104167,27,1.27708340,0.2575426,0.3056065,0.4474932
4,3.108333,27,1.27812507,0.2575652,0.3056330,0.4474963
4,3.112500,27,1.27916673,0.2575878,0.3056600,0.4474986
4,3.116667,27,1.28020840,0.2576201,0.3056969,0.4475103
4,3.120833,27,1.28125007,0.2576523,0.3057342,0.4475216
4,3.125000,27,1.28229173,0.2576951,0.3057826,0.4475430
4,3.129167,27,1.28333340,0.2577379,0.3058313,0.4475637
4,3.133333,27,1.28437507,0.2577919,0.3058917,0.4475954
4,3.137500,27,1.28541673,0.2578459,0.3059524,0.4476265
4,3.141667,27,1.28645840,0.2579113,0.3060249,0.4476686
4,3.145833,27,1.28750007,0.2579767,0.3060979,0.4477102
4,3.150000,27,1.28854173,0.2580530,0.3061824,0.4477624
4,3.154167,27,1.28958340,0.2581293,0.3062674,0.4478141
4,3.158333,27,1.29062507,0.2582159,0.3063630,0.4478755
4,3.162500,27,1.29166673,0.2583023,0.3064592,0.4479365
4,3.166667,27,1.29270840,0.2583977,0.3065649,0.4480058
4,3.170833,27,1.29375007,0.2584931,0.3066710,0.4480748
4,3.175000,27,1.29479173,0.2585955,0.3067847,0.4481503
4,3.179167,27,1.29583340,0.2586978,0.3068989,0.4482254
4,3.183333,27,1.29687507,0.2588051,0.3070186,0.4483048
4,3.187500,27,1.29791673,0.2589124,0.3071390,0.4483840
4,3.191667,27,1.29895840,0.2590221,0.3072624,0.4484650
4,3.195833,27,1.30000007,0.2591317,0.3073865,0.4485456
4,3.200000,27,1.30104173,0.2592411,0.3075109,0.4486254
4,3.204167,27,1.30208340,0.2593504,0.3076360,0.4487047
4,3.208333,27,1.30312507,0.2594566,0.3077585,0.4487805
4,3.212500,27,1.30416673,0.2595627,0.3078817,0.4488557
4,3.216667,27,1.30520840,0.2596630,0.3079998,0.4489247
4,3.220833,27,1.30625007,0.2597632,0.3081185,0.4489932
4,3.225000,27,1.30729173,0.2598549,0.3082294,0.4490527
4,3.229167,27,1.30833340,0.2599464,0.3083412,0.4491117
4,3.233333,27,1.30937507,0.2600271,0.3084428,0.4491597
4,3.237500,27,1.31041674,0.2601077,0.3085450,0.4492069
4,3.241667,27,1.31145840,0.2601752,0.3086351,0.4492406
4,3.245833,27,1.31250007,0.2602428,0.3087260,0.4492741
4,3.250000,27,1.31354174,0.2602959,0.3088032,0.4492925
4,3.254167,27,1.31458340,0.2603489,0.3088812,0.4493107
4,3.258333,27,1.31562507,0.2603865,0.3089448,0.4493130
4,3.262500,27,1.31666674,0.2604241,0.3090092,0.4493149
4,3.266667,27,1.31770840,0.2604460,0.3090589,0.4493010
4,3.270833,27,1.31875007,0.2604679,0.3091094,0.4492865
4,3.275000,27,1.31979174,0.2604744,0.3091455,0.4492562
4,3.279167,27,1.32083340,0.2604810,0.3091825,0.4492256
4,3.283333,27,1.32187507,0.2604734,0.3092063,0.4491805
4,3.287500,27,1.32291674,0.2604659,0.3092312,0.4491351
4,3.291667,27,1.32395840,0.2604460,0.3092447,0.4490771
4,3.295833,27,1.32500007,0.2604261,0.3092593,0.4490190
4,3.300000,27,1.32604174,0.2603964,0.3092651,0.4489506
4,3.304167,27,1.32708340,0.2603667,0.3092719,0.4488818
4,3.308333,27,1.32812507,0.2603302,0.3092728,0.4488057
4,3.312500,27,1.32916674,0.2602937,0.3092749,0.4487295
4,3.316667,27,1.33020840,0.2602539,0.3092746,0.4486496
4,3.320833,27,1.33125007,0.2602141,0.3092754,0.4485696
4,3.325000,27,1.33229174,0.2601749,0.3092779,0.4484898
4,3.329167,27,1.33333340,0.2601357,0.3092815,0.4484099
4,3.333333,27,1.33437507,0.2601011,0.3092908,0.4483341
4,3.337500,27,1.33541674,0.2600665,0.3093011,0.4482581
4,3.341667,27,1.33645840,0.2600405,0.3093211,0.4481902
4,3.345833,27,1.33750007,0.2600145,0.3093421,0.4481219
4,3.350000,27,1.33854174,0.2600010,0.3093768,0.4480660
4,3.354167,27,1.33958340,0.2599876,0.3094126,0.4480098
4,3.358333,27,1.34062507,0.2599903,0.3094656,0.4479696
4,3.362500,27,1.34166674,0.2599929,0.3095197,0.4479292
4,3.366667,27,1.34270840,0.2600149,0.3095942,0.4479077
4,3.370833,27,1.34375007,0.2600367,0.3096697,0.4478858
4,3.375000,27,1.34479174,0.2600805,0.3097681,0.4478850
4,3.379167,27,1.34583340,0.2601242,0.3098676,0.4478840
4,3.383333,27,1.34687507,0.2601916,0.3099917,0.4479064
4,3.387500,27,1.34791674,0.2602590,0.3101170,0.4479285
4,3.391667,27,1.34895840,0.2603512,0.3102680,0.4479749
4,3.395833,27,1.35000007,0.2604433,0.3104201,0.4480214
4,3.400000,27,1.35104174,0.2605603,0.3105981,0.4480922
4,3.404167,27,1.35208340,0.2606772,0.3107771,0.4481623
4,3.408333,27,1.35312507,0.2608185,0.3109813,0.4482561
4,3.412500,27,1.35416674,0.2609598,0.3111866,0.4483493
4,3.416667,27,1.35520840,0.2611239,0.3114154,0.4484648
4,3.420833,27,1.35625007,0.2612879,0.3116452,0.4485799
4,3.425000,27,1.35729174,0.2614724,0.3118965,0.4487151
4,3.429167,27,1.35833340,0.2616569,0.3121487,0.4488500
4,3.433333,27,1.35937507,0.2618589,0.3124192,0.4490016
4,3.437500,27,1.36041674,0.2620610,0.3126906,0.4491524
4,3.441667,27,1.36145840,0.2622770,0.3129767,0.4493162
4,3.445833,27,1.36250007,0.2624930,0.3132637,0.4494792
4,3.450000,27,1.36354174,0.2627190,0.3135614,0.4496516
4,3.454167,27,1.36458340,0.2629451,0.3138599,0.4498232
4,3.458333,27,1.36562507,0.2631770,0.3141647,0.4499998
4,3.462500,27,1.36666674,0.2634088,0.3144702,0.4501756
4,3.466667,27,1.36770840,0.2636422,0.3147777,0.4503521
4,3.470833,27,1.36875007,0.2638755,0.3150860,0.4505272
4,3.475000,27,1.36979174,0.2641063,0.3153920,0.4506983
4,3.479167,27,1.37083340,0.2643370,0.3156985,0.4508680
4,3.483333,27,1.37187507,0.2645611,0.3159986,0.4510298
4,3.487500,27,1.37291674,0.2647851,0.3162993,0.4511905
4,3.491667,27,1.37395840,0.2649991,0.3165901,0.4513398
4,3.495833,27,1.37500007,0.2652130,0.3168812,0.4514880
4,3.500000,27,1.37604174,0.2654139,0.3171593,0.4516214
4,3.504167,27,1.37708341,0.2656147,0.3174376,0.4517528
4,3.508333,27,1.37812507,0.2658002,0.3177007,0.4518669
4,3.512500,27,1.37916674,0.2659857,0.3179637,0.4519790
4,3.516667,27,1.38020841,0.2661542,0.3182098,0.4520721
4,3.520833,27,1.38125007,0.2663228,0.3184559,0.4521635
4,3.525000,27,1.38229174,0.2664736,0.3186839,0.4522350
4,3.529167,27,1.38333341,0.2666244,0.3189118,0.4523050
4,3.533333,27,1.38437507,0.2667573,0.3191215,0.4523546
4,3.537500,27,1.38541674,0.2668903,0.3193310,0.4524013
4,3.541667,27,1.38645841,0.2670062,0.3195227,0.4524278
4,3.545833,27,1.38750007,0.2671221,0.3197141,0.4524517
4,3.550000,27,1.38854174,0.2672220,0.3198889,0.4524570
4,3.554167,27,1.38958341,0.2673220,0.3200632,0.4524596
4,3.558333,27,1.39062507,0.2674079,0.3202224,0.4524450
4,3.562500,27,1.39166674,0.2674937,0.3203810,0.4524280
4,3.566667,27,1.39270841,0.2675675,0.3205265,0.4523954
4,3.570833,27,1.39375007,0.2676413,0.3206713,0.4523590
4,3.575000,27,1.39479174,0.2677053,0.3208050,0.4523089
4,3.579167,27,1.39583341,0.2677693,0.3209378,0.4522551
4,3.583333,27,1.39687507,0.2678257,0.3210617,0.4521897
4,3.587500,27,1.39791674,0.2678820,0.3211844,0.4521208
4,3.591667,27,1.39895841,0.2679329,0.3213000,0.4520422
4,3.595833,27,1.40000007,0.2679837,0.3214144,0.4519603
4,3.600000,27,1.40104174,0.2680305,0.3215231,0.4518697
4,3.604167,27,1.40208341,0.2680773,0.3216304,0.4517744
4,3.608333,27,1.40312507,0.2681211,0.3217327,0.4516709
4,3.612500,27,1.40416674,0.2681649,0.3218336,0.4515626
4,3.616667,27,1.40520841,0.2682061,0.3219297,0.4514466
4,3.620833,27,1.40625007,0.2682472,0.3220241,0.4513261
4,3.625000,27,1.40729174,0.2682850,0.3221131,0.4511972
4,3.629167,27,1.40833341,0.2683228,0.3222002,0.4510641
4,3.633333,27,1.40937507,0.2683559,0.3222802,0.4509204
4,3.637500,27,1.41041674,0.2683889,0.3223582,0.4507709
4,3.641667,27,1.41145841,0.2684148,0.3224265,0.4506081
4,3.645833,27,1.41250007,0.2684407,0.3224927,0.4504395
4,3.650000,27,1.41354174,0.2684560,0.3225457,0.4502543
4,3.654167,27,1.41458341,0.2684712,0.3225964,0.4500635
4,3.658333,27,1.41562507,0.2684717,0.3226295,0.4498520
4,3.662500,27,1.41666674,0.2684721,0.3226603,0.4496352
4,3.666667,27,1.41770841,0.2684526,0.3226683,0.4493922
4,3.670833,27,1.41875007,0.2684332,0.3226738,0.4491423
4,3.675000,27,1.41979174,0.2683882,0.3226506,0.4488596
4,3.679167,27,1.42083341,0.2683432,0.3226249,0.4485707
4,3.683333,27,1.42187507,0.2682666,0.3225643,0.4482431
4,3.687500,27,1.42291674,0.2681901,0.3225012,0.4479094
4,3.691667,27,1.42395841,0.2680755,0.3223967,0.4475310
4,3.695833,27,1.42500007,0.2679609,0.3222896,0.4471469
4,3.700000,27,1.42604174,0.2678021,0.3221349,0.4467113
4,3.704167,27,1.42708341,0.2676433,0.3219773,0.4462683
4,3.708333,27,1.42812507,0.2674341,0.3217658,0.4457676
4,3.712500,27,1.42916674,0.2672249,0.3215514,0.4452597
4,3.716667,27,1.43020841,0.2669598,0.3212776,0.4446886
4,3.720833,27,1.43125007,0.2666948,0.3210008,0.4441108
4,3.725000,27,1.43229174,0.2663689,0.3206597,0.4434653
4,3.729167,27,1.43333341,0.2660430,0.3203158,0.4428141
4,3.733333,27,1.43437507,0.2656525,0.3199036,0.4420906
4,3.737500,27,1.43541674,0.2652620,0.3194883,0.4413598
4,3.741667,27,1.43645841,0.2648040,0.3190018,0.4405537
4,3.745833,27,1.43750007,0.2643460,0.3185122,0.4397404
4,3.750000,27,1.43854174,0.2638189,0.3179500,0.4388508
4,3.754167,27,1.43958341,0.2632919,0.3173847,0.4379548
4,3.758333,27,1.44062508,0.2626957,0.3167468,0.4369829
4,3.762500,27,1.44166674,0.2620994,0.3161059,0.4360053
4,3.766667,27,1.44270841,0.2614351,0.3153934,0.4349526
4,3.770833,27,1.44375008,0.2607708,0.3146776,0.4338927
4,3.775000,27,1.44479174,0.2600410,0.3138929,0.4327599
4,3.779167,27,1.44583341,0.2593111,0.3131050,0.4316206
4,3.783333,27,1.44687508,0.2585196,0.3122520,0.4304128
4,3.787500,27,1.44791674,0.2577282,0.3113962,0.4291992
4,3.791667,27,1.44895841,0.2568802,0.3104803,0.4279230
4,3.795833,27,1.45000008,0.2560321,0.3095617,0.4266417
4,3.800000,27,1.45104174,0.2551335,0.3085894,0.4253038
4,3.804167,27,1.45208341,0.2542350,0.3076141,0.4239597
4,3.808333,27,1.45312508,0.2532929,0.3065918,0.4225654
4,3.812500,27,1.45416674,0.2523509,0.3055669,0.4211658
4,3.816667,27,1.45520841,0.2513729,0.3045028,0.4197243
4,3.820833,27,1.45625008,0.2503948,0.3034361,0.4182781
4,3.825000,27,1.45729174,0.2493888,0.3023385,0.4167989
4,3.829167,27,1.45833341,0.2483826,0.3012384,0.4153160
4,3.833333,27,1.45937508,0.2473565,0.3001154,0.4138081
4,3.837500,27,1.46041674,0.2463304,0.2989900,0.4122954
4,3.841667,27,1.46145841,0.2452921,0.2978494,0.4107656
4,3.845833,27,1.46250008,0.2442539,0.2967067,0.4092316
4,3.850000,27,1.46354174,0.2432111,0.2955566,0.4076887
4,3.854167,27,1.46458341,0.2421683,0.2944045,0.4061427
4,3.858333,27,1.46562508,0.2411278,0.2932521,0.4045953
4,3.862500,27,1.46666674,0.2400872,0.2920982,0.4030460
4,3.866667,27,1.46770841,0.2390552,0.2909501,0.4015019
4,3.870833,27,1.46875008,0.2380230,0.2898002,0.3999547
4,3.875000,27,1.46979174,0.2370044,0.2886615,0.3984176
4,3.879167,27,1.47083341,0.2359858,0.2875210,0.3968782
4,3.883333,27,1.47187508,0.2349849,0.2863962,0.3953540
4,3.887500,27,1.47291674,0.2339840,0.2852700,0.3938285
4,3.891667,27,1.47395841,0.2330036,0.2841624,0.3923216
4,3.895833,27,1.47500008,0.2320231,0.2830538,0.3908144
4,3.900000,27,1.47604174,0.2310651,0.2819657,0.3893282
4,3.904167,27,1.47708341,0.2301071,0.2808764,0.3878410
4,3.908333,27,1.47812508,0.2291721,0.2798085,0.3863754
4,3.912500,27,1.47916674,0.2282371,0.2787396,0.3849096
4,3.916667,27,1.48020841,0.2273248,0.2776919,0.3834658
4,3.920833,27,1.48125008,0.2264125,0.2766436,0.3820226
4,3.925000,27,1.48229174,0.2255217,0.2756155,0.3806008
4,3.929167,27,1.48333341,0.2246309,0.2745869,0.3791806
4,3.933333,27,1.48437508,0.2237595,0.2735768,0.3777803
4,3.937500,27,1.48541674,0.2228881,0.2725661,0.3763809
4,3.941667,27,1.48645841,0.2220337,0.2715714,0.3749995
4,3.945833,27,1.48750008,0.2211793,0.2705764,0.3736195
4,3.950000,27,1.48854174,0.2203388,0.2695946,0.3722547
4,3.954167,27,1.48958341,0.2194983,0.2686126,0.3708922
4,3.958333,27,1.49062508,0.2186686,0.2676410,0.3695427
4,3.962500,27,1.49166674,0.2178390,0.2666694,0.3681958
4,3.966667,27,1.49270841,0.2170171,0.2657052,0.3668592
4,3.970833,27,1.49375008,0.2161951,0.2647411,0.3655255
4,3.975000,27,1.49479174,0.2153781,0.2637816,0.3641993
4,3.979167,27,1.49583341,0.2145610,0.2628224,0.3628765
4,3.983333,27,1.49687508,0.2137465,0.2618656,0.3615594
4,3.987500,27,1.49791674,0.2129318,0.2609091,0.3602458
4,3.991667,27,1.49895841,0.2121177,0.2599531,0.3589363
4,3.995833,27,1.50000008,0.2113035,0.2589978,0.3576311
4,4.000000,27,1.50104174,0.2104886,0.2580419,0.3563291
4,4.004167,27,1.50208341,0.2096736,0.2570867,0.3550319
4,4.008333,27,1.50312508,0.2088573,0.2561304,0.3537373
4,4.012500,27,1.50416675,0.2080410,0.2551749,0.3524479
4,4.016667,27,1.50520841,0.2072235,0.2542186,0.3511614
4,4.020833,27,1.50625008,0.2064061,0.2532633,0.3498804
4,4.025000,27,1.50729175,0.2055884,0.2523082,0.3486037
4,4.029167,27,1.50833341,0.2047707,0.2513542,0.3473323
4,4.033333,27,1.50937508,0.2039545,0.2504022,0.3460675
4,4.037500,27,1.51041675,0.2031383,0.2494516,0.3448089
4,4.041667,27,1.51145841,0.2023259,0.2485054,0.3435594
4,4.045833,27,1.51250008,0.2015136,0.2475604,0.3423160
4,4.050000,27,1.51354175,0.2007079,0.2466228,0.3410847
4,4.054167,27,1.51458341,0.1999021,0.2456865,0.3398593
4,4.058333,27,1.51562508,0.1991063,0.2447610,0.3386494
4,4.062500,27,1.51666675,0.1983105,0.2438368,0.3374456
4,4.066667,27,1.51770841,0.1975281,0.2429269,0.3362611
4,4.070833,27,1.51875008,0.1967457,0.2420186,0.3350835
4,4.075000,27,1.51979175,0.1959803,0.2411283,0.3339292
4,4.079167,27,1.52083341,0.1952150,0.2402395,0.3327818
4,4.083333,27,1.52187508,0.1944702,0.2393725,0.3316609
4,4.087500,27,1.52291675,0.1937255,0.2385068,0.3305466
4,4.091667,27,1.52395841,0.1930047,0.2376662,0.3294622
4,4.095833,27,1.52500008,0.1922839,0.2368270,0.3283839
4,4.100000,27,1.52604175,0.1915901,0.2360159,0.3273390
4,4.104167,27,1.52708341,0.1908962,0.2352065,0.3263013
4,4.108333,27,1.52812508,0.1902320,0.2344279,0.3253002
4,4.112500,27,1.52916675,0.1895677,0.2336510,0.3243060
4,4.116667,27,1.53020841,0.1889349,0.2329068,0.3233495
4,4.120833,27,1.53125008,0.1883022,0.2321641,0.3223997
4,4.125000,27,1.53229175,0.1877024,0.2314556,0.3214887
4,4.129167,27,1.53333341,0.1871026,0.2307485,0.3205841
4,4.133333,27,1.53437508,0.1865363,0.2300762,0.3197193
4,4.137500,27,1.53541675,0.1859702,0.2294058,0.3188621
4,4.141667,27,1.53645841,0.1854377,0.2287704,0.3180453
4,4.145833,27,1.53750008,0.1849053,0.2281366,0.3172351
4,4.150000,27,1.53854175,0.1844060,0.2275373,0.3164649
4,4.154167,27,1.53958341,0.1839068,0.2269396,0.3157007
4,4.158333,27,1.54062508,0.1834395,0.2263749,0.3149744
4,4.162500,27,1.54166675,0.1829723,0.2258117,0.3142538
4,4.166667,27,1.54270841,0.1825355,0.2252802,0.3135697
4,4.170833,27,1.54375008,0.1820986,0.2247503,0.3128927
4,4.175000,27,1.54479175,0.1816901,0.2242501,0.3122505
4,4.179167,27,1.54583341,0.1812816,0.2237516,0.3116150
4,4.183333,27,1.54687508,0.1808992,0.2232804,0.3110113
4,4.187500,27,1.54791675,0.1805167,0.2228104,0.3104134
4,4.191667,27,1.54895841,0.1801578,0.2223651,0.3098442
4,4.195833,27,1.55000008,0.1797989,0.2219210,0.3092804
4,4.200000,27,1.55104175,0.1794609,0.2214991,0.3087430
4,4.204167,27,1.55208341,0.1791230,0.2210788,0.3082122
4,4.208333,27,1.55312508,0.1788035,0.2206782,0.3077058
4,4.212500,27,1.55416675,0.1784840,0.2202791,0.3072053
4,4.216667,27,1.55520841,0.1781808,0.2198971,0.3067262
4,4.220833,27,1.55625008,0.1778775,0.2195166,0.3062524
4,4.225000,27,1.55729175,0.1775883,0.2191511,0.3057974
4,4.229167,27,1.55833341,0.1772992,0.2187867,0.3053469
4,4.233333,27,1.55937508,0.1770225,0.2184358,0.3049138
4,4.237500,27,1.56041675,0.1767459,0.2180864,0.3044864
4,4.241667,27,1.56145841,0.1764804,0.2177493,0.3040755
4,4.245833,27,1.56250008,0.1762148,0.2174135,0.3036699
4,4.250000,27,1.56354175,0.1759597,0.2170888,0.3032790
4,4.254167,27,1.56458341,0.1757045,0.2167654,0.3028927
4,4.258333,27,1.56562508,0.1754593,0.2164526,0.3025202
4,4.262500,27,1.56666675,0.1752141,0.2161408,0.3021514
4,4.266667,27,1.56770842,0.1749788,0.2158397,0.3017969
4,4.270833,27,1.56875008,0.1747435,0.2155399,0.3014472
4,4.275000,27,1.56979175,0.1745185,0.2152514,0.3011124
4,4.279167,27,1.57083342,0.1742936,0.2149639,0.3007818
4,4.283333,27,1.57187508,0.1740797,0.2146883,0.3004662
4,4.287500,27,1.57291675,0.1738659,0.2144137,0.3001544
4,4.291667,27,1.57395842,0.1736641,0.2141518,0.2998578
4,4.295833,27,1.57500008,0.1734623,0.2138907,0.2995643
4,4.300000,27,1.57604175,0.1732737,0.2136434,0.2992872
4,4.304167,27,1.57708342,0.1730852,0.2133972,0.2990144
4,4.308333,27,1.57812508,0.1729112,0.2131663,0.2987599
4,4.312500,27,1.57916675,0.1727372,0.2129362,0.2985088
4,4.316667,27,1.58020842,0.1725788,0.2127226,0.2982766
4,4.320833,27,1.58125008,0.1724205,0.2125096,0.2980472
4,4.325000,27,1.58229175,0.1722791,0.2123140,0.2978373
4,4.329167,27,1.58333342,0.1721376,0.2121190,0.2976298
4,4.333333,27,1.58437508,0.1720141,0.2119423,0.2974426
4,4.337500,27,1.58541675,0.1718904,0.2117664,0.2972589
4,4.341667,27,1.58645842,0.1717852,0.2116096,0.2970964
4,4.345833,27,1.58750008,0.1716801,0.2114535,0.2969369
4,4.350000,27,1.58854175,0.1715937,0.2113167,0.2967986
4,4.354167,27,1.58958342,0.1715074,0.2111805,0.2966626
4,4.358333,27,1.59062508,0.1714399,0.2110634,0.2965472
4,4.362500,27,1.59166675,0.1713724,0.2109468,0.2964335
4,4.366667,27,1.59270842,0.1713233,0.2108489,0.2963405
4,4.370833,27,1.59375008,0.1712741,0.2107518,0.2962497
4,4.375000,27,1.59479175,0.1712426,0.2106727,0.2961791
4,4.379167,27,1.59583342,0.1712110,0.2105941,0.2961105
4,4.383333,27,1.59687508,0.1711958,0.2105321,0.2960600
4,4.387500,27,1.59791675,0.1711807,0.2104705,0.2960111
4,4.391667,27,1.59895842,0.1711802,0.2104241,0.2959784
4,4.395833,27,1.60000008,0.1711798,0.2103779,0.2959471
4,4.400000,27,1.60104175,0.1711923,0.2103450,0.2959301
4,4.404167,27,1.60208342,0.1712048,0.2103125,0.2959150
4,4.408333,27,1.60312508,0.1712280,0.2102910,0.2959122
4,4.412500,27,1.60416675,0.1712512,0.2102698,0.2959111
4,4.416667,27,1.60520842,0.1712828,0.2102574,0.2959197
4,4.420833,27,1.60625008,0.1713144,0.2102452,0.2959293
4,4.425000,27,1.60729175,0.1713519,0.2102392,0.2959462
4,4.429167,27,1.60833342,0.1713894,0.2102334,0.2959636
4,4.433333,27,1.60937508,0.1714304,0.2102311,0.2959856
4,4.437500,27,1.61041675,0.1714713,0.2102292,0.2960090
4,4.441667,27,1.61145842,0.1715133,0.2102286,0.2960346
4,4.445833,27,1.61250008,0.1715552,0.2102282,0.2960613
4,4.450000,27,1.61354175,0.1715958,0.2102266,0.2960877
4,4.454167,27,1.61458342,0.1716365,0.2102252,0.2961145
4,4.458333,27,1.61562508,0.1716737,0.2102206,0.2961390
4,4.462500,27,1.61666675,0.1717108,0.2102160,0.2961638
4,4.466667,27,1.61770842,0.1717427,0.2102062,0.2961840
4,4.470833,27,1.61875008,0.1717746,0.2101968,0.2962053
4,4.475000,27,1.61979175,0.1717997,0.2101807,0.2962204
4,4.479167,27,1.62083342,0.1718247,0.2101647,0.2962364
4,4.483333,27,1.62187508,0.1718417,0.2101407,0.2962448
4,4.487500,27,1.62291675,0.1718587,0.2101168,0.2962537
4,4.491667,27,1.62395842,0.1718669,0.2100842,0.2962541
4,4.495833,27,1.62500008,0.1718750,0.2100517,0.2962552
4,4.500000,27,1.62604175,0.1718739,0.2100100,0.2962472
4,4.504167,27,1.62708342,0.1718728,0.2099684,0.2962399
4,4.508333,27,1.62812508,0.1718623,0.2099176,0.2962238
4,4.512500,27,1.62916675,0.1718518,0.2098669,0.2962081
4,4.516667,27,1.63020842,0.1718324,0.2098072,0.2961839
4,4.520833,27,1.63125009,0.1718129,0.2097477,0.2961600
4,4.525000,27,1.63229175,0.1717850,0.2096797,0.2961279
4,4.529167,27,1.63333342,0.1717572,0.2096118,0.2960958
4,4.533333,27,1.63437509,0.1717219,0.2095366,0.2960570
4,4.537500,27,1.63541675,0.1716866,0.2094615,0.2960184
4,4.541667,27,1.63645842,0.1716451,0.2093802,0.2959738
4,4.545833,27,1.63750009,0.1716036,0.2092990,0.2959297
4,4.550000,27,1.63854175,0.1715573,0.2092129,0.2958807
4,4.554167,27,1.63958342,0.1715109,0.2091268,0.2958321
4,4.558333,27,1.64062509,0.1714613,0.2090376,0.2957802
4,4.562500,27,1.64166675,0.1714116,0.2089483,0.2957286
4,4.566667,27,1.64270842,0.1713602,0.2088572,0.2956752
4,4.570833,27,1.64375009,0.1713088,0.2087663,0.2956220
4,4.575000,27,1.64479175,0.1712572,0.2086752,0.2955690
4,4.579167,27,1.64583342,0.1712057,0.2085843,0.2955161
4,4.583333,27,1.64687509,0.1711555,0.2084948,0.2954648
4,4.587500,27,1.64791675,0.1711054,0.2084052,0.2954135
4,4.591667,27,1.64895842,0.1710581,0.2083186,0.2953652
4,4.595833,27,1.65000009,0.1710109,0.2082319,0.2953169
4,4.600000,27,1.65104175,0.1709678,0.2081496,0.2952729
4,4.604167,27,1.65208342,0.1709248,0.2080673,0.2952292
4,4.608333,27,1.65312509,0.1708872,0.2079903,0.2951908
4,4.612500,27,1.65416675,0.1708496,0.2079134,0.2951526
4,4.616667,27,1.65520842,0.1708182,0.2078429,0.2951207
4,4.620833,27,1.65625009,0.1707869,0.2077723,0.2950889
4,4.625000,27,1.65729175,0.1707627,0.2077089,0.2950642
4,4.629167,27,1.65833342,0.1707384,0.2076454,0.2950396
4,4.633333,27,1.65937509,0.1707217,0.2075895,0.2950225
4,4.637500,27,1.66041675,0.1707050,0.2075336,0.2950053
4,4.641667,27,1.66145842,0.1706960,0.2074856,0.2949961
4,4.645833,27,1.66250009,0.1706872,0.2074375,0.2949870
4,4.650000,27,1.66354175,0.1706862,0.2073974,0.2949858
4,4.654167,27,1.66458342,0.1706855,0.2073577,0.2949849
4,4.658333,27,1.66562509,0.1706931,0.2073262,0.2949924
4,4.662500,27,1.66666675,0.1707016,0.2072958,0.2950008
4,4.666667,27,1.66770842,0.1707185,0.2072737,0.2950176
4,4.670833,27,1.66875009,0.1707367,0.2072529,0.2950356
4,4.675000,27,1.66979175,0.1707629,0.2072403,0.2950620
4,4.679167,27,1.67083342,0.1707905,0.2072291,0.2950896
4,4.683333,27,1.67187509,0.1708254,0.2072253,0.2951248
4,4.687500,27,1.67291675,0.1708617,0.2072230,0.2951614
4,4.691667,27,1.67395842,0.1709042,0.2072269,0.2952041
4,4.695833,27,1.67500009,0.1709478,0.2072320,0.2952482
4,4.700000,27,1.67604175,0.1709964,0.2072421,0.2952970
4,4.704167,27,1.67708342,0.1710456,0.2072529,0.2953467
4,4.708333,27,1.67812509,0.1710984,0.2072673,0.2954000
4,4.712500,27,1.67916675,0.1710335,0.2071642,0.2953357
4,4.716667,27,1.68020842,0.1710751,0.2071675,0.2953779
4,4.720833,27,1.68125009,0.1711167,0.2071710,0.2954201
4,4.725000,27,1.68229175,0.1711597,0.2071758,0.2954636
4,4.729167,27,1.68333342,0.1712026,0.2071806,0.2955072
4,4.733333,27,1.68437509,0.1712461,0.2071861,0.2955514
4,4.737500,27,1.68541675,0.1712895,0.2071915,0.2955956
4,4.741667,27,1.68645842,0.1713325,0.2071966,0.2956393
4,4.745833,27,1.68750009,0.1713756,0.2072017,0.2956830
4,4.750000,27,1.68854175,0.1714175,0.2072057,0.2957257
4,4.754167,27,1.68958342,0.1714593,0.2072096,0.2957682
4,4.758333,27,1.69062509,0.1714993,0.2072117,0.2958089
4,4.762500,27,1.69166675,0.1715393,0.2072138,0.2958496
4,4.766667,27,1.69270842,0.1715769,0.2072135,0.2958879
4,4.770833,27,1.69375009,0.1716144,0.2072132,0.2959259
4,4.775000,27,1.69479176,0.1716490,0.2072099,0.2959612
4,4.779167,27,1.69583342,0.1716837,0.2072066,0.2959964
4,4.783333,27,1.69687509,0.1717150,0.2072001,0.2960283
4,4.787500,27,1.69791676,0.1717463,0.2071936,0.2960602
4,4.791667,27,1.69895842,0.1717741,0.2071835,0.2960885
4,4.795833,27,1.70000009,0.1718019,0.2071735,0.2961168
4,4.800000,27,1.70104176,0.1718261,0.2071597,0.2961414
4,4.804167,27,1.70208342,0.1718502,0.2071459,0.2961658
4,4.808333,27,1.70312509,0.1718706,0.2071285,0.2961867
4,4.812500,27,1.70416676,0.1718911,0.2071110,0.2962074
4,4.816667,27,1.70520842,0.1719079,0.2070900,0.2962246
4,4.820833,27,1.70625009,0.1719248,0.2070689,0.2962416
4,4.825000,27,1.70729176,0.1719382,0.2070443,0.2962553
4,4.829167,27,1.70833342,0.1719516,0.2070197,0.2962687
4,4.833333,27,1.70937509,0.1719618,0.2069920,0.2962790
4,4.837500,27,1.71041676,0.1719719,0.2069641,0.2962893
4,4.841667,27,1.71145842,0.1719792,0.2069335,0.2962966
4,4.845833,27,1.71250009,0.1719865,0.2069028,0.2963039
4,4.850000,27,1.71354176,0.1719913,0.2068695,0.2963085
4,4.854167,27,1.71458342,0.1719960,0.2068361,0.2963131
4,4.858333,27,1.71562509,0.1719986,0.2068008,0.2963156
4,4.862500,27,1.71666676,0.1720013,0.2067654,0.2963182
4,4.866667,27,1.71770842,0.1720023,0.2067284,0.2963189
4,4.870833,27,1.71875009,0.1720032,0.2066913,0.2963196
4,4.875000,27,1.71979176,0.1720030,0.2066532,0.2963192
4,4.879167,27,1.72083342,0.1720029,0.2066150,0.2963188
4,4.883333,27,1.72187509,0.1720021,0.2065764,0.2963176
4,4.887500,27,1.72291676,0.1720013,0.2065377,0.2963166
4,4.891667,27,1.72395842,0.1720006,0.2064992,0.2963157
4,4.895833,22,1.72500009,0.1720000,0.2064606,0.2963147
4,4.900000,22,1.72604176,0.1720000,0.2064601,0.2963142
4,4.904167,22,1.72708342,0.1720000,0.2064597,0.2963137
4,4.908333,22,1.72812509,0.1720000,0.2064591,0.2963133
4,4.912500,22,1.72916676,0.1720000,0.2064584,0.2963128
4,4.916667,22,1.73020842,0.1720000,0.2064574,0.2963124
4,4.920833,22,1.73125009,0.1720000,0.2064559,0.2963119
4,4.925000,22,1.73229176,0.1720000,0.2064540,0.2963116
4,4.929167,22,1.73333342,0.1720000,0.2064513,0.2963111
4,4.933333,22,1.73437509,0.1720000,0.2064477,0.2963107
4,4.937500,22,1.73541676,0.1720000,0.2064429,0.2963102
4,4.941667,22,1.73645842,0.1720000,0.2064370,0.2963099
4,4.945833,22,1.73750009,0.1720000,0.2064295,0.2963096
4,4.950000,22,1.73854176,0.1720000,0.2064204,0.2963091
4,4.954167,22,1.73958342,0.1720000,0.2064094,0.2963088
4,4.958333,22,1.74062509,0.1720000,0.2063965,0.2963084
4,4.962500,22,1.74166676,0.1720000,0.2063815,0.2963081
4,4.966667,22,1.74270842,0.1720000,0.2063641,0.2963078
4,4.970833,22,1.74375009,0.1720000,0.2063444,0.2963075
4,4.975000,22,1.74479176,0.1720000,0.2063220,0.2963072
4,4.979167,22,1.74583342,0.1720000,0.2062971,0.2963069
4,4.983333,22,1.74687509,0.1720000,0.2062694,0.2963067
4,4.987500,22,1.74791676,0.1720000,0.2062391,0.2963064
4,4.991667,22,1.74895842,0.1720000,0.2062059,0.2963063
4,4.995833,22,1.75000009,0.1720000,0.2061699,0.2963060
5,0.000000,26,0.62604170,0.1720000,0.2101760,0.2963570
5,0.004167,26,0.62708337,0.1720000,0.2101365,0.2963564
5,0.008333,26,0.62812503,0.1720000,0.2100970,0.2963558
5,0.012500,26,0.62916670,0.1720000,0.2100574,0.2963552
5,0.016667,26,0.63020837,0.1720000,0.2100177,0.2963545
5,0.020833,26,0.63125003,0.1720000,0.2099780,0.2963537
5,0.025000,26,0.63229170,0.1720000,0.2099381,0.2963529
5,0.029167,26,0.63333337,0.1720001,0.2098982,0.2963520
5,0.033333,26,0.63437503,0.1720001,0.2098583,0.2963511
5,0.037500,26,0.63541670,0.1720002,0.2098183,0.2963501
5,0.041667,26,0.63645837,0.1720002,0.2097782,0.2963490
5,0.045833,26,0.63750003,0.1720001,0.2097380,0.2963479
5,0.050000,26,0.63854170,0.1720000,0.2096974,0.2963464
5,0.054167,26,0.63958337,0.1719997,0.2096568,0.2963448
5,0.058333,26,0.64062503,0.1719992,0.2096158,0.2963429
5,0.062500,26,0.64166670,0.1719984,0.2095745,0.2963407
5,0.066667,26,0.64270837,0.1719972,0.2095328,0.2963381
5,0.070833,26,0.64375003,0.1719958,0.2094906,0.2963351
5,0.075000,26,0.64479170,0.1719935,0.2094477,0.2963313
5,0.079167,26,0.64583337,0.1719908,0.2094044,0.2963270
5,0.083333,26,0.64687503,0.1719871,0.2093599,0.2963217
5,0.087500,26,0.64791670,0.1719828,0.2093149,0.2963157
5,0.091667,26,0.64895837,0.1719771,0.2092684,0.2963083
5,0.095833,26,0.65000003,0.1719707,0.2092211,0.2963001
5,0.100000,26,0.65104170,0.1719626,0.2091722,0.2962904
5,0.104167,26,0.65208337,0.1719535,0.2091224,0.2962796
5,0.108333,26,0.65312503,0.1719424,0.2090705,0.2962669
5,0.112500,26,0.65416670,0.1719302,0.2090175,0.2962530
5,0.116667,26,0.65520837,0.1719159,0.2089624,0.2962371
5,0.120833,26,0.65625003,0.1719003,0.2089061,0.2962198
5,0.125000,26,0.65729170,0.1718823,0.2088475,0.2962002
5,0.129167,26,0.65833337,0.1718631,0.2087876,0.2961795
5,0.133333,26,0.65937503,0.1718415,0.2087255,0.2961564
5,0.137500,26,0.66041670,0.1718185,0.2086620,0.2961320
5,0.141667,26,0.66145837,0.1717934,0.2085964,0.2961055
5,0.145833,26,0.66250003,0.1717670,0.2085295,0.2960778
5,0.150000,26,0.66354170,0.1717387,0.2084609,0.2960482
5,0.154167,26,0.66458337,0.1717092,0.2083912,0.2960176
5,0.158333,26,0.66562503,0.1716783,0.2083201,0.2959855
5,0.162500,26,0.66666670,0.1716464,0.2082482,0.2959526
5,0.166667,26,0.66770837,0.1716138,0.2081755,0.2959188
5,0.170833,26,0.66875003,0.1715804,0.2081022,0.2958846
5,0.175000,26,0.66979170,0.1715470,0.2080289,0.2958503
5,0.179167,26,0.67083337,0.1715132,0.2079554,0.2958157
5,0.183333,26,0.67187504,0.1714801,0.2078827,0.2957819
5,0.187500,26,0.67291670,0.1714471,0.2078101,0.2957483
5,0.191667,26,0.67395837,0.1714156,0.2077392,0.2957163
5,0.195833,26,0.67500004,0.1713845,0.2076686,0.2956849
5,0.200000,26,0.67604170,0.1713558,0.2076006,0.2956556
5,0.204167,26,0.67708337,0.1713277,0.2075333,0.2956273
5,0.208333,26,0.67812504,0.1713029,0.2074694,0.2956023
5,0.212500,26,0.67916670,0.1712789,0.2074062,0.2955779
5,0.216667,26,0.68020837,0.1712588,0.2073473,0.2955578
5,0.220833,26,0.68125004,0.1712395,0.2072891,0.2955385
5,0.225000,26,0.68229170,0.1712248,0.2072354,0.2955238
5,0.229167,26,0.68333337,0.1712108,0.2071826,0.2955099
5,0.233333,26,0.68437504,0.1712016,0.2071348,0.2955009
5,0.237500,26,0.68541670,0.1711930,0.2070875,0.2954925
5,0.241667,26,0.68645837,0.1711893,0.2070451,0.2954889
5,0.245833,26,0.68750004,0.1711857,0.2070030,0.2954856
5,0.250000,26,0.68854170,0.1711869,0.2069656,0.2954870
5,0.254167,26,0.68958337,0.1711881,0.2069282,0.2954884
5,0.258333,26,0.69062504,0.1711942,0.2068958,0.2954950
5,0.262500,26,0.69166670,0.1712002,0.2068634,0.2955014
5,0.266667,26,0.69270837,0.1712111,0.2068358,0.2955127
5,0.270833,26,0.69375004,0.1712219,0.2068082,0.2955239
5,0.275000,26,0.69479170,0.1712374,0.2067853,0.2955399
5,0.279167,26,0.69583337,0.1712528,0.2067624,0.2955558
5,0.283333,26,0.69687504,0.1712727,0.2067440,0.2955763
5,0.287500,26,0.69791670,0.1712925,0.2067256,0.2955967
5,0.291667,26,0.69895837,0.1713163,0.2067112,0.2956213
5,0.295833,26,0.70000004,0.1713400,0.2066969,0.2956459
5,0.300000,26,0.70104170,0.1713671,0.2066859,0.2956741
5,0.304167,26,0.70208337,0.1713942,0.2066749,0.2957022
5,0.308333,26,0.70312504,0.1714240,0.2066667,0.2957332
5,0.312500,26,0.70416670,0.1714538,0.2066585,0.2957641
5,0.316667,26,0.70520837,0.1714855,0.2066524,0.2957972
5,0.320833,26,0.70625004,0.1715171,0.2066462,0.2958304
5,0.325000,26,0.70729170,0.1715498,0.2066412,0.2958648
5,0.329167,26,0.70833337,0.1715824,0.2066362,0.2958993
5,0.333333,26,0.70937504,0.1716151,0.2066314,0.2959341
5,0.337500,26,0.71041670,0.1716478,0.2066265,0.2959688
5,0.341667,26,0.71145837,0.1716796,0.2066210,0.2960030
5,0.345833,26,0.71250004,0.1717114,0.2066155,0.2960374
5,0.350000,26,0.71354170,0.1717413,0.2066081,0.2960699
5,0.354167,26,0.71458337,0.1717712,0.2066008,0.2961029
5,0.358333,26,0.71562504,0.1717983,0.2065910,0.2961333
5,0.362500,26,0.71666670,0.1718254,0.2065811,0.2961641
5,0.366667,26,0.71770837,0.1718489,0.2065678,0.2961916
5,0.370833,26,0.71875004,0.1718723,0.2065545,0.2962192
5,0.375000,26,0.71979170,0.1718913,0.2065369,0.2962427
5,0.379167,26,0.72083337,0.1719103,0.2065194,0.2962665
5,0.383333,26,0.72187504,0.1719243,0.2064971,0.2962857
5,0.387500,26,0.72291670,0.1719383,0.2064750,0.2963054
5,0.391667,26,0.72395837,0.1719469,0.2064475,0.2963201
5,0.395833,26,0.72500004,0.1719554,0.2064202,0.2963356
5,0.400000,26,0.72604170,0.1719583,0.2063875,0.2963457
5,0.404167,26,0.72708337,0.1719612,0.2063549,0.2963563
5,0.408333,26,0.72812504,0.1719584,0.2063167,0.2963616
5,0.412500,26,0.72916670,0.1719557,0.2062787,0.2963673
5,0.416667,26,0.73020837,0.1719475,0.2062355,0.2963683
5,0.420833,26,0.73125004,0.1719394,0.2061927,0.2963701
5,0.425000,26,0.73229170,0.1719263,0.2061450,0.2963677
5,0.429167,26,0.73333337,0.1719133,0.2060976,0.2963663
5,0.433333,26,0.73437504,0.1718961,0.2060464,0.2963613
5,0.437500,26,0.73541671,0.1718789,0.2059953,0.2963569
5,0.441667,26,0.73645837,0.1718586,0.2059414,0.2963503
5,0.445833,26,0.73750004,0.1718383,0.2058876,0.2963443
5,0.450000,26,0.73854171,0.1718161,0.2058323,0.2963374
5,0.454167,26,0.73958337,0.1717938,0.2057772,0.2963314
5,0.458333,26,0.74062504,0.1717711,0.2057221,0.2963262
5,0.462500,26,0.74166671,0.1717484,0.2056673,0.2963226
5,0.466667,26,0.74270837,0.1717269,0.2056140,0.2963210
5,0.470833,26,0.74375004,0.1717053,0.2055609,0.2963203
5,0.475000,26,0.74479171,0.1716866,0.2055110,0.2963236
5,0.479167,26,0.74583337,0.1716679,0.2054615,0.2963277
5,0.483333,26,0.74687504,0.1716538,0.2054169,0.2963381
5,0.487500,26,0.74791671,0.1716398,0.2053728,0.2963499
5,0.491667,26,0.74895837,0.1716323,0.2053357,0.2963700
5,0.495833,26,0.75000004,0.1716247,0.2052991,0.2963920
5,0.500000,26,0.75104171,0.1716255,0.2052714,0.2964238
5,0.504167,26,0.75208337,0.1716263,0.2052439,0.2964565
5,0.508333,26,0.75312504,0.1716372,0.2052270,0.2965012
5,0.512500,26,0.75416671,0.1716480,0.2052106,0.2965473
5,0.516667,26,0.75520837,0.1716706,0.2052063,0.2966069
5,0.520833,26,0.75625004,0.1716931,0.2052025,0.2966687
5,0.525000,26,0.75729171,0.1717289,0.2052127,0.2967459
5,0.529167,26,0.75833337,0.1717646,0.2052235,0.2968256
5,0.533333,26,0.75937504,0.1718147,0.2052492,0.2969218
5,0.537500,26,0.76041671,0.1718648,0.2052755,0.2970196
5,0.541667,26,0.76145837,0.1719303,0.2053177,0.2971349
5,0.545833,26,0.76250004,0.1719958,0.2053605,0.2972524
5,0.550000,26,0.76354171,0.1720775,0.2054202,0.2973884
5,0.554167,26,0.76458337,0.1721592,0.2054806,0.2975272
5,0.558333,26,0.76562504,0.1722575,0.2055586,0.2976858
5,0.562500,26,0.76666671,0.1723559,0.2056374,0.2978474
5,0.566667,26,0.76770837,0.1724710,0.2057339,0.2980288
5,0.570833,26,0.76875004,0.1725863,0.2058309,0.2982124
5,0.575000,26,0.76979171,0.1727182,0.2059455,0.2984154
5,0.579167,26,0.77083337,0.1728502,0.2060608,0.2986211
5,0.583333,26,0.77187504,0.1729988,0.2061936,0.2988468
5,0.587500,26,0.77291671,0.1731474,0.2063274,0.2990758
5,0.591667,26,0.77395837,0.1733121,0.2064783,0.2993247
5,0.595833,26,0.77500004,0.1734768,0.2066303,0.2995777
5,0.600000,26,0.77604171,0.1736570,0.2067989,0.2998497
5,0.604167,26,0.77708337,0.1738372,0.2069682,0.3001245
5,0.608333,26,0.77812504,0.1740323,0.2071533,0.3004176
5,0.612500,26,0.77916671,0.1742274,0.2073395,0.3007144
5,0.616667,26,0.78020837,0.1744367,0.2075409,0.3010293
5,0.620833,26,0.78125004,0.1746460,0.2077434,0.3013481
5,0.625000,26,0.78229171,0.1748688,0.2079607,0.3016852
5,0.629167,26,0.78333337,0.1750917,0.2081793,0.3020271
5,0.633333,26,0.78437504,0.1753275,0.2084120,0.3023863
5,0.637500,26,0.78541671,0.1755632,0.2086458,0.3027492
5,0.641667,26,0.78645837,0.1758116,0.2088933,0.3031285
5,0.645833,26,0.78750004,0.1760599,0.2091418,0.3035122
5,0.650000,26,0.78854171,0.1763206,0.2094042,0.3039129
5,0.654167,26,0.78958337,0.1765814,0.2096678,0.3043187
5,0.658333,26,0.79062504,0.1768545,0.2099454,0.3047424
5,0.662500,26,0.79166671,0.1771276,0.2102246,0.3051715
5,0.666667,26,0.79270837,0.1774135,0.2105178,0.3056186
5,0.670833,26,0.79375004,0.1776994,0.2108122,0.3060699
5,0.675000,26,0.79479171,0.1779985,0.2111214,0.3065393
5,0.679167,26,0.79583337,0.1782977,0.2114319,0.3070138
5,0.683333,26,0.79687504,0.1786110,0.2117580,0.3075080
5,0.687500,26,0.79791671,0.1789243,0.2120856,0.3080076
5,0.691667,26,0.79895838,0.1792529,0.2124304,0.3085287
5,0.695833,26,0.80000004,0.1795815,0.2127768,0.3090562
5,0.700000,26,0.80104171,0.1799267,0.2131414,0.3096059
5,0.704167,26,0.80208338,0.1802719,0.2135072,0.3101605
5,0.708333,26,0.80312504,0.1806351,0.2138929,0.3107388
5,0.712500,26,0.80416671,0.1809983,0.2142799,0.3113225
5,0.716667,26,0.80520838,0.1813811,0.2146884,0.3119320
5,0.720833,26,0.80625004,0.1817639,0.2150985,0.3125477
5,0.725000,26,0.80729171,0.1821678,0.2155317,0.3131911
5,0.729167,26,0.80833338,0.1825717,0.2159667,0.3138412
5,0.733333,26,0.80937504,0.1829982,0.2164261,0.3145204
5,0.737500,26,0.81041671,0.1834247,0.2168871,0.3152051
5,0.741667,26,0.81145838,0.1838750,0.2173736,0.3159195
5,0.745833,26,0.81250004,0.1843253,0.2178618,0.3166398
5,0.750000,26,0.81354171,0.1848004,0.2183768,0.3173919
5,0.754167,26,0.81458338,0.1852756,0.2188935,0.3181500
5,0.758333,26,0.81562504,0.1857761,0.2194376,0.3189406
5,0.762500,26,0.81666671,0.1862768,0.2199838,0.3197385
5,0.766667,26,0.81770838,0.1868030,0.2205576,0.3205685
5,0.770833,26,0.81875004,0.1873293,0.2211331,0.3214043
5,0.775000,26,0.81979171,0.1878809,0.2217358,0.3222719
5,0.779167,26,0.82083338,0.1884325,0.2223403,0.3231456
5,0.783333,26,0.82187504,0.1890087,0.2229712,0.3240503
5,0.787500,26,0.82291671,0.1895849,0.2236041,0.3249617
5,0.791667,26,0.82395838,0.1901842,0.2242621,0.3259031
5,0.795833,26,0.82500004,0.1907836,0.2249223,0.3268516
5,0.800000,26,0.82604171,0.1914042,0.2256057,0.3278280
5,0.804167,26,0.82708338,0.1920248,0.2262908,0.3288101
5,0.808333,26,0.82812504,0.1926642,0.2269967,0.3298171
5,0.812500,26,0.82916671,0.1933037,0.2277043,0.3308304
5,0.816667,26,0.83020838,0.1939591,0.2284299,0.3318658
5,0.820833,26,0.83125004,0.1946146,0.2291574,0.3329076
5,0.825000,26,0.83229171,0.1952828,0.2298997,0.3339687
5,0.829167,26,0.83333338,0.1959510,0.2306439,0.3350362
5,0.833333,26,0.83437504,0.1966283,0.2313993,0.3361191
5,0.837500,26,0.83541671,0.1973058,0.2321564,0.3372077
5,0.841667,26,0.83645838,0.1979889,0.2329210,0.3383077
5,0.845833,26,0.83750004,0.1986719,0.2336874,0.3394132
5,0.850000,26,0.83854171,0.1993570,0.2344576,0.3405263
5,0.854167,26,0.83958338,0.2000421,0.2352296,0.3416449
5,0.858333,26,0.84062504,0.2007257,0.2360020,0.3427677
5,0.862500,26,0.84166671,0.2014093,0.2367761,0.3438961
5,0.866667,26,0.84270838,0.2020881,0.2375474,0.3450252
5,0.870833,26,0.84375004,0.2027670,0.2383204,0.3461590
5,0.875000,26,0.84479171,0.2034384,0.2390875,0.3472904
5,0.879167,26,0.84583338,0.2041098,0.2398563,0.3484264
5,0.883333,26,0.84687504,0.2047715,0.2406169,0.3495573
5,0.887500,26,0.84791671,0.2054332,0.2413791,0.3506925
5,0.891667,26,0.84895838,0.2060834,0.2421316,0.3518206
5,0.895833,26,0.85000004,0.2067338,0.2428856,0.3529531
5,0.900000,26,0.85104171,0.2073718,0.2436288,0.3540775
5,0.904167,26,0.85208338,0.2080098,0.2443735,0.3552054
5,0.908333,26,0.85312504,0.2086353,0.2451072,0.3563250
5,0.912500,26,0.85416671,0.2092609,0.2458422,0.3574476
5,0.916667,26,0.85520838,0.2098745,0.2465667,0.3585616
5,0.920833,26,0.85625004,0.2104881,0.2472925,0.3596784
5,0.925000,26,0.85729171,0.2110910,0.2480088,0.3607874
5,0.929167,26,0.85833338,0.2116938,0.2487262,0.3618988
5,0.933333,26,0.85937504,0.2122879,0.2494361,0.3630040
5,0.937500,26,0.86041671,0.2128820,0.2501470,0.3641115
5,0.941667,26,0.86145838,0.2134696,0.2508527,0.3652146
5,0.945833,26,0.86250004,0.2140573,0.2515595,0.3663195
5,0.950000,26,0.86354171,0.2146412,0.2522635,0.3674224
5,0.954167,26,0.86458338,0.2152251,0.2529684,0.3685262
5,0.958333,26,0.86562505,0.2158082,0.2536733,0.3696303
5,0.962500,26,0.86666671,0.2163914,0.2543789,0.3707347
5,0.966667,26,0.86770838,0.2169766,0.2550874,0.3718421
5,0.970833,26,0.86875005,0.2175618,0.2557968,0.3729503
5,0.975000,26,0.86979171,0.2181519,0.2565117,0.3740636
5,0.979167,26,0.87083338,0.2187419,0.2572272,0.3751769
5,0.983333,26,0.87187505,0.2193390,0.2579503,0.3762969
5,0.987500,26,0.87291671,0.2199361,0.2586739,0.3774160
5,0.991667,26,0.87395838,0.2205419,0.2594064,0.3785426
5,0.995833,26,0.87500005,0.2211477,0.2601392,0.3796676
5,1.000000,26,0.87604171,0.2217630,0.2608819,0.3808012
5,1.004167,26,0.87708338,0.2223783,0.2616249,0.3819336
5,1.008333,26,0.87812505,0.2230030,0.2623778,0.3830742
5,1.012500,26,0.87916671,0.2236277,0.2631306,0.3842126
5,1.016667,26,0.88020838,0.2242604,0.2638917,0.3853569
5,1.020833,26,0.88125005,0.2248932,0.2646528,0.3864985
5,1.025000,26,0.88229171,0.2255318,0.2654195,0.3876427
5,1.029167,26,0.88333338,0.2261703,0.2661858,0.3887834
5,1.033333,26,0.88437505,0.2268110,0.2669543,0.3899233
5,1.037500,26,0.88541671,0.2274517,0.2677227,0.3910604
5,1.041667,26,0.88645838,0.2280899,0.2684885,0.3921921
5,1.045833,26,0.88750005,0.2287281,0.2692540,0.3933199
5,1.050000,26,0.88854171,0.2293581,0.2700110,0.3944356
5,1.054167,26,0.88958338,0.2299881,0.2707674,0.3955468
5,1.058333,26,0.89062505,0.2306033,0.2715084,0.3966382
5,1.062500,26,0.89166671,0.2312185,0.2722486,0.3977245
5,1.066667,26,0.89270838,0.2318116,0.2729663,0.3987841
5,1.070833,26,0.89375005,0.2324047,0.2736835,0.3998395
5,1.075000,26,0.89479171,0.2329681,0.2743705,0.4008607
5,1.079167,26,0.89583338,0.2335315,0.2750567,0.4018767
5,1.083333,26,0.89687505,0.2340574,0.2757048,0.4028499
5,1.087500,26,0.89791671,0.2345833,0.2763518,0.4038169
5,1.091667,26,0.89895838,0.2350640,0.2769528,0.4047327
5,1.095833,26,0.90000005,0.2355448,0.2775525,0.4056419
5,1.100000,26,0.90104171,0.2359734,0.2780993,0.4064934
5,1.104167,26,0.90208338,0.2364020,0.2786452,0.4073392
5,1.108333,26,0.90312505,0.2367723,0.2791320,0.4081213
5,1.112500,26,0.90416671,0.2371425,0.2796176,0.4088970
5,1.116667,26,0.90520838,0.2374495,0.2800391,0.4096034
5,1.120833,26,0.90625005,0.2377565,0.2804592,0.4103027
5,1.125000,26,0.90729171,0.2379967,0.2808112,0.4109283
5,1.129167,26,0.90833338,0.2382368,0.2811616,0.4115463
5,1.133333,26,0.90937505,0.2384084,0.2814425,0.4120895
5,1.137500,26,0.91041671,0.2385800,0.2817221,0.4126264
5,1.141667,26,0.91145838,0.2386833,0.2819324,0.4130889
5,1.145833,26,0.91250005,0.2387865,0.2821413,0.4135447
5,1.150000,26,0.91354171,0.2388235,0.2822829,0.4139275
5,1.154167,26,0.91458338,0.2388605,0.2824228,0.4143029
5,1.158333,26,0.91562505,0.2388357,0.2824995,0.4146092
5,1.162500,26,0.91666671,0.2388108,0.2825744,0.4149078
5,1.166667,26,0.91770838,0.2387305,0.2825925,0.4151441
5,1.170833,26,0.91875005,0.2386501,0.2826094,0.4153743
5,1.175000,26,0.91979171,0.2385226,0.2825780,0.4155512
5,1.179167,26,0.92083338,0.2383952,0.2825451,0.4157211
5,1.183333,26,0.92187505,0.2382307,0.2824739,0.4158474
5,1.187500,26,0.92291671,0.2380662,0.2824010,0.4159665
5,1.191667,26,0.92395838,0.2378764,0.2823012,0.4160531
5,1.195833,26,0.92500005,0.2376865,0.2821997,0.4161322
5,1.200000,26,0.92604171,0.2374841,0.2820842,0.4161923
5,1.204167,26,0.92708338,0.2372817,0.2819674,0.4162465
5,1.208333,26,0.92812505,0.2370805,0.2818505,0.4162958
5,1.212500,26,0.92916672,0.2368793,0.2817321,0.4163389
5,1.216667,26,0.93020838,0.2366931,0.2816274,0.4163906
5,1.220833,26,0.93125005,0.2365069,0.2815211,0.4164358
5,1.225000,26,0.93229172,0.2363498,0.2814424,0.4165038
5,1.229167,26,0.93333338,0.2361926,0.2813620,0.4165648
5,1.233333,26,0.93437505,0.2360780,0.2813226,0.4166625
5,1.237500,26,0.93541672,0.2359633,0.2812819,0.4167548
5,1.241667,26,0.93645838,0.2359035,0.2812950,0.4168968
5,1.245833,26,0.93750005,0.2358436,0.2813065,0.4170332
5,1.250000,26,0.93854172,0.2358496,0.2813827,0.4172301
5,1.254167,26,0.93958338,0.2358556,0.2814572,0.4174212
5,1.258333,26,0.94062505,0.2359368,0.2816055,0.4176819
5,1.262500,26,0.94166672,0.2360179,0.2817522,0.4179367
5,1.266667,26,0.94270838,0.2361811,0.2819799,0.4182687
5,1.270833,26,0.94375005,0.2363444,0.2822063,0.4185962
5,1.275000,26,0.94479172,0.2365946,0.2825185,0.4190065
5,1.279167,26,0.94583338,0.2368447,0.2828295,0.4194121
5,1.283333,26,0.94687505,0.2371841,0.2832285,0.4199024
5,1.287500,26,0.94791672,0.2375235,0.2836260,0.4203881
5,1.291667,26,0.94895838,0.2379516,0.2841112,0.4209581
5,1.295833,26,0.95000005,0.2383798,0.2845949,0.4215232
5,1.300000,26,0.95104172,0.2388938,0.2851634,0.4221703
5,1.304167,26,0.95208338,0.2394077,0.2857307,0.4228137
5,1.308333,26,0.95312505,0.2400021,0.2863775,0.4235345
5,1.312500,26,0.95416672,0.2405965,0.2870232,0.4242516
5,1.316667,26,0.95520838,0.2412635,0.2877406,0.4250382
5,1.320833,26,0.95625005,0.2419306,0.2884566,0.4258209
5,1.325000,26,0.95729172,0.2426605,0.2892346,0.4266630
5,1.329167,26,0.95833338,0.2433904,0.2900114,0.4275016
5,1.333333,26,0.95937505,0.2441716,0.2908386,0.4283885
5,1.337500,26,0.96041672,0.2449529,0.2916649,0.4292730
5,1.341667,26,0.96145838,0.2457729,0.2925290,0.4301937
5,1.345833,26,0.96250005,0.2465928,0.2933922,0.4311120
5,1.350000,26,0.96354172,0.2474377,0.2942796,0.4320528
5,1.354167,26,0.96458338,0.2482826,0.2951659,0.4329909
5,1.358333,26,0.96562505,0.2491384,0.2960622,0.4339374
5,1.362500,26,0.96666672,0.2499941,0.2969574,0.4348810
5,1.366667,26,0.96770838,0.2508467,0.2978488,0.4358196
5,1.370833,26,0.96875005,0.2516992,0.2987393,0.4367564
5,1.375000,26,0.96979172,0.2525349,0.2996123,0.4376747
5,1.379167,26,0.97083338,0.2533706,0.3004845,0.4385916
5,1.383333,26,0.97187505,0.2541768,0.3013264,0.4394769
5,1.387500,26,0.97291672,0.2549829,0.3021675,0.4403606
5,1.391667,26,0.97395838,0.2557479,0.3029668,0.4412015
5,1.395833,26,0.97500005,0.2565129,0.3037652,0.4420403
5,1.400000,26,0.97604172,0.2572267,0.3045119,0.4428266
5,1.404167,26,0.97708338,0.2579405,0.3052579,0.4436121
5,1.408333,26,0.97812505,0.2585950,0.3059440,0.4443370
5,1.412500,26,0.97916672,0.2592495,0.3066294,0.4450609
5,1.416667,26,0.98020838,0.2598383,0.3072486,0.4457182
5,1.420833,26,0.98125005,0.2604271,0.3078671,0.4463743
5,1.425000,26,0.98229172,0.2609459,0.3084151,0.4469593
5,1.429167,26,0.98333338,0.2614647,0.3089623,0.4475429
5,1.433333,26,0.98437505,0.2619114,0.3094369,0.4480536
5,1.437500,26,0.98541672,0.2623580,0.3099108,0.4485635
5,1.441667,26,0.98645838,0.2627322,0.3103119,0.4490005
5,1.445833,26,0.98750005,0.2631063,0.3107123,0.4494368
5,1.450000,26,0.98854172,0.2634096,0.3110415,0.4498016
5,1.454167,26,0.98958338,0.2637128,0.3113700,0.4501657
5,1.458333,26,0.99062505,0.2639483,0.3116303,0.4504613
5,1.462500,26,0.99166672,0.2641838,0.3118900,0.4507558
5,1.466667,26,0.99270839,0.2643562,0.3120862,0.4509868
5,1.470833,26,0.99375005,0.2645285,0.3122818,0.4512173
5,1.475000,26,0.99479172,0.2646435,0.3124197,0.4513902
5,1.479167,26,0.99583339,0.2647584,0.3125570,0.4515628
5,1.483333,26,0.99687505,0.2648224,0.3126431,0.4516840
5,1.487500,26,0.99791672,0.2648865,0.3127286,0.4518047
5,1.491667,26,0.99895839,0.2649067,0.3127700,0.4518810
5,1.495833,26,1.00000005,0.2649268,0.3128108,0.4519568
5,1.500000,26,1.00104172,0.2649104,0.3128145,0.4519951
5,1.504167,26,1.00208339,0.2648939,0.3128179,0.4520334
5,1.508333,26,1.00312505,0.2648480,0.3127913,0.4520423
5,1.512500,26,1.00416672,0.2648021,0.3127645,0.4520507
5,1.516667,26,1.00520839,0.2647335,0.3127145,0.4520361
5,1.520833,26,1.00625005,0.2646649,0.3126641,0.4520212
5,1.525000,26,1.00729172,0.2645798,0.3125969,0.4519893
5,1.529167,26,1.00833339,0.2644948,0.3125293,0.4519569
5,1.533333,26,1.00937505,0.2643988,0.3124503,0.4519130
5,1.537500,26,1.01041672,0.2643028,0.3123709,0.4518690
5,1.541667,26,1.01145839,0.2642004,0.3122849,0.4518185
5,1.545833,26,1.01250005,0.2640980,0.3121984,0.4517677
5,1.550000,26,1.01354172,0.2639928,0.3121089,0.4517139
5,1.554167,26,1.01458339,0.2638878,0.3120191,0.4516598
5,1.558333,26,1.01562505,0.2637826,0.3119288,0.4516049
5,1.562500,26,1.01666672,0.2636775,0.3118382,0.4515497
5,1.566667,26,1.01770839,0.2635740,0.3117489,0.4514957
5,1.570833,26,1.01875005,0.2634706,0.3116592,0.4514417
5,1.575000,26,1.01979172,0.2633696,0.3115718,0.4513896
5,1.579167,26,1.02083339,0.2632686,0.3114840,0.4513375
5,1.583333,26,1.02187505,0.2631703,0.3113984,0.4512873
5,1.587500,26,1.02291672,0.2630719,0.3113125,0.4512367
5,1.591667,26,1.02395839,0.2629756,0.3112283,0.4511878
5,1.595833,26,1.02500005,0.2628792,0.3111438,0.4511383
5,1.600000,26,1.02604172,0.2627838,0.3110598,0.4510893
5,1.604167,26,1.02708339,0.2626883,0.3109755,0.4510399
5,1.608333,26,1.02812505,0.2625924,0.3108905,0.4509898
5,1.612500,26,1.02916672,0.2624965,0.3108052,0.4509393
5,1.616667,26,1.03020839,0.2623986,0.3107176,0.4508864
5,1.620833,26,1.03125005,0.2623007,0.3106296,0.4508328
5,1.625000,26,1.03229172,0.2621993,0.3105378,0.4507754
5,1.629167,26,1.03333339,0.2620979,0.3104458,0.4507173
5,1.633333,26,1.03437505,0.2619916,0.3103485,0.4506538
5,1.637500,26,1.03541672,0.2618852,0.3102509,0.4505899
5,1.641667,26,1.03645839,0.2617729,0.3101471,0.4505196
5,1.645833,26,1.03750005,0.2616605,0.3100429,0.4504488
5,1.650000,26,1.03854172,0.2615414,0.3099317,0.4503707
5,1.654167,26,1.03958339,0.2614224,0.3098202,0.4502922
5,1.658333,26,1.04062505,0.2612962,0.3097014,0.4502060
5,1.662500,26,1.04166672,0.2611701,0.3095825,0.4501193
5,1.666667,26,1.04270839,0.2610372,0.3094563,0.4500253
5,1.670833,26,1.04375005,0.2609042,0.3093300,0.4499305
5,1.675000,26,1.04479172,0.2607651,0.3091971,0.4498292
5,1.679167,26,1.04583339,0.2606260,0.3090641,0.4497276
5,1.683333,26,1.04687505,0.2604818,0.3089257,0.4496200
5,1.687500,26,1.04791672,0.2603376,0.3087871,0.4495123
5,1.691667,26,1.04895839,0.2601899,0.3086447,0.4494002
5,1.695833,26,1.05000005,0.2600422,0.3085021,0.4492876
5,1.700000,26,1.05104172,0.2598928,0.3083575,0.4491726
5,1.704167,26,1.05208339,0.2597434,0.3082127,0.4490572
5,1.708333,26,1.05312505,0.2595943,0.3080681,0.4489415
5,1.712500,26,1.05416672,0.2594453,0.3079232,0.4488254
5,1.716667,26,1.05520839,0.2592987,0.3077806,0.4487111
5,1.720833,26,1.05625006,0.2591523,0.3076379,0.4485964
5,1.725000,26,1.05729172,0.2590105,0.3074996,0.4484856
5,1.729167,26,1.05833339,0.2588687,0.3073613,0.4483747
5,1.733333,26,1.05937506,0.2587338,0.3072295,0.4482698
5,1.737500,26,1.06041672,0.2585989,0.3070975,0.4481643
5,1.741667,26,1.06145839,0.2584727,0.3069741,0.4480671
5,1.745833,26,1.06250006,0.2583466,0.3068506,0.4479695
5,1.750000,26,1.06354172,0.2582308,0.3067371,0.4478813
5,1.754167,26,1.06458339,0.2581150,0.3066235,0.4477929
5,1.758333,26,1.06562506,0.2580108,0.3065213,0.4477154
5,1.762500,26,1.06666672,0.2579066,0.3064191,0.4476374
5,1.766667,26,1.06770839,0.2578150,0.3063291,0.4475713
5,1.770833,26,1.06875006,0.2577233,0.3062390,0.4475046
5,1.775000,26,1.06979172,0.2576445,0.3061616,0.4474503
5,1.779167,26,1.07083339,0.2575658,0.3060841,0.4473954
5,1.783333,26,1.07187506,0.2574999,0.3060192,0.4473530
5,1.787500,26,1.07291672,0.2574341,0.3059543,0.4473101
5,1.791667,26,1.07395839,0.2573806,0.3059016,0.4472789
5,1.795833,26,1.07500006,0.2573272,0.3058489,0.4472473
5,1.800000,26,1.07604172,0.2572854,0.3058075,0.4472269
5,1.804167,26,1.07708339,0.2572435,0.3057661,0.4472059
5,1.808333,26,1.07812506,0.2572121,0.3057349,0.4471947
5,1.812500,26,1.07916672,0.2571807,0.3057036,0.4471829
5,1.816667,26,1.08020839,0.2571582,0.3056810,0.4471797
5,1.820833,26,1.08125006,0.2571357,0.3056585,0.4471760
5,1.825000,26,1.08229172,0.2571204,0.3056429,0.4471791
5,1.829167,26,1.08333339,0.2571052,0.3056274,0.4471817
5,1.833333,26,1.08437506,0.2570955,0.3056172,0.4471895
5,1.837500,26,1.08541672,0.2570857,0.3056070,0.4471968
5,1.841667,26,1.08645839,0.2570796,0.3056001,0.4472069
5,1.845833,26,1.08750006,0.2570736,0.3055933,0.4472169
5,1.850000,26,1.08854172,0.2570694,0.3055883,0.4472282
5,1.854167,26,1.08958339,0.2570653,0.3055833,0.4472392
5,1.858333,26,1.09062506,0.2570613,0.3055784,0.4472500
5,1.862500,26,1.09166672,0.2570575,0.3055734,0.4472604
5,1.866667,26,1.09270839,0.2570525,0.3055672,0.4472693
5,1.870833,26,1.09375006,0.2570475,0.3055609,0.4472778
5,1.875000,26,1.09479172,0.2570403,0.3055523,0.4472834
5,1.879167,26,1.09583339,0.2570329,0.3055436,0.4472888
5,1.883333,26,1.09687506,0.2570225,0.3055316,0.4472906
5,1.887500,26,1.09791672,0.2570120,0.3055196,0.4472919
5,1.891667,26,1.09895839,0.2569978,0.3055037,0.4472890
5,1.895833,26,1.10000006,0.2569836,0.3054879,0.4472861
5,1.900000,26,1.10104172,0.2569654,0.3054679,0.4472786
5,1.904167,26,1.10208339,0.2569472,0.3054479,0.4472708
5,1.908333,26,1.10312506,0.2569251,0.3054239,0.4472587
5,1.912500,26,1.10416672,0.2569030,0.3053999,0.4472463
5,1.916667,26,1.10520839,0.2568774,0.3053723,0.4472300
5,1.920833,26,1.10625006,0.2568517,0.3053446,0.4472133
5,1.925000,26,1.10729172,0.2568232,0.3053139,0.4471935
5,1.929167,26,1.10833339,0.2567947,0.3052832,0.4471735
5,1.933333,26,1.10937506,0.2567640,0.3052505,0.4471510
5,1.937500,26,1.11041672,0.2567334,0.3052176,0.4471283
5,1.941667,26,1.11145839,0.2567018,0.3051837,0.4471041
5,1.945833,26,1.11250006,0.2566701,0.3051497,0.4470796
5,1.950000,26,1.11354172,0.2566384,0.3051156,0.4470550
5,1.954167,26,1.11458339,0.2566067,0.3050816,0.4470301
5,1.958333,26,1.11562506,0.2565762,0.3050487,0.4470060
5,1.962500,26,1.11666672,0.2565457,0.3050157,0.4469818
5,1.966667,26,1.11770839,0.2565175,0.3049849,0.4469596
5,1.970833,26,1.11875006,0.2564893,0.3049542,0.4469372
5,1.975000,26,1.11979173,0.2564643,0.3049266,0.4469175
5,1.979167,26,1.12083339,0.2564394,0.3048990,0.4468979
5,1.983333,26,1.12187506,0.2564186,0.3048756,0.4468822
5,1.987500,26,1.12291673,0.2563979,0.3048522,0.4468664
5,1.991667,26,1.12395839,0.2563821,0.3048338,0.4468552
5,1.995833,26,1.12500006,0.2563663,0.3048152,0.4468438
5,2.000000,26,1.12604173,0.2563560,0.3048021,0.4468379
5,2.004167,26,1.12708339,0.2563457,0.3047890,0.4468316
5,2.008333,26,1.12812506,0.2563412,0.3047817,0.4468309
5,2.012500,26,1.12916673,0.2563368,0.3047744,0.4468301
5,2.016667,26,1.13020839,0.2563382,0.3047730,0.4468351
5,2.020833,26,1.13125006,0.2563396,0.3047715,0.4468399
5,2.025000,26,1.13229173,0.2563468,0.3047758,0.4468503
5,2.029167,26,1.13333339,0.2563540,0.3047801,0.4468607
5,2.033333,26,1.13437506,0.2563666,0.3047896,0.4468761
5,2.037500,26,1.13541673,0.2563792,0.3047993,0.4468915
5,2.041667,26,1.13645839,0.2563967,0.3048138,0.4469117
5,2.045833,26,1.13750006,0.2564142,0.3048283,0.4469316
5,2.050000,26,1.13854173,0.2564358,0.3048468,0.4469555
5,2.054167,26,1.13958339,0.2564574,0.3048653,0.4469795
5,2.058333,26,1.14062506,0.2564823,0.3048872,0.4470065
5,2.062500,26,1.14166673,0.2565072,0.3049090,0.4470334
5,2.066667,26,1.14270839,0.2565345,0.3049331,0.4470626
5,2.070833,26,1.14375006,0.2565617,0.3049571,0.4470915
5,2.075000,26,1.14479173,0.2565902,0.3049825,0.4471218
5,2.079167,26,1.14583339,0.2566187,0.3050078,0.4471519
5,2.083333,26,1.14687506,0.2566475,0.3050334,0.4471820
5,2.087500,26,1.14791673,0.2566763,0.3050589,0.4472122
5,2.091667,26,1.14895839,0.2567042,0.3050836,0.4472415
5,2.095833,26,1.15000006,0.2567322,0.3051083,0.4472707
5,2.100000,26,1.15104173,0.2567584,0.3051313,0.4472982
5,2.104167,26,1.15208339,0.2567846,0.3051543,0.4473256
5,2.108333,26,1.15312506,0.2568083,0.3051745,0.4473501
5,2.112500,26,1.15416673,0.2568318,0.3051947,0.4473746
5,2.116667,26,1.15520839,0.2568520,0.3052116,0.4473956
5,2.120833,26,1.15625006,0.2568721,0.3052284,0.4474165
5,2.125000,26,1.15729173,0.2568882,0.3052411,0.4474334
5,2.129167,26,1.15833339,0.2569043,0.3052538,0.4474504
5,2.133333,26,1.15937506,0.2569159,0.3052620,0.4474626
5,2.137500,26,1.16041673,0.2569274,0.3052701,0.4474748
5,2.141667,26,1.16145839,0.2569341,0.3052734,0.4474821
5,2.145833,26,1.16250006,0.2569408,0.3052767,0.4474893
5,2.150000,26,1.16354173,0.2569424,0.3052748,0.4474914
5,2.154167,26,1.16458339,0.2569439,0.3052729,0.4474935
5,2.158333,26,1.16562506,0.2569405,0.3052660,0.4474905
5,2.162500,26,1.16666673,0.2569371,0.3052591,0.4474875
5,2.166667,26,1.16770839,0.2569286,0.3052472,0.4474794
5,2.170833,26,1.16875006,0.2569202,0.3052352,0.4474714
5,2.175000,26,1.16979173,0.2569071,0.3052187,0.4474585
5,2.179167,26,1.17083339,0.2568940,0.3052021,0.4474458
5,2.183333,26,1.17187506,0.2568766,0.3051811,0.4474286
5,2.187500,26,1.17291673,0.2568592,0.3051602,0.4474115
5,2.191667,26,1.17395839,0.2568380,0.3051354,0.4473904
5,2.195833,26,1.17500006,0.2568168,0.3051106,0.4473694
5,2.200000,26,1.17604173,0.2567923,0.3050824,0.4473450
5,2.204167,26,1.17708339,0.2567677,0.3050544,0.4473207
5,2.208333,26,1.17812506,0.2567406,0.3050236,0.4472937
5,2.212500,26,1.17916673,0.2567134,0.3049928,0.4472665
5,2.216667,26,1.18020839,0.2566842,0.3049600,0.4472376
5,2.220833,26,1.18125006,0.2566550,0.3049272,0.4472083
5,2.225000,26,1.18229173,0.2566244,0.3048929,0.4471778
5,2.229167,26,1.18333340,0.2565937,0.3048586,0.4471473
5,2.233333,26,1.18437506,0.2565623,0.3048235,0.4471159
5,2.237500,26,1.18541673,0.2565309,0.3047885,0.4470847
5,2.241667,26,1.18645840,0.2564994,0.3047533,0.4470531
5,2.245833,26,1.18750006,0.2564678,0.3047181,0.4470215
5,2.250000,26,1.18854173,0.2564366,0.3046832,0.4469904
5,2.254167,26,1.18958340,0.2564054,0.3046483,0.4469591
5,2.258333,26,1.19062506,0.2563751,0.3046143,0.4469289
5,2.262500,26,1.19166673,0.2563448,0.3045804,0.4468986
5,2.266667,26,1.19270840,0.2563158,0.3045476,0.4468698
5,2.270833,26,1.19375006,0.2562869,0.3045149,0.4468408
5,2.275000,26,1.19479173,0.2562595,0.3044840,0.4468135
5,2.279167,26,1.19583340,0.2562322,0.3044529,0.4467861
5,2.283333,26,1.19687506,0.2562069,0.3044239,0.4467608
5,2.287500,26,1.19791673,0.2561816,0.3043949,0.4467355
5,2.291667,26,1.19895840,0.2561585,0.3043680,0.4467125
5,2.295833,26,1.20000006,0.2561353,0.3043411,0.4466892
5,2.300000,26,1.20104173,0.2561145,0.3043166,0.4466685
5,2.304167,26,1.20208340,0.2560937,0.3042920,0.4466477
5,2.308333,26,1.20312506,0.2560753,0.3042699,0.4466293
5,2.312500,26,1.20416673,0.2560569,0.3042477,0.4466107
5,2.316667,26,1.20520840,0.2560408,0.3042279,0.4465948
5,2.320833,26,1.20625006,0.2560248,0.3042081,0.4465787
5,2.325000,26,1.20729173,0.2560111,0.3041907,0.4465650
5,2.329167,26,1.20833340,0.2559974,0.3041733,0.4465514
5,2.333333,26,1.20937506,0.2559860,0.3041582,0.4465400
5,2.337500,26,1.21041673,0.2559746,0.3041430,0.4465285
5,2.341667,26,1.21145840,0.2559652,0.3041298,0.4465192
5,2.345833,26,1.21250006,0.2559559,0.3041167,0.4465099
5,2.350000,26,1.21354173,0.2559484,0.3041056,0.4465024
5,2.354167,26,1.21458340,0.2559410,0.3040944,0.4464950
5,2.358333,26,1.21562506,0.2559352,0.3040849,0.4464892
5,2.362500,26,1.21666673,0.2559295,0.3040755,0.4464836
5,2.366667,26,1.21770840,0.2559253,0.3040675,0.4464793
5,2.370833,26,1.21875006,0.2559210,0.3040595,0.4464750
5,2.375000,26,1.21979173,0.2559180,0.3040527,0.4464720
5,2.379167,26,1.22083340,0.2559150,0.3040459,0.4464690
5,2.383333,26,1.22187506,0.2559131,0.3040403,0.4464671
5,2.387500,26,1.22291673,0.2559112,0.3040347,0.4464651
5,2.391667,26,1.22395840,0.2559102,0.3040300,0.4464642
5,2.395833,28,1.22500006,0.2559093,0.3040253,0.4464633
5,2.400000,28,1.22604173,0.2559093,0.3040224,0.4464642
5,2.404167,28,1.22708340,0.2559093,0.3040196,0.4464650
5,2.408333,28,1.22812506,0.2559093,0.3040167,0.4464658
5,2.412500,28,1.22916673,0.2559093,0.3040140,0.4464668
5,2.416667,28,1.23020840,0.2559093,0.3040113,0.4464678
5,2.420833,28,1.23125006,0.2559093,0.3040085,0.4464688
5,2.425000,28,1.23229173,0.2559093,0.3040059,0.4464698
5,2.429167,28,1.23333340,0.2559093,0.3040033,0.4464709
5,2.433333,28,1.23437506,0.2559093,0.3040009,0.4464722
5,2.437500,28,1.23541673,0.2559093,0.3039984,0.4464734
5,2.441667,28,1.23645840,0.2559093,0.3039961,0.4464748
5,2.445833,28,1.23750006,0.2559093,0.3039939,0.4464761
5,2.450000,28,1.23854173,0.2559093,0.3039917,0.4464777
5,2.454167,28,1.23958340,0.2559093,0.3039895,0.4464791
5,2.458333,28,1.24062506,0.2559093,0.3039875,0.4464808
5,2.462500,28,1.24166673,0.2559093,0.3039855,0.4464825
5,2.466667,28,1.24270840,0.2559093,0.3039836,0.4464842
5,2.470833,28,1.24375006,0.2559093,0.3039818,0.4464861
5,2.475000,28,1.24479173,0.2559093,0.3039801,0.4464879
5,2.479167,28,1.24583340,0.2559093,0.3039784,0.4464898
5,2.483333,28,1.24687507,0.2559093,0.3039769,0.4464919
5,2.487500,28,1.24791673,0.2559093,0.3039753,0.4464940
5,2.491667,28,1.24895840,0.2559093,0.3039739,0.4464961
5,2.495833,28,1.25000007,0.2559093,0.3039725,0.4464982
5,2.500000,27,1.25104173,0.2559101,0.3039697,0.4464990
5,2.504167,27,1.25208340,0.2559109,0.3039670,0.4464998
5,2.508333,27,1.25312507,0.2559127,0.3039651,0.4465014
5,2.512500,27,1.25416673,0.2559144,0.3039632,0.4465031
5,2.516667,27,1.25520840,0.2559171,0.3039624,0.4465058
5,2.520833,27,1.25625007,0.2559199,0.3039615,0.4465084
5,2.525000,27,1.25729173,0.2559239,0.3039619,0.4465123
5,2.529167,27,1.25833340,0.2559279,0.3039622,0.4465162
5,2.533333,27,1.25937507,0.2559334,0.3039640,0.4465213
5,2.537500,27,1.26041673,0.2559389,0.3039657,0.4465265
5,2.541667,27,1.26145840,0.2559461,0.3039691,0.4465334
5,2.545833,27,1.26250007,0.2559533,0.3039725,0.4465402
5,2.550000,27,1.26354173,0.2559625,0.3039778,0.4465490
5,2.554167,27,1.26458340,0.2559716,0.3039830,0.4465575
5,2.558333,27,1.26562507,0.2559830,0.3039903,0.4465683
5,2.562500,27,1.26666673,0.2559942,0.3039976,0.4465789
5,2.566667,27,1.26770840,0.2560079,0.3040071,0.4465918
5,2.570833,27,1.26875007,0.2560215,0.3040167,0.4466046
5,2.575000,27,1.26979173,0.2560375,0.3040286,0.4466199
5,2.579167,27,1.27083340,0.2560536,0.3040405,0.4466352
5,2.583333,27,1.27187507,0.2560721,0.3040548,0.4466528
5,2.587500,27,1.27291673,0.2560906,0.3040691,0.4466704
5,2.591667,27,1.27395840,0.2561117,0.3040860,0.4466904
5,2.595833,27,1.27500007,0.2561327,0.3041027,0.4467105
5,2.600000,27,1.27604173,0.2561562,0.3041220,0.4467331
5,2.604167,27,1.27708340,0.2561797,0.3041413,0.4467554
5,2.608333,27,1.27812507,0.2562056,0.3041629,0.4467802
5,2.612500,27,1.27916673,0.2562315,0.3041844,0.4468049
5,2.616667,27,1.28020840,0.2562595,0.3042082,0.4468319
5,2.620833,27,1.28125007,0.2562875,0.3042319,0.4468588
5,2.625000,27,1.28229173,0.2563173,0.3042576,0.4468877
5,2.629167,27,1.28333340,0.2563472,0.3042832,0.4469164
5,2.633333,27,1.28437507,0.2563786,0.3043104,0.4469467
5,2.637500,27,1.28541673,0.2564100,0.3043376,0.4469770
5,2.641667,27,1.28645840,0.2564425,0.3043660,0.4470083
5,2.645833,27,1.28750007,0.2564749,0.3043944,0.4470398
5,2.650000,27,1.28854173,0.2565081,0.3044235,0.4470719
5,2.654167,27,1.28958340,0.2565412,0.3044527,0.4471040
5,2.658333,27,1.29062507,0.2565743,0.3044819,0.4471362
5,2.662500,27,1.29166673,0.2566075,0.3045112,0.4471684
5,2.666667,27,1.29270840,0.2566400,0.3045399,0.4472001
5,2.670833,27,1.29375007,0.2566727,0.3045688,0.4472319
5,2.675000,27,1.29479173,0.2567041,0.3045966,0.4472625
5,2.679167,27,1.29583340,0.2567356,0.3046244,0.4472930
5,2.683333,27,1.29687507,0.2567651,0.3046505,0.4473219
5,2.687500,27,1.29791673,0.2567947,0.3046766,0.4473509
5,2.691667,27,1.29895840,0.2568218,0.3047003,0.4473771
5,2.695833,27,1.30000007,0.2568489,0.3047241,0.4474037
5,2.700000,27,1.30104173,0.2568728,0.3047448,0.4474270
5,2.704167,27,1.30208340,0.2568968,0.3047656,0.4474503
5,2.708333,27,1.30312507,0.2569170,0.3047827,0.4474700
5,2.712500,27,1.30416673,0.2569372,0.3047999,0.4474898
5,2.716667,27,1.30520840,0.2569531,0.3048129,0.4475054
5,2.720833,27,1.30625007,0.2569690,0.3048260,0.4475208
5,2.725000,27,1.30729173,0.2569802,0.3048343,0.4475316
5,2.729167,27,1.30833340,0.2569914,0.3048427,0.4475422
5,2.733333,27,1.30937507,0.2569975,0.3048463,0.4475479
5,2.737500,27,1.31041674,0.2570036,0.3048497,0.4475535
5,2.741667,27,1.31145840,0.2570044,0.3048479,0.4475539
5,2.745833,27,1.31250007,0.2570052,0.3048461,0.4475543
5,2.750000,27,1.31354174,0.2570007,0.3048390,0.4475492
5,2.754167,27,1.31458340,0.2569961,0.3048320,0.4475442
5,2.758333,27,1.31562507,0.2569862,0.3048196,0.4475337
5,2.762500,27,1.31666674,0.2569764,0.3048072,0.4475232
5,2.766667,27,1.31770840,0.2569615,0.3047898,0.4475076
5,2.770833,27,1.31875007,0.2569466,0.3047726,0.4474919
5,2.775000,27,1.31979174,0.2569270,0.3047506,0.4474718
5,2.779167,27,1.32083340,0.2569074,0.3047286,0.4474513
5,2.783333,27,1.32187507,0.2568837,0.3047026,0.4474268
5,2.787500,27,1.32291674,0.2568601,0.3046767,0.4474024
5,2.791667,27,1.32395840,0.2568331,0.3046474,0.4473744
5,2.795833,27,1.32500007,0.2568061,0.3046181,0.4473462
5,2.800000,27,1.32604174,0.2567766,0.3045865,0.4473158
5,2.804167,27,1.32708340,0.2567471,0.3045548,0.4472850
5,2.808333,27,1.32812507,0.2567161,0.3045217,0.4472528
5,2.812500,27,1.32916674,0.2566851,0.3044885,0.4472205
5,2.816667,27,1.33020840,0.2566537,0.3044550,0.4471877
5,2.820833,27,1.33125007,0.2566223,0.3044216,0.4471548
5,2.825000,27,1.33229174,0.2565915,0.3043889,0.4471224
5,2.829167,27,1.33333340,0.2565608,0.3043561,0.4470900
5,2.833333,27,1.33437507,0.2565319,0.3043253,0.4470594
5,2.837500,27,1.33541674,0.2565031,0.3042946,0.4470287
5,2.841667,27,1.33645840,0.2564772,0.3042669,0.4470008
5,2.845833,27,1.33750007,0.2564513,0.3042392,0.4469730
5,2.850000,27,1.33854174,0.2564294,0.3042156,0.4469490
5,2.854167,27,1.33958340,0.2564076,0.3041921,0.4469248
5,2.858333,27,1.34062507,0.2563908,0.3041735,0.4469056
5,2.862500,27,1.34166674,0.2563740,0.3041551,0.4468864
5,2.866667,27,1.34270840,0.2563631,0.3041427,0.4468727
5,2.870833,27,1.34375007,0.2563522,0.3041302,0.4468591
5,2.875000,27,1.34479174,0.2563478,0.3041243,0.4468517
5,2.879167,27,1.34583340,0.2563434,0.3041185,0.4468443
5,2.883333,27,1.34687507,0.2563460,0.3041197,0.4468437
5,2.887500,27,1.34791674,0.2563486,0.3041210,0.4468429
5,2.891667,27,1.34895840,0.2563584,0.3041296,0.4468492
5,2.895833,27,1.35000007,0.2563682,0.3041383,0.4468553
5,2.900000,27,1.35104174,0.2563851,0.3041542,0.4468684
5,2.904167,27,1.35208340,0.2564021,0.3041701,0.4468814
5,2.908333,27,1.35312507,0.2564260,0.3041930,0.4469012
5,2.912500,27,1.35416674,0.2564498,0.3042160,0.4469207
5,2.916667,27,1.35520840,0.2564801,0.3042455,0.4469464
5,2.920833,27,1.35625007,0.2565103,0.3042750,0.4469719
5,2.925000,27,1.35729174,0.2565461,0.3043103,0.4470029
5,2.929167,27,1.35833340,0.2565819,0.3043456,0.4470335
5,2.933333,27,1.35937507,0.2566223,0.3043856,0.4470686
5,2.937500,27,1.36041674,0.2566627,0.3044257,0.4471034
5,2.941667,27,1.36145840,0.2567067,0.3044694,0.4471416
5,2.945833,27,1.36250007,0.2567505,0.3045132,0.4471796
5,2.950000,27,1.36354174,0.2567966,0.3045593,0.4472195
5,2.954167,27,1.36458340,0.2568427,0.3046055,0.4472592
5,2.958333,27,1.36562507,0.2568896,0.3046527,0.4472995
5,2.962500,27,1.36666674,0.2569366,0.3047000,0.4473393
5,2.966667,27,1.36770840,0.2569829,0.3047469,0.4473786
5,2.970833,27,1.36875007,0.2570293,0.3047939,0.4474176
5,2.975000,27,1.36979174,0.2570738,0.3048393,0.4474545
5,2.979167,27,1.37083340,0.2571183,0.3048846,0.4474910
5,2.983333,27,1.37187507,0.2571597,0.3049271,0.4475242
5,2.987500,27,1.37291674,0.2572010,0.3049698,0.4475570
5,2.991667,27,1.37395840,0.2572383,0.3050084,0.4475856
5,2.995833,27,1.37500007,0.2572755,0.3050473,0.4476137
5,3.000000,27,1.37604174,0.2573077,0.3050814,0.4476366
5,3.004167,27,1.37708341,0.2573400,0.3051156,0.4476590
5,3.008333,27,1.37812507,0.2573665,0.3051443,0.4476758
5,3.012500,27,1.37916674,0.2573932,0.3051732,0.4476920
5,3.016667,27,1.38020841,0.2574140,0.3051965,0.4477023
5,3.020833,27,1.38125007,0.2574348,0.3052202,0.4477121
5,3.025000,27,1.38229174,0.2574497,0.3052382,0.4477158
5,3.029167,27,1.38333341,0.2574647,0.3052564,0.4477192
5,3.033333,27,1.38437507,0.2574743,0.3052695,0.4477167
5,3.037500,27,1.38541674,0.2574839,0.3052829,0.4477141
5,3.041667,27,1.38645841,0.2574890,0.3052918,0.4477063
5,3.045833,27,1.38750007,0.2574939,0.3053010,0.4476984
5,3.050000,27,1.38854174,0.2574954,0.3053070,0.4476864
5,3.054167,27,1.38958341,0.2574969,0.3053133,0.4476742
5,3.058333,27,1.39062507,0.2574962,0.3053176,0.4476594
5,3.062500,27,1.39166674,0.2574955,0.3053223,0.4476440
5,3.066667,27,1.39270841,0.2574942,0.3053267,0.4476277
5,3.070833,27,1.39375007,0.2574929,0.3053315,0.4476111
5,3.075000,27,1.39479174,0.2574927,0.3053376,0.4475952
5,3.079167,27,1.39583341,0.2574925,0.3053440,0.4475789
5,3.083333,27,1.39687507,0.2574954,0.3053539,0.4475654
5,3.087500,27,1.39791674,0.2574983,0.3053641,0.4475513
5,3.091667,27,1.39895841,0.2575060,0.3053797,0.4475418
5,3.095833,27,1.40000007,0.2575138,0.3053956,0.4475316
5,3.100000,27,1.40104174,0.2575282,0.3054185,0.4475278
5,3.104167,27,1.40208341,0.2575426,0.3054418,0.4475237
5,3.108333,27,1.40312507,0.2575652,0.3054737,0.4475273
5,3.112500,27,1.40416674,0.2575878,0.3055060,0.4475304
5,3.116667,27,1.40520841,0.2576201,0.3055483,0.4475427
5,3.120833,27,1.40625007,0.2576523,0.3055912,0.4475546
5,3.125000,27,1.40729174,0.2576951,0.3056450,0.4475768
5,3.129167,27,1.40833341,0.2577379,0.3056993,0.4475982
5,3.133333,27,1.40937507,0.2577919,0.3057655,0.4476305
5,3.137500,27,1.41041674,0.2578459,0.3058318,0.4476622
5,3.141667,27,1.41145841,0.2579113,0.3059101,0.4477050
5,3.145833,27,1.41250007,0.2579767,0.3059888,0.4477473
5,3.150000,27,1.41354174,0.2580530,0.3060791,0.4478000
5,3.154167,27,1.41458341,0.2581293,0.3061699,0.4478523
5,3.158333,27,1.41562507,0.2582159,0.3062714,0.4479143
5,3.162500,27,1.41666674,0.2583023,0.3063737,0.4479759
5,3.166667,27,1.41770841,0.2583977,0.3064852,0.4480458
5,3.170833,27,1.41875007,0.2584931,0.3065974,0.4481153
5,3.175000,27,1.41979174,0.2585955,0.3067170,0.4481914
5,3.179167,27,1.42083341,0.2586978,0.3068372,0.4482670
5,3.183333,27,1.42187507,0.2588051,0.3069629,0.4483470
5,3.187500,27,1.42291674,0.2589124,0.3070894,0.4484266
5,3.191667,27,1.42395841,0.2590221,0.3072188,0.4485081
5,3.195833,27,1.42500007,0.2591317,0.3073489,0.4485892
5,3.200000,27,1.42604174,0.2592411,0.3074794,0.4486696
5,3.204167,27,1.42708341,0.2593504,0.3076104,0.4487493
5,3.208333,27,1.42812507,0.2594566,0.3077390,0.4488254
5,3.212500,27,1.42916674,0.2595627,0.3078681,0.4489012
5,3.216667,27,1.43020841,0.2596630,0.3079920,0.4489705
5,3.220833,27,1.43125007,0.2597632,0.3081166,0.4490393
5,3.225000,27,1.43229174,0.2598549,0.3082335,0.4490992
5,3.229167,27,1.43333341,0.2599464,0.3083511,0.4491587
5,3.233333,27,1.43437507,0.2600271,0.3084584,0.4492067
5,3.237500,27,1.43541674,0.2601077,0.3085663,0.4492542
5,3.241667,27,1.43645841,0.2601752,0.3086619,0.4492881
5,3.245833,27,1.43750007,0.2602428,0.3087583,0.4493217
5,3.250000,27,1.43854174,0.2602959,0.3088409,0.4493402
5,3.254167,27,1.43958341,0.2603489,0.3089242,0.4493585
5,3.258333,27,1.44062508,0.2603865,0.3089930,0.4493610
5,3.262500,27,1.44166674,0.2604241,0.3090626,0.4493630
5,3.266667,27,1.44270841,0.2604460,0.3091172,0.4493488
5,3.270833,27,1.44375008,0.2604679,0.3091726,0.4493342
5,3.275000,27,1.44479174,0.2604744,0.3092134,0.4493041
5,3.279167,27,1.44583341,0.2604810,0.3092551,0.4492734
5,3.283333,27,1.44687508,0.2604734,0.3092833,0.4492280
5,3.287500,27,1.44791674,0.2604659,0.3093123,0.4491824
5,3.291667,27,1.44895841,0.2604460,0.3093300,0.4491242
5,3.295833,27,1.45000008,0.2604261,0.3093485,0.4490658
5,3.300000,27,1.45104174,0.2603964,0.3093579,0.4489971
5,3.304167,27,1.45208341,0.2603667,0.3093682,0.4489279
5,3.308333,27,1.45312508,0.2603302,0.3093724,0.4488515
5,3.312500,27,1.45416674,0.2602937,0.3093775,0.4487748
5,3.316667,27,1.45520841,0.2602539,0.3093800,0.4486944
5,3.320833,27,1.45625008,0.2602141,0.3093834,0.4486136
5,3.325000,27,1.45729174,0.2601749,0.3093882,0.4485334
5,3.329167,27,1.45833341,0.2601357,0.3093939,0.4484528
5,3.333333,27,1.45937508,0.2601011,0.3094049,0.4483764
5,3.337500,27,1.46041674,0.2600665,0.3094168,0.4482996
5,3.341667,27,1.46145841,0.2600405,0.3094379,0.4482309
5,3.345833,27,1.46250008,0.2600145,0.3094598,0.4481618
5,3.350000,27,1.46354174,0.2600010,0.3094950,0.4481050
5,3.354167,27,1.46458341,0.2599876,0.3095310,0.4480479
5,3.358333,27,1.46562508,0.2599903,0.3095839,0.4480066
5,3.362500,27,1.46666674,0.2599929,0.3096376,0.4479651
5,3.366667,27,1.46770841,0.2600149,0.3097113,0.4479425
5,3.370833,27,1.46875008,0.2600367,0.3097856,0.4479193
5,3.375000,27,1.46979174,0.2600805,0.3098825,0.4479175
5,3.379167,27,1.47083341,0.2601242,0.3099799,0.4479152
5,3.383333,27,1.47187508,0.2601916,0.3101017,0.4479362
5,3.387500,27,1.47291674,0.2602590,0.3102242,0.4479569
5,3.391667,27,1.47395841,0.2603512,0.3103719,0.4480019
5,3.395833,27,1.47500008,0.2604433,0.3105204,0.4480468
5,3.400000,27,1.47604174,0.2605603,0.3106943,0.4481160
5,3.404167,27,1.47708341,0.2606772,0.3108688,0.4481846
5,3.408333,27,1.47812508,0.2608185,0.3110679,0.4482768
5,3.412500,27,1.47916674,0.2609598,0.3112676,0.4483683
5,3.416667,27,1.48020841,0.2611239,0.3114905,0.4484820
5,3.420833,27,1.48125008,0.2612879,0.3117139,0.4485955
5,3.425000,27,1.48229174,0.2614724,0.3119580,0.4487288
5,3.429167,27,1.48333341,0.2616569,0.3122028,0.4488618
5,3.433333,27,1.48437508,0.2618589,0.3124653,0.4490114
5,3.437500,27,1.48541674,0.2620610,0.3127281,0.4491602
5,3.441667,27,1.48645841,0.2622770,0.3130051,0.4493220
5,3.445833,27,1.48750008,0.2624930,0.3132824,0.4494829
5,3.450000,27,1.48854174,0.2627190,0.3135699,0.4496532
5,3.454167,27,1.48958341,0.2629451,0.3138576,0.4498227
5,3.458333,27,1.49062508,0.2631770,0.3141512,0.4499972
5,3.462500,27,1.49166674,0.2634088,0.3144448,0.4501708
5,3.466667,27,1.49270841,0.2636422,0.3147400,0.4503451
5,3.470833,27,1.49375008,0.2638755,0.3150351,0.4505178
5,3.475000,27,1.49479174,0.2641063,0.3153274,0.4506865
5,3.479167,27,1.49583341,0.2643370,0.3156196,0.4508540
5,3.483333,27,1.49687508,0.2645611,0.3159050,0.4510134
5,3.487500,27,1.49791674,0.2647851,0.3161902,0.4511718
5,3.491667,27,1.49895841,0.2649991,0.3164649,0.4513185
5,3.495833,27,1.50000008,0.2652130,0.3167394,0.4514644
5,3.500000,27,1.50104174,0.2654139,0.3170002,0.4515953
5,3.504167,27,1.50208341,0.2656147,0.3172607,0.4517242
5,3.508333,27,1.50312508,0.2658002,0.3175052,0.4518358
5,3.512500,27,1.50416675,0.2659857,0.3177491,0.4519452
5,3.516667,27,1.50520841,0.2661542,0.3179755,0.4520359
5,3.520833,27,1.50625008,0.2663228,0.3182011,0.4521247
5,3.525000,27,1.50729175,0.2664736,0.3184082,0.4521938
5,3.529167,27,1.50833341,0.2666244,0.3186144,0.4522610
5,3.533333,27,1.50937508,0.2667573,0.3188019,0.4523080
5,3.537500,27,1.51041675,0.2668903,0.3189885,0.4523523
5,3.541667,27,1.51145841,0.2670062,0.3191569,0.4523763
5,3.545833,27,1.51250008,0.2671221,0.3193242,0.4523977
5,3.550000,27,1.51354175,0.2672220,0.3194743,0.4524004
5,3.554167,27,1.51458341,0.2673220,0.3196233,0.4524005
5,3.558333,27,1.51562508,0.2674079,0.3197567,0.4523834
5,3.562500,27,1.51666675,0.2674937,0.3198889,0.4523638
5,3.566667,27,1.51770841,0.2675675,0.3200075,0.4523288
5,3.570833,27,1.51875008,0.2676413,0.3201246,0.4522900
5,3.575000,27,1.51979175,0.2677053,0.3202302,0.4522375
5,3.579167,27,1.52083341,0.2677693,0.3203342,0.4521812
5,3.583333,27,1.52187508,0.2678257,0.3204288,0.4521135
5,3.587500,27,1.52291675,0.2678820,0.3205216,0.4520423
5,3.591667,27,1.52395841,0.2679329,0.3206069,0.4519615
5,3.595833,27,1.52500008,0.2679837,0.3206903,0.4518773
5,3.600000,27,1.52604175,0.2680305,0.3207677,0.4517844
5,3.604167,27,1.52708341,0.2680773,0.3208429,0.4516870
5,3.608333,27,1.52812508,0.2681211,0.3209130,0.4515813
5,3.612500,27,1.52916675,0.2681649,0.3209808,0.4514710
5,3.616667,27,1.53020841,0.2682061,0.3210436,0.4513530
5,3.620833,27,1.53125008,0.2682472,0.3211042,0.4512303
5,3.625000,27,1.53229175,0.2682850,0.3211589,0.4510998
5,3.629167,27,1.53333341,0.2683228,0.3212112,0.4509645
5,3.633333,27,1.53437508,0.2683559,0.3212563,0.4508193
5,3.637500,27,1.53541675,0.2683889,0.3212987,0.4506680
5,3.641667,27,1.53645841,0.2684148,0.3213312,0.4505035
5,3.645833,27,1.53750008,0.2684407,0.3213610,0.4503334
5,3.650000,27,1.53854175,0.2684560,0.3213774,0.4501468
5,3.654167,27,1.53958341,0.2684712,0.3213911,0.4499544
5,3.658333,27,1.54062508,0.2684717,0.3213870,0.4497415
5,3.662500,27,1.54166675,0.2684721,0.3213800,0.4495234
5,3.666667,27,1.54270841,0.2684526,0.3213503,0.4492791
5,3.670833,27,1.54375008,0.2684332,0.3213175,0.4490280
5,3.675000,27,1.54479175,0.2683882,0.3212560,0.4487445
5,3.679167,27,1.54583341,0.2683432,0.3211915,0.4484544
5,3.683333,27,1.54687508,0.2682666,0.3210921,0.4481259
5,3.687500,27,1.54791675,0.2681901,0.3209898,0.4477914
5,3.691667,27,1.54895841,0.2680755,0.3208462,0.4474123
5,3.695833,27,1.55000008,0.2679609,0.3206995,0.4470274
5,3.700000,27,1.55104175,0.2678021,0.3205054,0.4465913
5,3.704167,27,1.55208341,0.2676433,0.3203079,0.4461477
5,3.708333,27,1.55312508,0.2674341,0.3200567,0.4456466
5,3.712500,27,1.55416675,0.2672249,0.3198022,0.4451382
5,3.716667,27,1.55520841,0.2669598,0.3194885,0.4445670
5,3.720833,27,1.55625008,0.2666948,0.3191715,0.4439888
5,3.725000,27,1.55729175,0.2663689,0.3187904,0.4433434
5,3.729167,27,1.55833341,0.2660430,0.3184063,0.4426920
5,3.733333,27,1.55937508,0.2656525,0.3179541,0.4419687
5,3.737500,27,1.56041675,0.2652620,0.3174985,0.4412378
5,3.741667,27,1.56145841,0.2648040,0.3169722,0.4404320
5,3.745833,27,1.56250008,0.2643460,0.3164424,0.4396190
5,3.750000,27,1.56354175,0.2638189,0.3158402,0.4387299
5,3.754167,27,1.56458341,0.2632919,0.3152350,0.4378341
5,3.758333,27,1.56562508,0.2626957,0.3145573,0.4368627
5,3.762500,27,1.56666675,0.2620994,0.3138766,0.4358855
5,3.766667,27,1.56770842,0.2614351,0.3131246,0.4348336
5,3.770833,27,1.56875008,0.2607708,0.3123694,0.4337744
5,3.775000,27,1.56979175,0.2600410,0.3115454,0.4326424
5,3.779167,27,1.57083342,0.2593111,0.3107184,0.4315037
5,3.783333,27,1.57187508,0.2585196,0.3098266,0.4302971
5,3.787500,27,1.57291675,0.2577282,0.3089318,0.4290842
5,3.791667,27,1.57395842,0.2568802,0.3079776,0.4278091
5,3.795833,27,1.57500008,0.2560321,0.3070208,0.4265289
5,3.800000,27,1.57604175,0.2551335,0.3060105,0.4251923
5,3.804167,27,1.57708342,0.2542350,0.3049974,0.4238491
5,3.808333,27,1.57812508,0.2532929,0.3039378,0.4224563
5,3.812500,27,1.57916675,0.2523509,0.3028756,0.4210577
5,3.816667,27,1.58020842,0.2513729,0.3017746,0.4196177
5,3.820833,27,1.58125008,0.2503948,0.3006712,0.4181728
5,3.825000,27,1.58229175,0.2493888,0.2995373,0.4166952
5,3.829167,27,1.58333342,0.2483826,0.2984012,0.4152136
5,3.833333,27,1.58437508,0.2473565,0.2972427,0.4137073
5,3.837500,27,1.58541675,0.2463304,0.2960818,0.4121960
5,3.841667,27,1.58645842,0.2452921,0.2949065,0.4106678
5,3.845833,27,1.58750008,0.2442539,0.2937290,0.4091354
5,3.850000,27,1.58854175,0.2432111,0.2925448,0.4075943
5,3.854167,27,1.58958342,0.2421683,0.2913588,0.4060497
5,3.858333,27,1.59062508,0.2411278,0.2901730,0.4045042
5,3.862500,27,1.59166675,0.2400872,0.2889858,0.4029565
5,3.866667,27,1.59270842,0.2390552,0.2878053,0.4014142
5,3.870833,27,1.59375008,0.2380230,0.2866230,0.3998685
5,3.875000,27,1.59479175,0.2370044,0.2854526,0.3983334
5,3.879167,27,1.59583342,0.2359858,0.2842806,0.3967955
5,3.883333,27,1.59687508,0.2349849,0.2831248,0.3952732
5,3.887500,27,1.59791675,0.2339840,0.2819677,0.3937491
5,3.891667,27,1.59895842,0.2330036,0.2808300,0.3922442
5,3.895833,27,1.60000008,0.2320231,0.2796915,0.3907387
5,3.900000,27,1.60104175,0.2310651,0.2785742,0.3892544
5,3.904167,27,1.60208342,0.2301071,0.2774559,0.3877687
5,3.908333,27,1.60312508,0.2291721,0.2763595,0.3863052
5,3.912500,27,1.60416675,0.2282371,0.2752624,0.3848409
5,3.916667,27,1.60520842,0.2273248,0.2741872,0.3833990
5,3.920833,27,1.60625008,0.2264125,0.2731116,0.3819574
5,3.925000,27,1.60729175,0.2255217,0.2720568,0.3805375
5,3.929167,27,1.60833342,0.2246309,0.2710018,0.3791188
5,3.933333,27,1.60937508,0.2237595,0.2699658,0.3777204
5,3.937500,27,1.61041675,0.2228881,0.2689295,0.3763226
5,3.941667,27,1.61145842,0.2220337,0.2679099,0.3749430
5,3.945833,27,1.61250008,0.2211793,0.2668901,0.3735644
5,3.950000,27,1.61354175,0.2203388,0.2658842,0.3722014
5,3.954167,27,1.61458342,0.2194983,0.2648783,0.3708405
5,3.958333,27,1.61562508,0.2186686,0.2638834,0.3694925
5,3.962500,27,1.61666675,0.2178390,0.2628888,0.3681472
5,3.966667,27,1.61770842,0.2170171,0.2619022,0.3668122
5,3.970833,27,1.61875008,0.2161951,0.2609159,0.3654799
5,3.975000,27,1.61979175,0.2153781,0.2599349,0.3641555
5,3.979167,27,1.62083342,0.2145610,0.2589543,0.3628340
5,3.983333,27,1.62187508,0.2137465,0.2579766,0.3615182
5,3.987500,27,1.62291675,0.2129318,0.2569996,0.3602060
5,3.991667,27,1.62395842,0.2121177,0.2560236,0.3588980
5,3.995833,27,1.62500008,0.2113035,0.2550485,0.3575941
5,4.000000,27,1.62604175,0.2104886,0.2540734,0.3562935
5,4.004167,27,1.62708342,0.2096736,0.2530992,0.3549975
5,4.008333,27,1.62812508,0.2088573,0.2521245,0.3537042
5,4.012500,27,1.62916675,0.2080410,0.2511507,0.3524159
5,4.016667,27,1.63020842,0.2072235,0.2501767,0.3511308
5,4.020833,27,1.63125009,0.2064061,0.2492040,0.3498509
5,4.025000,27,1.63229175,0.2055884,0.2482319,0.3485754
5,4.029167,27,1.63333342,0.2047707,0.2472610,0.3473051
5,4.033333,27,1.63437509,0.2039545,0.2462929,0.3460415
5,4.037500,27,1.63541675,0.2031383,0.2453261,0.3447838
5,4.041667,27,1.63645842,0.2023259,0.2443644,0.3435355
5,4.045833,27,1.63750009,0.2015136,0.2434040,0.3422929
5,4.050000,27,1.63854175,0.2007079,0.2424516,0.3410627
5,4.054167,27,1.63958342,0.1999021,0.2415006,0.3398382
5,4.058333,27,1.64062509,0.1991063,0.2405608,0.3386293
5,4.062500,27,1.64166675,0.1983105,0.2396224,0.3374263
5,4.066667,27,1.64270842,0.1975281,0.2386990,0.3362428
5,4.070833,27,1.64375009,0.1967457,0.2377772,0.3350658
5,4.075000,27,1.64479175,0.1959803,0.2368740,0.3339124
5,4.079167,27,1.64583342,0.1952150,0.2359724,0.3327657
5,4.083333,27,1.64687509,0.1944702,0.2350930,0.3316456
5,4.087500,27,1.64791675,0.1937255,0.2342151,0.3305320
5,4.091667,27,1.64895842,0.1930047,0.2333627,0.3294484
5,4.095833,27,1.65000009,0.1922839,0.2325118,0.3283706
5,4.100000,27,1.65104175,0.1915901,0.2316895,0.3273266
5,4.104167,27,1.65208342,0.1908962,0.2308690,0.3262895
5,4.108333,27,1.65312509,0.1902320,0.2300797,0.3252890
5,4.112500,27,1.65416675,0.1895677,0.2292921,0.3242951
5,4.116667,27,1.65520842,0.1889349,0.2285378,0.3233394
5,4.120833,27,1.65625009,0.1883022,0.2277851,0.3223899
5,4.125000,27,1.65729175,0.1877024,0.2270669,0.3214796
5,4.129167,27,1.65833342,0.1871026,0.2263502,0.3205754
5,4.133333,27,1.65937509,0.1865363,0.2256687,0.3197110
5,4.137500,27,1.66041675,0.1859702,0.2249892,0.3188542
5,4.141667,27,1.66145842,0.1854377,0.2243451,0.3180380
5,4.145833,27,1.66250009,0.1849053,0.2237027,0.3172281
5,4.150000,27,1.66354175,0.1844060,0.2230952,0.3164583
5,4.154167,27,1.66458342,0.1839068,0.2224893,0.3156944
5,4.158333,27,1.66562509,0.1834395,0.2219169,0.3149685
5,4.162500,27,1.66666675,0.1829723,0.2213459,0.3142482
5,4.166667,27,1.66770842,0.1825355,0.2208069,0.3135645
5,4.170833,27,1.66875009,0.1820986,0.2202698,0.3128877
5,4.175000,27,1.66979175,0.1816901,0.2197626,0.3122460
5,4.179167,27,1.67083342,0.1812816,0.2192572,0.3116104
5,4.183333,27,1.67187509,0.1808992,0.2187793,0.3110072
5,4.187500,27,1.67291675,0.1805167,0.2183030,0.3104094
5,4.191667,27,1.67395842,0.1801578,0.2178515,0.3098406
5,4.195833,27,1.67500009,0.1797989,0.2174014,0.3092770
5,4.200000,27,1.67604175,0.1794609,0.2169736,0.3087400
5,4.204167,27,1.67708342,0.1791230,0.2165475,0.3082091
5,4.208333,27,1.67812509,0.1788035,0.2161415,0.3077031
5,4.212500,27,1.67916675,0.1784840,0.2157370,0.3072027
5,4.216667,27,1.68020842,0.1781808,0.2153500,0.3067238
5,4.220833,27,1.68125009,0.1778775,0.2149644,0.3062501
5,4.225000,27,1.68229175,0.1775883,0.2145942,0.3057953
5,4.229167,27,1.68333342,0.1772992,0.2142251,0.3053448
5,4.233333,27,1.68437509,0.1770225,0.2138699,0.3049119
5,4.237500,27,1.68541675,0.1767459,0.2135161,0.3044847
5,4.241667,27,1.68645842,0.1764804,0.2131748,0.3040740
5,4.245833,27,1.68750009,0.1762148,0.2128348,0.3036684
5,4.250000,27,1.68854175,0.1759597,0.2125065,0.3032777
5,4.254167,27,1.68958342,0.1757045,0.2121793,0.3028913
5,4.258333,27,1.69062509,0.1754593,0.2118630,0.3025190
5,4.262500,27,1.69166675,0.1752141,0.2115477,0.3021504
5,4.266667,27,1.69270842,0.1749788,0.2112435,0.3017959
5,4.270833,27,1.69375009,0.1747435,0.2109406,0.3014463
5,4.275000,27,1.69479176,0.1745185,0.2106491,0.3011116
5,4.279167,27,1.69583342,0.1742936,0.2103588,0.3007810
5,4.283333,27,1.69687509,0.1740797,0.2100806,0.3004655
5,4.287500,27,1.69791676,0.1738659,0.2098034,0.3001537
5,4.291667,27,1.69895842,0.1736641,0.2095391,0.2998571
5,4.295833,27,1.70000009,0.1734623,0.2092755,0.2995636
5,4.300000,27,1.70104176,0.1732737,0.2090262,0.2992867
5,4.304167,27,1.70208342,0.1730852,0.2087779,0.2990139
5,4.308333,27,1.70312509,0.1729112,0.2085451,0.2987594
5,4.312500,27,1.70416676,0.1727372,0.2083132,0.2985083
5,4.316667,27,1.70520842,0.1725788,0.2080979,0.2982762
5,4.320833,27,1.70625009,0.1724205,0.2078834,0.2980469
5,4.325000,27,1.70729176,0.1722791,0.2076863,0.2978370
5,4.329167,27,1.70833342,0.1721376,0.2074900,0.2976294
5,4.333333,27,1.70937509,0.1720141,0.2073122,0.2974425
5,4.337500,27,1.71041676,0.1718904,0.2071352,0.2972586
5,4.341667,27,1.71145842,0.1717852,0.2069775,0.2970963
5,4.345833,27,1.71250009,0.1716801,0.2068206,0.2969368
5,4.350000,27,1.71354176,0.1715937,0.2066831,0.2967984
5,4.354167,27,1.71458342,0.1715074,0.2065461,0.2966623
5,4.358333,27,1.71562509,0.1714399,0.2064286,0.2965469
5,4.362500,27,1.71666676,0.1713724,0.2063115,0.2964333
5,4.366667,27,1.71770842,0.1713233,0.2062134,0.2963404
5,4.370833,27,1.71875009,0.1712741,0.2061160,0.2962496
5,4.375000,27,1.71979176,0.1712426,0.2060367,0.2961789
5,4.379167,27,1.72083342,0.1712110,0.2059580,0.2961102
5,4.383333,27,1.72187509,0.1711958,0.2058963,0.2960598
5,4.387500,27,1.72291676,0.1711807,0.2058349,0.2960110
5,4.391667,27,1.72395842,0.1711802,0.2057888,0.2959785
5,4.395833,27,1.72500009,0.1711798,0.2057429,0.2959471
5,4.400000,27,1.72604176,0.1711923,0.2057105,0.2959301
5,4.404167,27,1.72708342,0.1712048,0.2056785,0.2959150
5,4.408333,27,1.72812509,0.1712280,0.2056577,0.2959123
5,4.412500,27,1.72916676,0.1712512,0.2056372,0.2959112
5,4.416667,27,1.73020842,0.1712828,0.2056258,0.2959198
5,4.420833,27,1.73125009,0.1713144,0.2056145,0.2959295
5,4.425000,27,1.73229176,0.1713519,0.2056094,0.2959462
5,4.429167,27,1.73333342,0.1713894,0.2056045,0.2959635
5,4.433333,27,1.73437509,0.1714304,0.2056035,0.2959856
5,4.437500,27,1.73541676,0.1714713,0.2056029,0.2960090
5,4.441667,27,1.73645842,0.1715133,0.2056036,0.2960347
5,4.445833,27,1.73750009,0.1715552,0.2056047,0.2960612
5,4.450000,27,1.73854176,0.1715958,0.2056047,0.2960876
5,4.454167,27,1.73958342,0.1716365,0.2056048,0.2961145
5,4.458333,27,1.74062509,0.1716737,0.2056018,0.2961389
5,4.462500,27,1.74166676,0.1717108,0.2055990,0.2961638
5,4.466667,27,1.74270842,0.1717427,0.2055910,0.2961840
5,4.470833,27,1.74375009,0.1717746,0.2055834,0.2962053
5,4.475000,27,1.74479176,0.1717997,0.2055692,0.2962203
5,4.479167,27,1.74583342,0.1718247,0.2055552,0.2962363
5,4.483333,27,1.74687509,0.1718417,0.2055334,0.2962448
5,4.487500,27,1.74791676,0.1718587,0.2055117,0.2962537
5,4.491667,27,1.74895842,0.1718669,0.2054813,0.2962542
5,4.495833,27,1.75000009,0.1718750,0.2054511,0.2962552
5,4.500000,27,1.75104176,0.1718739,0.2054118,0.2962472
5,4.504167,27,1.75208342,0.1718728,0.2053727,0.2962399
5,4.508333,27,1.75312509,0.1718623,0.2053245,0.2962238
5,4.512500,27,1.75416676,0.1718518,0.2052763,0.2962082
5,4.516667,27,1.75520842,0.1718324,0.2052194,0.2961839
5,4.520833,27,1.75625009,0.1718129,0.2051625,0.2961599
5,4.525000,27,1.75729176,0.1717850,0.2050973,0.2961279
5,4.529167,27,1.75833343,0.1717572,0.2050323,0.2960960
5,4.533333,27,1.75937509,0.1717219,0.2049600,0.2960571
5,4.537500,27,1.76041676,0.1716866,0.2048879,0.2960184
5,4.541667,27,1.76145843,0.1716451,0.2048095,0.2959738
5,4.545833,27,1.76250009,0.1716036,0.2047314,0.2959296
5,4.550000,27,1.76354176,0.1715573,0.2046485,0.2958807
5,4.554167,27,1.76458343,0.1715109,0.2045657,0.2958319
5,4.558333,27,1.76562509,0.1714613,0.2044797,0.2957802
5,4.562500,27,1.76666676,0.1714116,0.2043938,0.2957286
5,4.566667,27,1.76770843,0.1713602,0.2043063,0.2956752
5,4.570833,27,1.76875009,0.1713088,0.2042187,0.2956221
5,4.575000,27,1.76979176,0.1712572,0.2041313,0.2955690
5,4.579167,27,1.77083343,0.1712057,0.2040438,0.2955161
5,4.583333,27,1.77187509,0.1711555,0.2039579,0.2954648
5,4.587500,27,1.77291676,0.1711054,0.2038720,0.2954134
5,4.591667,27,1.77395843,0.1710581,0.2037892,0.2953651
5,4.595833,27,1.77500009,0.1710109,0.2037063,0.2953169
5,4.600000,27,1.77604176,0.1709678,0.2036279,0.2952729
5,4.604167,27,1.77708343,0.1709248,0.2035494,0.2952291
5,4.608333,27,1.77812509,0.1708872,0.2034765,0.2951909
5,4.612500,27,1.77916676,0.1708496,0.2034036,0.2951527
5,4.616667,27,1.78020843,0.1708182,0.2033371,0.2951208
5,4.620833,27,1.78125009,0.1707869,0.2032707,0.2950889
5,4.625000,27,1.78229176,0.1707627,0.2032115,0.2950643
5,4.629167,27,1.78333343,0.1707384,0.2031522,0.2950395
5,4.633333,27,1.78437509,0.1707217,0.2031006,0.2950224
5,4.637500,27,1.78541676,0.1707050,0.2030490,0.2950053
5,4.641667,27,1.78645843,0.1706960,0.2030053,0.2949961
5,4.645833,27,1.78750009,0.1706872,0.2029617,0.2949869
5,4.650000,27,1.78854176,0.1706862,0.2029261,0.2949858
5,4.654167,27,1.78958343,0.1706855,0.2028909,0.2949849
5,4.658333,27,1.79062509,0.1706931,0.2028641,0.2949923
5,4.662500,27,1.79166676,0.1707016,0.2028382,0.2950007
5,4.666667,27,1.79270843,0.1707185,0.2028207,0.2950174
5,4.670833,27,1.79375009,0.1707367,0.2028046,0.2950354
5,4.675000,27,1.79479176,0.1707629,0.2027967,0.2950616
5,4.679167,27,1.79583343,0.1707905,0.2027902,0.2950892
5,4.683333,27,1.79687509,0.1708254,0.2027911,0.2951240
5,4.687500,27,1.79791676,0.1708617,0.2027932,0.2951601
5,4.691667,27,1.79895843,0.1709042,0.2028019,0.2952027
5,4.695833,27,1.80000009,0.1709478,0.2028117,0.2952462
5,4.700000,27,1.80104176,0.1709964,0.2028264,0.2952947
5,4.704167,27,1.80208343,0.1710456,0.2028419,0.2953440
5,4.708333,27,1.80312509,0.1710984,0.2028611,0.2953967
5,4.712500,27,1.80416676,0.1710335,0.2027626,0.2953318
5,4.716667,27,1.80520843,0.1710751,0.2027708,0.2953735
5,4.720833,27,1.80625009,0.1711167,0.2027789,0.2954152
5,4.725000,27,1.80729176,0.1711597,0.2027886,0.2954581
5,4.729167,27,1.80833343,0.1712026,0.2027982,0.2955011
5,4.733333,27,1.80937509,0.1712461,0.2028085,0.2955446
5,4.737500,27,1.81041676,0.1712895,0.2028188,0.2955881
5,4.741667,27,1.81145843,0.1713325,0.2028288,0.2956311
5,4.745833,27,1.81250009,0.1713756,0.2028388,0.2956741
5,4.750000,27,1.81354176,0.1714175,0.2028478,0.2957161
5,4.754167,27,1.81458343,0.1714593,0.2028568,0.2957579
5,4.758333,27,1.81562509,0.1714993,0.2028640,0.2957979
5,4.762500,27,1.81666676,0.1715393,0.2028712,0.2958379
5,4.766667,27,1.81770843,0.1715769,0.2028761,0.2958754
5,4.770833,27,1.81875009,0.1716144,0.2028811,0.2959129
5,4.775000,27,1.81979176,0.1716490,0.2028832,0.2959476
5,4.779167,27,1.82083343,0.1716837,0.2028855,0.2959821
5,4.783333,27,1.82187510,0.1717150,0.2028845,0.2960135
5,4.787500,27,1.82291676,0.1717463,0.2028835,0.2960446
5,4.791667,27,1.82395843,0.1717741,0.2028791,0.2960724
5,4.795833,27,1.82500010,0.1718019,0.2028748,0.2961001
5,4.800000,27,1.82604176,0.1718261,0.2028670,0.2961244
5,4.804167,27,1.82708343,0.1718502,0.2028591,0.2961483
5,4.808333,27,1.82812510,0.1718706,0.2028478,0.2961687
5,4.812500,27,1.82916676,0.1718911,0.2028363,0.2961891
5,4.816667,27,1.83020843,0.1719079,0.2028215,0.2962059
5,4.820833,27,1.83125010,0.1719248,0.2028068,0.2962227
5,4.825000,27,1.83229176,0.1719382,0.2027887,0.2962361
5,4.829167,27,1.83333343,0.1719516,0.2027707,0.2962493
5,4.833333,27,1.83437510,0.1719618,0.2027495,0.2962595
5,4.837500,27,1.83541676,0.1719719,0.2027284,0.2962696
5,4.841667,27,1.83645843,0.1719792,0.2027045,0.2962769
5,4.845833,27,1.83750010,0.1719865,0.2026807,0.2962840
5,4.850000,27,1.83854176,0.1719913,0.2026544,0.2962888
5,4.854167,27,1.83958343,0.1719960,0.2026282,0.2962933
5,4.858333,27,1.84062510,0.1719986,0.2026001,0.2962960
5,4.862500,27,1.84166676,0.1720013,0.2025720,0.2962986
5,4.866667,27,1.84270843,0.1720023,0.2025425,0.2962996
5,4.870833,27,1.84375010,0.1720032,0.2025129,0.2963004
5,4.875000,27,1.84479176,0.1720030,0.2024824,0.2963004
5,4.879167,27,1.84583343,0.1720029,0.2024519,0.2963000
5,4.883333,27,1.84687510,0.1720021,0.2024210,0.2962992
5,4.887500,27,1.84791676,0.1720013,0.2023900,0.2962985
5,4.891667,27,1.84895843,0.1720006,0.2023594,0.2962978
5,4.895833,22,1.85000010,0.1720000,0.2023288,0.2962970
5,4.900000,22,1.85104176,0.1720000,0.2023288,0.2962970
5,4.904167,22,1.85208343,0.1720000,0.2023289,0.2962970
5,4.908333,22,1.85312510,0.1720000,0.2023288,0.2962971
5,4.912500,22,1.85416676,0.1720000,0.2023286,0.2962970
5,4.916667,22,1.85520843,0.1720000,0.2023282,0.2962971
5,4.920833,22,1.85625010,0.1720000,0.2023275,0.2962971
5,4.925000,22,1.85729176,0.1720000,0.2023263,0.2962972
5,4.929167,22,1.85833343,0.1720000,0.2023246,0.2962972
5,4.933333,22,1.85937510,0.1720000,0.2023221,0.2962972
5,4.937500,22,1.86041676,0.1720000,0.2023188,0.2962973
5,4.941667,22,1.86145843,0.1720000,0.2023145,0.2962973
5,4.945833,22,1.86250010,0.1720000,0.2023090,0.2962974
5,4.950000,22,1.86354176,0.1720000,0.2023023,0.2962974
5,4.954167,22,1.86458343,0.1720000,0.2022941,0.2962974
5,4.958333,22,1.86562510,0.1720000,0.2022844,0.2962975
5,4.962500,22,1.86666676,0.1720000,0.2022730,0.2962975
5,4.966667,22,1.86770843,0.1720000,0.2022600,0.2962976
5,4.970833,22,1.86875010,0.1720000,0.2022449,0.2962976
5,4.975000,22,1.86979176,0.1720000,0.2022280,0.2962977
5,4.979167,22,1.87083343,0.1720000,0.2022091,0.2962977
5,4.983333,22,1.87187510,0.1720000,0.2021882,0.2962976
5,4.987500,22,1.87291676,0.1720000,0.2021652,0.2962977
5,4.991667,22,1.87395843,0.1720000,0.2021400,0.2962977
5,4.995833,22,1.87500010,0.1720000,0.2021129,0.2962978
6,0.000000,26,0.75104171,0.1720000,0.2055290,0.2963083
6,0.004167,26,0.75208337,0.1720000,0.2054923,0.2963081
6,0.008333,26,0.75312504,0.1720000,0.2054558,0.2963078
6,0.012500,26,0.75416671,0.1720000,0.2054191,0.2963077
6,0.016667,26,0.75520837,0.1720000,0.2053826,0.2963074
6,0.020833,26,0.75625004,0.1720000,0.2053462,0.2963071
6,0.025000,26,0.75729171,0.1720000,0.2053098,0.2963069
6,0.029167,26,0.75833337,0.1720001,0.2052734,0.2963067
6,0.033333,26,0.75937504,0.1720001,0.2052372,0.2963066
6,0.037500,26,0.76041671,0.1720002,0.2052009,0.2963063
6,0.041667,26,0.76145837,0.1720002,0.2051646,0.2963060
6,0.045833,26,0.76250004,0.1720001,0.2051283,0.2963057
6,0.050000,26,0.76354171,0.1720000,0.2050919,0.2963052
6,0.054167,26,0.76458337,0.1719997,0.2050555,0.2963046
6,0.058333,26,0.76562504,0.1719992,0.2050189,0.2963039
6,0.062500,26,0.76666671,0.1719984,0.2049821,0.2963028
6,0.066667,26,0.76770837,0.1719972,0.2049449,0.2963013
6,0.070833,26,0.76875004,0.1719958,0.2049075,0.2962994
6,0.075000,26,0.76979171,0.1719935,0.2048694,0.2962970
6,0.079167,26,0.77083337,0.1719908,0.2048309,0.2962940
6,0.083333,26,0.77187504,0.1719871,0.2047914,0.2962900
6,0.087500,26,0.77291671,0.1719828,0.2047514,0.2962854
6,0.091667,26,0.77395837,0.1719771,0.2047101,0.2962794
6,0.095833,26,0.77500004,0.1719707,0.2046680,0.2962727
6,0.100000,26,0.77604171,0.1719626,0.2046244,0.2962642
6,0.104167,26,0.77708337,0.1719535,0.2045798,0.2962549
6,0.108333,26,0.77812504,0.1719424,0.2045334,0.2962437
6,0.112500,26,0.77916671,0.1719302,0.2044858,0.2962312
6,0.116667,26,0.78020837,0.1719159,0.2044363,0.2962166
6,0.120833,26,0.78125004,0.1719003,0.2043854,0.2962008
6,0.125000,26,0.78229171,0.1718823,0.2043324,0.2961827
6,0.129167,26,0.78333337,0.1718631,0.2042780,0.2961632
6,0.133333,26,0.78437504,0.1718415,0.2042214,0.2961414
6,0.137500,26,0.78541671,0.1718185,0.2041635,0.2961183
6,0.141667,26,0.78645837,0.1717934,0.2041035,0.2960929
6,0.145833,26,0.78750004,0.1717670,0.2040423,0.2960663
6,0.150000,26,0.78854171,0.1717387,0.2039793,0.2960378
6,0.154167,26,0.78958337,0.1717092,0.2039152,0.2960083
6,0.158333,26,0.79062504,0.1716783,0.2038497,0.2959772
6,0.162500,26,0.79166671,0.1716464,0.2037834,0.2959453
6,0.166667,26,0.79270837,0.1716138,0.2037163,0.2959125
6,0.170833,26,0.79375004,0.1715804,0.2036486,0.2958791
6,0.175000,26,0.79479171,0.1715470,0.2035810,0.2958456
6,0.179167,26,0.79583337,0.1715132,0.2035130,0.2958117
6,0.183333,26,0.79687504,0.1714801,0.2034458,0.2957787
6,0.187500,26,0.79791671,0.1714471,0.2033787,0.2957454
6,0.191667,26,0.79895838,0.1714156,0.2033133,0.2957141
6,0.195833,26,0.80000004,0.1713845,0.2032483,0.2956829
6,0.200000,26,0.80104171,0.1713558,0.2031858,0.2956542
6,0.204167,26,0.80208338,0.1713277,0.2031239,0.2956260
6,0.208333,26,0.80312504,0.1713029,0.2030655,0.2956013
6,0.212500,26,0.80416671,0.1712789,0.2030078,0.2955773
6,0.216667,26,0.80520838,0.1712588,0.2029544,0.2955574
6,0.220833,26,0.80625004,0.1712395,0.2029017,0.2955382
6,0.225000,26,0.80729171,0.1712248,0.2028537,0.2955237
6,0.229167,26,0.80833338,0.1712108,0.2028063,0.2955099
6,0.233333,26,0.80937504,0.1712016,0.2027641,0.2955009
6,0.237500,26,0.81041671,0.1711930,0.2027223,0.2954924
6,0.241667,26,0.81145838,0.1711893,0.2026855,0.2954889
6,0.245833,26,0.81250004,0.1711857,0.2026490,0.2954856
6,0.250000,26,0.81354171,0.1711869,0.2026175,0.2954870
6,0.254167,26,0.81458338,0.1711881,0.2025858,0.2954885
6,0.258333,26,0.81562504,0.1711942,0.2025592,0.2954950
6,0.262500,26,0.81666671,0.1712002,0.2025325,0.2955014
6,0.266667,26,0.81770838,0.1712111,0.2025109,0.2955126
6,0.270833,26,0.81875004,0.1712219,0.2024892,0.2955238
6,0.275000,26,0.81979171,0.1712374,0.2024724,0.2955399
6,0.279167,26,0.82083338,0.1712528,0.2024557,0.2955560
6,0.283333,26,0.82187504,0.1712727,0.2024434,0.2955765
6,0.287500,26,0.82291671,0.1712925,0.2024311,0.2955969
6,0.291667,26,0.82395838,0.1713163,0.2024229,0.2956213
6,0.295833,26,0.82500004,0.1713400,0.2024148,0.2956461
6,0.300000,26,0.82604171,0.1713671,0.2024103,0.2956742
6,0.304167,26,0.82708338,0.1713942,0.2024057,0.2957024
6,0.308333,26,0.82812504,0.1714240,0.2024040,0.2957333
6,0.312500,26,0.82916671,0.1714538,0.2024023,0.2957642
6,0.316667,26,0.83020838,0.1714855,0.2024027,0.2957972
6,0.320833,26,0.83125004,0.1715171,0.2024031,0.2958303
6,0.325000,26,0.83229171,0.1715498,0.2024048,0.2958648
6,0.329167,26,0.83333338,0.1715824,0.2024066,0.2958994
6,0.333333,26,0.83437504,0.1716151,0.2024086,0.2959341
6,0.337500,26,0.83541671,0.1716478,0.2024105,0.2959688
6,0.341667,26,0.83645838,0.1716796,0.2024119,0.2960030
6,0.345833,26,0.83750004,0.1717114,0.2024132,0.2960373
6,0.350000,26,0.83854171,0.1717413,0.2024129,0.2960699
6,0.354167,26,0.83958338,0.1717712,0.2024126,0.2961029
6,0.358333,26,0.84062504,0.1717983,0.2024100,0.2961335
6,0.362500,26,0.84166671,0.1718254,0.2024073,0.2961643
6,0.366667,26,0.84270838,0.1718489,0.2024013,0.2961917
6,0.370833,26,0.84375004,0.1718723,0.2023953,0.2962193
6,0.375000,26,0.84479171,0.1718913,0.2023852,0.2962428
6,0.379167,26,0.84583338,0.1719103,0.2023751,0.2962666
6,0.383333,26,0.84687504,0.1719243,0.2023604,0.2962858
6,0.387500,26,0.84791671,0.1719383,0.2023457,0.2963054
6,0.391667,26,0.84895838,0.1719469,0.2023259,0.2963203
6,0.395833,26,0.85000004,0.1719554,0.2023064,0.2963356
6,0.400000,26,0.85104171,0.1719583,0.2022814,0.2963456
6,0.404167,26,0.85208338,0.1719612,0.2022565,0.2963561
6,0.408333,26,0.85312504,0.1719584,0.2022263,0.2963615
6,0.412500,26,0.85416671,0.1719557,0.2021962,0.2963671
6,0.416667,26,0.85520838,0.1719475,0.2021611,0.2963682
6,0.420833,26,0.85625004,0.1719394,0.2021262,0.2963700
6,0.425000,26,0.85729171,0.1719263,0.2020869,0.2963677
6,0.429167,26,0.85833338,0.1719133,0.2020478,0.2963664
6,0.433333,26,0.85937504,0.1718961,0.2020049,0.2963614
6,0.437500,26,0.86041671,0.1718789,0.2019621,0.2963569
6,0.441667,26,0.86145838,0.1718586,0.2019167,0.2963504
6,0.445833,26,0.86250004,0.1718383,0.2018715,0.2963442
6,0.450000,26,0.86354171,0.1718161,0.2018248,0.2963374
6,0.454167,26,0.86458338,0.1717938,0.2017784,0.2963313
6,0.458333,26,0.86562505,0.1717711,0.2017321,0.2963262
6,0.462500,26,0.86666671,0.1717484,0.2016862,0.2963226
6,0.466667,26,0.86770838,0.1717269,0.2016419,0.2963211
6,0.470833,26,0.86875005,0.1717053,0.2015978,0.2963203
6,0.475000,26,0.86979171,0.1716866,0.2015570,0.2963236
6,0.479167,26,0.87083338,0.1716679,0.2015165,0.2963277
6,0.483333,26,0.87187505,0.1716538,0.2014813,0.2963381
6,0.487500,26,0.87291671,0.1716398,0.2014465,0.2963498
6,0.491667,26,0.87395838,0.1716323,0.2014189,0.2963700
6,0.495833,26,0.87500005,0.1716247,0.2013918,0.2963919
6,0.500000,26,0.87604171,0.1716255,0.2013736,0.2964238
6,0.504167,26,0.87708338,0.1716263,0.2013559,0.2964565
6,0.508333,26,0.87812505,0.1716372,0.2013487,0.2965012
6,0.512500,26,0.87916671,0.1716480,0.2013420,0.2965472
6,0.516667,26,0.88020838,0.1716706,0.2013477,0.2966068
6,0.520833,26,0.88125005,0.1716931,0.2013539,0.2966684
6,0.525000,26,0.88229171,0.1717289,0.2013743,0.2967458
6,0.529167,26,0.88333338,0.1717646,0.2013953,0.2968254
6,0.533333,26,0.88437505,0.1718147,0.2014315,0.2969217
6,0.537500,26,0.88541671,0.1718648,0.2014679,0.2970194
6,0.541667,26,0.88645838,0.1719303,0.2015208,0.2971348
6,0.545833,26,0.88750005,0.1719958,0.2015742,0.2972521
6,0.550000,26,0.88854171,0.1720775,0.2016447,0.2973884
6,0.554167,26,0.88958338,0.1721592,0.2017159,0.2975272
6,0.558333,26,0.89062505,0.1722575,0.2018048,0.2976856
6,0.562500,26,0.89166671,0.1723559,0.2018945,0.2978472
6,0.566667,26,0.89270838,0.1724710,0.2020021,0.2980286
6,0.570833,26,0.89375005,0.1725863,0.2021103,0.2982121
6,0.575000,26,0.89479171,0.1727182,0.2022363,0.2984152
6,0.579167,26,0.89583338,0.1728502,0.2023630,0.2986208
6,0.583333,26,0.89687505,0.1729988,0.2025075,0.2988465
6,0.587500,26,0.89791671,0.1731474,0.2026529,0.2990754
6,0.591667,26,0.89895838,0.1733121,0.2028156,0.2993243
6,0.595833,26,0.90000005,0.1734768,0.2029795,0.2995772
6,0.600000,26,0.90104171,0.1736570,0.2031601,0.2998493
6,0.604167,26,0.90208338,0.1738372,0.2033414,0.3001240
6,0.608333,26,0.90312505,0.1740323,0.2035388,0.3004170
6,0.612500,26,0.90416671,0.1742274,0.2037372,0.3007137
6,0.616667,26,0.90520838,0.1744367,0.2039512,0.3010286
6,0.620833,26,0.90625005,0.1746460,0.2041663,0.3013474
6,0.625000,26,0.90729171,0.1748688,0.2043963,0.3016845
6,0.629167,26,0.90833338,0.1750917,0.2046277,0.3020263
6,0.633333,26,0.90937505,0.1753275,0.2048735,0.3023854
6,0.637500,26,0.91041671,0.1755632,0.2051204,0.3027481
6,0.641667,26,0.91145838,0.1758116,0.2053811,0.3031276
6,0.645833,26,0.91250005,0.1760599,0.2056430,0.3035111
6,0.650000,26,0.91354171,0.1763206,0.2059189,0.3039119
6,0.654167,26,0.91458338,0.1765814,0.2061962,0.3043175
6,0.658333,26,0.91562505,0.1768545,0.2064876,0.3047411
6,0.662500,26,0.91666671,0.1771276,0.2067804,0.3051701
6,0.666667,26,0.91770838,0.1774135,0.2070878,0.3056171
6,0.670833,26,0.91875005,0.1776994,0.2073964,0.3060683
6,0.675000,26,0.91979171,0.1779985,0.2077199,0.3065377
6,0.679167,26,0.92083338,0.1782977,0.2080448,0.3070120
6,0.683333,26,0.92187505,0.1786110,0.2083856,0.3075060
6,0.687500,26,0.92291671,0.1789243,0.2087280,0.3080055
6,0.691667,26,0.92395838,0.1792529,0.2090877,0.3085265
6,0.695833,26,0.92500005,0.1795815,0.2094491,0.3090537
6,0.700000,26,0.92604171,0.1799267,0.2098290,0.3096034
6,0.704167,26,0.92708338,0.1802719,0.2102104,0.3101578
6,0.708333,26,0.92812505,0.1806351,0.2106116,0.3107360
6,0.712500,26,0.92916672,0.1809983,0.2110143,0.3113195
6,0.716667,26,0.93020838,0.1813811,0.2114387,0.3119288
6,0.720833,26,0.93125005,0.1817639,0.2118647,0.3125441
6,0.725000,26,0.93229172,0.1821678,0.2123141,0.3131874
6,0.729167,26,0.93333338,0.1825717,0.2127654,0.3138373
6,0.733333,26,0.93437505,0.1829982,0.2132415,0.3145163
6,0.737500,26,0.93541672,0.1834247,0.2137191,0.3152006
6,0.741667,26,0.93645838,0.1838750,0.2142227,0.3159149
6,0.745833,26,0.93750005,0.1843253,0.2147278,0.3166349
6,0.750000,26,0.93854172,0.1848004,0.2152601,0.3173868
6,0.754167,26,0.93958338,0.1852756,0.2157942,0.3181446
6,0.758333,26,0.94062505,0.1857761,0.2163561,0.3189349
6,0.762500,26,0.94166672,0.1862768,0.2169200,0.3197325
6,0.766667,26,0.94270838,0.1868030,0.2175119,0.3205622
6,0.770833,26,0.94375005,0.1873293,0.2181055,0.3213977
6,0.775000,26,0.94479172,0.1878809,0.2187267,0.3222649
6,0.779167,26,0.94583338,0.1884325,0.2193496,0.3231381
6,0.783333,26,0.94687505,0.1890087,0.2199995,0.3240426
6,0.787500,26,0.94791672,0.1895849,0.2206513,0.3249536
6,0.791667,26,0.94895838,0.1901842,0.2213286,0.3258947
6,0.795833,26,0.95000005,0.1907836,0.2220081,0.3268427
6,0.800000,26,0.95104172,0.1914042,0.2227111,0.3278186
6,0.804167,26,0.95208338,0.1920248,0.2234160,0.3288001
6,0.808333,26,0.95312505,0.1926642,0.2241420,0.3298068
6,0.812500,26,0.95416672,0.1933037,0.2248698,0.3308198
6,0.816667,26,0.95520838,0.1939591,0.2256160,0.3318549
6,0.820833,26,0.95625005,0.1946146,0.2263640,0.3328961
6,0.825000,26,0.95729172,0.1952828,0.2271273,0.3339567
6,0.829167,26,0.95833338,0.1959510,0.2278925,0.3350236
6,0.833333,26,0.95937505,0.1966283,0.2286694,0.3361060
6,0.837500,26,0.96041672,0.1973058,0.2294480,0.3371940
6,0.841667,26,0.96145838,0.1979889,0.2302346,0.3382934
6,0.845833,26,0.96250005,0.1986719,0.2310229,0.3393984
6,0.850000,26,0.96354172,0.1993570,0.2318156,0.3405111
6,0.854167,26,0.96458338,0.2000421,0.2326100,0.3416290
6,0.858333,26,0.96562505,0.2007257,0.2334052,0.3427514
6,0.862500,26,0.96666672,0.2014093,0.2342022,0.3438790
6,0.866667,26,0.96770838,0.2020881,0.2349968,0.3450075
6,0.870833,26,0.96875005,0.2027670,0.2357931,0.3461406
6,0.875000,26,0.96979172,0.2034384,0.2365840,0.3472714
6,0.879167,26,0.97083338,0.2041098,0.2373766,0.3484067
6,0.883333,26,0.97187505,0.2047715,0.2381616,0.3495369
6,0.887500,26,0.97291672,0.2054332,0.2389481,0.3506714
6,0.891667,26,0.97395838,0.2060834,0.2397254,0.3517990
6,0.895833,26,0.97500005,0.2067338,0.2405042,0.3529307
6,0.900000,26,0.97604172,0.2073718,0.2412728,0.3540545
6,0.904167,26,0.97708338,0.2080098,0.2420427,0.3551817
6,0.908333,26,0.97812505,0.2086353,0.2428022,0.3563006
6,0.912500,26,0.97916672,0.2092609,0.2435630,0.3574225
6,0.916667,26,0.98020838,0.2098745,0.2443138,0.3585358
6,0.920833,26,0.98125005,0.2104881,0.2450659,0.3596520
6,0.925000,26,0.98229172,0.2110910,0.2458088,0.3607603
6,0.929167,26,0.98333338,0.2116938,0.2465530,0.3618707
6,0.933333,26,0.98437505,0.2122879,0.2472901,0.3629753
6,0.937500,26,0.98541672,0.2128820,0.2480284,0.3640821
6,0.941667,26,0.98645838,0.2134696,0.2487618,0.3651846
6,0.945833,26,0.98750005,0.2140573,0.2494961,0.3662888
6,0.950000,26,0.98854172,0.2146412,0.2502283,0.3673910
6,0.954167,26,0.98958338,0.2152251,0.2509614,0.3684940
6,0.958333,26,0.99062505,0.2158082,0.2516949,0.3695974
6,0.962500,26,0.99166672,0.2163914,0.2524290,0.3707010
6,0.966667,26,0.99270839,0.2169766,0.2531666,0.3718078
6,0.970833,26,0.99375005,0.2175618,0.2539049,0.3729147
6,0.975000,26,0.99479172,0.2181519,0.2546494,0.3740273
6,0.979167,26,0.99583339,0.2187419,0.2553944,0.3751394
6,0.983333,26,0.99687505,0.2193390,0.2561474,0.3762587
6,0.987500,26,0.99791672,0.2199361,0.2569008,0.3773772
6,0.991667,26,0.99895839,0.2205419,0.2576636,0.3785038
6,0.995833,26,1.00000005,0.2211477,0.2584266,0.3796290
6,1.000000,26,1.00104172,0.2217630,0.2591998,0.3807611
6,1.004167,26,1.00208339,0.2223783,0.2599735,0.3818926
6,1.008333,26,1.00312505,0.2230030,0.2607573,0.3830326
6,1.012500,26,1.00416672,0.2236277,0.2615410,0.3841708
6,1.016667,26,1.00520839,0.2242604,0.2623334,0.3853151
6,1.020833,26,1.00625005,0.2248932,0.2631257,0.3864565
6,1.025000,26,1.00729172,0.2255318,0.2639239,0.3876007
6,1.029167,26,1.00833339,0.2261703,0.2647217,0.3887411
6,1.033333,26,1.00937505,0.2268110,0.2655220,0.3898808
6,1.037500,26,1.01041672,0.2274517,0.2663220,0.3910175
6,1.041667,26,1.01145839,0.2280899,0.2671199,0.3921491
6,1.045833,26,1.01250005,0.2287281,0.2679173,0.3932766
6,1.050000,26,1.01354172,0.2293581,0.2687065,0.3943922
6,1.054167,26,1.01458339,0.2299881,0.2694949,0.3955030
6,1.058333,26,1.01562505,0.2306033,0.2702682,0.3965946
6,1.062500,26,1.01666672,0.2312185,0.2710406,0.3976809
6,1.066667,26,1.01770839,0.2318116,0.2717906,0.3987404
6,1.070833,26,1.01875005,0.2324047,0.2725400,0.3997959
6,1.075000,26,1.01979172,0.2329681,0.2732595,0.4008172
6,1.079167,26,1.02083339,0.2335315,0.2739780,0.4018334
6,1.083333,26,1.02187505,0.2340574,0.2746584,0.4028066
6,1.087500,26,1.02291672,0.2345833,0.2753377,0.4037739
6,1.091667,26,1.02395839,0.2350640,0.2759710,0.4046901
6,1.095833,26,1.02500005,0.2355448,0.2766028,0.4055996
6,1.100000,26,1.02604172,0.2359734,0.2771819,0.4064515
6,1.104167,26,1.02708339,0.2364020,0.2777597,0.4072977
6,1.108333,26,1.02812505,0.2367723,0.2782787,0.4080805
6,1.112500,26,1.02916672,0.2371425,0.2787962,0.4088567
6,1.116667,26,1.03020839,0.2374495,0.2792495,0.4095638
6,1.120833,26,1.03125005,0.2377565,0.2797011,0.4102637
6,1.125000,26,1.03229172,0.2379967,0.2800848,0.4108901
6,1.129167,26,1.03333339,0.2382368,0.2804665,0.4115088
6,1.133333,26,1.03437505,0.2384084,0.2807786,0.4120530
6,1.137500,26,1.03541672,0.2385800,0.2810892,0.4125907
6,1.141667,26,1.03645839,0.2386833,0.2813304,0.4130543
6,1.145833,26,1.03750005,0.2387865,0.2815699,0.4135109
6,1.150000,26,1.03854172,0.2388235,0.2817419,0.4138948
6,1.154167,26,1.03958339,0.2388605,0.2819118,0.4142714
6,1.158333,26,1.04062505,0.2388357,0.2820185,0.4145789
6,1.162500,26,1.04166672,0.2388108,0.2821230,0.4148788
6,1.166667,26,1.04270839,0.2387305,0.2821705,0.4151164
6,1.170833,26,1.04375005,0.2386501,0.2822164,0.4153479
6,1.175000,26,1.04479172,0.2385226,0.2822138,0.4155262
6,1.179167,26,1.04583339,0.2383952,0.2822092,0.4156975
6,1.183333,26,1.04687505,0.2382307,0.2821662,0.4158254
6,1.187500,26,1.04791672,0.2380662,0.2821210,0.4159460
6,1.191667,26,1.04895839,0.2378764,0.2820486,0.4160344
6,1.195833,26,1.05000005,0.2376865,0.2819740,0.4161152
6,1.200000,26,1.05104172,0.2374841,0.2818852,0.4161769
6,1.204167,26,1.05208339,0.2372817,0.2817945,0.4162328
6,1.208333,26,1.05312505,0.2370805,0.2817035,0.4162841
6,1.212500,26,1.05416672,0.2368793,0.2816104,0.4163288
6,1.216667,26,1.05520839,0.2366931,0.2815307,0.4163826
6,1.220833,26,1.05625006,0.2365069,0.2814488,0.4164297
6,1.225000,26,1.05729172,0.2363498,0.2813942,0.4164996
6,1.229167,26,1.05833339,0.2361926,0.2813373,0.4165626
6,1.233333,26,1.05937506,0.2360780,0.2813211,0.4166624
6,1.237500,26,1.06041672,0.2359633,0.2813029,0.4167567
6,1.241667,26,1.06145839,0.2359035,0.2813381,0.4169008
6,1.245833,26,1.06250006,0.2358436,0.2813712,0.4170393
6,1.250000,26,1.06354172,0.2358496,0.2814685,0.4172383
6,1.254167,26,1.06458339,0.2358556,0.2815636,0.4174315
6,1.258333,26,1.06562506,0.2359368,0.2817320,0.4176946
6,1.262500,26,1.06666672,0.2360179,0.2818981,0.4179515
6,1.266667,26,1.06770839,0.2361811,0.2821448,0.4182858
6,1.270833,26,1.06875006,0.2363444,0.2823895,0.4186154
6,1.275000,26,1.06979172,0.2365946,0.2827196,0.4190280
6,1.279167,26,1.07083339,0.2368447,0.2830479,0.4194357
6,1.283333,26,1.07187506,0.2371841,0.2834637,0.4199285
6,1.287500,26,1.07291672,0.2375235,0.2838774,0.4204165
6,1.291667,26,1.07395839,0.2379516,0.2843781,0.4209886
6,1.295833,26,1.07500006,0.2383798,0.2848769,0.4215559
6,1.300000,26,1.07604172,0.2388938,0.2854598,0.4222055
6,1.304167,26,1.07708339,0.2394077,0.2860411,0.4228511
6,1.308333,26,1.07812506,0.2400021,0.2867012,0.4235741
6,1.312500,26,1.07916672,0.2405965,0.2873595,0.4242934
6,1.316667,26,1.08020839,0.2412635,0.2880889,0.4250822
6,1.320833,26,1.08125006,0.2419306,0.2888166,0.4258671
6,1.325000,26,1.08229172,0.2426605,0.2896056,0.4267114
6,1.329167,26,1.08333339,0.2433904,0.2903927,0.4275521
6,1.333333,26,1.08437506,0.2441716,0.2912297,0.4284412
6,1.337500,26,1.08541672,0.2449529,0.2920651,0.4293278
6,1.341667,26,1.08645839,0.2457729,0.2929380,0.4302506
6,1.345833,26,1.08750006,0.2465928,0.2938092,0.4311707
6,1.350000,26,1.08854172,0.2474377,0.2947040,0.4321136
6,1.354167,26,1.08958339,0.2482826,0.2955972,0.4330538
6,1.358333,26,1.09062506,0.2491384,0.2965000,0.4340023
6,1.362500,26,1.09166672,0.2499941,0.2974010,0.4349478
6,1.366667,26,1.09270839,0.2508467,0.2982976,0.4358882
6,1.370833,26,1.09375006,0.2516992,0.2991928,0.4368268
6,1.375000,26,1.09479172,0.2525349,0.3000699,0.4377470
6,1.379167,26,1.09583339,0.2533706,0.3009458,0.4386657
6,1.383333,26,1.09687506,0.2541768,0.3017909,0.4395527
6,1.387500,26,1.09791672,0.2549829,0.3026345,0.4404380
6,1.391667,26,1.09895839,0.2557479,0.3034360,0.4412805
6,1.395833,26,1.10000006,0.2565129,0.3042359,0.4421210
6,1.400000,26,1.10104172,0.2572267,0.3049836,0.4429088
6,1.404167,26,1.10208339,0.2579405,0.3057302,0.4436957
6,1.408333,26,1.10312506,0.2585950,0.3064163,0.4444222
6,1.412500,26,1.10416672,0.2592495,0.3071014,0.4451474
6,1.416667,26,1.10520839,0.2598383,0.3077197,0.4458061
6,1.420833,26,1.10625006,0.2604271,0.3083369,0.4464633
6,1.425000,26,1.10729172,0.2609459,0.3088831,0.4470496
6,1.429167,26,1.10833339,0.2614647,0.3094282,0.4476343
6,1.433333,26,1.10937506,0.2619114,0.3099002,0.4481462
6,1.437500,26,1.11041672,0.2623580,0.3103711,0.4486570
6,1.441667,26,1.11145839,0.2627322,0.3107688,0.4490951
6,1.445833,26,1.11250006,0.2631063,0.3111654,0.4495323
6,1.450000,26,1.11354172,0.2634096,0.3114903,0.4498980
6,1.454167,26,1.11458339,0.2637128,0.3118142,0.4502629
6,1.458333,26,1.11562506,0.2639483,0.3120697,0.4505592
6,1.462500,26,1.11666672,0.2641838,0.3123241,0.4508545
6,1.466667,26,1.11770839,0.2643562,0.3125147,0.4510860
6,1.470833,26,1.11875006,0.2645285,0.3127044,0.4513172
6,1.475000,26,1.11979173,0.2646435,0.3128360,0.4514906
6,1.479167,26,1.12083339,0.2647584,0.3129667,0.4516637
6,1.483333,26,1.12187506,0.2648224,0.3130460,0.4517854
6,1.487500,26,1.12291673,0.2648865,0.3131244,0.4519064
6,1.491667,26,1.12395839,0.2649067,0.3131584,0.4519829
6,1.495833,26,1.12500006,0.2649268,0.3131915,0.4520589
6,1.500000,26,1.12604173,0.2649104,0.3131873,0.4520977
6,1.504167,26,1.12708339,0.2648939,0.3131825,0.4521362
6,1.508333,26,1.12812506,0.2648480,0.3131476,0.4521450
6,1.512500,26,1.12916673,0.2648021,0.3131122,0.4521534
6,1.516667,26,1.13020839,0.2647335,0.3130534,0.4521388
6,1.520833,26,1.13125006,0.2646649,0.3129941,0.4521238
6,1.525000,26,1.13229173,0.2645798,0.3129177,0.4520917
6,1.529167,26,1.13333339,0.2644948,0.3128407,0.4520591
6,1.533333,26,1.13437506,0.2643988,0.3127522,0.4520151
6,1.537500,26,1.13541673,0.2643028,0.3126633,0.4519708
6,1.541667,26,1.13645839,0.2642004,0.3125675,0.4519200
6,1.545833,26,1.13750006,0.2640980,0.3124712,0.4518689
6,1.550000,26,1.13854173,0.2639928,0.3123716,0.4518147
6,1.554167,26,1.13958339,0.2638878,0.3122717,0.4517600
6,1.558333,26,1.14062506,0.2637826,0.3121712,0.4517048
6,1.562500,26,1.14166673,0.2636775,0.3120703,0.4516490
6,1.566667,26,1.14270839,0.2635740,0.3119706,0.4515944
6,1.570833,26,1.14375006,0.2634706,0.3118705,0.4515396
6,1.575000,26,1.14479173,0.2633696,0.3117726,0.4514870
6,1.579167,26,1.14583339,0.2632686,0.3116743,0.4514341
6,1.583333,26,1.14687506,0.2631703,0.3115781,0.4513833
6,1.587500,26,1.14791673,0.2630719,0.3114816,0.4513320
6,1.591667,26,1.14895839,0.2629756,0.3113868,0.4512822
6,1.595833,26,1.15000006,0.2628792,0.3112916,0.4512319
6,1.600000,26,1.15104173,0.2627838,0.3111970,0.4511821
6,1.604167,26,1.15208339,0.2626883,0.3111021,0.4511319
6,1.608333,26,1.15312506,0.2625924,0.3110064,0.4510807
6,1.612500,26,1.15416673,0.2624965,0.3109105,0.4510292
6,1.616667,26,1.15520839,0.2623986,0.3108122,0.4509754
6,1.620833,26,1.15625006,0.2623007,0.3107138,0.4509209
6,1.625000,26,1.15729173,0.2621993,0.3106115,0.4508625
6,1.629167,26,1.15833339,0.2620979,0.3105090,0.4508033
6,1.633333,26,1.15937506,0.2619916,0.3104013,0.4507388
6,1.637500,26,1.16041673,0.2618852,0.3102933,0.4506738
6,1.641667,26,1.16145839,0.2617729,0.3101791,0.4506023
6,1.645833,26,1.16250006,0.2616605,0.3100648,0.4505305
6,1.650000,26,1.16354173,0.2615414,0.3099435,0.4504513
6,1.654167,26,1.16458339,0.2614224,0.3098219,0.4503715
6,1.658333,26,1.16562506,0.2612962,0.3096932,0.4502843
6,1.662500,26,1.16666673,0.2611701,0.3095643,0.4501964
6,1.666667,26,1.16770839,0.2610372,0.3094283,0.4501011
6,1.670833,26,1.16875006,0.2609042,0.3092922,0.4500051
6,1.675000,26,1.16979173,0.2607651,0.3091498,0.4499027
6,1.679167,26,1.17083339,0.2606260,0.3090073,0.4497997
6,1.683333,26,1.17187506,0.2604818,0.3088596,0.4496911
6,1.687500,26,1.17291673,0.2603376,0.3087117,0.4495820
6,1.691667,26,1.17395839,0.2601899,0.3085601,0.4494688
6,1.695833,26,1.17500006,0.2600422,0.3084085,0.4493549
6,1.700000,26,1.17604173,0.2598928,0.3082550,0.4492388
6,1.704167,26,1.17708339,0.2597434,0.3081014,0.4491219
6,1.708333,26,1.17812506,0.2595943,0.3079481,0.4490052
6,1.712500,26,1.17916673,0.2594453,0.3077947,0.4488878
6,1.716667,26,1.18020839,0.2592987,0.3076437,0.4487723
6,1.720833,26,1.18125006,0.2591523,0.3074928,0.4486563
6,1.725000,26,1.18229173,0.2590105,0.3073464,0.4485444
6,1.729167,26,1.18333340,0.2588687,0.3072000,0.4484320
6,1.733333,26,1.18437506,0.2587338,0.3070604,0.4483260
6,1.737500,26,1.18541673,0.2585989,0.3069207,0.4482194
6,1.741667,26,1.18645840,0.2584727,0.3067897,0.4481209
6,1.745833,26,1.18750006,0.2583466,0.3066587,0.4480219
6,1.750000,26,1.18854173,0.2582308,0.3065380,0.4479325
6,1.754167,26,1.18958340,0.2581150,0.3064172,0.4478429
6,1.758333,26,1.19062506,0.2580108,0.3063081,0.4477642
6,1.762500,26,1.19166673,0.2579066,0.3061989,0.4476851
6,1.766667,26,1.19270840,0.2578150,0.3061022,0.4476179
6,1.770833,26,1.19375006,0.2577233,0.3060054,0.4475501
6,1.775000,26,1.19479173,0.2576445,0.3059216,0.4474945
6,1.779167,26,1.19583340,0.2575658,0.3058377,0.4474385
6,1.783333,26,1.19687506,0.2574999,0.3057668,0.4473951
6,1.787500,26,1.19791673,0.2574341,0.3056958,0.4473509
6,1.791667,26,1.19895840,0.2573806,0.3056373,0.4473185
6,1.795833,26,1.20000006,0.2573272,0.3055787,0.4472860
6,1.800000,26,1.20104173,0.2572854,0.3055318,0.4472645
6,1.804167,26,1.20208340,0.2572435,0.3054848,0.4472423
6,1.808333,26,1.20312506,0.2572121,0.3054483,0.4472301
6,1.812500,26,1.20416673,0.2571807,0.3054118,0.4472175
6,1.816667,26,1.20520840,0.2571582,0.3053842,0.4472131
6,1.820833,26,1.20625006,0.2571357,0.3053566,0.4472084
6,1.825000,26,1.20729173,0.2571204,0.3053363,0.4472105
6,1.829167,26,1.20833340,0.2571052,0.3053160,0.4472123
6,1.833333,26,1.20937506,0.2570955,0.3053012,0.4472190
6,1.837500,26,1.21041673,0.2570857,0.3052864,0.4472253
6,1.841667,26,1.21145840,0.2570796,0.3052754,0.4472347
6,1.845833,26,1.21250006,0.2570736,0.3052643,0.4472436
6,1.850000,26,1.21354173,0.2570694,0.3052553,0.4472541
6,1.854167,26,1.21458340,0.2570653,0.3052463,0.4472643
6,1.858333,26,1.21562506,0.2570613,0.3052375,0.4472743
6,1.862500,26,1.21666673,0.2570575,0.3052287,0.4472838
6,1.866667,26,1.21770840,0.2570525,0.3052189,0.4472919
6,1.870833,26,1.21875006,0.2570475,0.3052091,0.4472996
6,1.875000,26,1.21979173,0.2570403,0.3051970,0.4473044
6,1.879167,26,1.22083340,0.2570329,0.3051850,0.4473088
6,1.883333,26,1.22187506,0.2570225,0.3051699,0.4473101
6,1.887500,26,1.22291673,0.2570120,0.3051548,0.4473106
6,1.891667,26,1.22395840,0.2569978,0.3051358,0.4473071
6,1.895833,26,1.22500006,0.2569836,0.3051170,0.4473034
6,1.900000,26,1.22604173,0.2569654,0.3050942,0.4472952
6,1.904167,26,1.22708340,0.2569472,0.3050714,0.4472868
6,1.908333,26,1.22812506,0.2569251,0.3050449,0.4472741
6,1.912500,26,1.22916673,0.2569030,0.3050183,0.4472611
6,1.916667,26,1.23020840,0.2568774,0.3049882,0.4472441
6,1.920833,26,1.23125006,0.2568517,0.3049582,0.4472270
6,1.925000,26,1.23229173,0.2568232,0.3049252,0.4472065
6,1.929167,26,1.23333340,0.2567947,0.3048923,0.4471859
6,1.933333,26,1.23437506,0.2567640,0.3048574,0.4471630
6,1.937500,26,1.23541673,0.2567334,0.3048225,0.4471397
6,1.941667,26,1.23645840,0.2567018,0.3047866,0.4471151
6,1.945833,26,1.23750006,0.2566701,0.3047507,0.4470902
6,1.950000,26,1.23854173,0.2566384,0.3047149,0.4470649
6,1.954167,26,1.23958340,0.2566067,0.3046790,0.4470395
6,1.958333,26,1.24062506,0.2565762,0.3046444,0.4470152
6,1.962500,26,1.24166673,0.2565457,0.3046097,0.4469904
6,1.966667,26,1.24270840,0.2565175,0.3045774,0.4469678
6,1.970833,26,1.24375006,0.2564893,0.3045452,0.4469449
6,1.975000,26,1.24479173,0.2564643,0.3045162,0.4469251
6,1.979167,26,1.24583340,0.2564394,0.3044873,0.4469050
6,1.983333,26,1.24687507,0.2564186,0.3044626,0.4468890
6,1.987500,26,1.24791673,0.2563979,0.3044379,0.4468727
6,1.991667,26,1.24895840,0.2563821,0.3044183,0.4468612
6,1.995833,26,1.25000007,0.2563663,0.3043986,0.4468496
6,2.000000,26,1.25104173,0.2563560,0.3043845,0.4468432
6,2.004167,26,1.25208340,0.2563457,0.3043704,0.4468367
6,2.008333,26,1.25312507,0.2563412,0.3043621,0.4468359
6,2.012500,26,1.25416673,0.2563368,0.3043538,0.4468347
6,2.016667,26,1.25520840,0.2563382,0.3043515,0.4468395
6,2.020833,26,1.25625007,0.2563396,0.3043492,0.4468440
6,2.025000,26,1.25729173,0.2563468,0.3043528,0.4468543
6,2.029167,26,1.25833340,0.2563540,0.3043563,0.4468642
6,2.033333,26,1.25937507,0.2563666,0.3043652,0.4468795
6,2.037500,26,1.26041673,0.2563792,0.3043743,0.4468948
6,2.041667,26,1.26145840,0.2563967,0.3043882,0.4469147
6,2.045833,26,1.26250007,0.2564142,0.3044021,0.4469343
6,2.050000,26,1.26354173,0.2564358,0.3044201,0.4469582
6,2.054167,26,1.26458340,0.2564574,0.3044382,0.4469818
6,2.058333,26,1.26562507,0.2564823,0.3044596,0.4470087
6,2.062500,26,1.26666673,0.2565072,0.3044811,0.4470356
6,2.066667,26,1.26770840,0.2565345,0.3045048,0.4470645
6,2.070833,26,1.26875007,0.2565617,0.3045286,0.4470933
6,2.075000,26,1.26979173,0.2565902,0.3045537,0.4471235
6,2.079167,26,1.27083340,0.2566187,0.3045788,0.4471534
6,2.083333,26,1.27187507,0.2566475,0.3046042,0.4471835
6,2.087500,26,1.27291673,0.2566763,0.3046296,0.4472136
6,2.091667,26,1.27395840,0.2567042,0.3046543,0.4472429
6,2.095833,26,1.27500007,0.2567322,0.3046789,0.4472719
6,2.100000,26,1.27604173,0.2567584,0.3047019,0.4472994
6,2.104167,26,1.27708340,0.2567846,0.3047248,0.4473267
6,2.108333,26,1.27812507,0.2568083,0.3047452,0.4473511
6,2.112500,26,1.27916673,0.2568318,0.3047655,0.4473755
6,2.116667,26,1.28020840,0.2568520,0.3047824,0.4473966
6,2.120833,26,1.28125007,0.2568721,0.3047993,0.4474173
6,2.125000,26,1.28229173,0.2568882,0.3048123,0.4474343
6,2.129167,26,1.28333340,0.2569043,0.3048252,0.4474510
6,2.133333,26,1.28437507,0.2569159,0.3048337,0.4474632
6,2.137500,26,1.28541673,0.2569274,0.3048421,0.4474753
6,2.141667,26,1.28645840,0.2569341,0.3048457,0.4474826
6,2.145833,26,1.28750007,0.2569408,0.3048493,0.4474898
6,2.150000,26,1.28854173,0.2569424,0.3048478,0.4474919
6,2.154167,26,1.28958340,0.2569439,0.3048464,0.4474939
6,2.158333,26,1.29062507,0.2569405,0.3048400,0.4474909
6,2.162500,26,1.29166673,0.2569371,0.3048335,0.4474879
6,2.166667,26,1.29270840,0.2569286,0.3048221,0.4474797
6,2.170833,26,1.29375007,0.2569202,0.3048107,0.4474716
6,2.175000,26,1.29479173,0.2569071,0.3047947,0.4474589
6,2.179167,26,1.29583340,0.2568940,0.3047787,0.4474459
6,2.183333,26,1.29687507,0.2568766,0.3047584,0.4474287
6,2.187500,26,1.29791673,0.2568592,0.3047381,0.4474117
6,2.191667,26,1.29895840,0.2568380,0.3047140,0.4473906
6,2.195833,26,1.30000007,0.2568168,0.3046900,0.4473696
6,2.200000,26,1.30104173,0.2567923,0.3046626,0.4473452
6,2.204167,26,1.30208340,0.2567677,0.3046353,0.4473209
6,2.208333,26,1.30312507,0.2567406,0.3046054,0.4472938
6,2.212500,26,1.30416673,0.2567134,0.3045754,0.4472666
6,2.216667,26,1.30520840,0.2566842,0.3045435,0.4472377
6,2.220833,26,1.30625007,0.2566550,0.3045116,0.4472084
6,2.225000,26,1.30729173,0.2566244,0.3044782,0.4471779
6,2.229167,26,1.30833340,0.2565937,0.3044448,0.4471473
6,2.233333,26,1.30937507,0.2565623,0.3044108,0.4471160
6,2.237500,26,1.31041674,0.2565309,0.3043768,0.4470846
6,2.241667,26,1.31145840,0.2564994,0.3043427,0.4470531
6,2.245833,26,1.31250007,0.2564678,0.3043085,0.4470215
6,2.250000,26,1.31354174,0.2564366,0.3042747,0.4469904
6,2.254167,26,1.31458340,0.2564054,0.3042411,0.4469593
6,2.258333,26,1.31562507,0.2563751,0.3042082,0.4469289
6,2.262500,26,1.31666674,0.2563448,0.3041754,0.4468987
6,2.266667,26,1.31770840,0.2563158,0.3041440,0.4468698
6,2.270833,26,1.31875007,0.2562869,0.3041125,0.4468408
6,2.275000,26,1.31979174,0.2562595,0.3040828,0.4468135
6,2.279167,26,1.32083340,0.2562322,0.3040531,0.4467861
6,2.283333,26,1.32187507,0.2562069,0.3040253,0.4467608
6,2.287500,26,1.32291674,0.2561816,0.3039977,0.4467356
6,2.291667,26,1.32395840,0.2561585,0.3039722,0.4467124
6,2.295833,26,1.32500007,0.2561353,0.3039467,0.4466893
6,2.300000,26,1.32604174,0.2561145,0.3039237,0.4466684
6,2.304167,26,1.32708340,0.2560937,0.3039006,0.4466476
6,2.308333,26,1.32812507,0.2560753,0.3038799,0.4466292
6,2.312500,26,1.32916674,0.2560569,0.3038593,0.4466109
6,2.316667,26,1.33020840,0.2560408,0.3038411,0.4465947
6,2.320833,26,1.33125007,0.2560248,0.3038228,0.4465788
6,2.325000,26,1.33229174,0.2560111,0.3038070,0.4465651
6,2.329167,26,1.33333340,0.2559974,0.3037911,0.4465514
6,2.333333,26,1.33437507,0.2559860,0.3037777,0.4465399
6,2.337500,26,1.33541674,0.2559746,0.3037641,0.4465285
6,2.341667,26,1.33645840,0.2559652,0.3037527,0.4465192
6,2.345833,26,1.33750007,0.2559559,0.3037413,0.4465099
6,2.350000,26,1.33854174,0.2559484,0.3037319,0.4465024
6,2.354167,26,1.33958340,0.2559410,0.3037225,0.4464951
6,2.358333,26,1.34062507,0.2559352,0.3037148,0.4464893
6,2.362500,26,1.34166674,0.2559295,0.3037071,0.4464836
6,2.366667,26,1.34270840,0.2559253,0.3037010,0.4464793
6,2.370833,26,1.34375007,0.2559210,0.3036948,0.4464750
6,2.375000,26,1.34479174,0.2559180,0.3036900,0.4464720
6,2.379167,26,1.34583340,0.2559150,0.3036850,0.4464690
6,2.383333,26,1.34687507,0.2559131,0.3036814,0.4464671
6,2.387500,26,1.34791674,0.2559112,0.3036776,0.4464652
6,2.391667,26,1.34895840,0.2559102,0.3036749,0.4464643
6,2.395833,28,1.35000007,0.2559093,0.3036723,0.4464633
6,2.400000,28,1.35104174,0.2559093,0.3036714,0.4464642
6,2.404167,28,1.35208340,0.2559093,0.3036705,0.4464650
6,2.408333,28,1.35312507,0.2559093,0.3036698,0.4464659
6,2.412500,28,1.35416674,0.2559093,0.3036691,0.4464669
6,2.416667,28,1.35520840,0.2559093,0.3036686,0.4464680
6,2.420833,28,1.35625007,0.2559093,0.3036683,0.4464693
6,2.425000,28,1.35729174,0.2559093,0.3036682,0.4464708
6,2.429167,28,1.35833340,0.2559093,0.3036683,0.4464725
6,2.433333,28,1.35937507,0.2559093,0.3036687,0.4464743
6,2.437500,28,1.36041674,0.2559093,0.3036693,0.4464764
6,2.441667,28,1.36145840,0.2559093,0.3036702,0.4464788
6,2.445833,28,1.36250007,0.2559093,0.3036713,0.4464813
6,2.450000,28,1.36354174,0.2559093,0.3036728,0.4464842
6,2.454167,28,1.36458340,0.2559093,0.3036745,0.4464874
6,2.458333,28,1.36562507,0.2559093,0.3036764,0.4464906
6,2.462500,28,1.36666674,0.2559093,0.3036786,0.4464942
6,2.466667,28,1.36770840,0.2559093,0.3036811,0.4464980
6,2.470833,28,1.36875007,0.2559093,0.3036838,0.4465020
6,2.475000,28,1.36979174,0.2559093,0.3036868,0.4465063
6,2.479167,28,1.37083340,0.2559093,0.3036900,0.4465106
6,2.483333,28,1.37187507,0.2559093,0.3036934,0.4465153
6,2.487500,28,1.37291674,0.2559093,0.3036970,0.4465201
6,2.491667,28,1.37395840,0.2559093,0.3037008,0.4465250
6,2.495833,28,1.37500007,0.2559093,0.3037047,0.4465301
6,2.500000,27,1.37604174,0.2559101,0.3037044,0.4465309
6,2.504167,27,1.37708341,0.2559109,0.3037041,0.4465317
6,2.508333,27,1.37812507,0.2559127,0.3037047,0.4465334
6,2.512500,27,1.37916674,0.2559144,0.3037052,0.4465350
6,2.516667,27,1.38020841,0.2559171,0.3037068,0.4465375
6,2.520833,27,1.38125007,0.2559199,0.3037083,0.4465401
6,2.525000,27,1.38229174,0.2559239,0.3037111,0.4465438
6,2.529167,27,1.38333341,0.2559279,0.3037137,0.4465474
6,2.533333,27,1.38437507,0.2559334,0.3037178,0.4465525
6,2.537500,27,1.38541674,0.2559389,0.3037218,0.4465573
6,2.541667,27,1.38645841,0.2559461,0.3037275,0.4465638
6,2.545833,27,1.38750007,0.2559533,0.3037330,0.4465702
6,2.550000,27,1.38854174,0.2559625,0.3037404,0.4465784
6,2.554167,27,1.38958341,0.2559716,0.3037478,0.4465866
6,2.558333,27,1.39062507,0.2559830,0.3037572,0.4465968
6,2.562500,27,1.39166674,0.2559942,0.3037665,0.4466068
6,2.566667,27,1.39270841,0.2560079,0.3037781,0.4466192
6,2.570833,27,1.39375007,0.2560215,0.3037896,0.4466313
6,2.575000,27,1.39479174,0.2560375,0.3038034,0.4466459
6,2.579167,27,1.39583341,0.2560536,0.3038172,0.4466603
6,2.583333,27,1.39687507,0.2560721,0.3038334,0.4466771
6,2.587500,27,1.39791674,0.2560906,0.3038496,0.4466939
6,2.591667,27,1.39895841,0.2561117,0.3038682,0.4467131
6,2.595833,27,1.40000007,0.2561327,0.3038868,0.4467323
6,2.600000,27,1.40104174,0.2561562,0.3039079,0.4467539
6,2.604167,27,1.40208341,0.2561797,0.3039289,0.4467753
6,2.608333,27,1.40312507,0.2562056,0.3039522,0.4467992
6,2.612500,27,1.40416674,0.2562315,0.3039755,0.4468229
6,2.616667,27,1.40520841,0.2562595,0.3040011,0.4468489
6,2.620833,27,1.40625007,0.2562875,0.3040266,0.4468749
6,2.625000,27,1.40729174,0.2563173,0.3040540,0.4469027
6,2.629167,27,1.40833341,0.2563472,0.3040814,0.4469303
6,2.633333,27,1.40937507,0.2563786,0.3041103,0.4469597
6,2.637500,27,1.41041674,0.2564100,0.3041394,0.4469889
6,2.641667,27,1.41145841,0.2564425,0.3041696,0.4470195
6,2.645833,27,1.41250007,0.2564749,0.3041998,0.4470500
6,2.650000,27,1.41354174,0.2565081,0.3042308,0.4470813
6,2.654167,27,1.41458341,0.2565412,0.3042619,0.4471124
6,2.658333,27,1.41562507,0.2565743,0.3042931,0.4471438
6,2.662500,27,1.41666674,0.2566075,0.3043243,0.4471751
6,2.666667,27,1.41770841,0.2566400,0.3043552,0.4472060
6,2.670833,27,1.41875007,0.2566727,0.3043861,0.4472371
6,2.675000,27,1.41979174,0.2567041,0.3044161,0.4472670
6,2.679167,27,1.42083341,0.2567356,0.3044461,0.4472969
6,2.683333,27,1.42187507,0.2567651,0.3044744,0.4473252
6,2.687500,27,1.42291674,0.2567947,0.3045028,0.4473536
6,2.691667,27,1.42395841,0.2568218,0.3045288,0.4473795
6,2.695833,27,1.42500007,0.2568489,0.3045550,0.4474055
6,2.700000,27,1.42604174,0.2568728,0.3045782,0.4474285
6,2.704167,27,1.42708341,0.2568968,0.3046015,0.4474516
6,2.708333,27,1.42812507,0.2569170,0.3046212,0.4474709
6,2.712500,27,1.42916674,0.2569372,0.3046410,0.4474905
6,2.716667,27,1.43020841,0.2569531,0.3046567,0.4475058
6,2.720833,27,1.43125007,0.2569690,0.3046724,0.4475211
6,2.725000,27,1.43229174,0.2569802,0.3046836,0.4475318
6,2.729167,27,1.43333341,0.2569914,0.3046948,0.4475424
6,2.733333,27,1.43437507,0.2569975,0.3047010,0.4475482
6,2.737500,27,1.43541674,0.2570036,0.3047072,0.4475537
6,2.741667,27,1.43645841,0.2570044,0.3047083,0.4475541
6,2.745833,27,1.43750007,0.2570052,0.3047094,0.4475545
6,2.750000,27,1.43854174,0.2570007,0.3047051,0.4475494
6,2.754167,27,1.43958341,0.2569961,0.3047009,0.4475444
6,2.758333,27,1.44062508,0.2569862,0.3046914,0.4475339
6,2.762500,27,1.44166674,0.2569764,0.3046819,0.4475235
6,2.766667,27,1.44270841,0.2569615,0.3046674,0.4475078
6,2.770833,27,1.44375008,0.2569466,0.3046528,0.4474922
6,2.775000,27,1.44479174,0.2569270,0.3046338,0.4474720
6,2.779167,27,1.44583341,0.2569074,0.3046147,0.4474516
6,2.783333,27,1.44687508,0.2568837,0.3045915,0.4474271
6,2.787500,27,1.44791674,0.2568601,0.3045684,0.4474026
6,2.791667,27,1.44895841,0.2568331,0.3045420,0.4473746
6,2.795833,27,1.45000008,0.2568061,0.3045156,0.4473467
6,2.800000,27,1.45104174,0.2567766,0.3044868,0.4473161
6,2.804167,27,1.45208341,0.2567471,0.3044579,0.4472853
6,2.808333,27,1.45312508,0.2567161,0.3044275,0.4472532
6,2.812500,27,1.45416674,0.2566851,0.3043972,0.4472209
6,2.816667,27,1.45520841,0.2566537,0.3043666,0.4471881
6,2.820833,27,1.45625008,0.2566223,0.3043359,0.4471552
6,2.825000,27,1.45729174,0.2565915,0.3043059,0.4471229
6,2.829167,27,1.45833341,0.2565608,0.3042761,0.4470906
6,2.833333,27,1.45937508,0.2565319,0.3042482,0.4470599
6,2.837500,27,1.46041674,0.2565031,0.3042201,0.4470291
6,2.841667,27,1.46145841,0.2564772,0.3041951,0.4470014
6,2.845833,27,1.46250008,0.2564513,0.3041703,0.4469734
6,2.850000,27,1.46354174,0.2564294,0.3041494,0.4469496
6,2.854167,27,1.46458341,0.2564076,0.3041287,0.4469254
6,2.858333,27,1.46562508,0.2563908,0.3041130,0.4469062
6,2.862500,27,1.46666674,0.2563740,0.3040973,0.4468869
6,2.866667,27,1.46770841,0.2563631,0.3040876,0.4468733
6,2.870833,27,1.46875008,0.2563522,0.3040779,0.4468596
6,2.875000,27,1.46979174,0.2563478,0.3040748,0.4468523
6,2.879167,27,1.47083341,0.2563434,0.3040718,0.4468448
6,2.883333,27,1.47187508,0.2563460,0.3040757,0.4468443
6,2.887500,27,1.47291674,0.2563486,0.3040797,0.4468435
6,2.891667,27,1.47395841,0.2563584,0.3040910,0.4468498
6,2.895833,27,1.47500008,0.2563682,0.3041023,0.4468558
6,2.900000,27,1.47604174,0.2563851,0.3041210,0.4468690
6,2.904167,27,1.47708341,0.2564021,0.3041396,0.4468820
6,2.908333,27,1.47812508,0.2564260,0.3041652,0.4469017
6,2.912500,27,1.47916674,0.2564498,0.3041908,0.4469212
6,2.916667,27,1.48020841,0.2564801,0.3042229,0.4469469
6,2.920833,27,1.48125008,0.2565103,0.3042551,0.4469724
6,2.925000,27,1.48229174,0.2565461,0.3042929,0.4470032
6,2.929167,27,1.48333341,0.2565819,0.3043308,0.4470339
6,2.933333,27,1.48437508,0.2566223,0.3043734,0.4470689
6,2.937500,27,1.48541674,0.2566627,0.3044161,0.4471036
6,2.941667,27,1.48645841,0.2567067,0.3044623,0.4471418
6,2.945833,27,1.48750008,0.2567505,0.3045086,0.4471796
6,2.950000,27,1.48854174,0.2567966,0.3045573,0.4472196
6,2.954167,27,1.48958341,0.2568427,0.3046060,0.4472592
6,2.958333,27,1.49062508,0.2568896,0.3046556,0.4472994
6,2.962500,27,1.49166674,0.2569366,0.3047054,0.4473392
6,2.966667,27,1.49270841,0.2569829,0.3047548,0.4473784
6,2.970833,27,1.49375008,0.2570293,0.3048042,0.4474171
6,2.975000,27,1.49479174,0.2570738,0.3048518,0.4474539
6,2.979167,27,1.49583341,0.2571183,0.3048996,0.4474903
6,2.983333,27,1.49687508,0.2571597,0.3049443,0.4475234
6,2.987500,27,1.49791674,0.2572010,0.3049892,0.4475561
6,2.991667,27,1.49895841,0.2572383,0.3050302,0.4475845
6,2.995833,27,1.50000008,0.2572755,0.3050713,0.4476126
6,3.000000,27,1.50104174,0.2573077,0.3051074,0.4476350
6,3.004167,27,1.50208341,0.2573400,0.3051437,0.4476574
6,3.008333,27,1.50312508,0.2573665,0.3051746,0.4476739
6,3.012500,27,1.50416675,0.2573932,0.3052056,0.4476900
6,3.016667,27,1.50520841,0.2574140,0.3052309,0.4477000
6,3.020833,27,1.50625008,0.2574348,0.3052564,0.4477096
6,3.025000,27,1.50729175,0.2574497,0.3052764,0.4477130
6,3.029167,27,1.50833341,0.2574647,0.3052964,0.4477161
6,3.033333,27,1.50937508,0.2574743,0.3053114,0.4477133
6,3.037500,27,1.51041675,0.2574839,0.3053265,0.4477104
6,3.041667,27,1.51145841,0.2574890,0.3053371,0.4477024
6,3.045833,27,1.51250008,0.2574939,0.3053479,0.4476939
6,3.050000,27,1.51354175,0.2574954,0.3053554,0.4476817
6,3.054167,27,1.51458341,0.2574969,0.3053631,0.4476690
6,3.058333,27,1.51562508,0.2574962,0.3053688,0.4476537
6,3.062500,27,1.51666675,0.2574955,0.3053748,0.4476380
6,3.066667,27,1.51770841,0.2574942,0.3053805,0.4476213
6,3.070833,27,1.51875008,0.2574929,0.3053864,0.4476042
6,3.075000,27,1.51979175,0.2574927,0.3053935,0.4475878
6,3.079167,27,1.52083341,0.2574925,0.3054010,0.4475711
6,3.083333,27,1.52187508,0.2574954,0.3054118,0.4475569
6,3.087500,27,1.52291675,0.2574983,0.3054227,0.4475424
6,3.091667,27,1.52395841,0.2575060,0.3054389,0.4475322
6,3.095833,27,1.52500008,0.2575138,0.3054553,0.4475214
6,3.100000,27,1.52604175,0.2575282,0.3054788,0.4475170
6,3.104167,27,1.52708341,0.2575426,0.3055024,0.4475122
6,3.108333,27,1.52812508,0.2575652,0.3055345,0.4475151
6,3.112500,27,1.52916675,0.2575878,0.3055668,0.4475175
6,3.116667,27,1.53020841,0.2576201,0.3056092,0.4475291
6,3.120833,27,1.53125008,0.2576523,0.3056518,0.4475403
6,3.125000,27,1.53229175,0.2576951,0.3057053,0.4475615
6,3.129167,27,1.53333341,0.2577379,0.3057592,0.4475821
6,3.133333,27,1.53437508,0.2577919,0.3058246,0.4476137
6,3.137500,27,1.53541675,0.2578459,0.3058903,0.4476444
6,3.141667,27,1.53645841,0.2579113,0.3059677,0.4476863
6,3.145833,27,1.53750008,0.2579767,0.3060454,0.4477278
6,3.150000,27,1.53854175,0.2580530,0.3061343,0.4477796
6,3.154167,27,1.53958341,0.2581293,0.3062237,0.4478307
6,3.158333,27,1.54062508,0.2582159,0.3063236,0.4478919
6,3.162500,27,1.54166675,0.2583023,0.3064240,0.4479523
6,3.166667,27,1.54270841,0.2583977,0.3065335,0.4480211
6,3.170833,27,1.54375008,0.2584931,0.3066433,0.4480895
6,3.175000,27,1.54479175,0.2585955,0.3067606,0.4481644
6,3.179167,27,1.54583341,0.2586978,0.3068782,0.4482387
6,3.183333,27,1.54687508,0.2588051,0.3070011,0.4483176
6,3.187500,27,1.54791675,0.2589124,0.3071244,0.4483959
6,3.191667,27,1.54895841,0.2590221,0.3072506,0.4484762
6,3.195833,27,1.55000008,0.2591317,0.3073771,0.4485557
6,3.200000,27,1.55104175,0.2592411,0.3075038,0.4486346
6,3.204167,27,1.55208341,0.2593504,0.3076307,0.4487130
6,3.208333,27,1.55312508,0.2594566,0.3077550,0.4487877
6,3.212500,27,1.55416675,0.2595627,0.3078796,0.4488619
6,3.216667,27,1.55520841,0.2596630,0.3079987,0.4489297
6,3.220833,27,1.55625008,0.2597632,0.3081182,0.4489969
6,3.225000,27,1.55729175,0.2598549,0.3082295,0.4490552
6,3.229167,27,1.55833341,0.2599464,0.3083414,0.4491130
6,3.233333,27,1.55937508,0.2600271,0.3084427,0.4491593
6,3.237500,27,1.56041675,0.2601077,0.3085443,0.4492049
6,3.241667,27,1.56145841,0.2601752,0.3086334,0.4492372
6,3.245833,27,1.56250008,0.2602428,0.3087228,0.4492689
6,3.250000,27,1.56354175,0.2602959,0.3087981,0.4492858
6,3.254167,27,1.56458341,0.2603489,0.3088739,0.4493020
6,3.258333,27,1.56562508,0.2603865,0.3089347,0.4493025
6,3.262500,27,1.56666675,0.2604241,0.3089960,0.4493026
6,3.266667,27,1.56770842,0.2604460,0.3090420,0.4492866
6,3.270833,27,1.56875008,0.2604679,0.3090884,0.4492700
6,3.275000,27,1.56979175,0.2604744,0.3091199,0.4492375
6,3.279167,27,1.57083342,0.2604810,0.3091518,0.4492047
6,3.283333,27,1.57187508,0.2604734,0.3091699,0.4491572
6,3.287500,27,1.57291675,0.2604659,0.3091885,0.4491095
6,3.291667,27,1.57395842,0.2604460,0.3091953,0.4490491
6,3.295833,27,1.57500008,0.2604261,0.3092025,0.4489884
6,3.300000,27,1.57604175,0.2603964,0.3092003,0.4489174
6,3.304167,27,1.57708342,0.2603667,0.3091985,0.4488459
6,3.308333,27,1.57812508,0.2603302,0.3091902,0.4487671
6,3.312500,27,1.57916675,0.2602937,0.3091824,0.4486880
6,3.316667,27,1.58020842,0.2602539,0.3091716,0.4486052
6,3.320833,27,1.58125008,0.2602141,0.3091612,0.4485220
6,3.325000,27,1.58229175,0.2601749,0.3091519,0.4484392
6,3.329167,27,1.58333342,0.2601357,0.3091429,0.4483561
6,3.333333,27,1.58437508,0.2601011,0.3091388,0.4482772
6,3.337500,27,1.58541675,0.2600665,0.3091351,0.4481978
6,3.341667,27,1.58645842,0.2600405,0.3091403,0.4481265
6,3.345833,27,1.58750008,0.2600145,0.3091457,0.4480547
6,3.350000,27,1.58854175,0.2600010,0.3091641,0.4479952
6,3.354167,27,1.58958342,0.2599876,0.3091827,0.4479354
6,3.358333,27,1.59062508,0.2599903,0.3092178,0.4478914
6,3.362500,27,1.59166675,0.2599929,0.3092531,0.4478473
6,3.366667,27,1.59270842,0.2600149,0.3093080,0.4478219
6,3.370833,27,1.59375008,0.2600367,0.3093631,0.4477960
6,3.375000,27,1.59479175,0.2600805,0.3094402,0.4477914
6,3.379167,27,1.59583342,0.2601242,0.3095174,0.4477863
6,3.383333,27,1.59687508,0.2601916,0.3096185,0.4478046
6,3.387500,27,1.59791675,0.2602590,0.3097198,0.4478224
6,3.391667,27,1.59895842,0.2603512,0.3098459,0.4478646
6,3.395833,27,1.60000008,0.2604433,0.3099721,0.4479067
6,3.400000,27,1.60104175,0.2605603,0.3101234,0.4479731
6,3.404167,27,1.60208342,0.2606772,0.3102747,0.4480389
6,3.408333,27,1.60312508,0.2608185,0.3104503,0.4481282
6,3.412500,27,1.60416675,0.2609598,0.3106259,0.4482169
6,3.416667,27,1.60520842,0.2611239,0.3108241,0.4483278
6,3.420833,27,1.60625008,0.2612879,0.3110223,0.4484382
6,3.425000,27,1.60729175,0.2614724,0.3112410,0.4485687
6,3.429167,27,1.60833342,0.2616569,0.3114596,0.4486990
6,3.433333,27,1.60937508,0.2618589,0.3116956,0.4488458
6,3.437500,27,1.61041675,0.2620610,0.3119314,0.4489918
6,3.441667,27,1.61145842,0.2622770,0.3121809,0.4491508
6,3.445833,27,1.61250008,0.2624930,0.3124302,0.4493089
6,3.450000,27,1.61354175,0.2627190,0.3126893,0.4494765
6,3.454167,27,1.61458342,0.2629451,0.3129480,0.4496432
6,3.458333,27,1.61562508,0.2631770,0.3132122,0.4498149
6,3.462500,27,1.61666675,0.2634088,0.3134760,0.4499860
6,3.466667,27,1.61770842,0.2636422,0.3137410,0.4501576
6,3.470833,27,1.61875008,0.2638755,0.3140054,0.4503276
6,3.475000,27,1.61979175,0.2641063,0.3142666,0.4504937
6,3.479167,27,1.62083342,0.2643370,0.3145272,0.4506586
6,3.483333,27,1.62187508,0.2645611,0.3147805,0.4508155
6,3.487500,27,1.62291675,0.2647851,0.3150333,0.4509712
6,3.491667,27,1.62395842,0.2649991,0.3152752,0.4511157
6,3.495833,27,1.62500008,0.2652130,0.3155164,0.4512591
6,3.500000,27,1.62604175,0.2654139,0.3157437,0.4513876
6,3.504167,27,1.62708342,0.2656147,0.3159701,0.4515142
6,3.508333,27,1.62812508,0.2658002,0.3161803,0.4516236
6,3.512500,27,1.62916675,0.2659857,0.3163895,0.4517309
6,3.516667,27,1.63020842,0.2661542,0.3165807,0.4518195
6,3.520833,27,1.63125009,0.2663228,0.3167709,0.4519063
6,3.525000,27,1.63229175,0.2664736,0.3169422,0.4519733
6,3.529167,27,1.63333342,0.2666244,0.3171124,0.4520386
6,3.533333,27,1.63437509,0.2667573,0.3172636,0.4520838
6,3.537500,27,1.63541675,0.2668903,0.3174135,0.4521261
6,3.541667,27,1.63645842,0.2670062,0.3175449,0.4521485
6,3.545833,27,1.63750009,0.2671221,0.3176749,0.4521683
6,3.550000,27,1.63854175,0.2672220,0.3177876,0.4521694
6,3.554167,27,1.63958342,0.2673220,0.3178988,0.4521678
6,3.558333,27,1.64062509,0.2674079,0.3179943,0.4521495
6,3.562500,27,1.64166675,0.2674937,0.3180883,0.4521284
6,3.566667,27,1.64270842,0.2675675,0.3181686,0.4520923
6,3.570833,27,1.64375009,0.2676413,0.3182471,0.4520521
6,3.575000,27,1.64479175,0.2677053,0.3183140,0.4519987
6,3.579167,27,1.64583342,0.2677693,0.3183791,0.4519413
6,3.583333,27,1.64687509,0.2678257,0.3184347,0.4518727
6,3.587500,27,1.64791675,0.2678820,0.3184883,0.4518008
6,3.591667,27,1.64895842,0.2679329,0.3185344,0.4517193
6,3.595833,27,1.65000009,0.2679837,0.3185786,0.4516343
6,3.600000,27,1.65104175,0.2680305,0.3186166,0.4515411
6,3.604167,27,1.65208342,0.2680773,0.3186524,0.4514430
6,3.608333,27,1.65312509,0.2681211,0.3186829,0.4513372
6,3.612500,27,1.65416675,0.2681649,0.3187111,0.4512265
6,3.616667,27,1.65520842,0.2682061,0.3187344,0.4511083
6,3.620833,27,1.65625009,0.2682472,0.3187554,0.4509856
6,3.625000,27,1.65729175,0.2682850,0.3187707,0.4508552
6,3.629167,27,1.65833342,0.2683228,0.3187836,0.4507201
6,3.633333,27,1.65937509,0.2683559,0.3187894,0.4505751
6,3.637500,27,1.66041675,0.2683889,0.3187925,0.4504242
6,3.641667,27,1.66145842,0.2684148,0.3187857,0.4502601
6,3.645833,27,1.66250009,0.2684407,0.3187763,0.4500904
6,3.650000,27,1.66354175,0.2684560,0.3187537,0.4499044
6,3.654167,27,1.66458342,0.2684712,0.3187284,0.4497127
6,3.658333,27,1.66562509,0.2684717,0.3186857,0.4495009
6,3.662500,27,1.66666675,0.2684721,0.3186404,0.4492836
6,3.666667,27,1.66770842,0.2684526,0.3185723,0.4490404
6,3.670833,27,1.66875009,0.2684332,0.3185014,0.4487904
6,3.675000,27,1.66979175,0.2683882,0.3184020,0.4485080
6,3.679167,27,1.67083342,0.2683432,0.3182997,0.4482192
6,3.683333,27,1.67187509,0.2682666,0.3181630,0.4478923
6,3.687500,27,1.67291675,0.2681901,0.3180234,0.4475591
6,3.691667,27,1.67395842,0.2680755,0.3178430,0.4471819
6,3.695833,27,1.67500009,0.2679609,0.3176599,0.4467984
6,3.700000,27,1.67604175,0.2678021,0.3174295,0.4463641
6,3.704167,27,1.67708342,0.2676433,0.3171961,0.4459224
6,3.708333,27,1.67812509,0.2674341,0.3169093,0.4454232
6,3.712500,27,1.67916675,0.2672249,0.3166196,0.4449167
6,3.716667,27,1.68020842,0.2669598,0.3162709,0.4443476
6,3.720833,27,1.68125009,0.2666948,0.3159194,0.4437716
6,3.725000,27,1.68229175,0.2663689,0.3155043,0.4431284
6,3.729167,27,1.68333342,0.2660430,0.3150865,0.4424792
6,3.733333,27,1.68437509,0.2656525,0.3146011,0.4417584
6,3.737500,27,1.68541675,0.2652620,0.3141126,0.4410298
6,3.741667,27,1.68645842,0.2648040,0.3135538,0.4402266
6,3.745833,27,1.68750009,0.2643460,0.3129920,0.4394161
6,3.750000,27,1.68854175,0.2638189,0.3123583,0.4385295
6,3.754167,27,1.68958342,0.2632919,0.3117219,0.4376365
6,3.758333,27,1.69062509,0.2626957,0.3110135,0.4366679
6,3.762500,27,1.69166675,0.2620994,0.3103027,0.4356935
6,3.766667,27,1.69270842,0.2614351,0.3095212,0.4346443
6,3.770833,27,1.69375009,0.2607708,0.3087368,0.4335878
6,3.775000,27,1.69479176,0.2600410,0.3078841,0.4324588
6,3.779167,27,1.69583342,0.2593111,0.3070287,0.4313230
6,3.783333,27,1.69687509,0.2585196,0.3061093,0.4301193
6,3.787500,27,1.69791676,0.2577282,0.3051874,0.4289095
6,3.791667,27,1.69895842,0.2568802,0.3042066,0.4276374
6,3.795833,27,1.70000009,0.2560321,0.3032236,0.4263601
6,3.800000,27,1.70104176,0.2551335,0.3021877,0.4250267
6,3.804167,27,1.70208342,0.2542350,0.3011494,0.4236865
6,3.808333,27,1.70312509,0.2532929,0.3000653,0.4222966
6,3.812500,27,1.70416676,0.2523509,0.2989790,0.4209011
6,3.816667,27,1.70520842,0.2513729,0.2978546,0.4194644
6,3.820833,27,1.70625009,0.2503948,0.2967282,0.4180225
6,3.825000,27,1.70729176,0.2493888,0.2955720,0.4165480
6,3.829167,27,1.70833342,0.2483826,0.2944139,0.4150694
6,3.833333,27,1.70937509,0.2473565,0.2932341,0.4135664
6,3.837500,27,1.71041676,0.2463304,0.2920524,0.4120581
6,3.841667,27,1.71145842,0.2452921,0.2908569,0.4105332
6,3.845833,27,1.71250009,0.2442539,0.2896596,0.4090039
6,3.850000,27,1.71354176,0.2432111,0.2884562,0.4074658
6,3.854167,27,1.71458342,0.2421683,0.2872514,0.4059242
6,3.858333,27,1.71562509,0.2411278,0.2860475,0.4043817
6,3.862500,27,1.71666676,0.2400872,0.2848427,0.4028370
6,3.866667,27,1.71770842,0.2390552,0.2836451,0.4012978
6,3.870833,27,1.71875009,0.2380230,0.2824461,0.3997551
6,3.875000,27,1.71979176,0.2370044,0.2812596,0.3982229
6,3.879167,27,1.72083342,0.2359858,0.2800719,0.3966879
6,3.883333,27,1.72187509,0.2349849,0.2789010,0.3951685
6,3.887500,27,1.72291676,0.2339840,0.2777294,0.3936474
6,3.891667,27,1.72395842,0.2330036,0.2765776,0.3921454
6,3.895833,27,1.72500009,0.2320231,0.2754254,0.3906427
6,3.900000,27,1.72604176,0.2310651,0.2742949,0.3891611
6,3.904167,27,1.72708342,0.2301071,0.2731639,0.3876781
6,3.908333,27,1.72812509,0.2291721,0.2720555,0.3862173
6,3.912500,27,1.72916676,0.2282371,0.2709466,0.3847557
6,3.916667,27,1.73020842,0.2273248,0.2698601,0.3833164
6,3.920833,27,1.73125009,0.2264125,0.2687736,0.3818774
6,3.925000,27,1.73229176,0.2255217,0.2677084,0.3804600
6,3.929167,27,1.73333342,0.2246309,0.2666433,0.3790436
6,3.933333,27,1.73437509,0.2237595,0.2655979,0.3776478
6,3.937500,27,1.73541676,0.2228881,0.2645525,0.3762524
6,3.941667,27,1.73645842,0.2220337,0.2635242,0.3748750
6,3.945833,27,1.73750009,0.2211793,0.2624961,0.3734987
6,3.950000,27,1.73854176,0.2203388,0.2614824,0.3721382
6,3.954167,27,1.73958342,0.2194983,0.2604689,0.3707792
6,3.958333,27,1.74062509,0.2186686,0.2594669,0.3694335
6,3.962500,27,1.74166676,0.2178390,0.2584656,0.3680902
6,3.966667,27,1.74270842,0.2170171,0.2574726,0.3667574
6,3.970833,27,1.74375009,0.2161951,0.2564803,0.3654270
6,3.975000,27,1.74479176,0.2153781,0.2554936,0.3641044
6,3.979167,27,1.74583342,0.2145610,0.2545077,0.3627848
6,3.983333,27,1.74687509,0.2137465,0.2535250,0.3614711
6,3.987500,27,1.74791676,0.2129318,0.2525433,0.3601606
6,3.991667,27,1.74895842,0.2121177,0.2515631,0.3588545
6,3.995833,27,1.75000009,0.2113035,0.2505839,0.3575522
6,4.000000,27,1.75104176,0.2104886,0.2496051,0.3562533
6,4.004167,27,1.75208342,0.2096736,0.2486276,0.3549589
6,4.008333,27,1.75312509,0.2088573,0.2476498,0.3536672
6,4.012500,27,1.75416676,0.2080410,0.2466732,0.3523805
6,4.016667,27,1.75520842,0.2072235,0.2456967,0.3510968
6,4.020833,27,1.75625009,0.2064061,0.2447216,0.3498182
6,4.025000,27,1.75729176,0.2055884,0.2437477,0.3485443
6,4.029167,27,1.75833343,0.2047707,0.2427751,0.3472752
6,4.033333,27,1.75937509,0.2039545,0.2418054,0.3460130
6,4.037500,27,1.76041676,0.2031383,0.2408374,0.3447565
6,4.041667,27,1.76145843,0.2023259,0.2398747,0.3435093
6,4.045833,27,1.76250009,0.2015136,0.2389135,0.3422680
6,4.050000,27,1.76354176,0.2007079,0.2379606,0.3410388
6,4.054167,27,1.76458343,0.1999021,0.2370092,0.3398153
6,4.058333,27,1.76562509,0.1991063,0.2360694,0.3386076
6,4.062500,27,1.76666676,0.1983105,0.2351311,0.3374056
6,4.066667,27,1.76770843,0.1975281,0.2342080,0.3362231
6,4.070833,27,1.76875009,0.1967457,0.2332867,0.3350472
6,4.075000,27,1.76979176,0.1959803,0.2323842,0.3338947
6,4.079167,27,1.77083343,0.1952150,0.2314835,0.3327486
6,4.083333,27,1.77187509,0.1944702,0.2306051,0.3316295
6,4.087500,27,1.77291676,0.1937255,0.2297284,0.3305167
6,4.091667,27,1.77395843,0.1930047,0.2288775,0.3294339
6,4.095833,27,1.77500009,0.1922839,0.2280280,0.3283568
6,4.100000,27,1.77604176,0.1915901,0.2272075,0.3273135
6,4.104167,27,1.77708343,0.1908962,0.2263888,0.3262770
6,4.108333,27,1.77812509,0.1902320,0.2256017,0.3252773
6,4.112500,27,1.77916676,0.1895677,0.2248163,0.3242840
6,4.116667,27,1.78020843,0.1889349,0.2240643,0.3233289
6,4.120833,27,1.78125009,0.1883022,0.2233140,0.3223800
6,4.125000,27,1.78229176,0.1877024,0.2225983,0.3214702
6,4.129167,27,1.78333343,0.1871026,0.2218843,0.3205665
6,4.133333,27,1.78437509,0.1865363,0.2212058,0.3197027
6,4.137500,27,1.78541676,0.1859702,0.2205292,0.3188463
6,4.141667,27,1.78645843,0.1854377,0.2198882,0.3180304
6,4.145833,27,1.78750009,0.1849053,0.2192489,0.3172211
6,4.150000,27,1.78854176,0.1844060,0.2186448,0.3164517
6,4.154167,27,1.78958343,0.1839068,0.2180423,0.3156881
6,4.158333,27,1.79062509,0.1834395,0.2174734,0.3149626
6,4.162500,27,1.79166676,0.1829723,0.2169061,0.3142426
6,4.166667,27,1.79270843,0.1825355,0.2163709,0.3135593
6,4.170833,27,1.79375009,0.1820986,0.2158376,0.3128828
6,4.175000,27,1.79479176,0.1816901,0.2153345,0.3122413
6,4.179167,27,1.79583343,0.1812816,0.2148331,0.3116062
6,4.183333,27,1.79687509,0.1808992,0.2143594,0.3110032
6,4.187500,27,1.79791676,0.1805167,0.2138871,0.3104055
6,4.191667,27,1.79895843,0.1801578,0.2134400,0.3098371
6,4.195833,27,1.80000009,0.1797989,0.2129942,0.3092736
6,4.200000,27,1.80104176,0.1794609,0.2125710,0.3087368
6,4.204167,27,1.80208343,0.1791230,0.2121494,0.3082061
6,4.208333,27,1.80312509,0.1788035,0.2117481,0.3077003
6,4.212500,27,1.80416676,0.1784840,0.2113482,0.3072001
6,4.216667,27,1.80520843,0.1781808,0.2109661,0.3067214
6,4.220833,27,1.80625009,0.1778775,0.2105854,0.3062478
6,4.225000,27,1.80729176,0.1775883,0.2102201,0.3057933
6,4.229167,27,1.80833343,0.1772992,0.2098561,0.3053429
6,4.233333,27,1.80937509,0.1770225,0.2095059,0.3049102
6,4.237500,27,1.81041676,0.1767459,0.2091573,0.3044830
6,4.241667,27,1.81145843,0.1764804,0.2088213,0.3040725
6,4.245833,27,1.81250009,0.1762148,0.2084867,0.3036669
6,4.250000,27,1.81354176,0.1759597,0.2081637,0.3032764
6,4.254167,27,1.81458343,0.1757045,0.2078419,0.3028901
6,4.258333,27,1.81562509,0.1754593,0.2075312,0.3025180
6,4.262500,27,1.81666676,0.1752141,0.2072215,0.3021493
6,4.266667,27,1.81770843,0.1749788,0.2069229,0.3017950
6,4.270833,27,1.81875009,0.1747435,0.2066257,0.3014454
6,4.275000,27,1.81979176,0.1745185,0.2063401,0.3011108
6,4.279167,27,1.82083343,0.1742936,0.2060556,0.3007804
6,4.283333,27,1.82187510,0.1740797,0.2057834,0.3004650
6,4.287500,27,1.82291676,0.1738659,0.2055120,0.3001531
6,4.291667,27,1.82395843,0.1736641,0.2052538,0.2998567
6,4.295833,27,1.82500010,0.1734623,0.2049963,0.2995631
6,4.300000,27,1.82604176,0.1732737,0.2047532,0.2992863
6,4.304167,27,1.82708343,0.1730852,0.2045112,0.2990136
6,4.308333,27,1.82812510,0.1729112,0.2042847,0.2987591
6,4.312500,27,1.82916676,0.1727372,0.2040592,0.2985079
6,4.316667,27,1.83020843,0.1725788,0.2038503,0.2982759
6,4.320833,27,1.83125010,0.1724205,0.2036422,0.2980465
6,4.325000,27,1.83229176,0.1722791,0.2034518,0.2978368
6,4.329167,27,1.83333343,0.1721376,0.2032621,0.2976291
6,4.333333,27,1.83437510,0.1720141,0.2030909,0.2974422
6,4.337500,27,1.83541676,0.1718904,0.2029207,0.2972584
6,4.341667,27,1.83645843,0.1717852,0.2027698,0.2970961
6,4.345833,27,1.83750010,0.1716801,0.2026196,0.2969365
6,4.350000,27,1.83854176,0.1715937,0.2024891,0.2967983
6,4.354167,27,1.83958343,0.1715074,0.2023591,0.2966621
6,4.358333,27,1.84062510,0.1714399,0.2022487,0.2965469
6,4.362500,27,1.84166676,0.1713724,0.2021387,0.2964333
6,4.366667,27,1.84270843,0.1713233,0.2020479,0.2963402
6,4.370833,27,1.84375010,0.1712741,0.2019576,0.2962495
6,4.375000,27,1.84479176,0.1712426,0.2018858,0.2961789
6,4.379167,27,1.84583343,0.1712110,0.2018145,0.2961103
6,4.383333,27,1.84687510,0.1711958,0.2017602,0.2960599
6,4.387500,27,1.84791676,0.1711807,0.2017063,0.2960109
6,4.391667,27,1.84895843,0.1711802,0.2016677,0.2959785
6,4.395833,27,1.85000010,0.1711798,0.2016295,0.2959470
6,4.400000,27,1.85104176,0.1711923,0.2016048,0.2959300
6,4.404167,27,1.85208343,0.1712048,0.2015805,0.2959149
6,4.408333,27,1.85312510,0.1712280,0.2015676,0.2959122
6,4.412500,27,1.85416676,0.1712512,0.2015551,0.2959110
6,4.416667,27,1.85520843,0.1712828,0.2015515,0.2959198
6,4.420833,27,1.85625010,0.1713144,0.2015483,0.2959294
6,4.425000,27,1.85729176,0.1713519,0.2015515,0.2959462
6,4.429167,27,1.85833343,0.1713894,0.2015549,0.2959636
6,4.433333,27,1.85937510,0.1714304,0.2015622,0.2959856
6,4.437500,27,1.86041676,0.1714713,0.2015698,0.2960089
6,4.441667,27,1.86145843,0.1715133,0.2015790,0.2960347
6,4.445833,27,1.86250010,0.1715552,0.2015884,0.2960612
6,4.450000,27,1.86354176,0.1715958,0.2015971,0.2960876
6,4.454167,27,1.86458343,0.1716365,0.2016059,0.2961146
6,4.458333,27,1.86562510,0.1716737,0.2016117,0.2961390
6,4.462500,27,1.86666676,0.1717108,0.2016177,0.2961638
6,4.466667,27,1.86770843,0.1717427,0.2016187,0.2961840
6,4.470833,27,1.86875010,0.1717746,0.2016200,0.2962052
6,4.475000,27,1.86979176,0.1717997,0.2016148,0.2962204
6,4.479167,27,1.87083343,0.1718247,0.2016099,0.2962362
6,4.483333,27,1.87187510,0.1718417,0.2015974,0.2962448
6,4.487500,27,1.87291676,0.1718587,0.2015850,0.2962537
6,4.491667,27,1.87395843,0.1718669,0.2015640,0.2962542
6,4.495833,27,1.87500010,0.1718750,0.2015432,0.2962552
6,4.500000,27,1.87604176,0.1718739,0.2015135,0.2962473
6,4.504167,27,1.87708343,0.1718728,0.2014840,0.2962399
6,4.508333,27,1.87812510,0.1718623,0.2014454,0.2962238
6,4.512500,27,1.87916676,0.1718518,0.2014070,0.2962080
6,4.516667,27,1.88020843,0.1718324,0.2013600,0.2961839
6,4.520833,27,1.88125010,0.1718129,0.2013131,0.2961599
6,4.525000,27,1.88229176,0.1717850,0.2012581,0.2961279
6,4.529167,27,1.88333343,0.1717572,0.2012032,0.2960961
6,4.533333,27,1.88437510,0.1717219,0.2011412,0.2960570
6,4.537500,27,1.88541676,0.1716866,0.2010793,0.2960183
6,4.541667,27,1.88645843,0.1716451,0.2010115,0.2959739
6,4.545833,27,1.88750010,0.1716036,0.2009439,0.2959296
6,4.550000,27,1.88854177,0.1715573,0.2008717,0.2958808
6,4.554167,27,1.88958343,0.1715109,0.2007996,0.2958321
6,4.558333,27,1.89062510,0.1714613,0.2007245,0.2957804
6,4.562500,27,1.89166677,0.1714116,0.2006494,0.2957286
6,4.566667,27,1.89270843,0.1713602,0.2005729,0.2956753
6,4.570833,27,1.89375010,0.1713088,0.2004965,0.2956221
6,4.575000,27,1.89479177,0.1712572,0.2004202,0.2955691
6,4.579167,27,1.89583343,0.1712057,0.2003441,0.2955162
6,4.583333,27,1.89687510,0.1711555,0.2002697,0.2954649
6,4.587500,27,1.89791677,0.1711054,0.2001953,0.2954135
6,4.591667,27,1.89895843,0.1710581,0.2001241,0.2953652
6,4.595833,27,1.90000010,0.1710109,0.2000530,0.2953169
6,4.600000,27,1.90104177,0.1709678,0.1999864,0.2952730
6,4.604167,27,1.90208343,0.1709248,0.1999199,0.2952292
6,4.608333,27,1.90312510,0.1708872,0.1998591,0.2951909
6,4.612500,27,1.90416677,0.1708496,0.1997983,0.2951526
6,4.616667,27,1.90520843,0.1708182,0.1997442,0.2951209
6,4.620833,27,1.90625010,0.1707869,0.1996902,0.2950890
6,4.625000,27,1.90729177,0.1707627,0.1996435,0.2950644
6,4.629167,27,1.90833343,0.1707384,0.1995967,0.2950396
6,4.633333,27,1.90937510,0.1707217,0.1995580,0.2950225
6,4.637500,27,1.91041677,0.1707050,0.1995193,0.2950053
6,4.641667,27,1.91145843,0.1706960,0.1994887,0.2949962
6,4.645833,27,1.91250010,0.1706872,0.1994581,0.2949870
6,4.650000,27,1.91354177,0.1706862,0.1994359,0.2949859
6,4.654167,27,1.91458343,0.1706855,0.1994139,0.2949850
6,4.658333,27,1.91562510,0.1706931,0.1994006,0.2949925
6,4.662500,27,1.91666677,0.1707016,0.1993882,0.2950007
6,4.666667,27,1.91770843,0.1707185,0.1993846,0.2950175
6,4.670833,27,1.91875010,0.1707367,0.1993822,0.2950355
6,4.675000,27,1.91979177,0.1707629,0.1993883,0.2950616
6,4.679167,27,1.92083343,0.1707905,0.1993958,0.2950890
6,4.683333,27,1.92187510,0.1708254,0.1994110,0.2951240
6,4.687500,27,1.92291677,0.1708617,0.1994275,0.2951601
6,4.691667,27,1.92395843,0.1709042,0.1994507,0.2952026
6,4.695833,27,1.92500010,0.1709478,0.1994749,0.2952461
6,4.700000,27,1.92604177,0.1709964,0.1995046,0.2952947
6,4.704167,27,1.92708343,0.1710456,0.1995350,0.2953438
6,4.708333,27,1.92812510,0.1710984,0.1995692,0.2953967
6,4.712500,27,1.92916677,0.1710335,0.1994858,0.2953317
6,4.716667,27,1.93020843,0.1710751,0.1995093,0.2953733
6,4.720833,27,1.93125010,0.1711167,0.1995328,0.2954147
6,4.725000,27,1.93229177,0.1711597,0.1995581,0.2954578
6,4.729167,27,1.93333343,0.1712026,0.1995834,0.2955006
6,4.733333,27,1.93437510,0.1712461,0.1996096,0.2955441
6,4.737500,27,1.93541677,0.1712895,0.1996358,0.2955874
6,4.741667,27,1.93645843,0.1713325,0.1996620,0.2956306
6,4.745833,27,1.93750010,0.1713756,0.1996883,0.2956735
6,4.750000,27,1.93854177,0.1714175,0.1997138,0.2957155
6,4.754167,27,1.93958343,0.1714593,0.1997392,0.2957572
6,4.758333,27,1.94062510,0.1714993,0.1997633,0.2957973
6,4.762500,27,1.94166677,0.1715393,0.1997874,0.2958371
6,4.766667,27,1.94270843,0.1715769,0.1998095,0.2958747
6,4.770833,27,1.94375010,0.1716144,0.1998316,0.2959121
6,4.775000,27,1.94479177,0.1716490,0.1998513,0.2959469
6,4.779167,27,1.94583343,0.1716837,0.1998709,0.2959814
6,4.783333,27,1.94687510,0.1717150,0.1998877,0.2960129
6,4.787500,27,1.94791677,0.1717463,0.1999046,0.2960442
6,4.791667,27,1.94895843,0.1717741,0.1999184,0.2960720
6,4.795833,27,1.95000010,0.1718019,0.1999321,0.2960996
6,4.800000,27,1.95104177,0.1718261,0.1999427,0.2961238
6,4.804167,27,1.95208344,0.1718502,0.1999533,0.2961478
6,4.808333,27,1.95312510,0.1718706,0.1999607,0.2961684
6,4.812500,27,1.95416677,0.1718911,0.1999682,0.2961888
6,4.816667,27,1.95520844,0.1719079,0.1999725,0.2962058
6,4.820833,27,1.95625010,0.1719248,0.1999768,0.2962225
6,4.825000,27,1.95729177,0.1719382,0.1999782,0.2962361
6,4.829167,27,1.95833344,0.1719516,0.1999795,0.2962493
6,4.833333,27,1.95937510,0.1719618,0.1999782,0.2962596
6,4.837500,27,1.96041677,0.1719719,0.1999769,0.2962696
6,4.841667,27,1.96145844,0.1719792,0.1999732,0.2962771
6,4.845833,27,1.96250010,0.1719865,0.1999695,0.2962843
6,4.850000,27,1.96354177,0.1719913,0.1999639,0.2962892
6,4.854167,27,1.96458344,0.1719960,0.1999583,0.2962938
6,4.858333,27,1.96562510,0.1719986,0.1999509,0.2962967
6,4.862500,27,1.96666677,0.1720013,0.1999437,0.2962991
6,4.866667,27,1.96770844,0.1720023,0.1999353,0.2963002
6,4.870833,27,1.96875010,0.1720032,0.1999269,0.2963011
6,4.875000,27,1.96979177,0.1720030,0.1999179,0.2963010
6,4.879167,27,1.97083344,0.1720029,0.1999089,0.2963007
6,4.883333,27,1.97187510,0.1720021,0.1998999,0.2963001
6,4.887500,27,1.97291677,0.1720013,0.1998909,0.2962992
6,4.891667,27,1.97395844,0.1720006,0.1998826,0.2962987
6,4.895833,22,1.97500010,0.1720000,0.1998743,0.2962979
6,4.900000,22,1.97604177,0.1720000,0.1998744,0.2962981
6,4.904167,22,1.97708344,0.1720000,0.1998744,0.2962981
6,4.908333,22,1.97812510,0.1720000,0.1998744,0.2962981
6,4.912500,22,1.97916677,0.1720000,0.1998744,0.2962981
6,4.916667,22,1.98020844,0.1720000,0.1998743,0.2962982
6,4.920833,22,1.98125010,0.1720000,0.1998742,0.2962982
6,4.925000,22,1.98229177,0.1720000,0.1998740,0.2962983
6,4.929167,22,1.98333344,0.1720000,0.1998737,0.2962983
6,4.933333,22,1.98437510,0.1720000,0.1998733,0.2962983
6,4.937500,22,1.98541677,0.1720000,0.1998726,0.2962983
6,4.941667,22,1.98645844,0.1720000,0.1998718,0.2962984
6,4.945833,22,1.98750010,0.1720000,0.1998709,0.2962984
6,4.950000,22,1.98854177,0.1720000,0.1998697,0.2962985
6,4.954167,22,1.98958344,0.1720000,0.1998684,0.2962984
6,4.958333,22,1.99062510,0.1720000,0.1998668,0.2962985
6,4.962500,22,1.99166677,0.1720000,0.1998650,0.2962985
6,4.966667,22,1.99270844,0.1720000,0.1998631,0.2962984
6,4.970833,22,1.99375010,0.1720000,0.1998610,0.2962984
6,4.975000,22,1.99479177,0.1720000,0.1998588,0.2962984
6,4.979167,22,1.99583344,0.1720000,0.1998563,0.2962982
6,4.983333,22,1.99687510,0.1720000,0.1998539,0.2962982
6,4.987500,22,1.99791677,0.1720000,0.1998513,0.2962980
6,4.991667,22,1.99895844,0.1720000,0.1998486,0.2962982
6,4.995833,22,2.00000010,0.1720000,0.1998460,0.2962984
7,0.000000,26,0.87604171,0.1720000,0.2016188,0.2962965
7,0.004167,26,0.87708338,0.1720000,0.2015920,0.2962965
7,0.008333,26,0.87812505,0.1720000,0.2015653,0.2962965
7,0.012500,26,0.87916671,0.1720000,0.2015387,0.2962964
7,0.016667,26,0.88020838,0.1720000,0.2015124,0.2962964
7,0.020833,26,0.88125005,0.1720000,0.2014861,0.2962964
7,0.025000,26,0.88229171,0.1720000,0.2014601,0.2962966
7,0.029167,26,0.88333338,0.1720001,0.2014342,0.2962966
7,0.033333,26,0.88437505,0.1720001,0.2014084,0.2962967
7,0.037500,26,0.88541671,0.1720002,0.2013827,0.2962967
7,0.041667,26,0.88645838,0.1720002,0.2013573,0.2962967
7,0.045833,26,0.88750005,0.1720001,0.2013318,0.2962967
7,0.050000,26,0.88854171,0.1720000,0.2013064,0.2962967
7,0.054167,26,0.88958338,0.1719997,0.2012810,0.2962964
7,0.058333,26,0.89062505,0.1719992,0.2012556,0.2962959
7,0.062500,26,0.89166671,0.1719984,0.2012300,0.2962951
7,0.066667,26,0.89270838,0.1719972,0.2012043,0.2962940
7,0.070833,26,0.89375005,0.1719958,0.2011782,0.2962925
7,0.075000,26,0.89479171,0.1719935,0.2011518,0.2962905
7,0.079167,26,0.89583338,0.1719908,0.2011249,0.2962877
7,0.083333,26,0.89687505,0.1719871,0.2010973,0.2962842
7,0.087500,26,0.89791671,0.1719828,0.2010690,0.2962798
7,0.091667,26,0.89895838,0.1719771,0.2010398,0.2962743
7,0.095833,26,0.90000005,0.1719707,0.2010097,0.2962677
7,0.100000,26,0.90104171,0.1719626,0.2009783,0.2962598
7,0.104167,26,0.90208338,0.1719535,0.2009460,0.2962506
7,0.108333,26,0.90312505,0.1719424,0.2009120,0.2962397
7,0.112500,26,0.90416671,0.1719302,0.2008769,0.2962275
7,0.116667,26,0.90520838,0.1719159,0.2008400,0.2962133
7,0.120833,26,0.90625005,0.1719003,0.2008018,0.2961977
7,0.125000,26,0.90729171,0.1718823,0.2007616,0.2961799
7,0.129167,26,0.90833338,0.1718631,0.2007200,0.2961605
7,0.133333,26,0.90937505,0.1718415,0.2006765,0.2961391
7,0.137500,26,0.91041671,0.1718185,0.2006317,0.2961161
7,0.141667,26,0.91145838,0.1717934,0.2005850,0.2960911
7,0.145833,26,0.91250005,0.1717670,0.2005370,0.2960646
7,0.150000,26,0.91354171,0.1717387,0.2004876,0.2960365
7,0.154167,26,0.91458338,0.1717092,0.2004370,0.2960071
7,0.158333,26,0.91562505,0.1716783,0.2003852,0.2959762
7,0.162500,26,0.91666671,0.1716464,0.2003325,0.2959443
7,0.166667,26,0.91770838,0.1716138,0.2002794,0.2959117
7,0.170833,26,0.91875005,0.1715804,0.2002257,0.2958785
7,0.175000,26,0.91979171,0.1715470,0.2001721,0.2958451
7,0.179167,26,0.92083338,0.1715132,0.2001183,0.2958112
7,0.183333,26,0.92187505,0.1714801,0.2000655,0.2957783
7,0.187500,26,0.92291671,0.1714471,0.2000127,0.2957452
7,0.191667,26,0.92395838,0.1714156,0.1999619,0.2957139
7,0.195833,26,0.92500005,0.1713845,0.1999115,0.2956827
7,0.200000,26,0.92604171,0.1713558,0.1998640,0.2956542
7,0.204167,26,0.92708338,0.1713277,0.1998172,0.2956261
7,0.208333,26,0.92812505,0.1713029,0.1997738,0.2956015
7,0.212500,26,0.92916672,0.1712789,0.1997313,0.2955773
7,0.216667,26,0.93020838,0.1712588,0.1996932,0.2955576
7,0.220833,26,0.93125005,0.1712395,0.1996559,0.2955382
7,0.225000,26,0.93229172,0.1712248,0.1996235,0.2955237
7,0.229167,26,0.93333338,0.1712108,0.1995919,0.2955098
7,0.233333,26,0.93437505,0.1712016,0.1995656,0.2955009
7,0.237500,26,0.93541672,0.1711930,0.1995398,0.2954924
7,0.241667,26,0.93645838,0.1711893,0.1995194,0.2954890
7,0.245833,26,0.93750005,0.1711857,0.1994991,0.2954856
7,0.250000,26,0.93854172,0.1711869,0.1994840,0.2954871
7,0.254167,26,0.93958338,0.1711881,0.1994689,0.2954885
7,0.258333,26,0.94062505,0.1711942,0.1994592,0.2954951
7,0.262500,26,0.94166672,0.1712002,0.1994493,0.2955014
7,0.266667,26,0.94270838,0.1712111,0.1994449,0.2955128
7,0.270833,26,0.94375005,0.1712219,0.1994404,0.2955239
7,0.275000,26,0.94479172,0.1712374,0.1994410,0.2955399
7,0.279167,26,0.94583338,0.1712528,0.1994417,0.2955559
7,0.283333,26,0.94687505,0.1712727,0.1994472,0.2955765
7,0.287500,26,0.94791672,0.1712925,0.1994528,0.2955969
7,0.291667,26,0.94895838,0.1713163,0.1994626,0.2956215
7,0.295833,26,0.95000005,0.1713400,0.1994726,0.2956460
7,0.300000,26,0.95104172,0.1713671,0.1994864,0.2956742
7,0.304167,26,0.95208338,0.1713942,0.1995003,0.2957022
7,0.308333,26,0.95312505,0.1714240,0.1995173,0.2957333
7,0.312500,26,0.95416672,0.1714538,0.1995344,0.2957643
7,0.316667,26,0.95520838,0.1714855,0.1995539,0.2957973
7,0.320833,26,0.95625005,0.1715171,0.1995733,0.2958303
7,0.325000,26,0.95729172,0.1715498,0.1995944,0.2958649
7,0.329167,26,0.95833338,0.1715824,0.1996155,0.2958994
7,0.333333,26,0.95937505,0.1716151,0.1996372,0.2959341
7,0.337500,26,0.96041672,0.1716478,0.1996590,0.2959688
7,0.341667,26,0.96145838,0.1716796,0.1996804,0.2960031
7,0.345833,26,0.96250005,0.1717114,0.1997018,0.2960373
7,0.350000,26,0.96354172,0.1717413,0.1997221,0.2960701
7,0.354167,26,0.96458338,0.1717712,0.1997424,0.2961030
7,0.358333,26,0.96562505,0.1717983,0.1997604,0.2961336
7,0.362500,26,0.96666672,0.1718254,0.1997785,0.2961642
7,0.366667,26,0.96770838,0.1718489,0.1997936,0.2961918
7,0.370833,26,0.96875005,0.1718723,0.1998087,0.2962193
7,0.375000,26,0.96979172,0.1718913,0.1998201,0.2962429
7,0.379167,26,0.97083338,0.1719103,0.1998314,0.2962665
7,0.383333,26,0.97187505,0.1719243,0.1998385,0.2962858
7,0.387500,26,0.97291672,0.1719383,0.1998458,0.2963054
7,0.391667,26,0.97395838,0.1719469,0.1998482,0.2963203
7,0.395833,26,0.97500005,0.1719554,0.1998509,0.2963357
7,0.400000,26,0.97604172,0.1719583,0.1998485,0.2963457
7,0.404167,26,0.97708338,0.1719612,0.1998462,0.2963561
7,0.408333,26,0.97812505,0.1719584,0.1998389,0.2963615
7,0.412500,26,0.97916672,0.1719557,0.1998318,0.2963672
7,0.416667,26,0.98020838,0.1719475,0.1998201,0.2963683
7,0.420833,26,0.98125005,0.1719394,0.1998086,0.2963700
7,0.425000,26,0.98229172,0.1719263,0.1997928,0.2963678
7,0.429167,26,0.98333338,0.1719133,0.1997774,0.2963662
7,0.433333,26,0.98437505,0.1718961,0.1997586,0.2963615
7,0.437500,26,0.98541672,0.1718789,0.1997400,0.2963570
7,0.441667,26,0.98645838,0.1718586,0.1997191,0.2963504
7,0.445833,26,0.98750005,0.1718383,0.1996982,0.2963442
7,0.450000,26,0.98854172,0.1718161,0.1996764,0.2963375
7,0.454167,26,0.98958338,0.1717938,0.1996548,0.2963313
7,0.458333,26,0.99062505,0.1717711,0.1996338,0.2963264
7,0.462500,26,0.99166672,0.1717484,0.1996131,0.2963225
7,0.466667,26,0.99270839,0.1717269,0.1995943,0.2963209
7,0.470833,26,0.99375005,0.1717053,0.1995758,0.2963196
7,0.475000,26,0.99479172,0.1716866,0.1995611,0.2963227
7,0.479167,26,0.99583339,0.1716679,0.1995467,0.2963264
7,0.483333,26,0.99687505,0.1716538,0.1995379,0.2963366
7,0.487500,26,0.99791672,0.1716398,0.1995295,0.2963483
7,0.491667,26,0.99895839,0.1716323,0.1995287,0.2963690
7,0.495833,26,1.00000005,0.1716247,0.1995284,0.2963919
7,0.500000,26,1.00104172,0.1716255,0.1995375,0.2964227
7,0.504167,26,1.00208339,0.1716263,0.1995468,0.2964549
7,0.508333,26,1.00312505,0.1716372,0.1995674,0.2964996
7,0.512500,26,1.00416672,0.1716480,0.1995883,0.2965458
7,0.516667,26,1.00520839,0.1716706,0.1996220,0.2966059
7,0.520833,26,1.00625005,0.1716931,0.1996562,0.2966679
7,0.525000,26,1.00729172,0.1717289,0.1997050,0.2967457
7,0.529167,26,1.00833339,0.1717646,0.1997543,0.2968253
7,0.533333,26,1.00937505,0.1718147,0.1998193,0.2969218
7,0.537500,26,1.01041672,0.1718648,0.1998847,0.2970194
7,0.541667,26,1.01145839,0.1719303,0.1999667,0.2971348
7,0.545833,26,1.01250005,0.1719958,0.2000494,0.2972522
7,0.550000,26,1.01354172,0.1720775,0.2001495,0.2973884
7,0.554167,26,1.01458339,0.1721592,0.2002503,0.2975271
7,0.558333,26,1.01562505,0.1722575,0.2003692,0.2976857
7,0.562500,26,1.01666672,0.1723559,0.2004889,0.2978472
7,0.566667,26,1.01770839,0.1724710,0.2006269,0.2980286
7,0.570833,26,1.01875005,0.1725863,0.2007655,0.2982120
7,0.575000,26,1.01979172,0.1727182,0.2009224,0.2984151
7,0.579167,26,1.02083339,0.1728502,0.2010799,0.2986207
7,0.583333,26,1.02187505,0.1729988,0.2012556,0.2988465
7,0.587500,26,1.02291672,0.1731474,0.2014322,0.2990752
7,0.591667,26,1.02395839,0.1733121,0.2016265,0.2993243
7,0.595833,26,1.02500005,0.1734768,0.2018220,0.2995771
7,0.600000,26,1.02604172,0.1736570,0.2020347,0.2998492
7,0.604167,26,1.02708339,0.1738372,0.2022481,0.3001238
7,0.608333,26,1.02812505,0.1740323,0.2024780,0.3004171
7,0.612500,26,1.02916672,0.1742274,0.2027088,0.3007136
7,0.616667,26,1.03020839,0.1744367,0.2029556,0.3010285
7,0.620833,26,1.03125005,0.1746460,0.2032034,0.3013472
7,0.625000,26,1.03229172,0.1748688,0.2034667,0.3016844
7,0.629167,26,1.03333339,0.1750917,0.2037313,0.3020261
7,0.633333,26,1.03437505,0.1753275,0.2040107,0.3023853
7,0.637500,26,1.03541672,0.1755632,0.2042911,0.3027478
7,0.641667,26,1.03645839,0.1758116,0.2045859,0.3031273
7,0.645833,26,1.03750005,0.1760599,0.2048818,0.3035109
7,0.650000,26,1.03854172,0.1763206,0.2051921,0.3039117
7,0.654167,26,1.03958339,0.1765814,0.2055037,0.3043172
7,0.658333,26,1.04062505,0.1768545,0.2058299,0.3047408
7,0.662500,26,1.04166672,0.1771276,0.2061576,0.3051698
7,0.666667,26,1.04270839,0.1774135,0.2065001,0.3056169
7,0.670833,26,1.04375005,0.1776994,0.2068439,0.3060680
7,0.675000,26,1.04479172,0.1779985,0.2072028,0.3065374
7,0.679167,26,1.04583339,0.1782977,0.2075632,0.3070117
7,0.683333,26,1.04687505,0.1786110,0.2079400,0.3075058
7,0.687500,26,1.04791672,0.1789243,0.2083182,0.3080052
7,0.691667,26,1.04895839,0.1792529,0.2087142,0.3085263
7,0.695833,26,1.05000005,0.1795815,0.2091118,0.3090535
7,0.700000,26,1.05104172,0.1799267,0.2095283,0.3096032
7,0.704167,26,1.05208339,0.1802719,0.2099461,0.3101575
7,0.708333,26,1.05312505,0.1806351,0.2103843,0.3107359
7,0.712500,26,1.05416672,0.1809983,0.2108239,0.3113193
7,0.716667,26,1.05520839,0.1813811,0.2112857,0.3119287
7,0.720833,26,1.05625006,0.1817639,0.2117490,0.3125440
7,0.725000,26,1.05729172,0.1821678,0.2122360,0.3131875
7,0.729167,26,1.05833339,0.1825717,0.2127249,0.3138372
7,0.733333,26,1.05937506,0.1829982,0.2132389,0.3145164
7,0.737500,26,1.06041672,0.1834247,0.2137545,0.3152007
7,0.741667,26,1.06145839,0.1838750,0.2142962,0.3159150
7,0.745833,26,1.06250006,0.1843253,0.2148395,0.3166349
7,0.750000,26,1.06354172,0.1848004,0.2154104,0.3173869
7,0.754167,26,1.06458339,0.1852756,0.2159829,0.3181448
7,0.758333,26,1.06562506,0.1857761,0.2165837,0.3189354
7,0.762500,26,1.06666672,0.1862768,0.2171865,0.3197330
7,0.766667,26,1.06770839,0.1868030,0.2178175,0.3205629
7,0.770833,26,1.06875006,0.1873293,0.2184501,0.3213983
7,0.775000,26,1.06979172,0.1878809,0.2191105,0.3222658
7,0.779167,26,1.07083339,0.1884325,0.2197728,0.3231391
7,0.783333,26,1.07187506,0.1890087,0.2204622,0.3240438
7,0.787500,26,1.07291672,0.1895849,0.2211536,0.3249549
7,0.791667,26,1.07395839,0.1901842,0.2218708,0.3258963
7,0.795833,26,1.07500006,0.1907836,0.2225899,0.3268444
7,0.800000,26,1.07604172,0.1914042,0.2233330,0.3278207
7,0.804167,26,1.07708339,0.1920248,0.2240778,0.3288025
7,0.808333,26,1.07812506,0.1926642,0.2248438,0.3298095
7,0.812500,26,1.07916672,0.1933037,0.2256119,0.3308225
7,0.816667,26,1.08020839,0.1939591,0.2263983,0.3318579
7,0.820833,26,1.08125006,0.1946146,0.2271867,0.3328995
7,0.825000,26,1.08229172,0.1952828,0.2279904,0.3339605
7,0.829167,26,1.08333339,0.1959510,0.2287959,0.3350277
7,0.833333,26,1.08437506,0.1966283,0.2296133,0.3361108
7,0.837500,26,1.08541672,0.1973058,0.2304324,0.3371990
7,0.841667,26,1.08645839,0.1979889,0.2312594,0.3382989
7,0.845833,26,1.08750006,0.1986719,0.2320882,0.3394042
7,0.850000,26,1.08854172,0.1993570,0.2329215,0.3405175
7,0.854167,26,1.08958339,0.2000421,0.2337564,0.3416359
7,0.858333,26,1.09062506,0.2007257,0.2345923,0.3427588
7,0.862500,26,1.09166672,0.2014093,0.2354298,0.3438872
7,0.866667,26,1.09270839,0.2020881,0.2362650,0.3450164
7,0.870833,26,1.09375006,0.2027670,0.2371017,0.3461501
7,0.875000,26,1.09479172,0.2034384,0.2379332,0.3472817
7,0.879167,26,1.09583339,0.2041098,0.2387661,0.3484177
7,0.883333,26,1.09687506,0.2047715,0.2395914,0.3495488
7,0.887500,26,1.09791672,0.2054332,0.2404182,0.3506841
7,0.891667,26,1.09895839,0.2060834,0.2412356,0.3518127
7,0.895833,26,1.10000006,0.2067338,0.2420545,0.3529453
7,0.900000,26,1.10104172,0.2073718,0.2428630,0.3540702
7,0.904167,26,1.10208339,0.2080098,0.2436728,0.3551984
7,0.908333,26,1.10312506,0.2086353,0.2444720,0.3563183
7,0.912500,26,1.10416672,0.2092609,0.2452724,0.3574414
7,0.916667,26,1.10520839,0.2098745,0.2460626,0.3585560
7,0.920833,26,1.10625006,0.2104881,0.2468538,0.3596734
7,0.925000,26,1.10729172,0.2110910,0.2476359,0.3607830
7,0.929167,26,1.10833339,0.2116938,0.2484188,0.3618948
7,0.933333,26,1.10937506,0.2122879,0.2491946,0.3630010
7,0.937500,26,1.11041672,0.2128820,0.2499712,0.3641091
7,0.941667,26,1.11145839,0.2134696,0.2507427,0.3652132
7,0.945833,26,1.11250006,0.2140573,0.2515149,0.3663189
7,0.950000,26,1.11354172,0.2146412,0.2522848,0.3674229
7,0.954167,26,1.11458339,0.2152251,0.2530550,0.3685277
7,0.958333,26,1.11562506,0.2158082,0.2538256,0.3696329
7,0.962500,26,1.11666672,0.2163914,0.2545964,0.3707386
7,0.966667,26,1.11770839,0.2169766,0.2553703,0.3718473
7,0.970833,26,1.11875006,0.2175618,0.2561446,0.3729567
7,0.975000,26,1.11979173,0.2181519,0.2569246,0.3740716
7,0.979167,26,1.12083339,0.2187419,0.2577047,0.3751864
7,0.983333,26,1.12187506,0.2193390,0.2584926,0.3763081
7,0.987500,26,1.12291673,0.2199361,0.2592803,0.3774288
7,0.991667,26,1.12395839,0.2205419,0.2600770,0.3785574
7,0.995833,26,1.12500006,0.2211477,0.2608734,0.3796842
7,1.000000,26,1.12604173,0.2217630,0.2616796,0.3808199
7,1.004167,26,1.12708339,0.2223783,0.2624857,0.3819543
7,1.008333,26,1.12812506,0.2230030,0.2633015,0.3830972
7,1.012500,26,1.12916673,0.2236277,0.2641166,0.3842379
7,1.016667,26,1.13020839,0.2242604,0.2649398,0.3853847
7,1.020833,26,1.13125006,0.2248932,0.2657624,0.3865287
7,1.025000,26,1.13229173,0.2255318,0.2665903,0.3876756
7,1.029167,26,1.13333339,0.2261703,0.2674171,0.3888189
7,1.033333,26,1.13437506,0.2268110,0.2682458,0.3899618
7,1.037500,26,1.13541673,0.2274517,0.2690736,0.3911017
7,1.041667,26,1.13645839,0.2280899,0.2698987,0.3922366
7,1.045833,26,1.13750006,0.2287281,0.2707224,0.3933674
7,1.050000,26,1.13854173,0.2293581,0.2715372,0.3944865
7,1.054167,26,1.13958339,0.2299881,0.2723507,0.3956008
7,1.058333,26,1.14062506,0.2306033,0.2731483,0.3966960
7,1.062500,26,1.14166673,0.2312185,0.2739442,0.3977860
7,1.066667,26,1.14270839,0.2318116,0.2747170,0.3988493
7,1.070833,26,1.14375006,0.2324047,0.2754884,0.3999084
7,1.075000,26,1.14479173,0.2329681,0.2762290,0.4009335
7,1.079167,26,1.14583339,0.2335315,0.2769678,0.4019537
7,1.083333,26,1.14687506,0.2340574,0.2776678,0.4029309
7,1.087500,26,1.14791673,0.2345833,0.2783656,0.4039023
7,1.091667,26,1.14895839,0.2350640,0.2790167,0.4048225
7,1.095833,26,1.15000006,0.2355448,0.2796655,0.4057361
7,1.100000,26,1.15104173,0.2359734,0.2802605,0.4065922
7,1.104167,26,1.15208339,0.2364020,0.2808536,0.4074426
7,1.108333,26,1.15312506,0.2367723,0.2813867,0.4082295
7,1.112500,26,1.15416673,0.2371425,0.2819175,0.4090101
7,1.116667,26,1.15520839,0.2374495,0.2823830,0.4097212
7,1.120833,26,1.15625006,0.2377565,0.2828460,0.4104255
7,1.125000,26,1.15729173,0.2379967,0.2832401,0.4110562
7,1.129167,26,1.15833339,0.2382368,0.2836313,0.4116794
7,1.133333,26,1.15937506,0.2384084,0.2839519,0.4122280
7,1.137500,26,1.16041673,0.2385800,0.2842700,0.4127701
7,1.141667,26,1.16145839,0.2386833,0.2845176,0.4132381
7,1.145833,26,1.16250006,0.2387865,0.2847625,0.4136993
7,1.150000,26,1.16354173,0.2388235,0.2849388,0.4140875
7,1.154167,26,1.16458339,0.2388605,0.2851124,0.4144685
7,1.158333,26,1.16562506,0.2388357,0.2852213,0.4147804
7,1.162500,26,1.16666673,0.2388108,0.2853272,0.4150847
7,1.166667,26,1.16770839,0.2387305,0.2853752,0.4153267
7,1.170833,26,1.16875006,0.2386501,0.2854204,0.4155627
7,1.175000,26,1.16979173,0.2385226,0.2854160,0.4157454
7,1.179167,26,1.17083339,0.2383952,0.2854088,0.4159211
7,1.183333,26,1.17187506,0.2382307,0.2853619,0.4160532
7,1.187500,26,1.17291673,0.2380662,0.2853119,0.4161781
7,1.191667,26,1.17395839,0.2378764,0.2852337,0.4162705
7,1.195833,26,1.17500006,0.2376865,0.2851524,0.4163555
7,1.200000,26,1.17604173,0.2374841,0.2850557,0.4164214
7,1.204167,26,1.17708339,0.2372817,0.2849563,0.4164815
7,1.208333,26,1.17812506,0.2370805,0.2848553,0.4165366
7,1.212500,26,1.17916673,0.2368793,0.2847514,0.4165854
7,1.216667,26,1.18020839,0.2366931,0.2846597,0.4166428
7,1.220833,26,1.18125006,0.2365069,0.2845650,0.4166938
7,1.225000,26,1.18229173,0.2363498,0.2844965,0.4167675
7,1.229167,26,1.18333340,0.2361926,0.2844249,0.4168342
7,1.233333,26,1.18437506,0.2360780,0.2843930,0.4169376
7,1.237500,26,1.18541673,0.2359633,0.2843583,0.4170355
7,1.241667,26,1.18645840,0.2359035,0.2843757,0.4171829
7,1.245833,26,1.18750006,0.2358436,0.2843903,0.4173248
7,1.250000,26,1.18854173,0.2358496,0.2844680,0.4175268
7,1.254167,26,1.18958340,0.2358556,0.2845428,0.4177231
7,1.258333,26,1.19062506,0.2359368,0.2846900,0.4179892
7,1.262500,26,1.19166673,0.2360179,0.2848342,0.4182490
7,1.266667,26,1.19270840,0.2361811,0.2850579,0.4185860
7,1.270833,26,1.19375006,0.2363444,0.2852790,0.4189185
7,1.275000,26,1.19479173,0.2365946,0.2855846,0.4193335
7,1.279167,26,1.19583340,0.2368447,0.2858876,0.4197438
7,1.283333,26,1.19687506,0.2371841,0.2862771,0.4202387
7,1.287500,26,1.19791673,0.2375235,0.2866641,0.4207288
7,1.291667,26,1.19895840,0.2379516,0.2871373,0.4213031
7,1.295833,26,1.20000006,0.2383798,0.2876078,0.4218726
7,1.300000,26,1.20104173,0.2388938,0.2881619,0.4225237
7,1.304167,26,1.20208340,0.2394077,0.2887135,0.4231711
7,1.308333,26,1.20312506,0.2400021,0.2893434,0.4238955
7,1.312500,26,1.20416673,0.2405965,0.2899709,0.4246164
7,1.316667,26,1.20520840,0.2412635,0.2906689,0.4254063
7,1.320833,26,1.20625006,0.2419306,0.2913646,0.4261925
7,1.325000,26,1.20729173,0.2426605,0.2921210,0.4270377
7,1.329167,26,1.20833340,0.2433904,0.2928752,0.4278794
7,1.333333,26,1.20937506,0.2441716,0.2936787,0.4287692
7,1.337500,26,1.21041673,0.2449529,0.2944802,0.4296565
7,1.341667,26,1.21145840,0.2457729,0.2953185,0.4305800
7,1.345833,26,1.21250006,0.2465928,0.2961548,0.4315005
7,1.350000,26,1.21354173,0.2474377,0.2970143,0.4324434
7,1.354167,26,1.21458340,0.2482826,0.2978719,0.4333837
7,1.358333,26,1.21562506,0.2491384,0.2987386,0.4343322
7,1.362500,26,1.21666673,0.2499941,0.2996034,0.4352776
7,1.366667,26,1.21770840,0.2508467,0.3004634,0.4362177
7,1.370833,26,1.21875006,0.2516992,0.3013218,0.4371559
7,1.375000,26,1.21979173,0.2525349,0.3021618,0.4380754
7,1.379167,26,1.22083340,0.2533706,0.3030004,0.4389933
7,1.383333,26,1.22187506,0.2541768,0.3038078,0.4398796
7,1.387500,26,1.22291673,0.2549829,0.3046138,0.4407641
7,1.391667,26,1.22395840,0.2557479,0.3053773,0.4416054
7,1.395833,26,1.22500006,0.2565129,0.3061394,0.4424448
7,1.400000,26,1.22604173,0.2572267,0.3068490,0.4432313
7,1.404167,26,1.22708340,0.2579405,0.3075575,0.4440168
7,1.408333,26,1.22812506,0.2585950,0.3082055,0.4447417
7,1.412500,26,1.22916673,0.2592495,0.3088523,0.4454654
7,1.416667,26,1.23020840,0.2598383,0.3094323,0.4461222
7,1.420833,26,1.23125006,0.2604271,0.3100114,0.4467777
7,1.425000,26,1.23229173,0.2609459,0.3105193,0.4473618
7,1.429167,26,1.23333340,0.2614647,0.3110264,0.4479447
7,1.433333,26,1.23437506,0.2619114,0.3114603,0.4484543
7,1.437500,26,1.23541673,0.2623580,0.3118934,0.4489631
7,1.441667,26,1.23645840,0.2627322,0.3122532,0.4493988
7,1.445833,26,1.23750006,0.2631063,0.3126122,0.4498335
7,1.450000,26,1.23854173,0.2634096,0.3128995,0.4501967
7,1.454167,26,1.23958340,0.2637128,0.3131861,0.4505590
7,1.458333,26,1.24062506,0.2639483,0.3134044,0.4508526
7,1.462500,26,1.24166673,0.2641838,0.3136220,0.4511451
7,1.466667,26,1.24270840,0.2643562,0.3137758,0.4513739
7,1.470833,26,1.24375006,0.2645285,0.3139291,0.4516022
7,1.475000,26,1.24479173,0.2646435,0.3140246,0.4517727
7,1.479167,26,1.24583340,0.2647584,0.3141195,0.4519428
7,1.483333,26,1.24687507,0.2648224,0.3141631,0.4520612
7,1.487500,26,1.24791673,0.2648865,0.3142064,0.4521792
7,1.491667,26,1.24895840,0.2649067,0.3142053,0.4522525
7,1.495833,26,1.25000007,0.2649268,0.3142039,0.4523253
7,1.500000,26,1.25104173,0.2649104,0.3141655,0.4523606
7,1.504167,26,1.25208340,0.2648939,0.3141268,0.4523958
7,1.508333,26,1.25312507,0.2648480,0.3140585,0.4524013
7,1.512500,26,1.25416673,0.2648021,0.3139899,0.4524063
7,1.516667,26,1.25520840,0.2647335,0.3138985,0.4523881
7,1.520833,26,1.25625007,0.2646649,0.3138068,0.4523695
7,1.525000,26,1.25729173,0.2645798,0.3136985,0.4523339
7,1.529167,26,1.25833340,0.2644948,0.3135901,0.4522979
7,1.533333,26,1.25937507,0.2643988,0.3134706,0.4522503
7,1.537500,26,1.26041673,0.2643028,0.3133511,0.4522025
7,1.541667,26,1.26145840,0.2642004,0.3132252,0.4521479
7,1.545833,26,1.26250007,0.2640980,0.3130993,0.4520931
7,1.550000,26,1.26354173,0.2639928,0.3129706,0.4520352
7,1.554167,26,1.26458340,0.2638878,0.3128420,0.4519769
7,1.558333,26,1.26562507,0.2637826,0.3127132,0.4519179
7,1.562500,26,1.26666673,0.2636775,0.3125846,0.4518585
7,1.566667,26,1.26770840,0.2635740,0.3124576,0.4518003
7,1.570833,26,1.26875007,0.2634706,0.3123308,0.4517419
7,1.575000,26,1.26979173,0.2633696,0.3122066,0.4516855
7,1.579167,26,1.27083340,0.2632686,0.3120826,0.4516289
7,1.583333,26,1.27187507,0.2631703,0.3119612,0.4515745
7,1.587500,26,1.27291673,0.2630719,0.3118400,0.4515195
7,1.591667,26,1.27395840,0.2629756,0.3117209,0.4514661
7,1.595833,26,1.27500007,0.2628792,0.3116019,0.4514122
7,1.600000,26,1.27604173,0.2627838,0.3114841,0.4513587
7,1.604167,26,1.27708340,0.2626883,0.3113665,0.4513049
7,1.608333,26,1.27812507,0.2625924,0.3112486,0.4512502
7,1.612500,26,1.27916673,0.2624965,0.3111310,0.4511952
7,1.616667,26,1.28020840,0.2623986,0.3110116,0.4511376
7,1.620833,26,1.28125007,0.2623007,0.3108924,0.4510798
7,1.625000,26,1.28229173,0.2621993,0.3107699,0.4510176
7,1.629167,26,1.28333340,0.2620979,0.3106476,0.4509552
7,1.633333,26,1.28437507,0.2619916,0.3105207,0.4508873
7,1.637500,26,1.28541673,0.2618852,0.3103940,0.4508187
7,1.641667,26,1.28645840,0.2617729,0.3102616,0.4507440
7,1.645833,26,1.28750007,0.2616605,0.3101295,0.4506687
7,1.650000,26,1.28854173,0.2615414,0.3099910,0.4505862
7,1.654167,26,1.28958340,0.2614224,0.3098527,0.4505033
7,1.658333,26,1.29062507,0.2612962,0.3097077,0.4504128
7,1.662500,26,1.29166673,0.2611701,0.3095629,0.4503217
7,1.666667,26,1.29270840,0.2610372,0.3094116,0.4502232
7,1.670833,26,1.29375007,0.2609042,0.3092605,0.4501242
7,1.675000,26,1.29479173,0.2607651,0.3091037,0.4500187
7,1.679167,26,1.29583340,0.2606260,0.3089473,0.4499127
7,1.683333,26,1.29687507,0.2604818,0.3087860,0.4498011
7,1.687500,26,1.29791673,0.2603376,0.3086251,0.4496890
7,1.691667,26,1.29895840,0.2601899,0.3084609,0.4495728
7,1.695833,26,1.30000007,0.2600422,0.3082969,0.4494561
7,1.700000,26,1.30104173,0.2598928,0.3081316,0.4493371
7,1.704167,26,1.30208340,0.2597434,0.3079666,0.4492175
7,1.708333,26,1.30312507,0.2595943,0.3078023,0.4490979
7,1.712500,26,1.30416673,0.2594453,0.3076383,0.4489778
7,1.716667,26,1.30520840,0.2592987,0.3074773,0.4488598
7,1.720833,26,1.30625007,0.2591523,0.3073166,0.4487412
7,1.725000,26,1.30729173,0.2590105,0.3071607,0.4486267
7,1.729167,26,1.30833340,0.2588687,0.3070052,0.4485119
7,1.733333,26,1.30937507,0.2587338,0.3068568,0.4484033
7,1.737500,26,1.31041674,0.2585989,0.3067088,0.4482943
7,1.741667,26,1.31145840,0.2584727,0.3065699,0.4481935
7,1.745833,26,1.31250007,0.2583466,0.3064313,0.4480922
7,1.750000,26,1.31354174,0.2582308,0.3063034,0.4480007
7,1.754167,26,1.31458340,0.2581150,0.3061757,0.4479088
7,1.758333,26,1.31562507,0.2580108,0.3060600,0.4478279
7,1.762500,26,1.31666674,0.2579066,0.3059444,0.4477466
7,1.766667,26,1.31770840,0.2578150,0.3058417,0.4476773
7,1.770833,26,1.31875007,0.2577233,0.3057393,0.4476075
7,1.775000,26,1.31979174,0.2576445,0.3056500,0.4475500
7,1.779167,26,1.32083340,0.2575658,0.3055611,0.4474921
7,1.783333,26,1.32187507,0.2574999,0.3054854,0.4474467
7,1.787500,26,1.32291674,0.2574341,0.3054098,0.4474007
7,1.791667,26,1.32395840,0.2573806,0.3053470,0.4473667
7,1.795833,26,1.32500007,0.2573272,0.3052844,0.4473324
7,1.800000,26,1.32604174,0.2572854,0.3052336,0.4473092
7,1.804167,26,1.32708340,0.2572435,0.3051831,0.4472854
7,1.808333,26,1.32812507,0.2572121,0.3051433,0.4472716
7,1.812500,26,1.32916674,0.2571807,0.3051037,0.4472572
7,1.816667,26,1.33020840,0.2571582,0.3050734,0.4472515
7,1.820833,26,1.33125007,0.2571357,0.3050433,0.4472453
7,1.825000,26,1.33229174,0.2571204,0.3050206,0.4472460
7,1.829167,26,1.33333340,0.2571052,0.3049980,0.4472462
7,1.833333,26,1.33437507,0.2570955,0.3049812,0.4472516
7,1.837500,26,1.33541674,0.2570857,0.3049647,0.4472566
7,1.841667,26,1.33645840,0.2570796,0.3049520,0.4472647
7,1.845833,26,1.33750007,0.2570736,0.3049396,0.4472725
7,1.850000,26,1.33854174,0.2570694,0.3049293,0.4472817
7,1.854167,26,1.33958340,0.2570653,0.3049192,0.4472907
7,1.858333,26,1.34062507,0.2570613,0.3049095,0.4472995
7,1.862500,26,1.34166674,0.2570575,0.3049000,0.4473079
7,1.866667,26,1.34270840,0.2570525,0.3048896,0.4473150
7,1.870833,26,1.34375007,0.2570475,0.3048793,0.4473216
7,1.875000,26,1.34479174,0.2570403,0.3048670,0.4473256
7,1.879167,26,1.34583340,0.2570329,0.3048548,0.4473290
7,1.883333,26,1.34687507,0.2570225,0.3048396,0.4473293
7,1.887500,26,1.34791674,0.2570120,0.3048245,0.4473290
7,1.891667,26,1.34895840,0.2569978,0.3048059,0.4473247
7,1.895833,26,1.35000007,0.2569836,0.3047874,0.4473202
7,1.900000,26,1.35104174,0.2569654,0.3047650,0.4473112
7,1.904167,26,1.35208340,0.2569472,0.3047427,0.4473020
7,1.908333,26,1.35312507,0.2569251,0.3047168,0.4472885
7,1.912500,26,1.35416674,0.2569030,0.3046910,0.4472748
7,1.916667,26,1.35520840,0.2568774,0.3046618,0.4472572
7,1.920833,26,1.35625007,0.2568517,0.3046327,0.4472392
7,1.925000,26,1.35729174,0.2568232,0.3046009,0.4472184
7,1.929167,26,1.35833340,0.2567947,0.3045691,0.4471971
7,1.933333,26,1.35937507,0.2567640,0.3045353,0.4471736
7,1.937500,26,1.36041674,0.2567334,0.3045017,0.4471497
7,1.941667,26,1.36145840,0.2567018,0.3044671,0.4471245
7,1.945833,26,1.36250007,0.2566701,0.3044327,0.4470991
7,1.950000,26,1.36354174,0.2566384,0.3043984,0.4470735
7,1.954167,26,1.36458340,0.2566067,0.3043642,0.4470476
7,1.958333,26,1.36562507,0.2565762,0.3043312,0.4470226
7,1.962500,26,1.36666674,0.2565457,0.3042982,0.4469976
7,1.966667,26,1.36770840,0.2565175,0.3042676,0.4469746
7,1.970833,26,1.36875007,0.2564893,0.3042372,0.4469513
7,1.975000,26,1.36979174,0.2564643,0.3042100,0.4469311
7,1.979167,26,1.37083340,0.2564394,0.3041830,0.4469107
7,1.983333,26,1.37187507,0.2564186,0.3041603,0.4468943
7,1.987500,26,1.37291674,0.2563979,0.3041377,0.4468777
7,1.991667,26,1.37395840,0.2563821,0.3041200,0.4468659
7,1.995833,26,1.37500007,0.2563663,0.3041025,0.4468540
7,2.000000,26,1.37604174,0.2563560,0.3040904,0.4468473
7,2.004167,26,1.37708341,0.2563457,0.3040785,0.4468406
7,2.008333,26,1.37812507,0.2563412,0.3040724,0.4468395
7,2.012500,26,1.37916674,0.2563368,0.3040664,0.4468381
7,2.016667,26,1.38020841,0.2563382,0.3040664,0.4468427
7,2.020833,26,1.38125007,0.2563396,0.3040664,0.4468470
7,2.025000,26,1.38229174,0.2563468,0.3040723,0.4468569
7,2.029167,26,1.38333341,0.2563540,0.3040782,0.4468668
7,2.033333,26,1.38437507,0.2563666,0.3040895,0.4468819
7,2.037500,26,1.38541674,0.2563792,0.3041010,0.4468971
7,2.041667,26,1.38645841,0.2563967,0.3041173,0.4469168
7,2.045833,26,1.38750007,0.2564142,0.3041336,0.4469363
7,2.050000,26,1.38854174,0.2564358,0.3041542,0.4469600
7,2.054167,26,1.38958341,0.2564574,0.3041748,0.4469835
7,2.058333,26,1.39062507,0.2564823,0.3041987,0.4470103
7,2.062500,26,1.39166674,0.2565072,0.3042227,0.4470371
7,2.066667,26,1.39270841,0.2565345,0.3042490,0.4470659
7,2.070833,26,1.39375007,0.2565617,0.3042754,0.4470946
7,2.075000,26,1.39479174,0.2565902,0.3043031,0.4471246
7,2.079167,26,1.39583341,0.2566187,0.3043308,0.4471545
7,2.083333,26,1.39687507,0.2566475,0.3043588,0.4471844
7,2.087500,26,1.39791674,0.2566763,0.3043869,0.4472145
7,2.091667,26,1.39895841,0.2567042,0.3044142,0.4472436
7,2.095833,26,1.40000007,0.2567322,0.3044415,0.4472727
7,2.100000,26,1.40104174,0.2567584,0.3044671,0.4473001
7,2.104167,26,1.40208341,0.2567846,0.3044928,0.4473272
7,2.108333,26,1.40312507,0.2568083,0.3045158,0.4473516
7,2.112500,26,1.40416674,0.2568318,0.3045388,0.4473760
7,2.116667,26,1.40520841,0.2568520,0.3045585,0.4473970
7,2.120833,26,1.40625007,0.2568721,0.3045782,0.4474178
7,2.125000,26,1.40729174,0.2568882,0.3045939,0.4474346
7,2.129167,26,1.40833341,0.2569043,0.3046095,0.4474514
7,2.133333,26,1.40937507,0.2569159,0.3046207,0.4474635
7,2.137500,26,1.41041674,0.2569274,0.3046319,0.4474756
7,2.141667,26,1.41145841,0.2569341,0.3046383,0.4474828
7,2.145833,26,1.41250007,0.2569408,0.3046446,0.4474900
7,2.150000,26,1.41354174,0.2569424,0.3046460,0.4474921
7,2.154167,26,1.41458341,0.2569439,0.3046474,0.4474941
7,2.158333,26,1.41562507,0.2569405,0.3046437,0.4474910
7,2.162500,26,1.41666674,0.2569371,0.3046400,0.4474879
7,2.166667,26,1.41770841,0.2569286,0.3046315,0.4474799
7,2.170833,26,1.41875007,0.2569202,0.3046229,0.4474718
7,2.175000,26,1.41979174,0.2569071,0.3046097,0.4474590
7,2.179167,26,1.42083341,0.2568940,0.3045965,0.4474461
7,2.183333,26,1.42187507,0.2568766,0.3045790,0.4474287
7,2.187500,26,1.42291674,0.2568592,0.3045616,0.4474117
7,2.191667,26,1.42395841,0.2568380,0.3045402,0.4473906
7,2.195833,26,1.42500007,0.2568168,0.3045191,0.4473697
7,2.200000,26,1.42604174,0.2567923,0.3044946,0.4473452
7,2.204167,26,1.42708341,0.2567677,0.3044701,0.4473208
7,2.208333,26,1.42812507,0.2567406,0.3044429,0.4472938
7,2.212500,26,1.42916674,0.2567134,0.3044159,0.4472666
7,2.216667,26,1.43020841,0.2566842,0.3043868,0.4472377
7,2.220833,26,1.43125007,0.2566550,0.3043577,0.4472084
7,2.225000,26,1.43229174,0.2566244,0.3043272,0.4471779
7,2.229167,26,1.43333341,0.2565937,0.3042968,0.4471474
7,2.233333,26,1.43437507,0.2565623,0.3042656,0.4471160
7,2.237500,26,1.43541674,0.2565309,0.3042344,0.4470848
7,2.241667,26,1.43645841,0.2564994,0.3042031,0.4470532
7,2.245833,26,1.43750007,0.2564678,0.3041718,0.4470216
7,2.250000,26,1.43854174,0.2564366,0.3041408,0.4469904
7,2.254167,26,1.43958341,0.2564054,0.3041099,0.4469593
7,2.258333,26,1.44062508,0.2563751,0.3040800,0.4469290
7,2.262500,26,1.44166674,0.2563448,0.3040500,0.4468988
7,2.266667,26,1.44270841,0.2563158,0.3040214,0.4468697
7,2.270833,26,1.44375008,0.2562869,0.3039928,0.4468408
7,2.275000,26,1.44479174,0.2562595,0.3039659,0.4468136
7,2.279167,26,1.44583341,0.2562322,0.3039390,0.4467862
7,2.283333,26,1.44687508,0.2562069,0.3039142,0.4467608
7,2.287500,26,1.44791674,0.2561816,0.3038893,0.4467354
7,2.291667,26,1.44895841,0.2561585,0.3038667,0.4467125
7,2.295833,26,1.45000008,0.2561353,0.3038440,0.4466893
7,2.300000,26,1.45104174,0.2561145,0.3038237,0.4466684
7,2.304167,26,1.45208341,0.2560937,0.3038035,0.4466477
7,2.308333,26,1.45312508,0.2560753,0.3037857,0.4466293
7,2.312500,26,1.45416674,0.2560569,0.3037678,0.4466109
7,2.316667,26,1.45520841,0.2560408,0.3037524,0.4465947
7,2.320833,26,1.45625008,0.2560248,0.3037369,0.4465787
7,2.325000,26,1.45729174,0.2560111,0.3037239,0.4465651
7,2.329167,26,1.45833341,0.2559974,0.3037109,0.4465514
7,2.333333,26,1.45937508,0.2559860,0.3037002,0.4465400
7,2.337500,26,1.46041674,0.2559746,0.3036895,0.4465286
7,2.341667,26,1.46145841,0.2559652,0.3036808,0.4465192
7,2.345833,26,1.46250008,0.2559559,0.3036722,0.4465099
7,2.350000,26,1.46354174,0.2559484,0.3036655,0.4465024
7,2.354167,26,1.46458341,0.2559410,0.3036588,0.4464950
7,2.358333,26,1.46562508,0.2559352,0.3036540,0.4464893
7,2.362500,26,1.46666674,0.2559295,0.3036489,0.4464835
7,2.366667,26,1.46770841,0.2559253,0.3036456,0.4464793
7,2.370833,26,1.46875008,0.2559210,0.3036422,0.4464750
7,2.375000,26,1.46979174,0.2559180,0.3036400,0.4464720
7,2.379167,26,1.47083341,0.2559150,0.3036379,0.4464690
7,2.383333,26,1.47187508,0.2559131,0.3036369,0.4464670
7,2.387500,26,1.47291674,0.2559112,0.3036359,0.4464651
7,2.391667,26,1.47395841,0.2559102,0.3036359,0.4464642
7,2.395833,28,1.47500008,0.2559093,0.3036359,0.4464632
7,2.400000,28,1.47604174,0.2559093,0.3036364,0.4464627
7,2.404167,28,1.47708341,0.2559093,0.3036370,0.4464625
7,2.408333,28,1.47812508,0.2559093,0.3036377,0.4464621
7,2.412500,28,1.47916674,0.2559093,0.3036384,0.4464619
7,2.416667,28,1.48020841,0.2559093,0.3036394,0.4464618
7,2.420833,28,1.48125008,0.2559093,0.3036406,0.4464619
7,2.425000,28,1.48229174,0.2559093,0.3036420,0.4464622
7,2.429167,28,1.48333341,0.2559093,0.3036436,0.4464628
7,2.433333,28,1.48437508,0.2559093,0.3036455,0.4464635
7,2.437500,28,1.48541674,0.2559093,0.3036476,0.4464645
7,2.441667,28,1.48645841,0.2559093,0.3036501,0.4464658
7,2.445833,28,1.48750008,0.2559093,0.3036528,0.4464675
7,2.450000,28,1.48854174,0.2559093,0.3036558,0.4464693
7,2.454167,28,1.48958341,0.2559093,0.3036591,0.4464715
7,2.458333,28,1.49062508,0.2559093,0.3036627,0.4464739
7,2.462500,28,1.49166674,0.2559093,0.3036667,0.4464765
7,2.466667,28,1.49270841,0.2559093,0.3036708,0.4464794
7,2.470833,28,1.49375008,0.2559093,0.3036752,0.4464825
7,2.475000,28,1.49479174,0.2559093,0.3036799,0.4464859
7,2.479167,28,1.49583341,0.2559093,0.3036847,0.4464896
7,2.483333,28,1.49687508,0.2559093,0.3036899,0.4464936
7,2.487500,28,1.49791674,0.2559093,0.3036953,0.4464976
7,2.491667,28,1.49895841,0.2559093,0.3037009,0.4465019
7,2.495833,28,1.50000008,0.2559093,0.3037066,0.4465063
7,2.500000,27,1.50104174,0.2559101,0.3037088,0.4465071
7,2.504167,27,1.50208341,0.2559109,0.3037109,0.4465079
7,2.508333,27,1.50312508,0.2559127,0.3037139,0.4465095
7,2.512500,27,1.50416675,0.2559144,0.3037170,0.4465112
7,2.516667,27,1.50520841,0.2559171,0.3037211,0.4465139
7,2.520833,27,1.50625008,0.2559199,0.3037250,0.4465165
7,2.525000,27,1.50729175,0.2559239,0.3037303,0.4465204
7,2.529167,27,1.50833341,0.2559279,0.3037356,0.4465241
7,2.533333,27,1.50937508,0.2559334,0.3037422,0.4465293
7,2.537500,27,1.51041675,0.2559389,0.3037488,0.4465344
7,2.541667,27,1.51145841,0.2559461,0.3037570,0.4465412
7,2.545833,27,1.51250008,0.2559533,0.3037651,0.4465478
7,2.550000,27,1.51354175,0.2559625,0.3037753,0.4465563
7,2.554167,27,1.51458341,0.2559716,0.3037853,0.4465649
7,2.558333,27,1.51562508,0.2559830,0.3037974,0.4465755
7,2.562500,27,1.51666675,0.2559942,0.3038093,0.4465859
7,2.566667,27,1.51770841,0.2560079,0.3038237,0.4465986
7,2.570833,27,1.51875008,0.2560215,0.3038380,0.4466115
7,2.575000,27,1.51979175,0.2560375,0.3038547,0.4466265
7,2.579167,27,1.52083341,0.2560536,0.3038712,0.4466415
7,2.583333,27,1.52187508,0.2560721,0.3038903,0.4466589
7,2.587500,27,1.52291675,0.2560906,0.3039092,0.4466763
7,2.591667,27,1.52395841,0.2561117,0.3039308,0.4466962
7,2.595833,27,1.52500008,0.2561327,0.3039522,0.4467160
7,2.600000,27,1.52604175,0.2561562,0.3039762,0.4467383
7,2.604167,27,1.52708341,0.2561797,0.3040000,0.4467604
7,2.608333,27,1.52812508,0.2562056,0.3040263,0.4467850
7,2.612500,27,1.52916675,0.2562315,0.3040524,0.4468096
7,2.616667,27,1.53020841,0.2562595,0.3040808,0.4468363
7,2.620833,27,1.53125008,0.2562875,0.3041092,0.4468630
7,2.625000,27,1.53229175,0.2563173,0.3041394,0.4468915
7,2.629167,27,1.53333341,0.2563472,0.3041696,0.4469199
7,2.633333,27,1.53437508,0.2563786,0.3042015,0.4469500
7,2.637500,27,1.53541675,0.2564100,0.3042333,0.4469800
7,2.641667,27,1.53645841,0.2564425,0.3042663,0.4470112
7,2.645833,27,1.53750008,0.2564749,0.3042993,0.4470424
7,2.650000,27,1.53854175,0.2565081,0.3043329,0.4470742
7,2.654167,27,1.53958341,0.2565412,0.3043666,0.4471062
7,2.658333,27,1.54062508,0.2565743,0.3044004,0.4471381
7,2.662500,27,1.54166675,0.2566075,0.3044343,0.4471702
7,2.666667,27,1.54270841,0.2566400,0.3044676,0.4472016
7,2.670833,27,1.54375008,0.2566727,0.3045011,0.4472332
7,2.675000,27,1.54479175,0.2567041,0.3045335,0.4472636
7,2.679167,27,1.54583341,0.2567356,0.3045659,0.4472940
7,2.683333,27,1.54687508,0.2567651,0.3045965,0.4473228
7,2.687500,27,1.54791675,0.2567947,0.3046272,0.4473516
7,2.691667,27,1.54895841,0.2568218,0.3046556,0.4473777
7,2.695833,27,1.55000008,0.2568489,0.3046839,0.4474042
7,2.700000,27,1.55104175,0.2568728,0.3047093,0.4474273
7,2.704167,27,1.55208341,0.2568968,0.3047347,0.4474507
7,2.708333,27,1.55312508,0.2569170,0.3047564,0.4474703
7,2.712500,27,1.55416675,0.2569372,0.3047782,0.4474900
7,2.716667,27,1.55520841,0.2569531,0.3047958,0.4475054
7,2.720833,27,1.55625008,0.2569690,0.3048134,0.4475208
7,2.725000,27,1.55729175,0.2569802,0.3048264,0.4475316
7,2.729167,27,1.55833341,0.2569914,0.3048394,0.4475423
7,2.733333,27,1.55937508,0.2569975,0.3048474,0.4475479
7,2.737500,27,1.56041675,0.2570036,0.3048554,0.4475536
7,2.741667,27,1.56145841,0.2570044,0.3048582,0.4475540
7,2.745833,27,1.56250008,0.2570052,0.3048609,0.4475543
7,2.750000,27,1.56354175,0.2570007,0.3048584,0.4475493
7,2.754167,27,1.56458341,0.2569961,0.3048559,0.4475441
7,2.758333,27,1.56562508,0.2569862,0.3048480,0.4475336
7,2.762500,27,1.56666675,0.2569764,0.3048401,0.4475231
7,2.766667,27,1.56770842,0.2569615,0.3048272,0.4475076
7,2.770833,27,1.56875008,0.2569466,0.3048144,0.4474919
7,2.775000,27,1.56979175,0.2569270,0.3047969,0.4474717
7,2.779167,27,1.57083342,0.2569074,0.3047794,0.4474511
7,2.783333,27,1.57187508,0.2568837,0.3047578,0.4474266
7,2.787500,27,1.57291675,0.2568601,0.3047362,0.4474021
7,2.791667,27,1.57395842,0.2568331,0.3047113,0.4473742
7,2.795833,27,1.57500008,0.2568061,0.3046864,0.4473460
7,2.800000,27,1.57604175,0.2567766,0.3046590,0.4473154
7,2.804167,27,1.57708342,0.2567471,0.3046317,0.4472848
7,2.808333,27,1.57812508,0.2567161,0.3046028,0.4472525
7,2.812500,27,1.57916675,0.2566851,0.3045739,0.4472202
7,2.816667,27,1.58020842,0.2566537,0.3045447,0.4471873
7,2.820833,27,1.58125008,0.2566223,0.3045155,0.4471543
7,2.825000,27,1.58229175,0.2565915,0.3044870,0.4471220
7,2.829167,27,1.58333342,0.2565608,0.3044585,0.4470896
7,2.833333,27,1.58437508,0.2565319,0.3044318,0.4470588
7,2.837500,27,1.58541675,0.2565031,0.3044052,0.4470280
7,2.841667,27,1.58645842,0.2564772,0.3043815,0.4470001
7,2.845833,27,1.58750008,0.2564513,0.3043579,0.4469721
7,2.850000,27,1.58854175,0.2564294,0.3043383,0.4469481
7,2.854167,27,1.58958342,0.2564076,0.3043189,0.4469239
7,2.858333,27,1.59062508,0.2563908,0.3043044,0.4469045
7,2.862500,27,1.59166675,0.2563740,0.3042899,0.4468851
7,2.866667,27,1.59270842,0.2563631,0.3042814,0.4468713
7,2.870833,27,1.59375008,0.2563522,0.3042729,0.4468576
7,2.875000,27,1.59479175,0.2563478,0.3042709,0.4468502
7,2.879167,27,1.59583342,0.2563434,0.3042690,0.4468424
7,2.883333,27,1.59687508,0.2563460,0.3042741,0.4468418
7,2.887500,27,1.59791675,0.2563486,0.3042791,0.4468409
7,2.891667,27,1.59895842,0.2563584,0.3042914,0.4468470
7,2.895833,27,1.60000008,0.2563682,0.3043037,0.4468528
7,2.900000,27,1.60104175,0.2563851,0.3043233,0.4468658
7,2.904167,27,1.60208342,0.2564021,0.3043429,0.4468785
7,2.908333,27,1.60312508,0.2564260,0.3043694,0.4468980
7,2.912500,27,1.60416675,0.2564498,0.3043959,0.4469173
7,2.916667,27,1.60520842,0.2564801,0.3044289,0.4469428
7,2.920833,27,1.60625008,0.2565103,0.3044619,0.4469680
7,2.925000,27,1.60729175,0.2565461,0.3045005,0.4469986
7,2.929167,27,1.60833342,0.2565819,0.3045392,0.4470290
7,2.933333,27,1.60937508,0.2566223,0.3045825,0.4470637
7,2.937500,27,1.61041675,0.2566627,0.3046258,0.4470983
7,2.941667,27,1.61145842,0.2567067,0.3046727,0.4471362
7,2.945833,27,1.61250008,0.2567505,0.3047195,0.4471737
7,2.950000,27,1.61354175,0.2567966,0.3047687,0.4472132
7,2.954167,27,1.61458342,0.2568427,0.3048179,0.4472525
7,2.958333,27,1.61562508,0.2568896,0.3048680,0.4472923
7,2.962500,27,1.61666675,0.2569366,0.3049181,0.4473318
7,2.966667,27,1.61770842,0.2569829,0.3049679,0.4473704
7,2.970833,27,1.61875008,0.2570293,0.3050175,0.4474089
7,2.975000,27,1.61979175,0.2570738,0.3050654,0.4474452
7,2.979167,27,1.62083342,0.2571183,0.3051133,0.4474813
7,2.983333,27,1.62187508,0.2571597,0.3051582,0.4475139
7,2.987500,27,1.62291675,0.2572010,0.3052031,0.4475462
7,2.991667,27,1.62395842,0.2572383,0.3052441,0.4475740
7,2.995833,27,1.62500008,0.2572755,0.3052850,0.4476015
7,3.000000,27,1.62604175,0.2573077,0.3053210,0.4476235
7,3.004167,27,1.62708342,0.2573400,0.3053571,0.4476454
7,3.008333,27,1.62812508,0.2573665,0.3053877,0.4476612
7,3.012500,27,1.62916675,0.2573932,0.3054183,0.4476767
7,3.016667,27,1.63020842,0.2574140,0.3054431,0.4476862
7,3.020833,27,1.63125009,0.2574348,0.3054681,0.4476951
7,3.025000,27,1.63229175,0.2574497,0.3054874,0.4476979
7,3.029167,27,1.63333342,0.2574647,0.3055067,0.4477003
7,3.033333,27,1.63437509,0.2574743,0.3055208,0.4476969
7,3.037500,27,1.63541675,0.2574839,0.3055350,0.4476932
7,3.041667,27,1.63645842,0.2574890,0.3055446,0.4476844
7,3.045833,27,1.63750009,0.2574939,0.3055543,0.4476753
7,3.050000,27,1.63854175,0.2574954,0.3055606,0.4476622
7,3.054167,27,1.63958342,0.2574969,0.3055669,0.4476489
7,3.058333,27,1.64062509,0.2574962,0.3055712,0.4476327
7,3.062500,27,1.64166675,0.2574955,0.3055757,0.4476161
7,3.066667,27,1.64270842,0.2574942,0.3055796,0.4475984
7,3.070833,27,1.64375009,0.2574929,0.3055837,0.4475805
7,3.075000,27,1.64479175,0.2574927,0.3055889,0.4475632
7,3.079167,27,1.64583342,0.2574925,0.3055943,0.4475455
7,3.083333,27,1.64687509,0.2574954,0.3056029,0.4475305
7,3.087500,27,1.64791675,0.2574983,0.3056115,0.4475148
7,3.091667,27,1.64895842,0.2575060,0.3056252,0.4475036
7,3.095833,27,1.65000009,0.2575138,0.3056391,0.4474919
7,3.100000,27,1.65104175,0.2575282,0.3056596,0.4474863
7,3.104167,27,1.65208342,0.2575426,0.3056803,0.4474802
7,3.108333,27,1.65312509,0.2575652,0.3057093,0.4474821
7,3.112500,27,1.65416675,0.2575878,0.3057384,0.4474833
7,3.116667,27,1.65520842,0.2576201,0.3057773,0.4474936
7,3.120833,27,1.65625009,0.2576523,0.3058164,0.4475036
7,3.125000,27,1.65729175,0.2576951,0.3058661,0.4475236
7,3.129167,27,1.65833342,0.2577379,0.3059161,0.4475430
7,3.133333,27,1.65937509,0.2577919,0.3059773,0.4475731
7,3.137500,27,1.66041675,0.2578459,0.3060386,0.4476026
7,3.141667,27,1.66145842,0.2579113,0.3061114,0.4476430
7,3.145833,27,1.66250009,0.2579767,0.3061843,0.4476829
7,3.150000,27,1.66354175,0.2580530,0.3062684,0.4477333
7,3.154167,27,1.66458342,0.2581293,0.3063526,0.4477832
7,3.158333,27,1.66562509,0.2582159,0.3064471,0.4478426
7,3.162500,27,1.66666675,0.2583023,0.3065418,0.4479017
7,3.166667,27,1.66770842,0.2583977,0.3066455,0.4479689
7,3.170833,27,1.66875009,0.2584931,0.3067493,0.4480357
7,3.175000,27,1.66979175,0.2585955,0.3068603,0.4481089
7,3.179167,27,1.67083342,0.2586978,0.3069714,0.4481816
7,3.183333,27,1.67187509,0.2588051,0.3070875,0.4482586
7,3.187500,27,1.67291675,0.2589124,0.3072038,0.4483353
7,3.191667,27,1.67395842,0.2590221,0.3073227,0.4484137
7,3.195833,27,1.67500009,0.2591317,0.3074416,0.4484916
7,3.200000,27,1.67604175,0.2592411,0.3075604,0.4485686
7,3.204167,27,1.67708342,0.2593504,0.3076793,0.4486451
7,3.208333,27,1.67812509,0.2594566,0.3077952,0.4487180
7,3.212500,27,1.67916675,0.2595627,0.3079112,0.4487903
7,3.216667,27,1.68020842,0.2596630,0.3080214,0.4488562
7,3.220833,27,1.68125009,0.2597632,0.3081317,0.4489214
7,3.225000,27,1.68229175,0.2598549,0.3082336,0.4489777
7,3.229167,27,1.68333342,0.2599464,0.3083355,0.4490333
7,3.233333,27,1.68437509,0.2600271,0.3084268,0.4490777
7,3.237500,27,1.68541675,0.2601077,0.3085180,0.4491213
7,3.241667,27,1.68645842,0.2601752,0.3085963,0.4491514
7,3.245833,27,1.68750009,0.2602428,0.3086747,0.4491810
7,3.250000,27,1.68854175,0.2602959,0.3087387,0.4491956
7,3.254167,27,1.68958342,0.2603489,0.3088028,0.4492096
7,3.258333,27,1.69062509,0.2603865,0.3088516,0.4492080
7,3.262500,27,1.69166675,0.2604241,0.3089004,0.4492058
7,3.266667,27,1.69270842,0.2604460,0.3089337,0.4491874
7,3.270833,27,1.69375009,0.2604679,0.3089671,0.4491684
7,3.275000,27,1.69479176,0.2604744,0.3089852,0.4491338
7,3.279167,27,1.69583342,0.2604810,0.3090035,0.4490986
7,3.283333,27,1.69687509,0.2604734,0.3090075,0.4490487
7,3.287500,27,1.69791676,0.2604659,0.3090117,0.4489986
7,3.291667,27,1.69895842,0.2604460,0.3090037,0.4489357
7,3.295833,27,1.70000009,0.2604261,0.3089957,0.4488727
7,3.300000,27,1.70104176,0.2603964,0.3089780,0.4487991
7,3.304167,27,1.70208342,0.2603667,0.3089602,0.4487252
7,3.308333,27,1.70312509,0.2603302,0.3089357,0.4486438
7,3.312500,27,1.70416676,0.2602937,0.3089112,0.4485623
7,3.316667,27,1.70520842,0.2602539,0.3088835,0.4484769
7,3.320833,27,1.70625009,0.2602141,0.3088557,0.4483911
7,3.325000,27,1.70729176,0.2601749,0.3088286,0.4483058
7,3.329167,27,1.70833342,0.2601357,0.3088014,0.4482201
7,3.333333,27,1.70937509,0.2601011,0.3087789,0.4481386
7,3.337500,27,1.71041676,0.2600665,0.3087562,0.4480566
7,3.341667,27,1.71145842,0.2600405,0.3087420,0.4479827
7,3.345833,27,1.71250009,0.2600145,0.3087279,0.4479083
7,3.350000,27,1.71354176,0.2600010,0.3087261,0.4478462
7,3.354167,27,1.71458342,0.2599876,0.3087243,0.4477837
7,3.358333,27,1.71562509,0.2599903,0.3087385,0.4477371
7,3.362500,27,1.71666676,0.2599929,0.3087526,0.4476902
7,3.366667,27,1.71770842,0.2600149,0.3087858,0.4476623
7,3.370833,27,1.71875009,0.2600367,0.3088188,0.4476338
7,3.375000,27,1.71979176,0.2600805,0.3088735,0.4476265
7,3.379167,27,1.72083342,0.2601242,0.3089280,0.4476188
7,3.383333,27,1.72187509,0.2601916,0.3090059,0.4476343
7,3.387500,27,1.72291676,0.2602590,0.3090836,0.4476496
7,3.391667,27,1.72395842,0.2603512,0.3091858,0.4476892
7,3.395833,27,1.72500009,0.2604433,0.3092877,0.4477287
7,3.400000,27,1.72604176,0.2605603,0.3094142,0.4477926
7,3.404167,27,1.72708342,0.2606772,0.3095404,0.4478557
7,3.408333,27,1.72812509,0.2608185,0.3096905,0.4479424
7,3.412500,27,1.72916676,0.2609598,0.3098402,0.4480287
7,3.416667,27,1.73020842,0.2611239,0.3100123,0.4481371
7,3.420833,27,1.73125009,0.2612879,0.3101840,0.4482450
7,3.425000,27,1.73229176,0.2614724,0.3103758,0.4483730
7,3.429167,27,1.73333342,0.2616569,0.3105671,0.4485009
7,3.433333,27,1.73437509,0.2618589,0.3107754,0.4486453
7,3.437500,27,1.73541676,0.2620610,0.3109832,0.4487890
7,3.441667,27,1.73645842,0.2622770,0.3112045,0.4489457
7,3.445833,27,1.73750009,0.2624930,0.3114251,0.4491014
7,3.450000,27,1.73854176,0.2627190,0.3116552,0.4492666
7,3.454167,27,1.73958342,0.2629451,0.3118847,0.4494311
7,3.458333,27,1.74062509,0.2631770,0.3121193,0.4496006
7,3.462500,27,1.74166676,0.2634088,0.3123532,0.4497693
7,3.466667,27,1.74270842,0.2636422,0.3125879,0.4499389
7,3.470833,27,1.74375009,0.2638755,0.3128218,0.4501069
7,3.475000,27,1.74479176,0.2641063,0.3130522,0.4502710
7,3.479167,27,1.74583342,0.2643370,0.3132817,0.4504339
7,3.483333,27,1.74687509,0.2645611,0.3135037,0.4505889
7,3.487500,27,1.74791676,0.2647851,0.3137249,0.4507427
7,3.491667,27,1.74895842,0.2649991,0.3139350,0.4508854
7,3.495833,27,1.75000009,0.2652130,0.3141441,0.4510270
7,3.500000,27,1.75104176,0.2654139,0.3143391,0.4511540
7,3.504167,27,1.75208342,0.2656147,0.3145330,0.4512789
7,3.508333,27,1.75312509,0.2658002,0.3147103,0.4513867
7,3.512500,27,1.75416676,0.2659857,0.3148865,0.4514924
7,3.516667,27,1.75520842,0.2661542,0.3150446,0.4515797
7,3.520833,27,1.75625009,0.2663228,0.3152015,0.4516648
7,3.525000,27,1.75729176,0.2664736,0.3153393,0.4517307
7,3.529167,27,1.75833343,0.2666244,0.3154759,0.4517947
7,3.533333,27,1.75937509,0.2667573,0.3155934,0.4518388
7,3.537500,27,1.76041676,0.2668903,0.3157093,0.4518801
7,3.541667,27,1.76145843,0.2670062,0.3158066,0.4519014
7,3.545833,27,1.76250009,0.2671221,0.3159025,0.4519202
7,3.550000,27,1.76354176,0.2672220,0.3159809,0.4519205
7,3.554167,27,1.76458343,0.2673220,0.3160578,0.4519182
7,3.558333,27,1.76562509,0.2674079,0.3161190,0.4518991
7,3.562500,27,1.76666676,0.2674937,0.3161785,0.4518775
7,3.566667,27,1.76770843,0.2675675,0.3162244,0.4518407
7,3.570833,27,1.76875009,0.2676413,0.3162684,0.4518003
7,3.575000,27,1.76979176,0.2677053,0.3163008,0.4517466
7,3.579167,27,1.77083343,0.2677693,0.3163313,0.4516889
7,3.583333,27,1.77187509,0.2678257,0.3163523,0.4516201
7,3.587500,27,1.77291676,0.2678820,0.3163714,0.4515481
7,3.591667,27,1.77395843,0.2679329,0.3163832,0.4514666
7,3.595833,27,1.77500009,0.2679837,0.3163929,0.4513818
7,3.600000,27,1.77604176,0.2680305,0.3163967,0.4512887
7,3.604167,27,1.77708343,0.2680773,0.3163983,0.4511910
7,3.608333,27,1.77812509,0.2681211,0.3163947,0.4510855
7,3.612500,27,1.77916676,0.2681649,0.3163889,0.4509753
7,3.616667,27,1.78020843,0.2682061,0.3163782,0.4508578
7,3.620833,27,1.78125009,0.2682472,0.3163654,0.4507357
7,3.625000,27,1.78229176,0.2682850,0.3163472,0.4506060
7,3.629167,27,1.78333343,0.2683228,0.3163267,0.4504718
7,3.633333,27,1.78437509,0.2683559,0.3162993,0.4503277
7,3.637500,27,1.78541676,0.2683889,0.3162694,0.4501778
7,3.641667,27,1.78645843,0.2684148,0.3162298,0.4500149
7,3.645833,27,1.78750009,0.2684407,0.3161877,0.4498464
7,3.650000,27,1.78854176,0.2684560,0.3161328,0.4496616
7,3.654167,27,1.78958343,0.2684712,0.3160754,0.4494714
7,3.658333,27,1.79062509,0.2684717,0.3160008,0.4492610
7,3.662500,27,1.79166676,0.2684721,0.3159239,0.4490452
7,3.666667,27,1.79270843,0.2684526,0.3158247,0.4488037
7,3.670833,27,1.79375009,0.2684332,0.3157228,0.4485553
7,3.675000,27,1.79479176,0.2683882,0.3155928,0.4482748
7,3.679167,27,1.79583343,0.2683432,0.3154602,0.4479878
7,3.683333,27,1.79687509,0.2682666,0.3152934,0.4476628
7,3.687500,27,1.79791676,0.2681901,0.3151242,0.4473315
7,3.691667,27,1.79895843,0.2680755,0.3149146,0.4469564
7,3.695833,27,1.80000009,0.2679609,0.3147026,0.4465752
7,3.700000,27,1.80104176,0.2678021,0.3144438,0.4461431
7,3.704167,27,1.80208343,0.2676433,0.3141822,0.4457036
7,3.708333,27,1.80312509,0.2674341,0.3138678,0.4452068
7,3.712500,27,1.80416676,0.2672249,0.3135507,0.4447028
7,3.716667,27,1.80520843,0.2669598,0.3131752,0.4441362
7,3.720833,27,1.80625009,0.2666948,0.3127972,0.4435626
7,3.725000,27,1.80729176,0.2663689,0.3123561,0.4429221
7,3.729167,27,1.80833343,0.2660430,0.3119128,0.4422755
7,3.733333,27,1.80937509,0.2656525,0.3114024,0.4415574
7,3.737500,27,1.81041676,0.2652620,0.3108893,0.4408316
7,3.741667,27,1.81145843,0.2648040,0.3103063,0.4400311
7,3.745833,27,1.81250009,0.2643460,0.3097207,0.4392233
7,3.750000,27,1.81354176,0.2638189,0.3090639,0.4383398
7,3.754167,27,1.81458343,0.2632919,0.3084047,0.4374495
7,3.758333,27,1.81562509,0.2626957,0.3076743,0.4364840
7,3.762500,27,1.81666676,0.2620994,0.3069417,0.4355124
7,3.766667,27,1.81770843,0.2614351,0.3061391,0.4344663
7,3.770833,27,1.81875009,0.2607708,0.3053340,0.4334129
7,3.775000,27,1.81979176,0.2600410,0.3044612,0.4322869
7,3.779167,27,1.82083343,0.2593111,0.3035861,0.4311542
7,3.783333,27,1.82187510,0.2585196,0.3026475,0.4299535
7,3.787500,27,1.82291676,0.2577282,0.3017069,0.4287468
7,3.791667,27,1.82395843,0.2568802,0.3007080,0.4274778
7,3.795833,27,1.82500010,0.2560321,0.2997074,0.4262037
7,3.800000,27,1.82604176,0.2551335,0.2986546,0.4248733
7,3.804167,27,1.82708343,0.2542350,0.2975999,0.4235363
7,3.808333,27,1.82812510,0.2532929,0.2964997,0.4221497
7,3.812500,27,1.82916676,0.2523509,0.2953978,0.4207573
7,3.816667,27,1.83020843,0.2513729,0.2942585,0.4193236
7,3.820833,27,1.83125010,0.2503948,0.2931176,0.4178848
7,3.825000,27,1.83229176,0.2493888,0.2919475,0.4164134
7,3.829167,27,1.83333343,0.2483826,0.2907761,0.4149380
7,3.833333,27,1.83437510,0.2473565,0.2895836,0.4134380
7,3.837500,27,1.83541676,0.2463304,0.2883895,0.4119328
7,3.841667,27,1.83645843,0.2452921,0.2871821,0.4104109
7,3.845833,27,1.83750010,0.2442539,0.2859734,0.4088844
7,3.850000,27,1.83854176,0.2432111,0.2847592,0.4073494
7,3.854167,27,1.83958343,0.2421683,0.2835440,0.4058109
7,3.858333,27,1.84062510,0.2411278,0.2823305,0.4042713
7,3.862500,27,1.84166676,0.2400872,0.2811163,0.4027296
7,3.866667,27,1.84270843,0.2390552,0.2799100,0.4011932
7,3.870833,27,1.84375010,0.2380230,0.2787027,0.3996534
7,3.875000,27,1.84479176,0.2370044,0.2775084,0.3981241
7,3.879167,27,1.84583343,0.2359858,0.2763133,0.3965918
7,3.883333,27,1.84687510,0.2349849,0.2751356,0.3950753
7,3.887500,27,1.84791676,0.2339840,0.2739576,0.3935568
7,3.891667,27,1.84895843,0.2330036,0.2727999,0.3920575
7,3.895833,27,1.85000010,0.2320231,0.2716422,0.3905574
7,3.900000,27,1.85104176,0.2310651,0.2705068,0.3890783
7,3.904167,27,1.85208343,0.2301071,0.2693712,0.3875978
7,3.908333,27,1.85312510,0.2291721,0.2682587,0.3861396
7,3.912500,27,1.85416676,0.2282371,0.2671461,0.3846805
7,3.916667,27,1.85520843,0.2273248,0.2660565,0.3832437
7,3.920833,27,1.85625010,0.2264125,0.2649671,0.3818070
7,3.925000,27,1.85729176,0.2255217,0.2638997,0.3803921
7,3.929167,27,1.85833343,0.2246309,0.2628326,0.3789780
7,3.933333,27,1.85937510,0.2237595,0.2617857,0.3775844
7,3.937500,27,1.86041676,0.2228881,0.2607390,0.3761911
7,3.941667,27,1.86145843,0.2220337,0.2597100,0.3748159
7,3.945833,27,1.86250010,0.2211793,0.2586815,0.3734416
7,3.950000,27,1.86354176,0.2203388,0.2576678,0.3720831
7,3.954167,27,1.86458343,0.2194983,0.2566548,0.3707262
7,3.958333,27,1.86562510,0.2186686,0.2556536,0.3693825
7,3.962500,27,1.86666676,0.2178390,0.2546534,0.3680412
7,3.966667,27,1.86770843,0.2170171,0.2536619,0.3667101
7,3.970833,27,1.86875010,0.2161951,0.2526715,0.3653815
7,3.975000,27,1.86979176,0.2153781,0.2516870,0.3640608
7,3.979167,27,1.87083343,0.2145610,0.2507035,0.3627429
7,3.983333,27,1.87187510,0.2137465,0.2497238,0.3614308
7,3.987500,27,1.87291676,0.2129318,0.2487452,0.3601220
7,3.991667,27,1.87395843,0.2121177,0.2477685,0.3588174
7,3.995833,27,1.87500010,0.2113035,0.2467932,0.3575166
7,4.000000,27,1.87604176,0.2104886,0.2458185,0.3562193
7,4.004167,27,1.87708343,0.2096736,0.2448453,0.3549262
7,4.008333,27,1.87812510,0.2088573,0.2438723,0.3536360
7,4.012500,27,1.87916676,0.2080410,0.2429007,0.3523505
7,4.016667,27,1.88020843,0.2072235,0.2419295,0.3510681
7,4.020833,27,1.88125010,0.2064061,0.2409600,0.3497908
7,4.025000,27,1.88229176,0.2055884,0.2399919,0.3485181
7,4.029167,27,1.88333343,0.2047707,0.2390255,0.3472503
7,4.033333,27,1.88437510,0.2039545,0.2380622,0.3459891
7,4.037500,27,1.88541676,0.2031383,0.2371007,0.3447337
7,4.041667,27,1.88645843,0.2023259,0.2361450,0.3434877
7,4.045833,27,1.88750010,0.2015136,0.2351909,0.3422474
7,4.050000,27,1.88854177,0.2007079,0.2342455,0.3410192
7,4.054167,27,1.88958343,0.1999021,0.2333017,0.3397968
7,4.058333,27,1.89062510,0.1991063,0.2323698,0.3385899
7,4.062500,27,1.89166677,0.1983105,0.2314396,0.3373887
7,4.066667,27,1.89270843,0.1975281,0.2305248,0.3362070
7,4.070833,27,1.89375010,0.1967457,0.2296120,0.3350318
7,4.075000,27,1.89479177,0.1959803,0.2287184,0.3338802
7,4.079167,27,1.89583343,0.1952150,0.2278266,0.3327349
7,4.083333,27,1.89687510,0.1944702,0.2269575,0.3316166
7,4.087500,27,1.89791677,0.1937255,0.2260902,0.3305043
7,4.091667,27,1.89895843,0.1930047,0.2252488,0.3294222
7,4.095833,27,1.90000010,0.1922839,0.2244092,0.3283457
7,4.100000,27,1.90104177,0.1915901,0.2235988,0.3273031
7,4.104167,27,1.90208343,0.1908962,0.2227902,0.3262670
7,4.108333,27,1.90312510,0.1902320,0.2220135,0.3252679
7,4.112500,27,1.90416677,0.1895677,0.2212387,0.3242751
7,4.116667,27,1.90520843,0.1889349,0.2204977,0.3233206
7,4.120833,27,1.90625010,0.1883022,0.2197583,0.3223721
7,4.125000,27,1.90729177,0.1877024,0.2190539,0.3214628
7,4.129167,27,1.90833343,0.1871026,0.2183512,0.3205594
7,4.133333,27,1.90937510,0.1865363,0.2176842,0.3196962
7,4.137500,27,1.91041677,0.1859702,0.2170193,0.3188401
7,4.141667,27,1.91145843,0.1854377,0.2163903,0.3180247
7,4.145833,27,1.91250010,0.1849053,0.2157630,0.3172156
7,4.150000,27,1.91354177,0.1844060,0.2151713,0.3164466
7,4.154167,27,1.91458343,0.1839068,0.2145811,0.3156834
7,4.158333,27,1.91562510,0.1834395,0.2140249,0.3149582
7,4.162500,27,1.91666677,0.1829723,0.2134702,0.3142383
7,4.166667,27,1.91770843,0.1825355,0.2129481,0.3135554
7,4.170833,27,1.91875010,0.1820986,0.2124278,0.3128792
7,4.175000,27,1.91979177,0.1816901,0.2119380,0.3122380
7,4.179167,27,1.92083343,0.1812816,0.2114500,0.3116030
7,4.183333,27,1.92187510,0.1808992,0.2109899,0.3110002
7,4.187500,27,1.92291677,0.1805167,0.2105314,0.3104028
7,4.191667,27,1.92395843,0.1801578,0.2100982,0.3098345
7,4.195833,27,1.92500010,0.1797989,0.2096665,0.3092711
7,4.200000,27,1.92604177,0.1794609,0.2092576,0.3087346
7,4.204167,27,1.92708343,0.1791230,0.2088505,0.3082042
7,4.208333,27,1.92812510,0.1788035,0.2084639,0.3076985
7,4.212500,27,1.92916677,0.1784840,0.2080787,0.3071983
7,4.216667,27,1.93020843,0.1781808,0.2077115,0.3067198
7,4.220833,27,1.93125010,0.1778775,0.2073458,0.3062463
7,4.225000,27,1.93229177,0.1775883,0.2069958,0.3057918
7,4.229167,27,1.93333343,0.1772992,0.2066471,0.3053415
7,4.233333,27,1.93437510,0.1770225,0.2063126,0.3049090
7,4.237500,27,1.93541677,0.1767459,0.2059797,0.3044819
7,4.241667,27,1.93645843,0.1764804,0.2056596,0.3040715
7,4.245833,27,1.93750010,0.1762148,0.2053410,0.3036660
7,4.250000,27,1.93854177,0.1759597,0.2050343,0.3032756
7,4.254167,27,1.93958343,0.1757045,0.2047288,0.3028893
7,4.258333,27,1.94062510,0.1754593,0.2044347,0.3025172
7,4.262500,27,1.94166677,0.1752141,0.2041416,0.3021486
7,4.266667,27,1.94270843,0.1749788,0.2038600,0.3017944
7,4.270833,27,1.94375010,0.1747435,0.2035797,0.3014448
7,4.275000,27,1.94479177,0.1745185,0.2033114,0.3011103
7,4.279167,27,1.94583343,0.1742936,0.2030442,0.3007798
7,4.283333,27,1.94687510,0.1740797,0.2027896,0.3004645
7,4.287500,27,1.94791677,0.1738659,0.2025360,0.3001527
7,4.291667,27,1.94895843,0.1736641,0.2022957,0.2998564
7,4.295833,27,1.95000010,0.1734623,0.2020561,0.2995628
7,4.300000,27,1.95104177,0.1732737,0.2018313,0.2992859
7,4.304167,27,1.95208344,0.1730852,0.2016075,0.2990131
7,4.308333,27,1.95312510,0.1729112,0.2013997,0.2987588
7,4.312500,27,1.95416677,0.1727372,0.2011928,0.2985078
7,4.316667,27,1.95520844,0.1725788,0.2010029,0.2982758
7,4.320833,27,1.95625010,0.1724205,0.2008137,0.2980463
7,4.325000,27,1.95729177,0.1722791,0.2006426,0.2978366
7,4.329167,27,1.95833344,0.1721376,0.2004722,0.2976291
7,4.333333,27,1.95937510,0.1720141,0.2003208,0.2974421
7,4.337500,27,1.96041677,0.1718904,0.2001701,0.2972582
7,4.341667,27,1.96145844,0.1717852,0.2000393,0.2970960
7,4.345833,27,1.96250010,0.1716801,0.1999092,0.2969364
7,4.350000,27,1.96354177,0.1715937,0.1997991,0.2967983
7,4.354167,27,1.96458344,0.1715074,0.1996895,0.2966621
7,4.358333,27,1.96562510,0.1714399,0.1995998,0.2965470
7,4.362500,27,1.96666677,0.1713724,0.1995105,0.2964332
7,4.366667,27,1.96770844,0.1713233,0.1994407,0.2963403
7,4.370833,27,1.96875010,0.1712741,0.1993716,0.2962494
7,4.375000,27,1.96979177,0.1712426,0.1993212,0.2961789
7,4.379167,27,1.97083344,0.1712110,0.1992713,0.2961101
7,4.383333,27,1.97187510,0.1711958,0.1992388,0.2960599
7,4.387500,27,1.97291677,0.1711807,0.1992067,0.2960108
7,4.391667,27,1.97395844,0.1711802,0.1991904,0.2959785
7,4.395833,27,1.97500010,0.1711798,0.1991744,0.2959470
7,4.400000,27,1.97604177,0.1711923,0.1991722,0.2959301
7,4.404167,27,1.97708344,0.1712048,0.1991704,0.2959148
7,4.408333,27,1.97812510,0.1712280,0.1991805,0.2959122
7,4.412500,27,1.97916677,0.1712512,0.1991909,0.2959110
7,4.416667,27,1.98020844,0.1712828,0.1992107,0.2959199
7,4.420833,27,1.98125010,0.1713144,0.1992307,0.2959294
7,4.425000,27,1.98229177,0.1713519,0.1992575,0.2959462
7,4.429167,27,1.98333344,0.1713894,0.1992846,0.2959636
7,4.433333,27,1.98437510,0.1714304,0.1993160,0.2959857
7,4.437500,27,1.98541677,0.1714713,0.1993477,0.2960090
7,4.441667,27,1.98645844,0.1715133,0.1993814,0.2960348
7,4.445833,27,1.98750010,0.1715552,0.1994152,0.2960612
7,4.450000,27,1.98854177,0.1715958,0.1994487,0.2960877
7,4.454167,27,1.98958344,0.1716365,0.1994823,0.2961146
7,4.458333,27,1.99062510,0.1716737,0.1995133,0.2961391
7,4.462500,27,1.99166677,0.1717108,0.1995445,0.2961637
7,4.466667,27,1.99270844,0.1717427,0.1995711,0.2961839
7,4.470833,27,1.99375010,0.1717746,0.1995980,0.2962046
7,4.475000,27,1.99479177,0.1717997,0.1996189,0.2962195
7,4.479167,27,1.99583344,0.1718247,0.1996400,0.2962349
7,4.483333,27,1.99687510,0.1718417,0.1996538,0.2962433
7,4.487500,27,1.99791677,0.1718587,0.1996678,0.2962521
7,4.491667,27,1.99895844,0.1718669,0.1996737,0.2962533
7,4.495833,27,2.00000010,0.1718750,0.1996796,0.2962552
7,4.500000,27,2.00104177,0.1718739,0.1996771,0.2962464
7,4.504167,27,2.00208344,0.1718728,0.1996747,0.2962384
7,4.508333,27,2.00312510,0.1718623,0.1996638,0.2962224
7,4.512500,27,2.00416677,0.1718518,0.1996530,0.2962068
7,4.516667,27,2.00520844,0.1718324,0.1996339,0.2961830
7,4.520833,27,2.00625010,0.1718129,0.1996150,0.2961593
7,4.525000,27,2.00729177,0.1717850,0.1995884,0.2961279
7,4.529167,27,2.00833344,0.1717572,0.1995618,0.2960958
7,4.533333,27,2.00937510,0.1717219,0.1995287,0.2960572
7,4.537500,27,2.01041677,0.1716866,0.1994955,0.2960184
7,4.541667,27,2.01145844,0.1716451,0.1994570,0.2959739
7,4.545833,27,2.01250010,0.1716036,0.1994186,0.2959296
7,4.550000,27,2.01354177,0.1715573,0.1993760,0.2958809
7,4.554167,27,2.01458344,0.1715109,0.1993334,0.2958320
7,4.558333,27,2.01562511,0.1714613,0.1992883,0.2957804
7,4.562500,27,2.01666677,0.1714116,0.1992432,0.2957286
7,4.566667,27,2.01770844,0.1713602,0.1991971,0.2956754
7,4.570833,27,2.01875011,0.1713088,0.1991510,0.2956220
7,4.575000,27,2.01979177,0.1712572,0.1991056,0.2955692
7,4.579167,27,2.02083344,0.1712057,0.1990602,0.2955161
7,4.583333,27,2.02187511,0.1711555,0.1990170,0.2954650
7,4.587500,27,2.02291677,0.1711054,0.1989738,0.2954134
7,4.591667,27,2.02395844,0.1710581,0.1989343,0.2953653
7,4.595833,27,2.02500011,0.1710109,0.1988947,0.2953169
7,4.600000,27,2.02604177,0.1709678,0.1988602,0.2952731
7,4.604167,27,2.02708344,0.1709248,0.1988257,0.2952293
7,4.608333,27,2.02812511,0.1708872,0.1987973,0.2951911
7,4.612500,27,2.02916677,0.1708496,0.1987690,0.2951527
7,4.616667,27,2.03020844,0.1708182,0.1987477,0.2951209
7,4.620833,27,2.03125011,0.1707869,0.1987264,0.2950889
7,4.625000,27,2.03229177,0.1707627,0.1987129,0.2950645
7,4.629167,27,2.03333344,0.1707384,0.1986994,0.2950396
7,4.633333,27,2.03437511,0.1707217,0.1986942,0.2950226
7,4.637500,27,2.03541677,0.1707050,0.1986890,0.2950052
7,4.641667,27,2.03645844,0.1706960,0.1986924,0.2949963
7,4.645833,27,2.03750011,0.1706872,0.1986959,0.2949870
7,4.650000,27,2.03854177,0.1706862,0.1987080,0.2949860
7,4.654167,27,2.03958344,0.1706855,0.1987204,0.2949849
7,4.658333,27,2.04062511,0.1706931,0.1987419,0.2949926
7,4.662500,27,2.04166677,0.1707016,0.1987643,0.2950007
7,4.666667,27,2.04270844,0.1707185,0.1987958,0.2950177
7,4.670833,27,2.04375011,0.1707367,0.1988286,0.2950354
7,4.675000,27,2.04479177,0.1707629,0.1988702,0.2950618
7,4.679167,27,2.04583344,0.1707905,0.1989132,0.2950889
7,4.683333,27,2.04687511,0.1708254,0.1989643,0.2951241
7,4.687500,27,2.04791677,0.1708617,0.1990168,0.2951601
7,4.691667,27,2.04895844,0.1709042,0.1990762,0.2952027
7,4.695833,27,2.05000011,0.1709478,0.1991368,0.2952461
7,4.700000,27,2.05104177,0.1709964,0.1992030,0.2952947
7,4.704167,27,2.05208344,0.1710456,0.1992700,0.2953438
7,4.708333,27,2.05312511,0.1710984,0.1993412,0.2953967
7,4.712500,27,2.05416677,0.1710335,0.1992948,0.2953316
7,4.716667,27,2.05520844,0.1710751,0.1993558,0.2953734
7,4.720833,27,2.05625011,0.1711167,0.1994167,0.2954148
7,4.725000,27,2.05729177,0.1711597,0.1994797,0.2954579
7,4.729167,27,2.05833344,0.1712026,0.1995427,0.2955006
7,4.733333,27,2.05937511,0.1712461,0.1996070,0.2955443
7,4.737500,27,2.06041677,0.1712895,0.1996713,0.2955875
7,4.741667,27,2.06145844,0.1713325,0.1997359,0.2956306
7,4.745833,27,2.06250011,0.1713756,0.1998005,0.2956734
7,4.750000,27,2.06354177,0.1714175,0.1998648,0.2957154
7,4.754167,27,2.06458344,0.1714593,0.1999291,0.2957570
7,4.758333,27,2.06562511,0.1714993,0.1999923,0.2957972
7,4.762500,27,2.06666677,0.1715393,0.2000555,0.2958370
7,4.766667,27,2.06770844,0.1715769,0.2001169,0.2958746
7,4.770833,27,2.06875011,0.1716144,0.2001784,0.2959119
7,4.775000,27,2.06979177,0.1716490,0.2002378,0.2959467
7,4.779167,27,2.07083344,0.1716837,0.2002971,0.2959811
7,4.783333,27,2.07187511,0.1717150,0.2003540,0.2960126
7,4.787500,27,2.07291677,0.1717463,0.2004109,0.2960438
7,4.791667,27,2.07395844,0.1717741,0.2004649,0.2960716
7,4.795833,27,2.07500011,0.1718019,0.2005190,0.2960991
7,4.800000,27,2.07604177,0.1718261,0.2005703,0.2961234
7,4.804167,27,2.07708344,0.1718502,0.2006216,0.2961473
7,4.808333,27,2.07812511,0.1718706,0.2006699,0.2961679
7,4.812500,27,2.07916678,0.1718911,0.2007183,0.2961881
7,4.816667,27,2.08020844,0.1719079,0.2007638,0.2962051
7,4.820833,27,2.08125011,0.1719248,0.2008093,0.2962217
7,4.825000,27,2.08229178,0.1719382,0.2008522,0.2962352
7,4.829167,27,2.08333344,0.1719516,0.2008951,0.2962483
7,4.833333,27,2.08437511,0.1719618,0.2009355,0.2962587
7,4.837500,27,2.08541678,0.1719719,0.2009759,0.2962687
7,4.841667,27,2.08645844,0.1719792,0.2010143,0.2962761
7,4.845833,27,2.08750011,0.1719865,0.2010525,0.2962830
7,4.850000,27,2.08854178,0.1719913,0.2010891,0.2962880
7,4.854167,27,2.08958344,0.1719960,0.2011258,0.2962926
7,4.858333,27,2.09062511,0.1719986,0.2011610,0.2962954
7,4.862500,27,2.09166678,0.1720013,0.2011963,0.2962978
7,4.866667,27,2.09270844,0.1720023,0.2012306,0.2962990
7,4.870833,27,2.09375011,0.1720032,0.2012650,0.2962998
7,4.875000,27,2.09479178,0.1720030,0.2012990,0.2962997
7,4.879167,27,2.09583344,0.1720029,0.2013330,0.2962993
7,4.883333,27,2.09687511,0.1720021,0.2013671,0.2962987
7,4.887500,27,2.09791678,0.1720013,0.2014013,0.2962978
7,4.891667,27,2.09895844,0.1720006,0.2014364,0.2962972
7,4.895833,22,2.10000011,0.1720000,0.2014714,0.2962964
7,4.900000,22,2.10104178,0.1720000,0.2014713,0.2962964
7,4.904167,22,2.10208344,0.1720000,0.2014712,0.2962962
7,4.908333,22,2.10312511,0.1720000,0.2014712,0.2962960
7,4.912500,22,2.10416678,0.1720000,0.2014714,0.2962960
7,4.916667,22,2.10520844,0.1720000,0.2014719,0.2962959
7,4.920833,22,2.10625011,0.1720000,0.2014727,0.2962959
7,4.925000,22,2.10729178,0.1720000,0.2014742,0.2962957
7,4.929167,22,2.10833344,0.1720000,0.2014764,0.2962957
7,4.933333,22,2.10937511,0.1720000,0.2014796,0.2962956
7,4.937500,22,2.11041678,0.1720000,0.2014839,0.2962954
7,4.941667,22,2.11145844,0.1720000,0.2014897,0.2962954
7,4.945833,22,2.11250011,0.1720000,0.2014970,0.2962953
7,4.950000,22,2.11354178,0.1720000,0.2015061,0.2962953
7,4.954167,22,2.11458344,0.1720000,0.2015173,0.2962953
7,4.958333,22,2.11562511,0.1720000,0.2015306,0.2962952
7,4.962500,22,2.11666678,0.1720000,0.2015464,0.2962952
7,4.966667,22,2.11770844,0.1720000,0.2015648,0.2962952
7,4.970833,22,2.11875011,0.1720000,0.2015860,0.2962952
7,4.975000,22,2.11979178,0.1720000,0.2016102,0.2962953
7,4.979167,22,2.12083344,0.1720000,0.2016374,0.2962953
7,4.983333,22,2.12187511,0.1720000,0.2016679,0.2962954
7,4.987500,22,2.12291678,0.1720000,0.2017016,0.2962953
7,4.991667,22,2.12395844,0.1720000,0.2017388,0.2962955
7,4.995833,22,2.12500011,0.1720000,0.2017794,0.2962955
