clip,time,pelvis_x,pelvis_y,head_y,head_speed,heel_drift,sole
14,0.000000,0.0000000,0.0734999,0.7031239,0.000000,0.0000000,0.0045001
14,0.004167,0.0000000,0.0734999,0.7031239,0.000000,0.0000001,0.0045001
14,0.008333,0.0000000,0.0734999,0.7031239,0.000000,0.0000001,0.0045001
14,0.012500,0.0000000,0.0734999,0.7031239,0.000014,0.0000001,0.0045001
14,0.016667,0.0000000,0.0734999,0.7031240,0.000014,0.0000001,0.0045001
14,0.020833,0.0000000,0.0734999,0.7031241,0.000029,0.0000001,0.0045001
14,0.025000,0.0000000,0.0734999,0.7031243,0.000057,0.0000002,0.0045000
14,0.029167,0.0000000,0.0734999,0.7031247,0.000086,0.0000002,0.0045000
14,0.033333,0.0000000,0.0734999,0.7031251,0.000086,0.0000001,0.0045001
14,0.037500,0.0000000,0.0734999,0.7031259,0.000200,0.0000001,0.0045001
14,0.041667,0.0000000,0.0734999,0.7031267,0.000186,0.0000001,0.0045001
14,0.045833,0.0000000,0.0734999,0.7031280,0.000329,0.0000002,0.0045000
14,0.050000,0.0000000,0.0734999,0.7031294,0.000329,0.0000001,0.0045001
14,0.054167,0.0000000,0.0734999,0.7031315,0.000501,0.0000001,0.0045001
14,0.058333,0.0000000,0.0734999,0.7031336,0.000515,0.0000001,0.0045001
14,0.062500,0.0000000,0.0734999,0.7031367,0.000744,0.0000001,0.0045001
14,0.066667,0.0000000,0.0734999,0.7031398,0.000744,0.0000001,0.0045001
14,0.070833,0.0000000,0.0734999,0.7031441,0.001030,0.0000001,0.0045001
14,0.075000,0.0000000,0.0734999,0.7031484,0.001030,0.0000001,0.0045001
14,0.079167,0.0000000,0.0734999,0.7031541,0.001359,0.0000001,0.0045001
14,0.083333,0.0000000,0.0734999,0.7031597,0.001345,0.0000001,0.0045001
14,0.087500,0.0000000,0.0734999,0.7031669,0.001731,0.0000001,0.0045001
14,0.091667,0.0000000,0.0734999,0.7031741,0.001717,0.0000001,0.0045001
14,0.095833,0.0000000,0.0734999,0.7031829,0.002131,0.0000001,0.0045001
14,0.100000,0.0000000,0.0734999,0.7031918,0.002131,0.0000001,0.0045001
14,0.104167,0.0000000,0.0734999,0.7032025,0.002575,0.0000001,0.0045001
14,0.108333,0.0000000,0.0734999,0.7032133,0.002575,0.0000001,0.0045001
14,0.112500,0.0000000,0.0734999,0.7032260,0.003047,0.0000001,0.0045001
14,0.116667,0.0000000,0.0734999,0.7032387,0.003047,0.0000001,0.0045001
14,0.120833,0.0000000,0.0734999,0.7032534,0.003533,0.0000001,0.0045001
14,0.125000,0.0000000,0.0734999,0.7032681,0.003533,0.0000001,0.0045001
14,0.129167,0.0000000,0.0734999,0.7032849,0.004034,0.0000001,0.0045001
14,0.133333,0.0000000,0.0734999,0.7033017,0.004034,0.0000001,0.0045001
14,0.137500,0.0000000,0.0734999,0.7033206,0.004535,0.0000001,0.0045001
14,0.141667,0.0000000,0.0734999,0.7033395,0.004535,0.0000001,0.0045001
14,0.145833,0.0000000,0.0734999,0.7033606,0.005050,0.0000001,0.0045001
14,0.150000,0.0000000,0.0734999,0.7033815,0.005035,0.0000001,0.0045001
14,0.154167,0.0000000,0.0734999,0.7034046,0.005536,0.0000001,0.0045001
14,0.158333,0.0000000,0.0734999,0.7034276,0.005522,0.0000001,0.0045001
14,0.162500,0.0000000,0.0734999,0.7034526,0.005994,0.0000001,0.0045001
14,0.166667,0.0000000,0.0734999,0.7034775,0.005980,0.0000001,0.0045001
14,0.170833,0.0000000,0.0734999,0.7035043,0.006437,0.0000001,0.0045001
14,0.175000,0.0000000,0.0734999,0.7035311,0.006423,0.0000001,0.0045001
14,0.179167,0.0000000,0.0734999,0.7035595,0.006824,0.0000001,0.0045001
14,0.183333,0.0000000,0.0734999,0.7035879,0.006824,0.0000001,0.0045001
14,0.187500,0.0000000,0.0734999,0.7036178,0.007167,0.0000001,0.0045001
14,0.191667,0.0000000,0.0734999,0.7036477,0.007167,0.0000001,0.0045001
14,0.195833,0.0000000,0.0734999,0.7036788,0.007482,0.0000001,0.0045001
14,0.200000,0.0000000,0.0734999,0.7037100,0.007467,0.0000001,0.0045001
14,0.204167,0.0000000,0.0734999,0.7037421,0.007710,0.0000001,0.0045001
14,0.208333,0.0000000,0.0734999,0.7037742,0.007696,0.0000001,0.0045001
14,0.212500,0.0000000,0.0734999,0.7038070,0.007882,0.0000001,0.0045001
14,0.216667,0.0000000,0.0734999,0.7038398,0.007882,0.0000001,0.0045001
14,0.220833,0.0000000,0.0734999,0.7038732,0.007997,0.0000001,0.0045001
14,0.225000,0.0000000,0.0734999,0.7039064,0.007982,0.0000001,0.0045001
14,0.229167,0.0000000,0.0734999,0.7039399,0.008039,0.0000001,0.0045001
14,0.233333,0.0000000,0.0734999,0.7039734,0.008039,0.0000001,0.0045001
14,0.237500,0.0000000,0.0734999,0.7040067,0.007982,0.0000001,0.0045001
14,0.241667,0.0000000,0.0734999,0.7040401,0.008011,0.0000001,0.0045001
14,0.245833,0.0000000,0.0734999,0.7040730,0.007896,0.0000001,0.0045001
14,0.250000,0.0000000,0.0734999,0.7041059,0.007896,0.0000001,0.0045001
14,0.254167,0.0000000,0.0734999,0.7041380,0.007725,0.0000001,0.0045001
14,0.258333,0.0000000,0.0734999,0.7041702,0.007710,0.0000001,0.0045001
14,0.262500,0.0000000,0.0734999,0.7042015,0.007510,0.0000001,0.0045001
14,0.266667,0.0000000,0.0734999,0.7042326,0.007482,0.0000001,0.0045001
14,0.270833,0.0000000,0.0734999,0.7042626,0.007195,0.0000001,0.0045001
14,0.275000,0.0000000,0.0734999,0.7042926,0.007195,0.0000001,0.0045001
14,0.279167,0.0000000,0.0734999,0.7043211,0.006852,0.0000001,0.0045001
14,0.283333,0.0000000,0.0734999,0.7043498,0.006866,0.0000001,0.0045001
14,0.287500,0.0000000,0.0734999,0.7043767,0.006466,0.0000001,0.0045001
14,0.291667,0.0000000,0.0734999,0.7044037,0.006480,0.0000001,0.0045001
14,0.295833,0.0000000,0.0734999,0.7044290,0.006065,0.0000001,0.0045001
14,0.300000,0.0000000,0.0734999,0.7044542,0.006051,0.0000001,0.0045001
14,0.304167,0.0000000,0.0734999,0.7044777,0.005651,0.0000001,0.0045001
14,0.308333,0.0000000,0.0734999,0.7045012,0.005636,0.0000001,0.0045001
14,0.312500,0.0000000,0.0734999,0.7045230,0.005221,0.0000001,0.0045001
14,0.316667,0.0000000,0.0734999,0.7045447,0.005221,0.0000001,0.0045001
14,0.320833,0.0000000,0.0734999,0.7045649,0.004835,0.0000001,0.0045001
14,0.325000,0.0000000,0.0734999,0.7045850,0.004835,0.0000001,0.0045001
14,0.329167,0.0000000,0.0734999,0.7046037,0.004492,0.0000001,0.0045001
14,0.333333,0.0000000,0.0734999,0.7046224,0.004478,0.0000001,0.0045001
14,0.337500,0.0000000,0.0734999,0.7046400,0.004220,0.0000001,0.0045001
14,0.341667,0.0000000,0.0734999,0.7046576,0.004234,0.0000001,0.0045001
14,0.345833,0.0000000,0.0734999,0.7046745,0.004048,0.0000001,0.0045001
14,0.350000,0.0000000,0.0734999,0.7046914,0.004063,0.0000001,0.0045001
14,0.354167,0.0000000,0.0734999,0.7047081,0.004005,0.0000001,0.0045001
14,0.358333,0.0000000,0.0734999,0.7047247,0.003991,0.0000001,0.0045001
14,0.362500,0.0000000,0.0734999,0.7047413,0.003977,0.0000001,0.0045001
14,0.366667,0.0000000,0.0734999,0.7047578,0.003963,0.0000001,0.0045001
14,0.370833,0.0000000,0.0734999,0.7047743,0.003948,0.0000001,0.0045001
14,0.375000,0.0000000,0.0734999,0.7047907,0.003934,0.0000001,0.0045001
14,0.379167,0.0000000,0.0734999,0.7048069,0.003891,0.0000001,0.0045001
14,0.383333,0.0000000,0.0734999,0.7048231,0.003905,0.0000001,0.0045001
14,0.387500,0.0000000,0.0734999,0.7048392,0.003862,0.0000001,0.0045001
14,0.391667,0.0000000,0.0734999,0.7048554,0.003877,0.0000001,0.0045000
14,0.395833,0.0000000,0.0734999,0.7048713,0.003819,0.0000001,0.0045001
14,0.400000,0.0000000,0.0734999,0.7048873,0.003834,0.0000001,0.0045001
14,0.404167,0.0000000,0.0734999,0.7049031,0.003791,0.0000001,0.0045000
14,0.408333,0.0000000,0.0734999,0.7049189,0.003791,0.0000001,0.0045001
14,0.412500,0.0000000,0.0734999,0.7049345,0.003762,0.0000001,0.0045001
14,0.416667,0.0000000,0.0734999,0.7049502,0.003748,0.0000001,0.0045001
14,0.420833,0.0000000,0.0734999,0.7049657,0.003719,0.0000001,0.0045001
14,0.425000,0.0000000,0.0734999,0.7049812,0.003734,0.0000001,0.0045001
14,0.429167,0.0000000,0.0734999,0.7049965,0.003676,0.0000002,0.0045001
14,0.433333,0.0000000,0.0734999,0.7050119,0.003691,0.0000002,0.0045001
14,0.437500,0.0000000,0.0734999,0.7050270,0.003633,0.0000001,0.0045001
14,0.441667,0.0000000,0.0734999,0.7050422,0.003648,0.0000001,0.0045001
14,0.445833,0.0000000,0.0734999,0.7050572,0.003591,0.0000002,0.0045001
14,0.450000,0.0000000,0.0734999,0.7050723,0.003619,0.0000002,0.0045001
14,0.454167,0.0000000,0.0734999,0.7050871,0.003562,0.0000002,0.0045001
14,0.458333,0.0000000,0.0734999,0.7051020,0.003562,0.0000002,0.0045001
14,0.462500,0.0000000,0.0734999,0.7051166,0.003519,0.0000001,0.0045001
14,0.466667,0.0000000,0.0734999,0.7051313,0.003519,0.0000001,0.0045001
14,0.470833,0.0000000,0.0734999,0.7051458,0.003476,0.0000002,0.0045000
14,0.475000,0.0000000,0.0734999,0.7051603,0.003490,0.0000002,0.0045000
14,0.479167,0.0000000,0.0734999,0.7051746,0.003433,0.0000001,0.0045001
14,0.483333,0.0000000,0.0734999,0.7051890,0.003448,0.0000003,0.0045001
14,0.487500,0.0000000,0.0734999,0.7052031,0.003390,0.0000004,0.0045001
14,0.491667,0.0000000,0.0734999,0.7052173,0.003405,0.0000005,0.0045001
14,0.495833,0.0000000,0.0734999,0.7052312,0.003347,0.0000003,0.0045001
14,0.500000,0.0000000,0.0734999,0.7052452,0.003347,0.0000001,0.0045001
14,0.504167,0.0000000,0.0734999,0.7052590,0.003319,0.0000004,0.0044998
14,0.508333,0.0000000,0.0734999,0.7052729,0.003319,0.0000004,0.0044998
14,0.512500,0.0000000,0.0734999,0.7052864,0.003262,0.0000001,0.0045000
14,0.516667,0.0000000,0.0734999,0.7053000,0.003262,0.0000001,0.0045001
14,0.520833,0.0000000,0.0734999,0.7053135,0.003233,0.0000004,0.0045001
14,0.525000,0.0000000,0.0734999,0.7053269,0.003219,0.0000004,0.0045001
14,0.529167,0.0000000,0.0734999,0.7053401,0.003176,0.0000004,0.0045001
14,0.533333,0.0000000,0.0734999,0.7053533,0.003161,0.0000001,0.0045000
14,0.537500,0.0000000,0.0734999,0.7053664,0.003133,0.0000005,0.0044997
14,0.541667,0.0000000,0.0734999,0.7053794,0.003133,0.0000007,0.0044996
14,0.545833,0.0000000,0.0734999,0.7053923,0.003090,0.0000004,0.0044998
14,0.550000,0.0000000,0.0734999,0.7054051,0.003076,0.0000002,0.0045000
14,0.554167,0.0000000,0.0734999,0.7054178,0.003047,0.0000002,0.0045001
14,0.558333,0.0000000,0.0734999,0.7054304,0.003033,0.0000005,0.0045001
14,0.562500,0.0000000,0.0734999,0.7054429,0.002990,0.0000005,0.0045001
14,0.566667,0.0000000,0.0734999,0.7054553,0.002975,0.0000001,0.0045001
14,0.570833,0.0000000,0.0734999,0.7054676,0.002961,0.0000005,0.0044998
14,0.575000,0.0000000,0.0734999,0.7054799,0.002933,0.0000008,0.0044996
14,0.579167,0.0000000,0.0734999,0.7054919,0.002890,0.0000007,0.0044997
14,0.583333,0.0000000,0.0734999,0.7055040,0.002904,0.0000004,0.0044999
14,0.587500,0.0000000,0.0734999,0.7055158,0.002832,0.0000002,0.0045001
14,0.591667,0.0000000,0.0734999,0.7055277,0.002847,0.0000002,0.0045001
14,0.595833,0.0000000,0.0734999,0.7055393,0.002804,0.0000002,0.0045001
14,0.600000,0.0000000,0.0734999,0.7055510,0.002789,0.0000002,0.0045001
14,0.604167,0.0000000,0.0734999,0.7055624,0.002747,0.0000005,0.0044998
14,0.608333,0.0000000,0.0734999,0.7055739,0.002747,0.0000007,0.0044996
14,0.612500,0.0000000,0.0734999,0.7055851,0.002689,0.0000008,0.0044996
14,0.616667,0.0000000,0.0734999,0.7055963,0.002704,0.0000007,0.0044997
14,0.620833,0.0000000,0.0734999,0.7056073,0.002632,0.0000005,0.0044999
14,0.625000,0.0000000,0.0734999,0.7056183,0.002646,0.0000004,0.0045001
14,0.629167,0.0000000,0.0734999,0.7056291,0.002589,0.0000003,0.0045001
14,0.633333,0.0000000,0.0734999,0.7056399,0.002589,0.0000002,0.0045001
14,0.637500,0.0000000,0.0734999,0.7056505,0.002546,0.0000004,0.0044999
14,0.641667,0.0000000,0.0734999,0.7056611,0.002546,0.0000005,0.0044998
14,0.645833,0.0000000,0.0734999,0.7056715,0.002489,0.0000006,0.0044997
14,0.650000,0.0000000,0.0734999,0.7056818,0.002475,0.0000007,0.0044996
14,0.654167,0.0000000,0.0734999,0.7056920,0.002446,0.0000007,0.0044996
14,0.658333,0.0000000,0.0734999,0.7057021,0.002432,0.0000006,0.0044997
14,0.662500,0.0000000,0.0734999,0.7057120,0.002375,0.0000003,0.0044999
14,0.666667,0.0000000,0.0734999,0.7057220,0.002389,0.0000001,0.0045001
14,0.670833,0.0000000,0.0734999,0.7057317,0.002332,0.0000001,0.0045001
14,0.675000,0.0000000,0.0734999,0.7057414,0.002332,0.0000002,0.0045000
14,0.679167,0.0000000,0.0734999,0.7057509,0.002275,0.0000004,0.0044998
14,0.683333,0.0000000,0.0734999,0.7057604,0.002275,0.0000007,0.0044996
14,0.687500,0.0000000,0.0734999,0.7057696,0.002217,0.0000008,0.0044995
14,0.691667,0.0000000,0.0734999,0.7057788,0.002217,0.0000009,0.0044995
14,0.695833,0.0000000,0.0734999,0.7057879,0.002174,0.0000006,0.0044997
14,0.700000,0.0000000,0.0734999,0.7057970,0.002174,0.0000003,0.0045001
14,0.704167,0.0000000,0.0734999,0.7058057,0.002103,0.0000003,0.0045001
14,0.708333,0.0000000,0.0734999,0.7058145,0.002117,0.0000003,0.0045001
14,0.712500,0.0000000,0.0734999,0.7058231,0.002060,0.0000002,0.0045001
14,0.716667,0.0000000,0.0734999,0.7058316,0.002046,0.0000004,0.0044999
14,0.720833,0.0000000,0.0734999,0.7058400,0.002003,0.0000007,0.0044997
14,0.725000,0.0000000,0.0734999,0.7058483,0.002003,0.0000007,0.0044997
14,0.729167,0.0000000,0.0734999,0.7058564,0.001945,0.0000007,0.0044998
14,0.733333,0.0000000,0.0734999,0.7058645,0.001945,0.0000003,0.0045001
14,0.737500,0.0000000,0.0734999,0.7058724,0.001888,0.0000006,0.0045001
14,0.741667,0.0000000,0.0734999,0.7058803,0.001888,0.0000006,0.0045001
14,0.745833,0.0000000,0.0734999,0.7058879,0.001831,0.0000003,0.0045001
14,0.750000,0.0000000,0.0734999,0.7058955,0.001831,0.0000002,0.0045001
14,0.754167,0.0000000,0.0734999,0.7059030,0.001788,0.0000005,0.0044998
14,0.758333,0.0000000,0.0734999,0.7059104,0.001774,0.0000007,0.0044996
14,0.762500,0.0000000,0.0734999,0.7059175,0.001702,0.0000006,0.0044997
14,0.766667,0.0000000,0.0734999,0.7059247,0.001731,0.0000003,0.0045000
14,0.770833,0.0000000,0.0734999,0.7059316,0.001659,0.0000004,0.0045001
14,0.775000,0.0000000,0.0734999,0.7059385,0.001659,0.0000005,0.0045001
14,0.779167,0.0000000,0.0734999,0.7059451,0.001588,0.0000004,0.0045001
14,0.783333,0.0000000,0.0734999,0.7059518,0.001602,0.0000003,0.0045001
14,0.787500,0.0000000,0.0734999,0.7059582,0.001545,0.0000003,0.0045000
14,0.791667,0.0000000,0.0734999,0.7059647,0.001545,0.0000004,0.0044998
14,0.795833,0.0000000,0.0734999,0.7059709,0.001488,0.0000004,0.0044998
14,0.800000,0.0000000,0.0734999,0.7059771,0.001488,0.0000002,0.0045001
14,0.804167,0.0000000,0.0734999,0.7059830,0.001416,0.0000004,0.0045001
14,0.808333,0.0000000,0.0734999,0.7059889,0.001431,0.0000005,0.0045001
14,0.812500,0.0000000,0.0734999,0.7059947,0.001373,0.0000005,0.0045001
14,0.816667,0.0000000,0.0734999,0.7060004,0.001373,0.0000004,0.0045001
14,0.820833,0.0000000,0.0734999,0.7060058,0.001302,0.0000003,0.0045001
14,0.825000,0.0000000,0.0734999,0.7060113,0.001316,0.0000003,0.0045001
14,0.829167,0.0000000,0.0734999,0.7060165,0.001245,0.0000004,0.0045000
14,0.833333,0.0000000,0.0734999,0.7060217,0.001259,0.0000003,0.0045001
14,0.837500,0.0000000,0.0734999,0.7060266,0.001173,0.0000003,0.0045001
14,0.841667,0.0000000,0.0734999,0.7060316,0.001202,0.0000004,0.0045001
14,0.845833,0.0000000,0.0734999,0.7060363,0.001130,0.0000003,0.0045001
14,0.850000,0.0000000,0.0734999,0.7060410,0.001130,0.0000003,0.0045001
14,0.854167,0.0000000,0.0734999,0.7060455,0.001073,0.0000003,0.0045001
14,0.858333,0.0000000,0.0734999,0.7060499,0.001059,0.0000002,0.0045001
14,0.862500,0.0000000,0.0734999,0.7060542,0.001016,0.0000003,0.0045001
14,0.866667,0.0000000,0.0734999,0.7060584,0.001016,0.0000002,0.0045001
14,0.870833,0.0000000,0.0734999,0.7060623,0.000944,0.0000002,0.0045001
14,0.875000,0.0000000,0.0734999,0.7060663,0.000944,0.0000002,0.0045001
14,0.879167,0.0000000,0.0734999,0.7060700,0.000901,0.0000003,0.0045001
14,0.883333,0.0000000,0.0734999,0.7060737,0.000887,0.0000003,0.0045001
14,0.887500,0.0000000,0.0734999,0.7060771,0.000815,0.0000003,0.0045001
14,0.891667,0.0000000,0.0734999,0.7060806,0.000844,0.0000003,0.0045001
14,0.895833,0.0000000,0.0734999,0.7060838,0.000758,0.0000003,0.0045001
14,0.900000,0.0000000,0.0734999,0.7060870,0.000772,0.0000003,0.0045001
14,0.904167,0.0000000,0.0734999,0.7060899,0.000701,0.0000003,0.0045001
14,0.908333,0.0000000,0.0734999,0.7060928,0.000701,0.0000003,0.0045001
14,0.912500,0.0000000,0.0734999,0.7060956,0.000658,0.0000003,0.0045001
14,0.916667,0.0000000,0.0734999,0.7060982,0.000629,0.0000003,0.0045001
14,0.920833,0.0000000,0.0734999,0.7061007,0.000601,0.0000003,0.0045001
14,0.925000,0.0000000,0.0734999,0.7061031,0.000572,0.0000002,0.0045001
14,0.929167,0.0000000,0.0734999,0.7061053,0.000529,0.0000002,0.0045001
14,0.933333,0.0000000,0.0734999,0.7061075,0.000529,0.0000002,0.0045001
14,0.937500,0.0000000,0.0734999,0.7061094,0.000458,0.0000003,0.0045001
14,0.941667,0.0000000,0.0734999,0.7061114,0.000472,0.0000002,0.0045001
14,0.945833,0.0000000,0.0734999,0.7061130,0.000401,0.0000003,0.0045001
14,0.950000,0.0000000,0.0734999,0.7061146,0.000386,0.0000003,0.0045001
14,0.954167,0.0000000,0.0734999,0.7061161,0.000343,0.0000003,0.0045001
14,0.958333,0.0000000,0.0734999,0.7061175,0.000343,0.0000004,0.0045001
14,0.962500,0.0000000,0.0734999,0.7061186,0.000272,0.0000003,0.0045001
14,0.966667,0.0000000,0.0734999,0.7061198,0.000286,0.0000003,0.0045001
14,0.970833,0.0000000,0.0734999,0.7061207,0.000215,0.0000004,0.0045000
14,0.975000,0.0000000,0.0734999,0.7061216,0.000200,0.0000003,0.0045001
14,0.979167,0.0000000,0.0734999,0.7061222,0.000157,0.0000003,0.0045001
14,0.983333,0.0000000,0.0734999,0.7061229,0.000157,0.0000004,0.0045001
14,0.987500,0.0000000,0.0734999,0.7061233,0.000100,0.0000005,0.0045001
14,0.991667,0.0000000,0.0734999,0.7061237,0.000086,0.0000005,0.0045001
14,0.995833,0.0000000,0.0734999,0.7061238,0.000029,0.0000004,0.0045001
14,1.000000,0.0000000,0.0734999,0.7061239,0.000043,0.0000002,0.0045001
14,1.004167,0.0000000,0.0734999,0.7061238,-0.000043,0.0000004,0.0044998
14,1.008333,0.0000000,0.0734999,0.7061237,-0.000029,0.0000004,0.0044998
14,1.012500,0.0000000,0.0734999,0.7061233,-0.000086,0.0000003,0.0045000
14,1.016667,0.0000000,0.0734999,0.7061229,-0.000100,0.0000003,0.0045001
14,1.020833,0.0000000,0.0734999,0.7061222,-0.000157,0.0000004,0.0045001
14,1.025000,0.0000000,0.0734999,0.7061216,-0.000157,0.0000005,0.0045001
14,1.029167,0.0000000,0.0734999,0.7061207,-0.000200,0.0000004,0.0045001
14,1.033333,0.0000000,0.0734999,0.7061198,-0.000215,0.0000002,0.0045000
14,1.037500,0.0000000,0.0734999,0.7061186,-0.000286,0.0000006,0.0044997
14,1.041667,0.0000000,0.0734999,0.7061175,-0.000272,0.0000007,0.0044996
14,1.045833,0.0000000,0.0734999,0.7061161,-0.000343,0.0000005,0.0044999
14,1.050000,0.0000000,0.0734999,0.7061146,-0.000343,0.0000002,0.0045001
14,1.054167,0.0000000,0.0734999,0.7061130,-0.000401,0.0000003,0.0045001
14,1.058333,0.0000000,0.0734999,0.7061114,-0.000386,0.0000006,0.0045001
14,1.062500,0.0000000,0.0734999,0.7061094,-0.000472,0.0000006,0.0045001
14,1.066667,0.0000000,0.0734999,0.7061075,-0.000458,0.0000003,0.0045001
14,1.070833,0.0000000,0.0734999,0.7061053,-0.000529,0.0000006,0.0044998
14,1.075000,0.0000000,0.0734999,0.7061031,-0.000529,0.0000007,0.0044997
14,1.079167,0.0000000,0.0734999,0.7061007,-0.000572,0.0000007,0.0044997
14,1.083333,0.0000000,0.0734999,0.7060982,-0.000601,0.0000004,0.0045000
14,1.087500,0.0000000,0.0734999,0.7060956,-0.000629,0.0000003,0.0045001
14,1.091667,0.0000000,0.0734999,0.7060928,-0.000658,0.0000003,0.0045001
14,1.095833,0.0000000,0.0734999,0.7060899,-0.000701,0.0000004,0.0045001
14,1.100000,0.0000000,0.0734999,0.7060870,-0.000701,0.0000003,0.0045001
14,1.104167,0.0000000,0.0734999,0.7060838,-0.000772,0.0000007,0.0044997
14,1.108333,0.0000000,0.0734999,0.7060806,-0.000758,0.0000009,0.0044995
14,1.112500,0.0000000,0.0734999,0.7060771,-0.000844,0.0000009,0.0044995
14,1.116667,0.0000000,0.0734999,0.7060737,-0.000815,0.0000007,0.0044996
14,1.120833,0.0000000,0.0734999,0.7060700,-0.000887,0.0000004,0.0044998
14,1.125000,0.0000000,0.0734999,0.7060663,-0.000901,0.0000002,0.0044999
14,1.129167,0.0000000,0.0734999,0.7060623,-0.000944,0.0000001,0.0045001
14,1.133333,0.0000000,0.0734999,0.7060584,-0.000944,0.0000001,0.0045001
14,1.137500,0.0000000,0.0734999,0.7060542,-0.001016,0.0000003,0.0044999
14,1.141667,0.0000000,0.0734999,0.7060499,-0.001016,0.0000006,0.0044997
14,1.145833,0.0000000,0.0734999,0.7060455,-0.001059,0.0000007,0.0044996
14,1.150000,0.0000000,0.0734999,0.7060410,-0.001073,0.0000008,0.0044996
14,1.154167,0.0000000,0.0734999,0.7060363,-0.001144,0.0000006,0.0044997
14,1.158333,0.0000000,0.0734999,0.7060316,-0.001116,0.0000005,0.0044998
14,1.162500,0.0000000,0.0734999,0.7060266,-0.001202,0.0000004,0.0044999
14,1.166667,0.0000000,0.0734999,0.7060217,-0.001173,0.0000003,0.0045001
14,1.170833,0.0000000,0.0734999,0.7060165,-0.001259,0.0000003,0.0045001
14,1.175000,0.0000000,0.0734999,0.7060113,-0.001245,0.0000004,0.0045001
14,1.179167,0.0000000,0.0734999,0.7060058,-0.001316,0.0000005,0.0045000
14,1.183333,0.0000000,0.0734999,0.7060004,-0.001302,0.0000006,0.0044997
14,1.187500,0.0000000,0.0734999,0.7059947,-0.001373,0.0000008,0.0044996
14,1.191667,0.0000000,0.0734999,0.7059889,-0.001373,0.0000007,0.0044996
14,1.195833,0.0000000,0.0734999,0.7059830,-0.001431,0.0000005,0.0044998
14,1.200000,0.0000000,0.0734999,0.7059771,-0.001416,0.0000002,0.0045001
14,1.204167,0.0000000,0.0734999,0.7059709,-0.001488,0.0000002,0.0045001
14,1.208333,0.0000000,0.0734999,0.7059647,-0.001488,0.0000003,0.0045001
14,1.212500,0.0000000,0.0734999,0.7059582,-0.001545,0.0000002,0.0045001
14,1.216667,0.0000000,0.0734999,0.7059518,-0.001545,0.0000005,0.0044998
14,1.220833,0.0000000,0.0734999,0.7059451,-0.001602,0.0000007,0.0044997
14,1.225000,0.0000000,0.0734999,0.7059385,-0.001588,0.0000008,0.0044995
14,1.229167,0.0000000,0.0734999,0.7059316,-0.001659,0.0000005,0.0044997
14,1.233333,0.0000000,0.0734999,0.7059247,-0.001659,0.0000001,0.0045001
14,1.237500,0.0000000,0.0734999,0.7059175,-0.001731,0.0000005,0.0045001
14,1.241667,0.0000000,0.0734999,0.7059104,-0.001702,0.0000005,0.0045001
14,1.245833,0.0000000,0.0734999,0.7059030,-0.001774,0.0000002,0.0045001
14,1.250000,0.0000000,0.0734999,0.7058955,-0.001788,0.0000002,0.0045000
14,1.254167,0.0000000,0.0734999,0.7058879,-0.001831,0.0000004,0.0044998
14,1.258333,0.0000000,0.0734999,0.7058803,-0.001831,0.0000007,0.0044996
14,1.262500,0.0000000,0.0734999,0.7058724,-0.001888,0.0000006,0.0044997
14,1.266667,0.0000000,0.0734999,0.7058645,-0.001888,0.0000001,0.0045000
14,1.270833,0.0000000,0.0734999,0.7058564,-0.001945,0.0000004,0.0045001
14,1.275000,0.0000000,0.0734999,0.7058483,-0.001945,0.0000005,0.0045001
14,1.279167,0.0000000,0.0734999,0.7058400,-0.002003,0.0000004,0.0045001
14,1.283333,0.0000000,0.0734999,0.7058316,-0.002003,0.0000001,0.0045001
14,1.287500,0.0000000,0.0734999,0.7058231,-0.002046,0.0000001,0.0045000
14,1.291667,0.0000000,0.0734999,0.7058145,-0.002060,0.0000004,0.0044998
14,1.295833,0.0000000,0.0734999,0.7058057,-0.002117,0.0000004,0.0044998
14,1.300000,0.0000000,0.0734999,0.7057970,-0.002103,0.0000001,0.0045001
14,1.304167,0.0000000,0.0734999,0.7057879,-0.002174,0.0000003,0.0045001
14,1.308333,0.0000000,0.0734999,0.7057788,-0.002174,0.0000005,0.0045001
14,1.312500,0.0000000,0.0734999,0.7057697,-0.002203,0.0000004,0.0045001
14,1.316667,0.0000000,0.0734999,0.7057604,-0.002232,0.0000003,0.0045001
14,1.320833,0.0000000,0.0734999,0.7057509,-0.002275,0.0000001,0.0045001
14,1.325000,0.0000000,0.0734999,0.7057414,-0.002275,0.0000002,0.0045000
14,1.329167,0.0000000,0.0734999,0.7057317,-0.002332,0.0000002,0.0045000
14,1.333333,0.0000000,0.0734999,0.7057220,-0.002332,0.0000001,0.0045001
14,1.337500,0.0000000,0.0734999,0.7057120,-0.002389,0.0000001,0.0045001
14,1.341667,0.0000000,0.0734999,0.7057021,-0.002375,0.0000002,0.0045001
14,1.345833,0.0000000,0.0734999,0.7056920,-0.002432,0.0000002,0.0045001
14,1.350000,0.0000000,0.0734999,0.7056818,-0.002446,0.0000002,0.0045001
14,1.354167,0.0000000,0.0734999,0.7056715,-0.002475,0.0000002,0.0045001
14,1.358333,0.0000000,0.0734999,0.7056611,-0.002489,0.0000001,0.0045001
14,1.362500,0.0000000,0.0734999,0.7056505,-0.002546,0.0000001,0.0045001
14,1.366667,0.0000000,0.0734999,0.7056399,-0.002546,0.0000002,0.0045001
14,1.370833,0.0000000,0.0734999,0.7056291,-0.002589,0.0000002,0.0045001
14,1.375000,0.0000000,0.0734999,0.7056183,-0.002589,0.0000001,0.0045001
14,1.379167,0.0000000,0.0734999,0.7056073,-0.002646,0.0000001,0.0045001
14,1.383333,0.0000000,0.0734999,0.7055963,-0.002632,0.0000001,0.0045001
14,1.387500,0.0000000,0.0734999,0.7055851,-0.002704,0.0000001,0.0045001
14,1.391667,0.0000000,0.0734999,0.7055739,-0.002689,0.0000001,0.0045001
14,1.395833,0.0000000,0.0734999,0.7055624,-0.002747,0.0000001,0.0045000
14,1.400000,0.0000000,0.0734999,0.7055510,-0.002747,0.0000001,0.0045001
14,1.404167,0.0000000,0.0734999,0.7055393,-0.002789,0.0000001,0.0045001
14,1.408333,0.0000000,0.0734999,0.7055277,-0.002804,0.0000001,0.0045000
14,1.412500,0.0000000,0.0734999,0.7055158,-0.002847,0.0000001,0.0045001
14,1.416667,0.0000000,0.0734999,0.7055040,-0.002832,0.0000001,0.0045001
14,1.420833,0.0000000,0.0734999,0.7054919,-0.002904,0.0000001,0.0045001
14,1.425000,0.0000000,0.0734999,0.7054799,-0.002890,0.0000001,0.0045001
14,1.429167,0.0000000,0.0734999,0.7054676,-0.002933,0.0000001,0.0045001
14,1.433333,0.0000000,0.0734999,0.7054553,-0.002961,0.0000001,0.0045001
14,1.437500,0.0000000,0.0734999,0.7054429,-0.002975,0.0000001,0.0045001
14,1.441667,0.0000000,0.0734999,0.7054304,-0.002990,0.0000001,0.0045001
14,1.445833,0.0000000,0.0734999,0.7054178,-0.003033,0.0000001,0.0045001
14,1.450000,0.0000000,0.0734999,0.7054051,-0.003047,0.0000001,0.0045001
14,1.454167,0.0000000,0.0734999,0.7053923,-0.003076,0.0000001,0.0045001
14,1.458333,0.0000000,0.0734999,0.7053794,-0.003090,0.0000001,0.0045001
14,1.462500,0.0000000,0.0734999,0.7053664,-0.003133,0.0000001,0.0045001
14,1.466667,0.0000000,0.0734999,0.7053533,-0.003133,0.0000001,0.0045001
14,1.470833,0.0000000,0.0734999,0.7053401,-0.003161,0.0000001,0.0045001
14,1.475000,0.0000000,0.0734999,0.7053269,-0.003176,0.0000001,0.0045001
14,1.479167,0.0000000,0.0734999,0.7053135,-0.003219,0.0000001,0.0045001
14,1.483333,0.0000000,0.0734999,0.7053000,-0.003233,0.0000001,0.0045001
14,1.487500,0.0000000,0.0734999,0.7052864,-0.003262,0.0000001,0.0045001
14,1.491667,0.0000000,0.0734999,0.7052729,-0.003262,0.0000001,0.0045001
14,1.495833,0.0000000,0.0734999,0.7052590,-0.003319,0.0000001,0.0045001
14,1.500000,0.0000000,0.0734999,0.7052452,-0.003319,0.0000001,0.0045001
14,1.504167,0.0000000,0.0734999,0.7052312,-0.003347,0.0000001,0.0045001
14,1.508333,0.0000000,0.0734999,0.7052173,-0.003347,0.0000001,0.0045001
14,1.512500,0.0000000,0.0734999,0.7052031,-0.003405,0.0000001,0.0045001
14,1.516667,0.0000000,0.0734999,0.7051890,-0.003390,0.0000001,0.0045001
14,1.520833,0.0000000,0.0734999,0.7051746,-0.003448,0.0000001,0.0045001
14,1.525000,0.0000000,0.0734999,0.7051603,-0.003433,0.0000001,0.0045001
14,1.529167,0.0000000,0.0734999,0.7051458,-0.003490,0.0000001,0.0045001
14,1.533333,0.0000000,0.0734999,0.7051313,-0.003476,0.0000001,0.0045001
14,1.537500,0.0000000,0.0734999,0.7051166,-0.003519,0.0000001,0.0045001
14,1.541667,0.0000000,0.0734999,0.7051020,-0.003519,0.0000001,0.0045001
14,1.545833,0.0000000,0.0734999,0.7050871,-0.003576,0.0000001,0.0045001
14,1.550000,0.0000000,0.0734999,0.7050723,-0.003548,0.0000001,0.0045001
14,1.554167,0.0000000,0.0734999,0.7050572,-0.003619,0.0000001,0.0045001
14,1.558333,0.0000000,0.0734999,0.7050422,-0.003591,0.0000001,0.0045001
14,1.562500,0.0000000,0.0734999,0.7050270,-0.003648,0.0000001,0.0045001
14,1.566667,0.0000000,0.0734999,0.7050119,-0.003633,0.0000001,0.0045001
14,1.570833,0.0000000,0.0734999,0.7049965,-0.003691,0.0000001,0.0045001
14,1.575000,0.0000000,0.0734999,0.7049812,-0.003676,0.0000001,0.0045001
14,1.579167,0.0000000,0.0734999,0.7049657,-0.003734,0.0000001,0.0045001
14,1.583333,0.0000000,0.0734999,0.7049502,-0.003719,0.0000001,0.0045001
14,1.587500,0.0000000,0.0734999,0.7049345,-0.003748,0.0000001,0.0045001
14,1.591667,0.0000000,0.0734999,0.7049189,-0.003762,0.0000001,0.0045001
14,1.595833,0.0000000,0.0734999,0.7049031,-0.003791,0.0000001,0.0045001
14,1.600000,0.0000000,0.0734999,0.7048873,-0.003791,0.0000001,0.0045001
14,1.604167,0.0000000,0.0734999,0.7048713,-0.003834,0.0000001,0.0045001
14,1.608333,0.0000000,0.0734999,0.7048554,-0.003819,0.0000001,0.0045001
14,1.612500,0.0000000,0.0734999,0.7048392,-0.003877,0.0000001,0.0045001
14,1.616667,0.0000000,0.0734999,0.7048231,-0.003862,0.0000001,0.0045001
14,1.620833,0.0000000,0.0734999,0.7048069,-0.003905,0.0000001,0.0045001
14,1.625000,0.0000000,0.0734999,0.7047907,-0.003891,0.0000001,0.0045001
14,1.629167,0.0000000,0.0734999,0.7047743,-0.003934,0.0000001,0.0045001
14,1.633333,0.0000000,0.0734999,0.7047578,-0.003948,0.0000001,0.0045001
14,1.637500,0.0000000,0.0734999,0.7047413,-0.003963,0.0000001,0.0045001
14,1.641667,0.0000000,0.0734999,0.7047247,-0.003977,0.0000001,0.0045001
14,1.645833,0.0000000,0.0734999,0.7047081,-0.003991,0.0000001,0.0045001
14,1.650000,0.0000000,0.0734999,0.7046914,-0.004005,0.0000001,0.0045001
14,1.654167,0.0000000,0.0734999,0.7046746,-0.004034,0.0000001,0.0045001
14,1.658333,0.0000000,0.0734999,0.7046578,-0.004034,0.0000001,0.0045001
14,1.662500,0.0000000,0.0734999,0.7046408,-0.004077,0.0000001,0.0045001
14,1.666667,0.0000000,0.0734999,0.7046239,-0.004048,0.0000001,0.0045001
14,1.670833,0.0000000,0.0734999,0.7046068,-0.004106,0.0000001,0.0045001
14,1.675000,0.0000000,0.0734999,0.7045897,-0.004106,0.0000001,0.0045001
14,1.679167,0.0000000,0.0734999,0.7045726,-0.004120,0.0000001,0.0045001
14,1.683333,0.0000000,0.0734999,0.7045554,-0.004120,0.0000001,0.0045001
14,1.687500,0.0000000,0.0734999,0.7045380,-0.004163,0.0000001,0.0045001
14,1.691667,0.0000000,0.0734999,0.7045208,-0.004148,0.0000001,0.0045001
14,1.695833,0.0000000,0.0734999,0.7045033,-0.004191,0.0000001,0.0045001
14,1.700000,0.0000000,0.0734999,0.7044858,-0.004191,0.0000001,0.0045001
14,1.704167,0.0000000,0.0734999,0.7044683,-0.004206,0.0000001,0.0045001
14,1.708333,0.0000000,0.0734999,0.7044508,-0.004206,0.0000001,0.0045001
14,1.712500,0.0000000,0.0734999,0.7044331,-0.004249,0.0000001,0.0045001
14,1.716667,0.0000000,0.0734999,0.7044154,-0.004234,0.0000001,0.0045001
14,1.720833,0.0000000,0.0734999,0.7043977,-0.004263,0.0000001,0.0045001
14,1.725000,0.0000000,0.0734999,0.7043799,-0.004277,0.0000001,0.0045001
14,1.729167,0.0000000,0.0734999,0.7043620,-0.004292,0.0000001,0.0045001
14,1.733333,0.0000000,0.0734999,0.7043441,-0.004292,0.0000001,0.0045001
14,1.737500,0.0000000,0.0734999,0.7043262,-0.004306,0.0000001,0.0045001
14,1.741667,0.0000000,0.0734999,0.7043081,-0.004334,0.0000001,0.0045001
14,1.745833,0.0000000,0.0734999,0.7042900,-0.004334,0.0000001,0.0045001
14,1.750000,0.0000000,0.0734999,0.7042720,-0.004334,0.0000001,0.0045001
14,1.754167,0.0000000,0.0734999,0.7042538,-0.004363,0.0000001,0.0045001
14,1.758333,0.0000000,0.0734999,0.7042356,-0.004377,0.0000001,0.0045001
14,1.762500,0.0000000,0.0734999,0.7042173,-0.004377,0.0000001,0.0045001
14,1.766667,0.0000000,0.0734999,0.7041990,-0.004392,0.0000001,0.0045001
14,1.770833,0.0000000,0.0734999,0.7041806,-0.004420,0.0000001,0.0045001
14,1.775000,0.0000000,0.0734999,0.7041623,-0.004392,0.0000002,0.0045000
14,1.779167,0.0000000,0.0734999,0.7041438,-0.004449,0.0000001,0.0045000
14,1.783333,0.0000000,0.0734999,0.7041253,-0.004435,0.0000001,0.0045000
14,1.787500,0.0000000,0.0734999,0.7041067,-0.004449,0.0000001,0.0045000
14,1.791667,0.0000000,0.0734999,0.7040882,-0.004449,0.0000002,0.0045000
14,1.795833,0.0000000,0.0734999,0.7040696,-0.004463,0.0000002,0.0045000
14,1.800000,0.0000000,0.0734999,0.7040510,-0.004478,0.0000001,0.0045001
14,1.804167,0.0000000,0.0734999,0.7040322,-0.004492,0.0000002,0.0045001
14,1.808333,0.0000000,0.0734999,0.7040135,-0.004492,0.0000001,0.0045001
14,1.812500,0.0000000,0.0734999,0.7039948,-0.004506,0.0000001,0.0045001
14,1.816667,0.0000000,0.0734999,0.7039760,-0.004506,0.0000001,0.0045001
14,1.820833,0.0000000,0.0734999,0.7039571,-0.004535,0.0000002,0.0045001
14,1.825000,0.0000000,0.0734999,0.7039382,-0.004520,0.0000003,0.0045001
14,1.829167,0.0000000,0.0734999,0.7039193,-0.004549,0.0000003,0.0045001
14,1.833333,0.0000000,0.0734999,0.7039004,-0.004535,0.0000003,0.0045001
14,1.837500,0.0000000,0.0734999,0.7038814,-0.004563,0.0000002,0.0045001
14,1.841667,0.0000000,0.0734999,0.7038624,-0.004563,0.0000003,0.0045001
14,1.845833,0.0000000,0.0734999,0.7038433,-0.004578,0.0000002,0.0045001
14,1.850000,0.0000000,0.0734999,0.7038242,-0.004578,0.0000002,0.0045001
14,1.854167,0.0000000,0.0734999,0.7038051,-0.004592,0.0000002,0.0045001
14,1.858333,0.0000000,0.0734999,0.7037860,-0.004578,0.0000002,0.0045001
14,1.862500,0.0000000,0.0734999,0.7037668,-0.004606,0.0000001,0.0045001
14,1.866667,0.0000000,0.0734999,0.7037476,-0.004606,0.0000002,0.0045000
14,1.870833,0.0000000,0.0734999,0.7037284,-0.004606,0.0000003,0.0044999
14,1.875000,0.0000000,0.0734999,0.7037092,-0.004621,0.0000003,0.0044999
14,1.879167,0.0000000,0.0734999,0.7036899,-0.004621,0.0000001,0.0045000
14,1.883333,0.0000000,0.0734999,0.7036706,-0.004635,0.0000002,0.0045001
14,1.887500,0.0000000,0.0734999,0.7036513,-0.004635,0.0000004,0.0045001
14,1.891667,0.0000000,0.0734999,0.7036320,-0.004635,0.0000005,0.0045001
14,1.895833,0.0000000,0.0734999,0.7036126,-0.004649,0.0000003,0.0045001
14,1.900000,0.0000000,0.0734999,0.7035933,-0.004649,0.0000001,0.0045001
14,1.904167,0.0000000,0.0734999,0.7035738,-0.004678,0.0000004,0.0044999
14,1.908333,0.0000000,0.0734999,0.7035544,-0.004649,0.0000004,0.0044999
14,1.912500,0.0000000,0.0734999,0.7035350,-0.004663,0.0000002,0.0045001
14,1.916667,0.0000000,0.0734999,0.7035155,-0.004678,0.0000002,0.0045001
14,1.920833,0.0000000,0.0734999,0.7034960,-0.004678,0.0000004,0.0045001
14,1.925000,0.0000000,0.0734999,0.7034765,-0.004663,0.0000005,0.0045001
14,1.929167,0.0000000,0.0734999,0.7034570,-0.004692,0.0000004,0.0045001
14,1.933333,0.0000000,0.0734999,0.7034375,-0.004678,0.0000001,0.0045001
14,1.937500,0.0000000,0.0734999,0.7034180,-0.004692,0.0000005,0.0044998
14,1.941667,0.0000000,0.0734999,0.7033984,-0.004692,0.0000007,0.0044997
14,1.945833,0.0000000,0.0734999,0.7033789,-0.004692,0.0000005,0.0044998
14,1.950000,0.0000000,0.0734999,0.7033593,-0.004692,0.0000001,0.0045001
14,1.954167,0.0000000,0.0734999,0.7033397,-0.004706,0.0000003,0.0045001
14,1.958333,0.0000000,0.0734999,0.7033201,-0.004692,0.0000005,0.0045001
14,1.962500,0.0000000,0.0734999,0.7033005,-0.004706,0.0000004,0.0045001
14,1.966667,0.0000000,0.0734999,0.7032809,-0.004706,0.0000001,0.0045001
14,1.970833,0.0000000,0.0734999,0.7032613,-0.004706,0.0000005,0.0044999
14,1.975000,0.0000000,0.0734999,0.7032416,-0.004721,0.0000007,0.0044996
14,1.979167,0.0000000,0.0734999,0.7032220,-0.004706,0.0000007,0.0044997
14,1.983333,0.0000000,0.0734999,0.7032024,-0.004706,0.0000005,0.0044998
14,1.987500,0.0000000,0.0734999,0.7031828,-0.004706,0.0000002,0.0045001
14,1.991667,0.0000000,0.0734999,0.7031631,-0.004721,0.0000001,0.0045001
14,1.995833,0.0000000,0.0734999,0.7031435,-0.004706,0.0000001,0.0045001
14,2.000000,0.0000000,0.0734999,0.7031239,-0.004721,0.0000002,0.0045000
14,2.004167,0.0000000,0.0734999,0.7031043,-0.004692,0.0000006,0.0044996
14,2.008333,0.0000000,0.0734999,0.7030846,-0.004721,0.0000008,0.0044995
14,2.012500,0.0000000,0.0734999,0.7030650,-0.004721,0.0000009,0.0044995
14,2.016667,0.0000000,0.0734999,0.7030454,-0.004706,0.0000007,0.0044996
14,2.020833,0.0000000,0.0734999,0.7030258,-0.004706,0.0000006,0.0044999
14,2.025000,0.0000000,0.0734999,0.7030061,-0.004706,0.0000004,0.0045001
14,2.029167,0.0000000,0.0734999,0.7029865,-0.004706,0.0000002,0.0045001
14,2.033333,0.0000000,0.0734999,0.7029669,-0.004706,0.0000002,0.0045001
14,2.037500,0.0000000,0.0734999,0.7029473,-0.004706,0.0000004,0.0044999
14,2.041667,0.0000000,0.0734999,0.7029277,-0.004706,0.0000006,0.0044998
14,2.045833,0.0000000,0.0734999,0.7029081,-0.004706,0.0000007,0.0044997
14,2.050000,0.0000000,0.0734999,0.7028885,-0.004706,0.0000007,0.0044997
14,2.054167,0.0000000,0.0734999,0.7028689,-0.004692,0.0000006,0.0044997
14,2.058333,0.0000000,0.0734999,0.7028494,-0.004692,0.0000006,0.0044998
14,2.062500,0.0000000,0.0734999,0.7028299,-0.004678,0.0000003,0.0045000
14,2.066667,0.0000000,0.0734999,0.7028103,-0.004692,0.0000002,0.0045001
14,2.070833,0.0000000,0.0734999,0.7027908,-0.004692,0.0000002,0.0045001
14,2.075000,0.0000000,0.0734999,0.7027713,-0.004678,0.0000003,0.0045000
14,2.079167,0.0000000,0.0734999,0.7027518,-0.004678,0.0000004,0.0044998
14,2.083333,0.0000000,0.0734999,0.7027323,-0.004678,0.0000007,0.0044997
14,2.087500,0.0000000,0.0734999,0.7027128,-0.004678,0.0000008,0.0044995
14,2.091667,0.0000000,0.0734999,0.7026935,-0.004649,0.0000008,0.0044996
14,2.095833,0.0000000,0.0734999,0.7026740,-0.004663,0.0000006,0.0044998
14,2.100000,0.0000000,0.0734999,0.7026546,-0.004663,0.0000003,0.0045001
14,2.104167,0.0000000,0.0734999,0.7026352,-0.004649,0.0000003,0.0045001
14,2.108333,0.0000000,0.0734999,0.7026159,-0.004649,0.0000003,0.0045001
14,2.112500,0.0000000,0.0734999,0.7025965,-0.004635,0.0000002,0.0045001
14,2.116667,0.0000000,0.0734999,0.7025772,-0.004635,0.0000004,0.0045000
14,2.120833,0.0000000,0.0734999,0.7025579,-0.004635,0.0000007,0.0044998
14,2.125000,0.0000000,0.0734999,0.7025387,-0.004621,0.0000007,0.0044997
14,2.129167,0.0000000,0.0734999,0.7025194,-0.004621,0.0000006,0.0044998
14,2.133333,0.0000000,0.0734999,0.7025002,-0.004621,0.0000003,0.0045001
14,2.137500,0.0000000,0.0734999,0.7024810,-0.004592,0.0000006,0.0045001
14,2.141667,0.0000000,0.0734999,0.7024618,-0.004606,0.0000006,0.0045001
14,2.145833,0.0000000,0.0734999,0.7024427,-0.004592,0.0000003,0.0045001
14,2.150000,0.0000000,0.0734999,0.7024236,-0.004592,0.0000002,0.0045000
14,2.154167,0.0000000,0.0734999,0.7024045,-0.004578,0.0000005,0.0044998
14,2.158333,0.0000000,0.0734999,0.7023854,-0.004578,0.0000008,0.0044996
14,2.162500,0.0000000,0.0734999,0.7023665,-0.004549,0.0000007,0.0044996
14,2.166667,0.0000000,0.0734999,0.7023475,-0.004563,0.0000003,0.0044999
14,2.170833,0.0000000,0.0734999,0.7023285,-0.004549,0.0000003,0.0045001
14,2.175000,0.0000000,0.0734999,0.7023096,-0.004535,0.0000005,0.0045001
14,2.179167,0.0000000,0.0734999,0.7022907,-0.004535,0.0000004,0.0045001
14,2.183333,0.0000000,0.0734999,0.7022719,-0.004520,0.0000002,0.0045001
14,2.187500,0.0000000,0.0734999,0.7022530,-0.004520,0.0000003,0.0045000
14,2.191667,0.0000000,0.0734999,0.7022343,-0.004492,0.0000004,0.0044998
14,2.195833,0.0000000,0.0734999,0.7022156,-0.004506,0.0000004,0.0045000
14,2.200000,0.0000000,0.0734999,0.7021968,-0.004492,0.0000002,0.0045001
14,2.204167,0.0000000,0.0734999,0.7021782,-0.004463,0.0000005,0.0045001
14,2.208333,0.0000000,0.0734999,0.7021596,-0.004478,0.0000005,0.0045001
14,2.212500,0.0000000,0.0734999,0.7021410,-0.004449,0.0000004,0.0045001
14,2.216667,0.0000000,0.0734999,0.7021225,-0.004449,0.0000004,0.0045001
14,2.220833,0.0000000,0.0734999,0.7021040,-0.004435,0.0000003,0.0045001
14,2.225000,0.0000000,0.0734999,0.7020856,-0.004435,0.0000004,0.0045001
14,2.229167,0.0000000,0.0734999,0.7020672,-0.004406,0.0000004,0.0045001
14,2.233333,0.0000000,0.0734999,0.7020488,-0.004406,0.0000004,0.0045001
14,2.237500,0.0000000,0.0734999,0.7020305,-0.004392,0.0000004,0.0045001
14,2.241667,0.0000000,0.0734999,0.7020122,-0.004392,0.0000004,0.0045001
14,2.245833,0.0000000,0.0734999,0.7019941,-0.004363,0.0000004,0.0045001
14,2.250000,0.0000000,0.0734999,0.7019759,-0.004363,0.0000004,0.0045001
14,2.254167,0.0000000,0.0734999,0.7019578,-0.004349,0.0000003,0.0045001
14,2.258333,0.0000000,0.0734999,0.7019397,-0.004334,0.0000002,0.0045001
14,2.262500,0.0000000,0.0734999,0.7019217,-0.004320,0.0000003,0.0045001
14,2.266667,0.0000000,0.0734999,0.7019037,-0.004320,0.0000003,0.0045001
14,2.270833,0.0000000,0.0734999,0.7018858,-0.004292,0.0000003,0.0045001
14,2.275000,0.0000000,0.0734999,0.7018679,-0.004292,0.0000002,0.0045001
14,2.279167,0.0000000,0.0734999,0.7018502,-0.004263,0.0000003,0.0045001
14,2.283333,0.0000000,0.0734999,0.7018324,-0.004263,0.0000003,0.0045001
14,2.287500,0.0000000,0.0734999,0.7018147,-0.004249,0.0000003,0.0045001
14,2.291667,0.0000000,0.0734999,0.7017971,-0.004234,0.0000003,0.0045001
14,2.295833,0.0000000,0.0734999,0.7017795,-0.004220,0.0000003,0.0045001
14,2.300000,0.0000000,0.0734999,0.7017619,-0.004220,0.0000003,0.0045001
14,2.304167,0.0000000,0.0734999,0.7017445,-0.004177,0.0000003,0.0045001
14,2.308333,0.0000000,0.0734999,0.7017270,-0.004191,0.0000003,0.0045001
14,2.312500,0.0000000,0.0734999,0.7017097,-0.004148,0.0000003,0.0045001
14,2.316667,0.0000000,0.0734999,0.7016924,-0.004163,0.0000003,0.0045001
14,2.320833,0.0000000,0.0734999,0.7016752,-0.004120,0.0000003,0.0045001
14,2.325000,0.0000000,0.0734999,0.7016581,-0.004120,0.0000002,0.0045001
14,2.329167,0.0000000,0.0734999,0.7016410,-0.004091,0.0000003,0.0045001
14,2.333333,0.0000000,0.0734999,0.7016239,-0.004106,0.0000003,0.0045001
14,2.337500,0.0000000,0.0734999,0.7016069,-0.004077,0.0000003,0.0045001
14,2.341667,0.0000000,0.0734999,0.7015901,-0.004048,0.0000002,0.0045001
14,2.345833,0.0000000,0.0734999,0.7015732,-0.004048,0.0000003,0.0045001
14,2.350000,0.0000000,0.0734999,0.7015564,-0.004020,0.0000004,0.0045001
14,2.354167,0.0000000,0.0734999,0.7015398,-0.004005,0.0000004,0.0045001
14,2.358333,0.0000000,0.0734999,0.7015231,-0.004005,0.0000004,0.0045001
14,2.362500,0.0000000,0.0734999,0.7015065,-0.003977,0.0000005,0.0045001
14,2.366667,0.0000000,0.0734999,0.7014900,-0.003963,0.0000004,0.0045001
14,2.370833,0.0000000,0.0734999,0.7014736,-0.003934,0.0000004,0.0045001
14,2.375000,0.0000000,0.0734999,0.7014572,-0.003934,0.0000004,0.0045001
14,2.379167,0.0000000,0.0734999,0.7014409,-0.003905,0.0000004,0.0045001
14,2.383333,0.0000000,0.0734999,0.7014247,-0.003891,0.0000004,0.0045001
14,2.387500,0.0000000,0.0734999,0.7014086,-0.003877,0.0000004,0.0045001
14,2.391667,0.0000000,0.0734999,0.7013925,-0.003862,0.0000005,0.0045001
14,2.395833,0.0000000,0.0734999,0.7013765,-0.003834,0.0000004,0.0045001
14,2.400000,0.0000000,0.0734999,0.7013606,-0.003819,0.0000002,0.0045001
14,2.404167,0.0000000,0.0734999,0.7013447,-0.003805,0.0000004,0.0045000
14,2.408333,0.0000000,0.0734999,0.7013289,-0.003791,0.0000004,0.0044998
14,2.412500,0.0000000,0.0734999,0.7013133,-0.003762,0.0000002,0.0045000
14,2.416667,0.0000000,0.0734999,0.7012976,-0.003748,0.0000002,0.0045001
14,2.420833,0.0000000,0.0734999,0.7012821,-0.003734,0.0000004,0.0045001
14,2.425000,0.0000000,0.0734999,0.7012666,-0.003719,0.0000005,0.0045001
14,2.429167,0.0000000,0.0734999,0.7012513,-0.003676,0.0000003,0.0045001
14,2.433333,0.0000000,0.0734999,0.7012359,-0.003676,0.0000003,0.0044999
14,2.437500,0.0000000,0.0734999,0.7012208,-0.003633,0.0000007,0.0044996
14,2.441667,0.0000000,0.0734999,0.7012056,-0.003648,0.0000008,0.0044995
14,2.445833,0.0000000,0.0734999,0.7011906,-0.003605,0.0000005,0.0044998
14,2.450000,0.0000000,0.0734999,0.7011756,-0.003605,0.0000002,0.0045000
14,2.454167,0.0000000,0.0734999,0.7011607,-0.003562,0.0000003,0.0045001
14,2.458333,0.0000000,0.0734999,0.7011459,-0.003562,0.0000006,0.0045001
14,2.462500,0.0000000,0.0734999,0.7011312,-0.003533,0.0000006,0.0045001
14,2.466667,0.0000000,0.0734999,0.7011165,-0.003519,0.0000003,0.0045001
14,2.470833,0.0000000,0.0734999,0.7011020,-0.003476,0.0000006,0.0044999
14,2.475000,0.0000000,0.0734999,0.7010875,-0.003476,0.0000007,0.0044998
14,2.479167,0.0000000,0.0734999,0.7010732,-0.003448,0.0000008,0.0044998
14,2.483333,0.0000000,0.0734999,0.7010588,-0.003448,0.0000004,0.0045000
14,2.487500,0.0000000,0.0734999,0.7010447,-0.003390,0.0000003,0.0045001
14,2.491667,0.0000000,0.0734999,0.7010305,-0.003405,0.0000003,0.0045001
14,2.495833,0.0000000,0.0734999,0.7010165,-0.003347,0.0000003,0.0045001
14,2.500000,0.0000000,0.0734999,0.7010026,-0.003347,0.0000003,0.0045001
14,2.504167,0.0000000,0.0734999,0.7009888,-0.003319,0.0000006,0.0044998
14,2.508333,0.0000000,0.0734999,0.7009750,-0.003304,0.0000008,0.0044996
14,2.512500,0.0000000,0.0734999,0.7009614,-0.003262,0.0000008,0.0044995
14,2.516667,0.0000000,0.0734999,0.7009478,-0.003262,0.0000007,0.0044997
14,2.520833,0.0000000,0.0734999,0.7009344,-0.003233,0.0000004,0.0044999
14,2.525000,0.0000000,0.0734999,0.7009209,-0.003219,0.0000002,0.0045000
14,2.529167,0.0000000,0.0734999,0.7009076,-0.003190,0.0000002,0.0045001
14,2.533333,0.0000000,0.0734999,0.7008945,-0.003161,0.0000001,0.0045001
14,2.537500,0.0000000,0.0734999,0.7008814,-0.003133,0.0000003,0.0045001
14,2.541667,0.0000000,0.0734999,0.7008684,-0.003133,0.0000005,0.0044998
14,2.545833,0.0000000,0.0734999,0.7008555,-0.003090,0.0000006,0.0044997
14,2.550000,0.0000000,0.0734999,0.7008427,-0.003076,0.0000007,0.0044997
14,2.554167,0.0000000,0.0734999,0.7008300,-0.003033,0.0000006,0.0044998
14,2.558333,0.0000000,0.0734999,0.7008174,-0.003033,0.0000005,0.0044999
14,2.562500,0.0000000,0.0734999,0.7008049,-0.002990,0.0000004,0.0045000
14,2.566667,0.0000000,0.0734999,0.7007925,-0.002990,0.0000002,0.0045001
14,2.570833,0.0000000,0.0734999,0.7007802,-0.002947,0.0000003,0.0045001
14,2.575000,0.0000000,0.0734999,0.7007680,-0.002933,0.0000004,0.0045001
14,2.579167,0.0000000,0.0734999,0.7007559,-0.002904,0.0000005,0.0044999
14,2.583333,0.0000000,0.0734999,0.7007439,-0.002890,0.0000007,0.0044997
14,2.587500,0.0000000,0.0734999,0.7007320,-0.002847,0.0000009,0.0044995
14,2.591667,0.0000000,0.0734999,0.7007201,-0.002847,0.0000008,0.0044995
14,2.595833,0.0000000,0.0734999,0.7007085,-0.002789,0.0000006,0.0044997
14,2.600000,0.0000000,0.0734999,0.7006969,-0.002789,0.0000002,0.0045000
14,2.604167,0.0000000,0.0734999,0.7006854,-0.002747,0.0000002,0.0045001
14,2.608333,0.0000000,0.0734999,0.7006740,-0.002747,0.0000001,0.0045001
14,2.612500,0.0000000,0.0734999,0.7006627,-0.002704,0.0000002,0.0045001
14,2.616667,0.0000000,0.0734999,0.7006515,-0.002689,0.0000005,0.0044998
14,2.620833,0.0000000,0.0734999,0.7006405,-0.002646,0.0000007,0.0044997
14,2.625000,0.0000000,0.0734999,0.7006295,-0.002646,0.0000008,0.0044996
14,2.629167,0.0000000,0.0734999,0.7006187,-0.002589,0.0000005,0.0044998
14,2.633333,0.0000000,0.0734999,0.7006079,-0.002589,0.0000001,0.0045001
14,2.637500,0.0000000,0.0734999,0.7005973,-0.002546,0.0000004,0.0045001
14,2.641667,0.0000000,0.0734999,0.7005867,-0.002532,0.0000005,0.0045001
14,2.645833,0.0000000,0.0734999,0.7005764,-0.002489,0.0000002,0.0045001
14,2.650000,0.0000000,0.0734999,0.7005660,-0.002489,0.0000001,0.0045001
14,2.654167,0.0000000,0.0734999,0.7005558,-0.002446,0.0000004,0.0044998
14,2.658333,0.0000000,0.0734999,0.7005457,-0.002432,0.0000006,0.0044997
14,2.662500,0.0000000,0.0734999,0.7005358,-0.002375,0.0000005,0.0044997
14,2.666667,0.0000000,0.0734999,0.7005258,-0.002389,0.0000001,0.0045001
14,2.670833,0.0000000,0.0734999,0.7005162,-0.002317,0.0000004,0.0045001
14,2.675000,0.0000000,0.0734999,0.7005064,-0.002346,0.0000005,0.0045001
14,2.679167,0.0000000,0.0734999,0.7004970,-0.002260,0.0000003,0.0045001
14,2.683333,0.0000000,0.0734999,0.7004874,-0.002289,0.0000002,0.0045001
14,2.687500,0.0000000,0.0734999,0.7004782,-0.002217,0.0000002,0.0045001
14,2.691667,0.0000000,0.0734999,0.7004690,-0.002217,0.0000004,0.0044999
14,2.695833,0.0000000,0.0734999,0.7004599,-0.002174,0.0000004,0.0044999
14,2.700000,0.0000000,0.0734999,0.7004509,-0.002160,0.0000001,0.0045001
14,2.704167,0.0000000,0.0734999,0.7004421,-0.002103,0.0000003,0.0045001
14,2.708333,0.0000000,0.0734999,0.7004333,-0.002117,0.0000004,0.0045001
14,2.712500,0.0000000,0.0734999,0.7004247,-0.002060,0.0000004,0.0045001
14,2.716667,0.0000000,0.0734999,0.7004161,-0.002060,0.0000002,0.0045001
14,2.720833,0.0000000,0.0734999,0.7004079,-0.001988,0.0000001,0.0045001
14,2.725000,0.0000000,0.0734999,0.7003995,-0.002003,0.0000003,0.0044999
14,2.729167,0.0000000,0.0734999,0.7003914,-0.001960,0.0000003,0.0044999
14,2.733333,0.0000000,0.0734999,0.7003832,-0.001945,0.0000002,0.0044999
14,2.737500,0.0000000,0.0734999,0.7003754,-0.001874,0.0000001,0.0045001
14,2.741667,0.0000000,0.0734999,0.7003676,-0.001888,0.0000002,0.0045001
14,2.745833,0.0000000,0.0734999,0.7003599,-0.001831,0.0000002,0.0045001
14,2.750000,0.0000000,0.0734999,0.7003523,-0.001845,0.0000002,0.0045001
14,2.754167,0.0000000,0.0734999,0.7003449,-0.001774,0.0000002,0.0045001
14,2.758333,0.0000000,0.0734999,0.7003375,-0.001774,0.0000003,0.0045001
14,2.762500,0.0000000,0.0734999,0.7003304,-0.001702,0.0000002,0.0045001
14,2.766667,0.0000000,0.0734999,0.7003232,-0.001731,0.0000003,0.0045001
14,2.770833,0.0000000,0.0734999,0.7003163,-0.001659,0.0000003,0.0045001
14,2.775000,0.0000000,0.0734999,0.7003093,-0.001659,0.0000003,0.0045001
14,2.779167,0.0000000,0.0734999,0.7003027,-0.001602,0.0000002,0.0045001
14,2.783333,0.0000000,0.0734999,0.7002960,-0.001602,0.0000001,0.0045001
14,2.787500,0.0000000,0.0734999,0.7002895,-0.001545,0.0000001,0.0045001
14,2.791667,0.0000000,0.0734999,0.7002831,-0.001545,0.0000001,0.0045001
14,2.795833,0.0000000,0.0734999,0.7002769,-0.001488,0.0000002,0.0045001
14,2.800000,0.0000000,0.0734999,0.7002708,-0.001473,0.0000001,0.0045001
14,2.804167,0.0000000,0.0734999,0.7002648,-0.001431,0.0000002,0.0045000
14,2.808333,0.0000000,0.0734999,0.7002589,-0.001431,0.0000002,0.0045000
14,2.812500,0.0000000,0.0734999,0.7002531,-0.001373,0.0000001,0.0045000
14,2.816667,0.0000000,0.0734999,0.7002475,-0.001359,0.0000001,0.0045000
14,2.820833,0.0000000,0.0734999,0.7002420,-0.001316,0.0000001,0.0045000
14,2.825000,0.0000000,0.0734999,0.7002366,-0.001302,0.0000002,0.0045000
14,2.829167,0.0000000,0.0734999,0.7002314,-0.001245,0.0000001,0.0045001
14,2.833333,0.0000000,0.0734999,0.7002261,-0.001259,0.0000001,0.0045001
14,2.837500,0.0000000,0.0734999,0.7002212,-0.001187,0.0000001,0.0045001
14,2.841667,0.0000000,0.0734999,0.7002162,-0.001187,0.0000001,0.0045001
14,2.845833,0.0000000,0.0734999,0.7002115,-0.001130,0.0000001,0.0045001
14,2.850000,0.0000000,0.0734999,0.7002068,-0.001130,0.0000001,0.0045001
14,2.854167,0.0000000,0.0734999,0.7002023,-0.001073,0.0000001,0.0045001
14,2.858333,0.0000000,0.0734999,0.7001979,-0.001059,0.0000001,0.0045001
14,2.862500,0.0000000,0.0734999,0.7001937,-0.001016,0.0000001,0.0045001
14,2.866667,0.0000000,0.0734999,0.7001895,-0.001016,0.0000001,0.0045001
14,2.870833,0.0000000,0.0734999,0.7001855,-0.000944,0.0000001,0.0045001
14,2.875000,0.0000000,0.0734999,0.7001815,-0.000958,0.0000001,0.0045001
14,2.879167,0.0000000,0.0734999,0.7001778,-0.000887,0.0000001,0.0045001
14,2.883333,0.0000000,0.0734999,0.7001742,-0.000887,0.0000001,0.0045001
14,2.887500,0.0000000,0.0734999,0.7001707,-0.000830,0.0000001,0.0045001
14,2.891667,0.0000000,0.0734999,0.7001672,-0.000830,0.0000001,0.0045001
14,2.895833,0.0000000,0.0734999,0.7001640,-0.000772,0.0000001,0.0045001
14,2.900000,0.0000000,0.0734999,0.7001609,-0.000758,0.0000001,0.0045001
14,2.904167,0.0000000,0.0734999,0.7001579,-0.000701,0.0000001,0.0045001
14,2.908333,0.0000000,0.0734999,0.7001550,-0.000715,0.0000001,0.0045001
14,2.912500,0.0000000,0.0734999,0.7001523,-0.000644,0.0000001,0.0045001
14,2.916667,0.0000000,0.0734999,0.7001496,-0.000644,0.0000001,0.0045001
14,2.920833,0.0000000,0.0734999,0.7001472,-0.000587,0.0000001,0.0045001
14,2.925000,0.0000000,0.0734999,0.7001447,-0.000587,0.0000001,0.0045001
14,2.929167,0.0000000,0.0734999,0.7001425,-0.000529,0.0000001,0.0045001
14,2.933333,0.0000000,0.0734999,0.7001404,-0.000515,0.0000001,0.0045001
14,2.937500,0.0000000,0.0734999,0.7001384,-0.000472,0.0000001,0.0045001
14,2.941667,0.0000000,0.0734999,0.7001365,-0.000458,0.0000001,0.0045001
14,2.945833,0.0000000,0.0734999,0.7001348,-0.000401,0.0000001,0.0045001
14,2.950000,0.0000000,0.0734999,0.7001332,-0.000386,0.0000001,0.0045001
14,2.954167,0.0000000,0.0734999,0.7001317,-0.000358,0.0000001,0.0045001
14,2.958333,0.0000000,0.0734999,0.7001303,-0.000343,0.0000001,0.0045001
14,2.962500,0.0000000,0.0734999,0.7001292,-0.000257,0.0000001,0.0045001
14,2.966667,0.0000000,0.0734999,0.7001280,-0.000286,0.0000001,0.0045001
14,2.970833,0.0000000,0.0734999,0.7001271,-0.000215,0.0000001,0.0045001
14,2.975000,0.0000000,0.0734999,0.7001262,-0.000215,0.0000001,0.0045001
14,2.979167,0.0000000,0.0734999,0.7001256,-0.000157,0.0000001,0.0045001
14,2.983333,0.0000000,0.0734999,0.7001249,-0.000157,0.0000001,0.0045001
14,2.987500,0.0000000,0.0734999,0.7001245,-0.000100,0.0000001,0.0045001
14,2.991667,0.0000000,0.0734999,0.7001241,-0.000086,0.0000001,0.0045001
14,2.995833,0.0000000,0.0734999,0.7001241,-0.000014,0.0000001,0.0045001
14,3.000000,0.0000000,0.0734999,0.7001239,-0.000043,0.0000001,0.0045001
14,3.004167,0.0000000,0.0734999,0.7001241,0.000043,0.0000001,0.0045001
14,3.008333,0.0000000,0.0734999,0.7001241,0.000014,0.0000001,0.0045001
14,3.012500,0.0000000,0.0734999,0.7001245,0.000086,0.0000001,0.0045001
14,3.016667,0.0000000,0.0734999,0.7001249,0.000100,0.0000001,0.0045001
14,3.020833,0.0000000,0.0734999,0.7001256,0.000157,0.0000001,0.0045001
14,3.025000,0.0000000,0.0734999,0.7001262,0.000157,0.0000001,0.0045001
14,3.029167,0.0000000,0.0734999,0.7001271,0.000215,0.0000001,0.0045001
14,3.033333,0.0000000,0.0734999,0.7001280,0.000215,0.0000001,0.0045001
14,3.037500,0.0000000,0.0734999,0.7001292,0.000286,0.0000001,0.0045001
14,3.041667,0.0000000,0.0734999,0.7001303,0.000257,0.0000001,0.0045001
14,3.045833,0.0000000,0.0734999,0.7001317,0.000343,0.0000001,0.0045001
14,3.050000,0.0000000,0.0734999,0.7001332,0.000358,0.0000001,0.0045001
14,3.054167,0.0000000,0.0734999,0.7001348,0.000386,0.0000001,0.0045001
14,3.058333,0.0000000,0.0734999,0.7001365,0.000401,0.0000001,0.0045001
14,3.062500,0.0000000,0.0734999,0.7001384,0.000458,0.0000001,0.0045001
14,3.066667,0.0000000,0.0734999,0.7001404,0.000472,0.0000001,0.0045001
14,3.070833,0.0000000,0.0734999,0.7001426,0.000529,0.0000001,0.0045001
14,3.075000,0.0000000,0.0734999,0.7001447,0.000515,0.0000001,0.0045001
14,3.079167,0.0000000,0.0734999,0.7001472,0.000587,0.0000001,0.0045001
14,3.083333,0.0000000,0.0734999,0.7001496,0.000587,0.0000001,0.0045001
14,3.087500,0.0000000,0.0734999,0.7001523,0.000644,0.0000001,0.0045001
14,3.091667,0.0000000,0.0734999,0.7001550,0.000644,0.0000001,0.0045001
14,3.095833,0.0000000,0.0734999,0.7001579,0.000715,0.0000001,0.0045001
14,3.100000,0.0000000,0.0734999,0.7001609,0.000701,0.0000001,0.0045001
14,3.104167,0.0000000,0.0734999,0.7001641,0.000772,0.0000001,0.0045001
14,3.108333,0.0000000,0.0734999,0.7001672,0.000758,0.0000001,0.0045001
14,3.112500,0.0000000,0.0734999,0.7001707,0.000830,0.0000001,0.0045001
14,3.116667,0.0000000,0.0734999,0.7001742,0.000830,0.0000001,0.0045001
14,3.120833,0.0000000,0.0734999,0.7001778,0.000887,0.0000001,0.0045001
14,3.125000,0.0000000,0.0734999,0.7001815,0.000887,0.0000001,0.0045001
14,3.129167,0.0000000,0.0734999,0.7001855,0.000958,0.0000001,0.0045001
14,3.133333,0.0000000,0.0734999,0.7001895,0.000944,0.0000001,0.0045001
14,3.137500,0.0000000,0.0734999,0.7001937,0.001016,0.0000001,0.0045001
14,3.141667,0.0000000,0.0734999,0.7001979,0.001016,0.0000001,0.0045001
14,3.145833,0.0000000,0.0734999,0.7002023,0.001059,0.0000001,0.0045001
14,3.150000,0.0000000,0.0734999,0.7002068,0.001073,0.0000001,0.0045001
14,3.154167,0.0000000,0.0734999,0.7002115,0.001130,0.0000001,0.0045001
14,3.158333,0.0000000,0.0734999,0.7002162,0.001130,0.0000001,0.0045001
14,3.162500,0.0000000,0.0734999,0.7002212,0.001187,0.0000001,0.0045001
14,3.166667,0.0000000,0.0734999,0.7002261,0.001187,0.0000001,0.0045001
14,3.170833,0.0000000,0.0734999,0.7002314,0.001259,0.0000001,0.0045001
14,3.175000,0.0000000,0.0734999,0.7002366,0.001245,0.0000001,0.0045001
14,3.179167,0.0000000,0.0734999,0.7002420,0.001302,0.0000001,0.0045001
14,3.183333,0.0000000,0.0734999,0.7002475,0.001316,0.0000001,0.0045001
14,3.187500,0.0000000,0.0734999,0.7002531,0.001359,0.0000001,0.0045001
14,3.191667,0.0000000,0.0734999,0.7002589,0.001373,0.0000001,0.0045001
14,3.195833,0.0000000,0.0734999,0.7002648,0.001431,0.0000001,0.0045001
14,3.200000,0.0000000,0.0734999,0.7002708,0.001431,0.0000001,0.0045001
14,3.204167,0.0000000,0.0734999,0.7002769,0.001473,0.0000001,0.0045001
14,3.208333,0.0000000,0.0734999,0.7002831,0.001488,0.0000001,0.0045001
14,3.212500,0.0000000,0.0734999,0.7002895,0.001545,0.0000001,0.0045001
14,3.216667,0.0000000,0.0734999,0.7002960,0.001545,0.0000001,0.0045001
14,3.220833,0.0000000,0.0734999,0.7003027,0.001602,0.0000001,0.0045001
14,3.225000,0.0000000,0.0734999,0.7003093,0.001602,0.0000001,0.0045001
14,3.229167,0.0000000,0.0734999,0.7003163,0.001659,0.0000001,0.0045001
14,3.233333,0.0000000,0.0734999,0.7003232,0.001659,0.0000001,0.0045001
14,3.237500,0.0000000,0.0734999,0.7003304,0.001731,0.0000001,0.0045001
14,3.241667,0.0000000,0.0734999,0.7003375,0.001702,0.0000001,0.0045001
14,3.245833,0.0000000,0.0734999,0.7003449,0.001774,0.0000001,0.0045001
14,3.250000,0.0000000,0.0734999,0.7003523,0.001774,0.0000001,0.0045001
14,3.254167,0.0000000,0.0734999,0.7003599,0.001845,0.0000001,0.0045001
14,3.258333,0.0000000,0.0734999,0.7003676,0.001831,0.0000001,0.0045001
14,3.262500,0.0000000,0.0734999,0.7003754,0.001888,0.0000001,0.0045001
14,3.266667,0.0000000,0.0734999,0.7003832,0.001874,0.0000001,0.0045001
14,3.270833,0.0000000,0.0734999,0.7003914,0.001960,0.0000001,0.0045001
14,3.275000,0.0000000,0.0734999,0.7003995,0.001945,0.0000001,0.0045001
14,3.279167,0.0000000,0.0734999,0.7004079,0.002003,0.0000001,0.0045001
14,3.283333,0.0000000,0.0734999,0.7004161,0.001988,0.0000001,0.0045001
14,3.287500,0.0000000,0.0734999,0.7004247,0.002060,0.0000001,0.0045001
14,3.291667,0.0000000,0.0734999,0.7004333,0.002060,0.0000001,0.0045001
14,3.295833,0.0000000,0.0734999,0.7004421,0.002117,0.0000001,0.0045001
14,3.300000,0.0000000,0.0734999,0.7004509,0.002103,0.0000001,0.0045001
14,3.304167,0.0000000,0.0734999,0.7004599,0.002160,0.0000001,0.0045001
14,3.308333,0.0000000,0.0734999,0.7004690,0.002174,0.0000001,0.0045001
14,3.312500,0.0000000,0.0734999,0.7004782,0.002217,0.0000001,0.0045001
14,3.316667,0.0000000,0.0734999,0.7004874,0.002217,0.0000001,0.0045001
14,3.320833,0.0000000,0.0734999,0.7004970,0.002289,0.0000001,0.0045001
14,3.325000,0.0000000,0.0734999,0.7005064,0.002260,0.0000001,0.0045001
14,3.329167,0.0000000,0.0734999,0.7005162,0.002346,0.0000001,0.0045001
14,3.333333,0.0000000,0.0734999,0.7005258,0.002317,0.0000001,0.0045001
14,3.337500,0.0000000,0.0734999,0.7005358,0.002389,0.0000001,0.0045001
14,3.341667,0.0000000,0.0734999,0.7005457,0.002375,0.0000001,0.0045001
14,3.345833,0.0000000,0.0734999,0.7005558,0.002432,0.0000001,0.0045001
14,3.350000,0.0000000,0.0734999,0.7005660,0.002446,0.0000001,0.0045001
14,3.354167,0.0000000,0.0734999,0.7005764,0.002489,0.0000001,0.0045001
14,3.358333,0.0000000,0.0734999,0.7005867,0.002489,0.0000001,0.0045001
14,3.362500,0.0000000,0.0734999,0.7005973,0.002532,0.0000001,0.0045001
14,3.366667,0.0000000,0.0734999,0.7006079,0.002546,0.0000001,0.0045001
14,3.370833,0.0000000,0.0734999,0.7006187,0.002589,0.0000001,0.0045001
14,3.375000,0.0000000,0.0734999,0.7006295,0.002589,0.0000001,0.0045001
14,3.379167,0.0000000,0.0734999,0.7006405,0.002646,0.0000001,0.0045001
14,3.383333,0.0000000,0.0734999,0.7006515,0.002646,0.0000001,0.0045001
14,3.387500,0.0000000,0.0734999,0.7006627,0.002689,0.0000001,0.0045001
14,3.391667,0.0000000,0.0734999,0.7006740,0.002704,0.0000001,0.0045001
14,3.395833,0.0000000,0.0734999,0.7006854,0.002747,0.0000001,0.0045001
14,3.400000,0.0000000,0.0734999,0.7006969,0.002747,0.0000001,0.0045001
14,3.404167,0.0000000,0.0734999,0.7007085,0.002789,0.0000001,0.0045001
14,3.408333,0.0000000,0.0734999,0.7007201,0.002789,0.0000001,0.0045001
14,3.412500,0.0000000,0.0734999,0.7007321,0.002861,0.0000001,0.0045001
14,3.416667,0.0000000,0.0734999,0.7007439,0.002832,0.0000001,0.0045001
14,3.420833,0.0000000,0.0734999,0.7007559,0.002890,0.0000001,0.0045001
14,3.425000,0.0000000,0.0734999,0.7007680,0.002904,0.0000001,0.0045001
14,3.429167,0.0000000,0.0734999,0.7007802,0.002933,0.0000001,0.0045001
14,3.433333,0.0000000,0.0734999,0.7007925,0.002947,0.0000001,0.0045001
14,3.437500,0.0000000,0.0734999,0.7008049,0.002990,0.0000001,0.0045001
14,3.441667,0.0000000,0.0734999,0.7008174,0.002990,0.0000001,0.0045001
14,3.445833,0.0000000,0.0734999,0.7008300,0.003033,0.0000001,0.0045001
14,3.450000,0.0000000,0.0734999,0.7008427,0.003033,0.0000001,0.0045001
14,3.454167,0.0000000,0.0734999,0.7008555,0.003076,0.0000001,0.0045001
14,3.458333,0.0000000,0.0734999,0.7008684,0.003090,0.0000001,0.0045001
14,3.462500,0.0000000,0.0734999,0.7008814,0.003133,0.0000001,0.0045001
14,3.466667,0.0000000,0.0734999,0.7008945,0.003133,0.0000001,0.0045001
14,3.470833,0.0000000,0.0734999,0.7009077,0.003176,0.0000001,0.0045001
14,3.475000,0.0000000,0.0734999,0.7009209,0.003176,0.0000001,0.0045001
14,3.479167,0.0000000,0.0734999,0.7009344,0.003219,0.0000001,0.0045001
14,3.483333,0.0000000,0.0734999,0.7009478,0.003233,0.0000001,0.0045001
14,3.487500,0.0000000,0.0734999,0.7009614,0.003262,0.0000001,0.0045001
14,3.491667,0.0000000,0.0734999,0.7009750,0.003262,0.0000001,0.0045001
14,3.495833,0.0000000,0.0734999,0.7009888,0.003304,0.0000001,0.0045001
14,3.500000,0.0000000,0.0734999,0.7010026,0.003319,0.0000001,0.0045001
14,3.504167,0.0000000,0.0734999,0.7010165,0.003347,0.0000001,0.0045001
14,3.508333,0.0000000,0.0734999,0.7010305,0.003347,0.0000001,0.0045001
14,3.512500,0.0000000,0.0734999,0.7010447,0.003405,0.0000001,0.0045001
14,3.516667,0.0000000,0.0734999,0.7010588,0.003390,0.0000001,0.0045001
14,3.520833,0.0000000,0.0734999,0.7010732,0.003448,0.0000001,0.0045001
14,3.525000,0.0000000,0.0734999,0.7010875,0.003448,0.0000001,0.0045001
14,3.529167,0.0000000,0.0734999,0.7011020,0.003476,0.0000001,0.0045001
14,3.533333,0.0000000,0.0734999,0.7011165,0.003476,0.0000001,0.0045001
14,3.537500,0.0000000,0.0734999,0.7011312,0.003519,0.0000001,0.0045001
14,3.541667,0.0000000,0.0734999,0.7011459,0.003533,0.0000001,0.0045001
14,3.545833,0.0000000,0.0734999,0.7011607,0.003562,0.0000001,0.0045001
14,3.550000,0.0000000,0.0734999,0.7011756,0.003562,0.0000001,0.0045001
14,3.554167,0.0000000,0.0734999,0.7011906,0.003605,0.0000001,0.0045001
14,3.558333,0.0000000,0.0734999,0.7012056,0.003605,0.0000001,0.0045001
14,3.562500,0.0000000,0.0734999,0.7012208,0.003648,0.0000001,0.0045001
14,3.566667,0.0000000,0.0734999,0.7012359,0.003633,0.0000001,0.0045001
14,3.570833,0.0000000,0.0734999,0.7012513,0.003676,0.0000001,0.0045001
14,3.575000,0.0000000,0.0734999,0.7012666,0.003676,0.0000001,0.0045001
14,3.579167,0.0000000,0.0734999,0.7012821,0.003719,0.0000001,0.0045001
14,3.583333,0.0000000,0.0734999,0.7012976,0.003734,0.0000001,0.0045001
14,3.587500,0.0000000,0.0734999,0.7013133,0.003748,0.0000001,0.0045001
14,3.591667,0.0000000,0.0734999,0.7013289,0.003762,0.0000001,0.0045001
14,3.595833,0.0000000,0.0734999,0.7013447,0.003791,0.0000001,0.0045001
14,3.600000,0.0000000,0.0734999,0.7013606,0.003805,0.0000001,0.0045001
14,3.604167,0.0000000,0.0734999,0.7013765,0.003819,0.0000001,0.0045001
14,3.608333,0.0000000,0.0734999,0.7013925,0.003834,0.0000001,0.0045001
14,3.612500,0.0000000,0.0734999,0.7014086,0.003862,0.0000001,0.0045001
14,3.616667,0.0000000,0.0734999,0.7014247,0.003877,0.0000001,0.0045001
14,3.620833,0.0000000,0.0734999,0.7014409,0.003891,0.0000001,0.0045001
14,3.625000,0.0000000,0.0734999,0.7014572,0.003905,0.0000001,0.0045001
14,3.629167,0.0000000,0.0734999,0.7014736,0.003934,0.0000001,0.0045001
14,3.633333,0.0000000,0.0734999,0.7014900,0.003934,0.0000001,0.0045001
14,3.637500,0.0000000,0.0734999,0.7015065,0.003963,0.0000001,0.0045001
14,3.641667,0.0000000,0.0734999,0.7015231,0.003977,0.0000001,0.0045001
14,3.645833,0.0000000,0.0734999,0.7015398,0.004005,0.0000001,0.0045001
14,3.650000,0.0000000,0.0734999,0.7015564,0.004005,0.0000001,0.0045001
14,3.654167,0.0000000,0.0734999,0.7015733,0.004048,0.0000001,0.0045001
14,3.658333,0.0000000,0.0734999,0.7015902,0.004063,0.0000001,0.0045001
14,3.662500,0.0000000,0.0734999,0.7016078,0.004220,0.0000001,0.0045001
14,3.666667,0.0000000,0.0734999,0.7016255,0.004234,0.0000001,0.0045001
14,3.670833,0.0000000,0.0734999,0.7016441,0.004478,0.0000001,0.0045001
14,3.675000,0.0000000,0.0734999,0.7016628,0.004492,0.0000001,0.0045001
14,3.679167,0.0000000,0.0734999,0.7016830,0.004835,0.0000001,0.0045001
14,3.683333,0.0000000,0.0734999,0.7017031,0.004835,0.0000001,0.0045001
14,3.687500,0.0000000,0.0734999,0.7017249,0.005221,0.0000001,0.0045001
14,3.691667,0.0000000,0.0734999,0.7017466,0.005207,0.0000001,0.0045001
14,3.695833,0.0000000,0.0734999,0.7017701,0.005651,0.0000001,0.0045001
14,3.700000,0.0000000,0.0734999,0.7017937,0.005651,0.0000001,0.0045001
14,3.704167,0.0000000,0.0734999,0.7018189,0.006051,0.0000001,0.0045001
14,3.708333,0.0000000,0.0734999,0.7018441,0.006051,0.0000001,0.0045001
14,3.712500,0.0000000,0.0734999,0.7018712,0.006495,0.0000001,0.0045001
14,3.716667,0.0000000,0.0734999,0.7018980,0.006452,0.0000001,0.0045001
14,3.720833,0.0000000,0.0734999,0.7019266,0.006866,0.0000001,0.0045001
14,3.725000,0.0000000,0.0734999,0.7019552,0.006852,0.0000001,0.0045001
14,3.729167,0.0000000,0.0734999,0.7019852,0.007210,0.0000001,0.0045001
14,3.733333,0.0000000,0.0734999,0.7020152,0.007195,0.0000001,0.0045001
14,3.737500,0.0000000,0.0734999,0.7020464,0.007482,0.0000001,0.0045001
14,3.741667,0.0000000,0.0734999,0.7020776,0.007496,0.0000001,0.0045001
14,3.745833,0.0000000,0.0734999,0.7021098,0.007725,0.0000001,0.0045001
14,3.750000,0.0000000,0.0734999,0.7021419,0.007710,0.0000001,0.0045001
14,3.754167,0.0000000,0.0734999,0.7021749,0.007911,0.0000001,0.0045001
14,3.758333,0.0000000,0.0734999,0.7022078,0.007896,0.0000001,0.0045001
14,3.762500,0.0000000,0.0734999,0.7022411,0.007997,0.0000001,0.0045001
14,3.766667,0.0000000,0.0734999,0.7022744,0.007997,0.0000001,0.0045001
14,3.770833,0.0000000,0.0734999,0.7023079,0.008039,0.0000001,0.0045001
14,3.775000,0.0000000,0.0734999,0.7023414,0.008025,0.0000001,0.0045001
14,3.779167,0.0000000,0.0734999,0.7023747,0.007997,0.0000001,0.0045001
14,3.783333,0.0000000,0.0734999,0.7024080,0.007982,0.0000001,0.0045001
14,3.787500,0.0000000,0.0734999,0.7024408,0.007882,0.0000001,0.0045001
14,3.791667,0.0000000,0.0734999,0.7024737,0.007896,0.0000001,0.0045001
14,3.795833,0.0000000,0.0734999,0.7025058,0.007696,0.0000001,0.0045001
14,3.800000,0.0000000,0.0734999,0.7025379,0.007710,0.0000001,0.0045001
14,3.804167,0.0000000,0.0734999,0.7025691,0.007482,0.0000001,0.0045001
14,3.808333,0.0000000,0.0734999,0.7026002,0.007467,0.0000001,0.0045001
14,3.812500,0.0000000,0.0734999,0.7026300,0.007167,0.0000001,0.0045001
14,3.816667,0.0000000,0.0734999,0.7026599,0.007167,0.0000001,0.0045001
14,3.820833,0.0000000,0.0734999,0.7026883,0.006824,0.0000001,0.0045001
14,3.825000,0.0000000,0.0734999,0.7027168,0.006824,0.0000001,0.0045001
14,3.829167,0.0000000,0.0734999,0.7027435,0.006423,0.0000001,0.0045001
14,3.833333,0.0000000,0.0734999,0.7027703,0.006423,0.0000001,0.0045001
14,3.837500,0.0000000,0.0734999,0.7027953,0.005994,0.0000001,0.0045001
14,3.841667,0.0000000,0.0734999,0.7028202,0.005994,0.0000001,0.0045001
14,3.845833,0.0000000,0.0734999,0.7028432,0.005522,0.0000001,0.0045001
14,3.850000,0.0000000,0.0734999,0.7028663,0.005522,0.0000001,0.0045001
14,3.854167,0.0000000,0.0734999,0.7028873,0.005050,0.0000001,0.0045001
14,3.858333,0.0000000,0.0734999,0.7029083,0.005035,0.0000001,0.0045001
14,3.862500,0.0000000,0.0734999,0.7029272,0.004535,0.0000001,0.0045001
14,3.866667,0.0000000,0.0734999,0.7029461,0.004549,0.0000001,0.0045001
14,3.870833,0.0000000,0.0734999,0.7029629,0.004034,0.0000001,0.0045001
14,3.875000,0.0000000,0.0734999,0.7029797,0.004034,0.0000001,0.0045001
14,3.879167,0.0000000,0.0734999,0.7029945,0.003533,0.0000001,0.0045001
14,3.883333,0.0000000,0.0734999,0.7030092,0.003533,0.0000001,0.0045001
14,3.887500,0.0000000,0.0734999,0.7030219,0.003047,0.0000001,0.0045001
14,3.891667,0.0000000,0.0734999,0.7030345,0.003033,0.0000001,0.0045001
14,3.895833,0.0000000,0.0734999,0.7030453,0.002589,0.0000001,0.0045001
14,3.900000,0.0000000,0.0734999,0.7030560,0.002561,0.0000001,0.0045001
14,3.904167,0.0000000,0.0734999,0.7030649,0.002146,0.0000001,0.0045001
14,3.908333,0.0000000,0.0734999,0.7030737,0.002117,0.0000001,0.0045001
14,3.912500,0.0000000,0.0734999,0.7030810,0.001731,0.0000001,0.0045001
14,3.916667,0.0000000,0.0734999,0.7030881,0.001717,0.0000001,0.0045001
14,3.920833,0.0000000,0.0734999,0.7030938,0.001359,0.0000001,0.0045001
14,3.925000,0.0000000,0.0734999,0.7030994,0.001359,0.0000001,0.0045001
14,3.929167,0.0000000,0.0734999,0.7031037,0.001016,0.0000001,0.0045001
14,3.933333,0.0000000,0.0734999,0.7031080,0.001030,0.0000001,0.0045001
14,3.937500,0.0000000,0.0734999,0.7031111,0.000758,0.0000001,0.0045001
14,3.941667,0.0000000,0.0734999,0.7031142,0.000730,0.0000001,0.0045001
14,3.945833,0.0000000,0.0734999,0.7031163,0.000515,0.0000001,0.0045001
14,3.950000,0.0000000,0.0734999,0.7031184,0.000515,0.0000001,0.0045001
14,3.954167,0.0000000,0.0734999,0.7031198,0.000329,0.0000002,0.0045000
14,3.958333,0.0000000,0.0734999,0.7031211,0.000315,0.0000001,0.0045001
14,3.962500,0.0000000,0.0734999,0.7031220,0.000200,0.0000001,0.0045001
14,3.966667,0.0000000,0.0734999,0.7031227,0.000186,0.0000001,0.0045001
14,3.970833,0.0000000,0.0734999,0.7031231,0.000086,0.0000002,0.0045000
14,3.975000,0.0000000,0.0734999,0.7031235,0.000100,0.0000002,0.0045000
14,3.979167,0.0000000,0.0734999,0.7031237,0.000043,0.0000001,0.0045001
14,3.983333,0.0000000,0.0734999,0.7031239,0.000043,0.0000001,0.0045001
14,3.987500,0.0000000,0.0734999,0.7031239,0.000000,0.0000001,0.0045001
14,3.991667,0.0000000,0.0734999,0.7031239,0.000000,0.0000001,0.0045001
14,3.995833,0.0000000,0.0734999,0.7031239,0.000000,0.0000001,0.0045001
14,4.000000,0.0000000,0.0734999,0.7031239,0.000000,0.0000000,0.0045001
15,0.000000,0.0120000,0.5257792,1.1557060,0.000000,0.0000000,0.0025000
15,0.004167,0.0120000,0.5257792,1.1557060,0.000000,0.0000000,0.0025000
15,0.008333,0.0120000,0.5257792,1.1557060,0.000000,0.0000000,0.0025000
15,0.012500,0.0120000,0.5257792,1.1557060,0.000000,0.0000000,0.0025000
15,0.016667,0.0120000,0.5257792,1.1557060,0.000000,0.0000000,0.0025000
15,0.020833,0.0120000,0.5257792,1.1557060,0.000029,0.0000000,0.0025001
15,0.025000,0.0120000,0.5257792,1.1557060,0.000029,0.0000000,0.0025001
15,0.029167,0.0120000,0.5257792,1.1557070,0.000114,0.0000001,0.0025001
15,0.033333,0.0120000,0.5257792,1.1557070,0.000086,0.0000001,0.0025001
15,0.037500,0.0120000,0.5257792,1.1557080,0.000172,0.0000001,0.0025001
15,0.041667,0.0120000,0.5257792,1.1557090,0.000200,0.0000001,0.0025001
15,0.045833,0.0120000,0.5257792,1.1557100,0.000343,0.0000001,0.0025001
15,0.050000,0.0120000,0.5257792,1.1557110,0.000315,0.0000001,0.0025001
15,0.054167,0.0120000,0.5257792,1.1557140,0.000515,0.0000001,0.0025001
15,0.058333,0.0120000,0.5257792,1.1557160,0.000515,0.0000001,0.0025001
15,0.062500,0.0120000,0.5257792,1.1557190,0.000744,0.0000001,0.0025001
15,0.066667,0.0120000,0.5257792,1.1557220,0.000744,0.0000001,0.0025001
15,0.070833,0.0120000,0.5257792,1.1557260,0.001001,0.0000001,0.0025001
15,0.075000,0.0120000,0.5257792,1.1557300,0.001030,0.0000001,0.0025001
15,0.079167,0.0120000,0.5257792,1.1557360,0.001373,0.0000001,0.0025001
15,0.083333,0.0120000,0.5257792,1.1557420,0.001373,0.0000001,0.0025001
15,0.087500,0.0120000,0.5257792,1.1557490,0.001717,0.0000001,0.0025001
15,0.091667,0.0120000,0.5257792,1.1557560,0.001717,0.0000001,0.0025001
15,0.095833,0.0120000,0.5257792,1.1557650,0.002146,0.0000001,0.0025001
15,0.100000,0.0120000,0.5257792,1.1557740,0.002117,0.0000001,0.0025001
15,0.104167,0.0120000,0.5257792,1.1557850,0.002575,0.0000001,0.0025001
15,0.108333,0.0120000,0.5257792,1.1557950,0.002546,0.0000001,0.0025001
15,0.112500,0.0120000,0.5257792,1.1558080,0.003061,0.0000001,0.0025001
15,0.116667,0.0120000,0.5257792,1.1558210,0.003061,0.0000001,0.0025001
15,0.120833,0.0120000,0.5257792,1.1558360,0.003548,0.0000001,0.0025001
15,0.125000,0.0120000,0.5257792,1.1558500,0.003519,0.0000001,0.0025001
15,0.129167,0.0120000,0.5257792,1.1558670,0.004034,0.0000001,0.0025001
15,0.133333,0.0120000,0.5257792,1.1558840,0.004005,0.0000001,0.0025001
15,0.137500,0.0120000,0.5257792,1.1559030,0.004578,0.0000001,0.0025001
15,0.141667,0.0120000,0.5257792,1.1559220,0.004549,0.0000001,0.0025001
15,0.145833,0.0120000,0.5257792,1.1559430,0.005007,0.0000001,0.0025001
15,0.150000,0.0120000,0.5257792,1.1559640,0.005064,0.0000001,0.0025001
15,0.154167,0.0120000,0.5257792,1.1559870,0.005493,0.0000001,0.0025001
15,0.158333,0.0120000,0.5257792,1.1560100,0.005522,0.0000001,0.0025001
15,0.162500,0.0120000,0.5257792,1.1560350,0.006008,0.0000001,0.0025001
15,0.166667,0.0120000,0.5257792,1.1560600,0.005980,0.0000001,0.0025001
15,0.170833,0.0120000,0.5257792,1.1560860,0.006437,0.0000001,0.0025001
15,0.175000,0.0120000,0.5257792,1.1561130,0.006437,0.0000001,0.0025001
15,0.179167,0.0120000,0.5257792,1.1561420,0.006809,0.0000001,0.0025001
15,0.183333,0.0120000,0.5257792,1.1561700,0.006838,0.0000001,0.0025001
15,0.187500,0.0120000,0.5257792,1.1562000,0.007153,0.0000001,0.0025001
15,0.191667,0.0120000,0.5257792,1.1562300,0.007181,0.0000001,0.0025001
15,0.195833,0.0120000,0.5257792,1.1562610,0.007467,0.0000001,0.0025001
15,0.200000,0.0120000,0.5257792,1.1562920,0.007467,0.0000001,0.0025001
15,0.204167,0.0120000,0.5257792,1.1563240,0.007725,0.0000001,0.0025001
15,0.208333,0.0120000,0.5257792,1.1563560,0.007696,0.0000001,0.0025001
15,0.212500,0.0120000,0.5257792,1.1563890,0.007868,0.0000001,0.0025001
15,0.216667,0.0120000,0.5257792,1.1564220,0.007868,0.0000001,0.0025001
15,0.220833,0.0120000,0.5257792,1.1564550,0.008011,0.0000001,0.0025001
15,0.225000,0.0120000,0.5257792,1.1564890,0.008011,0.0000001,0.0025001
15,0.229167,0.0120000,0.5257792,1.1565220,0.008039,0.0000001,0.0025001
15,0.233333,0.0120000,0.5257792,1.1565550,0.008011,0.0000001,0.0025001
15,0.237500,0.0120000,0.5257792,1.1565890,0.007982,0.0000001,0.0025001
15,0.241667,0.0120000,0.5257792,1.1566220,0.008011,0.0000001,0.0025001
15,0.245833,0.0120000,0.5257792,1.1566550,0.007925,0.0000001,0.0025001
15,0.250000,0.0120000,0.5257792,1.1566880,0.007868,0.0000001,0.0025001
15,0.254167,0.0120000,0.5257792,1.1567200,0.007725,0.0000001,0.0025001
15,0.258333,0.0120000,0.5257792,1.1567520,0.007725,0.0000001,0.0025001
15,0.262500,0.0120000,0.5257792,1.1567840,0.007524,0.0000001,0.0025001
15,0.266667,0.0120000,0.5257792,1.1568150,0.007467,0.0000001,0.0025001
15,0.270833,0.0120000,0.5257792,1.1568450,0.007181,0.0000001,0.0025001
15,0.275000,0.0120000,0.5257792,1.1568750,0.007210,0.0000001,0.0025001
15,0.279167,0.0120000,0.5257792,1.1569030,0.006866,0.0000001,0.0025001
15,0.283333,0.0120000,0.5257792,1.1569320,0.006838,0.0000001,0.0025001
15,0.287500,0.0120000,0.5257792,1.1569590,0.006466,0.0000001,0.0025001
15,0.291667,0.0120000,0.5257792,1.1569860,0.006495,0.0000001,0.0025001
15,0.295833,0.0120000,0.5257792,1.1570110,0.006037,0.0000001,0.0025001
15,0.300000,0.0120000,0.5257792,1.1570360,0.006094,0.0000001,0.0025001
15,0.304167,0.0120000,0.5257792,1.1570600,0.005636,0.0000001,0.0025001
15,0.308333,0.0120000,0.5257792,1.1570830,0.005636,0.0000001,0.0025001
15,0.312500,0.0120000,0.5257792,1.1571050,0.005236,0.0000001,0.0025001
15,0.316667,0.0120000,0.5257792,1.1571270,0.005207,0.0000001,0.0025001
15,0.320833,0.0120000,0.5257792,1.1571470,0.004835,0.0000001,0.0025001
15,0.325000,0.0120000,0.5257792,1.1571670,0.004835,0.0000001,0.0025001
15,0.329167,0.0120000,0.5257792,1.1571860,0.004463,0.0000001,0.0025001
15,0.333333,0.0120000,0.5257792,1.1572040,0.004492,0.0000001,0.0025001
15,0.337500,0.0120000,0.5257792,1.1572220,0.004234,0.0000001,0.0025001
15,0.341667,0.0120000,0.5257792,1.1572400,0.004206,0.0000001,0.0025001
15,0.345833,0.0120000,0.5257792,1.1572560,0.004063,0.0000001,0.0025001
15,0.350000,0.0120000,0.5257792,1.1572730,0.004063,0.0000001,0.0025001
15,0.354167,0.0120000,0.5257792,1.1572900,0.004034,0.0000001,0.0025001
15,0.358333,0.0120000,0.5257792,1.1573070,0.003977,0.0000001,0.0025001
15,0.362500,0.0120000,0.5257792,1.1573230,0.003977,0.0000001,0.0025001
15,0.366667,0.0120000,0.5257792,1.1573400,0.003977,0.0000001,0.0025001
15,0.370833,0.0120000,0.5257792,1.1573560,0.003920,0.0000001,0.0025001
15,0.375000,0.0120000,0.5257792,1.1573720,0.003891,0.0000001,0.0025001
15,0.379167,0.0120000,0.5257792,1.1573890,0.003948,0.0000001,0.0025001
15,0.383333,0.0120000,0.5257792,1.1574050,0.003891,0.0000001,0.0025001
15,0.387500,0.0120000,0.5257792,1.1574210,0.003891,0.0000001,0.0025001
15,0.391667,0.0120000,0.5257792,1.1574370,0.003862,0.0000001,0.0025001
15,0.395833,0.0120000,0.5257792,1.1574530,0.003805,0.0000001,0.0025001
15,0.400000,0.0120000,0.5257792,1.1574690,0.003834,0.0000001,0.0025001
15,0.404167,0.0120000,0.5257792,1.1574850,0.003834,0.0000001,0.0025001
15,0.408333,0.0120000,0.5257792,1.1575010,0.003777,0.0000001,0.0025001
15,0.412500,0.0120000,0.5257792,1.1575170,0.003748,0.0000001,0.0025001
15,0.416667,0.0120000,0.5257792,1.1575320,0.003748,0.0000001,0.0025001
15,0.420833,0.0120000,0.5257792,1.1575480,0.003748,0.0000001,0.0025001
15,0.425000,0.0120000,0.5257792,1.1575630,0.003691,0.0000001,0.0025001
15,0.429167,0.0120000,0.5257792,1.1575780,0.003662,0.0000001,0.0025001
15,0.433333,0.0120000,0.5257792,1.1575940,0.003719,0.0000001,0.0025001
15,0.437500,0.0120000,0.5257792,1.1576090,0.003633,0.0000001,0.0025001
15,0.441667,0.0120000,0.5257792,1.1576240,0.003662,0.0000001,0.0025001
15,0.445833,0.0120000,0.5257792,1.1576390,0.003576,0.0000001,0.0025001
15,0.450000,0.0120000,0.5257792,1.1576540,0.003605,0.0000001,0.0025001
15,0.454167,0.0120000,0.5257792,1.1576690,0.003576,0.0000001,0.0025001
15,0.458333,0.0120000,0.5257792,1.1576840,0.003576,0.0000001,0.0025001
15,0.462500,0.0120000,0.5257792,1.1576990,0.003490,0.0000001,0.0025001
15,0.466667,0.0120000,0.5257792,1.1577130,0.003548,0.0000001,0.0025001
15,0.470833,0.0120000,0.5257792,1.1577280,0.003462,0.0000002,0.0024999
15,0.475000,0.0120000,0.5257792,1.1577420,0.003490,0.0000002,0.0024999
15,0.479167,0.0120000,0.5257792,1.1577570,0.003462,0.0000002,0.0025000
15,0.483333,0.0120000,0.5257792,1.1577710,0.003405,0.0000002,0.0024999
15,0.487500,0.0120000,0.5257792,1.1577850,0.003376,0.0000002,0.0025000
15,0.491667,0.0120000,0.5257792,1.1577990,0.003405,0.0000002,0.0024999
15,0.495833,0.0120000,0.5257792,1.1578130,0.003376,0.0000002,0.0024999
15,0.500000,0.0120000,0.5257792,1.1578270,0.003376,0.0000001,0.0025001
15,0.504167,0.0120000,0.5257792,1.1578410,0.003319,0.0000002,0.0025001
15,0.508333,0.0120000,0.5257792,1.1578550,0.003290,0.0000001,0.0025001
15,0.512500,0.0119999,0.5257791,1.1578680,0.003233,0.0000002,0.0025000
15,0.516667,0.0119997,0.5257790,1.1578820,0.003262,0.0000002,0.0025000
15,0.520833,0.0119994,0.5257788,1.1578950,0.003176,0.0000004,0.0024999
15,0.525000,0.0119991,0.5257786,1.1579080,0.003176,0.0000004,0.0024999
15,0.529167,0.0119985,0.5257782,1.1579210,0.003061,0.0000006,0.0024997
15,0.533333,0.0119979,0.5257779,1.1579340,0.003090,0.0000001,0.0025001
15,0.537500,0.0119969,0.5257773,1.1579470,0.003004,0.0000002,0.0025001
15,0.541667,0.0119959,0.5257767,1.1579590,0.003004,0.0000003,0.0025002
15,0.545833,0.0119944,0.5257758,1.1579710,0.002832,0.0000002,0.0025001
15,0.550000,0.0119930,0.5257750,1.1579830,0.002861,0.0000003,0.0025001
15,0.554167,0.0119909,0.5257737,1.1579940,0.002747,0.0000003,0.0025000
15,0.558333,0.0119889,0.5257725,1.1580060,0.002775,0.0000002,0.0025000
15,0.562500,0.0119863,0.5257709,1.1580170,0.002575,0.0000003,0.0024999
15,0.566667,0.0119836,0.5257694,1.1580280,0.002661,0.0000002,0.0025000
15,0.570833,0.0119802,0.5257673,1.1580380,0.002403,0.0000002,0.0024999
15,0.575000,0.0119768,0.5257653,1.1580480,0.002460,0.0000003,0.0025002
15,0.579167,0.0119727,0.5257628,1.1580570,0.002289,0.0000001,0.0025000
15,0.583333,0.0119685,0.5257603,1.1580670,0.002317,0.0000002,0.0025000
15,0.587500,0.0119635,0.5257573,1.1580760,0.002089,0.0000004,0.0024998
15,0.591667,0.0119584,0.5257543,1.1580850,0.002146,0.0000002,0.0025000
15,0.595833,0.0119525,0.5257507,1.1580930,0.001945,0.0000004,0.0024999
15,0.600000,0.0119465,0.5257471,1.1581010,0.001917,0.0000001,0.0025001
15,0.604167,0.0119396,0.5257429,1.1581080,0.001745,0.0000002,0.0025000
15,0.608333,0.0119326,0.5257387,1.1581150,0.001717,0.0000002,0.0025001
15,0.612500,0.0119246,0.5257339,1.1581220,0.001545,0.0000003,0.0025000
15,0.616667,0.0119165,0.5257291,1.1581280,0.001574,0.0000002,0.0025001
15,0.620833,0.0119074,0.5257236,1.1581340,0.001287,0.0000005,0.0024999
15,0.625000,0.0118982,0.5257182,1.1581390,0.001345,0.0000002,0.0025000
15,0.629167,0.0118879,0.5257120,1.1581440,0.001116,0.0000006,0.0024997
15,0.633333,0.0118776,0.5257058,1.1581490,0.001116,0.0000001,0.0025000
15,0.637500,0.0118660,0.5256988,1.1581520,0.000887,0.0000003,0.0024999
15,0.641667,0.0118545,0.5256919,1.1581560,0.000858,0.0000002,0.0025000
15,0.645833,0.0118416,0.5256842,1.1581590,0.000658,0.0000005,0.0024999
15,0.650000,0.0118288,0.5256765,1.1581610,0.000629,0.0000002,0.0025001
15,0.654167,0.0118146,0.5256679,1.1581630,0.000401,0.0000005,0.0024998
15,0.658333,0.0118005,0.5256594,1.1581640,0.000372,0.0000003,0.0025000
15,0.662500,0.0117849,0.5256501,1.1581650,0.000143,0.0000007,0.0024998
15,0.666667,0.0117693,0.5256408,1.1581660,0.000143,0.0000002,0.0025001
15,0.670833,0.0117524,0.5256306,1.1581650,-0.000114,0.0000005,0.0024997
15,0.675000,0.0117354,0.5256204,1.1581650,-0.000114,0.0000003,0.0024999
15,0.679167,0.0117170,0.5256093,1.1581630,-0.000401,0.0000006,0.0024997
15,0.683333,0.0116985,0.5255983,1.1581610,-0.000401,0.0000001,0.0025001
15,0.687500,0.0116786,0.5255864,1.1581590,-0.000601,0.0000005,0.0024998
15,0.691667,0.0116586,0.5255744,1.1581560,-0.000658,0.0000001,0.0025000
15,0.695833,0.0116372,0.5255615,1.1581520,-0.000944,0.0000006,0.0024998
15,0.700000,0.0116157,0.5255486,1.1581480,-0.000916,0.0000002,0.0025000
15,0.704167,0.0115926,0.5255347,1.1581430,-0.001259,0.0000004,0.0024998
15,0.708333,0.0115696,0.5255209,1.1581380,-0.001202,0.0000002,0.0025001
15,0.712500,0.0115450,0.5255061,1.1581320,-0.001516,0.0000005,0.0024997
15,0.716667,0.0115203,0.5254914,1.1581260,-0.001488,0.0000001,0.0025001
15,0.720833,0.0114940,0.5254756,1.1581180,-0.001774,0.0000006,0.0024998
15,0.725000,0.0114678,0.5254598,1.1581110,-0.001774,0.0000001,0.0025000
15,0.729167,0.0114398,0.5254431,1.1581020,-0.002060,0.0000006,0.0024996
15,0.733333,0.0114119,0.5254263,1.1580930,-0.002117,0.0000001,0.0025001
15,0.737500,0.0113823,0.5254086,1.1580830,-0.002375,0.0000005,0.0024997
15,0.741667,0.0113527,0.5253908,1.1580730,-0.002403,0.0000002,0.0025001
15,0.745833,0.0113214,0.5253720,1.1580620,-0.002632,0.0000005,0.0024998
15,0.750000,0.0112901,0.5253533,1.1580510,-0.002689,0.0000002,0.0025000
15,0.754167,0.0112571,0.5253335,1.1580390,-0.003004,0.0000005,0.0024998
15,0.758333,0.0112241,0.5253137,1.1580260,-0.002975,0.0000002,0.0025001
15,0.762500,0.0111894,0.5252928,1.1580130,-0.003262,0.0000006,0.0024998
15,0.766667,0.0111546,0.5252720,1.1579990,-0.003319,0.0000002,0.0025001
15,0.770833,0.0111181,0.5252500,1.1579840,-0.003633,0.0000007,0.0024997
15,0.775000,0.0110817,0.5252282,1.1579690,-0.003605,0.0000002,0.0025001
15,0.779167,0.0110434,0.5252053,1.1579530,-0.003891,0.0000005,0.0024999
15,0.783333,0.0110052,0.5251823,1.1579360,-0.003948,0.0000002,0.0025000
15,0.787500,0.0109652,0.5251583,1.1579180,-0.004234,0.0000006,0.0024998
15,0.791667,0.0109252,0.5251342,1.1579010,-0.004234,0.0000002,0.0025000
15,0.795833,0.0108834,0.5251092,1.1578820,-0.004578,0.0000006,0.0024998
15,0.800000,0.0108416,0.5250841,1.1578630,-0.004520,0.0000002,0.0025001
15,0.804167,0.0107980,0.5250580,1.1578430,-0.004864,0.0000008,0.0024997
15,0.808333,0.0107545,0.5250318,1.1578220,-0.004864,0.0000004,0.0025000
15,0.812500,0.0107092,0.5250047,1.1578010,-0.005178,0.0000007,0.0024997
15,0.816667,0.0106638,0.5249775,1.1577790,-0.005207,0.0000003,0.0025001
15,0.820833,0.0106167,0.5249492,1.1577560,-0.005493,0.0000006,0.0024997
15,0.825000,0.0105696,0.5249209,1.1577330,-0.005493,0.0000003,0.0025001
15,0.829167,0.0105207,0.5248916,1.1577090,-0.005808,0.0000006,0.0024996
15,0.833333,0.0104718,0.5248622,1.1576850,-0.005808,0.0000003,0.0025000
15,0.837500,0.0104211,0.5248318,1.1576590,-0.006180,0.0000007,0.0024997
15,0.841667,0.0103704,0.5248014,1.1576330,-0.006180,0.0000003,0.0024998
15,0.845833,0.0103180,0.5247700,1.1576070,-0.006437,0.0000005,0.0024998
15,0.850000,0.0102655,0.5247385,1.1575800,-0.006466,0.0000002,0.0025000
15,0.854167,0.0102113,0.5247059,1.1575510,-0.006781,0.0000006,0.0024998
15,0.858333,0.0101571,0.5246735,1.1575230,-0.006781,0.0000002,0.0025001
15,0.862500,0.0101011,0.5246398,1.1574930,-0.007124,0.0000005,0.0024998
15,0.866667,0.0100451,0.5246063,1.1574640,-0.007095,0.0000002,0.0025001
15,0.870833,0.0099874,0.5245716,1.1574330,-0.007410,0.0000006,0.0024997
15,0.875000,0.0099297,0.5245370,1.1574020,-0.007410,0.0000002,0.0025001
15,0.879167,0.0098702,0.5245013,1.1573700,-0.007753,0.0000004,0.0024999
15,0.883333,0.0098108,0.5244656,1.1573380,-0.007725,0.0000002,0.0025000
15,0.887500,0.0097496,0.5244289,1.1573040,-0.008039,0.0000005,0.0024998
15,0.891667,0.0096884,0.5243922,1.1572710,-0.008011,0.0000002,0.0025001
15,0.895833,0.0096255,0.5243545,1.1572360,-0.008354,0.0000005,0.0024998
15,0.900000,0.0095626,0.5243168,1.1572010,-0.008354,0.0000002,0.0025001
15,0.904167,0.0094980,0.5242780,1.1571650,-0.008669,0.0000006,0.0024997
15,0.908333,0.0094335,0.5242392,1.1571290,-0.008669,0.0000003,0.0024999
15,0.912500,0.0093672,0.5241995,1.1570920,-0.008955,0.0000005,0.0024997
15,0.916667,0.0093010,0.5241598,1.1570540,-0.008984,0.0000002,0.0025001
15,0.920833,0.0092331,0.5241190,1.1570160,-0.009241,0.0000004,0.0024999
15,0.925000,0.0091652,0.5240783,1.1569770,-0.009298,0.0000003,0.0025001
15,0.929167,0.0090956,0.5240366,1.1569370,-0.009584,0.0000005,0.0024998
15,0.933333,0.0090261,0.5239949,1.1568970,-0.009556,0.0000003,0.0025001
15,0.937500,0.0089550,0.5239521,1.1568560,-0.009899,0.0000005,0.0024997
15,0.941667,0.0088838,0.5239095,1.1568150,-0.009899,0.0000002,0.0025000
15,0.945833,0.0088111,0.5238659,1.1567720,-0.010157,0.0000005,0.0024997
15,0.950000,0.0087384,0.5238222,1.1567300,-0.010185,0.0000003,0.0024999
15,0.954167,0.0086641,0.5237776,1.1566860,-0.010471,0.0000004,0.0024998
15,0.958333,0.0085899,0.5237331,1.1566430,-0.010471,0.0000003,0.0025000
15,0.962500,0.0085141,0.5236875,1.1565980,-0.010757,0.0000006,0.0024998
15,0.966667,0.0084383,0.5236421,1.1565530,-0.010757,0.0000003,0.0025000
15,0.970833,0.0083609,0.5235958,1.1565070,-0.011044,0.0000005,0.0024998
15,0.975000,0.0082837,0.5235494,1.1564610,-0.011072,0.0000003,0.0024999
15,0.979167,0.0082049,0.5235021,1.1564140,-0.011301,0.0000005,0.0024998
15,0.983333,0.0081261,0.5234548,1.1563660,-0.011358,0.0000003,0.0024999
15,0.987500,0.0080459,0.5234067,1.1563180,-0.011559,0.0000004,0.0024998
15,0.991667,0.0079657,0.5233586,1.1562700,-0.011587,0.0000003,0.0025001
15,0.995833,0.0078841,0.5233096,1.1562200,-0.011902,0.0000004,0.0024998
15,1.000000,0.0078025,0.5232607,1.1561710,-0.011873,0.0000003,0.0025000
15,1.004167,0.0077195,0.5232109,1.1561200,-0.012159,0.0000004,0.0024998
15,1.008333,0.0076365,0.5231611,1.1560700,-0.012131,0.0000004,0.0024999
15,1.012500,0.0075522,0.5231104,1.1560180,-0.012388,0.0000005,0.0024999
15,1.016667,0.0074679,0.5230599,1.1559660,-0.012417,0.0000003,0.0025000
15,1.020833,0.0073822,0.5230085,1.1559140,-0.012646,0.0000006,0.0024998
15,1.025000,0.0072966,0.5229571,1.1558610,-0.012703,0.0000003,0.0025001
15,1.029167,0.0072097,0.5229050,1.1558070,-0.012932,0.0000004,0.0024998
15,1.033333,0.0071228,0.5228528,1.1557530,-0.012875,0.0000004,0.0025000
15,1.037500,0.0070347,0.5228000,1.1556980,-0.013189,0.0000005,0.0024998
15,1.041667,0.0069466,0.5227472,1.1556430,-0.013161,0.0000004,0.0024999
15,1.045833,0.0068573,0.5226936,1.1555880,-0.013390,0.0000005,0.0024997
15,1.050000,0.0067680,0.5226400,1.1555320,-0.013390,0.0000004,0.0024999
15,1.054167,0.0066776,0.5225857,1.1554750,-0.013647,0.0000004,0.0024998
15,1.058333,0.0065871,0.5225314,1.1554180,-0.013618,0.0000005,0.0025000
15,1.062500,0.0064956,0.5224765,1.1553600,-0.013876,0.0000005,0.0024998
15,1.066667,0.0064040,0.5224215,1.1553030,-0.013905,0.0000003,0.0025000
15,1.070833,0.0063114,0.5223660,1.1552440,-0.014105,0.0000004,0.0024999
15,1.075000,0.0062188,0.5223104,1.1551850,-0.014105,0.0000003,0.0025000
15,1.079167,0.0061252,0.5222542,1.1551250,-0.014305,0.0000004,0.0024998
15,1.083333,0.0060315,0.5221980,1.1550660,-0.014334,0.0000003,0.0025000
15,1.087500,0.0059369,0.5221413,1.1550050,-0.014505,0.0000004,0.0024998
15,1.091667,0.0058423,0.5220846,1.1549450,-0.014534,0.0000004,0.0025000
15,1.095833,0.0057467,0.5220272,1.1548830,-0.014734,0.0000003,0.0024998
15,1.100000,0.0056512,0.5219699,1.1548220,-0.014706,0.0000004,0.0024998
15,1.104167,0.0055548,0.5219120,1.1547600,-0.014935,0.0000005,0.0024996
15,1.108333,0.0054583,0.5218542,1.1546970,-0.014963,0.0000004,0.0024998
15,1.112500,0.0053610,0.5217958,1.1546340,-0.015106,0.0000003,0.0024998
15,1.116667,0.0052638,0.5217374,1.1545710,-0.015163,0.0000004,0.0024999
15,1.120833,0.0051657,0.5216786,1.1545070,-0.015335,0.0000004,0.0024999
15,1.125000,0.0050676,0.5216197,1.1544440,-0.015278,0.0000004,0.0025001
15,1.129167,0.0049688,0.5215604,1.1543790,-0.015535,0.0000005,0.0024998
15,1.133333,0.0048700,0.5215012,1.1543140,-0.015507,0.0000003,0.0025001
15,1.137500,0.0047704,0.5214415,1.1542490,-0.015650,0.0000003,0.0024999
15,1.141667,0.0046709,0.5213817,1.1541840,-0.015678,0.0000004,0.0024999
15,1.145833,0.0045707,0.5213216,1.1541180,-0.015850,0.0000004,0.0024998
15,1.150000,0.0044705,0.5212615,1.1540520,-0.015850,0.0000004,0.0025001
15,1.154167,0.0043697,0.5212010,1.1539850,-0.015965,0.0000003,0.0024999
15,1.158333,0.0042689,0.5211406,1.1539190,-0.015965,0.0000005,0.0025001
15,1.162500,0.0041676,0.5210797,1.1538510,-0.016165,0.0000004,0.0025000
15,1.166667,0.0040662,0.5210189,1.1537840,-0.016165,0.0000004,0.0025000
15,1.170833,0.0039644,0.5209578,1.1537160,-0.016308,0.0000003,0.0025000
15,1.175000,0.0038625,0.5208967,1.1536480,-0.016251,0.0000003,0.0024999
15,1.179167,0.0037602,0.5208353,1.1535800,-0.016422,0.0000004,0.0024999
15,1.183333,0.0036579,0.5207739,1.1535120,-0.016422,0.0000004,0.0025000
15,1.187500,0.0035552,0.5207123,1.1534430,-0.016565,0.0000004,0.0025000
15,1.191667,0.0034525,0.5206507,1.1533730,-0.016594,0.0000005,0.0025001
15,1.195833,0.0033494,0.5205888,1.1533040,-0.016680,0.0000005,0.0025000
15,1.200000,0.0032463,0.5205269,1.1532340,-0.016651,0.0000004,0.0025000
15,1.204167,0.0031429,0.5204649,1.1531650,-0.016794,0.0000003,0.0025000
15,1.208333,0.0030395,0.5204028,1.1530950,-0.016794,0.0000003,0.0025001
15,1.212500,0.0029359,0.5203407,1.1530240,-0.016880,0.0000004,0.0025000
15,1.216667,0.0028322,0.5202785,1.1529540,-0.016909,0.0000004,0.0025001
15,1.220833,0.0027284,0.5202162,1.1528830,-0.017023,0.0000005,0.0025001
15,1.225000,0.0026245,0.5201539,1.1528120,-0.017023,0.0000006,0.0025002
15,1.229167,0.0025205,0.5200915,1.1527410,-0.017080,0.0000005,0.0025002
15,1.233333,0.0024165,0.5200291,1.1526700,-0.017052,0.0000005,0.0025001
15,1.237500,0.0023124,0.5199667,1.1525980,-0.017195,0.0000004,0.0025001
15,1.241667,0.0022083,0.5199042,1.1525260,-0.017166,0.0000004,0.0025001
15,1.245833,0.0021042,0.5198417,1.1524550,-0.017252,0.0000004,0.0025001
15,1.250000,0.0020000,0.5197791,1.1523830,-0.017223,0.0000005,0.0025001
15,1.254167,0.0018958,0.5197167,1.1523110,-0.017338,0.0000006,0.0025001
15,1.258333,0.0017917,0.5196542,1.1522380,-0.017309,0.0000007,0.0025001
15,1.262500,0.0016876,0.5195917,1.1521660,-0.017395,0.0000007,0.0025001
15,1.266667,0.0015835,0.5195292,1.1520940,-0.017338,0.0000005,0.0025000
15,1.270833,0.0014795,0.5194669,1.1520210,-0.017424,0.0000005,0.0025000
15,1.275000,0.0013755,0.5194045,1.1519480,-0.017452,0.0000004,0.0024999
15,1.279167,0.0012716,0.5193421,1.1518760,-0.017424,0.0000005,0.0025001
15,1.283333,0.0011678,0.5192798,1.1518030,-0.017424,0.0000005,0.0025000
15,1.287500,0.0010641,0.5192176,1.1517300,-0.017538,0.0000007,0.0025001
15,1.291667,0.0009605,0.5191554,1.1516570,-0.017509,0.0000006,0.0025002
15,1.295833,0.0008571,0.5190934,1.1515840,-0.017538,0.0000007,0.0025001
15,1.300000,0.0007537,0.5190313,1.1515110,-0.017509,0.0000006,0.0025001
15,1.304167,0.0006506,0.5189695,1.1514380,-0.017595,0.0000005,0.0025000
15,1.308333,0.0005475,0.5189077,1.1513650,-0.017509,0.0000004,0.0025000
15,1.312500,0.0004448,0.5188460,1.1512920,-0.017567,0.0000006,0.0025000
15,1.316667,0.0003421,0.5187844,1.1512190,-0.017538,0.0000005,0.0025000
15,1.320833,0.0002398,0.5187231,1.1511450,-0.017567,0.0000007,0.0025002
15,1.325000,0.0001375,0.5186617,1.1510730,-0.017509,0.0000007,0.0025000
15,1.329167,0.0000356,0.5186005,1.1509990,-0.017567,0.0000008,0.0025002
15,1.333333,-0.0000662,0.5185394,1.1509260,-0.017567,0.0000006,0.0025000
15,1.337500,-0.0001676,0.5184786,1.1508530,-0.017538,0.0000006,0.0025001
15,1.341667,-0.0002689,0.5184178,1.1507800,-0.017509,0.0000005,0.0024999
15,1.345833,-0.0003697,0.5183574,1.1507070,-0.017538,0.0000007,0.0025001
15,1.350000,-0.0004705,0.5182969,1.1506340,-0.017538,0.0000006,0.0025000
15,1.354167,-0.0005707,0.5182368,1.1505610,-0.017538,0.0000008,0.0025002
15,1.358333,-0.0006709,0.5181766,1.1504880,-0.017452,0.0000007,0.0025000
15,1.362500,-0.0007704,0.5181169,1.1504150,-0.017481,0.0000009,0.0025001
15,1.366667,-0.0008700,0.5180572,1.1503430,-0.017452,0.0000006,0.0025001
15,1.370833,-0.0009688,0.5179979,1.1502700,-0.017395,0.0000007,0.0025001
15,1.375000,-0.0010676,0.5179386,1.1501980,-0.017395,0.0000005,0.0025000
15,1.379167,-0.0011657,0.5178797,1.1501250,-0.017395,0.0000007,0.0025003
15,1.383333,-0.0012638,0.5178210,1.1500530,-0.017338,0.0000007,0.0025001
15,1.387500,-0.0013610,0.5177625,1.1499810,-0.017338,0.0000009,0.0025002
15,1.391667,-0.0014583,0.5177042,1.1499090,-0.017309,0.0000007,0.0025001
15,1.395833,-0.0015548,0.5176463,1.1498370,-0.017223,0.0000010,0.0025002
15,1.400000,-0.0016512,0.5175885,1.1497650,-0.017195,0.0000006,0.0025001
15,1.404167,-0.0017468,0.5175312,1.1496940,-0.017166,0.0000008,0.0025002
15,1.408333,-0.0018423,0.5174738,1.1496220,-0.017166,0.0000006,0.0025000
15,1.412500,-0.0019369,0.5174170,1.1495510,-0.017052,0.0000008,0.0025002
15,1.416667,-0.0020315,0.5173603,1.1494800,-0.017052,0.0000007,0.0025001
15,1.420833,-0.0021252,0.5173041,1.1494090,-0.016994,0.0000010,0.0025003
15,1.425000,-0.0022188,0.5172479,1.1493380,-0.016994,0.0000007,0.0025002
15,1.429167,-0.0023114,0.5171923,1.1492680,-0.016851,0.0000010,0.0025002
15,1.433333,-0.0024040,0.5171368,1.1491980,-0.016909,0.0000007,0.0025001
15,1.437500,-0.0024956,0.5170818,1.1491280,-0.016766,0.0000009,0.0025002
15,1.441667,-0.0025871,0.5170269,1.1490580,-0.016766,0.0000006,0.0025000
15,1.445833,-0.0026776,0.5169726,1.1489880,-0.016680,0.0000009,0.0025002
15,1.450000,-0.0027680,0.5169184,1.1489190,-0.016708,0.0000007,0.0025001
15,1.454167,-0.0028573,0.5168648,1.1488500,-0.016537,0.0000010,0.0025003
15,1.458333,-0.0029466,0.5168112,1.1487810,-0.016565,0.0000008,0.0025000
15,1.462500,-0.0030347,0.5167583,1.1487130,-0.016422,0.0000011,0.0025001
15,1.466667,-0.0031228,0.5167055,1.1486440,-0.016422,0.0000008,0.0025000
15,1.470833,-0.0032097,0.5166533,1.1485760,-0.016308,0.0000010,0.0025001
15,1.475000,-0.0032966,0.5166011,1.1485080,-0.016279,0.0000007,0.0024999
15,1.479167,-0.0033822,0.5165498,1.1484410,-0.016165,0.0000010,0.0025001
15,1.483333,-0.0034679,0.5164984,1.1483730,-0.016193,0.0000008,0.0025000
15,1.487500,-0.0035522,0.5164478,1.1483070,-0.015993,0.0000011,0.0025001
15,1.491667,-0.0036365,0.5163972,1.1482400,-0.015965,0.0000008,0.0025001
15,1.495833,-0.0037195,0.5163475,1.1481740,-0.015879,0.0000012,0.0025003
15,1.500000,-0.0038025,0.5162977,1.1481080,-0.015821,0.0000008,0.0025001
15,1.504167,-0.0038841,0.5162487,1.1480430,-0.015736,0.0000011,0.0025002
15,1.508333,-0.0039657,0.5161998,1.1479770,-0.015678,0.0000007,0.0025001
15,1.512500,-0.0040459,0.5161516,1.1479130,-0.015564,0.0000011,0.0025002
15,1.516667,-0.0041261,0.5161034,1.1478480,-0.015564,0.0000008,0.0025000
15,1.520833,-0.0042049,0.5160562,1.1477840,-0.015335,0.0000012,0.0025003
15,1.525000,-0.0042837,0.5160090,1.1477200,-0.015364,0.0000008,0.0025001
15,1.529167,-0.0043610,0.5159625,1.1476560,-0.015192,0.0000012,0.0025002
15,1.533333,-0.0044383,0.5159162,1.1475930,-0.015221,0.0000008,0.0025001
15,1.537500,-0.0045141,0.5158707,1.1475300,-0.015020,0.0000011,0.0025003
15,1.541667,-0.0045899,0.5158252,1.1474680,-0.015020,0.0000007,0.0025001
15,1.545833,-0.0046641,0.5157807,1.1474060,-0.014820,0.0000011,0.0025003
15,1.550000,-0.0047384,0.5157362,1.1473440,-0.014820,0.0000008,0.0025000
15,1.554167,-0.0048111,0.5156925,1.1472830,-0.014620,0.0000012,0.0025002
15,1.558333,-0.0048838,0.5156489,1.1472230,-0.014591,0.0000008,0.0025000
15,1.562500,-0.0049550,0.5156062,1.1471620,-0.014448,0.0000013,0.0025003
15,1.566667,-0.0050261,0.5155635,1.1471020,-0.014448,0.0000008,0.0025001
15,1.570833,-0.0050956,0.5155218,1.1470430,-0.014248,0.0000012,0.0025003
15,1.575000,-0.0051652,0.5154801,1.1469840,-0.014219,0.0000007,0.0025001
15,1.579167,-0.0052331,0.5154393,1.1469250,-0.014076,0.0000012,0.0025002
15,1.583333,-0.0053010,0.5153986,1.1468670,-0.014019,0.0000008,0.0025001
15,1.587500,-0.0053672,0.5153589,1.1468090,-0.013847,0.0000013,0.0025003
15,1.591667,-0.0054335,0.5153191,1.1467510,-0.013819,0.0000009,0.0024999
15,1.595833,-0.0054981,0.5152804,1.1466940,-0.013647,0.0000013,0.0025003
15,1.600000,-0.0055626,0.5152416,1.1466380,-0.013561,0.0000008,0.0025000
15,1.604167,-0.0056255,0.5152039,1.1465820,-0.013418,0.0000012,0.0025003
15,1.608333,-0.0056884,0.5151662,1.1465260,-0.013361,0.0000008,0.0025000
15,1.612500,-0.0057496,0.5151294,1.1464710,-0.013189,0.0000012,0.0025001
15,1.616667,-0.0058108,0.5150927,1.1464160,-0.013189,0.0000008,0.0025000
15,1.620833,-0.0058702,0.5150570,1.1463630,-0.012932,0.0000013,0.0025004
15,1.625000,-0.0059297,0.5150214,1.1463090,-0.012960,0.0000008,0.0025002
15,1.629167,-0.0059874,0.5149868,1.1462550,-0.012732,0.0000013,0.0025003
15,1.633333,-0.0060451,0.5149521,1.1462020,-0.012732,0.0000008,0.0025001
15,1.637500,-0.0061011,0.5149185,1.1461500,-0.012474,0.0000013,0.0025002
15,1.641667,-0.0061571,0.5148849,1.1460990,-0.012445,0.0000008,0.0025000
15,1.645833,-0.0062113,0.5148524,1.1460470,-0.012331,0.0000012,0.0025002
15,1.650000,-0.0062655,0.5148199,1.1459960,-0.012302,0.0000008,0.0025000
15,1.654167,-0.0063180,0.5147883,1.1459460,-0.012016,0.0000013,0.0025003
15,1.658333,-0.0063704,0.5147569,1.1458960,-0.011988,0.0000009,0.0025000
15,1.662500,-0.0064211,0.5147265,1.1458470,-0.011787,0.0000013,0.0025003
15,1.666667,-0.0064718,0.5146961,1.1457980,-0.011787,0.0000009,0.0025000
15,1.670833,-0.0065207,0.5146668,1.1457500,-0.011559,0.0000013,0.0025003
15,1.675000,-0.0065696,0.5146374,1.1457010,-0.011559,0.0000008,0.0025000
15,1.679167,-0.0066167,0.5146092,1.1456540,-0.011330,0.0000014,0.0025003
15,1.683333,-0.0066638,0.5145809,1.1456070,-0.011301,0.0000009,0.0025001
15,1.687500,-0.0067092,0.5145537,1.1455610,-0.011072,0.0000013,0.0025001
15,1.691667,-0.0067545,0.5145265,1.1455150,-0.011072,0.0000008,0.0025000
15,1.695833,-0.0067980,0.5145003,1.1454700,-0.010815,0.0000013,0.0025002
15,1.700000,-0.0068416,0.5144742,1.1454250,-0.010815,0.0000009,0.0025000
15,1.704167,-0.0068834,0.5144492,1.1453810,-0.010586,0.0000013,0.0025002
15,1.708333,-0.0069252,0.5144241,1.1453370,-0.010586,0.0000008,0.0025000
15,1.712500,-0.0069652,0.5144001,1.1452930,-0.010386,0.0000013,0.0025003
15,1.716667,-0.0070052,0.5143761,1.1452500,-0.010357,0.0000008,0.0024999
15,1.720833,-0.0070434,0.5143532,1.1452080,-0.010099,0.0000013,0.0025002
15,1.725000,-0.0070817,0.5143302,1.1451660,-0.010128,0.0000008,0.0024999
15,1.729167,-0.0071181,0.5143083,1.1451250,-0.009871,0.0000013,0.0025003
15,1.733333,-0.0071546,0.5142864,1.1450840,-0.009842,0.0000009,0.0024999
15,1.737500,-0.0071894,0.5142655,1.1450430,-0.009642,0.0000013,0.0025003
15,1.741667,-0.0072241,0.5142447,1.1450040,-0.009556,0.0000009,0.0025001
15,1.745833,-0.0072571,0.5142249,1.1449640,-0.009441,0.0000013,0.0025003
15,1.750000,-0.0072901,0.5142050,1.1449250,-0.009384,0.0000008,0.0025000
15,1.754167,-0.0073214,0.5141863,1.1448870,-0.009184,0.0000013,0.0025002
15,1.758333,-0.0073527,0.5141675,1.1448490,-0.009127,0.0000008,0.0025001
15,1.762500,-0.0073823,0.5141497,1.1448120,-0.008955,0.0000013,0.0025002
15,1.766667,-0.0074119,0.5141320,1.1447750,-0.008898,0.0000009,0.0025000
15,1.770833,-0.0074398,0.5141152,1.1447380,-0.008698,0.0000014,0.0025003
15,1.775000,-0.0074678,0.5140985,1.1447020,-0.008669,0.0000009,0.0025001
15,1.779167,-0.0074940,0.5140827,1.1446670,-0.008440,0.0000013,0.0025003
15,1.783333,-0.0075203,0.5140670,1.1446320,-0.008411,0.0000009,0.0025001
15,1.787500,-0.0075450,0.5140522,1.1445980,-0.008211,0.0000013,0.0025004
15,1.791667,-0.0075696,0.5140374,1.1445640,-0.008183,0.0000008,0.0025000
15,1.795833,-0.0075926,0.5140236,1.1445300,-0.008011,0.0000013,0.0025004
15,1.800000,-0.0076157,0.5140098,1.1444970,-0.007982,0.0000009,0.0025000
15,1.804167,-0.0076372,0.5139969,1.1444640,-0.007811,0.0000014,0.0025003
15,1.808333,-0.0076586,0.5139840,1.1444320,-0.007753,0.0000010,0.0025001
15,1.812500,-0.0076786,0.5139720,1.1444010,-0.007553,0.0000014,0.0025001
15,1.816667,-0.0076985,0.5139601,1.1443690,-0.007553,0.0000009,0.0024999
15,1.820833,-0.0077170,0.5139490,1.1443380,-0.007410,0.0000013,0.0025001
15,1.825000,-0.0077354,0.5139379,1.1443080,-0.007353,0.0000009,0.0024999
15,1.829167,-0.0077524,0.5139277,1.1442780,-0.007153,0.0000013,0.0025001
15,1.833333,-0.0077693,0.5139176,1.1442480,-0.007095,0.0000009,0.0025000
15,1.837500,-0.0077849,0.5139083,1.1442190,-0.006952,0.0000014,0.0025003
15,1.841667,-0.0078005,0.5138989,1.1441910,-0.006924,0.0000010,0.0025000
15,1.845833,-0.0078146,0.5138904,1.1441620,-0.006781,0.0000013,0.0025002
15,1.850000,-0.0078288,0.5138819,1.1441340,-0.006723,0.0000009,0.0024999
15,1.854167,-0.0078416,0.5138742,1.1441070,-0.006552,0.0000012,0.0025001
15,1.858333,-0.0078545,0.5138665,1.1440800,-0.006580,0.0000008,0.0025000
15,1.862500,-0.0078660,0.5138596,1.1440530,-0.006351,0.0000011,0.0025001
15,1.866667,-0.0078776,0.5138527,1.1440270,-0.006351,0.0000009,0.0025000
15,1.870833,-0.0078879,0.5138464,1.1440010,-0.006237,0.0000014,0.0025002
15,1.875000,-0.0078982,0.5138402,1.1439750,-0.006208,0.0000010,0.0025002
15,1.879167,-0.0079074,0.5138347,1.1439500,-0.006065,0.0000013,0.0025002
15,1.883333,-0.0079165,0.5138293,1.1439240,-0.006065,0.0000009,0.0025001
15,1.887500,-0.0079246,0.5138245,1.1439000,-0.005808,0.0000011,0.0025002
15,1.891667,-0.0079326,0.5138196,1.1438760,-0.005865,0.0000008,0.0025000
15,1.895833,-0.0079395,0.5138155,1.1438520,-0.005722,0.0000011,0.0025000
15,1.900000,-0.0079465,0.5138112,1.1438280,-0.005722,0.0000010,0.0025000
15,1.904167,-0.0079525,0.5138077,1.1438050,-0.005579,0.0000013,0.0025002
15,1.908333,-0.0079584,0.5138041,1.1437820,-0.005550,0.0000010,0.0025001
15,1.912500,-0.0079635,0.5138010,1.1437590,-0.005407,0.0000012,0.0025002
15,1.916667,-0.0079685,0.5137981,1.1437360,-0.005436,0.0000009,0.0025000
15,1.920833,-0.0079727,0.5137956,1.1437140,-0.005350,0.0000010,0.0025000
15,1.925000,-0.0079768,0.5137931,1.1436920,-0.005293,0.0000008,0.0024999
15,1.929167,-0.0079802,0.5137910,1.1436700,-0.005207,0.0000009,0.0025001
15,1.933333,-0.0079836,0.5137891,1.1436490,-0.005178,0.0000009,0.0025001
15,1.937500,-0.0079863,0.5137874,1.1436270,-0.005121,0.0000012,0.0025001
15,1.941667,-0.0079889,0.5137858,1.1436060,-0.005093,0.0000011,0.0025000
15,1.945833,-0.0079909,0.5137846,1.1435850,-0.004978,0.0000012,0.0025002
15,1.950000,-0.0079930,0.5137833,1.1435650,-0.005007,0.0000009,0.0025000
15,1.954167,-0.0079944,0.5137825,1.1435440,-0.004921,0.0000009,0.0024999
15,1.958333,-0.0079959,0.5137817,1.1435240,-0.004921,0.0000008,0.0025000
15,1.962500,-0.0079969,0.5137810,1.1435030,-0.004864,0.0000010,0.0025001
15,1.966667,-0.0079979,0.5137805,1.1434830,-0.004921,0.0000010,0.0025001
15,1.970833,-0.0079985,0.5137801,1.1434630,-0.004749,0.0000013,0.0025003
15,1.975000,-0.0079991,0.5137797,1.1434430,-0.004778,0.0000014,0.0025003
15,1.979167,-0.0079994,0.5137795,1.1434230,-0.004778,0.0000015,0.0025003
15,1.983333,-0.0079997,0.5137793,1.1434030,-0.004749,0.0000016,0.0025004
15,1.987500,-0.0079998,0.5137793,1.1433840,-0.004749,0.0000016,0.0025004
15,1.991667,-0.0080000,0.5137792,1.1433640,-0.004749,0.0000014,0.0025003
15,1.995833,-0.0080000,0.5137792,1.1433440,-0.004721,0.0000012,0.0025002
15,2.000000,-0.0080000,0.5137791,1.1433240,-0.004721,0.0000009,0.0025000
15,2.004167,-0.0079999,0.5137792,1.1433050,-0.004663,0.0000008,0.0025000
15,2.008333,-0.0079999,0.5137793,1.1432860,-0.004692,0.0000008,0.0025001
15,2.012500,-0.0079995,0.5137795,1.1432660,-0.004663,0.0000012,0.0025002
15,2.016667,-0.0079991,0.5137797,1.1432470,-0.004663,0.0000013,0.0025003
15,2.020833,-0.0079980,0.5137804,1.1432280,-0.004549,0.0000018,0.0025005
15,2.025000,-0.0079970,0.5137810,1.1432090,-0.004578,0.0000017,0.0025004
15,2.029167,-0.0079950,0.5137822,1.1431900,-0.004377,0.0000018,0.0025005
15,2.033333,-0.0079930,0.5137833,1.1431720,-0.004406,0.0000009,0.0024999
15,2.037500,-0.0079897,0.5137853,1.1431550,-0.004177,0.0000008,0.0024998
15,2.041667,-0.0079864,0.5137873,1.1431370,-0.004206,0.0000006,0.0024995
15,2.045833,-0.0079816,0.5137902,1.1431200,-0.004005,0.0000009,0.0024999
15,2.050000,-0.0079768,0.5137931,1.1431040,-0.003948,0.0000008,0.0024999
15,2.054167,-0.0079703,0.5137970,1.1430890,-0.003691,0.0000016,0.0025003
15,2.058333,-0.0079637,0.5138010,1.1430730,-0.003691,0.0000013,0.0025002
15,2.062500,-0.0079551,0.5138062,1.1430590,-0.003376,0.0000019,0.0025006
15,2.066667,-0.0079465,0.5138112,1.1430450,-0.003376,0.0000010,0.0025000
15,2.070833,-0.0079357,0.5138178,1.1430320,-0.003033,0.0000012,0.0025000
15,2.075000,-0.0079248,0.5138242,1.1430200,-0.003004,0.0000006,0.0024997
15,2.079167,-0.0079115,0.5138323,1.1430090,-0.002632,0.0000012,0.0025001
15,2.083333,-0.0078982,0.5138402,1.1429980,-0.002632,0.0000008,0.0024998
15,2.087500,-0.0078823,0.5138498,1.1429890,-0.002232,0.0000017,0.0025004
15,2.091667,-0.0078664,0.5138593,1.1429800,-0.002203,0.0000012,0.0025000
15,2.095833,-0.0078476,0.5138707,1.1429720,-0.001802,0.0000019,0.0025005
15,2.100000,-0.0078288,0.5138819,1.1429650,-0.001774,0.0000009,0.0025000
15,2.104167,-0.0078070,0.5138950,1.1429590,-0.001316,0.0000014,0.0025002
15,2.108333,-0.0077852,0.5139080,1.1429540,-0.001316,0.0000006,0.0024997
15,2.112500,-0.0077603,0.5139230,1.1429500,-0.000830,0.0000014,0.0025003
15,2.116667,-0.0077354,0.5139379,1.1429470,-0.000801,0.0000008,0.0024999
15,2.120833,-0.0077072,0.5139549,1.1429460,-0.000315,0.0000018,0.0025005
15,2.125000,-0.0076790,0.5139717,1.1429440,-0.000286,0.0000010,0.0025001
15,2.129167,-0.0076473,0.5139908,1.1429450,0.000172,0.0000021,0.0025007
15,2.133333,-0.0076157,0.5140098,1.1429460,0.000257,0.0000009,0.0025000
15,2.137500,-0.0075805,0.5140309,1.1429490,0.000772,0.0000017,0.0025004
15,2.141667,-0.0075454,0.5140520,1.1429530,0.000772,0.0000006,0.0024999
15,2.145833,-0.0075066,0.5140752,1.1429580,0.001316,0.0000017,0.0025005
15,2.150000,-0.0074678,0.5140985,1.1429640,0.001316,0.0000007,0.0025000
15,2.154167,-0.0074252,0.5141240,1.1429720,0.001945,0.0000019,0.0025006
15,2.158333,-0.0073827,0.5141495,1.1429800,0.001917,0.0000010,0.0025001
15,2.162500,-0.0073364,0.5141773,1.1429900,0.002546,0.0000020,0.0025007
15,2.166667,-0.0072901,0.5142050,1.1430010,0.002546,0.0000009,0.0025000
15,2.170833,-0.0072400,0.5142352,1.1430140,0.003090,0.0000018,0.0025004
15,2.175000,-0.0071898,0.5142653,1.1430270,0.003147,0.0000007,0.0024999
15,2.179167,-0.0071357,0.5142977,1.1430420,0.003691,0.0000017,0.0025005
15,2.183333,-0.0070817,0.5143302,1.1430580,0.003777,0.0000007,0.0024999
15,2.187500,-0.0070236,0.5143650,1.1430760,0.004320,0.0000018,0.0025005
15,2.191667,-0.0069656,0.5143998,1.1430940,0.004377,0.0000008,0.0025000
15,2.195833,-0.0069036,0.5144370,1.1431150,0.004978,0.0000019,0.0025006
15,2.200000,-0.0068416,0.5144742,1.1431360,0.005007,0.0000009,0.0025000
15,2.204167,-0.0067756,0.5145138,1.1431590,0.005579,0.0000019,0.0025005
15,2.208333,-0.0067096,0.5145534,1.1431830,0.005636,0.0000008,0.0024998
15,2.212500,-0.0066396,0.5145954,1.1432080,0.006180,0.0000018,0.0025005
15,2.216667,-0.0065696,0.5146374,1.1432340,0.006237,0.0000008,0.0025000
15,2.220833,-0.0064956,0.5146819,1.1432630,0.006838,0.0000018,0.0025005
15,2.225000,-0.0064215,0.5147263,1.1432910,0.006866,0.0000008,0.0025001
15,2.229167,-0.0063435,0.5147731,1.1433220,0.007439,0.0000019,0.0025006
15,2.233333,-0.0062655,0.5148199,1.1433540,0.007496,0.0000009,0.0025000
15,2.237500,-0.0061835,0.5148690,1.1433870,0.008125,0.0000020,0.0025006
15,2.241667,-0.0061015,0.5149183,1.1434210,0.008125,0.0000009,0.0025001
15,2.245833,-0.0060156,0.5149698,1.1434580,0.008698,0.0000019,0.0025006
15,2.250000,-0.0059297,0.5150214,1.1434940,0.008698,0.0000007,0.0025001
15,2.254167,-0.0058398,0.5150753,1.1435330,0.009327,0.0000017,0.0025005
15,2.258333,-0.0057500,0.5151291,1.1435720,0.009384,0.0000008,0.0024998
15,2.262500,-0.0056563,0.5151854,1.1436130,0.009899,0.0000017,0.0025005
15,2.266667,-0.0055626,0.5152416,1.1436540,0.009928,0.0000008,0.0025000
15,2.270833,-0.0054651,0.5153001,1.1436980,0.010500,0.0000019,0.0025006
15,2.275000,-0.0053676,0.5153586,1.1437420,0.010557,0.0000009,0.0025000
15,2.279167,-0.0052664,0.5154193,1.1437880,0.011129,0.0000019,0.0025006
15,2.283333,-0.0051652,0.5154801,1.1438350,0.011101,0.0000007,0.0025001
15,2.287500,-0.0050603,0.5155430,1.1438830,0.011702,0.0000015,0.0025005
15,2.291667,-0.0049554,0.5156060,1.1439320,0.011673,0.0000006,0.0025000
15,2.295833,-0.0048469,0.5156711,1.1439830,0.012245,0.0000015,0.0025006
15,2.300000,-0.0047384,0.5157362,1.1440340,0.012245,0.0000008,0.0025001
15,2.304167,-0.0046264,0.5158033,1.1440870,0.012789,0.0000019,0.0025006
15,2.308333,-0.0045144,0.5158705,1.1441410,0.012760,0.0000009,0.0025001
15,2.312500,-0.0043990,0.5159398,1.1441960,0.013361,0.0000018,0.0025006
15,2.316667,-0.0042837,0.5160090,1.1442520,0.013332,0.0000007,0.0025000
15,2.320833,-0.0041650,0.5160802,1.1443100,0.013847,0.0000014,0.0025005
15,2.325000,-0.0040463,0.5161514,1.1443670,0.013847,0.0000005,0.0024999
15,2.329167,-0.0039244,0.5162246,1.1444270,0.014362,0.0000013,0.0025004
15,2.333333,-0.0038025,0.5162977,1.1444870,0.014362,0.0000008,0.0025001
15,2.337500,-0.0036775,0.5163727,1.1445490,0.014791,0.0000018,0.0025005
15,2.341667,-0.0035525,0.5164477,1.1446100,0.014849,0.0000010,0.0025001
15,2.345833,-0.0034246,0.5165244,1.1446740,0.015278,0.0000016,0.0025005
15,2.350000,-0.0032966,0.5166011,1.1447380,0.015306,0.0000007,0.0025000
15,2.354167,-0.0031658,0.5166797,1.1448040,0.015764,0.0000012,0.0025004
15,2.358333,-0.0030350,0.5167581,1.1448690,0.015707,0.0000004,0.0025000
15,2.362500,-0.0029015,0.5168383,1.1449360,0.016165,0.0000011,0.0025004
15,2.366667,-0.0027680,0.5169184,1.1450040,0.016165,0.0000007,0.0025000
15,2.370833,-0.0026319,0.5170000,1.1450730,0.016594,0.0000016,0.0025005
15,2.375000,-0.0024958,0.5170816,1.1451420,0.016565,0.0000010,0.0025001
15,2.379167,-0.0023573,0.5171648,1.1452130,0.016966,0.0000015,0.0025004
15,2.383333,-0.0022188,0.5172479,1.1452830,0.016966,0.0000006,0.0025001
15,2.387500,-0.0020780,0.5173324,1.1453550,0.017309,0.0000010,0.0025002
15,2.391667,-0.0019371,0.5174169,1.1454270,0.017281,0.0000003,0.0024999
15,2.395833,-0.0017942,0.5175027,1.1455010,0.017653,0.0000009,0.0025002
15,2.400000,-0.0016512,0.5175885,1.1455750,0.017681,0.0000006,0.0025001
15,2.404167,-0.0015062,0.5176755,1.1456500,0.017996,0.0000015,0.0025005
15,2.408333,-0.0013612,0.5177624,1.1457250,0.018024,0.0000010,0.0025001
15,2.412500,-0.0012144,0.5178505,1.1458010,0.018282,0.0000013,0.0025004
15,2.416667,-0.0010676,0.5179386,1.1458770,0.018253,0.0000006,0.0025000
15,2.420833,-0.0009191,0.5180277,1.1459540,0.018539,0.0000008,0.0025001
15,2.425000,-0.0007706,0.5181168,1.1460310,0.018539,0.0000005,0.0024998
15,2.429167,-0.0006206,0.5182069,1.1461100,0.018826,0.0000006,0.0025001
15,2.433333,-0.0004705,0.5182969,1.1461880,0.018768,0.0000006,0.0025000
15,2.437500,-0.0003191,0.5183877,1.1462670,0.019026,0.0000012,0.0025004
15,2.441667,-0.0001677,0.5184785,1.1463460,0.018997,0.0000010,0.0025001
15,2.445833,-0.0000151,0.5185701,1.1464260,0.019197,0.0000011,0.0025003
15,2.450000,0.0001375,0.5186617,1.1465070,0.019226,0.0000005,0.0025000
15,2.454167,0.0002911,0.5187538,1.1465870,0.019398,0.0000005,0.0024999
15,2.458333,0.0004447,0.5188460,1.1466680,0.019369,0.0000003,0.0024998
15,2.462500,0.0005992,0.5189387,1.1467490,0.019541,0.0000004,0.0025000
15,2.466667,0.0007537,0.5190313,1.1468310,0.019484,0.0000005,0.0025000
15,2.470833,0.0009089,0.5191245,1.1469130,0.019684,0.0000010,0.0025003
15,2.475000,0.0010641,0.5192176,1.1469940,0.019627,0.0000009,0.0025001
15,2.479167,0.0012198,0.5193111,1.1470770,0.019770,0.0000009,0.0025002
15,2.483333,0.0013755,0.5194045,1.1471590,0.019741,0.0000005,0.0025001
15,2.487500,0.0015315,0.5194981,1.1472420,0.019827,0.0000005,0.0024999
15,2.491667,0.0016876,0.5195917,1.1473240,0.019856,0.0000004,0.0024998
15,2.495833,0.0018438,0.5196855,1.1474070,0.019856,0.0000003,0.0024999
15,2.500000,0.0020000,0.5197791,1.1474900,0.019856,0.0000005,0.0025000
15,2.504167,0.0021562,0.5198729,1.1475730,0.019884,0.0000008,0.0025001
15,2.508333,0.0023124,0.5199667,1.1476560,0.019884,0.0000009,0.0025002
15,2.512500,0.0024685,0.5200603,1.1477390,0.019913,0.0000007,0.0025001
15,2.516667,0.0026245,0.5201539,1.1478210,0.019884,0.0000005,0.0025000
15,2.520833,0.0027802,0.5202473,1.1479040,0.019856,0.0000002,0.0024999
15,2.525000,0.0029359,0.5203407,1.1479870,0.019827,0.0000004,0.0024998
15,2.529167,0.0030911,0.5204338,1.1480690,0.019827,0.0000004,0.0024997
15,2.533333,0.0032463,0.5205269,1.1481520,0.019741,0.0000004,0.0025000
15,2.537500,0.0034008,0.5206196,1.1482340,0.019770,0.0000005,0.0025000
15,2.541667,0.0035553,0.5207124,1.1483160,0.019712,0.0000008,0.0025003
15,2.545833,0.0037089,0.5208045,1.1483980,0.019627,0.0000005,0.0025001
15,2.550000,0.0038625,0.5208967,1.1484800,0.019627,0.0000004,0.0025001
15,2.554167,0.0040151,0.5209883,1.1485610,0.019484,0.0000004,0.0024998
15,2.558333,0.0041677,0.5210798,1.1486420,0.019484,0.0000004,0.0024998
15,2.562500,0.0043191,0.5211707,1.1487230,0.019341,0.0000005,0.0024997
15,2.566667,0.0044705,0.5212615,1.1488030,0.019341,0.0000004,0.0025002
15,2.570833,0.0046206,0.5213515,1.1488830,0.019169,0.0000004,0.0025000
15,2.575000,0.0047706,0.5214415,1.1489630,0.019197,0.0000007,0.0025002
15,2.579167,0.0049191,0.5215306,1.1490420,0.018969,0.0000004,0.0024998
15,2.583333,0.0050676,0.5216197,1.1491210,0.018969,0.0000004,0.0025000
15,2.587500,0.0052144,0.5217078,1.1491990,0.018768,0.0000007,0.0024995
15,2.591667,0.0053613,0.5217959,1.1492780,0.018797,0.0000004,0.0024997
15,2.595833,0.0055062,0.5218829,1.1493550,0.018511,0.0000009,0.0024994
15,2.600000,0.0056512,0.5219699,1.1494320,0.018482,0.0000004,0.0024999
15,2.604167,0.0057942,0.5220556,1.1495080,0.018282,0.0000005,0.0024998
15,2.608333,0.0059372,0.5221414,1.1495840,0.018196,0.0000006,0.0025001
15,2.612500,0.0060780,0.5222259,1.1496590,0.017996,0.0000004,0.0024997
15,2.616667,0.0062188,0.5223104,1.1497330,0.017910,0.0000004,0.0025000
15,2.620833,0.0063573,0.5223936,1.1498070,0.017681,0.0000008,0.0024995
15,2.625000,0.0064958,0.5224767,1.1498810,0.017624,0.0000003,0.0024998
15,2.629167,0.0066319,0.5225583,1.1499530,0.017395,0.0000010,0.0024994
15,2.633333,0.0067680,0.5226400,1.1500250,0.017309,0.0000003,0.0025000
15,2.637500,0.0069015,0.5227200,1.1500960,0.016994,0.0000005,0.0024997
15,2.641667,0.0070350,0.5228002,1.1501670,0.016966,0.0000006,0.0025002
15,2.645833,0.0071658,0.5228786,1.1502360,0.016651,0.0000006,0.0024996
15,2.650000,0.0072966,0.5229571,1.1503050,0.016623,0.0000005,0.0024999
15,2.654167,0.0074246,0.5230339,1.1503730,0.016279,0.0000008,0.0024995
15,2.658333,0.0075525,0.5231106,1.1504410,0.016251,0.0000004,0.0024998
15,2.662500,0.0076775,0.5231857,1.1505070,0.015879,0.0000010,0.0024994
15,2.666667,0.0078025,0.5232607,1.1505730,0.015821,0.0000003,0.0025000
15,2.670833,0.0079244,0.5233338,1.1506370,0.015478,0.0000007,0.0024995
15,2.675000,0.0080463,0.5234069,1.1507020,0.015421,0.0000004,0.0025001
15,2.679167,0.0081650,0.5234782,1.1507640,0.015020,0.0000008,0.0024996
15,2.683333,0.0082837,0.5235494,1.1508270,0.015020,0.0000003,0.0025002
15,2.687500,0.0083990,0.5236186,1.1508880,0.014591,0.0000010,0.0024995
15,2.691667,0.0085144,0.5236878,1.1509480,0.014591,0.0000003,0.0024998
15,2.695833,0.0086264,0.5237550,1.1510070,0.014133,0.0000011,0.0024994
15,2.700000,0.0087384,0.5238222,1.1510660,0.014105,0.0000002,0.0025002
15,2.704167,0.0088469,0.5238873,1.1511230,0.013647,0.0000008,0.0024997
15,2.708333,0.0089554,0.5239524,1.1511800,0.013676,0.0000004,0.0025003
15,2.712500,0.0090603,0.5240154,1.1512350,0.013189,0.0000008,0.0024996
15,2.716667,0.0091652,0.5240783,1.1512900,0.013189,0.0000003,0.0025001
15,2.720833,0.0092664,0.5241390,1.1513430,0.012732,0.0000010,0.0024995
15,2.725000,0.0093676,0.5241998,1.1513960,0.012703,0.0000003,0.0024999
15,2.729167,0.0094651,0.5242583,1.1514470,0.012217,0.0000013,0.0024993
15,2.733333,0.0095626,0.5243168,1.1514970,0.012188,0.0000002,0.0025001
15,2.737500,0.0096563,0.5243730,1.1515460,0.011702,0.0000011,0.0024994
15,2.741667,0.0097500,0.5244291,1.1515950,0.011702,0.0000003,0.0025001
15,2.745833,0.0098399,0.5244831,1.1516410,0.011158,0.0000010,0.0024994
15,2.750000,0.0099297,0.5245370,1.1516880,0.011215,0.0000003,0.0025000
15,2.754167,0.0100156,0.5245886,1.1517330,0.010643,0.0000011,0.0024994
15,2.758333,0.0101016,0.5246401,1.1517770,0.010700,0.0000004,0.0025000
15,2.762500,0.0101835,0.5246893,1.1518190,0.010128,0.0000013,0.0024992
15,2.766667,0.0102655,0.5247385,1.1518620,0.010185,0.0000001,0.0025000
15,2.770833,0.0103435,0.5247853,1.1519020,0.009642,0.0000013,0.0024994
15,2.775000,0.0104215,0.5248321,1.1519420,0.009642,0.0000002,0.0025001
15,2.779167,0.0104956,0.5248765,1.1519800,0.009069,0.0000010,0.0024996
15,2.783333,0.0105696,0.5249209,1.1520180,0.009098,0.0000003,0.0025001
15,2.787500,0.0106396,0.5249629,1.1520540,0.008612,0.0000011,0.0024994
15,2.791667,0.0107096,0.5250049,1.1520890,0.008583,0.0000003,0.0024998
15,2.795833,0.0107756,0.5250446,1.1521230,0.008039,0.0000012,0.0024994
15,2.800000,0.0108416,0.5250841,1.1521570,0.008068,0.0000002,0.0025001
15,2.804167,0.0109036,0.5251213,1.1521880,0.007553,0.0000012,0.0024995
15,2.808333,0.0109656,0.5251585,1.1522190,0.007496,0.0000002,0.0025001
15,2.812500,0.0110236,0.5251934,1.1522490,0.007010,0.0000012,0.0024994
15,2.816667,0.0110817,0.5252282,1.1522780,0.007010,0.0000003,0.0025000
15,2.820833,0.0111357,0.5252606,1.1523050,0.006495,0.0000011,0.0024994
15,2.825000,0.0111898,0.5252930,1.1523320,0.006523,0.0000004,0.0024998
15,2.829167,0.0112400,0.5253232,1.1523570,0.005980,0.0000012,0.0024993
15,2.833333,0.0112901,0.5253533,1.1523820,0.005980,0.0000002,0.0024999
15,2.837500,0.0113364,0.5253810,1.1524050,0.005493,0.0000013,0.0024994
15,2.841667,0.0113827,0.5254088,1.1524280,0.005493,0.0000002,0.0025000
15,2.845833,0.0114253,0.5254343,1.1524480,0.004978,0.0000011,0.0024994
15,2.850000,0.0114678,0.5254598,1.1524690,0.004978,0.0000002,0.0025002
15,2.854167,0.0115066,0.5254831,1.1524880,0.004549,0.0000009,0.0024995
15,2.858333,0.0115454,0.5255063,1.1525070,0.004549,0.0000004,0.0025001
15,2.862500,0.0115805,0.5255274,1.1525240,0.004034,0.0000009,0.0024996
15,2.866667,0.0116157,0.5255486,1.1525410,0.004091,0.0000001,0.0025000
15,2.870833,0.0116473,0.5255676,1.1525560,0.003633,0.0000013,0.0024994
15,2.875000,0.0116790,0.5255865,1.1525710,0.003576,0.0000002,0.0025000
15,2.879167,0.0117072,0.5256034,1.1525840,0.003176,0.0000011,0.0024994
15,2.883333,0.0117354,0.5256204,1.1525970,0.003204,0.0000002,0.0025001
15,2.887500,0.0117603,0.5256353,1.1526090,0.002718,0.0000007,0.0024997
15,2.891667,0.0117853,0.5256503,1.1526200,0.002775,0.0000005,0.0025001
15,2.895833,0.0118070,0.5256634,1.1526300,0.002375,0.0000007,0.0024997
15,2.900000,0.0118288,0.5256765,1.1526400,0.002403,0.0000002,0.0025001
15,2.904167,0.0118476,0.5256878,1.1526480,0.001974,0.0000012,0.0024996
15,2.908333,0.0118664,0.5256990,1.1526570,0.002031,0.0000003,0.0024999
15,2.912500,0.0118823,0.5257086,1.1526640,0.001631,0.0000008,0.0024997
15,2.916667,0.0118982,0.5257182,1.1526710,0.001659,0.0000003,0.0025002
15,2.920833,0.0119115,0.5257261,1.1526760,0.001287,0.0000003,0.0025000
15,2.925000,0.0119248,0.5257341,1.1526820,0.001345,0.0000006,0.0025003
15,2.929167,0.0119357,0.5257406,1.1526860,0.001030,0.0000004,0.0024999
15,2.933333,0.0119465,0.5257471,1.1526900,0.001030,0.0000001,0.0025001
15,2.937500,0.0119551,0.5257522,1.1526940,0.000801,0.0000011,0.0024995
15,2.941667,0.0119637,0.5257574,1.1526970,0.000772,0.0000004,0.0024998
15,2.945833,0.0119703,0.5257614,1.1526990,0.000544,0.0000007,0.0024997
15,2.950000,0.0119768,0.5257653,1.1527010,0.000572,0.0000002,0.0025001
15,2.954167,0.0119816,0.5257682,1.1527030,0.000343,0.0000001,0.0025000
15,2.958333,0.0119864,0.5257710,1.1527040,0.000343,0.0000007,0.0025003
15,2.962500,0.0119897,0.5257730,1.1527050,0.000172,0.0000002,0.0025001
15,2.966667,0.0119930,0.5257750,1.1527060,0.000200,0.0000001,0.0024999
15,2.970833,0.0119950,0.5257761,1.1527060,0.000057,0.0000011,0.0024995
15,2.975000,0.0119970,0.5257774,1.1527060,0.000086,0.0000008,0.0024996
15,2.979167,0.0119980,0.5257780,1.1527060,0.000000,0.0000009,0.0024995
15,2.983333,0.0119991,0.5257786,1.1527060,0.000000,0.0000004,0.0024998
15,2.987500,0.0119995,0.5257789,1.1527060,-0.000029,0.0000003,0.0024999
15,2.991667,0.0119999,0.5257791,1.1527060,0.000000,0.0000004,0.0025001
15,2.995833,0.0119999,0.5257792,1.1527060,-0.000029,0.0000004,0.0025001
15,3.000000,0.0120000,0.5257792,1.1527060,-0.000086,0.0000001,0.0025001
15,3.004167,0.0120000,0.5257792,1.1527060,0.000086,0.0000004,0.0025000
15,3.008333,0.0120000,0.5257792,1.1527060,0.000029,0.0000007,0.0024999
15,3.012500,0.0120002,0.5257791,1.1527070,0.000057,0.0000006,0.0024997
15,3.016667,0.0120003,0.5257790,1.1527070,0.000057,0.0000007,0.0024996
15,3.020833,0.0120006,0.5257788,1.1527070,0.000114,0.0000006,0.0024997
15,3.025000,0.0120009,0.5257786,1.1527080,0.000114,0.0000005,0.0024998
15,3.029167,0.0120015,0.5257782,1.1527080,0.000114,0.0000004,0.0024998
15,3.033333,0.0120021,0.5257779,1.1527090,0.000143,0.0000002,0.0025001
15,3.037500,0.0120031,0.5257773,1.1527090,0.000114,0.0000002,0.0025000
15,3.041667,0.0120041,0.5257767,1.1527100,0.000172,0.0000003,0.0025002
15,3.045833,0.0120056,0.5257758,1.1527100,0.000114,0.0000001,0.0025002
15,3.050000,0.0120070,0.5257750,1.1527110,0.000114,0.0000001,0.0025000
15,3.054167,0.0120091,0.5257737,1.1527110,0.000114,0.0000003,0.0025000
15,3.058333,0.0120111,0.5257725,1.1527120,0.000086,0.0000003,0.0024999
15,3.062500,0.0120138,0.5257709,1.1527120,0.000114,0.0000005,0.0024999
15,3.066667,0.0120164,0.5257694,1.1527130,0.000086,0.0000001,0.0025001
15,3.070833,0.0120198,0.5257673,1.1527130,0.000029,0.0000002,0.0025000
15,3.075000,0.0120232,0.5257653,1.1527130,0.000029,0.0000003,0.0025002
15,3.079167,0.0120273,0.5257628,1.1527130,0.000000,0.0000002,0.0025000
15,3.083333,0.0120315,0.5257603,1.1527130,-0.000029,0.0000001,0.0024999
15,3.087500,0.0120365,0.5257573,1.1527120,-0.000086,0.0000004,0.0025000
15,3.091667,0.0120416,0.5257543,1.1527120,-0.000029,0.0000003,0.0025001
15,3.095833,0.0120475,0.5257507,1.1527110,-0.000200,0.0000005,0.0024999
15,3.100000,0.0120535,0.5257471,1.1527110,-0.000172,0.0000001,0.0025001
15,3.104167,0.0120605,0.5257429,1.1527100,-0.000229,0.0000005,0.0024998
15,3.108333,0.0120674,0.5257387,1.1527090,-0.000257,0.0000002,0.0025000
15,3.112500,0.0120754,0.5257339,1.1527070,-0.000315,0.0000006,0.0024997
15,3.116667,0.0120835,0.5257291,1.1527060,-0.000315,0.0000002,0.0025001
15,3.120833,0.0120926,0.5257236,1.1527040,-0.000458,0.0000005,0.0024998
15,3.125000,0.0121018,0.5257182,1.1527020,-0.000401,0.0000002,0.0025000
15,3.129167,0.0121121,0.5257120,1.1527000,-0.000544,0.0000005,0.0024998
15,3.133333,0.0121224,0.5257058,1.1526980,-0.000544,0.0000001,0.0025001
15,3.137500,0.0121340,0.5256988,1.1526950,-0.000658,0.0000006,0.0024998
15,3.141667,0.0121455,0.5256919,1.1526930,-0.000629,0.0000003,0.0025000
15,3.145833,0.0121584,0.5256842,1.1526890,-0.000801,0.0000004,0.0024999
15,3.150000,0.0121712,0.5256765,1.1526860,-0.000801,0.0000001,0.0025001
15,3.154167,0.0121854,0.5256679,1.1526820,-0.000858,0.0000006,0.0024998
15,3.158333,0.0121996,0.5256594,1.1526780,-0.000916,0.0000002,0.0025000
15,3.162500,0.0122151,0.5256501,1.1526740,-0.001059,0.0000005,0.0024998
15,3.166667,0.0122307,0.5256408,1.1526700,-0.001059,0.0000001,0.0025001
15,3.170833,0.0122476,0.5256306,1.1526650,-0.001202,0.0000005,0.0024999
15,3.175000,0.0122646,0.5256204,1.1526600,-0.001202,0.0000003,0.0024999
15,3.179167,0.0122831,0.5256093,1.1526540,-0.001345,0.0000006,0.0024996
15,3.183333,0.0123015,0.5255983,1.1526480,-0.001345,0.0000002,0.0024999
15,3.187500,0.0123214,0.5255863,1.1526420,-0.001516,0.0000007,0.0024997
15,3.191667,0.0123414,0.5255744,1.1526360,-0.001516,0.0000004,0.0024999
15,3.195833,0.0123628,0.5255615,1.1526290,-0.001659,0.0000008,0.0024997
15,3.200000,0.0123843,0.5255486,1.1526220,-0.001659,0.0000003,0.0024999
15,3.204167,0.0124074,0.5255347,1.1526140,-0.001860,0.0000006,0.0024996
15,3.208333,0.0124304,0.5255209,1.1526070,-0.001831,0.0000004,0.0024998
15,3.212500,0.0124551,0.5255061,1.1525980,-0.002003,0.0000007,0.0024996
15,3.216667,0.0124797,0.5254914,1.1525900,-0.002003,0.0000003,0.0024999
15,3.220833,0.0125060,0.5254756,1.1525810,-0.002203,0.0000007,0.0024996
15,3.225000,0.0125322,0.5254598,1.1525720,-0.002174,0.0000003,0.0024998
15,3.229167,0.0125602,0.5254431,1.1525620,-0.002403,0.0000005,0.0024997
15,3.233333,0.0125881,0.5254263,1.1525520,-0.002346,0.0000002,0.0025000
15,3.237500,0.0126177,0.5254086,1.1525410,-0.002546,0.0000006,0.0024998
15,3.241667,0.0126473,0.5253908,1.1525310,-0.002546,0.0000003,0.0024999
15,3.245833,0.0126786,0.5253720,1.1525190,-0.002747,0.0000006,0.0024997
15,3.250000,0.0127099,0.5253533,1.1525080,-0.002775,0.0000002,0.0025000
15,3.254167,0.0127429,0.5253335,1.1524960,-0.002918,0.0000005,0.0024998
15,3.258333,0.0127759,0.5253137,1.1524830,-0.002947,0.0000002,0.0025000
15,3.262500,0.0128106,0.5252928,1.1524700,-0.003090,0.0000005,0.0024998
15,3.266667,0.0128454,0.5252720,1.1524570,-0.003119,0.0000002,0.0025001
15,3.270833,0.0128819,0.5252500,1.1524430,-0.003347,0.0000006,0.0024998
15,3.275000,0.0129184,0.5252282,1.1524290,-0.003347,0.0000003,0.0025000
15,3.279167,0.0129566,0.5252053,1.1524150,-0.003548,0.0000005,0.0024999
15,3.283333,0.0129948,0.5251823,1.1524000,-0.003490,0.0000002,0.0025002
15,3.287500,0.0130348,0.5251583,1.1523850,-0.003748,0.0000005,0.0024999
15,3.291667,0.0130749,0.5251342,1.1523690,-0.003719,0.0000002,0.0025001
15,3.295833,0.0131166,0.5251092,1.1523530,-0.003920,0.0000005,0.0024998
15,3.300000,0.0131584,0.5250841,1.1523360,-0.003948,0.0000002,0.0025002
15,3.304167,0.0132020,0.5250580,1.1523190,-0.004091,0.0000005,0.0024998
15,3.308333,0.0132455,0.5250318,1.1523020,-0.004120,0.0000003,0.0025000
15,3.312500,0.0132909,0.5250046,1.1522840,-0.004349,0.0000006,0.0024998
15,3.316667,0.0133362,0.5249775,1.1522660,-0.004377,0.0000003,0.0025001
15,3.320833,0.0133833,0.5249492,1.1522470,-0.004520,0.0000006,0.0024998
15,3.325000,0.0134304,0.5249209,1.1522280,-0.004549,0.0000003,0.0025001
15,3.329167,0.0134793,0.5248916,1.1522080,-0.004749,0.0000005,0.0024998
15,3.333333,0.0135282,0.5248622,1.1521880,-0.004721,0.0000003,0.0024999
15,3.337500,0.0135789,0.5248318,1.1521680,-0.004950,0.0000007,0.0024997
15,3.341667,0.0136296,0.5248014,1.1521470,-0.004950,0.0000004,0.0024998
15,3.345833,0.0136820,0.5247700,1.1521260,-0.005150,0.0000006,0.0024995
15,3.350000,0.0137345,0.5247385,1.1521040,-0.005150,0.0000004,0.0024999
15,3.354167,0.0137887,0.5247059,1.1520820,-0.005379,0.0000005,0.0024998
15,3.358333,0.0138429,0.5246735,1.1520600,-0.005350,0.0000004,0.0025000
15,3.362500,0.0138989,0.5246398,1.1520360,-0.005608,0.0000005,0.0024997
15,3.366667,0.0139549,0.5246063,1.1520130,-0.005522,0.0000003,0.0025000
15,3.370833,0.0140126,0.5245716,1.1519890,-0.005779,0.0000006,0.0024995
15,3.375000,0.0140703,0.5245370,1.1519650,-0.005779,0.0000003,0.0025000
15,3.379167,0.0141298,0.5245013,1.1519400,-0.005980,0.0000005,0.0024997
15,3.383333,0.0141892,0.5244656,1.1519150,-0.005980,0.0000004,0.0025000
15,3.387500,0.0142504,0.5244290,1.1518890,-0.006208,0.0000004,0.0024998
15,3.391667,0.0143116,0.5243922,1.1518640,-0.006180,0.0000004,0.0025000
15,3.395833,0.0143745,0.5243545,1.1518370,-0.006380,0.0000005,0.0024998
15,3.400000,0.0144374,0.5243168,1.1518110,-0.006351,0.0000003,0.0024999
15,3.404167,0.0145020,0.5242780,1.1517830,-0.006580,0.0000006,0.0024996
15,3.408333,0.0145665,0.5242392,1.1517560,-0.006609,0.0000003,0.0024999
15,3.412500,0.0146328,0.5241995,1.1517270,-0.006752,0.0000005,0.0024998
15,3.416667,0.0146990,0.5241598,1.1516990,-0.006809,0.0000004,0.0025002
15,3.420833,0.0147669,0.5241190,1.1516700,-0.006981,0.0000003,0.0024999
15,3.425000,0.0148348,0.5240783,1.1516410,-0.006981,0.0000005,0.0025001
15,3.429167,0.0149044,0.5240366,1.1516110,-0.007153,0.0000003,0.0025000
15,3.433333,0.0149739,0.5239949,1.1515810,-0.007153,0.0000004,0.0025001
15,3.437500,0.0150450,0.5239522,1.1515500,-0.007410,0.0000008,0.0024995
15,3.441667,0.0151162,0.5239095,1.1515200,-0.007353,0.0000006,0.0024997
15,3.445833,0.0151889,0.5238659,1.1514890,-0.007496,0.0000005,0.0024996
15,3.450000,0.0152616,0.5238222,1.1514570,-0.007496,0.0000005,0.0025000
15,3.454167,0.0153359,0.5237776,1.1514250,-0.007753,0.0000004,0.0024999
15,3.458333,0.0154102,0.5237331,1.1513930,-0.007725,0.0000007,0.0025001
15,3.462500,0.0154860,0.5236875,1.1513600,-0.007896,0.0000004,0.0024999
15,3.466667,0.0155618,0.5236421,1.1513270,-0.007925,0.0000005,0.0025001
15,3.470833,0.0156391,0.5235958,1.1512930,-0.008097,0.0000007,0.0024994
15,3.475000,0.0157164,0.5235494,1.1512600,-0.008068,0.0000007,0.0024996
15,3.479167,0.0157951,0.5235021,1.1512250,-0.008268,0.0000007,0.0024995
15,3.483333,0.0158739,0.5234548,1.1511910,-0.008268,0.0000006,0.0025000
15,3.487500,0.0159541,0.5234067,1.1511560,-0.008411,0.0000005,0.0024998
15,3.491667,0.0160343,0.5233586,1.1511200,-0.008440,0.0000009,0.0025001
15,3.495833,0.0161159,0.5233096,1.1510850,-0.008612,0.0000005,0.0024999
15,3.500000,0.0161975,0.5232607,1.1510490,-0.008612,0.0000007,0.0025000
15,3.504167,0.0162805,0.5232109,1.1510120,-0.008755,0.0000010,0.0024992
15,3.508333,0.0163635,0.5231611,1.1509760,-0.008783,0.0000010,0.0024994
15,3.512500,0.0164478,0.5231104,1.1509390,-0.008898,0.0000010,0.0024992
15,3.516667,0.0165321,0.5230599,1.1509010,-0.008926,0.0000008,0.0024997
15,3.520833,0.0166178,0.5230085,1.1508640,-0.009069,0.0000006,0.0024997
15,3.525000,0.0167034,0.5229571,1.1508260,-0.009069,0.0000009,0.0025001
15,3.529167,0.0167903,0.5229050,1.1507870,-0.009241,0.0000005,0.0024999
15,3.533333,0.0168772,0.5228528,1.1507490,-0.009241,0.0000007,0.0024999
15,3.537500,0.0169653,0.5228000,1.1507100,-0.009384,0.0000009,0.0024994
15,3.541667,0.0170534,0.5227472,1.1506710,-0.009356,0.0000009,0.0024994
15,3.545833,0.0171427,0.5226936,1.1506310,-0.009499,0.0000009,0.0024992
15,3.550000,0.0172320,0.5226400,1.1505910,-0.009499,0.0000009,0.0024998
15,3.554167,0.0173224,0.5225857,1.1505510,-0.009642,0.0000007,0.0024999
15,3.558333,0.0174129,0.5225314,1.1505110,-0.009642,0.0000010,0.0025001
15,3.562500,0.0175044,0.5224765,1.1504700,-0.009813,0.0000007,0.0025000
15,3.566667,0.0175960,0.5224215,1.1504300,-0.009756,0.0000008,0.0025000
15,3.570833,0.0176886,0.5223660,1.1503880,-0.009899,0.0000008,0.0024995
15,3.575000,0.0177812,0.5223104,1.1503470,-0.009928,0.0000009,0.0024995
15,3.579167,0.0178748,0.5222542,1.1503050,-0.009985,0.0000011,0.0024992
15,3.583333,0.0179685,0.5221980,1.1502640,-0.010014,0.0000012,0.0024996
15,3.587500,0.0180631,0.5221413,1.1502210,-0.010128,0.0000011,0.0024995
15,3.591667,0.0181577,0.5220846,1.1501790,-0.010128,0.0000011,0.0025000
15,3.595833,0.0182533,0.5220272,1.1501360,-0.010271,0.0000010,0.0024999
15,3.600000,0.0183488,0.5219699,1.1500940,-0.010242,0.0000010,0.0024999
15,3.604167,0.0184452,0.5219120,1.1500510,-0.010357,0.0000009,0.0024996
15,3.608333,0.0185417,0.5218542,1.1500080,-0.010300,0.0000011,0.0024995
15,3.612500,0.0186390,0.5217957,1.1499640,-0.010471,0.0000012,0.0024993
15,3.616667,0.0187363,0.5217374,1.1499210,-0.010443,0.0000013,0.0024995
15,3.620833,0.0188343,0.5216786,1.1498770,-0.010529,0.0000012,0.0024994
15,3.625000,0.0189324,0.5216197,1.1498330,-0.010557,0.0000013,0.0024997
15,3.629167,0.0190312,0.5215604,1.1497880,-0.010614,0.0000011,0.0024998
15,3.633333,0.0191300,0.5215012,1.1497440,-0.010614,0.0000011,0.0024999
15,3.637500,0.0192296,0.5214415,1.1497000,-0.010700,0.0000010,0.0024998
15,3.641667,0.0193291,0.5213817,1.1496550,-0.010729,0.0000011,0.0024999
15,3.645833,0.0194293,0.5213216,1.1496100,-0.010729,0.0000010,0.0024996
15,3.650000,0.0195295,0.5212615,1.1495660,-0.010729,0.0000012,0.0024997
15,3.654167,0.0196303,0.5212011,1.1495200,-0.010843,0.0000013,0.0024995
15,3.658333,0.0197311,0.5211406,1.1494750,-0.010872,0.0000014,0.0024997
15,3.662500,0.0198324,0.5210797,1.1494300,-0.010872,0.0000012,0.0024997
15,3.666667,0.0199338,0.5210189,1.1493840,-0.010901,0.0000011,0.0025000
15,3.670833,0.0200356,0.5209578,1.1493390,-0.010958,0.0000009,0.0025001
15,3.675000,0.0201375,0.5208967,1.1492930,-0.010958,0.0000010,0.0025002
15,3.679167,0.0202398,0.5208353,1.1492470,-0.010986,0.0000010,0.0024998
15,3.683333,0.0203421,0.5207739,1.1492020,-0.010986,0.0000012,0.0024998
15,3.687500,0.0204448,0.5207123,1.1491550,-0.011044,0.0000013,0.0024996
15,3.691667,0.0205475,0.5206507,1.1491090,-0.011044,0.0000014,0.0024996
15,3.695833,0.0206506,0.5205888,1.1490630,-0.011101,0.0000014,0.0024995
15,3.700000,0.0207537,0.5205269,1.1490170,-0.011072,0.0000013,0.0025000
15,3.704167,0.0208571,0.5204649,1.1489710,-0.011101,0.0000011,0.0024999
15,3.708333,0.0209605,0.5204028,1.1489250,-0.011072,0.0000012,0.0024999
15,3.712500,0.0210641,0.5203407,1.1488780,-0.011129,0.0000012,0.0024998
15,3.716667,0.0211678,0.5202785,1.1488320,-0.011129,0.0000013,0.0024998
15,3.720833,0.0212716,0.5202162,1.1487850,-0.011158,0.0000014,0.0024997
15,3.725000,0.0213755,0.5201538,1.1487390,-0.011129,0.0000015,0.0024995
15,3.729167,0.0214795,0.5200915,1.1486930,-0.011129,0.0000014,0.0024997
15,3.733333,0.0215835,0.5200291,1.1486460,-0.011129,0.0000013,0.0025000
15,3.737500,0.0216876,0.5199667,1.1486000,-0.011158,0.0000012,0.0024999
15,3.741667,0.0217917,0.5199042,1.1485530,-0.011129,0.0000012,0.0025002
15,3.745833,0.0218959,0.5198417,1.1485070,-0.011129,0.0000012,0.0025000
15,3.750000,0.0220000,0.5197791,1.1484610,-0.011101,0.0000014,0.0025000
15,3.754167,0.0221042,0.5197167,1.1484140,-0.011129,0.0000015,0.0024997
15,3.758333,0.0222083,0.5196542,1.1483680,-0.011187,0.0000016,0.0024997
15,3.762500,0.0223124,0.5195917,1.1483220,-0.011072,0.0000016,0.0024997
15,3.766667,0.0224165,0.5195292,1.1482750,-0.011129,0.0000015,0.0025000
15,3.770833,0.0225205,0.5194669,1.1482290,-0.011072,0.0000014,0.0025000
15,3.775000,0.0226245,0.5194045,1.1481830,-0.011072,0.0000014,0.0024999
15,3.779167,0.0227284,0.5193421,1.1481370,-0.011044,0.0000015,0.0024999
15,3.783333,0.0228322,0.5192798,1.1480910,-0.011015,0.0000015,0.0024998
15,3.787500,0.0229359,0.5192176,1.1480450,-0.010986,0.0000017,0.0024997
15,3.791667,0.0230395,0.5191554,1.1480000,-0.010986,0.0000017,0.0024996
15,3.795833,0.0231429,0.5190934,1.1479540,-0.010929,0.0000017,0.0024997
15,3.800000,0.0232463,0.5190313,1.1479080,-0.010958,0.0000015,0.0024999
15,3.804167,0.0233494,0.5189695,1.1478630,-0.010929,0.0000015,0.0025000
15,3.808333,0.0234525,0.5189077,1.1478180,-0.010843,0.0000014,0.0025000
15,3.812500,0.0235552,0.5188460,1.1477720,-0.010872,0.0000015,0.0025001
15,3.816667,0.0236579,0.5187844,1.1477270,-0.010872,0.0000014,0.0025000
15,3.820833,0.0237602,0.5187231,1.1476820,-0.010729,0.0000016,0.0024999
15,3.825000,0.0238625,0.5186617,1.1476380,-0.010757,0.0000015,0.0024997
15,3.829167,0.0239644,0.5186005,1.1475930,-0.010700,0.0000016,0.0024998
15,3.833333,0.0240663,0.5185394,1.1475480,-0.010700,0.0000014,0.0024999
15,3.837500,0.0241676,0.5184786,1.1475040,-0.010586,0.0000014,0.0025001
15,3.841667,0.0242690,0.5184178,1.1474600,-0.010586,0.0000013,0.0025001
15,3.845833,0.0243697,0.5183573,1.1474160,-0.010557,0.0000015,0.0025001
15,3.850000,0.0244705,0.5182969,1.1473720,-0.010529,0.0000014,0.0025000
15,3.854167,0.0245707,0.5182368,1.1473290,-0.010386,0.0000017,0.0024999
15,3.858333,0.0246709,0.5181766,1.1472860,-0.010357,0.0000016,0.0024997
15,3.862500,0.0247704,0.5181169,1.1472430,-0.010386,0.0000018,0.0024998
15,3.866667,0.0248700,0.5180572,1.1472000,-0.010328,0.0000016,0.0024999
15,3.870833,0.0249688,0.5179979,1.1471570,-0.010185,0.0000017,0.0025001
15,3.875000,0.0250676,0.5179386,1.1471150,-0.010185,0.0000015,0.0025000
15,3.879167,0.0251657,0.5178797,1.1470730,-0.010099,0.0000017,0.0025001
15,3.883333,0.0252638,0.5178210,1.1470310,-0.010099,0.0000015,0.0024998
15,3.887500,0.0253611,0.5177625,1.1469890,-0.010014,0.0000018,0.0024999
15,3.891667,0.0254583,0.5177042,1.1469480,-0.009928,0.0000016,0.0024997
15,3.895833,0.0255548,0.5176463,1.1469060,-0.009842,0.0000018,0.0024998
15,3.900000,0.0256512,0.5175885,1.1468650,-0.009842,0.0000016,0.0024999
15,3.904167,0.0257468,0.5175312,1.1468250,-0.009699,0.0000017,0.0025001
15,3.908333,0.0258423,0.5174738,1.1467850,-0.009727,0.0000014,0.0025000
15,3.912500,0.0259369,0.5174170,1.1467450,-0.009584,0.0000016,0.0025002
15,3.916667,0.0260315,0.5173603,1.1467050,-0.009556,0.0000015,0.0024999
15,3.920833,0.0261252,0.5173041,1.1466660,-0.009384,0.0000017,0.0025000
15,3.925000,0.0262188,0.5172479,1.1466270,-0.009384,0.0000015,0.0024998
15,3.929167,0.0263114,0.5171923,1.1465880,-0.009298,0.0000018,0.0025001
15,3.933333,0.0264040,0.5171368,1.1465490,-0.009298,0.0000014,0.0025000
15,3.937500,0.0264956,0.5170818,1.1465110,-0.009098,0.0000016,0.0025002
15,3.941667,0.0265871,0.5170269,1.1464730,-0.009069,0.0000014,0.0025001
15,3.945833,0.0266776,0.5169726,1.1464360,-0.008984,0.0000017,0.0025002
15,3.950000,0.0267680,0.5169184,1.1463990,-0.008984,0.0000015,0.0024999
15,3.954167,0.0268573,0.5168647,1.1463620,-0.008755,0.0000019,0.0025001
15,3.958333,0.0269466,0.5168112,1.1463260,-0.008755,0.0000017,0.0024999
15,3.962500,0.0270347,0.5167583,1.1462900,-0.008583,0.0000020,0.0025000
15,3.966667,0.0271229,0.5167055,1.1462540,-0.008640,0.0000017,0.0024999
15,3.970833,0.0272097,0.5166533,1.1462190,-0.008411,0.0000019,0.0025001
15,3.975000,0.0272966,0.5166011,1.1461840,-0.008383,0.0000016,0.0024999
15,3.979167,0.0273822,0.5165498,1.1461500,-0.008240,0.0000019,0.0025001
15,3.983333,0.0274679,0.5164984,1.1461150,-0.008240,0.0000016,0.0025000
15,3.987500,0.0275522,0.5164478,1.1460820,-0.008039,0.0000019,0.0025001
15,3.991667,0.0276365,0.5163972,1.1460480,-0.007982,0.0000016,0.0024999
15,3.995833,0.0277195,0.5163475,1.1460160,-0.007868,0.0000019,0.0024999
15,4.000000,0.0278025,0.5162977,1.1459830,-0.007839,0.0000015,0.0025000
15,4.004167,0.0278841,0.5162488,1.1459510,-0.007639,0.0000018,0.0025003
15,4.008333,0.0279657,0.5161998,1.1459190,-0.007639,0.0000014,0.0024999
15,4.012500,0.0280459,0.5161516,1.1458880,-0.007439,0.0000018,0.0025002
15,4.016667,0.0281261,0.5161034,1.1458570,-0.007439,0.0000016,0.0024998
15,4.020833,0.0282049,0.5160562,1.1458270,-0.007210,0.0000020,0.0025000
15,4.025000,0.0282837,0.5160090,1.1457970,-0.007238,0.0000017,0.0024997
15,4.029167,0.0283610,0.5159625,1.1457680,-0.007038,0.0000021,0.0024999
15,4.033333,0.0284383,0.5159162,1.1457390,-0.006952,0.0000017,0.0024997
15,4.037500,0.0285141,0.5158707,1.1457100,-0.006809,0.0000020,0.0025000
15,4.041667,0.0285899,0.5158252,1.1456820,-0.006781,0.0000017,0.0024997
15,4.045833,0.0286641,0.5157807,1.1456550,-0.006580,0.0000020,0.0025000
15,4.050000,0.0287384,0.5157362,1.1456270,-0.006552,0.0000017,0.0024999
15,4.054167,0.0288111,0.5156925,1.1456010,-0.006380,0.0000021,0.0025002
15,4.058333,0.0288838,0.5156489,1.1455750,-0.006323,0.0000017,0.0024999
15,4.062500,0.0289550,0.5156062,1.1455490,-0.006094,0.0000021,0.0025001
15,4.066667,0.0290261,0.5155635,1.1455240,-0.006123,0.0000017,0.0025000
15,4.070833,0.0290957,0.5155218,1.1454990,-0.005894,0.0000020,0.0025002
15,4.075000,0.0291652,0.5154801,1.1454740,-0.005922,0.0000016,0.0025000
15,4.079167,0.0292331,0.5154393,1.1454510,-0.005608,0.0000020,0.0025001
15,4.083333,0.0293010,0.5153986,1.1454280,-0.005636,0.0000016,0.0024999
15,4.087500,0.0293672,0.5153589,1.1454050,-0.005407,0.0000021,0.0025002
15,4.091667,0.0294335,0.5153191,1.1453830,-0.005407,0.0000017,0.0024999
15,4.095833,0.0294981,0.5152804,1.1453610,-0.005178,0.0000021,0.0025001
15,4.100000,0.0295626,0.5152416,1.1453390,-0.005150,0.0000017,0.0024999
15,4.104167,0.0296255,0.5152039,1.1453190,-0.004921,0.0000020,0.0025002
15,4.108333,0.0296884,0.5151662,1.1452990,-0.004892,0.0000016,0.0024999
15,4.112500,0.0297496,0.5151294,1.1452790,-0.004721,0.0000020,0.0025002
15,4.116667,0.0298108,0.5150927,1.1452590,-0.004663,0.0000016,0.0024999
15,4.120833,0.0298702,0.5150570,1.1452410,-0.004406,0.0000019,0.0025001
15,4.125000,0.0299297,0.5150214,1.1452230,-0.004406,0.0000015,0.0024999
15,4.129167,0.0299874,0.5149868,1.1452050,-0.004177,0.0000019,0.0025002
15,4.133333,0.0300451,0.5149521,1.1451880,-0.004177,0.0000015,0.0025000
15,4.137500,0.0301011,0.5149185,1.1451720,-0.003948,0.0000019,0.0025003
15,4.141667,0.0301571,0.5148849,1.1451550,-0.003920,0.0000015,0.0024999
15,4.145833,0.0302113,0.5148524,1.1451400,-0.003691,0.0000019,0.0025003
15,4.150000,0.0302655,0.5148199,1.1451250,-0.003633,0.0000015,0.0024999
15,4.154167,0.0303180,0.5147883,1.1451100,-0.003433,0.0000019,0.0025001
15,4.158333,0.0303704,0.5147569,1.1450960,-0.003462,0.0000016,0.0024998
15,4.162500,0.0304211,0.5147265,1.1450830,-0.003119,0.0000020,0.0025002
15,4.166667,0.0304718,0.5146961,1.1450700,-0.003176,0.0000016,0.0024999
15,4.170833,0.0305207,0.5146668,1.1450580,-0.002918,0.0000020,0.0025003
15,4.175000,0.0305696,0.5146374,1.1450450,-0.002918,0.0000016,0.0025000
15,4.179167,0.0306167,0.5146092,1.1450340,-0.002689,0.0000020,0.0025003
15,4.183333,0.0306638,0.5145809,1.1450230,-0.002689,0.0000016,0.0025001
15,4.187500,0.0307092,0.5145537,1.1450130,-0.002403,0.0000020,0.0025003
15,4.191667,0.0307545,0.5145265,1.1450030,-0.002403,0.0000016,0.0024999
15,4.195833,0.0307981,0.5145003,1.1449940,-0.002117,0.0000020,0.0025002
15,4.200000,0.0308416,0.5144742,1.1449850,-0.002146,0.0000016,0.0025001
15,4.204167,0.0308834,0.5144491,1.1449770,-0.001917,0.0000021,0.0025002
15,4.208333,0.0309252,0.5144241,1.1449690,-0.001945,0.0000016,0.0025000
15,4.212500,0.0309652,0.5144001,1.1449620,-0.001631,0.0000021,0.0025003
15,4.216667,0.0310052,0.5143761,1.1449550,-0.001659,0.0000016,0.0025001
15,4.220833,0.0310434,0.5143532,1.1449490,-0.001431,0.0000020,0.0025002
15,4.225000,0.0310817,0.5143302,1.1449440,-0.001402,0.0000017,0.0024999
15,4.229167,0.0311181,0.5143083,1.1449380,-0.001230,0.0000021,0.0025001
15,4.233333,0.0311546,0.5142864,1.1449340,-0.001116,0.0000017,0.0024999
15,4.237500,0.0311894,0.5142655,1.1449300,-0.000916,0.0000021,0.0025003
15,4.241667,0.0312241,0.5142447,1.1449260,-0.000887,0.0000017,0.0024999
15,4.245833,0.0312571,0.5142249,1.1449230,-0.000715,0.0000021,0.0025001
15,4.250000,0.0312901,0.5142050,1.1449200,-0.000715,0.0000016,0.0024998
15,4.254167,0.0313214,0.5141863,1.1449180,-0.000458,0.0000020,0.0025001
15,4.258333,0.0313527,0.5141675,1.1449170,-0.000401,0.0000016,0.0024999
15,4.262500,0.0313823,0.5141498,1.1449160,-0.000229,0.0000019,0.0025001
15,4.266667,0.0314119,0.5141320,1.1449150,-0.000229,0.0000016,0.0024998
15,4.270833,0.0314398,0.5141152,1.1449150,0.000029,0.0000020,0.0025002
15,4.275000,0.0314678,0.5140985,1.1449150,0.000029,0.0000016,0.0024999
15,4.279167,0.0314940,0.5140828,1.1449160,0.000286,0.0000019,0.0025002
15,4.283333,0.0315203,0.5140670,1.1449170,0.000229,0.0000016,0.0025000
15,4.287500,0.0315450,0.5140522,1.1449190,0.000486,0.0000019,0.0025002
15,4.291667,0.0315696,0.5140374,1.1449210,0.000486,0.0000016,0.0024999
15,4.295833,0.0315926,0.5140236,1.1449240,0.000687,0.0000019,0.0025002
15,4.300000,0.0316157,0.5140098,1.1449270,0.000687,0.0000016,0.0025000
15,4.304167,0.0316372,0.5139969,1.1449310,0.000916,0.0000021,0.0025003
15,4.308333,0.0316586,0.5139840,1.1449350,0.000916,0.0000017,0.0025001
15,4.312500,0.0316786,0.5139720,1.1449390,0.001030,0.0000020,0.0025002
15,4.316667,0.0316985,0.5139601,1.1449440,0.001116,0.0000016,0.0025000
15,4.320833,0.0317170,0.5139490,1.1449490,0.001316,0.0000019,0.0025002
15,4.325000,0.0317354,0.5139379,1.1449540,0.001287,0.0000016,0.0025000
15,4.329167,0.0317524,0.5139277,1.1449610,0.001488,0.0000019,0.0025002
15,4.333333,0.0317693,0.5139176,1.1449670,0.001516,0.0000016,0.0025001
15,4.337500,0.0317849,0.5139083,1.1449740,0.001659,0.0000020,0.0025004
15,4.341667,0.0318005,0.5138989,1.1449810,0.001688,0.0000017,0.0025000
15,4.345833,0.0318146,0.5138904,1.1449890,0.001860,0.0000020,0.0025001
15,4.350000,0.0318288,0.5138819,1.1449960,0.001860,0.0000016,0.0025000
15,4.354167,0.0318417,0.5138742,1.1450050,0.002031,0.0000019,0.0025001
15,4.358333,0.0318545,0.5138665,1.1450130,0.002060,0.0000016,0.0024998
15,4.362500,0.0318660,0.5138596,1.1450230,0.002203,0.0000019,0.0025000
15,4.366667,0.0318776,0.5138527,1.1450320,0.002174,0.0000017,0.0024999
15,4.370833,0.0318879,0.5138464,1.1450410,0.002346,0.0000020,0.0025001
15,4.375000,0.0318983,0.5138402,1.1450510,0.002375,0.0000018,0.0024998
15,4.379167,0.0319074,0.5138348,1.1450620,0.002489,0.0000019,0.0025001
15,4.383333,0.0319165,0.5138293,1.1450720,0.002489,0.0000016,0.0024998
15,4.387500,0.0319246,0.5138245,1.1450830,0.002661,0.0000018,0.0024998
15,4.391667,0.0319326,0.5138196,1.1450940,0.002632,0.0000016,0.0024997
15,4.395833,0.0319395,0.5138155,1.1451060,0.002775,0.0000018,0.0024998
15,4.400000,0.0319465,0.5138112,1.1451170,0.002775,0.0000016,0.0024998
15,4.404167,0.0319525,0.5138077,1.1451290,0.002861,0.0000019,0.0024999
15,4.408333,0.0319584,0.5138041,1.1451410,0.002861,0.0000017,0.0024998
15,4.412500,0.0319635,0.5138010,1.1451540,0.003033,0.0000019,0.0024998
15,4.416667,0.0319685,0.5137981,1.1451660,0.003004,0.0000017,0.0024997
15,4.420833,0.0319727,0.5137956,1.1451790,0.003061,0.0000018,0.0025000
15,4.425000,0.0319768,0.5137931,1.1451920,0.003061,0.0000015,0.0024998
15,4.429167,0.0319802,0.5137910,1.1452050,0.003176,0.0000017,0.0024998
15,4.433333,0.0319836,0.5137891,1.1452180,0.003147,0.0000017,0.0025000
15,4.437500,0.0319863,0.5137874,1.1452320,0.003233,0.0000019,0.0025002
15,4.441667,0.0319889,0.5137858,1.1452450,0.003204,0.0000018,0.0024999
15,4.445833,0.0319909,0.5137846,1.1452590,0.003319,0.0000018,0.0025001
15,4.450000,0.0319930,0.5137833,1.1452720,0.003290,0.0000016,0.0024998
15,4.454167,0.0319944,0.5137825,1.1452860,0.003319,0.0000016,0.0024999
15,4.458333,0.0319959,0.5137817,1.1453000,0.003376,0.0000014,0.0024999
15,4.462500,0.0319969,0.5137810,1.1453140,0.003347,0.0000015,0.0024999
15,4.466667,0.0319979,0.5137805,1.1453280,0.003376,0.0000016,0.0025000
15,4.470833,0.0319985,0.5137801,1.1453430,0.003405,0.0000018,0.0025001
15,4.475000,0.0319991,0.5137798,1.1453570,0.003376,0.0000019,0.0025000
15,4.479167,0.0319994,0.5137795,1.1453710,0.003376,0.0000019,0.0025001
15,4.483333,0.0319997,0.5137793,1.1453850,0.003347,0.0000018,0.0025001
15,4.487500,0.0319999,0.5137793,1.1453990,0.003405,0.0000018,0.0025001
15,4.491667,0.0320000,0.5137792,1.1454130,0.003405,0.0000017,0.0025001
15,4.495833,0.0320000,0.5137792,1.1454270,0.003347,0.0000018,0.0025000
15,4.500000,0.0320000,0.5137791,1.1454410,0.003347,0.0000018,0.0024999
15,4.504167,0.0320000,0.5137792,1.1454550,0.003319,0.0000018,0.0025000
15,4.508333,0.0320000,0.5137792,1.1454690,0.003319,0.0000017,0.0025001
15,4.512500,0.0319999,0.5137793,1.1454820,0.003262,0.0000018,0.0025001
15,4.516667,0.0319997,0.5137793,1.1454960,0.003262,0.0000018,0.0025001
15,4.520833,0.0319994,0.5137795,1.1455090,0.003290,0.0000019,0.0025001
15,4.525000,0.0319991,0.5137798,1.1455230,0.003319,0.0000019,0.0025000
15,4.529167,0.0319985,0.5137801,1.1455370,0.003233,0.0000018,0.0025001
15,4.533333,0.0319979,0.5137805,1.1455500,0.003233,0.0000016,0.0025000
15,4.537500,0.0319969,0.5137811,1.1455640,0.003319,0.0000015,0.0024999
15,4.541667,0.0319959,0.5137817,1.1455780,0.003319,0.0000014,0.0024999
15,4.545833,0.0319944,0.5137825,1.1455920,0.003290,0.0000016,0.0024999
15,4.550000,0.0319930,0.5137833,1.1456050,0.003290,0.0000016,0.0024998
15,4.554167,0.0319909,0.5137846,1.1456190,0.003376,0.0000018,0.0025001
15,4.558333,0.0319889,0.5137858,1.1456330,0.003347,0.0000018,0.0024999
15,4.562500,0.0319863,0.5137874,1.1456480,0.003405,0.0000019,0.0025002
15,4.566667,0.0319836,0.5137891,1.1456610,0.003347,0.0000017,0.0025000
15,4.570833,0.0319802,0.5137911,1.1456760,0.003490,0.0000017,0.0024999
15,4.575000,0.0319768,0.5137931,1.1456900,0.003462,0.0000015,0.0024998
15,4.579167,0.0319727,0.5137956,1.1457050,0.003548,0.0000018,0.0024999
15,4.583333,0.0319685,0.5137981,1.1457200,0.003548,0.0000017,0.0024997
15,4.587500,0.0319635,0.5138010,1.1457350,0.003576,0.0000019,0.0024998
15,4.591667,0.0319584,0.5138041,1.1457500,0.003605,0.0000017,0.0024998
15,4.595833,0.0319525,0.5138077,1.1457650,0.003719,0.0000019,0.0024999
15,4.600000,0.0319465,0.5138112,1.1457810,0.003691,0.0000016,0.0024998
15,4.604167,0.0319395,0.5138155,1.1457970,0.003862,0.0000018,0.0024998
15,4.608333,0.0319326,0.5138196,1.1458130,0.003805,0.0000016,0.0024997
15,4.612500,0.0319246,0.5138245,1.1458290,0.003920,0.0000018,0.0024999
15,4.616667,0.0319165,0.5138293,1.1458450,0.003891,0.0000016,0.0024998
15,4.620833,0.0319074,0.5138348,1.1458620,0.004063,0.0000020,0.0025001
15,4.625000,0.0318983,0.5138402,1.1458790,0.004034,0.0000018,0.0024998
15,4.629167,0.0318879,0.5138465,1.1458960,0.004177,0.0000020,0.0025002
15,4.633333,0.0318776,0.5138527,1.1459140,0.004177,0.0000017,0.0024999
15,4.637500,0.0318660,0.5138596,1.1459320,0.004292,0.0000018,0.0025000
15,4.641667,0.0318545,0.5138665,1.1459500,0.004320,0.0000016,0.0024998
15,4.645833,0.0318416,0.5138742,1.1459680,0.004463,0.0000019,0.0025001
15,4.650000,0.0318288,0.5138819,1.1459870,0.004463,0.0000016,0.0025000
15,4.654167,0.0318146,0.5138904,1.1460060,0.004606,0.0000020,0.0025001
15,4.658333,0.0318005,0.5138989,1.1460250,0.004606,0.0000017,0.0025000
15,4.662500,0.0317849,0.5139083,1.1460450,0.004778,0.0000021,0.0025004
15,4.666667,0.0317693,0.5139176,1.1460650,0.004749,0.0000016,0.0025001
15,4.670833,0.0317524,0.5139278,1.1460860,0.004921,0.0000019,0.0025002
15,4.675000,0.0317354,0.5139379,1.1461060,0.004950,0.0000016,0.0025000
15,4.679167,0.0317170,0.5139490,1.1461270,0.005093,0.0000019,0.0025002
15,4.683333,0.0316985,0.5139601,1.1461490,0.005093,0.0000016,0.0025000
15,4.687500,0.0316786,0.5139720,1.1461710,0.005293,0.0000020,0.0025002
15,4.691667,0.0316586,0.5139840,1.1461930,0.005293,0.0000017,0.0025001
15,4.695833,0.0316372,0.5139969,1.1462150,0.005465,0.0000021,0.0025003
15,4.700000,0.0316157,0.5140098,1.1462380,0.005465,0.0000016,0.0025000
15,4.704167,0.0315926,0.5140236,1.1462620,0.005608,0.0000019,0.0025002
15,4.708333,0.0315696,0.5140374,1.1462850,0.005608,0.0000016,0.0024999
15,4.712500,0.0315450,0.5140522,1.1463090,0.005808,0.0000019,0.0025002
15,4.716667,0.0315203,0.5140670,1.1463330,0.005836,0.0000016,0.0025000
15,4.720833,0.0314940,0.5140828,1.1463590,0.006037,0.0000020,0.0025002
15,4.725000,0.0314678,0.5140985,1.1463840,0.006008,0.0000016,0.0024999
15,4.729167,0.0314398,0.5141153,1.1464090,0.006180,0.0000020,0.0025002
15,4.733333,0.0314119,0.5141320,1.1464350,0.006208,0.0000017,0.0024998
15,4.737500,0.0313823,0.5141498,1.1464620,0.006437,0.0000019,0.0025001
15,4.741667,0.0313527,0.5141675,1.1464890,0.006409,0.0000016,0.0024999
15,4.745833,0.0313214,0.5141863,1.1465160,0.006609,0.0000020,0.0025000
15,4.750000,0.0312901,0.5142050,1.1465440,0.006609,0.0000016,0.0024998
15,4.754167,0.0312571,0.5142249,1.1465720,0.006866,0.0000021,0.0025001
15,4.758333,0.0312241,0.5142447,1.1466010,0.006866,0.0000017,0.0024999
15,4.762500,0.0311894,0.5142655,1.1466300,0.007010,0.0000021,0.0025003
15,4.766667,0.0311546,0.5142864,1.1466590,0.007010,0.0000017,0.0024999
15,4.770833,0.0311181,0.5143083,1.1466890,0.007181,0.0000021,0.0025001
15,4.775000,0.0310817,0.5143302,1.1467200,0.007296,0.0000016,0.0024999
15,4.779167,0.0310434,0.5143532,1.1467510,0.007439,0.0000020,0.0025002
15,4.783333,0.0310052,0.5143761,1.1467820,0.007467,0.0000016,0.0025001
15,4.787500,0.0309652,0.5144001,1.1468140,0.007668,0.0000020,0.0025003
15,4.791667,0.0309252,0.5144241,1.1468460,0.007610,0.0000016,0.0025000
15,4.795833,0.0308834,0.5144492,1.1468780,0.007896,0.0000020,0.0025002
15,4.800000,0.0308416,0.5144742,1.1469110,0.007868,0.0000016,0.0025001
15,4.804167,0.0307980,0.5145003,1.1469450,0.008068,0.0000020,0.0025002
15,4.808333,0.0307545,0.5145265,1.1469780,0.008039,0.0000016,0.0024998
15,4.812500,0.0307092,0.5145537,1.1470130,0.008297,0.0000020,0.0025003
15,4.816667,0.0306638,0.5145809,1.1470480,0.008297,0.0000016,0.0025001
15,4.820833,0.0306167,0.5146092,1.1470830,0.008497,0.0000020,0.0025004
15,4.825000,0.0305696,0.5146374,1.1471180,0.008526,0.0000016,0.0025000
15,4.829167,0.0305207,0.5146668,1.1471550,0.008698,0.0000020,0.0025002
15,4.833333,0.0304718,0.5146961,1.1471910,0.008755,0.0000016,0.0024998
15,4.837500,0.0304211,0.5147265,1.1472280,0.008869,0.0000020,0.0025002
15,4.841667,0.0303704,0.5147569,1.1472650,0.008898,0.0000016,0.0024998
15,4.845833,0.0303180,0.5147884,1.1473030,0.009184,0.0000020,0.0025001
15,4.850000,0.0302655,0.5148199,1.1473410,0.009098,0.0000015,0.0024999
15,4.854167,0.0302113,0.5148524,1.1473800,0.009327,0.0000019,0.0025002
15,4.858333,0.0301571,0.5148849,1.1474190,0.009327,0.0000015,0.0024999
15,4.862500,0.0301011,0.5149186,1.1474590,0.009556,0.0000019,0.0025003
15,4.866667,0.0300451,0.5149521,1.1474990,0.009527,0.0000014,0.0024999
15,4.870833,0.0299874,0.5149868,1.1475390,0.009756,0.0000019,0.0025002
15,4.875000,0.0299297,0.5150214,1.1475800,0.009727,0.0000015,0.0024999
15,4.879167,0.0298702,0.5150570,1.1476210,0.009928,0.0000019,0.0025001
15,4.883333,0.0298108,0.5150927,1.1476630,0.009956,0.0000016,0.0024999
15,4.887500,0.0297496,0.5151294,1.1477050,0.010157,0.0000019,0.0025002
15,4.891667,0.0296884,0.5151662,1.1477470,0.010128,0.0000016,0.0024999
15,4.895833,0.0296255,0.5152039,1.1477900,0.010328,0.0000020,0.0025002
15,4.900000,0.0295626,0.5152416,1.1478330,0.010328,0.0000016,0.0024999
15,4.904167,0.0294981,0.5152804,1.1478770,0.010529,0.0000021,0.0025001
15,4.908333,0.0294335,0.5153191,1.1479210,0.010529,0.0000017,0.0024998
15,4.912500,0.0293672,0.5153589,1.1479660,0.010729,0.0000021,0.0025002
15,4.916667,0.0293010,0.5153986,1.1480100,0.010700,0.0000017,0.0024999
15,4.920833,0.0292331,0.5154393,1.1480560,0.010929,0.0000020,0.0025001
15,4.925000,0.0291652,0.5154801,1.1481010,0.010872,0.0000016,0.0025000
15,4.929167,0.0290956,0.5155218,1.1481470,0.011101,0.0000021,0.0025002
15,4.933333,0.0290261,0.5155635,1.1481940,0.011101,0.0000017,0.0025000
15,4.937500,0.0289550,0.5156062,1.1482410,0.011272,0.0000021,0.0025001
15,4.941667,0.0288838,0.5156489,1.1482870,0.011244,0.0000018,0.0024998
15,4.945833,0.0288111,0.5156925,1.1483350,0.011444,0.0000021,0.0025002
15,4.950000,0.0287384,0.5157362,1.1483830,0.011444,0.0000017,0.0024999
15,4.954167,0.0286641,0.5157807,1.1484310,0.011616,0.0000020,0.0025000
15,4.958333,0.0285899,0.5158252,1.1484790,0.011587,0.0000017,0.0024997
15,4.962500,0.0285141,0.5158707,1.1485290,0.011787,0.0000020,0.0025000
15,4.966667,0.0284383,0.5159162,1.1485780,0.011787,0.0000017,0.0024997
15,4.970833,0.0283609,0.5159626,1.1486270,0.011930,0.0000021,0.0025000
15,4.975000,0.0282836,0.5160090,1.1486770,0.011902,0.0000017,0.0024997
15,4.979167,0.0282049,0.5160562,1.1487270,0.012102,0.0000020,0.0025000
15,4.983333,0.0281261,0.5161034,1.1487780,0.012102,0.0000016,0.0024998
15,4.987500,0.0280459,0.5161516,1.1488290,0.012217,0.0000018,0.0025002
15,4.991667,0.0279657,0.5161998,1.1488800,0.012217,0.0000015,0.0024999
15,4.995833,0.0278841,0.5162488,1.1489310,0.012417,0.0000018,0.0025002
15,5.000000,0.0278025,0.5162977,1.1489830,0.012388,0.0000015,0.0024999
15,5.004167,0.0277195,0.5163475,1.1490350,0.012503,0.0000019,0.0024999
15,5.008333,0.0276365,0.5163972,1.1490870,0.012560,0.0000016,0.0024998
15,5.012500,0.0275522,0.5164479,1.1491400,0.012646,0.0000019,0.0025002
15,5.016667,0.0274679,0.5164984,1.1491930,0.012617,0.0000016,0.0025000
15,5.020833,0.0273822,0.5165498,1.1492460,0.012789,0.0000019,0.0025001
15,5.025000,0.0272966,0.5166011,1.1492990,0.012789,0.0000015,0.0024999
15,5.029167,0.0272097,0.5166533,1.1493530,0.012903,0.0000019,0.0025002
15,5.033333,0.0271228,0.5167055,1.1494070,0.012875,0.0000017,0.0024999
15,5.037500,0.0270347,0.5167583,1.1494610,0.013075,0.0000020,0.0025000
15,5.041667,0.0269466,0.5168112,1.1495150,0.013018,0.0000017,0.0024998
15,5.045833,0.0268573,0.5168648,1.1495700,0.013132,0.0000019,0.0025002
15,5.050000,0.0267680,0.5169184,1.1496250,0.013103,0.0000015,0.0024999
15,5.054167,0.0266776,0.5169726,1.1496800,0.013275,0.0000017,0.0025002
15,5.058333,0.0265871,0.5170269,1.1497350,0.013275,0.0000014,0.0025001
15,5.062500,0.0264956,0.5170819,1.1497910,0.013304,0.0000016,0.0025003
15,5.066667,0.0264040,0.5171368,1.1498460,0.013332,0.0000014,0.0025000
15,5.070833,0.0263114,0.5171923,1.1499020,0.013447,0.0000017,0.0025001
15,5.075000,0.0262188,0.5172479,1.1499580,0.013418,0.0000015,0.0024998
15,5.079167,0.0261252,0.5173041,1.1500150,0.013533,0.0000017,0.0025001
15,5.083333,0.0260315,0.5173603,1.1500710,0.013475,0.0000015,0.0024999
15,5.087500,0.0259369,0.5174170,1.1501270,0.013590,0.0000016,0.0025001
15,5.091667,0.0258423,0.5174738,1.1501840,0.013590,0.0000014,0.0025000
15,5.095833,0.0257468,0.5175312,1.1502410,0.013647,0.0000017,0.0025001
15,5.100000,0.0256512,0.5175885,1.1502980,0.013647,0.0000016,0.0024999
15,5.104167,0.0255548,0.5176464,1.1503550,0.013733,0.0000018,0.0024998
15,5.108333,0.0254583,0.5177042,1.1504120,0.013733,0.0000017,0.0024997
15,5.112500,0.0253610,0.5177626,1.1504700,0.013762,0.0000018,0.0024999
15,5.116667,0.0252638,0.5178210,1.1505270,0.013762,0.0000015,0.0024999
15,5.120833,0.0251657,0.5178798,1.1505850,0.013876,0.0000017,0.0025002
15,5.125000,0.0250676,0.5179386,1.1506420,0.013819,0.0000014,0.0025000
15,5.129167,0.0249688,0.5179979,1.1507000,0.013876,0.0000017,0.0025002
15,5.133333,0.0248700,0.5180572,1.1507580,0.013876,0.0000016,0.0024998
15,5.137500,0.0247704,0.5181170,1.1508160,0.013905,0.0000018,0.0024999
15,5.141667,0.0246709,0.5181766,1.1508740,0.013933,0.0000016,0.0024996
15,5.145833,0.0245707,0.5182368,1.1509320,0.013905,0.0000017,0.0025000
15,5.150000,0.0244705,0.5182969,1.1509900,0.013905,0.0000015,0.0025000
15,5.154167,0.0243697,0.5183574,1.1510480,0.013990,0.0000015,0.0025002
15,5.158333,0.0242689,0.5184178,1.1511060,0.013962,0.0000013,0.0025001
15,5.162500,0.0241676,0.5184786,1.1511650,0.013990,0.0000014,0.0025002
15,5.166667,0.0240663,0.5185394,1.1512230,0.013990,0.0000014,0.0024999
15,5.170833,0.0239644,0.5186005,1.1512810,0.013933,0.0000016,0.0024998
15,5.175000,0.0238625,0.5186617,1.1513390,0.013990,0.0000016,0.0024996
15,5.179167,0.0237602,0.5187231,1.1513970,0.013990,0.0000016,0.0024999
15,5.183333,0.0236579,0.5187844,1.1514560,0.013962,0.0000014,0.0025000
15,5.187500,0.0235552,0.5188461,1.1515140,0.014048,0.0000015,0.0025001
15,5.191667,0.0234525,0.5189077,1.1515720,0.013990,0.0000014,0.0025000
15,5.195833,0.0233494,0.5189695,1.1516300,0.013905,0.0000015,0.0025000
15,5.200000,0.0232463,0.5190313,1.1516890,0.013962,0.0000015,0.0024998
15,5.204167,0.0231429,0.5190934,1.1517470,0.013933,0.0000017,0.0024998
15,5.208333,0.0230395,0.5191554,1.1518050,0.013933,0.0000017,0.0024996
15,5.212500,0.0229359,0.5192176,1.1518630,0.013905,0.0000017,0.0024998
15,5.216667,0.0228322,0.5192798,1.1519210,0.013905,0.0000015,0.0024998
15,5.220833,0.0227284,0.5193421,1.1519780,0.013847,0.0000014,0.0024999
15,5.225000,0.0226245,0.5194045,1.1520360,0.013876,0.0000013,0.0024999
15,5.229167,0.0225205,0.5194669,1.1520940,0.013790,0.0000014,0.0025000
15,5.233333,0.0224165,0.5195292,1.1521510,0.013847,0.0000015,0.0025000
15,5.237500,0.0223124,0.5195917,1.1522090,0.013790,0.0000016,0.0024997
15,5.241667,0.0222083,0.5196542,1.1522660,0.013790,0.0000016,0.0024996
15,5.245833,0.0221042,0.5197167,1.1523230,0.013704,0.0000014,0.0024998
15,5.250000,0.0220000,0.5197791,1.1523800,0.013733,0.0000014,0.0025000
15,5.254167,0.0218958,0.5198417,1.1524370,0.013647,0.0000013,0.0025001
15,5.258333,0.0217917,0.5199042,1.1524940,0.013647,0.0000012,0.0025002
15,5.262500,0.0216876,0.5199667,1.1525510,0.013561,0.0000012,0.0024999
15,5.266667,0.0215835,0.5200291,1.1526070,0.013533,0.0000013,0.0024999
15,5.270833,0.0214795,0.5200915,1.1526630,0.013504,0.0000014,0.0024998
15,5.275000,0.0213755,0.5201538,1.1527190,0.013447,0.0000015,0.0024996
15,5.279167,0.0212716,0.5202162,1.1527750,0.013418,0.0000014,0.0024997
15,5.283333,0.0211678,0.5202785,1.1528310,0.013418,0.0000013,0.0024998
15,5.287500,0.0210641,0.5203407,1.1528870,0.013332,0.0000012,0.0024999
15,5.291667,0.0209605,0.5204028,1.1529420,0.013275,0.0000012,0.0024999
15,5.295833,0.0208571,0.5204649,1.1529970,0.013218,0.0000011,0.0024999
15,5.300000,0.0207537,0.5205269,1.1530520,0.013189,0.0000013,0.0025000
15,5.304167,0.0206506,0.5205888,1.1531070,0.013103,0.0000014,0.0024996
15,5.308333,0.0205475,0.5206507,1.1531610,0.013103,0.0000014,0.0024997
15,5.312500,0.0204448,0.5207123,1.1532150,0.012960,0.0000013,0.0024996
15,5.316667,0.0203421,0.5207739,1.1532690,0.012989,0.0000012,0.0024998
15,5.320833,0.0202398,0.5208353,1.1533230,0.012846,0.0000010,0.0024999
15,5.325000,0.0201375,0.5208967,1.1533760,0.012817,0.0000011,0.0025002
15,5.329167,0.0200356,0.5209578,1.1534300,0.012760,0.0000010,0.0025001
15,5.333333,0.0199338,0.5210189,1.1534820,0.012674,0.0000012,0.0025000
15,5.337500,0.0198324,0.5210797,1.1535350,0.012560,0.0000012,0.0024997
15,5.341667,0.0197311,0.5211406,1.1535870,0.012589,0.0000014,0.0024997
15,5.345833,0.0196303,0.5212011,1.1536390,0.012474,0.0000013,0.0024995
15,5.350000,0.0195295,0.5212615,1.1536910,0.012445,0.0000012,0.0024997
15,5.354167,0.0194293,0.5213216,1.1537420,0.012274,0.0000010,0.0024997
15,5.358333,0.0193291,0.5213817,1.1537930,0.012245,0.0000011,0.0024998
15,5.362500,0.0192296,0.5214415,1.1538440,0.012159,0.0000010,0.0024998
15,5.366667,0.0191300,0.5215012,1.1538940,0.012159,0.0000012,0.0024999
15,5.370833,0.0190312,0.5215605,1.1539440,0.011930,0.0000011,0.0024998
15,5.375000,0.0189324,0.5216197,1.1539940,0.011902,0.0000013,0.0024996
15,5.379167,0.0188343,0.5216786,1.1540430,0.011845,0.0000012,0.0024994
15,5.383333,0.0187362,0.5217374,1.1540920,0.011787,0.0000013,0.0024994
15,5.387500,0.0186390,0.5217958,1.1541410,0.011616,0.0000011,0.0024994
15,5.391667,0.0185417,0.5218542,1.1541890,0.011644,0.0000011,0.0024994
15,5.395833,0.0184452,0.5219120,1.1542370,0.011387,0.0000009,0.0024995
15,5.400000,0.0183488,0.5219699,1.1542840,0.011444,0.0000010,0.0024999
15,5.404167,0.0182532,0.5220273,1.1543310,0.011272,0.0000010,0.0024999
15,5.408333,0.0181577,0.5220846,1.1543780,0.011215,0.0000012,0.0024999
15,5.412500,0.0180631,0.5221413,1.1544240,0.011072,0.0000011,0.0024995
15,5.416667,0.0179685,0.5221980,1.1544700,0.011044,0.0000012,0.0024995
15,5.420833,0.0178748,0.5222542,1.1545150,0.010843,0.0000011,0.0024993
15,5.425000,0.0177812,0.5223104,1.1545600,0.010815,0.0000009,0.0024996
15,5.429167,0.0176886,0.5223660,1.1546050,0.010643,0.0000008,0.0024995
15,5.433333,0.0175960,0.5224215,1.1546490,0.010614,0.0000008,0.0025000
15,5.437500,0.0175044,0.5224765,1.1546920,0.010414,0.0000007,0.0025000
15,5.441667,0.0174129,0.5225314,1.1547360,0.010471,0.0000010,0.0025001
15,5.445833,0.0173224,0.5225857,1.1547780,0.010214,0.0000007,0.0024999
15,5.450000,0.0172320,0.5226400,1.1548210,0.010214,0.0000010,0.0024996
15,5.454167,0.0171427,0.5226936,1.1548630,0.009985,0.0000009,0.0024993
15,5.458333,0.0170534,0.5227472,1.1549040,0.009956,0.0000009,0.0024994
15,5.462500,0.0169653,0.5228000,1.1549450,0.009785,0.0000009,0.0024994
15,5.466667,0.0168772,0.5228528,1.1549860,0.009756,0.0000008,0.0024999
15,5.470833,0.0167903,0.5229050,1.1550250,0.009556,0.0000006,0.0025000
15,5.475000,0.0167034,0.5229571,1.1550650,0.009527,0.0000009,0.0025001
15,5.479167,0.0166178,0.5230085,1.1551040,0.009298,0.0000006,0.0024999
15,5.483333,0.0165321,0.5230599,1.1551420,0.009241,0.0000009,0.0024997
15,5.487500,0.0164478,0.5231105,1.1551800,0.009098,0.0000009,0.0024993
15,5.491667,0.0163635,0.5231611,1.1552180,0.009069,0.0000009,0.0024994
15,5.495833,0.0162805,0.5232109,1.1552550,0.008812,0.0000009,0.0024992
15,5.500000,0.0161975,0.5232607,1.1552910,0.008783,0.0000007,0.0025000
15,5.504167,0.0161159,0.5233096,1.1553270,0.008583,0.0000005,0.0024999
15,5.508333,0.0160343,0.5233586,1.1553630,0.008554,0.0000009,0.0025001
15,5.512500,0.0159541,0.5234067,1.1553970,0.008268,0.0000004,0.0024999
15,5.516667,0.0158739,0.5234548,1.1554320,0.008326,0.0000006,0.0025000
15,5.520833,0.0157951,0.5235021,1.1554650,0.008039,0.0000007,0.0024994
15,5.525000,0.0157164,0.5235494,1.1554990,0.008039,0.0000007,0.0024996
15,5.529167,0.0156391,0.5235958,1.1555310,0.007782,0.0000009,0.0024993
15,5.533333,0.0155617,0.5236421,1.1555640,0.007782,0.0000005,0.0025001
15,5.537500,0.0154859,0.5236876,1.1555950,0.007524,0.0000004,0.0024999
15,5.541667,0.0154102,0.5237331,1.1556260,0.007524,0.0000007,0.0025002
15,5.545833,0.0153359,0.5237777,1.1556570,0.007267,0.0000003,0.0024999
15,5.550000,0.0152616,0.5238222,1.1556870,0.007238,0.0000005,0.0025000
15,5.554167,0.0151889,0.5238659,1.1557160,0.006924,0.0000005,0.0024997
15,5.558333,0.0151162,0.5239095,1.1557450,0.006924,0.0000005,0.0024998
15,5.562500,0.0150450,0.5239522,1.1557730,0.006723,0.0000007,0.0024995
15,5.566667,0.0149739,0.5239949,1.1558010,0.006723,0.0000004,0.0025001
15,5.570833,0.0149044,0.5240366,1.1558270,0.006437,0.0000003,0.0025000
15,5.575000,0.0148348,0.5240783,1.1558540,0.006437,0.0000005,0.0025001
15,5.579167,0.0147669,0.5241190,1.1558800,0.006123,0.0000003,0.0024999
15,5.583333,0.0146990,0.5241598,1.1559050,0.006151,0.0000004,0.0025002
15,5.587500,0.0146328,0.5241995,1.1559300,0.005894,0.0000005,0.0024998
15,5.591667,0.0145665,0.5242392,1.1559540,0.005836,0.0000005,0.0024998
15,5.595833,0.0145020,0.5242780,1.1559780,0.005636,0.0000006,0.0024997
15,5.600000,0.0144374,0.5243168,1.1560010,0.005550,0.0000003,0.0024999
15,5.604167,0.0143745,0.5243545,1.1560230,0.005264,0.0000004,0.0024999
15,5.608333,0.0143116,0.5243922,1.1560450,0.005293,0.0000004,0.0025001
15,5.612500,0.0142504,0.5244290,1.1560660,0.005035,0.0000004,0.0024998
15,5.616667,0.0141892,0.5244656,1.1560870,0.005007,0.0000004,0.0025000
15,5.620833,0.0141298,0.5245013,1.1561060,0.004692,0.0000005,0.0024997
15,5.625000,0.0140703,0.5245370,1.1561260,0.004778,0.0000003,0.0025000
15,5.629167,0.0140126,0.5245717,1.1561450,0.004435,0.0000006,0.0024996
15,5.633333,0.0139549,0.5246063,1.1561630,0.004435,0.0000002,0.0025000
15,5.637500,0.0138989,0.5246399,1.1561800,0.004148,0.0000005,0.0024998
15,5.641667,0.0138429,0.5246735,1.1561980,0.004120,0.0000003,0.0025000
15,5.645833,0.0137887,0.5247059,1.1562140,0.003834,0.0000005,0.0024998
15,5.650000,0.0137345,0.5247385,1.1562300,0.003862,0.0000003,0.0024999
15,5.654167,0.0136820,0.5247700,1.1562440,0.003519,0.0000006,0.0024996
15,5.658333,0.0136296,0.5248014,1.1562590,0.003548,0.0000004,0.0024998
15,5.662500,0.0135789,0.5248318,1.1562720,0.003119,0.0000007,0.0024996
15,5.666667,0.0135282,0.5248622,1.1562850,0.003119,0.0000003,0.0024999
15,5.670833,0.0134793,0.5248916,1.1562960,0.002575,0.0000005,0.0024998
15,5.675000,0.0134304,0.5249209,1.1563070,0.002575,0.0000003,0.0025001
15,5.679167,0.0133833,0.5249493,1.1563150,0.002003,0.0000005,0.0024999
15,5.683333,0.0133362,0.5249775,1.1563230,0.001945,0.0000002,0.0025001
15,5.687500,0.0132909,0.5250046,1.1563290,0.001373,0.0000006,0.0024998
15,5.691667,0.0132455,0.5250318,1.1563340,0.001345,0.0000003,0.0025000
15,5.695833,0.0132020,0.5250580,1.1563370,0.000658,0.0000005,0.0024998
15,5.700000,0.0131584,0.5250841,1.1563400,0.000629,0.0000002,0.0025000
15,5.704167,0.0131166,0.5251092,1.1563400,-0.000029,0.0000005,0.0024998
15,5.708333,0.0130748,0.5251342,1.1563390,-0.000029,0.0000002,0.0025001
15,5.712500,0.0130348,0.5251583,1.1563370,-0.000687,0.0000005,0.0024999
15,5.716667,0.0129948,0.5251823,1.1563340,-0.000715,0.0000001,0.0025002
15,5.720833,0.0129566,0.5252053,1.1563280,-0.001316,0.0000005,0.0024999
15,5.725000,0.0129184,0.5252282,1.1563230,-0.001316,0.0000002,0.0025001
15,5.729167,0.0128819,0.5252501,1.1563140,-0.001945,0.0000005,0.0024998
15,5.733333,0.0128454,0.5252720,1.1563070,-0.001917,0.0000002,0.0025000
15,5.737500,0.0128106,0.5252928,1.1562960,-0.002460,0.0000005,0.0024998
15,5.741667,0.0127759,0.5253137,1.1562860,-0.002489,0.0000001,0.0025000
15,5.745833,0.0127429,0.5253335,1.1562740,-0.002947,0.0000005,0.0024998
15,5.750000,0.0127099,0.5253533,1.1562610,-0.002975,0.0000002,0.0025000
15,5.754167,0.0126786,0.5253720,1.1562470,-0.003376,0.0000005,0.0024997
15,5.758333,0.0126473,0.5253908,1.1562330,-0.003347,0.0000003,0.0024999
15,5.762500,0.0126177,0.5254086,1.1562180,-0.003719,0.0000006,0.0024998
15,5.766667,0.0125881,0.5254263,1.1562020,-0.003719,0.0000001,0.0025000
15,5.770833,0.0125602,0.5254431,1.1561860,-0.004005,0.0000005,0.0024997
15,5.775000,0.0125322,0.5254598,1.1561690,-0.004005,0.0000003,0.0024999
15,5.779167,0.0125060,0.5254756,1.1561510,-0.004234,0.0000007,0.0024997
15,5.783333,0.0124797,0.5254914,1.1561340,-0.004206,0.0000003,0.0024999
15,5.787500,0.0124551,0.5255061,1.1561160,-0.004320,0.0000006,0.0024996
15,5.791667,0.0124304,0.5255209,1.1560980,-0.004292,0.0000003,0.0024999
15,5.795833,0.0124074,0.5255347,1.1560790,-0.004406,0.0000005,0.0024997
15,5.800000,0.0123843,0.5255486,1.1560610,-0.004406,0.0000002,0.0024999
15,5.804167,0.0123628,0.5255615,1.1560430,-0.004377,0.0000007,0.0024997
15,5.808333,0.0123414,0.5255744,1.1560250,-0.004349,0.0000003,0.0024999
15,5.812500,0.0123214,0.5255863,1.1560070,-0.004292,0.0000006,0.0024997
15,5.816667,0.0123015,0.5255983,1.1559890,-0.004292,0.0000002,0.0024999
15,5.820833,0.0122830,0.5256093,1.1559720,-0.004148,0.0000006,0.0024997
15,5.825000,0.0122646,0.5256204,1.1559540,-0.004177,0.0000003,0.0024999
15,5.829167,0.0122476,0.5256306,1.1559380,-0.003977,0.0000005,0.0024999
15,5.833333,0.0122307,0.5256408,1.1559210,-0.003977,0.0000001,0.0025001
15,5.837500,0.0122151,0.5256501,1.1559050,-0.003748,0.0000005,0.0024998
15,5.841667,0.0121996,0.5256594,1.1558900,-0.003748,0.0000002,0.0025000
15,5.845833,0.0121854,0.5256680,1.1558750,-0.003490,0.0000005,0.0024998
15,5.850000,0.0121712,0.5256765,1.1558610,-0.003519,0.0000001,0.0025001
15,5.854167,0.0121584,0.5256842,1.1558470,-0.003176,0.0000004,0.0024999
15,5.858333,0.0121455,0.5256919,1.1558340,-0.003176,0.0000003,0.0025000
15,5.862500,0.0121340,0.5256988,1.1558220,-0.002861,0.0000005,0.0024998
15,5.866667,0.0121224,0.5257058,1.1558100,-0.002918,0.0000001,0.0025001
15,5.870833,0.0121121,0.5257120,1.1558000,-0.002546,0.0000005,0.0024998
15,5.875000,0.0121018,0.5257182,1.1557890,-0.002546,0.0000002,0.0025000
15,5.879167,0.0120926,0.5257236,1.1557800,-0.002203,0.0000006,0.0024998
15,5.883333,0.0120835,0.5257291,1.1557710,-0.002174,0.0000001,0.0025001
15,5.887500,0.0120754,0.5257339,1.1557630,-0.001917,0.0000006,0.0024997
15,5.891667,0.0120674,0.5257387,1.1557550,-0.001888,0.0000003,0.0025000
15,5.895833,0.0120605,0.5257429,1.1557480,-0.001574,0.0000005,0.0024998
15,5.900000,0.0120535,0.5257471,1.1557420,-0.001545,0.0000001,0.0025001
15,5.904167,0.0120475,0.5257507,1.1557370,-0.001259,0.0000005,0.0024999
15,5.908333,0.0120416,0.5257543,1.1557310,-0.001259,0.0000002,0.0025001
15,5.912500,0.0120365,0.5257573,1.1557270,-0.001030,0.0000003,0.0025001
15,5.916667,0.0120315,0.5257603,1.1557230,-0.001001,0.0000001,0.0024999
15,5.920833,0.0120273,0.5257628,1.1557200,-0.000772,0.0000002,0.0025000
15,5.925000,0.0120232,0.5257653,1.1557170,-0.000715,0.0000003,0.0025002
15,5.929167,0.0120198,0.5257673,1.1557140,-0.000572,0.0000002,0.0025000
15,5.933333,0.0120164,0.5257694,1.1557120,-0.000544,0.0000001,0.0025001
15,5.937500,0.0120138,0.5257709,1.1557100,-0.000372,0.0000005,0.0024999
15,5.941667,0.0120111,0.5257725,1.1557090,-0.000343,0.0000003,0.0024999
15,5.945833,0.0120091,0.5257737,1.1557080,-0.000229,0.0000003,0.0025000
15,5.950000,0.0120070,0.5257750,1.1557070,-0.000229,0.0000001,0.0025001
15,5.954167,0.0120056,0.5257758,1.1557070,-0.000114,0.0000001,0.0025002
15,5.958333,0.0120041,0.5257767,1.1557060,-0.000114,0.0000003,0.0025002
15,5.962500,0.0120031,0.5257773,1.1557060,-0.000029,0.0000002,0.0025000
15,5.966667,0.0120021,0.5257779,1.1557060,-0.000057,0.0000002,0.0025001
15,5.970833,0.0120015,0.5257782,1.1557060,-0.000029,0.0000005,0.0024997
15,5.975000,0.0120009,0.5257786,1.1557060,-0.000029,0.0000004,0.0024998
15,5.979167,0.0120006,0.5257788,1.1557060,0.000057,0.0000003,0.0025000
15,5.983333,0.0120003,0.5257790,1.1557060,0.000000,0.0000002,0.0025001
15,5.987500,0.0120002,0.5257791,1.1557060,0.000000,0.0000001,0.0025000
15,5.991667,0.0120000,0.5257792,1.1557060,0.000057,0.0000002,0.0025002
15,5.995833,0.0120000,0.5257792,1.1557060,0.000000,0.0000002,0.0025001
15,6.000000,0.0120000,0.5257792,1.1557060,0.000000,0.0000000,0.0025000
