clip,time,pelvis_x,pelvis_y,head_y,head_speed,heel_drift,sole
14,0.000000,0.0000000,0.0734999,0.7031239,0.000000,0.0000000,0.0045001
14,0.004167,0.0000000,0.0734999,0.7031239,0.000000,0.0000001,0.0045001
14,0.008333,0.0000000,0.0734999,0.7031239,0.000000,0.0000001,0.0045001
14,0.012500,0.0000000,0.0734999,0.7031239,0.000014,0.0000001,0.0045001
14,0.016667,0.0000000,0.0734999,0.7031240,0.000014,0.0000001,0.0045001
14,0.020833,0.0000000,0.0734999,0.7031241,0.000029,0.0000001,0.0045001
14,0.025000,0.0000000,0.0734999,0.7031243,0.000057,0.0000002,0.0045000
14,0.029167,0.0000000,0.0734999,0.7031247,0.000086,0.0000002,0.0045000
14,0.033333,0.0000000,0.0734999,0.7031251,0.000086,0.0000001,0.0045001
14,0.037500,0.0000000,0.0734999,0.7031259,0.000200,0.0000001,0.0045001
14,0.041667,0.0000000,0.0734999,0.7031267,0.000186,0.0000001,0.0045001
14,0.045833,0.0000000,0.0734999,0.7031280,0.000329,0.0000002,0.0045000
14,0.050000,0.0000000,0.0734999,0.7031294,0.000329,0.0000001,0.0045001
14,0.054167,0.0000000,0.0734999,0.7031315,0.000501,0.0000001,0.0045001
14,0.058333,0.0000000,0.0734999,0.7031336,0.000515,0.0000001,0.0045001
14,0.062500,0.0000000,0.0734999,0.7031367,0.000744,0.0000001,0.0045001
14,0.066667,0.0000000,0.0734999,0.7031398,0.000744,0.0000001,0.0045001
14,0.070833,0.0000000,0.0734999,0.7031441,0.001030,0.0000001,0.0045001
14,0.075000,0.0000000,0.0734999,0.7031484,0.001030,0.0000001,0.0045001
14,0.079167,0.0000000,0.0734999,0.7031540,0.001345,0.0000001,0.0045001
14,0.083333,0.0000000,0.0734999,0.7031597,0.001359,0.0000001,0.0045001
14,0.087500,0.0000000,0.0734999,0.7031669,0.001731,0.0000001,0.0045001
14,0.091667,0.0000000,0.0734999,0.7031741,0.001717,0.0000001,0.0045001
14,0.095833,0.0000000,0.0734999,0.7031829,0.002131,0.0000001,0.0045001
14,0.100000,0.0000000,0.0734999,0.7031918,0.002131,0.0000001,0.0045001
14,0.104167,0.0000000,0.0734999,0.7032025,0.002575,0.0000001,0.0045001
14,0.108333,0.0000000,0.0734999,0.7032133,0.002575,0.0000001,0.0045001
14,0.112500,0.0000000,0.0734999,0.7032260,0.003047,0.0000001,0.0045001
14,0.116667,0.0000000,0.0734999,0.7032387,0.003047,0.0000001,0.0045001
14,0.120833,0.0000000,0.0734999,0.7032534,0.003533,0.0000001,0.0045001
14,0.125000,0.0000000,0.0734999,0.7032681,0.003533,0.0000001,0.0045001
14,0.129167,0.0000000,0.0734999,0.7032849,0.004034,0.0000001,0.0045001
14,0.133333,0.0000000,0.0734999,0.7033017,0.004034,0.0000001,0.0045001
14,0.137500,0.0000000,0.0734999,0.7033206,0.004535,0.0000001,0.0045001
14,0.141667,0.0000000,0.0734999,0.7033395,0.004535,0.0000001,0.0045001
14,0.145833,0.0000000,0.0734999,0.7033606,0.005050,0.0000001,0.0045001
14,0.150000,0.0000000,0.0734999,0.7033815,0.005035,0.0000001,0.0045001
14,0.154167,0.0000000,0.0734999,0.7034046,0.005536,0.0000001,0.0045001
14,0.158333,0.0000000,0.0734999,0.7034276,0.005522,0.0000001,0.0045001
14,0.162500,0.0000000,0.0734999,0.7034526,0.005994,0.0000001,0.0045001
14,0.166667,0.0000000,0.0734999,0.7034775,0.005980,0.0000001,0.0045001
14,0.170833,0.0000000,0.0734999,0.7035043,0.006437,0.0000001,0.0045001
14,0.175000,0.0000000,0.0734999,0.7035311,0.006423,0.0000001,0.0045001
14,0.179167,0.0000000,0.0734999,0.7035595,0.006809,0.0000001,0.0045001
14,0.183333,0.0000000,0.0734999,0.7035879,0.006838,0.0000001,0.0045001
14,0.187500,0.0000000,0.0734999,0.7036178,0.007167,0.0000001,0.0045001
14,0.191667,0.0000000,0.0734999,0.7036477,0.007167,0.0000001,0.0045001
14,0.195833,0.0000000,0.0734999,0.7036788,0.007482,0.0000001,0.0045001
14,0.200000,0.0000000,0.0734999,0.7037100,0.007467,0.0000001,0.0045001
14,0.204167,0.0000000,0.0734999,0.7037421,0.007710,0.0000001,0.0045001
14,0.208333,0.0000000,0.0734999,0.7037742,0.007696,0.0000001,0.0045001
14,0.212500,0.0000000,0.0734999,0.7038070,0.007882,0.0000001,0.0045001
14,0.216667,0.0000000,0.0734999,0.7038398,0.007882,0.0000001,0.0045001
14,0.220833,0.0000000,0.0734999,0.7038732,0.007997,0.0000001,0.0045001
14,0.225000,0.0000000,0.0734999,0.7039064,0.007982,0.0000001,0.0045001
14,0.229167,0.0000000,0.0734999,0.7039399,0.008039,0.0000001,0.0045001
14,0.233333,0.0000000,0.0734999,0.7039734,0.008039,0.0000001,0.0045001
14,0.237500,0.0000000,0.0734999,0.7040067,0.007982,0.0000001,0.0045001
14,0.241667,0.0000000,0.0734999,0.7040401,0.008011,0.0000001,0.0045001
14,0.245833,0.0000000,0.0734999,0.7040730,0.007896,0.0000001,0.0045001
14,0.250000,0.0000000,0.0734999,0.7041059,0.007896,0.0000001,0.0045001
14,0.254167,0.0000000,0.0734999,0.7041380,0.007725,0.0000001,0.0045001
14,0.258333,0.0000000,0.0734999,0.7041702,0.007710,0.0000001,0.0045001
14,0.262500,0.0000000,0.0734999,0.7042015,0.007510,0.0000001,0.0045001
14,0.266667,0.0000000,0.0734999,0.7042326,0.007482,0.0000001,0.0045001
14,0.270833,0.0000000,0.0734999,0.7042626,0.007195,0.0000001,0.0045001
14,0.275000,0.0000000,0.0734999,0.7042926,0.007195,0.0000001,0.0045001
14,0.279167,0.0000000,0.0734999,0.7043211,0.006852,0.0000001,0.0045001
14,0.283333,0.0000000,0.0734999,0.7043498,0.006866,0.0000001,0.0045001
14,0.287500,0.0000000,0.0734999,0.7043767,0.006466,0.0000001,0.0045001
14,0.291667,0.0000000,0.0734999,0.7044037,0.006480,0.0000001,0.0045001
14,0.295833,0.0000000,0.0734999,0.7044289,0.006051,0.0000001,0.0045001
14,0.300000,0.0000000,0.0734999,0.7044542,0.006065,0.0000001,0.0045001
14,0.304167,0.0000000,0.0734999,0.7044777,0.005651,0.0000001,0.0045001
14,0.308333,0.0000000,0.0734999,0.7045012,0.005636,0.0000001,0.0045001
14,0.312500,0.0000000,0.0734999,0.7045230,0.005221,0.0000001,0.0045000
14,0.316667,0.0000000,0.0734999,0.7045447,0.005221,0.0000001,0.0045001
14,0.320833,0.0000000,0.0734999,0.7045649,0.004835,0.0000001,0.0045001
14,0.325000,0.0000000,0.0734999,0.7045850,0.004835,0.0000001,0.0045001
14,0.329167,0.0000000,0.0734999,0.7046037,0.004492,0.0000001,0.0045000
14,0.333333,0.0000000,0.0734999,0.7046224,0.004478,0.0000001,0.0045001
14,0.337500,0.0000000,0.0734999,0.7046400,0.004220,0.0000001,0.0045001
14,0.341667,0.0000000,0.0734999,0.7046576,0.004234,0.0000002,0.0045001
14,0.345833,0.0000000,0.0734999,0.7046745,0.004048,0.0000001,0.0045001
14,0.350000,0.0000000,0.0734999,0.7046914,0.004063,0.0000002,0.0045001
14,0.354167,0.0000000,0.0734999,0.7047081,0.004005,0.0000004,0.0045001
14,0.358333,0.0000000,0.0734999,0.7047247,0.003991,0.0000002,0.0045001
14,0.362500,0.0000000,0.0734999,0.7047413,0.003977,0.0000002,0.0045001
14,0.366667,0.0000000,0.0734999,0.7047578,0.003963,0.0000002,0.0045001
14,0.370833,0.0000000,0.0734999,0.7047743,0.003948,0.0000001,0.0045001
14,0.375000,0.0000000,0.0734999,0.7047907,0.003934,0.0000007,0.0045001
14,0.379167,0.0000000,0.0734999,0.7048069,0.003891,0.0000012,0.0045001
14,0.383333,0.0000000,0.0734999,0.7048231,0.003905,0.0000018,0.0045001
14,0.387500,0.0000000,0.0734999,0.7048392,0.003862,0.0000022,0.0045001
14,0.391667,0.0000000,0.0734999,0.7048554,0.003877,0.0000020,0.0045001
14,0.395833,0.0000000,0.0734999,0.7048713,0.003819,0.0000013,0.0045001
14,0.400000,0.0000000,0.0734999,0.7048873,0.003834,0.0000002,0.0045001
14,0.404167,0.0000000,0.0734999,0.7049031,0.003791,0.0000010,0.0044995
14,0.408333,0.0000000,0.0734999,0.7049189,0.003791,0.0000007,0.0044997
14,0.412500,0.0000000,0.0734999,0.7049345,0.003762,0.0000004,0.0045001
14,0.416667,0.0000000,0.0734999,0.7049502,0.003748,0.0000017,0.0045001
14,0.420833,0.0000000,0.0734999,0.7049657,0.003719,0.0000027,0.0045001
14,0.425000,0.0000000,0.0734999,0.7049812,0.003734,0.0000030,0.0045001
14,0.429167,0.0000000,0.0734999,0.7049965,0.003676,0.0000023,0.0045001
14,0.433333,0.0000000,0.0734999,0.7050119,0.003691,0.0000003,0.0045001
14,0.437500,0.0000000,0.0734999,0.7050270,0.003633,0.0000023,0.0044984
14,0.441667,0.0000000,0.0734999,0.7050422,0.003648,0.0000032,0.0044978
14,0.445833,0.0000000,0.0734999,0.7050572,0.003591,0.0000026,0.0044982
14,0.450000,0.0000000,0.0734999,0.7050723,0.003619,0.0000015,0.0044992
14,0.454167,0.0000000,0.0734999,0.7050871,0.003562,0.0000005,0.0045001
14,0.458333,0.0000000,0.0734999,0.7051020,0.003562,0.0000013,0.0045001
14,0.462500,0.0000000,0.0734999,0.7051166,0.003519,0.0000014,0.0045001
14,0.466667,0.0000000,0.0734999,0.7051313,0.003519,0.0000002,0.0045001
14,0.470833,0.0000000,0.0734999,0.7051458,0.003476,0.0000023,0.0044983
14,0.475000,0.0000000,0.0734999,0.7051603,0.003490,0.0000039,0.0044971
14,0.479167,0.0000000,0.0734999,0.7051746,0.003433,0.0000045,0.0044966
14,0.483333,0.0000000,0.0734999,0.7051890,0.003448,0.0000043,0.0044969
14,0.487500,0.0000000,0.0734999,0.7052031,0.003390,0.0000033,0.0044977
14,0.491667,0.0000000,0.0734999,0.7052173,0.003405,0.0000020,0.0044988
14,0.495833,0.0000000,0.0734999,0.7052312,0.003347,0.0000007,0.0044998
14,0.500000,0.0000000,0.0734999,0.7052452,0.003347,0.0000002,0.0045001
14,0.504167,0.0000000,0.0734999,0.7052590,0.003319,0.0000005,0.0044996
14,0.508333,0.0000000,0.0734999,0.7052729,0.003319,0.0000018,0.0044986
14,0.512500,0.0000000,0.0734999,0.7052864,0.003262,0.0000032,0.0044974
14,0.516667,0.0000000,0.0734999,0.7053000,0.003262,0.0000043,0.0044966
14,0.520833,0.0000000,0.0734999,0.7053135,0.003233,0.0000046,0.0044964
14,0.525000,0.0000000,0.0734999,0.7053269,0.003219,0.0000041,0.0044969
14,0.529167,0.0000000,0.0734999,0.7053401,0.003176,0.0000026,0.0044981
14,0.533333,0.0000000,0.0734999,0.7053533,0.003161,0.0000003,0.0045000
14,0.537500,0.0000000,0.0734999,0.7053664,0.003133,0.0000014,0.0045001
14,0.541667,0.0000000,0.0734999,0.7053794,0.003133,0.0000013,0.0045001
14,0.545833,0.0000000,0.0734999,0.7053923,0.003090,0.0000004,0.0045001
14,0.550000,0.0000000,0.0734999,0.7054051,0.003076,0.0000014,0.0044988
14,0.554167,0.0000000,0.0734999,0.7054178,0.003047,0.0000027,0.0044978
14,0.558333,0.0000000,0.0734999,0.7054304,0.003033,0.0000032,0.0044974
14,0.562500,0.0000000,0.0734999,0.7054429,0.002990,0.0000025,0.0044981
14,0.566667,0.0000000,0.0734999,0.7054553,0.002975,0.0000002,0.0045001
14,0.570833,0.0000000,0.0734999,0.7054676,0.002961,0.0000024,0.0045001
14,0.575000,0.0000000,0.0734999,0.7054799,0.002933,0.0000032,0.0045001
14,0.579167,0.0000000,0.0734999,0.7054919,0.002890,0.0000027,0.0045001
14,0.583333,0.0000000,0.0734999,0.7055040,0.002904,0.0000016,0.0045001
14,0.587500,0.0000000,0.0734999,0.7055158,0.002832,0.0000003,0.0045001
14,0.591667,0.0000000,0.0734999,0.7055277,0.002847,0.0000009,0.0044995
14,0.595833,0.0000000,0.0734999,0.7055393,0.002804,0.0000012,0.0044992
14,0.600000,0.0000000,0.0734999,0.7055510,0.002789,0.0000003,0.0045000
14,0.604167,0.0000000,0.0734999,0.7055624,0.002747,0.0000012,0.0045001
14,0.608333,0.0000000,0.0734999,0.7055739,0.002747,0.0000019,0.0045001
14,0.612500,0.0000000,0.0734999,0.7055851,0.002689,0.0000020,0.0045001
14,0.616667,0.0000000,0.0734999,0.7055963,0.002704,0.0000016,0.0045001
14,0.620833,0.0000000,0.0734999,0.7056073,0.002632,0.0000012,0.0045001
14,0.625000,0.0000000,0.0734999,0.7056183,0.002646,0.0000006,0.0045001
14,0.629167,0.0000000,0.0734999,0.7056291,0.002589,0.0000004,0.0045001
14,0.633333,0.0000000,0.0734999,0.7056399,0.002589,0.0000004,0.0045001
14,0.637500,0.0000000,0.0734999,0.7056505,0.002546,0.0000004,0.0045001
14,0.641667,0.0000000,0.0734999,0.7056611,0.002546,0.0000005,0.0045001
14,0.645833,0.0000000,0.0734999,0.7056715,0.002489,0.0000007,0.0045001
14,0.650000,0.0000000,0.0734999,0.7056818,0.002475,0.0000007,0.0045001
14,0.654167,0.0000000,0.0734999,0.7056920,0.002446,0.0000007,0.0045001
14,0.658333,0.0000000,0.0734999,0.7057021,0.002432,0.0000005,0.0045001
14,0.662500,0.0000000,0.0734999,0.7057120,0.002375,0.0000004,0.0045001
14,0.666667,0.0000000,0.0734999,0.7057220,0.002389,0.0000004,0.0045001
14,0.670833,0.0000000,0.0734999,0.7057317,0.002332,0.0000004,0.0045001
14,0.675000,0.0000000,0.0734999,0.7057414,0.002332,0.0000006,0.0045001
14,0.679167,0.0000000,0.0734999,0.7057509,0.002275,0.0000011,0.0045001
14,0.683333,0.0000000,0.0734999,0.7057604,0.002275,0.0000016,0.0045001
14,0.687500,0.0000000,0.0734999,0.7057696,0.002217,0.0000020,0.0045001
14,0.691667,0.0000000,0.0734999,0.7057788,0.002217,0.0000019,0.0045001
14,0.695833,0.0000000,0.0734999,0.7057879,0.002174,0.0000012,0.0045001
14,0.700000,0.0000000,0.0734999,0.7057970,0.002174,0.0000003,0.0045000
14,0.704167,0.0000000,0.0734999,0.7058057,0.002103,0.0000012,0.0044992
14,0.708333,0.0000000,0.0734999,0.7058145,0.002117,0.0000008,0.0044995
14,0.712500,0.0000000,0.0734999,0.7058231,0.002060,0.0000004,0.0045001
14,0.716667,0.0000000,0.0734999,0.7058316,0.002046,0.0000017,0.0045001
14,0.720833,0.0000000,0.0734999,0.7058400,0.002003,0.0000027,0.0045001
14,0.725000,0.0000000,0.0734999,0.7058483,0.002003,0.0000031,0.0045001
14,0.729167,0.0000000,0.0734999,0.7058564,0.001945,0.0000024,0.0045001
14,0.733333,0.0000000,0.0734999,0.7058645,0.001945,0.0000002,0.0045001
14,0.737500,0.0000000,0.0734999,0.7058724,0.001888,0.0000025,0.0044981
14,0.741667,0.0000000,0.0734999,0.7058803,0.001888,0.0000032,0.0044974
14,0.745833,0.0000000,0.0734999,0.7058879,0.001831,0.0000027,0.0044978
14,0.750000,0.0000000,0.0734999,0.7058955,0.001831,0.0000014,0.0044988
14,0.754167,0.0000000,0.0734999,0.7059030,0.001788,0.0000003,0.0045001
14,0.758333,0.0000000,0.0734999,0.7059104,0.001774,0.0000013,0.0045001
14,0.762500,0.0000000,0.0734999,0.7059175,0.001702,0.0000015,0.0045001
14,0.766667,0.0000000,0.0734999,0.7059247,0.001731,0.0000003,0.0045000
14,0.770833,0.0000000,0.0734999,0.7059316,0.001659,0.0000026,0.0044981
14,0.775000,0.0000000,0.0734999,0.7059385,0.001659,0.0000041,0.0044969
14,0.779167,0.0000000,0.0734999,0.7059451,0.001588,0.0000046,0.0044964
14,0.783333,0.0000000,0.0734999,0.7059518,0.001602,0.0000043,0.0044966
14,0.787500,0.0000000,0.0734999,0.7059582,0.001545,0.0000032,0.0044974
14,0.791667,0.0000000,0.0734999,0.7059647,0.001545,0.0000018,0.0044986
14,0.795833,0.0000000,0.0734999,0.7059709,0.001488,0.0000005,0.0044996
14,0.800000,0.0000000,0.0734999,0.7059771,0.001488,0.0000002,0.0045001
14,0.804167,0.0000000,0.0734999,0.7059830,0.001416,0.0000007,0.0044998
14,0.808333,0.0000000,0.0734999,0.7059889,0.001431,0.0000020,0.0044988
14,0.812500,0.0000000,0.0734999,0.7059947,0.001373,0.0000033,0.0044978
14,0.816667,0.0000000,0.0734999,0.7060004,0.001373,0.0000043,0.0044969
14,0.820833,0.0000000,0.0734999,0.7060058,0.001302,0.0000045,0.0044966
14,0.825000,0.0000000,0.0734999,0.7060113,0.001316,0.0000039,0.0044970
14,0.829167,0.0000000,0.0734999,0.7060165,0.001245,0.0000023,0.0044983
14,0.833333,0.0000000,0.0734999,0.7060217,0.001259,0.0000002,0.0045001
14,0.837500,0.0000000,0.0734999,0.7060266,0.001173,0.0000015,0.0045001
14,0.841667,0.0000000,0.0734999,0.7060316,0.001202,0.0000013,0.0045001
14,0.845833,0.0000000,0.0734999,0.7060363,0.001130,0.0000005,0.0045002
14,0.850000,0.0000000,0.0734999,0.7060410,0.001130,0.0000016,0.0044992
14,0.854167,0.0000000,0.0734999,0.7060455,0.001073,0.0000027,0.0044982
14,0.858333,0.0000000,0.0734999,0.7060499,0.001059,0.0000032,0.0044978
14,0.862500,0.0000000,0.0734999,0.7060542,0.001016,0.0000023,0.0044984
14,0.866667,0.0000000,0.0734999,0.7060584,0.001016,0.0000002,0.0045002
14,0.870833,0.0000000,0.0734999,0.7060623,0.000944,0.0000023,0.0045003
14,0.875000,0.0000000,0.0734999,0.7060663,0.000944,0.0000030,0.0045007
14,0.879167,0.0000000,0.0734999,0.7060700,0.000901,0.0000027,0.0045011
14,0.883333,0.0000000,0.0734999,0.7060737,0.000887,0.0000018,0.0045016
14,0.887500,0.0000000,0.0734999,0.7060771,0.000815,0.0000022,0.0045006
14,0.891667,0.0000000,0.0734999,0.7060806,0.000844,0.0000020,0.0044997
14,0.895833,0.0000000,0.0734999,0.7060838,0.000758,0.0000013,0.0044995
14,0.900000,0.0000000,0.0734999,0.7060870,0.000772,0.0000002,0.0045002
14,0.904167,0.0000000,0.0734999,0.7060899,0.000701,0.0000014,0.0044996
14,0.908333,0.0000000,0.0734999,0.7060928,0.000701,0.0000021,0.0044997
14,0.912500,0.0000000,0.0734999,0.7060956,0.000658,0.0000022,0.0045006
14,0.916667,0.0000000,0.0734999,0.7060982,0.000629,0.0000018,0.0045015
14,0.920833,0.0000000,0.0734999,0.7061007,0.000601,0.0000026,0.0045011
14,0.925000,0.0000000,0.0734999,0.7061031,0.000572,0.0000030,0.0045006
14,0.929167,0.0000000,0.0734999,0.7061053,0.000529,0.0000022,0.0045002
14,0.933333,0.0000000,0.0734999,0.7061075,0.000529,0.0000002,0.0045002
14,0.937500,0.0000000,0.0734999,0.7061094,0.000458,0.0000024,0.0044984
14,0.941667,0.0000000,0.0734999,0.7061114,0.000472,0.0000031,0.0044979
14,0.945833,0.0000000,0.0734999,0.7061130,0.000401,0.0000027,0.0044983
14,0.950000,0.0000000,0.0734999,0.7061146,0.000386,0.0000015,0.0044993
14,0.954167,0.0000000,0.0734999,0.7061161,0.000343,0.0000004,0.0045002
14,0.958333,0.0000000,0.0734999,0.7061175,0.000343,0.0000013,0.0045002
14,0.962500,0.0000000,0.0734999,0.7061186,0.000272,0.0000016,0.0045002
14,0.966667,0.0000000,0.0734999,0.7061198,0.000286,0.0000002,0.0045001
14,0.970833,0.0000000,0.0734999,0.7061207,0.000215,0.0000023,0.0044984
14,0.975000,0.0000000,0.0734999,0.7061216,0.000200,0.0000038,0.0044972
14,0.979167,0.0000000,0.0734999,0.7061222,0.000157,0.0000045,0.0044968
14,0.983333,0.0000000,0.0734999,0.7061229,0.000157,0.0000043,0.0044970
14,0.987500,0.0000000,0.0734999,0.7061233,0.000100,0.0000034,0.0044978
14,0.991667,0.0000000,0.0734999,0.7061237,0.000086,0.0000019,0.0044989
14,0.995833,0.0000000,0.0734999,0.7061238,0.000029,0.0000008,0.0044998
14,1.000000,0.0000000,0.0734999,0.7061239,0.000043,0.0000002,0.0045001
14,1.004167,0.0000000,0.0734999,0.7061238,-0.000043,0.0000006,0.0044997
14,1.008333,0.0000000,0.0734999,0.7061237,-0.000029,0.0000018,0.0044986
14,1.012500,0.0000000,0.0734999,0.7061233,-0.000086,0.0000032,0.0044975
14,1.016667,0.0000000,0.0734999,0.7061229,-0.000100,0.0000042,0.0044967
14,1.020833,0.0000000,0.0734999,0.7061222,-0.000157,0.0000046,0.0044965
14,1.025000,0.0000000,0.0734999,0.7061216,-0.000157,0.0000041,0.0044970
14,1.029167,0.0000000,0.0734999,0.7061207,-0.000200,0.0000026,0.0044982
14,1.033333,0.0000000,0.0734999,0.7061198,-0.000215,0.0000003,0.0045001
14,1.037500,0.0000000,0.0734999,0.7061186,-0.000286,0.0000016,0.0045001
14,1.041667,0.0000000,0.0734999,0.7061175,-0.000272,0.0000014,0.0045001
14,1.045833,0.0000000,0.0734999,0.7061161,-0.000343,0.0000004,0.0045001
14,1.050000,0.0000000,0.0734999,0.7061146,-0.000343,0.0000014,0.0044989
14,1.054167,0.0000000,0.0734999,0.7061130,-0.000401,0.0000027,0.0044979
14,1.058333,0.0000000,0.0734999,0.7061114,-0.000386,0.0000033,0.0044974
14,1.062500,0.0000000,0.0734999,0.7061094,-0.000472,0.0000025,0.0044981
14,1.066667,0.0000000,0.0734999,0.7061075,-0.000458,0.0000002,0.0045000
14,1.070833,0.0000000,0.0734999,0.7061053,-0.000529,0.0000023,0.0045001
14,1.075000,0.0000000,0.0734999,0.7061031,-0.000529,0.0000031,0.0045001
14,1.079167,0.0000000,0.0734999,0.7061007,-0.000572,0.0000026,0.0045001
14,1.083333,0.0000000,0.0734999,0.7060982,-0.000601,0.0000016,0.0045001
14,1.087500,0.0000000,0.0734999,0.7060956,-0.000629,0.0000004,0.0045001
14,1.091667,0.0000000,0.0734999,0.7060928,-0.000658,0.0000009,0.0044995
14,1.095833,0.0000000,0.0734999,0.7060899,-0.000701,0.0000012,0.0044993
14,1.100000,0.0000000,0.0734999,0.7060870,-0.000701,0.0000004,0.0045001
14,1.104167,0.0000000,0.0734999,0.7060838,-0.000772,0.0000012,0.0045001
14,1.108333,0.0000000,0.0734999,0.7060806,-0.000758,0.0000020,0.0045001
14,1.112500,0.0000000,0.0734999,0.7060771,-0.000844,0.0000020,0.0045001
14,1.116667,0.0000000,0.0734999,0.7060737,-0.000815,0.0000018,0.0045001
14,1.120833,0.0000000,0.0734999,0.7060700,-0.000887,0.0000012,0.0045001
14,1.125000,0.0000000,0.0734999,0.7060663,-0.000901,0.0000007,0.0045001
14,1.129167,0.0000000,0.0734999,0.7060623,-0.000944,0.0000004,0.0045001
14,1.133333,0.0000000,0.0734999,0.7060584,-0.000944,0.0000005,0.0045001
14,1.137500,0.0000000,0.0734999,0.7060542,-0.001016,0.0000005,0.0045001
14,1.141667,0.0000000,0.0734999,0.7060499,-0.001016,0.0000006,0.0045001
14,1.145833,0.0000000,0.0734999,0.7060455,-0.001059,0.0000008,0.0045001
14,1.150000,0.0000000,0.0734999,0.7060410,-0.001073,0.0000008,0.0045001
14,1.154167,0.0000000,0.0734999,0.7060363,-0.001144,0.0000008,0.0045001
14,1.158333,0.0000000,0.0734999,0.7060316,-0.001116,0.0000007,0.0045001
14,1.162500,0.0000000,0.0734999,0.7060266,-0.001202,0.0000005,0.0045001
14,1.166667,0.0000000,0.0734999,0.7060217,-0.001173,0.0000005,0.0045001
14,1.170833,0.0000000,0.0734999,0.7060165,-0.001259,0.0000004,0.0045001
14,1.175000,0.0000000,0.0734999,0.7060113,-0.001245,0.0000007,0.0045001
14,1.179167,0.0000000,0.0734999,0.7060058,-0.001316,0.0000012,0.0045001
14,1.183333,0.0000000,0.0734999,0.7060004,-0.001302,0.0000018,0.0045001
14,1.187500,0.0000000,0.0734999,0.7059947,-0.001373,0.0000020,0.0045001
14,1.191667,0.0000000,0.0734999,0.7059889,-0.001373,0.0000020,0.0045001
14,1.195833,0.0000000,0.0734999,0.7059830,-0.001431,0.0000012,0.0045001
14,1.200000,0.0000000,0.0734999,0.7059771,-0.001416,0.0000004,0.0045001
14,1.204167,0.0000000,0.0734999,0.7059709,-0.001488,0.0000012,0.0044993
14,1.208333,0.0000000,0.0734999,0.7059647,-0.001488,0.0000009,0.0044995
14,1.212500,0.0000000,0.0734999,0.7059583,-0.001531,0.0000004,0.0045001
14,1.216667,0.0000000,0.0734999,0.7059518,-0.001559,0.0000016,0.0045001
14,1.220833,0.0000000,0.0734999,0.7059451,-0.001602,0.0000027,0.0045001
14,1.225000,0.0000000,0.0734999,0.7059385,-0.001588,0.0000031,0.0045001
14,1.229167,0.0000000,0.0734999,0.7059316,-0.001659,0.0000023,0.0045001
14,1.233333,0.0000000,0.0734999,0.7059247,-0.001659,0.0000002,0.0045001
14,1.237500,0.0000000,0.0734999,0.7059175,-0.001731,0.0000025,0.0044981
14,1.241667,0.0000000,0.0734999,0.7059104,-0.001702,0.0000033,0.0044974
14,1.245833,0.0000000,0.0734999,0.7059030,-0.001774,0.0000028,0.0044979
14,1.250000,0.0000000,0.0734999,0.7058955,-0.001788,0.0000014,0.0044989
14,1.254167,0.0000000,0.0734999,0.7058879,-0.001831,0.0000004,0.0045001
14,1.258333,0.0000000,0.0734999,0.7058803,-0.001831,0.0000013,0.0045001
14,1.262500,0.0000000,0.0734999,0.7058724,-0.001888,0.0000016,0.0045001
14,1.266667,0.0000000,0.0734999,0.7058645,-0.001888,0.0000002,0.0045001
14,1.270833,0.0000000,0.0734999,0.7058564,-0.001945,0.0000026,0.0044982
14,1.275000,0.0000000,0.0734999,0.7058483,-0.001945,0.0000040,0.0044970
14,1.279167,0.0000000,0.0734999,0.7058400,-0.002003,0.0000046,0.0044965
14,1.283333,0.0000000,0.0734999,0.7058316,-0.002003,0.0000042,0.0044968
14,1.287500,0.0000000,0.0734999,0.7058231,-0.002046,0.0000032,0.0044975
14,1.291667,0.0000000,0.0734999,0.7058145,-0.002060,0.0000018,0.0044987
14,1.295833,0.0000000,0.0734999,0.7058057,-0.002117,0.0000005,0.0044997
14,1.300000,0.0000000,0.0734999,0.7057970,-0.002103,0.0000002,0.0045001
14,1.304167,0.0000000,0.0734999,0.7057879,-0.002174,0.0000007,0.0044999
14,1.308333,0.0000000,0.0734999,0.7057788,-0.002174,0.0000020,0.0044989
14,1.312500,0.0000000,0.0734999,0.7057697,-0.002203,0.0000033,0.0044978
14,1.316667,0.0000000,0.0734999,0.7057604,-0.002232,0.0000043,0.0044970
14,1.320833,0.0000000,0.0734999,0.7057509,-0.002275,0.0000045,0.0044968
14,1.325000,0.0000000,0.0734999,0.7057414,-0.002275,0.0000038,0.0044972
14,1.329167,0.0000000,0.0734999,0.7057317,-0.002332,0.0000023,0.0044984
14,1.333333,0.0000000,0.0734999,0.7057220,-0.002332,0.0000002,0.0045001
14,1.337500,0.0000000,0.0734999,0.7057120,-0.002389,0.0000015,0.0045002
14,1.341667,0.0000000,0.0734999,0.7057021,-0.002375,0.0000014,0.0045002
14,1.345833,0.0000000,0.0734999,0.7056920,-0.002432,0.0000005,0.0045002
14,1.350000,0.0000000,0.0734999,0.7056818,-0.002446,0.0000015,0.0044993
14,1.354167,0.0000000,0.0734999,0.7056715,-0.002475,0.0000027,0.0044983
14,1.358333,0.0000000,0.0734999,0.7056611,-0.002489,0.0000032,0.0044979
14,1.362500,0.0000000,0.0734999,0.7056505,-0.002546,0.0000024,0.0044984
14,1.366667,0.0000000,0.0734999,0.7056399,-0.002546,0.0000002,0.0045002
14,1.370833,0.0000000,0.0734999,0.7056291,-0.002589,0.0000023,0.0045002
14,1.375000,0.0000000,0.0734999,0.7056183,-0.002589,0.0000030,0.0045006
14,1.379167,0.0000000,0.0734999,0.7056073,-0.002646,0.0000027,0.0045011
14,1.383333,0.0000000,0.0734999,0.7055963,-0.002632,0.0000019,0.0045015
14,1.387500,0.0000000,0.0734999,0.7055851,-0.002704,0.0000022,0.0045006
14,1.391667,0.0000000,0.0734999,0.7055739,-0.002689,0.0000021,0.0044998
14,1.395833,0.0000000,0.0734999,0.7055624,-0.002747,0.0000013,0.0044995
14,1.400000,0.0000000,0.0734999,0.7055510,-0.002747,0.0000001,0.0045002
14,1.404167,0.0000000,0.0734999,0.7055393,-0.002789,0.0000013,0.0044995
14,1.408333,0.0000000,0.0734999,0.7055277,-0.002804,0.0000020,0.0044997
14,1.412500,0.0000000,0.0734999,0.7055158,-0.002847,0.0000021,0.0045005
14,1.416667,0.0000000,0.0734999,0.7055040,-0.002832,0.0000018,0.0045016
14,1.420833,0.0000000,0.0734999,0.7054919,-0.002904,0.0000027,0.0045011
14,1.425000,0.0000000,0.0734999,0.7054799,-0.002890,0.0000031,0.0045007
14,1.429167,0.0000000,0.0734999,0.7054676,-0.002933,0.0000023,0.0045003
14,1.433333,0.0000000,0.0734999,0.7054553,-0.002961,0.0000002,0.0045002
14,1.437500,0.0000000,0.0734999,0.7054429,-0.002975,0.0000023,0.0044984
14,1.441667,0.0000000,0.0734999,0.7054304,-0.002990,0.0000031,0.0044978
14,1.445833,0.0000000,0.0734999,0.7054178,-0.003033,0.0000027,0.0044982
14,1.450000,0.0000000,0.0734999,0.7054051,-0.003047,0.0000016,0.0044992
14,1.454167,0.0000000,0.0734999,0.7053923,-0.003076,0.0000005,0.0045002
14,1.458333,0.0000000,0.0734999,0.7053794,-0.003090,0.0000013,0.0045001
14,1.462500,0.0000000,0.0734999,0.7053664,-0.003133,0.0000014,0.0045001
14,1.466667,0.0000000,0.0734999,0.7053533,-0.003133,0.0000002,0.0045001
14,1.470833,0.0000000,0.0734999,0.7053401,-0.003161,0.0000024,0.0044983
14,1.475000,0.0000000,0.0734999,0.7053269,-0.003176,0.0000039,0.0044971
14,1.479167,0.0000000,0.0734999,0.7053135,-0.003219,0.0000045,0.0044966
14,1.483333,0.0000000,0.0734999,0.7053000,-0.003233,0.0000043,0.0044969
14,1.487500,0.0000000,0.0734999,0.7052864,-0.003262,0.0000033,0.0044977
14,1.491667,0.0000000,0.0734999,0.7052729,-0.003262,0.0000020,0.0044988
14,1.495833,0.0000000,0.0734999,0.7052590,-0.003319,0.0000008,0.0044997
14,1.500000,0.0000000,0.0734999,0.7052452,-0.003319,0.0000002,0.0045001
14,1.504167,0.0000000,0.0734999,0.7052312,-0.003347,0.0000005,0.0044996
14,1.508333,0.0000000,0.0734999,0.7052173,-0.003347,0.0000018,0.0044986
14,1.512500,0.0000000,0.0734999,0.7052031,-0.003405,0.0000033,0.0044974
14,1.516667,0.0000000,0.0734999,0.7051890,-0.003390,0.0000043,0.0044966
14,1.520833,0.0000000,0.0734999,0.7051746,-0.003448,0.0000047,0.0044964
14,1.525000,0.0000000,0.0734999,0.7051603,-0.003433,0.0000041,0.0044969
14,1.529167,0.0000000,0.0734999,0.7051458,-0.003490,0.0000026,0.0044981
14,1.533333,0.0000000,0.0734999,0.7051313,-0.003476,0.0000003,0.0045000
14,1.537500,0.0000000,0.0734999,0.7051166,-0.003519,0.0000015,0.0045001
14,1.541667,0.0000000,0.0734999,0.7051020,-0.003519,0.0000013,0.0045001
14,1.545833,0.0000000,0.0734999,0.7050871,-0.003576,0.0000004,0.0045001
14,1.550000,0.0000000,0.0734999,0.7050723,-0.003548,0.0000014,0.0044988
14,1.554167,0.0000000,0.0734999,0.7050572,-0.003619,0.0000027,0.0044979
14,1.558333,0.0000000,0.0734999,0.7050422,-0.003591,0.0000032,0.0044974
14,1.562500,0.0000000,0.0734999,0.7050270,-0.003648,0.0000025,0.0044981
14,1.566667,0.0000000,0.0734999,0.7050119,-0.003633,0.0000002,0.0045001
14,1.570833,0.0000000,0.0734999,0.7049965,-0.003691,0.0000024,0.0045001
14,1.575000,0.0000000,0.0734999,0.7049812,-0.003676,0.0000032,0.0045001
14,1.579167,0.0000000,0.0734999,0.7049657,-0.003734,0.0000027,0.0045001
14,1.583333,0.0000000,0.0734999,0.7049502,-0.003719,0.0000016,0.0045001
14,1.587500,0.0000000,0.0734999,0.7049345,-0.003748,0.0000003,0.0045001
14,1.591667,0.0000000,0.0734999,0.7049189,-0.003762,0.0000009,0.0044994
14,1.595833,0.0000000,0.0734999,0.7049031,-0.003791,0.0000012,0.0044992
14,1.600000,0.0000000,0.0734999,0.7048873,-0.003791,0.0000003,0.0045000
14,1.604167,0.0000000,0.0734999,0.7048713,-0.003834,0.0000013,0.0045001
14,1.608333,0.0000000,0.0734999,0.7048554,-0.003819,0.0000019,0.0045001
14,1.612500,0.0000000,0.0734999,0.7048392,-0.003877,0.0000020,0.0045001
14,1.616667,0.0000000,0.0734999,0.7048231,-0.003862,0.0000017,0.0045001
14,1.620833,0.0000000,0.0734999,0.7048069,-0.003905,0.0000011,0.0045001
14,1.625000,0.0000000,0.0734999,0.7047907,-0.003891,0.0000006,0.0045001
14,1.629167,0.0000000,0.0734999,0.7047743,-0.003934,0.0000003,0.0045001
14,1.633333,0.0000000,0.0734999,0.7047578,-0.003948,0.0000004,0.0045001
14,1.637500,0.0000000,0.0734999,0.7047413,-0.003963,0.0000004,0.0045001
14,1.641667,0.0000000,0.0734999,0.7047247,-0.003977,0.0000005,0.0045001
14,1.645833,0.0000000,0.0734999,0.7047081,-0.003991,0.0000007,0.0045001
14,1.650000,0.0000000,0.0734999,0.7046914,-0.004005,0.0000007,0.0045001
14,1.654167,0.0000000,0.0734999,0.7046746,-0.004034,0.0000007,0.0045001
14,1.658333,0.0000000,0.0734999,0.7046578,-0.004034,0.0000006,0.0045001
14,1.662500,0.0000000,0.0734999,0.7046408,-0.004077,0.0000004,0.0045001
14,1.666667,0.0000000,0.0734999,0.7046239,-0.004048,0.0000004,0.0045001
14,1.670833,0.0000000,0.0734999,0.7046068,-0.004106,0.0000004,0.0045001
14,1.675000,0.0000000,0.0734999,0.7045897,-0.004106,0.0000006,0.0045001
14,1.679167,0.0000000,0.0734999,0.7045726,-0.004120,0.0000011,0.0045001
14,1.683333,0.0000000,0.0734999,0.7045554,-0.004120,0.0000016,0.0045001
14,1.687500,0.0000000,0.0734999,0.7045380,-0.004163,0.0000020,0.0045001
14,1.691667,0.0000000,0.0734999,0.7045208,-0.004148,0.0000019,0.0045001
14,1.695833,0.0000000,0.0734999,0.7045033,-0.004191,0.0000012,0.0045001
14,1.700000,0.0000000,0.0734999,0.7044858,-0.004191,0.0000003,0.0045000
14,1.704167,0.0000000,0.0734999,0.7044683,-0.004206,0.0000012,0.0044992
14,1.708333,0.0000000,0.0734999,0.7044508,-0.004206,0.0000009,0.0044994
14,1.712500,0.0000000,0.0734999,0.7044331,-0.004249,0.0000004,0.0045001
14,1.716667,0.0000000,0.0734999,0.7044154,-0.004234,0.0000016,0.0045001
14,1.720833,0.0000000,0.0734999,0.7043977,-0.004263,0.0000027,0.0045001
14,1.725000,0.0000000,0.0734999,0.7043799,-0.004277,0.0000031,0.0045001
14,1.729167,0.0000000,0.0734999,0.7043620,-0.004292,0.0000024,0.0045001
14,1.733333,0.0000000,0.0734999,0.7043441,-0.004292,0.0000002,0.0045001
14,1.737500,0.0000000,0.0734999,0.7043262,-0.004306,0.0000025,0.0044981
14,1.741667,0.0000000,0.0734999,0.7043081,-0.004334,0.0000032,0.0044974
14,1.745833,0.0000000,0.0734999,0.7042900,-0.004334,0.0000027,0.0044978
14,1.750000,0.0000000,0.0734999,0.7042720,-0.004334,0.0000014,0.0044988
14,1.754167,0.0000000,0.0734999,0.7042538,-0.004363,0.0000004,0.0045001
14,1.758333,0.0000000,0.0734999,0.7042356,-0.004377,0.0000013,0.0045001
14,1.762500,0.0000000,0.0734999,0.7042173,-0.004377,0.0000014,0.0045001
14,1.766667,0.0000000,0.0734999,0.7041990,-0.004392,0.0000003,0.0044999
14,1.770833,0.0000000,0.0734999,0.7041806,-0.004420,0.0000026,0.0044981
14,1.775000,0.0000000,0.0734999,0.7041623,-0.004392,0.0000041,0.0044968
14,1.779167,0.0000000,0.0734999,0.7041438,-0.004449,0.0000046,0.0044963
14,1.783333,0.0000000,0.0734999,0.7041253,-0.004435,0.0000043,0.0044966
14,1.787500,0.0000000,0.0734999,0.7041067,-0.004449,0.0000033,0.0044974
14,1.791667,0.0000000,0.0734999,0.7040882,-0.004449,0.0000018,0.0044986
14,1.795833,0.0000000,0.0734999,0.7040696,-0.004463,0.0000006,0.0044996
14,1.800000,0.0000000,0.0734999,0.7040510,-0.004478,0.0000002,0.0045001
14,1.804167,0.0000000,0.0734999,0.7040322,-0.004492,0.0000007,0.0044998
14,1.808333,0.0000000,0.0734999,0.7040135,-0.004492,0.0000020,0.0044988
14,1.812500,0.0000000,0.0734999,0.7039948,-0.004506,0.0000033,0.0044978
14,1.816667,0.0000000,0.0734999,0.7039760,-0.004506,0.0000043,0.0044969
14,1.820833,0.0000000,0.0734999,0.7039571,-0.004535,0.0000045,0.0044966
14,1.825000,0.0000000,0.0734999,0.7039382,-0.004520,0.0000039,0.0044971
14,1.829167,0.0000000,0.0734999,0.7039193,-0.004549,0.0000023,0.0044983
14,1.833333,0.0000000,0.0734999,0.7039004,-0.004535,0.0000002,0.0045001
14,1.837500,0.0000000,0.0734999,0.7038814,-0.004563,0.0000015,0.0045001
14,1.841667,0.0000000,0.0734999,0.7038624,-0.004563,0.0000014,0.0045001
14,1.845833,0.0000000,0.0734999,0.7038433,-0.004578,0.0000004,0.0045002
14,1.850000,0.0000000,0.0734999,0.7038242,-0.004578,0.0000016,0.0044992
14,1.854167,0.0000000,0.0734999,0.7038051,-0.004592,0.0000027,0.0044983
14,1.858333,0.0000000,0.0734999,0.7037860,-0.004578,0.0000031,0.0044979
14,1.862500,0.0000000,0.0734999,0.7037668,-0.004606,0.0000023,0.0044984
14,1.866667,0.0000000,0.0734999,0.7037476,-0.004606,0.0000002,0.0045002
14,1.870833,0.0000000,0.0734999,0.7037284,-0.004606,0.0000023,0.0045003
14,1.875000,0.0000000,0.0734999,0.7037092,-0.004621,0.0000030,0.0045007
14,1.879167,0.0000000,0.0734999,0.7036899,-0.004621,0.0000027,0.0045011
14,1.883333,0.0000000,0.0734999,0.7036706,-0.004635,0.0000018,0.0045015
14,1.887500,0.0000000,0.0734999,0.7036513,-0.004635,0.0000022,0.0045006
14,1.891667,0.0000000,0.0734999,0.7036320,-0.004635,0.0000020,0.0044997
14,1.895833,0.0000000,0.0734999,0.7036126,-0.004649,0.0000013,0.0044995
14,1.900000,0.0000000,0.0734999,0.7035933,-0.004649,0.0000001,0.0045002
14,1.904167,0.0000000,0.0734999,0.7035738,-0.004678,0.0000013,0.0044995
14,1.908333,0.0000000,0.0734999,0.7035544,-0.004649,0.0000020,0.0044997
14,1.912500,0.0000000,0.0734999,0.7035350,-0.004663,0.0000022,0.0045005
14,1.916667,0.0000000,0.0734999,0.7035155,-0.004678,0.0000019,0.0045016
14,1.920833,0.0000000,0.0734999,0.7034960,-0.004678,0.0000026,0.0045011
14,1.925000,0.0000000,0.0734999,0.7034765,-0.004663,0.0000030,0.0045006
14,1.929167,0.0000000,0.0734999,0.7034570,-0.004692,0.0000022,0.0045002
14,1.933333,0.0000000,0.0734999,0.7034375,-0.004678,0.0000002,0.0045002
14,1.937500,0.0000000,0.0734999,0.7034180,-0.004692,0.0000024,0.0044984
14,1.941667,0.0000000,0.0734999,0.7033984,-0.004692,0.0000031,0.0044978
14,1.945833,0.0000000,0.0734999,0.7033789,-0.004692,0.0000027,0.0044983
14,1.950000,0.0000000,0.0734999,0.7033593,-0.004692,0.0000015,0.0044993
14,1.954167,0.0000000,0.0734999,0.7033398,-0.004692,0.0000004,0.0045002
14,1.958333,0.0000000,0.0734999,0.7033201,-0.004706,0.0000013,0.0045002
14,1.962500,0.0000000,0.0734999,0.7033005,-0.004706,0.0000014,0.0045002
14,1.966667,0.0000000,0.0734999,0.7032809,-0.004706,0.0000002,0.0045001
14,1.970833,0.0000000,0.0734999,0.7032613,-0.004706,0.0000023,0.0044983
14,1.975000,0.0000000,0.0734999,0.7032416,-0.004721,0.0000038,0.0044972
14,1.979167,0.0000000,0.0734999,0.7032220,-0.004706,0.0000046,0.0044967
14,1.983333,0.0000000,0.0734999,0.7032024,-0.004706,0.0000043,0.0044970
14,1.987500,0.0000000,0.0734999,0.7031828,-0.004706,0.0000034,0.0044978
14,1.991667,0.0000000,0.0734999,0.7031631,-0.004721,0.0000019,0.0044989
14,1.995833,0.0000000,0.0734999,0.7031435,-0.004706,0.0000008,0.0044998
14,2.000000,0.0000000,0.0734999,0.7031239,-0.004721,0.0000002,0.0045001
14,2.004167,0.0000000,0.0734999,0.7031043,-0.004692,0.0000006,0.0044997
14,2.008333,0.0000000,0.0734999,0.7030846,-0.004721,0.0000018,0.0044986
14,2.012500,0.0000000,0.0734999,0.7030650,-0.004721,0.0000032,0.0044975
14,2.016667,0.0000000,0.0734999,0.7030454,-0.004706,0.0000042,0.0044968
14,2.020833,0.0000000,0.0734999,0.7030258,-0.004706,0.0000046,0.0044965
14,2.025000,0.0000000,0.0734999,0.7030061,-0.004706,0.0000041,0.0044970
14,2.029167,0.0000000,0.0734999,0.7029865,-0.004706,0.0000026,0.0044982
14,2.033333,0.0000000,0.0734999,0.7029669,-0.004706,0.0000002,0.0045000
14,2.037500,0.0000000,0.0734999,0.7029473,-0.004706,0.0000015,0.0045001
14,2.041667,0.0000000,0.0734999,0.7029277,-0.004706,0.0000013,0.0045001
14,2.045833,0.0000000,0.0734999,0.7029081,-0.004706,0.0000004,0.0045001
14,2.050000,0.0000000,0.0734999,0.7028885,-0.004706,0.0000014,0.0044989
14,2.054167,0.0000000,0.0734999,0.7028689,-0.004692,0.0000028,0.0044978
14,2.058333,0.0000000,0.0734999,0.7028494,-0.004692,0.0000033,0.0044974
14,2.062500,0.0000000,0.0734999,0.7028299,-0.004678,0.0000026,0.0044981
14,2.066667,0.0000000,0.0734999,0.7028103,-0.004692,0.0000002,0.0045001
14,2.070833,0.0000000,0.0734999,0.7027908,-0.004692,0.0000023,0.0045001
14,2.075000,0.0000000,0.0734999,0.7027713,-0.004678,0.0000031,0.0045001
14,2.079167,0.0000000,0.0734999,0.7027518,-0.004678,0.0000026,0.0045001
14,2.083333,0.0000000,0.0734999,0.7027323,-0.004678,0.0000016,0.0045001
14,2.087500,0.0000000,0.0734999,0.7027128,-0.004678,0.0000004,0.0045001
14,2.091667,0.0000000,0.0734999,0.7026935,-0.004649,0.0000008,0.0044995
14,2.095833,0.0000000,0.0734999,0.7026740,-0.004663,0.0000012,0.0044993
14,2.100000,0.0000000,0.0734999,0.7026546,-0.004663,0.0000003,0.0045000
14,2.104167,0.0000000,0.0734999,0.7026352,-0.004649,0.0000012,0.0045001
14,2.108333,0.0000000,0.0734999,0.7026159,-0.004649,0.0000020,0.0045001
14,2.112500,0.0000000,0.0734999,0.7025965,-0.004635,0.0000020,0.0045001
14,2.116667,0.0000000,0.0734999,0.7025772,-0.004635,0.0000018,0.0045001
14,2.120833,0.0000000,0.0734999,0.7025579,-0.004635,0.0000012,0.0045001
14,2.125000,0.0000000,0.0734999,0.7025387,-0.004621,0.0000007,0.0045001
14,2.129167,0.0000000,0.0734999,0.7025194,-0.004621,0.0000004,0.0045001
14,2.133333,0.0000000,0.0734999,0.7025002,-0.004621,0.0000005,0.0045001
14,2.137500,0.0000000,0.0734999,0.7024810,-0.004592,0.0000005,0.0045001
14,2.141667,0.0000000,0.0734999,0.7024618,-0.004606,0.0000006,0.0045001
14,2.145833,0.0000000,0.0734999,0.7024427,-0.004592,0.0000008,0.0045001
14,2.150000,0.0000000,0.0734999,0.7024236,-0.004592,0.0000008,0.0045001
14,2.154167,0.0000000,0.0734999,0.7024045,-0.004578,0.0000008,0.0045001
14,2.158333,0.0000000,0.0734999,0.7023854,-0.004578,0.0000007,0.0045001
14,2.162500,0.0000000,0.0734999,0.7023665,-0.004549,0.0000005,0.0045001
14,2.166667,0.0000000,0.0734999,0.7023475,-0.004563,0.0000005,0.0045001
14,2.170833,0.0000000,0.0734999,0.7023285,-0.004549,0.0000004,0.0045001
14,2.175000,0.0000000,0.0734999,0.7023096,-0.004535,0.0000007,0.0045001
14,2.179167,0.0000000,0.0734999,0.7022907,-0.004535,0.0000012,0.0045001
14,2.183333,0.0000000,0.0734999,0.7022719,-0.004520,0.0000018,0.0045001
14,2.187500,0.0000000,0.0734999,0.7022530,-0.004520,0.0000020,0.0045001
14,2.191667,0.0000000,0.0734999,0.7022343,-0.004492,0.0000020,0.0045001
14,2.195833,0.0000000,0.0734999,0.7022156,-0.004506,0.0000012,0.0045001
14,2.200000,0.0000000,0.0734999,0.7021968,-0.004492,0.0000004,0.0045001
14,2.204167,0.0000000,0.0734999,0.7021782,-0.004463,0.0000012,0.0044993
14,2.208333,0.0000000,0.0734999,0.7021596,-0.004478,0.0000008,0.0044995
14,2.212500,0.0000000,0.0734999,0.7021410,-0.004449,0.0000004,0.0045001
14,2.216667,0.0000000,0.0734999,0.7021225,-0.004449,0.0000016,0.0045001
14,2.220833,0.0000000,0.0734999,0.7021040,-0.004435,0.0000026,0.0045001
14,2.225000,0.0000000,0.0734999,0.7020856,-0.004435,0.0000031,0.0045001
14,2.229167,0.0000000,0.0734999,0.7020672,-0.004406,0.0000023,0.0045001
14,2.233333,0.0000000,0.0734999,0.7020488,-0.004406,0.0000002,0.0045001
14,2.237500,0.0000000,0.0734999,0.7020305,-0.004392,0.0000025,0.0044981
14,2.241667,0.0000000,0.0734999,0.7020122,-0.004392,0.0000032,0.0044975
14,2.245833,0.0000000,0.0734999,0.7019941,-0.004363,0.0000027,0.0044979
14,2.250000,0.0000000,0.0734999,0.7019759,-0.004363,0.0000014,0.0044989
14,2.254167,0.0000000,0.0734999,0.7019578,-0.004349,0.0000004,0.0045001
14,2.258333,0.0000000,0.0734999,0.7019397,-0.004334,0.0000014,0.0045001
14,2.262500,0.0000000,0.0734999,0.7019217,-0.004320,0.0000015,0.0045001
14,2.266667,0.0000000,0.0734999,0.7019037,-0.004320,0.0000002,0.0045001
14,2.270833,0.0000000,0.0734999,0.7018858,-0.004292,0.0000025,0.0044982
14,2.275000,0.0000000,0.0734999,0.7018679,-0.004292,0.0000040,0.0044971
14,2.279167,0.0000000,0.0734999,0.7018502,-0.004263,0.0000045,0.0044966
14,2.283333,0.0000000,0.0734999,0.7018324,-0.004263,0.0000042,0.0044968
14,2.287500,0.0000000,0.0734999,0.7018147,-0.004249,0.0000032,0.0044975
14,2.291667,0.0000000,0.0734999,0.7017971,-0.004234,0.0000018,0.0044987
14,2.295833,0.0000000,0.0734999,0.7017795,-0.004220,0.0000005,0.0044997
14,2.300000,0.0000000,0.0734999,0.7017619,-0.004220,0.0000003,0.0045001
14,2.304167,0.0000000,0.0734999,0.7017445,-0.004177,0.0000007,0.0044999
14,2.308333,0.0000000,0.0734999,0.7017270,-0.004191,0.0000019,0.0044989
14,2.312500,0.0000000,0.0734999,0.7017097,-0.004148,0.0000033,0.0044979
14,2.316667,0.0000000,0.0734999,0.7016924,-0.004163,0.0000042,0.0044971
14,2.320833,0.0000000,0.0734999,0.7016752,-0.004120,0.0000045,0.0044968
14,2.325000,0.0000000,0.0734999,0.7016581,-0.004120,0.0000039,0.0044972
14,2.329167,0.0000000,0.0734999,0.7016410,-0.004091,0.0000023,0.0044984
14,2.333333,0.0000000,0.0734999,0.7016239,-0.004106,0.0000002,0.0045001
14,2.337500,0.0000000,0.0734999,0.7016069,-0.004077,0.0000016,0.0045002
14,2.341667,0.0000000,0.0734999,0.7015901,-0.004048,0.0000014,0.0045002
14,2.345833,0.0000000,0.0734999,0.7015732,-0.004048,0.0000005,0.0045002
14,2.350000,0.0000000,0.0734999,0.7015564,-0.004020,0.0000016,0.0044993
14,2.354167,0.0000000,0.0734999,0.7015398,-0.004005,0.0000026,0.0044983
14,2.358333,0.0000000,0.0734999,0.7015231,-0.004005,0.0000032,0.0044979
14,2.362500,0.0000000,0.0734999,0.7015065,-0.003977,0.0000024,0.0044984
14,2.366667,0.0000000,0.0734999,0.7014900,-0.003963,0.0000002,0.0045001
14,2.370833,0.0000000,0.0734999,0.7014736,-0.003934,0.0000023,0.0045002
14,2.375000,0.0000000,0.0734999,0.7014572,-0.003934,0.0000030,0.0045006
14,2.379167,0.0000000,0.0734999,0.7014409,-0.003905,0.0000027,0.0045011
14,2.383333,0.0000000,0.0734999,0.7014247,-0.003891,0.0000019,0.0045015
14,2.387500,0.0000000,0.0734999,0.7014086,-0.003877,0.0000022,0.0045006
14,2.391667,0.0000000,0.0734999,0.7013925,-0.003862,0.0000021,0.0044998
14,2.395833,0.0000000,0.0734999,0.7013765,-0.003834,0.0000013,0.0044995
14,2.400000,0.0000000,0.0734999,0.7013606,-0.003819,0.0000001,0.0045002
14,2.404167,0.0000000,0.0734999,0.7013447,-0.003805,0.0000013,0.0044995
14,2.408333,0.0000000,0.0734999,0.7013289,-0.003791,0.0000020,0.0044997
14,2.412500,0.0000000,0.0734999,0.7013133,-0.003762,0.0000021,0.0045005
14,2.416667,0.0000000,0.0734999,0.7012976,-0.003748,0.0000018,0.0045015
14,2.420833,0.0000000,0.0734999,0.7012821,-0.003734,0.0000027,0.0045011
14,2.425000,0.0000000,0.0734999,0.7012666,-0.003719,0.0000031,0.0045007
14,2.429167,0.0000000,0.0734999,0.7012513,-0.003676,0.0000023,0.0045003
14,2.433333,0.0000000,0.0734999,0.7012359,-0.003676,0.0000002,0.0045002
14,2.437500,0.0000000,0.0734999,0.7012208,-0.003633,0.0000023,0.0044984
14,2.441667,0.0000000,0.0734999,0.7012056,-0.003648,0.0000031,0.0044978
14,2.445833,0.0000000,0.0734999,0.7011906,-0.003605,0.0000027,0.0044983
14,2.450000,0.0000000,0.0734999,0.7011756,-0.003605,0.0000016,0.0044992
14,2.454167,0.0000000,0.0734999,0.7011607,-0.003562,0.0000005,0.0045002
14,2.458333,0.0000000,0.0734999,0.7011459,-0.003562,0.0000013,0.0045001
14,2.462500,0.0000000,0.0734999,0.7011312,-0.003533,0.0000015,0.0045001
14,2.466667,0.0000000,0.0734999,0.7011165,-0.003519,0.0000002,0.0045001
14,2.470833,0.0000000,0.0734999,0.7011020,-0.003476,0.0000024,0.0044983
14,2.475000,0.0000000,0.0734999,0.7010875,-0.003476,0.0000039,0.0044970
14,2.479167,0.0000000,0.0734999,0.7010732,-0.003448,0.0000046,0.0044966
14,2.483333,0.0000000,0.0734999,0.7010588,-0.003448,0.0000043,0.0044969
14,2.487500,0.0000000,0.0734999,0.7010447,-0.003390,0.0000034,0.0044977
14,2.491667,0.0000000,0.0734999,0.7010305,-0.003405,0.0000020,0.0044988
14,2.495833,0.0000000,0.0734999,0.7010165,-0.003347,0.0000007,0.0044997
14,2.500000,0.0000000,0.0734999,0.7010026,-0.003347,0.0000002,0.0045001
14,2.504167,0.0000000,0.0734999,0.7009888,-0.003319,0.0000006,0.0044996
14,2.508333,0.0000000,0.0734999,0.7009750,-0.003304,0.0000018,0.0044986
14,2.512500,0.0000000,0.0734999,0.7009614,-0.003262,0.0000033,0.0044973
14,2.516667,0.0000000,0.0734999,0.7009478,-0.003262,0.0000043,0.0044966
14,2.520833,0.0000000,0.0734999,0.7009344,-0.003233,0.0000046,0.0044964
14,2.525000,0.0000000,0.0734999,0.7009209,-0.003219,0.0000041,0.0044969
14,2.529167,0.0000000,0.0734999,0.7009076,-0.003190,0.0000026,0.0044981
14,2.533333,0.0000000,0.0734999,0.7008945,-0.003161,0.0000003,0.0044999
14,2.537500,0.0000000,0.0734999,0.7008814,-0.003133,0.0000015,0.0045001
14,2.541667,0.0000000,0.0734999,0.7008684,-0.003133,0.0000013,0.0045001
14,2.545833,0.0000000,0.0734999,0.7008555,-0.003090,0.0000003,0.0045001
14,2.550000,0.0000000,0.0734999,0.7008427,-0.003076,0.0000014,0.0044988
14,2.554167,0.0000000,0.0734999,0.7008300,-0.003033,0.0000027,0.0044978
14,2.558333,0.0000000,0.0734999,0.7008174,-0.003033,0.0000032,0.0044975
14,2.562500,0.0000000,0.0734999,0.7008049,-0.002990,0.0000025,0.0044981
14,2.566667,0.0000000,0.0734999,0.7007925,-0.002990,0.0000002,0.0045001
14,2.570833,0.0000000,0.0734999,0.7007802,-0.002947,0.0000023,0.0045001
14,2.575000,0.0000000,0.0734999,0.7007680,-0.002933,0.0000032,0.0045001
14,2.579167,0.0000000,0.0734999,0.7007559,-0.002904,0.0000027,0.0045001
14,2.583333,0.0000000,0.0734999,0.7007439,-0.002890,0.0000016,0.0045001
14,2.587500,0.0000000,0.0734999,0.7007320,-0.002847,0.0000004,0.0045001
14,2.591667,0.0000000,0.0734999,0.7007201,-0.002847,0.0000009,0.0044994
14,2.595833,0.0000000,0.0734999,0.7007085,-0.002789,0.0000012,0.0044992
14,2.600000,0.0000000,0.0734999,0.7006969,-0.002789,0.0000004,0.0045000
14,2.604167,0.0000000,0.0734999,0.7006854,-0.002747,0.0000012,0.0045001
14,2.608333,0.0000000,0.0734999,0.7006740,-0.002747,0.0000019,0.0045001
14,2.612500,0.0000000,0.0734999,0.7006627,-0.002704,0.0000020,0.0045001
14,2.616667,0.0000000,0.0734999,0.7006515,-0.002689,0.0000017,0.0045001
14,2.620833,0.0000000,0.0734999,0.7006405,-0.002646,0.0000011,0.0045001
14,2.625000,0.0000000,0.0734999,0.7006295,-0.002646,0.0000006,0.0045001
14,2.629167,0.0000000,0.0734999,0.7006187,-0.002589,0.0000003,0.0045001
14,2.633333,0.0000000,0.0734999,0.7006079,-0.002589,0.0000004,0.0045001
14,2.637500,0.0000000,0.0734999,0.7005973,-0.002546,0.0000004,0.0045001
14,2.641667,0.0000000,0.0734999,0.7005867,-0.002532,0.0000005,0.0045001
14,2.645833,0.0000000,0.0734999,0.7005764,-0.002489,0.0000006,0.0045001
14,2.650000,0.0000000,0.0734999,0.7005660,-0.002489,0.0000007,0.0045001
14,2.654167,0.0000000,0.0734999,0.7005558,-0.002446,0.0000007,0.0045001
14,2.658333,0.0000000,0.0734999,0.7005457,-0.002432,0.0000006,0.0045001
14,2.662500,0.0000000,0.0734999,0.7005358,-0.002375,0.0000004,0.0045001
14,2.666667,0.0000000,0.0734999,0.7005258,-0.002389,0.0000004,0.0045001
14,2.670833,0.0000000,0.0734999,0.7005162,-0.002317,0.0000004,0.0045001
14,2.675000,0.0000000,0.0734999,0.7005064,-0.002346,0.0000006,0.0045001
14,2.679167,0.0000000,0.0734999,0.7004970,-0.002260,0.0000011,0.0045001
14,2.683333,0.0000000,0.0734999,0.7004874,-0.002289,0.0000016,0.0045001
14,2.687500,0.0000000,0.0734999,0.7004782,-0.002217,0.0000020,0.0045001
14,2.691667,0.0000000,0.0734999,0.7004690,-0.002217,0.0000019,0.0045001
14,2.695833,0.0000000,0.0734999,0.7004599,-0.002174,0.0000012,0.0045001
14,2.700000,0.0000000,0.0734999,0.7004509,-0.002160,0.0000003,0.0045000
14,2.704167,0.0000000,0.0734999,0.7004421,-0.002103,0.0000012,0.0044992
14,2.708333,0.0000000,0.0734999,0.7004333,-0.002117,0.0000008,0.0044995
14,2.712500,0.0000000,0.0734999,0.7004247,-0.002060,0.0000004,0.0045001
14,2.716667,0.0000000,0.0734999,0.7004161,-0.002060,0.0000017,0.0045001
14,2.720833,0.0000000,0.0734999,0.7004079,-0.001988,0.0000027,0.0045001
14,2.725000,0.0000000,0.0734999,0.7003995,-0.002003,0.0000031,0.0045001
14,2.729167,0.0000000,0.0734999,0.7003914,-0.001960,0.0000024,0.0045001
14,2.733333,0.0000000,0.0734999,0.7003832,-0.001945,0.0000002,0.0045001
14,2.737500,0.0000000,0.0734999,0.7003754,-0.001874,0.0000026,0.0044981
14,2.741667,0.0000000,0.0734999,0.7003676,-0.001888,0.0000032,0.0044975
14,2.745833,0.0000000,0.0734999,0.7003599,-0.001831,0.0000027,0.0044979
14,2.750000,0.0000000,0.0734999,0.7003523,-0.001845,0.0000014,0.0044988
14,2.754167,0.0000000,0.0734999,0.7003449,-0.001774,0.0000004,0.0045001
14,2.758333,0.0000000,0.0734999,0.7003375,-0.001774,0.0000013,0.0045001
14,2.762500,0.0000000,0.0734999,0.7003304,-0.001702,0.0000014,0.0045001
14,2.766667,0.0000000,0.0734999,0.7003232,-0.001731,0.0000003,0.0044999
14,2.770833,0.0000000,0.0734999,0.7003163,-0.001659,0.0000027,0.0044981
14,2.775000,0.0000000,0.0734999,0.7003093,-0.001659,0.0000041,0.0044969
14,2.779167,0.0000000,0.0734999,0.7003027,-0.001602,0.0000046,0.0044963
14,2.783333,0.0000000,0.0734999,0.7002960,-0.001602,0.0000043,0.0044966
14,2.787500,0.0000000,0.0734999,0.7002895,-0.001545,0.0000033,0.0044973
14,2.791667,0.0000000,0.0734999,0.7002831,-0.001545,0.0000018,0.0044985
14,2.795833,0.0000000,0.0734999,0.7002769,-0.001488,0.0000005,0.0044996
14,2.800000,0.0000000,0.0734999,0.7002708,-0.001473,0.0000002,0.0045001
14,2.804167,0.0000000,0.0734999,0.7002648,-0.001431,0.0000007,0.0044997
14,2.808333,0.0000000,0.0734999,0.7002589,-0.001431,0.0000020,0.0044988
14,2.812500,0.0000000,0.0734999,0.7002531,-0.001373,0.0000034,0.0044977
14,2.816667,0.0000000,0.0734999,0.7002475,-0.001359,0.0000043,0.0044969
14,2.820833,0.0000000,0.0734999,0.7002420,-0.001316,0.0000045,0.0044966
14,2.825000,0.0000000,0.0734999,0.7002366,-0.001302,0.0000039,0.0044970
14,2.829167,0.0000000,0.0734999,0.7002314,-0.001245,0.0000024,0.0044982
14,2.833333,0.0000000,0.0734999,0.7002261,-0.001259,0.0000002,0.0045001
14,2.837500,0.0000000,0.0734999,0.7002212,-0.001187,0.0000015,0.0045001
14,2.841667,0.0000000,0.0734999,0.7002162,-0.001187,0.0000012,0.0045001
14,2.845833,0.0000000,0.0734999,0.7002115,-0.001130,0.0000005,0.0045002
14,2.850000,0.0000000,0.0734999,0.7002068,-0.001130,0.0000016,0.0044992
14,2.854167,0.0000000,0.0734999,0.7002023,-0.001073,0.0000027,0.0044982
14,2.858333,0.0000000,0.0734999,0.7001979,-0.001059,0.0000031,0.0044979
14,2.862500,0.0000000,0.0734999,0.7001937,-0.001016,0.0000023,0.0044984
14,2.866667,0.0000000,0.0734999,0.7001895,-0.001016,0.0000002,0.0045001
14,2.870833,0.0000000,0.0734999,0.7001855,-0.000944,0.0000023,0.0045003
14,2.875000,0.0000000,0.0734999,0.7001815,-0.000958,0.0000030,0.0045007
14,2.879167,0.0000000,0.0734999,0.7001778,-0.000887,0.0000027,0.0045011
14,2.883333,0.0000000,0.0734999,0.7001742,-0.000887,0.0000018,0.0045015
14,2.887500,0.0000000,0.0734999,0.7001707,-0.000830,0.0000022,0.0045006
14,2.891667,0.0000000,0.0734999,0.7001672,-0.000830,0.0000020,0.0044997
14,2.895833,0.0000000,0.0734999,0.7001641,-0.000758,0.0000013,0.0044995
14,2.900000,0.0000000,0.0734999,0.7001609,-0.000772,0.0000001,0.0045002
14,2.904167,0.0000000,0.0734999,0.7001579,-0.000701,0.0000013,0.0044995
14,2.908333,0.0000000,0.0734999,0.7001550,-0.000715,0.0000020,0.0044997
14,2.912500,0.0000000,0.0734999,0.7001523,-0.000644,0.0000022,0.0045005
14,2.916667,0.0000000,0.0734999,0.7001496,-0.000644,0.0000019,0.0045015
14,2.920833,0.0000000,0.0734999,0.7001472,-0.000587,0.0000026,0.0045011
14,2.925000,0.0000000,0.0734999,0.7001447,-0.000587,0.0000030,0.0045006
14,2.929167,0.0000000,0.0734999,0.7001426,-0.000515,0.0000022,0.0045002
14,2.933333,0.0000000,0.0734999,0.7001404,-0.000529,0.0000002,0.0045002
14,2.937500,0.0000000,0.0734999,0.7001384,-0.000472,0.0000024,0.0044984
14,2.941667,0.0000000,0.0734999,0.7001365,-0.000458,0.0000031,0.0044979
14,2.945833,0.0000000,0.0734999,0.7001348,-0.000401,0.0000027,0.0044983
14,2.950000,0.0000000,0.0734999,0.7001332,-0.000386,0.0000015,0.0044992
14,2.954167,0.0000000,0.0734999,0.7001317,-0.000358,0.0000004,0.0045002
14,2.958333,0.0000000,0.0734999,0.7001303,-0.000343,0.0000014,0.0045002
14,2.962500,0.0000000,0.0734999,0.7001292,-0.000257,0.0000015,0.0045002
14,2.966667,0.0000000,0.0734999,0.7001280,-0.000286,0.0000002,0.0045001
14,2.970833,0.0000000,0.0734999,0.7001271,-0.000215,0.0000023,0.0044983
14,2.975000,0.0000000,0.0734999,0.7001262,-0.000215,0.0000038,0.0044972
14,2.979167,0.0000000,0.0734999,0.7001256,-0.000157,0.0000045,0.0044967
14,2.983333,0.0000000,0.0734999,0.7001249,-0.000157,0.0000043,0.0044970
14,2.987500,0.0000000,0.0734999,0.7001245,-0.000100,0.0000034,0.0044978
14,2.991667,0.0000000,0.0734999,0.7001241,-0.000086,0.0000020,0.0044988
14,2.995833,0.0000000,0.0734999,0.7001241,-0.000014,0.0000008,0.0044997
14,3.000000,0.0000000,0.0734999,0.7001239,-0.000043,0.0000002,0.0045001
14,3.004167,0.0000000,0.0734999,0.7001241,0.000043,0.0000006,0.0044996
14,3.008333,0.0000000,0.0734999,0.7001241,0.000014,0.0000018,0.0044986
14,3.012500,0.0000000,0.0734999,0.7001245,0.000086,0.0000033,0.0044975
14,3.016667,0.0000000,0.0734999,0.7001249,0.000100,0.0000043,0.0044967
14,3.020833,0.0000000,0.0734999,0.7001256,0.000157,0.0000046,0.0044965
14,3.025000,0.0000000,0.0734999,0.7001262,0.000157,0.0000041,0.0044970
14,3.029167,0.0000000,0.0734999,0.7001271,0.000215,0.0000026,0.0044982
14,3.033333,0.0000000,0.0734999,0.7001280,0.000215,0.0000002,0.0045000
14,3.037500,0.0000000,0.0734999,0.7001292,0.000286,0.0000015,0.0045001
14,3.041667,0.0000000,0.0734999,0.7001303,0.000257,0.0000013,0.0045001
14,3.045833,0.0000000,0.0734999,0.7001317,0.000343,0.0000004,0.0045001
14,3.050000,0.0000000,0.0734999,0.7001332,0.000358,0.0000014,0.0044989
14,3.054167,0.0000000,0.0734999,0.7001348,0.000386,0.0000028,0.0044978
14,3.058333,0.0000000,0.0734999,0.7001365,0.000401,0.0000033,0.0044974
14,3.062500,0.0000000,0.0734999,0.7001384,0.000458,0.0000026,0.0044981
14,3.066667,0.0000000,0.0734999,0.7001404,0.000472,0.0000002,0.0045001
14,3.070833,0.0000000,0.0734999,0.7001426,0.000529,0.0000023,0.0045001
14,3.075000,0.0000000,0.0734999,0.7001447,0.000515,0.0000031,0.0045001
14,3.079167,0.0000000,0.0734999,0.7001472,0.000587,0.0000026,0.0045001
14,3.083333,0.0000000,0.0734999,0.7001496,0.000587,0.0000016,0.0045001
14,3.087500,0.0000000,0.0734999,0.7001523,0.000644,0.0000004,0.0045001
14,3.091667,0.0000000,0.0734999,0.7001550,0.000644,0.0000008,0.0044995
14,3.095833,0.0000000,0.0734999,0.7001579,0.000715,0.0000012,0.0044993
14,3.100000,0.0000000,0.0734999,0.7001609,0.000701,0.0000003,0.0045000
14,3.104167,0.0000000,0.0734999,0.7001641,0.000772,0.0000012,0.0045001
14,3.108333,0.0000000,0.0734999,0.7001672,0.000758,0.0000020,0.0045001
14,3.112500,0.0000000,0.0734999,0.7001707,0.000830,0.0000020,0.0045001
14,3.116667,0.0000000,0.0734999,0.7001742,0.000830,0.0000018,0.0045001
14,3.120833,0.0000000,0.0734999,0.7001778,0.000887,0.0000012,0.0045001
14,3.125000,0.0000000,0.0734999,0.7001815,0.000887,0.0000007,0.0045001
14,3.129167,0.0000000,0.0734999,0.7001855,0.000958,0.0000004,0.0045001
14,3.133333,0.0000000,0.0734999,0.7001895,0.000944,0.0000005,0.0045001
14,3.137500,0.0000000,0.0734999,0.7001937,0.001016,0.0000005,0.0045001
14,3.141667,0.0000000,0.0734999,0.7001979,0.001016,0.0000007,0.0045001
14,3.145833,0.0000000,0.0734999,0.7002023,0.001059,0.0000008,0.0045001
14,3.150000,0.0000000,0.0734999,0.7002068,0.001073,0.0000008,0.0045001
14,3.154167,0.0000000,0.0734999,0.7002115,0.001130,0.0000008,0.0045001
14,3.158333,0.0000000,0.0734999,0.7002162,0.001130,0.0000007,0.0045001
14,3.162500,0.0000000,0.0734999,0.7002212,0.001187,0.0000006,0.0045001
14,3.166667,0.0000000,0.0734999,0.7002261,0.001187,0.0000005,0.0045001
14,3.170833,0.0000000,0.0734999,0.7002314,0.001259,0.0000004,0.0045001
14,3.175000,0.0000000,0.0734999,0.7002366,0.001245,0.0000007,0.0045001
14,3.179167,0.0000000,0.0734999,0.7002420,0.001302,0.0000012,0.0045001
14,3.183333,0.0000000,0.0734999,0.7002475,0.001316,0.0000017,0.0045001
14,3.187500,0.0000000,0.0734999,0.7002531,0.001359,0.0000020,0.0045001
14,3.191667,0.0000000,0.0734999,0.7002589,0.001373,0.0000020,0.0045001
14,3.195833,0.0000000,0.0734999,0.7002648,0.001431,0.0000012,0.0045001
14,3.200000,0.0000000,0.0734999,0.7002708,0.001431,0.0000004,0.0045001
14,3.204167,0.0000000,0.0734999,0.7002769,0.001473,0.0000012,0.0044993
14,3.208333,0.0000000,0.0734999,0.7002831,0.001488,0.0000008,0.0044995
14,3.212500,0.0000000,0.0734999,0.7002895,0.001545,0.0000003,0.0045001
14,3.216667,0.0000000,0.0734999,0.7002960,0.001545,0.0000016,0.0045001
14,3.220833,0.0000000,0.0734999,0.7003027,0.001602,0.0000027,0.0045001
14,3.225000,0.0000000,0.0734999,0.7003093,0.001602,0.0000031,0.0045001
14,3.229167,0.0000000,0.0734999,0.7003163,0.001659,0.0000023,0.0045001
14,3.233333,0.0000000,0.0734999,0.7003232,0.001659,0.0000002,0.0045000
14,3.237500,0.0000000,0.0734999,0.7003304,0.001731,0.0000025,0.0044981
14,3.241667,0.0000000,0.0734999,0.7003375,0.001702,0.0000032,0.0044975
14,3.245833,0.0000000,0.0734999,0.7003449,0.001774,0.0000027,0.0044979
14,3.250000,0.0000000,0.0734999,0.7003523,0.001774,0.0000014,0.0044989
14,3.254167,0.0000000,0.0734999,0.7003599,0.001845,0.0000004,0.0045001
14,3.258333,0.0000000,0.0734999,0.7003676,0.001831,0.0000014,0.0045001
14,3.262500,0.0000000,0.0734999,0.7003754,0.001888,0.0000015,0.0045001
14,3.266667,0.0000000,0.0734999,0.7003832,0.001874,0.0000002,0.0045001
14,3.270833,0.0000000,0.0734999,0.7003914,0.001945,0.0000025,0.0044982
14,3.275000,0.0000000,0.0734999,0.7003995,0.001960,0.0000040,0.0044971
14,3.279167,0.0000000,0.0734999,0.7004079,0.002003,0.0000046,0.0044965
14,3.283333,0.0000000,0.0734999,0.7004161,0.001988,0.0000042,0.0044968
14,3.287500,0.0000000,0.0734999,0.7004247,0.002060,0.0000032,0.0044975
14,3.291667,0.0000000,0.0734999,0.7004333,0.002060,0.0000018,0.0044987
14,3.295833,0.0000000,0.0734999,0.7004421,0.002117,0.0000005,0.0044997
14,3.300000,0.0000000,0.0734999,0.7004509,0.002103,0.0000003,0.0045001
14,3.304167,0.0000000,0.0734999,0.7004599,0.002160,0.0000007,0.0044999
14,3.308333,0.0000000,0.0734999,0.7004690,0.002174,0.0000019,0.0044989
14,3.312500,0.0000000,0.0734999,0.7004782,0.002217,0.0000033,0.0044979
14,3.316667,0.0000000,0.0734999,0.7004874,0.002217,0.0000042,0.0044971
14,3.320833,0.0000000,0.0734999,0.7004970,0.002289,0.0000045,0.0044968
14,3.325000,0.0000000,0.0734999,0.7005064,0.002260,0.0000039,0.0044972
14,3.329167,0.0000000,0.0734999,0.7005162,0.002346,0.0000023,0.0044984
14,3.333333,0.0000000,0.0734999,0.7005258,0.002317,0.0000002,0.0045001
14,3.337500,0.0000000,0.0734999,0.7005358,0.002389,0.0000016,0.0045001
14,3.341667,0.0000000,0.0734999,0.7005457,0.002375,0.0000014,0.0045001
14,3.345833,0.0000000,0.0734999,0.7005558,0.002432,0.0000005,0.0045001
14,3.350000,0.0000000,0.0734999,0.7005660,0.002446,0.0000016,0.0044993
14,3.354167,0.0000000,0.0734999,0.7005764,0.002489,0.0000026,0.0044983
14,3.358333,0.0000000,0.0734999,0.7005867,0.002489,0.0000032,0.0044979
14,3.362500,0.0000000,0.0734999,0.7005973,0.002532,0.0000024,0.0044984
14,3.366667,0.0000000,0.0734999,0.7006079,0.002546,0.0000001,0.0045001
14,3.370833,0.0000000,0.0734999,0.7006187,0.002589,0.0000023,0.0045001
14,3.375000,0.0000000,0.0734999,0.7006295,0.002589,0.0000030,0.0045001
14,3.379167,0.0000000,0.0734999,0.7006405,0.002646,0.0000027,0.0045001
14,3.383333,0.0000000,0.0734999,0.7006515,0.002646,0.0000016,0.0045001
14,3.387500,0.0000000,0.0734999,0.7006627,0.002689,0.0000004,0.0045001
14,3.391667,0.0000000,0.0734999,0.7006740,0.002704,0.0000007,0.0044998
14,3.395833,0.0000000,0.0734999,0.7006854,0.002747,0.0000009,0.0044995
14,3.400000,0.0000000,0.0734999,0.7006969,0.002747,0.0000001,0.0045001
14,3.404167,0.0000000,0.0734999,0.7007085,0.002789,0.0000013,0.0045001
14,3.408333,0.0000000,0.0734999,0.7007201,0.002789,0.0000020,0.0045001
14,3.412500,0.0000000,0.0734999,0.7007320,0.002847,0.0000021,0.0045001
14,3.416667,0.0000000,0.0734999,0.7007439,0.002847,0.0000018,0.0045001
14,3.420833,0.0000000,0.0734999,0.7007559,0.002890,0.0000012,0.0045001
14,3.425000,0.0000000,0.0734999,0.7007680,0.002904,0.0000006,0.0045001
14,3.429167,0.0000000,0.0734999,0.7007802,0.002933,0.0000001,0.0045001
14,3.433333,0.0000000,0.0734999,0.7007925,0.002947,0.0000002,0.0045001
14,3.437500,0.0000000,0.0734999,0.7008049,0.002990,0.0000002,0.0045001
14,3.441667,0.0000000,0.0734999,0.7008174,0.002990,0.0000003,0.0045001
14,3.445833,0.0000000,0.0734999,0.7008300,0.003033,0.0000003,0.0045001
14,3.450000,0.0000000,0.0734999,0.7008427,0.003033,0.0000002,0.0045001
14,3.454167,0.0000000,0.0734999,0.7008555,0.003076,0.0000001,0.0045001
14,3.458333,0.0000000,0.0734999,0.7008684,0.003090,0.0000001,0.0045001
14,3.462500,0.0000000,0.0734999,0.7008814,0.003133,0.0000001,0.0045001
14,3.466667,0.0000000,0.0734999,0.7008945,0.003133,0.0000001,0.0045001
14,3.470833,0.0000000,0.0734999,0.7009077,0.003176,0.0000002,0.0045000
14,3.475000,0.0000000,0.0734999,0.7009209,0.003176,0.0000002,0.0045000
14,3.479167,0.0000000,0.0734999,0.7009344,0.003219,0.0000001,0.0045000
14,3.483333,0.0000000,0.0734999,0.7009478,0.003233,0.0000002,0.0045000
14,3.487500,0.0000000,0.0734999,0.7009614,0.003262,0.0000002,0.0045000
14,3.491667,0.0000000,0.0734999,0.7009750,0.003262,0.0000001,0.0045001
14,3.495833,0.0000000,0.0734999,0.7009888,0.003304,0.0000002,0.0045000
14,3.500000,0.0000000,0.0734999,0.7010026,0.003319,0.0000001,0.0045001
14,3.504167,0.0000000,0.0734999,0.7010165,0.003347,0.0000001,0.0045001
14,3.508333,0.0000000,0.0734999,0.7010305,0.003347,0.0000001,0.0045001
14,3.512500,0.0000000,0.0734999,0.7010447,0.003405,0.0000001,0.0045001
14,3.516667,0.0000000,0.0734999,0.7010588,0.003390,0.0000001,0.0045001
14,3.520833,0.0000000,0.0734999,0.7010732,0.003448,0.0000001,0.0045001
14,3.525000,0.0000000,0.0734999,0.7010875,0.003448,0.0000001,0.0045001
14,3.529167,0.0000000,0.0734999,0.7011020,0.003476,0.0000001,0.0045001
14,3.533333,0.0000000,0.0734999,0.7011165,0.003476,0.0000001,0.0045001
14,3.537500,0.0000000,0.0734999,0.7011312,0.003519,0.0000001,0.0045001
14,3.541667,0.0000000,0.0734999,0.7011459,0.003533,0.0000001,0.0045001
14,3.545833,0.0000000,0.0734999,0.7011607,0.003562,0.0000001,0.0045001
14,3.550000,0.0000000,0.0734999,0.7011756,0.003562,0.0000001,0.0045001
14,3.554167,0.0000000,0.0734999,0.7011906,0.003605,0.0000001,0.0045001
14,3.558333,0.0000000,0.0734999,0.7012056,0.003605,0.0000001,0.0045001
14,3.562500,0.0000000,0.0734999,0.7012208,0.003648,0.0000001,0.0045001
14,3.566667,0.0000000,0.0734999,0.7012359,0.003633,0.0000001,0.0045001
14,3.570833,0.0000000,0.0734999,0.7012513,0.003676,0.0000001,0.0045001
14,3.575000,0.0000000,0.0734999,0.7012666,0.003676,0.0000001,0.0045001
14,3.579167,0.0000000,0.0734999,0.7012821,0.003719,0.0000001,0.0045001
14,3.583333,0.0000000,0.0734999,0.7012976,0.003734,0.0000001,0.0045001
14,3.587500,0.0000000,0.0734999,0.7013133,0.003748,0.0000001,0.0045001
14,3.591667,0.0000000,0.0734999,0.7013289,0.003762,0.0000001,0.0045001
14,3.595833,0.0000000,0.0734999,0.7013447,0.003791,0.0000001,0.0045001
14,3.600000,0.0000000,0.0734999,0.7013606,0.003805,0.0000001,0.0045001
14,3.604167,0.0000000,0.0734999,0.7013765,0.003819,0.0000001,0.0045001
14,3.608333,0.0000000,0.0734999,0.7013925,0.003834,0.0000001,0.0045001
14,3.612500,0.0000000,0.0734999,0.7014086,0.003862,0.0000001,0.0045001
14,3.616667,0.0000000,0.0734999,0.7014247,0.003877,0.0000001,0.0045001
14,3.620833,0.0000000,0.0734999,0.7014409,0.003891,0.0000001,0.0045001
14,3.625000,0.0000000,0.0734999,0.7014572,0.003905,0.0000001,0.0045001
14,3.629167,0.0000000,0.0734999,0.7014736,0.003934,0.0000001,0.0045001
14,3.633333,0.0000000,0.0734999,0.7014900,0.003934,0.0000001,0.0045001
14,3.637500,0.0000000,0.0734999,0.7015065,0.003963,0.0000001,0.0045001
14,3.641667,0.0000000,0.0734999,0.7015231,0.003977,0.0000001,0.0045001
14,3.645833,0.0000000,0.0734999,0.7015398,0.004005,0.0000001,0.0045001
14,3.650000,0.0000000,0.0734999,0.7015564,0.004005,0.0000001,0.0045001
14,3.654167,0.0000000,0.0734999,0.7015733,0.004048,0.0000001,0.0045001
14,3.658333,0.0000000,0.0734999,0.7015902,0.004063,0.0000001,0.0045001
14,3.662500,0.0000000,0.0734999,0.7016078,0.004220,0.0000001,0.0045001
14,3.666667,0.0000000,0.0734999,0.7016255,0.004234,0.0000001,0.0045001
14,3.670833,0.0000000,0.0734999,0.7016441,0.004478,0.0000001,0.0045001
14,3.675000,0.0000000,0.0734999,0.7016628,0.004492,0.0000001,0.0045001
14,3.679167,0.0000000,0.0734999,0.7016830,0.004835,0.0000001,0.0045001
14,3.683333,0.0000000,0.0734999,0.7017031,0.004835,0.0000001,0.0045001
14,3.687500,0.0000000,0.0734999,0.7017249,0.005221,0.0000001,0.0045001
14,3.691667,0.0000000,0.0734999,0.7017466,0.005207,0.0000001,0.0045001
14,3.695833,0.0000000,0.0734999,0.7017701,0.005651,0.0000001,0.0045001
14,3.700000,0.0000000,0.0734999,0.7017937,0.005651,0.0000001,0.0045001
14,3.704167,0.0000000,0.0734999,0.7018189,0.006051,0.0000001,0.0045001
14,3.708333,0.0000000,0.0734999,0.7018441,0.006051,0.0000001,0.0045001
14,3.712500,0.0000000,0.0734999,0.7018712,0.006495,0.0000001,0.0045001
14,3.716667,0.0000000,0.0734999,0.7018980,0.006452,0.0000001,0.0045001
14,3.720833,0.0000000,0.0734999,0.7019266,0.006866,0.0000001,0.0045001
14,3.725000,0.0000000,0.0734999,0.7019552,0.006852,0.0000001,0.0045001
14,3.729167,0.0000000,0.0734999,0.7019852,0.007210,0.0000001,0.0045001
14,3.733333,0.0000000,0.0734999,0.7020152,0.007195,0.0000001,0.0045001
14,3.737500,0.0000000,0.0734999,0.7020464,0.007482,0.0000001,0.0045001
14,3.741667,0.0000000,0.0734999,0.7020776,0.007496,0.0000001,0.0045001
14,3.745833,0.0000000,0.0734999,0.7021098,0.007725,0.0000001,0.0045001
14,3.750000,0.0000000,0.0734999,0.7021419,0.007710,0.0000001,0.0045001
14,3.754167,0.0000000,0.0734999,0.7021749,0.007911,0.0000001,0.0045001
14,3.758333,0.0000000,0.0734999,0.7022078,0.007896,0.0000001,0.0045001
14,3.762500,0.0000000,0.0734999,0.7022411,0.007997,0.0000001,0.0045001
14,3.766667,0.0000000,0.0734999,0.7022744,0.007997,0.0000001,0.0045001
14,3.770833,0.0000000,0.0734999,0.7023079,0.008039,0.0000001,0.0045001
14,3.775000,0.0000000,0.0734999,0.7023414,0.008025,0.0000001,0.0045001
14,3.779167,0.0000000,0.0734999,0.7023747,0.007997,0.0000001,0.0045001
14,3.783333,0.0000000,0.0734999,0.7024080,0.007982,0.0000001,0.0045001
14,3.787500,0.0000000,0.0734999,0.7024408,0.007882,0.0000001,0.0045001
14,3.791667,0.0000000,0.0734999,0.7024737,0.007896,0.0000001,0.0045001
14,3.795833,0.0000000,0.0734999,0.7025058,0.007696,0.0000001,0.0045001
14,3.800000,0.0000000,0.0734999,0.7025379,0.007710,0.0000001,0.0045001
14,3.804167,0.0000000,0.0734999,0.7025690,0.007467,0.0000001,0.0045001
14,3.808333,0.0000000,0.0734999,0.7026002,0.007482,0.0000001,0.0045001
14,3.812500,0.0000000,0.0734999,0.7026300,0.007167,0.0000001,0.0045001
14,3.816667,0.0000000,0.0734999,0.7026599,0.007167,0.0000001,0.0045001
14,3.820833,0.0000000,0.0734999,0.7026883,0.006824,0.0000001,0.0045001
14,3.825000,0.0000000,0.0734999,0.7027168,0.006824,0.0000001,0.0045001
14,3.829167,0.0000000,0.0734999,0.7027435,0.006409,0.0000001,0.0045001
14,3.833333,0.0000000,0.0734999,0.7027703,0.006437,0.0000001,0.0045001
14,3.837500,0.0000000,0.0734999,0.7027953,0.005994,0.0000001,0.0045001
14,3.841667,0.0000000,0.0734999,0.7028202,0.005994,0.0000001,0.0045001
14,3.845833,0.0000000,0.0734999,0.7028432,0.005522,0.0000001,0.0045001
14,3.850000,0.0000000,0.0734999,0.7028663,0.005522,0.0000001,0.0045001
14,3.854167,0.0000000,0.0734999,0.7028873,0.005050,0.0000001,0.0045001
14,3.858333,0.0000000,0.0734999,0.7029083,0.005035,0.0000001,0.0045001
14,3.862500,0.0000000,0.0734999,0.7029272,0.004535,0.0000001,0.0045001
14,3.866667,0.0000000,0.0734999,0.7029461,0.004549,0.0000001,0.0045001
14,3.870833,0.0000000,0.0734999,0.7029629,0.004034,0.0000001,0.0045001
14,3.875000,0.0000000,0.0734999,0.7029797,0.004034,0.0000001,0.0045001
14,3.879167,0.0000000,0.0734999,0.7029945,0.003533,0.0000001,0.0045001
14,3.883333,0.0000000,0.0734999,0.7030092,0.003533,0.0000001,0.0045001
14,3.887500,0.0000000,0.0734999,0.7030219,0.003047,0.0000001,0.0045001
14,3.891667,0.0000000,0.0734999,0.7030345,0.003033,0.0000001,0.0045001
14,3.895833,0.0000000,0.0734999,0.7030452,0.002575,0.0000001,0.0045001
14,3.900000,0.0000000,0.0734999,0.7030560,0.002575,0.0000001,0.0045001
14,3.904167,0.0000000,0.0734999,0.7030649,0.002146,0.0000001,0.0045001
14,3.908333,0.0000000,0.0734999,0.7030737,0.002117,0.0000001,0.0045001
14,3.912500,0.0000000,0.0734999,0.7030810,0.001731,0.0000001,0.0045001
14,3.916667,0.0000000,0.0734999,0.7030881,0.001717,0.0000001,0.0045001
14,3.920833,0.0000000,0.0734999,0.7030938,0.001359,0.0000001,0.0045001
14,3.925000,0.0000000,0.0734999,0.7030994,0.001359,0.0000001,0.0045001
14,3.929167,0.0000000,0.0734999,0.7031037,0.001016,0.0000001,0.0045001
14,3.933333,0.0000000,0.0734999,0.7031080,0.001030,0.0000001,0.0045001
14,3.937500,0.0000000,0.0734999,0.7031111,0.000758,0.0000001,0.0045001
14,3.941667,0.0000000,0.0734999,0.7031142,0.000730,0.0000001,0.0045001
14,3.945833,0.0000000,0.0734999,0.7031163,0.000515,0.0000001,0.0045001
14,3.950000,0.0000000,0.0734999,0.7031184,0.000515,0.0000001,0.0045001
14,3.954167,0.0000000,0.0734999,0.7031198,0.000329,0.0000002,0.0045000
14,3.958333,0.0000000,0.0734999,0.7031211,0.000315,0.0000001,0.0045001
14,3.962500,0.0000000,0.0734999,0.7031220,0.000200,0.0000001,0.0045001
14,3.966667,0.0000000,0.0734999,0.7031227,0.000186,0.0000001,0.0045001
14,3.970833,0.0000000,0.0734999,0.7031231,0.000086,0.0000002,0.0045000
14,3.975000,0.0000000,0.0734999,0.7031235,0.000100,0.0000002,0.0045000
14,3.979167,0.0000000,0.0734999,0.7031237,0.000043,0.0000001,0.0045001
14,3.983333,0.0000000,0.0734999,0.7031239,0.000043,0.0000001,0.0045001
14,3.987500,0.0000000,0.0734999,0.7031239,0.000000,0.0000001,0.0045001
14,3.991667,0.0000000,0.0734999,0.7031239,0.000000,0.0000001,0.0045001
14,3.995833,0.0000000,0.0734999,0.7031239,0.000000,0.0000001,0.0045001
14,4.000000,0.0000000,0.0734999,0.7031239,0.000000,0.0000000,0.0045001
15,0.000000,0.0120000,0.5257792,1.1557060,0.000000,0.0000000,0.0025000
15,0.004167,0.0120039,0.5257774,1.1557040,-0.000572,0.0000415,0.0025172
15,0.008333,0.0120079,0.5257756,1.1557020,-0.000458,0.0000593,0.0025253
15,0.012500,0.0120345,0.5257638,1.1556900,-0.002861,0.0000430,0.0025197
15,0.016667,0.0120611,0.5257519,1.1556780,-0.002861,0.0000321,0.0025158
15,0.020833,0.0121303,0.5257211,1.1556470,-0.007467,0.0000137,0.0025004
15,0.025000,0.0121995,0.5256902,1.1556150,-0.007524,0.0000177,0.0024977
15,0.029167,0.0123285,0.5256326,1.1555570,-0.014019,0.0000391,0.0024867
15,0.033333,0.0124575,0.5255750,1.1554980,-0.014191,0.0000003,0.0024999
15,0.037500,0.0126607,0.5254843,1.1554060,-0.022116,0.0000066,0.0024994
15,0.041667,0.0128640,0.5253936,1.1553130,-0.022230,0.0000408,0.0025133
15,0.045833,0.0131534,0.5252644,1.1551820,-0.031471,0.0000189,0.0025033
15,0.050000,0.0134428,0.5251352,1.1550500,-0.031643,0.0000382,0.0025113
15,0.054167,0.0138279,0.5249632,1.1548760,-0.041885,0.0000234,0.0024964
15,0.058333,0.0142130,0.5247912,1.1547000,-0.042114,0.0000254,0.0025038
15,0.062500,0.0147009,0.5245732,1.1544790,-0.053158,0.0000334,0.0024889
15,0.066667,0.0151889,0.5243552,1.1542560,-0.053473,0.0000002,0.0025000
15,0.070833,0.0157847,0.5240889,1.1539840,-0.065174,0.0000287,0.0024760
15,0.075000,0.0163806,0.5238226,1.1537110,-0.065517,0.0000232,0.0024870
15,0.079167,0.0170874,0.5235066,1.1533880,-0.077534,0.0000209,0.0024803
15,0.083333,0.0177942,0.5231907,1.1530630,-0.077991,0.0000233,0.0025026
15,0.087500,0.0186130,0.5228245,1.1526880,-0.090122,0.0000123,0.0024938
15,0.091667,0.0194318,0.5224584,1.1523100,-0.090694,0.0000209,0.0025060
15,0.095833,0.0203620,0.5220423,1.1518810,-0.102882,0.0000241,0.0024918
15,0.100000,0.0212921,0.5216262,1.1514500,-0.103540,0.0000002,0.0025001
15,0.104167,0.0223313,0.5211611,1.1509680,-0.115643,0.0000399,0.0024699
15,0.108333,0.0233705,0.5206962,1.1504830,-0.116444,0.0000255,0.0024752
15,0.112500,0.0245149,0.5201840,1.1499480,-0.128260,0.0000367,0.0024660
15,0.116667,0.0256592,0.5196717,1.1494100,-0.129175,0.0000227,0.0024862
15,0.120833,0.0269036,0.5191146,1.1488250,-0.140476,0.0000144,0.0024863
15,0.125000,0.0281479,0.5185574,1.1482350,-0.141478,0.0000259,0.0025065
15,0.129167,0.0294857,0.5179582,1.1476020,-0.152092,0.0000098,0.0024968
15,0.133333,0.0308234,0.5173591,1.1469630,-0.153179,0.0000002,0.0024999
15,0.137500,0.0322471,0.5167212,1.1462830,-0.163193,0.0000387,0.0024772
15,0.141667,0.0336707,0.5160834,1.1455970,-0.164652,0.0000205,0.0024804
15,0.145833,0.0351715,0.5154107,1.1448730,-0.173922,0.0000308,0.0024728
15,0.150000,0.0366723,0.5147380,1.1441420,-0.175381,0.0000206,0.0024863
15,0.154167,0.0382408,0.5140347,1.1433770,-0.183592,0.0000159,0.0024868
15,0.158333,0.0398093,0.5133315,1.1426060,-0.184994,0.0000285,0.0025012
15,0.162500,0.0414353,0.5126023,1.1418060,-0.192089,0.0000090,0.0024986
15,0.166667,0.0430612,0.5118730,1.1410010,-0.193262,0.0000001,0.0025000
15,0.170833,0.0447337,0.5111226,1.1401700,-0.199442,0.0000336,0.0024874
15,0.175000,0.0464061,0.5103722,1.1393310,-0.201159,0.0000255,0.0024880
15,0.179167,0.0481137,0.5096057,1.1384710,-0.206366,0.0000238,0.0024841
15,0.183333,0.0498214,0.5088393,1.1376050,-0.207911,0.0000148,0.0024898
15,0.187500,0.0515524,0.5080621,1.1367240,-0.211601,0.0000218,0.0024918
15,0.191667,0.0532834,0.5072848,1.1358360,-0.212946,0.0000311,0.0024983
15,0.195833,0.0550258,0.5065021,1.1349400,-0.215120,0.0000232,0.0025003
15,0.200000,0.0567682,0.5057195,1.1340400,-0.216036,0.0000001,0.0024999
15,0.204167,0.0585099,0.5049368,1.1331350,-0.217037,0.0000222,0.0024923
15,0.208333,0.0602517,0.5041540,1.1322250,-0.218611,0.0000290,0.0024899
15,0.212500,0.0619806,0.5033768,1.1313140,-0.218582,0.0000161,0.0024943
15,0.216667,0.0637095,0.5025996,1.1303980,-0.219727,0.0000084,0.0024925
15,0.220833,0.0654136,0.5018331,1.1294900,-0.218096,0.0000279,0.0024974
15,0.225000,0.0671177,0.5010666,1.1285780,-0.218811,0.0000297,0.0024964
15,0.229167,0.0687854,0.5003162,1.1276810,-0.215349,0.0000356,0.0025033
15,0.233333,0.0704530,0.4995659,1.1267830,-0.215492,0.0000003,0.0024997
15,0.237500,0.0720729,0.4988366,1.1259040,-0.210943,0.0000129,0.0024982
15,0.241667,0.0736928,0.4981074,1.1250210,-0.211802,0.0000305,0.0024901
15,0.245833,0.0752540,0.4974041,1.1241620,-0.206165,0.0000069,0.0024991
15,0.250000,0.0768153,0.4967009,1.1233020,-0.206451,0.0000119,0.0024947
15,0.254167,0.0783078,0.4960282,1.1224710,-0.199356,0.0000286,0.0025025
15,0.258333,0.0798003,0.4953555,1.1216420,-0.199156,0.0000216,0.0024951
15,0.262500,0.0812147,0.4947177,1.1208480,-0.190430,0.0000410,0.0025062
15,0.266667,0.0826291,0.4940798,1.1200580,-0.189571,0.0000003,0.0024998
15,0.270833,0.0839568,0.4934806,1.1193080,-0.179930,0.0000115,0.0025043
15,0.275000,0.0852845,0.4928814,1.1185610,-0.179501,0.0000300,0.0024918
15,0.279167,0.0865181,0.4923243,1.1178560,-0.169144,0.0000097,0.0025028
15,0.283333,0.0877517,0.4917672,1.1171540,-0.168371,0.0000173,0.0024938
15,0.287500,0.0888848,0.4912549,1.1165000,-0.156956,0.0000220,0.0025058
15,0.291667,0.0900179,0.4907427,1.1158520,-0.155668,0.0000084,0.0024938
15,0.295833,0.0910455,0.4902777,1.1152550,-0.143309,0.0000365,0.0025075
15,0.300000,0.0920731,0.4898127,1.1146650,-0.141563,0.0000003,0.0024999
15,0.304167,0.0929914,0.4893966,1.1141290,-0.128574,0.0000234,0.0025100
15,0.308333,0.0939098,0.4889806,1.1136000,-0.126944,0.0000224,0.0024949
15,0.312500,0.0947167,0.4886144,1.1131260,-0.113754,0.0000124,0.0025053
15,0.316667,0.0955236,0.4882483,1.1126590,-0.112009,0.0000261,0.0024913
15,0.320833,0.0962186,0.4879323,1.1122480,-0.098648,0.0000078,0.0025035
15,0.325000,0.0969136,0.4876163,1.1118450,-0.096846,0.0000192,0.0024909
15,0.329167,0.0974979,0.4873500,1.1114970,-0.083456,0.0000209,0.0025052
15,0.333333,0.0980822,0.4870837,1.1111570,-0.081654,0.0000004,0.0024999
15,0.337500,0.0985589,0.4868657,1.1108730,-0.068092,0.0000340,0.0025141
15,0.341667,0.0990356,0.4866477,1.1105990,-0.065775,0.0000085,0.0024996
15,0.345833,0.0994099,0.4864757,1.1103790,-0.052729,0.0000124,0.0025053
15,0.350000,0.0997842,0.4863037,1.1101680,-0.050840,0.0000322,0.0024885
15,0.354167,0.1000632,0.4861745,1.1100050,-0.038939,0.0000162,0.0024945
15,0.358333,0.1003423,0.4860453,1.1098490,-0.037451,0.0000410,0.0024836
15,0.362500,0.1005358,0.4859546,1.1097360,-0.027065,0.0000072,0.0024969
15,0.366667,0.1007293,0.4858638,1.1096280,-0.026093,0.0000003,0.0024999
15,0.370833,0.1008491,0.4858063,1.1095590,-0.016594,0.0000439,0.0025176
15,0.375000,0.1009688,0.4857487,1.1094980,-0.014534,0.0000298,0.0025096
15,0.379167,0.1010294,0.4857178,1.1094710,-0.006437,0.0000341,0.0025080
15,0.383333,0.1010899,0.4856869,1.1094500,-0.005150,0.0000525,0.0024923
15,0.387500,0.1011082,0.4856751,1.1094510,0.000229,0.0000687,0.0024872
15,0.391667,0.1011265,0.4856632,1.1094540,0.000687,0.0000844,0.0024795
15,0.395833,0.1011224,0.4856614,1.1094660,0.003033,0.0000588,0.0024852
15,0.400000,0.1011183,0.4856597,1.1094770,0.002604,0.0000004,0.0024999
15,0.404167,0.1011104,0.4856597,1.1094890,0.002947,0.0000235,0.0025098
15,0.408333,0.1011025,0.4856597,1.1095040,0.003405,0.0000347,0.0025144
15,0.412500,0.1010947,0.4856597,1.1095190,0.003662,0.0000361,0.0025150
15,0.416667,0.1010868,0.4856597,1.1095350,0.003948,0.0000308,0.0025128
15,0.420833,0.1010791,0.4856597,1.1095520,0.004034,0.0000216,0.0025089
15,0.425000,0.1010713,0.4856597,1.1095690,0.004091,0.0000113,0.0025047
15,0.429167,0.1010637,0.4856597,1.1095860,0.004005,0.0000032,0.0025013
15,0.433333,0.1010560,0.4856597,1.1096020,0.003834,0.0000003,0.0025001
15,0.437500,0.1010484,0.4856597,1.1096170,0.003633,0.0000004,0.0025001
15,0.441667,0.1010408,0.4856597,1.1096320,0.003662,0.0000003,0.0025001
15,0.445833,0.1010333,0.4856597,1.1096470,0.003576,0.0000003,0.0025002
15,0.450000,0.1010258,0.4856597,1.1096620,0.003576,0.0000003,0.0025001
15,0.454167,0.1010184,0.4856597,1.1096770,0.003605,0.0000003,0.0025001
15,0.458333,0.1010110,0.4856597,1.1096920,0.003548,0.0000004,0.0025001
15,0.462500,0.1010036,0.4856597,1.1097070,0.003548,0.0000004,0.0025000
15,0.466667,0.1009963,0.4856597,1.1097210,0.003490,0.0000004,0.0025001
15,0.470833,0.1009890,0.4856597,1.1097360,0.003490,0.0000004,0.0025001
15,0.475000,0.1009818,0.4856597,1.1097500,0.003462,0.0000004,0.0025001
15,0.479167,0.1009746,0.4856597,1.1097640,0.003462,0.0000005,0.0025000
15,0.483333,0.1009674,0.4856597,1.1097790,0.003405,0.0000004,0.0025000
15,0.487500,0.1009604,0.4856598,1.1097930,0.003405,0.0000004,0.0025001
15,0.491667,0.1009533,0.4856598,1.1098070,0.003405,0.0000004,0.0025001
15,0.495833,0.1009463,0.4856598,1.1098210,0.003376,0.0000004,0.0025001
15,0.500000,0.1009393,0.4856598,1.1098350,0.003376,0.0000004,0.0025000
15,0.504167,0.1009324,0.4856598,1.1098490,0.003319,0.0000005,0.0025000
15,0.508333,0.1009255,0.4856598,1.1098630,0.003319,0.0000004,0.0025000
15,0.512500,0.1009187,0.4856598,1.1098760,0.003262,0.0000005,0.0025000
15,0.516667,0.1009119,0.4856598,1.1098900,0.003262,0.0000004,0.0025000
15,0.520833,0.1009052,0.4856598,1.1099030,0.003204,0.0000004,0.0025001
15,0.525000,0.1008985,0.4856598,1.1099170,0.003204,0.0000005,0.0025000
15,0.529167,0.1008919,0.4856598,1.1099300,0.003204,0.0000004,0.0025000
15,0.533333,0.1008853,0.4856598,1.1099430,0.003176,0.0000004,0.0025000
15,0.537500,0.1008787,0.4856598,1.1099560,0.003119,0.0000004,0.0025000
15,0.541667,0.1008722,0.4856598,1.1099690,0.003119,0.0000004,0.0025000
15,0.545833,0.1008658,0.4856599,1.1099820,0.003090,0.0000004,0.0025002
15,0.550000,0.1008594,0.4856599,1.1099950,0.003090,0.0000003,0.0025002
15,0.554167,0.1008530,0.4856599,1.1100080,0.003033,0.0000004,0.0025002
15,0.558333,0.1008467,0.4856599,1.1100200,0.003061,0.0000003,0.0025001
15,0.562500,0.1008405,0.4856599,1.1100330,0.002975,0.0000003,0.0025002
15,0.566667,0.1008342,0.4856599,1.1100450,0.003004,0.0000004,0.0025002
15,0.570833,0.1008281,0.4856599,1.1100580,0.002947,0.0000004,0.0025001
15,0.575000,0.1008220,0.4856599,1.1100700,0.002918,0.0000004,0.0025002
15,0.579167,0.1008160,0.4856599,1.1100820,0.002918,0.0000004,0.0025001
15,0.583333,0.1008099,0.4856599,1.1100940,0.002918,0.0000004,0.0025001
15,0.587500,0.1008040,0.4856599,1.1101060,0.002832,0.0000004,0.0025001
15,0.591667,0.1007981,0.4856599,1.1101180,0.002804,0.0000004,0.0025001
15,0.595833,0.1007923,0.4856600,1.1101290,0.002832,0.0000005,0.0025000
15,0.600000,0.1007864,0.4856600,1.1101410,0.002775,0.0000005,0.0025000
15,0.604167,0.1007807,0.4856600,1.1101520,0.002747,0.0000004,0.0025001
15,0.608333,0.1007750,0.4856600,1.1101640,0.002775,0.0000004,0.0025001
15,0.612500,0.1007694,0.4856600,1.1101750,0.002689,0.0000004,0.0025000
15,0.616667,0.1007638,0.4856600,1.1101860,0.002689,0.0000004,0.0024999
15,0.620833,0.1007583,0.4856600,1.1101970,0.002661,0.0000004,0.0025002
15,0.625000,0.1007528,0.4856601,1.1102090,0.002661,0.0000004,0.0025001
15,0.629167,0.1007474,0.4856601,1.1102190,0.002575,0.0000004,0.0025000
15,0.633333,0.1007420,0.4856601,1.1102300,0.002604,0.0000004,0.0025000
15,0.637500,0.1007367,0.4856602,1.1102410,0.002546,0.0000004,0.0025001
15,0.641667,0.1007314,0.4856602,1.1102510,0.002546,0.0000004,0.0025000
15,0.645833,0.1007262,0.4856602,1.1102620,0.002518,0.0000003,0.0025001
15,0.650000,0.1007210,0.4856602,1.1102720,0.002489,0.0000003,0.0025001
15,0.654167,0.1007159,0.4856603,1.1102820,0.002432,0.0000004,0.0025001
15,0.658333,0.1007109,0.4856603,1.1102920,0.002432,0.0000004,0.0025000
15,0.662500,0.1007059,0.4856603,1.1103020,0.002375,0.0000004,0.0025000
15,0.666667,0.1007009,0.4856603,1.1103120,0.002346,0.0000004,0.0025000
15,0.670833,0.1006961,0.4856603,1.1103220,0.002403,0.0000004,0.0025000
15,0.675000,0.1006912,0.4856603,1.1103320,0.002317,0.0000004,0.0024999
15,0.679167,0.1006865,0.4856604,1.1103410,0.002317,0.0000004,0.0025000
15,0.683333,0.1006817,0.4856604,1.1103510,0.002289,0.0000004,0.0025001
15,0.687500,0.1006771,0.4856605,1.1103600,0.002203,0.0000004,0.0025000
15,0.691667,0.1006725,0.4856605,1.1103690,0.002232,0.0000005,0.0025001
15,0.695833,0.1006680,0.4856605,1.1103790,0.002174,0.0000005,0.0025001
15,0.700000,0.1006635,0.4856605,1.1103870,0.002146,0.0000005,0.0025000
15,0.704167,0.1006591,0.4856606,1.1103960,0.002146,0.0000005,0.0025000
15,0.708333,0.1006547,0.4856606,1.1104050,0.002117,0.0000005,0.0025001
15,0.712500,0.1006504,0.4856607,1.1104140,0.002060,0.0000005,0.0025000
15,0.716667,0.1006461,0.4856607,1.1104220,0.002089,0.0000004,0.0025001
15,0.720833,0.1006419,0.4856607,1.1104310,0.002003,0.0000004,0.0025000
15,0.725000,0.1006377,0.4856608,1.1104390,0.002003,0.0000004,0.0025000
15,0.729167,0.1006337,0.4856608,1.1104470,0.001945,0.0000004,0.0025001
15,0.733333,0.1006297,0.4856608,1.1104550,0.001945,0.0000004,0.0025001
15,0.737500,0.1006257,0.4856609,1.1104630,0.001888,0.0000005,0.0025001
15,0.741667,0.1006218,0.4856609,1.1104710,0.001917,0.0000005,0.0024999
15,0.745833,0.1006180,0.4856609,1.1104790,0.001831,0.0000005,0.0025001
15,0.750000,0.1006142,0.4856609,1.1104870,0.001860,0.0001035,0.0025000
15,0.754167,0.1006104,0.4856610,1.1104940,0.001774,0.0000734,0.0025001
15,0.758333,0.1006068,0.4856610,1.1105010,0.001774,0.0000368,0.0024999
15,0.762500,0.1006032,0.4856611,1.1105090,0.001745,0.0000075,0.0025000
15,0.766667,0.1005996,0.4856611,1.1105160,0.001717,0.0000006,0.0024999
15,0.770833,0.1005961,0.4856611,1.1105230,0.001659,0.0000053,0.0025000
15,0.775000,0.1005927,0.4856612,1.1105300,0.001688,0.0000080,0.0025001
15,0.779167,0.1005894,0.4856612,1.1105360,0.001602,0.0000084,0.0025001
15,0.783333,0.1005860,0.4856613,1.1105430,0.001602,0.0000070,0.0024999
15,0.787500,0.1005828,0.4856613,1.1105500,0.001545,0.0000049,0.0025001
15,0.791667,0.1005796,0.4856614,1.1105560,0.001545,0.0000026,0.0025000
15,0.795833,0.1005765,0.4856614,1.1105620,0.001516,0.0000007,0.0025001
15,0.800000,0.1005734,0.4856614,1.1105690,0.001488,0.0000005,0.0025001
15,0.804167,0.1005704,0.4856614,1.1105740,0.001431,0.0000006,0.0025001
15,0.808333,0.1005674,0.4856614,1.1105800,0.001431,0.0000007,0.0025000
15,0.812500,0.1005646,0.4856615,1.1105860,0.001373,0.0000006,0.0025001
15,0.816667,0.1005617,0.4856615,1.1105920,0.001402,0.0000005,0.0025001
15,0.820833,0.1005590,0.4856615,1.1105970,0.001287,0.0000005,0.0025001
15,0.825000,0.1005563,0.4856616,1.1106030,0.001287,0.0000005,0.0025002
15,0.829167,0.1005537,0.4856617,1.1106080,0.001316,0.0000005,0.0025002
15,0.833333,0.1005511,0.4856617,1.1106130,0.001259,0.0000005,0.0025001
15,0.837500,0.1005486,0.4856617,1.1106180,0.001202,0.0000006,0.0025001
15,0.841667,0.1005461,0.4856617,1.1106230,0.001173,0.0000004,0.0025002
15,0.845833,0.1005438,0.4856617,1.1106280,0.001144,0.0000006,0.0025001
15,0.850000,0.1005414,0.4856617,1.1106330,0.001116,0.0000005,0.0025001
15,0.854167,0.1005392,0.4856617,1.1106370,0.001087,0.0000004,0.0025001
15,0.858333,0.1005370,0.4856617,1.1106420,0.001087,0.0000005,0.0025002
15,0.862500,0.1005348,0.4856617,1.1106460,0.001001,0.0000005,0.0025001
15,0.866667,0.1005327,0.4856617,1.1106500,0.000973,0.0000004,0.0025001
15,0.870833,0.1005308,0.4856617,1.1106540,0.000973,0.0000006,0.0025001
15,0.875000,0.1005288,0.4856617,1.1106580,0.000973,0.0000005,0.0025001
15,0.879167,0.1005269,0.4856617,1.1106620,0.000887,0.0000006,0.0025001
15,0.883333,0.1005251,0.4856617,1.1106650,0.000858,0.0000005,0.0025001
15,0.887500,0.1005234,0.4856617,1.1106690,0.000830,0.0000006,0.0025001
15,0.891667,0.1005216,0.4856617,1.1106720,0.000801,0.0000006,0.0025000
15,0.895833,0.1005200,0.4856617,1.1106750,0.000772,0.0000006,0.0025001
15,0.900000,0.1005184,0.4856617,1.1106790,0.000801,0.0000005,0.0025002
15,0.904167,0.1005170,0.4856617,1.1106820,0.000658,0.0000006,0.0025000
15,0.908333,0.1005155,0.4856616,1.1106850,0.000715,0.0000006,0.0025000
15,0.912500,0.1005141,0.4856615,1.1106870,0.000629,0.0000006,0.0025001
15,0.916667,0.1005128,0.4856615,1.1106900,0.000658,0.0000006,0.0025001
15,0.920833,0.1005116,0.4856614,1.1106920,0.000544,0.0000007,0.0025000
15,0.925000,0.1005104,0.4856614,1.1106950,0.000572,0.0000005,0.0025002
15,0.929167,0.1005093,0.4856613,1.1106970,0.000515,0.0000006,0.0025000
15,0.933333,0.1005082,0.4856613,1.1106990,0.000515,0.0000006,0.0025000
15,0.937500,0.1005072,0.4856612,1.1107010,0.000429,0.0000006,0.0025000
15,0.941667,0.1005063,0.4856611,1.1107030,0.000486,0.0000006,0.0025001
15,0.945833,0.1005054,0.4856610,1.1107040,0.000343,0.0000007,0.0025000
15,0.950000,0.1005046,0.4856609,1.1107060,0.000401,0.0000006,0.0025001
15,0.954167,0.1005039,0.4856609,1.1107070,0.000286,0.0000006,0.0025000
15,0.958333,0.1005032,0.4856608,1.1107080,0.000343,0.0000005,0.0025001
15,0.962500,0.1005026,0.4856606,1.1107090,0.000229,0.0000005,0.0025001
15,0.966667,0.1005020,0.4856605,1.1107110,0.000286,0.0000003,0.0025001
15,0.970833,0.1005016,0.4856604,1.1107110,0.000172,0.0000005,0.0025000
15,0.975000,0.1005011,0.4856603,1.1107120,0.000172,0.0000005,0.0025000
15,0.979167,0.1005008,0.4856601,1.1107120,0.000086,0.0000005,0.0025000
15,0.983333,0.1005005,0.4856600,1.1107130,0.000172,0.0000006,0.0025001
15,0.987500,0.1005003,0.4856598,1.1107130,0.000029,0.0000005,0.0025001
15,0.991667,0.1005001,0.4856596,1.1107130,0.000086,0.0000006,0.0025000
15,0.995833,0.1005000,0.4856595,1.1107130,-0.000029,0.0000006,0.0025000
15,1.000000,0.1005000,0.4856593,1.1107130,-0.000029,0.0000006,0.0025001
15,1.004167,0.1005000,0.4856591,1.1107130,-0.000086,0.0000006,0.0025001
15,1.008333,0.1005001,0.4856589,1.1107130,-0.000057,0.0000005,0.0025000
15,1.012500,0.1005003,0.4856587,1.1107120,-0.000172,0.0000006,0.0024999
15,1.016667,0.1005005,0.4856585,1.1107110,-0.000143,0.0000004,0.0025001
15,1.020833,0.1005008,0.4856583,1.1107110,-0.000200,0.0000005,0.0025001
15,1.025000,0.1005011,0.4856580,1.1107100,-0.000200,0.0000005,0.0025001
15,1.029167,0.1005016,0.4856578,1.1107090,-0.000257,0.0000004,0.0025000
15,1.033333,0.1005020,0.4856575,1.1107080,-0.000257,0.0000003,0.0024999
15,1.037500,0.1005026,0.4856573,1.1107060,-0.000372,0.0000005,0.0025001
15,1.041667,0.1005032,0.4856570,1.1107050,-0.000315,0.0000005,0.0025001
15,1.045833,0.1005039,0.4856568,1.1107030,-0.000429,0.0000005,0.0025001
15,1.050000,0.1005046,0.4856565,1.1107010,-0.000401,0.0000005,0.0025000
15,1.054167,0.1005054,0.4856561,1.1106990,-0.000515,0.0000006,0.0025000
15,1.058333,0.1005063,0.4856559,1.1106970,-0.000429,0.0000005,0.0025002
15,1.062500,0.1005072,0.4856555,1.1106950,-0.000544,0.0000006,0.0025001
15,1.066667,0.1005082,0.4856553,1.1106930,-0.000544,0.0000006,0.0025001
15,1.070833,0.1005093,0.4856549,1.1106900,-0.000601,0.0000007,0.0025000
15,1.075000,0.1005104,0.4856546,1.1106880,-0.000572,0.0000006,0.0025002
15,1.079167,0.1005116,0.4856542,1.1106850,-0.000658,0.0000007,0.0025002
15,1.083333,0.1005128,0.4856539,1.1106820,-0.000658,0.0000005,0.0025001
15,1.087500,0.1005141,0.4856535,1.1106790,-0.000772,0.0000005,0.0025002
15,1.091667,0.1005155,0.4856532,1.1106760,-0.000744,0.0000005,0.0025002
15,1.095833,0.1005170,0.4856527,1.1106730,-0.000772,0.0000005,0.0025002
15,1.100000,0.1005184,0.4856524,1.1106690,-0.000801,0.0000004,0.0025002
15,1.104167,0.1005200,0.4856520,1.1106660,-0.000858,0.0000005,0.0025002
15,1.108333,0.1005216,0.4856516,1.1106620,-0.000887,0.0000004,0.0025003
15,1.112500,0.1005234,0.4856512,1.1106580,-0.000944,0.0000005,0.0025001
15,1.116667,0.1005251,0.4856507,1.1106540,-0.000944,0.0000004,0.0025002
15,1.120833,0.1005269,0.4856503,1.1106500,-0.000973,0.0000005,0.0025002
15,1.125000,0.1005288,0.4856498,1.1106460,-0.001001,0.0000004,0.0025001
15,1.129167,0.1005308,0.4856493,1.1106420,-0.001059,0.0000005,0.0025000
15,1.133333,0.1005327,0.4856489,1.1106370,-0.001059,0.0000005,0.0025001
15,1.137500,0.1005348,0.4856485,1.1106330,-0.001144,0.0000004,0.0025001
15,1.141667,0.1005370,0.4856480,1.1106280,-0.001087,0.0000004,0.0025001
15,1.145833,0.1005392,0.4856475,1.1106230,-0.001230,0.0000004,0.0025001
15,1.150000,0.1005414,0.4856470,1.1106180,-0.001173,0.0000005,0.0025001
15,1.154167,0.1005438,0.4856465,1.1106130,-0.001230,0.0000005,0.0025000
15,1.158333,0.1005461,0.4856460,1.1106080,-0.001259,0.0000005,0.0025001
15,1.162500,0.1005486,0.4856455,1.1106020,-0.001287,0.0000005,0.0025002
15,1.166667,0.1005511,0.4856450,1.1105970,-0.001316,0.0000004,0.0025001
15,1.170833,0.1005537,0.4856444,1.1105910,-0.001373,0.0000005,0.0025001
15,1.175000,0.1005563,0.4856439,1.1105850,-0.001373,0.0000005,0.0025000
15,1.179167,0.1005590,0.4856434,1.1105790,-0.001431,0.0000005,0.0025000
15,1.183333,0.1005617,0.4856428,1.1105730,-0.001488,0.0000005,0.0025000
15,1.187500,0.1005646,0.4856422,1.1105670,-0.001488,0.0000005,0.0025000
15,1.191667,0.1005674,0.4856417,1.1105610,-0.001516,0.0000005,0.0024999
15,1.195833,0.1005704,0.4856411,1.1105540,-0.001545,0.0000006,0.0025000
15,1.200000,0.1005734,0.4856405,1.1105480,-0.001545,0.0000006,0.0024999
15,1.204167,0.1005765,0.4856399,1.1105410,-0.001631,0.0000005,0.0025000
15,1.208333,0.1005796,0.4856393,1.1105340,-0.001659,0.0000005,0.0025000
15,1.212500,0.1005828,0.4856387,1.1105270,-0.001688,0.0000006,0.0025000
15,1.216667,0.1005860,0.4856381,1.1105200,-0.001659,0.0000006,0.0025000
15,1.220833,0.1005894,0.4856375,1.1105130,-0.001745,0.0000005,0.0025001
15,1.225000,0.1005927,0.4856369,1.1105060,-0.001745,0.0000005,0.0025001
15,1.229167,0.1005961,0.4856363,1.1104980,-0.001802,0.0000005,0.0025002
15,1.233333,0.1005996,0.4856357,1.1104900,-0.001860,0.0000004,0.0025001
15,1.237500,0.1006032,0.4856350,1.1104830,-0.001860,0.0000005,0.0025002
15,1.241667,0.1006068,0.4856344,1.1104750,-0.001888,0.0000005,0.0025001
15,1.245833,0.1006104,0.4856338,1.1104670,-0.001917,0.0000005,0.0025000
15,1.250000,0.1006142,0.4856331,1.1104590,-0.001945,0.0000005,0.0025001
15,1.254167,0.1006180,0.4856324,1.1104500,-0.001974,0.0000005,0.0025001
15,1.258333,0.1006218,0.4856318,1.1104420,-0.001974,0.0000006,0.0025001
15,1.262500,0.1006257,0.4856311,1.1104340,-0.002031,0.0000005,0.0025001
15,1.266667,0.1006297,0.4856305,1.1104250,-0.002060,0.0000006,0.0025002
15,1.270833,0.1006337,0.4856297,1.1104160,-0.002117,0.0000006,0.0025001
15,1.275000,0.1006377,0.4856291,1.1104070,-0.002117,0.0000005,0.0025002
15,1.279167,0.1006419,0.4856284,1.1103980,-0.002174,0.0000006,0.0025000
15,1.283333,0.1006461,0.4856277,1.1103890,-0.002146,0.0000005,0.0025002
15,1.287500,0.1006504,0.4856271,1.1103800,-0.002232,0.0000007,0.0025001
15,1.291667,0.1006547,0.4856263,1.1103710,-0.002203,0.0000005,0.0025002
15,1.295833,0.1006591,0.4856257,1.1103610,-0.002289,0.0000006,0.0025001
15,1.300000,0.1006635,0.4856249,1.1103520,-0.002289,0.0000005,0.0025001
15,1.304167,0.1006680,0.4856243,1.1103420,-0.002317,0.0000007,0.0025000
15,1.308333,0.1006725,0.4856235,1.1103320,-0.002346,0.0000005,0.0025000
15,1.312500,0.1006771,0.4856228,1.1103220,-0.002403,0.0000006,0.0025000
15,1.316667,0.1006817,0.4856221,1.1103130,-0.002375,0.0000006,0.0025001
15,1.320833,0.1006865,0.4856214,1.1103020,-0.002460,0.0000007,0.0025000
15,1.325000,0.1006912,0.4856207,1.1102920,-0.002460,0.0000005,0.0025000
15,1.329167,0.1006961,0.4856200,1.1102820,-0.002489,0.0000007,0.0025001
15,1.333333,0.1007009,0.4856192,1.1102710,-0.002546,0.0000006,0.0025001
15,1.337500,0.1007059,0.4856185,1.1102610,-0.002518,0.0000006,0.0025000
15,1.341667,0.1007109,0.4856178,1.1102500,-0.002546,0.0000006,0.0025000
15,1.345833,0.1007159,0.4856170,1.1102390,-0.002604,0.0000005,0.0025001
15,1.350000,0.1007210,0.4856163,1.1102280,-0.002632,0.0000006,0.0025002
15,1.354167,0.1007262,0.4856156,1.1102170,-0.002661,0.0000005,0.0025001
15,1.358333,0.1007314,0.4856148,1.1102060,-0.002661,0.0000006,0.0025001
15,1.362500,0.1007367,0.4856141,1.1101950,-0.002747,0.0000005,0.0025000
15,1.366667,0.1007420,0.4856133,1.1101830,-0.002718,0.0000006,0.0025001
15,1.370833,0.1007474,0.4856126,1.1101720,-0.002747,0.0000006,0.0025001
15,1.375000,0.1007528,0.4856118,1.1101600,-0.002804,0.0000006,0.0025000
15,1.379167,0.1007583,0.4856111,1.1101490,-0.002775,0.0000006,0.0025000
15,1.383333,0.1007638,0.4856103,1.1101370,-0.002832,0.0000006,0.0025001
15,1.387500,0.1007694,0.4856095,1.1101250,-0.002890,0.0000006,0.0025001
15,1.391667,0.1007750,0.4856088,1.1101130,-0.002861,0.0000007,0.0025001
15,1.395833,0.1007807,0.4856080,1.1101000,-0.002975,0.0000006,0.0025000
15,1.400000,0.1007864,0.4856073,1.1100880,-0.002918,0.0000006,0.0025000
15,1.404167,0.1007923,0.4856065,1.1100760,-0.002975,0.0000007,0.0025000
15,1.408333,0.1007981,0.4856058,1.1100630,-0.002975,0.0000006,0.0025001
15,1.412500,0.1008040,0.4856050,1.1100510,-0.003004,0.0000007,0.0024999
15,1.416667,0.1008099,0.4856042,1.1100380,-0.003033,0.0000006,0.0025000
15,1.420833,0.1008160,0.4856034,1.1100250,-0.003090,0.0000006,0.0024999
15,1.425000,0.1008220,0.4856027,1.1100130,-0.003090,0.0000006,0.0025000
15,1.429167,0.1008281,0.4856019,1.1100000,-0.003119,0.0000006,0.0025000
15,1.433333,0.1008342,0.4856012,1.1099870,-0.003119,0.0000006,0.0025000
15,1.437500,0.1008405,0.4856004,1.1099730,-0.003176,0.0000005,0.0025000
15,1.441667,0.1008467,0.4855996,1.1099600,-0.003204,0.0000006,0.0024999
15,1.445833,0.1008530,0.4855988,1.1099470,-0.003204,0.0000006,0.0025000
15,1.450000,0.1008594,0.4855980,1.1099330,-0.003233,0.0000006,0.0025002
15,1.454167,0.1008658,0.4855973,1.1099190,-0.003290,0.0000005,0.0025000
15,1.458333,0.1008722,0.4855965,1.1099060,-0.003233,0.0000005,0.0025000
15,1.462500,0.1008787,0.4855957,1.1098920,-0.003290,0.0000006,0.0025001
15,1.466667,0.1008853,0.4855950,1.1098780,-0.003319,0.0000005,0.0025001
15,1.470833,0.1008919,0.4855942,1.1098640,-0.003347,0.0000005,0.0025001
15,1.475000,0.1008985,0.4855934,1.1098510,-0.003347,0.0000006,0.0025002
15,1.479167,0.1009052,0.4855926,1.1098360,-0.003462,0.0000006,0.0025000
15,1.483333,0.1009119,0.4855918,1.1098220,-0.003433,0.0000005,0.0025001
15,1.487500,0.1009187,0.4855910,1.1098070,-0.003433,0.0000005,0.0025001
15,1.491667,0.1009255,0.4855902,1.1097930,-0.003462,0.0000005,0.0025000
15,1.495833,0.1009324,0.4855895,1.1097790,-0.003490,0.0000005,0.0025000
15,1.500000,0.1009393,0.4855887,1.1097640,-0.003462,0.0000005,0.0025000
15,1.504167,0.1009463,0.4855879,1.1097490,-0.003576,0.0000005,0.0025000
15,1.508333,0.1009533,0.4855871,1.1097350,-0.003519,0.0000005,0.0024998
15,1.512500,0.1009604,0.4855863,1.1097200,-0.003605,0.0000006,0.0025000
15,1.516667,0.1009674,0.4855855,1.1097050,-0.003576,0.0000005,0.0024999
15,1.520833,0.1009746,0.4855847,1.1096890,-0.003662,0.0000006,0.0024999
15,1.525000,0.1009818,0.4855840,1.1096740,-0.003633,0.0000005,0.0025000
15,1.529167,0.1009890,0.4855832,1.1096590,-0.003662,0.0000005,0.0024999
15,1.533333,0.1009963,0.4855824,1.1096440,-0.003662,0.0000005,0.0025000
15,1.537500,0.1010036,0.4855816,1.1096280,-0.003691,0.0000005,0.0024999
15,1.541667,0.1010110,0.4855808,1.1096130,-0.003719,0.0000005,0.0024999
15,1.545833,0.1010184,0.4855800,1.1095970,-0.003748,0.0000006,0.0024999
15,1.550000,0.1010258,0.4855793,1.1095810,-0.003777,0.0000004,0.0025000
15,1.554167,0.1010333,0.4855785,1.1095660,-0.003748,0.0000005,0.0025001
15,1.558333,0.1010408,0.4855777,1.1095500,-0.003777,0.0000004,0.0025000
15,1.562500,0.1010484,0.4855769,1.1095340,-0.003862,0.0000005,0.0024999
15,1.566667,0.1010560,0.4855762,1.1095180,-0.003862,0.0000005,0.0025001
15,1.570833,0.1010637,0.4855753,1.1095020,-0.003862,0.0000005,0.0025000
15,1.575000,0.1010713,0.4855746,1.1094860,-0.003834,0.0000004,0.0025000
15,1.579167,0.1010791,0.4855738,1.1094700,-0.003920,0.0000005,0.0025000
15,1.583333,0.1010868,0.4855730,1.1094530,-0.003891,0.0000005,0.0025002
15,1.587500,0.1010947,0.4855722,1.1094370,-0.003920,0.0000005,0.0025001
15,1.591667,0.1011025,0.4855714,1.1094200,-0.003977,0.0000006,0.0025001
15,1.595833,0.1011104,0.4855706,1.1094040,-0.003977,0.0000005,0.0025001
15,1.600000,0.1011183,0.4855699,1.1093870,-0.003977,0.0000005,0.0025001
15,1.604167,0.1011263,0.4855691,1.1093710,-0.004005,0.0000006,0.0025002
15,1.608333,0.1011343,0.4855683,1.1093540,-0.004063,0.0000005,0.0025001
15,1.612500,0.1011423,0.4855676,1.1093370,-0.004005,0.0000005,0.0025000
15,1.616667,0.1011503,0.4855668,1.1093200,-0.004063,0.0000005,0.0025001
15,1.620833,0.1011585,0.4855660,1.1093030,-0.004091,0.0000006,0.0025001
15,1.625000,0.1011666,0.4855652,1.1092860,-0.004091,0.0000004,0.0025001
15,1.629167,0.1011748,0.4855645,1.1092690,-0.004120,0.0000005,0.0025000
15,1.633333,0.1011830,0.4855637,1.1092510,-0.004148,0.0000006,0.0025001
15,1.637500,0.1011913,0.4855629,1.1092340,-0.004120,0.0000006,0.0025001
15,1.641667,0.1011996,0.4855621,1.1092170,-0.004148,0.0000005,0.0025001
15,1.645833,0.1012079,0.4855613,1.1092000,-0.004206,0.0000005,0.0025000
15,1.650000,0.1012162,0.4855606,1.1091820,-0.004177,0.0000005,0.0025001
15,1.654167,0.1012246,0.4855598,1.1091640,-0.004234,0.0000005,0.0025000
15,1.658333,0.1012330,0.4855590,1.1091470,-0.004206,0.0000004,0.0025001
15,1.662500,0.1012415,0.4855583,1.1091290,-0.004263,0.0000004,0.0025001
15,1.666667,0.1012500,0.4855575,1.1091120,-0.004234,0.0000004,0.0025001
15,1.670833,0.1012585,0.4855567,1.1090940,-0.004292,0.0000004,0.0025000
15,1.675000,0.1012670,0.4855560,1.1090760,-0.004292,0.0000004,0.0025001
15,1.679167,0.1012756,0.4855552,1.1090580,-0.004320,0.0000003,0.0025000
15,1.683333,0.1012842,0.4855545,1.1090400,-0.004320,0.0000004,0.0025001
15,1.687500,0.1012929,0.4855537,1.1090220,-0.004320,0.0000006,0.0025000
15,1.691667,0.1013015,0.4855530,1.1090040,-0.004349,0.0000005,0.0024999
15,1.695833,0.1013103,0.4855522,1.1089860,-0.004349,0.0000006,0.0025000
15,1.700000,0.1013190,0.4855514,1.1089670,-0.004349,0.0000005,0.0025000
15,1.704167,0.1013278,0.4855507,1.1089490,-0.004406,0.0000006,0.0025001
15,1.708333,0.1013365,0.4855499,1.1089310,-0.004406,0.0000006,0.0024999
15,1.712500,0.1013454,0.4855492,1.1089120,-0.004406,0.0000005,0.0025000
15,1.716667,0.1013542,0.4855484,1.1088940,-0.004406,0.0000004,0.0025001
15,1.720833,0.1013631,0.4855477,1.1088750,-0.004463,0.0000005,0.0025001
15,1.725000,0.1013720,0.4855469,1.1088570,-0.004435,0.0000004,0.0025001
15,1.729167,0.1013809,0.4855462,1.1088380,-0.004463,0.0000005,0.0025000
15,1.733333,0.1013899,0.4855455,1.1088200,-0.004463,0.0000005,0.0025000
15,1.737500,0.1013989,0.4855447,1.1088010,-0.004492,0.0000005,0.0025001
15,1.741667,0.1014078,0.4855440,1.1087820,-0.004492,0.0000004,0.0025001
15,1.745833,0.1014169,0.4855432,1.1087630,-0.004549,0.0000004,0.0025000
15,1.750000,0.1014259,0.4855425,1.1087440,-0.004549,0.0000004,0.0025000
15,1.754167,0.1014350,0.4855417,1.1087260,-0.004520,0.0000005,0.0024999
15,1.758333,0.1014441,0.4855410,1.1087070,-0.004520,0.0000004,0.0024999
15,1.762500,0.1014533,0.4855403,1.1086880,-0.004578,0.0000004,0.0025000
15,1.766667,0.1014624,0.4855396,1.1086690,-0.004549,0.0000006,0.0025001
15,1.770833,0.1014716,0.4855388,1.1086490,-0.004606,0.0000006,0.0024999
15,1.775000,0.1014808,0.4855381,1.1086300,-0.004578,0.0000007,0.0025000
15,1.779167,0.1014900,0.4855374,1.1086110,-0.004606,0.0000016,0.0024999
15,1.783333,0.1014992,0.4855367,1.1085920,-0.004606,0.0000028,0.0024999
15,1.787500,0.1015085,0.4855359,1.1085730,-0.004606,0.0000033,0.0025001
15,1.791667,0.1015178,0.4855353,1.1085540,-0.004635,0.0000032,0.0025001
15,1.795833,0.1015271,0.4855345,1.1085340,-0.004635,0.0000019,0.0025000
15,1.800000,0.1015364,0.4855338,1.1085150,-0.004635,0.0000006,0.0025001
15,1.804167,0.1015458,0.4855331,1.1084950,-0.004692,0.0000019,0.0025001
15,1.808333,0.1015552,0.4855324,1.1084760,-0.004635,0.0000015,0.0025002
15,1.812500,0.1015646,0.4855317,1.1084570,-0.004663,0.0000005,0.0025001
15,1.816667,0.1015740,0.4855310,1.1084370,-0.004692,0.0000023,0.0025000
15,1.820833,0.1015834,0.4855303,1.1084180,-0.004692,0.0000040,0.0025000
15,1.825000,0.1015928,0.4855296,1.1083980,-0.004692,0.0000045,0.0025000
15,1.829167,0.1016023,0.4855289,1.1083780,-0.004721,0.0000033,0.0025000
15,1.833333,0.1016117,0.4855282,1.1083590,-0.004692,0.0000006,0.0025000
15,1.837500,0.1016212,0.4855275,1.1083390,-0.004749,0.0000042,0.0025000
15,1.841667,0.1016307,0.4855268,1.1083190,-0.004749,0.0000054,0.0025000
15,1.845833,0.1016403,0.4855261,1.1082990,-0.004721,0.0000049,0.0025000
15,1.850000,0.1016498,0.4855255,1.1082800,-0.004749,0.0000031,0.0025001
15,1.854167,0.1016594,0.4855248,1.1082600,-0.004749,0.0000010,0.0025000
15,1.858333,0.1016689,0.4855241,1.1082400,-0.004721,0.0000014,0.0025001
15,1.862500,0.1016785,0.4855234,1.1082200,-0.004778,0.0000018,0.0025000
15,1.866667,0.1016881,0.4855228,1.1082010,-0.004749,0.0000005,0.0025001
15,1.870833,0.1016977,0.4855221,1.1081810,-0.004778,0.0000039,0.0025001
15,1.875000,0.1017073,0.4855214,1.1081610,-0.004778,0.0000065,0.0025001
15,1.879167,0.1017170,0.4855208,1.1081410,-0.004807,0.0000078,0.0025002
15,1.883333,0.1017266,0.4855201,1.1081210,-0.004778,0.0000078,0.0025002
15,1.887500,0.1017363,0.4855194,1.1081010,-0.004835,0.0000065,0.0025002
15,1.891667,0.1017460,0.4855188,1.1080810,-0.004778,0.0000043,0.0025002
15,1.895833,0.1017556,0.4855181,1.1080610,-0.004807,0.0000021,0.0025001
15,1.900000,0.1017653,0.4855175,1.1080410,-0.004807,0.0000006,0.0025003
15,1.904167,0.1017750,0.4855168,1.1080210,-0.004807,0.0000009,0.0025001
15,1.908333,0.1017847,0.4855162,1.1080010,-0.004807,0.0000027,0.0025002
15,1.912500,0.1017945,0.4855155,1.1079800,-0.004835,0.0000051,0.0025001
15,1.916667,0.1018042,0.4855149,1.1079600,-0.004807,0.0000071,0.0025001
15,1.920833,0.1018139,0.4855143,1.1079400,-0.004835,0.0000079,0.0025001
15,1.925000,0.1018237,0.4855137,1.1079200,-0.004807,0.0000072,0.0025001
15,1.929167,0.1018334,0.4855130,1.1079000,-0.004835,0.0000047,0.0025001
15,1.933333,0.1018432,0.4855124,1.1078800,-0.004835,0.0000005,0.0025002
15,1.937500,0.1018530,0.4855117,1.1078600,-0.004864,0.0000028,0.0025001
15,1.941667,0.1018627,0.4855112,1.1078400,-0.004835,0.0000030,0.0025001
15,1.945833,0.1018725,0.4855105,1.1078190,-0.004835,0.0000016,0.0023179
15,1.950000,0.1018823,0.4855099,1.1077990,-0.004835,0.0000011,0.0020520
15,1.954167,0.1018921,0.4855093,1.1077790,-0.004864,0.0000032,0.0018009
15,1.958333,0.1019019,0.4855087,1.1077590,-0.004835,0.0000044,0.0015669
15,1.962500,0.1019117,0.4855081,1.1077390,-0.004864,0.0000037,0.0013523
15,1.966667,0.1019215,0.4855075,1.1077180,-0.004864,0.0000005,0.0011594
15,1.970833,0.1019313,0.4855069,1.1076980,-0.004835,0.0000033,0.0009872
15,1.975000,0.1019411,0.4855063,1.1076780,-0.004835,0.0000048,0.0008324
15,1.979167,0.1019509,0.4855057,1.1076580,-0.004864,0.0000047,0.0006937
15,1.983333,0.1019607,0.4855051,1.1076380,-0.004835,0.0000036,0.0005706
15,1.987500,0.1019705,0.4855046,1.1076170,-0.004864,0.0000018,0.0004612
15,1.991667,0.1019803,0.4855040,1.1075970,-0.004864,0.0000004,0.0003653
15,1.995833,0.1019902,0.4855034,1.1075770,-0.004835,0.0000010,0.0002816
15,2.000000,0.1020000,0.4855028,1.1075570,-0.004835,0.0000006,0.0002094
15,2.004167,0.1020098,0.4855022,1.1075370,-0.004835,0.0000009,0.0001466
15,2.008333,0.1020196,0.4855017,1.1075160,-0.004864,0.0000018,0.0000933
15,2.012500,0.1020294,0.4855011,1.1074960,-0.004864,0.0000024,0.0000512
15,2.016667,0.1020392,0.4855006,1.1074760,-0.004835,0.0000025,0.0000219
15,2.020833,0.1020491,0.4855001,1.1074560,-0.004835,0.0000024,0.0000073
15,2.025000,0.1020589,0.4854995,1.1074360,-0.004835,0.0000020,0.0000092
15,2.029167,0.1020687,0.4854989,1.1074160,-0.004835,0.0000009,0.0000287
15,2.033333,0.1020785,0.4854984,1.1073950,-0.004835,0.0000007,0.0000683
15,2.037500,0.1020883,0.4854979,1.1073750,-0.004835,0.0000010,0.0001188
15,2.041667,0.1020981,0.4854974,1.1073550,-0.004835,0.0000066,0.0001747
15,2.045833,0.1021079,0.4854968,1.1073350,-0.004807,0.0000137,0.0002430
15,2.050000,0.1021176,0.4854963,1.1073150,-0.004835,0.0000200,0.0003310
15,2.054167,0.1021274,0.4854958,1.1072950,-0.004835,0.0000235,0.0004461
15,2.058333,0.1021372,0.4854952,1.1072750,-0.004864,0.0000220,0.0005957
15,2.062500,0.1021470,0.4854947,1.1072550,-0.004778,0.0000144,0.0007883
15,2.066667,0.1021568,0.4854942,1.1072350,-0.004807,0.0000006,0.0010318
15,2.070833,0.1021665,0.4854937,1.1072150,-0.004778,0.0000145,0.0013388
15,2.075000,0.1021763,0.4854932,1.1071950,-0.004807,0.0000204,0.0017089
15,2.079167,0.1021860,0.4854927,1.1071750,-0.004807,0.0000197,0.0021321
15,2.083333,0.1021958,0.4854922,1.1071550,-0.004807,0.0000141,0.0025002
15,2.087500,0.1022055,0.4854917,1.1071350,-0.004807,0.0000061,0.0025001
15,2.091667,0.1022152,0.4854912,1.1071150,-0.004778,0.0000027,0.0025001
15,2.095833,0.1022249,0.4854907,1.1070950,-0.004807,0.0000056,0.0025001
15,2.100000,0.1022346,0.4854903,1.1070750,-0.004721,0.0000006,0.0025002
15,2.104167,0.1022443,0.4854898,1.1070550,-0.004778,0.0000155,0.0025001
15,2.108333,0.1022540,0.4854893,1.1070350,-0.004778,0.0000314,0.0025002
15,2.112500,0.1022637,0.4854888,1.1070150,-0.004721,0.0000434,0.0025002
15,2.116667,0.1022733,0.4854884,1.1069960,-0.004721,0.0000486,0.0025000
15,2.120833,0.1022830,0.4854879,1.1069760,-0.004778,0.0000457,0.0025001
15,2.125000,0.1022926,0.4854875,1.1069560,-0.004778,0.0000350,0.0025000
15,2.129167,0.1023022,0.4854870,1.1069360,-0.004692,0.0000187,0.0025001
15,2.133333,0.1023118,0.4854866,1.1069170,-0.004721,0.0000005,0.0025000
15,2.137500,0.1023214,0.4854861,1.1068970,-0.004692,0.0000111,0.0025000
15,2.141667,0.1023310,0.4854857,1.1068780,-0.004692,0.0000127,0.0025000
15,2.145833,0.1023406,0.4854853,1.1068580,-0.004721,0.0000082,0.0025000
15,2.150000,0.1023501,0.4854849,1.1068380,-0.004692,0.0000018,0.0025000
15,2.154167,0.1023597,0.4854845,1.1068190,-0.004663,0.0000067,0.0025001
15,2.158333,0.1023692,0.4854840,1.1068000,-0.004663,0.0000107,0.0025000
15,2.162500,0.1023787,0.4854836,1.1067800,-0.004692,0.0000095,0.0024999
15,2.166667,0.1023882,0.4854832,1.1067610,-0.004635,0.0000006,0.0025001
15,2.170833,0.1023977,0.4854828,1.1067410,-0.004663,0.0000110,0.0025000
15,2.175000,0.1024071,0.4854824,1.1067220,-0.004606,0.0000168,0.0025000
15,2.179167,0.1024166,0.4854820,1.1067030,-0.004635,0.0000180,0.0024999
15,2.183333,0.1024260,0.4854816,1.1066840,-0.004606,0.0000156,0.0025001
15,2.187500,0.1024354,0.4854812,1.1066650,-0.004578,0.0000109,0.0025001
15,2.191667,0.1024448,0.4854809,1.1066450,-0.004606,0.0000054,0.0025002
15,2.195833,0.1024541,0.4854805,1.1066260,-0.004578,0.0000013,0.0025001
15,2.200000,0.1024635,0.4854801,1.1066070,-0.004606,0.0000006,0.0025001
15,2.204167,0.1024728,0.4854797,1.1065880,-0.004578,0.0000005,0.0025001
15,2.208333,0.1024821,0.4854794,1.1065690,-0.004549,0.0000007,0.0025000
15,2.212500,0.1024914,0.4854790,1.1065500,-0.004549,0.0000007,0.0025000
15,2.216667,0.1025007,0.4854786,1.1065310,-0.004549,0.0000006,0.0025001
15,2.220833,0.1025099,0.4854783,1.1065120,-0.004520,0.0000004,0.0025001
15,2.225000,0.1025191,0.4854780,1.1064930,-0.004520,0.0000004,0.0025001
15,2.229167,0.1025283,0.4854776,1.1064750,-0.004492,0.0000006,0.0025000
15,2.233333,0.1025375,0.4854773,1.1064560,-0.004492,0.0000006,0.0025001
15,2.237500,0.1025467,0.4854770,1.1064380,-0.004435,0.0000006,0.0025001
15,2.241667,0.1025558,0.4854766,1.1064190,-0.004463,0.0000003,0.0025001
15,2.245833,0.1025649,0.4854763,1.1064000,-0.004463,0.0000004,0.0025001
15,2.250000,0.1025740,0.4854760,1.1063820,-0.004435,0.0000004,0.0025000
15,2.254167,0.1025830,0.4854757,1.1063640,-0.004406,0.0000004,0.0025000
15,2.258333,0.1025921,0.4854753,1.1063450,-0.004435,0.0000004,0.0024999
15,2.262500,0.1026011,0.4854750,1.1063270,-0.004406,0.0000004,0.0024999
15,2.266667,0.1026101,0.4854747,1.1063090,-0.004349,0.0000005,0.0025000
15,2.270833,0.1026190,0.4854744,1.1062900,-0.004377,0.0000006,0.0025001
15,2.275000,0.1026280,0.4854742,1.1062720,-0.004377,0.0000007,0.0025000
15,2.279167,0.1026368,0.4854739,1.1062540,-0.004320,0.0000017,0.0025001
15,2.283333,0.1026457,0.4854736,1.1062360,-0.004349,0.0000026,0.0025000
15,2.287500,0.1026546,0.4854733,1.1062180,-0.004292,0.0000032,0.0024999
15,2.291667,0.1026634,0.4854730,1.1062000,-0.004292,0.0000031,0.0025001
15,2.295833,0.1026722,0.4854728,1.1061820,-0.004292,0.0000019,0.0025000
15,2.300000,0.1026810,0.4854725,1.1061640,-0.004292,0.0000006,0.0025001
15,2.304167,0.1026897,0.4854723,1.1061470,-0.004234,0.0000020,0.0025000
15,2.308333,0.1026984,0.4854720,1.1061290,-0.004206,0.0000015,0.0025000
15,2.312500,0.1027071,0.4854718,1.1061120,-0.004234,0.0000005,0.0025000
15,2.316667,0.1027157,0.4854715,1.1060940,-0.004206,0.0000023,0.0025000
15,2.320833,0.1027243,0.4854712,1.1060770,-0.004206,0.0000040,0.0025001
15,2.325000,0.1027329,0.4854710,1.1060590,-0.004177,0.0000045,0.0025001
15,2.329167,0.1027414,0.4854708,1.1060420,-0.004177,0.0000033,0.0025000
15,2.333333,0.1027500,0.4854705,1.1060250,-0.004148,0.0000005,0.0025000
15,2.337500,0.1027584,0.4854703,1.1060070,-0.004148,0.0000042,0.0025000
15,2.341667,0.1027669,0.4854701,1.1059900,-0.004063,0.0000054,0.0025001
15,2.345833,0.1027753,0.4854699,1.1059730,-0.004091,0.0000048,0.0025000
15,2.350000,0.1027837,0.4854696,1.1059560,-0.004091,0.0000032,0.0025001
15,2.354167,0.1027921,0.4854695,1.1059390,-0.004063,0.0000009,0.0025000
15,2.358333,0.1028004,0.4854693,1.1059220,-0.004063,0.0000014,0.0025001
15,2.362500,0.1028087,0.4854690,1.1059060,-0.004034,0.0000017,0.0025000
15,2.366667,0.1028169,0.4854689,1.1058890,-0.003977,0.0000006,0.0025000
15,2.370833,0.1028251,0.4854686,1.1058720,-0.004005,0.0000041,0.0025000
15,2.375000,0.1028333,0.4854684,1.1058560,-0.003977,0.0000067,0.0025000
15,2.379167,0.1028414,0.4854682,1.1058390,-0.003948,0.0000080,0.0024999
15,2.383333,0.1028496,0.4854681,1.1058230,-0.003948,0.0000078,0.0025001
15,2.387500,0.1028576,0.4854679,1.1058060,-0.003920,0.0000065,0.0024999
15,2.391667,0.1028657,0.4854677,1.1057900,-0.003891,0.0000045,0.0025000
15,2.395833,0.1028737,0.4854676,1.1057740,-0.003834,0.0000022,0.0025000
15,2.400000,0.1028816,0.4854674,1.1057580,-0.003862,0.0000006,0.0025001
15,2.404167,0.1028896,0.4854672,1.1057420,-0.003862,0.0000009,0.0025000
15,2.408333,0.1028975,0.4854671,1.1057260,-0.003862,0.0000029,0.0025000
15,2.412500,0.1029053,0.4854670,1.1057100,-0.003777,0.0000052,0.0025000
15,2.416667,0.1029131,0.4854668,1.1056940,-0.003805,0.0000072,0.0025000
15,2.420833,0.1029209,0.4854667,1.1056790,-0.003748,0.0000080,0.0025001
15,2.425000,0.1029286,0.4854665,1.1056630,-0.003748,0.0000072,0.0025001
15,2.429167,0.1029363,0.4854663,1.1056480,-0.003748,0.0000047,0.0025000
15,2.433333,0.1029439,0.4854662,1.1056320,-0.003691,0.0000006,0.0025001
15,2.437500,0.1029515,0.4854661,1.1056170,-0.003662,0.0000027,0.0025000
15,2.441667,0.1029591,0.4854660,1.1056020,-0.003662,0.0000031,0.0025000
15,2.445833,0.1029666,0.4854658,1.1055870,-0.003633,0.0000016,0.0023176
15,2.450000,0.1029741,0.4854657,1.1055710,-0.003662,0.0000010,0.0020520
15,2.454167,0.1029816,0.4854656,1.1055560,-0.003576,0.0000032,0.0018008
15,2.458333,0.1029890,0.4854655,1.1055410,-0.003576,0.0000044,0.0015668
15,2.462500,0.1029963,0.4854654,1.1055270,-0.003576,0.0000037,0.0013523
15,2.466667,0.1030037,0.4854653,1.1055120,-0.003519,0.0000005,0.0011594
15,2.470833,0.1030109,0.4854651,1.1054970,-0.003519,0.0000031,0.0009870
15,2.475000,0.1030182,0.4854650,1.1054830,-0.003490,0.0000049,0.0008324
15,2.479167,0.1030253,0.4854650,1.1054680,-0.003462,0.0000048,0.0006939
15,2.483333,0.1030325,0.4854648,1.1054540,-0.003462,0.0000035,0.0005704
15,2.487500,0.1030396,0.4854648,1.1054400,-0.003433,0.0000018,0.0004614
15,2.491667,0.1030466,0.4854647,1.1054250,-0.003433,0.0000004,0.0003653
15,2.495833,0.1030536,0.4854646,1.1054110,-0.003376,0.0000010,0.0002815
15,2.500000,0.1030606,0.4854645,1.1053970,-0.003347,0.0000007,0.0002092
15,2.504167,0.1030675,0.4854644,1.1053830,-0.003347,0.0000009,0.0001465
15,2.508333,0.1030744,0.4854643,1.1053690,-0.003347,0.0000019,0.0000934
15,2.512500,0.1030812,0.4854642,1.1053560,-0.003262,0.0000023,0.0000511
15,2.516667,0.1030880,0.4854642,1.1053420,-0.003262,0.0000026,0.0000220
15,2.520833,0.1030947,0.4854641,1.1053290,-0.003262,0.0000025,0.0000074
15,2.525000,0.1031014,0.4854640,1.1053150,-0.003233,0.0000018,0.0000090
15,2.529167,0.1031081,0.4854640,1.1053020,-0.003204,0.0000009,0.0000286
15,2.533333,0.1031147,0.4854639,1.1052880,-0.003204,0.0000007,0.0000682
15,2.537500,0.1031212,0.4854638,1.1052750,-0.003119,0.0000010,0.0001188
15,2.541667,0.1031277,0.4854637,1.1052620,-0.003176,0.0000065,0.0001746
15,2.545833,0.1031342,0.4854637,1.1052490,-0.003061,0.0000137,0.0002431
15,2.550000,0.1031406,0.4854636,1.1052370,-0.003090,0.0000200,0.0003312
15,2.554167,0.1031469,0.4854636,1.1052240,-0.003090,0.0000235,0.0004462
15,2.558333,0.1031532,0.4854636,1.1052110,-0.003061,0.0000221,0.0005960
15,2.562500,0.1031595,0.4854635,1.1051980,-0.003004,0.0000143,0.0007881
15,2.566667,0.1031657,0.4854634,1.1051860,-0.002975,0.0000006,0.0010319
15,2.570833,0.1031718,0.4854634,1.1051740,-0.002975,0.0000145,0.0013387
15,2.575000,0.1031780,0.4854633,1.1051610,-0.002947,0.0000206,0.0017086
15,2.579167,0.1031840,0.4854633,1.1051490,-0.002918,0.0000198,0.0021321
15,2.583333,0.1031900,0.4854632,1.1051370,-0.002918,0.0000143,0.0025001
15,2.587500,0.1031959,0.4854632,1.1051250,-0.002804,0.0000061,0.0025000
15,2.591667,0.1032019,0.4854632,1.1051130,-0.002861,0.0000028,0.0025001
15,2.595833,0.1032077,0.4854631,1.1051020,-0.002804,0.0000056,0.0025001
15,2.600000,0.1032135,0.4854631,1.1050900,-0.002804,0.0000005,0.0025000
15,2.604167,0.1032192,0.4854631,1.1050790,-0.002747,0.0000153,0.0024999
15,2.608333,0.1032249,0.4854630,1.1050670,-0.002718,0.0000313,0.0025001
15,2.612500,0.1032305,0.4854629,1.1050560,-0.002747,0.0000436,0.0025000
15,2.616667,0.1032362,0.4854629,1.1050450,-0.002689,0.0000487,0.0025000
15,2.620833,0.1032417,0.4854629,1.1050340,-0.002661,0.0000458,0.0025000
15,2.625000,0.1032472,0.4854629,1.1050230,-0.002632,0.0000351,0.0025000
15,2.629167,0.1032526,0.4854628,1.1050120,-0.002604,0.0000189,0.0025000
15,2.633333,0.1032580,0.4854628,1.1050010,-0.002604,0.0000005,0.0025001
15,2.637500,0.1032633,0.4854628,1.1049900,-0.002575,0.0000112,0.0025000
15,2.641667,0.1032685,0.4854628,1.1049800,-0.002546,0.0000128,0.0025000
15,2.645833,0.1032737,0.4854628,1.1049690,-0.002518,0.0000082,0.0025000
15,2.650000,0.1032789,0.4854628,1.1049590,-0.002460,0.0000017,0.0025001
15,2.654167,0.1032840,0.4854627,1.1049490,-0.002403,0.0000067,0.0025002
15,2.658333,0.1032891,0.4854627,1.1049390,-0.002460,0.0000107,0.0025001
15,2.662500,0.1032941,0.4854627,1.1049290,-0.002375,0.0000095,0.0025000
15,2.666667,0.1032990,0.4854627,1.1049190,-0.002403,0.0000004,0.0025002
15,2.670833,0.1033039,0.4854627,1.1049090,-0.002346,0.0000110,0.0025000
15,2.675000,0.1033087,0.4854627,1.1048990,-0.002317,0.0000169,0.0025001
15,2.679167,0.1033135,0.4854627,1.1048900,-0.002260,0.0000181,0.0025002
15,2.683333,0.1033182,0.4854626,1.1048800,-0.002289,0.0000157,0.0025001
15,2.687500,0.1033228,0.4854626,1.1048710,-0.002232,0.0000107,0.0025001
15,2.691667,0.1033274,0.4854626,1.1048620,-0.002232,0.0000055,0.0025001
15,2.695833,0.1033320,0.4854626,1.1048530,-0.002174,0.0000011,0.0025000
15,2.700000,0.1033365,0.4854626,1.1048430,-0.002174,0.0000007,0.0025001
15,2.704167,0.1033409,0.4854625,1.1048350,-0.002089,0.0000005,0.0025001
15,2.708333,0.1033453,0.4854625,1.1048260,-0.002117,0.0000007,0.0025000
15,2.712500,0.1033496,0.4854625,1.1048170,-0.002089,0.0000007,0.0025001
15,2.716667,0.1033539,0.4854625,1.1048090,-0.002031,0.0000005,0.0025001
15,2.720833,0.1033580,0.4854625,1.1048000,-0.002031,0.0000005,0.0025000
15,2.725000,0.1033622,0.4854625,1.1047920,-0.001974,0.0000005,0.0025000
15,2.729167,0.1033662,0.4854625,1.1047840,-0.001917,0.0000004,0.0025002
15,2.733333,0.1033703,0.4854625,1.1047760,-0.001974,0.0000005,0.0025001
15,2.737500,0.1033742,0.4854625,1.1047680,-0.001888,0.0000005,0.0025001
15,2.741667,0.1033782,0.4854625,1.1047600,-0.001888,0.0000005,0.0025001
15,2.745833,0.1033820,0.4854624,1.1047530,-0.001831,0.0000003,0.0025000
15,2.750000,0.1033858,0.4854624,1.1047450,-0.001831,0.0000004,0.0025002
15,2.754167,0.1033895,0.4854624,1.1047370,-0.001802,0.0000004,0.0025001
15,2.758333,0.1033932,0.4854624,1.1047300,-0.001774,0.0000004,0.0025002
15,2.762500,0.1033968,0.4854624,1.1047230,-0.001717,0.0000004,0.0025001
15,2.766667,0.1034003,0.4854624,1.1047160,-0.001717,0.0000005,0.0025002
15,2.770833,0.1034038,0.4854624,1.1047090,-0.001659,0.0000005,0.0025002
15,2.775000,0.1034072,0.4854624,1.1047020,-0.001659,0.0000005,0.0025002
15,2.779167,0.1034106,0.4854624,1.1046950,-0.001631,0.0000016,0.0025001
15,2.783333,0.1034139,0.4854624,1.1046890,-0.001574,0.0000026,0.0025001
15,2.787500,0.1034171,0.4854624,1.1046820,-0.001545,0.0000031,0.0025002
15,2.791667,0.1034204,0.4854624,1.1046760,-0.001545,0.0000030,0.0025002
15,2.795833,0.1034235,0.4854624,1.1046700,-0.001459,0.0000019,0.0025001
15,2.800000,0.1034266,0.4854624,1.1046630,-0.001516,0.0000006,0.0025002
15,2.804167,0.1034295,0.4854624,1.1046570,-0.001431,0.0000020,0.0025001
15,2.808333,0.1034325,0.4854624,1.1046510,-0.001431,0.0000017,0.0025002
15,2.812500,0.1034354,0.4854624,1.1046460,-0.001373,0.0000005,0.0025001
15,2.816667,0.1034382,0.4854624,1.1046400,-0.001373,0.0000022,0.0025001
15,2.820833,0.1034409,0.4854624,1.1046350,-0.001287,0.0000039,0.0025000
15,2.825000,0.1034436,0.4854624,1.1046290,-0.001316,0.0000045,0.0025001
15,2.829167,0.1034462,0.4854624,1.1046240,-0.001287,0.0000032,0.0024998
15,2.833333,0.1034489,0.4854624,1.1046180,-0.001259,0.0000006,0.0025000
15,2.837500,0.1034513,0.4854624,1.1046140,-0.001144,0.0000042,0.0024999
15,2.841667,0.1034538,0.4854624,1.1046090,-0.001202,0.0000055,0.0025000
15,2.845833,0.1034562,0.4854624,1.1046040,-0.001116,0.0000049,0.0025000
15,2.850000,0.1034585,0.4854624,1.1045990,-0.001144,0.0000031,0.0025001
15,2.854167,0.1034608,0.4854624,1.1045950,-0.001059,0.0000010,0.0025001
15,2.858333,0.1034630,0.4854624,1.1045900,-0.001059,0.0000013,0.0025001
15,2.862500,0.1034651,0.4854624,1.1045860,-0.001030,0.0000018,0.0025001
15,2.866667,0.1034672,0.4854624,1.1045820,-0.001001,0.0000005,0.0025002
15,2.870833,0.1034692,0.4854624,1.1045780,-0.000973,0.0000039,0.0025001
15,2.875000,0.1034711,0.4854624,1.1045740,-0.000944,0.0000065,0.0025001
15,2.879167,0.1034730,0.4854624,1.1045700,-0.000858,0.0000077,0.0025001
15,2.883333,0.1034748,0.4854624,1.1045670,-0.000916,0.0000078,0.0025000
15,2.887500,0.1034766,0.4854624,1.1045630,-0.000830,0.0000064,0.0025002
15,2.891667,0.1034783,0.4854624,1.1045600,-0.000801,0.0000043,0.0025001
15,2.895833,0.1034799,0.4854624,1.1045560,-0.000801,0.0000022,0.0025000
15,2.900000,0.1034815,0.4854624,1.1045530,-0.000744,0.0000004,0.0025002
15,2.904167,0.1034830,0.4854624,1.1045500,-0.000715,0.0000008,0.0025001
15,2.908333,0.1034844,0.4854624,1.1045470,-0.000715,0.0000027,0.0025001
15,2.912500,0.1034858,0.4854624,1.1045450,-0.000629,0.0000052,0.0025000
15,2.916667,0.1034871,0.4854624,1.1045420,-0.000658,0.0000071,0.0025001
15,2.920833,0.1034884,0.4854624,1.1045400,-0.000544,0.0000078,0.0025001
15,2.925000,0.1034896,0.4854624,1.1045370,-0.000629,0.0000072,0.0025001
15,2.929167,0.1034907,0.4854624,1.1045350,-0.000515,0.0000047,0.0025000
15,2.933333,0.1034917,0.4854624,1.1045330,-0.000515,0.0000005,0.0025000
15,2.937500,0.1034927,0.4854624,1.1045310,-0.000458,0.0000028,0.0025001
15,2.941667,0.1034937,0.4854624,1.1045290,-0.000486,0.0000031,0.0025000
15,2.945833,0.1034945,0.4854624,1.1045270,-0.000372,0.0000015,0.0023176
15,2.950000,0.1034954,0.4854624,1.1045260,-0.000401,0.0000010,0.0020520
15,2.954167,0.1034961,0.4854624,1.1045240,-0.000343,0.0000033,0.0018009
15,2.958333,0.1034967,0.4854624,1.1045230,-0.000343,0.0000044,0.0015668
15,2.962500,0.1034973,0.4854624,1.1045220,-0.000286,0.0000038,0.0013522
15,2.966667,0.1034979,0.4854624,1.1045210,-0.000257,0.0000006,0.0011592
15,2.970833,0.1034984,0.4854624,1.1045200,-0.000229,0.0000032,0.0009871
15,2.975000,0.1034988,0.4854624,1.1045190,-0.000229,0.0000049,0.0008324
15,2.979167,0.1034991,0.4854624,1.1045180,-0.000143,0.0000048,0.0006939
15,2.983333,0.1034995,0.4854624,1.1045180,-0.000114,0.0000035,0.0005704
15,2.987500,0.1034997,0.4854624,1.1045170,-0.000114,0.0000018,0.0004614
15,2.991667,0.1034998,0.4854624,1.1045170,-0.000086,0.0000004,0.0003653
15,2.995833,0.1034999,0.4854624,1.1045170,-0.000029,0.0000009,0.0002816
15,3.000000,0.1035000,0.4854624,1.1045160,-0.000057,0.0000005,0.0002094
15,3.004167,0.1034999,0.4854624,1.1045170,0.000057,0.0000009,0.0001467
15,3.008333,0.1034998,0.4854624,1.1045170,0.000029,0.0000018,0.0000933
15,3.012500,0.1034997,0.4854624,1.1045170,0.000086,0.0000024,0.0000512
15,3.016667,0.1034995,0.4854624,1.1045180,0.000114,0.0000026,0.0000220
15,3.020833,0.1034991,0.4854624,1.1045180,0.000114,0.0000025,0.0000073
15,3.025000,0.1034988,0.4854624,1.1045190,0.000143,0.0000020,0.0000091
15,3.029167,0.1034984,0.4854624,1.1045200,0.000229,0.0000011,0.0000287
15,3.033333,0.1034979,0.4854624,1.1045210,0.000229,0.0000007,0.0000683
15,3.037500,0.1034973,0.4854624,1.1045220,0.000257,0.0000012,0.0001187
15,3.041667,0.1034967,0.4854624,1.1045230,0.000286,0.0000067,0.0001747
15,3.045833,0.1034961,0.4854624,1.1045240,0.000343,0.0000138,0.0002432
15,3.050000,0.1034954,0.4854624,1.1045260,0.000343,0.0000202,0.0003312
15,3.054167,0.1034945,0.4854624,1.1045270,0.000401,0.0000237,0.0004463
15,3.058333,0.1034937,0.4854624,1.1045290,0.000372,0.0000222,0.0005960
15,3.062500,0.1034927,0.4854624,1.1045310,0.000486,0.0000144,0.0007884
15,3.066667,0.1034917,0.4854624,1.1045330,0.000458,0.0000007,0.0010318
15,3.070833,0.1034907,0.4854624,1.1045350,0.000515,0.0000147,0.0013386
15,3.075000,0.1034896,0.4854624,1.1045370,0.000515,0.0000207,0.0017086
15,3.079167,0.1034884,0.4854624,1.1045400,0.000629,0.0000202,0.0021318
15,3.083333,0.1034871,0.4854624,1.1045420,0.000544,0.0000146,0.0025001
15,3.087500,0.1034858,0.4854624,1.1045450,0.000658,0.0000064,0.0025000
15,3.091667,0.1034844,0.4854624,1.1045470,0.000629,0.0000027,0.0025001
15,3.095833,0.1034830,0.4854624,1.1045500,0.000715,0.0000055,0.0025000
15,3.100000,0.1034815,0.4854624,1.1045530,0.000715,0.0000007,0.0025002
15,3.104167,0.1034799,0.4854624,1.1045560,0.000744,0.0000155,0.0025000
15,3.108333,0.1034783,0.4854624,1.1045600,0.000801,0.0000314,0.0025001
15,3.112500,0.1034766,0.4854624,1.1045630,0.000801,0.0000437,0.0025002
15,3.116667,0.1034748,0.4854624,1.1045670,0.000830,0.0000491,0.0025000
15,3.120833,0.1034730,0.4854624,1.1045700,0.000916,0.0000462,0.0025001
15,3.125000,0.1034711,0.4854624,1.1045740,0.000858,0.0000352,0.0025001
15,3.129167,0.1034692,0.4854624,1.1045780,0.000944,0.0000189,0.0025001
15,3.133333,0.1034672,0.4854624,1.1045820,0.000973,0.0000006,0.0025002
15,3.137500,0.1034651,0.4854624,1.1045860,0.001001,0.0000112,0.0025001
15,3.141667,0.1034630,0.4854624,1.1045900,0.001030,0.0000130,0.0025001
15,3.145833,0.1034608,0.4854624,1.1045950,0.001059,0.0000083,0.0025001
15,3.150000,0.1034585,0.4854624,1.1045990,0.001059,0.0000018,0.0025001
15,3.154167,0.1034562,0.4854624,1.1046040,0.001144,0.0000065,0.0025000
15,3.158333,0.1034538,0.4854624,1.1046090,0.001116,0.0000108,0.0025000
15,3.162500,0.1034513,0.4854624,1.1046140,0.001202,0.0000095,0.0024999
15,3.166667,0.1034489,0.4854624,1.1046180,0.001144,0.0000005,0.0025000
15,3.170833,0.1034462,0.4854624,1.1046240,0.001259,0.0000109,0.0024998
15,3.175000,0.1034436,0.4854624,1.1046290,0.001287,0.0000170,0.0025001
15,3.179167,0.1034409,0.4854624,1.1046350,0.001316,0.0000181,0.0025000
15,3.183333,0.1034382,0.4854624,1.1046400,0.001287,0.0000156,0.0025001
15,3.187500,0.1034353,0.4854624,1.1046460,0.001402,0.0000110,0.0025001
15,3.191667,0.1034325,0.4854624,1.1046510,0.001345,0.0000053,0.0025002
15,3.195833,0.1034295,0.4854624,1.1046570,0.001431,0.0000010,0.0025001
15,3.200000,0.1034266,0.4854624,1.1046630,0.001431,0.0000006,0.0025002
15,3.204167,0.1034235,0.4854624,1.1046700,0.001516,0.0000004,0.0025001
15,3.208333,0.1034204,0.4854624,1.1046760,0.001459,0.0000006,0.0025002
15,3.212500,0.1034171,0.4854624,1.1046820,0.001545,0.0000007,0.0025002
15,3.216667,0.1034139,0.4854624,1.1046890,0.001545,0.0000006,0.0025001
15,3.220833,0.1034106,0.4854624,1.1046950,0.001574,0.0000005,0.0025001
15,3.225000,0.1034072,0.4854624,1.1047020,0.001631,0.0000005,0.0025002
15,3.229167,0.1034038,0.4854624,1.1047090,0.001659,0.0000005,0.0025002
15,3.233333,0.1034003,0.4854624,1.1047160,0.001659,0.0000005,0.0025002
15,3.237500,0.1033968,0.4854624,1.1047230,0.001717,0.0000006,0.0025001
15,3.241667,0.1033932,0.4854624,1.1047300,0.001717,0.0000005,0.0025002
15,3.245833,0.1033895,0.4854624,1.1047370,0.001774,0.0000004,0.0025001
15,3.250000,0.1033858,0.4854624,1.1047450,0.001802,0.0000004,0.0025002
15,3.254167,0.1033820,0.4854624,1.1047530,0.001831,0.0000005,0.0025000
15,3.258333,0.1033782,0.4854625,1.1047600,0.001831,0.0000004,0.0025001
15,3.262500,0.1033742,0.4854625,1.1047680,0.001888,0.0000004,0.0025001
15,3.266667,0.1033703,0.4854625,1.1047760,0.001888,0.0000005,0.0025001
15,3.270833,0.1033662,0.4854625,1.1047840,0.001974,0.0000004,0.0025002
15,3.275000,0.1033622,0.4854625,1.1047920,0.001917,0.0000007,0.0025000
15,3.279167,0.1033580,0.4854625,1.1048000,0.002003,0.0000016,0.0025001
15,3.283333,0.1033539,0.4854625,1.1048090,0.002003,0.0000027,0.0025001
15,3.287500,0.1033496,0.4854625,1.1048170,0.002031,0.0000032,0.0025001
15,3.291667,0.1033453,0.4854625,1.1048260,0.002089,0.0000031,0.0025000
15,3.295833,0.1033409,0.4854626,1.1048350,0.002117,0.0000020,0.0025001
15,3.300000,0.1033365,0.4854626,1.1048430,0.002089,0.0000006,0.0025001
15,3.304167,0.1033320,0.4854626,1.1048530,0.002174,0.0000020,0.0025000
15,3.308333,0.1033274,0.4854626,1.1048620,0.002174,0.0000014,0.0025001
15,3.312500,0.1033228,0.4854626,1.1048710,0.002232,0.0000005,0.0025001
15,3.316667,0.1033182,0.4854626,1.1048800,0.002232,0.0000022,0.0025001
15,3.320833,0.1033135,0.4854627,1.1048900,0.002289,0.0000039,0.0025002
15,3.325000,0.1033087,0.4854627,1.1048990,0.002260,0.0000045,0.0025001
15,3.329167,0.1033039,0.4854627,1.1049090,0.002317,0.0000032,0.0025000
15,3.333333,0.1032990,0.4854627,1.1049190,0.002346,0.0000006,0.0025002
15,3.337500,0.1032940,0.4854627,1.1049290,0.002403,0.0000043,0.0025001
15,3.341667,0.1032891,0.4854627,1.1049390,0.002375,0.0000055,0.0025001
15,3.345833,0.1032840,0.4854628,1.1049490,0.002460,0.0000048,0.0025002
15,3.350000,0.1032789,0.4854628,1.1049590,0.002403,0.0000031,0.0025001
15,3.354167,0.1032737,0.4854628,1.1049690,0.002518,0.0000010,0.0025000
15,3.358333,0.1032685,0.4854628,1.1049800,0.002460,0.0000013,0.0025000
15,3.362500,0.1032633,0.4854628,1.1049900,0.002575,0.0000018,0.0025001
15,3.366667,0.1032580,0.4854628,1.1050010,0.002546,0.0000005,0.0025001
15,3.370833,0.1032526,0.4854629,1.1050120,0.002604,0.0000039,0.0025000
15,3.375000,0.1032472,0.4854629,1.1050230,0.002604,0.0000065,0.0025000
15,3.379167,0.1032417,0.4854629,1.1050340,0.002661,0.0000078,0.0025001
15,3.383333,0.1032362,0.4854629,1.1050450,0.002632,0.0000076,0.0025000
15,3.387500,0.1032305,0.4854630,1.1050560,0.002718,0.0000065,0.0025001
15,3.391667,0.1032249,0.4854630,1.1050670,0.002718,0.0000044,0.0025001
15,3.395833,0.1032192,0.4854631,1.1050790,0.002718,0.0000020,0.0024999
15,3.400000,0.1032135,0.4854631,1.1050900,0.002747,0.0000004,0.0025000
15,3.404167,0.1032077,0.4854631,1.1051020,0.002804,0.0000008,0.0025001
15,3.408333,0.1032019,0.4854632,1.1051130,0.002804,0.0000027,0.0025000
15,3.412500,0.1031959,0.4854632,1.1051250,0.002861,0.0000051,0.0025001
15,3.416667,0.1031900,0.4854632,1.1051370,0.002804,0.0000071,0.0025001
15,3.420833,0.1031840,0.4854633,1.1051490,0.002918,0.0000079,0.0025001
15,3.425000,0.1031780,0.4854633,1.1051610,0.002918,0.0000071,0.0025001
15,3.429167,0.1031718,0.4854634,1.1051740,0.002947,0.0000047,0.0025000
15,3.433333,0.1031657,0.4854634,1.1051860,0.002975,0.0000007,0.0025001
15,3.437500,0.1031595,0.4854635,1.1051990,0.003004,0.0000028,0.0025000
15,3.441667,0.1031532,0.4854636,1.1052110,0.002975,0.0000032,0.0025000
15,3.445833,0.1031469,0.4854636,1.1052240,0.003061,0.0000015,0.0023177
15,3.450000,0.1031406,0.4854636,1.1052370,0.003090,0.0000011,0.0020520
15,3.454167,0.1031342,0.4854637,1.1052490,0.003090,0.0000032,0.0018010
15,3.458333,0.1031277,0.4854637,1.1052620,0.003061,0.0000044,0.0015669
15,3.462500,0.1031212,0.4854638,1.1052750,0.003176,0.0000037,0.0013522
15,3.466667,0.1031147,0.4854639,1.1052880,0.003119,0.0000007,0.0011594
15,3.470833,0.1031081,0.4854640,1.1053020,0.003204,0.0000033,0.0009873
15,3.475000,0.1031014,0.4854640,1.1053150,0.003204,0.0000048,0.0008323
15,3.479167,0.1030947,0.4854641,1.1053290,0.003233,0.0000048,0.0006938
15,3.483333,0.1030880,0.4854642,1.1053420,0.003262,0.0000035,0.0005704
15,3.487500,0.1030812,0.4854642,1.1053560,0.003262,0.0000019,0.0004614
15,3.491667,0.1030744,0.4854643,1.1053690,0.003262,0.0000005,0.0003652
15,3.495833,0.1030675,0.4854644,1.1053830,0.003347,0.0000010,0.0002817
15,3.500000,0.1030606,0.4854645,1.1053970,0.003347,0.0000007,0.0002092
15,3.504167,0.1030536,0.4854646,1.1054110,0.003347,0.0000008,0.0001466
15,3.508333,0.1030466,0.4854647,1.1054250,0.003376,0.0000018,0.0000932
15,3.512500,0.1030396,0.4854648,1.1054400,0.003433,0.0000023,0.0000511
15,3.516667,0.1030325,0.4854648,1.1054540,0.003433,0.0000027,0.0000221
15,3.520833,0.1030253,0.4854650,1.1054680,0.003462,0.0000024,0.0000074
15,3.525000,0.1030182,0.4854650,1.1054830,0.003462,0.0000019,0.0000090
15,3.529167,0.1030109,0.4854652,1.1054970,0.003519,0.0000009,0.0000288
15,3.533333,0.1030037,0.4854653,1.1055120,0.003490,0.0000007,0.0000684
15,3.537500,0.1029963,0.4854654,1.1055270,0.003519,0.0000011,0.0001188
15,3.541667,0.1029890,0.4854655,1.1055410,0.003576,0.0000065,0.0001746
15,3.545833,0.1029816,0.4854656,1.1055560,0.003576,0.0000139,0.0002432
15,3.550000,0.1029741,0.4854657,1.1055710,0.003576,0.0000203,0.0003313
15,3.554167,0.1029666,0.4854658,1.1055870,0.003662,0.0000236,0.0004464
15,3.558333,0.1029591,0.4854660,1.1056020,0.003633,0.0000222,0.0005962
15,3.562500,0.1029515,0.4854661,1.1056170,0.003662,0.0000144,0.0007884
15,3.566667,0.1029439,0.4854662,1.1056320,0.003662,0.0000005,0.0010319
15,3.570833,0.1029363,0.4854664,1.1056480,0.003691,0.0000146,0.0013386
15,3.575000,0.1029286,0.4854665,1.1056630,0.003748,0.0000207,0.0017085
15,3.579167,0.1029209,0.4854667,1.1056790,0.003748,0.0000202,0.0021318
15,3.583333,0.1029131,0.4854668,1.1056940,0.003748,0.0000145,0.0025000
15,3.587500,0.1029053,0.4854670,1.1057100,0.003805,0.0000063,0.0025000
15,3.591667,0.1028975,0.4854671,1.1057260,0.003777,0.0000026,0.0025000
15,3.595833,0.1028896,0.4854673,1.1057420,0.003862,0.0000057,0.0025000
15,3.600000,0.1028816,0.4854674,1.1057580,0.003862,0.0000007,0.0025001
15,3.604167,0.1028737,0.4854676,1.1057740,0.003862,0.0000154,0.0025000
15,3.608333,0.1028657,0.4854677,1.1057900,0.003834,0.0000315,0.0025000
15,3.612500,0.1028576,0.4854679,1.1058060,0.003891,0.0000436,0.0024999
15,3.616667,0.1028496,0.4854681,1.1058230,0.003920,0.0000489,0.0025001
15,3.620833,0.1028414,0.4854683,1.1058390,0.003948,0.0000459,0.0025000
15,3.625000,0.1028333,0.4854684,1.1058560,0.003948,0.0000351,0.0025000
15,3.629167,0.1028251,0.4854687,1.1058720,0.004005,0.0000189,0.0025001
15,3.633333,0.1028169,0.4854689,1.1058890,0.003977,0.0000006,0.0025000
15,3.637500,0.1028087,0.4854691,1.1059060,0.004005,0.0000112,0.0025000
15,3.641667,0.1028004,0.4854693,1.1059220,0.004005,0.0000128,0.0025001
15,3.645833,0.1027921,0.4854695,1.1059390,0.004063,0.0000083,0.0025000
15,3.650000,0.1027837,0.4854696,1.1059560,0.004063,0.0000017,0.0025001
15,3.654167,0.1027753,0.4854699,1.1059730,0.004091,0.0000067,0.0025000
15,3.658333,0.1027669,0.4854701,1.1059900,0.004091,0.0000108,0.0025001
15,3.662500,0.1027584,0.4854703,1.1060070,0.004063,0.0000097,0.0025000
15,3.666667,0.1027500,0.4854705,1.1060250,0.004148,0.0000007,0.0025000
15,3.670833,0.1027414,0.4854708,1.1060420,0.004148,0.0000111,0.0025000
15,3.675000,0.1027329,0.4854710,1.1060590,0.004177,0.0000170,0.0025001
15,3.679167,0.1027243,0.4854713,1.1060770,0.004206,0.0000182,0.0025001
15,3.683333,0.1027157,0.4854715,1.1060940,0.004177,0.0000157,0.0025000
15,3.687500,0.1027070,0.4854718,1.1061120,0.004206,0.0000108,0.0025000
15,3.691667,0.1026984,0.4854720,1.1061290,0.004234,0.0000054,0.0025000
15,3.695833,0.1026897,0.4854723,1.1061470,0.004206,0.0000011,0.0025000
15,3.700000,0.1026810,0.4854725,1.1061640,0.004234,0.0000005,0.0025001
15,3.704167,0.1026722,0.4854728,1.1061820,0.004292,0.0000004,0.0025000
15,3.708333,0.1026634,0.4854730,1.1062000,0.004292,0.0000006,0.0025001
15,3.712500,0.1026546,0.4854733,1.1062180,0.004292,0.0000008,0.0025000
15,3.716667,0.1026457,0.4854736,1.1062360,0.004292,0.0000006,0.0025000
15,3.720833,0.1026368,0.4854739,1.1062540,0.004349,0.0000005,0.0025001
15,3.725000,0.1026280,0.4854742,1.1062720,0.004320,0.0000004,0.0025000
15,3.729167,0.1026190,0.4854744,1.1062900,0.004377,0.0000006,0.0025001
15,3.733333,0.1026101,0.4854747,1.1063090,0.004377,0.0000006,0.0025000
15,3.737500,0.1026011,0.4854751,1.1063270,0.004377,0.0000005,0.0024999
15,3.741667,0.1025921,0.4854753,1.1063450,0.004377,0.0000006,0.0024999
15,3.745833,0.1025830,0.4854757,1.1063640,0.004435,0.0000004,0.0025000
15,3.750000,0.1025740,0.4854760,1.1063820,0.004406,0.0000003,0.0025000
15,3.754167,0.1025649,0.4854763,1.1064000,0.004435,0.0000003,0.0025001
15,3.758333,0.1025558,0.4854766,1.1064190,0.004463,0.0000003,0.0025001
15,3.762500,0.1025467,0.4854770,1.1064380,0.004463,0.0000003,0.0025001
15,3.766667,0.1025375,0.4854773,1.1064560,0.004435,0.0000004,0.0025001
15,3.770833,0.1025283,0.4854777,1.1064750,0.004492,0.0000003,0.0025001
15,3.775000,0.1025191,0.4854780,1.1064930,0.004492,0.0000008,0.0025001
15,3.779167,0.1025099,0.4854783,1.1065120,0.004520,0.0000017,0.0025001
15,3.783333,0.1025007,0.4854786,1.1065310,0.004520,0.0000026,0.0025001
15,3.787500,0.1024914,0.4854790,1.1065500,0.004549,0.0000032,0.0025000
15,3.791667,0.1024821,0.4854794,1.1065690,0.004549,0.0000029,0.0025000
15,3.795833,0.1024728,0.4854797,1.1065880,0.004549,0.0000018,0.0025001
15,3.800000,0.1024635,0.4854801,1.1066070,0.004578,0.0000004,0.0025001
15,3.804167,0.1024541,0.4854805,1.1066260,0.004606,0.0000020,0.0025001
15,3.808333,0.1024448,0.4854809,1.1066450,0.004578,0.0000016,0.0025002
15,3.812500,0.1024354,0.4854812,1.1066650,0.004606,0.0000004,0.0025001
15,3.816667,0.1024260,0.4854816,1.1066840,0.004578,0.0000022,0.0025001
15,3.820833,0.1024166,0.4854820,1.1067030,0.004635,0.0000040,0.0025000
15,3.825000,0.1024071,0.4854824,1.1067220,0.004606,0.0000043,0.0025000
15,3.829167,0.1023977,0.4854828,1.1067410,0.004635,0.0000032,0.0025001
15,3.833333,0.1023882,0.4854832,1.1067610,0.004635,0.0000006,0.0025001
15,3.837500,0.1023787,0.4854836,1.1067800,0.004635,0.0000042,0.0024999
15,3.841667,0.1023692,0.4854840,1.1068000,0.004692,0.0000055,0.0025000
15,3.845833,0.1023597,0.4854845,1.1068190,0.004663,0.0000049,0.0025001
15,3.850000,0.1023501,0.4854849,1.1068380,0.004663,0.0000031,0.0025000
15,3.854167,0.1023406,0.4854853,1.1068580,0.004692,0.0000008,0.0025000
15,3.858333,0.1023310,0.4854857,1.1068780,0.004721,0.0000013,0.0025000
15,3.862500,0.1023214,0.4854862,1.1068970,0.004692,0.0000018,0.0025000
15,3.866667,0.1023118,0.4854866,1.1069170,0.004692,0.0000005,0.0025000
15,3.870833,0.1023022,0.4854871,1.1069370,0.004749,0.0000038,0.0025001
15,3.875000,0.1022926,0.4854875,1.1069560,0.004663,0.0000065,0.0025000
15,3.879167,0.1022830,0.4854879,1.1069760,0.004778,0.0000078,0.0025001
15,3.883333,0.1022733,0.4854884,1.1069960,0.004778,0.0000077,0.0025000
15,3.887500,0.1022637,0.4854889,1.1070150,0.004721,0.0000065,0.0025002
15,3.891667,0.1022540,0.4854893,1.1070350,0.004721,0.0000044,0.0025002
15,3.895833,0.1022443,0.4854898,1.1070550,0.004778,0.0000022,0.0025002
15,3.900000,0.1022346,0.4854903,1.1070750,0.004778,0.0000006,0.0025002
15,3.904167,0.1022249,0.4854907,1.1070950,0.004721,0.0000010,0.0025001
15,3.908333,0.1022152,0.4854912,1.1071150,0.004807,0.0000029,0.0025001
15,3.912500,0.1022055,0.4854917,1.1071350,0.004778,0.0000051,0.0025001
15,3.916667,0.1021958,0.4854922,1.1071550,0.004807,0.0000070,0.0025002
15,3.920833,0.1021860,0.4854927,1.1071750,0.004807,0.0000078,0.0025002
15,3.925000,0.1021763,0.4854932,1.1071950,0.004807,0.0000072,0.0025001
15,3.929167,0.1021665,0.4854937,1.1072150,0.004807,0.0000048,0.0025000
15,3.933333,0.1021568,0.4854942,1.1072350,0.004778,0.0000005,0.0025001
15,3.937500,0.1021470,0.4854947,1.1072550,0.004807,0.0000027,0.0025001
15,3.941667,0.1021372,0.4854952,1.1072750,0.004778,0.0000030,0.0025000
15,3.945833,0.1021274,0.4854958,1.1072950,0.004864,0.0000016,0.0023177
15,3.950000,0.1021176,0.4854963,1.1073150,0.004835,0.0000009,0.0020521
15,3.954167,0.1021079,0.4854968,1.1073350,0.004807,0.0000031,0.0018010
15,3.958333,0.1020981,0.4854974,1.1073550,0.004835,0.0000043,0.0015670
15,3.962500,0.1020883,0.4854979,1.1073750,0.004835,0.0000036,0.0013523
15,3.966667,0.1020785,0.4854984,1.1073950,0.004835,0.0000006,0.0011593
15,3.970833,0.1020687,0.4854989,1.1074160,0.004835,0.0000031,0.0009871
15,3.975000,0.1020589,0.4854995,1.1074360,0.004835,0.0000047,0.0008324
15,3.979167,0.1020491,0.4855001,1.1074560,0.004835,0.0000047,0.0006937
15,3.983333,0.1020392,0.4855006,1.1074760,0.004835,0.0000036,0.0005705
15,3.987500,0.1020294,0.4855011,1.1074960,0.004835,0.0000018,0.0004613
15,3.991667,0.1020196,0.4855017,1.1075160,0.004864,0.0000004,0.0003654
15,3.995833,0.1020098,0.4855022,1.1075370,0.004864,0.0000010,0.0002815
15,4.000000,0.1020000,0.4855028,1.1075570,0.004835,0.0000006,0.0002094
15,4.004167,0.1019901,0.4855034,1.1075770,0.004864,0.0000008,0.0001465
15,4.008333,0.1019803,0.4855040,1.1075970,0.004807,0.0000019,0.0000934
15,4.012500,0.1019705,0.4855046,1.1076170,0.004864,0.0000024,0.0000511
15,4.016667,0.1019607,0.4855051,1.1076380,0.004864,0.0000027,0.0000221
15,4.020833,0.1019509,0.4855057,1.1076580,0.004835,0.0000025,0.0000074
15,4.025000,0.1019411,0.4855063,1.1076780,0.004864,0.0000019,0.0000091
15,4.029167,0.1019313,0.4855069,1.1076980,0.004835,0.0000010,0.0000288
15,4.033333,0.1019215,0.4855075,1.1077180,0.004835,0.0000007,0.0000683
15,4.037500,0.1019117,0.4855081,1.1077390,0.004864,0.0000011,0.0001188
15,4.041667,0.1019019,0.4855087,1.1077590,0.004864,0.0000066,0.0001747
15,4.045833,0.1018921,0.4855093,1.1077790,0.004864,0.0000136,0.0002430
15,4.050000,0.1018823,0.4855099,1.1077990,0.004835,0.0000201,0.0003312
15,4.054167,0.1018725,0.4855105,1.1078190,0.004835,0.0000237,0.0004464
15,4.058333,0.1018627,0.4855112,1.1078400,0.004835,0.0000221,0.0005959
15,4.062500,0.1018529,0.4855118,1.1078600,0.004864,0.0000144,0.0007884
15,4.066667,0.1018432,0.4855124,1.1078800,0.004835,0.0000006,0.0010318
15,4.070833,0.1018334,0.4855131,1.1079000,0.004835,0.0000145,0.0013387
15,4.075000,0.1018237,0.4855137,1.1079200,0.004835,0.0000205,0.0017086
15,4.079167,0.1018139,0.4855143,1.1079400,0.004807,0.0000198,0.0021322
15,4.083333,0.1018042,0.4855149,1.1079600,0.004835,0.0000143,0.0025001
15,4.087500,0.1017945,0.4855156,1.1079810,0.004835,0.0000062,0.0025001
15,4.091667,0.1017847,0.4855162,1.1080010,0.004807,0.0000028,0.0025002
15,4.095833,0.1017750,0.4855168,1.1080210,0.004807,0.0000055,0.0025001
15,4.100000,0.1017653,0.4855175,1.1080410,0.004807,0.0000006,0.0025003
15,4.104167,0.1017556,0.4855181,1.1080610,0.004807,0.0000154,0.0025001
15,4.108333,0.1017460,0.4855188,1.1080810,0.004807,0.0000313,0.0025002
15,4.112500,0.1017363,0.4855195,1.1081010,0.004807,0.0000435,0.0025003
15,4.116667,0.1017266,0.4855201,1.1081210,0.004807,0.0000487,0.0025002
15,4.120833,0.1017170,0.4855208,1.1081410,0.004778,0.0000458,0.0025002
15,4.125000,0.1017073,0.4855214,1.1081610,0.004807,0.0000351,0.0025001
15,4.129167,0.1016977,0.4855221,1.1081810,0.004778,0.0000187,0.0025001
15,4.133333,0.1016881,0.4855228,1.1082010,0.004778,0.0000005,0.0025001
15,4.137500,0.1016785,0.4855234,1.1082200,0.004749,0.0000112,0.0025000
15,4.141667,0.1016689,0.4855241,1.1082400,0.004778,0.0000127,0.0025001
15,4.145833,0.1016594,0.4855248,1.1082600,0.004721,0.0000082,0.0025000
15,4.150000,0.1016498,0.4855255,1.1082800,0.004749,0.0000018,0.0025001
15,4.154167,0.1016403,0.4855262,1.1082990,0.004749,0.0000067,0.0025000
15,4.158333,0.1016307,0.4855268,1.1083190,0.004721,0.0000108,0.0025000
15,4.162500,0.1016212,0.4855275,1.1083390,0.004749,0.0000095,0.0025000
15,4.166667,0.1016117,0.4855282,1.1083590,0.004749,0.0000005,0.0025000
15,4.170833,0.1016023,0.4855289,1.1083780,0.004692,0.0000110,0.0025000
15,4.175000,0.1015928,0.4855296,1.1083980,0.004721,0.0000169,0.0025000
15,4.179167,0.1015834,0.4855303,1.1084180,0.004692,0.0000182,0.0025000
15,4.183333,0.1015740,0.4855310,1.1084370,0.004692,0.0000157,0.0025000
15,4.187500,0.1015646,0.4855317,1.1084570,0.004692,0.0000109,0.0025001
15,4.191667,0.1015552,0.4855324,1.1084760,0.004663,0.0000054,0.0025002
15,4.195833,0.1015458,0.4855331,1.1084950,0.004635,0.0000011,0.0025001
15,4.200000,0.1015364,0.4855338,1.1085150,0.004692,0.0000005,0.0025001
15,4.204167,0.1015271,0.4855346,1.1085340,0.004663,0.0000005,0.0025001
15,4.208333,0.1015178,0.4855353,1.1085540,0.004606,0.0000006,0.0025001
15,4.212500,0.1015085,0.4855359,1.1085730,0.004635,0.0000008,0.0025001
15,4.216667,0.1014992,0.4855367,1.1085920,0.004606,0.0000006,0.0025000
15,4.220833,0.1014900,0.4855374,1.1086110,0.004606,0.0000005,0.0024999
15,4.225000,0.1014808,0.4855381,1.1086300,0.004606,0.0000005,0.0025000
15,4.229167,0.1014716,0.4855388,1.1086490,0.004578,0.0000005,0.0024999
15,4.233333,0.1014624,0.4855396,1.1086690,0.004606,0.0000007,0.0025001
15,4.237500,0.1014533,0.4855403,1.1086880,0.004549,0.0000004,0.0025000
15,4.241667,0.1014441,0.4855410,1.1087070,0.004578,0.0000006,0.0024999
15,4.245833,0.1014350,0.4855417,1.1087260,0.004520,0.0000006,0.0024999
15,4.250000,0.1014259,0.4855425,1.1087440,0.004520,0.0000005,0.0025000
15,4.254167,0.1014169,0.4855432,1.1087630,0.004549,0.0000005,0.0025000
15,4.258333,0.1014078,0.4855440,1.1087820,0.004549,0.0000005,0.0025001
15,4.262500,0.1013989,0.4855447,1.1088010,0.004492,0.0000005,0.0025001
15,4.266667,0.1013899,0.4855455,1.1088200,0.004492,0.0000005,0.0025000
15,4.270833,0.1013809,0.4855462,1.1088380,0.004463,0.0000004,0.0025000
15,4.275000,0.1013720,0.4855469,1.1088570,0.004463,0.0000004,0.0025001
15,4.279167,0.1013631,0.4855477,1.1088750,0.004435,0.0000005,0.0025001
15,4.283333,0.1013542,0.4855484,1.1088940,0.004463,0.0000005,0.0025001
15,4.287500,0.1013454,0.4855492,1.1089120,0.004406,0.0000006,0.0025000
15,4.291667,0.1013365,0.4855499,1.1089310,0.004406,0.0000005,0.0024999
15,4.295833,0.1013278,0.4855507,1.1089490,0.004406,0.0000005,0.0025001
15,4.300000,0.1013190,0.4855514,1.1089670,0.004406,0.0000005,0.0025000
15,4.304167,0.1013103,0.4855522,1.1089860,0.004377,0.0000006,0.0025001
15,4.308333,0.1013015,0.4855530,1.1090040,0.004320,0.0000005,0.0024999
15,4.312500,0.1012929,0.4855537,1.1090220,0.004349,0.0000006,0.0025000
15,4.316667,0.1012842,0.4855545,1.1090400,0.004320,0.0000004,0.0025001
15,4.320833,0.1012756,0.4855552,1.1090580,0.004320,0.0000003,0.0025000
15,4.325000,0.1012670,0.4855560,1.1090760,0.004320,0.0000004,0.0025001
15,4.329167,0.1012585,0.4855568,1.1090940,0.004292,0.0000004,0.0025001
15,4.333333,0.1012500,0.4855575,1.1091120,0.004292,0.0000004,0.0025001
15,4.337500,0.1012415,0.4855583,1.1091290,0.004234,0.0000004,0.0025001
15,4.341667,0.1012330,0.4855590,1.1091470,0.004263,0.0000004,0.0025001
15,4.345833,0.1012246,0.4855599,1.1091640,0.004206,0.0000004,0.0025000
15,4.350000,0.1012162,0.4855606,1.1091820,0.004234,0.0000005,0.0025001
15,4.354167,0.1012079,0.4855613,1.1092000,0.004177,0.0000005,0.0025000
15,4.358333,0.1011996,0.4855621,1.1092170,0.004206,0.0000005,0.0025001
15,4.362500,0.1011913,0.4855629,1.1092340,0.004148,0.0000006,0.0025002
15,4.366667,0.1011830,0.4855637,1.1092510,0.004120,0.0000006,0.0025001
15,4.370833,0.1011748,0.4855645,1.1092690,0.004148,0.0000005,0.0025000
15,4.375000,0.1011666,0.4855652,1.1092860,0.004120,0.0000004,0.0025001
15,4.379167,0.1011585,0.4855660,1.1093030,0.004063,0.0000006,0.0025001
15,4.383333,0.1011503,0.4855668,1.1093200,0.004120,0.0000005,0.0025001
15,4.387500,0.1011423,0.4855675,1.1093370,0.004034,0.0000005,0.0025000
15,4.391667,0.1011343,0.4855683,1.1093540,0.004034,0.0000005,0.0025001
15,4.395833,0.1011263,0.4855691,1.1093700,0.004034,0.0000006,0.0025001
15,4.400000,0.1011183,0.4855699,1.1093870,0.004034,0.0000005,0.0025001
15,4.404167,0.1011104,0.4855706,1.1094040,0.003977,0.0000005,0.0025001
15,4.408333,0.1011025,0.4855714,1.1094200,0.003977,0.0000006,0.0025001
15,4.412500,0.1010947,0.4855722,1.1094370,0.003977,0.0000005,0.0025001
15,4.416667,0.1010868,0.4855730,1.1094530,0.003920,0.0000005,0.0025002
15,4.420833,0.1010791,0.4855738,1.1094700,0.003891,0.0000005,0.0025000
15,4.425000,0.1010713,0.4855746,1.1094860,0.003920,0.0000004,0.0025000
15,4.429167,0.1010637,0.4855753,1.1095020,0.003834,0.0000005,0.0025000
15,4.433333,0.1010560,0.4855762,1.1095180,0.003862,0.0000005,0.0025001
15,4.437500,0.1010484,0.4855769,1.1095340,0.003862,0.0000005,0.0024999
15,4.441667,0.1010408,0.4855777,1.1095500,0.003862,0.0000004,0.0025000
15,4.445833,0.1010333,0.4855785,1.1095660,0.003777,0.0000004,0.0025001
15,4.450000,0.1010258,0.4855793,1.1095810,0.003748,0.0000004,0.0025000
15,4.454167,0.1010184,0.4855801,1.1095970,0.003777,0.0000006,0.0025000
15,4.458333,0.1010110,0.4855808,1.1096130,0.003748,0.0000005,0.0024999
15,4.462500,0.1010036,0.4855816,1.1096280,0.003719,0.0000005,0.0024999
15,4.466667,0.1009963,0.4855824,1.1096440,0.003691,0.0000005,0.0025000
15,4.470833,0.1009890,0.4855832,1.1096590,0.003662,0.0000005,0.0024999
15,4.475000,0.1009818,0.4855840,1.1096740,0.003662,0.0000005,0.0025000
15,4.479167,0.1009746,0.4855848,1.1096890,0.003662,0.0000005,0.0025000
15,4.483333,0.1009674,0.4855855,1.1097050,0.003633,0.0000005,0.0024999
15,4.487500,0.1009604,0.4855863,1.1097200,0.003576,0.0000006,0.0025000
15,4.491667,0.1009533,0.4855871,1.1097350,0.003605,0.0000005,0.0024998
15,4.495833,0.1009463,0.4855879,1.1097490,0.003548,0.0000005,0.0025000
15,4.500000,0.1009393,0.4855887,1.1097640,0.003548,0.0000005,0.0025000
15,4.504167,0.1009324,0.4855895,1.1097790,0.003462,0.0000005,0.0025000
15,4.508333,0.1009255,0.4855902,1.1097930,0.003490,0.0000005,0.0025000
15,4.512500,0.1009187,0.4855910,1.1098070,0.003462,0.0000005,0.0025001
15,4.516667,0.1009119,0.4855918,1.1098220,0.003433,0.0000005,0.0025001
15,4.520833,0.1009052,0.4855926,1.1098360,0.003433,0.0000006,0.0025000
15,4.525000,0.1008985,0.4855934,1.1098510,0.003462,0.0000006,0.0025002
15,4.529167,0.1008919,0.4855942,1.1098640,0.003347,0.0000005,0.0025001
15,4.533333,0.1008853,0.4855950,1.1098780,0.003347,0.0000005,0.0025001
15,4.537500,0.1008787,0.4855958,1.1098920,0.003319,0.0000006,0.0025002
15,4.541667,0.1008722,0.4855965,1.1099060,0.003290,0.0000005,0.0025000
15,4.545833,0.1008658,0.4855973,1.1099200,0.003262,0.0000005,0.0025000
15,4.550000,0.1008594,0.4855980,1.1099330,0.003262,0.0000006,0.0025002
15,4.554167,0.1008530,0.4855988,1.1099470,0.003233,0.0000006,0.0025000
15,4.558333,0.1008467,0.4855996,1.1099600,0.003204,0.0000006,0.0024999
15,4.562500,0.1008405,0.4856004,1.1099730,0.003204,0.0000005,0.0025000
15,4.566667,0.1008342,0.4856012,1.1099870,0.003176,0.0000006,0.0025000
15,4.570833,0.1008281,0.4856019,1.1100000,0.003119,0.0000006,0.0025000
15,4.575000,0.1008220,0.4856027,1.1100130,0.003119,0.0000006,0.0025000
15,4.579167,0.1008160,0.4856035,1.1100260,0.003119,0.0000006,0.0024999
15,4.583333,0.1008099,0.4856042,1.1100380,0.003061,0.0000006,0.0025000
15,4.587500,0.1008040,0.4856050,1.1100510,0.003033,0.0000007,0.0025000
15,4.591667,0.1007981,0.4856058,1.1100630,0.003004,0.0000006,0.0025001
15,4.595833,0.1007923,0.4856066,1.1100760,0.003004,0.0000007,0.0025000
15,4.600000,0.1007864,0.4856073,1.1100880,0.002947,0.0000006,0.0025000
15,4.604167,0.1007807,0.4856080,1.1101000,0.002918,0.0000006,0.0025000
15,4.608333,0.1007750,0.4856088,1.1101130,0.002975,0.0000006,0.0025001
15,4.612500,0.1007694,0.4856096,1.1101250,0.002890,0.0000006,0.0025001
15,4.616667,0.1007638,0.4856103,1.1101370,0.002861,0.0000006,0.0025001
15,4.620833,0.1007583,0.4856111,1.1101490,0.002832,0.0000006,0.0025000
15,4.625000,0.1007528,0.4856118,1.1101600,0.002804,0.0000006,0.0025000
15,4.629167,0.1007474,0.4856126,1.1101720,0.002775,0.0000006,0.0025001
15,4.633333,0.1007420,0.4856133,1.1101830,0.002747,0.0000006,0.0025001
15,4.637500,0.1007367,0.4856141,1.1101950,0.002718,0.0000005,0.0025000
15,4.641667,0.1007314,0.4856148,1.1102060,0.002747,0.0000005,0.0025001
15,4.645833,0.1007262,0.4856156,1.1102170,0.002661,0.0000006,0.0025001
15,4.650000,0.1007210,0.4856163,1.1102280,0.002661,0.0000005,0.0025000
15,4.654167,0.1007159,0.4856170,1.1102390,0.002632,0.0000005,0.0025001
15,4.658333,0.1007109,0.4856178,1.1102500,0.002604,0.0000006,0.0025000
15,4.662500,0.1007059,0.4856185,1.1102610,0.002546,0.0000007,0.0025000
15,4.666667,0.1007009,0.4856192,1.1102710,0.002518,0.0000006,0.0025001
15,4.670833,0.1006961,0.4856199,1.1102820,0.002546,0.0000007,0.0025000
15,4.675000,0.1006912,0.4856207,1.1102920,0.002460,0.0000006,0.0025000
15,4.679167,0.1006865,0.4856214,1.1103020,0.002489,0.0000006,0.0025000
15,4.683333,0.1006817,0.4856221,1.1103130,0.002460,0.0000005,0.0025001
15,4.687500,0.1006771,0.4856228,1.1103220,0.002375,0.0000005,0.0025001
15,4.691667,0.1006725,0.4856235,1.1103320,0.002403,0.0000006,0.0025000
15,4.695833,0.1006680,0.4856242,1.1103420,0.002346,0.0000006,0.0025001
15,4.700000,0.1006635,0.4856249,1.1103520,0.002317,0.0000006,0.0025000
15,4.704167,0.1006591,0.4856257,1.1103610,0.002289,0.0000005,0.0025001
15,4.708333,0.1006547,0.4856263,1.1103710,0.002289,0.0000005,0.0025001
15,4.712500,0.1006504,0.4856270,1.1103800,0.002203,0.0000005,0.0025002
15,4.716667,0.1006461,0.4856277,1.1103890,0.002232,0.0000004,0.0025000
15,4.720833,0.1006419,0.4856284,1.1103980,0.002146,0.0000005,0.0025001
15,4.725000,0.1006377,0.4856291,1.1104070,0.002146,0.0000004,0.0025001
15,4.729167,0.1006337,0.4856297,1.1104160,0.002146,0.0000004,0.0025002
15,4.733333,0.1006297,0.4856304,1.1104250,0.002089,0.0000006,0.0025002
15,4.737500,0.1006257,0.4856310,1.1104340,0.002060,0.0000004,0.0025002
15,4.741667,0.1006218,0.4856317,1.1104420,0.002031,0.0000004,0.0025002
15,4.745833,0.1006180,0.4856324,1.1104500,0.002003,0.0000005,0.0025001
15,4.750000,0.1006142,0.4856330,1.1104580,0.001945,0.0000004,0.0025001
15,4.754167,0.1006104,0.4856336,1.1104670,0.001945,0.0000005,0.0025000
15,4.758333,0.1006068,0.4856343,1.1104750,0.001945,0.0000004,0.0025001
15,4.762500,0.1006032,0.4856349,1.1104820,0.001831,0.0000005,0.0025001
15,4.766667,0.1005996,0.4856355,1.1104900,0.001860,0.0000004,0.0025002
15,4.770833,0.1005962,0.4856361,1.1104980,0.001831,0.0000005,0.0025001
15,4.775000,0.1005927,0.4856367,1.1105050,0.001831,0.0000006,0.0025000
15,4.779167,0.1005894,0.4856373,1.1105130,0.001745,0.0000005,0.0025001
15,4.783333,0.1005860,0.4856379,1.1105200,0.001717,0.0000005,0.0024999
15,4.787500,0.1005828,0.4856385,1.1105270,0.001688,0.0000007,0.0025001
15,4.791667,0.1005796,0.4856391,1.1105340,0.001688,0.0000006,0.0024999
15,4.795833,0.1005765,0.4856396,1.1105410,0.001631,0.0000006,0.0024998
15,4.800000,0.1005734,0.4856402,1.1105470,0.001631,0.0000006,0.0024999
15,4.804167,0.1005704,0.4856407,1.1105540,0.001545,0.0000005,0.0024999
15,4.808333,0.1005674,0.4856413,1.1105600,0.001545,0.0000006,0.0024999
15,4.812500,0.1005646,0.4856418,1.1105670,0.001516,0.0000006,0.0025000
15,4.816667,0.1005617,0.4856424,1.1105730,0.001488,0.0000006,0.0024999
15,4.820833,0.1005590,0.4856429,1.1105790,0.001431,0.0000006,0.0025000
15,4.825000,0.1005563,0.4856434,1.1105850,0.001431,0.0000005,0.0025001
15,4.829167,0.1005537,0.4856440,1.1105900,0.001373,0.0000005,0.0025000
15,4.833333,0.1005511,0.4856445,1.1105960,0.001402,0.0000005,0.0025000
15,4.837500,0.1005486,0.4856449,1.1106020,0.001287,0.0000006,0.0025001
15,4.841667,0.1005461,0.4856454,1.1106070,0.001287,0.0000005,0.0025000
15,4.845833,0.1005438,0.4856459,1.1106120,0.001259,0.0000005,0.0025001
15,4.850000,0.1005414,0.4856464,1.1106170,0.001230,0.0000005,0.0025000
15,4.854167,0.1005392,0.4856468,1.1106220,0.001202,0.0000006,0.0024999
15,4.858333,0.1005370,0.4856472,1.1106270,0.001144,0.0000006,0.0025000
15,4.862500,0.1005348,0.4856477,1.1106320,0.001116,0.0000007,0.0024999
15,4.866667,0.1005327,0.4856481,1.1106360,0.001116,0.0000007,0.0024999
15,4.870833,0.1005308,0.4856485,1.1106410,0.001030,0.0000007,0.0025000
15,4.875000,0.1005288,0.4856489,1.1106450,0.001087,0.0000007,0.0025000
15,4.879167,0.1005269,0.4856493,1.1106490,0.000973,0.0000006,0.0025000
15,4.883333,0.1005251,0.4856496,1.1106530,0.000973,0.0000007,0.0025002
15,4.887500,0.1005234,0.4856499,1.1106570,0.000916,0.0000006,0.0025000
15,4.891667,0.1005216,0.4856503,1.1106610,0.000887,0.0000006,0.0025000
15,4.895833,0.1005200,0.4856507,1.1106640,0.000858,0.0000006,0.0025001
15,4.900000,0.1005184,0.4856510,1.1106680,0.000858,0.0000006,0.0025001
15,4.904167,0.1005170,0.4856513,1.1106710,0.000801,0.0000007,0.0025000
15,4.908333,0.1005155,0.4856516,1.1106750,0.000744,0.0000007,0.0025000
15,4.912500,0.1005141,0.4856519,1.1106770,0.000715,0.0000005,0.0025001
15,4.916667,0.1005128,0.4856522,1.1106810,0.000772,0.0000005,0.0025002
15,4.920833,0.1005116,0.4856525,1.1106830,0.000629,0.0000006,0.0025000
15,4.925000,0.1005104,0.4856527,1.1106860,0.000658,0.0000005,0.0025002
15,4.929167,0.1005093,0.4856530,1.1106880,0.000544,0.0000005,0.0025002
15,4.933333,0.1005082,0.4856532,1.1106910,0.000601,0.0000004,0.0025001
15,4.937500,0.1005072,0.4856534,1.1106930,0.000515,0.0000006,0.0025002
15,4.941667,0.1005063,0.4856536,1.1106950,0.000486,0.0000004,0.0025001
15,4.945833,0.1005054,0.4856538,1.1106970,0.000458,0.0000004,0.0025001
15,4.950000,0.1005046,0.4856540,1.1106990,0.000429,0.0000005,0.0025002
15,4.954167,0.1005039,0.4856541,1.1107000,0.000372,0.0000006,0.0025002
15,4.958333,0.1005032,0.4856543,1.1107020,0.000372,0.0000006,0.0025001
15,4.962500,0.1005026,0.4856544,1.1107030,0.000315,0.0000006,0.0025000
15,4.966667,0.1005020,0.4856545,1.1107050,0.000343,0.0000005,0.0025000
15,4.970833,0.1005016,0.4856546,1.1107050,0.000200,0.0000006,0.0025001
15,4.975000,0.1005011,0.4856547,1.1107060,0.000257,0.0000006,0.0025001
15,4.979167,0.1005008,0.4856548,1.1107070,0.000172,0.0000005,0.0025000
15,4.983333,0.1005005,0.4856549,1.1107080,0.000172,0.0000005,0.0025001
15,4.987500,0.1005003,0.4856550,1.1107080,0.000086,0.0000006,0.0025002
15,4.991667,0.1005001,0.4856550,1.1107090,0.000143,0.0000006,0.0025001
15,4.995833,0.1005000,0.4856550,1.1107090,0.000029,0.0000006,0.0025001
15,5.000000,0.1005000,0.4856550,1.1107090,0.000000,0.0000005,0.0025001
15,5.004167,0.1005000,0.4856550,1.1107090,-0.000029,0.0000006,0.0025001
15,5.008333,0.1005001,0.4856550,1.1107090,0.000000,0.0000006,0.0025001
15,5.012500,0.1005003,0.4856549,1.1107080,-0.000143,0.0000006,0.0025002
15,5.016667,0.1005005,0.4856549,1.1107080,-0.000086,0.0000005,0.0025001
15,5.020833,0.1005008,0.4856548,1.1107070,-0.000172,0.0000006,0.0025000
15,5.025000,0.1005011,0.4856547,1.1107060,-0.000172,0.0000006,0.0025001
15,5.029167,0.1005016,0.4856546,1.1107050,-0.000257,0.0000006,0.0025001
15,5.033333,0.1005020,0.4856545,1.1107050,-0.000200,0.0000005,0.0025000
15,5.037500,0.1005026,0.4856544,1.1107030,-0.000343,0.0000006,0.0025000
15,5.041667,0.1005032,0.4856543,1.1107020,-0.000315,0.0000006,0.0025001
15,5.045833,0.1005039,0.4856541,1.1107000,-0.000372,0.0000007,0.0025002
15,5.050000,0.1005046,0.4856540,1.1106990,-0.000372,0.0000005,0.0025002
15,5.054167,0.1005054,0.4856538,1.1106970,-0.000429,0.0000004,0.0025001
15,5.058333,0.1005063,0.4856536,1.1106950,-0.000458,0.0000004,0.0025001
15,5.062500,0.1005072,0.4856534,1.1106930,-0.000486,0.0000006,0.0025002
15,5.066667,0.1005082,0.4856532,1.1106910,-0.000515,0.0000004,0.0025001
15,5.070833,0.1005093,0.4856530,1.1106880,-0.000601,0.0000005,0.0025002
15,5.075000,0.1005104,0.4856527,1.1106860,-0.000544,0.0000005,0.0025002
15,5.079167,0.1005116,0.4856525,1.1106830,-0.000658,0.0000006,0.0025000
15,5.083333,0.1005128,0.4856522,1.1106810,-0.000629,0.0000005,0.0025002
15,5.087500,0.1005141,0.4856519,1.1106770,-0.000772,0.0000005,0.0025001
15,5.091667,0.1005155,0.4856516,1.1106750,-0.000715,0.0000007,0.0025000
15,5.095833,0.1005170,0.4856513,1.1106710,-0.000744,0.0000007,0.0025000
15,5.100000,0.1005184,0.4856510,1.1106680,-0.000801,0.0000006,0.0025001
15,5.104167,0.1005200,0.4856507,1.1106640,-0.000858,0.0000006,0.0025001
15,5.108333,0.1005216,0.4856503,1.1106610,-0.000858,0.0000007,0.0025000
15,5.112500,0.1005234,0.4856499,1.1106570,-0.000887,0.0000006,0.0025000
15,5.116667,0.1005251,0.4856496,1.1106530,-0.000916,0.0000006,0.0025000
15,5.120833,0.1005269,0.4856493,1.1106490,-0.000973,0.0000006,0.0025000
15,5.125000,0.1005288,0.4856489,1.1106450,-0.000973,0.0000007,0.0025000
15,5.129167,0.1005308,0.4856485,1.1106410,-0.001087,0.0000007,0.0024999
15,5.133333,0.1005327,0.4856481,1.1106360,-0.001030,0.0000007,0.0024999
15,5.137500,0.1005348,0.4856477,1.1106320,-0.001116,0.0000006,0.0024999
15,5.141667,0.1005370,0.4856473,1.1106270,-0.001116,0.0000006,0.0025000
15,5.145833,0.1005392,0.4856468,1.1106220,-0.001144,0.0000006,0.0024999
15,5.150000,0.1005414,0.4856464,1.1106180,-0.001173,0.0000005,0.0025001
15,5.154167,0.1005438,0.4856459,1.1106120,-0.001259,0.0000004,0.0025001
15,5.158333,0.1005461,0.4856454,1.1106070,-0.001259,0.0000005,0.0025000
15,5.162500,0.1005486,0.4856449,1.1106020,-0.001287,0.0000005,0.0025000
15,5.166667,0.1005511,0.4856445,1.1105960,-0.001287,0.0000004,0.0025000
15,5.170833,0.1005537,0.4856440,1.1105900,-0.001402,0.0000003,0.0025000
15,5.175000,0.1005563,0.4856435,1.1105850,-0.001345,0.0000006,0.0025001
15,5.179167,0.1005590,0.4856430,1.1105790,-0.001459,0.0000005,0.0025000
15,5.183333,0.1005617,0.4856425,1.1105730,-0.001402,0.0000005,0.0025000
15,5.187500,0.1005646,0.4856420,1.1105670,-0.001516,0.0000004,0.0025002
15,5.191667,0.1005674,0.4856414,1.1105610,-0.001459,0.0000005,0.0025001
15,5.195833,0.1005704,0.4856408,1.1105540,-0.001574,0.0000004,0.0025001
15,5.200000,0.1005734,0.4856403,1.1105470,-0.001574,0.0000005,0.0025001
15,5.204167,0.1005765,0.4856397,1.1105410,-0.001602,0.0000006,0.0025001
15,5.208333,0.1005796,0.4856392,1.1105340,-0.001631,0.0000005,0.0025001
15,5.212500,0.1005828,0.4856386,1.1105270,-0.001688,0.0000006,0.0025001
15,5.216667,0.1005860,0.4856380,1.1105200,-0.001717,0.0000006,0.0025000
15,5.220833,0.1005894,0.4856374,1.1105130,-0.001717,0.0000005,0.0025001
15,5.225000,0.1005927,0.4856368,1.1105060,-0.001688,0.0000005,0.0025000
15,5.229167,0.1005962,0.4856362,1.1104980,-0.001831,0.0000006,0.0025000
15,5.233333,0.1005996,0.4856356,1.1104900,-0.001831,0.0000005,0.0025001
15,5.237500,0.1006032,0.4856350,1.1104820,-0.001888,0.0000006,0.0025001
15,5.241667,0.1006068,0.4856344,1.1104750,-0.001860,0.0000006,0.0025000
15,5.245833,0.1006104,0.4856338,1.1104670,-0.001917,0.0000006,0.0025000
15,5.250000,0.1006142,0.4856331,1.1104590,-0.001888,0.0000005,0.0025000
15,5.254167,0.1006180,0.4856325,1.1104500,-0.002031,0.0000006,0.0025000
15,5.258333,0.1006218,0.4856319,1.1104420,-0.001945,0.0000007,0.0025000
15,5.262500,0.1006257,0.4856312,1.1104340,-0.002031,0.0000006,0.0025001
15,5.266667,0.1006297,0.4856306,1.1104250,-0.002089,0.0000005,0.0024999
15,5.270833,0.1006337,0.4856299,1.1104160,-0.002089,0.0000006,0.0024999
15,5.275000,0.1006377,0.4856293,1.1104080,-0.002089,0.0000006,0.0025000
15,5.279167,0.1006419,0.4856287,1.1103990,-0.002174,0.0000005,0.0025000
15,5.283333,0.1006461,0.4856280,1.1103900,-0.002146,0.0000005,0.0025000
15,5.287500,0.1006504,0.4856273,1.1103810,-0.002203,0.0000005,0.0025001
15,5.291667,0.1006547,0.4856267,1.1103710,-0.002232,0.0000005,0.0025001
15,5.295833,0.1006591,0.4856260,1.1103620,-0.002260,0.0000005,0.0025001
15,5.300000,0.1006635,0.4856253,1.1103520,-0.002289,0.0000004,0.0025001
15,5.304167,0.1006680,0.4856246,1.1103430,-0.002317,0.0000005,0.0024999
15,5.308333,0.1006725,0.4856240,1.1103330,-0.002346,0.0000004,0.0025000
15,5.312500,0.1006771,0.4856233,1.1103230,-0.002403,0.0000005,0.0025001
15,5.316667,0.1006817,0.4856226,1.1103130,-0.002375,0.0000004,0.0025001
15,5.320833,0.1006865,0.4856220,1.1103030,-0.002403,0.0000005,0.0025001
15,5.325000,0.1006912,0.4856213,1.1102930,-0.002432,0.0000005,0.0025000
15,5.329167,0.1006961,0.4856206,1.1102820,-0.002489,0.0000005,0.0025001
15,5.333333,0.1007009,0.4856199,1.1102720,-0.002489,0.0000005,0.0024999
15,5.337500,0.1007059,0.4856192,1.1102610,-0.002575,0.0000005,0.0025001
15,5.341667,0.1007109,0.4856185,1.1102510,-0.002546,0.0000005,0.0025001
15,5.345833,0.1007159,0.4856178,1.1102400,-0.002575,0.0000004,0.0025002
15,5.350000,0.1007210,0.4856171,1.1102290,-0.002632,0.0000004,0.0025000
15,5.354167,0.1007262,0.4856165,1.1102180,-0.002661,0.0000004,0.0025001
15,5.358333,0.1007314,0.4856158,1.1102070,-0.002661,0.0000004,0.0025000
15,5.362500,0.1007367,0.4856151,1.1101960,-0.002689,0.0000005,0.0025001
15,5.366667,0.1007420,0.4856144,1.1101840,-0.002689,0.0000005,0.0025002
15,5.370833,0.1007474,0.4856137,1.1101730,-0.002775,0.0000006,0.0025000
15,5.375000,0.1007528,0.4856130,1.1101610,-0.002775,0.0000005,0.0025000
15,5.379167,0.1007583,0.4856123,1.1101500,-0.002775,0.0000004,0.0025000
15,5.383333,0.1007638,0.4856117,1.1101380,-0.002775,0.0000004,0.0025000
15,5.387500,0.1007694,0.4856110,1.1101260,-0.002861,0.0000005,0.0025000
15,5.391667,0.1007750,0.4856103,1.1101140,-0.002890,0.0000005,0.0025001
15,5.395833,0.1007807,0.4856096,1.1101020,-0.002918,0.0000006,0.0025000
15,5.400000,0.1007864,0.4856090,1.1100900,-0.002890,0.0000004,0.0025001
15,5.404167,0.1007923,0.4856083,1.1100780,-0.002975,0.0000006,0.0025001
15,5.408333,0.1007981,0.4856076,1.1100650,-0.002947,0.0000004,0.0025002
15,5.412500,0.1008040,0.4856069,1.1100530,-0.003033,0.0000006,0.0025000
15,5.416667,0.1008099,0.4856063,1.1100400,-0.002975,0.0000006,0.0025001
15,5.420833,0.1008160,0.4856056,1.1100280,-0.003033,0.0000005,0.0025000
15,5.425000,0.1008220,0.4856050,1.1100150,-0.003090,0.0000005,0.0025001
15,5.429167,0.1008281,0.4856043,1.1100020,-0.003090,0.0000005,0.0025000
15,5.433333,0.1008342,0.4856037,1.1099890,-0.003090,0.0000005,0.0025000
15,5.437500,0.1008405,0.4856030,1.1099760,-0.003119,0.0000006,0.0025000
15,5.441667,0.1008467,0.4856024,1.1099630,-0.003176,0.0000005,0.0025001
15,5.445833,0.1008530,0.4856018,1.1099500,-0.003176,0.0000004,0.0025001
15,5.450000,0.1008594,0.4856011,1.1099360,-0.003233,0.0000005,0.0025001
15,5.454167,0.1008658,0.4856004,1.1099230,-0.003233,0.0000006,0.0025001
15,5.458333,0.1008722,0.4855998,1.1099090,-0.003204,0.0000004,0.0025000
15,5.462500,0.1008787,0.4855992,1.1098960,-0.003290,0.0000006,0.0025000
15,5.466667,0.1008853,0.4855986,1.1098820,-0.003262,0.0000006,0.0025002
15,5.470833,0.1008919,0.4855980,1.1098680,-0.003319,0.0000005,0.0025000
15,5.475000,0.1008985,0.4855974,1.1098540,-0.003290,0.0000005,0.0025000
15,5.479167,0.1009052,0.4855968,1.1098400,-0.003376,0.0000005,0.0025001
15,5.483333,0.1009119,0.4855962,1.1098260,-0.003405,0.0000007,0.0025001
15,5.487500,0.1009187,0.4855956,1.1098120,-0.003376,0.0000005,0.0025001
15,5.491667,0.1009255,0.4855950,1.1097980,-0.003433,0.0000005,0.0025001
15,5.495833,0.1009324,0.4855944,1.1097840,-0.003433,0.0000006,0.0025002
15,5.500000,0.1009393,0.4855939,1.1097690,-0.003433,0.0000004,0.0025001
15,5.504167,0.1009463,0.4855933,1.1097550,-0.003490,0.0000006,0.0025002
15,5.508333,0.1009533,0.4855927,1.1097400,-0.003519,0.0000006,0.0025002
15,5.512500,0.1009604,0.4855922,1.1097250,-0.003519,0.0000006,0.0025000
15,5.516667,0.1009674,0.4855916,1.1097110,-0.003548,0.0000005,0.0025002
15,5.520833,0.1009746,0.4855911,1.1096960,-0.003576,0.0000006,0.0025000
15,5.525000,0.1009818,0.4855905,1.1096810,-0.003519,0.0000005,0.0025001
15,5.529167,0.1009890,0.4855900,1.1096660,-0.003662,0.0000006,0.0024999
15,5.533333,0.1009963,0.4855895,1.1096510,-0.003576,0.0000005,0.0025001
15,5.537500,0.1010036,0.4855889,1.1096350,-0.003691,0.0000006,0.0025000
15,5.541667,0.1010110,0.4855884,1.1096200,-0.003605,0.0000006,0.0025000
15,5.545833,0.1010184,0.4855879,1.1096050,-0.003662,0.0000005,0.0025000
15,5.550000,0.1010258,0.4855874,1.1095900,-0.003748,0.0000005,0.0025001
15,5.554167,0.1010333,0.4855869,1.1095740,-0.003691,0.0000004,0.0025001
15,5.558333,0.1010408,0.4855865,1.1095590,-0.003691,0.0000005,0.0025001
15,5.562500,0.1010484,0.4855860,1.1095430,-0.003777,0.0000003,0.0025001
15,5.566667,0.1010560,0.4855855,1.1095270,-0.003748,0.0000004,0.0025001
15,5.570833,0.1010637,0.4855851,1.1095120,-0.003805,0.0000004,0.0025001
15,5.575000,0.1010713,0.4855847,1.1094960,-0.003777,0.0000004,0.0025001
15,5.579167,0.1010791,0.4855842,1.1094800,-0.003834,0.0000005,0.0025001
15,5.583333,0.1010868,0.4855838,1.1094640,-0.003834,0.0000006,0.0025001
15,5.587500,0.1010947,0.4855834,1.1094480,-0.003834,0.0000005,0.0024999
15,5.591667,0.1011025,0.4855829,1.1094320,-0.003834,0.0000005,0.0025001
15,5.595833,0.1011104,0.4855825,1.1094160,-0.003920,0.0000006,0.0025000
15,5.600000,0.1011183,0.4855821,1.1093990,-0.003920,0.0000005,0.0025000
15,5.604167,0.1011263,0.4855817,1.1093830,-0.003920,0.0000006,0.0025000
15,5.608333,0.1011343,0.4855813,1.1093670,-0.003891,0.0000006,0.0025000
15,5.612500,0.1011423,0.4855810,1.1093500,-0.003977,0.0000005,0.0025001
15,5.616667,0.1011503,0.4855806,1.1093340,-0.003948,0.0000006,0.0024999
15,5.620833,0.1011585,0.4855802,1.1093170,-0.003977,0.0000006,0.0025000
15,5.625000,0.1011666,0.4855799,1.1093010,-0.003977,0.0000005,0.0025001
15,5.629167,0.1011748,0.4855795,1.1092840,-0.004034,0.0000007,0.0024999
15,5.633333,0.1011830,0.4855792,1.1092670,-0.004005,0.0000006,0.0025001
15,5.637500,0.1011913,0.4855788,1.1092500,-0.004063,0.0000006,0.0025002
15,5.641667,0.1011996,0.4855785,1.1092330,-0.004034,0.0000005,0.0025001
15,5.645833,0.1012079,0.4855782,1.1092160,-0.004091,0.0000007,0.0025001
15,5.650000,0.1012162,0.4855779,1.1092000,-0.004034,0.0000007,0.0025002
15,5.654167,0.1012246,0.4855776,1.1091820,-0.004148,0.0000006,0.0025000
15,5.658333,0.1012330,0.4855773,1.1091650,-0.004091,0.0000006,0.0025001
15,5.662500,0.1012415,0.4855770,1.1091480,-0.004148,0.0000006,0.0025001
15,5.666667,0.1012500,0.4855767,1.1091310,-0.004120,0.0000005,0.0025001
15,5.670833,0.1012585,0.4855765,1.1091130,-0.004148,0.0000005,0.0025000
15,5.675000,0.1012670,0.4855762,1.1090960,-0.004177,0.0000005,0.0025001
15,5.679167,0.1012756,0.4855759,1.1090790,-0.004177,0.0000006,0.0025001
15,5.683333,0.1012842,0.4855757,1.1090610,-0.004206,0.0000005,0.0025001
15,5.687500,0.1012929,0.4855754,1.1090440,-0.004206,0.0000006,0.0025002
15,5.691667,0.1013015,0.4855752,1.1090260,-0.004206,0.0000006,0.0025001
15,5.695833,0.1013103,0.4855749,1.1090080,-0.004234,0.0000006,0.0025000
15,5.700000,0.1013190,0.4855748,1.1089910,-0.004263,0.0000005,0.0025002
15,5.704167,0.1013278,0.4855745,1.1089730,-0.004263,0.0000007,0.0025001
15,5.708333,0.1013365,0.4855743,1.1089550,-0.004263,0.0000026,0.0025002
15,5.712500,0.1013454,0.4855741,1.1089370,-0.004292,0.0000049,0.0025001
15,5.716667,0.1013542,0.4855739,1.1089190,-0.004292,0.0000072,0.0025002
15,5.720833,0.1013631,0.4855737,1.1089020,-0.004292,0.0000084,0.0025002
15,5.725000,0.1013720,0.4855735,1.1088840,-0.004320,0.0000081,0.0025001
15,5.729167,0.1013809,0.4855734,1.1088650,-0.004349,0.0000055,0.0025002
15,5.733333,0.1013899,0.4855732,1.1088470,-0.004320,0.0000007,0.0025002
15,5.737500,0.1013989,0.4855730,1.1088290,-0.004377,0.0000076,0.0025000
15,5.741667,0.1014078,0.4855728,1.1088110,-0.004320,0.0000368,0.0025000
15,5.745833,0.1014169,0.4855727,1.1087930,-0.004377,0.0000734,0.0025001
15,5.750000,0.1014259,0.4855725,1.1087740,-0.004435,0.0001035,0.0025001
15,5.754167,0.1014350,0.4855724,1.1087560,-0.004377,0.0000003,0.0025002
15,5.758333,0.1014441,0.4855723,1.1087380,-0.004377,0.0000003,0.0025000
15,5.762500,0.1014533,0.4855721,1.1087200,-0.004406,0.0000003,0.0025001
15,5.766667,0.1014624,0.4855720,1.1087010,-0.004463,0.0000003,0.0025001
15,5.770833,0.1014716,0.4855719,1.1086830,-0.004406,0.0000004,0.0025000
15,5.775000,0.1014808,0.4855718,1.1086640,-0.004435,0.0000004,0.0025000
15,5.779167,0.1014900,0.4855717,1.1086460,-0.004463,0.0000003,0.0025000
15,5.783333,0.1014992,0.4855715,1.1086270,-0.004463,0.0000003,0.0025000
15,5.787500,0.1015085,0.4855714,1.1086080,-0.004492,0.0000004,0.0025000
15,5.791667,0.1015178,0.4855713,1.1085900,-0.004463,0.0000003,0.0024999
15,5.795833,0.1015271,0.4855712,1.1085710,-0.004492,0.0000003,0.0025002
15,5.800000,0.1015364,0.4855711,1.1085520,-0.004492,0.0000003,0.0025000
15,5.804167,0.1015458,0.4855710,1.1085330,-0.004520,0.0000004,0.0025001
15,5.808333,0.1015552,0.4855709,1.1085150,-0.004520,0.0000003,0.0025001
15,5.812500,0.1015646,0.4855708,1.1084960,-0.004492,0.0000004,0.0024999
15,5.816667,0.1015740,0.4855708,1.1084770,-0.004578,0.0000003,0.0025000
15,5.820833,0.1015834,0.4855708,1.1084580,-0.004520,0.0000004,0.0024999
15,5.825000,0.1015928,0.4855706,1.1084390,-0.004549,0.0000003,0.0025000
15,5.829167,0.1016023,0.4855705,1.1084200,-0.004549,0.0000003,0.0025001
15,5.833333,0.1016117,0.4855705,1.1084010,-0.004578,0.0000004,0.0025000
15,5.837500,0.1016212,0.4855705,1.1083820,-0.004549,0.0000004,0.0025000
15,5.841667,0.1016307,0.4855704,1.1083630,-0.004606,0.0000004,0.0025000
15,5.845833,0.1016403,0.4855703,1.1083440,-0.004606,0.0000003,0.0025001
15,5.850000,0.1016498,0.4855703,1.1083250,-0.004549,0.0000003,0.0025001
15,5.854167,0.1016594,0.4855702,1.1083050,-0.004606,0.0000003,0.0025001
15,5.858333,0.1016689,0.4855702,1.1082860,-0.004606,0.0000003,0.0025001
15,5.862500,0.1016785,0.4855701,1.1082670,-0.004606,0.0000004,0.0025001
15,5.866667,0.1016881,0.4855701,1.1082480,-0.004606,0.0000003,0.0025002
15,5.870833,0.1016977,0.4855700,1.1082290,-0.004606,0.0000003,0.0025002
15,5.875000,0.1017073,0.4855700,1.1082090,-0.004663,0.0000004,0.0025002
15,5.879167,0.1017170,0.4855700,1.1081900,-0.004635,0.0000004,0.0025001
15,5.883333,0.1017266,0.4855700,1.1081710,-0.004606,0.0000004,0.0025001
15,5.887500,0.1017363,0.4855699,1.1081510,-0.004663,0.0000005,0.0025000
15,5.891667,0.1017460,0.4855699,1.1081320,-0.004635,0.0000004,0.0025001
15,5.895833,0.1017556,0.4855698,1.1081130,-0.004663,0.0000005,0.0025000
15,5.900000,0.1017653,0.4855698,1.1080930,-0.004663,0.0000005,0.0024999
15,5.904167,0.1017750,0.4855698,1.1080740,-0.004663,0.0000006,0.0024999
15,5.908333,0.1017847,0.4855698,1.1080540,-0.004663,0.0000005,0.0024999
15,5.912500,0.1017945,0.4855697,1.1080350,-0.004692,0.0000004,0.0025000
15,5.916667,0.1018042,0.4855697,1.1080150,-0.004663,0.0000005,0.0025000
15,5.920833,0.1018139,0.4855697,1.1079960,-0.004692,0.0000004,0.0025000
15,5.925000,0.1018237,0.4855697,1.1079760,-0.004663,0.0000005,0.0024999
15,5.929167,0.1018334,0.4855696,1.1079570,-0.004692,0.0000004,0.0025000
15,5.933333,0.1018432,0.4855696,1.1079370,-0.004692,0.0000004,0.0025000
15,5.937500,0.1018529,0.4855696,1.1079180,-0.004692,0.0000004,0.0025000
15,5.941667,0.1018627,0.4855696,1.1078980,-0.004721,0.0000005,0.0024999
15,5.945833,0.1018725,0.4855695,1.1078780,-0.004692,0.0000004,0.0025000
15,5.950000,0.1018823,0.4855695,1.1078590,-0.004692,0.0000004,0.0025000
15,5.954167,0.1018921,0.4855695,1.1078390,-0.004692,0.0000004,0.0024999
15,5.958333,0.1019019,0.4855695,1.1078200,-0.004692,0.0000004,0.0025000
15,5.962500,0.1019117,0.4855695,1.1078000,-0.004721,0.0000004,0.0025001
15,5.966667,0.1019215,0.4855695,1.1077800,-0.004721,0.0000004,0.0025000
15,5.970833,0.1019313,0.4855695,1.1077610,-0.004721,0.0000004,0.0025001
15,5.975000,0.1019411,0.4855695,1.1077410,-0.004663,0.0000004,0.0025001
15,5.979167,0.1019509,0.4855694,1.1077220,-0.004749,0.0000004,0.0025001
15,5.983333,0.1019607,0.4855694,1.1077020,-0.004721,0.0000004,0.0025001
15,5.987500,0.1019705,0.4855694,1.1076820,-0.004692,0.0000004,0.0025000
15,5.991667,0.1019803,0.4855694,1.1076630,-0.004749,0.0000004,0.0025000
15,5.995833,0.1019902,0.4855694,1.1076430,-0.004692,0.0000004,0.0025001
15,6.000000,0.1020000,0.4855694,1.1076230,-0.004721,0.0000004,0.0025001
15,6.004167,0.1020098,0.4855694,1.1076040,-0.004692,0.0000004,0.0025001
15,6.008333,0.1020196,0.4855694,1.1075840,-0.004721,0.0000004,0.0025001
15,6.012500,0.1020294,0.4855694,1.1075640,-0.004721,0.0000004,0.0025001
15,6.016667,0.1020392,0.4855694,1.1075450,-0.004692,0.0000004,0.0025001
15,6.020833,0.1020491,0.4855694,1.1075250,-0.004721,0.0000003,0.0025002
15,6.025000,0.1020589,0.4855694,1.1075060,-0.004721,0.0000003,0.0025001
15,6.029167,0.1020687,0.4855694,1.1074860,-0.004692,0.0000003,0.0025000
15,6.033333,0.1020785,0.4855694,1.1074660,-0.004692,0.0000004,0.0025001
15,6.037500,0.1020883,0.4855694,1.1074470,-0.004721,0.0000004,0.0025000
15,6.041667,0.1020981,0.4855694,1.1074270,-0.004721,0.0000004,0.0025001
15,6.045833,0.1021079,0.4855694,1.1074080,-0.004692,0.0000003,0.0025001
15,6.050000,0.1021176,0.4855694,1.1073880,-0.004692,0.0000004,0.0025000
15,6.054167,0.1021274,0.4855694,1.1073680,-0.004692,0.0000004,0.0025000
15,6.058333,0.1021372,0.4855694,1.1073490,-0.004692,0.0000004,0.0025000
15,6.062500,0.1021470,0.4855694,1.1073290,-0.004692,0.0000004,0.0025000
15,6.066667,0.1021568,0.4855694,1.1073100,-0.004692,0.0000004,0.0025001
15,6.070833,0.1021665,0.4855694,1.1072890,-0.004921,0.0000061,0.0024999
15,6.075000,0.1021763,0.4855694,1.1072670,-0.005322,0.0000213,0.0025002
15,6.079167,0.1021860,0.4855694,1.1072450,-0.005407,0.0000401,0.0025004
15,6.083333,0.1021958,0.4855694,1.1072220,-0.005350,0.0000571,0.0025005
15,6.087500,0.1022055,0.4855694,1.1072010,-0.005064,0.0000670,0.0025007
15,6.091667,0.1022152,0.4855694,1.1071820,-0.004549,0.0000642,0.0025007
15,6.095833,0.1022249,0.4855694,1.1071660,-0.003862,0.0000437,0.0025005
15,6.100000,0.1022346,0.4855694,1.1071540,-0.002947,0.0000003,0.0024998
15,6.104167,0.1022364,0.4855694,1.1071410,-0.003033,0.0000736,0.0024922
15,6.108333,0.1022382,0.4855694,1.1071250,-0.003920,0.0001044,0.0024896
15,6.112500,0.1021947,0.4855694,1.1071090,-0.003891,0.0000732,0.0024901
15,6.116667,0.1021511,0.4855694,1.1070960,-0.003061,0.0000512,0.0024927
15,6.120833,0.1020222,0.4855694,1.1070900,-0.001345,0.0000665,0.0024963
15,6.125000,0.1018933,0.4855694,1.1070950,0.001202,0.0000583,0.0024993
15,6.129167,0.1016447,0.4855695,1.1071150,0.004606,0.0000822,0.0025008
15,6.133333,0.1013961,0.4855695,1.1071510,0.008726,0.0000004,0.0025000
15,6.137500,0.1009986,0.4855696,1.1072010,0.011930,0.0000151,0.0024930
15,6.141667,0.1006012,0.4855697,1.1072580,0.013819,0.0000773,0.0024969
15,6.145833,0.1000309,0.4855699,1.1073250,0.016136,0.0000342,0.0025056
15,6.150000,0.0994608,0.4855700,1.1074050,0.018997,0.0000663,0.0025092
15,6.154167,0.0986987,0.4855703,1.1074970,0.022230,0.0000391,0.0025116
15,6.158333,0.0979365,0.4855706,1.1076050,0.025864,0.0000314,0.0025114
15,6.162500,0.0969679,0.4855710,1.1077290,0.029840,0.0000694,0.0025078
15,6.166667,0.0959992,0.4855714,1.1078720,0.034246,0.0000004,0.0024998
15,6.170833,0.0948141,0.4855719,1.1080310,0.038223,0.0000418,0.0024765
15,6.175000,0.0936287,0.4855725,1.1082040,0.041513,0.0000493,0.0024681
15,6.179167,0.0922206,0.4855731,1.1083900,0.044632,0.0000318,0.0024715
15,6.183333,0.0908124,0.4855738,1.1085880,0.047464,0.0000565,0.0024827
15,6.187500,0.0891790,0.4855745,1.1087970,0.050240,0.0000249,0.0024975
15,6.191667,0.0875454,0.4855752,1.1090170,0.052814,0.0000529,0.0025095
15,6.195833,0.0856881,0.4855761,1.1092470,0.055161,0.0000492,0.0025128
15,6.200000,0.0838305,0.4855769,1.1094860,0.057192,0.0000004,0.0024998
15,6.204167,0.0817536,0.4855779,1.1097330,0.059481,0.0000752,0.0024815
15,6.208333,0.0796768,0.4855788,1.1099890,0.061426,0.0000309,0.0024716
15,6.212500,0.0773879,0.4855799,1.1102510,0.062914,0.0000433,0.0024702
15,6.216667,0.0750988,0.4855810,1.1105170,0.063715,0.0000437,0.0024755
15,6.220833,0.0726086,0.4855822,1.1107840,0.064058,0.0000166,0.0024852
15,6.225000,0.0701178,0.4855835,1.1110500,0.063829,0.0000683,0.0024955
15,6.229167,0.0674389,0.4855849,1.1113130,0.063171,0.0000201,0.0025023
15,6.233333,0.0647595,0.4855863,1.1115710,0.061998,0.0000004,0.0024999
15,6.237500,0.0619070,0.4855879,1.1118260,0.061111,0.0000865,0.0024853
15,6.241667,0.0590541,0.4855895,1.1120770,0.060310,0.0000507,0.0024806
15,6.245833,0.0560456,0.4855913,1.1123220,0.058851,0.0000624,0.0024821
15,6.250000,0.0530363,0.4855931,1.1125590,0.056705,0.0000375,0.0024820
15,6.254167,0.0498905,0.4855952,1.1127840,0.054016,0.0000242,0.0024852
15,6.258333,0.0467440,0.4855973,1.1129950,0.050783,0.0000660,0.0024904
15,6.262500,0.0434817,0.4855995,1.1131920,0.047235,0.0000297,0.0024962
15,6.266667,0.0402182,0.4856018,1.1133720,0.043230,0.0000004,0.0024999
15,6.270833,0.0368608,0.4856044,1.1135380,0.039654,0.0000761,0.0024869
15,6.275000,0.0335027,0.4856070,1.1136880,0.036020,0.0000677,0.0024809
15,6.279167,0.0300732,0.4856099,1.1138210,0.032015,0.0000638,0.0024814
15,6.283333,0.0266429,0.4856128,1.1139360,0.027494,0.0000290,0.0024864
15,6.287500,0.0231649,0.4856160,1.1140310,0.022802,0.0000470,0.0024850
15,6.291667,0.0196862,0.4856192,1.1141050,0.017796,0.0000673,0.0024868
15,6.295833,0.0161840,0.4856228,1.1141590,0.012932,0.0000491,0.0024920
15,6.300000,0.0126806,0.4856264,1.1141910,0.007753,0.0000005,0.0025000
15,6.304167,0.0091781,0.4856304,1.1142040,0.003090,0.0000494,0.0024910
15,6.308333,0.0056749,0.4856344,1.1141960,-0.001917,0.0000682,0.0024848
15,6.312500,0.0021968,0.4856388,1.1141680,-0.006781,0.0000486,0.0024823
15,6.316667,-0.0012822,0.4856432,1.1141180,-0.011845,0.0000313,0.0024832
15,6.320833,-0.0047120,0.4856481,1.1140490,-0.016565,0.0000622,0.0024844
15,6.325000,-0.0081425,0.4856530,1.1139600,-0.021343,0.0000662,0.0024837
15,6.329167,-0.0115005,0.4856584,1.1138540,-0.025578,0.0000754,0.0024888
15,6.333333,-0.0148589,0.4856638,1.1137300,-0.029640,0.0000004,0.0025001
15,6.337500,-0.0181219,0.4856697,1.1135910,-0.033445,0.0000288,0.0024969
15,6.341667,-0.0213857,0.4856757,1.1134340,-0.037565,0.0000655,0.0024901
15,6.345833,-0.0245321,0.4856822,1.1132630,-0.041199,0.0000254,0.0024836
15,6.350000,-0.0276792,0.4856887,1.1130760,-0.044746,0.0000397,0.0024789
15,6.354167,-0.0306886,0.4856959,1.1128780,-0.047665,0.0000612,0.0024782
15,6.358333,-0.0336982,0.4857030,1.1126680,-0.050268,0.0000491,0.0024815
15,6.362500,-0.0365519,0.4857108,1.1124510,-0.052042,0.0000854,0.0024872
15,6.366667,-0.0394056,0.4857185,1.1122280,-0.053530,0.0000004,0.0025000
15,6.370833,-0.0420854,0.4857270,1.1120010,-0.054646,0.0000208,0.0025048
15,6.375000,-0.0447659,0.4857355,1.1117660,-0.056276,0.0000674,0.0024982
15,6.379167,-0.0472571,0.4857447,1.1115280,-0.057163,0.0000150,0.0024869
15,6.383333,-0.0497487,0.4857539,1.1112870,-0.057878,0.0000436,0.0024755
15,6.387500,-0.0520387,0.4857639,1.1110460,-0.057878,0.0000428,0.0024686
15,6.391667,-0.0543292,0.4857739,1.1108060,-0.057621,0.0000335,0.0024688
15,6.395833,-0.0564072,0.4857847,1.1105700,-0.056477,0.0000744,0.0024791
15,6.400000,-0.0584857,0.4857955,1.1103400,-0.055161,0.0000003,0.0025000
15,6.404167,-0.0603444,0.4858072,1.1101180,-0.053301,0.0000503,0.0025116
15,6.408333,-0.0622033,0.4858188,1.1099030,-0.051785,0.0000520,0.0025147
15,6.412500,-0.0638382,0.4858313,1.1096950,-0.049782,0.0000254,0.0025038
15,6.416667,-0.0654732,0.4858439,1.1094960,-0.047722,0.0000562,0.0024893
15,6.420833,-0.0668832,0.4858574,1.1093070,-0.045319,0.0000269,0.0024770
15,6.425000,-0.0682931,0.4858708,1.1091280,-0.042944,0.0000468,0.0024715
15,6.429167,-0.0694800,0.4858852,1.1089610,-0.040083,0.0000413,0.0024783
15,6.433333,-0.0706671,0.4858995,1.1088060,-0.037365,0.0000004,0.0024998
15,6.437500,-0.0716376,0.4859150,1.1086650,-0.033703,0.0000693,0.0025072
15,6.441667,-0.0726081,0.4859303,1.1085400,-0.029984,0.0000322,0.0025102
15,6.445833,-0.0733724,0.4859467,1.1084310,-0.026236,0.0000403,0.0025105
15,6.450000,-0.0741364,0.4859631,1.1083350,-0.023088,0.0000660,0.0025083
15,6.454167,-0.0747088,0.4859805,1.1082510,-0.020027,0.0000341,0.0025051
15,6.458333,-0.0752811,0.4859979,1.1081780,-0.017595,0.0000774,0.0024987
15,6.462500,-0.0756808,0.4860163,1.1081150,-0.015249,0.0000144,0.0024944
15,6.466667,-0.0760805,0.4860347,1.1080580,-0.013618,0.0000004,0.0024999
15,6.470833,-0.0763315,0.4860542,1.1080140,-0.010557,0.0000819,0.0025007
15,6.475000,-0.0765825,0.4860738,1.1079850,-0.006866,0.0000576,0.0024988
15,6.479167,-0.0767139,0.4860943,1.1079700,-0.003662,0.0000660,0.0024960
15,6.483333,-0.0768453,0.4861149,1.1079640,-0.001373,0.0000513,0.0024922
15,6.487500,-0.0768914,0.4861366,1.1079660,0.000372,0.0000734,0.0024900
15,6.491667,-0.0769376,0.4861582,1.1079710,0.001144,0.0001045,0.0024895
15,6.495833,-0.0769384,0.4861809,1.1079770,0.001488,0.0000738,0.0024926
15,6.500000,-0.0769393,0.4862036,1.1079800,0.000687,0.0000003,0.0024999
15,6.504167,-0.0769325,0.4862274,1.1079830,0.000858,0.0000435,0.0025008
15,6.508333,-0.0769256,0.4862512,1.1079900,0.001688,0.0000642,0.0025010
15,6.512500,-0.0769187,0.4862760,1.1080010,0.002604,0.0000668,0.0025012
15,6.516667,-0.0769119,0.4863008,1.1080140,0.003033,0.0000570,0.0025007
15,6.520833,-0.0769052,0.4863267,1.1080290,0.003605,0.0000400,0.0025008
15,6.525000,-0.0768985,0.4863525,1.1080440,0.003633,0.0000213,0.0025003
15,6.529167,-0.0768919,0.4863795,1.1080600,0.003805,0.0000061,0.0025004
15,6.533333,-0.0768853,0.4864063,1.1080740,0.003490,0.0000003,0.0024999
15,6.537500,-0.0768788,0.4864342,1.1080890,0.003576,0.0000005,0.0025003
15,6.541667,-0.0768722,0.4864620,1.1081040,0.003576,0.0000003,0.0025000
15,6.545833,-0.0768658,0.4864908,1.1081200,0.003777,0.0000003,0.0025002
15,6.550000,-0.0768594,0.4865197,1.1081360,0.003862,0.0000003,0.0025000
15,6.554167,-0.0768531,0.4865494,1.1081530,0.004091,0.0000003,0.0025001
15,6.558333,-0.0768467,0.4865791,1.1081700,0.004091,0.0000003,0.0024999
15,6.562500,-0.0768405,0.4866097,1.1081880,0.004349,0.0000004,0.0025003
15,6.566667,-0.0768343,0.4866402,1.1082060,0.004320,0.0000003,0.0025001
15,6.570833,-0.0768281,0.4866716,1.1082250,0.004606,0.0000004,0.0025003
15,6.575000,-0.0768220,0.4867029,1.1082440,0.004578,0.0000003,0.0025001
15,6.579167,-0.0768160,0.4867351,1.1082640,0.004807,0.0000004,0.0025003
15,6.583333,-0.0768100,0.4867672,1.1082850,0.004835,0.0000003,0.0025000
15,6.587500,-0.0768040,0.4868000,1.1083060,0.005035,0.0000003,0.0025000
15,6.591667,-0.0767981,0.4868328,1.1083260,0.005007,0.0000004,0.0024999
15,6.595833,-0.0767923,0.4868663,1.1083480,0.005236,0.0000004,0.0024999
15,6.600000,-0.0767865,0.4868996,1.1083700,0.005236,0.0000003,0.0024999
15,6.604167,-0.0767808,0.4869336,1.1083930,0.005407,0.0000004,0.0025002
15,6.608333,-0.0767750,0.4869676,1.1084150,0.005407,0.0000003,0.0025001
15,6.612500,-0.0767694,0.4870020,1.1084380,0.005550,0.0000004,0.0025002
15,6.616667,-0.0767638,0.4870365,1.1084610,0.005579,0.0000003,0.0025000
15,6.620833,-0.0767583,0.4870712,1.1084850,0.005722,0.0000003,0.0025000
15,6.625000,-0.0767528,0.4871060,1.1085090,0.005693,0.0000005,0.0024997
15,6.629167,-0.0767474,0.4871411,1.1085330,0.005836,0.0000005,0.0024999
15,6.633333,-0.0767420,0.4871763,1.1085580,0.005808,0.0000003,0.0025000
15,6.637500,-0.0767367,0.4872116,1.1085820,0.005951,0.0000004,0.0025002
15,6.641667,-0.0767314,0.4872469,1.1086070,0.005951,0.0000003,0.0025001
15,6.645833,-0.0767262,0.4872824,1.1086320,0.006008,0.0000004,0.0025000
15,6.650000,-0.0767210,0.4873178,1.1086570,0.006037,0.0000003,0.0024999
15,6.654167,-0.0767160,0.4873533,1.1086830,0.006065,0.0000003,0.0025000
15,6.658333,-0.0767109,0.4873888,1.1087080,0.006065,0.0000005,0.0024997
15,6.662500,-0.0767059,0.4874243,1.1087340,0.006151,0.0000004,0.0024997
15,6.666667,-0.0767010,0.4874597,1.1087590,0.006094,0.0000003,0.0025000
15,6.670833,-0.0766961,0.4874950,1.1087850,0.006180,0.0000004,0.0025000
15,6.675000,-0.0766913,0.4875303,1.1088100,0.006123,0.0000003,0.0025001
15,6.679167,-0.0766865,0.4875654,1.1088360,0.006123,0.0000004,0.0024999
15,6.683333,-0.0766818,0.4876005,1.1088610,0.006180,0.0000003,0.0025001
15,6.687500,-0.0766771,0.4876353,1.1088870,0.006123,0.0000005,0.0024998
15,6.691667,-0.0766725,0.4876700,1.1089120,0.006123,0.0000004,0.0025000
15,6.695833,-0.0766680,0.4877044,1.1089380,0.006094,0.0000006,0.0024997
15,6.700000,-0.0766635,0.4877388,1.1089630,0.006094,0.0000004,0.0025000
15,6.704167,-0.0766591,0.4877727,1.1089880,0.006008,0.0000004,0.0024999
15,6.708333,-0.0766547,0.4878066,1.1090130,0.006037,0.0000004,0.0025002
15,6.712500,-0.0766504,0.4878400,1.1090380,0.005951,0.0000005,0.0024999
15,6.716667,-0.0766461,0.4878733,1.1090630,0.005922,0.0000004,0.0025000
15,6.720833,-0.0766420,0.4879061,1.1090870,0.005865,0.0000005,0.0024997
15,6.725000,-0.0766378,0.4879388,1.1091120,0.005865,0.0000004,0.0024998
15,6.729167,-0.0766337,0.4879709,1.1091360,0.005751,0.0000005,0.0024996
15,6.733333,-0.0766297,0.4880029,1.1091600,0.005779,0.0000003,0.0025000
15,6.737500,-0.0766257,0.4880343,1.1091830,0.005636,0.0000004,0.0024999
15,6.741667,-0.0766218,0.4880656,1.1092070,0.005636,0.0000003,0.0025002
15,6.745833,-0.0766180,0.4880960,1.1092300,0.005465,0.0000004,0.0025000
15,6.750000,-0.0766142,0.4881265,1.1092520,0.005465,0.0000003,0.0025000
15,6.754167,-0.0766105,0.4881561,1.1092750,0.005322,0.0000004,0.0024997
15,6.758333,-0.0766068,0.4881858,1.1092970,0.005322,0.0000004,0.0025000
15,6.762500,-0.0766032,0.4882144,1.1093180,0.005207,0.0000006,0.0024996
15,6.766667,-0.0765996,0.4882431,1.1093400,0.005121,0.0000004,0.0025000
15,6.770833,-0.0765962,0.4882709,1.1093610,0.005007,0.0000005,0.0024998
15,6.775000,-0.0765927,0.4882986,1.1093810,0.005007,0.0000004,0.0025001
15,6.779167,-0.0765894,0.4883254,1.1094020,0.004835,0.0000004,0.0024998
15,6.783333,-0.0765861,0.4883521,1.1094220,0.004807,0.0000004,0.0025001
15,6.787500,-0.0765828,0.4883778,1.1094410,0.004635,0.0000004,0.0024997
15,6.791667,-0.0765796,0.4884036,1.1094600,0.004635,0.0000003,0.0025000
15,6.795833,-0.0765765,0.4884283,1.1094790,0.004463,0.0000004,0.0024997
15,6.800000,-0.0765734,0.4884529,1.1094970,0.004435,0.0000003,0.0025000
15,6.804167,-0.0765704,0.4884766,1.1095150,0.004263,0.0000004,0.0024998
15,6.808333,-0.0765675,0.4885002,1.1095330,0.004206,0.0000003,0.0025000
15,6.812500,-0.0765646,0.4885227,1.1095500,0.004063,0.0000004,0.0024998
15,6.816667,-0.0765618,0.4885452,1.1095660,0.004005,0.0000003,0.0024999
15,6.820833,-0.0765590,0.4885667,1.1095820,0.003862,0.0000005,0.0024997
15,6.825000,-0.0765563,0.4885882,1.1095980,0.003834,0.0000003,0.0025000
15,6.829167,-0.0765537,0.4886086,1.1096130,0.003605,0.0000005,0.0024997
15,6.833333,-0.0765511,0.4886289,1.1096290,0.003691,0.0000004,0.0025000
15,6.837500,-0.0765486,0.4886482,1.1096430,0.003376,0.0000006,0.0024996
15,6.841667,-0.0765462,0.4886675,1.1096570,0.003462,0.0000004,0.0025000
15,6.845833,-0.0765438,0.4886857,1.1096710,0.003262,0.0000005,0.0024997
15,6.850000,-0.0765415,0.4887039,1.1096840,0.003262,0.0000004,0.0024999
15,6.854167,-0.0765392,0.4887210,1.1096970,0.003004,0.0000726,0.0024999
15,6.858333,-0.0765370,0.4887382,1.1097100,0.003033,0.0000364,0.0025000
15,6.862500,-0.0765349,0.4887544,1.1097220,0.002890,0.0000075,0.0024997
15,6.866667,-0.0765328,0.4887705,1.1097330,0.002861,0.0000009,0.0025000
15,6.870833,-0.0765308,0.4887856,1.1097450,0.002689,0.0000056,0.0024997
15,6.875000,-0.0765288,0.4888007,1.1097560,0.002661,0.0000081,0.0025000
15,6.879167,-0.0765270,0.4888148,1.1097660,0.002489,0.0000085,0.0024998
15,6.883333,-0.0765251,0.4888289,1.1097760,0.002489,0.0000072,0.0025000
15,6.887500,-0.0765234,0.4888420,1.1097860,0.002317,0.0000050,0.0024999
15,6.891667,-0.0765217,0.4888552,1.1097960,0.002317,0.0000026,0.0025000
15,6.895833,-0.0765201,0.4888674,1.1098050,0.002203,0.0000011,0.0025000
15,6.900000,-0.0765185,0.4888796,1.1098140,0.002146,0.0000010,0.0025002
15,6.904167,-0.0765170,0.4888909,1.1098220,0.002031,0.0000011,0.0024998
15,6.908333,-0.0765155,0.4889022,1.1098300,0.001945,0.0000010,0.0025000
15,6.912500,-0.0765142,0.4889126,1.1098380,0.001888,0.0000012,0.0024998
15,6.916667,-0.0765128,0.4889230,1.1098460,0.001831,0.0000011,0.0025000
15,6.920833,-0.0765116,0.4889327,1.1098530,0.001745,0.0000011,0.0024998
15,6.925000,-0.0765104,0.4889423,1.1098610,0.001745,0.0000011,0.0025000
15,6.929167,-0.0765093,0.4889511,1.1098670,0.001574,0.0000012,0.0024997
15,6.933333,-0.0765082,0.4889599,1.1098740,0.001602,0.0000011,0.0024999
15,6.937500,-0.0765073,0.4889680,1.1098800,0.001459,0.0000013,0.0024997
15,6.941667,-0.0765063,0.4889760,1.1098860,0.001459,0.0000012,0.0024998
15,6.945833,-0.0765055,0.4889834,1.1098920,0.001373,0.0000013,0.0024997
15,6.950000,-0.0765046,0.4889908,1.1098970,0.001402,0.0000010,0.0024999
15,6.954167,-0.0765039,0.4889974,1.1099030,0.001230,0.0000010,0.0024999
15,6.958333,-0.0765032,0.4890041,1.1099080,0.001259,0.0000009,0.0024999
15,6.962500,-0.0765026,0.4890101,1.1099130,0.001202,0.0000011,0.0024998
15,6.966667,-0.0765021,0.4890161,1.1099180,0.001173,0.0000010,0.0025000
15,6.970833,-0.0765016,0.4890216,1.1099220,0.001059,0.0000012,0.0024997
15,6.975000,-0.0765012,0.4890270,1.1099270,0.001087,0.0000011,0.0024999
15,6.979167,-0.0765008,0.4890319,1.1099310,0.001030,0.0000012,0.0024997
15,6.983333,-0.0765005,0.4890368,1.1099350,0.001001,0.0000010,0.0025000
15,6.987500,-0.0765003,0.4890411,1.1099390,0.000944,0.0000011,0.0024998
15,6.991667,-0.0765001,0.4890454,1.1099430,0.000973,0.0000009,0.0025001
15,6.995833,-0.0765001,0.4890493,1.1099470,0.000858,0.0000011,0.0025000
15,7.000000,-0.0765000,0.4890532,1.1099510,0.000916,0.0000009,0.0025000
15,7.004167,-0.0765001,0.4890566,1.1099540,0.000858,0.0000011,0.0024998
15,7.008333,-0.0765001,0.4890600,1.1099580,0.000887,0.0000009,0.0025000
15,7.012500,-0.0765003,0.4890629,1.1099610,0.000801,0.0000010,0.0024998
15,7.016667,-0.0765005,0.4890659,1.1099640,0.000772,0.0000008,0.0024999
15,7.020833,-0.0765008,0.4890685,1.1099680,0.000772,0.0000010,0.0025000
15,7.025000,-0.0765012,0.4890711,1.1099710,0.000772,0.0000008,0.0025000
15,7.029167,-0.0765016,0.4890733,1.1099740,0.000772,0.0000008,0.0024998
15,7.033333,-0.0765021,0.4890755,1.1099770,0.000687,0.0000007,0.0024999
15,7.037500,-0.0765026,0.4890774,1.1099800,0.000772,0.0000010,0.0024999
15,7.041667,-0.0765032,0.4890793,1.1099830,0.000715,0.0000009,0.0024999
15,7.045833,-0.0765039,0.4890809,1.1099860,0.000744,0.0000011,0.0024999
15,7.050000,-0.0765046,0.4890825,1.1099890,0.000715,0.0000009,0.0025000
15,7.054167,-0.0765055,0.4890838,1.1099920,0.000744,0.0000009,0.0024999
15,7.058333,-0.0765063,0.4890850,1.1099950,0.000687,0.0000009,0.0025000
15,7.062500,-0.0765073,0.4890861,1.1099980,0.000687,0.0000010,0.0025000
15,7.066667,-0.0765082,0.4890870,1.1100010,0.000687,0.0000010,0.0025000
15,7.070833,-0.0765093,0.4890877,1.1100040,0.000715,0.0000011,0.0024999
15,7.075000,-0.0765104,0.4890884,1.1100070,0.000687,0.0000010,0.0025000
15,7.079167,-0.0765116,0.4890889,1.1100100,0.000687,0.0000009,0.0024999
15,7.083333,-0.0765128,0.4890893,1.1100120,0.000658,0.0000010,0.0024999
15,7.087500,-0.0765142,0.4890895,1.1100150,0.000715,0.0000010,0.0024998
15,7.091667,-0.0765155,0.4890896,1.1100180,0.000658,0.0000010,0.0024997
15,7.095833,-0.0765170,0.4890895,1.1100210,0.000687,0.0000010,0.0024998
15,7.100000,-0.0765185,0.4890895,1.1100240,0.000687,0.0000010,0.0024999
15,7.104167,-0.0765201,0.4890892,1.1100270,0.000715,0.0000011,0.0024998
15,7.108333,-0.0765217,0.4890890,1.1100300,0.000715,0.0000010,0.0024999
15,7.112500,-0.0765234,0.4890885,1.1100330,0.000715,0.0000010,0.0024998
15,7.116667,-0.0765251,0.4890880,1.1100360,0.000715,0.0000009,0.0024998
15,7.120833,-0.0765270,0.4890874,1.1100390,0.000715,0.0000009,0.0024998
15,7.125000,-0.0765288,0.4890867,1.1100420,0.000744,0.0000009,0.0024999
15,7.129167,-0.0765308,0.4890858,1.1100450,0.000772,0.0000008,0.0024999
15,7.133333,-0.0765328,0.4890850,1.1100480,0.000715,0.0000008,0.0025000
15,7.137500,-0.0765349,0.4890839,1.1100510,0.000744,0.0000009,0.0024999
15,7.141667,-0.0765370,0.4890828,1.1100540,0.000744,0.0000009,0.0025000
15,7.145833,-0.0765392,0.4890816,1.1100570,0.000801,0.0000009,0.0024999
15,7.150000,-0.0765415,0.4890803,1.1100610,0.000744,0.0000009,0.0025001
15,7.154167,-0.0765438,0.4890788,1.1100640,0.000772,0.0000010,0.0025000
15,7.158333,-0.0765462,0.4890773,1.1100670,0.000772,0.0000010,0.0025000
15,7.162500,-0.0765486,0.4890756,1.1100700,0.000772,0.0000010,0.0025001
15,7.166667,-0.0765511,0.4890739,1.1100730,0.000772,0.0000010,0.0025000
15,7.170833,-0.0765537,0.4890719,1.1100770,0.000744,0.0000010,0.0024999
15,7.175000,-0.0765563,0.4890699,1.1100800,0.000830,0.0000010,0.0025000
15,7.179167,-0.0765590,0.4890677,1.1100830,0.000772,0.0000012,0.0024998
15,7.183333,-0.0765618,0.4890655,1.1100860,0.000772,0.0000010,0.0025000
15,7.187500,-0.0765646,0.4890631,1.1100900,0.000801,0.0000011,0.0024998
15,7.191667,-0.0765675,0.4890607,1.1100930,0.000830,0.0000011,0.0024998
15,7.195833,-0.0765704,0.4890581,1.1100970,0.000801,0.0000011,0.0024998
15,7.200000,-0.0765734,0.4890556,1.1101000,0.000801,0.0000009,0.0024999
15,7.204167,-0.0765765,0.4890529,1.1101030,0.000830,0.0000010,0.0025000
15,7.208333,-0.0765796,0.4890501,1.1101070,0.000830,0.0000010,0.0025000
15,7.212500,-0.0765828,0.4890472,1.1101100,0.000830,0.0000010,0.0024999
15,7.216667,-0.0765861,0.4890442,1.1101140,0.000801,0.0000008,0.0025000
15,7.220833,-0.0765894,0.4890410,1.1101170,0.000858,0.0000010,0.0024998
15,7.225000,-0.0765927,0.4890379,1.1101210,0.000858,0.0000010,0.0024999
15,7.229167,-0.0765962,0.4890345,1.1101240,0.000830,0.0000010,0.0024998
15,7.233333,-0.0765996,0.4890311,1.1101280,0.000830,0.0000009,0.0024999
15,7.237500,-0.0766032,0.4890274,1.1101310,0.000830,0.0000009,0.0024998
15,7.241667,-0.0766068,0.4890237,1.1101350,0.000858,0.0000009,0.0025000
15,7.245833,-0.0766105,0.4890198,1.1101380,0.000858,0.0000010,0.0024998
15,7.250000,-0.0766142,0.4890158,1.1101420,0.000830,0.0000008,0.0024999
15,7.254167,-0.0766180,0.4890116,1.1101450,0.000801,0.0000010,0.0024999
15,7.258333,-0.0766218,0.4890073,1.1101490,0.000830,0.0000010,0.0024999
15,7.262500,-0.0766257,0.4890028,1.1101520,0.000772,0.0000009,0.0024999
15,7.266667,-0.0766297,0.4889982,1.1101550,0.000744,0.0000009,0.0025000
15,7.270833,-0.0766337,0.4889933,1.1101580,0.000801,0.0000011,0.0024999
15,7.275000,-0.0766378,0.4889884,1.1101620,0.000801,0.0000009,0.0025000
15,7.279167,-0.0766420,0.4889831,1.1101640,0.000687,0.0000010,0.0024999
15,7.283333,-0.0766461,0.4889779,1.1101680,0.000744,0.0000009,0.0025000
15,7.287500,-0.0766504,0.4889723,1.1101700,0.000715,0.0000010,0.0024998
15,7.291667,-0.0766547,0.4889666,1.1101730,0.000687,0.0000009,0.0024999
15,7.295833,-0.0766591,0.4889606,1.1101760,0.000687,0.0000010,0.0024998
15,7.300000,-0.0766635,0.4889546,1.1101790,0.000687,0.0000009,0.0024999
15,7.304167,-0.0766680,0.4889481,1.1101820,0.000601,0.0000009,0.0024999
15,7.308333,-0.0766725,0.4889417,1.1101840,0.000601,0.0000009,0.0025000
15,7.312500,-0.0766771,0.4889348,1.1101860,0.000572,0.0000009,0.0024999
15,7.316667,-0.0766818,0.4889279,1.1101890,0.000572,0.0000009,0.0025000
15,7.320833,-0.0766865,0.4889205,1.1101910,0.000544,0.0000011,0.0024998
15,7.325000,-0.0766913,0.4889132,1.1101930,0.000515,0.0000010,0.0024999
15,7.329167,-0.0766961,0.4889053,1.1101950,0.000429,0.0000010,0.0024998
15,7.333333,-0.0767010,0.4888975,1.1101970,0.000486,0.0000009,0.0024998
15,7.337500,-0.0767059,0.4888892,1.1101980,0.000343,0.0000010,0.0024999
15,7.341667,-0.0767109,0.4888808,1.1102000,0.000372,0.0000009,0.0024998
15,7.345833,-0.0767160,0.4888720,1.1102010,0.000315,0.0000010,0.0024998
15,7.350000,-0.0767210,0.4888632,1.1102030,0.000315,0.0000007,0.0024999
15,7.354167,-0.0767262,0.4888538,1.1102040,0.000229,0.0000010,0.0024997
15,7.358333,-0.0767314,0.4888444,1.1102050,0.000229,0.0000008,0.0024999
15,7.362500,-0.0767367,0.4888345,1.1102050,0.000172,0.0000010,0.0024998
15,7.366667,-0.0767420,0.4888245,1.1102060,0.000172,0.0000008,0.0024999
15,7.370833,-0.0767474,0.4888141,1.1102060,0.000057,0.0000010,0.0024998
15,7.375000,-0.0767528,0.4888036,1.1102060,0.000057,0.0000008,0.0025000
15,7.379167,-0.0767583,0.4887925,1.1102060,0.000000,0.0000010,0.0024998
15,7.383333,-0.0767638,0.4887815,1.1102060,0.000000,0.0000009,0.0025000
15,7.387500,-0.0767694,0.4887698,1.1102060,-0.000114,0.0000011,0.0024998
15,7.391667,-0.0767750,0.4887582,1.1102060,-0.000086,0.0000010,0.0025000
15,7.395833,-0.0767808,0.4887460,1.1102050,-0.000143,0.0000011,0.0024997
15,7.400000,-0.0767865,0.4887338,1.1102040,-0.000200,0.0000010,0.0025000
15,7.404167,-0.0767923,0.4887210,1.1102030,-0.000286,0.0000013,0.0024998
15,7.408333,-0.0767981,0.4887082,1.1102020,-0.000257,0.0000010,0.0025001
15,7.412500,-0.0768040,0.4886948,1.1102000,-0.000372,0.0000011,0.0024999
15,7.416667,-0.0768100,0.4886815,1.1101990,-0.000401,0.0000009,0.0025001
15,7.420833,-0.0768160,0.4886675,1.1101970,-0.000429,0.0000010,0.0024999
15,7.425000,-0.0768220,0.4886535,1.1101950,-0.000458,0.0000008,0.0025000
15,7.429167,-0.0768281,0.4886389,1.1101930,-0.000544,0.0000009,0.0024999
15,7.433333,-0.0768343,0.4886244,1.1101900,-0.000572,0.0000009,0.0025000
15,7.437500,-0.0768405,0.4886092,1.1101880,-0.000629,0.0000011,0.0024998
15,7.441667,-0.0768467,0.4885941,1.1101850,-0.000658,0.0000010,0.0025001
15,7.445833,-0.0768531,0.4885784,1.1101820,-0.000715,0.0000010,0.0025000
15,7.450000,-0.0768594,0.4885628,1.1101790,-0.000715,0.0000009,0.0025001
15,7.454167,-0.0768658,0.4885465,1.1101760,-0.000830,0.0000010,0.0024999
15,7.458333,-0.0768722,0.4885303,1.1101720,-0.000772,0.0000009,0.0025002
15,7.462500,-0.0768788,0.4885135,1.1101690,-0.000916,0.0000009,0.0025000
15,7.466667,-0.0768853,0.4884968,1.1101650,-0.000916,0.0000010,0.0025001
15,7.470833,-0.0768919,0.4884795,1.1101610,-0.000944,0.0000009,0.0024999
15,7.475000,-0.0768985,0.4884623,1.1101570,-0.001001,0.0000009,0.0025000
15,7.479167,-0.0769052,0.4884445,1.1101520,-0.001030,0.0000010,0.0025000
15,7.483333,-0.0769119,0.4884268,1.1101480,-0.001030,0.0000010,0.0025001
15,7.487500,-0.0769187,0.4884086,1.1101430,-0.001116,0.0000010,0.0024999
15,7.491667,-0.0769256,0.4883904,1.1101390,-0.001059,0.0000008,0.0025001
15,7.495833,-0.0769325,0.4883718,1.1101340,-0.001173,0.0000009,0.0025000
15,7.500000,-0.0769393,0.4883532,1.1101290,-0.001144,0.0000010,0.0025000
15,7.504167,-0.0769463,0.4883342,1.1101240,-0.001230,0.0000012,0.0024998
15,7.508333,-0.0769533,0.4883152,1.1101190,-0.001202,0.0000011,0.0024999
15,7.512500,-0.0769604,0.4882959,1.1101140,-0.001259,0.0000010,0.0024999
15,7.516667,-0.0769675,0.4882765,1.1101090,-0.001230,0.0000009,0.0025001
15,7.520833,-0.0769746,0.4882568,1.1101030,-0.001316,0.0000010,0.0025000
15,7.525000,-0.0769818,0.4882372,1.1100980,-0.001259,0.0000008,0.0025000
15,7.529167,-0.0769891,0.4882172,1.1100930,-0.001287,0.0000009,0.0024999
15,7.533333,-0.0769963,0.4881974,1.1100870,-0.001287,0.0000009,0.0025000
15,7.537500,-0.0770036,0.4881772,1.1100820,-0.001287,0.0000010,0.0024999
15,7.541667,-0.0770110,0.4881570,1.1100760,-0.001345,0.0000010,0.0024999
15,7.545833,-0.0770184,0.4881367,1.1100710,-0.001316,0.0000010,0.0024998
15,7.550000,-0.0770258,0.4881164,1.1100650,-0.001316,0.0000009,0.0025000
15,7.554167,-0.0770333,0.4880959,1.1100600,-0.001316,0.0000008,0.0025000
15,7.558333,-0.0770408,0.4880755,1.1100550,-0.001287,0.0000008,0.0025000
15,7.562500,-0.0770484,0.4880550,1.1100490,-0.001287,0.0000009,0.0025000
15,7.566667,-0.0770560,0.4880344,1.1100440,-0.001316,0.0000009,0.0025000
15,7.570833,-0.0770637,0.4880138,1.1100390,-0.001230,0.0000008,0.0024998
15,7.575000,-0.0770714,0.4879933,1.1100340,-0.001230,0.0000009,0.0024999
15,7.579167,-0.0770791,0.4879727,1.1100280,-0.001230,0.0000009,0.0024999
15,7.583333,-0.0770869,0.4879522,1.1100230,-0.001202,0.0000008,0.0025000
15,7.587500,-0.0770947,0.4879316,1.1100180,-0.001173,0.0000008,0.0025001
15,7.591667,-0.0771025,0.4879112,1.1100140,-0.001173,0.0000008,0.0025001
15,7.595833,-0.0771104,0.4878908,1.1100090,-0.001116,0.0000009,0.0025000
15,7.600000,-0.0771183,0.4878704,1.1100050,-0.001059,0.0000009,0.0025000
15,7.604167,-0.0771263,0.4878501,1.1100000,-0.001059,0.0000010,0.0025000
15,7.608333,-0.0771343,0.4878298,1.1099960,-0.001059,0.0000010,0.0024999
15,7.612500,-0.0771423,0.4878097,1.1099920,-0.000973,0.0000009,0.0025000
15,7.616667,-0.0771504,0.4877896,1.1099880,-0.000944,0.0000010,0.0024999
15,7.620833,-0.0771585,0.4877698,1.1099840,-0.000858,0.0000009,0.0025000
15,7.625000,-0.0771666,0.4877499,1.1099810,-0.000830,0.0000010,0.0024999
15,7.629167,-0.0771748,0.4877304,1.1099770,-0.000772,0.0000008,0.0025000
15,7.633333,-0.0771831,0.4877108,1.1099740,-0.000744,0.0000010,0.0024999
15,7.637500,-0.0771913,0.4876916,1.1099720,-0.000629,0.0000010,0.0025000
15,7.641667,-0.0771996,0.4876724,1.1099690,-0.000658,0.0000010,0.0024999
15,7.645833,-0.0772079,0.4876535,1.1099670,-0.000544,0.0000009,0.0025000
15,7.650000,-0.0772163,0.4876347,1.1099650,-0.000515,0.0000010,0.0024999
15,7.654167,-0.0772247,0.4876162,1.1099630,-0.000401,0.0000008,0.0025001
15,7.658333,-0.0772331,0.4875977,1.1099610,-0.000401,0.0000009,0.0025000
15,7.662500,-0.0772415,0.4875796,1.1099600,-0.000257,0.0000009,0.0025002
15,7.666667,-0.0772500,0.4875616,1.1099590,-0.000286,0.0000009,0.0025000
15,7.670833,-0.0772585,0.4875440,1.1099590,-0.000114,0.0000009,0.0025001
15,7.675000,-0.0772671,0.4875264,1.1099580,-0.000143,0.0000009,0.0024999
15,7.679167,-0.0772757,0.4875093,1.1099580,0.000057,0.0000008,0.0025001
15,7.683333,-0.0772843,0.4874923,1.1099580,0.000000,0.0000011,0.0024999
15,7.687500,-0.0772929,0.4874756,1.1099590,0.000172,0.0000009,0.0025001
15,7.691667,-0.0773016,0.4874590,1.1099600,0.000172,0.0000009,0.0025000
15,7.695833,-0.0773103,0.4874430,1.1099610,0.000343,0.0000009,0.0025001
15,7.700000,-0.0773190,0.4874269,1.1099620,0.000315,0.0000009,0.0024999
15,7.704167,-0.0773278,0.4874113,1.1099640,0.000458,0.0000009,0.0025000
15,7.708333,-0.0773366,0.4873958,1.1099660,0.000486,0.0000009,0.0024999
15,7.712500,-0.0773454,0.4873808,1.1099690,0.000629,0.0000009,0.0025000
15,7.716667,-0.0773542,0.4873658,1.1099720,0.000658,0.0000009,0.0024999
15,7.720833,-0.0773631,0.4873513,1.1099750,0.000830,0.0000008,0.0025000
15,7.725000,-0.0773720,0.4873369,1.1099780,0.000744,0.0000009,0.0025000
15,7.729167,-0.0773810,0.4873230,1.1099820,0.001001,0.0000009,0.0025001
15,7.733333,-0.0773899,0.4873092,1.1099860,0.000973,0.0000009,0.0025000
15,7.737500,-0.0773989,0.4872958,1.1099910,0.001116,0.0000008,0.0025000
15,7.741667,-0.0774079,0.4872825,1.1099960,0.001116,0.0000009,0.0025001
15,7.745833,-0.0774169,0.4872698,1.1100010,0.001287,0.0000009,0.0025001
15,7.750000,-0.0774260,0.4872569,1.1100060,0.001259,0.0000009,0.0025001
15,7.754167,-0.0774351,0.4872447,1.1100120,0.001431,0.0000007,0.0025002
15,7.758333,-0.0774442,0.4872325,1.1100180,0.001402,0.0000009,0.0025000
15,7.762500,-0.0774533,0.4872209,1.1100250,0.001602,0.0000007,0.0025002
15,7.766667,-0.0774624,0.4872092,1.1100310,0.001602,0.0000008,0.0025001
15,7.770833,-0.0774716,0.4871980,1.1100390,0.001717,0.0000008,0.0025002
15,7.775000,-0.0774808,0.4871868,1.1100460,0.001745,0.0000009,0.0025000
15,7.779167,-0.0774901,0.4871762,1.1100540,0.001860,0.0000008,0.0025001
15,7.783333,-0.0774993,0.4871655,1.1100620,0.001917,0.0000010,0.0025001
15,7.787500,-0.0775086,0.4871554,1.1100700,0.001974,0.0000008,0.0025001
15,7.791667,-0.0775178,0.4871452,1.1100780,0.002003,0.0000010,0.0025000
15,7.795833,-0.0775272,0.4871356,1.1100870,0.002174,0.0000008,0.0025002
15,7.800000,-0.0775365,0.4871259,1.1100960,0.002117,0.0000009,0.0025001
15,7.804167,-0.0775458,0.4871166,1.1101060,0.002289,0.0000009,0.0025001
15,7.808333,-0.0775552,0.4871074,1.1101150,0.002317,0.0000009,0.0024999
15,7.812500,-0.0775646,0.4870986,1.1101250,0.002375,0.0000008,0.0025001
15,7.816667,-0.0775740,0.4870898,1.1101350,0.002403,0.0000010,0.0025000
15,7.820833,-0.0775834,0.4870813,1.1101460,0.002489,0.0000009,0.0025001
15,7.825000,-0.0775928,0.4870730,1.1101560,0.002489,0.0000010,0.0024999
15,7.829167,-0.0776023,0.4870649,1.1101670,0.002632,0.0000009,0.0025000
15,7.833333,-0.0776118,0.4870569,1.1101780,0.002632,0.0000009,0.0024999
15,7.837500,-0.0776213,0.4870492,1.1101890,0.002747,0.0000009,0.0025001
15,7.841667,-0.0776308,0.4870416,1.1102010,0.002718,0.0000008,0.0025002
15,7.845833,-0.0776403,0.4870342,1.1102120,0.002804,0.0000008,0.0025002
15,7.850000,-0.0776498,0.4870269,1.1102240,0.002775,0.0000007,0.0025000
15,7.854167,-0.0776594,0.4870198,1.1102360,0.002918,0.0000008,0.0025000
15,7.858333,-0.0776689,0.4870128,1.1102480,0.002890,0.0000008,0.0025000
15,7.862500,-0.0776785,0.4870059,1.1102600,0.002975,0.0000009,0.0025000
15,7.866667,-0.0776881,0.4869992,1.1102730,0.002975,0.0000010,0.0025001
15,7.870833,-0.0776978,0.4869926,1.1102860,0.003061,0.0000010,0.0025002
15,7.875000,-0.0777074,0.4869861,1.1102980,0.003033,0.0000009,0.0025001
15,7.879167,-0.0777170,0.4869798,1.1103110,0.003090,0.0000020,0.0025001
15,7.883333,-0.0777266,0.4869734,1.1103240,0.003119,0.0000031,0.0025001
15,7.887500,-0.0777363,0.4869672,1.1103370,0.003119,0.0000036,0.0025001
15,7.891667,-0.0777460,0.4869611,1.1103500,0.003176,0.0000034,0.0025001
15,7.895833,-0.0777557,0.4869551,1.1103640,0.003233,0.0000022,0.0025002
15,7.900000,-0.0777654,0.4869491,1.1103770,0.003204,0.0000009,0.0025002
15,7.904167,-0.0777751,0.4869432,1.1103910,0.003262,0.0000023,0.0025002
15,7.908333,-0.0777848,0.4869374,1.1104040,0.003262,0.0000018,0.0025001
15,7.912500,-0.0777945,0.4869316,1.1104180,0.003262,0.0000010,0.0025001
15,7.916667,-0.0778042,0.4869259,1.1104320,0.003290,0.0000032,0.0025000
15,7.920833,-0.0778140,0.4869202,1.1104460,0.003347,0.0000054,0.0025000
15,7.925000,-0.0778237,0.4869146,1.1104590,0.003290,0.0000058,0.0024999
15,7.929167,-0.0778334,0.4869090,1.1104730,0.003376,0.0000041,0.0024998
15,7.933333,-0.0778432,0.4869034,1.1104870,0.003290,0.0000009,0.0024999
15,7.937500,-0.0778530,0.4868979,1.1105010,0.003405,0.0000051,0.0024999
15,7.941667,-0.0778628,0.4868923,1.1105150,0.003347,0.0000064,0.0024999
15,7.945833,-0.0778725,0.4868868,1.1105290,0.003347,0.0000049,0.0024999
15,7.950000,-0.0778823,0.4868813,1.1105430,0.003376,0.0000025,0.0024999
15,7.954167,-0.0778921,0.4868759,1.1105570,0.003405,0.0000017,0.0025000
15,7.958333,-0.0779019,0.4868704,1.1105720,0.003405,0.0000034,0.0024999
15,7.962500,-0.0779117,0.4868649,1.1105860,0.003405,0.0000034,0.0025000
15,7.966667,-0.0779215,0.4868594,1.1106000,0.003376,0.0000009,0.0024999
15,7.970833,-0.0779313,0.4868539,1.1106140,0.003376,0.0000061,0.0024998
15,7.975000,-0.0779411,0.4868485,1.1106280,0.003405,0.0000089,0.0025000
15,7.979167,-0.0779509,0.4868429,1.1106420,0.003405,0.0000099,0.0024999
15,7.983333,-0.0779607,0.4868374,1.1106560,0.003347,0.0000088,0.0025000
15,7.987500,-0.0779706,0.4868319,1.1106700,0.003405,0.0000066,0.0025000
15,7.991667,-0.0779804,0.4868264,1.1106850,0.003405,0.0000036,0.0025000
15,7.995833,-0.0779902,0.4868208,1.1106990,0.003376,0.0000015,0.0024999
15,8.000000,-0.0780000,0.4868153,1.1107130,0.003405,0.0000010,0.0025000
15,8.004167,-0.0780098,0.4868097,1.1107270,0.003347,0.0000033,0.0025000
15,8.008333,-0.0780196,0.4868042,1.1107410,0.003347,0.0000067,0.0025000
15,8.012500,-0.0780294,0.4867985,1.1107550,0.003376,0.0000101,0.0025000
15,8.016666,-0.0780393,0.4867929,1.1107690,0.003376,0.0000120,0.0025001
15,8.020833,-0.0780491,0.4867872,1.1107830,0.003347,0.0000122,0.0025002
15,8.025000,-0.0780589,0.4867816,1.1107970,0.003347,0.0000102,0.0025001
15,8.029166,-0.0780687,0.4867759,1.1108110,0.003319,0.0000062,0.0025001
15,8.033334,-0.0780785,0.4867702,1.1108250,0.003347,0.0000008,0.0025002
15,8.037500,-0.0780883,0.4867645,1.1108390,0.003347,0.0000027,0.0025002
15,8.041667,-0.0780981,0.4867587,1.1108520,0.003347,0.0000021,0.0025001
15,8.045834,-0.0781079,0.4867530,1.1108660,0.003290,0.0000033,0.0023140
15,8.050000,-0.0781177,0.4867472,1.1108800,0.003319,0.0000064,0.0020470
15,8.054167,-0.0781275,0.4867414,1.1108940,0.003290,0.0000093,0.0017949
15,8.058333,-0.0781373,0.4867356,1.1109080,0.003319,0.0000098,0.0015614
15,8.062500,-0.0781470,0.4867299,1.1109210,0.003290,0.0000071,0.0013487
15,8.066667,-0.0781568,0.4867241,1.1109350,0.003347,0.0000009,0.0011590
15,8.070833,-0.0781665,0.4867183,1.1109490,0.003290,0.0000057,0.0009895
15,8.075000,-0.0781763,0.4867126,1.1109630,0.003290,0.0000083,0.0008358
15,8.079166,-0.0781860,0.4867069,1.1109760,0.003319,0.0000079,0.0006971
15,8.083333,-0.0781958,0.4867011,1.1109900,0.003290,0.0000056,0.0005725
15,8.087500,-0.0782055,0.4866954,1.1110040,0.003290,0.0000023,0.0004617
15,8.091666,-0.0782152,0.4866897,1.1110180,0.003290,0.0000010,0.0003645
15,8.095834,-0.0782249,0.4866841,1.1110310,0.003319,0.0000022,0.0002804
15,8.100000,-0.0782347,0.4866784,1.1110450,0.003290,0.0000011,0.0002089
15,8.104167,-0.0782443,0.4866727,1.1110590,0.003319,0.0000022,0.0001477
15,8.108334,-0.0782540,0.4866671,1.1110730,0.003319,0.0000046,0.0000960
15,8.112500,-0.0782637,0.4866615,1.1110860,0.003262,0.0000060,0.0000548
15,8.116667,-0.0782734,0.4866558,1.1111000,0.003262,0.0000066,0.0000259
15,8.120833,-0.0782830,0.4866502,1.1111140,0.003290,0.0000062,0.0000111
15,8.125000,-0.0782926,0.4866447,1.1111270,0.003290,0.0000048,0.0000119
15,8.129167,-0.0783022,0.4866391,1.1111410,0.003290,0.0000027,0.0000305
15,8.133333,-0.0783119,0.4866336,1.1111550,0.003290,0.0000009,0.0000680
15,8.137500,-0.0783215,0.4866281,1.1111680,0.003262,0.0000013,0.0001189
15,8.141666,-0.0783311,0.4866226,1.1111820,0.003290,0.0000108,0.0001789
15,8.145833,-0.0783406,0.4866172,1.1111960,0.003290,0.0000235,0.0002531
15,8.150000,-0.0783502,0.4866118,1.1112100,0.003319,0.0000351,0.0003463
15,8.154166,-0.0783597,0.4866064,1.1112230,0.003262,0.0000414,0.0004643
15,8.158334,-0.0783692,0.4866011,1.1112370,0.003290,0.0000390,0.0006132
15,8.162500,-0.0783787,0.4865958,1.1112510,0.003319,0.0000255,0.0007996
15,8.166667,-0.0783882,0.4865906,1.1112640,0.003262,0.0000008,0.0010316
15,8.170834,-0.0783977,0.4865854,1.1112780,0.003347,0.0000283,0.0013247
15,8.175000,-0.0784072,0.4865803,1.1112920,0.003319,0.0000452,0.0016841
15,8.179167,-0.0784166,0.4865753,1.1113060,0.003319,0.0000508,0.0021017
15,8.183333,-0.0784260,0.4865702,1.1113200,0.003347,0.0000456,0.0025001
15,8.187500,-0.0784354,0.4865653,1.1113340,0.003290,0.0000329,0.0025000
15,8.191667,-0.0784448,0.4865604,1.1113470,0.003319,0.0000169,0.0024999
15,8.195833,-0.0784542,0.4865556,1.1113610,0.003347,0.0000050,0.0025001
15,8.200000,-0.0784635,0.4865509,1.1113750,0.003319,0.0000011,0.0025001
15,8.204166,-0.0784729,0.4865462,1.1113890,0.003376,0.0000154,0.0025001
15,8.208333,-0.0784822,0.4865416,1.1114030,0.003347,0.0000346,0.0025000
15,8.212500,-0.0784914,0.4865370,1.1114170,0.003376,0.0000509,0.0025001
15,8.216666,-0.0785007,0.4865325,1.1114310,0.003376,0.0000601,0.0025000
15,8.220834,-0.0785099,0.4865282,1.1114460,0.003405,0.0000592,0.0025000
15,8.225000,-0.0785192,0.4865238,1.1114600,0.003405,0.0000475,0.0025000
15,8.229167,-0.0785284,0.4865196,1.1114740,0.003405,0.0000270,0.0025000
15,8.233334,-0.0785376,0.4865154,1.1114880,0.003376,0.0000010,0.0025000
15,8.237500,-0.0785467,0.4865113,1.1115020,0.003405,0.0000184,0.0024999
15,8.241667,-0.0785558,0.4865072,1.1115160,0.003433,0.0000233,0.0025000
15,8.245833,-0.0785649,0.4865033,1.1115310,0.003376,0.0000188,0.0025000
15,8.250000,-0.0785740,0.4864995,1.1115450,0.003462,0.0000096,0.0025000
15,8.254167,-0.0785831,0.4864957,1.1115590,0.003433,0.0000043,0.0024999
15,8.258333,-0.0785921,0.4864919,1.1115740,0.003462,0.0000104,0.0025000
15,8.262500,-0.0786011,0.4864883,1.1115880,0.003433,0.0000110,0.0024999
15,8.266666,-0.0786101,0.4864847,1.1116020,0.003433,0.0000010,0.0024999
15,8.270833,-0.0786190,0.4864813,1.1116170,0.003490,0.0000131,0.0024999
15,8.275000,-0.0786280,0.4864779,1.1116310,0.003462,0.0000203,0.0025000
15,8.279166,-0.0786369,0.4864746,1.1116460,0.003462,0.0000219,0.0025000
15,8.283334,-0.0786458,0.4864713,1.1116600,0.003490,0.0000188,0.0024999
15,8.287500,-0.0786546,0.4864682,1.1116750,0.003490,0.0000130,0.0024999
15,8.291667,-0.0786634,0.4864650,1.1116890,0.003490,0.0000064,0.0024999
15,8.295834,-0.0786722,0.4864620,1.1117040,0.003462,0.0000013,0.0025000
15,8.300000,-0.0786810,0.4864590,1.1117180,0.003490,0.0000009,0.0025000
15,8.304167,-0.0786897,0.4864562,1.1117330,0.003548,0.0000007,0.0024999
15,8.308333,-0.0786984,0.4864534,1.1117480,0.003519,0.0000007,0.0025000
15,8.312500,-0.0787071,0.4864506,1.1117620,0.003490,0.0000007,0.0024999
15,8.316667,-0.0787157,0.4864479,1.1117770,0.003490,0.0000007,0.0024999
15,8.320833,-0.0787243,0.4864453,1.1117910,0.003519,0.0000006,0.0025001
15,8.325000,-0.0787329,0.4864427,1.1118060,0.003490,0.0000008,0.0025000
15,8.329166,-0.0787415,0.4864403,1.1118210,0.003490,0.0000009,0.0025000
15,8.333333,-0.0787500,0.4864379,1.1118350,0.003548,0.0000009,0.0025000
15,8.337500,-0.0787585,0.4864355,1.1118500,0.003462,0.0000009,0.0025001
15,8.341666,-0.0787669,0.4864331,1.1118650,0.003548,0.0000008,0.0025000
15,8.345834,-0.0787753,0.4864309,1.1118790,0.003490,0.0000006,0.0024999
15,8.350000,-0.0787837,0.4864287,1.1118940,0.003490,0.0000007,0.0025000
15,8.354167,-0.0787921,0.4864266,1.1119080,0.003490,0.0000006,0.0025002
15,8.358334,-0.0788004,0.4864245,1.1119230,0.003490,0.0000007,0.0025001
15,8.362500,-0.0788087,0.4864224,1.1119370,0.003462,0.0000006,0.0024999
15,8.366667,-0.0788170,0.4864204,1.1119520,0.003490,0.0000009,0.0025001
15,8.370833,-0.0788252,0.4864185,1.1119660,0.003490,0.0000008,0.0025000
15,8.375000,-0.0788334,0.4864166,1.1119810,0.003490,0.0000009,0.0025001
15,8.379167,-0.0788415,0.4864147,1.1119950,0.003433,0.0000020,0.0025000
15,8.383333,-0.0788496,0.4864129,1.1120090,0.003433,0.0000030,0.0025000
15,8.387500,-0.0788577,0.4864111,1.1120240,0.003462,0.0000037,0.0024999
15,8.391666,-0.0788657,0.4864094,1.1120380,0.003433,0.0000036,0.0025001
15,8.395833,-0.0788737,0.4864076,1.1120520,0.003433,0.0000022,0.0025000
15,8.400000,-0.0788817,0.4864060,1.1120670,0.003462,0.0000010,0.0025000
15,8.404166,-0.0788896,0.4864043,1.1120810,0.003376,0.0000024,0.0025000
15,8.408334,-0.0788975,0.4864027,1.1120950,0.003405,0.0000017,0.0025001
15,8.412500,-0.0789053,0.4864011,1.1121090,0.003347,0.0000009,0.0025000
15,8.416667,-0.0789131,0.4863995,1.1121230,0.003405,0.0000032,0.0025000
15,8.420834,-0.0789209,0.4863980,1.1121370,0.003347,0.0000052,0.0025000
15,8.425000,-0.0789286,0.4863964,1.1121510,0.003347,0.0000060,0.0024999
15,8.429167,-0.0789363,0.4863949,1.1121650,0.003319,0.0000044,0.0024999
15,8.433333,-0.0789440,0.4863934,1.1121790,0.003319,0.0000008,0.0024999
15,8.437500,-0.0789516,0.4863920,1.1121930,0.003290,0.0000052,0.0024999
15,8.441667,-0.0789592,0.4863905,1.1122060,0.003262,0.0000065,0.0024999
15,8.445833,-0.0789667,0.4863890,1.1122200,0.003290,0.0000051,0.0024999
15,8.450000,-0.0789742,0.4863876,1.1122340,0.003290,0.0000025,0.0025001
15,8.454166,-0.0789816,0.4863863,1.1122470,0.003233,0.0000017,0.0025000
15,8.458333,-0.0789890,0.4863849,1.1122600,0.003204,0.0000036,0.0024999
15,8.462500,-0.0789964,0.4863835,1.1122740,0.003176,0.0000033,0.0025000
15,8.466666,-0.0790037,0.4863821,1.1122870,0.003204,0.0000008,0.0025000
15,8.470834,-0.0790110,0.4863807,1.1123000,0.003147,0.0000060,0.0024999
15,8.475000,-0.0790182,0.4863794,1.1123130,0.003119,0.0000091,0.0025001
15,8.479167,-0.0790254,0.4863780,1.1123260,0.003147,0.0000098,0.0024999
15,8.483334,-0.0790325,0.4863767,1.1123390,0.003119,0.0000088,0.0024999
15,8.487500,-0.0790396,0.4863753,1.1123520,0.003090,0.0000063,0.0024999
15,8.491667,-0.0790467,0.4863740,1.1123650,0.003061,0.0000036,0.0024999
15,8.495833,-0.0790537,0.4863726,1.1123770,0.003004,0.0000015,0.0024999
15,8.500000,-0.0790607,0.4863713,1.1123900,0.003061,0.0000009,0.0024999
15,8.504167,-0.0790676,0.4863700,1.1124020,0.002975,0.0000034,0.0025000
15,8.508333,-0.0790745,0.4863686,1.1124150,0.003004,0.0000069,0.0024999
15,8.512500,-0.0790813,0.4863673,1.1124270,0.002947,0.0000103,0.0024999
15,8.516666,-0.0790881,0.4863659,1.1124400,0.002947,0.0000122,0.0024999
15,8.520833,-0.0790948,0.4863646,1.1124520,0.002890,0.0000122,0.0024999
15,8.525000,-0.0791015,0.4863633,1.1124640,0.002890,0.0000103,0.0025000
15,8.529166,-0.0791081,0.4863620,1.1124760,0.002890,0.0000062,0.0024999
15,8.533334,-0.0791147,0.4863606,1.1124880,0.002861,0.0000009,0.0024999
15,8.537500,-0.0791212,0.4863592,1.1124990,0.002775,0.0000026,0.0025000
15,8.541667,-0.0791278,0.4863579,1.1125110,0.002832,0.0000022,0.0024999
15,8.545834,-0.0791342,0.4863566,1.1125220,0.002747,0.0000034,0.0023137
15,8.550000,-0.0791406,0.4863552,1.1125340,0.002747,0.0000067,0.0020465
15,8.554167,-0.0791469,0.4863539,1.1125450,0.002718,0.0000097,0.0017946
15,8.558333,-0.0791533,0.4863525,1.1125570,0.002747,0.0000101,0.0015612
15,8.562500,-0.0791595,0.4863512,1.1125680,0.002632,0.0000074,0.0013484
15,8.566667,-0.0791657,0.4863499,1.1125790,0.002689,0.0000010,0.0011588
15,8.570833,-0.0791719,0.4863485,1.1125900,0.002604,0.0000057,0.0009897
15,8.575000,-0.0791780,0.4863472,1.1126000,0.002604,0.0000085,0.0008360
15,8.579166,-0.0791840,0.4863458,1.1126110,0.002604,0.0000080,0.0006971
15,8.583333,-0.0791900,0.4863445,1.1126220,0.002575,0.0000055,0.0005724
15,8.587500,-0.0791960,0.4863432,1.1126330,0.002518,0.0000022,0.0004617
15,8.591666,-0.0792019,0.4863418,1.1126430,0.002518,0.0000011,0.0003643
15,8.595834,-0.0792077,0.4863405,1.1126530,0.002460,0.0000024,0.0002803
15,8.600000,-0.0792135,0.4863392,1.1126640,0.002489,0.0000009,0.0002090
15,8.604167,-0.0792192,0.4863379,1.1126740,0.002460,0.0000022,0.0001479
15,8.608334,-0.0792250,0.4863366,1.1126840,0.002403,0.0000047,0.0000960
15,8.612500,-0.0792306,0.4863353,1.1126940,0.002375,0.0000062,0.0000548
15,8.616667,-0.0792362,0.4863340,1.1127040,0.002403,0.0000068,0.0000261
15,8.620833,-0.0792417,0.4863327,1.1127140,0.002346,0.0000062,0.0000110
15,8.625000,-0.0792472,0.4863315,1.1127230,0.002346,0.0000048,0.0000119
15,8.629167,-0.0792526,0.4863302,1.1127330,0.002289,0.0000025,0.0000303
15,8.633333,-0.0792580,0.4863289,1.1127420,0.002289,0.0000009,0.0000680
15,8.637500,-0.0792633,0.4863277,1.1127520,0.002232,0.0000016,0.0001192
15,8.641666,-0.0792686,0.4863264,1.1127610,0.002203,0.0000111,0.0001793
15,8.645833,-0.0792738,0.4863252,1.1127700,0.002232,0.0000240,0.0002534
15,8.650000,-0.0792790,0.4863239,1.1127790,0.002203,0.0000355,0.0003468
15,8.654166,-0.0792840,0.4863227,1.1127880,0.002117,0.0000420,0.0004649
15,8.658334,-0.0792891,0.4863215,1.1127970,0.002146,0.0000396,0.0006137
15,8.662500,-0.0792941,0.4863202,1.1128060,0.002060,0.0000259,0.0008000
15,8.666667,-0.0792990,0.4863190,1.1128150,0.002117,0.0000009,0.0010315
15,8.670834,-0.0793039,0.4863178,1.1128230,0.002060,0.0000292,0.0013239
15,8.675000,-0.0793087,0.4863167,1.1128320,0.002031,0.0000463,0.0016830
15,8.679167,-0.0793135,0.4863155,1.1128400,0.001974,0.0000522,0.0021003
15,8.683333,-0.0793182,0.4863143,1.1128480,0.002003,0.0000472,0.0024999
15,8.687500,-0.0793229,0.4863132,1.1128560,0.001974,0.0000341,0.0025001
15,8.691667,-0.0793275,0.4863120,1.1128640,0.001917,0.0000178,0.0024999
15,8.695833,-0.0793320,0.4863109,1.1128720,0.001917,0.0000053,0.0024998
15,8.700000,-0.0793365,0.4863098,1.1128800,0.001888,0.0000009,0.0024999
15,8.704166,-0.0793409,0.4863087,1.1128880,0.001831,0.0000153,0.0024999
15,8.708333,-0.0793453,0.4863077,1.1128960,0.001888,0.0000345,0.0024998
15,8.712500,-0.0793496,0.4863066,1.1129030,0.001774,0.0000511,0.0025000
15,8.716666,-0.0793539,0.4863055,1.1129110,0.001831,0.0000603,0.0024998
15,8.720834,-0.0793581,0.4863045,1.1129180,0.001745,0.0000594,0.0024999
15,8.725000,-0.0793622,0.4863035,1.1129250,0.001745,0.0000478,0.0025000
15,8.729167,-0.0793663,0.4863025,1.1129320,0.001717,0.0000273,0.0025000
15,8.733334,-0.0793703,0.4863015,1.1129400,0.001717,0.0000011,0.0024999
15,8.737500,-0.0793743,0.4863005,1.1129460,0.001631,0.0000186,0.0024999
15,8.741667,-0.0793782,0.4862996,1.1129530,0.001659,0.0000237,0.0025000
15,8.745833,-0.0793820,0.4862987,1.1129600,0.001602,0.0000191,0.0024999
15,8.750000,-0.0793858,0.4862978,1.1129670,0.001659,0.0000098,0.0025001
15,8.754167,-0.0793895,0.4862969,1.1129730,0.001545,0.0000043,0.0025000
15,8.758333,-0.0793932,0.4862961,1.1129800,0.001574,0.0000102,0.0025000
15,8.762500,-0.0793968,0.4862952,1.1129860,0.001516,0.0000108,0.0025000
15,8.766666,-0.0794004,0.4862944,1.1129930,0.001516,0.0000009,0.0024999
15,8.770833,-0.0794038,0.4862936,1.1129990,0.001488,0.0000132,0.0024999
15,8.775000,-0.0794073,0.4862928,1.1130050,0.001459,0.0000206,0.0025000
15,8.779166,-0.0794106,0.4862921,1.1130110,0.001431,0.0000219,0.0025001
15,8.783334,-0.0794140,0.4862913,1.1130170,0.001431,0.0000190,0.0025000
15,8.787500,-0.0794172,0.4862906,1.1130220,0.001345,0.0000132,0.0025000
15,8.791667,-0.0794204,0.4862898,1.1130280,0.001402,0.0000066,0.0025000
15,8.795834,-0.0794235,0.4862892,1.1130340,0.001316,0.0000012,0.0025000
15,8.800000,-0.0794266,0.4862885,1.1130390,0.001345,0.0000008,0.0025001
15,8.804167,-0.0794296,0.4862879,1.1130450,0.001259,0.0000006,0.0025000
15,8.808333,-0.0794325,0.4862872,1.1130500,0.001230,0.0000008,0.0025000
15,8.812500,-0.0794354,0.4862866,1.1130550,0.001230,0.0000008,0.0025000
15,8.816667,-0.0794382,0.4862860,1.1130600,0.001202,0.0000008,0.0025000
15,8.820833,-0.0794409,0.4862854,1.1130650,0.001202,0.0000007,0.0025001
15,8.825000,-0.0794437,0.4862849,1.1130700,0.001173,0.0000008,0.0025001
15,8.829166,-0.0794463,0.4862844,1.1130740,0.001116,0.0000008,0.0025001
15,8.833333,-0.0794489,0.4862838,1.1130790,0.001116,0.0000010,0.0025001
15,8.837500,-0.0794514,0.4862833,1.1130830,0.001087,0.0000008,0.0025001
15,8.841666,-0.0794538,0.4862828,1.1130880,0.001059,0.0000010,0.0025001
15,8.845834,-0.0794562,0.4862823,1.1130920,0.001030,0.0000009,0.0025001
15,8.850000,-0.0794585,0.4862818,1.1130960,0.001030,0.0000008,0.0025001
15,8.854167,-0.0794608,0.4862814,1.1131000,0.000944,0.0000007,0.0024999
15,8.858334,-0.0794630,0.4862810,1.1131040,0.000973,0.0000007,0.0024999
15,8.862500,-0.0794651,0.4862806,1.1131080,0.000916,0.0000007,0.0025000
15,8.866667,-0.0794672,0.4862802,1.1131120,0.000916,0.0000008,0.0024999
15,8.870833,-0.0794692,0.4862798,1.1131160,0.000858,0.0000009,0.0025000
15,8.875000,-0.0794712,0.4862794,1.1131190,0.000887,0.0000009,0.0024999
15,8.879167,-0.0794730,0.4862791,1.1131230,0.000772,0.0000019,0.0025000
15,8.883333,-0.0794749,0.4862787,1.1131260,0.000801,0.0000029,0.0024999
15,8.887500,-0.0794766,0.4862784,1.1131290,0.000772,0.0000036,0.0024999
15,8.891666,-0.0794783,0.4862781,1.1131320,0.000744,0.0000035,0.0024998
15,8.895833,-0.0794799,0.4862778,1.1131350,0.000715,0.0000022,0.0024999
15,8.900000,-0.0794815,0.4862776,1.1131380,0.000687,0.0000011,0.0024999
15,8.904166,-0.0794830,0.4862773,1.1131410,0.000629,0.0000025,0.0024999
15,8.908334,-0.0794845,0.4862770,1.1131430,0.000658,0.0000017,0.0025000
15,8.912500,-0.0794858,0.4862768,1.1131460,0.000572,0.0000010,0.0025000
15,8.916667,-0.0794872,0.4862765,1.1131480,0.000601,0.0000032,0.0025000
15,8.920834,-0.0794884,0.4862763,1.1131500,0.000515,0.0000053,0.0024999
15,8.925000,-0.0794896,0.4862761,1.1131530,0.000544,0.0000058,0.0025000
15,8.929167,-0.0794907,0.4862759,1.1131550,0.000486,0.0000042,0.0024999
15,8.933333,-0.0794918,0.4862757,1.1131570,0.000458,0.0000010,0.0025000
15,8.937500,-0.0794927,0.4862755,1.1131580,0.000429,0.0000055,0.0025000
15,8.941667,-0.0794937,0.4862753,1.1131600,0.000429,0.0000065,0.0025000
15,8.945833,-0.0794945,0.4862752,1.1131620,0.000343,0.0000050,0.0025000
15,8.950000,-0.0794954,0.4862750,1.1131630,0.000343,0.0000024,0.0025000
15,8.954166,-0.0794961,0.4862748,1.1131650,0.000343,0.0000017,0.0024999
15,8.958333,-0.0794968,0.4862747,1.1131660,0.000286,0.0000036,0.0025000
15,8.962500,-0.0794974,0.4862745,1.1131670,0.000229,0.0000035,0.0025000
15,8.966666,-0.0794979,0.4862744,1.1131680,0.000257,0.0000010,0.0025000
15,8.970834,-0.0794984,0.4862743,1.1131680,0.000172,0.0000061,0.0025000
15,8.975000,-0.0794988,0.4862742,1.1131690,0.000172,0.0000090,0.0025000
15,8.979167,-0.0794992,0.4862740,1.1131700,0.000114,0.0000099,0.0025001
15,8.983334,-0.0794995,0.4862739,1.1131700,0.000143,0.0000088,0.0025001
15,8.987500,-0.0794997,0.4862739,1.1131710,0.000086,0.0000064,0.0025000
15,8.991667,-0.0794999,0.4862738,1.1131710,0.000086,0.0000036,0.0025001
15,8.995833,-0.0794999,0.4862737,1.1131710,0.000000,0.0000015,0.0025001
15,9.000000,-0.0795000,0.4862736,1.1131710,0.000029,0.0000010,0.0025001
15,9.004167,-0.0794999,0.4862735,1.1131710,-0.000057,0.0000034,0.0025001
15,9.008333,-0.0794999,0.4862734,1.1131710,-0.000057,0.0000071,0.0025002
15,9.012500,-0.0794997,0.4862733,1.1131700,-0.000143,0.0000104,0.0025001
15,9.016666,-0.0794995,0.4862733,1.1131700,-0.000086,0.0000123,0.0025000
15,9.020833,-0.0794992,0.4862732,1.1131690,-0.000172,0.0000123,0.0025000
15,9.025000,-0.0794988,0.4862732,1.1131680,-0.000143,0.0000103,0.0025000
15,9.029166,-0.0794984,0.4862731,1.1131670,-0.000229,0.0000062,0.0025000
15,9.033334,-0.0794979,0.4862731,1.1131660,-0.000257,0.0000010,0.0025001
15,9.037500,-0.0794974,0.4862730,1.1131650,-0.000257,0.0000027,0.0025001
15,9.041667,-0.0794968,0.4862730,1.1131640,-0.000286,0.0000022,0.0025000
15,9.045834,-0.0794961,0.4862730,1.1131630,-0.000343,0.0000034,0.0023138
15,9.050000,-0.0794954,0.4862729,1.1131610,-0.000401,0.0000070,0.0020464
15,9.054167,-0.0794945,0.4862729,1.1131590,-0.000372,0.0000096,0.0017946
15,9.058333,-0.0794937,0.4862728,1.1131580,-0.000401,0.0000101,0.0015610
15,9.062500,-0.0794927,0.4862728,1.1131560,-0.000486,0.0000074,0.0013485
15,9.066667,-0.0794918,0.4862728,1.1131540,-0.000458,0.0000006,0.0011592
15,9.070833,-0.0794907,0.4862727,1.1131520,-0.000515,0.0000058,0.0009898
15,9.075000,-0.0794896,0.4862727,1.1131490,-0.000544,0.0000085,0.0008361
15,9.079166,-0.0794884,0.4862727,1.1131470,-0.000572,0.0000081,0.0006973
15,9.083333,-0.0794872,0.4862727,1.1131450,-0.000601,0.0000058,0.0005727
15,9.087500,-0.0794858,0.4862727,1.1131420,-0.000658,0.0000025,0.0004619
15,9.091666,-0.0794845,0.4862726,1.1131390,-0.000658,0.0000010,0.0003645
15,9.095834,-0.0794830,0.4862726,1.1131360,-0.000715,0.0000023,0.0002803
15,9.100000,-0.0794815,0.4862726,1.1131330,-0.000687,0.0000010,0.0002089
15,9.104167,-0.0794799,0.4862725,1.1131300,-0.000801,0.0000023,0.0001479
15,9.108334,-0.0794783,0.4862725,1.1131270,-0.000772,0.0000048,0.0000962
15,9.112500,-0.0794766,0.4862725,1.1131230,-0.000830,0.0000062,0.0000551
15,9.116667,-0.0794749,0.4862725,1.1131200,-0.000801,0.0000069,0.0000263
15,9.120833,-0.0794730,0.4862725,1.1131160,-0.000916,0.0000066,0.0000113
15,9.125000,-0.0794712,0.4862725,1.1131120,-0.000887,0.0000050,0.0000121
15,9.129167,-0.0794692,0.4862725,1.1131080,-0.000944,0.0000026,0.0000304
15,9.133333,-0.0794672,0.4862725,1.1131040,-0.000944,0.0000008,0.0000680
15,9.137500,-0.0794651,0.4862725,1.1131000,-0.001030,0.0000013,0.0001189
15,9.141666,-0.0794630,0.4862725,1.1130960,-0.000973,0.0000111,0.0001793
15,9.145833,-0.0794608,0.4862726,1.1130920,-0.001059,0.0000240,0.0002535
15,9.150000,-0.0794585,0.4862726,1.1130870,-0.001087,0.0000356,0.0003469
15,9.154166,-0.0794562,0.4862726,1.1130830,-0.001116,0.0000420,0.0004650
15,9.158334,-0.0794538,0.4862727,1.1130780,-0.001116,0.0000399,0.0006141
15,9.162500,-0.0794514,0.4862727,1.1130730,-0.001173,0.0000261,0.0008003
15,9.166667,-0.0794489,0.4862728,1.1130680,-0.001202,0.0000010,0.0010315
15,9.170834,-0.0794463,0.4862729,1.1130630,-0.001202,0.0000294,0.0013238
15,9.175000,-0.0794437,0.4862730,1.1130580,-0.001259,0.0000469,0.0016826
15,9.179167,-0.0794409,0.4862730,1.1130520,-0.001287,0.0000527,0.0020998
15,9.183333,-0.0794382,0.4862731,1.1130470,-0.001287,0.0000478,0.0025000
15,9.187500,-0.0794354,0.4862731,1.1130410,-0.001345,0.0000348,0.0024999
15,9.191667,-0.0794325,0.4862732,1.1130360,-0.001345,0.0000180,0.0024999
15,9.195833,-0.0794296,0.4862733,1.1130300,-0.001402,0.0000054,0.0025000
15,9.200000,-0.0794266,0.4862734,1.1130240,-0.001402,0.0000008,0.0024999
15,9.204166,-0.0794235,0.4862735,1.1130180,-0.001459,0.0000151,0.0024999
15,9.208333,-0.0794204,0.4862737,1.1130120,-0.001459,0.0000343,0.0024999
15,9.212500,-0.0794172,0.4862738,1.1130060,-0.001516,0.0000509,0.0024999
15,9.216666,-0.0794140,0.4862739,1.1129990,-0.001516,0.0000602,0.0024998
15,9.220834,-0.0794106,0.4862740,1.1129930,-0.001574,0.0000594,0.0024999
15,9.225000,-0.0794073,0.4862742,1.1129860,-0.001602,0.0000479,0.0025000
15,9.229167,-0.0794038,0.4862744,1.1129790,-0.001631,0.0000272,0.0024999
15,9.233334,-0.0794004,0.4862745,1.1129730,-0.001602,0.0000010,0.0024999
15,9.237500,-0.0793968,0.4862747,1.1129660,-0.001659,0.0000188,0.0024999
15,9.241667,-0.0793932,0.4862749,1.1129590,-0.001631,0.0000240,0.0025000
15,9.245833,-0.0793895,0.4862751,1.1129520,-0.001745,0.0000194,0.0025000
15,9.250000,-0.0793858,0.4862753,1.1129440,-0.001745,0.0000101,0.0025000
15,9.254167,-0.0793820,0.4862755,1.1129370,-0.001802,0.0000042,0.0025001
15,9.258333,-0.0793782,0.4862758,1.1129290,-0.001774,0.0000102,0.0025001
15,9.262500,-0.0793743,0.4862760,1.1129220,-0.001831,0.0000107,0.0025001
15,9.266666,-0.0793703,0.4862763,1.1129140,-0.001802,0.0000011,0.0025001
15,9.270833,-0.0793663,0.4862766,1.1129070,-0.001860,0.0000133,0.0025000
15,9.275000,-0.0793622,0.4862769,1.1128990,-0.001860,0.0000206,0.0025001
15,9.279166,-0.0793580,0.4862772,1.1128910,-0.001945,0.0000221,0.0025001
15,9.283334,-0.0793539,0.4862775,1.1128830,-0.001917,0.0000189,0.0025000
15,9.287500,-0.0793496,0.4862779,1.1128750,-0.001974,0.0000132,0.0025000
15,9.291667,-0.0793453,0.4862783,1.1128660,-0.001974,0.0000064,0.0024999
15,9.295834,-0.0793409,0.4862787,1.1128580,-0.002003,0.0000015,0.0025000
15,9.300000,-0.0793365,0.4862791,1.1128490,-0.002031,0.0000009,0.0024999
15,9.304167,-0.0793320,0.4862795,1.1128410,-0.002031,0.0000008,0.0025000
15,9.308333,-0.0793275,0.4862800,1.1128320,-0.002060,0.0000008,0.0025000
15,9.312500,-0.0793229,0.4862805,1.1128240,-0.002117,0.0000009,0.0025000
15,9.316667,-0.0793182,0.4862810,1.1128150,-0.002089,0.0000008,0.0024999
15,9.320833,-0.0793135,0.4862815,1.1128060,-0.002146,0.0000008,0.0025001
15,9.325000,-0.0793087,0.4862821,1.1127970,-0.002146,0.0000009,0.0024999
15,9.329166,-0.0793039,0.4862827,1.1127880,-0.002203,0.0000008,0.0025000
15,9.333333,-0.0792990,0.4862833,1.1127790,-0.002174,0.0000010,0.0025000
15,9.337500,-0.0792941,0.4862840,1.1127700,-0.002203,0.0000010,0.0025001
15,9.341666,-0.0792891,0.4862846,1.1127600,-0.002232,0.0000010,0.0024999
15,9.345834,-0.0792840,0.4862854,1.1127510,-0.002289,0.0000008,0.0025000
15,9.350000,-0.0792790,0.4862861,1.1127410,-0.002232,0.0000008,0.0025000
15,9.354167,-0.0792738,0.4862869,1.1127320,-0.002289,0.0000008,0.0025001
15,9.358334,-0.0792686,0.4862877,1.1127220,-0.002317,0.0000006,0.0025001
15,9.362500,-0.0792633,0.4862886,1.1127130,-0.002317,0.0000008,0.0025001
15,9.366667,-0.0792580,0.4862895,1.1127030,-0.002317,0.0000009,0.0025000
15,9.370833,-0.0792526,0.4862905,1.1126930,-0.002375,0.0000009,0.0025001
15,9.375000,-0.0792472,0.4862914,1.1126830,-0.002346,0.0000009,0.0025000
15,9.379167,-0.0792417,0.4862925,1.1126730,-0.002403,0.0000019,0.0025000
15,9.383333,-0.0792362,0.4862935,1.1126630,-0.002403,0.0000030,0.0025001
15,9.387500,-0.0792306,0.4862946,1.1126530,-0.002432,0.0000036,0.0025002
15,9.391666,-0.0792250,0.4862957,1.1126430,-0.002403,0.0000035,0.0025001
15,9.395833,-0.0792192,0.4862970,1.1126330,-0.002489,0.0000021,0.0025000
15,9.400000,-0.0792135,0.4862981,1.1126220,-0.002460,0.0000010,0.0025000
15,9.404166,-0.0792077,0.4862994,1.1126120,-0.002460,0.0000026,0.0025001
15,9.408334,-0.0792019,0.4863008,1.1126020,-0.002489,0.0000017,0.0025000
15,9.412500,-0.0791960,0.4863022,1.1125920,-0.002489,0.0000010,0.0025002
15,9.416667,-0.0791900,0.4863036,1.1125810,-0.002489,0.0000033,0.0025000
15,9.420834,-0.0791840,0.4863051,1.1125710,-0.002546,0.0000054,0.0025000
15,9.425000,-0.0791780,0.4863065,1.1125600,-0.002546,0.0000059,0.0024999
15,9.429167,-0.0791719,0.4863082,1.1125490,-0.002546,0.0000042,0.0025001
15,9.433333,-0.0791657,0.4863097,1.1125390,-0.002546,0.0000009,0.0025000
15,9.437500,-0.0791595,0.4863115,1.1125280,-0.002604,0.0000051,0.0025001
15,9.441667,-0.0791533,0.4863132,1.1125170,-0.002575,0.0000065,0.0025000
15,9.445833,-0.0791469,0.4863150,1.1125060,-0.002604,0.0000050,0.0025001
15,9.450000,-0.0791406,0.4863168,1.1124960,-0.002575,0.0000025,0.0024999
15,9.454166,-0.0791342,0.4863188,1.1124850,-0.002632,0.0000017,0.0025001
15,9.458333,-0.0791278,0.4863207,1.1124740,-0.002632,0.0000035,0.0025001
15,9.462500,-0.0791212,0.4863227,1.1124630,-0.002632,0.0000034,0.0025001
15,9.466666,-0.0791147,0.4863248,1.1124520,-0.002632,0.0000009,0.0025000
15,9.470834,-0.0791081,0.4863269,1.1124410,-0.002632,0.0000059,0.0025000
15,9.475000,-0.0791015,0.4863291,1.1124290,-0.002689,0.0000089,0.0024999
15,9.479167,-0.0790948,0.4863313,1.1124180,-0.002689,0.0000098,0.0025001
15,9.483334,-0.0790881,0.4863336,1.1124070,-0.002689,0.0000088,0.0025001
15,9.487500,-0.0790813,0.4863360,1.1123960,-0.002661,0.0000066,0.0025000
15,9.491667,-0.0790745,0.4863384,1.1123850,-0.002661,0.0000038,0.0025002
15,9.495833,-0.0790675,0.4863409,1.1123730,-0.002747,0.0000016,0.0025000
15,9.500000,-0.0790607,0.4863435,1.1123620,-0.002689,0.0000009,0.0025001
15,9.504167,-0.0790537,0.4863461,1.1123510,-0.002718,0.0000032,0.0025001
15,9.508333,-0.0790467,0.4863487,1.1123390,-0.002747,0.0000070,0.0025000
15,9.512500,-0.0790396,0.4863514,1.1123280,-0.002747,0.0000101,0.0025001
15,9.516666,-0.0790325,0.4863542,1.1123170,-0.002718,0.0000121,0.0025001
15,9.520833,-0.0790254,0.4863570,1.1123050,-0.002775,0.0000123,0.0025001
15,9.525000,-0.0790182,0.4863598,1.1122940,-0.002747,0.0000103,0.0025001
15,9.529166,-0.0790110,0.4863628,1.1122820,-0.002775,0.0000062,0.0025000
15,9.533334,-0.0790037,0.4863657,1.1122710,-0.002775,0.0000009,0.0025000
15,9.537500,-0.0789964,0.4863687,1.1122590,-0.002804,0.0000027,0.0025000
15,9.541667,-0.0789890,0.4863718,1.1122470,-0.002775,0.0000021,0.0025001
15,9.545834,-0.0789816,0.4863750,1.1122360,-0.002832,0.0000033,0.0023139
15,9.550000,-0.0789742,0.4863782,1.1122240,-0.002775,0.0000067,0.0020466
15,9.554167,-0.0789667,0.4863814,1.1122120,-0.002861,0.0000095,0.0017948
15,9.558333,-0.0789592,0.4863846,1.1122000,-0.002804,0.0000099,0.0015612
15,9.562500,-0.0789516,0.4863880,1.1121890,-0.002832,0.0000073,0.0013486
15,9.566667,-0.0789440,0.4863913,1.1121770,-0.002861,0.0000011,0.0011589
15,9.570833,-0.0789363,0.4863947,1.1121650,-0.002832,0.0000057,0.0009896
15,9.575000,-0.0789286,0.4863981,1.1121530,-0.002861,0.0000084,0.0008359
15,9.579166,-0.0789209,0.4864016,1.1121410,-0.002890,0.0000081,0.0006971
15,9.583333,-0.0789131,0.4864051,1.1121290,-0.002918,0.0000056,0.0005725
15,9.587500,-0.0789053,0.4864087,1.1121170,-0.002890,0.0000025,0.0004618
15,9.591666,-0.0788975,0.4864122,1.1121050,-0.002890,0.0000010,0.0003647
15,9.595834,-0.0788896,0.4864158,1.1120920,-0.002918,0.0000022,0.0002804
15,9.600000,-0.0788817,0.4864195,1.1120800,-0.002918,0.0000009,0.0002090
15,9.604167,-0.0788737,0.4864231,1.1120680,-0.002975,0.0000024,0.0001480
15,9.608334,-0.0788657,0.4864268,1.1120560,-0.002947,0.0000046,0.0000961
15,9.612500,-0.0788577,0.4864306,1.1120430,-0.003004,0.0000061,0.0000548
15,9.616667,-0.0788496,0.4864343,1.1120310,-0.002947,0.0000069,0.0000262
15,9.620833,-0.0788415,0.4864380,1.1120180,-0.002975,0.0000064,0.0000113
15,9.625000,-0.0788334,0.4864418,1.1120060,-0.003004,0.0000049,0.0000119
15,9.629167,-0.0788252,0.4864455,1.1119930,-0.003033,0.0000027,0.0000304
15,9.633333,-0.0788170,0.4864493,1.1119810,-0.003004,0.0000008,0.0000680
15,9.637500,-0.0788087,0.4864531,1.1119680,-0.003090,0.0000013,0.0001189
15,9.641666,-0.0788004,0.4864569,1.1119550,-0.003033,0.0000108,0.0001789
15,9.645833,-0.0787921,0.4864607,1.1119420,-0.003119,0.0000236,0.0002532
15,9.650000,-0.0787837,0.4864646,1.1119290,-0.003090,0.0000351,0.0003465
15,9.654166,-0.0787753,0.4864684,1.1119170,-0.003090,0.0000415,0.0004645
15,9.658334,-0.0787669,0.4864723,1.1119040,-0.003119,0.0000393,0.0006134
15,9.662500,-0.0787585,0.4864762,1.1118910,-0.003090,0.0000258,0.0007999
15,9.666667,-0.0787500,0.4864801,1.1118770,-0.003176,0.0000011,0.0010316
15,9.670834,-0.0787415,0.4864840,1.1118640,-0.003147,0.0000288,0.0013243
15,9.675000,-0.0787329,0.4864879,1.1118510,-0.003204,0.0000456,0.0016836
15,9.679167,-0.0787243,0.4864917,1.1118380,-0.003176,0.0000515,0.0021011
15,9.683333,-0.0787157,0.4864956,1.1118250,-0.003176,0.0000465,0.0024998
15,9.687500,-0.0787071,0.4864994,1.1118110,-0.003233,0.0000335,0.0024999
15,9.691667,-0.0786984,0.4865033,1.1117970,-0.003262,0.0000172,0.0024999
15,9.695833,-0.0786897,0.4865071,1.1117840,-0.003233,0.0000050,0.0025000
15,9.700000,-0.0786810,0.4865109,1.1117700,-0.003290,0.0000009,0.0025001
15,9.704166,-0.0786722,0.4865146,1.1117570,-0.003290,0.0000155,0.0025000
15,9.708333,-0.0786634,0.4865184,1.1117430,-0.003347,0.0000345,0.0025001
15,9.712500,-0.0786546,0.4865222,1.1117290,-0.003319,0.0000510,0.0024999
15,9.716666,-0.0786458,0.4865260,1.1117150,-0.003347,0.0000601,0.0025000
15,9.720834,-0.0786369,0.4865296,1.1117010,-0.003376,0.0000591,0.0025000
15,9.725000,-0.0786280,0.4865333,1.1116870,-0.003376,0.0000476,0.0025001
15,9.729167,-0.0786190,0.4865370,1.1116730,-0.003405,0.0000270,0.0025000
15,9.733334,-0.0786101,0.4865406,1.1116580,-0.003405,0.0000009,0.0024999
15,9.737500,-0.0786011,0.4865443,1.1116440,-0.003433,0.0000186,0.0025000
15,9.741667,-0.0785921,0.4865479,1.1116300,-0.003462,0.0000237,0.0025000
15,9.745833,-0.0785831,0.4865514,1.1116150,-0.003519,0.0000191,0.0025000
15,9.750000,-0.0785740,0.4865549,1.1116000,-0.003490,0.0000097,0.0025000
15,9.754167,-0.0785649,0.4865585,1.1115860,-0.003519,0.0000042,0.0025001
15,9.758333,-0.0785558,0.4865620,1.1115710,-0.003548,0.0000103,0.0025000
15,9.762500,-0.0785467,0.4865654,1.1115560,-0.003548,0.0000108,0.0025000
15,9.766666,-0.0785376,0.4865688,1.1115410,-0.003576,0.0000008,0.0025000
15,9.770833,-0.0785284,0.4865722,1.1115260,-0.003576,0.0000133,0.0025001
15,9.775000,-0.0785192,0.4865756,1.1115110,-0.003605,0.0000207,0.0025000
15,9.779166,-0.0785099,0.4865790,1.1114960,-0.003605,0.0000221,0.0024999
15,9.783334,-0.0785007,0.4865823,1.1114810,-0.003633,0.0000190,0.0025000
15,9.787500,-0.0784914,0.4865856,1.1114660,-0.003662,0.0000131,0.0025000
15,9.791667,-0.0784822,0.4865890,1.1114510,-0.003662,0.0000065,0.0025000
15,9.795834,-0.0784729,0.4865922,1.1114350,-0.003662,0.0000014,0.0025000
15,9.800000,-0.0784635,0.4865955,1.1114200,-0.003719,0.0000010,0.0025001
15,9.804167,-0.0784542,0.4865987,1.1114050,-0.003691,0.0000008,0.0025001
15,9.808333,-0.0784448,0.4866019,1.1113890,-0.003719,0.0000009,0.0025000
15,9.812500,-0.0784354,0.4866052,1.1113730,-0.003748,0.0000010,0.0025001
15,9.816667,-0.0784260,0.4866083,1.1113580,-0.003719,0.0000008,0.0025001
15,9.820833,-0.0784166,0.4866115,1.1113420,-0.003805,0.0000008,0.0025001
15,9.825000,-0.0784072,0.4866147,1.1113260,-0.003805,0.0000008,0.0025001
15,9.829166,-0.0783977,0.4866178,1.1113110,-0.003748,0.0000009,0.0025000
15,9.833333,-0.0783882,0.4866210,1.1112950,-0.003748,0.0000009,0.0025000
15,9.837500,-0.0783787,0.4866241,1.1112790,-0.003834,0.0000008,0.0025000
15,9.841666,-0.0783692,0.4866273,1.1112630,-0.003805,0.0000008,0.0025000
15,9.845834,-0.0783597,0.4866304,1.1112470,-0.003834,0.0000007,0.0025000
15,9.850000,-0.0783502,0.4866335,1.1112310,-0.003834,0.0000007,0.0025000
15,9.854167,-0.0783406,0.4866366,1.1112150,-0.003834,0.0000006,0.0025000
15,9.858334,-0.0783311,0.4866398,1.1111990,-0.003834,0.0000006,0.0024998
15,9.862500,-0.0783215,0.4866429,1.1111830,-0.003805,0.0000007,0.0024999
15,9.866667,-0.0783119,0.4866461,1.1111670,-0.003862,0.0000010,0.0024999
15,9.870833,-0.0783022,0.4866493,1.1111510,-0.003862,0.0000008,0.0024998
15,9.875000,-0.0782926,0.4866525,1.1111350,-0.003862,0.0000008,0.0024998
15,9.879167,-0.0782830,0.4866557,1.1111190,-0.003834,0.0000019,0.0024999
15,9.883333,-0.0782734,0.4866590,1.1111030,-0.003862,0.0000030,0.0025000
15,9.887500,-0.0782637,0.4866622,1.1110870,-0.003834,0.0000038,0.0025000
15,9.891666,-0.0782540,0.4866655,1.1110710,-0.003834,0.0000034,0.0025001
15,9.895833,-0.0782443,0.4866688,1.1110550,-0.003862,0.0000022,0.0025000
15,9.900000,-0.0782347,0.4866721,1.1110390,-0.003891,0.0000009,0.0025001
15,9.904166,-0.0782249,0.4866756,1.1110230,-0.003834,0.0000025,0.0025000
15,9.908334,-0.0782152,0.4866790,1.1110070,-0.003834,0.0000017,0.0025000
15,9.912500,-0.0782055,0.4866824,1.1109910,-0.003834,0.0000009,0.0024999
15,9.916667,-0.0781958,0.4866859,1.1109750,-0.003834,0.0000032,0.0024999
15,9.920834,-0.0781860,0.4866895,1.1109590,-0.003777,0.0000052,0.0025000
15,9.925000,-0.0781763,0.4866931,1.1109430,-0.003862,0.0000060,0.0025001
15,9.929167,-0.0781665,0.4866967,1.1109270,-0.003805,0.0000044,0.0025002
15,9.933333,-0.0781568,0.4867004,1.1109110,-0.003777,0.0000010,0.0025001
15,9.937500,-0.0781470,0.4867042,1.1108960,-0.003805,0.0000052,0.0025000
15,9.941667,-0.0781373,0.4867080,1.1108800,-0.003805,0.0000064,0.0025000
15,9.945833,-0.0781275,0.4867119,1.1108640,-0.003719,0.0000048,0.0025002
15,9.950000,-0.0781177,0.4867158,1.1108490,-0.003748,0.0000024,0.0025000
15,9.954166,-0.0781079,0.4867198,1.1108330,-0.003719,0.0000018,0.0025000
15,9.958333,-0.0780981,0.4867239,1.1108170,-0.003777,0.0000035,0.0025000
15,9.962500,-0.0780883,0.4867280,1.1108020,-0.003691,0.0000033,0.0024999
15,9.966666,-0.0780785,0.4867322,1.1107870,-0.003691,0.0000010,0.0025000
15,9.970834,-0.0780687,0.4867365,1.1107710,-0.003662,0.0000059,0.0025000
15,9.975000,-0.0780589,0.4867408,1.1107560,-0.003691,0.0000090,0.0024999
15,9.979167,-0.0780491,0.4867452,1.1107410,-0.003662,0.0000099,0.0024999
15,9.983334,-0.0780393,0.4867497,1.1107260,-0.003605,0.0000088,0.0024998
15,9.987500,-0.0780294,0.4867544,1.1107110,-0.003576,0.0000064,0.0025000
15,9.991667,-0.0780196,0.4867590,1.1106960,-0.003633,0.0000037,0.0024999
15,9.995833,-0.0780098,0.4867637,1.1106810,-0.003576,0.0000016,0.0025000
15,10.000000,-0.0780000,0.4867685,1.1106660,-0.003605,0.0000010,0.0024999
15,10.004170,-0.0779902,0.4867734,1.1106510,-0.003519,0.0000033,0.0024999
15,10.008330,-0.0779804,0.4867783,1.1106360,-0.003519,0.0000069,0.0025000
15,10.012500,-0.0779706,0.4867834,1.1106220,-0.003519,0.0000100,0.0025000
15,10.016670,-0.0779607,0.4867885,1.1106070,-0.003490,0.0000121,0.0025000
15,10.020830,-0.0779509,0.4867937,1.1105930,-0.003433,0.0000121,0.0024999
15,10.025000,-0.0779411,0.4867989,1.1105790,-0.003462,0.0000102,0.0025000
15,10.029170,-0.0779313,0.4868043,1.1105640,-0.003376,0.0000063,0.0025000
15,10.033330,-0.0779215,0.4868097,1.1105500,-0.003405,0.0000010,0.0025001
15,10.037500,-0.0779117,0.4868153,1.1105360,-0.003405,0.0000027,0.0025001
15,10.041670,-0.0779019,0.4868208,1.1105220,-0.003347,0.0000021,0.0025000
15,10.045830,-0.0778921,0.4868265,1.1105080,-0.003347,0.0000032,0.0023141
15,10.050000,-0.0778823,0.4868322,1.1104940,-0.003347,0.0000065,0.0020468
15,10.054170,-0.0778725,0.4868380,1.1104800,-0.003319,0.0000092,0.0017950
15,10.058330,-0.0778628,0.4868439,1.1104670,-0.003262,0.0000098,0.0015614
15,10.062500,-0.0778530,0.4868498,1.1104530,-0.003262,0.0000072,0.0013487
15,10.066670,-0.0778432,0.4868558,1.1104400,-0.003233,0.0000009,0.0011590
15,10.070830,-0.0778334,0.4868619,1.1104260,-0.003262,0.0000057,0.0009896
15,10.075000,-0.0778237,0.4868680,1.1104130,-0.003204,0.0000081,0.0008357
15,10.079170,-0.0778140,0.4868742,1.1103990,-0.003204,0.0000078,0.0006970
15,10.083330,-0.0778042,0.4868804,1.1103860,-0.003204,0.0000055,0.0005724
15,10.087500,-0.0777945,0.4868867,1.1103730,-0.003119,0.0000025,0.0004619
15,10.091670,-0.0777848,0.4868931,1.1103600,-0.003176,0.0000011,0.0003645
15,10.095830,-0.0777751,0.4868995,1.1103470,-0.003119,0.0000022,0.0002804
15,10.100000,-0.0777654,0.4869059,1.1103340,-0.003090,0.0000010,0.0002089
15,10.104170,-0.0777557,0.4869125,1.1103210,-0.003090,0.0000023,0.0001479
15,10.108330,-0.0777460,0.4869190,1.1103080,-0.003090,0.0000044,0.0000959
15,10.112500,-0.0777363,0.4869255,1.1102960,-0.003033,0.0000059,0.0000547
15,10.116670,-0.0777266,0.4869322,1.1102830,-0.003061,0.0000067,0.0000259
15,10.120830,-0.0777170,0.4869388,1.1102700,-0.003033,0.0000062,0.0000110
15,10.125000,-0.0777074,0.4869454,1.1102580,-0.003033,0.0000046,0.0000117
15,10.129170,-0.0776978,0.4869521,1.1102450,-0.003033,0.0000025,0.0000303
15,10.133330,-0.0776881,0.4869587,1.1102320,-0.003004,0.0000009,0.0000680
15,10.137500,-0.0776785,0.4869654,1.1102200,-0.003004,0.0000014,0.0001189
15,10.141670,-0.0776689,0.4869722,1.1102080,-0.002975,0.0000109,0.0001791
15,10.145830,-0.0776594,0.4869789,1.1101950,-0.002975,0.0000237,0.0002532
15,10.150000,-0.0776498,0.4869857,1.1101830,-0.002975,0.0000350,0.0003463
15,10.154170,-0.0776403,0.4869924,1.1101700,-0.002947,0.0000411,0.0004641
15,10.158330,-0.0776308,0.4869992,1.1101580,-0.002947,0.0000388,0.0006130
15,10.162500,-0.0776213,0.4870060,1.1101460,-0.002947,0.0000256,0.0007996
15,10.166670,-0.0776118,0.4870129,1.1101340,-0.002947,0.0000009,0.0010316
15,10.170830,-0.0776023,0.4870197,1.1101220,-0.002861,0.0000282,0.0013249
15,10.175000,-0.0775928,0.4870265,1.1101100,-0.002861,0.0000449,0.0016843
15,10.179170,-0.0775834,0.4870334,1.1100980,-0.002918,0.0000504,0.0021020
15,10.183330,-0.0775740,0.4870403,1.1100860,-0.002861,0.0000452,0.0025001
15,10.187500,-0.0775646,0.4870471,1.1100740,-0.002918,0.0000324,0.0025001
15,10.191670,-0.0775552,0.4870539,1.1100620,-0.002861,0.0000166,0.0025000
15,10.195830,-0.0775458,0.4870607,1.1100500,-0.002861,0.0000049,0.0025000
15,10.200000,-0.0775365,0.4870675,1.1100380,-0.002804,0.0000009,0.0025001
15,10.204170,-0.0775272,0.4870743,1.1100260,-0.002890,0.0000154,0.0025000
15,10.208330,-0.0775178,0.4870810,1.1100140,-0.002890,0.0000345,0.0025001
15,10.212500,-0.0775086,0.4870878,1.1100020,-0.002804,0.0000510,0.0025002
15,10.216670,-0.0774993,0.4870945,1.1099910,-0.002804,0.0000601,0.0025000
15,10.220830,-0.0774901,0.4871011,1.1099790,-0.002861,0.0000591,0.0024999
15,10.225000,-0.0774808,0.4871078,1.1099670,-0.002832,0.0000473,0.0025000
15,10.229170,-0.0774716,0.4871144,1.1099550,-0.002804,0.0000268,0.0025000
15,10.233330,-0.0774624,0.4871210,1.1099430,-0.002832,0.0000008,0.0025000
15,10.237500,-0.0774533,0.4871275,1.1099320,-0.002804,0.0000184,0.0025000
15,10.241670,-0.0774442,0.4871341,1.1099200,-0.002861,0.0000234,0.0024999
15,10.245830,-0.0774351,0.4871405,1.1099080,-0.002804,0.0000188,0.0024999
15,10.250000,-0.0774260,0.4871470,1.1098960,-0.002832,0.0000095,0.0025000
15,10.254170,-0.0774169,0.4871534,1.1098850,-0.002775,0.0000042,0.0025000
15,10.258330,-0.0774079,0.4871598,1.1098730,-0.002804,0.0000101,0.0025000
15,10.262500,-0.0773989,0.4871662,1.1098610,-0.002832,0.0000108,0.0025000
15,10.266670,-0.0773899,0.4871725,1.1098500,-0.002775,0.0000010,0.0025000
15,10.270830,-0.0773810,0.4871788,1.1098380,-0.002775,0.0000131,0.0024999
15,10.275000,-0.0773720,0.4871851,1.1098270,-0.002747,0.0000204,0.0024999
15,10.279170,-0.0773631,0.4871913,1.1098150,-0.002775,0.0000219,0.0025000
15,10.283330,-0.0773542,0.4871976,1.1098040,-0.002775,0.0000187,0.0025000
15,10.287500,-0.0773454,0.4872038,1.1097920,-0.002775,0.0000129,0.0025000
15,10.291670,-0.0773366,0.4872100,1.1097800,-0.002775,0.0000064,0.0025000
15,10.295830,-0.0773278,0.4872162,1.1097690,-0.002689,0.0000014,0.0025000
15,10.300000,-0.0773190,0.4872223,1.1097580,-0.002718,0.0000011,0.0024999
15,10.304170,-0.0773103,0.4872285,1.1097470,-0.002718,0.0000008,0.0024998
15,10.308330,-0.0773016,0.4872347,1.1097350,-0.002747,0.0000007,0.0025000
15,10.312500,-0.0772929,0.4872409,1.1097240,-0.002632,0.0000008,0.0025000
15,10.316670,-0.0772843,0.4872470,1.1097130,-0.002689,0.0000007,0.0025000
15,10.320830,-0.0772757,0.4872532,1.1097020,-0.002632,0.0000006,0.0025002
15,10.325000,-0.0772671,0.4872593,1.1096910,-0.002689,0.0000007,0.0025000
15,10.329170,-0.0772585,0.4872655,1.1096800,-0.002604,0.0000007,0.0025000
15,10.333330,-0.0772500,0.4872717,1.1096690,-0.002604,0.0000010,0.0025000
15,10.337500,-0.0772415,0.4872780,1.1096580,-0.002575,0.0000010,0.0025001
15,10.341670,-0.0772331,0.4872842,1.1096480,-0.002575,0.0000009,0.0025000
15,10.345830,-0.0772246,0.4872905,1.1096370,-0.002518,0.0000009,0.0025001
15,10.350000,-0.0772163,0.4872968,1.1096270,-0.002489,0.0000009,0.0025001
15,10.354170,-0.0772079,0.4873032,1.1096160,-0.002489,0.0000009,0.0024999
15,10.358330,-0.0771996,0.4873096,1.1096060,-0.002432,0.0000008,0.0025000
15,10.362500,-0.0771913,0.4873161,1.1095960,-0.002403,0.0000009,0.0025002
15,10.366670,-0.0771831,0.4873227,1.1095860,-0.002432,0.0000009,0.0025000
15,10.370830,-0.0771748,0.4873293,1.1095760,-0.002346,0.0000011,0.0025001
15,10.375000,-0.0771666,0.4873359,1.1095670,-0.002346,0.0000009,0.0025000
15,10.379170,-0.0771585,0.4873428,1.1095570,-0.002232,0.0000010,0.0025000
15,10.383330,-0.0771504,0.4873496,1.1095480,-0.002260,0.0000010,0.0025000
15,10.387500,-0.0771423,0.4873565,1.1095390,-0.002203,0.0000008,0.0025001
15,10.391670,-0.0771343,0.4873636,1.1095290,-0.002203,0.0000008,0.0025002
15,10.395830,-0.0771263,0.4873708,1.1095210,-0.002089,0.0000007,0.0025002
15,10.400000,-0.0771183,0.4873780,1.1095120,-0.002117,0.0000008,0.0025001
15,10.404170,-0.0771104,0.4873855,1.1095040,-0.002003,0.0000009,0.0025002
15,10.408330,-0.0771025,0.4873929,1.1094950,-0.002003,0.0000010,0.0025000
15,10.412500,-0.0770947,0.4874007,1.1094870,-0.001888,0.0000009,0.0025000
15,10.416670,-0.0770869,0.4874084,1.1094800,-0.001860,0.0000009,0.0025001
15,10.420830,-0.0770791,0.4874164,1.1094720,-0.001831,0.0000009,0.0025002
15,10.425000,-0.0770714,0.4874244,1.1094650,-0.001802,0.0000008,0.0025000
15,10.429170,-0.0770637,0.4874327,1.1094570,-0.001688,0.0000008,0.0025001
15,10.433330,-0.0770560,0.4874410,1.1094510,-0.001659,0.0000008,0.0025000
15,10.437500,-0.0770484,0.4874497,1.1094440,-0.001602,0.0000009,0.0025000
15,10.441670,-0.0770408,0.4874583,1.1094370,-0.001545,0.0000008,0.0024999
15,10.445830,-0.0770333,0.4874674,1.1094310,-0.001459,0.0000009,0.0025001
15,10.450000,-0.0770258,0.4874764,1.1094250,-0.001459,0.0000009,0.0025000
15,10.454170,-0.0770184,0.4874858,1.1094200,-0.001287,0.0000010,0.0025002
15,10.458330,-0.0770110,0.4874952,1.1094150,-0.001287,0.0000010,0.0025001
15,10.462500,-0.0770036,0.4875050,1.1094100,-0.001202,0.0000010,0.0025003
15,10.466670,-0.0769963,0.4875147,1.1094050,-0.001173,0.0000010,0.0025002
15,10.470830,-0.0769891,0.4875249,1.1094010,-0.001001,0.0000010,0.0025002
15,10.475000,-0.0769818,0.4875351,1.1093960,-0.001030,0.0000010,0.0025002
15,10.479170,-0.0769746,0.4875458,1.1093920,-0.000916,0.0000008,0.0025003
15,10.483330,-0.0769675,0.4875564,1.1093890,-0.000887,0.0000010,0.0025001
15,10.487500,-0.0769604,0.4875675,1.1093860,-0.000744,0.0000009,0.0025002
15,10.491670,-0.0769533,0.4875785,1.1093830,-0.000715,0.0000009,0.0024999
15,10.495830,-0.0769463,0.4875901,1.1093800,-0.000601,0.0000008,0.0025001
15,10.500000,-0.0769393,0.4876016,1.1093780,-0.000572,0.0000008,0.0025000
15,10.504170,-0.0769325,0.4876136,1.1093760,-0.000458,0.0000008,0.0025001
15,10.508330,-0.0769256,0.4876255,1.1093740,-0.000429,0.0000009,0.0024999
15,10.512500,-0.0769187,0.4876380,1.1093730,-0.000286,0.0000008,0.0024999
15,10.516670,-0.0769119,0.4876504,1.1093720,-0.000286,0.0000008,0.0025000
15,10.520830,-0.0769052,0.4876633,1.1093710,-0.000114,0.0000009,0.0025001
15,10.525000,-0.0768985,0.4876762,1.1093710,-0.000114,0.0000008,0.0025000
15,10.529170,-0.0768919,0.4876895,1.1093710,0.000029,0.0000009,0.0025000
15,10.533330,-0.0768853,0.4877029,1.1093710,0.000000,0.0000010,0.0025000
15,10.537500,-0.0768788,0.4877167,1.1093720,0.000229,0.0000009,0.0025001
15,10.541670,-0.0768722,0.4877305,1.1093720,0.000172,0.0000009,0.0025000
15,10.545830,-0.0768658,0.4877447,1.1093740,0.000315,0.0000009,0.0025001
15,10.550000,-0.0768594,0.4877589,1.1093750,0.000315,0.0000010,0.0024999
15,10.554170,-0.0768531,0.4877736,1.1093770,0.000486,0.0000010,0.0024999
15,10.558330,-0.0768467,0.4877883,1.1093790,0.000486,0.0000010,0.0025000
15,10.562500,-0.0768405,0.4878034,1.1093820,0.000629,0.0000009,0.0025000
15,10.566670,-0.0768343,0.4878184,1.1093840,0.000601,0.0000010,0.0025000
15,10.570830,-0.0768281,0.4878339,1.1093880,0.000801,0.0000009,0.0025001
15,10.575000,-0.0768220,0.4878494,1.1093910,0.000772,0.0000008,0.0024999
15,10.579170,-0.0768160,0.4878652,1.1093950,0.000916,0.0000008,0.0025001
15,10.583330,-0.0768100,0.4878811,1.1093980,0.000887,0.0000010,0.0024999
15,10.587500,-0.0768040,0.4878973,1.1094030,0.001059,0.0000009,0.0025000
15,10.591670,-0.0767981,0.4879135,1.1094070,0.001059,0.0000010,0.0025000
15,10.595830,-0.0767923,0.4879300,1.1094120,0.001144,0.0000010,0.0025001
15,10.600000,-0.0767865,0.4879465,1.1094170,0.001173,0.0000009,0.0025000
15,10.604170,-0.0767808,0.4879633,1.1094220,0.001287,0.0000008,0.0025000
15,10.608330,-0.0767750,0.4879801,1.1094280,0.001287,0.0000008,0.0025000
15,10.612500,-0.0767694,0.4879971,1.1094330,0.001402,0.0000009,0.0025000
15,10.616670,-0.0767638,0.4880142,1.1094390,0.001402,0.0000009,0.0024999
15,10.620830,-0.0767583,0.4880314,1.1094460,0.001516,0.0000009,0.0025000
15,10.625000,-0.0767528,0.4880487,1.1094520,0.001488,0.0000008,0.0024998
15,10.629170,-0.0767474,0.4880661,1.1094580,0.001574,0.0000009,0.0024999
15,10.633330,-0.0767420,0.4880836,1.1094650,0.001574,0.0000009,0.0024999
15,10.637500,-0.0767367,0.4881012,1.1094720,0.001717,0.0000008,0.0024999
15,10.641670,-0.0767314,0.4881188,1.1094790,0.001659,0.0000008,0.0025001
15,10.645830,-0.0767262,0.4881365,1.1094860,0.001774,0.0000008,0.0025001
15,10.650000,-0.0767210,0.4881542,1.1094940,0.001774,0.0000009,0.0025001
15,10.654170,-0.0767160,0.4881719,1.1095010,0.001802,0.0000009,0.0025000
15,10.658330,-0.0767109,0.4881897,1.1095090,0.001831,0.0000010,0.0025000
15,10.662500,-0.0767059,0.4882074,1.1095170,0.001888,0.0000010,0.0025000
15,10.666670,-0.0767010,0.4882251,1.1095240,0.001860,0.0000008,0.0025001
15,10.670830,-0.0766961,0.4882428,1.1095320,0.001888,0.0000011,0.0025001
15,10.675000,-0.0766913,0.4882605,1.1095400,0.001917,0.0000008,0.0025001
15,10.679170,-0.0766865,0.4882782,1.1095490,0.002003,0.0000009,0.0025001
15,10.683330,-0.0766818,0.4882959,1.1095570,0.001945,0.0000009,0.0024999
15,10.687500,-0.0766771,0.4883134,1.1095650,0.002003,0.0000010,0.0024999
15,10.691670,-0.0766725,0.4883310,1.1095730,0.001974,0.0000008,0.0025000
15,10.695830,-0.0766680,0.4883483,1.1095820,0.002003,0.0000009,0.0024998
15,10.700000,-0.0766635,0.4883657,1.1095900,0.002060,0.0000009,0.0025000
15,10.704170,-0.0766591,0.4883830,1.1095990,0.001974,0.0000008,0.0024999
15,10.708330,-0.0766547,0.4884002,1.1096070,0.002031,0.0000007,0.0025000
15,10.712500,-0.0766504,0.4884172,1.1096150,0.002031,0.0000008,0.0025000
15,10.716670,-0.0766461,0.4884342,1.1096240,0.002060,0.0000009,0.0024999
15,10.720830,-0.0766420,0.4884509,1.1096320,0.002003,0.0000010,0.0024998
15,10.725000,-0.0766378,0.4884677,1.1096410,0.002003,0.0000009,0.0024999
15,10.729170,-0.0766337,0.4884841,1.1096490,0.002003,0.0000010,0.0024998
15,10.733330,-0.0766297,0.4885006,1.1096570,0.001974,0.0000009,0.0024999
15,10.737500,-0.0766257,0.4885167,1.1096660,0.002031,0.0000010,0.0025000
15,10.741670,-0.0766218,0.4885328,1.1096740,0.001945,0.0000009,0.0024999
15,10.745830,-0.0766180,0.4885485,1.1096820,0.001945,0.0000010,0.0024999
15,10.750000,-0.0766142,0.4885643,1.1096900,0.001945,0.0000010,0.0025000
15,10.754170,-0.0766105,0.4885797,1.1096980,0.001917,0.0000011,0.0024998
15,10.758330,-0.0766068,0.4885951,1.1097060,0.001888,0.0000010,0.0024999
15,10.762500,-0.0766032,0.4886100,1.1097140,0.001888,0.0000011,0.0024998
15,10.766670,-0.0765996,0.4886249,1.1097220,0.001860,0.0000011,0.0024999
15,10.770830,-0.0765962,0.4886394,1.1097290,0.001831,0.0000010,0.0024998
15,10.775000,-0.0765927,0.4886539,1.1097370,0.001831,0.0000010,0.0024999
15,10.779170,-0.0765894,0.4886680,1.1097440,0.001745,0.0000011,0.0024999
15,10.783330,-0.0765861,0.4886820,1.1097520,0.001802,0.0000009,0.0025000
15,10.787500,-0.0765828,0.4886956,1.1097590,0.001688,0.0000011,0.0024999
15,10.791670,-0.0765796,0.4887091,1.1097660,0.001717,0.0000009,0.0025000
15,10.795830,-0.0765765,0.4887221,1.1097730,0.001631,0.0000012,0.0024997
15,10.800000,-0.0765734,0.4887352,1.1097790,0.001659,0.0000009,0.0025000
15,10.804170,-0.0765704,0.4887478,1.1097860,0.001602,0.0000011,0.0024998
15,10.808330,-0.0765675,0.4887603,1.1097930,0.001574,0.0000009,0.0025000
15,10.812500,-0.0765646,0.4887724,1.1097990,0.001516,0.0000009,0.0024999
15,10.816670,-0.0765618,0.4887844,1.1098050,0.001516,0.0000009,0.0025001
15,10.820830,-0.0765590,0.4887959,1.1098110,0.001459,0.0000011,0.0024999
15,10.825000,-0.0765563,0.4888073,1.1098180,0.001459,0.0000009,0.0025000
15,10.829170,-0.0765537,0.4888183,1.1098230,0.001345,0.0000011,0.0024998
15,10.833330,-0.0765511,0.4888293,1.1098290,0.001402,0.0000009,0.0025000
15,10.837500,-0.0765486,0.4888397,1.1098340,0.001316,0.0000009,0.0025000
15,10.841670,-0.0765462,0.4888501,1.1098400,0.001287,0.0000009,0.0025000
15,10.845830,-0.0765438,0.4888600,1.1098450,0.001259,0.0000009,0.0024999
15,10.850000,-0.0765415,0.4888699,1.1098500,0.001202,0.0000008,0.0025001
15,10.854170,-0.0765392,0.4888793,1.1098550,0.001230,0.0000009,0.0024999
15,10.858330,-0.0765370,0.4888886,1.1098600,0.001144,0.0000009,0.0024999
15,10.862500,-0.0765349,0.4888974,1.1098650,0.001116,0.0000010,0.0024997
15,10.866670,-0.0765328,0.4889063,1.1098690,0.001116,0.0000010,0.0024999
15,10.870830,-0.0765308,0.4889146,1.1098740,0.001059,0.0000011,0.0024998
15,10.875000,-0.0765288,0.4889229,1.1098780,0.001001,0.0000009,0.0024999
15,10.879170,-0.0765270,0.4889307,1.1098820,0.001001,0.0000011,0.0024998
15,10.883330,-0.0765251,0.4889385,1.1098860,0.001030,0.0000009,0.0025000
15,10.887500,-0.0765234,0.4889459,1.1098900,0.000916,0.0000010,0.0024999
15,10.891670,-0.0765217,0.4889532,1.1098940,0.000916,0.0000009,0.0025000
15,10.895830,-0.0765201,0.4889600,1.1098980,0.000887,0.0000010,0.0024999
15,10.900000,-0.0765185,0.4889668,1.1099010,0.000858,0.0000009,0.0025001
15,10.904170,-0.0765170,0.4889731,1.1099050,0.000801,0.0000011,0.0024999
15,10.908330,-0.0765155,0.4889795,1.1099080,0.000830,0.0000010,0.0025000
15,10.912500,-0.0765142,0.4889854,1.1099110,0.000772,0.0000010,0.0024998
15,10.916670,-0.0765128,0.4889913,1.1099140,0.000772,0.0000009,0.0025000
15,10.920830,-0.0765116,0.4889968,1.1099180,0.000744,0.0000010,0.0024999
15,10.925000,-0.0765104,0.4890023,1.1099210,0.000715,0.0000009,0.0025000
15,10.929170,-0.0765093,0.4890073,1.1099230,0.000658,0.0000011,0.0024999
15,10.933330,-0.0765082,0.4890123,1.1099260,0.000687,0.0000009,0.0025000
15,10.937500,-0.0765073,0.4890170,1.1099290,0.000658,0.0000010,0.0024998
15,10.941670,-0.0765063,0.4890216,1.1099320,0.000687,0.0000010,0.0024999
15,10.945830,-0.0765055,0.4890258,1.1099340,0.000601,0.0000010,0.0024999
15,10.950000,-0.0765046,0.4890301,1.1099370,0.000629,0.0000008,0.0024999
15,10.954170,-0.0765039,0.4890339,1.1099390,0.000572,0.0000009,0.0024999
15,10.958330,-0.0765032,0.4890378,1.1099420,0.000572,0.0000009,0.0025000
15,10.962500,-0.0765026,0.4890413,1.1099440,0.000601,0.0000010,0.0024999
15,10.966670,-0.0765021,0.4890448,1.1099460,0.000544,0.0000009,0.0025000
15,10.970830,-0.0765016,0.4890480,1.1099490,0.000544,0.0000011,0.0024998
15,10.975000,-0.0765012,0.4890512,1.1099510,0.000572,0.0000009,0.0024999
15,10.979170,-0.0765008,0.4890540,1.1099530,0.000486,0.0000010,0.0024998
15,10.983330,-0.0765005,0.4890569,1.1099550,0.000544,0.0000009,0.0025000
15,10.987500,-0.0765003,0.4890595,1.1099580,0.000544,0.0000010,0.0024999
15,10.991670,-0.0765001,0.4890620,1.1099600,0.000544,0.0000008,0.0025001
15,10.995830,-0.0765001,0.4890643,1.1099620,0.000515,0.0000010,0.0024999
15,11.000000,-0.0765000,0.4890666,1.1099640,0.000515,0.0000009,0.0025001
15,11.004170,-0.0765001,0.4890687,1.1099660,0.000515,0.0000010,0.0024999
15,11.008330,-0.0765001,0.4890707,1.1099680,0.000515,0.0000010,0.0025000
15,11.012500,-0.0765003,0.4890724,1.1099710,0.000515,0.0000009,0.0024999
15,11.016670,-0.0765005,0.4890742,1.1099730,0.000515,0.0000010,0.0025001
15,11.020830,-0.0765008,0.4890757,1.1099750,0.000515,0.0000010,0.0024999
15,11.025000,-0.0765012,0.4890773,1.1099770,0.000515,0.0000009,0.0025001
15,11.029170,-0.0765016,0.4890786,1.1099790,0.000515,0.0000010,0.0024999
15,11.033330,-0.0765021,0.4890799,1.1099820,0.000572,0.0000010,0.0025000
15,11.037500,-0.0765026,0.4890811,1.1099840,0.000515,0.0000010,0.0024999
15,11.041670,-0.0765032,0.4890822,1.1099860,0.000544,0.0000009,0.0024999
15,11.045830,-0.0765039,0.4890831,1.1099880,0.000572,0.0000011,0.0024998
15,11.050000,-0.0765046,0.4890840,1.1099910,0.000572,0.0000010,0.0025000
15,11.054170,-0.0765055,0.4890847,1.1099930,0.000544,0.0000010,0.0024999
15,11.058330,-0.0765063,0.4890855,1.1099950,0.000572,0.0000008,0.0025001
15,11.062500,-0.0765073,0.4890861,1.1099980,0.000629,0.0000010,0.0024999
15,11.066670,-0.0765082,0.4890866,1.1100000,0.000601,0.0000009,0.0024998
15,11.070830,-0.0765093,0.4890870,1.1100030,0.000601,0.0000011,0.0024998
15,11.075000,-0.0765104,0.4890875,1.1100060,0.000658,0.0000010,0.0024999
15,11.079170,-0.0765116,0.4890878,1.1100080,0.000658,0.0000010,0.0024999
15,11.083330,-0.0765128,0.4890881,1.1100110,0.000629,0.0000008,0.0025000
15,11.087500,-0.0765142,0.4890883,1.1100140,0.000687,0.0000010,0.0024999
15,11.091670,-0.0765155,0.4890884,1.1100170,0.000715,0.0000009,0.0024999
15,11.095830,-0.0765170,0.4890884,1.1100200,0.000715,0.0000009,0.0025000
15,11.100000,-0.0765185,0.4890885,1.1100230,0.000715,0.0000009,0.0025000
15,11.104170,-0.0765201,0.4890884,1.1100260,0.000715,0.0000010,0.0024998
15,11.108330,-0.0765217,0.4890884,1.1100290,0.000772,0.0000009,0.0025000
15,11.112500,-0.0765234,0.4890882,1.1100320,0.000801,0.0000009,0.0024999
15,11.116670,-0.0765251,0.4890880,1.1100360,0.000772,0.0000010,0.0025000
15,11.120830,-0.0765270,0.4890877,1.1100390,0.000830,0.0000009,0.0025000
15,11.125000,-0.0765288,0.4890875,1.1100420,0.000772,0.0000009,0.0025001
15,11.129170,-0.0765308,0.4890871,1.1100460,0.000887,0.0000009,0.0025001
15,11.133330,-0.0765328,0.4890868,1.1100500,0.000887,0.0000009,0.0025000
15,11.137500,-0.0765349,0.4890864,1.1100540,0.000916,0.0000009,0.0025001
15,11.141670,-0.0765370,0.4890859,1.1100570,0.000887,0.0000010,0.0024999
15,11.145830,-0.0765392,0.4890854,1.1100610,0.000944,0.0000010,0.0024999
15,11.150000,-0.0765415,0.4890849,1.1100650,0.000973,0.0000009,0.0025000
15,11.154170,-0.0765438,0.4890842,1.1100690,0.001001,0.0000009,0.0025001
15,11.158330,-0.0765462,0.4890836,1.1100730,0.000973,0.0000009,0.0025000
15,11.162500,-0.0765486,0.4890830,1.1100780,0.001030,0.0000010,0.0024999
15,11.166670,-0.0765511,0.4890823,1.1100820,0.001001,0.0000009,0.0025001
15,11.170830,-0.0765537,0.4890815,1.1100860,0.001059,0.0000010,0.0024999
15,11.175000,-0.0765563,0.4890807,1.1100910,0.001059,0.0000010,0.0024999
15,11.179170,-0.0765590,0.4890798,1.1100950,0.001087,0.0000010,0.0024999
15,11.183330,-0.0765618,0.4890789,1.1101000,0.001116,0.0000009,0.0024999
15,11.187500,-0.0765646,0.4890780,1.1101050,0.001144,0.0000009,0.0025000
15,11.191670,-0.0765675,0.4890771,1.1101100,0.001173,0.0000009,0.0024999
15,11.195830,-0.0765704,0.4890761,1.1101140,0.001173,0.0000008,0.0024999
15,11.200000,-0.0765734,0.4890752,1.1101190,0.001202,0.0000009,0.0024999
15,11.204170,-0.0765765,0.4890742,1.1101250,0.001259,0.0000009,0.0025000
15,11.208330,-0.0765796,0.4890733,1.1101300,0.001230,0.0000010,0.0025000
15,11.212500,-0.0765828,0.4890722,1.1101350,0.001316,0.0000010,0.0024999
15,11.216670,-0.0765861,0.4890712,1.1101410,0.001345,0.0000009,0.0024999
15,11.220830,-0.0765894,0.4890702,1.1101460,0.001316,0.0000010,0.0024998
15,11.225000,-0.0765927,0.4890692,1.1101520,0.001373,0.0000010,0.0024999
15,11.229170,-0.0765962,0.4890682,1.1101580,0.001373,0.0000011,0.0024998
15,11.233330,-0.0765996,0.4890671,1.1101640,0.001431,0.0000009,0.0024999
15,11.237500,-0.0766032,0.4890661,1.1101700,0.001459,0.0000010,0.0025000
15,11.241670,-0.0766068,0.4890650,1.1101760,0.001488,0.0000009,0.0025001
15,11.245830,-0.0766105,0.4890639,1.1101820,0.001516,0.0000011,0.0024999
15,11.250000,-0.0766142,0.4890628,1.1101890,0.001516,0.0000009,0.0025000
15,11.254170,-0.0766180,0.4890617,1.1101950,0.001574,0.0000010,0.0024999
15,11.258330,-0.0766218,0.4890606,1.1102020,0.001545,0.0000011,0.0025000
15,11.262500,-0.0766257,0.4890595,1.1102090,0.001631,0.0000009,0.0025001
15,11.266670,-0.0766297,0.4890584,1.1102150,0.001602,0.0000010,0.0025000
15,11.270830,-0.0766337,0.4890572,1.1102220,0.001659,0.0000010,0.0025001
15,11.275000,-0.0766378,0.4890561,1.1102290,0.001688,0.0000010,0.0025001
15,11.279170,-0.0766420,0.4890549,1.1102360,0.001717,0.0000009,0.0025000
15,11.283330,-0.0766461,0.4890538,1.1102430,0.001717,0.0000010,0.0025000
15,11.287500,-0.0766504,0.4890526,1.1102510,0.001802,0.0000010,0.0025000
15,11.291670,-0.0766547,0.4890515,1.1102580,0.001774,0.0000009,0.0025000
15,11.295830,-0.0766591,0.4890503,1.1102660,0.001831,0.0000009,0.0025000
15,11.300000,-0.0766635,0.4890491,1.1102740,0.001831,0.0000009,0.0025000
15,11.304170,-0.0766680,0.4890479,1.1102810,0.001888,0.0000010,0.0025000
15,11.308330,-0.0766725,0.4890467,1.1102890,0.001860,0.0000009,0.0024998
15,11.312500,-0.0766771,0.4890455,1.1102970,0.001917,0.0000009,0.0025000
15,11.316670,-0.0766818,0.4890443,1.1103050,0.001945,0.0000010,0.0025000
15,11.320830,-0.0766865,0.4890431,1.1103140,0.002003,0.0000010,0.0024999
15,11.325000,-0.0766913,0.4890419,1.1103220,0.001974,0.0000009,0.0025000
15,11.329170,-0.0766961,0.4890407,1.1103300,0.002060,0.0000009,0.0025000
15,11.333330,-0.0767010,0.4890395,1.1103390,0.002031,0.0000009,0.0025000
15,11.337500,-0.0767059,0.4890383,1.1103480,0.002060,0.0000010,0.0025000
15,11.341670,-0.0767109,0.4890370,1.1103560,0.002089,0.0000008,0.0025000
15,11.345830,-0.0767160,0.4890358,1.1103650,0.002146,0.0000011,0.0025000
15,11.350000,-0.0767210,0.4890346,1.1103740,0.002174,0.0000009,0.0024999
15,11.354170,-0.0767262,0.4890333,1.1103830,0.002146,0.0000009,0.0024999
15,11.358330,-0.0767314,0.4890321,1.1103920,0.002203,0.0000009,0.0025000
15,11.362500,-0.0767367,0.4890308,1.1104020,0.002232,0.0000010,0.0024999
15,11.366670,-0.0767420,0.4890296,1.1104110,0.002232,0.0000009,0.0025000
15,11.370830,-0.0767474,0.4890283,1.1104210,0.002317,0.0000009,0.0024999
15,11.375000,-0.0767528,0.4890271,1.1104300,0.002289,0.0000009,0.0024999
15,11.379170,-0.0767583,0.4890258,1.1104400,0.002317,0.0000009,0.0024999
15,11.383330,-0.0767638,0.4890245,1.1104500,0.002346,0.0000009,0.0024999
15,11.387500,-0.0767694,0.4890233,1.1104600,0.002403,0.0000009,0.0025000
15,11.391670,-0.0767750,0.4890220,1.1104700,0.002403,0.0000009,0.0025000
15,11.395830,-0.0767808,0.4890208,1.1104800,0.002432,0.0000009,0.0024998
15,11.400000,-0.0767865,0.4890195,1.1104900,0.002460,0.0000009,0.0024999
15,11.404170,-0.0767923,0.4890183,1.1105000,0.002518,0.0000008,0.0025000
15,11.408330,-0.0767981,0.4890170,1.1105110,0.002489,0.0000009,0.0025000
15,11.412500,-0.0768040,0.4890157,1.1105210,0.002489,0.0000008,0.0024999
15,11.416670,-0.0768100,0.4890144,1.1105320,0.002518,0.0000008,0.0025000
15,11.420830,-0.0768160,0.4890132,1.1105430,0.002632,0.0000009,0.0024998
15,11.425000,-0.0768220,0.4890119,1.1105530,0.002575,0.0000010,0.0025000
15,11.429170,-0.0768281,0.4890107,1.1105640,0.002661,0.0000011,0.0025001
15,11.433330,-0.0768343,0.4890094,1.1105750,0.002632,0.0000009,0.0025001
15,11.437500,-0.0768405,0.4890082,1.1105870,0.002689,0.0000010,0.0025000
15,11.441670,-0.0768467,0.4890069,1.1105980,0.002661,0.0000009,0.0025001
15,11.445830,-0.0768531,0.4890057,1.1106090,0.002747,0.0000010,0.0024999
15,11.450000,-0.0768594,0.4890044,1.1106210,0.002747,0.0000010,0.0025001
15,11.454170,-0.0768658,0.4890032,1.1106320,0.002775,0.0000010,0.0024999
15,11.458330,-0.0768722,0.4890019,1.1106440,0.002804,0.0000009,0.0025000
15,11.462500,-0.0768788,0.4890007,1.1106560,0.002832,0.0000009,0.0024999
15,11.466670,-0.0768853,0.4889995,1.1106670,0.002832,0.0000010,0.0024999
15,11.470830,-0.0768919,0.4889982,1.1106790,0.002861,0.0000011,0.0025000
15,11.475000,-0.0768985,0.4889970,1.1106910,0.002861,0.0000010,0.0024998
15,11.479170,-0.0769052,0.4889957,1.1107040,0.002947,0.0000010,0.0025000
15,11.483330,-0.0769119,0.4889945,1.1107160,0.002918,0.0000009,0.0025000
15,11.487500,-0.0769187,0.4889933,1.1107280,0.003004,0.0000010,0.0024999
15,11.491670,-0.0769256,0.4889921,1.1107410,0.002975,0.0000008,0.0025001
15,11.495830,-0.0769325,0.4889908,1.1107530,0.002975,0.0000009,0.0025000
15,11.500000,-0.0769393,0.4889896,1.1107660,0.003004,0.0000009,0.0025000
15,11.504170,-0.0769463,0.4889884,1.1107780,0.003090,0.0000009,0.0025001
15,11.508330,-0.0769533,0.4889872,1.1107910,0.003090,0.0000009,0.0025000
15,11.512500,-0.0769604,0.4889860,1.1108040,0.003119,0.0000010,0.0025000
15,11.516670,-0.0769675,0.4889848,1.1108170,0.003119,0.0000010,0.0025000
15,11.520830,-0.0769746,0.4889836,1.1108300,0.003147,0.0000011,0.0025000
15,11.525000,-0.0769818,0.4889825,1.1108440,0.003147,0.0000010,0.0025000
15,11.529170,-0.0769891,0.4889813,1.1108570,0.003204,0.0000010,0.0025001
15,11.533330,-0.0769963,0.4889802,1.1108700,0.003176,0.0000009,0.0025000
15,11.537500,-0.0770036,0.4889790,1.1108840,0.003290,0.0000010,0.0025001
15,11.541670,-0.0770110,0.4889778,1.1108970,0.003233,0.0000010,0.0024999
15,11.545830,-0.0770184,0.4889767,1.1109110,0.003262,0.0000010,0.0024999
15,11.550000,-0.0770258,0.4889756,1.1109250,0.003290,0.0000011,0.0025000
15,11.554170,-0.0770333,0.4889745,1.1109380,0.003319,0.0000009,0.0025000
15,11.558330,-0.0770408,0.4889733,1.1109520,0.003347,0.0000010,0.0024999
15,11.562500,-0.0770484,0.4889722,1.1109660,0.003347,0.0000009,0.0025000
15,11.566670,-0.0770560,0.4889711,1.1109810,0.003462,0.0000008,0.0024999
15,11.570830,-0.0770637,0.4889701,1.1109950,0.003405,0.0000009,0.0024999
15,11.575000,-0.0770714,0.4889690,1.1110090,0.003433,0.0000009,0.0024999
15,11.579170,-0.0770791,0.4889679,1.1110240,0.003433,0.0000010,0.0024999
15,11.583330,-0.0770869,0.4889668,1.1110380,0.003462,0.0000009,0.0024999
15,11.587500,-0.0770947,0.4889657,1.1110530,0.003490,0.0000009,0.0024999
15,11.591670,-0.0771025,0.4889647,1.1110670,0.003490,0.0000009,0.0025000
15,11.595830,-0.0771104,0.4889636,1.1110820,0.003548,0.0000010,0.0024999
15,11.600000,-0.0771183,0.4889626,1.1110970,0.003576,0.0000008,0.0025000
15,11.604170,-0.0771263,0.4889616,1.1111120,0.003576,0.0000009,0.0025000
15,11.608330,-0.0771343,0.4889606,1.1111270,0.003576,0.0000009,0.0025001
15,11.612500,-0.0771423,0.4889596,1.1111420,0.003662,0.0000009,0.0025000
15,11.616670,-0.0771504,0.4889587,1.1111570,0.003633,0.0000008,0.0025000
15,11.620830,-0.0771585,0.4889577,1.1111720,0.003633,0.0000009,0.0025000
15,11.625000,-0.0771666,0.4889567,1.1111870,0.003691,0.0000010,0.0025000
15,11.629170,-0.0771748,0.4889558,1.1112030,0.003719,0.0000010,0.0025000
15,11.633330,-0.0771831,0.4889548,1.1112180,0.003719,0.0000011,0.0025000
15,11.637500,-0.0771913,0.4889539,1.1112340,0.003748,0.0000010,0.0025000
15,11.641670,-0.0771996,0.4889530,1.1112500,0.003719,0.0000010,0.0025000
15,11.645830,-0.0772079,0.4889521,1.1112650,0.003777,0.0000010,0.0024999
15,11.650000,-0.0772163,0.4889513,1.1112810,0.003805,0.0000010,0.0025000
15,11.654170,-0.0772247,0.4889504,1.1112970,0.003805,0.0000009,0.0025000
15,11.658330,-0.0772331,0.4889495,1.1113130,0.003834,0.0000009,0.0024999
15,11.662500,-0.0772415,0.4889486,1.1113290,0.003862,0.0000010,0.0024999
15,11.666670,-0.0772500,0.4889478,1.1113450,0.003891,0.0000011,0.0024999
15,11.670830,-0.0772585,0.4889470,1.1113620,0.003891,0.0000011,0.0025000
15,11.675000,-0.0772671,0.4889462,1.1113780,0.003920,0.0000010,0.0024998
15,11.679170,-0.0772757,0.4889454,1.1113940,0.003948,0.0000009,0.0025000
15,11.683330,-0.0772843,0.4889446,1.1114100,0.003891,0.0000009,0.0024999
15,11.687500,-0.0772929,0.4889438,1.1114270,0.003977,0.0000010,0.0025000
15,11.691670,-0.0773016,0.4889431,1.1114440,0.003977,0.0000011,0.0024999
15,11.695830,-0.0773103,0.4889424,1.1114600,0.004005,0.0000010,0.0024999
15,11.700000,-0.0773190,0.4889416,1.1114770,0.004034,0.0000010,0.0025000
15,11.704170,-0.0773278,0.4889409,1.1114940,0.004034,0.0000010,0.0025000
15,11.708330,-0.0773366,0.4889402,1.1115110,0.004034,0.0000011,0.0024998
15,11.712500,-0.0773454,0.4889395,1.1115280,0.004091,0.0000009,0.0025000
15,11.716670,-0.0773542,0.4889389,1.1115450,0.004063,0.0000008,0.0025000
15,11.720830,-0.0773631,0.4889382,1.1115620,0.004120,0.0000009,0.0024999
15,11.725000,-0.0773720,0.4889375,1.1115790,0.004120,0.0000008,0.0024999
15,11.729170,-0.0773810,0.4889369,1.1115960,0.004091,0.0000009,0.0025000
15,11.733330,-0.0773899,0.4889363,1.1116140,0.004177,0.0000008,0.0024999
15,11.737500,-0.0773989,0.4889356,1.1116310,0.004148,0.0000010,0.0024999
15,11.741670,-0.0774079,0.4889351,1.1116480,0.004177,0.0000009,0.0024999
15,11.745830,-0.0774169,0.4889345,1.1116660,0.004206,0.0000008,0.0024999
15,11.750000,-0.0774260,0.4889340,1.1116830,0.004234,0.0000009,0.0024999
15,11.754170,-0.0774351,0.4889334,1.1117010,0.004177,0.0000010,0.0025001
15,11.758330,-0.0774442,0.4889328,1.1117190,0.004263,0.0000010,0.0025000
15,11.762500,-0.0774533,0.4889323,1.1117360,0.004263,0.0000010,0.0025000
15,11.766670,-0.0774624,0.4889318,1.1117540,0.004263,0.0000010,0.0025001
15,11.770830,-0.0774716,0.4889313,1.1117720,0.004292,0.0000010,0.0025000
15,11.775000,-0.0774808,0.4889308,1.1117900,0.004292,0.0000010,0.0024999
15,11.779170,-0.0774901,0.4889303,1.1118080,0.004349,0.0000011,0.0024999
15,11.783330,-0.0774993,0.4889299,1.1118260,0.004320,0.0000009,0.0024999
15,11.787500,-0.0775086,0.4889294,1.1118440,0.004349,0.0000011,0.0024999
15,11.791670,-0.0775178,0.4889290,1.1118620,0.004320,0.0000009,0.0025000
15,11.795830,-0.0775272,0.4889286,1.1118800,0.004377,0.0000010,0.0025001
15,11.800000,-0.0775365,0.4889282,1.1118990,0.004406,0.0000010,0.0024999
15,11.804170,-0.0775458,0.4889278,1.1119170,0.004377,0.0000008,0.0025000
15,11.808330,-0.0775552,0.4889273,1.1119350,0.004377,0.0000026,0.0025000
15,11.812500,-0.0775646,0.4889269,1.1119540,0.004435,0.0000048,0.0025000
15,11.816670,-0.0775740,0.4889266,1.1119720,0.004406,0.0000071,0.0024999
15,11.820830,-0.0775834,0.4889263,1.1119900,0.004435,0.0000083,0.0025001
15,11.825000,-0.0775928,0.4889259,1.1120090,0.004463,0.0000080,0.0025000
15,11.829170,-0.0776023,0.4889256,1.1120280,0.004435,0.0000053,0.0025000
15,11.833330,-0.0776118,0.4889253,1.1120460,0.004463,0.0000009,0.0024999
15,11.837500,-0.0776213,0.4889250,1.1120650,0.004492,0.0000073,0.0025000
15,11.841670,-0.0776308,0.4889246,1.1120840,0.004492,0.0000362,0.0025000
15,11.845830,-0.0776403,0.4889244,1.1121020,0.004520,0.0000726,0.0025000
15,11.850000,-0.0776498,0.4889241,1.1121210,0.004492,0.0001025,0.0025001
15,11.854170,-0.0776594,0.4889238,1.1121400,0.004549,0.0000003,0.0025000
15,11.858330,-0.0776689,0.4889235,1.1121590,0.004520,0.0000003,0.0025000
15,11.862500,-0.0776785,0.4889233,1.1121780,0.004549,0.0000004,0.0025002
15,11.866670,-0.0776881,0.4889230,1.1121970,0.004520,0.0000004,0.0025001
15,11.870830,-0.0776978,0.4889228,1.1122160,0.004549,0.0000003,0.0024999
15,11.875000,-0.0777074,0.4889225,1.1122350,0.004578,0.0000003,0.0025000
15,11.879170,-0.0777170,0.4889223,1.1122540,0.004578,0.0000003,0.0024999
15,11.883330,-0.0777266,0.4889221,1.1122730,0.004606,0.0000004,0.0025001
15,11.887500,-0.0777363,0.4889219,1.1122920,0.004578,0.0000003,0.0025000
15,11.891670,-0.0777460,0.4889217,1.1123110,0.004549,0.0000004,0.0025000
15,11.895830,-0.0777557,0.4889216,1.1123300,0.004606,0.0000004,0.0024999
15,11.900000,-0.0777654,0.4889214,1.1123500,0.004635,0.0000004,0.0025000
15,11.904170,-0.0777751,0.4889212,1.1123690,0.004606,0.0000004,0.0025000
15,11.908330,-0.0777848,0.4889210,1.1123880,0.004635,0.0000004,0.0024999
15,11.912500,-0.0777945,0.4889209,1.1124070,0.004635,0.0000004,0.0025000
15,11.916670,-0.0778042,0.4889207,1.1124270,0.004606,0.0000004,0.0024999
15,11.920830,-0.0778140,0.4889206,1.1124460,0.004635,0.0000004,0.0025001
15,11.925000,-0.0778237,0.4889204,1.1124650,0.004663,0.0000004,0.0025000
15,11.929170,-0.0778334,0.4889203,1.1124850,0.004635,0.0000004,0.0024999
15,11.933330,-0.0778432,0.4889202,1.1125040,0.004663,0.0000003,0.0025000
15,11.937500,-0.0778530,0.4889200,1.1125230,0.004663,0.0000003,0.0024999
15,11.941670,-0.0778628,0.4889199,1.1125430,0.004692,0.0000003,0.0025000
15,11.945830,-0.0778725,0.4889198,1.1125620,0.004635,0.0000003,0.0024999
15,11.950000,-0.0778823,0.4889197,1.1125820,0.004635,0.0000003,0.0025000
15,11.954170,-0.0778921,0.4889196,1.1126010,0.004692,0.0000003,0.0025000
15,11.958330,-0.0779019,0.4889195,1.1126210,0.004663,0.0000003,0.0024999
15,11.962500,-0.0779117,0.4889194,1.1126400,0.004692,0.0000003,0.0025000
15,11.966670,-0.0779215,0.4889193,1.1126600,0.004692,0.0000003,0.0025000
15,11.970830,-0.0779313,0.4889192,1.1126790,0.004692,0.0000003,0.0025000
15,11.975000,-0.0779411,0.4889192,1.1126990,0.004692,0.0000004,0.0024999
15,11.979170,-0.0779509,0.4889191,1.1127180,0.004692,0.0000003,0.0024999
15,11.983330,-0.0779607,0.4889190,1.1127380,0.004692,0.0000003,0.0024999
15,11.987500,-0.0779706,0.4889189,1.1127580,0.004721,0.0000003,0.0024999
15,11.991670,-0.0779804,0.4889189,1.1127770,0.004692,0.0000004,0.0024999
15,11.995830,-0.0779902,0.4889188,1.1127970,0.004692,0.0000004,0.0025000
15,12.000000,-0.0780000,0.4889188,1.1128160,0.004692,0.0000004,0.0024999
15,12.004170,-0.0780098,0.4889187,1.1128360,0.004692,0.0000004,0.0024998
15,12.008330,-0.0780196,0.4889187,1.1128550,0.004721,0.0000004,0.0024998
15,12.012500,-0.0780294,0.4889186,1.1128750,0.004692,0.0000004,0.0024998
15,12.016670,-0.0780393,0.4889186,1.1128950,0.004721,0.0000004,0.0024999
15,12.020830,-0.0780491,0.4889185,1.1129140,0.004692,0.0000004,0.0024998
15,12.025000,-0.0780589,0.4889185,1.1129340,0.004692,0.0000003,0.0024999
15,12.029170,-0.0780687,0.4889184,1.1129530,0.004692,0.0000004,0.0024998
15,12.033330,-0.0780785,0.4889184,1.1129730,0.004692,0.0000004,0.0024999
15,12.037500,-0.0780883,0.4889183,1.1129920,0.004692,0.0000003,0.0025000
15,12.041670,-0.0780981,0.4889183,1.1130120,0.004692,0.0000004,0.0024998
15,12.045830,-0.0781079,0.4889183,1.1130320,0.004692,0.0000003,0.0024999
15,12.050000,-0.0781177,0.4889183,1.1130510,0.004692,0.0000004,0.0024999
15,12.054170,-0.0781275,0.4889182,1.1130710,0.004692,0.0000004,0.0025000
15,12.058330,-0.0781373,0.4889182,1.1130900,0.004692,0.0000004,0.0025000
15,12.062500,-0.0781470,0.4889182,1.1131100,0.004663,0.0000005,0.0024999
15,12.066670,-0.0781568,0.4889182,1.1131290,0.004692,0.0000004,0.0024999
15,12.070830,-0.0781665,0.4889182,1.1131490,0.004692,0.0000004,0.0025000
15,12.075000,-0.0781763,0.4889182,1.1131680,0.004692,0.0000005,0.0025000
15,12.079170,-0.0781860,0.4889181,1.1131880,0.004692,0.0000005,0.0024999
15,12.083330,-0.0781958,0.4889181,1.1132070,0.004663,0.0000004,0.0025000
15,12.087500,-0.0782055,0.4889181,1.1132270,0.004635,0.0000004,0.0025000
15,12.091670,-0.0782152,0.4889181,1.1132460,0.004635,0.0000004,0.0025001
15,12.095830,-0.0782249,0.4889181,1.1132650,0.004692,0.0000005,0.0025000
15,12.100000,-0.0782347,0.4889181,1.1132850,0.004663,0.0000005,0.0024999
15,12.104170,-0.0782443,0.4889180,1.1133040,0.004635,0.0000005,0.0025000
15,12.108330,-0.0782540,0.4889180,1.1133230,0.004635,0.0000004,0.0025000
15,12.112500,-0.0782637,0.4889180,1.1133430,0.004663,0.0000004,0.0025000
15,12.116670,-0.0782734,0.4889180,1.1133620,0.004606,0.0000004,0.0025000
15,12.120830,-0.0782830,0.4889180,1.1133820,0.004663,0.0000004,0.0024999
15,12.125000,-0.0782926,0.4889180,1.1134010,0.004606,0.0000004,0.0025000
15,12.129170,-0.0783022,0.4889180,1.1134200,0.004606,0.0000004,0.0025001
15,12.133330,-0.0783119,0.4889180,1.1134390,0.004635,0.0000004,0.0025000
15,12.137500,-0.0783215,0.4889180,1.1134580,0.004578,0.0000004,0.0025001
15,12.141670,-0.0783311,0.4889180,1.1134770,0.004606,0.0000004,0.0025000
15,12.145830,-0.0783406,0.4889180,1.1134970,0.004606,0.0000004,0.0025001
15,12.150000,-0.0783502,0.4889180,1.1135160,0.004578,0.0000004,0.0025001
15,12.154170,-0.0783597,0.4889180,1.1135350,0.004578,0.0000004,0.0024999
15,12.158330,-0.0783692,0.4889180,1.1135540,0.004549,0.0000004,0.0025001
15,12.162500,-0.0783787,0.4889180,1.1135730,0.004578,0.0000004,0.0024999
15,12.166670,-0.0783882,0.4889180,1.1135920,0.004578,0.0000004,0.0024999
15,12.170830,-0.0783977,0.4889180,1.1136110,0.004520,0.0000003,0.0025002
15,12.175000,-0.0784072,0.4889180,1.1136300,0.004520,0.0000012,0.0025005
15,12.179170,-0.0784166,0.4889179,1.1136480,0.004463,0.0000026,0.0025010
15,12.183330,-0.0784260,0.4889179,1.1136670,0.004492,0.0000038,0.0025015
15,12.187500,-0.0784354,0.4889179,1.1136850,0.004463,0.0000045,0.0025017
15,12.191670,-0.0784448,0.4889179,1.1137040,0.004520,0.0000043,0.0025016
15,12.195830,-0.0784542,0.4889179,1.1137230,0.004549,0.0000028,0.0025010
15,12.200000,-0.0784635,0.4889179,1.1137420,0.004578,0.0000004,0.0024998
15,12.204170,-0.0784724,0.4889182,1.1137620,0.004635,0.0000443,0.0024913
15,12.208330,-0.0784812,0.4889183,1.1137800,0.004520,0.0000644,0.0024875
15,12.212500,-0.0784870,0.4889198,1.1138010,0.004835,0.0000638,0.0024883
15,12.216670,-0.0784928,0.4889212,1.1138210,0.004864,0.0000529,0.0024906
15,12.220830,-0.0784928,0.4889250,1.1138440,0.005493,0.0000324,0.0024953
15,12.225000,-0.0784928,0.4889287,1.1138670,0.005665,0.0000150,0.0024983
15,12.229170,-0.0784845,0.4889359,1.1138950,0.006723,0.0000069,0.0025014
15,12.233330,-0.0784761,0.4889430,1.1139250,0.006981,0.0000004,0.0024998
15,12.237500,-0.0784569,0.4889545,1.1139580,0.008154,0.0000018,0.0024993
15,12.241670,-0.0784377,0.4889660,1.1139930,0.008297,0.0000063,0.0024975
15,12.245830,-0.0784054,0.4889829,1.1140330,0.009699,0.0000012,0.0024996
15,12.250000,-0.0783731,0.4889997,1.1140750,0.009871,0.0000026,0.0024991
15,12.254170,-0.0783257,0.4890227,1.1141230,0.011587,0.0000049,0.0025018
15,12.258330,-0.0782782,0.4890457,1.1141720,0.011873,0.0000026,0.0025010
15,12.262500,-0.0782136,0.4890756,1.1142300,0.013905,0.0000076,0.0025027
15,12.266670,-0.0781491,0.4891055,1.1142900,0.014305,0.0000005,0.0025000
15,12.270830,-0.0780657,0.4891430,1.1143580,0.016451,0.0000019,0.0025005
15,12.275000,-0.0779823,0.4891806,1.1144280,0.016680,0.0000047,0.0024984
15,12.279170,-0.0778785,0.4892264,1.1145070,0.018940,0.0000018,0.0025008
15,12.283330,-0.0777746,0.4892722,1.1145870,0.019255,0.0000023,0.0024992
15,12.287500,-0.0776489,0.4893270,1.1146780,0.021744,0.0000059,0.0025024
15,12.291670,-0.0775232,0.4893817,1.1147700,0.022173,0.0000013,0.0025007
15,12.295830,-0.0773742,0.4894457,1.1148730,0.024805,0.0000080,0.0025031
15,12.300000,-0.0772254,0.4895098,1.1149790,0.025234,0.0000004,0.0025000
15,12.304170,-0.0770521,0.4895837,1.1150950,0.027981,0.0000044,0.0025013
15,12.308330,-0.0768789,0.4896577,1.1152130,0.028353,0.0000033,0.0024986
15,12.312500,-0.0766803,0.4897419,1.1153430,0.031157,0.0000041,0.0025015
15,12.316670,-0.0764818,0.4898260,1.1154740,0.031500,0.0000021,0.0024995
15,12.320830,-0.0762570,0.4899208,1.1156180,0.034504,0.0000066,0.0025027
15,12.325000,-0.0760323,0.4900155,1.1157630,0.034876,0.0000005,0.0025004
15,12.329170,-0.0757806,0.4901212,1.1159220,0.037966,0.0000080,0.0025031
15,12.333330,-0.0755289,0.4902270,1.1160820,0.038424,0.0000003,0.0025000
15,12.337500,-0.0752498,0.4903437,1.1162540,0.041456,0.0000066,0.0025020
15,12.341670,-0.0749706,0.4904604,1.1164290,0.041885,0.0000021,0.0024990
15,12.345830,-0.0746633,0.4905886,1.1166170,0.045033,0.0000058,0.0025020
15,12.350000,-0.0743563,0.4907166,1.1168060,0.045347,0.0000018,0.0024994
15,12.354170,-0.0740209,0.4908562,1.1170080,0.048552,0.0000065,0.0025026
15,12.358330,-0.0736854,0.4909957,1.1172120,0.048952,0.0000012,0.0025001
15,12.362500,-0.0733213,0.4911468,1.1174290,0.052071,0.0000075,0.0025031
15,12.366670,-0.0729574,0.4912978,1.1176470,0.052471,0.0000004,0.0024998
15,12.370830,-0.0725648,0.4914605,1.1178790,0.055618,0.0000077,0.0025021
15,12.375000,-0.0721722,0.4916231,1.1181120,0.055990,0.0000012,0.0024991
15,12.379170,-0.0717508,0.4917974,1.1183590,0.059195,0.0000067,0.0025022
15,12.383330,-0.0713295,0.4919716,1.1186070,0.059481,0.0000017,0.0024995
15,12.387500,-0.0708799,0.4921573,1.1188680,0.062599,0.0000062,0.0025025
15,12.391670,-0.0704301,0.4923430,1.1191300,0.062943,0.0000020,0.0024998
15,12.395830,-0.0699519,0.4925402,1.1194050,0.065975,0.0000068,0.0025026
15,12.400000,-0.0694739,0.4927374,1.1196810,0.066319,0.0000005,0.0024998
15,12.404170,-0.0689680,0.4929458,1.1199700,0.069323,0.0000084,0.0025021
15,12.408330,-0.0684619,0.4931542,1.1202600,0.069637,0.0000014,0.0024993
15,12.412500,-0.0679282,0.4933739,1.1205630,0.072641,0.0000072,0.0025022
15,12.416670,-0.0673948,0.4935934,1.1208660,0.072813,0.0000016,0.0024995
15,12.420830,-0.0668342,0.4938239,1.1211820,0.075760,0.0000053,0.0025022
15,12.425000,-0.0662736,0.4940544,1.1214980,0.075960,0.0000030,0.0024995
15,12.429170,-0.0656864,0.4942957,1.1218270,0.078764,0.0000053,0.0025021
15,12.433330,-0.0650993,0.4945368,1.1221550,0.078907,0.0000004,0.0024999
15,12.437500,-0.0644866,0.4947884,1.1224950,0.081568,0.0000084,0.0025020
15,12.441670,-0.0638738,0.4950400,1.1228360,0.081825,0.0000021,0.0024994
15,12.445830,-0.0632359,0.4953017,1.1231880,0.084457,0.0000071,0.0025020
15,12.450000,-0.0625981,0.4955634,1.1235410,0.084572,0.0000012,0.0024997
15,12.454170,-0.0619364,0.4958348,1.1239030,0.087032,0.0000042,0.0025016
15,12.458330,-0.0612744,0.4961062,1.1242660,0.087175,0.0000034,0.0024993
15,12.462500,-0.0605893,0.4963870,1.1246390,0.089493,0.0000042,0.0025018
15,12.466670,-0.0599040,0.4966679,1.1250120,0.089550,0.0000003,0.0024999
15,12.470830,-0.0591967,0.4969577,1.1253950,0.091724,0.0000081,0.0025017
15,12.475000,-0.0584894,0.4972474,1.1257770,0.091867,0.0000027,0.0024994
15,12.479170,-0.0577607,0.4975458,1.1261690,0.093956,0.0000065,0.0025016
15,12.483330,-0.0570322,0.4978443,1.1265610,0.094042,0.0000011,0.0024996
15,12.487500,-0.0562837,0.4981507,1.1269600,0.095873,0.0000028,0.0025012
15,12.491670,-0.0555351,0.4984571,1.1273600,0.095930,0.0000037,0.0024990
15,12.495830,-0.0547674,0.4987714,1.1277670,0.097675,0.0000025,0.0025012
15,12.500000,-0.0539999,0.4990855,1.1281740,0.097647,0.0000004,0.0024999
15,12.504170,-0.0532149,0.4994067,1.1285870,0.099192,0.0000073,0.0025013
15,12.508330,-0.0524297,0.4997280,1.1290010,0.099249,0.0000033,0.0024994
15,12.512500,-0.0516282,0.5000558,1.1294200,0.100651,0.0000059,0.0025011
15,12.516670,-0.0508264,0.5003838,1.1298390,0.100651,0.0000008,0.0024997
15,12.520830,-0.0500100,0.5007176,1.1302640,0.101967,0.0000015,0.0025006
15,12.525000,-0.0491933,0.5010516,1.1306880,0.101795,0.0000038,0.0024989
15,12.529170,-0.0483630,0.5013910,1.1311170,0.102940,0.0000010,0.0025004
15,12.533330,-0.0475324,0.5017306,1.1315450,0.102768,0.0000006,0.0024997
15,12.537500,-0.0466899,0.5020750,1.1319780,0.103712,0.0000059,0.0025007
15,12.541670,-0.0458472,0.5024194,1.1324090,0.103626,0.0000034,0.0024994
15,12.545830,-0.0449935,0.5027683,1.1328440,0.104427,0.0000046,0.0025005
15,12.550000,-0.0441399,0.5031171,1.1332790,0.104227,0.0000008,0.0024995
15,12.554170,-0.0432771,0.5034696,1.1337160,0.104885,0.0000005,0.0024998
15,12.558330,-0.0424141,0.5038221,1.1341520,0.104656,0.0000038,0.0024987
15,12.562500,-0.0415432,0.5041779,1.1345900,0.105143,0.0000015,0.0024996
15,12.566670,-0.0406721,0.5045338,1.1350270,0.104857,0.0000004,0.0024999
15,12.570830,-0.0397949,0.5048921,1.1354650,0.105085,0.0000046,0.0025003
15,12.575000,-0.0389176,0.5052503,1.1359020,0.104885,0.0000038,0.0024996
15,12.579170,-0.0380353,0.5056105,1.1363390,0.105028,0.0000035,0.0025000
15,12.583330,-0.0371528,0.5059709,1.1367760,0.104857,0.0000007,0.0024996
15,12.587500,-0.0362672,0.5063324,1.1372130,0.104771,0.0000017,0.0024994
15,12.591670,-0.0353817,0.5066939,1.1376480,0.104456,0.0000036,0.0024988
15,12.595830,-0.0344939,0.5070562,1.1380820,0.104227,0.0000029,0.0024990
15,12.600000,-0.0336066,0.5074183,1.1385150,0.103884,0.0000005,0.0024999
15,12.604170,-0.0327190,0.5077805,1.1389460,0.103512,0.0000028,0.0024997
15,12.608330,-0.0318313,0.5081427,1.1393770,0.103226,0.0000035,0.0024997
15,12.612500,-0.0309448,0.5085043,1.1398040,0.102711,0.0000020,0.0024995
15,12.616670,-0.0300581,0.5088660,1.1402310,0.102396,0.0000006,0.0024997
15,12.620830,-0.0291747,0.5092263,1.1406550,0.101681,0.0000033,0.0024988
15,12.625000,-0.0282910,0.5095866,1.1410770,0.101366,0.0000036,0.0024987
15,12.629170,-0.0274117,0.5099450,1.1414960,0.100451,0.0000045,0.0024984
15,12.633330,-0.0265322,0.5103036,1.1419130,0.100136,0.0000003,0.0025000
15,12.637500,-0.0256588,0.5106595,1.1423260,0.099049,0.0000016,0.0024991
15,12.641670,-0.0247856,0.5110154,1.1427370,0.098763,0.0000035,0.0024999
15,12.645830,-0.0239196,0.5113681,1.1431440,0.097589,0.0000015,0.0024987
15,12.650000,-0.0230534,0.5117209,1.1435490,0.097332,0.0000009,0.0024996
15,12.654170,-0.0221964,0.5120698,1.1439490,0.095873,0.0000047,0.0024982
15,12.658330,-0.0213395,0.5124188,1.1443470,0.095558,0.0000034,0.0024987
15,12.662500,-0.0204927,0.5127633,1.1447380,0.093842,0.0000061,0.0024979
15,12.666670,-0.0196458,0.5131080,1.1451280,0.093527,0.0000004,0.0024999
15,12.670830,-0.0188111,0.5134475,1.1455080,0.091381,0.0000018,0.0024986
15,12.675000,-0.0179762,0.5137870,1.1458880,0.091152,0.0000034,0.0024998
15,12.679170,-0.0171546,0.5141210,1.1462580,0.088778,0.0000023,0.0024983
15,12.683330,-0.0163327,0.5144550,1.1466270,0.088491,0.0000008,0.0024997
15,12.687500,-0.0155256,0.5147828,1.1469840,0.085773,0.0000059,0.0024976
15,12.691670,-0.0147187,0.5151106,1.1473400,0.085430,0.0000030,0.0024990
15,12.695830,-0.0139276,0.5154316,1.1476850,0.082655,0.0000071,0.0024973
15,12.700000,-0.0131363,0.5157529,1.1480270,0.082283,0.0000003,0.0025001
15,12.704170,-0.0123624,0.5160666,1.1483570,0.079136,0.0000031,0.0024983
15,12.708330,-0.0115887,0.5163803,1.1486860,0.078821,0.0000033,0.0025000
15,12.712500,-0.0108333,0.5166863,1.1490000,0.075560,0.0000036,0.0024979
15,12.716670,-0.0100779,0.5169924,1.1493140,0.075245,0.0000010,0.0024997
15,12.720830,-0.0093420,0.5172902,1.1496130,0.071840,0.0000067,0.0024972
15,12.725000,-0.0086064,0.5175878,1.1499110,0.071554,0.0000025,0.0024989
15,12.729170,-0.0078914,0.5178769,1.1501950,0.068007,0.0000081,0.0024968
15,12.733330,-0.0071763,0.5181659,1.1504770,0.067749,0.0000003,0.0025000
15,12.737500,-0.0064833,0.5184458,1.1507440,0.064030,0.0000047,0.0024979
15,12.741670,-0.0057904,0.5187256,1.1510100,0.063772,0.0000029,0.0025002
15,12.745830,-0.0051202,0.5189958,1.1512600,0.060081,0.0000050,0.0024974
15,12.750000,-0.0044499,0.5192661,1.1515090,0.059881,0.0000012,0.0024995
15,12.754170,-0.0038035,0.5195263,1.1517430,0.056105,0.0000070,0.0024969
15,12.758330,-0.0031573,0.5197865,1.1519760,0.055904,0.0000014,0.0024994
15,12.762500,-0.0025357,0.5200363,1.1521930,0.052071,0.0000083,0.0024969
15,12.766670,-0.0019140,0.5202862,1.1524090,0.051899,0.0000002,0.0025001
15,12.770830,-0.0013177,0.5205256,1.1526100,0.048180,0.0000060,0.0024977
15,12.775000,-0.0007217,0.5207648,1.1528100,0.048008,0.0000026,0.0025004
15,12.779170,-0.0001518,0.5209931,1.1529950,0.044260,0.0000061,0.0024970
15,12.783330,0.0004183,0.5212216,1.1531790,0.044174,0.0000013,0.0024995
15,12.787500,0.0009614,0.5214387,1.1533470,0.040512,0.0000074,0.0024962
15,12.791670,0.0015044,0.5216559,1.1535150,0.040312,0.0000012,0.0024991
15,12.795830,0.0020202,0.5218617,1.1536680,0.036736,0.0000084,0.0024965
15,12.800000,0.0025360,0.5220676,1.1538210,0.036707,0.0000003,0.0025001
15,12.804170,0.0030240,0.5222619,1.1539600,0.033188,0.0000071,0.0024976
15,12.808330,0.0035118,0.5224562,1.1540980,0.033102,0.0000017,0.0025005
15,12.812500,0.0039716,0.5226390,1.1542220,0.029840,0.0000068,0.0024970
15,12.816670,0.0044313,0.5228218,1.1543460,0.029726,0.0000016,0.0024992
15,12.820830,0.0048628,0.5229928,1.1544560,0.026493,0.0000073,0.0024959
15,12.825000,0.0052941,0.5231639,1.1545660,0.026436,0.0000018,0.0024987
15,12.829170,0.0056969,0.5233232,1.1546640,0.023375,0.0000078,0.0024961
15,12.833330,0.0060997,0.5234825,1.1547610,0.023346,0.0000002,0.0025001
15,12.837500,0.0064740,0.5236303,1.1548460,0.020514,0.0000077,0.0024974
15,12.841670,0.0068483,0.5237780,1.1549320,0.020428,0.0000009,0.0025004
15,12.845830,0.0071940,0.5239140,1.1550050,0.017738,0.0000071,0.0024970
15,12.850000,0.0075397,0.5240501,1.1550790,0.017767,0.0000018,0.0024991
15,12.854170,0.0078572,0.5241747,1.1551430,0.015221,0.0000070,0.0024956
15,12.858330,0.0081745,0.5242993,1.1552060,0.015192,0.0000027,0.0024983
15,12.862500,0.0084640,0.5244126,1.1552600,0.012932,0.0000071,0.0024959
15,12.866670,0.0087535,0.5245259,1.1553140,0.012932,0.0000002,0.0025001
15,12.870830,0.0090155,0.5246282,1.1553590,0.010815,0.0000081,0.0024971
15,12.875000,0.0092774,0.5247304,1.1554040,0.010757,0.0000010,0.0024999
15,12.879170,0.0095123,0.5248219,1.1554410,0.008926,0.0000070,0.0024969
15,12.883330,0.0097473,0.5249134,1.1554780,0.008926,0.0000026,0.0024984
15,12.887500,0.0099561,0.5249944,1.1555080,0.007181,0.0000066,0.0024947
15,12.891670,0.0101649,0.5250754,1.1555380,0.007238,0.0000043,0.0024971
15,12.895830,0.0103482,0.5251463,1.1555620,0.005722,0.0000062,0.0024955
15,12.900000,0.0105315,0.5252172,1.1555860,0.005722,0.0000003,0.0024999
15,12.904170,0.0106905,0.5252786,1.1556040,0.004435,0.0000082,0.0024968
15,12.908330,0.0108494,0.5253398,1.1556230,0.004435,0.0000017,0.0024993
15,12.912500,0.0109851,0.5253921,1.1556370,0.003405,0.0000067,0.0024968
15,12.916670,0.0111208,0.5254443,1.1556510,0.003376,0.0000036,0.0024972
15,12.920830,0.0112345,0.5254878,1.1556610,0.002432,0.0000068,0.0024937
15,12.925000,0.0113482,0.5255314,1.1556720,0.002460,0.0000063,0.0024956
15,12.929170,0.0114414,0.5255671,1.1556790,0.001688,0.0000054,0.0024950
15,12.933330,0.0115345,0.5256027,1.1556860,0.001688,0.0000002,0.0025001
15,12.937500,0.0116088,0.5256310,1.1556900,0.001116,0.0000077,0.0024974
15,12.941670,0.0116830,0.5256593,1.1556950,0.001173,0.0000043,0.0024992
15,12.945830,0.0117400,0.5256809,1.1556980,0.000687,0.0000050,0.0024984
15,12.950000,0.0117970,0.5257026,1.1557010,0.000687,0.0000023,0.0025010
15,12.954170,0.0118388,0.5257184,1.1557020,0.000372,0.0000019,0.0024985
15,12.958330,0.0118806,0.5257342,1.1557040,0.000343,0.0000059,0.0024989
15,12.962500,0.0119093,0.5257450,1.1557050,0.000200,0.0000030,0.0024976
15,12.966670,0.0119379,0.5257558,1.1557060,0.000200,0.0000004,0.0024999
15,12.970830,0.0119556,0.5257625,1.1557060,0.000057,0.0000068,0.0024976
15,12.975000,0.0119734,0.5257692,1.1557060,0.000029,0.0000057,0.0024984
15,12.979170,0.0119827,0.5257726,1.1557060,-0.000029,0.0000056,0.0024987
15,12.983330,0.0119920,0.5257762,1.1557060,0.000029,0.0000058,0.0025006
15,12.987500,0.0119955,0.5257775,1.1557060,0.000029,0.0000060,0.0025014
15,12.991670,0.0119990,0.5257788,1.1557060,0.000000,0.0000075,0.0025025
15,12.995830,0.0119995,0.5257790,1.1557060,0.000000,0.0000053,0.0025020
15,13.000000,0.0120000,0.5257792,1.1557060,0.000000,0.0000000,0.0025000
