posture,time,chest_y,head_y,chest_velocity,head_velocity,head_forward,head_pitch
False,0.000000,0.6857252,1.1557060,0.000000,0.000000,0.0000000,0.00000
False,0.004167,0.6857252,1.1557060,0.000014,0.000000,-0.0000011,0.00000
False,0.008333,0.6857253,1.1557060,0.000014,0.000000,-0.0000014,0.00000
False,0.012500,0.6857257,1.1557070,0.000114,0.000114,-0.0000015,0.00000
False,0.016667,0.6857262,1.1557070,0.000100,0.000143,-0.0000018,0.00000
False,0.020833,0.6857275,1.1557080,0.000315,0.000286,-0.0000025,0.00000
False,0.025000,0.6857288,1.1557100,0.000315,0.000315,-0.0000042,0.00000
False,0.029167,0.6857312,1.1557120,0.000572,0.000572,-0.0000070,0.00000
False,0.033333,0.6857336,1.1557140,0.000587,0.000572,-0.0000116,0.00000
False,0.037500,0.6857375,1.1557180,0.000930,0.000944,-0.0000172,0.00000
False,0.041667,0.6857414,1.1557220,0.000944,0.000944,-0.0000234,0.00000
False,0.045833,0.6857471,1.1557280,0.001373,0.001373,-0.0000303,0.00000
False,0.050000,0.6857529,1.1557340,0.001388,0.001373,-0.0000383,0.00000
False,0.054167,0.6857609,1.1557420,0.001903,0.001888,-0.0000478,0.00000
False,0.058333,0.6857687,1.1557500,0.001888,0.001917,-0.0000590,0.00000
False,0.062500,0.6857790,1.1557600,0.002475,0.002460,-0.0000722,0.00000
False,0.066667,0.6857893,1.1557700,0.002475,0.002489,-0.0000877,0.00000
False,0.070833,0.6858023,1.1557830,0.003119,0.003090,-0.0001053,0.00000
False,0.075000,0.6858153,1.1557960,0.003104,0.003147,-0.0001242,0.00000
False,0.079167,0.6858312,1.1558120,0.003834,0.003805,-0.0001447,0.00000
False,0.083333,0.6858473,1.1558280,0.003848,0.003862,-0.0001673,0.00000
False,0.087500,0.6858664,1.1558470,0.004592,0.004578,-0.0001919,0.00000
False,0.091667,0.6858855,1.1558660,0.004592,0.004578,-0.0002189,0.00000
False,0.095833,0.6859081,1.1558890,0.005407,0.005436,-0.0002486,0.00000
False,0.100000,0.6859306,1.1559110,0.005407,0.005407,-0.0002809,0.00000
False,0.104167,0.6859567,1.1559370,0.006266,0.006208,-0.0003159,0.00000
False,0.108333,0.6859828,1.1559640,0.006251,0.006294,-0.0003530,0.00000
False,0.112500,0.6860127,1.1559930,0.007181,0.007181,-0.0003924,0.00000
False,0.116667,0.6860427,1.1560230,0.007195,0.007153,-0.0004344,0.00000
False,0.120833,0.6860765,1.1560570,0.008125,0.008125,-0.0004791,0.00000
False,0.125000,0.6861104,1.1560910,0.008125,0.008125,-0.0005265,0.00000
False,0.129167,0.6861483,1.1561290,0.009112,0.009069,-0.0005770,0.00000
False,0.133333,0.6861863,1.1561670,0.009098,0.009098,-0.0006305,-0.01978
False,0.137500,0.6862285,1.1562090,0.010142,0.010099,-0.0006870,-0.01978
False,0.141667,0.6862707,1.1562510,0.010128,0.010157,-0.0007464,-0.01978
False,0.145833,0.6863173,1.1562970,0.011172,0.011129,-0.0008084,-0.01978
False,0.150000,0.6863638,1.1563440,0.011158,0.011129,-0.0008734,-0.02798
False,0.154167,0.6864148,1.1563950,0.012245,0.012188,-0.0009414,-0.02798
False,0.158333,0.6864659,1.1564460,0.012259,0.012245,-0.0010126,-0.02798
False,0.162500,0.6865215,1.1565010,0.013347,0.013275,-0.0010868,-0.03426
False,0.166667,0.6865770,1.1565560,0.013332,0.013275,-0.0011646,-0.03426
False,0.170833,0.6866372,1.1566160,0.014448,0.014420,-0.0012455,-0.03956
False,0.175000,0.6866974,1.1566760,0.014434,0.014391,-0.0013295,-0.03956
False,0.179167,0.6867623,1.1567410,0.015578,0.015535,-0.0014166,-0.04423
False,0.183333,0.6868272,1.1568060,0.015578,0.015507,-0.0015068,-0.04423
False,0.187500,0.6868968,1.1568750,0.016708,0.016623,-0.0016003,-0.04846
False,0.191667,0.6869664,1.1569440,0.016708,0.016623,-0.0016969,-0.05234
False,0.195833,0.6870409,1.1570180,0.017867,0.017767,-0.0017970,-0.05595
False,0.200000,0.6871152,1.1570920,0.017838,0.017767,-0.0019004,-0.05935
False,0.204167,0.6871944,1.1571710,0.019012,0.018911,-0.0020071,-0.06256
False,0.208333,0.6872736,1.1572500,0.018997,0.018854,-0.0021172,-0.06853
False,0.212500,0.6873576,1.1573330,0.020170,0.020084,-0.0022304,-0.07133
False,0.216667,0.6874416,1.1574170,0.020156,0.019999,-0.0023469,-0.07662
False,0.220833,0.6875305,1.1575050,0.021329,0.021172,-0.0024667,-0.08156
False,0.225000,0.6876193,1.1575930,0.021315,0.021172,-0.0025897,-0.08393
False,0.229167,0.6877129,1.1576860,0.022473,0.022287,-0.0027159,-0.08847
False,0.233333,0.6878065,1.1577790,0.022473,0.022287,-0.0028455,-0.09487
False,0.237500,0.6879049,1.1578760,0.023603,0.023432,-0.0029783,-0.09891
False,0.241667,0.6880032,1.1579740,0.023603,0.023375,-0.0031145,-0.10468
False,0.245833,0.6881064,1.1580760,0.024762,0.024548,-0.0032539,-0.10835
False,0.250000,0.6882095,1.1581780,0.024748,0.024490,-0.0033965,-0.11364
False,0.254167,0.6883173,1.1582850,0.025864,0.025606,-0.0035424,-0.12033
False,0.258333,0.6884251,1.1583910,0.025878,0.025606,-0.0036914,-0.12511
False,0.262500,0.6885376,1.1585030,0.026994,0.026665,-0.0038435,-0.13122
False,0.266667,0.6886500,1.1586140,0.026965,0.026693,-0.0039985,-0.13706
False,0.270833,0.6887670,1.1587290,0.028081,0.027752,-0.0041568,-0.14265
False,0.275000,0.6888839,1.1588450,0.028067,0.027723,-0.0043182,-0.14804
False,0.279167,0.6890055,1.1589650,0.029182,0.028782,-0.0044830,-0.15451
False,0.283333,0.6891270,1.1590850,0.029154,0.028782,-0.0046507,-0.16071
False,0.287500,0.6892529,1.1592090,0.030212,0.029812,-0.0048215,-0.16786
False,0.291667,0.6893786,1.1593330,0.030184,0.029755,-0.0049952,-0.17359
False,0.295833,0.6895089,1.1594610,0.031257,0.030785,-0.0051715,-0.18131
False,0.300000,0.6896391,1.1595900,0.031257,0.030785,-0.0053507,-0.18767
False,0.304167,0.6897734,1.1597220,0.032244,0.031729,-0.0055329,-0.19483
False,0.308333,0.6899078,1.1598540,0.032258,0.031729,-0.0057179,-0.20174
False,0.312500,0.6900463,1.1599900,0.033231,0.032673,-0.0059060,-0.20936
False,0.316667,0.6901848,1.1601260,0.033231,0.032644,-0.0060968,-0.21670
False,0.320833,0.6903272,1.1602660,0.034189,0.033560,-0.0062904,-0.22381
False,0.325000,0.6904696,1.1604060,0.034175,0.033531,-0.0064865,-0.23155
False,0.329167,0.6906158,1.1605490,0.035090,0.034447,-0.0066851,-0.23903
False,0.333333,0.6907621,1.1606920,0.035105,0.034390,-0.0068860,-0.24708
False,0.337500,0.6909121,1.1608390,0.036006,0.035276,-0.0070895,-0.25488
False,0.341667,0.6910622,1.1609860,0.036006,0.035276,-0.0072957,-0.26319
False,0.345833,0.6912157,1.1611370,0.036850,0.036020,-0.0075046,-0.27124
False,0.350000,0.6913692,1.1612870,0.036850,0.036049,-0.0077159,-0.27906
False,0.354167,0.6915261,1.1614400,0.037651,0.036821,-0.0079296,-0.28804
False,0.358333,0.6916831,1.1615930,0.037665,0.036764,-0.0081453,-0.29608
False,0.362500,0.6918433,1.1617500,0.038452,0.037537,-0.0083632,-0.30519
False,0.366667,0.6920035,1.1619060,0.038452,0.037508,-0.0085828,-0.31341
False,0.370833,0.6921667,1.1620650,0.039182,0.038166,-0.0088047,-0.32264
False,0.375000,0.6923300,1.1622240,0.039182,0.038195,-0.0090288,-0.33102
False,0.379167,0.6924963,1.1623860,0.039911,0.038853,-0.0092553,-0.34035
False,0.383333,0.6926626,1.1625480,0.039911,0.038824,-0.0094838,-0.34943
False,0.387500,0.6928316,1.1627120,0.040555,0.039454,-0.0097141,-0.35882
False,0.391667,0.6930006,1.1628760,0.040555,0.039339,-0.0099462,-0.36797
False,0.395833,0.6931721,1.1630430,0.041170,0.039997,-0.0101798,-0.37742
False,0.400000,0.6933437,1.1632090,0.041184,0.039940,-0.0104146,-0.38664
False,0.404167,0.6935177,1.1633780,0.041757,0.040483,-0.0106512,-0.39614
False,0.408333,0.6936917,1.1635460,0.041757,0.040455,-0.0108897,-0.40590
False,0.412500,0.6938678,1.1637170,0.042272,0.040913,-0.0111300,-0.41590
False,0.416667,0.6940440,1.1638870,0.042286,0.040884,-0.0113719,-0.42567
False,0.420833,0.6942222,1.1640600,0.042758,0.041370,-0.0116150,-0.43521
False,0.425000,0.6944004,1.1642320,0.042787,0.041285,-0.0118595,-0.44543
False,0.429167,0.6945804,1.1644050,0.043201,0.041685,-0.0121048,-0.45542
False,0.433333,0.6947605,1.1645790,0.043216,0.041685,-0.0123510,-0.46562
False,0.437500,0.6949422,1.1647540,0.043602,0.042028,-0.0125983,-0.47560
False,0.441667,0.6951239,1.1649290,0.043602,0.041971,-0.0128471,-0.48578
False,0.445833,0.6953070,1.1651050,0.043945,0.042315,-0.0130971,-0.49614
False,0.450000,0.6954901,1.1652810,0.043960,0.042229,-0.0133481,-0.50629
False,0.454167,0.6956744,1.1654580,0.044231,0.042515,-0.0136000,-0.51662
False,0.458333,0.6958587,1.1656350,0.044231,0.042458,-0.0138525,-0.52712
False,0.462500,0.6960441,1.1658130,0.044503,0.042715,-0.0141054,-0.53778
False,0.466667,0.6962296,1.1659910,0.044503,0.042629,-0.0143586,-0.54823
False,0.470833,0.6964158,1.1661690,0.044689,0.042830,-0.0146124,-0.55848
False,0.475000,0.6966020,1.1663480,0.044689,0.042744,-0.0148670,-0.56924
False,0.479167,0.6967888,1.1665260,0.044847,0.042915,-0.0151224,-0.57980
False,0.483333,0.6969756,1.1667050,0.044832,0.042858,-0.0153782,-0.59050
False,0.487500,0.6971629,1.1668840,0.044947,0.042915,-0.0156342,-0.60133
False,0.491667,0.6973501,1.1670620,0.044932,0.042887,-0.0158905,-0.61198
False,0.495833,0.6975377,1.1672410,0.045004,0.042915,-0.0161464,-0.62275
False,0.500000,0.6977252,1.1674200,0.045004,0.042830,-0.0164021,-0.63335
False,0.504167,0.6979126,1.1675980,0.044990,0.042858,-0.0166578,-0.64407
False,0.508333,0.6981001,1.1677760,0.044990,0.042772,-0.0169139,-0.65492
False,0.512500,0.6982873,1.1679550,0.044932,0.042744,-0.0171700,-0.66588
False,0.516667,0.6984746,1.1681320,0.044947,0.042658,-0.0174261,-0.67666
False,0.520833,0.6986614,1.1683100,0.044847,0.042543,-0.0176818,-0.68757
False,0.525000,0.6988483,1.1684870,0.044847,0.042543,-0.0179371,-0.69830
False,0.529167,0.6990345,1.1686630,0.044689,0.042315,-0.0181917,-0.70914
False,0.533333,0.6992207,1.1688400,0.044675,0.042343,-0.0184454,-0.71982
False,0.537500,0.6994061,1.1690150,0.044503,0.042057,-0.0186985,-0.73061
False,0.541667,0.6995915,1.1691900,0.044489,0.042086,-0.0189513,-0.74151
False,0.545833,0.6997758,1.1693640,0.044246,0.041771,-0.0192037,-0.75225
False,0.550000,0.6999602,1.1695380,0.044246,0.041742,-0.0194554,-0.76310
False,0.554167,0.7001432,1.1697110,0.043931,0.041456,-0.0197065,-0.77405
False,0.558333,0.7003264,1.1698830,0.043974,0.041428,-0.0199564,-0.78459
False,0.562500,0.7005081,1.1700550,0.043602,0.041056,-0.0202049,-0.79549
False,0.566667,0.7006897,1.1702260,0.043588,0.041027,-0.0204520,-0.80600
False,0.570833,0.7008698,1.1703950,0.043216,0.040598,-0.0206981,-0.81685
False,0.575000,0.7010499,1.1705640,0.043216,0.040627,-0.0209433,-0.82733
False,0.579167,0.7012280,1.1707310,0.042758,0.040112,-0.0211875,-0.83790
False,0.583333,0.7014062,1.1708980,0.042772,0.040140,-0.0214306,-0.84858
False,0.587500,0.7015825,1.1710630,0.042300,0.039625,-0.0216723,-0.85912
False,0.591667,0.7017586,1.1712280,0.042272,0.039597,-0.0219122,-0.86953
False,0.595833,0.7019326,1.1713910,0.041757,0.039082,-0.0221506,-0.88004
False,0.600000,0.7021066,1.1715540,0.041757,0.039053,-0.0223870,-0.89043
False,0.604167,0.7022781,1.1717140,0.041170,0.038481,-0.0226216,-0.90070
False,0.608333,0.7024497,1.1718750,0.041184,0.038481,-0.0228550,-0.91086
False,0.612500,0.7026187,1.1720320,0.040555,0.037823,-0.0230869,-0.92111
False,0.616667,0.7027876,1.1721900,0.040541,0.037823,-0.0233170,-0.93125
False,0.620833,0.7029539,1.1723450,0.039897,0.037136,-0.0235452,-0.94149
False,0.625000,0.7031201,1.1724990,0.039897,0.037165,-0.0237714,-0.95142
False,0.629167,0.7032834,1.1726510,0.039196,0.036478,-0.0239954,-0.96144
False,0.633333,0.7034467,1.1728030,0.039196,0.036449,-0.0242169,-0.97136
False,0.637500,0.7036070,1.1729520,0.038452,0.035734,-0.0244362,-0.98118
False,0.641667,0.7037672,1.1731010,0.038452,0.035677,-0.0246538,-0.99091
False,0.645833,0.7039241,1.1732470,0.037665,0.034962,-0.0248694,-1.00054
False,0.650000,0.7040811,1.1733920,0.037680,0.034962,-0.0250828,-1.01008
False,0.654167,0.7042347,1.1735340,0.036850,0.034103,-0.0252938,-1.01952
False,0.658333,0.7043881,1.1736760,0.036836,0.034132,-0.0255023,-1.02908
False,0.662500,0.7045381,1.1738150,0.035992,0.033331,-0.0257083,-1.03835
False,0.666667,0.7046881,1.1739540,0.035992,0.033302,-0.0259113,-1.04755
False,0.670833,0.7048343,1.1740890,0.035105,0.032444,-0.0261120,-1.05666
False,0.675000,0.7049807,1.1742240,0.035119,0.032444,-0.0263102,-1.06569
False,0.679167,0.7051231,1.1743560,0.034175,0.031557,-0.0265061,-1.07465
False,0.683333,0.7052655,1.1744870,0.034175,0.031500,-0.0266994,-1.08354
False,0.687500,0.7054040,1.1746150,0.033245,0.030642,-0.0268900,-1.09217
False,0.691667,0.7055424,1.1747430,0.033231,0.030642,-0.0270778,-1.10092
False,0.695833,0.7056768,1.1748660,0.032244,0.029697,-0.0272627,-1.10942
False,0.700000,0.7058112,1.1749900,0.032258,0.029697,-0.0274445,-1.11785
False,0.704167,0.7059414,1.1751100,0.031242,0.028725,-0.0276233,-1.12605
False,0.708333,0.7060716,1.1752300,0.031257,0.028753,-0.0277994,-1.13436
False,0.712500,0.7061975,1.1753450,0.030212,0.027752,-0.0279727,-1.14244
False,0.716667,0.7063233,1.1754610,0.030198,0.027695,-0.0281431,-1.15046
False,0.720833,0.7064448,1.1755720,0.029154,0.026808,-0.0283105,-1.15826
False,0.725000,0.7065663,1.1756840,0.029154,0.026779,-0.0284749,-1.16600
False,0.729167,0.7066833,1.1757910,0.028081,0.025692,-0.0286361,-1.17353
False,0.733333,0.7068002,1.1758980,0.028067,0.025749,-0.0287941,-1.18101
False,0.737500,0.7069126,1.1760010,0.026979,0.024691,-0.0289489,-1.18844
False,0.741667,0.7070252,1.1761040,0.027008,0.024748,-0.0291007,-1.19567
False,0.745833,0.7071329,1.1762030,0.025864,0.023661,-0.0292493,-1.20285
False,0.750000,0.7072408,1.1763020,0.025878,0.023718,-0.0293949,-1.20982
False,0.754167,0.7073439,1.1763960,0.024748,0.022545,-0.0295374,-1.21676
False,0.758333,0.7074469,1.1764900,0.024734,0.022659,-0.0296766,-1.22349
False,0.762500,0.7075454,1.1765800,0.023632,0.021544,-0.0298125,-1.23003
False,0.766667,0.7076439,1.1766700,0.023632,0.021601,-0.0299449,-1.23654
False,0.770833,0.7077374,1.1767550,0.022459,0.020485,-0.0300742,-1.24285
False,0.775000,0.7078310,1.1768410,0.022459,0.020514,-0.0302002,-1.24898
False,0.779167,0.7079198,1.1769210,0.021315,0.019426,-0.0303230,-1.25507
False,0.783333,0.7080086,1.1770030,0.021315,0.019455,-0.0304426,-1.26114
False,0.787500,0.7080926,1.1770790,0.020156,0.018339,-0.0305588,-1.26687
False,0.791667,0.7081767,1.1771560,0.020170,0.018396,-0.0306720,-1.27257
False,0.795833,0.7082559,1.1772280,0.019012,0.017281,-0.0307816,-1.27809
False,0.800000,0.7083351,1.1773000,0.019012,0.017338,-0.0308882,-1.28344
False,0.804167,0.7084095,1.1773670,0.017853,0.016193,-0.0309913,-1.28877
False,0.808333,0.7084839,1.1774350,0.017853,0.016279,-0.0310911,-1.29392
False,0.812500,0.7085534,1.1774980,0.016694,0.015163,-0.0311877,-1.29890
False,0.816667,0.7086231,1.1775620,0.016708,0.015221,-0.0312809,-1.30371
False,0.820833,0.7086880,1.1776210,0.015578,0.014133,-0.0313709,-1.30836
False,0.825000,0.7087529,1.1776800,0.015578,0.014191,-0.0314578,-1.31299
False,0.829167,0.7088131,1.1777340,0.014448,0.013103,-0.0315416,-1.31745
False,0.833333,0.7088733,1.1777890,0.014448,0.013132,-0.0316223,-1.32175
False,0.837500,0.7089288,1.1778390,0.013332,0.012074,-0.0316998,-1.32589
False,0.841667,0.7089844,1.1778900,0.013332,0.012159,-0.0317739,-1.32987
False,0.845833,0.7090354,1.1779360,0.012245,0.011072,-0.0318450,-1.33384
False,0.850000,0.7090864,1.1779830,0.012245,0.011129,-0.0319128,-1.33764
False,0.854167,0.7091330,1.1780250,0.011172,0.010128,-0.0319777,-1.34115
False,0.858333,0.7091796,1.1780670,0.011187,0.010185,-0.0320395,-1.34465
False,0.862500,0.7092217,1.1781050,0.010114,0.009098,-0.0320987,-1.34814
False,0.866667,0.7092639,1.1781430,0.010128,0.009184,-0.0321552,-1.35133
False,0.870833,0.7093019,1.1781780,0.009112,0.008268,-0.0322087,-1.35436
False,0.875000,0.7093399,1.1782120,0.009112,0.008268,-0.0322590,-1.35739
False,0.879167,0.7093738,1.1782430,0.008140,0.007353,-0.0323063,-1.36028
False,0.883333,0.7094076,1.1782740,0.008125,0.007410,-0.0323508,-1.36301
False,0.887500,0.7094375,1.1783010,0.007181,0.006495,-0.0323927,-1.36559
False,0.891667,0.7094674,1.1783280,0.007167,0.006466,-0.0324321,-1.36802
False,0.895833,0.7094935,1.1783520,0.006266,0.005693,-0.0324690,-1.37045
False,0.900000,0.7095197,1.1783750,0.006280,0.005665,-0.0325040,-1.37259
False,0.904167,0.7095423,1.1783950,0.005422,0.004864,-0.0325364,-1.37473
False,0.908333,0.7095648,1.1784160,0.005407,0.004978,-0.0325658,-1.37686
False,0.912500,0.7095839,1.1784330,0.004592,0.004120,-0.0325928,-1.37871
False,0.916667,0.7096031,1.1784510,0.004592,0.004177,-0.0326173,-1.38041
False,0.920833,0.7096190,1.1784650,0.003819,0.003462,-0.0326399,-1.38211
False,0.925000,0.7096349,1.1784800,0.003819,0.003462,-0.0326603,-1.38367
False,0.929167,0.7096479,1.1784910,0.003119,0.002804,-0.0326792,-1.38522
False,0.933333,0.7096609,1.1785030,0.003119,0.002861,-0.0326966,-1.38663
False,0.937500,0.7096713,1.1785120,0.002489,0.002174,-0.0327122,-1.38790
False,0.941667,0.7096816,1.1785220,0.002475,0.002289,-0.0327253,-1.38903
False,0.945833,0.7096894,1.1785290,0.001888,0.001688,-0.0327365,-1.39016
False,0.950000,0.7096974,1.1785360,0.001903,0.001745,-0.0327460,-1.39114
False,0.954167,0.7097031,1.1785410,0.001373,0.001259,-0.0327539,-1.39213
False,0.958333,0.7097089,1.1785470,0.001388,0.001259,-0.0327610,-1.39297
False,0.962500,0.7097127,1.1785500,0.000930,0.000830,-0.0327671,-1.39381
False,0.966667,0.7097167,1.1785540,0.000944,0.000858,-0.0327727,-1.39451
False,0.970833,0.7097191,1.1785560,0.000587,0.000515,-0.0327776,-1.39522
False,0.975000,0.7097215,1.1785580,0.000572,0.000486,-0.0327815,-1.39606
False,0.979167,0.7097228,1.1785590,0.000300,0.000257,-0.0327842,-1.39676
False,0.983333,0.7097241,1.1785600,0.000315,0.000286,-0.0327860,-1.39746
False,0.987500,0.7097245,1.1785600,0.000100,0.000086,-0.0327870,-1.39802
False,0.991667,0.7097250,1.1785610,0.000114,0.000114,-0.0327869,-1.39830
False,0.995833,0.7097251,1.1785610,0.000029,0.000057,-0.0327859,-1.39844
False,1.000000,0.7097251,1.1785610,0.000000,-0.000029,-0.0327841,-1.39816
False,1.004167,0.7097250,1.1785610,-0.000029,0.000029,-0.0327829,-1.39788
False,1.008333,0.7097249,1.1785610,-0.000014,0.000000,-0.0327827,-1.39788
False,1.012500,0.7097241,1.1785600,-0.000200,-0.000229,-0.0327820,-1.39788
False,1.016667,0.7097232,1.1785590,-0.000215,-0.000200,-0.0327799,-1.39760
False,1.020833,0.7097208,1.1785570,-0.000558,-0.000458,-0.0327748,-1.39662
False,1.025000,0.7097185,1.1785560,-0.000558,-0.000429,-0.0327660,-1.39494
False,1.029167,0.7097141,1.1785520,-0.001073,-0.000858,-0.0327514,-1.39213
False,1.033333,0.7097096,1.1785490,-0.001073,-0.000744,-0.0327309,-1.38790
False,1.037500,0.7097024,1.1785430,-0.001717,-0.001373,-0.0327052,-1.38268
False,1.041667,0.7096953,1.1785380,-0.001717,-0.001316,-0.0326775,-1.37672
False,1.045833,0.7096847,1.1785290,-0.002546,-0.002060,-0.0326450,-1.37002
False,1.050000,0.7096741,1.1785210,-0.002532,-0.002003,-0.0326082,-1.36243
False,1.054167,0.7096597,1.1785090,-0.003462,-0.002804,-0.0325638,-1.35364
False,1.058333,0.7096453,1.1784980,-0.003462,-0.002747,-0.0325126,-1.34363
False,1.062500,0.7096263,1.1784820,-0.004549,-0.003662,-0.0324512,-1.33222
False,1.066667,0.7096075,1.1784680,-0.004520,-0.003519,-0.0323806,-1.31938
False,1.070833,0.7095836,1.1784490,-0.005722,-0.004549,-0.0323000,-1.30506
False,1.075000,0.7095598,1.1784300,-0.005722,-0.004463,-0.0322137,-1.28953
False,1.079167,0.7095305,1.1784060,-0.007024,-0.005693,-0.0321182,-1.27272
False,1.083333,0.7095012,1.1783830,-0.007038,-0.005522,-0.0320152,-1.25461
False,1.087500,0.7094662,1.1783550,-0.008411,-0.006809,-0.0319009,-1.23511
False,1.091667,0.7094311,1.1783270,-0.008411,-0.006666,-0.0317773,-1.21467
False,1.095833,0.7093898,1.1782940,-0.009913,-0.007982,-0.0316404,-1.19288
False,1.100000,0.7093485,1.1782620,-0.009913,-0.007811,-0.0314922,-1.16986
False,1.104167,0.7093006,1.1782230,-0.011487,-0.009241,-0.0313309,-1.14569
False,1.108333,0.7092527,1.1781850,-0.011501,-0.009098,-0.0311610,-1.11995
False,1.112500,0.7091978,1.1781410,-0.013175,-0.010643,-0.0309786,-1.09307
False,1.116667,0.7091430,1.1780970,-0.013161,-0.010471,-0.0307862,-1.06478
False,1.120833,0.7090809,1.1780470,-0.014892,-0.012131,-0.0305798,-1.03571
False,1.125000,0.7090188,1.1779970,-0.014906,-0.011902,-0.0303621,-1.00561
False,1.129167,0.7089492,1.1779410,-0.016708,-0.013533,-0.0301292,-0.97478
False,1.133333,0.7088796,1.1778850,-0.016694,-0.013390,-0.0298835,-0.94315
False,1.137500,0.7088023,1.1778220,-0.018568,-0.015078,-0.0296227,-0.91086
False,1.141667,0.7087249,1.1777600,-0.018568,-0.014963,-0.0293509,-0.87715
False,1.145833,0.7086395,1.1776900,-0.020499,-0.016737,-0.0290643,-0.84256
False,1.150000,0.7085541,1.1776210,-0.020499,-0.016594,-0.0287659,-0.80721
False,1.154167,0.7084606,1.1775440,-0.022430,-0.018368,-0.0284519,-0.77101
False,1.158333,0.7083672,1.1774680,-0.022430,-0.018225,-0.0281254,-0.73462
False,1.162500,0.7082653,1.1773840,-0.024447,-0.020142,-0.0277822,-0.69774
False,1.166667,0.7081634,1.1773010,-0.024447,-0.019941,-0.0274258,-0.66086
False,1.170833,0.7080531,1.1772100,-0.026493,-0.021887,-0.0270526,-0.62338
False,1.175000,0.7079427,1.1771200,-0.026479,-0.021715,-0.0266671,-0.58551
False,1.179167,0.7078237,1.1770210,-0.028567,-0.023689,-0.0262653,-0.54680
False,1.183333,0.7077047,1.1769230,-0.028553,-0.023575,-0.0258508,-0.50822
False,1.187500,0.7075771,1.1768160,-0.030627,-0.025578,-0.0254195,-0.46897
False,1.191667,0.7074495,1.1767100,-0.030627,-0.025463,-0.0249751,-0.42978
False,1.195833,0.7073131,1.1765960,-0.032744,-0.027409,-0.0245136,-0.39117
False,1.200000,0.7071766,1.1764820,-0.032744,-0.027409,-0.0240388,-0.35222
False,1.204167,0.7070314,1.1763590,-0.034847,-0.029383,-0.0235466,-0.31341
False,1.208333,0.7068863,1.1762370,-0.034833,-0.029354,-0.0230413,-0.27483
False,1.212500,0.7067323,1.1761060,-0.036964,-0.031385,-0.0225188,-0.23656
False,1.216667,0.7065782,1.1759750,-0.036979,-0.031357,-0.0219833,-0.19782
False,1.220833,0.7064154,1.1758360,-0.039082,-0.033417,-0.0214306,-0.15949
False,1.225000,0.7062526,1.1756970,-0.039067,-0.033360,-0.0208650,-0.12033
False,1.229167,0.7060809,1.1755490,-0.041199,-0.035477,-0.0202825,-0.08156
False,1.233333,0.7059092,1.1754020,-0.041213,-0.035477,-0.0196869,-0.04423
False,1.237500,0.7057289,1.1752450,-0.043273,-0.037537,-0.0190742,0.00000
False,1.241667,0.7055486,1.1750890,-0.043273,-0.037537,-0.0184480,0.02798
False,1.245833,0.7053595,1.1749230,-0.045376,-0.039682,-0.0178049,0.06256
False,1.250000,0.7051705,1.1747580,-0.045376,-0.039682,-0.0171486,0.09891
False,1.254167,0.7049728,1.1745840,-0.047436,-0.041771,-0.0164759,0.13417
False,1.258333,0.7047752,1.1744100,-0.047436,-0.041885,-0.0157905,0.16902
False,1.262500,0.7045690,1.1742260,-0.049467,-0.043945,-0.0150890,0.20367
False,1.266667,0.7043629,1.1740430,-0.049481,-0.044031,-0.0143753,0.23739
False,1.270833,0.7041484,1.1738510,-0.051470,-0.046177,-0.0136454,0.27124
False,1.275000,0.7039339,1.1736580,-0.051484,-0.046206,-0.0129023,0.30390
False,1.279167,0.7037112,1.1734570,-0.053444,-0.048351,-0.0121427,0.33630
False,1.283333,0.7034885,1.1732540,-0.053458,-0.048494,-0.0113707,0.36850
False,1.287500,0.7032577,1.1730440,-0.055389,-0.050526,-0.0105830,0.40007
False,1.291667,0.7030269,1.1728330,-0.055389,-0.050726,-0.0097839,0.43115
False,1.295833,0.7027883,1.1726130,-0.057263,-0.052786,-0.0089699,0.46225
False,1.300000,0.7025496,1.1723920,-0.057278,-0.052958,-0.0081450,0.49297
False,1.304167,0.7023032,1.1721630,-0.059137,-0.055017,-0.0073049,0.52339
False,1.308333,0.7020568,1.1719330,-0.059137,-0.055246,-0.0064526,0.55320
False,1.312500,0.7018030,1.1716940,-0.060925,-0.057249,-0.0055851,0.58283
False,1.316667,0.7015492,1.1714540,-0.060911,-0.057507,-0.0047061,0.61198
False,1.320833,0.7012880,1.1712070,-0.062671,-0.059452,-0.0038133,0.64102
False,1.325000,0.7010269,1.1709580,-0.062685,-0.059767,-0.0029100,0.67027
False,1.329167,0.7007587,1.1707000,-0.064359,-0.061741,-0.0019938,0.69998
False,1.333333,0.7004905,1.1704420,-0.064359,-0.062027,-0.0010682,0.73008
False,1.337500,0.7002156,1.1701750,-0.065975,-0.063972,-0.0001293,0.76028
False,1.341667,0.6999406,1.1699080,-0.066004,-0.064287,0.0008205,0.79056
False,1.345833,0.6996592,1.1696320,-0.067549,-0.066175,0.0017840,0.82091
False,1.350000,0.6993777,1.1693550,-0.067549,-0.066547,0.0027574,0.85157
False,1.354167,0.6990899,1.1690700,-0.069065,-0.068407,0.0037429,0.88249
False,1.358333,0.6988022,1.1687830,-0.069051,-0.068750,0.0047370,0.91386
False,1.362500,0.6985085,1.1684890,-0.070496,-0.070610,0.0057421,0.94585
False,1.366667,0.6982148,1.1681930,-0.070496,-0.070953,0.0067543,0.97839
False,1.370833,0.6979154,1.1678900,-0.071840,-0.072756,0.0077777,1.01182
False,1.375000,0.6976160,1.1675850,-0.071855,-0.073156,0.0088108,1.04568
False,1.379167,0.6973113,1.1672730,-0.073142,-0.074902,0.0098553,1.08010
False,1.383333,0.6970065,1.1669590,-0.073142,-0.075302,0.0109078,1.11487
False,1.387500,0.6966966,1.1666380,-0.074387,-0.077019,0.0119702,1.15029
False,1.391667,0.6963868,1.1663160,-0.074358,-0.077448,0.0130394,1.18614
False,1.395833,0.6960722,1.1659870,-0.075488,-0.079021,0.0141166,1.22253
False,1.400000,0.6957577,1.1656550,-0.075474,-0.079536,0.0151993,1.25928
False,1.404167,0.6954389,1.1653170,-0.076532,-0.081053,0.0162906,1.29649
False,1.408333,0.6951199,1.1649780,-0.076561,-0.081539,0.0173897,1.33413
False,1.412500,0.6947969,1.1646320,-0.077505,-0.083027,0.0184976,1.37231
False,1.416667,0.6944739,1.1642840,-0.077534,-0.083542,0.0196117,1.41098
False,1.420833,0.6941472,1.1639300,-0.078406,-0.084972,0.0207331,1.45010
False,1.425000,0.6938205,1.1635730,-0.078406,-0.085487,0.0218591,1.48951
False,1.429167,0.6934903,1.1632120,-0.079236,-0.086746,0.0229905,1.52944
False,1.433333,0.6931603,1.1628480,-0.079207,-0.087318,0.0241249,1.56960
False,1.437500,0.6928272,1.1624790,-0.079951,-0.088606,0.0252652,1.61010
False,1.441667,0.6924942,1.1621080,-0.079923,-0.089121,0.0264112,1.65114
False,1.445833,0.6921584,1.1617310,-0.080581,-0.090322,0.0275633,1.69258
False,1.450000,0.6918226,1.1613530,-0.080581,-0.090866,0.0287197,1.73438
False,1.454167,0.6914847,1.1609690,-0.081110,-0.091953,0.0298802,1.77652
False,1.458333,0.6911468,1.1605840,-0.081096,-0.092525,0.0310432,1.81898
False,1.462500,0.6908068,1.1601940,-0.081596,-0.093527,0.0322087,1.86162
False,1.466667,0.6904670,1.1598030,-0.081553,-0.094013,0.0333748,1.90465
False,1.470833,0.6901256,1.1594070,-0.081940,-0.094957,0.0345440,1.94793
False,1.475000,0.6897842,1.1590090,-0.081925,-0.095558,0.0357165,1.99154
False,1.479167,0.6894416,1.1586070,-0.082226,-0.096388,0.0368924,2.03548
False,1.483333,0.6890991,1.1582030,-0.082197,-0.096960,0.0380702,2.07971
False,1.487500,0.6887558,1.1577960,-0.082397,-0.097704,0.0392493,2.12421
False,1.491667,0.6884125,1.1573870,-0.082383,-0.098190,0.0404285,2.16889
False,1.495833,0.6880688,1.1569750,-0.082498,-0.098848,0.0416071,2.21382
False,1.500000,0.6877251,1.1565610,-0.082483,-0.099363,0.0427842,2.25880
False,1.504167,0.6873814,1.1561450,-0.082498,-0.099878,0.0439612,2.30410
False,1.508333,0.6870376,1.1557260,-0.082498,-0.100451,0.0451393,2.34960
False,1.512500,0.6866944,1.1553060,-0.082383,-0.100908,0.0463177,2.39531
False,1.516667,0.6863511,1.1548840,-0.082383,-0.101366,0.0474956,2.44120
False,1.520833,0.6860086,1.1544590,-0.082211,-0.101767,0.0486720,2.48727
False,1.525000,0.6856661,1.1540330,-0.082197,-0.102282,0.0498462,2.53351
False,1.529167,0.6853247,1.1536070,-0.081940,-0.102425,0.0510168,2.57975
False,1.533333,0.6849832,1.1531780,-0.081954,-0.102854,0.0521835,2.62607
False,1.537500,0.6846434,1.1527490,-0.081553,-0.103054,0.0533472,2.67247
False,1.541667,0.6843035,1.1523170,-0.081568,-0.103540,0.0545098,2.71909
False,1.545833,0.6839655,1.1518860,-0.081124,-0.103512,0.0556696,2.76584
False,1.550000,0.6836275,1.1514520,-0.081110,-0.104027,0.0568267,2.81265
False,1.554167,0.6832919,1.1510200,-0.080566,-0.103884,0.0579792,2.85951
False,1.558333,0.6829562,1.1505850,-0.080566,-0.104284,0.0591272,2.90636
False,1.562500,0.6826231,1.1501510,-0.079937,-0.104084,0.0602690,2.95320
False,1.566667,0.6822900,1.1497160,-0.079951,-0.104399,0.0614047,3.00003
False,1.570833,0.6819599,1.1492830,-0.079222,-0.104113,0.0625342,3.04678
False,1.575000,0.6816298,1.1488470,-0.079222,-0.104427,0.0636604,3.09364
False,1.579167,0.6813031,1.1484140,-0.078406,-0.104084,0.0647810,3.14049
False,1.583333,0.6809763,1.1479790,-0.078421,-0.104427,0.0658966,3.18733
False,1.587500,0.6806534,1.1475460,-0.077505,-0.103855,0.0670048,3.23416
False,1.591667,0.6803304,1.1471120,-0.077519,-0.104170,0.0681067,3.28086
False,1.595833,0.6800114,1.1466810,-0.076561,-0.103455,0.0691993,3.32743
False,1.600000,0.6796925,1.1462490,-0.076532,-0.103684,0.0702839,3.37388
False,1.604167,0.6793780,1.1458200,-0.075488,-0.102911,0.0713598,3.42022
False,1.608333,0.6790634,1.1453900,-0.075488,-0.103169,0.0724300,3.46645
False,1.612500,0.6787536,1.1449640,-0.074372,-0.102367,0.0734919,3.51268
False,1.616667,0.6784437,1.1445370,-0.074372,-0.102482,0.0745469,3.55876
False,1.620833,0.6781390,1.1441140,-0.073113,-0.101509,0.0755919,3.60467
False,1.625000,0.6778343,1.1436900,-0.073142,-0.101681,0.0766286,3.65039
False,1.629167,0.6775349,1.1432710,-0.071855,-0.100508,0.0776537,3.69592
False,1.633333,0.6772354,1.1428520,-0.071869,-0.100622,0.0786690,3.74115
False,1.637500,0.6769418,1.1424380,-0.070481,-0.099421,0.0796729,3.78620
False,1.641667,0.6766480,1.1420230,-0.070496,-0.099449,0.0806694,3.83109
False,1.645833,0.6763603,1.1416140,-0.069051,-0.098162,0.0816550,3.87581
False,1.650000,0.6760725,1.1412050,-0.069065,-0.098305,0.0826318,3.92027
False,1.654167,0.6757911,1.1408020,-0.067534,-0.096760,0.0835965,3.96452
False,1.658333,0.6755096,1.1403980,-0.067577,-0.096846,0.0845510,4.00849
False,1.662500,0.6752347,1.1400010,-0.065975,-0.095215,0.0854919,4.05207
False,1.666667,0.6749597,1.1396050,-0.066004,-0.095186,0.0864217,4.09534
False,1.670833,0.6746915,1.1392150,-0.064359,-0.093498,0.0873380,4.13834
False,1.675000,0.6744234,1.1388260,-0.064344,-0.093498,0.0882449,4.18105
False,1.679167,0.6741622,1.1384430,-0.062685,-0.091753,0.0891389,4.22350
False,1.683333,0.6739011,1.1380610,-0.062671,-0.091667,0.0900224,4.26563
False,1.687500,0.6736473,1.1376870,-0.060911,-0.089836,0.0908918,4.30739
False,1.691667,0.6733934,1.1373130,-0.060925,-0.089664,0.0917499,4.34884
False,1.695833,0.6731470,1.1369480,-0.059137,-0.087748,0.0925928,4.38981
False,1.700000,0.6729007,1.1365830,-0.059123,-0.087519,0.0934234,4.43041
False,1.704167,0.6726620,1.1362270,-0.057278,-0.085459,0.0942388,4.47059
False,1.708333,0.6724233,1.1358720,-0.057292,-0.085316,0.0950433,4.51041
False,1.712500,0.6721925,1.1355250,-0.055389,-0.083227,0.0958329,4.54989
False,1.716667,0.6719617,1.1351790,-0.055389,-0.082970,0.0966111,4.58894
False,1.720833,0.6717390,1.1348420,-0.053444,-0.080795,0.0973736,4.62762
False,1.725000,0.6715164,1.1345070,-0.053444,-0.080509,0.0981239,4.66581
False,1.729167,0.6713018,1.1341810,-0.051484,-0.078163,0.0988578,4.70353
False,1.733333,0.6710874,1.1338570,-0.051470,-0.077906,0.0995786,4.74074
False,1.737500,0.6708812,1.1335420,-0.049481,-0.075588,0.1002831,4.77746
False,1.741667,0.6706751,1.1332280,-0.049467,-0.075216,0.1009755,4.81377
False,1.745833,0.6704774,1.1329250,-0.047436,-0.072870,0.1016519,4.84966
False,1.750000,0.6702799,1.1326230,-0.047421,-0.072412,0.1023157,4.88507
False,1.754167,0.6700908,1.1323310,-0.045376,-0.070095,0.1029631,4.91996
False,1.758333,0.6699017,1.1320410,-0.045376,-0.069666,0.1035975,4.95436
False,1.762500,0.6697214,1.1317610,-0.043287,-0.067120,0.1042150,4.98822
False,1.766667,0.6695410,1.1314830,-0.043287,-0.066690,0.1048193,5.02153
False,1.770833,0.6693693,1.1312160,-0.041199,-0.064173,0.1054065,5.05428
False,1.775000,0.6691977,1.1309500,-0.041184,-0.063715,0.1059809,5.08654
False,1.779167,0.6690349,1.1306950,-0.039082,-0.061140,0.1065383,5.11830
False,1.783333,0.6688719,1.1304430,-0.039110,-0.060682,0.1070830,5.14952
False,1.787500,0.6687180,1.1302010,-0.036950,-0.058079,0.1076107,5.18021
False,1.791667,0.6685640,1.1299610,-0.036964,-0.057592,0.1081254,5.21030
False,1.795833,0.6684188,1.1297320,-0.034847,-0.054989,0.1086234,5.23985
False,1.800000,0.6682736,1.1295050,-0.034833,-0.054474,0.1091082,5.26879
False,1.804167,0.6681371,1.1292880,-0.032759,-0.051870,0.1095760,5.29717
False,1.808333,0.6680007,1.1290750,-0.032744,-0.051298,0.1100305,5.32495
False,1.812500,0.6678731,1.1288720,-0.030627,-0.048666,0.1104680,5.35222
False,1.816667,0.6677455,1.1286720,-0.030613,-0.048065,0.1108928,5.37888
False,1.820833,0.6676266,1.1284820,-0.028553,-0.045547,0.1113009,5.40497
False,1.825000,0.6675076,1.1282940,-0.028553,-0.045004,0.1116966,5.43047
False,1.829167,0.6673971,1.1281180,-0.026507,-0.042372,0.1120759,5.45535
False,1.833333,0.6672868,1.1279440,-0.026493,-0.041828,0.1124433,5.47965
False,1.837500,0.6671849,1.1277800,-0.024433,-0.039253,0.1127942,5.50335
False,1.841667,0.6670831,1.1276190,-0.024433,-0.038710,0.1131319,5.52641
False,1.845833,0.6669896,1.1274680,-0.022459,-0.036049,0.1134533,5.54892
False,1.850000,0.6668960,1.1273200,-0.022445,-0.035563,0.1137624,5.57081
False,1.854167,0.6668107,1.1271830,-0.020485,-0.033016,0.1140558,5.59212
False,1.858333,0.6667254,1.1270470,-0.020471,-0.032501,0.1143379,5.61283
False,1.862500,0.6666480,1.1269220,-0.018568,-0.030041,0.1146053,5.63294
False,1.866667,0.6665706,1.1267990,-0.018582,-0.029526,0.1148620,5.65246
False,1.870833,0.6665010,1.1266860,-0.016694,-0.027151,0.1151035,5.67136
False,1.875000,0.6664314,1.1265750,-0.016723,-0.026579,0.1153327,5.68965
False,1.879167,0.6663693,1.1264740,-0.014892,-0.024176,0.1155467,5.70736
False,1.883333,0.6663072,1.1263760,-0.014906,-0.023661,0.1157497,5.72444
False,1.887500,0.6662524,1.1262870,-0.013146,-0.021372,0.1159390,5.74095
False,1.891667,0.6661976,1.1262000,-0.013161,-0.020914,0.1161184,5.75687
False,1.895833,0.6661497,1.1261210,-0.011501,-0.018826,0.1162856,5.77224
False,1.900000,0.6661018,1.1260450,-0.011501,-0.018368,0.1164441,5.78703
False,1.904167,0.6660604,1.1259770,-0.009913,-0.016336,0.1165898,5.80124
False,1.908333,0.6660192,1.1259110,-0.009899,-0.015764,0.1167245,5.81484
False,1.912500,0.6659841,1.1258540,-0.008426,-0.013762,0.1168461,5.82783
False,1.916667,0.6659489,1.1257980,-0.008440,-0.013361,0.1169584,5.84026
False,1.920833,0.6659197,1.1257500,-0.007010,-0.011444,0.1170597,5.85217
False,1.925000,0.6658905,1.1257040,-0.007024,-0.011101,0.1171535,5.86351
False,1.929167,0.6658667,1.1256640,-0.005708,-0.009499,0.1172384,5.87436
False,1.933333,0.6658428,1.1256260,-0.005722,-0.009184,0.1173176,5.88470
False,1.937500,0.6658239,1.1255940,-0.004535,-0.007610,0.1173872,5.89448
False,1.941667,0.6658050,1.1255650,-0.004549,-0.007181,0.1174475,5.90372
False,1.945833,0.6657906,1.1255410,-0.003462,-0.005665,0.1174978,5.91241
False,1.950000,0.6657761,1.1255180,-0.003476,-0.005407,0.1175414,5.92056
False,1.954167,0.6657655,1.1255010,-0.002532,-0.004120,0.1175778,5.92824
False,1.958333,0.6657550,1.1254850,-0.002532,-0.003920,0.1176097,5.93544
False,1.962500,0.6657478,1.1254730,-0.001717,-0.002947,0.1176370,5.94224
False,1.966667,0.6657407,1.1254610,-0.001717,-0.002804,0.1176623,5.94864
False,1.970833,0.6657362,1.1254530,-0.001073,-0.002031,0.1176825,5.95457
False,1.975000,0.6657317,1.1254450,-0.001073,-0.001688,0.1176965,5.96000
False,1.979167,0.6657294,1.1254420,-0.000558,-0.000887,0.1177049,5.96490
False,1.983333,0.6657271,1.1254390,-0.000544,-0.000772,0.1177098,5.96943
False,1.987500,0.6657263,1.1254370,-0.000200,-0.000257,0.1177115,5.97353
False,1.991667,0.6657254,1.1254360,-0.000215,-0.000257,0.1177123,5.97731
False,1.995833,0.6657252,1.1254360,-0.000057,-0.000057,0.1177127,5.98075
False,2.000000,0.6657251,1.1254360,-0.000014,-0.000086,0.1177145,5.98396
False,2.004167,0.6657251,1.1254350,0.000000,-0.000114,0.1177167,5.98678
False,2.008333,0.6657251,1.1254350,0.000000,-0.000057,0.1177175,5.98920
False,2.012500,0.6657251,1.1254350,0.000000,-0.000029,0.1177177,5.99126
False,2.016667,0.6657251,1.1254350,0.000000,0.000086,0.1177171,5.99299
False,2.020833,0.6657252,1.1254350,0.000014,0.000000,0.1177162,5.99447
False,2.025000,0.6657252,1.1254360,0.000014,0.000114,0.1177150,5.99574
False,2.029167,0.6657253,1.1254360,0.000014,0.000057,0.1177138,5.99685
False,2.033333,0.6657254,1.1254360,0.000029,0.000086,0.1177129,5.99790
False,2.037500,0.6657255,1.1254370,0.000014,0.000029,0.1177121,5.99871
False,2.041667,0.6657256,1.1254370,0.000029,0.000057,0.1177113,5.99930
False,2.045833,0.6657258,1.1254370,0.000057,0.000143,0.1177104,5.99963
False,2.050000,0.6657261,1.1254370,0.000057,0.000029,0.1177092,5.99983
False,2.054167,0.6657263,1.1254380,0.000057,0.000143,0.1177078,5.99989
False,2.058333,0.6657265,1.1254390,0.000057,0.000143,0.1177063,5.99989
False,2.062500,0.6657269,1.1254390,0.000086,0.000143,0.1177044,5.99992
False,2.066667,0.6657272,1.1254400,0.000072,0.000200,0.1177022,5.99999
False,2.070833,0.6657277,1.1254410,0.000114,0.000200,0.1176996,6.00009
False,2.075000,0.6657281,1.1254420,0.000100,0.000200,0.1176970,6.00015
False,2.079167,0.6657286,1.1254430,0.000129,0.000286,0.1176939,6.00015
False,2.083333,0.6657292,1.1254440,0.000143,0.000257,0.1176907,6.00012
False,2.087500,0.6657299,1.1254450,0.000157,0.000315,0.1176870,6.00009
False,2.091667,0.6657305,1.1254470,0.000157,0.000343,0.1176831,6.00002
False,2.095833,0.6657314,1.1254480,0.000200,0.000372,0.1176785,5.99996
False,2.100000,0.6657322,1.1254500,0.000200,0.000372,0.1176736,5.99992
False,2.104167,0.6657331,1.1254520,0.000215,0.000458,0.1176683,5.99989
False,2.108333,0.6657340,1.1254540,0.000215,0.000486,0.1176627,5.99983
False,2.112500,0.6657351,1.1254560,0.000272,0.000515,0.1176566,5.99979
False,2.116667,0.6657363,1.1254580,0.000272,0.000515,0.1176502,5.99973
False,2.120833,0.6657375,1.1254610,0.000300,0.000601,0.1176431,5.99966
False,2.125000,0.6657387,1.1254630,0.000286,0.000629,0.1176357,5.99960
False,2.129167,0.6657401,1.1254660,0.000343,0.000687,0.1176277,5.99947
False,2.133333,0.6657416,1.1254690,0.000343,0.000687,0.1176192,5.99937
False,2.137500,0.6657431,1.1254720,0.000372,0.000744,0.1176100,5.99924
False,2.141667,0.6657447,1.1254750,0.000372,0.000801,0.1176004,5.99907
False,2.145833,0.6657465,1.1254790,0.000429,0.000858,0.1175903,5.99891
False,2.150000,0.6657482,1.1254830,0.000429,0.000887,0.1175798,5.99875
False,2.154167,0.6657503,1.1254870,0.000486,0.000944,0.1175685,5.99855
False,2.158333,0.6657522,1.1254910,0.000472,0.000944,0.1175568,5.99836
False,2.162500,0.6657544,1.1254950,0.000529,0.001116,0.1175443,5.99813
False,2.166667,0.6657566,1.1254990,0.000515,0.001030,0.1175313,5.99787
False,2.170833,0.6657590,1.1255040,0.000587,0.001173,0.1175175,5.99760
False,2.175000,0.6657614,1.1255090,0.000572,0.001144,0.1175033,5.99731
False,2.179167,0.6657641,1.1255150,0.000644,0.001316,0.1174883,5.99698
False,2.183333,0.6657667,1.1255200,0.000615,0.001230,0.1174728,5.99666
False,2.187500,0.6657695,1.1255250,0.000687,0.001373,0.1174566,5.99630
False,2.191667,0.6657724,1.1255310,0.000701,0.001373,0.1174395,5.99594
False,2.195833,0.6657755,1.1255380,0.000744,0.001516,0.1174219,5.99551
False,2.200000,0.6657786,1.1255440,0.000730,0.001516,0.1174034,5.99509
False,2.204167,0.6657820,1.1255510,0.000830,0.001631,0.1173842,5.99460
False,2.208333,0.6657854,1.1255580,0.000801,0.001659,0.1173644,5.99411
False,2.212500,0.6657889,1.1255650,0.000844,0.001717,0.1173437,5.99358
False,2.216667,0.6657926,1.1255720,0.000887,0.001802,0.1173224,5.99306
False,2.220833,0.6657965,1.1255800,0.000930,0.001831,0.1173003,5.99247
False,2.225000,0.6658003,1.1255880,0.000930,0.001917,0.1172775,5.99188
False,2.229167,0.6658044,1.1255960,0.000987,0.001974,0.1172537,5.99123
False,2.233333,0.6658086,1.1256040,0.001001,0.002003,0.1172292,5.99054
False,2.237500,0.6658131,1.1256140,0.001073,0.002203,0.1172037,5.98985
False,2.241667,0.6658175,1.1256220,0.001059,0.002117,0.1171777,5.98910
False,2.245833,0.6658222,1.1256320,0.001130,0.002289,0.1171505,5.98835
False,2.250000,0.6658269,1.1256420,0.001116,0.002317,0.1171228,5.98753
False,2.254167,0.6658319,1.1256510,0.001216,0.002375,0.1170942,5.98668
False,2.258333,0.6658369,1.1256620,0.001202,0.002432,0.1170647,5.98583
False,2.262500,0.6658422,1.1256720,0.001273,0.002546,0.1170342,5.98491
False,2.266667,0.6658475,1.1256830,0.001273,0.002632,0.1170027,5.98396
False,2.270833,0.6658531,1.1256940,0.001345,0.002661,0.1169704,5.98298
False,2.275000,0.6658588,1.1257060,0.001359,0.002747,0.1169374,5.98193
False,2.279167,0.6658647,1.1257180,0.001416,0.002861,0.1169032,5.98088
False,2.283333,0.6658707,1.1257300,0.001431,0.002890,0.1168684,5.97976
False,2.287500,0.6658769,1.1257420,0.001502,0.003004,0.1168324,5.97862
False,2.291667,0.6658831,1.1257550,0.001473,0.003033,0.1167957,5.97744
False,2.295833,0.6658897,1.1257680,0.001588,0.003147,0.1167578,5.97622
False,2.300000,0.6658963,1.1257820,0.001588,0.003262,0.1167190,5.97494
False,2.304167,0.6659032,1.1257950,0.001659,0.003262,0.1166791,5.97363
False,2.308333,0.6659102,1.1258090,0.001674,0.003376,0.1166384,5.97229
False,2.312500,0.6659174,1.1258240,0.001731,0.003490,0.1165967,5.97091
False,2.316667,0.6659246,1.1258380,0.001731,0.003519,0.1165540,5.96946
False,2.320833,0.6659323,1.1258540,0.001845,0.003691,0.1165104,5.96798
False,2.325000,0.6659399,1.1258690,0.001817,0.003662,0.1164657,5.96644
False,2.329167,0.6659479,1.1258850,0.001917,0.003834,0.1164199,5.96490
False,2.333333,0.6659557,1.1259010,0.001888,0.003862,0.1163732,5.96325
False,2.337500,0.6659641,1.1259180,0.002003,0.004005,0.1163253,5.96161
False,2.341667,0.6659724,1.1259340,0.001988,0.004005,0.1162765,5.95990
False,2.345833,0.6659811,1.1259520,0.002089,0.004148,0.1162266,5.95812
False,2.350000,0.6659898,1.1259690,0.002089,0.004234,0.1161757,5.95635
False,2.354167,0.6659988,1.1259880,0.002160,0.004349,0.1161236,5.95450
False,2.358333,0.6660078,1.1260060,0.002174,0.004349,0.1160707,5.95259
False,2.362500,0.6660172,1.1260250,0.002260,0.004549,0.1160164,5.95065
False,2.366667,0.6660267,1.1260430,0.002275,0.004520,0.1159612,5.94864
False,2.370833,0.6660364,1.1260630,0.002332,0.004721,0.1159047,5.94660
False,2.375000,0.6660462,1.1260830,0.002346,0.004721,0.1158473,5.94449
False,2.379167,0.6660563,1.1261030,0.002432,0.004835,0.1157887,5.94234
False,2.383333,0.6660665,1.1261230,0.002432,0.004921,0.1157292,5.94013
False,2.387500,0.6660771,1.1261450,0.002546,0.005064,0.1156683,5.93789
False,2.391667,0.6660876,1.1261660,0.002518,0.005093,0.1156065,5.93558
False,2.395833,0.6660985,1.1261880,0.002618,0.005236,0.1155434,5.93320
False,2.400000,0.6661094,1.1262090,0.002618,0.005264,0.1154794,5.93079
False,2.404167,0.6661207,1.1262320,0.002718,0.005436,0.1154138,5.92834
False,2.408333,0.6661321,1.1262550,0.002732,0.005493,0.1153474,5.92583
False,2.412500,0.6661438,1.1262780,0.002818,0.005608,0.1152797,5.92324
False,2.416667,0.6661556,1.1263020,0.002818,0.005636,0.1152111,5.92060
False,2.420833,0.6661676,1.1263260,0.002890,0.005808,0.1151410,5.91791
False,2.425000,0.6661798,1.1263500,0.002918,0.005808,0.1150700,5.91520
False,2.429167,0.6661923,1.1263750,0.003004,0.006008,0.1149976,5.91238
False,2.433333,0.6662049,1.1264010,0.003018,0.006094,0.1149242,5.90953
False,2.437500,0.6662177,1.1264260,0.003090,0.006094,0.1148494,5.90664
False,2.441667,0.6662306,1.1264520,0.003090,0.006237,0.1147738,5.90369
False,2.445833,0.6662440,1.1264790,0.003204,0.006380,0.1146966,5.90067
False,2.450000,0.6662574,1.1265050,0.003219,0.006380,0.1146185,5.89758
False,2.454167,0.6662712,1.1265330,0.003304,0.006609,0.1145389,5.89445
False,2.458333,0.6662849,1.1265600,0.003290,0.006638,0.1144584,5.89126
False,2.462500,0.6662990,1.1265880,0.003405,0.006723,0.1143765,5.88803
False,2.466667,0.6663132,1.1266170,0.003390,0.006809,0.1142936,5.88470
False,2.470833,0.6663278,1.1266460,0.003519,0.006952,0.1142091,5.88133
False,2.475000,0.6663424,1.1266750,0.003505,0.007038,0.1141237,5.87790
False,2.479167,0.6663574,1.1267050,0.003591,0.007124,0.1140368,5.87443
False,2.483333,0.6663724,1.1267350,0.003591,0.007210,0.1139489,5.87086
False,2.487500,0.6663878,1.1267650,0.003705,0.007353,0.1138595,5.86725
False,2.491667,0.6664032,1.1267960,0.003691,0.007381,0.1137692,5.86358
False,2.495833,0.6664191,1.1268280,0.003819,0.007524,0.1136774,5.85986
False,2.500000,0.6664349,1.1268590,0.003805,0.007610,0.1135845,5.85608
False,2.504167,0.6664513,1.1268920,0.003934,0.007753,0.1134902,5.85223
False,2.508333,0.6664675,1.1269240,0.003891,0.007753,0.1133949,5.84831
False,2.512500,0.6664843,1.1269570,0.004020,0.007982,0.1132981,5.84436
False,2.516667,0.6665010,1.1269900,0.004020,0.007982,0.1132002,5.84033
False,2.520833,0.6665182,1.1270250,0.004120,0.008183,0.1131008,5.83623
False,2.525000,0.6665354,1.1270590,0.004120,0.008154,0.1130004,5.83207
False,2.529167,0.6665530,1.1270930,0.004220,0.008354,0.1128986,5.82787
False,2.533333,0.6665705,1.1271280,0.004220,0.008354,0.1127956,5.82359
False,2.537500,0.6665885,1.1271640,0.004320,0.008583,0.1126912,5.81922
False,2.541667,0.6666065,1.1272000,0.004320,0.008554,0.1125857,5.81480
False,2.545833,0.6666250,1.1272360,0.004435,0.008726,0.1124787,5.81035
False,2.550000,0.6666435,1.1272730,0.004435,0.008812,0.1123706,5.80580
False,2.554167,0.6666624,1.1273100,0.004535,0.008926,0.1122612,5.80120
False,2.558333,0.6666812,1.1273470,0.004520,0.008984,0.1121504,5.79654
False,2.562500,0.6667006,1.1273850,0.004649,0.009155,0.1120385,5.79180
False,2.566667,0.6667200,1.1274240,0.004649,0.009155,0.1119252,5.78703
False,2.570833,0.6667397,1.1274620,0.004735,0.009327,0.1118106,5.78218
False,2.575000,0.6667594,1.1275020,0.004735,0.009413,0.1116948,5.77723
False,2.579167,0.6667798,1.1275410,0.004878,0.009527,0.1115775,5.77228
False,2.583333,0.6668000,1.1275810,0.004849,0.009613,0.1114591,5.76721
False,2.587500,0.6668206,1.1276220,0.004964,0.009670,0.1113393,5.76211
False,2.591667,0.6668413,1.1276630,0.004950,0.009813,0.1112185,5.75694
False,2.595833,0.6668624,1.1277040,0.005078,0.009956,0.1110959,5.75170
False,2.600000,0.6668835,1.1277460,0.005064,0.009985,0.1109724,5.74638
False,2.604167,0.6669051,1.1277880,0.005178,0.010157,0.1108474,5.74102
False,2.608333,0.6669267,1.1278300,0.005193,0.010157,0.1107212,5.73556
False,2.612500,0.6669487,1.1278730,0.005264,0.010328,0.1105936,5.73005
False,2.616667,0.6669707,1.1279170,0.005279,0.010414,0.1104649,5.72451
False,2.620833,0.6669931,1.1279610,0.005379,0.010529,0.1103346,5.71885
False,2.625000,0.6670156,1.1280050,0.005393,0.010557,0.1102033,5.71316
False,2.629167,0.6670384,1.1280490,0.005493,0.010729,0.1100703,5.70740
False,2.633333,0.6670613,1.1280940,0.005493,0.010786,0.1099365,5.70156
False,2.637500,0.6670846,1.1281400,0.005579,0.010901,0.1098009,5.69564
False,2.641667,0.6671079,1.1281850,0.005593,0.010958,0.1096644,5.68968
False,2.645833,0.6671317,1.1282320,0.005722,0.011158,0.1095263,5.68365
False,2.650000,0.6671555,1.1282780,0.005708,0.011129,0.1093872,5.67755
False,2.654167,0.6671798,1.1283250,0.005822,0.011330,0.1092465,5.67136
False,2.658333,0.6672040,1.1283730,0.005822,0.011415,0.1091046,5.66514
False,2.662500,0.6672287,1.1284210,0.005922,0.011473,0.1089615,5.65884
False,2.666667,0.6672534,1.1284690,0.005922,0.011559,0.1088171,5.65246
False,2.670833,0.6672785,1.1285180,0.006022,0.011702,0.1086712,5.64604
False,2.675000,0.6673036,1.1285670,0.006037,0.011730,0.1085242,5.63952
False,2.679167,0.6673291,1.1286160,0.006123,0.011902,0.1083757,5.63294
False,2.683333,0.6673547,1.1286660,0.006137,0.011930,0.1082262,5.62633
False,2.687500,0.6673807,1.1287160,0.006237,0.012074,0.1080750,5.61964
False,2.691667,0.6674067,1.1287670,0.006237,0.012159,0.1079228,5.61287
False,2.695833,0.6674331,1.1288180,0.006351,0.012302,0.1077691,5.60602
False,2.700000,0.6674596,1.1288690,0.006351,0.012274,0.1076145,5.59913
False,2.704167,0.6674865,1.1289210,0.006452,0.012474,0.1074582,5.59216
False,2.708333,0.6675134,1.1289730,0.006452,0.012503,0.1073008,5.58514
False,2.712500,0.6675407,1.1290260,0.006566,0.012674,0.1071420,5.57802
False,2.716667,0.6675680,1.1290790,0.006552,0.012674,0.1069820,5.57084
False,2.720833,0.6675959,1.1291320,0.006680,0.012789,0.1068206,5.56363
False,2.725000,0.6676236,1.1291860,0.006652,0.012875,0.1066580,5.55633
False,2.729167,0.6676518,1.1292400,0.006766,0.013075,0.1064939,5.54895
False,2.733333,0.6676800,1.1292950,0.006766,0.013046,0.1063288,5.54153
False,2.737500,0.6677086,1.1293500,0.006881,0.013218,0.1061623,5.53403
False,2.741667,0.6677374,1.1294050,0.006895,0.013189,0.1059947,5.52645
False,2.745833,0.6677664,1.1294610,0.006967,0.013418,0.1058255,5.51882
False,2.750000,0.6677955,1.1295170,0.006981,0.013447,0.1056553,5.51111
False,2.754167,0.6678250,1.1295730,0.007081,0.013504,0.1054837,5.50335
False,2.758333,0.6678544,1.1296300,0.007067,0.013618,0.1053108,5.49551
False,2.762500,0.6678844,1.1296870,0.007195,0.013733,0.1051366,5.48762
False,2.766667,0.6679144,1.1297440,0.007195,0.013790,0.1049613,5.47965
False,2.770833,0.6679447,1.1298020,0.007281,0.013933,0.1047846,5.47160
False,2.775000,0.6679751,1.1298600,0.007296,0.013905,0.1046067,5.46350
False,2.779167,0.6680059,1.1299190,0.007396,0.014105,0.1044275,5.45535
False,2.783333,0.6680368,1.1299780,0.007396,0.014076,0.1042471,5.44712
False,2.787500,0.6680679,1.1300370,0.007482,0.014305,0.1040653,5.43880
False,2.791667,0.6680992,1.1300970,0.007510,0.014305,0.1038824,5.43044
False,2.795833,0.6681309,1.1301570,0.007596,0.014420,0.1036981,5.42202
False,2.800000,0.6681625,1.1302170,0.007596,0.014448,0.1035129,5.41352
False,2.804167,0.6681946,1.1302780,0.007696,0.014620,0.1033260,5.40497
False,2.808333,0.6682267,1.1303390,0.007696,0.014648,0.1031382,5.39634
False,2.812500,0.6682591,1.1304010,0.007796,0.014734,0.1029489,5.38765
False,2.816667,0.6682917,1.1304620,0.007811,0.014791,0.1027586,5.37888
False,2.820833,0.6683245,1.1305240,0.007882,0.014935,0.1025668,5.37006
False,2.825000,0.6683574,1.1305870,0.007882,0.014963,0.1023741,5.36118
False,2.829167,0.6683908,1.1306500,0.008025,0.015106,0.1021799,5.35222
False,2.833333,0.6684242,1.1307130,0.008011,0.015078,0.1019847,5.34320
False,2.837500,0.6684579,1.1307760,0.008097,0.015249,0.1017882,5.33414
False,2.841667,0.6684917,1.1308400,0.008097,0.015306,0.1015906,5.32498
False,2.845833,0.6685258,1.1309040,0.008183,0.015450,0.1013914,5.31578
False,2.850000,0.6685599,1.1309680,0.008197,0.015421,0.1011915,5.30652
False,2.854167,0.6685945,1.1310330,0.008311,0.015535,0.1009901,5.29717
False,2.858333,0.6686291,1.1310980,0.008297,0.015621,0.1007876,5.28776
False,2.862500,0.6686640,1.1311640,0.008368,0.015707,0.1005838,5.27830
False,2.866667,0.6686989,1.1312290,0.008383,0.015736,0.1003790,5.26879
False,2.870833,0.6687344,1.1312950,0.008512,0.015879,0.1001729,5.25919
False,2.875000,0.6687697,1.1313620,0.008483,0.015907,0.0999656,5.24953
False,2.879167,0.6688055,1.1314280,0.008597,0.016022,0.0997571,5.23982
False,2.883333,0.6688413,1.1314950,0.008583,0.016022,0.0995475,5.23005
False,2.887500,0.6688774,1.1315630,0.008669,0.016165,0.0993366,5.22018
False,2.891667,0.6689136,1.1316300,0.008683,0.016222,0.0991247,5.21026
False,2.895833,0.6689502,1.1316980,0.008783,0.016279,0.0989115,5.20029
False,2.900000,0.6689867,1.1317660,0.008769,0.016336,0.0986973,5.19030
False,2.904167,0.6690237,1.1318340,0.008869,0.016394,0.0984819,5.18017
False,2.908333,0.6690606,1.1319030,0.008855,0.016508,0.0982654,5.17002
False,2.912500,0.6690980,1.1319720,0.008969,0.016594,0.0980476,5.15982
False,2.916667,0.6691352,1.1320420,0.008941,0.016623,0.0978288,5.14955
False,2.920833,0.6691730,1.1321110,0.009069,0.016737,0.0976087,5.13919
False,2.925000,0.6692107,1.1321810,0.009055,0.016737,0.0973877,5.12878
False,2.929167,0.6692488,1.1322510,0.009141,0.016823,0.0971655,5.11834
False,2.933333,0.6692868,1.1323220,0.009127,0.016909,0.0969422,5.10780
False,2.937500,0.6693254,1.1323920,0.009241,0.016966,0.0967176,5.09724
False,2.941667,0.6693639,1.1324630,0.009241,0.017023,0.0964923,5.08658
False,2.945833,0.6694027,1.1325350,0.009313,0.017109,0.0962654,5.07590
False,2.950000,0.6694415,1.1326060,0.009313,0.017109,0.0960378,5.06512
False,2.954167,0.6694807,1.1326780,0.009413,0.017281,0.0958089,5.05431
False,2.958333,0.6695199,1.1327500,0.009413,0.017223,0.0955790,5.04345
False,2.962500,0.6695595,1.1328220,0.009499,0.017395,0.0953479,5.03248
False,2.966667,0.6695991,1.1328940,0.009499,0.017366,0.0951160,5.02149
False,2.970833,0.6696389,1.1329670,0.009570,0.017481,0.0948830,5.01044
False,2.975000,0.6696789,1.1330400,0.009584,0.017481,0.0946488,4.99936
False,2.979167,0.6697191,1.1331140,0.009656,0.017624,0.0944134,4.98818
False,2.983333,0.6697593,1.1331870,0.009656,0.017595,0.0941773,4.97693
False,2.987500,0.6698000,1.1332610,0.009756,0.017710,0.0939399,4.96566
False,2.991667,0.6698407,1.1333340,0.009770,0.017710,0.0937015,4.95432
False,2.995833,0.6698817,1.1334090,0.009842,0.017853,0.0934621,4.94292
False,3.000000,0.6699227,1.1334830,0.009842,0.017824,0.0932218,4.93146
False,3.004167,0.6699640,1.1335580,0.009913,0.017939,0.0929803,4.91996
False,3.008333,0.6700053,1.1336330,0.009899,0.017939,0.0927380,4.90836
False,3.012500,0.6700470,1.1337080,0.010028,0.018024,0.0924945,4.89677
False,3.016667,0.6700886,1.1337830,0.009985,0.018053,0.0922501,4.88507
False,3.020833,0.6701306,1.1338580,0.010071,0.018139,0.0920045,4.87335
False,3.025000,0.6701726,1.1339340,0.010071,0.018168,0.0917581,4.86156
False,3.029167,0.6702149,1.1340100,0.010157,0.018225,0.0915107,4.84970
False,3.033333,0.6702573,1.1340860,0.010171,0.018225,0.0912625,4.83781
False,3.037500,0.6702999,1.1341630,0.010242,0.018368,0.0910130,4.82589
False,3.041667,0.6703426,1.1342390,0.010242,0.018311,0.0907629,4.81385
False,3.045833,0.6703855,1.1343160,0.010300,0.018425,0.0905114,4.80179
False,3.050000,0.6704285,1.1343920,0.010314,0.018454,0.0902593,4.78970
False,3.054167,0.6704718,1.1344700,0.010386,0.018539,0.0900060,4.77754
False,3.058333,0.6705151,1.1345470,0.010386,0.018511,0.0897520,4.76531
False,3.062500,0.6705587,1.1346240,0.010471,0.018625,0.0894969,4.75304
False,3.066667,0.6706023,1.1347020,0.010471,0.018568,0.0892410,4.74074
False,3.070833,0.6706462,1.1347800,0.010529,0.018682,0.0889843,4.72837
False,3.075000,0.6706901,1.1348580,0.010529,0.018711,0.0887266,4.71592
False,3.079167,0.6707343,1.1349360,0.010629,0.018740,0.0884678,4.70349
False,3.083333,0.6707785,1.1350140,0.010600,0.018854,0.0882083,4.69094
False,3.087500,0.6708230,1.1350930,0.010686,0.018797,0.0879479,4.67835
False,3.091667,0.6708675,1.1351710,0.010672,0.018911,0.0876865,4.66573
False,3.095833,0.6709123,1.1352500,0.010757,0.018883,0.0874243,4.65307
False,3.100000,0.6709571,1.1353290,0.010757,0.018911,0.0871614,4.64034
False,3.104167,0.6710021,1.1354080,0.010800,0.019026,0.0868974,4.62758
False,3.108333,0.6710473,1.1354870,0.010829,0.018969,0.0866329,4.61478
False,3.112500,0.6710926,1.1355670,0.010886,0.019112,0.0863671,4.60190
False,3.116667,0.6711380,1.1356460,0.010901,0.019054,0.0861007,4.58898
False,3.120833,0.6711837,1.1357260,0.010958,0.019112,0.0858333,4.57603
False,3.125000,0.6712292,1.1358060,0.010929,0.019140,0.0855652,4.56300
False,3.129167,0.6712752,1.1358860,0.011029,0.019197,0.0852964,4.54993
False,3.133333,0.6713212,1.1359660,0.011029,0.019226,0.0850267,4.53682
False,3.137500,0.6713673,1.1360460,0.011072,0.019255,0.0847561,4.52368
False,3.141667,0.6714134,1.1361260,0.011072,0.019226,0.0844849,4.51050
False,3.145833,0.6714599,1.1362060,0.011144,0.019283,0.0842129,4.49728
False,3.150000,0.6715063,1.1362870,0.011158,0.019312,0.0839400,4.48397
False,3.154167,0.6715530,1.1363680,0.011201,0.019398,0.0836664,4.47067
False,3.158333,0.6715997,1.1364480,0.011201,0.019312,0.0833920,4.45729
False,3.162500,0.6716467,1.1365290,0.011272,0.019426,0.0831170,4.44387
False,3.166667,0.6716935,1.1366100,0.011244,0.019398,0.0828412,4.43041
False,3.170833,0.6717408,1.1366910,0.011344,0.019455,0.0825646,4.41690
False,3.175000,0.6717880,1.1367720,0.011330,0.019455,0.0822874,4.40336
False,3.179167,0.6718354,1.1368530,0.011373,0.019512,0.0820093,4.38977
False,3.183333,0.6718827,1.1369350,0.011373,0.019512,0.0817306,4.37614
False,3.187500,0.6719304,1.1370160,0.011444,0.019598,0.0814511,4.36247
False,3.191667,0.6719782,1.1370980,0.011473,0.019512,0.0811709,4.34875
False,3.195833,0.6720260,1.1371790,0.011473,0.019541,0.0808901,4.33499
False,3.200000,0.6720740,1.1372610,0.011501,0.019569,0.0806087,4.32119
False,3.204167,0.6721221,1.1373420,0.011544,0.019627,0.0803266,4.30739
False,3.208333,0.6721702,1.1374240,0.011544,0.019627,0.0800438,4.29350
False,3.212500,0.6722185,1.1375060,0.011601,0.019655,0.0797602,4.27956
False,3.216667,0.6722668,1.1375880,0.011587,0.019655,0.0794761,4.26563
False,3.220833,0.6723154,1.1376700,0.011659,0.019655,0.0791912,4.25165
False,3.225000,0.6723639,1.1377520,0.011644,0.019655,0.0789059,4.23762
False,3.229167,0.6724126,1.1378340,0.011687,0.019770,0.0786198,4.22355
False,3.233333,0.6724614,1.1379160,0.011716,0.019598,0.0783334,4.20943
False,3.237500,0.6725103,1.1379980,0.011745,0.019798,0.0780462,4.19531
False,3.241667,0.6725593,1.1380800,0.011745,0.019655,0.0777584,4.18114
False,3.245833,0.6726084,1.1381620,0.011802,0.019770,0.0774699,4.16692
False,3.250000,0.6726575,1.1382450,0.011773,0.019741,0.0771810,4.15270
False,3.254167,0.6727068,1.1383270,0.011845,0.019770,0.0768913,4.13839
False,3.258333,0.6727561,1.1384090,0.011816,0.019741,0.0766014,4.12407
False,3.262500,0.6728056,1.1384920,0.011888,0.019770,0.0763106,4.10971
False,3.266667,0.6728552,1.1385740,0.011902,0.019770,0.0760195,4.09534
False,3.270833,0.6729048,1.1386570,0.011916,0.019798,0.0757278,4.08092
False,3.275000,0.6729545,1.1387390,0.011916,0.019770,0.0754356,4.06650
False,3.279167,0.6730044,1.1388220,0.011973,0.019827,0.0751427,4.05202
False,3.283333,0.6730542,1.1389040,0.011959,0.019741,0.0748495,4.03750
False,3.287500,0.6731042,1.1389860,0.012002,0.019798,0.0745556,4.02292
False,3.291667,0.6731543,1.1390690,0.012016,0.019770,0.0742614,4.00834
False,3.295833,0.6732045,1.1391510,0.012045,0.019827,0.0739666,3.99376
False,3.300000,0.6732546,1.1392340,0.012031,0.019741,0.0736715,3.97912
False,3.304167,0.6733050,1.1393160,0.012088,0.019798,0.0733759,3.96447
False,3.308333,0.6733552,1.1393990,0.012059,0.019798,0.0730798,3.94978
False,3.312500,0.6734057,1.1394810,0.012116,0.019798,0.0727832,3.93502
False,3.316667,0.6734562,1.1395630,0.012116,0.019770,0.0724862,3.92027
False,3.320833,0.6735068,1.1396460,0.012145,0.019741,0.0721886,3.90550
False,3.325000,0.6735574,1.1397280,0.012145,0.019770,0.0718908,3.89068
False,3.329167,0.6736081,1.1398110,0.012174,0.019798,0.0715925,3.87586
False,3.333333,0.6736588,1.1398930,0.012174,0.019712,0.0712940,3.86098
False,3.337500,0.6737098,1.1399750,0.012217,0.019798,0.0709949,3.84609
False,3.341667,0.6737607,1.1400570,0.012217,0.019712,0.0706955,3.83119
False,3.345833,0.6738116,1.1401400,0.012231,0.019770,0.0703957,3.81624
False,3.350000,0.6738626,1.1402220,0.012231,0.019712,0.0700955,3.80128
False,3.354167,0.6739137,1.1403040,0.012274,0.019712,0.0697949,3.78626
False,3.358333,0.6739648,1.1403860,0.012259,0.019712,0.0694940,3.77123
False,3.362500,0.6740160,1.1404680,0.012288,0.019684,0.0691928,3.75619
False,3.366667,0.6740673,1.1405500,0.012302,0.019712,0.0688913,3.74115
False,3.370833,0.6741185,1.1406320,0.012302,0.019627,0.0685896,3.72605
False,3.375000,0.6741698,1.1407140,0.012302,0.019655,0.0682874,3.71093
False,3.379167,0.6742212,1.1407960,0.012345,0.019684,0.0679849,3.69581
False,3.383333,0.6742727,1.1408780,0.012360,0.019627,0.0676822,3.68068
False,3.387500,0.6743242,1.1409590,0.012360,0.019598,0.0673790,3.66549
False,3.391667,0.6743757,1.1410410,0.012360,0.019627,0.0670757,3.65029
False,3.395833,0.6744272,1.1411230,0.012360,0.019598,0.0667721,3.63507
False,3.400000,0.6744788,1.1412040,0.012374,0.019512,0.0664685,3.61985
False,3.404167,0.6745305,1.1412860,0.012417,0.019541,0.0661645,3.60462
False,3.408333,0.6745822,1.1413670,0.012403,0.019541,0.0658603,3.58932
False,3.412500,0.6746339,1.1414480,0.012417,0.019541,0.0655558,3.57407
False,3.416667,0.6746857,1.1415300,0.012417,0.019484,0.0652510,3.55876
False,3.420833,0.6747374,1.1416110,0.012417,0.019426,0.0649461,3.54343
False,3.425000,0.6747891,1.1416920,0.012417,0.019484,0.0646409,3.52809
False,3.429167,0.6748410,1.1417730,0.012460,0.019398,0.0643356,3.51274
False,3.433333,0.6748928,1.1418530,0.012417,0.019398,0.0640303,3.49738
False,3.437500,0.6749448,1.1419340,0.012488,0.019398,0.0637246,3.48200
False,3.441667,0.6749967,1.1420150,0.012445,0.019312,0.0634190,3.46656
False,3.445833,0.6750486,1.1420950,0.012474,0.019369,0.0631129,3.45117
False,3.450000,0.6751006,1.1421760,0.012460,0.019283,0.0628067,3.43576
False,3.454167,0.6751526,1.1422560,0.012488,0.019255,0.0625006,3.42028
False,3.458333,0.6752046,1.1423360,0.012474,0.019226,0.0621941,3.40485
False,3.462500,0.6752566,1.1424160,0.012488,0.019255,0.0618877,3.38934
False,3.466667,0.6753086,1.1424960,0.012474,0.019169,0.0615813,3.37388
False,3.470833,0.6753607,1.1425760,0.012503,0.019169,0.0612747,3.35841
False,3.475000,0.6754127,1.1426560,0.012474,0.019112,0.0609679,3.34287
False,3.479167,0.6754648,1.1427350,0.012517,0.019112,0.0606611,3.32737
False,3.483333,0.6755168,1.1428150,0.012488,0.019112,0.0603542,3.31186
False,3.487500,0.6755689,1.1428940,0.012488,0.018997,0.0600473,3.29634
False,3.491667,0.6756210,1.1429730,0.012503,0.019026,0.0597403,3.28080
False,3.495833,0.6756730,1.1430520,0.012488,0.018997,0.0594333,3.26525
False,3.500000,0.6757252,1.1431310,0.012517,0.018940,0.0591264,3.24968
False,3.504167,0.6757773,1.1432100,0.012503,0.018911,0.0588194,3.23410
False,3.508333,0.6758292,1.1432890,0.012474,0.018854,0.0585123,3.21851
False,3.512500,0.6758813,1.1433670,0.012503,0.018854,0.0582053,3.20296
False,3.516667,0.6759334,1.1434460,0.012488,0.018797,0.0578983,3.18733
False,3.520833,0.6759855,1.1435240,0.012503,0.018797,0.0575913,3.17176
False,3.525000,0.6760376,1.1436020,0.012517,0.018740,0.0572842,3.15616
False,3.529167,0.6760896,1.1436800,0.012474,0.018711,0.0569774,3.14056
False,3.533333,0.6761417,1.1437580,0.012503,0.018625,0.0566704,3.12493
False,3.537500,0.6761937,1.1438350,0.012488,0.018682,0.0563638,3.10930
False,3.541667,0.6762457,1.1439130,0.012474,0.018568,0.0560570,3.09370
False,3.545833,0.6762977,1.1439900,0.012474,0.018511,0.0557504,3.07810
False,3.550000,0.6763497,1.1440670,0.012488,0.018539,0.0554439,3.06248
False,3.554167,0.6764017,1.1441440,0.012474,0.018482,0.0551374,3.04684
False,3.558333,0.6764536,1.1442210,0.012460,0.018425,0.0548309,3.03125
False,3.562500,0.6765055,1.1442970,0.012460,0.018339,0.0545247,3.01558
False,3.566667,0.6765574,1.1443740,0.012445,0.018368,0.0542187,2.99996
False,3.570833,0.6766092,1.1444500,0.012445,0.018311,0.0539129,2.98433
False,3.575000,0.6766610,1.1445260,0.012431,0.018225,0.0536070,2.96874
False,3.579167,0.6767129,1.1446020,0.012445,0.018253,0.0533015,2.95314
False,3.583333,0.6767647,1.1446780,0.012431,0.018225,0.0529958,2.93752
False,3.587500,0.6768164,1.1447540,0.012417,0.018110,0.0526906,2.92188
False,3.591667,0.6768681,1.1448290,0.012403,0.018053,0.0523853,2.90623
False,3.595833,0.6769198,1.1449040,0.012403,0.018053,0.0520805,2.89063
False,3.600000,0.6769714,1.1449790,0.012403,0.017996,0.0517758,2.87501
False,3.604167,0.6770230,1.1450540,0.012374,0.017910,0.0514714,2.85944
False,3.608333,0.6770746,1.1451280,0.012374,0.017939,0.0511671,2.84379
False,3.612500,0.6771260,1.1452030,0.012360,0.017853,0.0508630,2.82819
False,3.616667,0.6771775,1.1452770,0.012360,0.017796,0.0505593,2.81265
False,3.620833,0.6772290,1.1453510,0.012345,0.017796,0.0502557,2.79701
False,3.625000,0.6772804,1.1454250,0.012331,0.017681,0.0499523,2.78143
False,3.629167,0.6773317,1.1454980,0.012317,0.017681,0.0496492,2.76591
False,3.633333,0.6773830,1.1455720,0.012317,0.017595,0.0493466,2.75029
False,3.637500,0.6774343,1.1456450,0.012302,0.017538,0.0490441,2.73474
False,3.641667,0.6774855,1.1457180,0.012288,0.017538,0.0487419,2.71923
False,3.645833,0.6775365,1.1457900,0.012259,0.017424,0.0484401,2.70364
False,3.650000,0.6775876,1.1458630,0.012259,0.017452,0.0481385,2.68810
False,3.654167,0.6776386,1.1459350,0.012231,0.017338,0.0478374,2.67262
False,3.658333,0.6776896,1.1460080,0.012231,0.017309,0.0475365,2.65704
False,3.662500,0.6777405,1.1460790,0.012217,0.017252,0.0472360,2.64160
False,3.666667,0.6777914,1.1461510,0.012231,0.017223,0.0469358,2.62607
False,3.670833,0.6778421,1.1462230,0.012159,0.017138,0.0466360,2.61060
False,3.675000,0.6778928,1.1462940,0.012174,0.017080,0.0463367,2.59510
False,3.679167,0.6779435,1.1463650,0.012159,0.017023,0.0460376,2.57967
False,3.683333,0.6779941,1.1464360,0.012145,0.017023,0.0457388,2.56422
False,3.687500,0.6780446,1.1465060,0.012116,0.016909,0.0454406,2.54883
False,3.691667,0.6780950,1.1465760,0.012116,0.016880,0.0451427,2.53335
False,3.695833,0.6781453,1.1466460,0.012059,0.016823,0.0448453,2.51801
False,3.700000,0.6781957,1.1467160,0.012088,0.016766,0.0445483,2.50257
False,3.704167,0.6782458,1.1467860,0.012031,0.016708,0.0442518,2.48727
False,3.708333,0.6782960,1.1468550,0.012059,0.016623,0.0439557,2.47188
False,3.712500,0.6783460,1.1469240,0.011988,0.016594,0.0436600,2.45655
False,3.716667,0.6783959,1.1469930,0.011988,0.016508,0.0433648,2.44120
False,3.720833,0.6784459,1.1470620,0.011988,0.016479,0.0430700,2.42592
False,3.725000,0.6784958,1.1471300,0.011973,0.016451,0.0427758,2.41062
False,3.729167,0.6785454,1.1471990,0.011916,0.016365,0.0424820,2.39531
False,3.733333,0.6785951,1.1472670,0.011930,0.016308,0.0421888,2.38006
False,3.737500,0.6786446,1.1473340,0.011873,0.016251,0.0418962,2.36488
False,3.741667,0.6786941,1.1474020,0.011888,0.016165,0.0416039,2.34969
False,3.745833,0.6787434,1.1474690,0.011830,0.016108,0.0413122,2.33448
False,3.750000,0.6787928,1.1475360,0.011845,0.016079,0.0410210,2.31925
False,3.754167,0.6788419,1.1476020,0.011787,0.016022,0.0407305,2.30418
False,3.758333,0.6788910,1.1476690,0.011787,0.015936,0.0404403,2.28901
False,3.762500,0.6789399,1.1477350,0.011745,0.015879,0.0401509,2.27391
False,3.766667,0.6789889,1.1478010,0.011759,0.015821,0.0398619,2.25880
False,3.770833,0.6790376,1.1478660,0.011687,0.015736,0.0395738,2.24376
False,3.775000,0.6790864,1.1479320,0.011702,0.015707,0.0392859,2.22871
False,3.779167,0.6791350,1.1479970,0.011659,0.015621,0.0389988,2.21373
False,3.783333,0.6791835,1.1480620,0.011644,0.015593,0.0387121,2.19874
False,3.787500,0.6792317,1.1481260,0.011573,0.015478,0.0384263,2.18373
False,3.791667,0.6792800,1.1481910,0.011587,0.015421,0.0381408,2.16880
False,3.795833,0.6793282,1.1482550,0.011573,0.015421,0.0378562,2.15386
False,3.800000,0.6793764,1.1483190,0.011559,0.015335,0.0375723,2.13900
False,3.804167,0.6794242,1.1483820,0.011487,0.015249,0.0372889,2.12412
False,3.808333,0.6794721,1.1484460,0.011487,0.015221,0.0370060,2.10933
False,3.812500,0.6795198,1.1485090,0.011444,0.015106,0.0367241,2.09443
False,3.816667,0.6795675,1.1485710,0.011444,0.015049,0.0364426,2.07971
False,3.820833,0.6796148,1.1486340,0.011373,0.014992,0.0361619,2.06488
False,3.825000,0.6796622,1.1486960,0.011373,0.014906,0.0358818,2.05023
False,3.829167,0.6797095,1.1487580,0.011344,0.014877,0.0356026,2.03548
False,3.833333,0.6797567,1.1488200,0.011330,0.014820,0.0353239,2.02081
False,3.837500,0.6798036,1.1488810,0.011258,0.014706,0.0350461,2.00623
False,3.841667,0.6798505,1.1489420,0.011258,0.014677,0.0347688,1.99164
False,3.845833,0.6798972,1.1490030,0.011215,0.014620,0.0344925,1.97705
False,3.850000,0.6799440,1.1490640,0.011215,0.014563,0.0342166,1.96244
False,3.854167,0.6799904,1.1491240,0.011144,0.014448,0.0339418,1.94793
False,3.858333,0.6800368,1.1491840,0.011144,0.014391,0.0336676,1.93351
False,3.862500,0.6800830,1.1492440,0.011072,0.014305,0.0333941,1.91908
False,3.866667,0.6801292,1.1493030,0.011086,0.014305,0.0331215,1.90465
False,3.870833,0.6801751,1.1493620,0.011015,0.014219,0.0328497,1.89021
False,3.875000,0.6802210,1.1494210,0.011029,0.014133,0.0325786,1.87586
False,3.879167,0.6802666,1.1494800,0.010943,0.014076,0.0323083,1.86152
False,3.883333,0.6803123,1.1495380,0.010958,0.013990,0.0320387,1.84727
False,3.887500,0.6803576,1.1495960,0.010886,0.013905,0.0317700,1.83302
False,3.891667,0.6804029,1.1496540,0.010872,0.013876,0.0315020,1.81887
False,3.895833,0.6804481,1.1497120,0.010843,0.013819,0.0312351,1.80461
False,3.900000,0.6804932,1.1497690,0.010815,0.013733,0.0309689,1.79046
False,3.904167,0.6805380,1.1498260,0.010757,0.013647,0.0307037,1.77641
False,3.908333,0.6805827,1.1498820,0.010729,0.013590,0.0304390,1.76236
False,3.912500,0.6806272,1.1499380,0.010686,0.013475,0.0301755,1.74832
False,3.916667,0.6806718,1.1499950,0.010686,0.013504,0.0299126,1.73438
False,3.920833,0.6807160,1.1500500,0.010614,0.013361,0.0296508,1.72033
False,3.925000,0.6807602,1.1501060,0.010614,0.013332,0.0293896,1.70651
False,3.929167,0.6808041,1.1501610,0.010529,0.013247,0.0291296,1.69258
False,3.933333,0.6808480,1.1502160,0.010543,0.013161,0.0288703,1.67876
False,3.937500,0.6808916,1.1502710,0.010457,0.013103,0.0286120,1.66495
False,3.941667,0.6809352,1.1503250,0.010471,0.013075,0.0283545,1.65126
False,3.945833,0.6809785,1.1503790,0.010400,0.012903,0.0280981,1.63746
False,3.950000,0.6810217,1.1504330,0.010371,0.012932,0.0278423,1.62377
False,3.954167,0.6810647,1.1504860,0.010314,0.012789,0.0275877,1.61022
False,3.958333,0.6811076,1.1505390,0.010300,0.012760,0.0273340,1.59655
False,3.962500,0.6811503,1.1505920,0.010242,0.012703,0.0270811,1.58301
False,3.966667,0.6811930,1.1506450,0.010242,0.012617,0.0268294,1.56960
False,3.970833,0.6812353,1.1506970,0.010157,0.012503,0.0265786,1.55608
False,3.975000,0.6812776,1.1507490,0.010157,0.012503,0.0263286,1.54269
False,3.979167,0.6813197,1.1508010,0.010085,0.012417,0.0260797,1.52931
False,3.983333,0.6813617,1.1508520,0.010085,0.012331,0.0258316,1.51595
False,3.987500,0.6814033,1.1509030,0.009999,0.012245,0.0255846,1.50272
False,3.991667,0.6814450,1.1509540,0.009999,0.012217,0.0253385,1.48951
False,3.995833,0.6814863,1.1510040,0.009913,0.012102,0.0250937,1.47631
False,4.000000,0.6815276,1.1510550,0.009913,0.012045,0.0248497,1.46313
False,4.004167,0.6815686,1.1511040,0.009828,0.011959,0.0246067,1.44996
False,4.008333,0.6816096,1.1511540,0.009842,0.011930,0.0243647,1.43695
False,4.012500,0.6816502,1.1512030,0.009756,0.011816,0.0241238,1.42395
False,4.016667,0.6816909,1.1512520,0.009756,0.011787,0.0238837,1.41098
False,4.020833,0.6817311,1.1513010,0.009656,0.011616,0.0236448,1.39802
False,4.025000,0.6817713,1.1513490,0.009656,0.011673,0.0234069,1.38522
False,4.029167,0.6818113,1.1513970,0.009584,0.011530,0.0231702,1.37231
False,4.033333,0.6818512,1.1514450,0.009584,0.011501,0.0229344,1.35956
False,4.037500,0.6818908,1.1514930,0.009499,0.011387,0.0227000,1.34683
False,4.041667,0.6819303,1.1515400,0.009484,0.011358,0.0224662,1.33413
False,4.045833,0.6819696,1.1515870,0.009427,0.011215,0.0222337,1.32160
False,4.050000,0.6820087,1.1516340,0.009398,0.011244,0.0220022,1.30896
False,4.054167,0.6820477,1.1516800,0.009341,0.011101,0.0217719,1.29649
False,4.058333,0.6820865,1.1517260,0.009313,0.011101,0.0215424,1.28405
False,4.062500,0.6821249,1.1517720,0.009227,0.010929,0.0213144,1.27165
False,4.066667,0.6821634,1.1518170,0.009227,0.010929,0.0210873,1.25928
False,4.070833,0.6822015,1.1518620,0.009155,0.010815,0.0208614,1.24694
False,4.075000,0.6822396,1.1519070,0.009141,0.010815,0.0206364,1.23464
False,4.079167,0.6822773,1.1519520,0.009041,0.010643,0.0204127,1.22237
False,4.083333,0.6823149,1.1519960,0.009041,0.010643,0.0201900,1.21031
False,4.087500,0.6823523,1.1520400,0.008969,0.010557,0.0199685,1.19812
False,4.091667,0.6823897,1.1520840,0.008969,0.010500,0.0197481,1.18614
False,4.095833,0.6824266,1.1521270,0.008869,0.010386,0.0195290,1.17403
False,4.100000,0.6824635,1.1521700,0.008841,0.010357,0.0193108,1.16214
False,4.104167,0.6825001,1.1522130,0.008783,0.010242,0.0190940,1.15029
False,4.108333,0.6825367,1.1522560,0.008783,0.010271,0.0188781,1.13832
False,4.112500,0.6825728,1.1522980,0.008683,0.010071,0.0186635,1.12657
False,4.116667,0.6826090,1.1523400,0.008669,0.010071,0.0184500,1.11487
False,4.120833,0.6826447,1.1523810,0.008583,0.009956,0.0182378,1.10323
False,4.125000,0.6826805,1.1524230,0.008583,0.009928,0.0180266,1.09164
False,4.129167,0.6827159,1.1524630,0.008497,0.009813,0.0178168,1.07992
False,4.133333,0.6827512,1.1525040,0.008483,0.009756,0.0176078,1.06845
False,4.137500,0.6827862,1.1525440,0.008383,0.009699,0.0174004,1.05703
False,4.141667,0.6828212,1.1525850,0.008397,0.009670,0.0171939,1.04568
False,4.145833,0.6828557,1.1526240,0.008297,0.009527,0.0169889,1.03420
False,4.150000,0.6828903,1.1526640,0.008297,0.009499,0.0167848,1.02297
False,4.154167,0.6829244,1.1527030,0.008197,0.009413,0.0165821,1.01182
False,4.158333,0.6829586,1.1527420,0.008197,0.009356,0.0163804,1.00054
False,4.162500,0.6829923,1.1527810,0.008097,0.009241,0.0161802,0.98953
False,4.166667,0.6830261,1.1528190,0.008097,0.009241,0.0159810,0.97839
False,4.170833,0.6830595,1.1528570,0.008011,0.009127,0.0157831,0.96753
False,4.175000,0.6830928,1.1528950,0.007997,0.009069,0.0155863,0.95654
False,4.179167,0.6831257,1.1529320,0.007896,0.008955,0.0153909,0.94564
False,4.183333,0.6831585,1.1529700,0.007882,0.008926,0.0151966,0.93482
False,4.187500,0.6831911,1.1530060,0.007811,0.008841,0.0150036,0.92408
False,4.191667,0.6832236,1.1530430,0.007811,0.008812,0.0148118,0.91343
False,4.195833,0.6832557,1.1530800,0.007696,0.008726,0.0146213,0.90266
False,4.200000,0.6832878,1.1531150,0.007710,0.008612,0.0144318,0.89219
False,4.204167,0.6833194,1.1531510,0.007596,0.008583,0.0142440,0.88160
False,4.208333,0.6833510,1.1531870,0.007582,0.008526,0.0140570,0.87111
False,4.212500,0.6833823,1.1532220,0.007496,0.008411,0.0138717,0.86071
False,4.216667,0.6834135,1.1532570,0.007496,0.008383,0.0136873,0.85042
False,4.220833,0.6834444,1.1532910,0.007410,0.008297,0.0135044,0.84000
False,4.225000,0.6834752,1.1533260,0.007396,0.008240,0.0133226,0.82992
False,4.229167,0.6835055,1.1533590,0.007281,0.008125,0.0131421,0.81972
False,4.233333,0.6835359,1.1533930,0.007281,0.008097,0.0129628,0.80963
False,4.237500,0.6835659,1.1534270,0.007195,0.008039,0.0127851,0.79966
False,4.241667,0.6835958,1.1534600,0.007181,0.007954,0.0126083,0.78957
False,4.245833,0.6836253,1.1534930,0.007081,0.007868,0.0124331,0.77984
False,4.250000,0.6836548,1.1535250,0.007095,0.007839,0.0122588,0.76999
False,4.254167,0.6836839,1.1535570,0.006967,0.007696,0.0120862,0.76002
False,4.258333,0.6837130,1.1535890,0.006981,0.007725,0.0119145,0.75043
False,4.262500,0.6837416,1.1536210,0.006881,0.007610,0.0117444,0.74072
False,4.266667,0.6837702,1.1536530,0.006866,0.007553,0.0115753,0.73115
False,4.270833,0.6837985,1.1536840,0.006781,0.007439,0.0114077,0.72172
False,4.275000,0.6838267,1.1537150,0.006766,0.007439,0.0112413,0.71217
False,4.279167,0.6838544,1.1537450,0.006652,0.007296,0.0110763,0.70276
False,4.283333,0.6838822,1.1537750,0.006666,0.007296,0.0109124,0.69352
False,4.287500,0.6839095,1.1538050,0.006566,0.007181,0.0107502,0.68414
False,4.291667,0.6839369,1.1538350,0.006566,0.007181,0.0105889,0.67493
False,4.295833,0.6839638,1.1538650,0.006452,0.007067,0.0104291,0.66588
False,4.300000,0.6839907,1.1538940,0.006452,0.007038,0.0102704,0.65671
False,4.304167,0.6840171,1.1539230,0.006337,0.006895,0.0101132,0.64771
False,4.308333,0.6840435,1.1539510,0.006337,0.006866,0.0099573,0.63858
False,4.312500,0.6840695,1.1539800,0.006251,0.006781,0.0098028,0.62994
False,4.316667,0.6840956,1.1540080,0.006251,0.006809,0.0096494,0.62118
False,4.320833,0.6841211,1.1540360,0.006137,0.006638,0.0094975,0.61230
False,4.325000,0.6841466,1.1540630,0.006123,0.006638,0.0093466,0.60361
False,4.329167,0.6841718,1.1540910,0.006037,0.006523,0.0091975,0.59479
False,4.333333,0.6841969,1.1541180,0.006037,0.006495,0.0090493,0.58651
False,4.337500,0.6842216,1.1541440,0.005908,0.006380,0.0089027,0.57777
False,4.341667,0.6842462,1.1541710,0.005922,0.006409,0.0087571,0.56958
False,4.345833,0.6842705,1.1541970,0.005822,0.006208,0.0086131,0.56093
False,4.350000,0.6842946,1.1542230,0.005794,0.006237,0.0084702,0.55285
False,4.354167,0.6843185,1.1542480,0.005722,0.006151,0.0083288,0.54465
False,4.358333,0.6843423,1.1542740,0.005708,0.006123,0.0081885,0.53632
False,4.362500,0.6843656,1.1542990,0.005593,0.005980,0.0080497,0.52823
False,4.366667,0.6843890,1.1543240,0.005622,0.006037,0.0079122,0.52039
False,4.370833,0.6844119,1.1543480,0.005493,0.005865,0.0077760,0.51244
False,4.375000,0.6844347,1.1543730,0.005479,0.005836,0.0076411,0.50435
False,4.379167,0.6844572,1.1543970,0.005393,0.005722,0.0075077,0.49653
False,4.383333,0.6844796,1.1544210,0.005379,0.005779,0.0073754,0.48859
False,4.387500,0.6845016,1.1544440,0.005293,0.005636,0.0072445,0.48092
False,4.391667,0.6845236,1.1544670,0.005279,0.005579,0.0071148,0.47354
False,4.395833,0.6845452,1.1544900,0.005164,0.005465,0.0069866,0.46604
False,4.400000,0.6845667,1.1545130,0.005178,0.005522,0.0068594,0.45842
False,4.404167,0.6845878,1.1545350,0.005064,0.005350,0.0067339,0.45111
False,4.408333,0.6846090,1.1545580,0.005078,0.005350,0.0066094,0.44367
False,4.412500,0.6846296,1.1545800,0.004950,0.005264,0.0064865,0.43611
False,4.416667,0.6846503,1.1546010,0.004964,0.005207,0.0063647,0.42887
False,4.420833,0.6846705,1.1546230,0.004849,0.005121,0.0062444,0.42197
False,4.425000,0.6846907,1.1546440,0.004849,0.005150,0.0061252,0.41496
False,4.429167,0.6847106,1.1546650,0.004764,0.005007,0.0060076,0.40782
False,4.433333,0.6847304,1.1546860,0.004749,0.004978,0.0058910,0.40056
False,4.437500,0.6847496,1.1547060,0.004621,0.004864,0.0057758,0.39366
False,4.441667,0.6847689,1.1547260,0.004635,0.004864,0.0056618,0.38715
False,4.445833,0.6847879,1.1547460,0.004549,0.004749,0.0055494,0.38001
False,4.450000,0.6848068,1.1547660,0.004535,0.004778,0.0054381,0.37378
False,4.454167,0.6848252,1.1547850,0.004435,0.004635,0.0053282,0.36691
False,4.458333,0.6848437,1.1548040,0.004435,0.004606,0.0052193,0.36045
False,4.462500,0.6848617,1.1548230,0.004320,0.004549,0.0051121,0.35388
False,4.466667,0.6848798,1.1548420,0.004334,0.004520,0.0050060,0.34718
False,4.470833,0.6848974,1.1548610,0.004220,0.004406,0.0049013,0.34092
False,4.475000,0.6849149,1.1548790,0.004220,0.004377,0.0047976,0.33455
False,4.479167,0.6849321,1.1548970,0.004120,0.004292,0.0046955,0.32865
False,4.483333,0.6849492,1.1549150,0.004106,0.004292,0.0045944,0.32203
False,4.487500,0.6849660,1.1549320,0.004020,0.004177,0.0044950,0.31590
False,4.491667,0.6849827,1.1549490,0.004005,0.004177,0.0043966,0.31027
False,4.495833,0.6849990,1.1549660,0.003920,0.004034,0.0042995,0.30390
False,4.500000,0.6850152,1.1549830,0.003891,0.004063,0.0042036,0.29805
False,4.504167,0.6850311,1.1549990,0.003819,0.003920,0.0041091,0.29275
False,4.508333,0.6850470,1.1550160,0.003805,0.003948,0.0040157,0.28667
False,4.512500,0.6850624,1.1550320,0.003705,0.003834,0.0039238,0.28116
False,4.516667,0.6850778,1.1550480,0.003705,0.003834,0.0038329,0.27554
False,4.520833,0.6850929,1.1550630,0.003605,0.003719,0.0037435,0.26980
False,4.525000,0.6851078,1.1550790,0.003591,0.003719,0.0036551,0.26393
False,4.529167,0.6851225,1.1550940,0.003519,0.003605,0.0035683,0.25869
False,4.533333,0.6851370,1.1551090,0.003490,0.003633,0.0034823,0.25334
False,4.537500,0.6851512,1.1551240,0.003390,0.003490,0.0033979,0.24787
False,4.541667,0.6851654,1.1551380,0.003419,0.003490,0.0033145,0.24309
False,4.545833,0.6851791,1.1551520,0.003290,0.003405,0.0032326,0.23739
False,4.550000,0.6851929,1.1551660,0.003304,0.003376,0.0031517,0.23239
False,4.554167,0.6852062,1.1551800,0.003204,0.003319,0.0030721,0.22728
False,4.558333,0.6852195,1.1551940,0.003190,0.003262,0.0029936,0.22294
False,4.562500,0.6852325,1.1552070,0.003119,0.003176,0.0029166,0.21761
False,4.566667,0.6852455,1.1552200,0.003104,0.003176,0.0028405,0.21306
False,4.570833,0.6852580,1.1552330,0.003004,0.003090,0.0027658,0.20748
False,4.575000,0.6852705,1.1552460,0.003004,0.003061,0.0026921,0.20367
False,4.579167,0.6852826,1.1552580,0.002904,0.002975,0.0026199,0.19881
False,4.583333,0.6852947,1.1552710,0.002904,0.002975,0.0025486,0.19383
False,4.587500,0.6853064,1.1552830,0.002818,0.002918,0.0024788,0.18975
False,4.591667,0.6853181,1.1552950,0.002804,0.002832,0.0024098,0.18452
False,4.595833,0.6853294,1.1553060,0.002718,0.002775,0.0023423,0.18023
False,4.600000,0.6853408,1.1553180,0.002732,0.002775,0.0022757,0.17583
False,4.604167,0.6853517,1.1553290,0.002618,0.002661,0.0022105,0.17132
False,4.608333,0.6853627,1.1553400,0.002632,0.002718,0.0021462,0.16786
False,4.612500,0.6853732,1.1553510,0.002518,0.002546,0.0020833,0.16313
False,4.616667,0.6853838,1.1553620,0.002546,0.002604,0.0020214,0.15949
False,4.620833,0.6853939,1.1553720,0.002432,0.002460,0.0019608,0.15577
False,4.625000,0.6854041,1.1553820,0.002432,0.002489,0.0019010,0.15195
False,4.629167,0.6854139,1.1553920,0.002360,0.002375,0.0018427,0.14804
False,4.633333,0.6854237,1.1554020,0.002346,0.002375,0.0017853,0.14402
False,4.637500,0.6854330,1.1554120,0.002246,0.002317,0.0017290,0.13988
False,4.641667,0.6854424,1.1554210,0.002260,0.002289,0.0016738,0.13562
False,4.645833,0.6854515,1.1554300,0.002174,0.002174,0.0016199,0.13270
False,4.650000,0.6854605,1.1554390,0.002160,0.002203,0.0015669,0.12820
False,4.654167,0.6854692,1.1554480,0.002074,0.002089,0.0015152,0.12511
False,4.658333,0.6854778,1.1554570,0.002074,0.002117,0.0014642,0.12195
False,4.662500,0.6854861,1.1554650,0.002003,0.002031,0.0014147,0.11869
False,4.666667,0.6854945,1.1554740,0.002003,0.002031,0.0013659,0.11535
False,4.670833,0.6855024,1.1554820,0.001903,0.001917,0.0013182,0.11191
False,4.675000,0.6855103,1.1554900,0.001903,0.001945,0.0012716,0.10835
False,4.679167,0.6855180,1.1554980,0.001831,0.001860,0.0012262,0.10468
False,4.683333,0.6855256,1.1555050,0.001831,0.001831,0.0011816,0.10279
False,4.687500,0.6855329,1.1555130,0.001745,0.001774,0.0011383,0.09891
False,4.691667,0.6855401,1.1555200,0.001731,0.001745,0.0010958,0.09487
False,4.695833,0.6855471,1.1555270,0.001674,0.001659,0.0010544,0.09279
False,4.700000,0.6855540,1.1555340,0.001659,0.001688,0.0010138,0.09065
False,4.704167,0.6855605,1.1555410,0.001574,0.001631,0.0009743,0.08623
False,4.708333,0.6855671,1.1555470,0.001588,0.001574,0.0009358,0.08393
False,4.712500,0.6855734,1.1555540,0.001502,0.001516,0.0008984,0.08156
False,4.716667,0.6855797,1.1555600,0.001502,0.001516,0.0008618,0.07913
False,4.720833,0.6855856,1.1555660,0.001431,0.001431,0.0008261,0.07662
False,4.725000,0.6855915,1.1555720,0.001416,0.001431,0.0007914,0.07402
False,4.729167,0.6855971,1.1555780,0.001345,0.001345,0.0007577,0.07133
False,4.733333,0.6856027,1.1555830,0.001330,0.001345,0.0007247,0.06853
False,4.737500,0.6856080,1.1555890,0.001287,0.001287,0.0006928,0.06561
False,4.741667,0.6856134,1.1555940,0.001287,0.001287,0.0006617,0.06256
False,4.745833,0.6856185,1.1555990,0.001216,0.001202,0.0006318,0.05935
False,4.750000,0.6856234,1.1556040,0.001187,0.001202,0.0006025,0.05595
False,4.754167,0.6856281,1.1556090,0.001116,0.001116,0.0005744,0.05234
False,4.758333,0.6856327,1.1556130,0.001116,0.001173,0.0005467,0.05234
False,4.762500,0.6856372,1.1556180,0.001073,0.001087,0.0005201,0.04846
False,4.766667,0.6856416,1.1556220,0.001073,0.001059,0.0004942,0.04846
False,4.770833,0.6856458,1.1556270,0.001001,0.001001,0.0004692,0.04423
False,4.775000,0.6856500,1.1556310,0.001001,0.000973,0.0004450,0.03956
False,4.779167,0.6856538,1.1556350,0.000916,0.000944,0.0004218,0.03956
False,4.783333,0.6856577,1.1556380,0.000930,0.000916,0.0003991,0.03426
False,4.787500,0.6856613,1.1556420,0.000873,0.000858,0.0003775,0.03426
False,4.791667,0.6856649,1.1556460,0.000858,0.000887,0.0003564,0.03426
False,4.795833,0.6856682,1.1556490,0.000801,0.000830,0.0003363,0.02798
False,4.800000,0.6856716,1.1556520,0.000815,0.000801,0.0003167,0.02798
False,4.804167,0.6856747,1.1556560,0.000744,0.000744,0.0002979,0.02798
False,4.808333,0.6856778,1.1556580,0.000744,0.000715,0.0002798,0.01978
False,4.812500,0.6856807,1.1556610,0.000687,0.000715,0.0002627,0.01978
False,4.816667,0.6856835,1.1556640,0.000687,0.000687,0.0002462,0.01978
False,4.820833,0.6856862,1.1556670,0.000629,0.000629,0.0002303,0.01978
False,4.825000,0.6856889,1.1556700,0.000644,0.000658,0.0002151,0.01978
False,4.829167,0.6856912,1.1556720,0.000572,0.000572,0.0002006,0.00000
False,4.833333,0.6856936,1.1556750,0.000572,0.000601,0.0001866,0.00000
False,4.837500,0.6856958,1.1556770,0.000529,0.000486,0.0001733,0.00000
False,4.841667,0.6856980,1.1556790,0.000529,0.000544,0.0001606,0.00000
False,4.845833,0.6857000,1.1556810,0.000472,0.000486,0.0001487,0.00000
False,4.850000,0.6857019,1.1556830,0.000458,0.000458,0.0001372,0.00000
False,4.854167,0.6857038,1.1556850,0.000443,0.000429,0.0001265,0.00000
False,4.858333,0.6857055,1.1556860,0.000415,0.000429,0.0001162,0.00000
False,4.862500,0.6857072,1.1556880,0.000401,0.000372,0.0001066,0.00000
False,4.866667,0.6857087,1.1556900,0.000372,0.000401,0.0000972,0.00000
False,4.870833,0.6857101,1.1556910,0.000343,0.000343,0.0000885,0.00000
False,4.875000,0.6857115,1.1556920,0.000329,0.000343,0.0000803,0.00000
False,4.879167,0.6857128,1.1556940,0.000300,0.000286,0.0000728,0.00000
False,4.883333,0.6857140,1.1556950,0.000300,0.000315,0.0000657,0.00000
False,4.887500,0.6857151,1.1556960,0.000257,0.000257,0.0000590,0.00000
False,4.891667,0.6857162,1.1556970,0.000257,0.000257,0.0000529,0.00000
False,4.895833,0.6857172,1.1556980,0.000243,0.000200,0.0000471,0.00000
False,4.900000,0.6857181,1.1556990,0.000215,0.000257,0.0000416,0.00000
False,4.904167,0.6857189,1.1557000,0.000200,0.000200,0.0000367,0.00000
False,4.908333,0.6857197,1.1557010,0.000200,0.000172,0.0000321,0.00000
False,4.912500,0.6857204,1.1557010,0.000157,0.000172,0.0000280,0.00000
False,4.916667,0.6857210,1.1557020,0.000157,0.000143,0.0000243,0.00000
False,4.920833,0.6857216,1.1557020,0.000129,0.000143,0.0000210,0.00000
False,4.925000,0.6857222,1.1557030,0.000143,0.000143,0.0000179,0.00000
False,4.929167,0.6857225,1.1557030,0.000086,0.000086,0.0000151,0.00000
False,4.933333,0.6857229,1.1557040,0.000100,0.000086,0.0000125,0.00000
False,4.937500,0.6857234,1.1557040,0.000100,0.000086,0.0000103,0.00000
False,4.941667,0.6857237,1.1557040,0.000086,0.000086,0.0000082,0.00000
False,4.945833,0.6857240,1.1557050,0.000057,0.000086,0.0000067,0.00000
False,4.950000,0.6857243,1.1557050,0.000072,0.000057,0.0000054,0.00000
False,4.954167,0.6857244,1.1557050,0.000043,0.000029,0.0000042,0.00000
False,4.958333,0.6857246,1.1557050,0.000043,0.000057,0.0000032,0.00000
False,4.962500,0.6857247,1.1557060,0.000014,0.000029,0.0000024,0.00000
False,4.966667,0.6857249,1.1557060,0.000043,0.000000,0.0000015,0.00000
False,4.970833,0.6857249,1.1557060,0.000014,0.000057,0.0000010,0.00000
False,4.975000,0.6857250,1.1557060,0.000029,0.000000,0.0000005,0.00000
False,4.979167,0.6857251,1.1557060,0.000014,0.000029,0.0000004,0.00000
False,4.983333,0.6857251,1.1557060,0.000000,0.000000,0.0000001,0.00000
False,4.987500,0.6857251,1.1557060,0.000000,0.000029,0.0000001,0.00000
False,4.991667,0.6857252,1.1557060,0.000014,0.000000,0.0000001,0.00000
False,4.995833,0.6857252,1.1557060,0.000000,0.000000,0.0000001,0.00000
False,5.000000,0.6857252,1.1557060,0.000000,0.000000,0.0000000,0.00000
True,0.000000,0.2334999,0.7031239,0.000000,0.000000,0.0000000,0.00000
True,0.004167,0.2335000,0.7031241,0.000014,0.000043,-0.0000013,0.00000
True,0.008333,0.2335001,0.7031241,0.000021,0.000000,-0.0000017,0.00000
True,0.012500,0.2335005,0.7031246,0.000107,0.000114,-0.0000018,0.00000
True,0.016667,0.2335010,0.7031251,0.000122,0.000129,-0.0000022,0.00000
True,0.020833,0.2335023,0.7031264,0.000300,0.000315,-0.0000031,0.00000
True,0.025000,0.2335035,0.7031277,0.000300,0.000315,-0.0000052,0.00000
True,0.029167,0.2335059,0.7031303,0.000579,0.000615,-0.0000088,0.00000
True,0.033333,0.2335084,0.7031330,0.000587,0.000644,-0.0000144,0.00000
True,0.037500,0.2335123,0.7031372,0.000937,0.001001,-0.0000215,0.00000
True,0.041667,0.2335162,0.7031414,0.000944,0.001016,-0.0000291,0.00000
True,0.045833,0.2335219,0.7031475,0.001373,0.001473,-0.0000378,0.00000
True,0.050000,0.2335277,0.7031537,0.001388,0.001473,-0.0000479,0.00000
True,0.054167,0.2335356,0.7031620,0.001888,0.001988,-0.0000597,0.00000
True,0.058333,0.2335435,0.7031704,0.001903,0.002031,-0.0000737,0.00000
True,0.062500,0.2335538,0.7031814,0.002468,0.002632,-0.0000902,0.00000
True,0.066667,0.2335641,0.7031924,0.002482,0.002646,-0.0001096,0.00000
True,0.070833,0.2335771,0.7032062,0.003119,0.003319,-0.0001314,0.00000
True,0.075000,0.2335901,0.7032202,0.003119,0.003362,-0.0001550,0.00000
True,0.079167,0.2336061,0.7032372,0.003834,0.004077,-0.0001808,0.00000
True,0.083333,0.2336220,0.7032543,0.003819,0.004106,-0.0002089,0.00000
True,0.087500,0.2336411,0.7032746,0.004592,0.004864,-0.0002396,0.00000
True,0.091667,0.2336603,0.7032951,0.004592,0.004921,-0.0002733,0.00000
True,0.095833,0.2336828,0.7033191,0.005414,0.005765,-0.0003103,0.00000
True,0.100000,0.2337054,0.7033432,0.005407,0.005779,-0.0003508,0.00000
True,0.104167,0.2337315,0.7033711,0.006266,0.006695,-0.0003945,0.00000
True,0.108333,0.2337576,0.7033991,0.006273,0.006709,-0.0004408,0.00000
True,0.112500,0.2337876,0.7034308,0.007188,0.007625,-0.0004901,0.00000
True,0.116667,0.2338175,0.7034627,0.007174,0.007653,-0.0005425,0.00000
True,0.120833,0.2338513,0.7034990,0.008125,0.008698,-0.0005983,0.00000
True,0.125000,0.2338852,0.7035350,0.008125,0.008655,-0.0006575,0.00000
True,0.129167,0.2339231,0.7035754,0.009112,0.009699,-0.0007205,0.00000
True,0.133333,0.2339611,0.7036159,0.009112,0.009713,-0.0007875,0.00000
True,0.137500,0.2340033,0.7036608,0.010128,0.010772,-0.0008582,0.00000
True,0.141667,0.2340455,0.7037058,0.010121,0.010815,-0.0009322,0.00000
True,0.145833,0.2340921,0.7037553,0.011179,0.011873,-0.0010098,0.00000
True,0.150000,0.2341386,0.7038050,0.011172,0.011916,-0.0010909,0.00000
True,0.154167,0.2341896,0.7038593,0.012238,0.013032,-0.0011759,0.00000
True,0.158333,0.2342407,0.7039136,0.012252,0.013032,-0.0012648,0.00000
True,0.162500,0.2342962,0.7039726,0.013332,0.014162,-0.0013577,0.00000
True,0.166667,0.2343518,0.7040318,0.013340,0.014205,-0.0014548,0.00000
True,0.170833,0.2344120,0.7040957,0.014441,0.015335,-0.0015558,0.00000
True,0.175000,0.2344722,0.7041597,0.014448,0.015378,-0.0016607,0.00000
True,0.179167,0.2345370,0.7042285,0.015571,0.016508,-0.0017695,0.00000
True,0.183333,0.2346019,0.7042975,0.015578,0.016551,-0.0018823,0.00000
True,0.187500,0.2346716,0.7043713,0.016708,0.017724,-0.0019990,0.00000
True,0.191667,0.2347412,0.7044452,0.016708,0.017738,-0.0021198,0.00000
True,0.195833,0.2348156,0.7045240,0.017860,0.018911,-0.0022448,0.00000
True,0.200000,0.2348900,0.7046030,0.017860,0.018954,-0.0023739,0.00000
True,0.204167,0.2349692,0.7046869,0.019012,0.020127,-0.0025072,0.00000
True,0.208333,0.2350484,0.7047708,0.019004,0.020142,-0.0026446,0.00000
True,0.212500,0.2351324,0.7048597,0.020163,0.021329,-0.0027862,0.00000
True,0.216667,0.2352164,0.7049485,0.020163,0.021329,-0.0029317,0.00000
True,0.220833,0.2353052,0.7050424,0.021315,0.022516,-0.0030814,0.00000
True,0.225000,0.2353941,0.7051364,0.021315,0.022559,-0.0032351,0.00000
True,0.229167,0.2354877,0.7052352,0.022466,0.023718,-0.0033929,0.00000
True,0.233333,0.2355813,0.7053341,0.022466,0.023732,-0.0035546,0.00000
True,0.237500,0.2356797,0.7054378,0.023618,0.024891,-0.0037206,0.00000
True,0.241667,0.2357781,0.7055417,0.023611,0.024934,-0.0038908,0.00000
True,0.245833,0.2358812,0.7056503,0.024748,0.026064,-0.0040650,0.00000
True,0.250000,0.2359843,0.7057589,0.024755,0.026064,-0.0042433,0.00000
True,0.254167,0.2360921,0.7058724,0.025871,0.027237,-0.0044255,0.00000
True,0.258333,0.2361999,0.7059858,0.025871,0.027237,-0.0046117,0.00000
True,0.262500,0.2363123,0.7061040,0.026979,0.028353,-0.0048017,0.00000
True,0.266667,0.2364248,0.7062221,0.026987,0.028353,-0.0049955,0.00000
True,0.270833,0.2365417,0.7063449,0.028074,0.029469,-0.0051932,0.00000
True,0.275000,0.2366588,0.7064677,0.028081,0.029469,-0.0053950,0.00000
True,0.279167,0.2367802,0.7065950,0.029154,0.030556,-0.0056008,0.00000
True,0.283333,0.2369017,0.7067223,0.029154,0.030556,-0.0058104,0.00000
True,0.287500,0.2370276,0.7068540,0.030220,0.031600,-0.0060238,0.00000
True,0.291667,0.2371535,0.7069858,0.030205,0.031643,-0.0062407,0.00000
True,0.295833,0.2372836,0.7071217,0.031242,0.032616,-0.0064612,0.00000
True,0.300000,0.2374139,0.7072577,0.031250,0.032644,-0.0066851,0.00000
True,0.304167,0.2375482,0.7073980,0.032251,0.033660,-0.0069126,0.00000
True,0.308333,0.2376826,0.7075381,0.032251,0.033617,-0.0071439,0.00000
True,0.312500,0.2378211,0.7076824,0.033231,0.034633,-0.0073789,0.00000
True,0.316667,0.2379596,0.7078265,0.033238,0.034590,-0.0076175,0.00000
True,0.320833,0.2381020,0.7079747,0.034182,0.035563,-0.0078594,0.00000
True,0.325000,0.2382444,0.7081227,0.034175,0.035534,-0.0081046,0.00000
True,0.329167,0.2383907,0.7082746,0.035112,0.036449,-0.0083528,0.00000
True,0.333333,0.2385370,0.7084264,0.035112,0.036421,-0.0086039,0.00000
True,0.337500,0.2386869,0.7085817,0.035985,0.037293,-0.0088582,0.00000
True,0.341667,0.2388369,0.7087372,0.035999,0.037308,-0.0091160,0.00000
True,0.345833,0.2389904,0.7088960,0.036843,0.038109,-0.0093770,0.00000
True,0.350000,0.2391440,0.7090548,0.036857,0.038109,-0.0096412,0.00000
True,0.354167,0.2393009,0.7092169,0.037665,0.038910,-0.0099083,0.00000
True,0.358333,0.2394579,0.7093788,0.037665,0.038853,-0.0101780,0.00000
True,0.362500,0.2396181,0.7095439,0.038452,0.039639,-0.0104503,0.00000
True,0.366667,0.2397783,0.7097089,0.038445,0.039597,-0.0107249,0.00000
True,0.370833,0.2399416,0.7098770,0.039196,0.040326,-0.0110022,0.00000
True,0.375000,0.2401049,0.7100448,0.039196,0.040283,-0.0112825,0.00000
True,0.379167,0.2402712,0.7102154,0.039897,0.040956,-0.0115656,0.00000
True,0.383333,0.2404374,0.7103859,0.039890,0.040913,-0.0118512,0.00000
True,0.387500,0.2406063,0.7105591,0.040555,0.041571,-0.0121392,0.00000
True,0.391667,0.2407753,0.7107322,0.040562,0.041542,-0.0124293,0.00000
True,0.395833,0.2409469,0.7109076,0.041177,0.042086,-0.0127213,0.00000
True,0.400000,0.2411185,0.7110828,0.041177,0.042057,-0.0130150,0.00000
True,0.404167,0.2412924,0.7112604,0.041749,0.042615,-0.0133108,0.00000
True,0.408333,0.2414664,0.7114378,0.041757,0.042572,-0.0136090,0.00000
True,0.412500,0.2416426,0.7116171,0.042279,0.043044,-0.0139095,0.00000
True,0.416667,0.2418188,0.7117963,0.042286,0.043015,-0.0142118,0.00000
True,0.420833,0.2419970,0.7119775,0.042772,0.043473,-0.0145159,0.00000
True,0.425000,0.2421752,0.7121583,0.042765,0.043402,-0.0148216,0.00000
True,0.429167,0.2423553,0.7123408,0.043216,0.043802,-0.0151284,0.00000
True,0.433333,0.2425353,0.7125231,0.043209,0.043745,-0.0154362,0.00000
True,0.437500,0.2427170,0.7127070,0.043602,0.044146,-0.0157455,0.00000
True,0.441667,0.2428986,0.7128906,0.043602,0.044060,-0.0160565,0.00000
True,0.445833,0.2430817,0.7130755,0.043945,0.044360,-0.0163691,0.00000
True,0.450000,0.2432649,0.7132601,0.043952,0.044303,-0.0166830,0.00000
True,0.454167,0.2434492,0.7134457,0.044246,0.044560,-0.0169981,0.00000
True,0.458333,0.2436336,0.7136312,0.044246,0.044518,-0.0173138,0.00000
True,0.462500,0.2438190,0.7138175,0.044489,0.044703,-0.0176301,0.00000
True,0.466667,0.2440043,0.7140036,0.044489,0.044675,-0.0179467,0.00000
True,0.470833,0.2441906,0.7141902,0.044696,0.044789,-0.0182640,0.00000
True,0.475000,0.2443768,0.7143767,0.044689,0.044746,-0.0185825,0.00000
True,0.479167,0.2445637,0.7145636,0.044854,0.044861,-0.0189018,0.00000
True,0.483333,0.2447505,0.7147502,0.044832,0.044789,-0.0192218,0.00000
True,0.487500,0.2449377,0.7149371,0.044940,0.044847,-0.0195421,0.00000
True,0.491667,0.2451250,0.7151237,0.044947,0.044789,-0.0198625,0.00000
True,0.495833,0.2453125,0.7153103,0.044990,0.044789,-0.0201828,0.00000
True,0.500000,0.2454999,0.7154967,0.044990,0.044718,-0.0205026,0.00000
True,0.504167,0.2456874,0.7156829,0.044997,0.044703,-0.0208224,0.00000
True,0.508333,0.2458749,0.7158689,0.044990,0.044632,-0.0211427,0.00000
True,0.512500,0.2460621,0.7160545,0.044940,0.044546,-0.0214630,0.00000
True,0.516667,0.2462494,0.7162399,0.044947,0.044489,-0.0217834,0.00000
True,0.520833,0.2464362,0.7164245,0.044839,0.044303,-0.0221034,0.00000
True,0.525000,0.2466230,0.7166089,0.044839,0.044274,-0.0224227,0.00000
True,0.529167,0.2468093,0.7167926,0.044696,0.044088,-0.0227411,0.00000
True,0.533333,0.2469955,0.7169761,0.044689,0.044031,-0.0230584,0.00000
True,0.537500,0.2471808,0.7171584,0.044489,0.043759,-0.0233750,0.00000
True,0.541667,0.2473662,0.7173407,0.044496,0.043745,-0.0236913,0.00000
True,0.545833,0.2475506,0.7175216,0.044246,0.043416,-0.0240071,0.00000
True,0.550000,0.2477350,0.7177024,0.044246,0.043387,-0.0243220,0.00000
True,0.554167,0.2479181,0.7178817,0.043952,0.043044,-0.0246360,0.00000
True,0.558333,0.2481012,0.7180608,0.043945,0.042973,-0.0249485,0.00000
True,0.562500,0.2482829,0.7182384,0.043602,0.042615,-0.0252596,0.00000
True,0.566667,0.2484646,0.7184157,0.043602,0.042558,-0.0255688,0.00000
True,0.570833,0.2486446,0.7185912,0.043209,0.042114,-0.0258766,0.00000
True,0.575000,0.2488247,0.7187665,0.043216,0.042071,-0.0261834,0.00000
True,0.579167,0.2490028,0.7189398,0.042765,0.041614,-0.0264890,0.00000
True,0.583333,0.2491811,0.7191129,0.042772,0.041528,-0.0267931,0.00000
True,0.587500,0.2493572,0.7192839,0.042279,0.041041,-0.0270954,0.00000
True,0.591667,0.2495334,0.7194547,0.042286,0.040998,-0.0273958,0.00000
True,0.595833,0.2497074,0.7196231,0.041757,0.040412,-0.0276941,0.00000
True,0.600000,0.2498814,0.7197914,0.041749,0.040383,-0.0279898,0.00000
True,0.604167,0.2500529,0.7199571,0.041170,0.039783,-0.0282834,0.00000
True,0.608333,0.2502245,0.7201227,0.041184,0.039740,-0.0285754,0.00000
True,0.612500,0.2503935,0.7202856,0.040555,0.039096,-0.0288655,0.00000
True,0.616667,0.2505625,0.7204483,0.040555,0.039039,-0.0291534,0.00000
True,0.620833,0.2507287,0.7206081,0.039890,0.038366,-0.0294390,0.00000
True,0.625000,0.2508949,0.7207679,0.039904,0.038338,-0.0297220,0.00000
True,0.629167,0.2510582,0.7209246,0.039189,0.037608,-0.0300023,0.00000
True,0.633333,0.2512215,0.7210811,0.039196,0.037580,-0.0302795,0.00000
True,0.637500,0.2513818,0.7212346,0.038452,0.036821,-0.0305541,0.00000
True,0.641667,0.2515419,0.7213879,0.038445,0.036793,-0.0308263,0.00000
True,0.645833,0.2516989,0.7215378,0.037665,0.035992,-0.0310960,0.00000
True,0.650000,0.2518559,0.7216877,0.037673,0.035977,-0.0313631,0.00000
True,0.654167,0.2520094,0.7218341,0.036850,0.035119,-0.0316272,0.00000
True,0.658333,0.2521629,0.7219805,0.036843,0.035133,-0.0318883,0.00000
True,0.662500,0.2523129,0.7221232,0.035999,0.034261,-0.0321460,0.00000
True,0.666667,0.2524628,0.7222658,0.035985,0.034218,-0.0324003,0.00000
True,0.670833,0.2526092,0.7224048,0.035119,0.033360,-0.0326513,0.00000
True,0.675000,0.2527554,0.7225437,0.035105,0.033345,-0.0328994,0.00000
True,0.679167,0.2528979,0.7226787,0.034182,0.032401,-0.0331445,0.00000
True,0.683333,0.2530403,0.7228137,0.034175,0.032401,-0.0333864,0.00000
True,0.687500,0.2531787,0.7229447,0.033238,0.031428,-0.0336249,0.00000
True,0.691667,0.2533172,0.7230757,0.033238,0.031443,-0.0338599,0.00000
True,0.695833,0.2534516,0.7232026,0.032251,0.030456,-0.0340911,0.00000
True,0.700000,0.2535860,0.7233296,0.032244,0.030484,-0.0343186,0.00000
True,0.704167,0.2537162,0.7234523,0.031250,0.029440,-0.0345424,0.00000
True,0.708333,0.2538463,0.7235750,0.031242,0.029454,-0.0347629,0.00000
True,0.712500,0.2539722,0.7236934,0.030212,0.028424,-0.0349798,0.00000
True,0.716667,0.2540981,0.7238120,0.030212,0.028453,-0.0351931,0.00000
True,0.720833,0.2542196,0.7239259,0.029154,0.027351,-0.0354027,0.00000
True,0.725000,0.2543411,0.7240402,0.029154,0.027423,-0.0356084,0.00000
True,0.729167,0.2544581,0.7241499,0.028081,0.026336,-0.0358101,0.00000
True,0.733333,0.2545751,0.7242597,0.028081,0.026336,-0.0360079,0.00000
True,0.737500,0.2546875,0.7243651,0.026979,0.025291,-0.0362016,0.00000
True,0.741667,0.2547999,0.7244704,0.026987,0.025277,-0.0363915,0.00000
True,0.745833,0.2549077,0.7245712,0.025871,0.024190,-0.0365776,0.00000
True,0.750000,0.2550156,0.7246720,0.025878,0.024204,-0.0367599,0.00000
True,0.754167,0.2551186,0.7247683,0.024741,0.023117,-0.0369381,0.00000
True,0.758333,0.2552218,0.7248647,0.024755,0.023117,-0.0371123,0.00000
True,0.762500,0.2553202,0.7249564,0.023611,0.022016,-0.0372824,0.00000
True,0.766667,0.2554185,0.7250482,0.023611,0.022030,-0.0374483,0.00000
True,0.770833,0.2555121,0.7251353,0.022466,0.020914,-0.0376101,0.00000
True,0.775000,0.2556058,0.7252226,0.022466,0.020957,-0.0377678,0.00000
True,0.779167,0.2556946,0.7253053,0.021322,0.019827,-0.0379215,0.00000
True,0.783333,0.2557834,0.7253880,0.021315,0.019856,-0.0380711,0.00000
True,0.787500,0.2558675,0.7254660,0.020170,0.018725,-0.0382167,0.00000
True,0.791667,0.2559514,0.7255442,0.020156,0.018754,-0.0383581,0.00000
True,0.795833,0.2560306,0.7256176,0.019012,0.017638,-0.0384955,0.00000
True,0.800000,0.2561098,0.7256911,0.019004,0.017624,-0.0386288,0.00000
True,0.804167,0.2561842,0.7257601,0.017853,0.016565,-0.0387578,0.00000
True,0.808333,0.2562586,0.7258291,0.017860,0.016565,-0.0388827,0.00000
True,0.812500,0.2563283,0.7258936,0.016708,0.015478,-0.0390036,0.00000
True,0.816667,0.2563979,0.7259581,0.016716,0.015478,-0.0391203,0.00000
True,0.820833,0.2564628,0.7260182,0.015571,0.014434,-0.0392330,0.00000
True,0.825000,0.2565277,0.7260784,0.015571,0.014434,-0.0393418,0.00000
True,0.829167,0.2565879,0.7261339,0.014448,0.013332,-0.0394467,0.00000
True,0.833333,0.2566481,0.7261897,0.014448,0.013375,-0.0395477,0.00000
True,0.837500,0.2567036,0.7262409,0.013332,0.012302,-0.0396447,0.00000
True,0.841667,0.2567592,0.7262923,0.013332,0.012331,-0.0397376,0.00000
True,0.845833,0.2568102,0.7263393,0.012252,0.011287,-0.0398264,0.00000
True,0.850000,0.2568612,0.7263865,0.012245,0.011330,-0.0399113,0.00000
True,0.854167,0.2569078,0.7264295,0.011165,0.010314,-0.0399925,0.00000
True,0.858333,0.2569543,0.7264726,0.011179,0.010328,-0.0400701,0.00000
True,0.862500,0.2569965,0.7265114,0.010121,0.009327,-0.0401441,0.00000
True,0.866667,0.2570387,0.7265505,0.010135,0.009370,-0.0402147,0.00000
True,0.870833,0.2570767,0.7265853,0.009105,0.008354,-0.0402817,0.00000
True,0.875000,0.2571146,0.7266203,0.009112,0.008411,-0.0403446,0.00000
True,0.879167,0.2571485,0.7266515,0.008125,0.007496,-0.0404039,0.00000
True,0.883333,0.2571824,0.7266828,0.008125,0.007510,-0.0404596,0.00000
True,0.887500,0.2572123,0.7267102,0.007181,0.006566,-0.0405120,0.00000
True,0.891667,0.2572422,0.7267379,0.007181,0.006638,-0.0405613,0.00000
True,0.895833,0.2572683,0.7267618,0.006273,0.005751,-0.0406076,0.00000
True,0.900000,0.2572945,0.7267860,0.006273,0.005808,-0.0406513,0.00000
True,0.904167,0.2573170,0.7268065,0.005407,0.004921,-0.0406917,0.00000
True,0.908333,0.2573395,0.7268274,0.005407,0.005007,-0.0407287,0.00000
True,0.912500,0.2573587,0.7268449,0.004592,0.004206,-0.0407624,0.00000
True,0.916667,0.2573778,0.7268627,0.004592,0.004277,-0.0407931,0.00000
True,0.920833,0.2573937,0.7268773,0.003827,0.003505,-0.0408212,0.00000
True,0.925000,0.2574097,0.7268921,0.003834,0.003548,-0.0408469,0.00000
True,0.929167,0.2574227,0.7269040,0.003126,0.002861,-0.0408706,0.00000
True,0.933333,0.2574357,0.7269160,0.003119,0.002861,-0.0408924,0.00000
True,0.937500,0.2574460,0.7269254,0.002468,0.002260,-0.0409118,0.00000
True,0.941667,0.2574564,0.7269348,0.002482,0.002260,-0.0409282,0.00000
True,0.945833,0.2574642,0.7269421,0.001888,0.001760,-0.0409423,0.00000
True,0.950000,0.2574721,0.7269495,0.001895,0.001760,-0.0409541,0.00000
True,0.954167,0.2574779,0.7269547,0.001380,0.001259,-0.0409641,0.00000
True,0.958333,0.2574836,0.7269600,0.001380,0.001273,-0.0409728,0.00000
True,0.962500,0.2574876,0.7269636,0.000944,0.000873,-0.0409805,0.00000
True,0.966667,0.2574915,0.7269672,0.000937,0.000858,-0.0409875,0.00000
True,0.970833,0.2574939,0.7269694,0.000579,0.000515,-0.0409937,0.00000
True,0.975000,0.2574963,0.7269716,0.000579,0.000529,-0.0409987,0.00000
True,0.979167,0.2574976,0.7269726,0.000308,0.000243,-0.0410023,0.00000
True,0.983333,0.2574988,0.7269737,0.000300,0.000272,-0.0410048,0.00000
True,0.987500,0.2574993,0.7269741,0.000114,0.000100,-0.0410060,0.00000
True,0.991667,0.2574998,0.7269746,0.000107,0.000114,-0.0410059,0.00000
True,0.995833,0.2574998,0.7269747,0.000021,0.000029,-0.0410045,0.00000
True,1.000000,0.2574999,0.7269748,0.000014,0.000029,-0.0410019,0.00000
True,1.004167,0.2574998,0.7269748,-0.000029,0.000000,-0.0410000,0.00000
True,1.008333,0.2574997,0.7269748,-0.000029,-0.000014,-0.0409996,0.00000
True,1.012500,0.2574988,0.7269739,-0.000207,-0.000215,-0.0409988,0.00000
True,1.016667,0.2574979,0.7269732,-0.000215,-0.000157,-0.0409961,0.00000
True,1.020833,0.2574956,0.7269711,-0.000551,-0.000515,-0.0409893,0.00000
True,1.025000,0.2574933,0.7269694,-0.000558,-0.000401,-0.0409772,0.00000
True,1.029167,0.2574889,0.7269657,-0.001051,-0.000887,-0.0409572,0.00000
True,1.033333,0.2574845,0.7269626,-0.001066,-0.000744,-0.0409285,0.00000
True,1.037500,0.2574772,0.7269568,-0.001738,-0.001388,-0.0408929,0.00000
True,1.041667,0.2574700,0.7269514,-0.001724,-0.001302,-0.0408544,0.00000
True,1.045833,0.2574595,0.7269428,-0.002539,-0.002074,-0.0408098,0.00000
True,1.050000,0.2574490,0.7269344,-0.002518,-0.002003,-0.0407588,0.00000
True,1.054167,0.2574345,0.7269225,-0.003469,-0.002875,-0.0406978,0.00000
True,1.058333,0.2574200,0.7269110,-0.003476,-0.002747,-0.0406269,0.00000
True,1.062500,0.2574012,0.7268956,-0.004528,-0.003691,-0.0405424,0.00000
True,1.066667,0.2573822,0.7268809,-0.004542,-0.003533,-0.0404444,0.00000
True,1.070833,0.2573584,0.7268617,-0.005722,-0.004621,-0.0403332,0.00000
True,1.075000,0.2573345,0.7268428,-0.005729,-0.004520,-0.0402137,0.00000
True,1.079167,0.2573053,0.7268189,-0.007010,-0.005751,-0.0400822,0.00000
True,1.083333,0.2572761,0.7267955,-0.007017,-0.005608,-0.0399397,0.00000
True,1.087500,0.2572410,0.7267668,-0.008426,-0.006881,-0.0397824,0.00000
True,1.091667,0.2572059,0.7267386,-0.008426,-0.006766,-0.0396113,0.00000
True,1.095833,0.2571646,0.7267050,-0.009906,-0.008082,-0.0394225,0.00000
True,1.100000,0.2571232,0.7266718,-0.009928,-0.007968,-0.0392174,0.00000
True,1.104167,0.2570754,0.7266327,-0.011487,-0.009370,-0.0389949,0.00000
True,1.108333,0.2570275,0.7265940,-0.011494,-0.009298,-0.0387598,0.00000
True,1.112500,0.2569726,0.7265488,-0.013175,-0.010843,-0.0385082,0.00000
True,1.116667,0.2569178,0.7265041,-0.013154,-0.010715,-0.0382422,0.00000
True,1.120833,0.2568557,0.7264528,-0.014899,-0.012317,-0.0379576,0.00000
True,1.125000,0.2567936,0.7264019,-0.014892,-0.012217,-0.0376567,0.00000
True,1.129167,0.2567240,0.7263441,-0.016708,-0.013876,-0.0373352,0.00000
True,1.133333,0.2566544,0.7262867,-0.016708,-0.013776,-0.0369956,0.00000
True,1.137500,0.2565770,0.7262222,-0.018568,-0.015492,-0.0366354,0.00000
True,1.141667,0.2564996,0.7261579,-0.018575,-0.015421,-0.0362597,0.00000
True,1.145833,0.2564143,0.7260860,-0.020478,-0.017252,-0.0358642,0.00000
True,1.150000,0.2563290,0.7260145,-0.020471,-0.017166,-0.0354518,0.00000
True,1.154167,0.2562355,0.7259350,-0.022459,-0.019069,-0.0350185,0.01978
True,1.158333,0.2561419,0.7258560,-0.022445,-0.018969,-0.0345672,0.01978
True,1.162500,0.2560401,0.7257688,-0.024447,-0.020928,-0.0340936,0.01978
True,1.166667,0.2559382,0.7256819,-0.024455,-0.020857,-0.0336009,0.02798
True,1.170833,0.2558278,0.7255867,-0.026479,-0.022860,-0.0330858,0.03426
True,1.175000,0.2557175,0.7254916,-0.026493,-0.022817,-0.0325530,0.04423
True,1.179167,0.2555985,0.7253879,-0.028553,-0.024891,-0.0319984,0.04846
True,1.183333,0.2554795,0.7252842,-0.028546,-0.024891,-0.0314255,0.05595
True,1.187500,0.2553519,0.7251716,-0.030634,-0.027022,-0.0308301,0.06561
True,1.191667,0.2552243,0.7250592,-0.030634,-0.026979,-0.0302162,0.07402
True,1.195833,0.2550879,0.7249377,-0.032737,-0.029154,-0.0295792,0.08623
True,1.200000,0.2549514,0.7248158,-0.032744,-0.029240,-0.0289230,0.09691
True,1.204167,0.2548063,0.7246850,-0.034840,-0.031414,-0.0282435,0.10835
True,1.208333,0.2546610,0.7245537,-0.034854,-0.031500,-0.0275453,0.12195
True,1.212500,0.2545070,0.7244132,-0.036964,-0.033731,-0.0268242,0.13706
True,1.216667,0.2543530,0.7242721,-0.036964,-0.033860,-0.0260843,0.15195
True,1.220833,0.2541901,0.7241215,-0.039082,-0.036135,-0.0253216,0.16902
True,1.225000,0.2540273,0.7239702,-0.039082,-0.036321,-0.0245402,0.18557
True,1.229167,0.2538557,0.7238093,-0.041192,-0.038610,-0.0237361,0.20463
True,1.233333,0.2536841,0.7236475,-0.041184,-0.038824,-0.0229134,0.22381
True,1.237500,0.2535037,0.7234761,-0.043294,-0.041156,-0.0220677,0.24469
True,1.241667,0.2533233,0.7233035,-0.043287,-0.041413,-0.0212027,0.26688
True,1.245833,0.2531343,0.7231212,-0.045376,-0.043759,-0.0203150,0.29007
True,1.250000,0.2529452,0.7229375,-0.045369,-0.044074,-0.0194086,0.31466
True,1.254167,0.2527476,0.7227439,-0.047436,-0.046463,-0.0184801,0.33977
True,1.258333,0.2525499,0.7225489,-0.047436,-0.046806,-0.0175335,0.36584
True,1.262500,0.2523438,0.7223438,-0.049460,-0.049224,-0.0165653,0.39317
True,1.266667,0.2521377,0.7221370,-0.049474,-0.049639,-0.0155799,0.42104
True,1.270833,0.2519232,0.7219201,-0.051477,-0.052042,-0.0145724,0.44980
True,1.275000,0.2517087,0.7217014,-0.051477,-0.052500,-0.0135463,0.48011
True,1.279167,0.2514860,0.7214724,-0.053458,-0.054960,-0.0124981,0.51091
True,1.283333,0.2512633,0.7212414,-0.053444,-0.055432,-0.0114322,0.54285
True,1.287500,0.2510325,0.7210001,-0.055382,-0.057907,-0.0103455,0.57573
True,1.291667,0.2508017,0.7207566,-0.055389,-0.058451,-0.0092422,0.60909
True,1.295833,0.2505631,0.7205028,-0.057285,-0.060911,-0.0081192,0.64316
True,1.300000,0.2503244,0.7202465,-0.057285,-0.061512,-0.0069808,0.67753
True,1.304167,0.2500780,0.7199799,-0.059123,-0.063972,-0.0058221,0.71244
True,1.308333,0.2498316,0.7197106,-0.059130,-0.064645,-0.0046458,0.74808
True,1.312500,0.2495778,0.7194309,-0.060925,-0.067120,-0.0034493,0.78435
True,1.316667,0.2493240,0.7191484,-0.060918,-0.067806,-0.0022365,0.82115
True,1.320833,0.2490628,0.7188555,-0.062674,-0.070295,-0.0010051,0.85843
True,1.325000,0.2488017,0.7185596,-0.062664,-0.071025,0.0002410,0.89657
True,1.329167,0.2485335,0.7182534,-0.064373,-0.073471,0.0015043,0.93503
True,1.333333,0.2482654,0.7179439,-0.064352,-0.074286,0.0027807,0.97398
True,1.337500,0.2479904,0.7176242,-0.065997,-0.076718,0.0040749,1.01336
True,1.341667,0.2477154,0.7173010,-0.065986,-0.077577,0.0053849,1.05313
True,1.345833,0.2474340,0.7169675,-0.067552,-0.080037,0.0067129,1.09343
True,1.350000,0.2471525,0.7166303,-0.067563,-0.080924,0.0080550,1.13436
True,1.354167,0.2468648,0.7162831,-0.069051,-0.083327,0.0094131,1.17586
True,1.358333,0.2465770,0.7159320,-0.069058,-0.084271,0.0107834,1.21804
True,1.362500,0.2462833,0.7155710,-0.070496,-0.086632,0.0121678,1.26099
True,1.366667,0.2459896,0.7152061,-0.070485,-0.087590,0.0135626,1.30461
True,1.370833,0.2456902,0.7148314,-0.071855,-0.089936,0.0149722,1.34901
True,1.375000,0.2453908,0.7144523,-0.071844,-0.090966,0.0163952,1.39423
True,1.379167,0.2450860,0.7140635,-0.073153,-0.093327,0.0178334,1.44008
True,1.383333,0.2447813,0.7136703,-0.073149,-0.094371,0.0192830,1.48662
True,1.387500,0.2444715,0.7132676,-0.074351,-0.096645,0.0207455,1.53378
True,1.391667,0.2441616,0.7128603,-0.074358,-0.097733,0.0222174,1.58165
True,1.395833,0.2438471,0.7124440,-0.075488,-0.099921,0.0236999,1.63003
True,1.400000,0.2435326,0.7120232,-0.075492,-0.100994,0.0251897,1.67900
True,1.404167,0.2432136,0.7115933,-0.076543,-0.103169,0.0266907,1.72862
True,1.408333,0.2428946,0.7111586,-0.076554,-0.104342,0.0282027,1.77883
True,1.412500,0.2425716,0.7107149,-0.077523,-0.106487,0.0297263,1.82981
True,1.416667,0.2422486,0.7102662,-0.077519,-0.107675,0.0312585,1.88138
True,1.420833,0.2419219,0.7098092,-0.078410,-0.109692,0.0327999,1.93351
True,1.425000,0.2415952,0.7093472,-0.078406,-0.110879,0.0343477,1.98613
True,1.429167,0.2412652,0.7088771,-0.079215,-0.112824,0.0359023,2.03923
True,1.433333,0.2409351,0.7084023,-0.079229,-0.113940,0.0374609,2.09275
True,1.437500,0.2406020,0.7079197,-0.079937,-0.115843,0.0390269,2.14685
True,1.441667,0.2402689,0.7074319,-0.079933,-0.117073,0.0406008,2.20149
True,1.445833,0.2399332,0.7069361,-0.080570,-0.118990,0.0421826,2.25672
True,1.450000,0.2395975,0.7064354,-0.080563,-0.120163,0.0437699,2.31249
True,1.454167,0.2392595,0.7059274,-0.081124,-0.121908,0.0453625,2.36869
True,1.458333,0.2389216,0.7054145,-0.081114,-0.123096,0.0469582,2.42527
True,1.462500,0.2385817,0.7048950,-0.081575,-0.124683,0.0485567,2.48223
True,1.466667,0.2382418,0.7043709,-0.081564,-0.125799,0.0501558,2.53952
True,1.470833,0.2379004,0.7038402,-0.081936,-0.127358,0.0517583,2.59722
True,1.475000,0.2375590,0.7033045,-0.081933,-0.128574,0.0533654,2.65535
True,1.479167,0.2372165,0.7027624,-0.082215,-0.130091,0.0549766,2.71397
True,1.483333,0.2368739,0.7022154,-0.082208,-0.131278,0.0565898,2.77298
True,1.487500,0.2365306,0.7016628,-0.082401,-0.132637,0.0582045,2.83227
True,1.491667,0.2361873,0.7011057,-0.082383,-0.133710,0.0598188,2.89191
True,1.495833,0.2358436,0.7005438,-0.082498,-0.134854,0.0614318,2.95174
True,1.500000,0.2355000,0.6999774,-0.082469,-0.135927,0.0630421,3.01175
True,1.504167,0.2351562,0.6994066,-0.082498,-0.136986,0.0646518,3.07211
True,1.508333,0.2348126,0.6988310,-0.082480,-0.138159,0.0662627,3.13275
True,1.512500,0.2344692,0.6982509,-0.082394,-0.139203,0.0678735,3.19378
True,1.516667,0.2341259,0.6976665,-0.082397,-0.140276,0.0694832,3.25498
True,1.520833,0.2337834,0.6970785,-0.082208,-0.141106,0.0710902,3.31641
True,1.525000,0.2334408,0.6964865,-0.082211,-0.142093,0.0726935,3.37800
True,1.529167,0.2330995,0.6958917,-0.081933,-0.142736,0.0742916,3.43974
True,1.533333,0.2327580,0.6952935,-0.081940,-0.143580,0.0758836,3.50146
True,1.537500,0.2324182,0.6946929,-0.081568,-0.144153,0.0774710,3.56337
True,1.541667,0.2320783,0.6940880,-0.081568,-0.145154,0.0790561,3.62547
True,1.545833,0.2317403,0.6934811,-0.081117,-0.145655,0.0806373,3.68775
True,1.550000,0.2314024,0.6928705,-0.081114,-0.146556,0.0822141,3.75014
True,1.554167,0.2310666,0.6922587,-0.080574,-0.146828,0.0837842,3.81264
True,1.558333,0.2307309,0.6916437,-0.080570,-0.147600,0.0853475,3.87515
True,1.562500,0.2303978,0.6910284,-0.079944,-0.147672,0.0869017,3.93761
True,1.566667,0.2300647,0.6904107,-0.079944,-0.148258,0.0884468,3.99998
True,1.570833,0.2297347,0.6897930,-0.079215,-0.148244,0.0899833,4.06235
True,1.575000,0.2294046,0.6891721,-0.079215,-0.149016,0.0915145,4.12479
True,1.579167,0.2290779,0.6885516,-0.078410,-0.148916,0.0930378,4.18732
True,1.583333,0.2287512,0.6879284,-0.078410,-0.149574,0.0945535,4.24981
True,1.587500,0.2284282,0.6873065,-0.077519,-0.149245,0.0960590,4.31221
True,1.591667,0.2281052,0.6866826,-0.077527,-0.149732,0.0975547,4.37448
True,1.595833,0.2277862,0.6860611,-0.076547,-0.149174,0.0990378,4.43659
True,1.600000,0.2274673,0.6854382,-0.076543,-0.149503,0.1005090,4.49850
True,1.604167,0.2271527,0.6848181,-0.075499,-0.148802,0.1019680,4.56025
True,1.608333,0.2268382,0.6841959,-0.075488,-0.149331,0.1034186,4.62194
True,1.612500,0.2265284,0.6835768,-0.074354,-0.148602,0.1048578,4.68354
True,1.616667,0.2262186,0.6829563,-0.074351,-0.148916,0.1062866,4.74500
True,1.620833,0.2259138,0.6823398,-0.073142,-0.147958,0.1077017,4.80624
True,1.625000,0.2256090,0.6817226,-0.073142,-0.148115,0.1091045,4.86720
True,1.629167,0.2253097,0.6811103,-0.071847,-0.146956,0.1104916,4.92788
True,1.633333,0.2250103,0.6804980,-0.071858,-0.146956,0.1118644,4.98818
True,1.637500,0.2247166,0.6798913,-0.070481,-0.145612,0.1132217,5.04822
True,1.641667,0.2244228,0.6792837,-0.070503,-0.145812,0.1145680,5.10810
True,1.645833,0.2241351,0.6786819,-0.069058,-0.144439,0.1158995,5.16767
True,1.650000,0.2238474,0.6780801,-0.069051,-0.144424,0.1172182,5.22701
True,1.654167,0.2235659,0.6774850,-0.067563,-0.142837,0.1185203,5.28602
True,1.658333,0.2232844,0.6768905,-0.067563,-0.142679,0.1198080,5.34460
True,1.662500,0.2230094,0.6763037,-0.065982,-0.140834,0.1210772,5.40276
True,1.666667,0.2227345,0.6757181,-0.065989,-0.140533,0.1223302,5.46045
True,1.670833,0.2224663,0.6751406,-0.064366,-0.138617,0.1235652,5.51775
True,1.675000,0.2221982,0.6745638,-0.064352,-0.138416,0.1247867,5.57471
True,1.679167,0.2219371,0.6739953,-0.062664,-0.136442,0.1259906,5.63131
True,1.683333,0.2216759,0.6734283,-0.062678,-0.136085,0.1271796,5.68748
True,1.687500,0.2214220,0.6728703,-0.060933,-0.133925,0.1283498,5.74320
True,1.691667,0.2211682,0.6723143,-0.060918,-0.133424,0.1295036,5.79843
True,1.695833,0.2209218,0.6717684,-0.059137,-0.131035,0.1306371,5.85310
True,1.700000,0.2206755,0.6712251,-0.059116,-0.130391,0.1317530,5.90717
True,1.704167,0.2204368,0.6706921,-0.057288,-0.127916,0.1328486,5.96075
True,1.708333,0.2201981,0.6701613,-0.057274,-0.127387,0.1339287,6.01386
True,1.712500,0.2199673,0.6696411,-0.055389,-0.124841,0.1349893,6.06650
True,1.716667,0.2197366,0.6691238,-0.055386,-0.124168,0.1360332,6.11860
True,1.720833,0.2195138,0.6686175,-0.053455,-0.121508,0.1370566,6.17012
True,1.725000,0.2192911,0.6681147,-0.053447,-0.120678,0.1380624,6.22107
True,1.729167,0.2190766,0.6676237,-0.051481,-0.117831,0.1390465,6.27136
True,1.733333,0.2188621,0.6671365,-0.051477,-0.116916,0.1400121,6.32096
True,1.737500,0.2186560,0.6666617,-0.049471,-0.113969,0.1409562,6.36997
True,1.741667,0.2184499,0.6661903,-0.049464,-0.113125,0.1418831,6.41839
True,1.745833,0.2182522,0.6657314,-0.047443,-0.110149,0.1427888,6.46620
True,1.750000,0.2180546,0.6652766,-0.047429,-0.109148,0.1436771,6.51340
True,1.754167,0.2178656,0.6648345,-0.045372,-0.106101,0.1445434,6.55996
True,1.758333,0.2176766,0.6643969,-0.045365,-0.105028,0.1453917,6.60581
True,1.762500,0.2174961,0.6639725,-0.043302,-0.101852,0.1462177,6.65095
True,1.766667,0.2173158,0.6635531,-0.043284,-0.100665,0.1470250,6.69536
True,1.770833,0.2171441,0.6631469,-0.041195,-0.097475,0.1478100,6.73901
True,1.775000,0.2169725,0.6627458,-0.041184,-0.096259,0.1485768,6.78206
True,1.779167,0.2168097,0.6623582,-0.039074,-0.093026,0.1493217,6.82438
True,1.783333,0.2166469,0.6619756,-0.039089,-0.091839,0.1500485,6.86601
True,1.787500,0.2164928,0.6616069,-0.036964,-0.088477,0.1507532,6.90692
True,1.791667,0.2163388,0.6612433,-0.036964,-0.087261,0.1514398,6.94707
True,1.795833,0.2161936,0.6608938,-0.034854,-0.083885,0.1521044,6.98643
True,1.800000,0.2160484,0.6605496,-0.034844,-0.082598,0.1527508,7.02501
True,1.804167,0.2159120,0.6602198,-0.032741,-0.079165,0.1533748,7.06283
True,1.808333,0.2157756,0.6598955,-0.032734,-0.077834,0.1539804,7.09993
True,1.812500,0.2156479,0.6595855,-0.030642,-0.074387,0.1545640,7.13625
True,1.816667,0.2155203,0.6592811,-0.030638,-0.073071,0.1551296,7.17182
True,1.820833,0.2154014,0.6589909,-0.028539,-0.069637,0.1556736,7.20661
True,1.825000,0.2152824,0.6587061,-0.028553,-0.068364,0.1562003,7.24061
True,1.829167,0.2151720,0.6584354,-0.026490,-0.064960,0.1567060,7.27381
True,1.833333,0.2150617,0.6581702,-0.026482,-0.063643,0.1571947,7.30621
True,1.837500,0.2149598,0.6579192,-0.024458,-0.060239,0.1576622,7.33778
True,1.841667,0.2148579,0.6576743,-0.024440,-0.058794,0.1581113,7.36857
True,1.845833,0.2147644,0.6574435,-0.022452,-0.055389,0.1585391,7.39858
True,1.850000,0.2146709,0.6572183,-0.022441,-0.054030,0.1589499,7.42780
True,1.854167,0.2145855,0.6570070,-0.020485,-0.050726,0.1593407,7.45619
True,1.858333,0.2145002,0.6568010,-0.020485,-0.049424,0.1597154,7.48380
True,1.862500,0.2144228,0.6566082,-0.018575,-0.046277,0.1600713,7.51063
True,1.866667,0.2143454,0.6564206,-0.018564,-0.045018,0.1604124,7.53664
True,1.870833,0.2142758,0.6562463,-0.016705,-0.041842,0.1607338,7.56185
True,1.875000,0.2142062,0.6560780,-0.016698,-0.040398,0.1610382,7.58623
True,1.879167,0.2141441,0.6559227,-0.014902,-0.037265,0.1613230,7.60981
True,1.883333,0.2140821,0.6557730,-0.014899,-0.035920,0.1615923,7.63260
True,1.887500,0.2140272,0.6556356,-0.013161,-0.032988,0.1618440,7.65460
True,1.891667,0.2139724,0.6555031,-0.013168,-0.031800,0.1620821,7.67583
True,1.895833,0.2139245,0.6553820,-0.011494,-0.029068,0.1623043,7.69631
True,1.900000,0.2138766,0.6552650,-0.011487,-0.028067,0.1625149,7.71602
True,1.904167,0.2138352,0.6551596,-0.009928,-0.025306,0.1627088,7.73497
True,1.908333,0.2137939,0.6550598,-0.009910,-0.023961,0.1628873,7.75309
True,1.912500,0.2137589,0.6549712,-0.008419,-0.021243,0.1630490,7.77044
True,1.916667,0.2137238,0.6548873,-0.008422,-0.020142,0.1631979,7.78702
True,1.920833,0.2136945,0.6548135,-0.007020,-0.017710,0.1633326,7.80288
True,1.925000,0.2136653,0.6547434,-0.007017,-0.016837,0.1634570,7.81803
True,1.929167,0.2136414,0.6546819,-0.005722,-0.014749,0.1635699,7.83248
True,1.933333,0.2136176,0.6546233,-0.005726,-0.014076,0.1636750,7.84625
True,1.937500,0.2135987,0.6545734,-0.004535,-0.011959,0.1637676,7.85933
True,1.941667,0.2135798,0.6545283,-0.004531,-0.010843,0.1638475,7.87163
True,1.945833,0.2135653,0.6544914,-0.003476,-0.008841,0.1639145,7.88322
True,1.950000,0.2135509,0.6544582,-0.003473,-0.007968,0.1639722,7.89409
True,1.954167,0.2135403,0.6544316,-0.002525,-0.006394,0.1640204,7.90433
True,1.958333,0.2135298,0.6544073,-0.002532,-0.005836,0.1640626,7.91393
True,1.962500,0.2135226,0.6543878,-0.001731,-0.004663,0.1640990,7.92298
True,1.966667,0.2135154,0.6543695,-0.001720,-0.004406,0.1641326,7.93152
True,1.970833,0.2135110,0.6543558,-0.001066,-0.003276,0.1641595,7.93942
True,1.975000,0.2135065,0.6543452,-0.001062,-0.002546,0.1641783,7.94663
True,1.979167,0.2135043,0.6543391,-0.000547,-0.001473,0.1641893,7.95322
True,1.983333,0.2135019,0.6543349,-0.000561,-0.001001,0.1641957,7.95922
True,1.987500,0.2135011,0.6543333,-0.000211,-0.000386,0.1641980,7.96469
True,1.991667,0.2135002,0.6543322,-0.000204,-0.000257,0.1641989,7.96972
True,1.995833,0.2135001,0.6543320,-0.000036,-0.000043,0.1641995,7.97432
True,2.000000,0.2134999,0.6543309,-0.000029,-0.000272,0.1642019,7.97861
True,2.004167,0.2134999,0.6543300,0.000000,-0.000229,0.1642048,7.98237
True,2.008333,0.2134999,0.6543294,0.000000,-0.000129,0.1642061,7.98562
True,2.012500,0.2135000,0.6543292,0.000007,-0.000043,0.1642063,7.98834
True,2.016667,0.2135000,0.6543296,0.000000,0.000086,0.1642056,7.99063
True,2.020833,0.2135000,0.6543301,0.000011,0.000114,0.1642043,7.99262
True,2.025000,0.2135001,0.6543308,0.000011,0.000172,0.1642026,7.99429
True,2.029167,0.2135001,0.6543313,0.000018,0.000129,0.1642010,7.99579
True,2.033333,0.2135002,0.6543319,0.000011,0.000129,0.1641998,7.99716
True,2.037500,0.2135003,0.6543324,0.000039,0.000129,0.1641988,7.99829
True,2.041667,0.2135005,0.6543328,0.000032,0.000100,0.1641976,7.99905
True,2.045833,0.2135006,0.6543334,0.000043,0.000143,0.1641963,7.99952
True,2.050000,0.2135009,0.6543341,0.000050,0.000172,0.1641948,7.99976
True,2.054167,0.2135011,0.6543350,0.000054,0.000200,0.1641930,7.99986
True,2.058333,0.2135013,0.6543359,0.000064,0.000229,0.1641908,7.99989
True,2.062500,0.2135017,0.6543370,0.000079,0.000272,0.1641883,7.99991
True,2.066667,0.2135020,0.6543385,0.000089,0.000343,0.1641852,8.00001
True,2.070833,0.2135025,0.6543400,0.000107,0.000372,0.1641817,8.00013
True,2.075000,0.2135029,0.6543417,0.000107,0.000401,0.1641780,8.00020
True,2.079167,0.2135035,0.6543435,0.000132,0.000443,0.1641738,8.00020
True,2.083333,0.2135040,0.6543456,0.000125,0.000486,0.1641694,8.00015
True,2.087500,0.2135047,0.6543479,0.000165,0.000558,0.1641643,8.00011
True,2.091667,0.2135054,0.6543503,0.000165,0.000572,0.1641589,8.00003
True,2.095833,0.2135062,0.6543530,0.000190,0.000658,0.1641527,7.99996
True,2.100000,0.2135070,0.6543560,0.000186,0.000715,0.1641461,7.99989
True,2.104167,0.2135079,0.6543593,0.000232,0.000801,0.1641387,7.99984
True,2.108333,0.2135089,0.6543627,0.000229,0.000815,0.1641310,7.99976
True,2.112500,0.2135099,0.6543665,0.000250,0.000901,0.1641228,7.99969
True,2.116667,0.2135110,0.6543705,0.000265,0.000958,0.1641139,7.99961
True,2.120833,0.2135123,0.6543747,0.000297,0.001016,0.1641045,7.99954
True,2.125000,0.2135135,0.6543792,0.000297,0.001073,0.1640944,7.99942
True,2.129167,0.2135149,0.6543842,0.000343,0.001202,0.1640834,7.99930
True,2.133333,0.2135164,0.6543894,0.000343,0.001245,0.1640718,7.99912
True,2.137500,0.2135179,0.6543950,0.000376,0.001345,0.1640594,7.99895
True,2.141667,0.2135195,0.6544008,0.000383,0.001402,0.1640464,7.99878
True,2.145833,0.2135213,0.6544069,0.000429,0.001459,0.1640327,7.99856
True,2.150000,0.2135231,0.6544133,0.000429,0.001545,0.1640182,7.99834
True,2.154167,0.2135251,0.6544203,0.000479,0.001659,0.1640030,7.99809
True,2.158333,0.2135271,0.6544273,0.000479,0.001702,0.1639870,7.99780
True,2.162500,0.2135293,0.6544350,0.000526,0.001845,0.1639700,7.99750
True,2.166667,0.2135314,0.6544430,0.000519,0.001917,0.1639522,7.99716
True,2.170833,0.2135338,0.6544514,0.000572,0.002017,0.1639334,7.99679
True,2.175000,0.2135362,0.6544602,0.000576,0.002103,0.1639140,7.99640
True,2.179167,0.2135389,0.6544693,0.000637,0.002174,0.1638936,7.99598
True,2.183333,0.2135415,0.6544788,0.000629,0.002289,0.1638724,7.99554
True,2.187500,0.2135444,0.6544887,0.000687,0.002389,0.1638502,7.99507
True,2.191667,0.2135472,0.6544991,0.000694,0.002475,0.1638272,7.99456
True,2.195833,0.2135503,0.6545100,0.000737,0.002632,0.1638030,7.99402
True,2.200000,0.2135534,0.6545212,0.000740,0.002689,0.1637779,7.99343
True,2.204167,0.2135568,0.6545330,0.000808,0.002818,0.1637517,7.99279
True,2.208333,0.2135601,0.6545451,0.000801,0.002904,0.1637247,7.99215
True,2.212500,0.2135637,0.6545577,0.000865,0.003033,0.1636965,7.99144
True,2.216667,0.2135673,0.6545706,0.000869,0.003090,0.1636676,7.99073
True,2.220833,0.2135712,0.6545843,0.000933,0.003290,0.1636374,7.98997
True,2.225000,0.2135751,0.6545982,0.000930,0.003333,0.1636062,7.98915
True,2.229167,0.2135793,0.6546127,0.000998,0.003490,0.1635739,7.98832
True,2.233333,0.2135834,0.6546277,0.000998,0.003591,0.1635404,7.98739
True,2.237500,0.2135878,0.6546432,0.001062,0.003719,0.1635057,7.98645
True,2.241667,0.2135922,0.6546591,0.001059,0.003819,0.1634701,7.98547
True,2.245833,0.2135970,0.6546757,0.001137,0.003991,0.1634332,7.98444
True,2.250000,0.2136017,0.6546926,0.001127,0.004048,0.1633953,7.98338
True,2.254167,0.2136067,0.6547102,0.001202,0.004220,0.1633562,7.98225
True,2.258333,0.2136117,0.6547282,0.001209,0.004320,0.1633160,7.98107
True,2.262500,0.2136170,0.6547468,0.001273,0.004478,0.1632744,7.97986
True,2.266667,0.2136223,0.6547659,0.001273,0.004578,0.1632316,7.97861
True,2.270833,0.2136280,0.6547856,0.001352,0.004735,0.1631875,7.97728
True,2.275000,0.2136336,0.6548058,0.001348,0.004849,0.1631424,7.97590
True,2.279167,0.2136395,0.6548266,0.001431,0.004992,0.1630958,7.97450
True,2.283333,0.2136455,0.6548478,0.001420,0.005078,0.1630483,7.97302
True,2.287500,0.2136517,0.6548698,0.001502,0.005279,0.1629993,7.97149
True,2.291667,0.2136580,0.6548921,0.001498,0.005350,0.1629491,7.96992
True,2.295833,0.2136645,0.6549153,0.001577,0.005579,0.1628975,7.96829
True,2.300000,0.2136712,0.6549388,0.001591,0.005636,0.1628447,7.96659
True,2.304167,0.2136780,0.6549631,0.001652,0.005836,0.1627903,7.96487
True,2.308333,0.2136850,0.6549878,0.001659,0.005922,0.1627348,7.96307
True,2.312500,0.2136922,0.6550133,0.001745,0.006123,0.1626779,7.96119
True,2.316667,0.2136995,0.6550391,0.001738,0.006194,0.1626198,7.95929
True,2.320833,0.2137071,0.6550658,0.001827,0.006394,0.1625601,7.95732
True,2.325000,0.2137147,0.6550929,0.001817,0.006509,0.1624992,7.95527
True,2.329167,0.2137226,0.6551208,0.001913,0.006709,0.1624368,7.95320
True,2.333333,0.2137306,0.6551492,0.001913,0.006795,0.1623730,7.95103
True,2.337500,0.2137389,0.6551783,0.001985,0.006995,0.1623076,7.94880
True,2.341667,0.2137472,0.6552079,0.001999,0.007110,0.1622411,7.94651
True,2.345833,0.2137559,0.6552383,0.002081,0.007296,0.1621730,7.94419
True,2.350000,0.2137645,0.6552691,0.002081,0.007396,0.1621036,7.94179
True,2.354167,0.2137736,0.6553009,0.002167,0.007610,0.1620325,7.93932
True,2.358333,0.2137826,0.6553329,0.002167,0.007696,0.1619602,7.93677
True,2.362500,0.2137920,0.6553659,0.002260,0.007911,0.1618863,7.93417
True,2.366667,0.2138014,0.6553993,0.002253,0.008025,0.1618109,7.93150
True,2.370833,0.2138112,0.6554337,0.002350,0.008240,0.1617339,7.92878
True,2.375000,0.2138210,0.6554684,0.002346,0.008340,0.1616556,7.92595
True,2.379167,0.2138311,0.6555039,0.002439,0.008512,0.1615756,7.92311
True,2.383333,0.2138413,0.6555399,0.002432,0.008655,0.1614943,7.92016
True,2.387500,0.2138518,0.6555768,0.002528,0.008855,0.1614113,7.91716
True,2.391667,0.2138624,0.6556142,0.002536,0.008969,0.1613270,7.91408
True,2.395833,0.2138733,0.6556524,0.002621,0.009170,0.1612409,7.91093
True,2.400000,0.2138842,0.6556911,0.002629,0.009298,0.1611534,7.90773
True,2.404167,0.2138956,0.6557308,0.002722,0.009513,0.1610641,7.90443
True,2.408333,0.2139069,0.6557708,0.002718,0.009599,0.1609735,7.90107
True,2.412500,0.2139186,0.6558118,0.002804,0.009842,0.1608811,7.89765
True,2.416667,0.2139303,0.6558532,0.002811,0.009942,0.1607874,7.89414
True,2.420833,0.2139425,0.6558956,0.002918,0.010171,0.1606919,7.89056
True,2.425000,0.2139546,0.6559383,0.002911,0.010257,0.1605949,7.88693
True,2.429167,0.2139671,0.6559820,0.003004,0.010486,0.1604962,7.88319
True,2.433333,0.2139796,0.6560262,0.003000,0.010614,0.1603960,7.87938
True,2.437500,0.2139925,0.6560714,0.003101,0.010829,0.1602939,7.87552
True,2.441667,0.2140055,0.6561170,0.003108,0.010943,0.1601905,7.87155
True,2.445833,0.2140188,0.6561635,0.003204,0.011158,0.1600852,7.86754
True,2.450000,0.2140321,0.6562104,0.003194,0.011258,0.1599785,7.86345
True,2.454167,0.2140459,0.6562583,0.003308,0.011516,0.1598700,7.85928
True,2.458333,0.2140597,0.6563067,0.003308,0.011616,0.1597599,7.85503
True,2.462500,0.2140738,0.6563561,0.003390,0.011845,0.1596481,7.85068
True,2.466667,0.2140880,0.6564059,0.003397,0.011959,0.1595347,7.84628
True,2.470833,0.2141026,0.6564566,0.003508,0.012174,0.1594195,7.84177
True,2.475000,0.2141172,0.6565078,0.003498,0.012288,0.1593027,7.83722
True,2.479167,0.2141322,0.6565601,0.003605,0.012531,0.1591841,7.83256
True,2.483333,0.2141472,0.6566127,0.003601,0.012631,0.1590641,7.82782
True,2.487500,0.2141626,0.6566662,0.003701,0.012832,0.1589421,7.82303
True,2.491667,0.2141781,0.6567203,0.003712,0.013003,0.1588187,7.81814
True,2.495833,0.2141940,0.6567754,0.003805,0.013218,0.1586933,7.81316
True,2.500000,0.2142098,0.6568310,0.003812,0.013332,0.1585664,7.80811
True,2.504167,0.2142261,0.6568873,0.003902,0.013518,0.1584376,7.80298
True,2.508333,0.2142424,0.6569443,0.003905,0.013690,0.1583072,7.79775
True,2.512500,0.2142591,0.6570022,0.004013,0.013890,0.1581750,7.79246
True,2.516667,0.2142758,0.6570606,0.004016,0.014019,0.1580413,7.78709
True,2.520833,0.2142930,0.6571200,0.004116,0.014248,0.1579056,7.78165
True,2.525000,0.2143101,0.6571798,0.004120,0.014348,0.1577684,7.77610
True,2.529167,0.2143277,0.6572405,0.004220,0.014563,0.1576293,7.77049
True,2.533333,0.2143453,0.6573018,0.004220,0.014720,0.1574885,7.76476
True,2.537500,0.2143633,0.6573641,0.004327,0.014963,0.1573458,7.75897
True,2.541667,0.2143814,0.6574268,0.004327,0.015035,0.1572016,7.75309
True,2.545833,0.2143998,0.6574904,0.004431,0.015278,0.1570554,7.74712
True,2.550000,0.2144183,0.6575546,0.004431,0.015407,0.1569077,7.74109
True,2.554167,0.2144372,0.6576197,0.004535,0.015621,0.1567580,7.73495
True,2.558333,0.2144561,0.6576853,0.004535,0.015750,0.1566067,7.72873
True,2.562500,0.2144754,0.6577518,0.004642,0.015950,0.1564535,7.72243
True,2.566667,0.2144947,0.6578189,0.004635,0.016108,0.1562987,7.71605
True,2.570833,0.2145145,0.6578870,0.004753,0.016336,0.1561419,7.70958
True,2.575000,0.2145344,0.6579554,0.004756,0.016422,0.1559836,7.70301
True,2.579167,0.2145545,0.6580249,0.004842,0.016680,0.1558232,7.69636
True,2.583333,0.2145748,0.6580948,0.004853,0.016766,0.1556613,7.68962
True,2.587500,0.2145954,0.6581656,0.004964,0.017009,0.1554974,7.68281
True,2.591667,0.2146161,0.6582369,0.004960,0.017109,0.1553320,7.67591
True,2.595833,0.2146372,0.6583093,0.005068,0.017366,0.1551646,7.66890
True,2.600000,0.2146584,0.6583821,0.005075,0.017467,0.1549955,7.66183
True,2.604167,0.2146799,0.6584558,0.005168,0.017710,0.1548244,7.65466
True,2.608333,0.2147014,0.6585301,0.005171,0.017810,0.1546519,7.64742
True,2.612500,0.2147234,0.6586051,0.005275,0.018010,0.1544772,7.64008
True,2.616667,0.2147455,0.6586808,0.005289,0.018168,0.1543011,7.63265
True,2.620833,0.2147679,0.6587574,0.005386,0.018382,0.1541229,7.62514
True,2.625000,0.2147903,0.6588345,0.005379,0.018497,0.1539432,7.61752
True,2.629167,0.2148132,0.6589124,0.005493,0.018711,0.1537614,7.60984
True,2.633333,0.2148361,0.6589909,0.005500,0.018826,0.1535780,7.60207
True,2.637500,0.2148595,0.6590703,0.005600,0.019069,0.1533927,7.59419
True,2.641667,0.2148828,0.6591501,0.005600,0.019155,0.1532058,7.58623
True,2.645833,0.2149066,0.6592308,0.005708,0.019369,0.1530167,7.57818
True,2.650000,0.2149304,0.6593121,0.005708,0.019512,0.1528262,7.57005
True,2.654167,0.2149546,0.6593944,0.005815,0.019741,0.1526335,7.56182
True,2.658333,0.2149788,0.6594769,0.005811,0.019813,0.1524394,7.55351
True,2.662500,0.2150035,0.6595606,0.005926,0.020070,0.1522433,7.54512
True,2.666667,0.2150282,0.6596445,0.005922,0.020156,0.1520455,7.53664
True,2.670833,0.2150533,0.6597296,0.006022,0.020413,0.1518457,7.52804
True,2.675000,0.2150784,0.6598150,0.006030,0.020485,0.1516443,7.51938
True,2.679167,0.2151040,0.6599011,0.006137,0.020685,0.1514410,7.51063
True,2.683333,0.2151295,0.6599880,0.006133,0.020857,0.1512360,7.50180
True,2.687500,0.2151555,0.6600755,0.006241,0.021000,0.1510291,7.49284
True,2.691667,0.2151815,0.6601637,0.006244,0.021157,0.1508206,7.48383
True,2.695833,0.2152079,0.6602527,0.006341,0.021372,0.1506100,7.47470
True,2.700000,0.2152344,0.6603421,0.006351,0.021443,0.1503979,7.46551
True,2.704167,0.2152613,0.6604326,0.006448,0.021715,0.1501838,7.45622
True,2.708333,0.2152882,0.6605232,0.006459,0.021758,0.1499681,7.44685
True,2.712500,0.2153156,0.6606150,0.006566,0.022016,0.1497504,7.43738
True,2.716667,0.2153428,0.6607070,0.006552,0.022087,0.1495311,7.42782
True,2.720833,0.2153706,0.6608000,0.006663,0.022316,0.1493098,7.41818
True,2.725000,0.2153984,0.6608934,0.006673,0.022416,0.1490870,7.40844
True,2.729167,0.2154266,0.6609877,0.006759,0.022645,0.1488621,7.39860
True,2.733333,0.2154548,0.6610823,0.006781,0.022688,0.1486357,7.38870
True,2.737500,0.2154834,0.6611779,0.006863,0.022945,0.1484073,7.37869
True,2.741667,0.2155121,0.6612738,0.006874,0.023017,0.1481774,7.36860
True,2.745833,0.2155412,0.6613707,0.006981,0.023260,0.1479455,7.35842
True,2.750000,0.2155702,0.6614680,0.006981,0.023346,0.1477119,7.34815
True,2.754167,0.2155998,0.6615660,0.007085,0.023532,0.1474764,7.33781
True,2.758333,0.2156292,0.6616645,0.007077,0.023646,0.1472394,7.32735
True,2.762500,0.2156592,0.6617638,0.007195,0.023818,0.1470004,7.31681
True,2.766667,0.2156892,0.6618636,0.007185,0.023947,0.1467599,7.30619
True,2.770833,0.2157195,0.6619641,0.007288,0.024133,0.1465174,7.29549
True,2.775000,0.2157499,0.6620651,0.007292,0.024247,0.1462733,7.28470
True,2.779167,0.2157807,0.6621670,0.007389,0.024433,0.1460272,7.27381
True,2.783333,0.2158115,0.6622691,0.007396,0.024505,0.1457797,7.26283
True,2.787500,0.2158428,0.6623721,0.007499,0.024719,0.1455301,7.25177
True,2.791667,0.2158740,0.6624755,0.007492,0.024834,0.1452790,7.24061
True,2.795833,0.2159057,0.6625797,0.007600,0.024991,0.1450260,7.22939
True,2.800000,0.2159373,0.6626843,0.007596,0.025105,0.1447715,7.21803
True,2.804167,0.2159694,0.6627896,0.007700,0.025277,0.1445150,7.20664
True,2.808333,0.2160015,0.6628953,0.007696,0.025363,0.1442571,7.19514
True,2.812500,0.2160340,0.6630018,0.007811,0.025563,0.1439971,7.18354
True,2.816667,0.2160665,0.6631088,0.007793,0.025678,0.1437357,7.17187
True,2.820833,0.2160994,0.6632165,0.007896,0.025849,0.1434723,7.16010
True,2.825000,0.2161323,0.6633244,0.007904,0.025892,0.1432075,7.14825
True,2.829167,0.2161657,0.6634331,0.008007,0.026107,0.1429408,7.13633
True,2.833333,0.2161990,0.6635422,0.007997,0.026164,0.1426725,7.12431
True,2.837500,0.2162327,0.6636521,0.008097,0.026393,0.1424023,7.11218
True,2.841667,0.2162665,0.6637623,0.008097,0.026436,0.1421307,7.10001
True,2.845833,0.2163006,0.6638733,0.008197,0.026636,0.1418571,7.08773
True,2.850000,0.2163348,0.6639845,0.008197,0.026693,0.1415821,7.07535
True,2.854167,0.2163693,0.6640966,0.008297,0.026908,0.1413051,7.06292
True,2.858333,0.2164039,0.6642089,0.008290,0.026951,0.1410268,7.05038
True,2.862500,0.2164389,0.6643220,0.008397,0.027151,0.1407465,7.03774
True,2.866667,0.2164738,0.6644353,0.008394,0.027194,0.1404648,7.02504
True,2.870833,0.2165092,0.6645495,0.008494,0.027394,0.1401813,7.01224
True,2.875000,0.2165446,0.6646639,0.008483,0.027452,0.1398963,6.99939
True,2.879167,0.2165803,0.6647789,0.008583,0.027623,0.1396094,6.98640
True,2.883333,0.2166161,0.6648945,0.008583,0.027723,0.1393210,6.97336
True,2.887500,0.2166523,0.6650105,0.008680,0.027852,0.1390309,6.96024
True,2.891667,0.2166884,0.6651269,0.008680,0.027938,0.1387393,6.94704
True,2.895833,0.2167250,0.6652439,0.008776,0.028081,0.1384459,6.93376
True,2.900000,0.2167615,0.6653613,0.008769,0.028167,0.1381511,6.92036
True,2.904167,0.2167985,0.6654792,0.008862,0.028310,0.1378545,6.90692
True,2.908333,0.2168354,0.6655976,0.008873,0.028396,0.1375566,6.89338
True,2.912500,0.2168727,0.6657166,0.008955,0.028567,0.1372567,6.87977
True,2.916667,0.2169101,0.6658357,0.008966,0.028596,0.1369555,6.86604
True,2.920833,0.2169478,0.6659556,0.009041,0.028768,0.1366525,6.85226
True,2.925000,0.2169855,0.6660758,0.009052,0.028839,0.1363481,6.83839
True,2.929167,0.2170236,0.6661965,0.009148,0.028968,0.1360419,6.82444
True,2.933333,0.2170617,0.6663175,0.009137,0.029054,0.1357344,6.81043
True,2.937500,0.2171001,0.6664390,0.009234,0.029154,0.1354252,6.79633
True,2.941667,0.2171386,0.6665609,0.009227,0.029254,0.1351146,6.78215
True,2.945833,0.2171775,0.6666834,0.009327,0.029411,0.1348022,6.76788
True,2.950000,0.2172163,0.6668062,0.009320,0.029469,0.1344885,6.75352
True,2.954167,0.2172555,0.6669294,0.009409,0.029569,0.1341730,6.73910
True,2.958333,0.2172947,0.6670529,0.009409,0.029640,0.1338562,6.72459
True,2.962500,0.2173343,0.6671770,0.009502,0.029769,0.1335378,6.71002
True,2.966667,0.2173738,0.6673014,0.009488,0.029855,0.1332180,6.69536
True,2.970833,0.2174138,0.6674261,0.009584,0.029941,0.1328965,6.68061
True,2.975000,0.2174537,0.6675512,0.009577,0.030026,0.1325737,6.66580
True,2.979167,0.2174939,0.6676768,0.009667,0.030141,0.1322492,6.65090
True,2.983333,0.2175342,0.6678026,0.009667,0.030184,0.1319233,6.63593
True,2.987500,0.2175749,0.6679291,0.009756,0.030355,0.1315958,6.62090
True,2.991667,0.2176155,0.6680556,0.009753,0.030370,0.1312671,6.60575
True,2.995833,0.2176565,0.6681826,0.009835,0.030484,0.1309367,6.59056
True,3.000000,0.2176975,0.6683099,0.009835,0.030556,0.1306052,6.57528
True,3.004167,0.2177388,0.6684376,0.009917,0.030642,0.1302720,6.55993
True,3.008333,0.2177801,0.6685655,0.009913,0.030699,0.1299375,6.54452
True,3.012500,0.2178217,0.6686940,0.009999,0.030842,0.1296014,6.52901
True,3.016667,0.2178634,0.6688226,0.010006,0.030856,0.1292641,6.51346
True,3.020833,0.2179054,0.6689517,0.010078,0.030985,0.1289251,6.49782
True,3.025000,0.2179474,0.6690810,0.010078,0.031028,0.1285850,6.48208
True,3.029167,0.2179897,0.6692107,0.010157,0.031142,0.1282433,6.46630
True,3.033333,0.2180321,0.6693405,0.010157,0.031142,0.1279004,6.45042
True,3.037500,0.2180747,0.6694708,0.010239,0.031271,0.1275560,6.43450
True,3.041667,0.2181174,0.6696012,0.010239,0.031300,0.1272103,6.41851
True,3.045833,0.2181603,0.6697322,0.010310,0.031428,0.1268631,6.40242
True,3.050000,0.2182034,0.6698630,0.010321,0.031414,0.1265147,6.38626
True,3.054167,0.2182466,0.6699945,0.010382,0.031557,0.1261647,6.37003
True,3.058333,0.2182899,0.6701261,0.010389,0.031571,0.1258137,6.35376
True,3.062500,0.2183335,0.6702580,0.010461,0.031672,0.1254612,6.33738
True,3.066667,0.2183771,0.6703901,0.010464,0.031700,0.1251075,6.32096
True,3.070833,0.2184210,0.6705226,0.010536,0.031786,0.1247524,6.30447
True,3.075000,0.2184649,0.6706551,0.010543,0.031800,0.1243962,6.28790
True,3.079167,0.2185091,0.6707880,0.010611,0.031915,0.1240384,6.27129
True,3.083333,0.2185533,0.6709210,0.010607,0.031915,0.1236796,6.25458
True,3.087500,0.2185978,0.6710545,0.010682,0.032029,0.1233193,6.23781
True,3.091667,0.2186423,0.6711880,0.010679,0.032043,0.1229579,6.22098
True,3.095833,0.2186871,0.6713217,0.010750,0.032101,0.1225951,6.20409
True,3.100000,0.2187319,0.6714556,0.010754,0.032129,0.1222314,6.18713
True,3.104167,0.2187770,0.6715899,0.010818,0.032215,0.1218662,6.17009
True,3.108333,0.2188221,0.6717241,0.010818,0.032229,0.1215000,6.15301
True,3.112500,0.2188675,0.6718587,0.010890,0.032301,0.1211324,6.13584
True,3.116667,0.2189128,0.6719934,0.010886,0.032315,0.1207637,6.11863
True,3.120833,0.2189584,0.6721284,0.010951,0.032401,0.1203936,6.10133
True,3.125000,0.2190041,0.6722634,0.010954,0.032401,0.1200225,6.08399
True,3.129167,0.2190500,0.6723987,0.011015,0.032487,0.1196502,6.06660
True,3.133333,0.2190959,0.6725340,0.011022,0.032458,0.1192769,6.04912
True,3.137500,0.2191421,0.6726697,0.011086,0.032573,0.1189024,6.03160
True,3.141667,0.2191883,0.6728053,0.011083,0.032544,0.1185267,6.01402
True,3.145833,0.2192347,0.6729412,0.011137,0.032616,0.1181498,5.99636
True,3.150000,0.2192812,0.6730772,0.011158,0.032644,0.1177719,5.97865
True,3.154167,0.2193278,0.6732135,0.011194,0.032701,0.1173927,5.96085
True,3.158333,0.2193745,0.6733496,0.011212,0.032673,0.1170126,5.94303
True,3.162500,0.2194215,0.6734861,0.011269,0.032759,0.1166314,5.92516
True,3.166667,0.2194684,0.6736224,0.011258,0.032716,0.1162492,5.90721
True,3.170833,0.2195156,0.6737590,0.011337,0.032787,0.1158658,5.88919
True,3.175000,0.2195628,0.6738957,0.011315,0.032787,0.1154815,5.87113
True,3.179167,0.2196102,0.6740326,0.011387,0.032859,0.1150959,5.85300
True,3.183333,0.2196576,0.6741694,0.011376,0.032845,0.1147094,5.83482
True,3.187500,0.2197053,0.6743064,0.011441,0.032873,0.1143218,5.81659
True,3.191667,0.2197529,0.6744434,0.011437,0.032873,0.1139333,5.79833
True,3.195833,0.2198008,0.6745805,0.011494,0.032916,0.1135437,5.77998
True,3.200000,0.2198488,0.6747177,0.011501,0.032916,0.1131534,5.76160
True,3.204167,0.2198968,0.6748549,0.011537,0.032945,0.1127620,5.74314
True,3.208333,0.2199450,0.6749921,0.011551,0.032930,0.1123697,5.72464
True,3.212500,0.2199933,0.6751295,0.011594,0.032973,0.1119761,5.70609
True,3.216667,0.2200416,0.6752669,0.011605,0.032959,0.1115819,5.68751
True,3.220833,0.2200901,0.6754043,0.011641,0.032988,0.1111866,5.66884
True,3.225000,0.2201387,0.6755416,0.011655,0.032959,0.1107906,5.65014
True,3.229167,0.2201874,0.6756792,0.011698,0.033016,0.1103934,5.63141
True,3.233333,0.2202362,0.6758165,0.011694,0.032945,0.1099957,5.61259
True,3.237500,0.2202851,0.6759540,0.011748,0.033002,0.1095968,5.59377
True,3.241667,0.2203341,0.6760914,0.011748,0.032988,0.1091973,5.57485
True,3.245833,0.2203832,0.6762290,0.011795,0.033016,0.1087967,5.55591
True,3.250000,0.2204323,0.6763664,0.011787,0.032988,0.1083952,5.53690
True,3.254167,0.2204816,0.6765040,0.011834,0.033016,0.1079929,5.51786
True,3.258333,0.2205310,0.6766413,0.011845,0.032959,0.1075898,5.49875
True,3.262500,0.2205805,0.6767789,0.011888,0.033016,0.1071860,5.47965
True,3.266667,0.2206300,0.6769162,0.011873,0.032959,0.1067815,5.46045
True,3.270833,0.2206797,0.6770537,0.011930,0.032988,0.1063761,5.44125
True,3.275000,0.2207294,0.6771910,0.011920,0.032945,0.1059699,5.42199
True,3.279167,0.2207792,0.6773282,0.011963,0.032945,0.1055628,5.40269
True,3.283333,0.2208290,0.6774655,0.011963,0.032945,0.1051551,5.38332
True,3.287500,0.2208790,0.6776028,0.012002,0.032945,0.1047465,5.36392
True,3.291667,0.2209291,0.6777398,0.012006,0.032887,0.1043374,5.34449
True,3.295833,0.2209792,0.6778769,0.012038,0.032916,0.1039274,5.32502
True,3.300000,0.2210294,0.6780139,0.012041,0.032859,0.1035169,5.30548
True,3.304167,0.2210797,0.6781508,0.012081,0.032873,0.1031057,5.28595
True,3.308333,0.2211301,0.6782875,0.012077,0.032802,0.1026938,5.26634
True,3.312500,0.2211805,0.6784244,0.012113,0.032845,0.1022811,5.24673
True,3.316667,0.2212310,0.6785610,0.012106,0.032787,0.1018678,5.22705
True,3.320833,0.2212816,0.6786975,0.012152,0.032759,0.1014538,5.20733
True,3.325000,0.2213322,0.6788340,0.012141,0.032759,0.1010393,5.18758
True,3.329167,0.2213830,0.6789702,0.012188,0.032701,0.1006241,5.16778
True,3.333333,0.2214337,0.6791065,0.012167,0.032701,0.1002085,5.14799
True,3.337500,0.2214846,0.6792426,0.012220,0.032659,0.0997922,5.12813
True,3.341667,0.2215354,0.6793785,0.012199,0.032630,0.0993753,5.10822
True,3.345833,0.2215864,0.6795143,0.012234,0.032587,0.0989577,5.08831
True,3.350000,0.2216374,0.6796500,0.012238,0.032573,0.0985397,5.06837
True,3.354167,0.2216885,0.6797856,0.012270,0.032544,0.0981211,5.04834
True,3.358333,0.2217396,0.6799210,0.012263,0.032501,0.0977019,5.02831
True,3.362500,0.2217908,0.6800563,0.012292,0.032458,0.0972823,5.00829
True,3.366667,0.2218420,0.6801913,0.012288,0.032401,0.0968623,4.98822
True,3.370833,0.2218933,0.6803262,0.012317,0.032387,0.0964418,4.96807
True,3.375000,0.2219447,0.6804609,0.012317,0.032330,0.0960207,4.94795
True,3.379167,0.2219961,0.6805955,0.012338,0.032301,0.0955991,4.92776
True,3.383333,0.2220475,0.6807300,0.012338,0.032272,0.0951771,4.90756
True,3.387500,0.2220990,0.6808642,0.012360,0.032215,0.0947547,4.88732
True,3.391667,0.2221505,0.6809983,0.012356,0.032172,0.0943319,4.86707
True,3.395833,0.2222020,0.6811321,0.012381,0.032129,0.0939086,4.84679
True,3.400000,0.2222537,0.6812658,0.012385,0.032072,0.0934851,4.82649
True,3.404167,0.2223053,0.6813992,0.012392,0.032029,0.0930611,4.80616
True,3.408333,0.2223569,0.6815325,0.012399,0.031986,0.0926368,4.78577
True,3.412500,0.2224087,0.6816655,0.012417,0.031915,0.0922120,4.76539
True,3.416667,0.2224604,0.6817982,0.012413,0.031857,0.0917869,4.74500
True,3.420833,0.2225122,0.6819309,0.012431,0.031843,0.0913615,4.72456
True,3.425000,0.2225640,0.6820632,0.012435,0.031757,0.0909357,4.70411
True,3.429167,0.2226158,0.6821954,0.012435,0.031714,0.0905097,4.68362
True,3.433333,0.2226677,0.6823273,0.012449,0.031657,0.0900834,4.66313
True,3.437500,0.2227196,0.6824589,0.012453,0.031586,0.0896570,4.64262
True,3.441667,0.2227715,0.6825903,0.012460,0.031543,0.0892301,4.62207
True,3.445833,0.2228235,0.6827215,0.012470,0.031486,0.0888029,4.60156
True,3.450000,0.2228754,0.6828523,0.012467,0.031400,0.0883756,4.58095
True,3.454167,0.2229274,0.6829829,0.012478,0.031343,0.0879479,4.56038
True,3.458333,0.2229794,0.6831134,0.012474,0.031314,0.0875202,4.53976
True,3.462500,0.2230314,0.6832435,0.012492,0.031228,0.0870922,4.51913
True,3.466667,0.2230834,0.6833733,0.012485,0.031157,0.0866641,4.49850
True,3.470833,0.2231355,0.6835029,0.012488,0.031099,0.0862359,4.47785
True,3.475000,0.2231875,0.6836323,0.012488,0.031042,0.0858074,4.45716
True,3.479167,0.2232396,0.6837612,0.012496,0.030942,0.0853787,4.43650
True,3.483333,0.2232916,0.6838900,0.012492,0.030913,0.0849499,4.41579
True,3.487500,0.2233437,0.6840184,0.012492,0.030828,0.0845210,4.39507
True,3.491667,0.2233958,0.6841466,0.012506,0.030770,0.0840920,4.37435
True,3.495833,0.2234478,0.6842744,0.012492,0.030670,0.0836630,4.35361
True,3.500000,0.2234999,0.6844019,0.012503,0.030584,0.0832340,4.33287
True,3.504167,0.2235520,0.6845292,0.012503,0.030556,0.0828049,4.31212
True,3.508333,0.2236041,0.6846560,0.012503,0.030441,0.0823757,4.29136
True,3.512500,0.2236562,0.6847826,0.012492,0.030384,0.0819463,4.27059
True,3.516667,0.2237083,0.6849089,0.012503,0.030298,0.0815170,4.24981
True,3.520833,0.2237603,0.6850349,0.012496,0.030241,0.0810877,4.22902
True,3.525000,0.2238124,0.6851605,0.012488,0.030141,0.0806583,4.20817
True,3.529167,0.2238644,0.6852857,0.012496,0.030069,0.0802290,4.18741
True,3.533333,0.2239165,0.6854107,0.012492,0.029984,0.0797998,4.16659
True,3.537500,0.2239685,0.6855353,0.012488,0.029912,0.0793708,4.14577
True,3.541667,0.2240205,0.6856595,0.012485,0.029812,0.0789416,4.12498
True,3.545833,0.2240725,0.6857834,0.012470,0.029740,0.0785126,4.10413
True,3.550000,0.2241245,0.6859071,0.012474,0.029669,0.0780835,4.08332
True,3.554167,0.2241764,0.6860303,0.012463,0.029569,0.0776547,4.06250
True,3.558333,0.2242284,0.6861532,0.012474,0.029497,0.0772258,4.04167
True,3.562500,0.2242803,0.6862756,0.012456,0.029383,0.0767973,4.02083
True,3.566667,0.2243322,0.6863978,0.012456,0.029325,0.0763688,3.99998
True,3.570833,0.2243840,0.6865194,0.012445,0.029197,0.0759406,3.97917
True,3.575000,0.2244359,0.6866409,0.012449,0.029140,0.0755124,3.95834
True,3.579167,0.2244876,0.6867619,0.012420,0.029039,0.0750843,3.93746
True,3.583333,0.2245395,0.6868826,0.012435,0.028982,0.0746565,3.91667
True,3.587500,0.2245912,0.6870029,0.012420,0.028868,0.0742289,3.89581
True,3.591667,0.2246429,0.6871228,0.012413,0.028782,0.0738015,3.87500
True,3.595833,0.2246946,0.6872423,0.012392,0.028682,0.0733743,3.85417
True,3.600000,0.2247462,0.6873614,0.012403,0.028582,0.0729475,3.83334
True,3.604167,0.2247978,0.6874801,0.012378,0.028481,0.0725210,3.81254
True,3.608333,0.2248494,0.6875984,0.012381,0.028396,0.0720947,3.79173
True,3.612500,0.2249009,0.6877163,0.012360,0.028296,0.0716686,3.77097
True,3.616667,0.2249524,0.6878339,0.012360,0.028224,0.0712428,3.75014
True,3.620833,0.2250038,0.6879509,0.012331,0.028081,0.0708174,3.72935
True,3.625000,0.2250552,0.6880677,0.012345,0.028024,0.0703923,3.70861
True,3.629167,0.2251065,0.6881840,0.012313,0.027909,0.0699676,3.68786
True,3.633333,0.2251578,0.6882998,0.012317,0.027809,0.0695432,3.66709
True,3.637500,0.2252091,0.6884153,0.012299,0.027709,0.0691193,3.64637
True,3.641667,0.2252602,0.6885304,0.012277,0.027623,0.0686957,3.62563
True,3.645833,0.2253114,0.6886450,0.012270,0.027509,0.0682724,3.60489
True,3.650000,0.2253625,0.6887591,0.012263,0.027394,0.0678495,3.58419
True,3.654167,0.2254135,0.6888731,0.012238,0.027337,0.0674271,3.56348
True,3.658333,0.2254644,0.6889864,0.012234,0.027208,0.0670051,3.54276
True,3.662500,0.2255154,0.6890993,0.012220,0.027094,0.0665836,3.52209
True,3.666667,0.2255662,0.6892117,0.012195,0.026979,0.0661626,3.50146
True,3.670833,0.2256169,0.6893237,0.012184,0.026879,0.0657421,3.48082
True,3.675000,0.2256676,0.6894355,0.012167,0.026822,0.0653220,3.46023
True,3.679167,0.2257183,0.6895466,0.012152,0.026665,0.0649024,3.43957
True,3.683333,0.2257689,0.6896573,0.012145,0.026579,0.0644832,3.41902
True,3.687500,0.2258194,0.6897677,0.012124,0.026493,0.0640647,3.39840
True,3.691667,0.2258698,0.6898776,0.012109,0.026379,0.0636466,3.37789
True,3.695833,0.2259202,0.6899869,0.012081,0.026236,0.0632292,3.35731
True,3.700000,0.2259704,0.6900959,0.012066,0.026150,0.0628124,3.33683
True,3.704167,0.2260206,0.6902044,0.012045,0.026035,0.0623962,3.31635
True,3.708333,0.2260708,0.6903123,0.012048,0.025907,0.0619805,3.29586
True,3.712500,0.2261208,0.6904199,0.011998,0.025821,0.0615655,3.27542
True,3.716667,0.2261708,0.6905271,0.012002,0.025721,0.0611509,3.25498
True,3.720833,0.2262207,0.6906337,0.011959,0.025592,0.0607371,3.23459
True,3.725000,0.2262705,0.6907399,0.011963,0.025492,0.0603238,3.21418
True,3.729167,0.2263202,0.6908456,0.011934,0.025363,0.0599114,3.19384
True,3.733333,0.2263699,0.6909509,0.011913,0.025277,0.0594996,3.17348
True,3.737500,0.2264194,0.6910557,0.011888,0.025134,0.0590885,3.15318
True,3.741667,0.2264689,0.6911600,0.011884,0.025048,0.0586781,3.13288
True,3.745833,0.2265182,0.6912639,0.011830,0.024934,0.0582683,3.11263
True,3.750000,0.2265675,0.6913673,0.011834,0.024805,0.0578592,3.09244
True,3.754167,0.2266167,0.6914701,0.011798,0.024691,0.0574509,3.07218
True,3.758333,0.2266658,0.6915727,0.011787,0.024605,0.0570433,3.05204
True,3.762500,0.2267147,0.6916745,0.011745,0.024447,0.0566365,3.03190
True,3.766667,0.2267637,0.6917760,0.011748,0.024362,0.0562306,3.01175
True,3.770833,0.2268125,0.6918769,0.011705,0.024219,0.0558254,2.99166
True,3.775000,0.2268612,0.6919776,0.011691,0.024147,0.0554210,2.97164
True,3.779167,0.2269097,0.6920775,0.011652,0.023990,0.0550174,2.95161
True,3.783333,0.2269582,0.6921771,0.011648,0.023904,0.0546145,2.93158
True,3.787500,0.2270066,0.6922762,0.011598,0.023775,0.0542126,2.91168
True,3.791667,0.2270549,0.6923748,0.011598,0.023675,0.0538114,2.89171
True,3.795833,0.2271030,0.6924729,0.011544,0.023532,0.0534112,2.87188
True,3.800000,0.2271511,0.6925705,0.011548,0.023432,0.0530118,2.85197
True,3.804167,0.2271990,0.6926675,0.011494,0.023289,0.0526136,2.83221
True,3.808333,0.2272469,0.6927642,0.011494,0.023203,0.0522159,2.81237
True,3.812500,0.2272946,0.6928603,0.011441,0.023060,0.0518193,2.79267
True,3.816667,0.2273422,0.6929560,0.011437,0.022960,0.0514234,2.77291
True,3.820833,0.2273896,0.6930510,0.011380,0.022817,0.0510286,2.75328
True,3.825000,0.2274371,0.6931458,0.011383,0.022731,0.0506347,2.73359
True,3.829167,0.2274843,0.6932398,0.011333,0.022573,0.0502419,2.71404
True,3.833333,0.2275315,0.6933335,0.011323,0.022488,0.0498499,2.69450
True,3.837500,0.2275784,0.6934267,0.011265,0.022359,0.0494592,2.67496
True,3.841667,0.2276253,0.6935193,0.011265,0.022230,0.0490691,2.65550
True,3.845833,0.2276720,0.6936114,0.011204,0.022101,0.0486802,2.63604
True,3.850000,0.2277187,0.6937032,0.011212,0.022030,0.0482922,2.61666
True,3.854167,0.2277651,0.6937943,0.011137,0.021873,0.0479053,2.59729
True,3.858333,0.2278116,0.6938850,0.011151,0.021758,0.0475193,2.57800
True,3.862500,0.2278578,0.6939752,0.011090,0.021644,0.0471346,2.55872
True,3.866667,0.2279039,0.6940649,0.011072,0.021529,0.0467508,2.53945
True,3.870833,0.2279499,0.6941540,0.011019,0.021386,0.0463683,2.52034
True,3.875000,0.2279958,0.6942427,0.011022,0.021286,0.0459867,2.50116
True,3.879167,0.2280414,0.6943307,0.010954,0.021129,0.0456063,2.48207
True,3.883333,0.2280871,0.6944184,0.010954,0.021057,0.0452268,2.46307
True,3.887500,0.2281325,0.6945055,0.010893,0.020885,0.0448485,2.44409
True,3.891667,0.2281778,0.6945922,0.010879,0.020814,0.0444713,2.42511
True,3.895833,0.2282228,0.6946782,0.010815,0.020657,0.0440954,2.40623
True,3.900000,0.2282680,0.6947639,0.010829,0.020556,0.0437205,2.38737
True,3.904167,0.2283128,0.6948490,0.010750,0.020413,0.0433471,2.36860
True,3.908333,0.2283575,0.6949337,0.010743,0.020328,0.0429745,2.34985
True,3.912500,0.2284021,0.6950177,0.010693,0.020170,0.0426033,2.33112
True,3.916667,0.2284465,0.6951014,0.010672,0.020084,0.0422331,2.31249
True,3.920833,0.2284908,0.6951844,0.010611,0.019913,0.0418642,2.29388
True,3.925000,0.2285350,0.6952671,0.010607,0.019870,0.0414965,2.27529
True,3.929167,0.2285789,0.6953492,0.010536,0.019684,0.0411301,2.25681
True,3.933333,0.2286228,0.6954308,0.010539,0.019598,0.0407649,2.23835
True,3.937500,0.2286664,0.6955119,0.010468,0.019455,0.0404011,2.22000
True,3.941667,0.2287100,0.6955925,0.010461,0.019341,0.0400384,2.20167
True,3.945833,0.2287532,0.6956725,0.010386,0.019197,0.0396770,2.18337
True,3.950000,0.2287966,0.6957521,0.010396,0.019112,0.0393167,2.16510
True,3.954167,0.2288395,0.6958312,0.010310,0.018983,0.0389579,2.14694
True,3.958333,0.2288825,0.6959097,0.010314,0.018854,0.0386003,2.12882
True,3.962500,0.2289251,0.6959877,0.010235,0.018711,0.0382441,2.11081
True,3.966667,0.2289678,0.6960653,0.010232,0.018625,0.0378892,2.09275
True,3.970833,0.2290101,0.6961423,0.010160,0.018468,0.0375358,2.07481
True,3.975000,0.2290524,0.6962189,0.010157,0.018396,0.0371835,2.05690
True,3.979167,0.2290944,0.6962949,0.010085,0.018239,0.0368326,2.03913
True,3.983333,0.2291364,0.6963705,0.010078,0.018139,0.0364830,2.02130
True,3.987500,0.2291781,0.6964454,0.009999,0.017982,0.0361349,2.00360
True,3.991667,0.2292197,0.6965201,0.009992,0.017924,0.0357880,1.98594
True,3.995833,0.2292611,0.6965940,0.009924,0.017738,0.0354428,1.96832
True,4.000000,0.2293024,0.6966676,0.009924,0.017667,0.0350987,1.95084
True,4.004167,0.2293434,0.6967406,0.009835,0.017509,0.0347564,1.93340
True,4.008333,0.2293844,0.6968132,0.009828,0.017424,0.0344151,1.91592
True,4.012500,0.2294250,0.6968851,0.009749,0.017266,0.0340754,1.89857
True,4.016667,0.2294656,0.6969568,0.009749,0.017195,0.0337371,1.88128
True,4.020833,0.2295059,0.6970277,0.009670,0.017023,0.0334003,1.86414
True,4.025000,0.2295462,0.6970983,0.009674,0.016952,0.0330648,1.84695
True,4.029167,0.2295861,0.6971682,0.009581,0.016780,0.0327310,1.82981
True,4.033333,0.2296260,0.6972378,0.009577,0.016708,0.0323985,1.81283
True,4.037500,0.2296656,0.6973068,0.009502,0.016551,0.0320677,1.79591
True,4.041667,0.2297051,0.6973755,0.009484,0.016479,0.0317381,1.77894
True,4.045833,0.2297444,0.6974434,0.009420,0.016308,0.0314103,1.76214
True,4.050000,0.2297836,0.6975111,0.009402,0.016236,0.0310837,1.74540
True,4.054167,0.2298224,0.6975780,0.009320,0.016065,0.0307588,1.72862
True,4.058333,0.2298612,0.6976448,0.009320,0.016022,0.0304353,1.71201
True,4.062500,0.2298997,0.6977107,0.009234,0.015821,0.0301135,1.69547
True,4.066667,0.2299382,0.6977764,0.009230,0.015764,0.0297931,1.67900
True,4.070833,0.2299763,0.6978414,0.009141,0.015607,0.0294744,1.66260
True,4.075000,0.2300144,0.6979061,0.009152,0.015535,0.0291571,1.64616
True,4.079167,0.2300521,0.6979702,0.009041,0.015364,0.0288415,1.62991
True,4.083333,0.2300898,0.6980339,0.009055,0.015292,0.0285273,1.61374
True,4.087500,0.2301271,0.6980969,0.008955,0.015135,0.0282148,1.59753
True,4.091667,0.2301644,0.6981597,0.008959,0.015063,0.0279038,1.58140
True,4.095833,0.2302013,0.6982219,0.008862,0.014920,0.0275945,1.56548
True,4.100000,0.2302383,0.6982836,0.008876,0.014820,0.0272867,1.54952
True,4.104167,0.2302749,0.6983448,0.008773,0.014677,0.0269808,1.53366
True,4.108333,0.2303115,0.6984056,0.008776,0.014591,0.0266761,1.51788
True,4.112500,0.2303476,0.6984658,0.008676,0.014448,0.0263733,1.50220
True,4.116667,0.2303838,0.6985256,0.008676,0.014362,0.0260719,1.48648
True,4.120833,0.2304195,0.6985849,0.008583,0.014234,0.0257724,1.47087
True,4.125000,0.2304553,0.6986438,0.008590,0.014133,0.0254743,1.45549
True,4.129167,0.2304907,0.6987021,0.008490,0.013990,0.0251781,1.44008
True,4.133333,0.2305260,0.6987601,0.008487,0.013919,0.0248833,1.42464
True,4.137500,0.2305610,0.6988174,0.008390,0.013762,0.0245905,1.40945
True,4.141667,0.2305960,0.6988744,0.008390,0.013676,0.0242990,1.39423
True,4.145833,0.2306305,0.6989308,0.008301,0.013533,0.0240095,1.37913
True,4.150000,0.2306651,0.6989869,0.008297,0.013461,0.0237214,1.36401
True,4.154167,0.2306992,0.6990423,0.008190,0.013304,0.0234352,1.34901
True,4.158333,0.2307334,0.6990975,0.008197,0.013247,0.0231505,1.33413
True,4.162500,0.2307671,0.6991520,0.008100,0.013075,0.0228677,1.31938
True,4.166667,0.2308009,0.6992062,0.008104,0.013018,0.0225865,1.30461
True,4.170833,0.2308342,0.6992598,0.008000,0.012860,0.0223072,1.28998
True,4.175000,0.2308676,0.6993132,0.007997,0.012817,0.0220293,1.27534
True,4.179167,0.2309005,0.6993659,0.007900,0.012631,0.0217534,1.26083
True,4.183333,0.2309334,0.6994184,0.007900,0.012603,0.0214791,1.24647
True,4.187500,0.2309659,0.6994701,0.007803,0.012417,0.0212066,1.23210
True,4.191667,0.2309984,0.6995215,0.007800,0.012345,0.0209356,1.21788
True,4.195833,0.2310305,0.6995724,0.007693,0.012202,0.0206667,1.20366
True,4.200000,0.2310626,0.6996230,0.007703,0.012145,0.0203993,1.18943
True,4.204167,0.2310942,0.6996729,0.007596,0.011988,0.0201339,1.17553
True,4.208333,0.2311259,0.6997227,0.007603,0.011945,0.0198700,1.16146
True,4.212500,0.2311571,0.6997716,0.007492,0.011745,0.0196081,1.14774
True,4.216667,0.2311883,0.6998205,0.007496,0.011730,0.0193477,1.13384
True,4.220833,0.2312191,0.6998686,0.007389,0.011544,0.0190893,1.12013
True,4.225000,0.2312499,0.6999165,0.007392,0.011501,0.0188325,1.10659
True,4.229167,0.2312803,0.6999638,0.007296,0.011344,0.0185777,1.09307
True,4.233333,0.2313107,0.7000108,0.007299,0.011287,0.0183245,1.07956
True,4.237500,0.2313407,0.7000572,0.007185,0.011129,0.0180733,1.06625
True,4.241667,0.2313706,0.7001034,0.007181,0.011086,0.0178237,1.05295
True,4.245833,0.2314001,0.7001489,0.007085,0.010929,0.0175760,1.03967
True,4.250000,0.2314296,0.7001942,0.007077,0.010872,0.0173300,1.02660
True,4.254167,0.2314587,0.7002388,0.006981,0.010700,0.0170860,1.01356
True,4.258333,0.2314878,0.7002833,0.006977,0.010686,0.0168436,1.00054
True,4.262500,0.2315164,0.7003272,0.006874,0.010514,0.0166032,0.98774
True,4.266667,0.2315451,0.7003706,0.006881,0.010428,0.0163644,0.97498
True,4.270833,0.2315733,0.7004135,0.006763,0.010300,0.0161277,0.96226
True,4.275000,0.2316015,0.7004563,0.006770,0.010257,0.0158926,0.94956
True,4.279167,0.2316292,0.7004983,0.006663,0.010099,0.0156595,0.93712
True,4.283333,0.2316570,0.7005402,0.006673,0.010057,0.0154280,0.92450
True,4.287500,0.2316844,0.7005815,0.006566,0.009899,0.0151985,0.91215
True,4.291667,0.2317117,0.7006226,0.006552,0.009871,0.0149707,0.89983
True,4.295833,0.2317386,0.7006629,0.006448,0.009670,0.0147450,0.88779
True,4.300000,0.2317654,0.7007031,0.006455,0.009656,0.0145209,0.87559
True,4.304167,0.2317919,0.7007428,0.006348,0.009513,0.0142988,0.86366
True,4.308333,0.2318183,0.7007821,0.006348,0.009441,0.0140783,0.85157
True,4.312500,0.2318443,0.7008208,0.006237,0.009284,0.0138599,0.83977
True,4.316667,0.2318704,0.7008594,0.006244,0.009270,0.0136432,0.82803
True,4.320833,0.2318959,0.7008973,0.006130,0.009098,0.0134285,0.81637
True,4.325000,0.2319215,0.7009351,0.006140,0.009069,0.0132154,0.80479
True,4.329167,0.2319466,0.7009723,0.006022,0.008926,0.0130045,0.79328
True,4.333333,0.2319717,0.7010092,0.006033,0.008855,0.0127951,0.78185
True,4.337500,0.2319964,0.7010456,0.005915,0.008726,0.0125879,0.77050
True,4.341667,0.2320210,0.7010818,0.005922,0.008683,0.0123822,0.75925
True,4.345833,0.2320453,0.7011173,0.005822,0.008526,0.0121787,0.74808
True,4.350000,0.2320695,0.7011527,0.005808,0.008497,0.0119768,0.73701
True,4.354167,0.2320933,0.7011874,0.005715,0.008340,0.0117769,0.72605
True,4.358333,0.2321171,0.7012221,0.005701,0.008311,0.0115787,0.71518
True,4.362500,0.2321404,0.7012560,0.005608,0.008140,0.0113826,0.70443
True,4.366667,0.2321638,0.7012898,0.005600,0.008111,0.0111882,0.69380
True,4.370833,0.2321866,0.7013230,0.005493,0.007982,0.0109957,0.68300
True,4.375000,0.2322095,0.7013561,0.005493,0.007925,0.0108050,0.67260
True,4.379167,0.2322320,0.7013885,0.005393,0.007782,0.0106164,0.66205
True,4.383333,0.2322544,0.7014208,0.005379,0.007768,0.0104293,0.65162
True,4.387500,0.2322764,0.7014525,0.005279,0.007596,0.0102443,0.64133
True,4.391667,0.2322984,0.7014841,0.005289,0.007582,0.0100610,0.63118
True,4.395833,0.2323200,0.7015150,0.005168,0.007424,0.0098798,0.62118
True,4.400000,0.2323415,0.7015458,0.005168,0.007396,0.0097001,0.61134
True,4.404167,0.2323626,0.7015761,0.005068,0.007253,0.0095226,0.60133
True,4.408333,0.2323838,0.7016061,0.005071,0.007210,0.0093467,0.59149
True,4.412500,0.2324044,0.7016355,0.004957,0.007067,0.0091729,0.58182
True,4.416667,0.2324251,0.7016649,0.004960,0.007038,0.0090007,0.57198
True,4.420833,0.2324453,0.7016937,0.004857,0.006909,0.0088306,0.56267
True,4.425000,0.2324656,0.7017222,0.004857,0.006852,0.0086621,0.55320
True,4.429167,0.2324853,0.7017502,0.004746,0.006723,0.0084957,0.54357
True,4.433333,0.2325051,0.7017781,0.004749,0.006680,0.0083309,0.53449
True,4.437500,0.2325244,0.7018054,0.004635,0.006552,0.0081682,0.52526
True,4.441667,0.2325438,0.7018325,0.004642,0.006523,0.0080071,0.51586
True,4.445833,0.2325627,0.7018592,0.004542,0.006394,0.0078481,0.50706
True,4.450000,0.2325816,0.7018856,0.004535,0.006351,0.0076907,0.49811
True,4.454167,0.2326000,0.7019116,0.004431,0.006223,0.0075353,0.48939
True,4.458333,0.2326185,0.7019373,0.004424,0.006180,0.0073816,0.48051
True,4.462500,0.2326365,0.7019625,0.004334,0.006037,0.0072299,0.47188
True,4.466667,0.2326546,0.7019876,0.004324,0.006022,0.0070798,0.46309
True,4.470833,0.2326721,0.7020121,0.004209,0.005894,0.0069317,0.45456
True,4.475000,0.2326897,0.7020364,0.004227,0.005836,0.0067853,0.44631
True,4.479167,0.2327069,0.7020604,0.004116,0.005751,0.0066409,0.43790
True,4.483333,0.2327240,0.7020841,0.004123,0.005679,0.0064980,0.42978
True,4.487500,0.2327407,0.7021073,0.004009,0.005565,0.0063573,0.42151
True,4.491667,0.2327575,0.7021304,0.004013,0.005550,0.0062180,0.41354
True,4.495833,0.2327738,0.7021528,0.003912,0.005393,0.0060809,0.40590
True,4.500000,0.2327900,0.7021753,0.003905,0.005393,0.0059452,0.39762
True,4.504167,0.2328059,0.7021971,0.003812,0.005236,0.0058116,0.39017
True,4.508333,0.2328218,0.7022189,0.003812,0.005236,0.0056795,0.38257
True,4.512500,0.2328372,0.7022402,0.003698,0.005093,0.0055496,0.37482
True,4.516667,0.2328527,0.7022613,0.003705,0.005078,0.0054211,0.36744
True,4.520833,0.2328676,0.7022818,0.003598,0.004921,0.0052947,0.35991
True,4.525000,0.2328827,0.7023024,0.003605,0.004935,0.0051697,0.35222
True,4.529167,0.2328973,0.7023224,0.003508,0.004792,0.0050468,0.34492
True,4.533333,0.2329118,0.7023422,0.003490,0.004764,0.0049254,0.33804
True,4.537500,0.2329260,0.7023616,0.003405,0.004649,0.0048059,0.33102
True,4.541667,0.2329402,0.7023808,0.003397,0.004606,0.0046880,0.32385
True,4.545833,0.2329539,0.7023995,0.003301,0.004492,0.0045722,0.31714
True,4.550000,0.2329677,0.7024182,0.003301,0.004492,0.0044577,0.31027
True,4.554167,0.2329811,0.7024363,0.003211,0.004349,0.0043453,0.30326
True,4.558333,0.2329944,0.7024543,0.003197,0.004320,0.0042344,0.29674
True,4.562500,0.2330073,0.7024719,0.003097,0.004206,0.0041253,0.29007
True,4.566667,0.2330202,0.7024893,0.003111,0.004191,0.0040177,0.28393
True,4.570833,0.2330328,0.7025062,0.003004,0.004063,0.0039121,0.27766
True,4.575000,0.2330453,0.7025231,0.003008,0.004048,0.0038080,0.27124
True,4.579167,0.2330574,0.7025394,0.002904,0.003905,0.0037057,0.26467
True,4.583333,0.2330695,0.7025557,0.002915,0.003905,0.0036049,0.25869
True,4.587500,0.2330813,0.7025715,0.002811,0.003805,0.0035061,0.25256
True,4.591667,0.2330929,0.7025872,0.002807,0.003777,0.0034087,0.24708
True,4.595833,0.2331043,0.7026024,0.002729,0.003633,0.0033131,0.24066
True,4.600000,0.2331156,0.7026175,0.002711,0.003633,0.0032190,0.23490
True,4.604167,0.2331266,0.7026322,0.002625,0.003533,0.0031266,0.22900
True,4.608333,0.2331375,0.7026469,0.002621,0.003505,0.0030358,0.22381
True,4.612500,0.2331480,0.7026609,0.002528,0.003376,0.0029468,0.21850
True,4.616667,0.2331586,0.7026749,0.002532,0.003362,0.0028592,0.21306
True,4.620833,0.2331687,0.7026886,0.002439,0.003276,0.0027735,0.20748
True,4.625000,0.2331789,0.7027022,0.002439,0.003262,0.0026891,0.20174
True,4.629167,0.2331887,0.7027152,0.002350,0.003119,0.0026066,0.19683
True,4.633333,0.2331985,0.7027282,0.002353,0.003119,0.0025253,0.19180
True,4.637500,0.2332079,0.7027407,0.002249,0.003018,0.0024458,0.18663
True,4.641667,0.2332173,0.7027532,0.002260,0.002990,0.0023677,0.18131
True,4.645833,0.2332263,0.7027652,0.002167,0.002890,0.0022914,0.17694
True,4.650000,0.2332353,0.7027771,0.002167,0.002861,0.0022165,0.17132
True,4.654167,0.2332440,0.7027887,0.002081,0.002761,0.0021433,0.16669
True,4.658333,0.2332526,0.7028002,0.002074,0.002761,0.0020714,0.16193
True,4.662500,0.2332610,0.7028112,0.001996,0.002646,0.0020011,0.15826
True,4.666667,0.2332693,0.7028221,0.001999,0.002618,0.0019321,0.15323
True,4.670833,0.2332772,0.7028327,0.001899,0.002546,0.0018647,0.14935
True,4.675000,0.2332852,0.7028431,0.001917,0.002503,0.0017988,0.14402
True,4.679167,0.2332928,0.7028531,0.001824,0.002403,0.0017345,0.13988
True,4.683333,0.2333004,0.7028632,0.001831,0.002403,0.0016716,0.13562
True,4.687500,0.2333076,0.7028728,0.001731,0.002317,0.0016102,0.13270
True,4.691667,0.2333149,0.7028823,0.001738,0.002275,0.0015500,0.12820
True,4.695833,0.2333218,0.7028914,0.001663,0.002189,0.0014914,0.12354
True,4.700000,0.2333287,0.7029005,0.001659,0.002189,0.0014340,0.12033
True,4.704167,0.2333353,0.7029092,0.001581,0.002074,0.0013782,0.11703
True,4.708333,0.2333419,0.7029178,0.001584,0.002074,0.0013236,0.11191
True,4.712500,0.2333482,0.7029260,0.001502,0.001974,0.0012707,0.10835
True,4.716667,0.2333544,0.7029342,0.001495,0.001960,0.0012189,0.10468
True,4.720833,0.2333603,0.7029421,0.001427,0.001888,0.0011686,0.10087
True,4.725000,0.2333663,0.7029498,0.001423,0.001845,0.0011196,0.09691
True,4.729167,0.2333719,0.7029572,0.001363,0.001788,0.0010719,0.09487
True,4.733333,0.2333775,0.7029645,0.001338,0.001760,0.0010253,0.09065
True,4.737500,0.2333829,0.7029715,0.001280,0.001674,0.0009801,0.08623
True,4.741667,0.2333882,0.7029784,0.001273,0.001659,0.0009362,0.08393
True,4.745833,0.2333932,0.7029850,0.001202,0.001574,0.0008937,0.07913
True,4.750000,0.2333982,0.7029915,0.001205,0.001574,0.0008523,0.07662
True,4.754167,0.2334029,0.7029977,0.001134,0.001473,0.0008124,0.07402
True,4.758333,0.2334076,0.7030039,0.001123,0.001488,0.0007735,0.06853
True,4.762500,0.2334120,0.7030097,0.001066,0.001402,0.0007358,0.06561
True,4.766667,0.2334165,0.7030154,0.001066,0.001373,0.0006992,0.06256
True,4.770833,0.2334206,0.7030209,0.000994,0.001302,0.0006638,0.05935
True,4.775000,0.2334248,0.7030262,0.001001,0.001287,0.0006295,0.05595
True,4.779167,0.2334286,0.7030313,0.000923,0.001216,0.0005966,0.05234
True,4.783333,0.2334325,0.7030364,0.000933,0.001216,0.0005648,0.04846
True,4.787500,0.2334362,0.7030410,0.000873,0.001116,0.0005341,0.04423
True,4.791667,0.2334397,0.7030457,0.000858,0.001130,0.0005044,0.04423
True,4.795833,0.2334431,0.7030501,0.000805,0.001044,0.0004758,0.03956
True,4.800000,0.2334464,0.7030545,0.000805,0.001059,0.0004480,0.03956
True,4.804167,0.2334495,0.7030585,0.000740,0.000958,0.0004215,0.03426
True,4.808333,0.2334526,0.7030625,0.000751,0.000973,0.0003960,0.03426
True,4.812500,0.2334555,0.7030662,0.000683,0.000887,0.0003716,0.02798
True,4.816667,0.2334584,0.7030700,0.000687,0.000901,0.0003482,0.02798
True,4.820833,0.2334610,0.7030734,0.000633,0.000815,0.0003258,0.02798
True,4.825000,0.2334636,0.7030768,0.000629,0.000830,0.0003042,0.01978
True,4.829167,0.2334660,0.7030799,0.000576,0.000744,0.0002837,0.01978
True,4.833333,0.2334684,0.7030831,0.000576,0.000758,0.0002639,0.01978
True,4.837500,0.2334706,0.7030860,0.000533,0.000687,0.0002450,0.01978
True,4.841667,0.2334728,0.7030888,0.000526,0.000672,0.0002270,0.00000
True,4.845833,0.2334748,0.7030913,0.000465,0.000615,0.0002102,0.00000
True,4.850000,0.2334768,0.7030939,0.000479,0.000615,0.0001941,0.00000
True,4.854167,0.2334785,0.7030962,0.000429,0.000558,0.0001788,0.00000
True,4.858333,0.2334803,0.7030985,0.000429,0.000558,0.0001643,0.00000
True,4.862500,0.2334819,0.7031006,0.000379,0.000501,0.0001506,0.00000
True,4.866667,0.2334835,0.7031026,0.000386,0.000472,0.0001374,0.00000
True,4.870833,0.2334849,0.7031045,0.000336,0.000458,0.0001251,0.00000
True,4.875000,0.2334863,0.7031063,0.000340,0.000429,0.0001136,0.00000
True,4.879167,0.2334876,0.7031080,0.000304,0.000401,0.0001029,0.00000
True,4.883333,0.2334888,0.7031095,0.000293,0.000372,0.0000929,0.00000
True,4.887500,0.2334899,0.7031110,0.000265,0.000358,0.0000836,0.00000
True,4.891667,0.2334910,0.7031124,0.000265,0.000329,0.0000749,0.00000
True,4.895833,0.2334920,0.7031136,0.000222,0.000300,0.0000667,0.00000
True,4.900000,0.2334929,0.7031148,0.000229,0.000286,0.0000590,0.00000
True,4.904167,0.2334937,0.7031158,0.000186,0.000243,0.0000519,0.00000
True,4.908333,0.2334945,0.7031169,0.000186,0.000257,0.0000455,0.00000
True,4.912500,0.2334951,0.7031177,0.000165,0.000200,0.0000397,0.00000
True,4.916667,0.2334958,0.7031186,0.000165,0.000200,0.0000345,0.00000
True,4.920833,0.2334964,0.7031193,0.000132,0.000186,0.0000297,0.00000
True,4.925000,0.2334969,0.7031201,0.000125,0.000172,0.0000254,0.00000
True,4.929167,0.2334974,0.7031206,0.000107,0.000129,0.0000215,0.00000
True,4.933333,0.2334978,0.7031212,0.000111,0.000143,0.0000178,0.00000
True,4.937500,0.2334982,0.7031216,0.000082,0.000100,0.0000146,0.00000
True,4.941667,0.2334985,0.7031220,0.000079,0.000100,0.0000119,0.00000
True,4.945833,0.2334988,0.7031224,0.000068,0.000100,0.0000095,0.00000
True,4.950000,0.2334990,0.7031228,0.000064,0.000086,0.0000076,0.00000
True,4.954167,0.2334992,0.7031230,0.000046,0.000057,0.0000060,0.00000
True,4.958333,0.2334994,0.7031233,0.000050,0.000057,0.0000046,0.00000
True,4.962500,0.2334995,0.7031235,0.000021,0.000043,0.0000034,0.00000
True,4.966667,0.2334996,0.7031236,0.000029,0.000029,0.0000023,0.00000
True,4.970833,0.2334997,0.7031237,0.000021,0.000029,0.0000014,0.00000
True,4.975000,0.2334998,0.7031238,0.000014,0.000029,0.0000008,0.00000
True,4.979167,0.2334999,0.7031239,0.000014,0.000014,0.0000005,0.00000
True,4.983333,0.2334999,0.7031238,0.000011,-0.000014,0.0000004,0.00000
True,4.987500,0.2334999,0.7031239,0.000004,0.000014,0.0000003,0.00000
True,4.991667,0.2334999,0.7031239,0.000000,0.000000,0.0000002,0.00000
True,4.995833,0.2334999,0.7031239,0.000000,0.000000,0.0000002,0.00000
True,5.000000,0.2334999,0.7031239,0.000000,0.000014,0.0000000,0.00000
