time,hand_x,hand_y,hand_z,hand_floor,head_y,heel_drift
0.000000,0.2399007,0.3520824,0.1800965,0.2118849,0.7031239,0.0000000
0.004167,0.2399021,0.3520787,0.1800958,0.2118811,0.7031238,0.0000000
0.008333,0.2399026,0.3520774,0.1800955,0.2118799,0.7031238,0.0000000
0.012500,0.2399028,0.3520770,0.1800954,0.2118795,0.7031238,0.0000000
0.016667,0.2399032,0.3520761,0.1800953,0.2118786,0.7031238,0.0000000
0.020833,0.2399042,0.3520733,0.1800947,0.2118758,0.7031238,0.0000000
0.025000,0.2399066,0.3520672,0.1800935,0.2118698,0.7031237,0.0000000
0.029167,0.2399108,0.3520563,0.1800914,0.2118588,0.7031236,0.0000000
0.033333,0.2399174,0.3520392,0.1800879,0.2118417,0.7031233,0.0000000
0.037500,0.2399257,0.3520180,0.1800838,0.2118205,0.7031230,0.0000000
0.041667,0.2399346,0.3519949,0.1800792,0.2117974,0.7031228,0.0000000
0.045833,0.2399446,0.3519689,0.1800740,0.2117714,0.7031224,0.0000000
0.050000,0.2399564,0.3519387,0.1800679,0.2117411,0.7031221,0.0000000
0.054167,0.2399702,0.3519029,0.1800608,0.2117054,0.7031216,0.0000000
0.058333,0.2399866,0.3518605,0.1800524,0.2116629,0.7031211,0.0000000
0.062500,0.2400060,0.3518103,0.1800424,0.2116128,0.7031204,0.0000000
0.066667,0.2400290,0.3517511,0.1800307,0.2115536,0.7031196,0.0000000
0.070833,0.2400548,0.3516843,0.1800175,0.2114869,0.7031187,0.0000000
0.075000,0.2400826,0.3516124,0.1800032,0.2114149,0.7031178,0.0000000
0.079167,0.2401130,0.3515340,0.1799876,0.2113364,0.7031168,0.0000000
0.083333,0.2401461,0.3514483,0.1799705,0.2112508,0.7031156,0.0000000
0.087500,0.2401825,0.3513542,0.1799518,0.2111567,0.7031144,0.0000000
0.091667,0.2402225,0.3512508,0.1799313,0.2110533,0.7031130,0.0000000
0.095833,0.2402666,0.3511370,0.1799088,0.2109396,0.7031114,0.0000000
0.100000,0.2403149,0.3510120,0.1798842,0.2108145,0.7031097,0.0000000
0.104167,0.2403672,0.3508771,0.1798575,0.2106795,0.7031078,0.0000000
0.108333,0.2404227,0.3507338,0.1798290,0.2105363,0.7031057,0.0000000
0.112500,0.2404816,0.3505815,0.1797987,0.2103839,0.7031035,0.0000000
0.116667,0.2405444,0.3504193,0.1797662,0.2102217,0.7031012,0.0000000
0.120833,0.2406113,0.3502463,0.1797318,0.2100487,0.7030986,0.0000000
0.125000,0.2406827,0.3500620,0.1796952,0.2098644,0.7030958,0.0000000
0.129167,0.2407587,0.3498654,0.1796563,0.2096679,0.7030928,0.0000000
0.133333,0.2408399,0.3496560,0.1796150,0.2094585,0.7030895,0.0000000
0.137500,0.2409256,0.3494347,0.1795712,0.2092373,0.7030860,0.0000000
0.141667,0.2410153,0.3492028,0.1795251,0.2090052,0.7030822,0.0000000
0.145833,0.2411095,0.3489594,0.1794767,0.2087620,0.7030782,0.0000000
0.150000,0.2412082,0.3487045,0.1794258,0.2085070,0.7030739,0.0000000
0.154167,0.2413116,0.3484370,0.1793726,0.2082396,0.7030693,0.0000000
0.158333,0.2414202,0.3481567,0.1793168,0.2079592,0.7030644,0.0000000
0.162500,0.2415340,0.3478627,0.1792586,0.2076652,0.7030591,0.0000000
0.166667,0.2416532,0.3475549,0.1791979,0.2073574,0.7030535,0.0000000
0.170833,0.2417776,0.3472336,0.1791344,0.2070361,0.7030475,0.0000000
0.175000,0.2419068,0.3468998,0.1790682,0.2067023,0.7030411,0.0000000
0.179167,0.2420409,0.3465534,0.1789992,0.2063557,0.7030344,0.0000000
0.183333,0.2421801,0.3461936,0.1789275,0.2059961,0.7030272,0.0000000
0.187500,0.2423245,0.3458202,0.1788531,0.2056227,0.7030196,0.0000000
0.191667,0.2424745,0.3454330,0.1787761,0.2052355,0.7030115,0.0000000
0.195833,0.2426299,0.3450313,0.1786966,0.2048338,0.7030029,0.0000000
0.200000,0.2427912,0.3446150,0.1786145,0.2044175,0.7029938,0.0000000
0.204167,0.2429579,0.3441844,0.1785295,0.2039869,0.7029840,0.0000000
0.208333,0.2431299,0.3437401,0.1784413,0.2035427,0.7029738,0.0000000
0.212500,0.2433072,0.3432819,0.1783501,0.2030845,0.7029629,0.0000000
0.216667,0.2434899,0.3428097,0.1782559,0.2026121,0.7029515,0.0000000
0.220833,0.2436782,0.3423232,0.1781589,0.2021257,0.7029395,0.0000000
0.225000,0.2438721,0.3418221,0.1780593,0.2016246,0.7029266,0.0000000
0.229167,0.2440717,0.3413064,0.1779571,0.2011089,0.7029132,0.0000000
0.233333,0.2442773,0.3407758,0.1778524,0.2005783,0.7028989,0.0000000
0.237500,0.2444885,0.3402304,0.1777448,0.2000328,0.7028839,0.0000000
0.241667,0.2447052,0.3396706,0.1776338,0.1994731,0.7028681,0.0000000
0.245833,0.2449273,0.3390963,0.1775195,0.1988988,0.7028515,0.0000000
0.250000,0.2451551,0.3385077,0.1774021,0.1983101,0.7028340,0.0000000
0.254167,0.2453886,0.3379043,0.1772819,0.1977068,0.7028157,0.0000000
0.258333,0.2456277,0.3372864,0.1771589,0.1970889,0.7027964,0.0000000
0.262500,0.2458726,0.3366539,0.1770336,0.1964564,0.7027761,0.0000000
0.266667,0.2461233,0.3360066,0.1769059,0.1958091,0.7027549,0.0000000
0.270833,0.2463796,0.3353446,0.1767753,0.1951471,0.7027326,0.0000000
0.275000,0.2466416,0.3346678,0.1766411,0.1944703,0.7027092,0.0000000
0.279167,0.2469091,0.3339765,0.1765035,0.1937790,0.7026848,0.0000000
0.283333,0.2471823,0.3332707,0.1763627,0.1930732,0.7026591,0.0000000
0.287500,0.2474610,0.3325505,0.1762193,0.1923529,0.7026323,0.0000000
0.291667,0.2477453,0.3318160,0.1760731,0.1916184,0.7026043,0.0000000
0.295833,0.2480351,0.3310671,0.1759247,0.1908697,0.7025750,0.0000000
0.300000,0.2483306,0.3303043,0.1757741,0.1901068,0.7025445,0.0000000
0.304167,0.2486316,0.3295270,0.1756207,0.1893295,0.7025126,0.0000000
0.308333,0.2489381,0.3287350,0.1754637,0.1885376,0.7024793,0.0000000
0.312500,0.2492501,0.3279288,0.1753033,0.1877313,0.7024446,0.0000000
0.316667,0.2495676,0.3271085,0.1751399,0.1869110,0.7024084,0.0000000
0.320833,0.2498904,0.3262743,0.1749737,0.1860769,0.7023707,0.0000000
0.325000,0.2502185,0.3254265,0.1748050,0.1852290,0.7023315,0.0000000
0.329167,0.2505519,0.3245651,0.1746342,0.1843677,0.7022908,0.0000000
0.333333,0.2508906,0.3236906,0.1744614,0.1834932,0.7022485,0.0000000
0.337500,0.2512345,0.3228025,0.1742860,0.1826050,0.7022044,0.0000000
0.341667,0.2515838,0.3219001,0.1741072,0.1817026,0.7021587,0.0000000
0.345833,0.2519383,0.3209841,0.1739250,0.1807865,0.7021112,0.0000000
0.350000,0.2522980,0.3200545,0.1737400,0.1798571,0.7020619,0.0000000
0.354167,0.2526627,0.3191121,0.1735523,0.1789146,0.7020108,0.0000000
0.358333,0.2530324,0.3181570,0.1733623,0.1779595,0.7019578,0.0000000
0.362500,0.2534069,0.3171896,0.1731704,0.1769920,0.7019029,0.0000000
0.366667,0.2537861,0.3162101,0.1729768,0.1760126,0.7018462,0.0000000
0.370833,0.2541703,0.3152179,0.1727807,0.1750206,0.7017875,0.0000000
0.375000,0.2545595,0.3142126,0.1725815,0.1740150,0.7017267,0.0000000
0.379167,0.2549535,0.3131944,0.1723791,0.1729969,0.7016639,0.0000000
0.383333,0.2553523,0.3121638,0.1721740,0.1719663,0.7015989,0.0000000
0.387500,0.2557557,0.3111215,0.1719665,0.1709240,0.7015318,0.0000000
0.391667,0.2561636,0.3100675,0.1717570,0.1698700,0.7014625,0.0000000
0.395833,0.2565758,0.3090028,0.1715457,0.1688052,0.7013911,0.0000000
0.400000,0.2569922,0.3079275,0.1713329,0.1677300,0.7013175,0.0000000
0.404167,0.2574129,0.3068409,0.1711180,0.1666433,0.7012417,0.0000000
0.408333,0.2578383,0.3057419,0.1709002,0.1655443,0.7011634,0.0000000
0.412500,0.2582681,0.3046314,0.1706796,0.1644338,0.7010828,0.0000000
0.416667,0.2587021,0.3035098,0.1704565,0.1633123,0.7009997,0.0000000
0.420833,0.2591402,0.3023778,0.1702313,0.1621803,0.7009143,0.0000000
0.425000,0.2595822,0.3012359,0.1700043,0.1610383,0.7008265,0.0000000
0.429167,0.2600279,0.3000846,0.1697758,0.1598871,0.7007363,0.0000000
0.433333,0.2604771,0.2989245,0.1695461,0.1587270,0.7006437,0.0000000
0.437500,0.2609301,0.2977546,0.1693144,0.1575571,0.7005485,0.0000000
0.441667,0.2613871,0.2965738,0.1690804,0.1563764,0.7004507,0.0000000
0.445833,0.2618480,0.2953829,0.1688439,0.1551854,0.7003502,0.0000000
0.450000,0.2623126,0.2941825,0.1686053,0.1539849,0.7002472,0.0000000
0.454167,0.2627806,0.2929731,0.1683649,0.1527756,0.7001415,0.0000000
0.458333,0.2632518,0.2917555,0.1681230,0.1515581,0.7000332,0.0000000
0.462500,0.2637261,0.2905305,0.1678797,0.1503331,0.6999224,0.0000000
0.466667,0.2642031,0.2892985,0.1676355,0.1491010,0.6998090,0.0000000
0.470833,0.2646833,0.2880583,0.1673899,0.1478608,0.6996928,0.0000000
0.475000,0.2651670,0.2868090,0.1671420,0.1466115,0.6995739,0.0000000
0.479167,0.2656538,0.2855510,0.1668923,0.1453535,0.6994522,0.0000000
0.483333,0.2661436,0.2842854,0.1666409,0.1440879,0.6993276,0.0000000
0.487500,0.2666362,0.2830126,0.1663880,0.1428150,0.6992004,0.0000000
0.491667,0.2671313,0.2817334,0.1661339,0.1415359,0.6990703,0.0000000
0.495833,0.2676286,0.2804486,0.1658788,0.1402511,0.6989377,0.0000000
0.500000,0.2681280,0.2791589,0.1656230,0.1389614,0.6988025,0.0000000
0.504167,0.2686298,0.2778630,0.1653660,0.1376655,0.6986644,0.0000000
0.508333,0.2691343,0.2765595,0.1651075,0.1363620,0.6985235,0.0000000
0.512500,0.2696413,0.2752495,0.1648475,0.1350520,0.6983796,0.0000000
0.516667,0.2701507,0.2739334,0.1645863,0.1337359,0.6982328,0.0000000
0.520833,0.2706620,0.2726122,0.1643240,0.1324146,0.6980833,0.0000000
0.525000,0.2711750,0.2712865,0.1640608,0.1310890,0.6979312,0.0000000
0.529167,0.2716895,0.2699574,0.1637969,0.1297599,0.6977763,0.0000000
0.533333,0.2722052,0.2686253,0.1635325,0.1284278,0.6976189,0.0000000
0.537500,0.2727226,0.2672890,0.1632673,0.1270915,0.6974587,0.0000000
0.541667,0.2732420,0.2659473,0.1630011,0.1257497,0.6972956,0.0000000
0.545833,0.2737632,0.2646008,0.1627340,0.1244032,0.6971297,0.0000000
0.550000,0.2742859,0.2632502,0.1624660,0.1230527,0.6969610,0.0000000
0.554167,0.2748098,0.2618966,0.1621973,0.1216991,0.6967896,0.0000000
0.558333,0.2753346,0.2605405,0.1619281,0.1203430,0.6966155,0.0000000
0.562500,0.2758600,0.2591832,0.1616584,0.1189857,0.6964390,0.0000000
0.566667,0.2763858,0.2578250,0.1613887,0.1176275,0.6962600,0.0000000
0.570833,0.2769125,0.2564646,0.1611187,0.1162672,0.6960784,0.0000000
0.575000,0.2774405,0.2551008,0.1608481,0.1149033,0.6958941,0.0000000
0.579167,0.2779694,0.2537343,0.1605770,0.1135369,0.6957070,0.0000000
0.583333,0.2784990,0.2523658,0.1603056,0.1121683,0.6955172,0.0000000
0.587500,0.2790290,0.2509963,0.1600339,0.1107988,0.6953251,0.0000000
0.591667,0.2795591,0.2496266,0.1597621,0.1094292,0.6951305,0.0000000
0.595833,0.2800891,0.2482575,0.1594902,0.1080600,0.6949337,0.0000000
0.600000,0.2806186,0.2468897,0.1592185,0.1066923,0.6947347,0.0000000
0.604167,0.2811481,0.2455222,0.1589469,0.1053247,0.6945333,0.0000000
0.608333,0.2816781,0.2441531,0.1586752,0.1039555,0.6943295,0.0000000
0.612500,0.2822083,0.2427833,0.1584035,0.1025858,0.6941232,0.0000000
0.616667,0.2827383,0.2414138,0.1581320,0.1012163,0.6939146,0.0000000
0.620833,0.2832680,0.2400455,0.1578605,0.0998481,0.6937038,0.0000000
0.625000,0.2837969,0.2386791,0.1575894,0.0984815,0.6934911,0.0000000
0.629167,0.2843248,0.2373152,0.1573185,0.0971177,0.6932763,0.0000000
0.633333,0.2848514,0.2359548,0.1570481,0.0957573,0.6930599,0.0000000
0.637500,0.2853771,0.2345966,0.1567783,0.0943991,0.6928415,0.0000000
0.641667,0.2859026,0.2332391,0.1565088,0.0930416,0.6926209,0.0000000
0.645833,0.2864275,0.2318832,0.1562400,0.0916856,0.6923982,0.0000000
0.650000,0.2869514,0.2305295,0.1559716,0.0903320,0.6921737,0.0000000
0.654167,0.2874742,0.2291791,0.1557038,0.0889816,0.6919474,0.0000000
0.658333,0.2879954,0.2278325,0.1554367,0.0876350,0.6917195,0.0000000
0.662500,0.2885147,0.2264908,0.1551702,0.0862932,0.6914902,0.0000000
0.666667,0.2890319,0.2251545,0.1549046,0.0849570,0.6912596,0.0000000
0.670833,0.2895475,0.2238224,0.1546398,0.0836248,0.6910276,0.0000000
0.675000,0.2900621,0.2224932,0.1543760,0.0822958,0.6907939,0.0000000
0.679167,0.2905753,0.2211676,0.1541132,0.0809701,0.6905586,0.0000000
0.683333,0.2910867,0.2198464,0.1538513,0.0796489,0.6903220,0.0000000
0.687500,0.2915962,0.2185304,0.1535904,0.0783329,0.6900841,0.0000000
0.691667,0.2921033,0.2172203,0.1533305,0.0770228,0.6898452,0.0000000
0.695833,0.2926078,0.2159168,0.1530717,0.0757193,0.6896055,0.0000000
0.700000,0.2931093,0.2146209,0.1528140,0.0744235,0.6893650,0.0000000
0.704167,0.2936085,0.2133312,0.1525575,0.0731337,0.6891236,0.0000000
0.708333,0.2941058,0.2120464,0.1523026,0.0718489,0.6888812,0.0000000
0.712500,0.2946010,0.2107672,0.1520489,0.0705697,0.6886377,0.0000000
0.716667,0.2950938,0.2094943,0.1517966,0.0692968,0.6883935,0.0000000
0.720833,0.2955838,0.2082286,0.1515458,0.0680311,0.6881487,0.0000000
0.725000,0.2960707,0.2069706,0.1512963,0.0667732,0.6879035,0.0000000
0.729167,0.2965543,0.2057212,0.1510482,0.0655237,0.6876580,0.0000000
0.733333,0.2970342,0.2044812,0.1508015,0.0642838,0.6874125,0.0000000
0.737500,0.2975110,0.2032491,0.1505565,0.0630517,0.6871667,0.0000000
0.741667,0.2979852,0.2020240,0.1503133,0.0618265,0.6869204,0.0000000
0.745833,0.2984565,0.2008065,0.1500719,0.0606090,0.6866739,0.0000000
0.750000,0.2989247,0.1995970,0.1498322,0.0593995,0.6864272,0.0000000
0.754167,0.2993895,0.1983965,0.1495944,0.0581990,0.6861806,0.0000000
0.758333,0.2998506,0.1972056,0.1493582,0.0570081,0.6859342,0.0000000
0.762500,0.3003075,0.1960249,0.1491237,0.0558274,0.6856883,0.0000000
0.766667,0.3007602,0.1948551,0.1488909,0.0546577,0.6854428,0.0000000
0.770833,0.3012090,0.1936951,0.1486602,0.0534976,0.6851979,0.0000000
0.775000,0.3016547,0.1925438,0.1484316,0.0523464,0.6849533,0.0000000
0.779167,0.3020968,0.1914019,0.1482052,0.0512043,0.6847090,0.0000000
0.783333,0.3025352,0.1902696,0.1479810,0.0500721,0.6844653,0.0000000
0.787500,0.3029694,0.1891480,0.1477588,0.0489505,0.6842223,0.0000000
0.791667,0.3033994,0.1880375,0.1475385,0.0478400,0.6839802,0.0000000
0.795833,0.3038247,0.1869387,0.1473203,0.0467412,0.6837392,0.0000000
0.800000,0.3042451,0.1858522,0.1471041,0.0456547,0.6834995,0.0000000
0.804167,0.3046611,0.1847771,0.1468901,0.0445796,0.6832609,0.0000000
0.808333,0.3050732,0.1837123,0.1466787,0.0435147,0.6830232,0.0000000
0.812500,0.3054813,0.1826583,0.1464698,0.0424607,0.6827866,0.0000000
0.816667,0.3058849,0.1816156,0.1462633,0.0414182,0.6825513,0.0000000
0.820833,0.3062840,0.1805850,0.1460592,0.0403875,0.6823174,0.0000000
0.825000,0.3066782,0.1795667,0.1458573,0.0393692,0.6820850,0.0000000
0.829167,0.3070674,0.1785614,0.1456577,0.0383639,0.6818544,0.0000000
0.833333,0.3074511,0.1775697,0.1454602,0.0373722,0.6816257,0.0000000
0.837500,0.3078300,0.1765903,0.1452653,0.0363928,0.6813987,0.0000000
0.841667,0.3082045,0.1756230,0.1450732,0.0354255,0.6811734,0.0000000
0.845833,0.3085743,0.1746677,0.1448839,0.0344701,0.6809499,0.0000000
0.850000,0.3089392,0.1737251,0.1446972,0.0335276,0.6807283,0.0000000
0.854167,0.3092992,0.1727954,0.1445131,0.0325980,0.6805087,0.0000000
0.858333,0.3096538,0.1718793,0.1443315,0.0316818,0.6802913,0.0000000
0.862500,0.3100030,0.1709771,0.1441524,0.0307795,0.6800762,0.0000000
0.866667,0.3103466,0.1700892,0.1439756,0.0298917,0.6798636,0.0000000
0.870833,0.3106849,0.1692149,0.1438015,0.0290174,0.6796532,0.0000000
0.875000,0.3110182,0.1683536,0.1436304,0.0281561,0.6794452,0.0000000
0.879167,0.3113465,0.1675056,0.1434624,0.0273080,0.6792396,0.0000000
0.883333,0.3116696,0.1666711,0.1432972,0.0264736,0.6790364,0.0000000
0.887500,0.3119873,0.1658506,0.1431347,0.0256532,0.6788359,0.0000000
0.891667,0.3122995,0.1650442,0.1429749,0.0248467,0.6786380,0.0000000
0.895833,0.3126060,0.1642525,0.1428177,0.0240550,0.6784429,0.0000000
0.900000,0.3129066,0.1634755,0.1426629,0.0232780,0.6782508,0.0000000
0.904167,0.3132017,0.1627129,0.1425111,0.0225154,0.6780615,0.0000000
0.908333,0.3134915,0.1619642,0.1423624,0.0217666,0.6778750,0.0000000
0.912500,0.3137759,0.1612294,0.1422167,0.0210319,0.6776915,0.0000000
0.916667,0.3140549,0.1605090,0.1420741,0.0203116,0.6775109,0.0000000
0.920833,0.3143282,0.1598030,0.1419343,0.0196054,0.6773334,0.0000000
0.925000,0.3145960,0.1591115,0.1417973,0.0189140,0.6771590,0.0000000
0.929167,0.3148579,0.1584349,0.1416629,0.0182373,0.6769877,0.0000000
0.933333,0.3151140,0.1577732,0.1415311,0.0175757,0.6768197,0.0000000
0.937500,0.3153643,0.1571262,0.1414022,0.0169286,0.6766550,0.0000000
0.941667,0.3156091,0.1564936,0.1412766,0.0162961,0.6764935,0.0000000
0.945833,0.3158484,0.1558757,0.1411541,0.0156781,0.6763352,0.0000000
0.950000,0.3160820,0.1552722,0.1410345,0.0150747,0.6761804,0.0000000
0.954167,0.3163100,0.1546833,0.1409180,0.0144858,0.6760288,0.0000000
0.958333,0.3165324,0.1541089,0.1408042,0.0139114,0.6758807,0.0000000
0.962500,0.3167491,0.1535491,0.1406931,0.0133515,0.6757360,0.0000000
0.966667,0.3169600,0.1530040,0.1405845,0.0128065,0.6755946,0.0000000
0.970833,0.3171653,0.1524737,0.1404788,0.0122762,0.6754567,0.0000000
0.975000,0.3173648,0.1519580,0.1403764,0.0117605,0.6753224,0.0000000
0.979167,0.3175588,0.1514568,0.1402771,0.0112593,0.6751918,0.0000000
0.983333,0.3177472,0.1509701,0.1401807,0.0107727,0.6750646,0.0000000
0.987500,0.3179302,0.1504976,0.1400872,0.0103001,0.6749408,0.0000000
0.991667,0.3181076,0.1500394,0.1399965,0.0098420,0.6748206,0.0000000
0.995833,0.3182796,0.1495952,0.1399083,0.0093977,0.6747038,0.0000000
1.000000,0.3184461,0.1491648,0.1398226,0.0089673,0.6745905,0.0000000
1.004167,0.3186071,0.1487487,0.1397397,0.0085512,0.6744807,0.0000000
1.008333,0.3187625,0.1483472,0.1396599,0.0081497,0.6743746,0.0000000
1.012500,0.3189125,0.1479598,0.1395831,0.0077623,0.6742722,0.0000000
1.016667,0.3190571,0.1475863,0.1395091,0.0073887,0.6741733,0.0000000
1.020833,0.3191964,0.1472264,0.1394379,0.0070289,0.6740779,0.0000000
1.025000,0.3193306,0.1468798,0.1393692,0.0066822,0.6739860,0.0000000
1.029167,0.3194598,0.1465461,0.1393030,0.0063486,0.6738972,0.0000000
1.033333,0.3195841,0.1462249,0.1392391,0.0060274,0.6738118,0.0000000
1.037500,0.3197032,0.1459171,0.1391777,0.0057196,0.6737299,0.0000000
1.041667,0.3198169,0.1456233,0.1391193,0.0054257,0.6736515,0.0000000
1.045833,0.3199254,0.1453429,0.1390638,0.0051453,0.6735768,0.0000000
1.050000,0.3200290,0.1450754,0.1390108,0.0048778,0.6735054,0.0000000
1.054167,0.3201278,0.1448202,0.1389603,0.0046227,0.6734374,0.0000000
1.058333,0.3202220,0.1445770,0.1389120,0.0043794,0.6733725,0.0000000
1.062500,0.3203117,0.1443450,0.1388661,0.0041474,0.6733105,0.0000000
1.066667,0.3203973,0.1441237,0.1388220,0.0039263,0.6732513,0.0000000
1.070833,0.3204783,0.1439144,0.1387804,0.0037170,0.6731955,0.0000000
1.075000,0.3205544,0.1437180,0.1387413,0.0035204,0.6731431,0.0000000
1.079167,0.3206257,0.1435336,0.1387048,0.0033361,0.6730939,0.0000000
1.083333,0.3206927,0.1433607,0.1386705,0.0031631,0.6730478,0.0000000
1.087500,0.3207556,0.1431984,0.1386383,0.0030009,0.6730047,0.0000000
1.091667,0.3208146,0.1430458,0.1386082,0.0028483,0.6729641,0.0000000
1.095833,0.3208700,0.1429026,0.1385797,0.0027051,0.6729261,0.0000000
1.100000,0.3209223,0.1427678,0.1385529,0.0025702,0.6728903,0.0000000
1.104167,0.3209705,0.1426428,0.1385281,0.0024453,0.6728572,0.0000000
1.108333,0.3210146,0.1425291,0.1385055,0.0023316,0.6728271,0.0000000
1.112500,0.3210546,0.1424255,0.1384849,0.0022281,0.6727999,0.0000000
1.116667,0.3210910,0.1423315,0.1384663,0.0021340,0.6727752,0.0000000
1.120833,0.3211243,0.1422457,0.1384493,0.0020482,0.6727528,0.0000000
1.125000,0.3211547,0.1421673,0.1384338,0.0019698,0.6727325,0.0000000
1.129167,0.3211825,0.1420953,0.1384195,0.0018978,0.6727139,0.0000000
1.133333,0.3212083,0.1420287,0.1384063,0.0018312,0.6726968,0.0000000
1.137500,0.3212312,0.1419695,0.1383945,0.0017720,0.6726816,0.0000000
1.141667,0.3212506,0.1419193,0.1383845,0.0017218,0.6726691,0.0000000
1.145833,0.3212670,0.1418770,0.1383761,0.0016795,0.6726586,0.0000000
1.150000,0.3212808,0.1418413,0.1383690,0.0016438,0.6726500,0.0000000
1.154167,0.3212925,0.1418109,0.1383630,0.0016134,0.6726429,0.0000000
1.158333,0.3213027,0.1417849,0.1383578,0.0015874,0.6726370,0.0000000
1.162500,0.3213116,0.1417619,0.1383533,0.0015645,0.6726319,0.0000000
1.166667,0.3213198,0.1417408,0.1383491,0.0015433,0.6726274,0.0000000
1.170833,0.3213266,0.1417233,0.1383456,0.0015258,0.6726238,0.0000000
1.175000,0.3213312,0.1417116,0.1383433,0.0015141,0.6726220,0.0000000
1.179167,0.3213341,0.1417046,0.1383419,0.0015071,0.6726214,0.0000000
1.183333,0.3213356,0.1417010,0.1383412,0.0015035,0.6726218,0.0000000
1.187500,0.3213362,0.1416997,0.1383410,0.0015022,0.6726227,0.0000000
1.191667,0.3213362,0.1416993,0.1383410,0.0015018,0.6726241,0.0000000
1.195833,0.3213362,0.1416989,0.1383409,0.0015014,0.6726255,0.0000000
1.200000,0.3213366,0.1416973,0.1383405,0.0014998,0.6726264,0.0000000
1.204167,0.3213370,0.1416952,0.1383401,0.0014977,0.6726274,0.0000000
1.208333,0.3213373,0.1416942,0.1383400,0.0014967,0.6726286,0.0000000
1.212500,0.3213374,0.1416942,0.1383400,0.0014966,0.6726301,0.0000000
1.216667,0.3213370,0.1416946,0.1383401,0.0014971,0.6726319,0.0000000
1.220833,0.3213361,0.1416955,0.1383402,0.0014980,0.6726338,0.0000000
1.225000,0.3213346,0.1416964,0.1383404,0.0014989,0.6726356,0.0000000
1.229167,0.3213323,0.1416972,0.1383405,0.0014996,0.6726375,0.0000000
1.233333,0.3213293,0.1416974,0.1383406,0.0014999,0.6726393,0.0000000
1.237500,0.3213258,0.1416974,0.1383406,0.0014998,0.6726410,0.0000000
1.241667,0.3213220,0.1416975,0.1383406,0.0014999,0.6726427,0.0000000
1.245833,0.3213177,0.1416974,0.1383406,0.0014999,0.6726445,0.0000000
1.250000,0.3213127,0.1416974,0.1383405,0.0014999,0.6726463,0.0000000
1.254167,0.3213068,0.1416975,0.1383405,0.0015000,0.6726481,0.0000000
1.258333,0.3212997,0.1416974,0.1383405,0.0014999,0.6726500,0.0000000
1.262500,0.3212913,0.1416974,0.1383405,0.0014999,0.6726519,0.0000000
1.266667,0.3212812,0.1416974,0.1383404,0.0015000,0.6726538,0.0000000
1.270833,0.3212699,0.1416974,0.1383404,0.0014999,0.6726558,0.0000000
1.275000,0.3212577,0.1416974,0.1383404,0.0015000,0.6726578,0.0000000
1.279167,0.3212444,0.1416975,0.1383403,0.0015000,0.6726598,0.0000000
1.283333,0.3212298,0.1416974,0.1383403,0.0014999,0.6726618,0.0000000
1.287500,0.3212138,0.1416974,0.1383402,0.0015000,0.6726638,0.0000000
1.291667,0.3211960,0.1416973,0.1383401,0.0014998,0.6726659,0.0000000
1.295833,0.3211763,0.1416974,0.1383400,0.0014999,0.6726681,0.0000000
1.300000,0.3211546,0.1416974,0.1383398,0.0014999,0.6726702,0.0000000
1.304167,0.3211311,0.1416973,0.1383396,0.0014999,0.6726723,0.0000000
1.308333,0.3211062,0.1416974,0.1383394,0.0014999,0.6726745,0.0000000
1.312500,0.3210796,0.1416974,0.1383392,0.0014999,0.6726769,0.0000000
1.316667,0.3210513,0.1416974,0.1383390,0.0014999,0.6726790,0.0000000
1.320833,0.3210210,0.1416974,0.1383386,0.0014998,0.6726813,0.0000000
1.325000,0.3209885,0.1416974,0.1383381,0.0015000,0.6726836,0.0000000
1.329167,0.3209537,0.1416974,0.1383377,0.0014999,0.6726859,0.0000000
1.333333,0.3209164,0.1416975,0.1383369,0.0014999,0.6726883,0.0000000
1.337500,0.3208769,0.1416975,0.1383362,0.0014999,0.6726907,0.0000000
1.341667,0.3208354,0.1416974,0.1383354,0.0014998,0.6726931,0.0000000
1.345833,0.3207919,0.1416974,0.1383346,0.0014998,0.6726955,0.0000000
1.350000,0.3207461,0.1416974,0.1383336,0.0014999,0.6726980,0.0000000
1.354167,0.3206979,0.1416973,0.1383325,0.0014998,0.6727005,0.0000000
1.358333,0.3206471,0.1416974,0.1383311,0.0014999,0.6727030,0.0000000
1.362500,0.3205937,0.1416972,0.1383296,0.0014997,0.6727055,0.0000000
1.366667,0.3205374,0.1416974,0.1383277,0.0014999,0.6727082,0.0000000
1.370833,0.3204785,0.1416974,0.1383256,0.0014998,0.6727107,0.0000000
1.375000,0.3204172,0.1416973,0.1383235,0.0014997,0.6727134,0.0000000
1.379167,0.3203534,0.1416974,0.1383212,0.0014997,0.6727160,0.0000000
1.383333,0.3202870,0.1416975,0.1383186,0.0014999,0.6727187,0.0000000
1.387500,0.3202178,0.1416974,0.1383157,0.0014998,0.6727213,0.0000000
1.391667,0.3201458,0.1416974,0.1383124,0.0014999,0.6727242,0.0000000
1.395833,0.3200707,0.1416974,0.1383087,0.0014998,0.6727269,0.0000000
1.400000,0.3199925,0.1416974,0.1383044,0.0014998,0.6727297,0.0000000
1.404167,0.3199114,0.1416973,0.1382997,0.0014998,0.6727325,0.0000000
1.408333,0.3198275,0.1416974,0.1382947,0.0014999,0.6727353,0.0000000
1.412500,0.3197407,0.1416974,0.1382895,0.0014998,0.6727381,0.0000000
1.416667,0.3196510,0.1416974,0.1382838,0.0014998,0.6727409,0.0000000
1.420833,0.3195582,0.1416973,0.1382775,0.0014998,0.6727439,0.0000000
1.425000,0.3194623,0.1416973,0.1382705,0.0014998,0.6727468,0.0000000
1.429167,0.3193632,0.1416972,0.1382628,0.0014998,0.6727497,0.0000000
1.433333,0.3192607,0.1416973,0.1382542,0.0014997,0.6727527,0.0000000
1.437500,0.3191549,0.1416972,0.1382448,0.0014997,0.6727557,0.0000000
1.441667,0.3190463,0.1416973,0.1382351,0.0014998,0.6727587,0.0000000
1.445833,0.3189343,0.1416974,0.1382247,0.0014999,0.6727618,0.0000000
1.450000,0.3188192,0.1416973,0.1382136,0.0014998,0.6727648,0.0000000
1.454167,0.3187008,0.1416974,0.1382016,0.0014999,0.6727679,0.0000000
1.458333,0.3185790,0.1416973,0.1381885,0.0014998,0.6727710,0.0000000
1.462500,0.3184540,0.1416974,0.1381743,0.0014998,0.6727741,0.0000000
1.466667,0.3183254,0.1416974,0.1381586,0.0015000,0.6727773,0.0000000
1.470833,0.3181935,0.1416974,0.1381418,0.0014999,0.6727805,0.0000000
1.475000,0.3180583,0.1416973,0.1381243,0.0014998,0.6727837,0.0000000
1.479167,0.3179196,0.1416974,0.1381058,0.0015000,0.6727869,0.0000000
1.483333,0.3177776,0.1416974,0.1380861,0.0014999,0.6727901,0.0000000
1.487500,0.3176324,0.1416973,0.1380651,0.0014998,0.6727934,0.0000000
1.491667,0.3174837,0.1416974,0.1380424,0.0015000,0.6727966,0.0000000
1.495833,0.3173315,0.1416974,0.1380181,0.0014999,0.6727999,0.0000000
1.500000,0.3171758,0.1416974,0.1379918,0.0014998,0.6728032,0.0000000
1.504167,0.3170167,0.1416973,0.1379640,0.0014998,0.6728066,0.0000000
1.508333,0.3168541,0.1416973,0.1379349,0.0014999,0.6728099,0.0000000
1.512500,0.3166881,0.1416973,0.1379043,0.0014998,0.6728134,0.0000000
1.516667,0.3165187,0.1416974,0.1378721,0.0014999,0.6728168,0.0000000
1.520833,0.3163459,0.1416975,0.1378379,0.0015000,0.6728202,0.0000000
1.525000,0.3161696,0.1416973,0.1378015,0.0014999,0.6728237,0.0000000
1.529167,0.3159901,0.1416974,0.1377628,0.0014999,0.6728271,0.0000000
1.533333,0.3158073,0.1416973,0.1377214,0.0014999,0.6728306,0.0000000
1.537500,0.3156210,0.1416974,0.1376778,0.0014999,0.6728340,0.0000000
1.541667,0.3154311,0.1416973,0.1376324,0.0014997,0.6728377,0.0000000
1.545833,0.3152379,0.1416973,0.1375850,0.0014998,0.6728411,0.0000000
1.550000,0.3150414,0.1416973,0.1375351,0.0014998,0.6728447,0.0000000
1.554167,0.3148415,0.1416973,0.1374828,0.0014998,0.6728483,0.0000000
1.558333,0.3146386,0.1416973,0.1374275,0.0014998,0.6728520,0.0000000
1.562500,0.3144324,0.1416973,0.1373691,0.0014997,0.6728556,0.0000000
1.566667,0.3142233,0.1416973,0.1373073,0.0014998,0.6728592,0.0000000
1.570833,0.3140110,0.1416972,0.1372425,0.0014996,0.6728629,0.0000000
1.575000,0.3137953,0.1416973,0.1371753,0.0014997,0.6728665,0.0000000
1.579167,0.3135764,0.1416973,0.1371053,0.0014998,0.6728703,0.0000000
1.583333,0.3133542,0.1416973,0.1370322,0.0014998,0.6728740,0.0000000
1.587500,0.3131292,0.1416974,0.1369558,0.0014998,0.6728777,0.0000000
1.591667,0.3129013,0.1416974,0.1368756,0.0014998,0.6728815,0.0000000
1.595833,0.3126709,0.1416974,0.1367915,0.0014999,0.6728852,0.0000000
1.600000,0.3124379,0.1416974,0.1367032,0.0014999,0.6728890,0.0000000
1.604167,0.3122020,0.1416973,0.1366111,0.0014998,0.6728928,0.0000000
1.608333,0.3119631,0.1416973,0.1365158,0.0014999,0.6728967,0.0000000
1.612500,0.3117212,0.1416974,0.1364169,0.0014999,0.6729005,0.0000000
1.616667,0.3114767,0.1416974,0.1363142,0.0014999,0.6729043,0.0000000
1.620833,0.3112297,0.1416975,0.1362073,0.0014999,0.6729082,0.0000000
1.625000,0.3109805,0.1416975,0.1360959,0.0015000,0.6729121,0.0000000
1.629167,0.3107293,0.1416975,0.1359798,0.0015000,0.6729160,0.0000000
1.633333,0.3104764,0.1416975,0.1358584,0.0015000,0.6729199,0.0000000
1.637500,0.3102212,0.1416973,0.1357325,0.0014998,0.6729239,0.0000000
1.641667,0.3099633,0.1416973,0.1356025,0.0014998,0.6729278,0.0000000
1.645833,0.3097031,0.1416973,0.1354682,0.0014998,0.6729318,0.0000000
1.650000,0.3094409,0.1416974,0.1353291,0.0014998,0.6729358,0.0000000
1.654167,0.3091769,0.1416975,0.1351851,0.0014999,0.6729397,0.0000000
1.658333,0.3089116,0.1416975,0.1350357,0.0014999,0.6729438,0.0000000
1.662500,0.3086452,0.1416974,0.1348808,0.0015000,0.6729478,0.0000000
1.666667,0.3083781,0.1416974,0.1347199,0.0014998,0.6729518,0.0000000
1.670833,0.3081097,0.1416973,0.1345537,0.0014998,0.6729559,0.0000000
1.675000,0.3078392,0.1416972,0.1343825,0.0014997,0.6729600,0.0000000
1.679167,0.3075672,0.1416972,0.1342060,0.0014998,0.6729640,0.0000000
1.683333,0.3072941,0.1416974,0.1340241,0.0014999,0.6729681,0.0000000
1.687500,0.3070202,0.1416974,0.1338365,0.0014999,0.6729721,0.0000000
1.691667,0.3067462,0.1416975,0.1336428,0.0015000,0.6729763,0.0000000
1.695833,0.3064722,0.1416974,0.1334429,0.0014999,0.6729804,0.0000000
1.700000,0.3061988,0.1416974,0.1332363,0.0014999,0.6729846,0.0000000
1.704167,0.3059251,0.1416973,0.1330237,0.0014997,0.6729887,0.0000000
1.708333,0.3056504,0.1416972,0.1328053,0.0014997,0.6729929,0.0000000
1.712500,0.3053752,0.1416974,0.1325809,0.0014999,0.6729971,0.0000000
1.716667,0.3051001,0.1416973,0.1323504,0.0014998,0.6730013,0.0000000
1.720833,0.3048255,0.1416975,0.1321135,0.0015000,0.6730055,0.0000000
1.725000,0.3045519,0.1416976,0.1318700,0.0015002,0.6730097,0.0000000
1.729167,0.3042800,0.1416976,0.1316197,0.0015000,0.6730140,0.0000000
1.733333,0.3040101,0.1416974,0.1313625,0.0015000,0.6730182,0.0000000
1.737500,0.3037414,0.1416973,0.1310986,0.0014998,0.6730224,0.0000000
1.741667,0.3034728,0.1416972,0.1308281,0.0014998,0.6730267,0.0000000
1.745833,0.3032052,0.1416974,0.1305511,0.0014999,0.6730310,0.0000000
1.750000,0.3029389,0.1416973,0.1302675,0.0014999,0.6730353,0.0000000
1.754167,0.3026747,0.1416975,0.1299771,0.0015000,0.6730396,0.0000000
1.758333,0.3024131,0.1416975,0.1296798,0.0014999,0.6730439,0.0000000
1.762500,0.3021549,0.1416975,0.1293756,0.0014999,0.6730482,0.0000000
1.766667,0.3019005,0.1416974,0.1290643,0.0014998,0.6730525,0.0000000
1.770833,0.3016488,0.1416973,0.1287460,0.0014998,0.6730568,0.0000000
1.775000,0.3013989,0.1416973,0.1284207,0.0014998,0.6730613,0.0000000
1.779167,0.3011513,0.1416973,0.1280885,0.0014998,0.6730655,0.0000000
1.783333,0.3009068,0.1416973,0.1277495,0.0014999,0.6730700,0.0000000
1.787500,0.3006661,0.1416975,0.1274036,0.0015000,0.6730743,0.0000000
1.791667,0.3004297,0.1416976,0.1270509,0.0015001,0.6730788,0.0000000
1.795833,0.3001985,0.1416977,0.1266914,0.0015001,0.6730831,0.0000000
1.800000,0.2999730,0.1416976,0.1263252,0.0015000,0.6730875,0.0000000
1.804167,0.2997522,0.1416973,0.1259520,0.0014998,0.6730919,0.0000000
1.808333,0.2995347,0.1416973,0.1255717,0.0014999,0.6730963,0.0000000
1.812500,0.2993214,0.1416973,0.1251844,0.0014998,0.6731007,0.0000000
1.816667,0.2991129,0.1416974,0.1247904,0.0014999,0.6731052,0.0000000
1.820833,0.2989100,0.1416976,0.1243899,0.0015001,0.6731097,0.0000000
1.825000,0.2987134,0.1416976,0.1239831,0.0015002,0.6731141,0.0000000
1.829167,0.2985238,0.1416976,0.1235702,0.0015001,0.6731185,0.0000000
1.833333,0.2983419,0.1416975,0.1231513,0.0015000,0.6731229,0.0000000
1.837500,0.2981666,0.1416973,0.1227259,0.0014998,0.6731274,0.0000000
1.841667,0.2979964,0.1416972,0.1222936,0.0014997,0.6731319,0.0000000
1.845833,0.2978324,0.1416973,0.1218548,0.0014999,0.6731364,0.0000000
1.850000,0.2976750,0.1416974,0.1214099,0.0014999,0.6731408,0.0000000
1.854167,0.2975250,0.1416975,0.1209592,0.0015000,0.6731453,0.0000000
1.858333,0.2973832,0.1416975,0.1205032,0.0015000,0.6731498,0.0000000
1.862500,0.2972502,0.1416975,0.1200422,0.0014999,0.6731543,0.0000000
1.866667,0.2971268,0.1416975,0.1195766,0.0015000,0.6731588,0.0000000
1.870833,0.2970118,0.1416973,0.1191055,0.0014997,0.6731633,0.0000000
1.875000,0.2969040,0.1416972,0.1186283,0.0014997,0.6731678,0.0000000
1.879167,0.2968040,0.1416972,0.1181453,0.0014997,0.6731724,0.0000000
1.883333,0.2967126,0.1416974,0.1176574,0.0014999,0.6731769,0.0000000
1.887500,0.2966303,0.1416973,0.1171650,0.0014998,0.6731815,0.0000000
1.891667,0.2965578,0.1416974,0.1166687,0.0014999,0.6731859,0.0000000
1.895833,0.2964958,0.1416975,0.1161691,0.0015000,0.6731905,0.0000000
1.900000,0.2964450,0.1416974,0.1156667,0.0014999,0.6731950,0.0000000
1.904167,0.2964042,0.1416973,0.1151605,0.0014998,0.6731996,0.0000000
1.908333,0.2963726,0.1416973,0.1146493,0.0014998,0.6732041,0.0000000
1.912500,0.2963505,0.1416973,0.1141339,0.0014997,0.6732087,0.0000000
1.916667,0.2963387,0.1416974,0.1136149,0.0014999,0.6732132,0.0000000
1.920833,0.2963374,0.1416974,0.1130934,0.0014998,0.6732177,0.0000000
1.925000,0.2963473,0.1416974,0.1125699,0.0014999,0.6732224,0.0000000
1.929167,0.2963690,0.1416975,0.1120452,0.0014999,0.6732268,0.0000000
1.933333,0.2964029,0.1416975,0.1115202,0.0014999,0.6732315,0.0000000
1.937500,0.2964483,0.1416974,0.1109933,0.0014999,0.6732360,0.0000000
1.941667,0.2965044,0.1416973,0.1104632,0.0014998,0.6732405,0.0000000
1.945833,0.2965717,0.1416973,0.1099307,0.0014998,0.6732451,0.0000000
1.950000,0.2966504,0.1416973,0.1093969,0.0014998,0.6732497,0.0000000
1.954167,0.2967407,0.1416973,0.1088626,0.0014999,0.6732543,0.0000000
1.958333,0.2968431,0.1416974,0.1083288,0.0014998,0.6732588,0.0000000
1.962500,0.2969580,0.1416973,0.1077964,0.0014999,0.6732634,0.0000000
1.966667,0.2970856,0.1416974,0.1072663,0.0014999,0.6732680,0.0000000
1.970833,0.2972257,0.1416973,0.1067369,0.0014998,0.6732725,0.0000000
1.975000,0.2973777,0.1416974,0.1062065,0.0014999,0.6732771,0.0000000
1.979167,0.2975420,0.1416973,0.1056761,0.0014998,0.6732817,0.0000000
1.983333,0.2977183,0.1416973,0.1051468,0.0014998,0.6732863,0.0000000
1.987500,0.2979069,0.1416973,0.1046197,0.0014999,0.6732908,0.0000000
1.991667,0.2981080,0.1416974,0.1040956,0.0014998,0.6732953,0.0000000
1.995833,0.2983215,0.1416974,0.1035759,0.0015000,0.6732999,0.0000000
2.000000,0.2985475,0.1416975,0.1030613,0.0015000,0.6733045,0.0000000
2.004167,0.2987864,0.1416975,0.1025502,0.0015000,0.6733090,0.0000000
2.008333,0.2990378,0.1416975,0.1020406,0.0015000,0.6733136,0.0000000
2.012500,0.2993019,0.1416974,0.1015339,0.0014998,0.6733181,0.0000000
2.016667,0.2995783,0.1416975,0.1010309,0.0014999,0.6733227,0.0000000
2.020833,0.2998668,0.1416973,0.1005329,0.0014998,0.6733273,0.0000000
2.025000,0.3001673,0.1416974,0.1000408,0.0015000,0.6733318,0.0000000
2.029167,0.3004796,0.1416974,0.0995557,0.0014999,0.6733363,0.0000000
2.033333,0.3008035,0.1416975,0.0990788,0.0015000,0.6733409,0.0000000
2.037500,0.3011397,0.1416975,0.0986082,0.0015000,0.6733454,0.0000000
2.041667,0.3014887,0.1416974,0.0981422,0.0014999,0.6733500,0.0000000
2.045833,0.3018499,0.1416975,0.0976818,0.0014999,0.6733544,0.0000000
2.050000,0.3022229,0.1416974,0.0972281,0.0014998,0.6733590,0.0000000
2.054167,0.3026072,0.1416973,0.0967819,0.0014998,0.6733635,0.0000000
2.058333,0.3030024,0.1416974,0.0963445,0.0014999,0.6733680,0.0000000
2.062500,0.3034079,0.1416973,0.0959168,0.0014998,0.6733726,0.0000000
2.066667,0.3038232,0.1416973,0.0954999,0.0014998,0.6733771,0.0000000
2.070833,0.3042496,0.1416974,0.0950923,0.0014999,0.6733816,0.0000000
2.075000,0.3046881,0.1416974,0.0946921,0.0014999,0.6733861,0.0000000
2.079167,0.3051378,0.1416974,0.0943003,0.0014999,0.6733906,0.0000000
2.083333,0.3055981,0.1416974,0.0939178,0.0015000,0.6733951,0.0000000
2.087500,0.3060680,0.1416974,0.0935456,0.0014999,0.6733996,0.0000000
2.091667,0.3065469,0.1416974,0.0931846,0.0014999,0.6734041,0.0000000
2.095833,0.3070341,0.1416974,0.0928356,0.0015001,0.6734086,0.0000000
2.100000,0.3075287,0.1416974,0.0924996,0.0015000,0.6734130,0.0000000
2.104167,0.3080324,0.1416974,0.0921753,0.0014999,0.6734175,0.0000000
2.108333,0.3085465,0.1416974,0.0918613,0.0014999,0.6734220,0.0000000
2.112500,0.3090703,0.1416974,0.0915582,0.0014999,0.6734264,0.0000000
2.116667,0.3096024,0.1416974,0.0912668,0.0014999,0.6734309,0.0000000
2.120833,0.3101422,0.1416973,0.0909878,0.0014998,0.6734353,0.0000000
2.125000,0.3106884,0.1416973,0.0907219,0.0014999,0.6734398,0.0000000
2.129167,0.3112401,0.1416973,0.0904699,0.0014999,0.6734442,0.0000000
2.133333,0.3117963,0.1416973,0.0902324,0.0014998,0.6734486,0.0000000
2.137500,0.3123589,0.1416972,0.0900086,0.0014997,0.6734530,0.0000000
2.141667,0.3129299,0.1416972,0.0897973,0.0014997,0.6734574,0.0000000
2.145833,0.3135078,0.1416973,0.0895993,0.0014998,0.6734619,0.0000000
2.150000,0.3140917,0.1416973,0.0894146,0.0014997,0.6734663,0.0000000
2.154167,0.3146802,0.1416974,0.0892440,0.0014999,0.6734706,0.0000000
2.158333,0.3152724,0.1416974,0.0890878,0.0014999,0.6734750,0.0000000
2.162500,0.3158670,0.1416975,0.0889463,0.0015000,0.6734794,0.0000000
2.166667,0.3164628,0.1416974,0.0888202,0.0014999,0.6734837,0.0000000
2.170833,0.3170620,0.1416973,0.0887090,0.0014998,0.6734880,0.0000000
2.175000,0.3176665,0.1416973,0.0886122,0.0014998,0.6734924,0.0000000
2.179167,0.3182751,0.1416973,0.0885299,0.0014998,0.6734967,0.0000000
2.183333,0.3188866,0.1416973,0.0884622,0.0014997,0.6735010,0.0000000
2.187500,0.3194997,0.1416974,0.0884093,0.0015000,0.6735054,0.0000000
2.191667,0.3201132,0.1416975,0.0883713,0.0015001,0.6735097,0.0000000
2.195833,0.3207258,0.1416974,0.0883483,0.0014999,0.6735139,0.0000000
2.200000,0.3213365,0.1416974,0.0883405,0.0015000,0.6735182,0.0000000
2.204167,0.3219470,0.1416973,0.0883482,0.0014998,0.6735225,0.0000000
2.208333,0.3225595,0.1416972,0.0883711,0.0014997,0.6735268,0.0000000
2.212500,0.3231731,0.1416973,0.0884092,0.0014998,0.6735310,0.0000000
2.216667,0.3237862,0.1416975,0.0884622,0.0014999,0.6735352,0.0000000
2.220833,0.3243976,0.1416974,0.0885300,0.0015000,0.6735394,0.0000000
2.225000,0.3250063,0.1416976,0.0886124,0.0015001,0.6735437,0.0000000
2.229167,0.3256109,0.1416976,0.0887092,0.0015001,0.6735479,0.0000000
2.233333,0.3262102,0.1416975,0.0888203,0.0015000,0.6735521,0.0000000
2.237500,0.3268061,0.1416973,0.0889463,0.0014999,0.6735563,0.0000000
2.241667,0.3274007,0.1416973,0.0890876,0.0014999,0.6735604,0.0000000
2.245833,0.3279928,0.1416974,0.0892439,0.0014999,0.6735646,0.0000000
2.250000,0.3285812,0.1416973,0.0894146,0.0014999,0.6735687,0.0000000
2.254167,0.3291650,0.1416975,0.0895994,0.0015000,0.6735728,0.0000000
2.258333,0.3297429,0.1416975,0.0897976,0.0015000,0.6735770,0.0000000
2.262500,0.3303138,0.1416975,0.0900087,0.0015000,0.6735811,0.0000000
2.266667,0.3308767,0.1416975,0.0902325,0.0015000,0.6735851,0.0000000
2.270833,0.3314331,0.1416973,0.0904698,0.0014999,0.6735892,0.0000000
2.275000,0.3319848,0.1416972,0.0907218,0.0014998,0.6735933,0.0000000
2.279167,0.3325309,0.1416972,0.0909877,0.0014997,0.6735973,0.0000000
2.283333,0.3330705,0.1416973,0.0912667,0.0014997,0.6736014,0.0000000
2.287500,0.3336025,0.1416974,0.0915582,0.0015000,0.6736054,0.0000000
2.291667,0.3341261,0.1416973,0.0918613,0.0014998,0.6736094,0.0000000
2.295833,0.3346404,0.1416973,0.0921753,0.0014998,0.6736134,0.0000000
2.300000,0.3351443,0.1416974,0.0924996,0.0014999,0.6736174,0.0000000
2.304167,0.3356391,0.1416973,0.0928355,0.0014998,0.6736214,0.0000000
2.308333,0.3361263,0.1416972,0.0931845,0.0014997,0.6736253,0.0000000
2.312500,0.3366052,0.1416972,0.0935455,0.0014998,0.6736292,0.0000000
2.316667,0.3370750,0.1416971,0.0939177,0.0014996,0.6736332,0.0000000
2.320833,0.3375350,0.1416972,0.0943002,0.0014997,0.6736370,0.0000000
2.325000,0.3379847,0.1416974,0.0946920,0.0014999,0.6736409,0.0000000
2.329167,0.3384231,0.1416973,0.0950923,0.0014999,0.6736447,0.0000000
2.333333,0.3388498,0.1416973,0.0955000,0.0014999,0.6736487,0.0000000
2.337500,0.3392654,0.1416974,0.0959168,0.0015000,0.6736525,0.0000000
2.341667,0.3396710,0.1416972,0.0963445,0.0014997,0.6736563,0.0000000
2.345833,0.3400660,0.1416973,0.0967818,0.0014998,0.6736602,0.0000000
2.350000,0.3404502,0.1416973,0.0972279,0.0014998,0.6736640,0.0000000
2.354167,0.3408231,0.1416973,0.0976816,0.0014997,0.6736678,0.0000000
2.358333,0.3411842,0.1416973,0.0981421,0.0014998,0.6736715,0.0000000
2.362500,0.3415331,0.1416974,0.0986081,0.0014999,0.6736753,0.0000000
2.366667,0.3418694,0.1416974,0.0990787,0.0014999,0.6736790,0.0000000
2.370833,0.3421935,0.1416974,0.0995557,0.0014999,0.6736827,0.0000000
2.375000,0.3425059,0.1416973,0.1000407,0.0014999,0.6736864,0.0000000
2.379167,0.3428064,0.1416973,0.1005328,0.0014998,0.6736902,0.0000000
2.383333,0.3430949,0.1416972,0.1010308,0.0014996,0.6736938,0.0000000
2.387500,0.3433711,0.1416972,0.1015337,0.0014998,0.6736975,0.0000000
2.391667,0.3436351,0.1416972,0.1020405,0.0014998,0.6737011,0.0000000
2.395833,0.3438866,0.1416973,0.1025500,0.0014998,0.6737047,0.0000000
2.400000,0.3441254,0.1416974,0.1030613,0.0014999,0.6737083,0.0000000
2.404167,0.3443516,0.1416974,0.1035759,0.0014999,0.6737119,0.0000000
2.408333,0.3445652,0.1416973,0.1040957,0.0014999,0.6737154,0.0000000
2.412500,0.3447662,0.1416973,0.1046197,0.0014998,0.6737190,0.0000000
2.416667,0.3449548,0.1416972,0.1051469,0.0014998,0.6737225,0.0000000
2.420833,0.3451311,0.1416972,0.1056761,0.0014997,0.6737260,0.0000000
2.425000,0.3452953,0.1416972,0.1062064,0.0014997,0.6737295,0.0000000
2.429167,0.3454472,0.1416973,0.1067369,0.0014997,0.6737329,0.0000000
2.433333,0.3455873,0.1416975,0.1072664,0.0014999,0.6737365,0.0000000
2.437500,0.3457150,0.1416975,0.1077966,0.0015000,0.6737399,0.0000000
2.441667,0.3458299,0.1416974,0.1083290,0.0014999,0.6737432,0.0000000
2.445833,0.3459324,0.1416974,0.1088628,0.0014999,0.6737466,0.0000000
2.450000,0.3460228,0.1416973,0.1093970,0.0014998,0.6737500,0.0000000
2.454167,0.3461015,0.1416972,0.1099307,0.0014997,0.6737533,0.0000000
2.458333,0.3461686,0.1416972,0.1104631,0.0014998,0.6737567,0.0000000
2.462500,0.3462248,0.1416973,0.1109933,0.0014998,0.6737599,0.0000000
2.466667,0.3462701,0.1416974,0.1115202,0.0014999,0.6737633,0.0000000
2.470833,0.3463040,0.1416976,0.1120453,0.0015000,0.6737665,0.0000000
2.475000,0.3463256,0.1416975,0.1125700,0.0015000,0.6737698,0.0000000
2.479167,0.3463356,0.1416975,0.1130935,0.0015000,0.6737731,0.0000000
2.483333,0.3463345,0.1416974,0.1136150,0.0014999,0.6737762,0.0000000
2.487500,0.3463226,0.1416973,0.1141338,0.0014998,0.6737795,0.0000000
2.491667,0.3463006,0.1416972,0.1146492,0.0014997,0.6737826,0.0000000
2.495833,0.3462689,0.1416972,0.1151604,0.0014997,0.6737857,0.0000000
2.500000,0.3462281,0.1416973,0.1156667,0.0014998,0.6737888,0.0000000
2.504167,0.3461771,0.1416976,0.1161690,0.0015001,0.6737920,0.0000000
2.508333,0.3461151,0.1416974,0.1166687,0.0014999,0.6737950,0.0000000
2.512500,0.3460428,0.1416975,0.1171649,0.0015001,0.6737981,0.0000000
2.516667,0.3459606,0.1416973,0.1176573,0.0014998,0.6738011,0.0000000
2.520833,0.3458692,0.1416972,0.1181452,0.0014997,0.6738042,0.0000000
2.525000,0.3457693,0.1416972,0.1186281,0.0014997,0.6738071,0.0000000
2.529167,0.3456614,0.1416972,0.1191054,0.0014996,0.6738101,0.0000000
2.533333,0.3455463,0.1416974,0.1195765,0.0014999,0.6738131,0.0000000
2.537500,0.3454227,0.1416976,0.1200421,0.0015000,0.6738160,0.0000000
2.541667,0.3452898,0.1416975,0.1205032,0.0014999,0.6738189,0.0000000
2.545833,0.3451479,0.1416974,0.1209592,0.0014998,0.6738218,0.0000000
2.550000,0.3449981,0.1416973,0.1214098,0.0014997,0.6738247,0.0000000
2.554167,0.3448408,0.1416972,0.1218547,0.0014997,0.6738275,0.0000000
2.558333,0.3446767,0.1416971,0.1222935,0.0014995,0.6738303,0.0000000
2.562500,0.3445066,0.1416972,0.1227258,0.0014997,0.6738331,0.0000000
2.566667,0.3443311,0.1416974,0.1231511,0.0014998,0.6738359,0.0000000
2.570833,0.3441491,0.1416976,0.1235701,0.0015000,0.6738387,0.0000000
2.575000,0.3439594,0.1416976,0.1239831,0.0015001,0.6738414,0.0000000
2.579167,0.3437628,0.1416974,0.1243899,0.0014999,0.6738441,0.0000000
2.583333,0.3435601,0.1416974,0.1247904,0.0014999,0.6738467,0.0000000
2.587500,0.3433516,0.1416973,0.1251844,0.0014998,0.6738495,0.0000000
2.591667,0.3431384,0.1416972,0.1255717,0.0014997,0.6738521,0.0000000
2.595833,0.3429209,0.1416972,0.1259520,0.0014997,0.6738547,0.0000000
2.600000,0.3426999,0.1416974,0.1263252,0.0014999,0.6738573,0.0000000
2.604167,0.3424744,0.1416975,0.1266915,0.0015000,0.6738598,0.0000000
2.608333,0.3422431,0.1416976,0.1270509,0.0015002,0.6738624,0.0000000
2.612500,0.3420069,0.1416975,0.1274036,0.0015001,0.6738649,0.0000000
2.616667,0.3417662,0.1416974,0.1277495,0.0014999,0.6738674,0.0000000
2.620833,0.3415217,0.1416973,0.1280886,0.0014998,0.6738699,0.0000000
2.625000,0.3412743,0.1416972,0.1284208,0.0014997,0.6738723,0.0000000
2.629167,0.3410243,0.1416972,0.1287460,0.0014997,0.6738747,0.0000000
2.633333,0.3407726,0.1416974,0.1290643,0.0014999,0.6738771,0.0000000
2.637500,0.3405181,0.1416975,0.1293757,0.0014999,0.6738795,0.0000000
2.641667,0.3402598,0.1416976,0.1296798,0.0015001,0.6738818,0.0000000
2.645833,0.3399982,0.1416975,0.1299771,0.0015000,0.6738842,0.0000000
2.650000,0.3397341,0.1416974,0.1302675,0.0014999,0.6738865,0.0000000
2.654167,0.3394679,0.1416973,0.1305512,0.0014998,0.6738887,0.0000000
2.658333,0.3392003,0.1416972,0.1308282,0.0014997,0.6738911,0.0000000
2.662500,0.3389319,0.1416972,0.1310986,0.0014996,0.6738932,0.0000000
2.666667,0.3386630,0.1416973,0.1313625,0.0014997,0.6738954,0.0000000
2.670833,0.3383932,0.1416975,0.1316197,0.0015000,0.6738976,0.0000000
2.675000,0.3381212,0.1416975,0.1318699,0.0015001,0.6738997,0.0000000
2.679167,0.3378477,0.1416974,0.1321134,0.0014999,0.6739019,0.0000000
2.683333,0.3375730,0.1416972,0.1323503,0.0014997,0.6739040,0.0000000
2.687500,0.3372979,0.1416972,0.1325809,0.0014997,0.6739060,0.0000000
2.691667,0.3370228,0.1416971,0.1328053,0.0014996,0.6739081,0.0000000
2.695833,0.3367481,0.1416972,0.1330237,0.0014997,0.6739101,0.0000000
2.700000,0.3364744,0.1416974,0.1332363,0.0014999,0.6739121,0.0000000
2.704167,0.3362009,0.1416975,0.1334428,0.0014999,0.6739141,0.0000000
2.708333,0.3359269,0.1416974,0.1336427,0.0014999,0.6739160,0.0000000
2.712500,0.3356528,0.1416974,0.1338364,0.0014999,0.6739179,0.0000000
2.716667,0.3353789,0.1416973,0.1340241,0.0014999,0.6739198,0.0000000
2.720833,0.3351058,0.1416973,0.1342060,0.0014998,0.6739216,0.0000000
2.725000,0.3348339,0.1416972,0.1343825,0.0014997,0.6739235,0.0000000
2.729167,0.3345634,0.1416972,0.1345537,0.0014997,0.6739253,0.0000000
2.733333,0.3342949,0.1416975,0.1347200,0.0014999,0.6739271,0.0000000
2.737500,0.3340278,0.1416975,0.1348808,0.0015000,0.6739289,0.0000000
2.741667,0.3337614,0.1416975,0.1350357,0.0014999,0.6739306,0.0000000
2.745833,0.3334961,0.1416975,0.1351850,0.0014999,0.6739324,0.0000000
2.750000,0.3332322,0.1416974,0.1353292,0.0014998,0.6739339,0.0000000
2.754167,0.3329700,0.1416974,0.1354682,0.0014998,0.6739357,0.0000000
2.758333,0.3327098,0.1416973,0.1356025,0.0014998,0.6739373,0.0000000
2.762500,0.3324519,0.1416973,0.1357325,0.0014997,0.6739389,0.0000000
2.766667,0.3321967,0.1416974,0.1358584,0.0014999,0.6739405,0.0000000
2.770833,0.3319437,0.1416975,0.1359797,0.0015000,0.6739420,0.0000000
2.775000,0.3316925,0.1416976,0.1360959,0.0015000,0.6739435,0.0000000
2.779167,0.3314433,0.1416974,0.1362073,0.0014999,0.6739451,0.0000000
2.783333,0.3311963,0.1416975,0.1363142,0.0014999,0.6739465,0.0000000
2.787500,0.3309518,0.1416974,0.1364170,0.0014998,0.6739479,0.0000000
2.791667,0.3307099,0.1416974,0.1365158,0.0014999,0.6739494,0.0000000
2.795833,0.3304710,0.1416973,0.1366112,0.0014998,0.6739507,0.0000000
2.800000,0.3302350,0.1416975,0.1367032,0.0014999,0.6739521,0.0000000
2.804167,0.3300020,0.1416973,0.1367915,0.0014999,0.6739534,0.0000000
2.808333,0.3297715,0.1416974,0.1368756,0.0014999,0.6739547,0.0000000
2.812500,0.3295437,0.1416974,0.1369557,0.0014998,0.6739560,0.0000000
2.816667,0.3293186,0.1416973,0.1370321,0.0014998,0.6739572,0.0000000
2.820833,0.3290966,0.1416973,0.1371053,0.0014998,0.6739585,0.0000000
2.825000,0.3288776,0.1416973,0.1371752,0.0014997,0.6739597,0.0000000
2.829167,0.3286619,0.1416973,0.1372425,0.0014998,0.6739609,0.0000000
2.833333,0.3284496,0.1416973,0.1373072,0.0014998,0.6739620,0.0000000
2.837500,0.3282404,0.1416973,0.1373691,0.0014998,0.6739631,0.0000000
2.841667,0.3280344,0.1416974,0.1374274,0.0014999,0.6739642,0.0000000
2.845833,0.3278314,0.1416973,0.1374828,0.0014998,0.6739653,0.0000000
2.850000,0.3276316,0.1416974,0.1375352,0.0014998,0.6739663,0.0000000
2.854167,0.3274350,0.1416973,0.1375850,0.0014998,0.6739672,0.0000000
2.858333,0.3272418,0.1416973,0.1376324,0.0014998,0.6739683,0.0000000
2.862500,0.3270521,0.1416973,0.1376778,0.0014998,0.6739691,0.0000000
2.866667,0.3268658,0.1416974,0.1377214,0.0014998,0.6739701,0.0000000
2.870833,0.3266829,0.1416973,0.1377628,0.0014998,0.6739710,0.0000000
2.875000,0.3265033,0.1416974,0.1378016,0.0014999,0.6739718,0.0000000
2.879167,0.3263272,0.1416974,0.1378379,0.0014998,0.6739727,0.0000000
2.883333,0.3261544,0.1416973,0.1378721,0.0014998,0.6739734,0.0000000
2.887500,0.3259849,0.1416974,0.1379043,0.0014999,0.6739742,0.0000000
2.891667,0.3258189,0.1416973,0.1379349,0.0014998,0.6739750,0.0000000
2.895833,0.3256564,0.1416974,0.1379640,0.0014999,0.6739758,0.0000000
2.900000,0.3254972,0.1416975,0.1379918,0.0014999,0.6739764,0.0000000
2.904167,0.3253416,0.1416973,0.1380181,0.0014998,0.6739771,0.0000000
2.908333,0.3251894,0.1416975,0.1380425,0.0014998,0.6739777,0.0000000
2.912500,0.3250407,0.1416975,0.1380650,0.0014999,0.6739783,0.0000000
2.916667,0.3248954,0.1416974,0.1380861,0.0014998,0.6739789,0.0000000
2.920833,0.3247534,0.1416973,0.1381057,0.0014998,0.6739795,0.0000000
2.925000,0.3246148,0.1416973,0.1381243,0.0014998,0.6739800,0.0000000
2.929167,0.3244796,0.1416974,0.1381418,0.0014999,0.6739805,0.0000000
2.933333,0.3243476,0.1416974,0.1381585,0.0014999,0.6739810,0.0000000
2.937500,0.3242191,0.1416975,0.1381741,0.0015000,0.6739814,0.0000000
2.941667,0.3240939,0.1416975,0.1381885,0.0015000,0.6739818,0.0000000
2.945833,0.3239723,0.1416974,0.1382015,0.0014999,0.6739822,0.0000000
2.950000,0.3238539,0.1416974,0.1382136,0.0014999,0.6739826,0.0000000
2.954167,0.3237388,0.1416974,0.1382247,0.0014999,0.6739829,0.0000000
2.958333,0.3236268,0.1416973,0.1382351,0.0014999,0.6739831,0.0000000
2.962500,0.3235181,0.1416972,0.1382448,0.0014998,0.6739834,0.0000000
2.966667,0.3234124,0.1416973,0.1382541,0.0014998,0.6739836,0.0000000
2.970833,0.3233098,0.1416973,0.1382628,0.0014998,0.6739839,0.0000000
2.975000,0.3232107,0.1416973,0.1382705,0.0014998,0.6739841,0.0000000
2.979167,0.3231147,0.1416973,0.1382775,0.0014999,0.6739842,0.0000000
2.983333,0.3230219,0.1416973,0.1382838,0.0014998,0.6739843,0.0000000
2.987500,0.3229323,0.1416973,0.1382895,0.0014998,0.6739845,0.0000000
2.991667,0.3228455,0.1416974,0.1382948,0.0014999,0.6739846,0.0000000
2.995833,0.3227616,0.1416974,0.1382997,0.0014999,0.6739846,0.0000000
3.000000,0.3226804,0.1416974,0.1383044,0.0014999,0.6739846,0.0000000
3.004167,0.3226022,0.1416974,0.1383087,0.0014999,0.6739846,0.0000000
3.008333,0.3225271,0.1416974,0.1383125,0.0014999,0.6739846,0.0000000
3.012500,0.3224551,0.1416974,0.1383158,0.0014999,0.6739845,0.0000000
3.016667,0.3223859,0.1416974,0.1383186,0.0014999,0.6739843,0.0000000
3.020833,0.3223195,0.1416973,0.1383212,0.0014999,0.6739842,0.0000000
3.025000,0.3222557,0.1416974,0.1383235,0.0014999,0.6739841,0.0000000
3.029167,0.3221944,0.1416975,0.1383257,0.0015000,0.6739839,0.0000000
3.033333,0.3221355,0.1416973,0.1383278,0.0014998,0.6739836,0.0000000
3.037500,0.3220792,0.1416974,0.1383297,0.0014999,0.6739834,0.0000000
3.041667,0.3220258,0.1416974,0.1383312,0.0014999,0.6739831,0.0000000
3.045833,0.3219750,0.1416974,0.1383326,0.0014999,0.6739829,0.0000000
3.050000,0.3219269,0.1416975,0.1383337,0.0015000,0.6739826,0.0000000
3.054167,0.3218811,0.1416974,0.1383347,0.0014999,0.6739822,0.0000000
3.058333,0.3218375,0.1416974,0.1383355,0.0014999,0.6739818,0.0000000
3.062500,0.3217961,0.1416973,0.1383363,0.0014998,0.6739814,0.0000000
3.066667,0.3217566,0.1416974,0.1383371,0.0014999,0.6739810,0.0000000
3.070833,0.3217193,0.1416975,0.1383377,0.0014999,0.6739805,0.0000000
3.075000,0.3216845,0.1416974,0.1383383,0.0014999,0.6739800,0.0000000
3.079167,0.3216521,0.1416975,0.1383387,0.0015000,0.6739795,0.0000000
3.083333,0.3216217,0.1416974,0.1383390,0.0014999,0.6739789,0.0000000
3.087500,0.3215934,0.1416974,0.1383392,0.0014998,0.6739783,0.0000000
3.091667,0.3215668,0.1416975,0.1383394,0.0014999,0.6739777,0.0000000
3.095833,0.3215419,0.1416974,0.1383396,0.0014999,0.6739771,0.0000000
3.100000,0.3215185,0.1416974,0.1383398,0.0014999,0.6739764,0.0000000
3.104167,0.3214968,0.1416974,0.1383400,0.0014999,0.6739758,0.0000000
3.108333,0.3214771,0.1416974,0.1383401,0.0014999,0.6739750,0.0000000
3.112500,0.3214594,0.1416974,0.1383402,0.0014998,0.6739742,0.0000000
3.116667,0.3214432,0.1416974,0.1383403,0.0014999,0.6739734,0.0000000
3.120833,0.3214287,0.1416974,0.1383404,0.0014999,0.6739727,0.0000000
3.125000,0.3214154,0.1416974,0.1383405,0.0014999,0.6739718,0.0000000
3.129167,0.3214031,0.1416974,0.1383405,0.0014999,0.6739710,0.0000000
3.133333,0.3213918,0.1416974,0.1383405,0.0014998,0.6739701,0.0000000
3.137500,0.3213817,0.1416973,0.1383405,0.0014998,0.6739691,0.0000000
3.141667,0.3213733,0.1416974,0.1383405,0.0014998,0.6739683,0.0000000
3.145833,0.3213662,0.1416973,0.1383405,0.0014997,0.6739672,0.0000000
3.150000,0.3213602,0.1416974,0.1383405,0.0014999,0.6739663,0.0000000
3.154167,0.3213553,0.1416974,0.1383405,0.0014998,0.6739653,0.0000000
3.158333,0.3213510,0.1416974,0.1383404,0.0014999,0.6739642,0.0000000
3.162500,0.3213472,0.1416974,0.1383405,0.0014998,0.6739631,0.0000000
3.166667,0.3213437,0.1416974,0.1383405,0.0014999,0.6739620,0.0000000
3.170833,0.3213408,0.1416974,0.1383405,0.0014999,0.6739609,0.0000000
3.175000,0.3213390,0.1416973,0.1383406,0.0014998,0.6739597,0.0000000
3.179167,0.3213379,0.1416973,0.1383408,0.0014997,0.6739585,0.0000000
3.183333,0.3213375,0.1416974,0.1383410,0.0014999,0.6739572,0.0000000
3.187500,0.3213374,0.1416973,0.1383410,0.0014998,0.6739560,0.0000000
3.191667,0.3213373,0.1416973,0.1383410,0.0014998,0.6739547,0.0000000
3.195833,0.3213371,0.1416974,0.1383408,0.0014998,0.6739534,0.0000000
3.200000,0.3213365,0.1416974,0.1383405,0.0014999,0.6739521,0.0000000
3.204167,0.3213360,0.1416975,0.1383402,0.0014999,0.6739507,0.0000000
3.208333,0.3213358,0.1416973,0.1383401,0.0014999,0.6739494,0.0000000
3.212500,0.3213357,0.1416974,0.1383402,0.0014999,0.6739479,0.0000000
3.216667,0.3213356,0.1416975,0.1383400,0.0014999,0.6739466,0.0000000
3.220833,0.3213353,0.1416974,0.1383393,0.0014999,0.6739451,0.0000000
3.225000,0.3213343,0.1416975,0.1383380,0.0014999,0.6739435,0.0000000
3.229167,0.3213326,0.1416973,0.1383359,0.0014998,0.6739420,0.0000000
3.233333,0.3213300,0.1416974,0.1383327,0.0014999,0.6739405,0.0000000
3.237500,0.3213268,0.1416974,0.1383288,0.0014999,0.6739389,0.0000000
3.241667,0.3213233,0.1416974,0.1383246,0.0014999,0.6739373,0.0000000
3.245833,0.3213194,0.1416973,0.1383199,0.0014998,0.6739357,0.0000000
3.250000,0.3213148,0.1416973,0.1383143,0.0014998,0.6739339,0.0000000
3.254167,0.3213093,0.1416974,0.1383078,0.0014999,0.6739324,0.0000000
3.258333,0.3213027,0.1416973,0.1382999,0.0014998,0.6739306,0.0000000
3.262500,0.3212949,0.1416973,0.1382905,0.0014998,0.6739289,0.0000000
3.266667,0.3212856,0.1416974,0.1382793,0.0014999,0.6739271,0.0000000
3.270833,0.3212751,0.1416973,0.1382668,0.0014998,0.6739253,0.0000000
3.275000,0.3212638,0.1416974,0.1382532,0.0014998,0.6739235,0.0000000
3.279167,0.3212514,0.1416974,0.1382384,0.0014998,0.6739216,0.0000000
3.283333,0.3212379,0.1416974,0.1382222,0.0014999,0.6739198,0.0000000
3.287500,0.3212229,0.1416974,0.1382043,0.0014999,0.6739179,0.0000000
3.291667,0.3212064,0.1416974,0.1381845,0.0014999,0.6739160,0.0000000
3.295833,0.3211881,0.1416975,0.1381626,0.0014999,0.6739141,0.0000000
3.300000,0.3211678,0.1416975,0.1381383,0.0014999,0.6739121,0.0000000
3.304167,0.3211459,0.1416974,0.1381119,0.0014999,0.6739101,0.0000000
3.308333,0.3211226,0.1416974,0.1380840,0.0014999,0.6739081,0.0000000
3.312500,0.3210978,0.1416974,0.1380542,0.0014999,0.6739060,0.0000000
3.316667,0.3210713,0.1416975,0.1380223,0.0015000,0.6739040,0.0000000
3.320833,0.3210430,0.1416974,0.1379883,0.0014999,0.6739019,0.0000000
3.325000,0.3210125,0.1416974,0.1379518,0.0014999,0.6738997,0.0000000
3.329167,0.3209799,0.1416974,0.1379126,0.0015000,0.6738976,0.0000000
3.333333,0.3209448,0.1416975,0.1378705,0.0015000,0.6738954,0.0000000
3.337500,0.3209076,0.1416974,0.1378259,0.0014999,0.6738932,0.0000000
3.341667,0.3208686,0.1416974,0.1377790,0.0014999,0.6738911,0.0000000
3.345833,0.3208275,0.1416973,0.1377298,0.0014998,0.6738887,0.0000000
3.350000,0.3207842,0.1416974,0.1376779,0.0014999,0.6738865,0.0000000
3.354167,0.3207387,0.1416974,0.1376233,0.0014998,0.6738842,0.0000000
3.358333,0.3206907,0.1416974,0.1375657,0.0014998,0.6738818,0.0000000
3.362500,0.3206400,0.1416974,0.1375051,0.0014999,0.6738795,0.0000000
3.366667,0.3205867,0.1416974,0.1374411,0.0014999,0.6738771,0.0000000
3.370833,0.3205307,0.1416973,0.1373741,0.0014998,0.6738747,0.0000000
3.375000,0.3204724,0.1416973,0.1373042,0.0014999,0.6738723,0.0000000
3.379167,0.3204117,0.1416973,0.1372315,0.0014998,0.6738699,0.0000000
3.383333,0.3203484,0.1416973,0.1371557,0.0014999,0.6738674,0.0000000
3.387500,0.3202825,0.1416974,0.1370768,0.0014998,0.6738649,0.0000000
3.391667,0.3202137,0.1416974,0.1369944,0.0014999,0.6738624,0.0000000
3.395833,0.3201419,0.1416974,0.1369086,0.0014999,0.6738598,0.0000000
3.400000,0.3200670,0.1416973,0.1368191,0.0014998,0.6738573,0.0000000
3.404167,0.3199891,0.1416973,0.1367261,0.0014998,0.6738547,0.0000000
3.408333,0.3199087,0.1416973,0.1366299,0.0014997,0.6738521,0.0000000
3.412500,0.3198254,0.1416973,0.1365304,0.0014998,0.6738495,0.0000000
3.416667,0.3197391,0.1416973,0.1364275,0.0014997,0.6738467,0.0000000
3.420833,0.3196498,0.1416973,0.1363209,0.0014999,0.6738441,0.0000000
3.425000,0.3195574,0.1416974,0.1362108,0.0014999,0.6738414,0.0000000
3.429167,0.3194617,0.1416974,0.1360969,0.0014998,0.6738387,0.0000000
3.433333,0.3193626,0.1416973,0.1359792,0.0014998,0.6738359,0.0000000
3.437500,0.3192602,0.1416973,0.1358576,0.0014996,0.6738331,0.0000000
3.441667,0.3191549,0.1416972,0.1357326,0.0014997,0.6738303,0.0000000
3.445833,0.3190463,0.1416973,0.1356038,0.0014998,0.6738275,0.0000000
3.450000,0.3189346,0.1416974,0.1354713,0.0014999,0.6738247,0.0000000
3.454167,0.3188195,0.1416974,0.1353351,0.0015000,0.6738218,0.0000000
3.458333,0.3187010,0.1416974,0.1351952,0.0014999,0.6738189,0.0000000
3.462500,0.3185791,0.1416975,0.1350515,0.0015001,0.6738160,0.0000000
3.466667,0.3184535,0.1416974,0.1349040,0.0015000,0.6738131,0.0000000
3.470833,0.3183245,0.1416973,0.1347526,0.0014998,0.6738101,0.0000000
3.475000,0.3181921,0.1416973,0.1345973,0.0014998,0.6738071,0.0000000
3.479167,0.3180564,0.1416974,0.1344383,0.0014998,0.6738042,0.0000000
3.483333,0.3179172,0.1416974,0.1342755,0.0014999,0.6738011,0.0000000
3.487500,0.3177744,0.1416975,0.1341091,0.0014999,0.6737981,0.0000000
3.491667,0.3176281,0.1416975,0.1339390,0.0015001,0.6737950,0.0000000
3.495833,0.3174782,0.1416975,0.1337655,0.0015000,0.6737920,0.0000000
3.500000,0.3173246,0.1416973,0.1335886,0.0014999,0.6737888,0.0000000
3.504167,0.3171674,0.1416973,0.1334080,0.0014998,0.6737857,0.0000000
3.508333,0.3170066,0.1416973,0.1332234,0.0014998,0.6737826,0.0000000
3.512500,0.3168422,0.1416974,0.1330352,0.0014999,0.6737795,0.0000000
3.516667,0.3166742,0.1416974,0.1328435,0.0014999,0.6737763,0.0000000
3.520833,0.3165027,0.1416975,0.1326486,0.0015000,0.6737731,0.0000000
3.525000,0.3163275,0.1416975,0.1324507,0.0014999,0.6737698,0.0000000
3.529167,0.3161488,0.1416975,0.1322500,0.0015000,0.6737665,0.0000000
3.533333,0.3159664,0.1416975,0.1320468,0.0015000,0.6737633,0.0000000
3.537500,0.3157803,0.1416972,0.1318406,0.0014997,0.6737599,0.0000000
3.541667,0.3155905,0.1416973,0.1316305,0.0014998,0.6737567,0.0000000
3.545833,0.3153971,0.1416973,0.1314174,0.0014998,0.6737533,0.0000000
3.550000,0.3152001,0.1416973,0.1312015,0.0014998,0.6737500,0.0000000
3.554167,0.3149996,0.1416975,0.1309832,0.0015000,0.6737466,0.0000000
3.558333,0.3147956,0.1416975,0.1307631,0.0015001,0.6737432,0.0000000
3.562500,0.3145881,0.1416976,0.1305417,0.0015001,0.6737399,0.0000000
3.566667,0.3143772,0.1416973,0.1303194,0.0014998,0.6737365,0.0000000
3.570833,0.3141627,0.1416974,0.1300950,0.0014998,0.6737329,0.0000000
3.575000,0.3139445,0.1416973,0.1298677,0.0014998,0.6737295,0.0000000
3.579167,0.3137228,0.1416972,0.1296383,0.0014997,0.6737260,0.0000000
3.583333,0.3134977,0.1416972,0.1294074,0.0014997,0.6737225,0.0000000
3.587500,0.3132692,0.1416973,0.1291757,0.0014998,0.6737190,0.0000000
3.591667,0.3130375,0.1416973,0.1289442,0.0014998,0.6737154,0.0000000
3.595833,0.3128028,0.1416974,0.1287133,0.0014999,0.6737119,0.0000000
3.600000,0.3125651,0.1416973,0.1284839,0.0014999,0.6737083,0.0000000
3.604167,0.3123242,0.1416972,0.1282544,0.0014997,0.6737047,0.0000000
3.608333,0.3120798,0.1416973,0.1280234,0.0014998,0.6737011,0.0000000
3.612500,0.3118321,0.1416973,0.1277920,0.0014997,0.6736975,0.0000000
3.616667,0.3115813,0.1416973,0.1275613,0.0014997,0.6736938,0.0000000
3.620833,0.3113277,0.1416973,0.1273321,0.0014998,0.6736902,0.0000000
3.625000,0.3110714,0.1416973,0.1271057,0.0014998,0.6736864,0.0000000
3.629167,0.3108128,0.1416974,0.1268829,0.0014999,0.6736827,0.0000000
3.633333,0.3105519,0.1416975,0.1266650,0.0015000,0.6736790,0.0000000
3.637500,0.3102883,0.1416974,0.1264497,0.0014999,0.6736753,0.0000000
3.641667,0.3100217,0.1416973,0.1262353,0.0014999,0.6736715,0.0000000
3.645833,0.3097523,0.1416973,0.1260229,0.0014998,0.6736678,0.0000000
3.650000,0.3094804,0.1416972,0.1258140,0.0014997,0.6736640,0.0000000
3.654167,0.3092064,0.1416971,0.1256100,0.0014996,0.6736602,0.0000000
3.658333,0.3089307,0.1416971,0.1254122,0.0014996,0.6736563,0.0000000
3.662500,0.3086535,0.1416972,0.1252219,0.0014997,0.6736525,0.0000000
3.666667,0.3083752,0.1416973,0.1250406,0.0014998,0.6736487,0.0000000
3.670833,0.3080952,0.1416974,0.1248656,0.0014998,0.6736447,0.0000000
3.675000,0.3078126,0.1416974,0.1246946,0.0014999,0.6736409,0.0000000
3.679167,0.3075282,0.1416973,0.1245292,0.0014999,0.6736370,0.0000000
3.683333,0.3072422,0.1416971,0.1243710,0.0014996,0.6736332,0.0000000
3.687500,0.3069552,0.1416972,0.1242215,0.0014996,0.6736292,0.0000000
3.691667,0.3066676,0.1416971,0.1240825,0.0014996,0.6736253,0.0000000
3.695833,0.3063800,0.1416973,0.1239554,0.0014998,0.6736214,0.0000000
3.700000,0.3060928,0.1416973,0.1238420,0.0014997,0.6736174,0.0000000
3.704167,0.3058050,0.1416974,0.1237394,0.0014998,0.6736134,0.0000000
3.708333,0.3055158,0.1416975,0.1236449,0.0015000,0.6736094,0.0000000
3.712500,0.3052257,0.1416974,0.1235602,0.0014999,0.6736054,0.0000000
3.716667,0.3049355,0.1416974,0.1234870,0.0014998,0.6736014,0.0000000
3.720833,0.3046456,0.1416973,0.1234269,0.0014998,0.6735973,0.0000000
3.725000,0.3043568,0.1416972,0.1233816,0.0014997,0.6735933,0.0000000
3.729167,0.3040698,0.1416972,0.1233527,0.0014997,0.6735892,0.0000000
3.733333,0.3037850,0.1416974,0.1233421,0.0014998,0.6735851,0.0000000
3.737500,0.3035012,0.1416974,0.1233470,0.0014999,0.6735811,0.0000000
3.741667,0.3032175,0.1416975,0.1233649,0.0015000,0.6735770,0.0000000
3.745833,0.3029343,0.1416976,0.1233971,0.0015002,0.6735728,0.0000000
3.750000,0.3026527,0.1416977,0.1234452,0.0015002,0.6735687,0.0000000
3.754167,0.3023733,0.1416978,0.1235106,0.0015003,0.6735646,0.0000000
3.758333,0.3020971,0.1416977,0.1235946,0.0015001,0.6735604,0.0000000
3.762500,0.3018247,0.1416976,0.1236987,0.0015001,0.6735563,0.0000000
3.766667,0.3015569,0.1416975,0.1238244,0.0015000,0.6735521,0.0000000
3.770833,0.3012922,0.1416973,0.1239700,0.0014998,0.6735479,0.0000000
3.775000,0.3010291,0.1416976,0.1241334,0.0015001,0.6735437,0.0000000
3.779167,0.3007687,0.1416977,0.1243155,0.0015003,0.6735394,0.0000000
3.783333,0.3005119,0.1416979,0.1245170,0.0015004,0.6735352,0.0000000
3.787500,0.3002595,0.1416982,0.1247386,0.0015006,0.6735310,0.0000000
3.791667,0.3000125,0.1416982,0.1249813,0.0015007,0.6735268,0.0000000
3.795833,0.2997719,0.1416979,0.1252456,0.0015003,0.6735225,0.0000000
3.800000,0.2995386,0.1416974,0.1255324,0.0014999,0.6735182,0.0000000
3.804167,0.2993108,0.1416971,0.1258418,0.0014996,0.6735139,0.0000000
3.808333,0.2990868,0.1416971,0.1261730,0.0014996,0.6735097,0.0000000
3.812500,0.2988677,0.1416975,0.1265257,0.0014999,0.6735054,0.0000000
3.816667,0.2986546,0.1416980,0.1268994,0.0015005,0.6735010,0.0000000
3.820833,0.2984484,0.1416983,0.1272938,0.0015008,0.6734967,0.0000000
3.825000,0.2982503,0.1416986,0.1277085,0.0015011,0.6734924,0.0000000
3.829167,0.2980612,0.1416982,0.1281432,0.0015008,0.6734880,0.0000000
3.833333,0.2978822,0.1416974,0.1285975,0.0014999,0.6734837,0.0000000
3.837500,0.2977115,0.1416966,0.1290739,0.0014991,0.6734794,0.0000000
3.841667,0.2975473,0.1416966,0.1295737,0.0014991,0.6734750,0.0000000
3.845833,0.2973905,0.1416968,0.1300951,0.0014992,0.6734706,0.0000000
3.850000,0.2972423,0.1416974,0.1306359,0.0014999,0.6734663,0.0000000
3.854167,0.2971038,0.1416980,0.1311945,0.0015006,0.6734619,0.0000000
3.858333,0.2969759,0.1416983,0.1317686,0.0015008,0.6734574,0.0000000
3.862500,0.2968598,0.1416982,0.1323565,0.0015008,0.6734530,0.0000000
3.866667,0.2967566,0.1416973,0.1329561,0.0014998,0.6734486,0.0000000
3.870833,0.2966645,0.1416963,0.1335730,0.0014988,0.6734442,0.0000000
3.875000,0.2965819,0.1416960,0.1342109,0.0014985,0.6734398,0.0000000
3.879167,0.2965095,0.1416960,0.1348665,0.0014985,0.6734353,0.0000000
3.883333,0.2964484,0.1416965,0.1355358,0.0014990,0.6734309,0.0000000
3.887500,0.2963996,0.1416970,0.1362151,0.0014996,0.6734264,0.0000000
3.891667,0.2963640,0.1416975,0.1369007,0.0014999,0.6734220,0.0000000
3.895833,0.2963426,0.1416977,0.1375888,0.0015002,0.6734175,0.0000000
3.900000,0.2963366,0.1416974,0.1382758,0.0014999,0.6734130,0.0000000
3.904167,0.2963445,0.1416966,0.1389697,0.0014991,0.6734086,0.0000000
3.908333,0.2963648,0.1416959,0.1396775,0.0014984,0.6734041,0.0000000
3.912500,0.2963981,0.1416954,0.1403939,0.0014979,0.6733996,0.0000000
3.916667,0.2964455,0.1416954,0.1411136,0.0014979,0.6733951,0.0000000
3.920833,0.2965074,0.1416955,0.1418312,0.0014981,0.6733906,0.0000000
3.925000,0.2965847,0.1416961,0.1425414,0.0014986,0.6733861,0.0000000
3.929167,0.2966782,0.1416967,0.1432389,0.0014993,0.6733816,0.0000000
3.933333,0.2967888,0.1416973,0.1439185,0.0014998,0.6733771,0.0000000
3.937500,0.2969157,0.1416974,0.1445898,0.0015000,0.6733726,0.0000000
3.941667,0.2970576,0.1416968,0.1452622,0.0014993,0.6733680,0.0000000
3.945833,0.2972152,0.1416960,0.1459297,0.0014986,0.6733635,0.0000000
3.950000,0.2973889,0.1416954,0.1465860,0.0014979,0.6733590,0.0000000
3.954167,0.2975789,0.1416950,0.1472250,0.0014975,0.6733544,0.0000000
3.958333,0.2977860,0.1416952,0.1478406,0.0014977,0.6733500,0.0000000
3.962500,0.2980105,0.1416960,0.1484266,0.0014985,0.6733454,0.0000000
3.966667,0.2982530,0.1416975,0.1489770,0.0014999,0.6733409,0.0000000
3.970833,0.2985130,0.1416986,0.1495012,0.0015011,0.6733363,0.0000000
3.975000,0.2987904,0.1416986,0.1500093,0.0015009,0.6733318,0.0000000
3.979167,0.2990851,0.1416982,0.1504958,0.0015006,0.6733273,0.0000000
3.983333,0.2993971,0.1416975,0.1509550,0.0015000,0.6733227,0.0000000
3.987500,0.2997266,0.1416969,0.1513814,0.0014995,0.6733181,0.0000000
3.991667,0.3000737,0.1416965,0.1517696,0.0014991,0.6733136,0.0000000
3.995833,0.3004383,0.1416967,0.1521140,0.0014991,0.6733090,0.0000000
4.000000,0.3008206,0.1416975,0.1524090,0.0015000,0.6733045,0.0000000
4.004167,0.3012210,0.1416986,0.1526612,0.0015011,0.6732999,0.0000000
4.008333,0.3016394,0.1416994,0.1528784,0.0015019,0.6732953,0.0000000
4.012500,0.3020757,0.1417000,0.1530575,0.0015025,0.6732907,0.0000000
4.016667,0.3025295,0.1417002,0.1531955,0.0015027,0.6732863,0.0000000
4.020833,0.3030005,0.1417002,0.1532893,0.0015027,0.6732817,0.0000000
4.025000,0.3034881,0.1416997,0.1533356,0.0015021,0.6732771,0.0000000
4.029167,0.3039923,0.1416987,0.1533315,0.0015012,0.6732725,0.0000000
4.033333,0.3045125,0.1416974,0.1532738,0.0014999,0.6732680,0.0000000
4.037500,0.3050497,0.1416969,0.1531626,0.0014994,0.6732634,0.0000000
4.041667,0.3056045,0.1416975,0.1530012,0.0014999,0.6732588,0.0000000
4.045833,0.3061762,0.1416988,0.1527905,0.0015013,0.6732543,0.0000000
4.050000,0.3067640,0.1417002,0.1525313,0.0015026,0.6732497,0.0000000
4.054167,0.3073669,0.1417014,0.1522248,0.0015038,0.6732451,0.0000000
4.058333,0.3079842,0.1417016,0.1518718,0.0015041,0.6732405,0.0000000
4.062500,0.3086150,0.1417004,0.1514733,0.0015029,0.6732360,0.0000000
4.066667,0.3092586,0.1416975,0.1510303,0.0015000,0.6732315,0.0000000
4.070833,0.3099167,0.1416947,0.1505354,0.0014971,0.6732268,0.0000000
4.075000,0.3105905,0.1416938,0.1499840,0.0014963,0.6732224,0.0000000
4.079167,0.3112788,0.1416945,0.1493822,0.0014970,0.6732177,0.0000000
4.083333,0.3119799,0.1416961,0.1487357,0.0014986,0.6732132,0.0000000
4.087500,0.3126924,0.1416981,0.1480505,0.0015006,0.6732087,0.0000000
4.091667,0.3134149,0.1416994,0.1473323,0.0015019,0.6732041,0.0000000
4.095833,0.3141460,0.1416994,0.1465870,0.0015019,0.6731996,0.0000000
4.100000,0.3148846,0.1416974,0.1458205,0.0014999,0.6731950,0.0000000
4.104167,0.3156335,0.1416943,0.1450179,0.0014968,0.6731905,0.0000000
4.108333,0.3163950,0.1416922,0.1441673,0.0014947,0.6731859,0.0000000
4.112500,0.3171670,0.1416914,0.1432785,0.0014939,0.6731815,0.0000000
4.116667,0.3179470,0.1416917,0.1423619,0.0014942,0.6731769,0.0000000
4.120833,0.3187329,0.1416930,0.1414272,0.0014956,0.6731724,0.0000000
4.125000,0.3195229,0.1416950,0.1404849,0.0014975,0.6731678,0.0000000
4.129167,0.3203144,0.1416966,0.1395448,0.0014992,0.6731633,0.0000000
4.133333,0.3211059,0.1416973,0.1386172,0.0015000,0.6731588,0.0000000
4.137500,0.3219018,0.1416965,0.1376830,0.0014991,0.6731543,0.0000000
4.141667,0.3227061,0.1416948,0.1367243,0.0014974,0.6731498,0.0000000
4.145833,0.3235152,0.1416930,0.1357531,0.0014955,0.6731453,0.0000000
4.150000,0.3243267,0.1416918,0.1347815,0.0014943,0.6731408,0.0000000
4.154167,0.3251372,0.1416914,0.1338216,0.0014939,0.6731364,0.0000000
4.158333,0.3259442,0.1416923,0.1328854,0.0014948,0.6731319,0.0000000
4.162500,0.3267449,0.1416943,0.1319851,0.0014967,0.6731274,0.0000000
4.166667,0.3275366,0.1416974,0.1311329,0.0014998,0.6731229,0.0000000
4.170833,0.3283251,0.1416996,0.1303104,0.0015020,0.6731185,0.0000000
4.175000,0.3291156,0.1416994,0.1294985,0.0015018,0.6731141,0.0000000
4.179167,0.3299046,0.1416980,0.1287077,0.0015004,0.6731097,0.0000000
4.183333,0.3306888,0.1416961,0.1279483,0.0014986,0.6731052,0.0000000
4.187500,0.3314651,0.1416946,0.1272310,0.0014970,0.6731007,0.0000000
4.191667,0.3322298,0.1416939,0.1265662,0.0014965,0.6730963,0.0000000
4.195833,0.3329801,0.1416948,0.1259646,0.0014973,0.6730919,0.0000000
4.200000,0.3337125,0.1416975,0.1254366,0.0015000,0.6730875,0.0000000
4.204167,0.3344331,0.1417003,0.1249714,0.0015027,0.6730831,0.0000000
4.208333,0.3351474,0.1417017,0.1245540,0.0015041,0.6730788,0.0000000
4.212500,0.3358525,0.1417018,0.1241897,0.0015043,0.6730743,0.0000000
4.216667,0.3365451,0.1417013,0.1238835,0.0015036,0.6730700,0.0000000
4.220833,0.3372223,0.1417000,0.1236404,0.0015026,0.6730655,0.0000000
4.225000,0.3378807,0.1416987,0.1234658,0.0015010,0.6730613,0.0000000
4.229167,0.3385173,0.1416977,0.1233646,0.0015001,0.6730568,0.0000000
4.233333,0.3391290,0.1416973,0.1233419,0.0014999,0.6730525,0.0000000
4.237500,0.3397201,0.1416980,0.1233988,0.0015004,0.6730482,0.0000000
4.241667,0.3402959,0.1416992,0.1235309,0.0015018,0.6730439,0.0000000
4.245833,0.3408537,0.1417007,0.1237353,0.0015031,0.6730396,0.0000000
4.250000,0.3413914,0.1417017,0.1240091,0.0015041,0.6730353,0.0000000
4.254167,0.3419063,0.1417024,0.1243492,0.0015048,0.6730310,0.0000000
4.258333,0.3423963,0.1417020,0.1247528,0.0015044,0.6730267,0.0000000
4.262500,0.3428586,0.1417004,0.1252170,0.0015030,0.6730224,0.0000000
4.266667,0.3432909,0.1416975,0.1257386,0.0014999,0.6730182,0.0000000
4.270833,0.3436958,0.1416947,0.1263323,0.0014972,0.6730140,0.0000000
4.275000,0.3440766,0.1416939,0.1270068,0.0014964,0.6730097,0.0000000
4.279167,0.3444318,0.1416946,0.1277512,0.0014971,0.6730055,0.0000000
4.283333,0.3447597,0.1416961,0.1285546,0.0014986,0.6730013,0.0000000
4.287500,0.3450590,0.1416980,0.1294056,0.0015004,0.6729971,0.0000000
4.291667,0.3453281,0.1416995,0.1302933,0.0015020,0.6729929,0.0000000
4.295833,0.3455656,0.1416996,0.1312068,0.0015021,0.6729887,0.0000000
4.300000,0.3457701,0.1416975,0.1321349,0.0014999,0.6729846,0.0000000
4.304167,0.3459426,0.1416937,0.1331018,0.0014962,0.6729804,0.0000000
4.308333,0.3460850,0.1416908,0.1341286,0.0014934,0.6729763,0.0000000
4.312500,0.3461961,0.1416891,0.1351990,0.0014917,0.6729721,0.0000000
4.316667,0.3462755,0.1416889,0.1362967,0.0014914,0.6729681,0.0000000
4.320833,0.3463223,0.1416902,0.1374056,0.0014927,0.6729640,0.0000000
4.325000,0.3463361,0.1416924,0.1385096,0.0014949,0.6729600,0.0000000
4.329167,0.3463163,0.1416952,0.1395925,0.0014977,0.6729559,0.0000000
4.333333,0.3462625,0.1416973,0.1406381,0.0014998,0.6729518,0.0000000
4.337500,0.3461751,0.1416973,0.1416731,0.0014998,0.6729478,0.0000000
4.341667,0.3460543,0.1416952,0.1427242,0.0014977,0.6729438,0.0000000
4.345833,0.3459001,0.1416924,0.1437755,0.0014950,0.6729397,0.0000000
4.350000,0.3457127,0.1416902,0.1448109,0.0014926,0.6729358,0.0000000
4.354167,0.3454922,0.1416893,0.1458145,0.0014918,0.6729318,0.0000000
4.358333,0.3452391,0.1416900,0.1467704,0.0014924,0.6729278,0.0000000
4.362500,0.3449536,0.1416927,0.1476627,0.0014952,0.6729239,0.0000000
4.366667,0.3446362,0.1416975,0.1484755,0.0014999,0.6729199,0.0000000
4.370833,0.3442859,0.1417015,0.1492283,0.0015040,0.6729160,0.0000000
4.375000,0.3439019,0.1417032,0.1499446,0.0015057,0.6729121,0.0000000
4.379167,0.3434854,0.1417033,0.1506144,0.0015057,0.6729082,0.0000000
4.383333,0.3430376,0.1417024,0.1512283,0.0015049,0.6729043,0.0000000
4.387500,0.3425599,0.1417007,0.1517765,0.0015032,0.6729005,0.0000000
4.391667,0.3420536,0.1416990,0.1522493,0.0015015,0.6728967,0.0000000
4.395833,0.3415202,0.1416978,0.1526370,0.0015003,0.6728928,0.0000000
4.400000,0.3409609,0.1416974,0.1529299,0.0014999,0.6728890,0.0000000
4.404167,0.3403725,0.1416987,0.1531321,0.0015011,0.6728852,0.0000000
4.408333,0.3397526,0.1417013,0.1532546,0.0015038,0.6728815,0.0000000
4.412500,0.3391039,0.1417043,0.1532981,0.0015068,0.6728777,0.0000000
4.416667,0.3384287,0.1417068,0.1532633,0.0015093,0.6728740,0.0000000
4.420833,0.3377299,0.1417081,0.1531509,0.0015106,0.6728703,0.0000000
4.425000,0.3370098,0.1417073,0.1529615,0.0015098,0.6728665,0.0000000
4.429167,0.3362711,0.1417038,0.1526958,0.0015063,0.6728629,0.0000000
4.433333,0.3355163,0.1416974,0.1523545,0.0014999,0.6728592,0.0000000
4.437500,0.3347397,0.1416913,0.1519241,0.0014937,0.6728556,0.0000000
4.441667,0.3339368,0.1416893,0.1513981,0.0014917,0.6728520,0.0000000
4.445833,0.3331112,0.1416905,0.1507877,0.0014930,0.6728483,0.0000000
4.450000,0.3322666,0.1416937,0.1501038,0.0014961,0.6728447,0.0000000
4.454167,0.3314065,0.1416976,0.1493576,0.0015001,0.6728411,0.0000000
4.458333,0.3305350,0.1417010,0.1485605,0.0015035,0.6728377,0.0000000
4.462500,0.3296551,0.1417014,0.1477237,0.0015038,0.6728340,0.0000000
4.466667,0.3287709,0.1416974,0.1468582,0.0014999,0.6728306,0.0000000
4.470833,0.3278752,0.1416907,0.1459382,0.0014932,0.6728271,0.0000000
4.475000,0.3269617,0.1416857,0.1449416,0.0014882,0.6728237,0.0000000
4.479167,0.3260343,0.1416830,0.1438860,0.0014856,0.6728202,0.0000000
4.483333,0.3250974,0.1416830,0.1427890,0.0014854,0.6728168,0.0000000
4.487500,0.3241549,0.1416855,0.1416682,0.0014880,0.6728134,0.0000000
4.491667,0.3232112,0.1416896,0.1405414,0.0014920,0.6728099,0.0000000
4.495833,0.3222703,0.1416941,0.1394263,0.0014965,0.6728066,0.0000000
4.500000,0.3213365,0.1416973,0.1383405,0.0014998,0.6728032,0.0000000
4.504167,0.3204031,0.1416970,0.1372547,0.0014995,0.6727999,0.0000000
4.508333,0.3194627,0.1416941,0.1361396,0.0014966,0.6727966,0.0000000
4.512500,0.3185196,0.1416903,0.1350129,0.0014928,0.6727933,0.0000000
4.516667,0.3175774,0.1416872,0.1338921,0.0014897,0.6727901,0.0000000
4.520833,0.3166405,0.1416857,0.1327951,0.0014882,0.6727869,0.0000000
4.525000,0.3157129,0.1416868,0.1317395,0.0014894,0.6727837,0.0000000
4.529167,0.3147987,0.1416907,0.1307429,0.0014933,0.6727805,0.0000000
4.533333,0.3139021,0.1416975,0.1298228,0.0015000,0.6727773,0.0000000
4.537500,0.3130169,0.1417027,0.1289575,0.0015052,0.6727741,0.0000000
4.541667,0.3121367,0.1417036,0.1281208,0.0015061,0.6727710,0.0000000
4.545833,0.3112647,0.1417016,0.1273238,0.0015041,0.6727679,0.0000000
4.550000,0.3104047,0.1416984,0.1265777,0.0015009,0.6727648,0.0000000
4.554167,0.3095603,0.1416951,0.1258938,0.0014976,0.6727618,0.0000000
4.558333,0.3087351,0.1416931,0.1252832,0.0014956,0.6727587,0.0000000
4.562500,0.3079327,0.1416934,0.1247571,0.0014959,0.6727557,0.0000000
4.566667,0.3071567,0.1416974,0.1243266,0.0014999,0.6727527,0.0000000
4.570833,0.3064019,0.1417022,0.1239851,0.0015047,0.6727497,0.0000000
4.575000,0.3056624,0.1417048,0.1237193,0.0015073,0.6727468,0.0000000
4.579167,0.3049411,0.1417055,0.1235298,0.0015081,0.6727439,0.0000000
4.583333,0.3042412,0.1417048,0.1234172,0.0015073,0.6727409,0.0000000
4.587500,0.3035655,0.1417032,0.1233824,0.0015056,0.6727381,0.0000000
4.591667,0.3029168,0.1417009,0.1234259,0.0015034,0.6727353,0.0000000
4.595833,0.3022980,0.1416988,0.1235486,0.0015013,0.6727325,0.0000000
4.600000,0.3017122,0.1416973,0.1237511,0.0014998,0.6727297,0.0000000
4.604167,0.3011550,0.1416973,0.1240444,0.0014998,0.6727269,0.0000000
4.608333,0.3006221,0.1416982,0.1244321,0.0015008,0.6727242,0.0000000
4.612500,0.3001152,0.1416997,0.1249050,0.0015023,0.6727213,0.0000000
4.616667,0.2996362,0.1417012,0.1254530,0.0015038,0.6727187,0.0000000
4.620833,0.2991870,0.1417022,0.1260667,0.0015048,0.6727160,0.0000000
4.625000,0.2987694,0.1417023,0.1267364,0.0015049,0.6727134,0.0000000
4.629167,0.2983853,0.1417009,0.1274525,0.0015034,0.6727107,0.0000000
4.633333,0.2980368,0.1416974,0.1282054,0.0014999,0.6727082,0.0000000
4.637500,0.2977222,0.1416935,0.1290186,0.0014961,0.6727055,0.0000000
4.641667,0.2974384,0.1416915,0.1299115,0.0014941,0.6727030,0.0000000
4.645833,0.2971861,0.1416913,0.1308677,0.0014938,0.6727005,0.0000000
4.650000,0.2969656,0.1416924,0.1318715,0.0014951,0.6726980,0.0000000
4.654167,0.2967771,0.1416944,0.1329069,0.0014970,0.6726955,0.0000000
4.658333,0.2966214,0.1416967,0.1339578,0.0014992,0.6726931,0.0000000
4.662500,0.2964988,0.1416982,0.1350085,0.0015007,0.6726907,0.0000000
4.666667,0.2964103,0.1416974,0.1360430,0.0015000,0.6726883,0.0000000
4.670833,0.2963569,0.1416947,0.1370883,0.0014972,0.6726859,0.0000000
4.675000,0.2963384,0.1416918,0.1381714,0.0014943,0.6726836,0.0000000
4.679167,0.2963537,0.1416895,0.1392757,0.0014920,0.6726813,0.0000000
4.683333,0.2964019,0.1416885,0.1403850,0.0014909,0.6726790,0.0000000
4.687500,0.2964816,0.1416889,0.1414830,0.0014914,0.6726769,0.0000000
4.691667,0.2965924,0.1416909,0.1425533,0.0014933,0.6726745,0.0000000
4.695833,0.2967331,0.1416939,0.1435798,0.0014964,0.6726723,0.0000000
4.700000,0.2969029,0.1416973,0.1445461,0.0014998,0.6726702,0.0000000
4.704167,0.2971052,0.1416990,0.1454737,0.0015014,0.6726681,0.0000000
4.708333,0.2973422,0.1416983,0.1463869,0.0015008,0.6726659,0.0000000
4.712500,0.2976120,0.1416964,0.1472747,0.0014988,0.6726638,0.0000000
4.716667,0.2979125,0.1416943,0.1481259,0.0014968,0.6726618,0.0000000
4.720833,0.2982417,0.1416928,0.1489294,0.0014953,0.6726598,0.0000000
4.725000,0.2985978,0.1416926,0.1496741,0.0014950,0.6726578,0.0000000
4.729167,0.2989786,0.1416940,0.1503488,0.0014964,0.6726558,0.0000000
4.733333,0.2993821,0.1416974,0.1509424,0.0014999,0.6726538,0.0000000
4.737500,0.2998125,0.1417009,0.1514639,0.0015033,0.6726519,0.0000000
4.741667,0.3002735,0.1417028,0.1519276,0.0015053,0.6726500,0.0000000
4.745833,0.3007627,0.1417033,0.1523308,0.0015058,0.6726481,0.0000000
4.750000,0.3012775,0.1417027,0.1526706,0.0015051,0.6726463,0.0000000
4.754167,0.3018156,0.1417015,0.1529442,0.0015040,0.6726445,0.0000000
4.758333,0.3023744,0.1416998,0.1531488,0.0015022,0.6726427,0.0000000
4.762500,0.3029513,0.1416983,0.1532814,0.0015007,0.6726410,0.0000000
4.766667,0.3035440,0.1416974,0.1533392,0.0014998,0.6726393,0.0000000
4.770833,0.3041563,0.1416976,0.1533173,0.0015001,0.6726375,0.0000000
4.775000,0.3047925,0.1416986,0.1532161,0.0015011,0.6726359,0.0000000
4.779167,0.3054497,0.1417001,0.1530409,0.0015026,0.6726342,0.0000000
4.783333,0.3061255,0.1417015,0.1527973,0.0015040,0.6726326,0.0000000
4.787500,0.3068171,0.1417024,0.1524904,0.0015048,0.6726310,0.0000000
4.791667,0.3075219,0.1417025,0.1521257,0.0015049,0.6726295,0.0000000
4.795833,0.3082373,0.1417009,0.1517086,0.0015033,0.6726279,0.0000000
4.800000,0.3089605,0.1416974,0.1512443,0.0014999,0.6726264,0.0000000
4.804167,0.3096958,0.1416938,0.1507176,0.0014964,0.6726250,0.0000000
4.808333,0.3104470,0.1416923,0.1501166,0.0014948,0.6726236,0.0000000
4.812500,0.3112115,0.1416927,0.1494517,0.0014952,0.6726222,0.0000000
4.816667,0.3119864,0.1416940,0.1487340,0.0014965,0.6726208,0.0000000
4.820833,0.3127688,0.1416961,0.1479740,0.0014986,0.6726195,0.0000000
4.825000,0.3135565,0.1416980,0.1471824,0.0015005,0.6726182,0.0000000
4.829167,0.3143465,0.1416989,0.1463702,0.0015014,0.6726170,0.0000000
4.833333,0.3151364,0.1416974,0.1455482,0.0014999,0.6726157,0.0000000
4.837500,0.3159305,0.1416945,0.1446968,0.0014970,0.6726145,0.0000000
4.841667,0.3167330,0.1416923,0.1437971,0.0014948,0.6726132,0.0000000
4.845833,0.3175409,0.1416910,0.1428612,0.0014935,0.6726121,0.0000000
4.850000,0.3183513,0.1416907,0.1419013,0.0014933,0.6726110,0.0000000
4.854167,0.3191618,0.1416917,0.1409294,0.0014942,0.6726098,0.0000000
4.858333,0.3199696,0.1416935,0.1399578,0.0014960,0.6726087,0.0000000
4.862500,0.3207721,0.1416955,0.1389984,0.0014980,0.6726077,0.0000000
4.866667,0.3215670,0.1416975,0.1380638,0.0015000,0.6726068,0.0000000
4.870833,0.3223587,0.1416977,0.1371363,0.0015002,0.6726058,0.0000000
4.875000,0.3231514,0.1416966,0.1361967,0.0014991,0.6726048,0.0000000
4.879167,0.3239426,0.1416951,0.1352548,0.0014975,0.6726038,0.0000000
4.883333,0.3247297,0.1416935,0.1343206,0.0014960,0.6726030,0.0000000
4.887500,0.3255103,0.1416927,0.1334042,0.0014952,0.6726021,0.0000000
4.891667,0.3262818,0.1416929,0.1325152,0.0014954,0.6726013,0.0000000
4.895833,0.3270420,0.1416944,0.1316641,0.0014968,0.6726005,0.0000000
4.900000,0.3277884,0.1416975,0.1308606,0.0014999,0.6725997,0.0000000
4.904167,0.3285250,0.1416998,0.1300934,0.0015022,0.6725990,0.0000000
4.908333,0.3292561,0.1417003,0.1293481,0.0015028,0.6725983,0.0000000
4.912500,0.3299796,0.1416993,0.1286305,0.0015018,0.6725976,0.0000000
4.916667,0.3306935,0.1416977,0.1279458,0.0015002,0.6725970,0.0000000
4.920833,0.3313959,0.1416961,0.1272999,0.0014986,0.6725965,0.0000000
4.925000,0.3320848,0.1416951,0.1266983,0.0014976,0.6725960,0.0000000
4.929167,0.3327582,0.1416953,0.1261467,0.0014978,0.6725953,0.0000000
4.933333,0.3334143,0.1416973,0.1256507,0.0014998,0.6725948,0.0000000
4.937500,0.3340558,0.1416997,0.1252067,0.0015022,0.6725944,0.0000000
4.941667,0.3346858,0.1417005,0.1248080,0.0015030,0.6725938,0.0000000
4.945833,0.3353034,0.1417006,0.1244553,0.0015030,0.6725935,0.0000000
4.950000,0.3359072,0.1416998,0.1241492,0.0015023,0.6725931,0.0000000
4.954167,0.3364961,0.1416986,0.1238907,0.0015011,0.6725928,0.0000000
4.958333,0.3370688,0.1416977,0.1236803,0.0015002,0.6725923,0.0000000
4.962500,0.3376240,0.1416971,0.1235189,0.0014996,0.6725920,0.0000000
4.966667,0.3381606,0.1416974,0.1234072,0.0014998,0.6725918,0.0000000
4.970833,0.3386797,0.1416981,0.1233488,0.0015007,0.6725916,0.0000000
4.975000,0.3391832,0.1416987,0.1233443,0.0015011,0.6725914,0.0000000
4.979167,0.3396706,0.1416991,0.1233907,0.0015015,0.6725912,0.0000000
4.983333,0.3401416,0.1416994,0.1234846,0.0015018,0.6725910,0.0000000
4.987500,0.3405958,0.1416992,0.1236230,0.0015016,0.6725909,0.0000000
4.991667,0.3410326,0.1416990,0.1238025,0.0015015,0.6725909,0.0000000
4.995833,0.3414516,0.1416984,0.1240198,0.0015009,0.6725908,0.0000000
5.000000,0.3418524,0.1416975,0.1242720,0.0014999,0.6725908,0.0000000
5.004167,0.3422349,0.1416968,0.1245668,0.0014992,0.6725908,0.0000000
5.008333,0.3425994,0.1416967,0.1249110,0.0014992,0.6725909,0.0000000
5.012500,0.3429460,0.1416969,0.1252992,0.0014994,0.6725909,0.0000000
5.016667,0.3432751,0.1416975,0.1257257,0.0015000,0.6725910,0.0000000
5.020833,0.3435869,0.1416982,0.1261849,0.0015007,0.6725912,0.0000000
5.025000,0.3438815,0.1416984,0.1266714,0.0015010,0.6725914,0.0000000
5.029167,0.3441591,0.1416983,0.1271796,0.0015009,0.6725916,0.0000000
5.033333,0.3444200,0.1416974,0.1277040,0.0014999,0.6725918,0.0000000
5.037500,0.3446632,0.1416962,0.1282545,0.0014987,0.6725920,0.0000000
5.041667,0.3448880,0.1416957,0.1288406,0.0014982,0.6725923,0.0000000
5.045833,0.3450950,0.1416956,0.1294561,0.0014981,0.6725928,0.0000000
5.050000,0.3452848,0.1416959,0.1300951,0.0014984,0.6725931,0.0000000
5.054167,0.3454578,0.1416967,0.1307513,0.0014991,0.6725935,0.0000000
5.058333,0.3456150,0.1416972,0.1314186,0.0014998,0.6725938,0.0000000
5.062500,0.3457569,0.1416977,0.1320911,0.0015002,0.6725944,0.0000000
5.066667,0.3458842,0.1416974,0.1327625,0.0014998,0.6725948,0.0000000
5.070833,0.3459955,0.1416966,0.1334422,0.0014990,0.6725953,0.0000000
5.075000,0.3460895,0.1416960,0.1341398,0.0014985,0.6725960,0.0000000
5.079167,0.3461670,0.1416956,0.1348501,0.0014981,0.6725965,0.0000000
5.083333,0.3462288,0.1416954,0.1355677,0.0014979,0.6725971,0.0000000
5.087500,0.3462757,0.1416957,0.1362872,0.0014982,0.6725976,0.0000000
5.091667,0.3463088,0.1416961,0.1370036,0.0014986,0.6725983,0.0000000
5.095833,0.3463287,0.1416968,0.1377113,0.0014993,0.6725990,0.0000000
5.100000,0.3463365,0.1416974,0.1384052,0.0014999,0.6725997,0.0000000
5.104167,0.3463306,0.1416975,0.1390922,0.0015000,0.6726005,0.0000000
5.108333,0.3463096,0.1416972,0.1397804,0.0014997,0.6726013,0.0000000
5.112500,0.3462742,0.1416966,0.1404661,0.0014991,0.6726021,0.0000000
5.116667,0.3462256,0.1416960,0.1411454,0.0014985,0.6726030,0.0000000
5.120833,0.3461645,0.1416958,0.1418147,0.0014983,0.6726038,0.0000000
5.125000,0.3460920,0.1416958,0.1424702,0.0014983,0.6726048,0.0000000
5.129167,0.3460090,0.1416964,0.1431081,0.0014989,0.6726058,0.0000000
5.133333,0.3459165,0.1416975,0.1437248,0.0015000,0.6726068,0.0000000
5.137500,0.3458130,0.1416982,0.1443244,0.0015007,0.6726077,0.0000000
5.141667,0.3456969,0.1416982,0.1449124,0.0015006,0.6726088,0.0000000
5.145833,0.3455693,0.1416977,0.1454866,0.0015002,0.6726098,0.0000000
5.150000,0.3454310,0.1416971,0.1460452,0.0014996,0.6726110,0.0000000
5.154167,0.3452832,0.1416966,0.1465861,0.0014991,0.6726121,0.0000000
5.158333,0.3451265,0.1416963,0.1471074,0.0014988,0.6726132,0.0000000
5.162500,0.3449620,0.1416964,0.1476072,0.0014989,0.6726145,0.0000000
5.166667,0.3447908,0.1416974,0.1480834,0.0014999,0.6726157,0.0000000
5.170833,0.3446114,0.1416982,0.1485377,0.0015007,0.6726170,0.0000000
5.175000,0.3444222,0.1416985,0.1489724,0.0015010,0.6726182,0.0000000
5.179167,0.3442243,0.1416984,0.1493873,0.0015008,0.6726195,0.0000000
5.183333,0.3440185,0.1416978,0.1497817,0.0015003,0.6726208,0.0000000
5.187500,0.3438056,0.1416973,0.1501554,0.0014998,0.6726222,0.0000000
5.191667,0.3435867,0.1416968,0.1505082,0.0014994,0.6726236,0.0000000
5.195833,0.3433627,0.1416968,0.1508393,0.0014994,0.6726250,0.0000000
5.200000,0.3431345,0.1416973,0.1511486,0.0014998,0.6726264,0.0000000
5.204167,0.3429007,0.1416979,0.1514353,0.0015005,0.6726279,0.0000000
5.208333,0.3426600,0.1416983,0.1516996,0.0015008,0.6726295,0.0000000
5.212500,0.3424131,0.1416981,0.1519423,0.0015007,0.6726310,0.0000000
5.216667,0.3421609,0.1416980,0.1521640,0.0015005,0.6726326,0.0000000
5.220833,0.3419043,0.1416978,0.1523655,0.0015003,0.6726342,0.0000000
5.225000,0.3416441,0.1416974,0.1525476,0.0014998,0.6726359,0.0000000
5.229167,0.3413811,0.1416973,0.1527111,0.0014998,0.6726375,0.0000000
5.233333,0.3411162,0.1416975,0.1528566,0.0014999,0.6726393,0.0000000
5.237500,0.3408481,0.1416976,0.1529822,0.0015001,0.6726410,0.0000000
5.241667,0.3405755,0.1416977,0.1530863,0.0015002,0.6726427,0.0000000
5.245833,0.3402992,0.1416978,0.1531704,0.0015002,0.6726445,0.0000000
5.250000,0.3400200,0.1416979,0.1532358,0.0015004,0.6726463,0.0000000
5.254167,0.3397386,0.1416978,0.1532839,0.0015003,0.6726481,0.0000000
5.258333,0.3394556,0.1416977,0.1533162,0.0015002,0.6726500,0.0000000
5.262500,0.3391719,0.1416976,0.1533341,0.0015001,0.6726519,0.0000000
5.266667,0.3388880,0.1416974,0.1533390,0.0014999,0.6726538,0.0000000
5.270833,0.3386031,0.1416972,0.1533283,0.0014997,0.6726558,0.0000000
5.275000,0.3383160,0.1416973,0.1532994,0.0014998,0.6726578,0.0000000
5.279167,0.3380272,0.1416974,0.1532542,0.0014999,0.6726598,0.0000000
5.283333,0.3377375,0.1416974,0.1531941,0.0014998,0.6726618,0.0000000
5.287500,0.3374473,0.1416975,0.1531209,0.0015000,0.6726638,0.0000000
5.291667,0.3371573,0.1416976,0.1530362,0.0015000,0.6726659,0.0000000
5.295833,0.3368682,0.1416976,0.1529416,0.0015000,0.6726681,0.0000000
5.300000,0.3365803,0.1416974,0.1528390,0.0014999,0.6726702,0.0000000
5.304167,0.3362930,0.1416971,0.1527255,0.0014996,0.6726723,0.0000000
5.308333,0.3360054,0.1416972,0.1525985,0.0014996,0.6726745,0.0000000
5.312500,0.3357179,0.1416971,0.1524594,0.0014996,0.6726769,0.0000000
5.316667,0.3354308,0.1416972,0.1523101,0.0014996,0.6726790,0.0000000
5.320833,0.3351448,0.1416973,0.1521518,0.0014997,0.6726813,0.0000000
5.325000,0.3348604,0.1416975,0.1519864,0.0015000,0.6726836,0.0000000
5.329167,0.3345778,0.1416974,0.1518154,0.0014999,0.6726859,0.0000000
5.333333,0.3342978,0.1416974,0.1516404,0.0014999,0.6726883,0.0000000
5.337500,0.3340196,0.1416973,0.1514591,0.0014998,0.6726907,0.0000000
5.341667,0.3337424,0.1416973,0.1512688,0.0014997,0.6726931,0.0000000
5.345833,0.3334666,0.1416971,0.1510711,0.0014995,0.6726955,0.0000000
5.350000,0.3331927,0.1416971,0.1508670,0.0014997,0.6726980,0.0000000
5.354167,0.3329208,0.1416973,0.1506581,0.0014998,0.6727005,0.0000000
5.358333,0.3326513,0.1416972,0.1504458,0.0014998,0.6727030,0.0000000
5.362500,0.3323847,0.1416973,0.1502313,0.0014998,0.6727055,0.0000000
5.366667,0.3321212,0.1416974,0.1500160,0.0014999,0.6727082,0.0000000
5.370833,0.3318604,0.1416973,0.1497980,0.0014998,0.6727107,0.0000000
5.375000,0.3316017,0.1416972,0.1495753,0.0014997,0.6727134,0.0000000
5.379167,0.3313455,0.1416972,0.1493488,0.0014997,0.6727160,0.0000000
5.383333,0.3310918,0.1416972,0.1491197,0.0014997,0.6727187,0.0000000
5.387500,0.3308409,0.1416972,0.1488889,0.0014997,0.6727213,0.0000000
5.391667,0.3305933,0.1416972,0.1486575,0.0014997,0.6727242,0.0000000
5.395833,0.3303488,0.1416974,0.1484265,0.0014999,0.6727269,0.0000000
5.400000,0.3301079,0.1416973,0.1481970,0.0014999,0.6727297,0.0000000
5.404167,0.3298703,0.1416975,0.1479676,0.0015000,0.6727325,0.0000000
5.408333,0.3296356,0.1416973,0.1477368,0.0014998,0.6727353,0.0000000
5.412500,0.3294039,0.1416972,0.1475052,0.0014998,0.6727381,0.0000000
5.416667,0.3291754,0.1416972,0.1472736,0.0014997,0.6727409,0.0000000
5.420833,0.3289503,0.1416971,0.1470427,0.0014996,0.6727439,0.0000000
5.425000,0.3287286,0.1416971,0.1468133,0.0014996,0.6727468,0.0000000
5.429167,0.3285104,0.1416971,0.1465860,0.0014996,0.6727497,0.0000000
5.433333,0.3282959,0.1416973,0.1463616,0.0014998,0.6727527,0.0000000
5.437500,0.3280850,0.1416974,0.1461392,0.0014998,0.6727557,0.0000000
5.441667,0.3278776,0.1416974,0.1459179,0.0014999,0.6727587,0.0000000
5.445833,0.3276735,0.1416974,0.1456978,0.0014998,0.6727618,0.0000000
5.450000,0.3274730,0.1416974,0.1454796,0.0014998,0.6727648,0.0000000
5.454167,0.3272758,0.1416973,0.1452637,0.0014998,0.6727679,0.0000000
5.458333,0.3270824,0.1416973,0.1450506,0.0014998,0.6727710,0.0000000
5.462500,0.3268927,0.1416974,0.1448406,0.0014998,0.6727741,0.0000000
5.466667,0.3267065,0.1416975,0.1446343,0.0014999,0.6727773,0.0000000
5.470833,0.3265242,0.1416976,0.1444311,0.0015000,0.6727805,0.0000000
5.475000,0.3263454,0.1416976,0.1442305,0.0015001,0.6727837,0.0000000
5.479167,0.3261702,0.1416975,0.1440326,0.0015000,0.6727869,0.0000000
5.483333,0.3259987,0.1416975,0.1438376,0.0015000,0.6727901,0.0000000
5.487500,0.3258308,0.1416975,0.1436459,0.0015000,0.6727934,0.0000000
5.491667,0.3256664,0.1416973,0.1434576,0.0014998,0.6727966,0.0000000
5.495833,0.3255056,0.1416973,0.1432731,0.0014998,0.6727999,0.0000000
5.500000,0.3253484,0.1416975,0.1430925,0.0015000,0.6728032,0.0000000
5.504167,0.3251948,0.1416975,0.1429155,0.0015000,0.6728066,0.0000000
5.508333,0.3250449,0.1416975,0.1427421,0.0015000,0.6728099,0.0000000
5.512500,0.3248987,0.1416975,0.1425721,0.0015001,0.6728134,0.0000000
5.516667,0.3247559,0.1416975,0.1424056,0.0014999,0.6728168,0.0000000
5.520833,0.3246167,0.1416974,0.1422428,0.0014999,0.6728202,0.0000000
5.525000,0.3244810,0.1416973,0.1420836,0.0014998,0.6728237,0.0000000
5.529167,0.3243486,0.1416973,0.1419284,0.0014998,0.6728271,0.0000000
5.533333,0.3242196,0.1416975,0.1417771,0.0014999,0.6728306,0.0000000
5.537500,0.3240940,0.1416975,0.1416295,0.0014999,0.6728342,0.0000000
5.541667,0.3239720,0.1416975,0.1414858,0.0015001,0.6728377,0.0000000
5.545833,0.3238536,0.1416974,0.1413459,0.0014999,0.6728411,0.0000000
5.550000,0.3237385,0.1416974,0.1412097,0.0014998,0.6728447,0.0000000
5.554167,0.3236268,0.1416973,0.1410773,0.0014998,0.6728483,0.0000000
5.558333,0.3235182,0.1416972,0.1409485,0.0014997,0.6728520,0.0000000
5.562500,0.3234128,0.1416972,0.1408234,0.0014997,0.6728556,0.0000000
5.566667,0.3233104,0.1416973,0.1407019,0.0014998,0.6728592,0.0000000
5.570833,0.3232113,0.1416974,0.1405842,0.0014998,0.6728629,0.0000000
5.575000,0.3231156,0.1416973,0.1404703,0.0014998,0.6728665,0.0000000
5.579167,0.3230231,0.1416973,0.1403601,0.0014998,0.6728703,0.0000000
5.583333,0.3229338,0.1416974,0.1402536,0.0014999,0.6728740,0.0000000
5.587500,0.3228475,0.1416974,0.1401507,0.0014998,0.6728777,0.0000000
5.591667,0.3227642,0.1416974,0.1400511,0.0014999,0.6728815,0.0000000
5.595833,0.3226838,0.1416974,0.1399550,0.0014999,0.6728852,0.0000000
5.600000,0.3226059,0.1416975,0.1398620,0.0015000,0.6728890,0.0000000
5.604167,0.3225310,0.1416975,0.1397725,0.0014999,0.6728928,0.0000000
5.608333,0.3224593,0.1416974,0.1396866,0.0014999,0.6728967,0.0000000
5.612500,0.3223905,0.1416975,0.1396043,0.0015000,0.6729005,0.0000000
5.616667,0.3223246,0.1416975,0.1395253,0.0015000,0.6729043,0.0000000
5.620833,0.3222613,0.1416974,0.1394495,0.0014999,0.6729082,0.0000000
5.625000,0.3222007,0.1416974,0.1393767,0.0014999,0.6729121,0.0000000
5.629167,0.3221424,0.1416973,0.1393070,0.0014998,0.6729160,0.0000000
5.633333,0.3220865,0.1416974,0.1392400,0.0014999,0.6729199,0.0000000
5.637500,0.3220331,0.1416974,0.1391759,0.0014999,0.6729239,0.0000000
5.641667,0.3219824,0.1416974,0.1391152,0.0014998,0.6729278,0.0000000
5.645833,0.3219343,0.1416974,0.1390577,0.0014999,0.6729318,0.0000000
5.650000,0.3218889,0.1416974,0.1390031,0.0014999,0.6729358,0.0000000
5.654167,0.3218456,0.1416974,0.1389512,0.0014999,0.6729397,0.0000000
5.658333,0.3218046,0.1416974,0.1389020,0.0014999,0.6729438,0.0000000
5.662500,0.3217654,0.1416973,0.1388552,0.0014998,0.6729478,0.0000000
5.666667,0.3217283,0.1416973,0.1388105,0.0014999,0.6729518,0.0000000
5.670833,0.3216932,0.1416974,0.1387685,0.0015000,0.6729559,0.0000000
5.675000,0.3216605,0.1416975,0.1387293,0.0015000,0.6729600,0.0000000
5.679167,0.3216300,0.1416974,0.1386927,0.0015000,0.6729640,0.0000000
5.683333,0.3216017,0.1416974,0.1386587,0.0015000,0.6729681,0.0000000
5.687500,0.3215751,0.1416973,0.1386269,0.0014999,0.6729721,0.0000000
5.691667,0.3215503,0.1416974,0.1385971,0.0014999,0.6729763,0.0000000
5.695833,0.3215271,0.1416974,0.1385691,0.0014998,0.6729804,0.0000000
5.700000,0.3215051,0.1416974,0.1385428,0.0014999,0.6729846,0.0000000
5.704167,0.3214849,0.1416974,0.1385185,0.0014999,0.6729887,0.0000000
5.708333,0.3214666,0.1416974,0.1384966,0.0014999,0.6729929,0.0000000
5.712500,0.3214500,0.1416974,0.1384767,0.0014999,0.6729971,0.0000000
5.716667,0.3214351,0.1416974,0.1384588,0.0015000,0.6730013,0.0000000
5.720833,0.3214216,0.1416974,0.1384426,0.0014998,0.6730055,0.0000000
5.725000,0.3214093,0.1416973,0.1384278,0.0014997,0.6730097,0.0000000
5.729167,0.3213979,0.1416973,0.1384142,0.0014998,0.6730140,0.0000000
5.733333,0.3213875,0.1416973,0.1384017,0.0014999,0.6730182,0.0000000
5.737500,0.3213781,0.1416973,0.1383905,0.0014998,0.6730224,0.0000000
5.741667,0.3213703,0.1416973,0.1383811,0.0014998,0.6730267,0.0000000
5.745833,0.3213637,0.1416973,0.1383732,0.0014998,0.6730310,0.0000000
5.750000,0.3213583,0.1416974,0.1383666,0.0014999,0.6730353,0.0000000
5.754167,0.3213537,0.1416974,0.1383612,0.0014998,0.6730396,0.0000000
5.758333,0.3213498,0.1416974,0.1383564,0.0014999,0.6730439,0.0000000
5.762500,0.3213463,0.1416974,0.1383522,0.0015000,0.6730482,0.0000000
5.766667,0.3213430,0.1416975,0.1383483,0.0015000,0.6730525,0.0000000
5.770833,0.3213406,0.1416974,0.1383450,0.0015000,0.6730568,0.0000000
5.775000,0.3213392,0.1416974,0.1383426,0.0015000,0.6730613,0.0000000
5.779167,0.3213387,0.1416974,0.1383410,0.0014998,0.6730655,0.0000000
5.783333,0.3213386,0.1416975,0.1383401,0.0015000,0.6730700,0.0000000
5.787500,0.3213387,0.1416974,0.1383397,0.0014999,0.6730743,0.0000000
5.791667,0.3213387,0.1416975,0.1383397,0.0015000,0.6730788,0.0000000
5.795833,0.3213380,0.1416975,0.1383400,0.0015001,0.6730831,0.0000000
5.800000,0.3213366,0.1416975,0.1383405,0.0015000,0.6730875,0.0000000
5.804167,0.3213353,0.1416975,0.1383407,0.0015000,0.6730919,0.0000000
5.808333,0.3213347,0.1416975,0.1383407,0.0015000,0.6730963,0.0000000
5.812500,0.3213345,0.1416976,0.1383409,0.0015000,0.6731007,0.0000000
5.816667,0.3213336,0.1416975,0.1383416,0.0015000,0.6731052,0.0000000
5.820833,0.3213316,0.1416974,0.1383430,0.0014999,0.6731097,0.0000000
5.825000,0.3213277,0.1416975,0.1383456,0.0014999,0.6731141,0.0000000
5.829167,0.3213211,0.1416974,0.1383497,0.0014999,0.6731185,0.0000000
5.833333,0.3213114,0.1416975,0.1383556,0.0015000,0.6731229,0.0000000
5.837500,0.3212993,0.1416975,0.1383629,0.0015000,0.6731274,0.0000000
5.841667,0.3212861,0.1416975,0.1383708,0.0014999,0.6731319,0.0000000
5.845833,0.3212712,0.1416974,0.1383797,0.0014999,0.6731364,0.0000000
5.850000,0.3212539,0.1416974,0.1383901,0.0014999,0.6731408,0.0000000
5.854167,0.3212337,0.1416974,0.1384022,0.0015000,0.6731453,0.0000000
5.858333,0.3212101,0.1416974,0.1384163,0.0014999,0.6731498,0.0000000
5.862500,0.3211825,0.1416974,0.1384329,0.0015000,0.6731543,0.0000000
5.866667,0.3211502,0.1416974,0.1384523,0.0014999,0.6731588,0.0000000
5.870833,0.3211140,0.1416973,0.1384740,0.0014999,0.6731633,0.0000000
5.875000,0.3210747,0.1416974,0.1384975,0.0014999,0.6731678,0.0000000
5.879167,0.3210321,0.1416973,0.1385231,0.0014998,0.6731724,0.0000000
5.883333,0.3209856,0.1416974,0.1385510,0.0014999,0.6731769,0.0000000
5.887500,0.3209350,0.1416974,0.1385813,0.0014999,0.6731815,0.0000000
5.891667,0.3208800,0.1416974,0.1386144,0.0014999,0.6731859,0.0000000
5.895833,0.3208201,0.1416973,0.1386503,0.0014998,0.6731905,0.0000000
5.900000,0.3207550,0.1416974,0.1386894,0.0014999,0.6731950,0.0000000
5.904167,0.3206850,0.1416974,0.1387313,0.0014998,0.6731996,0.0000000
5.908333,0.3206108,0.1416973,0.1387760,0.0014998,0.6732041,0.0000000
5.912500,0.3205319,0.1416975,0.1388232,0.0014999,0.6732087,0.0000000
5.916667,0.3204485,0.1416974,0.1388733,0.0014999,0.6732132,0.0000000
5.920833,0.3203602,0.1416975,0.1389262,0.0014999,0.6732177,0.0000000
5.925000,0.3202669,0.1416975,0.1389823,0.0014999,0.6732224,0.0000000
5.929167,0.3201685,0.1416974,0.1390413,0.0014999,0.6732269,0.0000000
5.933333,0.3200649,0.1416975,0.1391035,0.0014999,0.6732315,0.0000000
5.937500,0.3199560,0.1416974,0.1391688,0.0014999,0.6732360,0.0000000
5.941667,0.3198420,0.1416975,0.1392372,0.0015000,0.6732405,0.0000000
5.945833,0.3197230,0.1416974,0.1393086,0.0014999,0.6732451,0.0000000
5.950000,0.3195989,0.1416974,0.1393830,0.0014999,0.6732497,0.0000000
5.954167,0.3194698,0.1416974,0.1394604,0.0014999,0.6732543,0.0000000
5.958333,0.3193358,0.1416975,0.1395409,0.0015000,0.6732588,0.0000000
5.962500,0.3191966,0.1416973,0.1396243,0.0014998,0.6732634,0.0000000
5.966667,0.3190525,0.1416974,0.1397108,0.0014999,0.6732680,0.0000000
5.970833,0.3189033,0.1416973,0.1398004,0.0014998,0.6732725,0.0000000
5.975000,0.3187487,0.1416973,0.1398931,0.0014998,0.6732771,0.0000000
5.979167,0.3185890,0.1416974,0.1399889,0.0014999,0.6732817,0.0000000
5.983333,0.3184243,0.1416974,0.1400877,0.0014999,0.6732863,0.0000000
5.987500,0.3182549,0.1416975,0.1401894,0.0015000,0.6732908,0.0000000
5.991667,0.3180807,0.1416976,0.1402939,0.0015000,0.6732953,0.0000000
5.995833,0.3179020,0.1416975,0.1404011,0.0014999,0.6732999,0.0000000
6.000000,0.3177190,0.1416975,0.1405110,0.0014999,0.6733045,0.0000000
6.004167,0.3175312,0.1416974,0.1406236,0.0014999,0.6733090,0.0000000
6.008333,0.3173383,0.1416974,0.1407394,0.0014999,0.6733136,0.0000000
6.012500,0.3171406,0.1416975,0.1408580,0.0014998,0.6733181,0.0000000
6.016667,0.3169384,0.1416974,0.1409793,0.0014999,0.6733227,0.0000000
6.020833,0.3167319,0.1416975,0.1411032,0.0014999,0.6733273,0.0000000
6.025000,0.3165214,0.1416975,0.1412296,0.0015001,0.6733318,0.0000000
6.029167,0.3163072,0.1416976,0.1413581,0.0015001,0.6733363,0.0000000
6.033333,0.3160895,0.1416975,0.1414887,0.0015000,0.6733409,0.0000000
6.037500,0.3158678,0.1416974,0.1416217,0.0014998,0.6733454,0.0000000
6.041667,0.3156416,0.1416973,0.1417575,0.0014998,0.6733500,0.0000000
6.045833,0.3154112,0.1416973,0.1418957,0.0014998,0.6733544,0.0000000
6.050000,0.3151771,0.1416974,0.1420362,0.0014999,0.6733590,0.0000000
6.054167,0.3149394,0.1416974,0.1421787,0.0014998,0.6733635,0.0000000
6.058333,0.3146987,0.1416975,0.1423232,0.0014999,0.6733680,0.0000000
6.062500,0.3144553,0.1416973,0.1424693,0.0014998,0.6733726,0.0000000
6.066667,0.3142095,0.1416974,0.1426167,0.0014999,0.6733771,0.0000000
6.070833,0.3139606,0.1416972,0.1427660,0.0014997,0.6733816,0.0000000
6.075000,0.3137081,0.1416973,0.1429175,0.0014997,0.6733861,0.0000000
6.079167,0.3134523,0.1416973,0.1430710,0.0014998,0.6733906,0.0000000
6.083333,0.3131937,0.1416973,0.1432261,0.0014998,0.6733951,0.0000000
6.087500,0.3129327,0.1416974,0.1433827,0.0014999,0.6733996,0.0000000
6.091667,0.3126697,0.1416973,0.1435405,0.0014998,0.6734041,0.0000000
6.095833,0.3124052,0.1416975,0.1436993,0.0014999,0.6734086,0.0000000
6.100000,0.3121394,0.1416973,0.1438587,0.0014998,0.6734130,0.0000000
6.104167,0.3118718,0.1416973,0.1440193,0.0014999,0.6734175,0.0000000
6.108333,0.3116016,0.1416973,0.1441814,0.0014997,0.6734220,0.0000000
6.112500,0.3113292,0.1416973,0.1443449,0.0014998,0.6734264,0.0000000
6.116667,0.3110551,0.1416973,0.1445094,0.0014998,0.6734309,0.0000000
6.120833,0.3107798,0.1416972,0.1446746,0.0014997,0.6734353,0.0000000
6.125000,0.3105036,0.1416973,0.1448402,0.0014999,0.6734398,0.0000000
6.129167,0.3102272,0.1416973,0.1450061,0.0014998,0.6734442,0.0000000
6.133333,0.3099509,0.1416973,0.1451719,0.0014998,0.6734486,0.0000000
6.137500,0.3096739,0.1416973,0.1453380,0.0014998,0.6734530,0.0000000
6.141667,0.3093956,0.1416973,0.1455051,0.0014997,0.6734574,0.0000000
6.145833,0.3091163,0.1416972,0.1456727,0.0014996,0.6734619,0.0000000
6.150000,0.3088365,0.1416972,0.1458405,0.0014997,0.6734663,0.0000000
6.154167,0.3085567,0.1416973,0.1460084,0.0014997,0.6734706,0.0000000
6.158333,0.3082774,0.1416973,0.1461760,0.0014998,0.6734750,0.0000000
6.162500,0.3079991,0.1416975,0.1463430,0.0014999,0.6734794,0.0000000
6.166667,0.3077221,0.1416974,0.1465091,0.0014999,0.6734837,0.0000000
6.170833,0.3074458,0.1416973,0.1466750,0.0014998,0.6734880,0.0000000
6.175000,0.3071693,0.1416974,0.1468408,0.0014999,0.6734924,0.0000000
6.179167,0.3068932,0.1416973,0.1470065,0.0014997,0.6734967,0.0000000
6.183333,0.3066179,0.1416973,0.1471717,0.0014997,0.6735010,0.0000000
6.187500,0.3063438,0.1416973,0.1473361,0.0014997,0.6735054,0.0000000
6.191667,0.3060715,0.1416973,0.1474996,0.0014998,0.6735097,0.0000000
6.195833,0.3058012,0.1416974,0.1476617,0.0014998,0.6735139,0.0000000
6.200000,0.3055336,0.1416975,0.1478223,0.0014999,0.6735182,0.0000000
6.204167,0.3052678,0.1416974,0.1479817,0.0014998,0.6735225,0.0000000
6.208333,0.3050033,0.1416974,0.1481405,0.0014999,0.6735268,0.0000000
6.212500,0.3047403,0.1416974,0.1482983,0.0014999,0.6735310,0.0000000
6.216667,0.3044793,0.1416974,0.1484549,0.0014998,0.6735352,0.0000000
6.220833,0.3042206,0.1416973,0.1486100,0.0014998,0.6735394,0.0000000
6.225000,0.3039649,0.1416974,0.1487635,0.0014998,0.6735437,0.0000000
6.229167,0.3037124,0.1416974,0.1489150,0.0014997,0.6735479,0.0000000
6.233333,0.3034635,0.1416975,0.1490643,0.0014999,0.6735521,0.0000000
6.237500,0.3032177,0.1416976,0.1492118,0.0015001,0.6735563,0.0000000
6.241667,0.3029742,0.1416975,0.1493579,0.0015000,0.6735604,0.0000000
6.245833,0.3027335,0.1416975,0.1495023,0.0014999,0.6735646,0.0000000
6.250000,0.3024960,0.1416974,0.1496449,0.0014999,0.6735687,0.0000000
6.254167,0.3022617,0.1416974,0.1497854,0.0014998,0.6735728,0.0000000
6.258333,0.3020314,0.1416973,0.1499236,0.0014998,0.6735770,0.0000000
6.262500,0.3018051,0.1416973,0.1500593,0.0014998,0.6735811,0.0000000
6.266667,0.3015833,0.1416974,0.1501924,0.0014999,0.6735851,0.0000000
6.270833,0.3013657,0.1416975,0.1503229,0.0014999,0.6735892,0.0000000
6.275000,0.3011515,0.1416973,0.1504514,0.0014999,0.6735933,0.0000000
6.279167,0.3009410,0.1416974,0.1505777,0.0014998,0.6735973,0.0000000
6.283333,0.3007346,0.1416974,0.1507017,0.0014999,0.6736014,0.0000000
6.287500,0.3005324,0.1416972,0.1508230,0.0014997,0.6736054,0.0000000
6.291667,0.3003348,0.1416973,0.1509416,0.0014997,0.6736094,0.0000000
6.295833,0.3001419,0.1416972,0.1510573,0.0014997,0.6736134,0.0000000
6.300000,0.2999541,0.1416974,0.1511699,0.0014999,0.6736174,0.0000000
6.304167,0.2997711,0.1416975,0.1512798,0.0014999,0.6736214,0.0000000
6.308333,0.2995924,0.1416975,0.1513869,0.0014999,0.6736253,0.0000000
6.312500,0.2994182,0.1416973,0.1514914,0.0014998,0.6736292,0.0000000
6.316667,0.2992488,0.1416974,0.1515931,0.0014998,0.6736332,0.0000000
6.320833,0.2990841,0.1416973,0.1516919,0.0014997,0.6736370,0.0000000
6.325000,0.2989244,0.1416972,0.1517877,0.0014997,0.6736409,0.0000000
6.329167,0.2987699,0.1416972,0.1518804,0.0014997,0.6736447,0.0000000
6.333333,0.2986206,0.1416973,0.1519700,0.0014998,0.6736487,0.0000000
6.337500,0.2984764,0.1416974,0.1520565,0.0014999,0.6736525,0.0000000
6.341667,0.2983373,0.1416975,0.1521399,0.0015000,0.6736563,0.0000000
6.345833,0.2982032,0.1416973,0.1522205,0.0014998,0.6736602,0.0000000
6.350000,0.2980742,0.1416974,0.1522979,0.0014998,0.6736640,0.0000000
6.354167,0.2979501,0.1416973,0.1523724,0.0014998,0.6736678,0.0000000
6.358333,0.2978311,0.1416974,0.1524438,0.0014999,0.6736715,0.0000000
6.362500,0.2977171,0.1416974,0.1525122,0.0014999,0.6736753,0.0000000
6.366667,0.2976081,0.1416975,0.1525775,0.0015000,0.6736790,0.0000000
6.370833,0.2975044,0.1416974,0.1526398,0.0014999,0.6736827,0.0000000
6.375000,0.2974060,0.1416974,0.1526988,0.0014999,0.6736864,0.0000000
6.379167,0.2973127,0.1416974,0.1527547,0.0014999,0.6736902,0.0000000
6.383333,0.2972246,0.1416973,0.1528077,0.0014999,0.6736938,0.0000000
6.387500,0.2971411,0.1416974,0.1528577,0.0014998,0.6736975,0.0000000
6.391667,0.2970624,0.1416972,0.1529049,0.0014996,0.6737011,0.0000000
6.395833,0.2969881,0.1416973,0.1529496,0.0014998,0.6737047,0.0000000
6.400000,0.2969182,0.1416973,0.1529915,0.0014997,0.6737083,0.0000000
6.404167,0.2968530,0.1416973,0.1530306,0.0014998,0.6737119,0.0000000
6.408333,0.2967931,0.1416973,0.1530665,0.0014997,0.6737154,0.0000000
6.412500,0.2967379,0.1416973,0.1530996,0.0014998,0.6737190,0.0000000
6.416667,0.2966874,0.1416974,0.1531300,0.0014998,0.6737225,0.0000000
6.420833,0.2966409,0.1416974,0.1531579,0.0014999,0.6737260,0.0000000
6.425000,0.2965983,0.1416975,0.1531835,0.0015000,0.6737295,0.0000000
6.429167,0.2965590,0.1416975,0.1532071,0.0014999,0.6737329,0.0000000
6.433333,0.2965228,0.1416975,0.1532288,0.0014999,0.6737365,0.0000000
6.437500,0.2964904,0.1416974,0.1532481,0.0015000,0.6737399,0.0000000
6.441667,0.2964628,0.1416974,0.1532648,0.0014999,0.6737432,0.0000000
6.445833,0.2964392,0.1416974,0.1532789,0.0015000,0.6737466,0.0000000
6.450000,0.2964191,0.1416974,0.1532910,0.0014999,0.6737499,0.0000000
6.454167,0.2964018,0.1416975,0.1533014,0.0015000,0.6737533,0.0000000
6.458333,0.2963869,0.1416974,0.1533103,0.0014999,0.6737567,0.0000000
6.462500,0.2963737,0.1416974,0.1533182,0.0014998,0.6737599,0.0000000
6.466667,0.2963617,0.1416975,0.1533254,0.0014999,0.6737633,0.0000000
6.470833,0.2963518,0.1416972,0.1533313,0.0014996,0.6737665,0.0000000
6.475000,0.2963454,0.1416967,0.1533352,0.0014991,0.6737697,0.0000000
6.479167,0.2963414,0.1416959,0.1533376,0.0014983,0.6737728,0.0000000
6.483333,0.2963393,0.1416953,0.1533388,0.0014977,0.6737759,0.0000000
6.487500,0.2963386,0.1416949,0.1533393,0.0014974,0.6737790,0.0000000
6.491667,0.2963382,0.1416949,0.1533394,0.0014973,0.6737822,0.0000000
6.495833,0.2963378,0.1416958,0.1533397,0.0014983,0.6737854,0.0000000
6.500000,0.2963365,0.1416974,0.1533404,0.0014998,0.6737888,0.0000000
6.504167,0.2963351,0.1416987,0.1533412,0.0015011,0.6737922,0.0000000
6.508333,0.2963344,0.1416989,0.1533416,0.0015014,0.6737953,0.0000000
6.512500,0.2963344,0.1416990,0.1533417,0.0015015,0.6737984,0.0000000
6.516667,0.2963344,0.1417001,0.1533416,0.0015027,0.6738016,0.0000000
6.520833,0.2963344,0.1417029,0.1533416,0.0015053,0.6738051,0.0000000
6.525000,0.2963340,0.1417084,0.1533418,0.0015109,0.6738091,0.0000000
6.529167,0.2963328,0.1417176,0.1533423,0.0015201,0.6738136,0.0000000
6.533333,0.2963306,0.1417314,0.1533433,0.0015338,0.6738190,0.0000000
6.537500,0.2963276,0.1417481,0.1533448,0.0015506,0.6738248,0.0000000
6.541667,0.2963244,0.1417663,0.1533463,0.0015687,0.6738308,0.0000000
6.545833,0.2963208,0.1417869,0.1533480,0.0015894,0.6738372,0.0000000
6.550000,0.2963166,0.1418109,0.1533499,0.0016134,0.6738443,0.0000000
6.554167,0.2963116,0.1418391,0.1533523,0.0016417,0.6738520,0.0000000
6.558333,0.2963057,0.1418728,0.1533551,0.0016752,0.6738605,0.0000000
6.562500,0.2962986,0.1419128,0.1533584,0.0017153,0.6738703,0.0000000
6.566667,0.2962903,0.1419602,0.1533624,0.0017626,0.6738812,0.0000000
6.570833,0.2962809,0.1420135,0.1533669,0.0018160,0.6738932,0.0000000
6.575000,0.2962707,0.1420710,0.1533716,0.0018735,0.6739057,0.0000000
6.579167,0.2962597,0.1421338,0.1533769,0.0019363,0.6739193,0.0000000
6.583333,0.2962476,0.1422026,0.1533825,0.0020051,0.6739337,0.0000000
6.587500,0.2962343,0.1422781,0.1533888,0.0020806,0.6739493,0.0000000
6.591667,0.2962196,0.1423613,0.1533958,0.0021637,0.6739662,0.0000000
6.595833,0.2962035,0.1424530,0.1534034,0.0022556,0.6739846,0.0000000
6.600000,0.2961857,0.1425541,0.1534120,0.0023566,0.6740045,0.0000000
6.604167,0.2961664,0.1426633,0.1534212,0.0024658,0.6740258,0.0000000
6.608333,0.2961459,0.1427794,0.1534309,0.0025820,0.6740483,0.0000000
6.612500,0.2961242,0.1429031,0.1534411,0.0027056,0.6740720,0.0000000
6.616667,0.2961010,0.1430349,0.1534521,0.0028375,0.6740971,0.0000000
6.620833,0.2960762,0.1431757,0.1534637,0.0029782,0.6741236,0.0000000
6.625000,0.2960497,0.1433261,0.1534763,0.0031287,0.6741518,0.0000000
6.629167,0.2960214,0.1434866,0.1534898,0.0032891,0.6741816,0.0000000
6.633333,0.2959911,0.1436579,0.1535043,0.0034604,0.6742133,0.0000000
6.637500,0.2959591,0.1438393,0.1535196,0.0036419,0.6742467,0.0000000
6.641667,0.2959256,0.1440299,0.1535355,0.0038325,0.6742817,0.0000000
6.645833,0.2958904,0.1442300,0.1535521,0.0040325,0.6743181,0.0000000
6.650000,0.2958533,0.1444401,0.1535694,0.0042426,0.6743562,0.0000000
6.654167,0.2958144,0.1446609,0.1535878,0.0044633,0.6743961,0.0000000
6.658333,0.2957737,0.1448927,0.1536071,0.0046951,0.6744379,0.0000000
6.662500,0.2957307,0.1451361,0.1536275,0.0049385,0.6744815,0.0000000
6.666667,0.2956857,0.1453916,0.1536491,0.0051940,0.6745272,0.0000000
6.670833,0.2956385,0.1456585,0.1536717,0.0054610,0.6745748,0.0000000
6.675000,0.2955895,0.1459365,0.1536949,0.0057389,0.6746241,0.0000000
6.679167,0.2955386,0.1462257,0.1537189,0.0060282,0.6746752,0.0000000
6.683333,0.2954856,0.1465264,0.1537437,0.0063289,0.6747283,0.0000000
6.687500,0.2954306,0.1468391,0.1537696,0.0066416,0.6747832,0.0000000
6.691667,0.2953733,0.1471639,0.1537967,0.0069664,0.6748402,0.0000000
6.695833,0.2953138,0.1475014,0.1538250,0.0073040,0.6748993,0.0000000
6.700000,0.2952520,0.1478517,0.1538547,0.0076542,0.6749605,0.0000000
6.704167,0.2951879,0.1482148,0.1538854,0.0080173,0.6750238,0.0000000
6.708333,0.2951218,0.1485902,0.1539168,0.0083926,0.6750891,0.0000000
6.712500,0.2950534,0.1489782,0.1539490,0.0087807,0.6751562,0.0000000
6.716667,0.2949828,0.1493787,0.1539821,0.0091813,0.6752254,0.0000000
6.720833,0.2949100,0.1497923,0.1540164,0.0095947,0.6752967,0.0000000
6.725000,0.2948347,0.1502188,0.1540519,0.0100213,0.6753700,0.0000000
6.729167,0.2947572,0.1506587,0.1540888,0.0104613,0.6754456,0.0000000
6.733333,0.2946771,0.1511120,0.1541272,0.0109144,0.6755233,0.0000000
6.737500,0.2945947,0.1515788,0.1541668,0.0113814,0.6756032,0.0000000
6.741667,0.2945099,0.1520591,0.1542070,0.0118615,0.6756851,0.0000000
6.745833,0.2944227,0.1525527,0.1542480,0.0123552,0.6757691,0.0000000
6.750000,0.2943333,0.1530600,0.1542901,0.0128625,0.6758552,0.0000000
6.754167,0.2942414,0.1535805,0.1543334,0.0133830,0.6759433,0.0000000
6.758333,0.2941471,0.1541149,0.1543779,0.0139174,0.6760336,0.0000000
6.762500,0.2940504,0.1546627,0.1544239,0.0144652,0.6761261,0.0000000
6.766667,0.2939510,0.1552242,0.1544715,0.0150268,0.6762207,0.0000000
6.770833,0.2938493,0.1557995,0.1545203,0.0156020,0.6763176,0.0000000
6.775000,0.2937451,0.1563889,0.1545697,0.0161914,0.6764164,0.0000000
6.779167,0.2936384,0.1569925,0.1546201,0.0167950,0.6765173,0.0000000
6.783333,0.2935292,0.1576099,0.1546714,0.0174125,0.6766203,0.0000000
6.787500,0.2934176,0.1582411,0.1547239,0.0180436,0.6767254,0.0000000
6.791667,0.2933035,0.1588859,0.1547777,0.0186885,0.6768327,0.0000000
6.795833,0.2931870,0.1595445,0.1548331,0.0193470,0.6769419,0.0000000
6.800000,0.2930678,0.1602165,0.1548902,0.0200191,0.6770533,0.0000000
6.804167,0.2929462,0.1609024,0.1549485,0.0207050,0.6771668,0.0000000
6.808333,0.2928220,0.1616028,0.1550074,0.0214053,0.6772823,0.0000000
6.812500,0.2926953,0.1623172,0.1550672,0.0221198,0.6773996,0.0000000
6.816667,0.2925660,0.1630457,0.1551280,0.0228483,0.6775192,0.0000000
6.820833,0.2924342,0.1637879,0.1551900,0.0235905,0.6776407,0.0000000
6.825000,0.2923000,0.1645436,0.1552534,0.0243461,0.6777642,0.0000000
6.829167,0.2921633,0.1653126,0.1553183,0.0251151,0.6778896,0.0000000
6.833333,0.2920242,0.1660945,0.1553849,0.0258970,0.6780171,0.0000000
6.837500,0.2918825,0.1668901,0.1554527,0.0266926,0.6781464,0.0000000
6.841667,0.2917382,0.1677000,0.1555212,0.0275025,0.6782777,0.0000000
6.845833,0.2915914,0.1685239,0.1555906,0.0283264,0.6784109,0.0000000
6.850000,0.2914421,0.1693615,0.1556610,0.0291640,0.6785459,0.0000000
6.854167,0.2912903,0.1702122,0.1557325,0.0300147,0.6786828,0.0000000
6.858333,0.2911360,0.1710759,0.1558054,0.0308784,0.6788216,0.0000000
6.862500,0.2909793,0.1719521,0.1558798,0.0317546,0.6789621,0.0000000
6.866667,0.2908202,0.1728405,0.1559558,0.0326429,0.6791043,0.0000000
6.870833,0.2906587,0.1737418,0.1560330,0.0335443,0.6792484,0.0000000
6.875000,0.2904946,0.1746570,0.1561110,0.0344595,0.6793941,0.0000000
6.879167,0.2903280,0.1755856,0.1561897,0.0353882,0.6795416,0.0000000
6.883333,0.2901588,0.1765269,0.1562694,0.0363294,0.6796909,0.0000000
6.887500,0.2899873,0.1774807,0.1563503,0.0372832,0.6798417,0.0000000
6.891667,0.2898134,0.1784466,0.1564324,0.0382491,0.6799942,0.0000000
6.895833,0.2896372,0.1794238,0.1565160,0.0392263,0.6801482,0.0000000
6.900000,0.2894588,0.1804120,0.1566011,0.0402145,0.6803036,0.0000000
6.904167,0.2892779,0.1814120,0.1566875,0.0412145,0.6804606,0.0000000
6.908333,0.2890945,0.1824251,0.1567746,0.0422275,0.6806192,0.0000000
6.912500,0.2889086,0.1834504,0.1568626,0.0432528,0.6807793,0.0000000
6.916667,0.2887204,0.1844875,0.1569514,0.0442900,0.6809409,0.0000000
6.920833,0.2885298,0.1855358,0.1570414,0.0453382,0.6811038,0.0000000
6.925000,0.2883370,0.1865948,0.1571325,0.0463972,0.6812682,0.0000000
6.929167,0.2881420,0.1876638,0.1572249,0.0474663,0.6814337,0.0000000
6.933333,0.2879449,0.1887421,0.1573189,0.0485446,0.6816005,0.0000000
6.937500,0.2877455,0.1898309,0.1574140,0.0496334,0.6817685,0.0000000
6.941667,0.2875437,0.1909313,0.1575099,0.0507337,0.6819378,0.0000000
6.945833,0.2873394,0.1920427,0.1576065,0.0518453,0.6821084,0.0000000
6.950000,0.2871329,0.1931646,0.1577041,0.0529671,0.6822802,0.0000000
6.954167,0.2869242,0.1942959,0.1578028,0.0540984,0.6824531,0.0000000
6.958333,0.2867134,0.1954361,0.1579024,0.0552385,0.6826270,0.0000000
6.962500,0.2865007,0.1965846,0.1580033,0.0563871,0.6828019,0.0000000
6.966667,0.2862860,0.1977404,0.1581055,0.0575428,0.6829777,0.0000000
6.970833,0.2860692,0.1989050,0.1582087,0.0587076,0.6831545,0.0000000
6.975000,0.2858500,0.2000796,0.1583128,0.0598822,0.6833323,0.0000000
6.979167,0.2856286,0.2012633,0.1584177,0.0610658,0.6835110,0.0000000
6.983333,0.2854052,0.2024555,0.1585234,0.0622580,0.6836906,0.0000000
6.987500,0.2851796,0.2036553,0.1586300,0.0634578,0.6838710,0.0000000
6.991667,0.2849522,0.2048622,0.1587376,0.0646647,0.6840522,0.0000000
6.995833,0.2847229,0.2060749,0.1588462,0.0658775,0.6842340,0.0000000
7.000000,0.2844920,0.2072932,0.1589560,0.0670958,0.6844164,0.0000000
7.004167,0.2842591,0.2085181,0.1590667,0.0683206,0.6845994,0.0000000
7.008333,0.2840240,0.2097509,0.1591784,0.0695533,0.6847831,0.0000000
7.012500,0.2837868,0.2109907,0.1592908,0.0707931,0.6849675,0.0000000
7.016667,0.2835477,0.2122370,0.1594040,0.0720394,0.6851524,0.0000000
7.020833,0.2833068,0.2134886,0.1595180,0.0732910,0.6853378,0.0000000
7.025000,0.2830642,0.2147449,0.1596328,0.0745474,0.6855236,0.0000000
7.029167,0.2828199,0.2160050,0.1597486,0.0758075,0.6857097,0.0000000
7.033333,0.2825742,0.2172680,0.1598652,0.0770705,0.6858960,0.0000000
7.037500,0.2823267,0.2185353,0.1599828,0.0783378,0.6860827,0.0000000
7.041667,0.2820773,0.2198084,0.1601011,0.0796108,0.6862698,0.0000000
7.045833,0.2818260,0.2210861,0.1602203,0.0808885,0.6864572,0.0000000
7.050000,0.2815729,0.2223678,0.1603403,0.0821703,0.6866447,0.0000000
7.054167,0.2813182,0.2236526,0.1604609,0.0834551,0.6868325,0.0000000
7.058333,0.2810621,0.2249396,0.1605822,0.0847420,0.6870203,0.0000000
7.062500,0.2808045,0.2262280,0.1607042,0.0860305,0.6872082,0.0000000
7.066667,0.2805458,0.2275166,0.1608268,0.0873191,0.6873959,0.0000000
7.070833,0.2802855,0.2288072,0.1609503,0.0886097,0.6875836,0.0000000
7.075000,0.2800235,0.2301010,0.1610747,0.0899034,0.6877713,0.0000000
7.079167,0.2797599,0.2313972,0.1611997,0.0911998,0.6879591,0.0000000
7.083333,0.2794947,0.2326946,0.1613254,0.0924971,0.6881468,0.0000000
7.087500,0.2792282,0.2339926,0.1614519,0.0937951,0.6883343,0.0000000
7.091667,0.2789603,0.2352904,0.1615787,0.0950929,0.6885215,0.0000000
7.095833,0.2786914,0.2365870,0.1617061,0.0963895,0.6887084,0.0000000
7.100000,0.2784216,0.2378816,0.1618339,0.0976841,0.6888949,0.0000000
7.104167,0.2781504,0.2391755,0.1619623,0.0989780,0.6890810,0.0000000
7.108333,0.2778777,0.2404701,0.1620917,0.1002725,0.6892669,0.0000000
7.112500,0.2776037,0.2417644,0.1622218,0.1015668,0.6894525,0.0000000
7.116667,0.2773283,0.2430576,0.1623525,0.1028602,0.6896377,0.0000000
7.120833,0.2770519,0.2443490,0.1624837,0.1041515,0.6898224,0.0000000
7.125000,0.2767744,0.2456376,0.1626152,0.1054401,0.6900065,0.0000000
7.129167,0.2764961,0.2469227,0.1627470,0.1067251,0.6901900,0.0000000
7.133333,0.2762170,0.2482034,0.1628791,0.1080058,0.6903727,0.0000000
7.137500,0.2759370,0.2494808,0.1630116,0.1092833,0.6905548,0.0000000
7.141667,0.2756558,0.2507566,0.1631450,0.1105591,0.6907364,0.0000000
7.145833,0.2753733,0.2520294,0.1632791,0.1118319,0.6909173,0.0000000
7.150000,0.2750900,0.2532989,0.1634137,0.1131014,0.6910976,0.0000000
7.154167,0.2748058,0.2545642,0.1635486,0.1143668,0.6912770,0.0000000
7.158333,0.2745208,0.2558245,0.1636838,0.1156269,0.6914557,0.0000000
7.162500,0.2742352,0.2570790,0.1638190,0.1168815,0.6916333,0.0000000
7.166667,0.2739491,0.2583271,0.1639543,0.1181295,0.6918101,0.0000000
7.170833,0.2736623,0.2595696,0.1640899,0.1193722,0.6919859,0.0000000
7.175000,0.2733746,0.2608081,0.1642263,0.1206106,0.6921609,0.0000000
7.179167,0.2730862,0.2620415,0.1643633,0.1218441,0.6923351,0.0000000
7.183333,0.2727969,0.2632694,0.1645007,0.1230719,0.6925082,0.0000000
7.187500,0.2725071,0.2644909,0.1646383,0.1242934,0.6926803,0.0000000
7.191667,0.2722168,0.2657055,0.1647761,0.1255080,0.6928514,0.0000000
7.195833,0.2719262,0.2669124,0.1649138,0.1267149,0.6930212,0.0000000
7.200000,0.2716354,0.2681112,0.1650511,0.1279137,0.6931899,0.0000000
7.204167,0.2713441,0.2693026,0.1651889,0.1291052,0.6933573,0.0000000
7.208333,0.2710522,0.2704875,0.1653273,0.1302900,0.6935238,0.0000000
7.212500,0.2707598,0.2716656,0.1654661,0.1314681,0.6936891,0.0000000
7.216667,0.2704670,0.2728361,0.1656053,0.1326387,0.6938532,0.0000000
7.220833,0.2701738,0.2739989,0.1657445,0.1338014,0.6940161,0.0000000
7.225000,0.2698806,0.2751530,0.1658837,0.1349555,0.6941776,0.0000000
7.229167,0.2695872,0.2762981,0.1660227,0.1361006,0.6943378,0.0000000
7.233333,0.2692939,0.2774335,0.1661613,0.1372359,0.6944966,0.0000000
7.237500,0.2690004,0.2785601,0.1663000,0.1383627,0.6946540,0.0000000
7.241667,0.2687067,0.2796784,0.1664392,0.1394810,0.6948102,0.0000000
7.245833,0.2684127,0.2807883,0.1665788,0.1405908,0.6949650,0.0000000
7.250000,0.2681186,0.2818894,0.1667186,0.1416918,0.6951185,0.0000000
7.254167,0.2678245,0.2829811,0.1668583,0.1427836,0.6952706,0.0000000
7.258333,0.2675306,0.2840632,0.1669978,0.1438657,0.6954212,0.0000000
7.262500,0.2672367,0.2851351,0.1671370,0.1449375,0.6955702,0.0000000
7.266667,0.2669433,0.2861966,0.1672757,0.1459991,0.6957176,0.0000000
7.270833,0.2666499,0.2872482,0.1674143,0.1470507,0.6958636,0.0000000
7.275000,0.2663566,0.2882903,0.1675533,0.1480927,0.6960081,0.0000000
7.279167,0.2660634,0.2893226,0.1676925,0.1491251,0.6961512,0.0000000
7.283333,0.2657703,0.2903452,0.1678318,0.1501477,0.6962928,0.0000000
7.287500,0.2654775,0.2913574,0.1679711,0.1511600,0.6964328,0.0000000
7.291667,0.2651851,0.2923594,0.1681099,0.1521619,0.6965712,0.0000000
7.295833,0.2648932,0.2933508,0.1682481,0.1531534,0.6967080,0.0000000
7.300000,0.2646018,0.2943315,0.1683858,0.1541341,0.6968431,0.0000000
7.304167,0.2643108,0.2953015,0.1685233,0.1551040,0.6969765,0.0000000
7.308333,0.2640203,0.2962611,0.1686610,0.1560636,0.6971084,0.0000000
7.312500,0.2637301,0.2972104,0.1687987,0.1570129,0.6972388,0.0000000
7.316667,0.2634404,0.2981491,0.1689364,0.1579515,0.6973676,0.0000000
7.320833,0.2631513,0.2990773,0.1690738,0.1588797,0.6974947,0.0000000
7.325000,0.2628628,0.2999949,0.1692108,0.1597974,0.6976202,0.0000000
7.329167,0.2625750,0.3009018,0.1693472,0.1607044,0.6977439,0.0000000
7.333333,0.2622881,0.3017980,0.1694827,0.1616005,0.6978658,0.0000000
7.337500,0.2620019,0.3026832,0.1696179,0.1624856,0.6979861,0.0000000
7.341667,0.2617163,0.3035578,0.1697533,0.1633602,0.6981048,0.0000000
7.345833,0.2614315,0.3044216,0.1698885,0.1642241,0.6982219,0.0000000
7.350000,0.2611474,0.3052749,0.1700236,0.1650775,0.6983373,0.0000000
7.354167,0.2608641,0.3061175,0.1701582,0.1659201,0.6984510,0.0000000
7.358333,0.2605818,0.3069498,0.1702922,0.1667522,0.6985630,0.0000000
7.362500,0.2603005,0.3077717,0.1704255,0.1675742,0.6986733,0.0000000
7.366667,0.2600202,0.3085829,0.1705580,0.1683854,0.6987818,0.0000000
7.370833,0.2597410,0.3093837,0.1706899,0.1691862,0.6988887,0.0000000
7.375000,0.2594626,0.3101737,0.1708218,0.1699762,0.6989939,0.0000000
7.379167,0.2591853,0.3109531,0.1709534,0.1707556,0.6990974,0.0000000
7.383333,0.2589090,0.3117222,0.1710847,0.1715247,0.6991994,0.0000000
7.387500,0.2586339,0.3124809,0.1712155,0.1722833,0.6992996,0.0000000
7.391667,0.2583599,0.3132296,0.1713456,0.1730322,0.6993982,0.0000000
7.395833,0.2580871,0.3139684,0.1714748,0.1737709,0.6994950,0.0000000
7.400000,0.2578157,0.3146974,0.1716030,0.1745000,0.6995901,0.0000000
7.404167,0.2575456,0.3154163,0.1717308,0.1752188,0.6996834,0.0000000
7.408333,0.2572767,0.3161247,0.1718582,0.1759272,0.6997753,0.0000000
7.412500,0.2570089,0.3168231,0.1719853,0.1766256,0.6998655,0.0000000
7.416667,0.2567426,0.3175115,0.1721118,0.1773140,0.6999540,0.0000000
7.420833,0.2564776,0.3181902,0.1722377,0.1779927,0.7000410,0.0000000
7.425000,0.2562140,0.3188595,0.1723629,0.1786620,0.7001263,0.0000000
7.429167,0.2559519,0.3195196,0.1724871,0.1793221,0.7002099,0.0000000
7.433333,0.2556914,0.3201707,0.1726103,0.1799731,0.7002919,0.0000000
7.437500,0.2554324,0.3208124,0.1727326,0.1806149,0.7003722,0.0000000
7.441667,0.2551748,0.3214442,0.1728546,0.1812468,0.7004511,0.0000000
7.445833,0.2549188,0.3220666,0.1729762,0.1818691,0.7005283,0.0000000
7.450000,0.2546643,0.3226796,0.1730971,0.1824821,0.7006040,0.0000000
7.454167,0.2544114,0.3232837,0.1732173,0.1830862,0.7006782,0.0000000
7.458333,0.2541602,0.3238791,0.1733365,0.1836816,0.7007508,0.0000000
7.462500,0.2539107,0.3244661,0.1734547,0.1842685,0.7008218,0.0000000
7.466667,0.2536630,0.3250449,0.1735718,0.1848474,0.7008913,0.0000000
7.470833,0.2534171,0.3256151,0.1736881,0.1854176,0.7009592,0.0000000
7.475000,0.2531728,0.3261762,0.1738039,0.1859786,0.7010257,0.0000000
7.479167,0.2529303,0.3267286,0.1739190,0.1865311,0.7010908,0.0000000
7.483333,0.2526895,0.3272724,0.1740333,0.1870749,0.7011544,0.0000000
7.487500,0.2524506,0.3278080,0.1741468,0.1876105,0.7012165,0.0000000
7.491667,0.2522136,0.3283356,0.1742594,0.1881381,0.7012773,0.0000000
7.495833,0.2519785,0.3288558,0.1743708,0.1886582,0.7013366,0.0000000
7.500000,0.2517453,0.3293685,0.1744810,0.1891710,0.7013944,0.0000000
7.504167,0.2515141,0.3298735,0.1745903,0.1896760,0.7014508,0.0000000
7.508333,0.2512848,0.3303701,0.1746990,0.1901726,0.7015059,0.0000000
7.512500,0.2510575,0.3308587,0.1748069,0.1906612,0.7015597,0.0000000
7.516667,0.2508321,0.3313396,0.1749140,0.1911422,0.7016122,0.0000000
7.520833,0.2506087,0.3318131,0.1750201,0.1916156,0.7016633,0.0000000
7.525000,0.2503875,0.3322794,0.1751252,0.1920819,0.7017131,0.0000000
7.529167,0.2501683,0.3327388,0.1752290,0.1925412,0.7017617,0.0000000
7.533333,0.2499513,0.3331915,0.1753317,0.1929940,0.7018089,0.0000000
7.537500,0.2497364,0.3336373,0.1754332,0.1934397,0.7018549,0.0000000
7.541667,0.2495235,0.3340755,0.1755341,0.1938780,0.7018996,0.0000000
7.545833,0.2493128,0.3345064,0.1756341,0.1943089,0.7019433,0.0000000
7.550000,0.2491042,0.3349304,0.1757331,0.1947328,0.7019857,0.0000000
7.554167,0.2488979,0.3353475,0.1758311,0.1951500,0.7020270,0.0000000
7.558333,0.2486938,0.3357581,0.1759280,0.1955606,0.7020671,0.0000000
7.562500,0.2484919,0.3361626,0.1760238,0.1959650,0.7021060,0.0000000
7.566667,0.2482923,0.3365609,0.1761181,0.1963634,0.7021438,0.0000000
7.570833,0.2480951,0.3369530,0.1762113,0.1967555,0.7021806,0.0000000
7.575000,0.2479000,0.3373381,0.1763038,0.1971407,0.7022162,0.0000000
7.579167,0.2477073,0.3377167,0.1763953,0.1975193,0.7022508,0.0000000
7.583333,0.2475168,0.3380889,0.1764857,0.1978914,0.7022845,0.0000000
7.587500,0.2473287,0.3384549,0.1765751,0.1982574,0.7023171,0.0000000
7.591667,0.2471429,0.3388150,0.1766633,0.1986175,0.7023486,0.0000000
7.595833,0.2469595,0.3391693,0.1767503,0.1989718,0.7023792,0.0000000
7.600000,0.2467785,0.3395182,0.1768358,0.1993207,0.7024089,0.0000000
7.604167,0.2465999,0.3398612,0.1769202,0.1996636,0.7024376,0.0000000
7.608333,0.2464236,0.3401979,0.1770038,0.2000004,0.7024654,0.0000000
7.612500,0.2462498,0.3405286,0.1770863,0.2003310,0.7024923,0.0000000
7.616667,0.2460784,0.3408535,0.1771678,0.2006560,0.7025183,0.0000000
7.620833,0.2459093,0.3411726,0.1772480,0.2009752,0.7025435,0.0000000
7.625000,0.2457428,0.3414864,0.1773271,0.2012889,0.7025678,0.0000000
7.629167,0.2455786,0.3417947,0.1774049,0.2015971,0.7025913,0.0000000
7.633333,0.2454170,0.3420978,0.1774814,0.2019003,0.7026141,0.0000000
7.637500,0.2452578,0.3423956,0.1775566,0.2021981,0.7026360,0.0000000
7.641667,0.2451011,0.3426877,0.1776308,0.2024902,0.7026572,0.0000000
7.645833,0.2449468,0.3429742,0.1777040,0.2027767,0.7026776,0.0000000
7.650000,0.2447951,0.3432553,0.1777761,0.2030578,0.7026973,0.0000000
7.654167,0.2446458,0.3435310,0.1778470,0.2033334,0.7027163,0.0000000
7.658333,0.2444991,0.3438017,0.1779166,0.2036043,0.7027346,0.0000000
7.662500,0.2443548,0.3440672,0.1779851,0.2038697,0.7027523,0.0000000
7.666667,0.2442130,0.3443280,0.1780521,0.2041305,0.7027693,0.0000000
7.670833,0.2440737,0.3445837,0.1781179,0.2043862,0.7027857,0.0000000
7.675000,0.2439370,0.3448340,0.1781826,0.2046365,0.7028014,0.0000000
7.679167,0.2438028,0.3450791,0.1782463,0.2048816,0.7028165,0.0000000
7.683333,0.2436711,0.3453191,0.1783089,0.2051215,0.7028311,0.0000000
7.687500,0.2435420,0.3455541,0.1783703,0.2053566,0.7028452,0.0000000
7.691667,0.2434154,0.3457842,0.1784304,0.2055867,0.7028586,0.0000000
7.695833,0.2432912,0.3460096,0.1784893,0.2058121,0.7028716,0.0000000
7.700000,0.2431694,0.3462304,0.1785468,0.2060330,0.7028840,0.0000000
7.704167,0.2430503,0.3464463,0.1786032,0.2062489,0.7028959,0.0000000
7.708333,0.2429336,0.3466574,0.1786585,0.2064599,0.7029073,0.0000000
7.712500,0.2428195,0.3468634,0.1787126,0.2066659,0.7029184,0.0000000
7.716667,0.2427080,0.3470646,0.1787656,0.2068671,0.7029287,0.0000000
7.720833,0.2425989,0.3472612,0.1788174,0.2070637,0.7029389,0.0000000
7.725000,0.2424922,0.3474531,0.1788680,0.2072556,0.7029485,0.0000000
7.729167,0.2423880,0.3476405,0.1789175,0.2074430,0.7029577,0.0000000
7.733333,0.2422862,0.3478236,0.1789656,0.2076260,0.7029666,0.0000000
7.737500,0.2421868,0.3480023,0.1790125,0.2078047,0.7029750,0.0000000
7.741667,0.2420900,0.3481759,0.1790584,0.2079784,0.7029831,0.0000000
7.745833,0.2419957,0.3483452,0.1791031,0.2081476,0.7029908,0.0000000
7.750000,0.2419039,0.3485097,0.1791468,0.2083122,0.7029983,0.0000000
7.754167,0.2418145,0.3486699,0.1791893,0.2084724,0.7030053,0.0000000
7.758333,0.2417274,0.3488256,0.1792306,0.2086282,0.7030120,0.0000000
7.762500,0.2416426,0.3489772,0.1792708,0.2087798,0.7030185,0.0000000
7.766667,0.2415602,0.3491248,0.1793098,0.2089273,0.7030246,0.0000000
7.770833,0.2414801,0.3492680,0.1793476,0.2090705,0.7030305,0.0000000
7.775000,0.2414025,0.3494067,0.1793845,0.2092091,0.7030360,0.0000000
7.779167,0.2413272,0.3495409,0.1794201,0.2093436,0.7030413,0.0000000
7.783333,0.2412543,0.3496710,0.1794548,0.2094736,0.7030464,0.0000000
7.787500,0.2411838,0.3497970,0.1794883,0.2095995,0.7030511,0.0000000
7.791667,0.2411154,0.3499188,0.1795207,0.2097214,0.7030557,0.0000000
7.795833,0.2410493,0.3500370,0.1795521,0.2098394,0.7030600,0.0000000
7.800000,0.2409852,0.3501513,0.1795824,0.2099538,0.7030642,0.0000000
7.804167,0.2409233,0.3502615,0.1796117,0.2100640,0.7030681,0.0000000
7.808333,0.2408638,0.3503677,0.1796398,0.2101701,0.7030718,0.0000000
7.812500,0.2408066,0.3504695,0.1796670,0.2102721,0.7030754,0.0000000
7.816667,0.2407515,0.3505677,0.1796931,0.2103702,0.7030787,0.0000000
7.820833,0.2406986,0.3506620,0.1797183,0.2104645,0.7030818,0.0000000
7.825000,0.2406477,0.3507528,0.1797424,0.2105553,0.7030849,0.0000000
7.829167,0.2405987,0.3508399,0.1797656,0.2106423,0.7030877,0.0000000
7.833333,0.2405516,0.3509239,0.1797879,0.2107264,0.7030904,0.0000000
7.837500,0.2405065,0.3510042,0.1798093,0.2108066,0.7030930,0.0000000
7.841667,0.2404636,0.3510806,0.1798296,0.2108830,0.7030954,0.0000000
7.845833,0.2404228,0.3511532,0.1798490,0.2109557,0.7030976,0.0000000
7.850000,0.2403839,0.3512225,0.1798674,0.2110249,0.7030997,0.0000000
7.854167,0.2403469,0.3512883,0.1798850,0.2110908,0.7031017,0.0000000
7.858333,0.2403117,0.3513510,0.1799017,0.2111535,0.7031035,0.0000000
7.862500,0.2402781,0.3514108,0.1799176,0.2112133,0.7031053,0.0000000
7.866667,0.2402461,0.3514677,0.1799328,0.2112702,0.7031070,0.0000000
7.870833,0.2402158,0.3515216,0.1799471,0.2113240,0.7031085,0.0000000
7.875000,0.2401876,0.3515719,0.1799605,0.2113744,0.7031100,0.0000000
7.879167,0.2401611,0.3516190,0.1799731,0.2114214,0.7031114,0.0000000
7.883333,0.2401363,0.3516631,0.1799848,0.2114656,0.7031126,0.0000000
7.887500,0.2401131,0.3517045,0.1799958,0.2115069,0.7031136,0.0000000
7.891667,0.2400914,0.3517431,0.1800062,0.2115456,0.7031147,0.0000000
7.895833,0.2400709,0.3517796,0.1800158,0.2115821,0.7031158,0.0000000
7.900000,0.2400517,0.3518138,0.1800250,0.2116162,0.7031167,0.0000000
7.904167,0.2400338,0.3518456,0.1800334,0.2116479,0.7031176,0.0000000
7.908333,0.2400177,0.3518744,0.1800410,0.2116767,0.7031184,0.0000000
7.912500,0.2400030,0.3519004,0.1800480,0.2117028,0.7031190,0.0000000
7.916667,0.2399897,0.3519241,0.1800543,0.2117265,0.7031197,0.0000000
7.920833,0.2399776,0.3519456,0.1800601,0.2117480,0.7031203,0.0000000
7.925000,0.2399665,0.3519652,0.1800653,0.2117677,0.7031208,0.0000000
7.929167,0.2399564,0.3519833,0.1800701,0.2117858,0.7031213,0.0000000
7.933333,0.2399470,0.3520000,0.1800746,0.2118024,0.7031218,0.0000000
7.937500,0.2399387,0.3520149,0.1800785,0.2118173,0.7031221,0.0000000
7.941667,0.2399316,0.3520274,0.1800819,0.2118299,0.7031224,0.0000000
7.945833,0.2399257,0.3520380,0.1800847,0.2118405,0.7031227,0.0000000
7.950000,0.2399207,0.3520468,0.1800871,0.2118493,0.7031230,0.0000000
7.954167,0.2399165,0.3520544,0.1800891,0.2118568,0.7031231,0.0000000
7.958333,0.2399129,0.3520607,0.1800908,0.2118632,0.7031233,0.0000000
7.962500,0.2399097,0.3520664,0.1800923,0.2118690,0.7031235,0.0000000
7.966667,0.2399067,0.3520718,0.1800937,0.2118742,0.7031236,0.0000000
7.970833,0.2399043,0.3520760,0.1800948,0.2118785,0.7031237,0.0000000
7.975000,0.2399028,0.3520787,0.1800955,0.2118812,0.7031237,0.0000000
7.979167,0.2399019,0.3520802,0.1800959,0.2118827,0.7031238,0.0000000
7.983333,0.2399015,0.3520808,0.1800961,0.2118834,0.7031239,0.0000000
7.987500,0.2399015,0.3520811,0.1800961,0.2118836,0.7031239,0.0000000
7.991667,0.2399014,0.3520812,0.1800962,0.2118837,0.7031239,0.0000000
7.995833,0.2399012,0.3520814,0.1800963,0.2118839,0.7031239,0.0000000
8.000000,0.2399007,0.3520824,0.1800965,0.2118849,0.7031239,0.0000000
