clip,time,chest_x,head_y,pelvis_y,floor_min
26,0.000000,0.0000000,0.2962980,0.1720000,0.0026529
26,0.004167,0.0000000,0.2962973,0.1720000,0.0026529
26,0.008333,0.0000000,0.2962966,0.1720000,0.0026529
26,0.012500,0.0000000,0.2962966,0.1720000,0.0026530
26,0.016667,0.0000000,0.2962968,0.1720000,0.0026531
26,0.020833,0.0000000,0.2962973,0.1720000,0.0026532
26,0.025000,0.0000000,0.2962976,0.1720000,0.0026533
26,0.029167,0.0000000,0.2962982,0.1720000,0.0026534
26,0.033333,0.0000000,0.2962981,0.1720001,0.0026536
26,0.037500,0.0000000,0.2962984,0.1720001,0.0026538
26,0.041667,0.0000000,0.2962982,0.1720002,0.0026541
26,0.045833,0.0000000,0.2962984,0.1720002,0.0026543
26,0.050000,0.0000000,0.2962983,0.1720001,0.0026544
26,0.054167,0.0000000,0.2962983,0.1720000,0.0026545
26,0.058333,0.0000000,0.2962978,0.1719997,0.0026545
26,0.062500,0.0000000,0.2962974,0.1719992,0.0026543
26,0.066667,0.0000000,0.2962964,0.1719984,0.0026538
26,0.070833,0.0000000,0.2962954,0.1719972,0.0026530
26,0.075000,0.0000001,0.2962938,0.1719958,0.0026518
26,0.079167,0.0000001,0.2962918,0.1719935,0.0026499
26,0.083333,0.0000001,0.2962889,0.1719908,0.0026476
26,0.087500,0.0000001,0.2962853,0.1719871,0.0026443
26,0.091667,0.0000001,0.2962808,0.1719828,0.0026404
26,0.095833,0.0000001,0.2962754,0.1719772,0.0026352
26,0.100000,0.0000001,0.2962686,0.1719707,0.0026292
26,0.104167,0.0000001,0.2962607,0.1719626,0.0026216
26,0.108333,0.0000001,0.2962515,0.1719535,0.0026130
26,0.112500,0.0000001,0.2962406,0.1719424,0.0026025
26,0.116667,0.0000001,0.2962282,0.1719302,0.0025908
26,0.120833,0.0000001,0.2962140,0.1719159,0.0025771
26,0.125000,0.0000002,0.2961982,0.1719003,0.0025620
26,0.129167,0.0000002,0.2961805,0.1718823,0.0025447
26,0.133333,0.0000003,0.2961611,0.1718631,0.0025261
26,0.137500,0.0000003,0.2961396,0.1718415,0.0025051
26,0.141667,0.0000004,0.2961164,0.1718185,0.0024829
26,0.145833,0.0000005,0.2960915,0.1717934,0.0024585
26,0.150000,0.0000006,0.2960650,0.1717670,0.0024328
26,0.154167,0.0000007,0.2960368,0.1717387,0.0024052
26,0.158333,0.0000008,0.2960072,0.1717092,0.0023765
26,0.162500,0.0000010,0.2959765,0.1716783,0.0023464
26,0.166667,0.0000012,0.2959445,0.1716464,0.0023153
26,0.170833,0.0000015,0.2959120,0.1716138,0.0022834
26,0.175000,0.0000017,0.2958785,0.1715804,0.0022510
26,0.179167,0.0000020,0.2958453,0.1715470,0.0022184
26,0.183333,0.0000023,0.2958113,0.1715132,0.0021855
26,0.187500,0.0000027,0.2957785,0.1714801,0.0021533
26,0.191667,0.0000031,0.2957452,0.1714471,0.0021212
26,0.195833,0.0000036,0.2957140,0.1714156,0.0020907
26,0.200000,0.0000042,0.2956828,0.1713845,0.0020605
26,0.204167,0.0000049,0.2956542,0.1713558,0.0020329
26,0.208333,0.0000055,0.2956260,0.1713277,0.0020058
26,0.212500,0.0000062,0.2956015,0.1713029,0.0019820
26,0.216667,0.0000070,0.2955773,0.1712789,0.0019591
26,0.220833,0.0000079,0.2955576,0.1712588,0.0019401
26,0.225000,0.0000088,0.2955383,0.1712395,0.0019220
26,0.229167,0.0000100,0.2955239,0.1712248,0.0019084
26,0.233333,0.0000112,0.2955098,0.1712108,0.0018956
26,0.237500,0.0000126,0.2955011,0.1712016,0.0018876
26,0.241667,0.0000140,0.2954924,0.1711930,0.0018802
26,0.245833,0.0000155,0.2954890,0.1711892,0.0018777
26,0.250000,0.0000171,0.2954855,0.1711857,0.0018754
26,0.254167,0.0000189,0.2954871,0.1711870,0.0018779
26,0.258333,0.0000209,0.2954884,0.1711881,0.0018804
26,0.262500,0.0000232,0.2954950,0.1711942,0.0018878
26,0.266667,0.0000257,0.2955013,0.1712002,0.0018951
26,0.270833,0.0000284,0.2955128,0.1712110,0.0019074
26,0.275000,0.0000313,0.2955239,0.1712219,0.0019196
26,0.279167,0.0000343,0.2955399,0.1712374,0.0019365
26,0.283333,0.0000375,0.2955558,0.1712528,0.0019534
26,0.287500,0.0000411,0.2955765,0.1712727,0.0019747
26,0.291667,0.0000450,0.2955969,0.1712925,0.0019960
26,0.295833,0.0000493,0.2956215,0.1713163,0.0020213
26,0.300000,0.0000541,0.2956461,0.1713400,0.0020466
26,0.304167,0.0000592,0.2956744,0.1713671,0.0020753
26,0.308333,0.0000646,0.2957022,0.1713942,0.0021040
26,0.312500,0.0000702,0.2957334,0.1714240,0.0021354
26,0.316667,0.0000763,0.2957642,0.1714538,0.0021669
26,0.320833,0.0000828,0.2957974,0.1714855,0.0022002
26,0.325000,0.0000900,0.2958304,0.1715171,0.0022335
26,0.329167,0.0000978,0.2958649,0.1715498,0.0022680
26,0.333333,0.0001063,0.2958992,0.1715824,0.0023023
26,0.337500,0.0001155,0.2959342,0.1716151,0.0023368
26,0.341667,0.0001250,0.2959688,0.1716478,0.0023713
26,0.345833,0.0001350,0.2960031,0.1716796,0.0024050
26,0.350000,0.0001457,0.2960372,0.1717114,0.0024386
26,0.354167,0.0001572,0.2960701,0.1717414,0.0024705
26,0.358333,0.0001697,0.2961029,0.1717712,0.0025023
26,0.362500,0.0001831,0.2961335,0.1717983,0.0025314
26,0.366667,0.0001978,0.2961642,0.1718254,0.0025605
26,0.370833,0.0002133,0.2961918,0.1718489,0.0025860
26,0.375000,0.0002295,0.2962193,0.1718723,0.0026114
26,0.379167,0.0002466,0.2962430,0.1718913,0.0026326
26,0.383333,0.0002646,0.2962666,0.1719103,0.0026537
26,0.387500,0.0002839,0.2962859,0.1719243,0.0026698
26,0.391667,0.0003046,0.2963054,0.1719383,0.0026860
26,0.395833,0.0003268,0.2963203,0.1719469,0.0026968
26,0.400000,0.0003508,0.2963356,0.1719554,0.0027077
26,0.404167,0.0003762,0.2963458,0.1719583,0.0027129
26,0.408333,0.0004027,0.2963562,0.1719612,0.0027181
26,0.412500,0.0004304,0.2963616,0.1719584,0.0027177
26,0.416667,0.0004596,0.2963671,0.1719557,0.0027174
26,0.420833,0.0004907,0.2963684,0.1719475,0.0027117
26,0.425000,0.0005238,0.2963700,0.1719394,0.0027061
26,0.429167,0.0005591,0.2963678,0.1719263,0.0026956
26,0.433333,0.0005971,0.2963663,0.1719133,0.0026852
26,0.437500,0.0006370,0.2963616,0.1718961,0.0026707
26,0.441667,0.0006785,0.2963570,0.1718789,0.0026562
26,0.445833,0.0007220,0.2963505,0.1718586,0.0026386
26,0.450000,0.0007677,0.2963442,0.1718383,0.0026211
26,0.454167,0.0008159,0.2963375,0.1718160,0.0026018
26,0.458333,0.0008670,0.2963314,0.1717938,0.0025825
26,0.462500,0.0009214,0.2963265,0.1717712,0.0025628
26,0.466667,0.0009792,0.2963226,0.1717484,0.0025432
26,0.470833,0.0010400,0.2963212,0.1717269,0.0025248
26,0.475000,0.0011030,0.2963203,0.1717053,0.0025063
26,0.479167,0.0011688,0.2963236,0.1716866,0.0024909
26,0.483333,0.0012377,0.2963277,0.1716679,0.0024755
26,0.487500,0.0013101,0.2963382,0.1716539,0.0024649
26,0.491667,0.0013865,0.2963498,0.1716398,0.0024543
26,0.495833,0.0014673,0.2963701,0.1716323,0.0024504
26,0.500000,0.0015528,0.2963919,0.1716247,0.0024465
26,0.504167,0.0016423,0.2964239,0.1716256,0.0024511
26,0.508333,0.0017350,0.2964565,0.1716263,0.0024557
26,0.512500,0.0018315,0.2965012,0.1716371,0.0024705
26,0.516667,0.0019323,0.2965472,0.1716480,0.0024854
26,0.520833,0.0020378,0.2966070,0.1716706,0.0025121
26,0.525000,0.0021486,0.2966686,0.1716931,0.0025390
26,0.529167,0.0022651,0.2967460,0.1717289,0.0025791
26,0.533333,0.0023879,0.2968254,0.1717646,0.0026194
26,0.537500,0.0025159,0.2969218,0.1718147,0.0026741
26,0.541667,0.0026485,0.2970194,0.1718648,0.0027290
26,0.545833,0.0027860,0.2971349,0.1719303,0.0027995
26,0.550000,0.0029292,0.2972523,0.1719958,0.0027944
26,0.554167,0.0030786,0.2973883,0.1720775,0.0027794
26,0.558333,0.0032347,0.2975271,0.1721592,0.0027597
26,0.562500,0.0033982,0.2976858,0.1722575,0.0027514
26,0.566667,0.0035697,0.2978474,0.1723559,0.0027373
26,0.570833,0.0037480,0.2980288,0.1724710,0.0027354
26,0.575000,0.0039322,0.2982122,0.1725863,0.0027293
26,0.579167,0.0041230,0.2984154,0.1727182,0.0027354
26,0.583333,0.0043210,0.2986209,0.1728502,0.0027368
26,0.587500,0.0045269,0.2988468,0.1729988,0.0027490
26,0.591667,0.0047412,0.2990757,0.1731474,0.0027550
26,0.595833,0.0049648,0.2993247,0.1733120,0.0027707
26,0.600000,0.0051982,0.2995777,0.1734768,0.0027791
26,0.604167,0.0054403,0.2998497,0.1736570,0.0027971
26,0.608333,0.0056899,0.3001245,0.1738372,0.0028100
26,0.612500,0.0059479,0.3004176,0.1740323,0.0028320
26,0.616667,0.0062149,0.3007141,0.1742274,0.0028477
26,0.620833,0.0064916,0.3010292,0.1744367,0.0028708
26,0.625000,0.0067787,0.3013479,0.1746460,0.0028864
26,0.629167,0.0070770,0.3016852,0.1748689,0.0029077
26,0.633333,0.0073871,0.3020270,0.1750917,0.0029205
26,0.637500,0.0077079,0.3023863,0.1753275,0.0029389
26,0.641667,0.0080382,0.3027490,0.1755632,0.0029510
26,0.645833,0.0083788,0.3031285,0.1758116,0.0029688
26,0.650000,0.0087303,0.3035122,0.1760599,0.0029791
26,0.654167,0.0090935,0.3039131,0.1763206,0.0029938
26,0.658333,0.0094692,0.3043188,0.1765814,0.0029999
26,0.662500,0.0098581,0.3047426,0.1768545,0.0030091
26,0.666667,0.0102610,0.3051717,0.1771276,0.0030088
26,0.670833,0.0106766,0.3056189,0.1774135,0.0030126
26,0.675000,0.0111038,0.3060703,0.1776994,0.0030089
26,0.679167,0.0115433,0.3065397,0.1779985,0.0030108
26,0.683333,0.0119958,0.3070143,0.1782977,0.0030040
26,0.687500,0.0124621,0.3075085,0.1786110,0.0030023
26,0.691667,0.0129429,0.3080083,0.1789243,0.0029911
26,0.695833,0.0134389,0.3085295,0.1792529,0.0029851
26,0.700000,0.0139509,0.3090570,0.1795815,0.0029684
26,0.704167,0.0144779,0.3096069,0.1799267,0.0029588
26,0.708333,0.0150185,0.3101617,0.1802719,0.0029411
26,0.712500,0.0155735,0.3107403,0.1806351,0.0029325
26,0.716667,0.0161436,0.3113239,0.1809983,0.0029150
26,0.720833,0.0167295,0.3119337,0.1813811,0.0029071
26,0.725000,0.0173319,0.3125495,0.1817639,0.0028893
26,0.729167,0.0179514,0.3131931,0.1821678,0.0028818
26,0.733333,0.0185888,0.3138435,0.1825717,0.0028634
26,0.737500,0.0192432,0.3145230,0.1829982,0.0028576
26,0.741667,0.0199133,0.3152080,0.1834247,0.0028432
26,0.745833,0.0206000,0.3159227,0.1838750,0.0028437
26,0.750000,0.0213036,0.3166434,0.1843253,0.0028348
26,0.754167,0.0220249,0.3173957,0.1848004,0.0028408
26,0.758333,0.0227643,0.3181542,0.1852756,0.0028368
26,0.762500,0.0235227,0.3189453,0.1857761,0.0028480
26,0.766667,0.0243004,0.3197437,0.1862768,0.0028482
26,0.770833,0.0250968,0.3205741,0.1868030,0.0028646
26,0.775000,0.0259111,0.3214105,0.1873293,0.0028724
26,0.779167,0.0267436,0.3222786,0.1878809,0.0028970
26,0.783333,0.0275948,0.3231527,0.1884325,0.0029129
26,0.787500,0.0284652,0.3240581,0.1890087,0.0029443
26,0.791667,0.0293552,0.3249702,0.1895849,0.0029665
26,0.795833,0.0302653,0.3259124,0.1901842,0.0030025
26,0.800000,0.0311958,0.3268616,0.1907836,0.0030289
26,0.804167,0.0321465,0.3278387,0.1914041,0.0030681
26,0.808333,0.0331166,0.3288218,0.1920248,0.0031000
26,0.812500,0.0341064,0.3298299,0.1926642,0.0031435
26,0.816667,0.0351162,0.3308441,0.1933037,0.0031795
26,0.820833,0.0361463,0.3318806,0.1939591,0.0032242
26,0.825000,0.0371967,0.3329236,0.1946146,0.0032616
26,0.829167,0.0382679,0.3339858,0.1952828,0.0033045
26,0.833333,0.0393600,0.3350547,0.1959509,0.0033401
26,0.837500,0.0404730,0.3361390,0.1966283,0.0033787
26,0.841667,0.0416068,0.3372289,0.1973058,0.0034118
26,0.845833,0.0427611,0.3383304,0.1979889,0.0034456
26,0.850000,0.0439361,0.3394374,0.1986719,0.0034745
26,0.854167,0.0451317,0.3405522,0.1993570,0.0035010
26,0.858333,0.0463479,0.3416725,0.2000421,0.0035231
26,0.862500,0.0475847,0.3427971,0.2007256,0.0035398
26,0.866667,0.0488421,0.3439276,0.2014093,0.0035525
26,0.870833,0.0501205,0.3450586,0.2020881,0.0035575
26,0.875000,0.0514200,0.3461946,0.2027670,0.0035602
26,0.879167,0.0527404,0.3473282,0.2034384,0.0035541
26,0.883333,0.0540813,0.3484665,0.2041098,0.0035466
26,0.887500,0.0554424,0.3495996,0.2047715,0.0035289
26,0.891667,0.0568234,0.3507376,0.2054332,0.0035108
26,0.895833,0.0582241,0.3518684,0.2060834,0.0034815
26,0.900000,0.0596441,0.3530037,0.2067338,0.0034528
26,0.904167,0.0610842,0.3541310,0.2073718,0.0034128
26,0.908333,0.0625452,0.3552621,0.2080098,0.0033750
26,0.912500,0.0640263,0.3563847,0.2086353,0.0033275
26,0.916667,0.0655268,0.3575107,0.2092609,0.0032834
26,0.920833,0.0670463,0.3586280,0.2098745,0.0032316
26,0.925000,0.0685841,0.3597484,0.2104881,0.0031843
26,0.929167,0.0701395,0.3608611,0.2110910,0.0031316
26,0.933333,0.0717120,0.3619764,0.2116938,0.0030847
26,0.937500,0.0733028,0.3630856,0.2122879,0.0030353
26,0.941667,0.0749129,0.3641973,0.2128820,0.0029931
26,0.945833,0.0765415,0.3653048,0.2134696,0.0029525
26,0.950000,0.0781877,0.3664142,0.2140573,0.0029206
26,0.954167,0.0798504,0.3675216,0.2146412,0.0028946
26,0.958333,0.0815286,0.3686302,0.2152251,0.0028786
26,0.962500,0.0832216,0.3697391,0.2158082,0.0028726
26,0.966667,0.0849282,0.3708487,0.2163913,0.0028781
26,0.970833,0.0866503,0.3719613,0.2169766,0.0028975
26,0.975000,0.0883893,0.3730750,0.2175618,0.0029296
26,0.979167,0.0901439,0.3741937,0.2181519,0.0029803
26,0.983333,0.0919131,0.3753129,0.2187419,0.0030450
26,0.987500,0.0936953,0.3764386,0.2193390,0.0031320
26,0.991667,0.0954895,0.3775636,0.2199361,0.0032347
26,0.995833,0.0972943,0.3786964,0.2205419,0.0033624
26,1.000000,0.0991085,0.3798280,0.2211477,0.0035067
26,1.004167,0.1009344,0.3809680,0.2217630,0.0036778
26,1.008333,0.1027736,0.3821073,0.2223783,0.0038671
26,1.012500,0.1046247,0.3832546,0.2230029,0.0040847
26,1.016667,0.1064860,0.3844000,0.2236276,0.0043220
26,1.020833,0.1083562,0.3855514,0.2242604,0.0043622
26,1.025000,0.1102339,0.3867004,0.2248932,0.0041776
26,1.029167,0.1121173,0.3878520,0.2255317,0.0040161
26,1.033333,0.1140052,0.3890005,0.2261703,0.0038723
26,1.037500,0.1158997,0.3901482,0.2268110,0.0037484
26,1.041667,0.1178031,0.3912933,0.2274517,0.0036430
26,1.045833,0.1197136,0.3924329,0.2280899,0.0035542
26,1.050000,0.1216297,0.3935691,0.2287281,0.0034855
26,1.054167,0.1235495,0.3946929,0.2293581,0.0034291
26,1.058333,0.1254715,0.3958126,0.2299881,0.0033941
26,1.062500,0.1273939,0.3969126,0.2306033,0.0033659
26,1.066667,0.1293151,0.3980079,0.2312185,0.0033596
26,1.070833,0.1312375,0.3990761,0.2318116,0.0033536
26,1.075000,0.1331636,0.4001406,0.2324047,0.0033703
26,1.079167,0.1350915,0.4011707,0.2329681,0.0033807
26,1.083333,0.1370196,0.4021961,0.2335315,0.0034148
26,1.087500,0.1389458,0.4031783,0.2340574,0.0034358
26,1.091667,0.1408687,0.4041548,0.2345833,0.0034814
26,1.095833,0.1427861,0.4050799,0.2350640,0.0035063
26,1.100000,0.1446968,0.4059989,0.2355448,0.0035560
26,1.104167,0.1466029,0.4068596,0.2359734,0.0035783
26,1.108333,0.1485071,0.4077153,0.2364020,0.0036262
26,1.112500,0.1504074,0.4085068,0.2367723,0.0036417
26,1.116667,0.1523023,0.4092923,0.2371425,0.0036832
26,1.120833,0.1541896,0.4100081,0.2374495,0.0036875
26,1.125000,0.1560681,0.4107175,0.2377565,0.0037178
26,1.129167,0.1579359,0.4113527,0.2379967,0.0037069
26,1.133333,0.1597913,0.4119807,0.2382368,0.0037214
26,1.137500,0.1616365,0.4125335,0.2384084,0.0036930
26,1.141667,0.1634743,0.4130803,0.2385800,0.0036910
26,1.145833,0.1653025,0.4135524,0.2386833,0.0036469
26,1.150000,0.1671199,0.4140181,0.2387865,0.0036289
26,1.154167,0.1689247,0.4144104,0.2388235,0.0035707
26,1.158333,0.1707155,0.4147956,0.2388605,0.0035379
26,1.162500,0.1724904,0.4151113,0.2388357,0.0034682
26,1.166667,0.1742484,0.4154195,0.2388108,0.0034226
26,1.170833,0.1759911,0.4156652,0.2387305,0.0033460
26,1.175000,0.1777210,0.4159049,0.2386501,0.0032942
26,1.179167,0.1794366,0.4160908,0.2385227,0.0032201
26,1.183333,0.1811366,0.4162701,0.2383952,0.0031704
26,1.187500,0.1828194,0.4164051,0.2382307,0.0031076
26,1.191667,0.1844840,0.4165333,0.2380662,0.0030679
26,1.195833,0.1861287,0.4166285,0.2378764,0.0030252
26,1.200000,0.1877525,0.4167164,0.2376865,0.0030038
26,1.204167,0.1893570,0.4167849,0.2374842,0.0029912
26,1.208333,0.1909445,0.4168475,0.2372817,0.0030003
26,1.212500,0.1925132,0.4169049,0.2370805,0.0030320
26,1.216667,0.1940629,0.4169559,0.2368793,0.0030845
26,1.220833,0.1955917,0.4170154,0.2366931,0.0031723
26,1.225000,0.1970993,0.4170683,0.2365069,0.0032794
26,1.229167,0.1985840,0.4171435,0.2363498,0.0034341
26,1.233333,0.2000454,0.4172119,0.2361926,0.0036062
26,1.237500,0.2014846,0.4173163,0.2360780,0.0038376
26,1.241667,0.2029034,0.4174157,0.2359633,0.0040860
26,1.245833,0.2043007,0.4175639,0.2359035,0.0044058
26,1.250000,0.2056763,0.4177068,0.2358436,0.0047417
26,1.254167,0.2070290,0.4179094,0.2358496,0.0051590
26,1.258333,0.2083584,0.4181065,0.2358556,0.0055909
26,1.262500,0.2096635,0.4183728,0.2359368,0.0061117
26,1.266667,0.2109442,0.4186330,0.2360179,0.0057234
26,1.270833,0.2122009,0.4189698,0.2361811,0.0051568
26,1.275000,0.2134355,0.4193022,0.2363444,0.0046131
26,1.279167,0.2146469,0.4197166,0.2365946,0.0041796
26,1.283333,0.2158354,0.4201268,0.2368447,0.0037697
26,1.287500,0.2170001,0.4206209,0.2371841,0.0034726
26,1.291667,0.2181409,0.4211103,0.2375235,0.0031994
26,1.295833,0.2192573,0.4216835,0.2379516,0.0030391
26,1.300000,0.2203494,0.4222519,0.2383798,0.0029027
26,1.304167,0.2214173,0.4229017,0.2388938,0.0028753
26,1.308333,0.2224624,0.4235477,0.2394077,0.0028703
26,1.312500,0.2234840,0.4242706,0.2400021,0.0029680
26,1.316667,0.2244828,0.4249896,0.2405965,0.0030880
26,1.320833,0.2254580,0.4257775,0.2412635,0.0033031
26,1.325000,0.2264103,0.4265619,0.2419306,0.0035403
26,1.329167,0.2273388,0.4274049,0.2426604,0.0038625
26,1.333333,0.2282445,0.4282442,0.2433904,0.0042066
26,1.337500,0.2291269,0.4291315,0.2441716,0.0046233
26,1.341667,0.2299871,0.4300162,0.2449529,0.0050604
26,1.345833,0.2308248,0.4309367,0.2457729,0.0052347
26,1.350000,0.2316407,0.4318546,0.2465928,0.0047543
26,1.354167,0.2324346,0.4327945,0.2474377,0.0043717
26,1.358333,0.2332070,0.4337317,0.2482826,0.0040610
26,1.362500,0.2339578,0.4346767,0.2491383,0.0038309
26,1.366667,0.2346878,0.4356190,0.2499941,0.0036695
26,1.370833,0.2353964,0.4365556,0.2508466,0.0035751
26,1.375000,0.2360846,0.4374904,0.2516992,0.0035515
26,1.379167,0.2367519,0.4384062,0.2525349,0.0035771
26,1.383333,0.2373995,0.4393205,0.2533706,0.0036655
26,1.387500,0.2380270,0.4402030,0.2541768,0.0037828
26,1.391667,0.2386357,0.4410836,0.2549828,0.0039553
26,1.395833,0.2392254,0.4419209,0.2557479,0.0041379
26,1.400000,0.2397970,0.4427564,0.2565129,0.0043687
26,1.404167,0.2403497,0.4435387,0.2572267,0.0042996
26,1.408333,0.2408842,0.4443200,0.2579405,0.0042913
26,1.412500,0.2414003,0.4450407,0.2585950,0.0042849
26,1.416667,0.2418993,0.4457601,0.2592495,0.0043327
26,1.420833,0.2423810,0.4464126,0.2598382,0.0043626
26,1.425000,0.2428466,0.4470636,0.2604271,0.0044340
26,1.429167,0.2432959,0.4476434,0.2609459,0.0044700
26,1.433333,0.2437304,0.4482219,0.2614647,0.0045346
26,1.437500,0.2441487,0.4487269,0.2619114,0.0045617
26,1.441667,0.2445517,0.4492312,0.2623580,0.0046321
26,1.445833,0.2449389,0.4496622,0.2627322,0.0046683
26,1.450000,0.2453120,0.4500925,0.2631063,0.0047388
26,1.454167,0.2456704,0.4504511,0.2634096,0.0047679
26,1.458333,0.2460158,0.4508089,0.2637128,0.0048217
26,1.462500,0.2463479,0.4510977,0.2639483,0.0048283
26,1.466667,0.2466682,0.4513859,0.2641838,0.0048506
26,1.470833,0.2469753,0.4516099,0.2643562,0.0048273
26,1.475000,0.2472698,0.4518336,0.2645285,0.0048260
26,1.479167,0.2475514,0.4519993,0.2646434,0.0047879
26,1.483333,0.2478217,0.4521649,0.2647584,0.0047698
26,1.487500,0.2480801,0.4522787,0.2648224,0.0047191
26,1.491667,0.2483284,0.4523921,0.2648865,0.0046858
26,1.495833,0.2485662,0.4524609,0.2649067,0.0046250
26,1.500000,0.2487949,0.4525292,0.2649268,0.0045794
26,1.504167,0.2490132,0.4525599,0.2649104,0.0045119
26,1.508333,0.2492217,0.4525906,0.2648939,0.0044599
26,1.512500,0.2494199,0.4525915,0.2648480,0.0043928
26,1.516667,0.2496094,0.4525922,0.2648021,0.0043394
26,1.520833,0.2497897,0.4525696,0.2647335,0.0042759
26,1.525000,0.2499625,0.4525467,0.2646649,0.0042244
26,1.529167,0.2501271,0.4525067,0.2645799,0.0041673
26,1.533333,0.2502851,0.4524665,0.2644948,0.0041205
26,1.537500,0.2504352,0.4524146,0.2643988,0.0040730
26,1.541667,0.2505778,0.4523625,0.2643028,0.0040350
26,1.545833,0.2507126,0.4523038,0.2642004,0.0040001
26,1.550000,0.2508410,0.4522450,0.2640980,0.0039739
26,1.554167,0.2509625,0.4521830,0.2639928,0.0039527
26,1.558333,0.2510785,0.4521206,0.2638878,0.0039389
26,1.562500,0.2511886,0.4520578,0.2637827,0.0039312
26,1.566667,0.2512939,0.4519944,0.2636775,0.0039296
26,1.570833,0.2513934,0.4519324,0.2635740,0.0039353
26,1.575000,0.2514876,0.4518701,0.2634706,0.0039466
26,1.579167,0.2515759,0.4518101,0.2633696,0.0039653
26,1.583333,0.2516598,0.4517498,0.2632686,0.0039884
26,1.587500,0.2517385,0.4516917,0.2631703,0.0040182
26,1.591667,0.2518134,0.4516332,0.2630719,0.0040264
26,1.595833,0.2518841,0.4515764,0.2629756,0.0040267
26,1.600000,0.2519517,0.4515189,0.2628792,0.0040303
26,1.604167,0.2520150,0.4514621,0.2627838,0.0040384
26,1.608333,0.2520748,0.4514051,0.2626883,0.0040489
26,1.612500,0.2521303,0.4513472,0.2625925,0.0040614
26,1.616667,0.2521826,0.4512889,0.2624965,0.0040761
26,1.620833,0.2522315,0.4512284,0.2623987,0.0040909
26,1.625000,0.2522779,0.4511673,0.2623007,0.0041068
26,1.629167,0.2523211,0.4511023,0.2621993,0.0041207
26,1.633333,0.2523625,0.4510369,0.2620979,0.0041356
26,1.637500,0.2524008,0.4509660,0.2619916,0.0041465
26,1.641667,0.2524369,0.4508948,0.2618852,0.0041574
26,1.645833,0.2524700,0.4508173,0.2617729,0.0041627
26,1.650000,0.2525011,0.4507397,0.2616605,0.0041681
26,1.654167,0.2525295,0.4506545,0.2615414,0.0041662
26,1.658333,0.2525565,0.4505688,0.2614224,0.0041642
26,1.662500,0.2525814,0.4504759,0.2612962,0.0041544
26,1.666667,0.2526052,0.4503823,0.2611701,0.0041445
26,1.670833,0.2526269,0.4502816,0.2610372,0.0041268
26,1.675000,0.2526471,0.4501804,0.2609042,0.0041079
26,1.679167,0.2526653,0.4500725,0.2607651,0.0040811
26,1.683333,0.2526823,0.4499644,0.2606260,0.0040530
26,1.687500,0.2526975,0.4498507,0.2604818,0.0040186
26,1.691667,0.2527118,0.4497366,0.2603376,0.0039827
26,1.695833,0.2527247,0.4496183,0.2601899,0.0039416
26,1.700000,0.2527370,0.4494997,0.2600422,0.0038995
26,1.704167,0.2527477,0.4493789,0.2598928,0.0038537
26,1.708333,0.2527577,0.4492576,0.2597434,0.0038059
26,1.712500,0.2527662,0.4491362,0.2595944,0.0037561
26,1.716667,0.2527741,0.4490145,0.2594453,0.0037042
26,1.720833,0.2527807,0.4488947,0.2592987,0.0036529
26,1.725000,0.2527869,0.4487745,0.2591523,0.0035997
26,1.729167,0.2527920,0.4486586,0.2590105,0.0035492
26,1.733333,0.2527968,0.4485424,0.2588687,0.0034972
26,1.737500,0.2528006,0.4484323,0.2587338,0.0034497
26,1.741667,0.2528041,0.4483218,0.2585989,0.0033995
26,1.745833,0.2528064,0.4482197,0.2584728,0.0033559
26,1.750000,0.2528085,0.4481171,0.2583466,0.0033098
26,1.754167,0.2528095,0.4480243,0.2582308,0.0032716
26,1.758333,0.2528104,0.4479311,0.2581150,0.0032315
26,1.762500,0.2528106,0.4478493,0.2580108,0.0032011
26,1.766667,0.2528107,0.4477668,0.2579066,0.0031690
26,1.770833,0.2528099,0.4476964,0.2578150,0.0031471
26,1.775000,0.2528090,0.4476256,0.2577233,0.0031227
26,1.779167,0.2528074,0.4475672,0.2576445,0.0031086
26,1.783333,0.2528056,0.4475083,0.2575658,0.0030922
26,1.787500,0.2528031,0.4474620,0.2574999,0.0030868
26,1.791667,0.2528007,0.4474151,0.2574341,0.0030792
26,1.795833,0.2527975,0.4473802,0.2573806,0.0030825
26,1.800000,0.2527943,0.4473450,0.2573272,0.0030842
26,1.804167,0.2527906,0.4473211,0.2572854,0.0030954
26,1.808333,0.2527868,0.4472966,0.2572435,0.0031042
26,1.812500,0.2527824,0.4472820,0.2572121,0.0031214
26,1.816667,0.2527782,0.4472670,0.2571807,0.0031364
26,1.820833,0.2527731,0.4472606,0.2571582,0.0031583
26,1.825000,0.2527682,0.4472540,0.2571357,0.0031789
26,1.829167,0.2527628,0.4472540,0.2571204,0.0032051
26,1.833333,0.2527574,0.4472537,0.2571052,0.0032301
26,1.837500,0.2527515,0.4472586,0.2570955,0.0032590
26,1.841667,0.2527457,0.4472630,0.2570857,0.0032859
26,1.845833,0.2527393,0.4472706,0.2570796,0.0033144
26,1.850000,0.2527330,0.4472779,0.2570736,0.0033414
26,1.854167,0.2527262,0.4472869,0.2570694,0.0033689
26,1.858333,0.2527195,0.4472954,0.2570653,0.0033952
26,1.862500,0.2527123,0.4473039,0.2570614,0.0034202
26,1.866667,0.2527052,0.4473120,0.2570575,0.0034444
26,1.870833,0.2526977,0.4473187,0.2570525,0.0034660
26,1.875000,0.2526903,0.4473248,0.2570475,0.0034862
26,1.879167,0.2526822,0.4473286,0.2570402,0.0034794
26,1.883333,0.2526743,0.4473319,0.2570329,0.0034517
26,1.887500,0.2526660,0.4473318,0.2570225,0.0034217
26,1.891667,0.2526578,0.4473313,0.2570120,0.0033928
26,1.895833,0.2526491,0.4473266,0.2569978,0.0033609
26,1.900000,0.2526406,0.4473219,0.2569836,0.0033297
26,1.904167,0.2526317,0.4473128,0.2569654,0.0032953
26,1.908333,0.2526229,0.4473034,0.2569472,0.0032620
26,1.912500,0.2526135,0.4472897,0.2569250,0.0032258
26,1.916667,0.2526044,0.4472758,0.2569030,0.0031904
26,1.920833,0.2525947,0.4472581,0.2568774,0.0031522
26,1.925000,0.2525852,0.4472400,0.2568517,0.0031147
26,1.929167,0.2525753,0.4472190,0.2568232,0.0030748
26,1.933333,0.2525656,0.4471976,0.2567947,0.0030354
26,1.937500,0.2525553,0.4471739,0.2567640,0.0029945
26,1.941667,0.2525452,0.4471500,0.2567334,0.0029543
26,1.945833,0.2525347,0.4471247,0.2567018,0.0029137
26,1.950000,0.2525244,0.4470991,0.2566701,0.0028737
26,1.954167,0.2525136,0.4470734,0.2566384,0.0028344
26,1.958333,0.2525030,0.4470476,0.2566067,0.0027953
26,1.962500,0.2524919,0.4470226,0.2565763,0.0027579
26,1.966667,0.2524810,0.4469974,0.2565457,0.0027206
26,1.970833,0.2524697,0.4469743,0.2565175,0.0026861
26,1.975000,0.2524585,0.4469510,0.2564893,0.0026521
26,1.979167,0.2524469,0.4469309,0.2564643,0.0026218
26,1.983333,0.2524354,0.4469103,0.2564394,0.0025919
26,1.987500,0.2524236,0.4468939,0.2564186,0.0025666
26,1.991667,0.2524119,0.4468773,0.2563979,0.0025415
26,1.995833,0.2523997,0.4468655,0.2563821,0.0025216
26,2.000000,0.2523877,0.4468536,0.2563663,0.0025019
26,2.004167,0.2523754,0.4468469,0.2563560,0.0024879
26,2.008333,0.2523632,0.4468401,0.2563457,0.0024743
26,2.012500,0.2523505,0.4468391,0.2563412,0.0024668
26,2.016667,0.2523380,0.4468377,0.2563368,0.0024595
26,2.020833,0.2523251,0.4468423,0.2563382,0.0024584
26,2.025000,0.2523124,0.4468466,0.2563396,0.0024574
26,2.029167,0.2522993,0.4468565,0.2563468,0.0024623
26,2.033333,0.2522863,0.4468664,0.2563540,0.0024673
26,2.037500,0.2522730,0.4468816,0.2563666,0.0024779
26,2.041667,0.2522598,0.4468966,0.2563792,0.0024888
26,2.045833,0.2522463,0.4469164,0.2563967,0.0025046
26,2.050000,0.2522328,0.4469359,0.2564142,0.0025205
26,2.054167,0.2522191,0.4469596,0.2564358,0.0025408
26,2.058333,0.2522055,0.4469832,0.2564574,0.0025612
26,2.062500,0.2521915,0.4470099,0.2564823,0.0025849
26,2.066667,0.2521776,0.4470366,0.2565072,0.0026087
26,2.070833,0.2521634,0.4470655,0.2565345,0.0026349
26,2.075000,0.2521493,0.4470944,0.2565617,0.0026612
26,2.079167,0.2521349,0.4471242,0.2565902,0.0026888
26,2.083333,0.2521206,0.4471542,0.2566187,0.0027166
26,2.087500,0.2521060,0.4471843,0.2566475,0.0027448
26,2.091667,0.2520914,0.4472142,0.2566763,0.0027729
26,2.095833,0.2520767,0.4472434,0.2567042,0.0028004
26,2.100000,0.2520620,0.4472724,0.2567322,0.0028278
26,2.104167,0.2520470,0.4472997,0.2567584,0.0028536
26,2.108333,0.2520321,0.4473270,0.2567846,0.0028794
26,2.112500,0.2520169,0.4473513,0.2568082,0.0029026
26,2.116667,0.2520019,0.4473758,0.2568318,0.0029258
26,2.120833,0.2519865,0.4473968,0.2568520,0.0029457
26,2.125000,0.2519713,0.4474176,0.2568721,0.0029656
26,2.129167,0.2519558,0.4474344,0.2568882,0.0029815
26,2.133333,0.2519403,0.4474511,0.2569043,0.0029973
26,2.137500,0.2519245,0.4474634,0.2569159,0.0030087
26,2.141667,0.2519090,0.4474756,0.2569274,0.0030201
26,2.145833,0.2518931,0.4474826,0.2569341,0.0030266
26,2.150000,0.2518773,0.4474899,0.2569408,0.0030332
26,2.154167,0.2518613,0.4474919,0.2569423,0.0030346
26,2.158333,0.2518453,0.4474939,0.2569439,0.0030362
26,2.162500,0.2518291,0.4474909,0.2569405,0.0030326
26,2.166667,0.2518130,0.4474878,0.2569371,0.0030291
26,2.170833,0.2517966,0.4474799,0.2569286,0.0030206
26,2.175000,0.2517804,0.4474716,0.2569202,0.0030121
26,2.179167,0.2517638,0.4474589,0.2569071,0.0029989
26,2.183333,0.2517474,0.4474460,0.2568940,0.0029858
26,2.187500,0.2517308,0.4474287,0.2568766,0.0029684
26,2.191667,0.2517142,0.4474117,0.2568592,0.0029510
26,2.195833,0.2516973,0.4473906,0.2568380,0.0029297
26,2.200000,0.2516806,0.4473695,0.2568168,0.0029084
26,2.204167,0.2516637,0.4473452,0.2567922,0.0028839
26,2.208333,0.2516468,0.4473208,0.2567677,0.0028594
26,2.212500,0.2516298,0.4472938,0.2567406,0.0028322
26,2.216667,0.2516127,0.4472666,0.2567134,0.0028050
26,2.220833,0.2515956,0.4472376,0.2566842,0.0027757
26,2.225000,0.2515785,0.4472084,0.2566550,0.0027465
26,2.229167,0.2515611,0.4471779,0.2566244,0.0027159
26,2.233333,0.2515438,0.4471473,0.2565937,0.0026852
26,2.237500,0.2515264,0.4471160,0.2565623,0.0026538
26,2.241667,0.2515090,0.4470848,0.2565309,0.0026224
26,2.245833,0.2514915,0.4470531,0.2564994,0.0025909
26,2.250000,0.2514740,0.4470216,0.2564678,0.0025593
26,2.254167,0.2514562,0.4469905,0.2564366,0.0025281
26,2.258333,0.2514386,0.4469593,0.2564054,0.0024969
26,2.262500,0.2514207,0.4469289,0.2563751,0.0024666
26,2.266667,0.2514030,0.4468986,0.2563448,0.0024363
26,2.270833,0.2513851,0.4468698,0.2563158,0.0024073
26,2.275000,0.2513673,0.4468409,0.2562869,0.0023783
26,2.279167,0.2513492,0.4468136,0.2562595,0.0023510
26,2.283333,0.2513313,0.4467861,0.2562322,0.0023237
26,2.287500,0.2513132,0.4467608,0.2562070,0.0022984
26,2.291667,0.2512952,0.4467355,0.2561816,0.0022731
26,2.295833,0.2512769,0.4467125,0.2561585,0.0022500
26,2.300000,0.2512588,0.4466893,0.2561353,0.0022268
26,2.304167,0.2512405,0.4466684,0.2561145,0.0022060
26,2.308333,0.2512223,0.4466476,0.2560937,0.0021852
26,2.312500,0.2512039,0.4466292,0.2560753,0.0021668
26,2.316667,0.2511856,0.4466109,0.2560569,0.0021483
26,2.320833,0.2511671,0.4465948,0.2560408,0.0021323
26,2.325000,0.2511486,0.4465788,0.2560248,0.0021163
26,2.329167,0.2511301,0.4465652,0.2560111,0.0021026
26,2.333333,0.2511115,0.4465514,0.2559974,0.0020889
26,2.337500,0.2510929,0.4465400,0.2559860,0.0020775
26,2.341667,0.2510743,0.4465286,0.2559746,0.0020661
26,2.345833,0.2510556,0.4465192,0.2559652,0.0020567
26,2.350000,0.2510370,0.4465098,0.2559559,0.0020473
26,2.354167,0.2510182,0.4465024,0.2559484,0.0020399
26,2.358333,0.2509994,0.4464950,0.2559410,0.0020325
26,2.362500,0.2509806,0.4464892,0.2559353,0.0020268
26,2.366667,0.2509618,0.4464834,0.2559295,0.0020210
26,2.370833,0.2509429,0.4464793,0.2559253,0.0020167
26,2.375000,0.2509240,0.4464750,0.2559210,0.0020125
26,2.379167,0.2509050,0.4464720,0.2559180,0.0020095
26,2.383333,0.2508861,0.4464690,0.2559150,0.0020065
26,2.387500,0.2508670,0.4464671,0.2559131,0.0020046
26,2.391667,0.2508480,0.4464652,0.2559112,0.0020026
26,2.395833,0.2508289,0.4464642,0.2559102,0.0020017
26,2.400000,0.2508098,0.4464633,0.2559093,0.0020008
27,0.000000,0.2450759,0.4464633,0.2559093,0.0020008
27,0.004167,0.2450756,0.4464642,0.2559101,0.0020016
27,0.008333,0.2450754,0.4464650,0.2559109,0.0020024
27,0.012500,0.2450760,0.4464668,0.2559127,0.0020041
27,0.016667,0.2450765,0.4464684,0.2559144,0.0020059
27,0.020833,0.2450777,0.4464712,0.2559171,0.0020086
27,0.025000,0.2450787,0.4464740,0.2559199,0.0020114
27,0.029167,0.2450801,0.4464779,0.2559239,0.0020154
27,0.033333,0.2450813,0.4464819,0.2559279,0.0020194
27,0.037500,0.2450829,0.4464874,0.2559334,0.0020249
27,0.041667,0.2450844,0.4464929,0.2559389,0.0020304
27,0.045833,0.2450864,0.4465002,0.2559461,0.0020376
27,0.050000,0.2450882,0.4465073,0.2559533,0.0020448
27,0.054167,0.2450906,0.4465165,0.2559625,0.0020540
27,0.058333,0.2450928,0.4465256,0.2559716,0.0020631
27,0.062500,0.2450955,0.4465369,0.2559830,0.0020744
27,0.066667,0.2450980,0.4465483,0.2559942,0.0020857
27,0.070833,0.2451010,0.4465620,0.2560079,0.0020994
27,0.075000,0.2451039,0.4465755,0.2560215,0.0021130
27,0.079167,0.2451073,0.4465914,0.2560375,0.0021290
27,0.083333,0.2451106,0.4466076,0.2560536,0.0021450
27,0.087500,0.2451144,0.4466261,0.2560721,0.0021636
27,0.091667,0.2451179,0.4466445,0.2560906,0.0021821
27,0.095833,0.2451221,0.4466657,0.2561117,0.0022031
27,0.100000,0.2451261,0.4466867,0.2561327,0.0022242
27,0.104167,0.2451306,0.4467102,0.2561562,0.0022477
27,0.108333,0.2451350,0.4467337,0.2561797,0.0022713
27,0.112500,0.2451400,0.4467596,0.2562056,0.0022971
27,0.116667,0.2451448,0.4467854,0.2562315,0.0023230
27,0.120833,0.2451500,0.4468135,0.2562595,0.0023509
27,0.125000,0.2451551,0.4468415,0.2562875,0.0023789
27,0.129167,0.2451607,0.4468713,0.2563173,0.0024088
27,0.133333,0.2451662,0.4469011,0.2563472,0.0024387
27,0.137500,0.2451723,0.4469325,0.2563786,0.0024701
27,0.141667,0.2451782,0.4469639,0.2564100,0.0025014
27,0.145833,0.2451846,0.4469962,0.2564424,0.0025339
27,0.150000,0.2451909,0.4470286,0.2564749,0.0025664
27,0.154167,0.2451977,0.4470619,0.2565081,0.0025995
27,0.158333,0.2452043,0.4470948,0.2565412,0.0026326
27,0.162500,0.2452115,0.4471279,0.2565743,0.0026657
27,0.166667,0.2452185,0.4471610,0.2566075,0.0026989
27,0.170833,0.2452261,0.4471935,0.2566400,0.0027315
27,0.175000,0.2452336,0.4472260,0.2566727,0.0027641
27,0.179167,0.2452415,0.4472575,0.2567041,0.0027955
27,0.183333,0.2452493,0.4472886,0.2567356,0.0028270
27,0.187500,0.2452578,0.4473182,0.2567651,0.0028565
27,0.191667,0.2452659,0.4473477,0.2567947,0.0028861
27,0.195833,0.2452747,0.4473744,0.2568218,0.0029132
27,0.200000,0.2452834,0.4474015,0.2568489,0.0029402
27,0.204167,0.2452925,0.4474252,0.2568728,0.0029642
27,0.208333,0.2453015,0.4474488,0.2568968,0.0029881
27,0.212500,0.2453111,0.4474688,0.2569170,0.0030082
27,0.216667,0.2453205,0.4474888,0.2569372,0.0030284
27,0.220833,0.2453304,0.4475044,0.2569531,0.0030444
27,0.225000,0.2453402,0.4475200,0.2569690,0.0030602
27,0.229167,0.2453506,0.4475309,0.2569802,0.0030713
27,0.233333,0.2453608,0.4475417,0.2569914,0.0030825
27,0.237500,0.2453716,0.4475474,0.2569975,0.0030885
27,0.241667,0.2453821,0.4475530,0.2570036,0.0030946
27,0.245833,0.2453933,0.4475532,0.2570044,0.0030953
27,0.250000,0.2454043,0.4475536,0.2570052,0.0030960
27,0.254167,0.2454159,0.4475485,0.2570007,0.0030914
27,0.258333,0.2454273,0.4475433,0.2569961,0.0030867
27,0.262500,0.2454392,0.4475327,0.2569862,0.0030767
27,0.266667,0.2454510,0.4475222,0.2569764,0.0030668
27,0.270833,0.2454634,0.4475064,0.2569615,0.0030517
27,0.275000,0.2454755,0.4474907,0.2569466,0.0030366
27,0.279167,0.2454883,0.4474704,0.2569270,0.0030169
27,0.283333,0.2455009,0.4474498,0.2569074,0.0029971
27,0.287500,0.2455141,0.4474252,0.2568837,0.0029733
27,0.291667,0.2455271,0.4474006,0.2568601,0.0029494
27,0.295833,0.2455406,0.4473723,0.2568331,0.0029222
27,0.300000,0.2455540,0.4473442,0.2568061,0.0028948
27,0.304167,0.2455680,0.4473134,0.2567766,0.0028650
27,0.308333,0.2455819,0.4472826,0.2567471,0.0028352
27,0.312500,0.2455962,0.4472502,0.2567161,0.0028038
27,0.316667,0.2456104,0.4472177,0.2566851,0.0027723
27,0.320833,0.2456252,0.4471846,0.2566537,0.0027404
27,0.325000,0.2456398,0.4471514,0.2566223,0.0027085
27,0.329167,0.2456550,0.4471189,0.2565915,0.0026772
27,0.333333,0.2456699,0.4470863,0.2565608,0.0026458
27,0.337500,0.2456856,0.4470553,0.2565319,0.0026162
27,0.341667,0.2457010,0.4470243,0.2565031,0.0025866
27,0.345833,0.2457170,0.4469962,0.2564772,0.0025600
27,0.350000,0.2457327,0.4469679,0.2564513,0.0025332
27,0.354167,0.2457490,0.4469436,0.2564294,0.0025104
27,0.358333,0.2457652,0.4469192,0.2564076,0.0024876
27,0.362500,0.2457821,0.4468996,0.2563908,0.0024696
27,0.366667,0.2457987,0.4468798,0.2563740,0.0024515
27,0.370833,0.2458158,0.4468657,0.2563631,0.0024392
27,0.375000,0.2458328,0.4468517,0.2563522,0.0024269
27,0.379167,0.2458504,0.4468439,0.2563478,0.0024210
27,0.383333,0.2458677,0.4468361,0.2563434,0.0024149
27,0.387500,0.2458857,0.4468349,0.2563460,0.0024158
27,0.391667,0.2459035,0.4468337,0.2563486,0.0024164
27,0.395833,0.2459219,0.4468394,0.2563584,0.0024241
27,0.400000,0.2459399,0.4468450,0.2563682,0.0024316
27,0.404167,0.2459587,0.4468575,0.2563851,0.0024460
27,0.408333,0.2459773,0.4468698,0.2564021,0.0024603
27,0.412500,0.2459964,0.4468889,0.2564260,0.0024814
27,0.416667,0.2460153,0.4469077,0.2564498,0.0025023
27,0.420833,0.2460347,0.4469328,0.2564801,0.0025294
27,0.425000,0.2460540,0.4469576,0.2565103,0.0025563
27,0.429167,0.2460739,0.4469877,0.2565461,0.0025884
27,0.433333,0.2460936,0.4470176,0.2565819,0.0026202
27,0.437500,0.2461138,0.4470519,0.2566223,0.0026564
27,0.441667,0.2461338,0.4470858,0.2566627,0.0026924
27,0.445833,0.2461544,0.4471231,0.2567067,0.0027317
27,0.450000,0.2461749,0.4471601,0.2567505,0.0027706
27,0.454167,0.2461958,0.4471991,0.2567966,0.0028115
27,0.458333,0.2462166,0.4472379,0.2568427,0.0028520
27,0.462500,0.2462380,0.4472772,0.2568896,0.0028929
27,0.466667,0.2462592,0.4473160,0.2569366,0.0029334
27,0.470833,0.2462809,0.4473540,0.2569829,0.0029730
27,0.475000,0.2463024,0.4473920,0.2570293,0.0030122
27,0.479167,0.2463244,0.4474276,0.2570738,0.0030493
27,0.483333,0.2463463,0.4474630,0.2571183,0.0030859
27,0.487500,0.2463686,0.4474950,0.2571597,0.0031191
27,0.491667,0.2463909,0.4475267,0.2572010,0.0031516
27,0.495833,0.2464136,0.4475537,0.2572383,0.0031795
27,0.500000,0.2464361,0.4475806,0.2572755,0.0032067
27,0.504167,0.2464592,0.4476019,0.2573077,0.0032285
27,0.508333,0.2464821,0.4476231,0.2573400,0.0032498
27,0.512500,0.2465055,0.4476383,0.2573665,0.0032650
27,0.516667,0.2465287,0.4476531,0.2573932,0.0032798
27,0.520833,0.2465524,0.4476618,0.2574140,0.0032880
27,0.525000,0.2465760,0.4476700,0.2574348,0.0032956
27,0.529167,0.2465999,0.4476721,0.2574497,0.0032966
27,0.533333,0.2466238,0.4476737,0.2574647,0.0032968
27,0.537500,0.2466480,0.4476696,0.2574743,0.0032910
27,0.541667,0.2466721,0.4476652,0.2574839,0.0032846
27,0.545833,0.2466966,0.4476558,0.2574890,0.0032729
27,0.550000,0.2467210,0.4476459,0.2574939,0.0032606
27,0.554167,0.2467458,0.4476320,0.2574954,0.0032439
27,0.558333,0.2467703,0.4476180,0.2574969,0.0032264
27,0.562500,0.2467954,0.4476011,0.2574962,0.0032057
27,0.566667,0.2468202,0.4475837,0.2574955,0.0031840
27,0.570833,0.2468453,0.4475653,0.2574942,0.0031608
27,0.575000,0.2468703,0.4475466,0.2574929,0.0031370
27,0.579167,0.2468958,0.4475285,0.2574927,0.0031135
27,0.583333,0.2469210,0.4475102,0.2574925,0.0030892
27,0.587500,0.2469464,0.4474943,0.2574954,0.0030668
27,0.591667,0.2469717,0.4474780,0.2574983,0.0030435
27,0.595833,0.2469973,0.4474661,0.2575060,0.0030238
27,0.600000,0.2470225,0.4474536,0.2575138,0.0030030
27,0.604167,0.2470482,0.4474474,0.2575282,0.0029877
27,0.608333,0.2470736,0.4474408,0.2575426,0.0029715
27,0.612500,0.2470992,0.4474419,0.2575652,0.0029628
27,0.616667,0.2471245,0.4474425,0.2575878,0.0029351
27,0.620833,0.2471501,0.4474523,0.2576200,0.0029004
27,0.625000,0.2471753,0.4474617,0.2576523,0.0028644
27,0.629167,0.2472007,0.4474810,0.2576951,0.0028383
27,0.633333,0.2472256,0.4474999,0.2577379,0.0028122
27,0.637500,0.2472507,0.4475296,0.2577919,0.0027959
27,0.641667,0.2472754,0.4475585,0.2578459,0.0027780
27,0.645833,0.2473002,0.4475984,0.2579113,0.0027703
27,0.650000,0.2473246,0.4476379,0.2579767,0.0027624
27,0.654167,0.2473490,0.4476879,0.2580530,0.0027660
27,0.658333,0.2473729,0.4477374,0.2581293,0.0027707
27,0.662500,0.2473966,0.4477966,0.2582159,0.0027876
27,0.666667,0.2474197,0.4478552,0.2583023,0.0028072
27,0.670833,0.2474426,0.4479223,0.2583977,0.0028373
27,0.675000,0.2474650,0.4479887,0.2584931,0.0028683
27,0.679167,0.2474873,0.4480618,0.2585954,0.0029076
27,0.683333,0.2475090,0.4481345,0.2586978,0.0029493
27,0.687500,0.2475302,0.4482114,0.2588051,0.0029991
27,0.691667,0.2475506,0.4482879,0.2589124,0.0030530
27,0.695833,0.2475704,0.4483664,0.2590221,0.0031142
27,0.700000,0.2475892,0.4484445,0.2591317,0.0031815
27,0.704167,0.2476074,0.4485217,0.2592411,0.0032536
27,0.708333,0.2476247,0.4485982,0.2593504,0.0033299
27,0.712500,0.2476414,0.4486713,0.2594566,0.0034082
27,0.716667,0.2476572,0.4487438,0.2595627,0.0034922
27,0.720833,0.2476719,0.4488101,0.2596630,0.0035770
27,0.725000,0.2476854,0.4488759,0.2597632,0.0036691
27,0.729167,0.2476977,0.4489326,0.2598549,0.0037613
27,0.733333,0.2477083,0.4489888,0.2599464,0.0038626
27,0.737500,0.2477177,0.4490337,0.2600271,0.0039621
27,0.741667,0.2477257,0.4490781,0.2601077,0.0039797
27,0.745833,0.2477325,0.4491092,0.2601752,0.0039841
27,0.750000,0.2477376,0.4491395,0.2602428,0.0039882
27,0.754167,0.2477410,0.4491550,0.2602959,0.0039776
27,0.758333,0.2477422,0.4491702,0.2603489,0.0039667
27,0.762500,0.2477414,0.4491696,0.2603865,0.0039401
27,0.766667,0.2477379,0.4491687,0.2604241,0.0039132
27,0.770833,0.2477325,0.4491516,0.2604460,0.0038709
27,0.775000,0.2477249,0.4491340,0.2604679,0.0038292
27,0.779167,0.2477151,0.4491007,0.2604744,0.0037730
27,0.783333,0.2477026,0.4490671,0.2604810,0.0037174
27,0.787500,0.2476874,0.4490190,0.2604734,0.0036485
27,0.791667,0.2476688,0.4489706,0.2604659,0.0035802
27,0.795833,0.2476470,0.4489096,0.2604460,0.0035005
27,0.800000,0.2476214,0.4488485,0.2604261,0.0034217
27,0.804167,0.2475924,0.4487769,0.2603964,0.0033345
27,0.808333,0.2475601,0.4487052,0.2603667,0.0032492
27,0.812500,0.2475244,0.4486262,0.2603302,0.0031593
27,0.816667,0.2474847,0.4485469,0.2602937,0.0030714
27,0.820833,0.2474408,0.4484640,0.2602539,0.0029825
27,0.825000,0.2473922,0.4483810,0.2602141,0.0028959
27,0.829167,0.2473386,0.4482982,0.2601749,0.0028122
27,0.833333,0.2472794,0.4482154,0.2601357,0.0027310
27,0.837500,0.2472154,0.4481368,0.2601011,0.0026576
27,0.841667,0.2471464,0.4480578,0.2600665,0.0025880
27,0.845833,0.2470723,0.4479870,0.2600406,0.0025309
27,0.850000,0.2469925,0.4479159,0.2600145,0.0024779
27,0.854167,0.2469067,0.4478572,0.2600011,0.0024416
27,0.858333,0.2468141,0.4477982,0.2599876,0.0024097
27,0.862500,0.2467147,0.4477553,0.2599902,0.0023984
27,0.866667,0.2466076,0.4477122,0.2599929,0.0023918
27,0.870833,0.2464935,0.4476879,0.2600149,0.0024099
27,0.875000,0.2463725,0.4476633,0.2600367,0.0024342
27,0.879167,0.2462442,0.4476602,0.2600805,0.0024866
27,0.883333,0.2461081,0.4476565,0.2601242,0.0025456
27,0.887500,0.2459636,0.4476763,0.2601916,0.0026350
27,0.891667,0.2458102,0.4476962,0.2602590,0.0027314
27,0.895833,0.2456473,0.4477403,0.2603512,0.0028597
27,0.900000,0.2454745,0.4477844,0.2604433,0.0029955
27,0.904167,0.2452920,0.4478529,0.2605603,0.0031644
27,0.908333,0.2451003,0.4479209,0.2606772,0.0033424
27,0.912500,0.2448986,0.4480124,0.2608185,0.0035540
27,0.916667,0.2446866,0.4481037,0.2609598,0.0037751
27,0.920833,0.2444636,0.4482174,0.2611239,0.0040289
27,0.925000,0.2442290,0.4483305,0.2612879,0.0042928
27,0.929167,0.2439822,0.4484638,0.2614724,0.0045877
27,0.933333,0.2437226,0.4485970,0.2616569,0.0048934
27,0.937500,0.2434506,0.4487472,0.2618589,0.0051460
27,0.941667,0.2431666,0.4488962,0.2620610,0.0049362
27,0.945833,0.2428696,0.4490586,0.2622769,0.0047452
27,0.950000,0.2425595,0.4492204,0.2624930,0.0045592
27,0.954167,0.2422355,0.4493912,0.2627190,0.0043889
27,0.958333,0.2418970,0.4495615,0.2629451,0.0042246
27,0.962500,0.2415434,0.4497370,0.2631769,0.0040726
27,0.966667,0.2411742,0.4499121,0.2634088,0.0039273
27,0.970833,0.2407894,0.4500877,0.2636422,0.0037911
27,0.975000,0.2403895,0.4502619,0.2638755,0.0036632
27,0.979167,0.2399737,0.4504323,0.2641062,0.0035414
27,0.983333,0.2395418,0.4506014,0.2643370,0.0034291
27,0.987500,0.2390928,0.4507628,0.2645610,0.0033202
27,0.991667,0.2386265,0.4509231,0.2647851,0.0032220
27,0.995833,0.2381423,0.4510722,0.2649991,0.0031246
27,1.000000,0.2376397,0.4512202,0.2652130,0.0030389
27,1.004167,0.2371185,0.4513536,0.2654138,0.0029523
27,1.008333,0.2365790,0.4514850,0.2656147,0.0028785
27,1.012500,0.2360207,0.4515993,0.2658002,0.0028030
27,1.016667,0.2354433,0.4517116,0.2659857,0.0027416
27,1.020833,0.2348460,0.4518051,0.2661542,0.0026781
27,1.025000,0.2342288,0.4518969,0.2663228,0.0026302
27,1.029167,0.2335911,0.4519692,0.2664736,0.0025805
27,1.033333,0.2329325,0.4520398,0.2666244,0.0025473
27,1.037500,0.2322526,0.4520904,0.2667574,0.0025134
27,1.041667,0.2315518,0.4521381,0.2668903,0.0024971
27,1.045833,0.2308293,0.4521658,0.2670062,0.0024823
27,1.050000,0.2300851,0.4521910,0.2671221,0.0024864
27,1.054167,0.2293189,0.4521974,0.2672221,0.0024944
27,1.058333,0.2285306,0.4522014,0.2673220,0.0025227
27,1.062500,0.2277197,0.4521885,0.2674078,0.0025577
27,1.066667,0.2268863,0.4521731,0.2674937,0.0026140
27,1.070833,0.2260296,0.4521423,0.2675675,0.0026800
27,1.075000,0.2251495,0.4521079,0.2676413,0.0027685
27,1.079167,0.2242458,0.4520597,0.2677053,0.0028703
27,1.083333,0.2233187,0.4520080,0.2677693,0.0029959
27,1.087500,0.2223677,0.4519449,0.2678257,0.0031380
27,1.091667,0.2213935,0.4518783,0.2678820,0.0033047
27,1.095833,0.2203957,0.4518022,0.2679329,0.0034909
27,1.100000,0.2193746,0.4517227,0.2679837,0.0037025
27,1.104167,0.2183290,0.4516348,0.2680305,0.0039360
27,1.108333,0.2172587,0.4515421,0.2680773,0.0041962
27,1.112500,0.2161636,0.4514413,0.2681211,0.0044805
27,1.116667,0.2150442,0.4513360,0.2681649,0.0047924
27,1.120833,0.2139005,0.4512230,0.2682061,0.0051294
27,1.125000,0.2127334,0.4511054,0.2682472,0.0052876
27,1.129167,0.2115428,0.4509797,0.2682850,0.0049612
27,1.133333,0.2103294,0.4508497,0.2683228,0.0046615
27,1.137500,0.2090917,0.4507093,0.2683559,0.0043833
27,1.141667,0.2078289,0.4505633,0.2683889,0.0041315
27,1.145833,0.2065412,0.4504037,0.2684148,0.0038997
27,1.150000,0.2052300,0.4502386,0.2684407,0.0036958
27,1.154167,0.2038951,0.4500569,0.2684560,0.0035098
27,1.158333,0.2025379,0.4498697,0.2684712,0.0033530
27,1.162500,0.2011585,0.4496618,0.2684717,0.0032107
27,1.166667,0.1997582,0.4494486,0.2684721,0.0030983
27,1.170833,0.1983350,0.4492094,0.2684527,0.0029957
27,1.175000,0.1968880,0.4489632,0.2684332,0.0029230
27,1.179167,0.1954174,0.4486844,0.2683882,0.0028552
27,1.183333,0.1939248,0.4483993,0.2683432,0.0028181
27,1.187500,0.1924107,0.4480754,0.2682666,0.0027806
27,1.191667,0.1908767,0.4477456,0.2681901,0.0027743
27,1.195833,0.1893234,0.4473712,0.2680755,0.0027613
27,1.200000,0.1877524,0.4469909,0.2679609,0.0027796
27,1.204167,0.1861614,0.4465593,0.2678021,0.0027849
27,1.208333,0.1845486,0.4461201,0.2676433,0.0028220
27,1.212500,0.1829154,0.4456233,0.2674341,0.0028405
27,1.216667,0.1812630,0.4451193,0.2672249,0.0028910
27,1.220833,0.1795927,0.4445519,0.2669598,0.0029172
27,1.225000,0.1779060,0.4439780,0.2666948,0.0029750
27,1.229167,0.1762042,0.4433365,0.2663689,0.0030032
27,1.233333,0.1744890,0.4426891,0.2660430,0.0030622
27,1.237500,0.1727576,0.4419696,0.2656525,0.0030877
27,1.241667,0.1710085,0.4412425,0.2652620,0.0031446
27,1.245833,0.1692426,0.4404401,0.2648039,0.0031653
27,1.250000,0.1674621,0.4396307,0.2643460,0.0032171
27,1.254167,0.1656679,0.4387447,0.2638189,0.0032302
27,1.258333,0.1638623,0.4378524,0.2632919,0.0032729
27,1.262500,0.1620464,0.4368841,0.2626957,0.0032756
27,1.266667,0.1602222,0.4359101,0.2620994,0.0033067
27,1.270833,0.1583869,0.4348610,0.2614351,0.0032982
27,1.275000,0.1565387,0.4338046,0.2607708,0.0033192
27,1.279167,0.1546787,0.4326752,0.2600410,0.0033032
27,1.283333,0.1528091,0.4315393,0.2593111,0.0033154
27,1.287500,0.1509311,0.4303349,0.2585196,0.0032930
27,1.291667,0.1490472,0.4291245,0.2577282,0.0032967
27,1.295833,0.1471582,0.4278515,0.2568802,0.0032692
27,1.300000,0.1452669,0.4265735,0.2560321,0.0032657
27,1.304167,0.1433700,0.4252387,0.2551336,0.0032363
27,1.308333,0.1414657,0.4238976,0.2542351,0.0032321
27,1.312500,0.1395552,0.4225064,0.2532930,0.0032086
27,1.316667,0.1376405,0.4211093,0.2523509,0.0032087
27,1.320833,0.1357233,0.4196708,0.2513729,0.0031950
27,1.325000,0.1338055,0.4182272,0.2503948,0.0032025
27,1.329167,0.1318888,0.4167508,0.2493888,0.0032016
27,1.333333,0.1299750,0.4152704,0.2483826,0.0032195
27,1.337500,0.1280617,0.4137651,0.2473565,0.0032362
27,1.341667,0.1261467,0.4122549,0.2463304,0.0032728
27,1.345833,0.1242312,0.4107275,0.2452921,0.0033157
27,1.350000,0.1223173,0.4091959,0.2442539,0.0033762
27,1.354167,0.1204064,0.4076551,0.2432111,0.0034485
27,1.358333,0.1185005,0.4061114,0.2421683,0.0035358
27,1.362500,0.1166010,0.4045662,0.2411278,0.0036390
27,1.366667,0.1147098,0.4030188,0.2400872,0.0037546
27,1.370833,0.1128247,0.4014765,0.2390552,0.0038911
27,1.375000,0.1109433,0.3999313,0.2380230,0.0040409
27,1.379167,0.1090671,0.3983960,0.2370045,0.0042162
27,1.383333,0.1071979,0.3968583,0.2359858,0.0039795
27,1.387500,0.1053368,0.3953358,0.2349850,0.0037349
27,1.391667,0.1034857,0.3938117,0.2339840,0.0035038
27,1.395833,0.1016456,0.3923062,0.2330036,0.0033053
27,1.400000,0.0998188,0.3908007,0.2320232,0.0031177
27,1.404167,0.0980027,0.3893158,0.2310651,0.0029634
27,1.408333,0.0961959,0.3878299,0.2301071,0.0028204
27,1.412500,0.0943989,0.3863656,0.2291721,0.0027103
27,1.416667,0.0926136,0.3849010,0.2282371,0.0026094
27,1.420833,0.0908409,0.3834583,0.2273248,0.0025398
27,1.425000,0.0890824,0.3820162,0.2264126,0.0024774
27,1.429167,0.0873390,0.3805954,0.2255217,0.0024429
27,1.433333,0.0856122,0.3791762,0.2246309,0.0024138
27,1.437500,0.0839004,0.3777767,0.2237595,0.0024090
27,1.441667,0.0822020,0.3763782,0.2228881,0.0024093
27,1.445833,0.0805179,0.3749975,0.2220337,0.0024308
27,1.450000,0.0788491,0.3736183,0.2211793,0.0024561
27,1.454167,0.0771964,0.3722543,0.2203389,0.0024976
27,1.458333,0.0755611,0.3708923,0.2194983,0.0025413
27,1.462500,0.0739438,0.3695433,0.2186686,0.0025968
27,1.466667,0.0723457,0.3681972,0.2178390,0.0026525
27,1.470833,0.0707657,0.3668610,0.2170171,0.0027156
27,1.475000,0.0692025,0.3655277,0.2161951,0.0027785
27,1.479167,0.0676567,0.3642020,0.2153781,0.0028451
27,1.483333,0.0661289,0.3628796,0.2145610,0.0029101
27,1.487500,0.0646199,0.3615626,0.2137465,0.0029752
27,1.491667,0.0631301,0.3602496,0.2129318,0.0030377
27,1.495833,0.0616604,0.3589402,0.2121177,0.0030971
27,1.500000,0.0602113,0.3576354,0.2113036,0.0031523
27,1.504167,0.0587821,0.3563334,0.2104886,0.0032020
27,1.508333,0.0573723,0.3550366,0.2096736,0.0032467
27,1.512500,0.0559819,0.3537421,0.2088573,0.0032846
27,1.516667,0.0546114,0.3524529,0.2080410,0.0033165
27,1.520833,0.0532609,0.3511664,0.2072235,0.0033413
27,1.525000,0.0519309,0.3498856,0.2064061,0.0033592
27,1.529167,0.0506217,0.3486089,0.2055884,0.0033701
27,1.533333,0.0493336,0.3473378,0.2047707,0.0033737
27,1.537500,0.0480664,0.3460729,0.2039545,0.0033707
27,1.541667,0.0468197,0.3448144,0.2031383,0.0033589
27,1.545833,0.0455937,0.3435649,0.2023260,0.0033421
27,1.550000,0.0443882,0.3423214,0.2015136,0.0033163
27,1.554167,0.0432033,0.3410898,0.2007079,0.0032882
27,1.558333,0.0420392,0.3398646,0.1999021,0.0032507
27,1.562500,0.0408956,0.3386546,0.1991063,0.0032138
27,1.566667,0.0397728,0.3374507,0.1983105,0.0031673
27,1.570833,0.0386708,0.3362661,0.1975281,0.0031239
27,1.575000,0.0375899,0.3350886,0.1967457,0.0030692
27,1.579167,0.0365297,0.3339342,0.1959803,0.0030205
27,1.583333,0.0354901,0.3327867,0.1952150,0.0029606
27,1.587500,0.0344707,0.3316657,0.1944703,0.0029104
27,1.591667,0.0334713,0.3305515,0.1937255,0.0028493
27,1.595833,0.0324918,0.3294667,0.1930047,0.0028014
27,1.600000,0.0315317,0.3283884,0.1922839,0.0027431
27,1.604167,0.0305919,0.3273434,0.1915901,0.0027000
27,1.608333,0.0296727,0.3263059,0.1908962,0.0026443
27,1.612500,0.0287736,0.3253043,0.1902320,0.0026057
27,1.616667,0.0278943,0.3243101,0.1895677,0.0025550
27,1.620833,0.0270342,0.3233534,0.1889349,0.0025240
27,1.625000,0.0261930,0.3224037,0.1883022,0.0024815
27,1.629167,0.0253701,0.3214923,0.1877024,0.0024609
27,1.633333,0.0245652,0.3205877,0.1871026,0.0024293
27,1.637500,0.0237790,0.3197226,0.1865364,0.0024195
27,1.641667,0.0230125,0.3188653,0.1859702,0.0023963
27,1.645833,0.0222649,0.3180484,0.1854378,0.0023942
27,1.650000,0.0215357,0.3172384,0.1849053,0.0023801
27,1.654167,0.0208243,0.3164677,0.1844061,0.0023870
27,1.658333,0.0201300,0.3157035,0.1839068,0.0023827
27,1.662500,0.0194523,0.3149769,0.1834396,0.0023995
27,1.666667,0.0187906,0.3142564,0.1829723,0.0024060
27,1.670833,0.0181459,0.3135721,0.1825355,0.0024311
27,1.675000,0.0175193,0.3128951,0.1820987,0.0024435
27,1.679167,0.0169099,0.3122527,0.1816902,0.0024719
27,1.683333,0.0163173,0.3116171,0.1812816,0.0024886
27,1.687500,0.0157406,0.3110133,0.1808992,0.0025200
27,1.691667,0.0151791,0.3104153,0.1805167,0.0025409
27,1.695833,0.0146322,0.3098460,0.1801578,0.0025752
27,1.700000,0.0140991,0.3092821,0.1797989,0.0026002
27,1.704167,0.0135810,0.3087445,0.1794609,0.0026353
27,1.708333,0.0130791,0.3082138,0.1791230,0.0026585
27,1.712500,0.0125927,0.3077072,0.1788035,0.0026889
27,1.716667,0.0121209,0.3072067,0.1784840,0.0027086
27,1.720833,0.0116630,0.3067274,0.1781808,0.0027343
27,1.725000,0.0112183,0.3062537,0.1778775,0.0027505
27,1.729167,0.0107860,0.3057985,0.1775883,0.0027718
27,1.733333,0.0103655,0.3053480,0.1772992,0.0027852
27,1.737500,0.0099578,0.3049147,0.1770225,0.0028013
27,1.741667,0.0095642,0.3044874,0.1767459,0.0028070
27,1.745833,0.0091841,0.3040765,0.1764804,0.0028136
27,1.750000,0.0088165,0.3036708,0.1762148,0.0028108
27,1.754167,0.0084608,0.3032798,0.1759597,0.0028097
27,1.758333,0.0081163,0.3028935,0.1757045,0.0028004
27,1.762500,0.0077820,0.3025208,0.1754593,0.0027935
27,1.766667,0.0074574,0.3021522,0.1752141,0.0027796
27,1.770833,0.0071436,0.3017974,0.1749788,0.0027677
27,1.775000,0.0068418,0.3014478,0.1747435,0.0027465
27,1.779167,0.0065513,0.3011129,0.1745185,0.0027272
27,1.783333,0.0062713,0.3007826,0.1742936,0.0027000
27,1.787500,0.0060012,0.3004667,0.1740797,0.0026766
27,1.791667,0.0057403,0.3001550,0.1738659,0.0026463
27,1.795833,0.0054877,0.2998582,0.1736641,0.0026218
27,1.800000,0.0052428,0.2995647,0.1734623,0.0025919
27,1.804167,0.0050068,0.2992876,0.1732738,0.0025687
27,1.808333,0.0047807,0.2990150,0.1730852,0.0025379
27,1.812500,0.0045639,0.2987601,0.1729112,0.0025146
27,1.816667,0.0043557,0.2985090,0.1727372,0.0024848
27,1.820833,0.0041555,0.2982767,0.1725788,0.0024647
27,1.825000,0.0039626,0.2980475,0.1724205,0.0024393
27,1.829167,0.0037764,0.2978375,0.1722791,0.0024259
27,1.833333,0.0035961,0.2976300,0.1721376,0.0024081
27,1.837500,0.0034228,0.2974427,0.1720141,0.0024031
27,1.841667,0.0032575,0.2972590,0.1718904,0.0023920
27,1.845833,0.0030997,0.2970965,0.1717852,0.0023938
27,1.850000,0.0029488,0.2969371,0.1716801,0.0023904
27,1.854167,0.0028041,0.2967985,0.1715938,0.0024012
27,1.858333,0.0026652,0.2966626,0.1715074,0.0024079
27,1.862500,0.0025313,0.2965473,0.1714399,0.0024297
27,1.866667,0.0024019,0.2964337,0.1713724,0.0024484
27,1.870833,0.0022780,0.2963403,0.1713233,0.0024814
27,1.875000,0.0021603,0.2962497,0.1712741,0.0025098
27,1.879167,0.0020485,0.2961789,0.1712426,0.0025515
27,1.883333,0.0019420,0.2961105,0.1712110,0.0025892
27,1.887500,0.0018403,0.2960598,0.1711958,0.0026398
27,1.891667,0.0017430,0.2960112,0.1711807,0.0026876
27,1.895833,0.0016494,0.2959785,0.1711802,0.0027099
27,1.900000,0.0015591,0.2959472,0.1711798,0.0027073
27,1.904167,0.0014729,0.2959300,0.1711923,0.0027176
27,1.908333,0.0013914,0.2959151,0.1712048,0.0027280
27,1.912500,0.0013144,0.2959121,0.1712280,0.0027492
27,1.916667,0.0012414,0.2959111,0.1712512,0.0027705
27,1.920833,0.0011720,0.2959196,0.1712828,0.0028001
27,1.925000,0.0011058,0.2959294,0.1713144,0.0028298
27,1.929167,0.0010423,0.2959460,0.1713519,0.0028655
27,1.933333,0.0009811,0.2959636,0.1713894,0.0029011
27,1.937500,0.0009228,0.2959855,0.1714304,0.0029403
27,1.941667,0.0008682,0.2960089,0.1714713,0.0029794
27,1.945833,0.0008167,0.2960345,0.1715133,0.0030196
27,1.950000,0.0007682,0.2960612,0.1715552,0.0030598
27,1.954167,0.0007223,0.2960875,0.1715958,0.0030987
27,1.958333,0.0006786,0.2961145,0.1716365,0.0031376
27,1.962500,0.0006369,0.2961388,0.1716736,0.0031731
27,1.966667,0.0005967,0.2961637,0.1717108,0.0032086
27,1.970833,0.0005586,0.2961838,0.1717427,0.0032387
27,1.975000,0.0005231,0.2962053,0.1717746,0.0032690
27,1.979167,0.0004899,0.2962202,0.1717996,0.0032924
27,1.983333,0.0004587,0.2962362,0.1718247,0.0033158
27,1.987500,0.0004294,0.2962446,0.1718417,0.0033312
27,1.991667,0.0004016,0.2962538,0.1718587,0.0033466
27,1.995833,0.0003751,0.2962541,0.1718669,0.0033531
27,2.000000,0.0003496,0.2962552,0.1718750,0.0033596
27,2.004167,0.0003256,0.2962471,0.1718739,0.0033569
27,2.008333,0.0003033,0.2962399,0.1718728,0.0033541
27,2.012500,0.0002826,0.2962236,0.1718623,0.0033420
27,2.016667,0.0002633,0.2962081,0.1718518,0.0033299
27,2.020833,0.0002452,0.2961838,0.1718324,0.0033088
27,2.025000,0.0002282,0.2961600,0.1718129,0.0032877
27,2.029167,0.0002120,0.2961278,0.1717850,0.0032582
27,2.033333,0.0001965,0.2960959,0.1717572,0.0032287
27,2.037500,0.0001818,0.2960569,0.1717219,0.0031918
27,2.041667,0.0001684,0.2960184,0.1716866,0.0031549
27,2.045833,0.0001560,0.2959737,0.1716451,0.0031117
27,2.050000,0.0001445,0.2959297,0.1716036,0.0030686
27,2.054167,0.0001339,0.2958806,0.1715573,0.0030206
27,2.058333,0.0001239,0.2958320,0.1715109,0.0029726
27,2.062500,0.0001144,0.2957802,0.1714613,0.0029213
27,2.066667,0.0001053,0.2957286,0.1714116,0.0028700
27,2.070833,0.0000967,0.2956751,0.1713602,0.0028168
27,2.075000,0.0000890,0.2956221,0.1713088,0.0027637
27,2.079167,0.0000819,0.2955689,0.1712572,0.0027105
27,2.083333,0.0000754,0.2955161,0.1712057,0.0026572
27,2.087500,0.0000694,0.2954646,0.1711555,0.0026054
27,2.091667,0.0000637,0.2954135,0.1711054,0.0025535
27,2.095833,0.0000584,0.2953651,0.1710581,0.0025045
27,2.100000,0.0000534,0.2953169,0.1710109,0.0024556
27,2.104167,0.0000486,0.2952727,0.1709678,0.0024108
27,2.108333,0.0000443,0.2952291,0.1709248,0.0023660
27,2.112500,0.0000405,0.2951907,0.1708872,0.0023266
27,2.116667,0.0000370,0.2951526,0.1708496,0.0022873
27,2.120833,0.0000337,0.2951206,0.1708182,0.0022542
27,2.125000,0.0000308,0.2950889,0.1707869,0.0022210
27,2.129167,0.0000280,0.2950641,0.1707627,0.0021950
27,2.133333,0.0000253,0.2950395,0.1707384,0.0021689
27,2.137500,0.0000228,0.2950223,0.1707217,0.0021504
27,2.141667,0.0000206,0.2950052,0.1707050,0.0021319
27,2.145833,0.0000186,0.2949960,0.1706960,0.0021211
27,2.150000,0.0000168,0.2949870,0.1706872,0.0021104
27,2.154167,0.0000152,0.2949858,0.1706862,0.0021076
27,2.158333,0.0000137,0.2949850,0.1706855,0.0021051
27,2.162500,0.0000123,0.2949925,0.1706931,0.0021108
27,2.166667,0.0000110,0.2950009,0.1707016,0.0021175
27,2.170833,0.0000097,0.2950179,0.1707185,0.0021325
27,2.175000,0.0000087,0.2950364,0.1707367,0.0021488
27,2.179167,0.0000077,0.2950630,0.1707629,0.0021732
27,2.183333,0.0000069,0.2950912,0.1707905,0.0021989
27,2.187500,0.0000061,0.2951269,0.1708254,0.0022319
27,2.191667,0.0000054,0.2951641,0.1708617,0.0022663
27,2.195833,0.0000048,0.2952076,0.1709042,0.0023069
27,2.200000,0.0000041,0.2952525,0.1709478,0.0023487
27,2.204167,0.0000036,0.2953024,0.1709964,0.0023954
27,2.208333,0.0000031,0.2953532,0.1710456,0.0024428
27,2.212500,0.0000026,0.2954077,0.1710984,0.0024936
27,2.216667,0.0000023,0.2953447,0.1710335,0.0024268
27,2.220833,0.0000020,0.2953882,0.1710751,0.0024666
27,2.225000,0.0000017,0.2954320,0.1711167,0.0025063
27,2.229167,0.0000014,0.2954771,0.1711597,0.0025474
27,2.233333,0.0000012,0.2955225,0.1712026,0.0025885
27,2.237500,0.0000010,0.2955683,0.1712461,0.0026300
27,2.241667,0.0000008,0.2956143,0.1712895,0.0026716
27,2.245833,0.0000007,0.2956600,0.1713326,0.0027127
27,2.250000,0.0000006,0.2957056,0.1713756,0.0027539
27,2.254167,0.0000005,0.2957502,0.1714175,0.0027939
27,2.258333,0.0000004,0.2957948,0.1714593,0.0028338
27,2.262500,0.0000003,0.2958375,0.1714993,0.0028719
27,2.266667,0.0000002,0.2958802,0.1715393,0.0029100
27,2.270833,0.0000002,0.2959203,0.1715769,0.0029456
27,2.275000,0.0000001,0.2959605,0.1716144,0.0029812
27,2.279167,0.0000001,0.2959977,0.1716490,0.0030138
27,2.283333,0.0000001,0.2960350,0.1716837,0.0030465
27,2.287500,0.0000001,0.2960688,0.1717150,0.0030759
27,2.291667,0.0000001,0.2961025,0.1717463,0.0031052
27,2.295833,0.0000001,0.2961326,0.1717741,0.0031311
27,2.300000,0.0000001,0.2961627,0.1718019,0.0031569
27,2.304167,0.0000001,0.2961889,0.1718260,0.0031790
27,2.308333,0.0000001,0.2962150,0.1718502,0.0032011
27,2.312500,0.0000001,0.2962372,0.1718706,0.0032196
27,2.316667,0.0000000,0.2962595,0.1718911,0.0032380
27,2.320833,0.0000000,0.2962779,0.1719079,0.0032528
27,2.325000,0.0000000,0.2962960,0.1719248,0.0032676
27,2.329167,0.0000000,0.2963107,0.1719382,0.0032789
27,2.333333,0.0000000,0.2963252,0.1719516,0.0032902
27,2.337500,0.0000000,0.2963363,0.1719618,0.0032983
27,2.341667,0.0000000,0.2963473,0.1719719,0.0033064
27,2.345833,0.0000000,0.2963552,0.1719792,0.0033116
27,2.350000,0.0000000,0.2963631,0.1719865,0.0033168
27,2.354167,0.0000000,0.2963681,0.1719913,0.0033194
27,2.358333,0.0000000,0.2963731,0.1719960,0.0033220
27,2.362500,0.0000000,0.2963757,0.1719986,0.0033225
27,2.366667,0.0000000,0.2963783,0.1720013,0.0033229
27,2.370833,0.0000000,0.2963790,0.1720022,0.0033217
27,2.375000,0.0000000,0.2963796,0.1720032,0.0033205
27,2.379167,0.0000000,0.2963791,0.1720030,0.0033182
27,2.383333,0.0000000,0.2963786,0.1720029,0.0033158
27,2.387500,0.0000000,0.2963771,0.1720020,0.0033128
27,2.391667,0.0000000,0.2963756,0.1720013,0.0033098
27,2.395833,0.0000000,0.2963744,0.1720006,0.0033069
27,2.400000,0.0000000,0.2963730,0.1720000,0.0033041
28,0.000000,0.2450759,0.4464633,0.2559093,0.0020008
28,0.004167,0.2450756,0.4464633,0.2559093,0.0020008
28,0.008333,0.2450754,0.4464634,0.2559093,0.0020008
28,0.012500,0.2450760,0.4464634,0.2559093,0.0020008
28,0.016667,0.2450765,0.4464634,0.2559093,0.0020008
28,0.020833,0.2450777,0.4464633,0.2559093,0.0020008
28,0.025000,0.2450787,0.4464633,0.2559093,0.0020008
28,0.029167,0.2450801,0.4464633,0.2559093,0.0020008
28,0.033333,0.2450813,0.4464633,0.2559093,0.0020008
28,0.037500,0.2450829,0.4464633,0.2559093,0.0020008
28,0.041667,0.2450844,0.4464633,0.2559093,0.0020008
28,0.045833,0.2450864,0.4464633,0.2559093,0.0020008
28,0.050000,0.2450882,0.4464632,0.2559093,0.0020008
28,0.054167,0.2450906,0.4464632,0.2559093,0.0020008
28,0.058333,0.2450928,0.4464633,0.2559093,0.0020008
28,0.062500,0.2450955,0.4464633,0.2559093,0.0020008
28,0.066667,0.2450980,0.4464634,0.2559093,0.0020008
28,0.070833,0.2451010,0.4464633,0.2559093,0.0020008
28,0.075000,0.2451039,0.4464633,0.2559093,0.0020008
28,0.079167,0.2451073,0.4464633,0.2559093,0.0020008
28,0.083333,0.2451106,0.4464633,0.2559093,0.0020008
28,0.087500,0.2451144,0.4464633,0.2559093,0.0020008
28,0.091667,0.2451179,0.4464633,0.2559093,0.0020008
28,0.095833,0.2451221,0.4464633,0.2559093,0.0020008
28,0.100000,0.2451261,0.4464633,0.2559093,0.0020008
28,0.104167,0.2451306,0.4464633,0.2559093,0.0020008
28,0.108333,0.2451350,0.4464633,0.2559093,0.0020008
28,0.112500,0.2451400,0.4464633,0.2559093,0.0020008
28,0.116667,0.2451447,0.4464633,0.2559093,0.0020008
28,0.120833,0.2451500,0.4464633,0.2559093,0.0020008
28,0.125000,0.2451551,0.4464633,0.2559093,0.0020008
28,0.129167,0.2451607,0.4464633,0.2559093,0.0020008
28,0.133333,0.2451662,0.4464633,0.2559093,0.0020008
28,0.137500,0.2451723,0.4464633,0.2559093,0.0020008
28,0.141667,0.2451782,0.4464633,0.2559093,0.0020008
28,0.145833,0.2451846,0.4464634,0.2559093,0.0020008
28,0.150000,0.2451909,0.4464634,0.2559093,0.0020008
28,0.154167,0.2451977,0.4464633,0.2559093,0.0020008
28,0.158333,0.2452043,0.4464633,0.2559093,0.0020008
28,0.162500,0.2452115,0.4464633,0.2559093,0.0020008
28,0.166667,0.2452185,0.4464633,0.2559093,0.0020008
28,0.170833,0.2452261,0.4464633,0.2559093,0.0020008
28,0.175000,0.2452336,0.4464633,0.2559093,0.0020008
28,0.179167,0.2452416,0.4464633,0.2559093,0.0020008
28,0.183333,0.2452493,0.4464633,0.2559093,0.0020008
28,0.187500,0.2452578,0.4464633,0.2559093,0.0020008
28,0.191667,0.2452659,0.4464633,0.2559093,0.0020008
28,0.195833,0.2452747,0.4464633,0.2559093,0.0020008
28,0.200000,0.2452834,0.4464633,0.2559093,0.0020008
28,0.204167,0.2452925,0.4464633,0.2559093,0.0020008
28,0.208333,0.2453015,0.4464633,0.2559093,0.0020008
28,0.212500,0.2453111,0.4464633,0.2559093,0.0020008
28,0.216667,0.2453205,0.4464633,0.2559093,0.0020008
28,0.220833,0.2453304,0.4464632,0.2559093,0.0020008
28,0.225000,0.2453402,0.4464633,0.2559093,0.0020008
28,0.229167,0.2453506,0.4464633,0.2559093,0.0020008
28,0.233333,0.2453608,0.4464633,0.2559093,0.0020008
28,0.237500,0.2453715,0.4464634,0.2559093,0.0020008
28,0.241667,0.2453821,0.4464633,0.2559093,0.0020008
28,0.245833,0.2453933,0.4464633,0.2559093,0.0020008
28,0.250000,0.2454042,0.4464633,0.2559093,0.0020008
28,0.254167,0.2454158,0.4464633,0.2559093,0.0020008
28,0.258333,0.2454273,0.4464633,0.2559093,0.0020008
28,0.262500,0.2454392,0.4464633,0.2559093,0.0020008
28,0.266667,0.2454510,0.4464633,0.2559093,0.0020008
28,0.270833,0.2454633,0.4464633,0.2559093,0.0020008
28,0.275000,0.2454755,0.4464633,0.2559093,0.0020008
28,0.279167,0.2454883,0.4464633,0.2559093,0.0020008
28,0.283333,0.2455009,0.4464633,0.2559093,0.0020008
28,0.287500,0.2455141,0.4464633,0.2559093,0.0020008
28,0.291667,0.2455271,0.4464633,0.2559093,0.0020008
28,0.295833,0.2455407,0.4464633,0.2559093,0.0020008
28,0.300000,0.2455540,0.4464634,0.2559093,0.0020008
28,0.304167,0.2455681,0.4464633,0.2559093,0.0020008
28,0.308333,0.2455819,0.4464633,0.2559093,0.0020008
28,0.312500,0.2455962,0.4464633,0.2559093,0.0020008
28,0.316667,0.2456104,0.4464633,0.2559093,0.0020008
28,0.320833,0.2456252,0.4464633,0.2559093,0.0020008
28,0.325000,0.2456398,0.4464633,0.2559093,0.0020008
28,0.329167,0.2456550,0.4464633,0.2559093,0.0020008
28,0.333333,0.2456699,0.4464633,0.2559093,0.0020008
28,0.337500,0.2456855,0.4464633,0.2559093,0.0020008
28,0.341667,0.2457009,0.4464633,0.2559093,0.0020008
28,0.345833,0.2457169,0.4464633,0.2559093,0.0020008
28,0.350000,0.2457327,0.4464632,0.2559093,0.0020008
28,0.354167,0.2457491,0.4464633,0.2559093,0.0020008
28,0.358333,0.2457653,0.4464633,0.2559093,0.0020008
28,0.362500,0.2457821,0.4464633,0.2559093,0.0020008
28,0.366667,0.2457987,0.4464634,0.2559093,0.0020008
28,0.370833,0.2458158,0.4464634,0.2559093,0.0020008
28,0.375000,0.2458328,0.4464633,0.2559093,0.0020008
28,0.379167,0.2458504,0.4464633,0.2559093,0.0020008
28,0.383333,0.2458677,0.4464633,0.2559093,0.0020008
28,0.387500,0.2458857,0.4464633,0.2559093,0.0020008
28,0.391667,0.2459035,0.4464633,0.2559093,0.0020008
28,0.395833,0.2459218,0.4464633,0.2559093,0.0020008
28,0.400000,0.2459399,0.4464633,0.2559093,0.0020008
28,0.404167,0.2459587,0.4464633,0.2559093,0.0020008
28,0.408333,0.2459772,0.4464633,0.2559093,0.0020008
28,0.412500,0.2459963,0.4464633,0.2559093,0.0020008
28,0.416667,0.2460152,0.4464633,0.2559093,0.0020008
28,0.420833,0.2460347,0.4464633,0.2559093,0.0020008
28,0.425000,0.2460540,0.4464633,0.2559093,0.0020008
28,0.429167,0.2460739,0.4464632,0.2559093,0.0020008
28,0.433333,0.2460936,0.4464633,0.2559093,0.0020008
28,0.437500,0.2461138,0.4464632,0.2559093,0.0020008
28,0.441667,0.2461339,0.4464634,0.2559093,0.0020008
28,0.445833,0.2461545,0.4464633,0.2559093,0.0020008
28,0.450000,0.2461750,0.4464633,0.2559093,0.0020008
28,0.454167,0.2461959,0.4464634,0.2559093,0.0020008
28,0.458333,0.2462167,0.4464633,0.2559093,0.0020008
28,0.462500,0.2462381,0.4464632,0.2559093,0.0020008
28,0.466667,0.2462593,0.4464633,0.2559093,0.0020008
28,0.470833,0.2462810,0.4464633,0.2559093,0.0020008
28,0.475000,0.2463025,0.4464633,0.2559093,0.0020008
28,0.479167,0.2463246,0.4464633,0.2559093,0.0020008
28,0.483333,0.2463465,0.4464632,0.2559093,0.0020008
28,0.487500,0.2463689,0.4464634,0.2559093,0.0020008
28,0.491667,0.2463911,0.4464633,0.2559093,0.0020008
28,0.495833,0.2464139,0.4464633,0.2559093,0.0020008
28,0.500000,0.2464365,0.4464633,0.2559093,0.0020008
28,0.504167,0.2464597,0.4464634,0.2559093,0.0020008
28,0.508333,0.2464827,0.4464632,0.2559093,0.0020008
28,0.512500,0.2465061,0.4464633,0.2559093,0.0020008
28,0.516667,0.2465293,0.4464633,0.2559093,0.0020008
28,0.520833,0.2465532,0.4464633,0.2559093,0.0020008
28,0.525000,0.2465768,0.4464633,0.2559093,0.0020008
28,0.529167,0.2466009,0.4464633,0.2559093,0.0020008
28,0.533333,0.2466249,0.4464633,0.2559093,0.0020008
28,0.537500,0.2466494,0.4464633,0.2559093,0.0020008
28,0.541667,0.2466737,0.4464633,0.2559093,0.0020008
28,0.545833,0.2466985,0.4464633,0.2559093,0.0020008
28,0.550000,0.2467230,0.4464633,0.2559093,0.0020008
28,0.554167,0.2467481,0.4464633,0.2559093,0.0020008
28,0.558333,0.2467730,0.4464633,0.2559093,0.0020008
28,0.562500,0.2467985,0.4464633,0.2559093,0.0020008
28,0.566667,0.2468238,0.4464633,0.2559093,0.0020008
28,0.570833,0.2468495,0.4464633,0.2559093,0.0020008
28,0.575000,0.2468750,0.4464633,0.2559093,0.0020008
28,0.579167,0.2469011,0.4464633,0.2559093,0.0020008
28,0.583333,0.2469270,0.4464634,0.2559093,0.0020008
28,0.587500,0.2469533,0.4464633,0.2559093,0.0020008
28,0.591667,0.2469795,0.4464634,0.2559093,0.0020008
28,0.595833,0.2470060,0.4464633,0.2559093,0.0020008
28,0.600000,0.2470325,0.4464633,0.2559093,0.0020008
28,0.604167,0.2470594,0.4464634,0.2559093,0.0020008
28,0.608333,0.2470861,0.4464633,0.2559093,0.0020008
28,0.612500,0.2471132,0.4464634,0.2559093,0.0020008
28,0.616667,0.2471403,0.4464633,0.2559093,0.0020008
28,0.620833,0.2471677,0.4464634,0.2559093,0.0020008
28,0.625000,0.2471950,0.4464633,0.2559093,0.0020008
28,0.629167,0.2472226,0.4464634,0.2559093,0.0020008
28,0.633333,0.2472502,0.4464633,0.2559093,0.0020008
28,0.637500,0.2472782,0.4464634,0.2559093,0.0020008
28,0.641667,0.2473060,0.4464634,0.2559093,0.0020008
28,0.645833,0.2473342,0.4464634,0.2559093,0.0020008
28,0.650000,0.2473622,0.4464633,0.2559093,0.0020008
28,0.654167,0.2473906,0.4464632,0.2559093,0.0020008
28,0.658333,0.2474190,0.4464633,0.2559093,0.0020008
28,0.662500,0.2474476,0.4464633,0.2559093,0.0020008
28,0.666667,0.2474762,0.4464633,0.2559093,0.0020008
28,0.670833,0.2475050,0.4464634,0.2559093,0.0020008
28,0.675000,0.2475338,0.4464633,0.2559093,0.0020008
28,0.679167,0.2475629,0.4464633,0.2559093,0.0020008
28,0.683333,0.2475919,0.4464633,0.2559093,0.0020008
28,0.687500,0.2476212,0.4464633,0.2559093,0.0020008
28,0.691667,0.2476504,0.4464633,0.2559093,0.0020008
28,0.695833,0.2476799,0.4464633,0.2559093,0.0020008
28,0.700000,0.2477094,0.4464633,0.2559093,0.0020008
28,0.704167,0.2477391,0.4464633,0.2559093,0.0020008
28,0.708333,0.2477687,0.4464633,0.2559093,0.0020008
28,0.712500,0.2477986,0.4464632,0.2559093,0.0020008
28,0.716667,0.2478283,0.4464633,0.2559093,0.0020008
28,0.720833,0.2478584,0.4464633,0.2559093,0.0020008
28,0.725000,0.2478884,0.4464633,0.2559093,0.0020008
28,0.729167,0.2479187,0.4464633,0.2559093,0.0020008
28,0.733333,0.2479489,0.4464632,0.2559093,0.0020008
28,0.737500,0.2479793,0.4464633,0.2559093,0.0020008
28,0.741667,0.2480096,0.4464633,0.2559093,0.0020008
28,0.745833,0.2480401,0.4464633,0.2559093,0.0020008
28,0.750000,0.2480706,0.4464633,0.2559093,0.0020008
28,0.754167,0.2481013,0.4464633,0.2559093,0.0020008
28,0.758333,0.2481319,0.4464632,0.2559093,0.0020008
28,0.762500,0.2481627,0.4464633,0.2559093,0.0020008
28,0.766667,0.2481935,0.4464633,0.2559093,0.0020008
28,0.770833,0.2482245,0.4464633,0.2559093,0.0020008
28,0.775000,0.2482554,0.4464633,0.2559093,0.0020008
28,0.779167,0.2482865,0.4464632,0.2559093,0.0020008
28,0.783333,0.2483175,0.4464633,0.2559093,0.0020008
28,0.787500,0.2483487,0.4464634,0.2559093,0.0020008
28,0.791667,0.2483798,0.4464633,0.2559093,0.0020008
28,0.795833,0.2484111,0.4464633,0.2559093,0.0020008
28,0.800000,0.2484424,0.4464633,0.2559093,0.0020008
28,0.804167,0.2484737,0.4464633,0.2559093,0.0020008
28,0.808333,0.2485050,0.4464633,0.2559093,0.0020008
28,0.812500,0.2485365,0.4464633,0.2559093,0.0020008
28,0.816667,0.2485680,0.4464633,0.2559093,0.0020008
28,0.820833,0.2485995,0.4464633,0.2559093,0.0020008
28,0.825000,0.2486310,0.4464632,0.2559093,0.0020008
28,0.829167,0.2486626,0.4464633,0.2559093,0.0020008
28,0.833333,0.2486941,0.4464633,0.2559093,0.0020008
28,0.837500,0.2487258,0.4464632,0.2559093,0.0020008
28,0.841667,0.2487575,0.4464633,0.2559093,0.0020008
28,0.845833,0.2487891,0.4464633,0.2559093,0.0020008
28,0.850000,0.2488208,0.4464633,0.2559093,0.0020008
28,0.854167,0.2488525,0.4464633,0.2559093,0.0020008
28,0.858333,0.2488842,0.4464633,0.2559093,0.0020008
28,0.862500,0.2489160,0.4464633,0.2559093,0.0020008
28,0.866667,0.2489477,0.4464633,0.2559093,0.0020008
28,0.870833,0.2489795,0.4464633,0.2559093,0.0020008
28,0.875000,0.2490113,0.4464633,0.2559093,0.0020008
28,0.879167,0.2490431,0.4464633,0.2559093,0.0020008
28,0.883333,0.2490748,0.4464632,0.2559093,0.0020008
28,0.887500,0.2491066,0.4464633,0.2559093,0.0020008
28,0.891667,0.2491383,0.4464633,0.2559093,0.0020008
28,0.895833,0.2491701,0.4464633,0.2559093,0.0020008
28,0.900000,0.2492019,0.4464633,0.2559093,0.0020008
28,0.904167,0.2492337,0.4464633,0.2559093,0.0020008
28,0.908333,0.2492654,0.4464632,0.2559093,0.0020008
28,0.912500,0.2492972,0.4464633,0.2559093,0.0020008
28,0.916667,0.2493289,0.4464633,0.2559093,0.0020008
28,0.920833,0.2493605,0.4464633,0.2559093,0.0020008
28,0.925000,0.2493922,0.4464633,0.2559093,0.0020008
28,0.929167,0.2494238,0.4464633,0.2559093,0.0020008
28,0.933333,0.2494554,0.4464633,0.2559093,0.0020008
28,0.937500,0.2494870,0.4464633,0.2559093,0.0020008
28,0.941667,0.2495187,0.4464633,0.2559093,0.0020008
28,0.945833,0.2495501,0.4464633,0.2559093,0.0020008
28,0.950000,0.2495815,0.4464633,0.2559093,0.0020008
28,0.954167,0.2496130,0.4464633,0.2559093,0.0020008
28,0.958333,0.2496444,0.4464633,0.2559093,0.0020008
28,0.962500,0.2496758,0.4464633,0.2559093,0.0020008
28,0.966667,0.2497071,0.4464632,0.2559093,0.0020008
28,0.970833,0.2497383,0.4464633,0.2559093,0.0020008
28,0.975000,0.2497696,0.4464633,0.2559093,0.0020008
28,0.979167,0.2498007,0.4464633,0.2559093,0.0020008
28,0.983333,0.2498318,0.4464632,0.2559093,0.0020008
28,0.987500,0.2498628,0.4464633,0.2559093,0.0020008
28,0.991667,0.2498938,0.4464633,0.2559093,0.0020008
28,0.995833,0.2499247,0.4464633,0.2559093,0.0020008
28,1.000000,0.2499557,0.4464633,0.2559093,0.0020008
28,1.004167,0.2499864,0.4464633,0.2559093,0.0020008
28,1.008333,0.2500172,0.4464633,0.2559093,0.0020008
28,1.012500,0.2500478,0.4464633,0.2559093,0.0020008
28,1.016667,0.2500785,0.4464633,0.2559093,0.0020008
28,1.020833,0.2501088,0.4464632,0.2559093,0.0020008
28,1.025000,0.2501393,0.4464633,0.2559093,0.0020008
28,1.029167,0.2501696,0.4464633,0.2559093,0.0020008
28,1.033333,0.2502000,0.4464633,0.2559093,0.0020008
28,1.037500,0.2502301,0.4464633,0.2559093,0.0020008
28,1.041667,0.2502603,0.4464634,0.2559093,0.0020008
28,1.045833,0.2502901,0.4464633,0.2559093,0.0020008
28,1.050000,0.2503201,0.4464633,0.2559093,0.0020008
28,1.054167,0.2503498,0.4464633,0.2559093,0.0020008
28,1.058333,0.2503797,0.4464633,0.2559093,0.0020008
28,1.062500,0.2504092,0.4464633,0.2559093,0.0020008
28,1.066667,0.2504388,0.4464633,0.2559093,0.0020008
28,1.070833,0.2504681,0.4464633,0.2559093,0.0020008
28,1.075000,0.2504975,0.4464632,0.2559093,0.0020008
28,1.079167,0.2505266,0.4464634,0.2559093,0.0020008
28,1.083333,0.2505558,0.4464632,0.2559093,0.0020008
28,1.087500,0.2505847,0.4464632,0.2559093,0.0020008
28,1.091667,0.2506137,0.4464633,0.2559093,0.0020008
28,1.095833,0.2506423,0.4464633,0.2559093,0.0020008
28,1.100000,0.2506711,0.4464633,0.2559093,0.0020008
28,1.104167,0.2506994,0.4464633,0.2559093,0.0020008
28,1.108333,0.2507280,0.4464633,0.2559093,0.0020008
28,1.112500,0.2507561,0.4464633,0.2559093,0.0020008
28,1.116667,0.2507844,0.4464634,0.2559093,0.0020008
28,1.120833,0.2508122,0.4464634,0.2559093,0.0020008
28,1.125000,0.2508402,0.4464633,0.2559093,0.0020008
28,1.129167,0.2508678,0.4464633,0.2559093,0.0020008
28,1.133333,0.2508956,0.4464633,0.2559093,0.0020008
28,1.137500,0.2509229,0.4464633,0.2559093,0.0020008
28,1.141667,0.2509505,0.4464634,0.2559093,0.0020008
28,1.145833,0.2509775,0.4464633,0.2559093,0.0020008
28,1.150000,0.2510047,0.4464634,0.2559093,0.0020008
28,1.154167,0.2510315,0.4464633,0.2559093,0.0020008
28,1.158333,0.2510583,0.4464633,0.2559093,0.0020008
28,1.162500,0.2510848,0.4464633,0.2559093,0.0020008
28,1.166667,0.2511114,0.4464633,0.2559093,0.0020008
28,1.170833,0.2511376,0.4464633,0.2559093,0.0020008
28,1.175000,0.2511640,0.4464632,0.2559093,0.0020008
28,1.179167,0.2511899,0.4464633,0.2559093,0.0020008
28,1.183333,0.2512158,0.4464633,0.2559093,0.0020008
28,1.187500,0.2512414,0.4464632,0.2559093,0.0020008
28,1.191667,0.2512670,0.4464633,0.2559093,0.0020008
28,1.195833,0.2512923,0.4464633,0.2559093,0.0020008
28,1.200000,0.2513177,0.4464633,0.2559093,0.0020008
28,1.204167,0.2513426,0.4464633,0.2559093,0.0020008
28,1.208333,0.2513677,0.4464633,0.2559093,0.0020008
28,1.212500,0.2513922,0.4464634,0.2559093,0.0020008
28,1.216667,0.2514168,0.4464633,0.2559093,0.0020008
28,1.220833,0.2514411,0.4464633,0.2559093,0.0020008
28,1.225000,0.2514655,0.4464634,0.2559093,0.0020008
28,1.229167,0.2514894,0.4464633,0.2559093,0.0020008
28,1.233333,0.2515134,0.4464632,0.2559093,0.0020008
28,1.237500,0.2515369,0.4464633,0.2559093,0.0020008
28,1.241667,0.2515606,0.4464633,0.2559093,0.0020008
28,1.245833,0.2515837,0.4464633,0.2559093,0.0020008
28,1.250000,0.2516070,0.4464633,0.2559093,0.0020008
28,1.254167,0.2516298,0.4464633,0.2559093,0.0020008
28,1.258333,0.2516527,0.4464633,0.2559093,0.0020008
28,1.262500,0.2516751,0.4464633,0.2559093,0.0020008
28,1.266667,0.2516977,0.4464633,0.2559093,0.0020008
28,1.270833,0.2517198,0.4464633,0.2559093,0.0020008
28,1.275000,0.2517420,0.4464633,0.2559093,0.0020008
28,1.279167,0.2517636,0.4464633,0.2559093,0.0020008
28,1.283333,0.2517854,0.4464633,0.2559093,0.0020008
28,1.287500,0.2518067,0.4464634,0.2559093,0.0020008
28,1.291667,0.2518281,0.4464633,0.2559093,0.0020008
28,1.295833,0.2518490,0.4464634,0.2559093,0.0020008
28,1.300000,0.2518701,0.4464633,0.2559093,0.0020008
28,1.304167,0.2518905,0.4464634,0.2559093,0.0020008
28,1.308333,0.2519112,0.4464633,0.2559093,0.0020008
28,1.312500,0.2519313,0.4464633,0.2559093,0.0020008
28,1.316667,0.2519515,0.4464634,0.2559093,0.0020008
28,1.320833,0.2519712,0.4464632,0.2559093,0.0020008
28,1.325000,0.2519911,0.4464633,0.2559093,0.0020008
28,1.329167,0.2520103,0.4464634,0.2559093,0.0020008
28,1.333333,0.2520298,0.4464632,0.2559093,0.0020008
28,1.337500,0.2520486,0.4464633,0.2559093,0.0020008
28,1.341667,0.2520677,0.4464633,0.2559093,0.0020008
28,1.345833,0.2520861,0.4464633,0.2559093,0.0020008
28,1.350000,0.2521047,0.4464633,0.2559093,0.0020008
28,1.354167,0.2521227,0.4464634,0.2559093,0.0020008
28,1.358333,0.2521409,0.4464634,0.2559093,0.0020008
28,1.362500,0.2521584,0.4464633,0.2559093,0.0020008
28,1.366667,0.2521762,0.4464633,0.2559093,0.0020008
28,1.370833,0.2521933,0.4464633,0.2559093,0.0020008
28,1.375000,0.2522107,0.4464633,0.2559093,0.0020008
28,1.379167,0.2522274,0.4464633,0.2559093,0.0020008
28,1.383333,0.2522444,0.4464633,0.2559093,0.0020008
28,1.387500,0.2522606,0.4464633,0.2559093,0.0020008
28,1.391667,0.2522771,0.4464634,0.2559093,0.0020008
28,1.395833,0.2522930,0.4464634,0.2559093,0.0020008
28,1.400000,0.2523091,0.4464633,0.2559093,0.0020008
28,1.404167,0.2523245,0.4464634,0.2559093,0.0020008
28,1.408333,0.2523401,0.4464632,0.2559093,0.0020008
28,1.412500,0.2523550,0.4464634,0.2559093,0.0020008
28,1.416667,0.2523702,0.4464633,0.2559093,0.0020008
28,1.420833,0.2523848,0.4464633,0.2559093,0.0020008
28,1.425000,0.2523995,0.4464633,0.2559093,0.0020008
28,1.429167,0.2524136,0.4464634,0.2559093,0.0020008
28,1.433333,0.2524280,0.4464633,0.2559093,0.0020008
28,1.437500,0.2524416,0.4464634,0.2559093,0.0020008
28,1.441667,0.2524554,0.4464633,0.2559093,0.0020008
28,1.445833,0.2524686,0.4464632,0.2559093,0.0020008
28,1.450000,0.2524821,0.4464633,0.2559093,0.0020008
28,1.454167,0.2524949,0.4464633,0.2559093,0.0020008
28,1.458333,0.2525079,0.4464634,0.2559093,0.0020008
28,1.462500,0.2525201,0.4464634,0.2559093,0.0020008
28,1.466667,0.2525326,0.4464634,0.2559093,0.0020008
28,1.470833,0.2525445,0.4464633,0.2559093,0.0020008
28,1.475000,0.2525565,0.4464633,0.2559093,0.0020008
28,1.479167,0.2525679,0.4464634,0.2559093,0.0020008
28,1.483333,0.2525796,0.4464633,0.2559093,0.0020008
28,1.487500,0.2525905,0.4464632,0.2559093,0.0020008
28,1.491667,0.2526017,0.4464633,0.2559093,0.0020008
28,1.495833,0.2526121,0.4464634,0.2559093,0.0020008
28,1.500000,0.2526228,0.4464633,0.2559093,0.0020008
28,1.504167,0.2526329,0.4464633,0.2559093,0.0020008
28,1.508333,0.2526432,0.4464633,0.2559093,0.0020008
28,1.512500,0.2526528,0.4464632,0.2559093,0.0020008
28,1.516667,0.2526626,0.4464632,0.2559093,0.0020008
28,1.520833,0.2526717,0.4464634,0.2559093,0.0020008
28,1.525000,0.2526811,0.4464633,0.2559093,0.0020008
28,1.529167,0.2526899,0.4464633,0.2559093,0.0020008
28,1.533333,0.2526988,0.4464634,0.2559093,0.0020008
28,1.537500,0.2527070,0.4464634,0.2559093,0.0020008
28,1.541667,0.2527155,0.4464633,0.2559093,0.0020008
28,1.545833,0.2527232,0.4464633,0.2559093,0.0020008
28,1.550000,0.2527312,0.4464633,0.2559093,0.0020008
28,1.554167,0.2527386,0.4464634,0.2559093,0.0020008
28,1.558333,0.2527462,0.4464633,0.2559093,0.0020008
28,1.562500,0.2527531,0.4464633,0.2559093,0.0020008
28,1.566667,0.2527602,0.4464633,0.2559093,0.0020008
28,1.570833,0.2527666,0.4464633,0.2559093,0.0020008
28,1.575000,0.2527733,0.4464632,0.2559093,0.0020008
28,1.579167,0.2527794,0.4464633,0.2559093,0.0020008
28,1.583333,0.2527856,0.4464632,0.2559093,0.0020008
28,1.587500,0.2527911,0.4464633,0.2559093,0.0020008
28,1.591667,0.2527969,0.4464634,0.2559093,0.0020008
28,1.595833,0.2528020,0.4464633,0.2559093,0.0020008
28,1.600000,0.2528073,0.4464633,0.2559093,0.0020008
28,1.604167,0.2528121,0.4464633,0.2559093,0.0020008
28,1.608333,0.2528170,0.4464633,0.2559093,0.0020008
28,1.612500,0.2528212,0.4464633,0.2559093,0.0020008
28,1.616667,0.2528256,0.4464633,0.2559093,0.0020008
28,1.620833,0.2528295,0.4464633,0.2559093,0.0020008
28,1.625000,0.2528335,0.4464633,0.2559093,0.0020008
28,1.629167,0.2528369,0.4464634,0.2559093,0.0020008
28,1.633333,0.2528404,0.4464633,0.2559093,0.0020008
28,1.637500,0.2528434,0.4464633,0.2559093,0.0020008
28,1.641667,0.2528465,0.4464633,0.2559093,0.0020008
28,1.645833,0.2528491,0.4464634,0.2559093,0.0020008
28,1.650000,0.2528518,0.4464633,0.2559093,0.0020008
28,1.654167,0.2528539,0.4464634,0.2559093,0.0020008
28,1.658333,0.2528562,0.4464633,0.2559093,0.0020008
28,1.662500,0.2528578,0.4464634,0.2559093,0.0020008
28,1.666667,0.2528597,0.4464632,0.2559093,0.0020008
28,1.670833,0.2528609,0.4464634,0.2559093,0.0020008
28,1.675000,0.2528624,0.4464633,0.2559093,0.0020008
28,1.679167,0.2528632,0.4464633,0.2559093,0.0020008
28,1.683333,0.2528642,0.4464633,0.2559093,0.0020008
28,1.687500,0.2528646,0.4464634,0.2559093,0.0020008
28,1.691667,0.2528652,0.4464633,0.2559093,0.0020008
28,1.695833,0.2528652,0.4464633,0.2559093,0.0020008
28,1.700000,0.2528654,0.4464633,0.2559093,0.0020008
28,1.704167,0.2528650,0.4464632,0.2559093,0.0020008
28,1.708333,0.2528647,0.4464632,0.2559093,0.0020008
28,1.712500,0.2528639,0.4464634,0.2559093,0.0020008
28,1.716667,0.2528633,0.4464633,0.2559093,0.0020008
28,1.720833,0.2528621,0.4464634,0.2559093,0.0020008
28,1.725000,0.2528611,0.4464633,0.2559093,0.0020008
28,1.729167,0.2528594,0.4464634,0.2559093,0.0020008
28,1.733333,0.2528580,0.4464634,0.2559093,0.0020008
28,1.737500,0.2528560,0.4464634,0.2559093,0.0020008
28,1.741667,0.2528541,0.4464633,0.2559093,0.0020008
28,1.745833,0.2528517,0.4464633,0.2559093,0.0020008
28,1.750000,0.2528495,0.4464634,0.2559093,0.0020008
28,1.754167,0.2528467,0.4464634,0.2559093,0.0020008
28,1.758333,0.2528441,0.4464633,0.2559093,0.0020008
28,1.762500,0.2528409,0.4464633,0.2559093,0.0020008
28,1.766667,0.2528379,0.4464633,0.2559093,0.0020008
28,1.770833,0.2528343,0.4464633,0.2559093,0.0020008
28,1.775000,0.2528309,0.4464633,0.2559093,0.0020008
28,1.779167,0.2528270,0.4464632,0.2559093,0.0020008
28,1.783333,0.2528233,0.4464633,0.2559093,0.0020008
28,1.787500,0.2528190,0.4464633,0.2559093,0.0020008
28,1.791667,0.2528149,0.4464633,0.2559093,0.0020008
28,1.795833,0.2528102,0.4464633,0.2559093,0.0020008
28,1.800000,0.2528056,0.4464633,0.2559093,0.0020008
28,1.804167,0.2528006,0.4464634,0.2559093,0.0020008
28,1.808333,0.2527957,0.4464633,0.2559093,0.0020008
28,1.812500,0.2527904,0.4464633,0.2559093,0.0020008
28,1.816667,0.2527851,0.4464633,0.2559093,0.0020008
28,1.820833,0.2527794,0.4464633,0.2559093,0.0020008
28,1.825000,0.2527738,0.4464632,0.2559093,0.0020008
28,1.829167,0.2527677,0.4464634,0.2559093,0.0020008
28,1.833333,0.2527618,0.4464633,0.2559093,0.0020008
28,1.837500,0.2527553,0.4464633,0.2559093,0.0020008
28,1.841667,0.2527490,0.4464633,0.2559093,0.0020008
28,1.845833,0.2527422,0.4464633,0.2559093,0.0020008
28,1.850000,0.2527356,0.4464634,0.2559093,0.0020008
28,1.854167,0.2527285,0.4464634,0.2559093,0.0020008
28,1.858333,0.2527215,0.4464634,0.2559093,0.0020008
28,1.862500,0.2527141,0.4464634,0.2559093,0.0020008
28,1.866667,0.2527067,0.4464634,0.2559093,0.0020008
28,1.870833,0.2526990,0.4464634,0.2559093,0.0020008
28,1.875000,0.2526914,0.4464634,0.2559093,0.0020008
28,1.879167,0.2526832,0.4464634,0.2559093,0.0020008
28,1.883333,0.2526752,0.4464633,0.2559093,0.0020008
28,1.887500,0.2526668,0.4464633,0.2559093,0.0020008
28,1.891667,0.2526585,0.4464633,0.2559093,0.0020008
28,1.895833,0.2526498,0.4464633,0.2559093,0.0020008
28,1.900000,0.2526412,0.4464632,0.2559093,0.0020008
28,1.904167,0.2526322,0.4464633,0.2559093,0.0020008
28,1.908333,0.2526233,0.4464633,0.2559093,0.0020008
28,1.912500,0.2526140,0.4464634,0.2559093,0.0020008
28,1.916667,0.2526048,0.4464633,0.2559093,0.0020008
28,1.920833,0.2525951,0.4464634,0.2559093,0.0020008
28,1.925000,0.2525855,0.4464633,0.2559093,0.0020008
28,1.929167,0.2525756,0.4464633,0.2559093,0.0020008
28,1.933333,0.2525658,0.4464633,0.2559093,0.0020008
28,1.937500,0.2525555,0.4464633,0.2559093,0.0020008
28,1.941667,0.2525454,0.4464633,0.2559093,0.0020008
28,1.945833,0.2525349,0.4464632,0.2559093,0.0020008
28,1.950000,0.2525245,0.4464633,0.2559093,0.0020008
28,1.954167,0.2525137,0.4464633,0.2559093,0.0020008
28,1.958333,0.2525031,0.4464633,0.2559093,0.0020008
28,1.962500,0.2524920,0.4464633,0.2559093,0.0020008
28,1.966667,0.2524811,0.4464633,0.2559093,0.0020008
28,1.970833,0.2524698,0.4464634,0.2559093,0.0020008
28,1.975000,0.2524586,0.4464633,0.2559093,0.0020008
28,1.979167,0.2524469,0.4464633,0.2559093,0.0020008
28,1.983333,0.2524354,0.4464632,0.2559093,0.0020008
28,1.987500,0.2524236,0.4464632,0.2559093,0.0020008
28,1.991667,0.2524119,0.4464633,0.2559093,0.0020008
28,1.995833,0.2523998,0.4464633,0.2559093,0.0020008
28,2.000000,0.2523877,0.4464633,0.2559093,0.0020008
28,2.004167,0.2523754,0.4464633,0.2559093,0.0020008
28,2.008333,0.2523632,0.4464633,0.2559093,0.0020008
28,2.012500,0.2523505,0.4464633,0.2559093,0.0020008
28,2.016667,0.2523380,0.4464633,0.2559093,0.0020008
28,2.020833,0.2523252,0.4464633,0.2559093,0.0020008
28,2.025000,0.2523125,0.4464633,0.2559093,0.0020008
28,2.029167,0.2522994,0.4464633,0.2559093,0.0020008
28,2.033333,0.2522864,0.4464633,0.2559093,0.0020008
28,2.037500,0.2522731,0.4464634,0.2559093,0.0020008
28,2.041667,0.2522599,0.4464633,0.2559093,0.0020008
28,2.045833,0.2522464,0.4464633,0.2559093,0.0020008
28,2.050000,0.2522329,0.4464634,0.2559093,0.0020008
28,2.054167,0.2522191,0.4464633,0.2559093,0.0020008
28,2.058333,0.2522055,0.4464633,0.2559093,0.0020008
28,2.062500,0.2521915,0.4464633,0.2559093,0.0020008
28,2.066667,0.2521776,0.4464632,0.2559093,0.0020008
28,2.070833,0.2521634,0.4464632,0.2559093,0.0020008
28,2.075000,0.2521493,0.4464633,0.2559093,0.0020008
28,2.079167,0.2521349,0.4464633,0.2559093,0.0020008
28,2.083333,0.2521206,0.4464633,0.2559093,0.0020008
28,2.087500,0.2521060,0.4464633,0.2559093,0.0020008
28,2.091667,0.2520915,0.4464632,0.2559093,0.0020008
28,2.095833,0.2520767,0.4464633,0.2559093,0.0020008
28,2.100000,0.2520621,0.4464632,0.2559093,0.0020008
28,2.104167,0.2520471,0.4464632,0.2559093,0.0020008
28,2.108333,0.2520322,0.4464633,0.2559093,0.0020008
28,2.112500,0.2520170,0.4464633,0.2559093,0.0020008
28,2.116667,0.2520019,0.4464633,0.2559093,0.0020008
28,2.120833,0.2519866,0.4464633,0.2559093,0.0020008
28,2.125000,0.2519713,0.4464633,0.2559093,0.0020008
28,2.129167,0.2519558,0.4464633,0.2559093,0.0020008
28,2.133333,0.2519403,0.4464632,0.2559093,0.0020008
28,2.137500,0.2519246,0.4464633,0.2559093,0.0020008
28,2.141667,0.2519090,0.4464633,0.2559093,0.0020008
28,2.145833,0.2518931,0.4464633,0.2559093,0.0020008
28,2.150000,0.2518773,0.4464633,0.2559093,0.0020008
28,2.154167,0.2518613,0.4464633,0.2559093,0.0020008
28,2.158333,0.2518453,0.4464633,0.2559093,0.0020008
28,2.162500,0.2518291,0.4464633,0.2559093,0.0020008
28,2.166667,0.2518130,0.4464633,0.2559093,0.0020008
28,2.170833,0.2517967,0.4464633,0.2559093,0.0020008
28,2.175000,0.2517804,0.4464633,0.2559093,0.0020008
28,2.179167,0.2517639,0.4464632,0.2559093,0.0020008
28,2.183333,0.2517474,0.4464633,0.2559093,0.0020008
28,2.187500,0.2517308,0.4464633,0.2559093,0.0020008
28,2.191667,0.2517142,0.4464633,0.2559093,0.0020008
28,2.195833,0.2516974,0.4464633,0.2559093,0.0020008
28,2.200000,0.2516806,0.4464633,0.2559093,0.0020008
28,2.204167,0.2516637,0.4464633,0.2559093,0.0020008
28,2.208333,0.2516469,0.4464633,0.2559093,0.0020008
28,2.212500,0.2516298,0.4464633,0.2559093,0.0020008
28,2.216667,0.2516128,0.4464633,0.2559093,0.0020008
28,2.220833,0.2515956,0.4464633,0.2559093,0.0020008
28,2.225000,0.2515785,0.4464633,0.2559093,0.0020008
28,2.229167,0.2515611,0.4464633,0.2559093,0.0020008
28,2.233333,0.2515439,0.4464633,0.2559093,0.0020008
28,2.237500,0.2515264,0.4464634,0.2559093,0.0020008
28,2.241667,0.2515090,0.4464633,0.2559093,0.0020008
28,2.245833,0.2514915,0.4464632,0.2559093,0.0020008
28,2.250000,0.2514740,0.4464634,0.2559093,0.0020008
28,2.254167,0.2514563,0.4464633,0.2559093,0.0020008
28,2.258333,0.2514386,0.4464633,0.2559093,0.0020008
28,2.262500,0.2514208,0.4464633,0.2559093,0.0020008
28,2.266667,0.2514030,0.4464633,0.2559093,0.0020008
28,2.270833,0.2513852,0.4464633,0.2559093,0.0020008
28,2.275000,0.2513673,0.4464633,0.2559093,0.0020008
28,2.279167,0.2513493,0.4464633,0.2559093,0.0020008
28,2.283333,0.2513313,0.4464633,0.2559093,0.0020008
28,2.287500,0.2513132,0.4464634,0.2559093,0.0020008
28,2.291667,0.2512952,0.4464632,0.2559093,0.0020008
28,2.295833,0.2512770,0.4464633,0.2559093,0.0020008
28,2.300000,0.2512588,0.4464633,0.2559093,0.0020008
28,2.304167,0.2512406,0.4464633,0.2559093,0.0020008
28,2.308333,0.2512223,0.4464633,0.2559093,0.0020008
28,2.312500,0.2512039,0.4464632,0.2559093,0.0020008
28,2.316667,0.2511856,0.4464632,0.2559093,0.0020008
28,2.320833,0.2511671,0.4464633,0.2559093,0.0020008
28,2.325000,0.2511487,0.4464633,0.2559093,0.0020008
28,2.329167,0.2511301,0.4464633,0.2559093,0.0020008
28,2.333333,0.2511116,0.4464633,0.2559093,0.0020008
28,2.337500,0.2510929,0.4464633,0.2559093,0.0020008
28,2.341667,0.2510744,0.4464633,0.2559093,0.0020008
28,2.345833,0.2510557,0.4464633,0.2559093,0.0020008
28,2.350000,0.2510370,0.4464633,0.2559093,0.0020008
28,2.354167,0.2510182,0.4464633,0.2559093,0.0020008
28,2.358333,0.2509995,0.4464633,0.2559093,0.0020008
28,2.362500,0.2509806,0.4464632,0.2559093,0.0020008
28,2.366667,0.2509618,0.4464633,0.2559093,0.0020008
28,2.370833,0.2509429,0.4464633,0.2559093,0.0020008
28,2.375000,0.2509240,0.4464633,0.2559093,0.0020008
28,2.379167,0.2509050,0.4464633,0.2559093,0.0020008
28,2.383333,0.2508861,0.4464633,0.2559093,0.0020008
28,2.387500,0.2508671,0.4464634,0.2559093,0.0020008
28,2.391667,0.2508481,0.4464633,0.2559093,0.0020008
28,2.395833,0.2508290,0.4464633,0.2559093,0.0020008
28,2.400000,0.2508098,0.4464633,0.2559093,0.0020008
28,2.404167,0.2507907,0.4464633,0.2559093,0.0020008
28,2.408333,0.2507716,0.4464634,0.2559093,0.0020008
28,2.412500,0.2507524,0.4464634,0.2559093,0.0020008
28,2.416667,0.2507332,0.4464633,0.2559093,0.0020008
28,2.420833,0.2507140,0.4464633,0.2559093,0.0020008
28,2.425000,0.2506948,0.4464633,0.2559093,0.0020008
28,2.429167,0.2506754,0.4464633,0.2559093,0.0020008
28,2.433333,0.2506561,0.4464633,0.2559093,0.0020008
28,2.437500,0.2506368,0.4464633,0.2559093,0.0020008
28,2.441667,0.2506175,0.4464633,0.2559093,0.0020008
28,2.445833,0.2505981,0.4464634,0.2559093,0.0020008
28,2.450000,0.2505788,0.4464633,0.2559093,0.0020008
28,2.454167,0.2505594,0.4464634,0.2559093,0.0020008
28,2.458333,0.2505399,0.4464634,0.2559093,0.0020008
28,2.462500,0.2505205,0.4464634,0.2559093,0.0020008
28,2.466667,0.2505010,0.4464634,0.2559093,0.0020008
28,2.470833,0.2504815,0.4464633,0.2559093,0.0020008
28,2.475000,0.2504621,0.4464634,0.2559093,0.0020008
28,2.479167,0.2504425,0.4464633,0.2559093,0.0020008
28,2.483333,0.2504230,0.4464633,0.2559093,0.0020008
28,2.487500,0.2504034,0.4464633,0.2559093,0.0020008
28,2.491667,0.2503839,0.4464634,0.2559093,0.0020008
28,2.495833,0.2503643,0.4464634,0.2559093,0.0020008
28,2.500000,0.2503448,0.4464633,0.2559093,0.0020008
28,2.504167,0.2503252,0.4464633,0.2559093,0.0020008
28,2.508333,0.2503056,0.4464633,0.2559093,0.0020008
28,2.512500,0.2502860,0.4464633,0.2559093,0.0020008
28,2.516667,0.2502664,0.4464633,0.2559093,0.0020008
28,2.520833,0.2502467,0.4464633,0.2559093,0.0020008
28,2.525000,0.2502271,0.4464633,0.2559093,0.0020008
28,2.529167,0.2502075,0.4464633,0.2559093,0.0020008
28,2.533333,0.2501878,0.4464633,0.2559093,0.0020008
28,2.537500,0.2501681,0.4464632,0.2559093,0.0020008
28,2.541667,0.2501484,0.4464633,0.2559093,0.0020008
28,2.545833,0.2501287,0.4464633,0.2559093,0.0020008
28,2.550000,0.2501090,0.4464633,0.2559093,0.0020008
28,2.554167,0.2500893,0.4464633,0.2559093,0.0020008
28,2.558333,0.2500697,0.4464633,0.2559093,0.0020008
28,2.562500,0.2500500,0.4464633,0.2559093,0.0020008
28,2.566667,0.2500302,0.4464632,0.2559093,0.0020008
28,2.570833,0.2500105,0.4464633,0.2559093,0.0020008
28,2.575000,0.2499908,0.4464632,0.2559093,0.0020008
28,2.579167,0.2499711,0.4464632,0.2559093,0.0020008
28,2.583333,0.2499514,0.4464633,0.2559093,0.0020008
28,2.587500,0.2499316,0.4464633,0.2559093,0.0020008
28,2.591667,0.2499118,0.4464632,0.2559093,0.0020008
28,2.595833,0.2498921,0.4464632,0.2559093,0.0020008
28,2.600000,0.2498724,0.4464633,0.2559093,0.0020008
28,2.604167,0.2498526,0.4464633,0.2559093,0.0020008
28,2.608333,0.2498329,0.4464632,0.2559093,0.0020008
28,2.612500,0.2498132,0.4464633,0.2559093,0.0020008
28,2.616667,0.2497935,0.4464634,0.2559093,0.0020008
28,2.620833,0.2497738,0.4464632,0.2559093,0.0020008
28,2.625000,0.2497541,0.4464633,0.2559093,0.0020008
28,2.629167,0.2497343,0.4464633,0.2559093,0.0020008
28,2.633333,0.2497145,0.4464633,0.2559093,0.0020008
28,2.637500,0.2496948,0.4464633,0.2559093,0.0020008
28,2.641667,0.2496751,0.4464633,0.2559093,0.0020008
28,2.645833,0.2496554,0.4464632,0.2559093,0.0020008
28,2.650000,0.2496356,0.4464633,0.2559093,0.0020008
28,2.654167,0.2496159,0.4464634,0.2559093,0.0020008
28,2.658333,0.2495961,0.4464633,0.2559093,0.0020008
28,2.662500,0.2495765,0.4464633,0.2559093,0.0020008
28,2.666667,0.2495567,0.4464633,0.2559093,0.0020008
28,2.670833,0.2495370,0.4464633,0.2559093,0.0020008
28,2.675000,0.2495173,0.4464633,0.2559093,0.0020008
28,2.679167,0.2494976,0.4464633,0.2559093,0.0020008
28,2.683333,0.2494779,0.4464633,0.2559093,0.0020008
28,2.687500,0.2494583,0.4464633,0.2559093,0.0020008
28,2.691667,0.2494386,0.4464633,0.2559093,0.0020008
28,2.695833,0.2494189,0.4464633,0.2559093,0.0020008
28,2.700000,0.2493992,0.4464633,0.2559093,0.0020008
28,2.704167,0.2493796,0.4464633,0.2559093,0.0020008
28,2.708333,0.2493600,0.4464633,0.2559093,0.0020008
28,2.712500,0.2493404,0.4464632,0.2559093,0.0020008
28,2.716667,0.2493207,0.4464633,0.2559093,0.0020008
28,2.720833,0.2493011,0.4464633,0.2559093,0.0020008
28,2.725000,0.2492815,0.4464632,0.2559093,0.0020008
28,2.729167,0.2492619,0.4464632,0.2559093,0.0020008
28,2.733333,0.2492423,0.4464633,0.2559093,0.0020008
28,2.737500,0.2492227,0.4464633,0.2559093,0.0020008
28,2.741667,0.2492031,0.4464633,0.2559093,0.0020008
28,2.745833,0.2491836,0.4464634,0.2559093,0.0020008
28,2.750000,0.2491641,0.4464634,0.2559093,0.0020008
28,2.754167,0.2491446,0.4464633,0.2559093,0.0020008
28,2.758333,0.2491251,0.4464633,0.2559093,0.0020008
28,2.762500,0.2491055,0.4464633,0.2559093,0.0020008
28,2.766667,0.2490859,0.4464633,0.2559093,0.0020008
28,2.770833,0.2490665,0.4464633,0.2559093,0.0020008
28,2.775000,0.2490470,0.4464633,0.2559093,0.0020008
28,2.779167,0.2490275,0.4464633,0.2559093,0.0020008
28,2.783333,0.2490080,0.4464633,0.2559093,0.0020008
28,2.787500,0.2489886,0.4464633,0.2559093,0.0020008
28,2.791667,0.2489692,0.4464634,0.2559093,0.0020008
28,2.795833,0.2489498,0.4464634,0.2559093,0.0020008
28,2.800000,0.2489304,0.4464634,0.2559093,0.0020008
28,2.804167,0.2489109,0.4464634,0.2559093,0.0020008
28,2.808333,0.2488915,0.4464634,0.2559093,0.0020008
28,2.812500,0.2488722,0.4464633,0.2559093,0.0020008
28,2.816667,0.2488528,0.4464634,0.2559093,0.0020008
28,2.820833,0.2488335,0.4464633,0.2559093,0.0020008
28,2.825000,0.2488142,0.4464633,0.2559093,0.0020008
28,2.829167,0.2487949,0.4464633,0.2559093,0.0020008
28,2.833333,0.2487756,0.4464633,0.2559093,0.0020008
28,2.837500,0.2487563,0.4464633,0.2559093,0.0020008
28,2.841667,0.2487370,0.4464634,0.2559093,0.0020008
28,2.845833,0.2487178,0.4464634,0.2559093,0.0020008
28,2.850000,0.2486986,0.4464633,0.2559093,0.0020008
28,2.854167,0.2486794,0.4464633,0.2559093,0.0020008
28,2.858333,0.2486602,0.4464633,0.2559093,0.0020008
28,2.862500,0.2486410,0.4464634,0.2559093,0.0020008
28,2.866667,0.2486218,0.4464633,0.2559093,0.0020008
28,2.870833,0.2486027,0.4464633,0.2559093,0.0020008
28,2.875000,0.2485836,0.4464633,0.2559093,0.0020008
28,2.879167,0.2485645,0.4464633,0.2559093,0.0020008
28,2.883333,0.2485453,0.4464633,0.2559093,0.0020008
28,2.887500,0.2485262,0.4464632,0.2559093,0.0020008
28,2.891667,0.2485072,0.4464633,0.2559093,0.0020008
28,2.895833,0.2484881,0.4464634,0.2559093,0.0020008
28,2.900000,0.2484691,0.4464633,0.2559093,0.0020008
28,2.904167,0.2484501,0.4464634,0.2559093,0.0020008
28,2.908333,0.2484310,0.4464633,0.2559093,0.0020008
28,2.912500,0.2484121,0.4464633,0.2559093,0.0020008
28,2.916667,0.2483932,0.4464633,0.2559093,0.0020008
28,2.920833,0.2483743,0.4464632,0.2559093,0.0020008
28,2.925000,0.2483554,0.4464633,0.2559093,0.0020008
28,2.929167,0.2483365,0.4464633,0.2559093,0.0020008
28,2.933333,0.2483176,0.4464633,0.2559093,0.0020008
28,2.937500,0.2482988,0.4464633,0.2559093,0.0020008
28,2.941667,0.2482800,0.4464634,0.2559093,0.0020008
28,2.945833,0.2482612,0.4464633,0.2559093,0.0020008
28,2.950000,0.2482423,0.4464633,0.2559093,0.0020008
28,2.954167,0.2482236,0.4464633,0.2559093,0.0020008
28,2.958333,0.2482048,0.4464634,0.2559093,0.0020008
28,2.962500,0.2481861,0.4464633,0.2559093,0.0020008
28,2.966667,0.2481673,0.4464633,0.2559093,0.0020008
28,2.970833,0.2481486,0.4464633,0.2559093,0.0020008
28,2.975000,0.2481299,0.4464633,0.2559093,0.0020008
28,2.979167,0.2481113,0.4464633,0.2559093,0.0020008
28,2.983333,0.2480927,0.4464632,0.2559093,0.0020008
28,2.987500,0.2480741,0.4464633,0.2559093,0.0020008
28,2.991667,0.2480555,0.4464634,0.2559093,0.0020008
28,2.995833,0.2480370,0.4464634,0.2559093,0.0020008
28,3.000000,0.2480184,0.4464633,0.2559093,0.0020008
28,3.004167,0.2479999,0.4464633,0.2559093,0.0020008
28,3.008333,0.2479814,0.4464633,0.2559093,0.0020008
28,3.012500,0.2479630,0.4464633,0.2559093,0.0020008
28,3.016667,0.2479446,0.4464633,0.2559093,0.0020008
28,3.020833,0.2479261,0.4464633,0.2559093,0.0020008
28,3.025000,0.2479077,0.4464633,0.2559093,0.0020008
28,3.029167,0.2478893,0.4464633,0.2559093,0.0020008
28,3.033333,0.2478710,0.4464633,0.2559093,0.0020008
28,3.037500,0.2478526,0.4464633,0.2559093,0.0020008
28,3.041667,0.2478343,0.4464633,0.2559093,0.0020008
28,3.045833,0.2478161,0.4464633,0.2559093,0.0020008
28,3.050000,0.2477978,0.4464633,0.2559093,0.0020008
28,3.054167,0.2477795,0.4464632,0.2559093,0.0020008
28,3.058333,0.2477612,0.4464633,0.2559093,0.0020008
28,3.062500,0.2477431,0.4464633,0.2559093,0.0020008
28,3.066667,0.2477250,0.4464633,0.2559093,0.0020008
28,3.070833,0.2477068,0.4464633,0.2559093,0.0020008
28,3.075000,0.2476887,0.4464633,0.2559093,0.0020008
28,3.079167,0.2476707,0.4464633,0.2559093,0.0020008
28,3.083333,0.2476527,0.4464633,0.2559093,0.0020008
28,3.087500,0.2476347,0.4464633,0.2559093,0.0020008
28,3.091667,0.2476166,0.4464633,0.2559093,0.0020008
28,3.095833,0.2475987,0.4464633,0.2559093,0.0020008
28,3.100000,0.2475807,0.4464633,0.2559093,0.0020008
28,3.104167,0.2475628,0.4464633,0.2559093,0.0020008
28,3.108333,0.2475449,0.4464632,0.2559093,0.0020008
28,3.112500,0.2475270,0.4464633,0.2559093,0.0020008
28,3.116667,0.2475092,0.4464633,0.2559093,0.0020008
28,3.120833,0.2474914,0.4464633,0.2559093,0.0020008
28,3.125000,0.2474736,0.4464633,0.2559093,0.0020008
28,3.129167,0.2474559,0.4464633,0.2559093,0.0020008
28,3.133333,0.2474381,0.4464632,0.2559093,0.0020008
28,3.137500,0.2474204,0.4464633,0.2559093,0.0020008
28,3.141667,0.2474028,0.4464634,0.2559093,0.0020008
28,3.145833,0.2473852,0.4464634,0.2559093,0.0020008
28,3.150000,0.2473676,0.4464633,0.2559093,0.0020008
28,3.154167,0.2473500,0.4464633,0.2559093,0.0020008
28,3.158333,0.2473324,0.4464633,0.2559093,0.0020008
28,3.162500,0.2473149,0.4464633,0.2559093,0.0020008
28,3.166667,0.2472974,0.4464633,0.2559093,0.0020008
28,3.170833,0.2472800,0.4464633,0.2559093,0.0020008
28,3.175000,0.2472625,0.4464633,0.2559093,0.0020008
28,3.179167,0.2472451,0.4464633,0.2559093,0.0020008
28,3.183333,0.2472278,0.4464633,0.2559093,0.0020008
28,3.187500,0.2472105,0.4464633,0.2559093,0.0020008
28,3.191667,0.2471931,0.4464632,0.2559093,0.0020008
28,3.195833,0.2471759,0.4464633,0.2559093,0.0020008
28,3.200000,0.2471587,0.4464633,0.2559093,0.0020008
28,3.204167,0.2471415,0.4464633,0.2559093,0.0020008
28,3.208333,0.2471243,0.4464633,0.2559093,0.0020008
28,3.212500,0.2471073,0.4464632,0.2559093,0.0020008
28,3.216667,0.2470902,0.4464634,0.2559093,0.0020008
28,3.220833,0.2470732,0.4464632,0.2559093,0.0020008
28,3.225000,0.2470561,0.4464634,0.2559093,0.0020008
28,3.229167,0.2470391,0.4464634,0.2559093,0.0020008
28,3.233333,0.2470221,0.4464633,0.2559093,0.0020008
28,3.237500,0.2470053,0.4464634,0.2559093,0.0020008
28,3.241667,0.2469884,0.4464633,0.2559093,0.0020008
28,3.245833,0.2469716,0.4464633,0.2559093,0.0020008
28,3.250000,0.2469547,0.4464633,0.2559093,0.0020008
28,3.254167,0.2469379,0.4464633,0.2559093,0.0020008
28,3.258333,0.2469212,0.4464633,0.2559093,0.0020008
28,3.262500,0.2469046,0.4464633,0.2559093,0.0020008
28,3.266667,0.2468878,0.4464633,0.2559093,0.0020008
28,3.270833,0.2468713,0.4464633,0.2559093,0.0020008
28,3.275000,0.2468547,0.4464634,0.2559093,0.0020008
28,3.279167,0.2468382,0.4464633,0.2559093,0.0020008
28,3.283333,0.2468217,0.4464634,0.2559093,0.0020008
28,3.287500,0.2468053,0.4464634,0.2559093,0.0020008
28,3.291667,0.2467888,0.4464633,0.2559093,0.0020008
28,3.295833,0.2467725,0.4464633,0.2559093,0.0020008
28,3.300000,0.2467560,0.4464633,0.2559093,0.0020008
28,3.304167,0.2467397,0.4464633,0.2559093,0.0020008
28,3.308333,0.2467235,0.4464633,0.2559093,0.0020008
28,3.312500,0.2467073,0.4464633,0.2559093,0.0020008
28,3.316667,0.2466910,0.4464633,0.2559093,0.0020008
28,3.320833,0.2466750,0.4464633,0.2559093,0.0020008
28,3.325000,0.2466588,0.4464633,0.2559093,0.0020008
28,3.329167,0.2466429,0.4464632,0.2559093,0.0020008
28,3.333333,0.2466269,0.4464633,0.2559093,0.0020008
28,3.337500,0.2466110,0.4464633,0.2559093,0.0020008
28,3.341667,0.2465950,0.4464633,0.2559093,0.0020008
28,3.345833,0.2465792,0.4464633,0.2559093,0.0020008
28,3.350000,0.2465633,0.4464633,0.2559093,0.0020008
28,3.354167,0.2465476,0.4464633,0.2559093,0.0020008
28,3.358333,0.2465318,0.4464633,0.2559093,0.0020008
28,3.362500,0.2465162,0.4464633,0.2559093,0.0020008
28,3.366667,0.2465006,0.4464633,0.2559093,0.0020008
28,3.370833,0.2464850,0.4464634,0.2559093,0.0020008
28,3.375000,0.2464694,0.4464634,0.2559093,0.0020008
28,3.379167,0.2464540,0.4464634,0.2559093,0.0020008
28,3.383333,0.2464385,0.4464633,0.2559093,0.0020008
28,3.387500,0.2464232,0.4464633,0.2559093,0.0020008
28,3.391667,0.2464078,0.4464633,0.2559093,0.0020008
28,3.395833,0.2463926,0.4464633,0.2559093,0.0020008
28,3.400000,0.2463774,0.4464633,0.2559093,0.0020008
28,3.404167,0.2463622,0.4464633,0.2559093,0.0020008
28,3.408333,0.2463470,0.4464633,0.2559093,0.0020008
28,3.412500,0.2463320,0.4464633,0.2559093,0.0020008
28,3.416667,0.2463169,0.4464633,0.2559093,0.0020008
28,3.420833,0.2463021,0.4464633,0.2559093,0.0020008
28,3.425000,0.2462871,0.4464633,0.2559093,0.0020008
28,3.429167,0.2462724,0.4464633,0.2559093,0.0020008
28,3.433333,0.2462575,0.4464633,0.2559093,0.0020008
28,3.437500,0.2462428,0.4464633,0.2559093,0.0020008
28,3.441667,0.2462280,0.4464633,0.2559093,0.0020008
28,3.445833,0.2462135,0.4464633,0.2559093,0.0020008
28,3.450000,0.2461988,0.4464632,0.2559093,0.0020008
28,3.454167,0.2461844,0.4464633,0.2559093,0.0020008
28,3.458333,0.2461699,0.4464633,0.2559093,0.0020008
28,3.462500,0.2461556,0.4464633,0.2559093,0.0020008
28,3.466667,0.2461412,0.4464633,0.2559093,0.0020008
28,3.470833,0.2461270,0.4464632,0.2559093,0.0020008
28,3.475000,0.2461128,0.4464633,0.2559093,0.0020008
28,3.479167,0.2460987,0.4464632,0.2559093,0.0020008
28,3.483333,0.2460845,0.4464632,0.2559093,0.0020008
28,3.487500,0.2460706,0.4464633,0.2559093,0.0020008
28,3.491667,0.2460566,0.4464633,0.2559093,0.0020008
28,3.495833,0.2460427,0.4464633,0.2559093,0.0020008
28,3.500000,0.2460289,0.4464633,0.2559093,0.0020008
28,3.504167,0.2460152,0.4464633,0.2559093,0.0020008
28,3.508333,0.2460015,0.4464633,0.2559093,0.0020008
28,3.512500,0.2459880,0.4464633,0.2559093,0.0020008
28,3.516667,0.2459743,0.4464633,0.2559093,0.0020008
28,3.520833,0.2459609,0.4464633,0.2559093,0.0020008
28,3.525000,0.2459474,0.4464633,0.2559093,0.0020008
28,3.529167,0.2459341,0.4464633,0.2559093,0.0020008
28,3.533333,0.2459208,0.4464633,0.2559093,0.0020008
28,3.537500,0.2459077,0.4464632,0.2559093,0.0020008
28,3.541667,0.2458945,0.4464633,0.2559093,0.0020008
28,3.545833,0.2458815,0.4464634,0.2559093,0.0020008
28,3.550000,0.2458685,0.4464633,0.2559093,0.0020008
28,3.554167,0.2458557,0.4464633,0.2559093,0.0020008
28,3.558333,0.2458428,0.4464633,0.2559093,0.0020008
28,3.562500,0.2458301,0.4464633,0.2559093,0.0020008
28,3.566667,0.2458173,0.4464633,0.2559093,0.0020008
28,3.570833,0.2458047,0.4464633,0.2559093,0.0020008
28,3.575000,0.2457921,0.4464632,0.2559093,0.0020008
28,3.579167,0.2457798,0.4464633,0.2559093,0.0020008
28,3.583333,0.2457673,0.4464633,0.2559093,0.0020008
28,3.587500,0.2457551,0.4464633,0.2559093,0.0020008
28,3.591667,0.2457428,0.4464632,0.2559093,0.0020008
28,3.595833,0.2457308,0.4464632,0.2559093,0.0020008
28,3.600000,0.2457187,0.4464634,0.2559093,0.0020008
28,3.604167,0.2457068,0.4464633,0.2559093,0.0020008
28,3.608333,0.2456948,0.4464633,0.2559093,0.0020008
28,3.612500,0.2456831,0.4464633,0.2559093,0.0020008
28,3.616667,0.2456713,0.4464633,0.2559093,0.0020008
28,3.620833,0.2456598,0.4464633,0.2559093,0.0020008
28,3.625000,0.2456482,0.4464633,0.2559093,0.0020008
28,3.629167,0.2456368,0.4464633,0.2559093,0.0020008
28,3.633333,0.2456254,0.4464633,0.2559093,0.0020008
28,3.637500,0.2456142,0.4464633,0.2559093,0.0020008
28,3.641667,0.2456029,0.4464634,0.2559093,0.0020008
28,3.645833,0.2455920,0.4464633,0.2559093,0.0020008
28,3.650000,0.2455809,0.4464633,0.2559093,0.0020008
28,3.654167,0.2455701,0.4464633,0.2559093,0.0020008
28,3.658333,0.2455592,0.4464633,0.2559093,0.0020008
28,3.662500,0.2455485,0.4464633,0.2559093,0.0020008
28,3.666667,0.2455378,0.4464633,0.2559093,0.0020008
28,3.670833,0.2455274,0.4464633,0.2559093,0.0020008
28,3.675000,0.2455169,0.4464633,0.2559093,0.0020008
28,3.679167,0.2455066,0.4464633,0.2559093,0.0020008
28,3.683333,0.2454963,0.4464633,0.2559093,0.0020008
28,3.687500,0.2454863,0.4464633,0.2559093,0.0020008
28,3.691667,0.2454762,0.4464633,0.2559093,0.0020008
28,3.695833,0.2454663,0.4464633,0.2559093,0.0020008
28,3.700000,0.2454564,0.4464634,0.2559093,0.0020008
28,3.704167,0.2454468,0.4464633,0.2559093,0.0020008
28,3.708333,0.2454371,0.4464633,0.2559093,0.0020008
28,3.712500,0.2454276,0.4464633,0.2559093,0.0020008
28,3.716667,0.2454181,0.4464633,0.2559093,0.0020008
28,3.720833,0.2454089,0.4464633,0.2559093,0.0020008
28,3.725000,0.2453996,0.4464633,0.2559093,0.0020008
28,3.729167,0.2453907,0.4464634,0.2559093,0.0020008
28,3.733333,0.2453815,0.4464633,0.2559093,0.0020008
28,3.737500,0.2453728,0.4464633,0.2559093,0.0020008
28,3.741667,0.2453640,0.4464633,0.2559093,0.0020008
28,3.745833,0.2453554,0.4464633,0.2559093,0.0020008
28,3.750000,0.2453467,0.4464633,0.2559093,0.0020008
28,3.754167,0.2453384,0.4464633,0.2559093,0.0020008
28,3.758333,0.2453300,0.4464632,0.2559093,0.0020008
28,3.762500,0.2453220,0.4464632,0.2559093,0.0020008
28,3.766667,0.2453138,0.4464633,0.2559093,0.0020008
28,3.770833,0.2453059,0.4464633,0.2559093,0.0020008
28,3.775000,0.2452980,0.4464633,0.2559093,0.0020008
28,3.779167,0.2452904,0.4464633,0.2559093,0.0020008
28,3.783333,0.2452827,0.4464633,0.2559093,0.0020008
28,3.787500,0.2452753,0.4464633,0.2559093,0.0020008
28,3.791667,0.2452678,0.4464633,0.2559093,0.0020008
28,3.795833,0.2452607,0.4464633,0.2559093,0.0020008
28,3.800000,0.2452535,0.4464632,0.2559093,0.0020008
28,3.804167,0.2452466,0.4464633,0.2559093,0.0020008
28,3.808333,0.2452396,0.4464632,0.2559093,0.0020008
28,3.812500,0.2452330,0.4464633,0.2559093,0.0020008
28,3.816667,0.2452262,0.4464634,0.2559093,0.0020008
28,3.820833,0.2452199,0.4464632,0.2559093,0.0020008
28,3.825000,0.2452135,0.4464634,0.2559093,0.0020008
28,3.829167,0.2452074,0.4464633,0.2559093,0.0020008
28,3.833333,0.2452012,0.4464633,0.2559093,0.0020008
28,3.837500,0.2451953,0.4464633,0.2559093,0.0020008
28,3.841667,0.2451894,0.4464633,0.2559093,0.0020008
28,3.845833,0.2451838,0.4464633,0.2559093,0.0020008
28,3.850000,0.2451781,0.4464633,0.2559093,0.0020008
28,3.854167,0.2451729,0.4464633,0.2559093,0.0020008
28,3.858333,0.2451674,0.4464633,0.2559093,0.0020008
28,3.862500,0.2451624,0.4464633,0.2559093,0.0020008
28,3.866667,0.2451573,0.4464633,0.2559093,0.0020008
28,3.870833,0.2451525,0.4464633,0.2559093,0.0020008
28,3.875000,0.2451477,0.4464633,0.2559093,0.0020008
28,3.879167,0.2451433,0.4464633,0.2559093,0.0020008
28,3.883333,0.2451386,0.4464633,0.2559093,0.0020008
28,3.887500,0.2451345,0.4464633,0.2559093,0.0020008
28,3.891667,0.2451302,0.4464633,0.2559093,0.0020008
28,3.895833,0.2451263,0.4464634,0.2559093,0.0020008
28,3.900000,0.2451223,0.4464633,0.2559093,0.0020008
28,3.904167,0.2451188,0.4464634,0.2559093,0.0020008
28,3.908333,0.2451150,0.4464633,0.2559093,0.0020008
28,3.912500,0.2451117,0.4464633,0.2559093,0.0020008
28,3.916667,0.2451083,0.4464633,0.2559093,0.0020008
28,3.920833,0.2451054,0.4464633,0.2559093,0.0020008
28,3.925000,0.2451023,0.4464633,0.2559093,0.0020008
28,3.929167,0.2450996,0.4464633,0.2559093,0.0020008
28,3.933333,0.2450968,0.4464633,0.2559093,0.0020008
28,3.937500,0.2450944,0.4464633,0.2559093,0.0020008
28,3.941667,0.2450919,0.4464633,0.2559093,0.0020008
28,3.945833,0.2450899,0.4464633,0.2559093,0.0020008
28,3.950000,0.2450877,0.4464632,0.2559093,0.0020008
28,3.954167,0.2450860,0.4464633,0.2559093,0.0020008
28,3.958333,0.2450841,0.4464633,0.2559093,0.0020008
28,3.962500,0.2450827,0.4464633,0.2559093,0.0020008
28,3.966667,0.2450811,0.4464633,0.2559093,0.0020008
28,3.970833,0.2450800,0.4464633,0.2559093,0.0020008
28,3.975000,0.2450786,0.4464634,0.2559093,0.0020008
28,3.979167,0.2450777,0.4464635,0.2559093,0.0020008
28,3.983333,0.2450765,0.4464634,0.2559093,0.0020008
28,3.987500,0.2450760,0.4464634,0.2559093,0.0020008
28,3.991667,0.2450754,0.4464634,0.2559093,0.0020008
28,3.995833,0.2450756,0.4464634,0.2559093,0.0020008
28,4.000000,0.2450759,0.4464633,0.2559093,0.0020008
