clip,time,pelvis_x,pelvis_y,head_y,head_speed,heel_drift,sole,chest_y
14,0.000000,0.0000000,0.0734999,0.7031239,0.000000,0.0000000,0.0045001,0.2334999
14,0.004167,0.0000000,0.0734999,0.7031239,0.000000,0.0000000,0.0045000,0.2334999
14,0.008333,0.0000000,0.0734999,0.7031239,0.000000,0.0000001,0.0045000,0.2334999
14,0.012500,0.0000000,0.0734999,0.7031239,0.000000,0.0000001,0.0045000,0.2335000
14,0.016667,0.0000000,0.0734999,0.7031240,0.000029,0.0000001,0.0045000,0.2335000
14,0.020833,0.0000000,0.0734999,0.7031241,0.000014,0.0000001,0.0045000,0.2335002
14,0.025000,0.0000000,0.0734999,0.7031243,0.000057,0.0000001,0.0045000,0.2335003
14,0.029167,0.0000000,0.0734999,0.7031247,0.000086,0.0000001,0.0045000,0.2335007
14,0.033333,0.0000000,0.0734999,0.7031251,0.000086,0.0000001,0.0045000,0.2335011
14,0.037500,0.0000000,0.0734999,0.7031259,0.000200,0.0000000,0.0045000,0.2335019
14,0.041667,0.0000000,0.0734999,0.7031267,0.000186,0.0000001,0.0045000,0.2335027
14,0.045833,0.0000000,0.0734999,0.7031280,0.000329,0.0000002,0.0045000,0.2335040
14,0.050000,0.0000000,0.0734999,0.7031294,0.000329,0.0000001,0.0045000,0.2335054
14,0.054167,0.0000000,0.0734999,0.7031315,0.000501,0.0000000,0.0045000,0.2335075
14,0.058333,0.0000000,0.0734999,0.7031336,0.000515,0.0000001,0.0045000,0.2335097
14,0.062500,0.0000000,0.0734999,0.7031368,0.000758,0.0000001,0.0045000,0.2335128
14,0.066667,0.0000000,0.0734999,0.7031398,0.000730,0.0000001,0.0045000,0.2335159
14,0.070833,0.0000000,0.0734999,0.7031441,0.001030,0.0000001,0.0045000,0.2335201
14,0.075000,0.0000000,0.0734999,0.7031484,0.001030,0.0000001,0.0045000,0.2335244
14,0.079167,0.0000000,0.0734999,0.7031540,0.001345,0.0000001,0.0045000,0.2335300
14,0.083333,0.0000000,0.0734999,0.7031597,0.001359,0.0000001,0.0045000,0.2335357
14,0.087500,0.0000000,0.0734999,0.7031669,0.001731,0.0000001,0.0045000,0.2335429
14,0.091667,0.0000000,0.0734999,0.7031741,0.001717,0.0000001,0.0045000,0.2335501
14,0.095833,0.0000000,0.0734999,0.7031830,0.002146,0.0000001,0.0045000,0.2335590
14,0.100000,0.0000000,0.0734999,0.7031918,0.002117,0.0000001,0.0045000,0.2335678
14,0.104167,0.0000000,0.0734999,0.7032025,0.002575,0.0000001,0.0045000,0.2335785
14,0.108333,0.0000000,0.0734999,0.7032133,0.002575,0.0000001,0.0045000,0.2335893
14,0.112500,0.0000000,0.0734999,0.7032260,0.003061,0.0000001,0.0045000,0.2336020
14,0.116667,0.0000000,0.0734999,0.7032387,0.003033,0.0000001,0.0045000,0.2336147
14,0.120833,0.0000000,0.0734999,0.7032534,0.003533,0.0000001,0.0045000,0.2336294
14,0.125000,0.0000000,0.0734999,0.7032681,0.003533,0.0000001,0.0045000,0.2336441
14,0.129167,0.0000000,0.0734999,0.7032850,0.004048,0.0000001,0.0045000,0.2336609
14,0.133333,0.0000000,0.0734999,0.7033017,0.004020,0.0000001,0.0045000,0.2336777
14,0.137500,0.0000000,0.0734999,0.7033206,0.004535,0.0000001,0.0045000,0.2336967
14,0.141667,0.0000000,0.0734999,0.7033395,0.004535,0.0000001,0.0045000,0.2337156
14,0.145833,0.0000000,0.0734999,0.7033606,0.005064,0.0000001,0.0045000,0.2337366
14,0.150000,0.0000000,0.0734999,0.7033815,0.005021,0.0000001,0.0045000,0.2337576
14,0.154167,0.0000000,0.0734999,0.7034047,0.005550,0.0000001,0.0045000,0.2337806
14,0.158333,0.0000000,0.0734999,0.7034277,0.005522,0.0000001,0.0045000,0.2338036
14,0.162500,0.0000000,0.0734999,0.7034526,0.005980,0.0000001,0.0045000,0.2338286
14,0.166667,0.0000000,0.0734999,0.7034776,0.005994,0.0000001,0.0045000,0.2338535
14,0.170833,0.0000000,0.0734999,0.7035043,0.006423,0.0000001,0.0045000,0.2338803
14,0.175000,0.0000000,0.0734999,0.7035311,0.006437,0.0000001,0.0045000,0.2339071
14,0.179167,0.0000000,0.0734999,0.7035595,0.006809,0.0000001,0.0045000,0.2339355
14,0.183333,0.0000000,0.0734999,0.7035879,0.006824,0.0000001,0.0045000,0.2339639
14,0.187500,0.0000000,0.0734999,0.7036178,0.007167,0.0000001,0.0045000,0.2339938
14,0.191667,0.0000000,0.0734999,0.7036477,0.007181,0.0000001,0.0045000,0.2340237
14,0.195833,0.0000000,0.0734999,0.7036788,0.007467,0.0000001,0.0045000,0.2340548
14,0.200000,0.0000000,0.0734999,0.7037100,0.007467,0.0000001,0.0045000,0.2340859
14,0.204167,0.0000000,0.0734999,0.7037421,0.007710,0.0000001,0.0045000,0.2341180
14,0.208333,0.0000000,0.0734999,0.7037742,0.007710,0.0000001,0.0045000,0.2341502
14,0.212500,0.0000000,0.0734999,0.7038071,0.007882,0.0000001,0.0045000,0.2341830
14,0.216667,0.0000000,0.0734999,0.7038398,0.007868,0.0000001,0.0045000,0.2342159
14,0.220833,0.0000000,0.0734999,0.7038732,0.008011,0.0000001,0.0045000,0.2342492
14,0.225000,0.0000000,0.0734999,0.7039064,0.007968,0.0000001,0.0045000,0.2342825
14,0.229167,0.0000000,0.0734999,0.7039400,0.008054,0.0000001,0.0045000,0.2343159
14,0.233333,0.0000000,0.0734999,0.7039734,0.008025,0.0000001,0.0045000,0.2343494
14,0.237500,0.0000000,0.0734999,0.7040067,0.007997,0.0000001,0.0045000,0.2343827
14,0.241667,0.0000000,0.0734999,0.7040401,0.008011,0.0000001,0.0045000,0.2344161
14,0.245833,0.0000000,0.0734999,0.7040730,0.007882,0.0000001,0.0045000,0.2344489
14,0.250000,0.0000000,0.0734999,0.7041059,0.007896,0.0000001,0.0045000,0.2344818
14,0.254167,0.0000000,0.0734999,0.7041380,0.007725,0.0000001,0.0045000,0.2345140
14,0.258333,0.0000000,0.0734999,0.7041702,0.007710,0.0000001,0.0045000,0.2345462
14,0.262500,0.0000000,0.0734999,0.7042015,0.007510,0.0000001,0.0045000,0.2345774
14,0.266667,0.0000000,0.0734999,0.7042327,0.007496,0.0000001,0.0045000,0.2346087
14,0.270833,0.0000000,0.0734999,0.7042627,0.007195,0.0000001,0.0045000,0.2346386
14,0.275000,0.0000000,0.0734999,0.7042927,0.007195,0.0000001,0.0045000,0.2346686
14,0.279167,0.0000000,0.0734999,0.7043211,0.006838,0.0000001,0.0045000,0.2346972
14,0.283333,0.0000000,0.0734999,0.7043498,0.006866,0.0000001,0.0045000,0.2347258
14,0.287500,0.0000000,0.0734999,0.7043768,0.006480,0.0000001,0.0045000,0.2347527
14,0.291667,0.0000000,0.0734999,0.7044037,0.006466,0.0000001,0.0045000,0.2347797
14,0.295833,0.0000000,0.0734999,0.7044289,0.006051,0.0000001,0.0045000,0.2348049
14,0.300000,0.0000000,0.0734999,0.7044542,0.006080,0.0000001,0.0045000,0.2348302
14,0.304167,0.0000000,0.0734999,0.7044777,0.005636,0.0000001,0.0045000,0.2348537
14,0.308333,0.0000000,0.0734999,0.7045012,0.005636,0.0000001,0.0045000,0.2348772
14,0.312500,0.0000000,0.0734999,0.7045230,0.005221,0.0000002,0.0045000,0.2348990
14,0.316667,0.0000000,0.0734999,0.7045448,0.005236,0.0000001,0.0045000,0.2349207
14,0.320833,0.0000000,0.0734999,0.7045649,0.004821,0.0000001,0.0045000,0.2349409
14,0.325000,0.0000000,0.0734999,0.7045850,0.004835,0.0000001,0.0045000,0.2349610
14,0.329167,0.0000000,0.0734999,0.7046037,0.004492,0.0000001,0.0045000,0.2349797
14,0.333333,0.0000000,0.0734999,0.7046224,0.004492,0.0000001,0.0045000,0.2349984
14,0.337500,0.0000000,0.0734999,0.7046400,0.004220,0.0000001,0.0045000,0.2350160
14,0.341667,0.0000000,0.0734999,0.7046577,0.004234,0.0000001,0.0045000,0.2350336
14,0.345833,0.0000000,0.0734999,0.7046745,0.004034,0.0000001,0.0045000,0.2350505
14,0.350000,0.0000000,0.0734999,0.7046915,0.004077,0.0000002,0.0045000,0.2350674
14,0.354167,0.0000000,0.0734999,0.7047081,0.003991,0.0000003,0.0045000,0.2350841
14,0.358333,0.0000000,0.0734999,0.7047248,0.004005,0.0000002,0.0045000,0.2351008
14,0.362500,0.0000000,0.0734999,0.7047413,0.003963,0.0000002,0.0045000,0.2351173
14,0.366667,0.0000000,0.0734999,0.7047579,0.003977,0.0000001,0.0045000,0.2351338
14,0.370833,0.0000000,0.0734999,0.7047743,0.003934,0.0000001,0.0045000,0.2351502
14,0.375000,0.0000000,0.0734999,0.7047907,0.003934,0.0000006,0.0045000,0.2351666
14,0.379167,0.0000000,0.0734999,0.7048069,0.003905,0.0000012,0.0045000,0.2351829
14,0.383333,0.0000000,0.0734999,0.7048231,0.003891,0.0000017,0.0045000,0.2351992
14,0.387500,0.0000000,0.0734999,0.7048392,0.003862,0.0000021,0.0045000,0.2352152
14,0.391667,0.0000000,0.0734999,0.7048554,0.003877,0.0000020,0.0045000,0.2352314
14,0.395833,0.0000000,0.0734999,0.7048713,0.003819,0.0000013,0.0045000,0.2352473
14,0.400000,0.0000000,0.0734999,0.7048873,0.003848,0.0000001,0.0045000,0.2352633
14,0.404167,0.0000000,0.0734999,0.7049031,0.003791,0.0000010,0.0044995,0.2352791
14,0.408333,0.0000000,0.0734999,0.7049189,0.003777,0.0000007,0.0044997,0.2352949
14,0.412500,0.0000000,0.0734999,0.7049345,0.003762,0.0000003,0.0045000,0.2353106
14,0.416667,0.0000000,0.0734999,0.7049502,0.003748,0.0000017,0.0045000,0.2353262
14,0.420833,0.0000000,0.0734999,0.7049657,0.003734,0.0000026,0.0045000,0.2353417
14,0.425000,0.0000000,0.0734999,0.7049812,0.003719,0.0000030,0.0045000,0.2353572
14,0.429167,0.0000000,0.0734999,0.7049965,0.003676,0.0000023,0.0045000,0.2353725
14,0.433333,0.0000000,0.0734999,0.7050119,0.003691,0.0000002,0.0045000,0.2353879
14,0.437500,0.0000000,0.0734999,0.7050271,0.003648,0.0000024,0.0044983,0.2354031
14,0.441667,0.0000000,0.0734999,0.7050423,0.003648,0.0000032,0.0044977,0.2354182
14,0.445833,0.0000000,0.0734999,0.7050573,0.003591,0.0000027,0.0044982,0.2354333
14,0.450000,0.0000000,0.0734999,0.7050723,0.003605,0.0000015,0.0044991,0.2354483
14,0.454167,0.0000000,0.0734999,0.7050872,0.003576,0.0000004,0.0045000,0.2354631
14,0.458333,0.0000000,0.0734999,0.7051020,0.003548,0.0000012,0.0045000,0.2354780
14,0.462500,0.0000000,0.0734999,0.7051167,0.003533,0.0000014,0.0045000,0.2354926
14,0.466667,0.0000000,0.0734999,0.7051313,0.003505,0.0000001,0.0045000,0.2355073
14,0.470833,0.0000000,0.0734999,0.7051458,0.003490,0.0000024,0.0044982,0.2355218
14,0.475000,0.0000000,0.0734999,0.7051604,0.003490,0.0000039,0.0044970,0.2355363
14,0.479167,0.0000000,0.0734999,0.7051746,0.003419,0.0000046,0.0044965,0.2355506
14,0.483333,0.0000000,0.0734999,0.7051890,0.003448,0.0000043,0.0044968,0.2355650
14,0.487500,0.0000000,0.0734999,0.7052031,0.003390,0.0000033,0.0044977,0.2355791
14,0.491667,0.0000000,0.0734999,0.7052173,0.003405,0.0000020,0.0044987,0.2355933
14,0.495833,0.0000000,0.0734999,0.7052312,0.003347,0.0000008,0.0044997,0.2356073
14,0.500000,0.0000000,0.0734999,0.7052452,0.003347,0.0000002,0.0045000,0.2356212
14,0.504167,0.0000000,0.0734999,0.7052590,0.003319,0.0000007,0.0044996,0.2356350
14,0.508333,0.0000000,0.0734999,0.7052729,0.003319,0.0000018,0.0044985,0.2356488
14,0.512500,0.0000000,0.0734999,0.7052865,0.003276,0.0000033,0.0044973,0.2356625
14,0.516667,0.0000000,0.0734999,0.7053001,0.003262,0.0000043,0.0044966,0.2356761
14,0.520833,0.0000000,0.0734999,0.7053135,0.003219,0.0000046,0.0044964,0.2356895
14,0.525000,0.0000000,0.0734999,0.7053269,0.003219,0.0000041,0.0044968,0.2357029
14,0.529167,0.0000000,0.0734999,0.7053401,0.003176,0.0000027,0.0044980,0.2357161
14,0.533333,0.0000000,0.0734999,0.7053533,0.003161,0.0000003,0.0044999,0.2357294
14,0.537500,0.0000000,0.0734999,0.7053664,0.003133,0.0000014,0.0045000,0.2357424
14,0.541667,0.0000000,0.0734999,0.7053794,0.003133,0.0000013,0.0045000,0.2357554
14,0.545833,0.0000000,0.0734999,0.7053923,0.003090,0.0000004,0.0045000,0.2357683
14,0.550000,0.0000000,0.0734999,0.7054051,0.003076,0.0000015,0.0044987,0.2357811
14,0.554167,0.0000000,0.0734999,0.7054178,0.003047,0.0000028,0.0044978,0.2357938
14,0.558333,0.0000000,0.0734999,0.7054304,0.003033,0.0000033,0.0044974,0.2358064
14,0.562500,0.0000000,0.0734999,0.7054430,0.003004,0.0000026,0.0044980,0.2358189
14,0.566667,0.0000000,0.0734999,0.7054553,0.002961,0.0000002,0.0045000,0.2358314
14,0.570833,0.0000000,0.0734999,0.7054676,0.002961,0.0000023,0.0045000,0.2358436
14,0.575000,0.0000000,0.0734999,0.7054799,0.002947,0.0000031,0.0045000,0.2358559
14,0.579167,0.0000000,0.0734999,0.7054919,0.002875,0.0000026,0.0045000,0.2358679
14,0.583333,0.0000000,0.0734999,0.7055041,0.002918,0.0000016,0.0045000,0.2358800
14,0.587500,0.0000000,0.0734999,0.7055159,0.002832,0.0000003,0.0045000,0.2358918
14,0.591667,0.0000000,0.0734999,0.7055277,0.002832,0.0000009,0.0044994,0.2359037
14,0.595833,0.0000000,0.0734999,0.7055393,0.002804,0.0000012,0.0044992,0.2359153
14,0.600000,0.0000000,0.0734999,0.7055510,0.002789,0.0000004,0.0045000,0.2359270
14,0.604167,0.0000000,0.0734999,0.7055624,0.002747,0.0000012,0.0045000,0.2359384
14,0.608333,0.0000000,0.0734999,0.7055739,0.002747,0.0000019,0.0045000,0.2359498
14,0.612500,0.0000000,0.0734999,0.7055851,0.002689,0.0000020,0.0045000,0.2359611
14,0.616667,0.0000000,0.0734999,0.7055963,0.002704,0.0000016,0.0045000,0.2359723
14,0.620833,0.0000000,0.0734999,0.7056073,0.002632,0.0000011,0.0045000,0.2359833
14,0.625000,0.0000000,0.0734999,0.7056183,0.002646,0.0000005,0.0045000,0.2359943
14,0.629167,0.0000000,0.0734999,0.7056291,0.002589,0.0000003,0.0045000,0.2360051
14,0.633333,0.0000000,0.0734999,0.7056399,0.002589,0.0000004,0.0045000,0.2360159
14,0.637500,0.0000000,0.0734999,0.7056505,0.002546,0.0000004,0.0045000,0.2360265
14,0.641667,0.0000000,0.0734999,0.7056611,0.002546,0.0000005,0.0045000,0.2360371
14,0.645833,0.0000000,0.0734999,0.7056715,0.002489,0.0000006,0.0045000,0.2360474
14,0.650000,0.0000000,0.0734999,0.7056818,0.002475,0.0000007,0.0045000,0.2360578
14,0.654167,0.0000000,0.0734999,0.7056920,0.002446,0.0000006,0.0045000,0.2360680
14,0.658333,0.0000000,0.0734999,0.7057021,0.002432,0.0000005,0.0045000,0.2360781
14,0.662500,0.0000000,0.0734999,0.7057121,0.002389,0.0000004,0.0045000,0.2360881
14,0.666667,0.0000000,0.0734999,0.7057220,0.002375,0.0000004,0.0045000,0.2360980
14,0.670833,0.0000000,0.0734999,0.7057317,0.002346,0.0000003,0.0045000,0.2361077
14,0.675000,0.0000000,0.0734999,0.7057414,0.002317,0.0000005,0.0045000,0.2361174
14,0.679167,0.0000000,0.0734999,0.7057509,0.002289,0.0000011,0.0045000,0.2361269
14,0.683333,0.0000000,0.0734999,0.7057604,0.002260,0.0000016,0.0045000,0.2361363
14,0.687500,0.0000000,0.0734999,0.7057697,0.002232,0.0000020,0.0045000,0.2361456
14,0.691667,0.0000000,0.0734999,0.7057788,0.002203,0.0000019,0.0045000,0.2361549
14,0.695833,0.0000000,0.0734999,0.7057879,0.002174,0.0000011,0.0045000,0.2361639
14,0.700000,0.0000000,0.0734999,0.7057970,0.002174,0.0000004,0.0045000,0.2361729
14,0.704167,0.0000000,0.0734999,0.7058058,0.002117,0.0000012,0.0044992,0.2361818
14,0.708333,0.0000000,0.0734999,0.7058145,0.002103,0.0000009,0.0044994,0.2361905
14,0.712500,0.0000000,0.0734999,0.7058231,0.002060,0.0000003,0.0045000,0.2361991
14,0.716667,0.0000000,0.0734999,0.7058316,0.002046,0.0000016,0.0045000,0.2362077
14,0.720833,0.0000000,0.0734999,0.7058401,0.002017,0.0000026,0.0045000,0.2362160
14,0.725000,0.0000000,0.0734999,0.7058483,0.001988,0.0000031,0.0045000,0.2362244
14,0.729167,0.0000000,0.0734999,0.7058564,0.001945,0.0000023,0.0045000,0.2362325
14,0.733333,0.0000000,0.0734999,0.7058645,0.001945,0.0000002,0.0045000,0.2362406
14,0.737500,0.0000000,0.0734999,0.7058725,0.001903,0.0000026,0.0044980,0.2362484
14,0.741667,0.0000000,0.0734999,0.7058803,0.001874,0.0000033,0.0044974,0.2362563
14,0.745833,0.0000000,0.0734999,0.7058879,0.001831,0.0000027,0.0044978,0.2362639
14,0.750000,0.0000000,0.0734999,0.7058955,0.001831,0.0000015,0.0044988,0.2362716
14,0.754167,0.0000000,0.0734999,0.7059030,0.001788,0.0000004,0.0045000,0.2362790
14,0.758333,0.0000000,0.0734999,0.7059104,0.001774,0.0000013,0.0045000,0.2362863
14,0.762500,0.0000000,0.0734999,0.7059175,0.001717,0.0000015,0.0045000,0.2362935
14,0.766667,0.0000000,0.0734999,0.7059247,0.001717,0.0000003,0.0044999,0.2363007
14,0.770833,0.0000000,0.0734999,0.7059316,0.001659,0.0000027,0.0044981,0.2363076
14,0.775000,0.0000000,0.0734999,0.7059385,0.001659,0.0000041,0.0044968,0.2363145
14,0.779167,0.0000000,0.0734999,0.7059452,0.001602,0.0000046,0.0044963,0.2363212
14,0.783333,0.0000000,0.0734999,0.7059518,0.001588,0.0000043,0.0044966,0.2363278
14,0.787500,0.0000000,0.0734999,0.7059582,0.001545,0.0000033,0.0044973,0.2363343
14,0.791667,0.0000000,0.0734999,0.7059647,0.001559,0.0000018,0.0044985,0.2363407
14,0.795833,0.0000000,0.0734999,0.7059709,0.001473,0.0000006,0.0044996,0.2363469
14,0.800000,0.0000000,0.0734999,0.7059771,0.001502,0.0000002,0.0045000,0.2363531
14,0.804167,0.0000000,0.0734999,0.7059830,0.001402,0.0000007,0.0044997,0.2363590
14,0.808333,0.0000000,0.0734999,0.7059889,0.001431,0.0000020,0.0044987,0.2363650
14,0.812500,0.0000000,0.0734999,0.7059947,0.001373,0.0000034,0.0044977,0.2363707
14,0.816667,0.0000000,0.0734999,0.7060004,0.001388,0.0000043,0.0044968,0.2363764
14,0.820833,0.0000000,0.0734999,0.7060058,0.001287,0.0000046,0.0044965,0.2363819
14,0.825000,0.0000000,0.0734999,0.7060113,0.001316,0.0000039,0.0044970,0.2363873
14,0.829167,0.0000000,0.0734999,0.7060165,0.001259,0.0000024,0.0044982,0.2363925
14,0.833333,0.0000000,0.0734999,0.7060217,0.001245,0.0000002,0.0045000,0.2363977
14,0.837500,0.0000000,0.0734999,0.7060267,0.001187,0.0000014,0.0045001,0.2364027
14,0.841667,0.0000000,0.0734999,0.7060316,0.001187,0.0000013,0.0045001,0.2364076
14,0.845833,0.0000000,0.0734999,0.7060364,0.001144,0.0000004,0.0045002,0.2364123
14,0.850000,0.0000000,0.0734999,0.7060410,0.001116,0.0000016,0.0044992,0.2364170
14,0.854167,0.0000000,0.0734999,0.7060455,0.001073,0.0000027,0.0044981,0.2364215
14,0.858333,0.0000000,0.0734999,0.7060500,0.001073,0.0000032,0.0044977,0.2364259
14,0.862500,0.0000000,0.0734999,0.7060542,0.001001,0.0000024,0.0044983,0.2364301
14,0.866667,0.0000000,0.0734999,0.7060584,0.001016,0.0000002,0.0045001,0.2364344
14,0.870833,0.0000000,0.0734999,0.7060624,0.000958,0.0000023,0.0045002,0.2364383
14,0.875000,0.0000000,0.0734999,0.7060663,0.000930,0.0000030,0.0045006,0.2364423
14,0.879167,0.0000000,0.0734999,0.7060700,0.000901,0.0000026,0.0045011,0.2364460
14,0.883333,0.0000000,0.0734999,0.7060737,0.000887,0.0000018,0.0045015,0.2364497
14,0.887500,0.0000000,0.0734999,0.7060772,0.000830,0.0000021,0.0045005,0.2364531
14,0.891667,0.0000000,0.0734999,0.7060806,0.000830,0.0000020,0.0044997,0.2364566
14,0.895833,0.0000000,0.0734999,0.7060838,0.000758,0.0000013,0.0044994,0.2364598
14,0.900000,0.0000000,0.0734999,0.7060871,0.000787,0.0000001,0.0045001,0.2364630
14,0.904167,0.0000000,0.0734999,0.7060899,0.000687,0.0000013,0.0044995,0.2364659
14,0.908333,0.0000000,0.0734999,0.7060929,0.000715,0.0000020,0.0044997,0.2364689
14,0.912500,0.0000000,0.0734999,0.7060956,0.000658,0.0000021,0.0045005,0.2364716
14,0.916667,0.0000000,0.0734999,0.7060982,0.000615,0.0000017,0.0045015,0.2364742
14,0.920833,0.0000000,0.0734999,0.7061007,0.000601,0.0000026,0.0045010,0.2364767
14,0.925000,0.0000000,0.0734999,0.7061031,0.000587,0.0000030,0.0045006,0.2364791
14,0.929167,0.0000000,0.0734999,0.7061053,0.000515,0.0000022,0.0045002,0.2364813
14,0.933333,0.0000000,0.0734999,0.7061076,0.000544,0.0000002,0.0045002,0.2364835
14,0.937500,0.0000000,0.0734999,0.7061094,0.000443,0.0000024,0.0044983,0.2364854
14,0.941667,0.0000000,0.0734999,0.7061114,0.000472,0.0000031,0.0044978,0.2364873
14,0.945833,0.0000000,0.0734999,0.7061130,0.000401,0.0000027,0.0044982,0.2364890
14,0.950000,0.0000000,0.0734999,0.7061147,0.000401,0.0000016,0.0044992,0.2364907
14,0.954167,0.0000000,0.0734999,0.7061161,0.000329,0.0000005,0.0045002,0.2364921
14,0.958333,0.0000000,0.0734999,0.7061175,0.000343,0.0000013,0.0045001,0.2364935
14,0.962500,0.0000000,0.0734999,0.7061187,0.000286,0.0000015,0.0045001,0.2364947
14,0.966667,0.0000000,0.0734999,0.7061198,0.000272,0.0000003,0.0045000,0.2364958
14,0.970833,0.0000000,0.0734999,0.7061207,0.000215,0.0000023,0.0044983,0.2364967
14,0.975000,0.0000000,0.0734999,0.7061216,0.000200,0.0000038,0.0044972,0.2364976
14,0.979167,0.0000000,0.0734999,0.7061222,0.000157,0.0000045,0.0044967,0.2364983
14,0.983333,0.0000000,0.0734999,0.7061229,0.000157,0.0000043,0.0044969,0.2364989
14,0.987500,0.0000000,0.0734999,0.7061233,0.000100,0.0000033,0.0044977,0.2364993
14,0.991667,0.0000000,0.0734999,0.7061237,0.000086,0.0000020,0.0044988,0.2364997
14,0.995833,0.0000000,0.0734999,0.7061238,0.000043,0.0000008,0.0044997,0.2364998
14,1.000000,0.0000000,0.0734999,0.7061239,0.000029,0.0000002,0.0045000,0.2364999
14,1.004167,0.0000000,0.0734999,0.7061238,-0.000029,0.0000006,0.0044996,0.2364998
14,1.008333,0.0000000,0.0734999,0.7061237,-0.000043,0.0000018,0.0044986,0.2364997
14,1.012500,0.0000000,0.0734999,0.7061233,-0.000086,0.0000032,0.0044974,0.2364993
14,1.016667,0.0000000,0.0734999,0.7061229,-0.000100,0.0000042,0.0044967,0.2364989
14,1.020833,0.0000000,0.0734999,0.7061222,-0.000157,0.0000046,0.0044964,0.2364983
14,1.025000,0.0000000,0.0734999,0.7061216,-0.000157,0.0000041,0.0044969,0.2364976
14,1.029167,0.0000000,0.0734999,0.7061207,-0.000200,0.0000026,0.0044981,0.2364967
14,1.033333,0.0000000,0.0734999,0.7061198,-0.000215,0.0000003,0.0045000,0.2364958
14,1.037500,0.0000000,0.0734999,0.7061187,-0.000272,0.0000016,0.0045000,0.2364947
14,1.041667,0.0000000,0.0734999,0.7061175,-0.000286,0.0000014,0.0045000,0.2364935
14,1.045833,0.0000000,0.0734999,0.7061161,-0.000343,0.0000003,0.0045000,0.2364921
14,1.050000,0.0000000,0.0734999,0.7061147,-0.000329,0.0000014,0.0044988,0.2364907
14,1.054167,0.0000000,0.0734999,0.7061130,-0.000401,0.0000028,0.0044978,0.2364890
14,1.058333,0.0000000,0.0734999,0.7061114,-0.000401,0.0000033,0.0044974,0.2364873
14,1.062500,0.0000000,0.0734999,0.7061094,-0.000472,0.0000026,0.0044980,0.2364854
14,1.066667,0.0000000,0.0734999,0.7061076,-0.000443,0.0000002,0.0045000,0.2364835
14,1.070833,0.0000000,0.0734999,0.7061053,-0.000544,0.0000023,0.0045000,0.2364813
14,1.075000,0.0000000,0.0734999,0.7061031,-0.000515,0.0000031,0.0045000,0.2364791
14,1.079167,0.0000000,0.0734999,0.7061007,-0.000587,0.0000026,0.0045000,0.2364767
14,1.083333,0.0000000,0.0734999,0.7060982,-0.000601,0.0000016,0.0045000,0.2364742
14,1.087500,0.0000000,0.0734999,0.7060956,-0.000615,0.0000004,0.0045000,0.2364716
14,1.091667,0.0000000,0.0734999,0.7060929,-0.000658,0.0000009,0.0044995,0.2364689
14,1.095833,0.0000000,0.0734999,0.7060899,-0.000715,0.0000012,0.0044992,0.2364659
14,1.100000,0.0000000,0.0734999,0.7060871,-0.000687,0.0000004,0.0045000,0.2364630
14,1.104167,0.0000000,0.0734999,0.7060838,-0.000787,0.0000012,0.0045000,0.2364598
14,1.108333,0.0000000,0.0734999,0.7060806,-0.000758,0.0000019,0.0045000,0.2364566
14,1.112500,0.0000000,0.0734999,0.7060772,-0.000830,0.0000020,0.0045000,0.2364531
14,1.116667,0.0000000,0.0734999,0.7060737,-0.000830,0.0000018,0.0045000,0.2364497
14,1.120833,0.0000000,0.0734999,0.7060700,-0.000887,0.0000012,0.0045000,0.2364460
14,1.125000,0.0000000,0.0734999,0.7060663,-0.000901,0.0000007,0.0045000,0.2364423
14,1.129167,0.0000000,0.0734999,0.7060624,-0.000930,0.0000005,0.0045000,0.2364383
14,1.133333,0.0000000,0.0734999,0.7060584,-0.000958,0.0000005,0.0045000,0.2364344
14,1.137500,0.0000000,0.0734999,0.7060542,-0.001016,0.0000005,0.0045000,0.2364301
14,1.141667,0.0000000,0.0734999,0.7060500,-0.001001,0.0000007,0.0045000,0.2364259
14,1.145833,0.0000000,0.0734999,0.7060455,-0.001073,0.0000008,0.0045000,0.2364215
14,1.150000,0.0000000,0.0734999,0.7060410,-0.001073,0.0000008,0.0045000,0.2364170
14,1.154167,0.0000000,0.0734999,0.7060363,-0.001144,0.0000008,0.0045000,0.2364123
14,1.158333,0.0000000,0.0734999,0.7060316,-0.001116,0.0000007,0.0045000,0.2364076
14,1.162500,0.0000000,0.0734999,0.7060267,-0.001187,0.0000005,0.0045000,0.2364027
14,1.166667,0.0000000,0.0734999,0.7060217,-0.001187,0.0000005,0.0045000,0.2363977
14,1.170833,0.0000000,0.0734999,0.7060165,-0.001245,0.0000005,0.0045000,0.2363925
14,1.175000,0.0000000,0.0734999,0.7060113,-0.001259,0.0000007,0.0045000,0.2363873
14,1.179167,0.0000000,0.0734999,0.7060058,-0.001316,0.0000012,0.0045000,0.2363818
14,1.183333,0.0000000,0.0734999,0.7060004,-0.001287,0.0000018,0.0045000,0.2363764
14,1.187500,0.0000000,0.0734999,0.7059947,-0.001388,0.0000020,0.0045000,0.2363707
14,1.191667,0.0000000,0.0734999,0.7059889,-0.001373,0.0000019,0.0045000,0.2363650
14,1.195833,0.0000000,0.0734999,0.7059830,-0.001431,0.0000012,0.0045000,0.2363590
14,1.200000,0.0000000,0.0734999,0.7059771,-0.001402,0.0000004,0.0045000,0.2363531
14,1.204167,0.0000000,0.0734999,0.7059709,-0.001502,0.0000013,0.0044992,0.2363469
14,1.208333,0.0000000,0.0734999,0.7059647,-0.001473,0.0000009,0.0044995,0.2363407
14,1.212500,0.0000000,0.0734999,0.7059583,-0.001545,0.0000003,0.0045000,0.2363343
14,1.216667,0.0000000,0.0734999,0.7059518,-0.001559,0.0000016,0.0045000,0.2363278
14,1.220833,0.0000000,0.0734999,0.7059452,-0.001588,0.0000026,0.0045000,0.2363212
14,1.225000,0.0000000,0.0734999,0.7059385,-0.001602,0.0000030,0.0045000,0.2363145
14,1.229167,0.0000000,0.0734999,0.7059316,-0.001659,0.0000023,0.0045000,0.2363076
14,1.233333,0.0000000,0.0734999,0.7059247,-0.001659,0.0000002,0.0045000,0.2363007
14,1.237500,0.0000000,0.0734999,0.7059175,-0.001717,0.0000025,0.0044980,0.2362935
14,1.241667,0.0000000,0.0734999,0.7059104,-0.001717,0.0000033,0.0044974,0.2362863
14,1.245833,0.0000000,0.0734999,0.7059030,-0.001774,0.0000028,0.0044978,0.2362790
14,1.250000,0.0000000,0.0734999,0.7058955,-0.001788,0.0000014,0.0044988,0.2362716
14,1.254167,0.0000000,0.0734999,0.7058879,-0.001831,0.0000003,0.0045000,0.2362639
14,1.258333,0.0000000,0.0734999,0.7058803,-0.001831,0.0000014,0.0045000,0.2362563
14,1.262500,0.0000000,0.0734999,0.7058725,-0.001874,0.0000015,0.0045000,0.2362484
14,1.266667,0.0000000,0.0734999,0.7058645,-0.001903,0.0000002,0.0045000,0.2362406
14,1.270833,0.0000000,0.0734999,0.7058564,-0.001945,0.0000026,0.0044982,0.2362325
14,1.275000,0.0000000,0.0734999,0.7058483,-0.001945,0.0000041,0.0044970,0.2362244
14,1.279167,0.0000000,0.0734999,0.7058401,-0.001988,0.0000046,0.0044965,0.2362160
14,1.283333,0.0000000,0.0734999,0.7058316,-0.002017,0.0000042,0.0044967,0.2362077
14,1.287500,0.0000000,0.0734999,0.7058231,-0.002046,0.0000032,0.0044975,0.2361991
14,1.291667,0.0000000,0.0734999,0.7058145,-0.002060,0.0000018,0.0044986,0.2361905
14,1.295833,0.0000000,0.0734999,0.7058058,-0.002103,0.0000006,0.0044997,0.2361817
14,1.300000,0.0000000,0.0734999,0.7057970,-0.002117,0.0000002,0.0045000,0.2361729
14,1.304167,0.0000000,0.0734999,0.7057879,-0.002174,0.0000007,0.0044998,0.2361639
14,1.308333,0.0000000,0.0734999,0.7057788,-0.002174,0.0000020,0.0044989,0.2361549
14,1.312500,0.0000000,0.0734999,0.7057697,-0.002203,0.0000033,0.0044978,0.2361456
14,1.316667,0.0000000,0.0734999,0.7057604,-0.002232,0.0000043,0.0044970,0.2361363
14,1.320833,0.0000000,0.0734999,0.7057509,-0.002260,0.0000045,0.0044967,0.2361269
14,1.325000,0.0000000,0.0734999,0.7057414,-0.002289,0.0000038,0.0044972,0.2361174
14,1.329167,0.0000000,0.0734999,0.7057317,-0.002317,0.0000023,0.0044984,0.2361077
14,1.333333,0.0000000,0.0734999,0.7057220,-0.002346,0.0000003,0.0045000,0.2360980
14,1.337500,0.0000000,0.0734999,0.7057121,-0.002375,0.0000016,0.0045001,0.2360881
14,1.341667,0.0000000,0.0734999,0.7057021,-0.002389,0.0000014,0.0045001,0.2360781
14,1.345833,0.0000000,0.0734999,0.7056920,-0.002432,0.0000005,0.0045002,0.2360680
14,1.350000,0.0000000,0.0734999,0.7056818,-0.002446,0.0000016,0.0044993,0.2360578
14,1.354167,0.0000000,0.0734999,0.7056715,-0.002475,0.0000027,0.0044983,0.2360475
14,1.358333,0.0000000,0.0734999,0.7056611,-0.002489,0.0000032,0.0044978,0.2360371
14,1.362500,0.0000000,0.0734999,0.7056505,-0.002546,0.0000023,0.0044984,0.2360265
14,1.366667,0.0000000,0.0734999,0.7056399,-0.002546,0.0000002,0.0045001,0.2360159
14,1.370833,0.0000000,0.0734999,0.7056291,-0.002589,0.0000022,0.0045002,0.2360051
14,1.375000,0.0000000,0.0734999,0.7056183,-0.002589,0.0000030,0.0045006,0.2359943
14,1.379167,0.0000000,0.0734999,0.7056073,-0.002646,0.0000027,0.0045010,0.2359833
14,1.383333,0.0000000,0.0734999,0.7055963,-0.002632,0.0000018,0.0045015,0.2359723
14,1.387500,0.0000000,0.0734999,0.7055851,-0.002704,0.0000022,0.0045005,0.2359611
14,1.391667,0.0000000,0.0734999,0.7055739,-0.002689,0.0000020,0.0044997,0.2359498
14,1.395833,0.0000000,0.0734999,0.7055624,-0.002747,0.0000013,0.0044995,0.2359384
14,1.400000,0.0000000,0.0734999,0.7055510,-0.002747,0.0000002,0.0045001,0.2359270
14,1.404167,0.0000000,0.0734999,0.7055393,-0.002789,0.0000013,0.0044994,0.2359153
14,1.408333,0.0000000,0.0734999,0.7055277,-0.002804,0.0000020,0.0044997,0.2359037
14,1.412500,0.0000000,0.0734999,0.7055159,-0.002832,0.0000021,0.0045004,0.2358918
14,1.416667,0.0000000,0.0734999,0.7055041,-0.002832,0.0000018,0.0045015,0.2358800
14,1.420833,0.0000000,0.0734999,0.7054919,-0.002918,0.0000026,0.0045011,0.2358679
14,1.425000,0.0000000,0.0734999,0.7054799,-0.002875,0.0000030,0.0045006,0.2358559
14,1.429167,0.0000000,0.0734999,0.7054676,-0.002947,0.0000022,0.0045002,0.2358436
14,1.433333,0.0000000,0.0734999,0.7054553,-0.002961,0.0000002,0.0045002,0.2358314
14,1.437500,0.0000000,0.0734999,0.7054430,-0.002961,0.0000024,0.0044983,0.2358189
14,1.441667,0.0000000,0.0734999,0.7054304,-0.003004,0.0000032,0.0044978,0.2358064
14,1.445833,0.0000000,0.0734999,0.7054178,-0.003033,0.0000027,0.0044981,0.2357938
14,1.450000,0.0000000,0.0734999,0.7054051,-0.003047,0.0000016,0.0044991,0.2357811
14,1.454167,0.0000000,0.0734999,0.7053923,-0.003076,0.0000004,0.0045002,0.2357683
14,1.458333,0.0000000,0.0734999,0.7053794,-0.003090,0.0000012,0.0045001,0.2357554
14,1.462500,0.0000000,0.0734999,0.7053664,-0.003133,0.0000014,0.0045001,0.2357424
14,1.466667,0.0000000,0.0734999,0.7053533,-0.003133,0.0000002,0.0045000,0.2357294
14,1.470833,0.0000000,0.0734999,0.7053401,-0.003161,0.0000024,0.0044982,0.2357161
14,1.475000,0.0000000,0.0734999,0.7053269,-0.003176,0.0000039,0.0044970,0.2357029
14,1.479167,0.0000000,0.0734999,0.7053135,-0.003219,0.0000046,0.0044965,0.2356895
14,1.483333,0.0000000,0.0734999,0.7053001,-0.003219,0.0000044,0.0044968,0.2356761
14,1.487500,0.0000000,0.0734999,0.7052865,-0.003262,0.0000033,0.0044977,0.2356625
14,1.491667,0.0000000,0.0734999,0.7052729,-0.003276,0.0000021,0.0044988,0.2356488
14,1.495833,0.0000000,0.0734999,0.7052590,-0.003319,0.0000008,0.0044997,0.2356350
14,1.500000,0.0000000,0.0734999,0.7052452,-0.003319,0.0000002,0.0045000,0.2356212
14,1.504167,0.0000000,0.0734999,0.7052312,-0.003347,0.0000006,0.0044995,0.2356073
14,1.508333,0.0000000,0.0734999,0.7052173,-0.003347,0.0000018,0.0044985,0.2355933
14,1.512500,0.0000000,0.0734999,0.7052031,-0.003405,0.0000033,0.0044973,0.2355791
14,1.516667,0.0000000,0.0734999,0.7051890,-0.003390,0.0000043,0.0044966,0.2355650
14,1.520833,0.0000000,0.0734999,0.7051746,-0.003448,0.0000047,0.0044963,0.2355506
14,1.525000,0.0000000,0.0734999,0.7051604,-0.003419,0.0000041,0.0044968,0.2355363
14,1.529167,0.0000000,0.0734999,0.7051458,-0.003490,0.0000027,0.0044980,0.2355218
14,1.533333,0.0000000,0.0734999,0.7051313,-0.003490,0.0000003,0.0044999,0.2355073
14,1.537500,0.0000000,0.0734999,0.7051166,-0.003519,0.0000015,0.0045000,0.2354926
14,1.541667,0.0000000,0.0734999,0.7051020,-0.003519,0.0000013,0.0045000,0.2354780
14,1.545833,0.0000000,0.0734999,0.7050871,-0.003576,0.0000004,0.0045000,0.2354631
14,1.550000,0.0000000,0.0734999,0.7050723,-0.003548,0.0000015,0.0044988,0.2354483
14,1.554167,0.0000000,0.0734999,0.7050573,-0.003605,0.0000028,0.0044978,0.2354333
14,1.558333,0.0000000,0.0734999,0.7050423,-0.003591,0.0000033,0.0044974,0.2354182
14,1.562500,0.0000000,0.0734999,0.7050271,-0.003648,0.0000026,0.0044980,0.2354031
14,1.566667,0.0000000,0.0734999,0.7050119,-0.003648,0.0000002,0.0045000,0.2353879
14,1.570833,0.0000000,0.0734999,0.7049965,-0.003691,0.0000023,0.0045000,0.2353725
14,1.575000,0.0000000,0.0734999,0.7049812,-0.003676,0.0000031,0.0045000,0.2353572
14,1.579167,0.0000000,0.0734999,0.7049657,-0.003719,0.0000026,0.0045000,0.2353417
14,1.583333,0.0000000,0.0734999,0.7049502,-0.003734,0.0000016,0.0045000,0.2353262
14,1.587500,0.0000000,0.0734999,0.7049345,-0.003748,0.0000003,0.0045000,0.2353106
14,1.591667,0.0000000,0.0734999,0.7049189,-0.003762,0.0000009,0.0044994,0.2352949
14,1.595833,0.0000000,0.0734999,0.7049031,-0.003777,0.0000013,0.0044992,0.2352791
14,1.600000,0.0000000,0.0734999,0.7048873,-0.003791,0.0000004,0.0044999,0.2352633
14,1.604167,0.0000000,0.0734999,0.7048713,-0.003848,0.0000012,0.0045000,0.2352473
14,1.608333,0.0000000,0.0734999,0.7048554,-0.003819,0.0000018,0.0045000,0.2352314
14,1.612500,0.0000000,0.0734999,0.7048392,-0.003877,0.0000020,0.0045000,0.2352153
14,1.616667,0.0000000,0.0734999,0.7048231,-0.003862,0.0000016,0.0045000,0.2351992
14,1.620833,0.0000000,0.0734999,0.7048069,-0.003891,0.0000011,0.0045000,0.2351829
14,1.625000,0.0000000,0.0734999,0.7047907,-0.003905,0.0000005,0.0045000,0.2351666
14,1.629167,0.0000000,0.0734999,0.7047743,-0.003934,0.0000003,0.0045000,0.2351502
14,1.633333,0.0000000,0.0734999,0.7047579,-0.003934,0.0000004,0.0045000,0.2351338
14,1.637500,0.0000000,0.0734999,0.7047413,-0.003977,0.0000004,0.0045000,0.2351173
14,1.641667,0.0000000,0.0734999,0.7047248,-0.003963,0.0000005,0.0045000,0.2351008
14,1.645833,0.0000000,0.0734999,0.7047081,-0.004005,0.0000006,0.0045000,0.2350841
14,1.650000,0.0000000,0.0734999,0.7046915,-0.003991,0.0000007,0.0045000,0.2350674
14,1.654167,0.0000000,0.0734999,0.7046746,-0.004048,0.0000006,0.0045000,0.2350506
14,1.658333,0.0000000,0.0734999,0.7046579,-0.004020,0.0000005,0.0045000,0.2350338
14,1.662500,0.0000000,0.0734999,0.7046409,-0.004077,0.0000004,0.0045000,0.2350169
14,1.666667,0.0000000,0.0734999,0.7046239,-0.004063,0.0000004,0.0045000,0.2349999
14,1.670833,0.0000000,0.0734999,0.7046069,-0.004091,0.0000003,0.0045000,0.2349828
14,1.675000,0.0000000,0.0734999,0.7045897,-0.004120,0.0000005,0.0045000,0.2349658
14,1.679167,0.0000000,0.0734999,0.7045726,-0.004106,0.0000011,0.0045000,0.2349486
14,1.683333,0.0000000,0.0734999,0.7045554,-0.004134,0.0000016,0.0045000,0.2349314
14,1.687500,0.0000000,0.0734999,0.7045380,-0.004163,0.0000020,0.0045000,0.2349141
14,1.691667,0.0000000,0.0734999,0.7045208,-0.004148,0.0000019,0.0045000,0.2348967
14,1.695833,0.0000000,0.0734999,0.7045033,-0.004191,0.0000011,0.0045000,0.2348793
14,1.700000,0.0000000,0.0734999,0.7044859,-0.004177,0.0000004,0.0045000,0.2348619
14,1.704167,0.0000000,0.0734999,0.7044683,-0.004220,0.0000012,0.0044992,0.2348443
14,1.708333,0.0000000,0.0734999,0.7044508,-0.004206,0.0000009,0.0044994,0.2348268
14,1.712500,0.0000000,0.0734999,0.7044331,-0.004249,0.0000003,0.0045000,0.2348091
14,1.716667,0.0000000,0.0734999,0.7044155,-0.004220,0.0000016,0.0045000,0.2347915
14,1.720833,0.0000000,0.0734999,0.7043977,-0.004263,0.0000026,0.0045000,0.2347737
14,1.725000,0.0000000,0.0734999,0.7043799,-0.004277,0.0000031,0.0045000,0.2347559
14,1.729167,0.0000000,0.0734999,0.7043620,-0.004292,0.0000023,0.0045000,0.2347380
14,1.733333,0.0000000,0.0734999,0.7043442,-0.004292,0.0000002,0.0045000,0.2347201
14,1.737500,0.0000000,0.0734999,0.7043262,-0.004306,0.0000026,0.0044980,0.2347021
14,1.741667,0.0000000,0.0734999,0.7043081,-0.004349,0.0000033,0.0044974,0.2346841
14,1.745833,0.0000000,0.0734999,0.7042900,-0.004334,0.0000028,0.0044977,0.2346661
14,1.750000,0.0000000,0.0734999,0.7042720,-0.004334,0.0000015,0.0044987,0.2346480
14,1.754167,0.0000000,0.0734999,0.7042539,-0.004349,0.0000004,0.0045000,0.2346298
14,1.758333,0.0000000,0.0734999,0.7042356,-0.004392,0.0000013,0.0045000,0.2346116
14,1.762500,0.0000000,0.0734999,0.7042173,-0.004377,0.0000014,0.0045000,0.2345933
14,1.766667,0.0000000,0.0734999,0.7041991,-0.004377,0.0000003,0.0044998,0.2345750
14,1.770833,0.0000000,0.0734999,0.7041806,-0.004435,0.0000027,0.0044980,0.2345566
14,1.775000,0.0000000,0.0734999,0.7041623,-0.004392,0.0000042,0.0044967,0.2345383
14,1.779167,0.0000000,0.0734999,0.7041438,-0.004435,0.0000046,0.0044963,0.2345198
14,1.783333,0.0000000,0.0734999,0.7041253,-0.004449,0.0000043,0.0044966,0.2345013
14,1.787500,0.0000000,0.0734999,0.7041067,-0.004449,0.0000033,0.0044973,0.2344828
14,1.791667,0.0000000,0.0734999,0.7040882,-0.004449,0.0000019,0.0044985,0.2344642
14,1.795833,0.0000000,0.0734999,0.7040696,-0.004463,0.0000006,0.0044995,0.2344456
14,1.800000,0.0000000,0.0734999,0.7040510,-0.004478,0.0000002,0.0045000,0.2344269
14,1.804167,0.0000000,0.0734999,0.7040322,-0.004492,0.0000007,0.0044997,0.2344083
14,1.808333,0.0000000,0.0734999,0.7040135,-0.004492,0.0000020,0.0044987,0.2343896
14,1.812500,0.0000000,0.0734999,0.7039948,-0.004506,0.0000034,0.0044977,0.2343707
14,1.816667,0.0000000,0.0734999,0.7039760,-0.004492,0.0000043,0.0044968,0.2343520
14,1.820833,0.0000000,0.0734999,0.7039571,-0.004549,0.0000046,0.0044965,0.2343331
14,1.825000,0.0000000,0.0734999,0.7039383,-0.004506,0.0000039,0.0044970,0.2343142
14,1.829167,0.0000000,0.0734999,0.7039193,-0.004563,0.0000024,0.0044982,0.2342953
14,1.833333,0.0000000,0.0734999,0.7039004,-0.004535,0.0000002,0.0045000,0.2342764
14,1.837500,0.0000000,0.0734999,0.7038814,-0.004563,0.0000014,0.0045001,0.2342574
14,1.841667,0.0000000,0.0734999,0.7038624,-0.004563,0.0000013,0.0045001,0.2342384
14,1.845833,0.0000000,0.0734999,0.7038433,-0.004578,0.0000004,0.0045002,0.2342193
14,1.850000,0.0000000,0.0734999,0.7038243,-0.004563,0.0000016,0.0044992,0.2342003
14,1.854167,0.0000000,0.0734999,0.7038051,-0.004606,0.0000027,0.0044982,0.2341811
14,1.858333,0.0000000,0.0734999,0.7037860,-0.004578,0.0000031,0.0044978,0.2341620
14,1.862500,0.0000000,0.0734999,0.7037668,-0.004606,0.0000023,0.0044984,0.2341428
14,1.866667,0.0000000,0.0734999,0.7037476,-0.004606,0.0000002,0.0045001,0.2341237
14,1.870833,0.0000000,0.0734999,0.7037284,-0.004606,0.0000022,0.0045002,0.2341044
14,1.875000,0.0000000,0.0734999,0.7037092,-0.004621,0.0000030,0.0045006,0.2340852
14,1.879167,0.0000000,0.0734999,0.7036899,-0.004621,0.0000026,0.0045011,0.2340659
14,1.883333,0.0000000,0.0734999,0.7036706,-0.004635,0.0000018,0.0045015,0.2340466
14,1.887500,0.0000000,0.0734999,0.7036514,-0.004621,0.0000022,0.0045005,0.2340273
14,1.891667,0.0000000,0.0734999,0.7036320,-0.004649,0.0000020,0.0044997,0.2340080
14,1.895833,0.0000000,0.0734999,0.7036126,-0.004649,0.0000013,0.0044994,0.2339886
14,1.900000,0.0000000,0.0734999,0.7035933,-0.004649,0.0000002,0.0045001,0.2339692
14,1.904167,0.0000000,0.0734999,0.7035738,-0.004678,0.0000013,0.0044995,0.2339498
14,1.908333,0.0000000,0.0734999,0.7035544,-0.004649,0.0000020,0.0044997,0.2339304
14,1.912500,0.0000000,0.0734999,0.7035350,-0.004663,0.0000021,0.0045005,0.2339109
14,1.916667,0.0000000,0.0734999,0.7035155,-0.004678,0.0000018,0.0045015,0.2338915
14,1.920833,0.0000000,0.0734999,0.7034960,-0.004678,0.0000026,0.0045010,0.2338720
14,1.925000,0.0000000,0.0734999,0.7034765,-0.004663,0.0000030,0.0045006,0.2338525
14,1.929167,0.0000000,0.0734999,0.7034570,-0.004692,0.0000022,0.0045002,0.2338330
14,1.933333,0.0000000,0.0734999,0.7034375,-0.004678,0.0000002,0.0045002,0.2338135
14,1.937500,0.0000000,0.0734999,0.7034180,-0.004692,0.0000024,0.0044983,0.2337940
14,1.941667,0.0000000,0.0734999,0.7033984,-0.004692,0.0000032,0.0044978,0.2337744
14,1.945833,0.0000000,0.0734999,0.7033789,-0.004692,0.0000027,0.0044982,0.2337549
14,1.950000,0.0000000,0.0734999,0.7033593,-0.004692,0.0000016,0.0044992,0.2337353
14,1.954167,0.0000000,0.0734999,0.7033398,-0.004692,0.0000005,0.0045002,0.2337157
14,1.958333,0.0000000,0.0734999,0.7033201,-0.004706,0.0000013,0.0045001,0.2336961
14,1.962500,0.0000000,0.0734999,0.7033005,-0.004706,0.0000015,0.0045001,0.2336766
14,1.966667,0.0000000,0.0734999,0.7032810,-0.004692,0.0000003,0.0045000,0.2336569
14,1.970833,0.0000000,0.0734999,0.7032613,-0.004721,0.0000024,0.0044983,0.2336373
14,1.975000,0.0000000,0.0734999,0.7032416,-0.004721,0.0000038,0.0044971,0.2336177
14,1.979167,0.0000000,0.0734999,0.7032221,-0.004692,0.0000046,0.0044966,0.2335981
14,1.983333,0.0000000,0.0734999,0.7032024,-0.004721,0.0000043,0.0044970,0.2335784
14,1.987500,0.0000000,0.0734999,0.7031828,-0.004706,0.0000033,0.0044978,0.2335588
14,1.991667,0.0000000,0.0734999,0.7031631,-0.004721,0.0000020,0.0044988,0.2335392
14,1.995833,0.0000000,0.0734999,0.7031436,-0.004692,0.0000008,0.0044998,0.2335196
14,2.000000,0.0000000,0.0734999,0.7031239,-0.004721,0.0000002,0.0045000,0.2334999
14,2.004167,0.0000000,0.0734999,0.7031043,-0.004706,0.0000006,0.0044996,0.2334803
14,2.008333,0.0000000,0.0734999,0.7030846,-0.004721,0.0000018,0.0044985,0.2334607
14,2.012500,0.0000000,0.0734999,0.7030650,-0.004721,0.0000033,0.0044974,0.2334410
14,2.016667,0.0000000,0.0734999,0.7030454,-0.004692,0.0000042,0.0044967,0.2334214
14,2.020833,0.0000000,0.0734999,0.7030258,-0.004721,0.0000047,0.0044964,0.2334017
14,2.025000,0.0000000,0.0734999,0.7030061,-0.004706,0.0000041,0.0044969,0.2333821
14,2.029167,0.0000000,0.0734999,0.7029866,-0.004692,0.0000026,0.0044981,0.2333625
14,2.033333,0.0000000,0.0734999,0.7029669,-0.004721,0.0000003,0.0045000,0.2333429
14,2.037500,0.0000000,0.0734999,0.7029474,-0.004692,0.0000015,0.0045000,0.2333233
14,2.041667,0.0000000,0.0734999,0.7029277,-0.004721,0.0000013,0.0045000,0.2333037
14,2.045833,0.0000000,0.0734999,0.7029082,-0.004692,0.0000004,0.0045000,0.2332841
14,2.050000,0.0000000,0.0734999,0.7028885,-0.004721,0.0000014,0.0044988,0.2332645
14,2.054167,0.0000000,0.0734999,0.7028689,-0.004692,0.0000028,0.0044978,0.2332450
14,2.058333,0.0000000,0.0734999,0.7028494,-0.004692,0.0000033,0.0044973,0.2332254
14,2.062500,0.0000000,0.0734999,0.7028299,-0.004678,0.0000026,0.0044980,0.2332059
14,2.066667,0.0000000,0.0734999,0.7028103,-0.004692,0.0000002,0.0045000,0.2331863
14,2.070833,0.0000000,0.0734999,0.7027908,-0.004692,0.0000023,0.0045000,0.2331668
14,2.075000,0.0000000,0.0734999,0.7027714,-0.004663,0.0000031,0.0045000,0.2331473
14,2.079167,0.0000000,0.0734999,0.7027519,-0.004678,0.0000026,0.0045000,0.2331278
14,2.083333,0.0000000,0.0734999,0.7027323,-0.004692,0.0000016,0.0045000,0.2331083
14,2.087500,0.0000000,0.0734999,0.7027128,-0.004678,0.0000003,0.0045000,0.2330889
14,2.091667,0.0000000,0.0734999,0.7026935,-0.004649,0.0000009,0.0044994,0.2330694
14,2.095833,0.0000000,0.0734999,0.7026740,-0.004663,0.0000012,0.0044992,0.2330500
14,2.100000,0.0000000,0.0734999,0.7026547,-0.004649,0.0000004,0.0045000,0.2330306
14,2.104167,0.0000000,0.0734999,0.7026353,-0.004649,0.0000012,0.0045000,0.2330112
14,2.108333,0.0000000,0.0734999,0.7026159,-0.004649,0.0000019,0.0045000,0.2329919
14,2.112500,0.0000000,0.0734999,0.7025965,-0.004649,0.0000020,0.0045000,0.2329726
14,2.116667,0.0000000,0.0734999,0.7025772,-0.004635,0.0000018,0.0045000,0.2329532
14,2.120833,0.0000000,0.0734999,0.7025580,-0.004621,0.0000012,0.0045000,0.2329339
14,2.125000,0.0000000,0.0734999,0.7025387,-0.004621,0.0000007,0.0045000,0.2329147
14,2.129167,0.0000000,0.0734999,0.7025194,-0.004635,0.0000005,0.0045000,0.2328954
14,2.133333,0.0000000,0.0734999,0.7025002,-0.004606,0.0000005,0.0045000,0.2328762
14,2.137500,0.0000000,0.0734999,0.7024810,-0.004606,0.0000005,0.0045000,0.2328570
14,2.141667,0.0000000,0.0734999,0.7024618,-0.004606,0.0000007,0.0045000,0.2328378
14,2.145833,0.0000000,0.0734999,0.7024427,-0.004592,0.0000008,0.0045000,0.2328187
14,2.150000,0.0000000,0.0734999,0.7024236,-0.004592,0.0000008,0.0045000,0.2327996
14,2.154167,0.0000000,0.0734999,0.7024045,-0.004578,0.0000008,0.0045000,0.2327805
14,2.158333,0.0000000,0.0734999,0.7023855,-0.004563,0.0000007,0.0045000,0.2327615
14,2.162500,0.0000000,0.0734999,0.7023665,-0.004563,0.0000005,0.0045000,0.2327425
14,2.166667,0.0000000,0.0734999,0.7023475,-0.004549,0.0000005,0.0045000,0.2327235
14,2.170833,0.0000000,0.0734999,0.7023285,-0.004563,0.0000005,0.0045000,0.2327045
14,2.175000,0.0000000,0.0734999,0.7023096,-0.004535,0.0000007,0.0045000,0.2326856
14,2.179167,0.0000000,0.0734999,0.7022908,-0.004520,0.0000012,0.0045000,0.2326668
14,2.183333,0.0000000,0.0734999,0.7022719,-0.004535,0.0000018,0.0045000,0.2326479
14,2.187500,0.0000000,0.0734999,0.7022530,-0.004520,0.0000020,0.0045000,0.2326291
14,2.191667,0.0000000,0.0734999,0.7022343,-0.004492,0.0000019,0.0045000,0.2326103
14,2.195833,0.0000000,0.0734999,0.7022156,-0.004492,0.0000012,0.0045000,0.2325916
14,2.200000,0.0000000,0.0734999,0.7021969,-0.004492,0.0000004,0.0045000,0.2325729
14,2.204167,0.0000000,0.0734999,0.7021783,-0.004463,0.0000013,0.0044992,0.2325543
14,2.208333,0.0000000,0.0734999,0.7021596,-0.004478,0.0000008,0.0044995,0.2325356
14,2.212500,0.0000000,0.0734999,0.7021410,-0.004463,0.0000004,0.0045000,0.2325170
14,2.216667,0.0000000,0.0734999,0.7021225,-0.004449,0.0000016,0.0045000,0.2324985
14,2.220833,0.0000000,0.0734999,0.7021040,-0.004435,0.0000026,0.0045000,0.2324800
14,2.225000,0.0000000,0.0734999,0.7020856,-0.004420,0.0000031,0.0045000,0.2324616
14,2.229167,0.0000000,0.0734999,0.7020672,-0.004420,0.0000023,0.0045000,0.2324432
14,2.233333,0.0000000,0.0734999,0.7020488,-0.004406,0.0000002,0.0045000,0.2324248
14,2.237500,0.0000000,0.0734999,0.7020306,-0.004377,0.0000025,0.0044980,0.2324066
14,2.241667,0.0000000,0.0734999,0.7020122,-0.004406,0.0000032,0.0044974,0.2323882
14,2.245833,0.0000000,0.0734999,0.7019941,-0.004363,0.0000027,0.0044978,0.2323700
14,2.250000,0.0000000,0.0734999,0.7019759,-0.004363,0.0000014,0.0044988,0.2323519
14,2.254167,0.0000000,0.0734999,0.7019578,-0.004334,0.0000003,0.0045000,0.2323338
14,2.258333,0.0000000,0.0734999,0.7019397,-0.004349,0.0000014,0.0045000,0.2323157
14,2.262500,0.0000000,0.0734999,0.7019217,-0.004320,0.0000015,0.0045000,0.2322977
14,2.266667,0.0000000,0.0734999,0.7019037,-0.004320,0.0000003,0.0045000,0.2322797
14,2.270833,0.0000000,0.0734999,0.7018858,-0.004292,0.0000026,0.0044982,0.2322618
14,2.275000,0.0000000,0.0734999,0.7018679,-0.004292,0.0000040,0.0044970,0.2322439
14,2.279167,0.0000000,0.0734999,0.7018502,-0.004263,0.0000046,0.0044965,0.2322262
14,2.283333,0.0000000,0.0734999,0.7018324,-0.004263,0.0000042,0.0044967,0.2322084
14,2.287500,0.0000000,0.0734999,0.7018148,-0.004234,0.0000032,0.0044974,0.2321907
14,2.291667,0.0000000,0.0734999,0.7017971,-0.004249,0.0000018,0.0044986,0.2321731
14,2.295833,0.0000000,0.0734999,0.7017795,-0.004220,0.0000006,0.0044997,0.2321555
14,2.300000,0.0000000,0.0734999,0.7017620,-0.004206,0.0000003,0.0045000,0.2321379
14,2.304167,0.0000000,0.0734999,0.7017446,-0.004177,0.0000008,0.0044998,0.2321205
14,2.308333,0.0000000,0.0734999,0.7017270,-0.004206,0.0000020,0.0044989,0.2321031
14,2.312500,0.0000000,0.0734999,0.7017097,-0.004148,0.0000033,0.0044978,0.2320857
14,2.316667,0.0000000,0.0734999,0.7016924,-0.004163,0.0000042,0.0044970,0.2320684
14,2.320833,0.0000000,0.0734999,0.7016753,-0.004106,0.0000045,0.0044967,0.2320513
14,2.325000,0.0000000,0.0734999,0.7016581,-0.004134,0.0000038,0.0044972,0.2320341
14,2.329167,0.0000000,0.0734999,0.7016410,-0.004091,0.0000023,0.0044983,0.2320170
14,2.333333,0.0000000,0.0734999,0.7016240,-0.004091,0.0000003,0.0045000,0.2319999
14,2.337500,0.0000000,0.0734999,0.7016070,-0.004077,0.0000016,0.0045001,0.2319830
14,2.341667,0.0000000,0.0734999,0.7015901,-0.004063,0.0000014,0.0045001,0.2319660
14,2.345833,0.0000000,0.0734999,0.7015732,-0.004048,0.0000005,0.0045002,0.2319492
14,2.350000,0.0000000,0.0734999,0.7015564,-0.004020,0.0000016,0.0044992,0.2319324
14,2.354167,0.0000000,0.0734999,0.7015398,-0.004005,0.0000027,0.0044983,0.2319157
14,2.358333,0.0000000,0.0734999,0.7015231,-0.004005,0.0000032,0.0044978,0.2318991
14,2.362500,0.0000000,0.0734999,0.7015065,-0.003977,0.0000023,0.0044984,0.2318825
14,2.366667,0.0000000,0.0734999,0.7014900,-0.003948,0.0000001,0.0045001,0.2318660
14,2.370833,0.0000000,0.0734999,0.7014737,-0.003934,0.0000022,0.0045002,0.2318496
14,2.375000,0.0000000,0.0734999,0.7014573,-0.003934,0.0000030,0.0045006,0.2318332
14,2.379167,0.0000000,0.0734999,0.7014409,-0.003920,0.0000026,0.0045010,0.2318170
14,2.383333,0.0000000,0.0734999,0.7014247,-0.003891,0.0000018,0.0045014,0.2318007
14,2.387500,0.0000000,0.0734999,0.7014086,-0.003862,0.0000022,0.0045005,0.2317846
14,2.391667,0.0000000,0.0734999,0.7013925,-0.003862,0.0000020,0.0044997,0.2317685
14,2.395833,0.0000000,0.0734999,0.7013765,-0.003848,0.0000013,0.0044995,0.2317525
14,2.400000,0.0000000,0.0734999,0.7013606,-0.003819,0.0000002,0.0045001,0.2317365
14,2.404167,0.0000000,0.0734999,0.7013447,-0.003805,0.0000013,0.0044994,0.2317208
14,2.408333,0.0000000,0.0734999,0.7013289,-0.003791,0.0000020,0.0044997,0.2317049
14,2.412500,0.0000000,0.0734999,0.7013133,-0.003762,0.0000021,0.0045005,0.2316893
14,2.416667,0.0000000,0.0734999,0.7012976,-0.003748,0.0000018,0.0045015,0.2316736
14,2.420833,0.0000000,0.0734999,0.7012821,-0.003719,0.0000026,0.0045011,0.2316581
14,2.425000,0.0000000,0.0734999,0.7012666,-0.003734,0.0000030,0.0045006,0.2316426
14,2.429167,0.0000000,0.0734999,0.7012513,-0.003662,0.0000023,0.0045002,0.2316273
14,2.433333,0.0000000,0.0734999,0.7012359,-0.003691,0.0000002,0.0045002,0.2316120
14,2.437500,0.0000000,0.0734999,0.7012208,-0.003633,0.0000024,0.0044983,0.2315968
14,2.441667,0.0000000,0.0734999,0.7012056,-0.003648,0.0000032,0.0044977,0.2315816
14,2.445833,0.0000000,0.0734999,0.7011906,-0.003605,0.0000027,0.0044982,0.2315666
14,2.450000,0.0000000,0.0734999,0.7011756,-0.003591,0.0000016,0.0044991,0.2315516
14,2.454167,0.0000000,0.0734999,0.7011607,-0.003576,0.0000004,0.0045002,0.2315367
14,2.458333,0.0000000,0.0734999,0.7011459,-0.003562,0.0000013,0.0045001,0.2315219
14,2.462500,0.0000000,0.0734999,0.7011312,-0.003533,0.0000015,0.0045001,0.2315072
14,2.466667,0.0000000,0.0734999,0.7011166,-0.003505,0.0000002,0.0045000,0.2314925
14,2.470833,0.0000000,0.0734999,0.7011020,-0.003490,0.0000024,0.0044982,0.2314780
14,2.475000,0.0000000,0.0734999,0.7010875,-0.003476,0.0000040,0.0044969,0.2314635
14,2.479167,0.0000000,0.0734999,0.7010732,-0.003448,0.0000046,0.0044965,0.2314492
14,2.483333,0.0000000,0.0734999,0.7010588,-0.003448,0.0000044,0.0044968,0.2314349
14,2.487500,0.0000000,0.0734999,0.7010447,-0.003390,0.0000034,0.0044976,0.2314207
14,2.491667,0.0000000,0.0734999,0.7010305,-0.003405,0.0000020,0.0044987,0.2314065
14,2.495833,0.0000000,0.0734999,0.7010165,-0.003347,0.0000008,0.0044997,0.2313926
14,2.500000,0.0000000,0.0734999,0.7010026,-0.003347,0.0000002,0.0045000,0.2313786
14,2.504167,0.0000000,0.0734999,0.7009888,-0.003319,0.0000006,0.0044996,0.2313648
14,2.508333,0.0000000,0.0734999,0.7009750,-0.003304,0.0000019,0.0044985,0.2313510
14,2.512500,0.0000000,0.0734999,0.7009614,-0.003262,0.0000033,0.0044973,0.2313374
14,2.516667,0.0000000,0.0734999,0.7009478,-0.003262,0.0000043,0.0044966,0.2313238
14,2.520833,0.0000000,0.0734999,0.7009344,-0.003219,0.0000046,0.0044963,0.2313104
14,2.525000,0.0000000,0.0734999,0.7009210,-0.003219,0.0000042,0.0044968,0.2312970
14,2.529167,0.0000000,0.0734999,0.7009076,-0.003204,0.0000026,0.0044980,0.2312837
14,2.533333,0.0000000,0.0734999,0.7008945,-0.003161,0.0000003,0.0044999,0.2312705
14,2.537500,0.0000000,0.0734999,0.7008814,-0.003133,0.0000014,0.0045000,0.2312574
14,2.541667,0.0000000,0.0734999,0.7008684,-0.003133,0.0000013,0.0045000,0.2312444
14,2.545833,0.0000000,0.0734999,0.7008555,-0.003090,0.0000004,0.0045000,0.2312315
14,2.550000,0.0000000,0.0734999,0.7008427,-0.003076,0.0000015,0.0044988,0.2312187
14,2.554167,0.0000000,0.0734999,0.7008301,-0.003018,0.0000028,0.0044978,0.2312061
14,2.558333,0.0000000,0.0734999,0.7008174,-0.003047,0.0000033,0.0044974,0.2311934
14,2.562500,0.0000000,0.0734999,0.7008049,-0.002990,0.0000026,0.0044980,0.2311809
14,2.566667,0.0000000,0.0734999,0.7007925,-0.002990,0.0000002,0.0045000,0.2311685
14,2.570833,0.0000000,0.0734999,0.7007803,-0.002933,0.0000023,0.0045000,0.2311562
14,2.575000,0.0000000,0.0734999,0.7007680,-0.002947,0.0000031,0.0045000,0.2311440
14,2.579167,0.0000000,0.0734999,0.7007560,-0.002890,0.0000026,0.0045000,0.2311319
14,2.583333,0.0000000,0.0734999,0.7007439,-0.002904,0.0000016,0.0045000,0.2311199
14,2.587500,0.0000000,0.0734999,0.7007321,-0.002832,0.0000003,0.0045000,0.2311080
14,2.591667,0.0000000,0.0734999,0.7007202,-0.002847,0.0000009,0.0044994,0.2310961
14,2.595833,0.0000000,0.0734999,0.7007086,-0.002789,0.0000013,0.0044992,0.2310845
14,2.600000,0.0000000,0.0734999,0.7006969,-0.002789,0.0000004,0.0044999,0.2310729
14,2.604167,0.0000000,0.0734999,0.7006854,-0.002761,0.0000011,0.0045000,0.2310614
14,2.608333,0.0000000,0.0734999,0.7006740,-0.002747,0.0000018,0.0045000,0.2310500
14,2.612500,0.0000000,0.0734999,0.7006627,-0.002704,0.0000020,0.0045000,0.2310387
14,2.616667,0.0000000,0.0734999,0.7006516,-0.002675,0.0000016,0.0045000,0.2310275
14,2.620833,0.0000000,0.0734999,0.7006406,-0.002646,0.0000011,0.0045000,0.2310165
14,2.625000,0.0000000,0.0734999,0.7006295,-0.002661,0.0000005,0.0045000,0.2310055
14,2.629167,0.0000000,0.0734999,0.7006187,-0.002589,0.0000003,0.0045000,0.2309947
14,2.633333,0.0000000,0.0734999,0.7006079,-0.002589,0.0000004,0.0045000,0.2309839
14,2.637500,0.0000000,0.0734999,0.7005973,-0.002532,0.0000004,0.0045000,0.2309733
14,2.641667,0.0000000,0.0734999,0.7005867,-0.002546,0.0000005,0.0045000,0.2309627
14,2.645833,0.0000000,0.0734999,0.7005764,-0.002475,0.0000006,0.0045000,0.2309524
14,2.650000,0.0000000,0.0734999,0.7005660,-0.002503,0.0000007,0.0045000,0.2309420
14,2.654167,0.0000000,0.0734999,0.7005558,-0.002446,0.0000006,0.0045000,0.2309318
14,2.658333,0.0000000,0.0734999,0.7005457,-0.002432,0.0000005,0.0045000,0.2309217
14,2.662500,0.0000000,0.0734999,0.7005358,-0.002375,0.0000004,0.0045000,0.2309118
14,2.666667,0.0000000,0.0734999,0.7005258,-0.002389,0.0000004,0.0045000,0.2309018
14,2.670833,0.0000000,0.0734999,0.7005162,-0.002317,0.0000003,0.0045000,0.2308921
14,2.675000,0.0000000,0.0734999,0.7005064,-0.002332,0.0000005,0.0045000,0.2308824
14,2.679167,0.0000000,0.0734999,0.7004970,-0.002275,0.0000011,0.0045000,0.2308729
14,2.683333,0.0000000,0.0734999,0.7004874,-0.002289,0.0000016,0.0045000,0.2308635
14,2.687500,0.0000000,0.0734999,0.7004783,-0.002203,0.0000020,0.0045000,0.2308542
14,2.691667,0.0000000,0.0734999,0.7004690,-0.002232,0.0000019,0.0045000,0.2308449
14,2.695833,0.0000000,0.0734999,0.7004599,-0.002174,0.0000012,0.0045000,0.2308359
14,2.700000,0.0000000,0.0734999,0.7004510,-0.002146,0.0000004,0.0045000,0.2308269
14,2.704167,0.0000000,0.0734999,0.7004421,-0.002117,0.0000012,0.0044992,0.2308181
14,2.708333,0.0000000,0.0734999,0.7004334,-0.002103,0.0000009,0.0044994,0.2308093
14,2.712500,0.0000000,0.0734999,0.7004248,-0.002060,0.0000003,0.0045000,0.2308007
14,2.716667,0.0000000,0.0734999,0.7004162,-0.002060,0.0000016,0.0045000,0.2307922
14,2.720833,0.0000000,0.0734999,0.7004079,-0.002003,0.0000026,0.0045000,0.2307838
14,2.725000,0.0000000,0.0734999,0.7003995,-0.002003,0.0000031,0.0045000,0.2307755
14,2.729167,0.0000000,0.0734999,0.7003914,-0.001960,0.0000023,0.0045000,0.2307674
14,2.733333,0.0000000,0.0734999,0.7003832,-0.001945,0.0000002,0.0045000,0.2307593
14,2.737500,0.0000000,0.0734999,0.7003754,-0.001874,0.0000026,0.0044980,0.2307514
14,2.741667,0.0000000,0.0734999,0.7003676,-0.001874,0.0000032,0.0044974,0.2307436
14,2.745833,0.0000000,0.0734999,0.7003599,-0.001845,0.0000027,0.0044978,0.2307359
14,2.750000,0.0000000,0.0734999,0.7003523,-0.001831,0.0000015,0.0044988,0.2307283
14,2.754167,0.0000000,0.0734999,0.7003449,-0.001788,0.0000004,0.0045000,0.2307209
14,2.758333,0.0000000,0.0734999,0.7003375,-0.001760,0.0000013,0.0045000,0.2307135
14,2.762500,0.0000000,0.0734999,0.7003304,-0.001717,0.0000014,0.0045000,0.2307063
14,2.766667,0.0000000,0.0734999,0.7003232,-0.001731,0.0000003,0.0044999,0.2306992
14,2.770833,0.0000000,0.0734999,0.7003163,-0.001645,0.0000027,0.0044980,0.2306923
14,2.775000,0.0000000,0.0734999,0.7003094,-0.001659,0.0000041,0.0044968,0.2306854
14,2.779167,0.0000000,0.0734999,0.7003027,-0.001616,0.0000047,0.0044963,0.2306786
14,2.783333,0.0000000,0.0734999,0.7002960,-0.001602,0.0000044,0.0044966,0.2306720
14,2.787500,0.0000000,0.0734999,0.7002895,-0.001545,0.0000034,0.0044973,0.2306656
14,2.791667,0.0000000,0.0734999,0.7002831,-0.001545,0.0000019,0.0044985,0.2306592
14,2.795833,0.0000000,0.0734999,0.7002770,-0.001473,0.0000006,0.0044995,0.2306530
14,2.800000,0.0000000,0.0734999,0.7002708,-0.001488,0.0000002,0.0045000,0.2306468
14,2.804167,0.0000000,0.0734999,0.7002648,-0.001431,0.0000008,0.0044997,0.2306408
14,2.808333,0.0000000,0.0734999,0.7002589,-0.001431,0.0000020,0.0044987,0.2306348
14,2.812500,0.0000000,0.0734999,0.7002531,-0.001373,0.0000034,0.0044976,0.2306291
14,2.816667,0.0000000,0.0734999,0.7002475,-0.001359,0.0000043,0.0044968,0.2306235
14,2.820833,0.0000000,0.0734999,0.7002420,-0.001316,0.0000046,0.0044965,0.2306180
14,2.825000,0.0000000,0.0734999,0.7002366,-0.001302,0.0000039,0.0044970,0.2306125
14,2.829167,0.0000000,0.0734999,0.7002314,-0.001245,0.0000024,0.0044982,0.2306073
14,2.833333,0.0000000,0.0734999,0.7002261,-0.001259,0.0000002,0.0045000,0.2306021
14,2.837500,0.0000000,0.0734999,0.7002212,-0.001187,0.0000015,0.0045001,0.2305972
14,2.841667,0.0000000,0.0734999,0.7002162,-0.001187,0.0000012,0.0045001,0.2305922
14,2.845833,0.0000000,0.0734999,0.7002115,-0.001130,0.0000004,0.0045002,0.2305875
14,2.850000,0.0000000,0.0734999,0.7002069,-0.001116,0.0000016,0.0044991,0.2305828
14,2.854167,0.0000000,0.0734999,0.7002024,-0.001073,0.0000027,0.0044981,0.2305784
14,2.858333,0.0000000,0.0734999,0.7001979,-0.001073,0.0000031,0.0044978,0.2305739
14,2.862500,0.0000000,0.0734999,0.7001937,-0.001016,0.0000023,0.0044984,0.2305697
14,2.866667,0.0000000,0.0734999,0.7001895,-0.001001,0.0000002,0.0045001,0.2305655
14,2.870833,0.0000000,0.0734999,0.7001855,-0.000958,0.0000022,0.0045002,0.2305615
14,2.875000,0.0000000,0.0734999,0.7001816,-0.000944,0.0000030,0.0045006,0.2305576
14,2.879167,0.0000000,0.0734999,0.7001779,-0.000887,0.0000027,0.0045011,0.2305539
14,2.883333,0.0000000,0.0734999,0.7001742,-0.000901,0.0000018,0.0045015,0.2305502
14,2.887500,0.0000000,0.0734999,0.7001707,-0.000830,0.0000022,0.0045005,0.2305467
14,2.891667,0.0000000,0.0734999,0.7001673,-0.000815,0.0000020,0.0044997,0.2305433
14,2.895833,0.0000000,0.0734999,0.7001641,-0.000772,0.0000013,0.0044994,0.2305401
14,2.900000,0.0000000,0.0734999,0.7001609,-0.000772,0.0000001,0.0045001,0.2305369
14,2.904167,0.0000000,0.0734999,0.7001579,-0.000701,0.0000013,0.0044995,0.2305339
14,2.908333,0.0000000,0.0734999,0.7001550,-0.000715,0.0000020,0.0044997,0.2305309
14,2.912500,0.0000000,0.0734999,0.7001523,-0.000644,0.0000021,0.0045005,0.2305283
14,2.916667,0.0000000,0.0734999,0.7001496,-0.000644,0.0000018,0.0045015,0.2305256
14,2.920833,0.0000000,0.0734999,0.7001472,-0.000587,0.0000026,0.0045010,0.2305231
14,2.925000,0.0000000,0.0734999,0.7001447,-0.000587,0.0000030,0.0045006,0.2305207
14,2.929167,0.0000000,0.0734999,0.7001426,-0.000501,0.0000023,0.0045002,0.2305185
14,2.933333,0.0000000,0.0734999,0.7001404,-0.000544,0.0000002,0.0045002,0.2305163
14,2.937500,0.0000000,0.0734999,0.7001384,-0.000472,0.0000024,0.0044983,0.2305144
14,2.941667,0.0000000,0.0734999,0.7001365,-0.000443,0.0000031,0.0044978,0.2305125
14,2.945833,0.0000000,0.0734999,0.7001349,-0.000401,0.0000027,0.0044982,0.2305108
14,2.950000,0.0000000,0.0734999,0.7001332,-0.000401,0.0000016,0.0044992,0.2305092
14,2.954167,0.0000000,0.0734999,0.7001318,-0.000343,0.0000005,0.0045002,0.2305078
14,2.958333,0.0000000,0.0734999,0.7001303,-0.000358,0.0000014,0.0045001,0.2305063
14,2.962500,0.0000000,0.0734999,0.7001292,-0.000257,0.0000015,0.0045001,0.2305052
14,2.966667,0.0000000,0.0734999,0.7001281,-0.000272,0.0000003,0.0045000,0.2305040
14,2.970833,0.0000000,0.0734999,0.7001271,-0.000229,0.0000024,0.0044983,0.2305031
14,2.975000,0.0000000,0.0734999,0.7001262,-0.000215,0.0000039,0.0044972,0.2305022
14,2.979167,0.0000000,0.0734999,0.7001256,-0.000157,0.0000045,0.0044967,0.2305016
14,2.983333,0.0000000,0.0734999,0.7001250,-0.000143,0.0000043,0.0044969,0.2305009
14,2.987500,0.0000000,0.0734999,0.7001245,-0.000114,0.0000033,0.0044977,0.2305005
14,2.991667,0.0000000,0.0734999,0.7001241,-0.000086,0.0000020,0.0044988,0.2305002
14,2.995833,0.0000000,0.0734999,0.7001241,-0.000014,0.0000008,0.0044997,0.2305000
14,3.000000,0.0000000,0.0734999,0.7001240,-0.000029,0.0000002,0.0045000,0.2304999
14,3.004167,0.0000000,0.0734999,0.7001241,0.000029,0.0000006,0.0044996,0.2305000
14,3.008333,0.0000000,0.0734999,0.7001241,0.000014,0.0000019,0.0044985,0.2305002
14,3.012500,0.0000000,0.0734999,0.7001245,0.000086,0.0000033,0.0044974,0.2305005
14,3.016667,0.0000000,0.0734999,0.7001250,0.000114,0.0000042,0.0044967,0.2305009
14,3.020833,0.0000000,0.0734999,0.7001256,0.000143,0.0000046,0.0044964,0.2305016
14,3.025000,0.0000000,0.0734999,0.7001262,0.000157,0.0000041,0.0044969,0.2305022
14,3.029167,0.0000000,0.0734999,0.7001271,0.000215,0.0000026,0.0044981,0.2305031
14,3.033333,0.0000000,0.0734999,0.7001281,0.000229,0.0000003,0.0045000,0.2305040
14,3.037500,0.0000000,0.0734999,0.7001292,0.000272,0.0000015,0.0045000,0.2305052
14,3.041667,0.0000000,0.0734999,0.7001303,0.000257,0.0000013,0.0045000,0.2305063
14,3.045833,0.0000000,0.0734999,0.7001318,0.000358,0.0000004,0.0045000,0.2305078
14,3.050000,0.0000000,0.0734999,0.7001332,0.000343,0.0000014,0.0044988,0.2305092
14,3.054167,0.0000000,0.0734999,0.7001349,0.000401,0.0000028,0.0044978,0.2305108
14,3.058333,0.0000000,0.0734999,0.7001365,0.000401,0.0000033,0.0044973,0.2305125
14,3.062500,0.0000000,0.0734999,0.7001384,0.000443,0.0000026,0.0044980,0.2305144
14,3.066667,0.0000000,0.0734999,0.7001404,0.000472,0.0000002,0.0045000,0.2305163
14,3.070833,0.0000000,0.0734999,0.7001426,0.000544,0.0000023,0.0045000,0.2305185
14,3.075000,0.0000000,0.0734999,0.7001447,0.000501,0.0000031,0.0045000,0.2305207
14,3.079167,0.0000000,0.0734999,0.7001472,0.000587,0.0000026,0.0045000,0.2305231
14,3.083333,0.0000000,0.0734999,0.7001496,0.000587,0.0000016,0.0045000,0.2305256
14,3.087500,0.0000000,0.0734999,0.7001523,0.000644,0.0000003,0.0045000,0.2305283
14,3.091667,0.0000000,0.0734999,0.7001550,0.000644,0.0000009,0.0044994,0.2305309
14,3.095833,0.0000000,0.0734999,0.7001579,0.000715,0.0000012,0.0044992,0.2305339
14,3.100000,0.0000000,0.0734999,0.7001609,0.000701,0.0000004,0.0045000,0.2305369
14,3.104167,0.0000000,0.0734999,0.7001641,0.000772,0.0000012,0.0045000,0.2305401
14,3.108333,0.0000000,0.0734999,0.7001673,0.000772,0.0000019,0.0045000,0.2305433
14,3.112500,0.0000000,0.0734999,0.7001707,0.000815,0.0000020,0.0045000,0.2305467
14,3.116667,0.0000000,0.0734999,0.7001742,0.000830,0.0000018,0.0045000,0.2305502
14,3.120833,0.0000000,0.0734999,0.7001779,0.000901,0.0000012,0.0045000,0.2305539
14,3.125000,0.0000000,0.0734999,0.7001816,0.000887,0.0000007,0.0045000,0.2305576
14,3.129167,0.0000000,0.0734999,0.7001855,0.000944,0.0000005,0.0045000,0.2305615
14,3.133333,0.0000000,0.0734999,0.7001895,0.000958,0.0000005,0.0045000,0.2305655
14,3.137500,0.0000000,0.0734999,0.7001937,0.001001,0.0000005,0.0045000,0.2305697
14,3.141667,0.0000000,0.0734999,0.7001979,0.001016,0.0000007,0.0045000,0.2305739
14,3.145833,0.0000000,0.0734999,0.7002024,0.001073,0.0000008,0.0045000,0.2305784
14,3.150000,0.0000000,0.0734999,0.7002069,0.001073,0.0000008,0.0045000,0.2305828
14,3.154167,0.0000000,0.0734999,0.7002115,0.001116,0.0000008,0.0045000,0.2305875
14,3.158333,0.0000000,0.0734999,0.7002162,0.001130,0.0000007,0.0045000,0.2305922
14,3.162500,0.0000000,0.0734999,0.7002212,0.001187,0.0000005,0.0045000,0.2305972
14,3.166667,0.0000000,0.0734999,0.7002261,0.001187,0.0000005,0.0045000,0.2306021
14,3.170833,0.0000000,0.0734999,0.7002314,0.001259,0.0000005,0.0045000,0.2306073
14,3.175000,0.0000000,0.0734999,0.7002366,0.001245,0.0000007,0.0045000,0.2306125
14,3.179167,0.0000000,0.0734999,0.7002420,0.001302,0.0000012,0.0045000,0.2306180
14,3.183333,0.0000000,0.0734999,0.7002475,0.001316,0.0000017,0.0045000,0.2306235
14,3.187500,0.0000000,0.0734999,0.7002531,0.001359,0.0000020,0.0045000,0.2306291
14,3.191667,0.0000000,0.0734999,0.7002589,0.001373,0.0000019,0.0045000,0.2306348
14,3.195833,0.0000000,0.0734999,0.7002648,0.001431,0.0000012,0.0045000,0.2306408
14,3.200000,0.0000000,0.0734999,0.7002708,0.001431,0.0000004,0.0045000,0.2306468
14,3.204167,0.0000000,0.0734999,0.7002770,0.001488,0.0000012,0.0044992,0.2306530
14,3.208333,0.0000000,0.0734999,0.7002831,0.001473,0.0000009,0.0044995,0.2306592
14,3.212500,0.0000000,0.0734999,0.7002895,0.001545,0.0000003,0.0045000,0.2306656
14,3.216667,0.0000000,0.0734999,0.7002960,0.001545,0.0000016,0.0045000,0.2306720
14,3.220833,0.0000000,0.0734999,0.7003027,0.001602,0.0000026,0.0045000,0.2306786
14,3.225000,0.0000000,0.0734999,0.7003094,0.001616,0.0000031,0.0045000,0.2306854
14,3.229167,0.0000000,0.0734999,0.7003163,0.001659,0.0000023,0.0045000,0.2306923
14,3.233333,0.0000000,0.0734999,0.7003232,0.001645,0.0000002,0.0045000,0.2306992
14,3.237500,0.0000000,0.0734999,0.7003304,0.001731,0.0000026,0.0044980,0.2307063
14,3.241667,0.0000000,0.0734999,0.7003375,0.001717,0.0000032,0.0044974,0.2307135
14,3.245833,0.0000000,0.0734999,0.7003449,0.001760,0.0000027,0.0044979,0.2307209
14,3.250000,0.0000000,0.0734999,0.7003523,0.001788,0.0000014,0.0044989,0.2307283
14,3.254167,0.0000000,0.0734999,0.7003599,0.001831,0.0000004,0.0045000,0.2307359
14,3.258333,0.0000000,0.0734999,0.7003676,0.001845,0.0000014,0.0045000,0.2307436
14,3.262500,0.0000000,0.0734999,0.7003754,0.001874,0.0000015,0.0045000,0.2307514
14,3.266667,0.0000000,0.0734999,0.7003832,0.001874,0.0000003,0.0045000,0.2307593
14,3.270833,0.0000000,0.0734999,0.7003914,0.001945,0.0000026,0.0044982,0.2307674
14,3.275000,0.0000000,0.0734999,0.7003995,0.001960,0.0000040,0.0044970,0.2307755
14,3.279167,0.0000000,0.0734999,0.7004079,0.002003,0.0000046,0.0044965,0.2307838
14,3.283333,0.0000000,0.0734999,0.7004162,0.002003,0.0000043,0.0044967,0.2307922
14,3.287500,0.0000000,0.0734999,0.7004248,0.002060,0.0000032,0.0044974,0.2308007
14,3.291667,0.0000000,0.0734999,0.7004334,0.002060,0.0000018,0.0044986,0.2308093
14,3.295833,0.0000000,0.0734999,0.7004421,0.002103,0.0000006,0.0044997,0.2308181
14,3.300000,0.0000000,0.0734999,0.7004510,0.002117,0.0000003,0.0045000,0.2308269
14,3.304167,0.0000000,0.0734999,0.7004599,0.002146,0.0000008,0.0044998,0.2308359
14,3.308333,0.0000000,0.0734999,0.7004690,0.002174,0.0000020,0.0044989,0.2308449
14,3.312500,0.0000000,0.0734999,0.7004783,0.002232,0.0000033,0.0044978,0.2308542
14,3.316667,0.0000000,0.0734999,0.7004874,0.002203,0.0000042,0.0044970,0.2308635
14,3.320833,0.0000000,0.0734999,0.7004970,0.002289,0.0000045,0.0044967,0.2308729
14,3.325000,0.0000000,0.0734999,0.7005064,0.002275,0.0000038,0.0044972,0.2308824
14,3.329167,0.0000000,0.0734999,0.7005162,0.002332,0.0000023,0.0044983,0.2308921
14,3.333333,0.0000000,0.0734999,0.7005258,0.002317,0.0000003,0.0045000,0.2309018
14,3.337500,0.0000000,0.0734999,0.7005358,0.002389,0.0000016,0.0045000,0.2309118
14,3.341667,0.0000000,0.0734999,0.7005457,0.002375,0.0000014,0.0045000,0.2309217
14,3.345833,0.0000000,0.0734999,0.7005558,0.002432,0.0000005,0.0045000,0.2309318
14,3.350000,0.0000000,0.0734999,0.7005660,0.002446,0.0000016,0.0044992,0.2309420
14,3.354167,0.0000000,0.0734999,0.7005764,0.002503,0.0000027,0.0044983,0.2309524
14,3.358333,0.0000000,0.0734999,0.7005867,0.002475,0.0000032,0.0044978,0.2309627
14,3.362500,0.0000000,0.0734999,0.7005973,0.002546,0.0000023,0.0044984,0.2309733
14,3.366667,0.0000000,0.0734999,0.7006079,0.002532,0.0000001,0.0045000,0.2309839
14,3.370833,0.0000000,0.0734999,0.7006187,0.002589,0.0000022,0.0045000,0.2309947
14,3.375000,0.0000000,0.0734999,0.7006295,0.002589,0.0000030,0.0045000,0.2310055
14,3.379167,0.0000000,0.0734999,0.7006406,0.002661,0.0000026,0.0045000,0.2310165
14,3.383333,0.0000000,0.0734999,0.7006516,0.002646,0.0000016,0.0045000,0.2310275
14,3.387500,0.0000000,0.0734999,0.7006627,0.002675,0.0000004,0.0045000,0.2310387
14,3.391667,0.0000000,0.0734999,0.7006740,0.002704,0.0000007,0.0044997,0.2310500
14,3.395833,0.0000000,0.0734999,0.7006854,0.002747,0.0000010,0.0044995,0.2310614
14,3.400000,0.0000000,0.0734999,0.7006969,0.002761,0.0000002,0.0045000,0.2310729
14,3.404167,0.0000000,0.0734999,0.7007086,0.002789,0.0000013,0.0045000,0.2310845
14,3.408333,0.0000000,0.0734999,0.7007202,0.002789,0.0000020,0.0045000,0.2310961
14,3.412500,0.0000000,0.0734999,0.7007321,0.002847,0.0000021,0.0045000,0.2311080
14,3.416667,0.0000000,0.0734999,0.7007439,0.002832,0.0000018,0.0045000,0.2311199
14,3.420833,0.0000000,0.0734999,0.7007560,0.002904,0.0000012,0.0045000,0.2311319
14,3.425000,0.0000000,0.0734999,0.7007680,0.002890,0.0000006,0.0045000,0.2311440
14,3.429167,0.0000000,0.0734999,0.7007803,0.002947,0.0000002,0.0045000,0.2311562
14,3.433333,0.0000000,0.0734999,0.7007925,0.002933,0.0000002,0.0045000,0.2311685
14,3.437500,0.0000000,0.0734999,0.7008049,0.002990,0.0000003,0.0045000,0.2311809
14,3.441667,0.0000000,0.0734999,0.7008174,0.002990,0.0000003,0.0045000,0.2311934
14,3.445833,0.0000000,0.0734999,0.7008301,0.003047,0.0000003,0.0045000,0.2312061
14,3.450000,0.0000000,0.0734999,0.7008427,0.003018,0.0000002,0.0045000,0.2312187
14,3.454167,0.0000000,0.0734999,0.7008555,0.003076,0.0000001,0.0045000,0.2312315
14,3.458333,0.0000000,0.0734999,0.7008684,0.003090,0.0000001,0.0045000,0.2312444
14,3.462500,0.0000000,0.0734999,0.7008814,0.003133,0.0000001,0.0045000,0.2312574
14,3.466667,0.0000000,0.0734999,0.7008945,0.003133,0.0000001,0.0045000,0.2312705
14,3.470833,0.0000000,0.0734999,0.7009078,0.003190,0.0000001,0.0044999,0.2312837
14,3.475000,0.0000000,0.0734999,0.7009210,0.003176,0.0000002,0.0045000,0.2312970
14,3.479167,0.0000000,0.0734999,0.7009344,0.003219,0.0000002,0.0045000,0.2313104
14,3.483333,0.0000000,0.0734999,0.7009478,0.003219,0.0000001,0.0045000,0.2313238
14,3.487500,0.0000000,0.0734999,0.7009614,0.003262,0.0000001,0.0045000,0.2313374
14,3.491667,0.0000000,0.0734999,0.7009750,0.003262,0.0000001,0.0045000,0.2313510
14,3.495833,0.0000000,0.0734999,0.7009888,0.003304,0.0000001,0.0045000,0.2313648
14,3.500000,0.0000000,0.0734999,0.7010026,0.003319,0.0000001,0.0045000,0.2313786
14,3.504167,0.0000000,0.0734999,0.7010165,0.003347,0.0000001,0.0045000,0.2313926
14,3.508333,0.0000000,0.0734999,0.7010305,0.003347,0.0000001,0.0045000,0.2314065
14,3.512500,0.0000000,0.0734999,0.7010447,0.003405,0.0000001,0.0045000,0.2314207
14,3.516667,0.0000000,0.0734999,0.7010588,0.003390,0.0000001,0.0045000,0.2314349
14,3.520833,0.0000000,0.0734999,0.7010732,0.003448,0.0000001,0.0045000,0.2314492
14,3.525000,0.0000000,0.0734999,0.7010875,0.003448,0.0000001,0.0045000,0.2314635
14,3.529167,0.0000000,0.0734999,0.7011020,0.003476,0.0000001,0.0045000,0.2314780
14,3.533333,0.0000000,0.0734999,0.7011166,0.003490,0.0000001,0.0045000,0.2314925
14,3.537500,0.0000000,0.0734999,0.7011312,0.003505,0.0000001,0.0045000,0.2315072
14,3.541667,0.0000000,0.0734999,0.7011459,0.003533,0.0000001,0.0045000,0.2315219
14,3.545833,0.0000000,0.0734999,0.7011607,0.003562,0.0000001,0.0045000,0.2315367
14,3.550000,0.0000000,0.0734999,0.7011756,0.003576,0.0000001,0.0045000,0.2315516
14,3.554167,0.0000000,0.0734999,0.7011906,0.003591,0.0000001,0.0045000,0.2315666
14,3.558333,0.0000000,0.0734999,0.7012056,0.003605,0.0000001,0.0045000,0.2315816
14,3.562500,0.0000000,0.0734999,0.7012208,0.003648,0.0000001,0.0045000,0.2315968
14,3.566667,0.0000000,0.0734999,0.7012359,0.003633,0.0000001,0.0045000,0.2316120
14,3.570833,0.0000000,0.0734999,0.7012513,0.003691,0.0000001,0.0045000,0.2316273
14,3.575000,0.0000000,0.0734999,0.7012666,0.003662,0.0000001,0.0045000,0.2316426
14,3.579167,0.0000000,0.0734999,0.7012821,0.003734,0.0000001,0.0045000,0.2316581
14,3.583333,0.0000000,0.0734999,0.7012976,0.003719,0.0000001,0.0045000,0.2316736
14,3.587500,0.0000000,0.0734999,0.7013133,0.003748,0.0000001,0.0045000,0.2316893
14,3.591667,0.0000000,0.0734999,0.7013289,0.003762,0.0000001,0.0045000,0.2317049
14,3.595833,0.0000000,0.0734999,0.7013447,0.003791,0.0000001,0.0045000,0.2317208
14,3.600000,0.0000000,0.0734999,0.7013606,0.003805,0.0000001,0.0045000,0.2317365
14,3.604167,0.0000000,0.0734999,0.7013765,0.003819,0.0000001,0.0045000,0.2317525
14,3.608333,0.0000000,0.0734999,0.7013925,0.003848,0.0000001,0.0045000,0.2317685
14,3.612500,0.0000000,0.0734999,0.7014086,0.003862,0.0000001,0.0045000,0.2317846
14,3.616667,0.0000000,0.0734999,0.7014247,0.003862,0.0000001,0.0045000,0.2318007
14,3.620833,0.0000000,0.0734999,0.7014409,0.003891,0.0000001,0.0045000,0.2318170
14,3.625000,0.0000000,0.0734999,0.7014573,0.003920,0.0000001,0.0045000,0.2318332
14,3.629167,0.0000000,0.0734999,0.7014737,0.003934,0.0000001,0.0045000,0.2318496
14,3.633333,0.0000000,0.0734999,0.7014900,0.003934,0.0000001,0.0045000,0.2318660
14,3.637500,0.0000000,0.0734999,0.7015065,0.003948,0.0000001,0.0045000,0.2318825
14,3.641667,0.0000000,0.0734999,0.7015231,0.003977,0.0000001,0.0045000,0.2318991
14,3.645833,0.0000000,0.0734999,0.7015398,0.004005,0.0000001,0.0045000,0.2319157
14,3.650000,0.0000000,0.0734999,0.7015564,0.004005,0.0000001,0.0045000,0.2319324
14,3.654167,0.0000000,0.0734999,0.7015734,0.004063,0.0000001,0.0045000,0.2319493
14,3.658333,0.0000000,0.0734999,0.7015902,0.004048,0.0000001,0.0045000,0.2319663
14,3.662500,0.0000000,0.0734999,0.7016078,0.004220,0.0000001,0.0045000,0.2319838
14,3.666667,0.0000000,0.0734999,0.7016255,0.004234,0.0000001,0.0045000,0.2320014
14,3.670833,0.0000000,0.0734999,0.7016442,0.004492,0.0000001,0.0045000,0.2320201
14,3.675000,0.0000000,0.0734999,0.7016629,0.004492,0.0000001,0.0045000,0.2320389
14,3.679167,0.0000000,0.0734999,0.7016830,0.004821,0.0000001,0.0045000,0.2320590
14,3.683333,0.0000000,0.0734999,0.7017031,0.004835,0.0000001,0.0045000,0.2320791
14,3.687500,0.0000000,0.0734999,0.7017249,0.005221,0.0000001,0.0045000,0.2321009
14,3.691667,0.0000000,0.0734999,0.7017466,0.005207,0.0000001,0.0045000,0.2321226
14,3.695833,0.0000000,0.0734999,0.7017702,0.005665,0.0000001,0.0045000,0.2321461
14,3.700000,0.0000000,0.0734999,0.7017937,0.005636,0.0000001,0.0045000,0.2321696
14,3.704167,0.0000000,0.0734999,0.7018189,0.006051,0.0000001,0.0045000,0.2321949
14,3.708333,0.0000000,0.0734999,0.7018441,0.006051,0.0000001,0.0045000,0.2322201
14,3.712500,0.0000000,0.0734999,0.7018712,0.006495,0.0000001,0.0045000,0.2322471
14,3.716667,0.0000000,0.0734999,0.7018980,0.006452,0.0000001,0.0045000,0.2322741
14,3.720833,0.0000000,0.0734999,0.7019266,0.006866,0.0000001,0.0045000,0.2323027
14,3.725000,0.0000000,0.0734999,0.7019552,0.006852,0.0000001,0.0045000,0.2323312
14,3.729167,0.0000000,0.0734999,0.7019852,0.007210,0.0000001,0.0045000,0.2323612
14,3.733333,0.0000000,0.0734999,0.7020152,0.007195,0.0000001,0.0045000,0.2323912
14,3.737500,0.0000000,0.0734999,0.7020464,0.007482,0.0000001,0.0045000,0.2324224
14,3.741667,0.0000000,0.0734999,0.7020776,0.007496,0.0000001,0.0045000,0.2324536
14,3.745833,0.0000000,0.0734999,0.7021098,0.007725,0.0000001,0.0045000,0.2324858
14,3.750000,0.0000000,0.0734999,0.7021419,0.007710,0.0000001,0.0045000,0.2325180
14,3.754167,0.0000000,0.0734999,0.7021749,0.007911,0.0000001,0.0045000,0.2325509
14,3.758333,0.0000000,0.0734999,0.7022078,0.007896,0.0000001,0.0045000,0.2325838
14,3.762500,0.0000000,0.0734999,0.7022411,0.007997,0.0000001,0.0045000,0.2326171
14,3.766667,0.0000000,0.0734999,0.7022745,0.008011,0.0000001,0.0045000,0.2326505
14,3.770833,0.0000000,0.0734999,0.7023079,0.008025,0.0000001,0.0045000,0.2326839
14,3.775000,0.0000000,0.0734999,0.7023414,0.008025,0.0000001,0.0045000,0.2327174
14,3.779167,0.0000000,0.0734999,0.7023747,0.007997,0.0000001,0.0045000,0.2327507
14,3.783333,0.0000000,0.0734999,0.7024080,0.007982,0.0000001,0.0045000,0.2327840
14,3.787500,0.0000000,0.0734999,0.7024408,0.007882,0.0000001,0.0045000,0.2328168
14,3.791667,0.0000000,0.0734999,0.7024737,0.007896,0.0000001,0.0045000,0.2328497
14,3.795833,0.0000000,0.0734999,0.7025058,0.007710,0.0000001,0.0045000,0.2328818
14,3.800000,0.0000000,0.0734999,0.7025380,0.007710,0.0000001,0.0045000,0.2329139
14,3.804167,0.0000000,0.0734999,0.7025691,0.007467,0.0000001,0.0045000,0.2329450
14,3.808333,0.0000000,0.0734999,0.7026002,0.007467,0.0000001,0.0045000,0.2329762
14,3.812500,0.0000000,0.0734999,0.7026300,0.007167,0.0000001,0.0045000,0.2330060
14,3.816667,0.0000000,0.0734999,0.7026600,0.007181,0.0000001,0.0045000,0.2330359
14,3.820833,0.0000000,0.0734999,0.7026883,0.006809,0.0000001,0.0045000,0.2330643
14,3.825000,0.0000000,0.0734999,0.7027168,0.006824,0.0000001,0.0045000,0.2330928
14,3.829167,0.0000000,0.0734999,0.7027435,0.006409,0.0000001,0.0045000,0.2331195
14,3.833333,0.0000000,0.0734999,0.7027703,0.006437,0.0000001,0.0045000,0.2331463
14,3.837500,0.0000000,0.0734999,0.7027953,0.005994,0.0000001,0.0045000,0.2331713
14,3.841667,0.0000000,0.0734999,0.7028202,0.005994,0.0000001,0.0045000,0.2331962
14,3.845833,0.0000000,0.0734999,0.7028432,0.005522,0.0000001,0.0045000,0.2332193
14,3.850000,0.0000000,0.0734999,0.7028663,0.005522,0.0000001,0.0045000,0.2332423
14,3.854167,0.0000000,0.0734999,0.7028873,0.005050,0.0000001,0.0045000,0.2332633
14,3.858333,0.0000000,0.0734999,0.7029083,0.005035,0.0000001,0.0045000,0.2332843
14,3.862500,0.0000000,0.0734999,0.7029272,0.004535,0.0000001,0.0045000,0.2333032
14,3.866667,0.0000000,0.0734999,0.7029461,0.004549,0.0000001,0.0045000,0.2333221
14,3.870833,0.0000000,0.0734999,0.7029629,0.004034,0.0000001,0.0045000,0.2333389
14,3.875000,0.0000000,0.0734999,0.7029798,0.004048,0.0000001,0.0045000,0.2333558
14,3.879167,0.0000000,0.0734999,0.7029945,0.003519,0.0000001,0.0045000,0.2333705
14,3.883333,0.0000000,0.0734999,0.7030092,0.003533,0.0000001,0.0045000,0.2333852
14,3.887500,0.0000000,0.0734999,0.7030219,0.003047,0.0000001,0.0045000,0.2333979
14,3.891667,0.0000000,0.0734999,0.7030345,0.003033,0.0000001,0.0045000,0.2334106
14,3.895833,0.0000000,0.0734999,0.7030452,0.002575,0.0000001,0.0045000,0.2334213
14,3.900000,0.0000000,0.0734999,0.7030560,0.002589,0.0000001,0.0045000,0.2334320
14,3.904167,0.0000000,0.0734999,0.7030649,0.002131,0.0000001,0.0045000,0.2334409
14,3.908333,0.0000000,0.0734999,0.7030737,0.002117,0.0000001,0.0045000,0.2334498
14,3.912500,0.0000000,0.0734999,0.7030810,0.001745,0.0000001,0.0045000,0.2334570
14,3.916667,0.0000000,0.0734999,0.7030882,0.001717,0.0000001,0.0045000,0.2334642
14,3.920833,0.0000000,0.0734999,0.7030938,0.001345,0.0000001,0.0045000,0.2334698
14,3.925000,0.0000000,0.0734999,0.7030994,0.001359,0.0000001,0.0045000,0.2334754
14,3.929167,0.0000000,0.0734999,0.7031037,0.001030,0.0000001,0.0045000,0.2334797
14,3.933333,0.0000000,0.0734999,0.7031080,0.001030,0.0000001,0.0045000,0.2334840
14,3.937500,0.0000000,0.0734999,0.7031111,0.000744,0.0000001,0.0045000,0.2334871
14,3.941667,0.0000000,0.0734999,0.7031142,0.000730,0.0000001,0.0045000,0.2334902
14,3.945833,0.0000000,0.0734999,0.7031163,0.000515,0.0000000,0.0045000,0.2334923
14,3.950000,0.0000000,0.0734999,0.7031184,0.000515,0.0000001,0.0045000,0.2334945
14,3.954167,0.0000000,0.0734999,0.7031199,0.000343,0.0000002,0.0045000,0.2334958
14,3.958333,0.0000000,0.0734999,0.7031211,0.000300,0.0000001,0.0045000,0.2334972
14,3.962500,0.0000000,0.0734999,0.7031220,0.000200,0.0000000,0.0045000,0.2334979
14,3.966667,0.0000000,0.0734999,0.7031227,0.000186,0.0000001,0.0045000,0.2334988
14,3.970833,0.0000000,0.0734999,0.7031231,0.000086,0.0000001,0.0045000,0.2334991
14,3.975000,0.0000000,0.0734999,0.7031236,0.000114,0.0000001,0.0045000,0.2334996
14,3.979167,0.0000000,0.0734999,0.7031237,0.000029,0.0000001,0.0045000,0.2334997
14,3.983333,0.0000000,0.0734999,0.7031239,0.000043,0.0000001,0.0045000,0.2334999
14,3.987500,0.0000000,0.0734999,0.7031239,0.000000,0.0000001,0.0045000,0.2334999
14,3.991667,0.0000000,0.0734999,0.7031239,0.000014,0.0000001,0.0045000,0.2334999
14,3.995833,0.0000000,0.0734999,0.7031239,0.000000,0.0000000,0.0045000,0.2334999
14,4.000000,0.0000000,0.0734999,0.7031239,0.000000,0.0000000,0.0045001,0.2334999
15,0.000000,0.0120000,0.5257792,1.1557060,0.000000,0.0000000,0.0025001,0.6857252
15,0.004167,0.0120018,0.5257788,1.1557050,-0.000143,0.0000171,0.0025038,0.6857246
15,0.008333,0.0120035,0.5257784,1.1557050,-0.000086,0.0000242,0.0025055,0.6857241
15,0.012500,0.0120153,0.5257757,1.1557020,-0.000658,0.0000169,0.0025039,0.6857215
15,0.016667,0.0120271,0.5257730,1.1557000,-0.000658,0.0000116,0.0025028,0.6857188
15,0.020833,0.0120579,0.5257661,1.1556930,-0.001631,0.0000051,0.0024993,0.6857119
15,0.025000,0.0120886,0.5257592,1.1556860,-0.001631,0.0000076,0.0024987,0.6857049
15,0.029167,0.0121459,0.5257463,1.1556730,-0.003061,0.0000169,0.0024966,0.6856920
15,0.033333,0.0122031,0.5257334,1.1556600,-0.003090,0.0000002,0.0024999,0.6856789
15,0.037500,0.0122933,0.5257130,1.1556400,-0.004807,0.0000029,0.0025005,0.6856585
15,0.041667,0.0123835,0.5256927,1.1556200,-0.004807,0.0000170,0.0025040,0.6856381
15,0.045833,0.0125118,0.5256637,1.1555920,-0.006781,0.0000062,0.0025020,0.6856095
15,0.050000,0.0126402,0.5256347,1.1555640,-0.006781,0.0000126,0.0025038,0.6855807
15,0.054167,0.0128109,0.5255961,1.1555260,-0.008984,0.0000059,0.0025000,0.6855429
15,0.058333,0.0129817,0.5255576,1.1554890,-0.008984,0.0000030,0.0025013,0.6855048
15,0.062500,0.0131979,0.5255086,1.1554420,-0.011215,0.0000143,0.0024978,0.6854573
15,0.066667,0.0134142,0.5254597,1.1553950,-0.011272,0.0000001,0.0025000,0.6854096
15,0.070833,0.0136782,0.5254000,1.1553380,-0.013676,0.0000082,0.0024968,0.6853519
15,0.075000,0.0139422,0.5253403,1.1552810,-0.013704,0.0000079,0.0025002,0.6852939
15,0.079167,0.0142552,0.5252694,1.1552140,-0.016136,0.0000035,0.0024986,0.6852258
15,0.083333,0.0145682,0.5251985,1.1551470,-0.016165,0.0000096,0.0025028,0.6851575
15,0.087500,0.0149307,0.5251164,1.1550690,-0.018568,0.0000052,0.0025005,0.6850792
15,0.091667,0.0152931,0.5250342,1.1549920,-0.018625,0.0000068,0.0025031,0.6850007
15,0.095833,0.0157047,0.5249409,1.1549040,-0.020943,0.0000099,0.0024992,0.6849124
15,0.100000,0.0161163,0.5248476,1.1548170,-0.021029,0.0000002,0.0025000,0.6848238
15,0.104167,0.0165760,0.5247433,1.1547200,-0.023289,0.0000139,0.0024949,0.6847259
15,0.108333,0.0170357,0.5246390,1.1546220,-0.023375,0.0000035,0.0024970,0.6846275
15,0.112500,0.0175417,0.5245240,1.1545160,-0.025578,0.0000086,0.0024953,0.6845199
15,0.116667,0.0180476,0.5244091,1.1544090,-0.025663,0.0000073,0.0024996,0.6844121
15,0.120833,0.0185976,0.5242841,1.1542930,-0.027695,0.0000017,0.0024991,0.6842961
15,0.125000,0.0191476,0.5241591,1.1541780,-0.027781,0.0000100,0.0025027,0.6841797
15,0.129167,0.0197386,0.5240247,1.1540540,-0.029583,0.0000036,0.0025003,0.6840557
15,0.133333,0.0203296,0.5238903,1.1539310,-0.029697,0.0000001,0.0025001,0.6839315
15,0.137500,0.0209583,0.5237471,1.1538000,-0.031414,0.0000152,0.0024949,0.6838003
15,0.141667,0.0215870,0.5236041,1.1536680,-0.031528,0.0000062,0.0024960,0.6836688
15,0.145833,0.0222495,0.5234532,1.1535310,-0.032988,0.0000101,0.0024948,0.6835313
15,0.150000,0.0229119,0.5233023,1.1533930,-0.033073,0.0000058,0.0024982,0.6833935
15,0.154167,0.0236040,0.5231445,1.1532500,-0.034418,0.0000037,0.0024982,0.6832504
15,0.158333,0.0242961,0.5229868,1.1531060,-0.034475,0.0000119,0.0025015,0.6831072
15,0.162500,0.0250131,0.5228232,1.1529580,-0.035477,0.0000034,0.0025003,0.6829599
15,0.166667,0.0257302,0.5226595,1.1528100,-0.035591,0.0000002,0.0025000,0.6828125
15,0.170833,0.0264675,0.5224912,1.1526590,-0.036335,0.0000132,0.0024961,0.6826621
15,0.175000,0.0272047,0.5223230,1.1525070,-0.036478,0.0000097,0.0024963,0.6825116
15,0.179167,0.0279572,0.5221510,1.1523520,-0.037022,0.0000088,0.0024962,0.6823587
15,0.183333,0.0287096,0.5219791,1.1521980,-0.037107,0.0000035,0.0024980,0.6822057
15,0.187500,0.0294719,0.5218047,1.1520420,-0.037451,0.0000073,0.0024988,0.6820517
15,0.191667,0.0302343,0.5216303,1.1518850,-0.037508,0.0000123,0.0025004,0.6818975
15,0.195833,0.0310013,0.5214548,1.1517290,-0.037565,0.0000096,0.0025008,0.6817434
15,0.200000,0.0317682,0.5212792,1.1515720,-0.037594,0.0000001,0.0025001,0.6815894
15,0.204167,0.0325345,0.5211036,1.1514170,-0.037365,0.0000092,0.0024979,0.6814365
15,0.208333,0.0333008,0.5209280,1.1512600,-0.037479,0.0000117,0.0024969,0.6812835
15,0.212500,0.0340610,0.5207537,1.1511060,-0.036993,0.0000057,0.0024976,0.6811326
15,0.216667,0.0348213,0.5205793,1.1509520,-0.037079,0.0000024,0.0024980,0.6809816
15,0.220833,0.0355702,0.5204074,1.1508000,-0.036392,0.0000098,0.0025000,0.6808336
15,0.225000,0.0363191,0.5202354,1.1506480,-0.036392,0.0000105,0.0025000,0.6806858
15,0.229167,0.0370516,0.5200670,1.1505010,-0.035477,0.0000141,0.0025015,0.6805420
15,0.233333,0.0377840,0.5198988,1.1503530,-0.035419,0.0000002,0.0025001,0.6803985
15,0.237500,0.0384950,0.5197352,1.1502100,-0.034332,0.0000040,0.0025001,0.6802597
15,0.241667,0.0392060,0.5195716,1.1500670,-0.034332,0.0000125,0.0024980,0.6801212
15,0.245833,0.0398908,0.5194138,1.1499300,-0.032930,0.0000026,0.0024994,0.6799882
15,0.250000,0.0405756,0.5192561,1.1497920,-0.032959,0.0000043,0.0024982,0.6798555
15,0.254167,0.0412298,0.5191051,1.1496610,-0.031471,0.0000103,0.0025007,0.6797291
15,0.258333,0.0418840,0.5189543,1.1495310,-0.031385,0.0000064,0.0024994,0.6796030
15,0.262500,0.0425035,0.5188112,1.1494070,-0.029669,0.0000157,0.0025021,0.6794842
15,0.266667,0.0431229,0.5186681,1.1492840,-0.029583,0.0000002,0.0025001,0.6793656
15,0.270833,0.0437039,0.5185336,1.1491680,-0.027752,0.0000031,0.0025018,0.6792547
15,0.275000,0.0442848,0.5183992,1.1490530,-0.027637,0.0000110,0.0024993,0.6791442
15,0.279167,0.0448240,0.5182742,1.1489460,-0.025663,0.0000019,0.0025012,0.6790420
15,0.283333,0.0453633,0.5181492,1.1488390,-0.025578,0.0000074,0.0024986,0.6789400
15,0.287500,0.0458580,0.5180343,1.1487420,-0.023460,0.0000085,0.0025012,0.6788469
15,0.291667,0.0463528,0.5179195,1.1486440,-0.023346,0.0000015,0.0024989,0.6787541
15,0.295833,0.0468008,0.5178151,1.1485560,-0.021086,0.0000139,0.0025021,0.6786703
15,0.300000,0.0472489,0.5177108,1.1484690,-0.021029,0.0000002,0.0025002,0.6785870
15,0.304167,0.0476487,0.5176174,1.1483910,-0.018711,0.0000090,0.0025032,0.6785130
15,0.308333,0.0480484,0.5175241,1.1483140,-0.018539,0.0000073,0.0025001,0.6784394
15,0.312500,0.0483990,0.5174420,1.1482460,-0.016193,0.0000041,0.0025023,0.6783755
15,0.316667,0.0487496,0.5173599,1.1481790,-0.016050,0.0000102,0.0024988,0.6783120
15,0.320833,0.0490509,0.5172890,1.1481220,-0.013647,0.0000033,0.0025010,0.6782584
15,0.325000,0.0493521,0.5172181,1.1480660,-0.013533,0.0000077,0.0024980,0.6782050
15,0.329167,0.0496045,0.5171583,1.1480200,-0.011129,0.0000080,0.0025013,0.6781615
15,0.333333,0.0498569,0.5170986,1.1479740,-0.011015,0.0000002,0.0025000,0.6781182
15,0.337500,0.0500619,0.5170497,1.1479380,-0.008612,0.0000136,0.0025037,0.6780847
15,0.341667,0.0502669,0.5170007,1.1479030,-0.008469,0.0000018,0.0025006,0.6780517
15,0.345833,0.0504268,0.5169622,1.1478780,-0.005951,0.0000045,0.0025019,0.6780285
15,0.350000,0.0505867,0.5169237,1.1478530,-0.005865,0.0000126,0.0024980,0.6780056
15,0.354167,0.0507048,0.5168946,1.1478380,-0.003605,0.0000064,0.0024991,0.6779922
15,0.358333,0.0508229,0.5168657,1.1478240,-0.003462,0.0000170,0.0024965,0.6779789
15,0.362500,0.0509033,0.5168453,1.1478180,-0.001373,0.0000030,0.0024992,0.6779742
15,0.366667,0.0509837,0.5168249,1.1478130,-0.001316,0.0000003,0.0025000,0.6779697
15,0.370833,0.0510317,0.5168120,1.1478150,0.000486,0.0000179,0.0025031,0.6779726
15,0.375000,0.0510798,0.5167992,1.1478170,0.000572,0.0000121,0.0024991,0.6779756
15,0.379167,0.0511018,0.5167922,1.1478260,0.002060,0.0000139,0.0024963,0.6779846
15,0.383333,0.0511238,0.5167853,1.1478350,0.002174,0.0000127,0.0024903,0.6779937
15,0.387500,0.0511273,0.5167826,1.1478480,0.003176,0.0000176,0.0024878,0.6780071
15,0.391667,0.0511309,0.5167800,1.1478610,0.003233,0.0000240,0.0024864,0.6780205
15,0.395833,0.0511246,0.5167795,1.1478770,0.003691,0.0000170,0.0024905,0.6780361
15,0.400000,0.0511183,0.5167791,1.1478920,0.003719,0.0000002,0.0025001,0.6780517
15,0.404167,0.0511104,0.5167791,1.1479080,0.003777,0.0000097,0.0025022,0.6780674
15,0.408333,0.0511025,0.5167791,1.1479230,0.003691,0.0000143,0.0025032,0.6780831
15,0.412500,0.0510947,0.5167791,1.1479390,0.003777,0.0000149,0.0025034,0.6780987
15,0.416667,0.0510869,0.5167791,1.1479550,0.003777,0.0000127,0.0025028,0.6781144
15,0.420833,0.0510791,0.5167791,1.1479710,0.003777,0.0000089,0.0025021,0.6781300
15,0.425000,0.0510714,0.5167791,1.1479860,0.003719,0.0000047,0.0025012,0.6781455
15,0.429167,0.0510637,0.5167791,1.1480020,0.003691,0.0000013,0.0025004,0.6781608
15,0.433333,0.0510560,0.5167791,1.1480170,0.003662,0.0000002,0.0025001,0.6781762
15,0.437500,0.0510484,0.5167791,1.1480320,0.003662,0.0000003,0.0025000,0.6781914
15,0.441667,0.0510409,0.5167791,1.1480470,0.003662,0.0000002,0.0025002,0.6782066
15,0.445833,0.0510333,0.5167791,1.1480620,0.003576,0.0000003,0.0025001,0.6782216
15,0.450000,0.0510258,0.5167791,1.1480770,0.003605,0.0000003,0.0025000,0.6782366
15,0.454167,0.0510184,0.5167791,1.1480920,0.003548,0.0000002,0.0025001,0.6782514
15,0.458333,0.0510110,0.5167791,1.1481070,0.003576,0.0000003,0.0025000,0.6782662
15,0.462500,0.0510036,0.5167791,1.1481220,0.003519,0.0000004,0.0024999,0.6782809
15,0.466667,0.0509963,0.5167791,1.1481360,0.003519,0.0000002,0.0024999,0.6782956
15,0.470833,0.0509891,0.5167791,1.1481510,0.003490,0.0000003,0.0025000,0.6783100
15,0.475000,0.0509818,0.5167791,1.1481650,0.003462,0.0000003,0.0024999,0.6783245
15,0.479167,0.0509746,0.5167791,1.1481800,0.003462,0.0000003,0.0025000,0.6783389
15,0.483333,0.0509675,0.5167791,1.1481940,0.003433,0.0000002,0.0025000,0.6783533
15,0.487500,0.0509604,0.5167791,1.1482080,0.003405,0.0000002,0.0025001,0.6783675
15,0.491667,0.0509533,0.5167791,1.1482220,0.003405,0.0000003,0.0025000,0.6783817
15,0.495833,0.0509463,0.5167791,1.1482360,0.003347,0.0000002,0.0025000,0.6783956
15,0.500000,0.0509393,0.5167791,1.1482500,0.003347,0.0000002,0.0025000,0.6784095
15,0.504167,0.0509325,0.5167791,1.1482640,0.003347,0.0000002,0.0025001,0.6784234
15,0.508333,0.0509256,0.5167791,1.1482780,0.003319,0.0000002,0.0025001,0.6784372
15,0.512500,0.0509188,0.5167791,1.1482910,0.003233,0.0000002,0.0025002,0.6784508
15,0.516667,0.0509119,0.5167791,1.1483050,0.003233,0.0000002,0.0025001,0.6784643
15,0.520833,0.0509052,0.5167791,1.1483190,0.003262,0.0000002,0.0025001,0.6784778
15,0.525000,0.0508985,0.5167791,1.1483320,0.003233,0.0000003,0.0025001,0.6784912
15,0.529167,0.0508919,0.5167791,1.1483450,0.003176,0.0000003,0.0025001,0.6785045
15,0.533333,0.0508853,0.5167791,1.1483580,0.003176,0.0000003,0.0025001,0.6785178
15,0.537500,0.0508788,0.5167791,1.1483710,0.003119,0.0000003,0.0025001,0.6785308
15,0.541667,0.0508722,0.5167791,1.1483840,0.003090,0.0000003,0.0025001,0.6785437
15,0.545833,0.0508658,0.5167791,1.1483970,0.003090,0.0000003,0.0025002,0.6785566
15,0.550000,0.0508594,0.5167791,1.1484100,0.003119,0.0000003,0.0025000,0.6785694
15,0.554167,0.0508531,0.5167791,1.1484230,0.003033,0.0000003,0.0025000,0.6785821
15,0.558333,0.0508467,0.5167791,1.1484360,0.003061,0.0000003,0.0025001,0.6785949
15,0.562500,0.0508405,0.5167791,1.1484480,0.002947,0.0000003,0.0025001,0.6786072
15,0.566667,0.0508343,0.5167791,1.1484600,0.002975,0.0000003,0.0025002,0.6786196
15,0.570833,0.0508282,0.5167791,1.1484730,0.002947,0.0000002,0.0025001,0.6786318
15,0.575000,0.0508220,0.5167791,1.1484850,0.002975,0.0000003,0.0025000,0.6786441
15,0.579167,0.0508160,0.5167791,1.1484970,0.002890,0.0000002,0.0025001,0.6786562
15,0.583333,0.0508100,0.5167791,1.1485090,0.002918,0.0000003,0.0025000,0.6786684
15,0.587500,0.0508040,0.5167791,1.1485210,0.002804,0.0000003,0.0024999,0.6786802
15,0.591667,0.0507981,0.5167791,1.1485330,0.002861,0.0000003,0.0024999,0.6786920
15,0.595833,0.0507923,0.5167791,1.1485440,0.002775,0.0000003,0.0025000,0.6787037
15,0.600000,0.0507865,0.5167791,1.1485560,0.002804,0.0000002,0.0025000,0.6787152
15,0.604167,0.0507808,0.5167791,1.1485670,0.002747,0.0000002,0.0025001,0.6787267
15,0.608333,0.0507750,0.5167791,1.1485790,0.002718,0.0000002,0.0025001,0.6787382
15,0.612500,0.0507694,0.5167791,1.1485900,0.002718,0.0000002,0.0025001,0.6787494
15,0.616667,0.0507638,0.5167791,1.1486010,0.002689,0.0000001,0.0025002,0.6787606
15,0.620833,0.0507583,0.5167791,1.1486120,0.002632,0.0000002,0.0025001,0.6787716
15,0.625000,0.0507528,0.5167791,1.1486230,0.002661,0.0000001,0.0025002,0.6787826
15,0.629167,0.0507474,0.5167791,1.1486340,0.002604,0.0000002,0.0025001,0.6787935
15,0.633333,0.0507420,0.5167791,1.1486450,0.002604,0.0000002,0.0025001,0.6788043
15,0.637500,0.0507367,0.5167791,1.1486560,0.002546,0.0000002,0.0025001,0.6788149
15,0.641667,0.0507314,0.5167791,1.1486660,0.002546,0.0000002,0.0025001,0.6788255
15,0.645833,0.0507262,0.5167791,1.1486770,0.002460,0.0000002,0.0025001,0.6788359
15,0.650000,0.0507210,0.5167791,1.1486870,0.002489,0.0000003,0.0025000,0.6788462
15,0.654167,0.0507160,0.5167791,1.1486970,0.002432,0.0000003,0.0025000,0.6788564
15,0.658333,0.0507109,0.5167791,1.1487070,0.002432,0.0000003,0.0025000,0.6788665
15,0.662500,0.0507059,0.5167791,1.1487170,0.002375,0.0000003,0.0025000,0.6788764
15,0.666667,0.0507010,0.5167791,1.1487270,0.002403,0.0000003,0.0025000,0.6788864
15,0.670833,0.0506961,0.5167791,1.1487370,0.002317,0.0000004,0.0025000,0.6788961
15,0.675000,0.0506913,0.5167791,1.1487460,0.002317,0.0000003,0.0025001,0.6789058
15,0.679167,0.0506865,0.5167791,1.1487560,0.002289,0.0000004,0.0024999,0.6789153
15,0.683333,0.0506818,0.5167791,1.1487650,0.002289,0.0000002,0.0025001,0.6789247
15,0.687500,0.0506771,0.5167791,1.1487750,0.002232,0.0000002,0.0025001,0.6789340
15,0.691667,0.0506725,0.5167791,1.1487840,0.002232,0.0000003,0.0025000,0.6789433
15,0.695833,0.0506680,0.5167791,1.1487930,0.002146,0.0000002,0.0025001,0.6789523
15,0.700000,0.0506635,0.5167791,1.1488020,0.002174,0.0000002,0.0025001,0.6789613
15,0.704167,0.0506591,0.5167791,1.1488110,0.002117,0.0000002,0.0025000,0.6789701
15,0.708333,0.0506547,0.5167791,1.1488200,0.002089,0.0000003,0.0025000,0.6789789
15,0.712500,0.0506504,0.5167791,1.1488280,0.002060,0.0000002,0.0025001,0.6789874
15,0.716667,0.0506461,0.5167791,1.1488370,0.002060,0.0000002,0.0025001,0.6789960
15,0.720833,0.0506420,0.5167791,1.1488450,0.001974,0.0000003,0.0025000,0.6790043
15,0.725000,0.0506378,0.5167791,1.1488530,0.002003,0.0000003,0.0025000,0.6790126
15,0.729167,0.0506337,0.5167791,1.1488610,0.001945,0.0000002,0.0025001,0.6790207
15,0.733333,0.0506297,0.5167791,1.1488700,0.001945,0.0000002,0.0025001,0.6790289
15,0.737500,0.0506257,0.5167791,1.1488770,0.001888,0.0000003,0.0025000,0.6790367
15,0.741667,0.0506218,0.5167791,1.1488850,0.001860,0.0000002,0.0025000,0.6790445
15,0.745833,0.0506180,0.5167791,1.1488930,0.001860,0.0000003,0.0025000,0.6790522
15,0.750000,0.0506142,0.5167791,1.1489010,0.001831,0.0000220,0.0025000,0.6790599
15,0.754167,0.0506105,0.5167791,1.1489080,0.001802,0.0000156,0.0025001,0.6790673
15,0.758333,0.0506068,0.5167791,1.1489150,0.001774,0.0000077,0.0025001,0.6790747
15,0.762500,0.0506032,0.5167791,1.1489230,0.001717,0.0000015,0.0025001,0.6790819
15,0.766667,0.0505996,0.5167791,1.1489300,0.001688,0.0000002,0.0025001,0.6790890
15,0.770833,0.0505962,0.5167791,1.1489370,0.001688,0.0000013,0.0025001,0.6790959
15,0.775000,0.0505927,0.5167791,1.1489440,0.001659,0.0000021,0.0025000,0.6791028
15,0.779167,0.0505894,0.5167791,1.1489500,0.001602,0.0000020,0.0025000,0.6791095
15,0.783333,0.0505860,0.5167791,1.1489570,0.001631,0.0000017,0.0025000,0.6791162
15,0.787500,0.0505828,0.5167791,1.1489630,0.001545,0.0000012,0.0025000,0.6791226
15,0.791667,0.0505796,0.5167791,1.1489700,0.001516,0.0000007,0.0025002,0.6791290
15,0.795833,0.0505765,0.5167791,1.1489760,0.001459,0.0000003,0.0025001,0.6791352
15,0.800000,0.0505734,0.5167791,1.1489820,0.001488,0.0000002,0.0025001,0.6791413
15,0.804167,0.0505704,0.5167791,1.1489880,0.001431,0.0000002,0.0025001,0.6791473
15,0.808333,0.0505675,0.5167791,1.1489940,0.001459,0.0000003,0.0025000,0.6791533
15,0.812500,0.0505646,0.5167791,1.1490000,0.001345,0.0000002,0.0025001,0.6791590
15,0.816667,0.0505618,0.5167791,1.1490050,0.001345,0.0000002,0.0025001,0.6791646
15,0.820833,0.0505591,0.5167791,1.1490110,0.001345,0.0000001,0.0025002,0.6791702
15,0.825000,0.0505563,0.5167791,1.1490160,0.001316,0.0000002,0.0025001,0.6791757
15,0.829167,0.0505537,0.5167791,1.1490220,0.001230,0.0000001,0.0025002,0.6791809
15,0.833333,0.0505511,0.5167791,1.1490270,0.001259,0.0000001,0.0025002,0.6791860
15,0.837500,0.0505486,0.5167791,1.1490320,0.001202,0.0000002,0.0025001,0.6791910
15,0.841667,0.0505462,0.5167791,1.1490370,0.001173,0.0000002,0.0025001,0.6791960
15,0.845833,0.0505438,0.5167791,1.1490410,0.001144,0.0000003,0.0025001,0.6792006
15,0.850000,0.0505415,0.5167791,1.1490460,0.001116,0.0000002,0.0025002,0.6792053
15,0.854167,0.0505392,0.5167791,1.1490500,0.001059,0.0000002,0.0025000,0.6792098
15,0.858333,0.0505370,0.5167791,1.1490550,0.001087,0.0000003,0.0025000,0.6792144
15,0.862500,0.0505349,0.5167791,1.1490590,0.001001,0.0000003,0.0025001,0.6792185
15,0.866667,0.0505328,0.5167791,1.1490630,0.001030,0.0000003,0.0025000,0.6792226
15,0.870833,0.0505308,0.5167791,1.1490670,0.000944,0.0000003,0.0024999,0.6792267
15,0.875000,0.0505288,0.5167791,1.1490710,0.000944,0.0000003,0.0025001,0.6792306
15,0.879167,0.0505270,0.5167791,1.1490750,0.000887,0.0000004,0.0025000,0.6792343
15,0.883333,0.0505251,0.5167791,1.1490790,0.000887,0.0000003,0.0024999,0.6792380
15,0.887500,0.0505234,0.5167791,1.1490820,0.000801,0.0000004,0.0024999,0.6792414
15,0.891667,0.0505217,0.5167791,1.1490860,0.000858,0.0000005,0.0024999,0.6792449
15,0.895833,0.0505201,0.5167791,1.1490890,0.000744,0.0000003,0.0024999,0.6792481
15,0.900000,0.0505185,0.5167791,1.1490920,0.000801,0.0000003,0.0024999,0.6792514
15,0.904167,0.0505170,0.5167791,1.1490950,0.000687,0.0000003,0.0024999,0.6792542
15,0.908333,0.0505155,0.5167791,1.1490980,0.000687,0.0000003,0.0025000,0.6792572
15,0.912500,0.0505142,0.5167791,1.1491010,0.000658,0.0000003,0.0024999,0.6792598
15,0.916667,0.0505128,0.5167791,1.1491030,0.000658,0.0000002,0.0025000,0.6792625
15,0.920833,0.0505116,0.5167791,1.1491060,0.000572,0.0000003,0.0025000,0.6792650
15,0.925000,0.0505104,0.5167791,1.1491080,0.000601,0.0000001,0.0025001,0.6792675
15,0.929167,0.0505093,0.5167791,1.1491100,0.000544,0.0000002,0.0025001,0.6792697
15,0.933333,0.0505082,0.5167791,1.1491130,0.000515,0.0000002,0.0025001,0.6792719
15,0.937500,0.0505073,0.5167791,1.1491140,0.000458,0.0000002,0.0025001,0.6792738
15,0.941667,0.0505063,0.5167791,1.1491160,0.000458,0.0000001,0.0025002,0.6792758
15,0.945833,0.0505055,0.5167791,1.1491180,0.000401,0.0000002,0.0025000,0.6792774
15,0.950000,0.0505046,0.5167791,1.1491200,0.000372,0.0000002,0.0025000,0.6792789
15,0.954167,0.0505039,0.5167791,1.1491210,0.000343,0.0000003,0.0024999,0.6792803
15,0.958333,0.0505032,0.5167791,1.1491220,0.000343,0.0000003,0.0025000,0.6792818
15,0.962500,0.0505026,0.5167791,1.1491240,0.000286,0.0000004,0.0024999,0.6792830
15,0.966667,0.0505021,0.5167791,1.1491250,0.000286,0.0000003,0.0025000,0.6792842
15,0.970833,0.0505016,0.5167791,1.1491260,0.000229,0.0000003,0.0025000,0.6792850
15,0.975000,0.0505012,0.5167791,1.1491270,0.000172,0.0000004,0.0024999,0.6792859
15,0.979167,0.0505008,0.5167791,1.1491270,0.000172,0.0000004,0.0024999,0.6792865
15,0.983333,0.0505005,0.5167791,1.1491280,0.000143,0.0000003,0.0025000,0.6792872
15,0.987500,0.0505003,0.5167791,1.1491280,0.000114,0.0000002,0.0025001,0.6792876
15,0.991667,0.0505001,0.5167791,1.1491290,0.000086,0.0000002,0.0025001,0.6792880
15,0.995833,0.0505001,0.5167791,1.1491290,0.000029,0.0000002,0.0025001,0.6792881
15,1.000000,0.0505000,0.5167791,1.1491290,0.000029,0.0000002,0.0025001,0.6792882
15,1.004167,0.0505001,0.5167791,1.1491290,-0.000029,0.0000002,0.0025001,0.6792881
15,1.008333,0.0505001,0.5167791,1.1491290,-0.000029,0.0000002,0.0025001,0.6792880
15,1.012500,0.0505003,0.5167791,1.1491280,-0.000086,0.0000002,0.0025001,0.6792876
15,1.016667,0.0505005,0.5167791,1.1491280,-0.000114,0.0000003,0.0025000,0.6792872
15,1.020833,0.0505008,0.5167791,1.1491270,-0.000143,0.0000004,0.0024999,0.6792865
15,1.025000,0.0505012,0.5167791,1.1491270,-0.000172,0.0000004,0.0024999,0.6792859
15,1.029167,0.0505016,0.5167791,1.1491260,-0.000200,0.0000003,0.0025000,0.6792850
15,1.033333,0.0505021,0.5167791,1.1491250,-0.000200,0.0000003,0.0025000,0.6792842
15,1.037500,0.0505026,0.5167791,1.1491240,-0.000286,0.0000004,0.0024999,0.6792829
15,1.041667,0.0505032,0.5167791,1.1491220,-0.000286,0.0000003,0.0025000,0.6792818
15,1.045833,0.0505039,0.5167791,1.1491210,-0.000343,0.0000004,0.0024999,0.6792803
15,1.050000,0.0505046,0.5167791,1.1491200,-0.000343,0.0000002,0.0025000,0.6792789
15,1.054167,0.0505055,0.5167791,1.1491180,-0.000372,0.0000002,0.0025000,0.6792774
15,1.058333,0.0505063,0.5167791,1.1491160,-0.000401,0.0000001,0.0025002,0.6792758
15,1.062500,0.0505073,0.5167791,1.1491140,-0.000458,0.0000002,0.0025001,0.6792738
15,1.066667,0.0505082,0.5167791,1.1491130,-0.000458,0.0000002,0.0025001,0.6792719
15,1.070833,0.0505093,0.5167791,1.1491100,-0.000515,0.0000002,0.0025001,0.6792697
15,1.075000,0.0505104,0.5167791,1.1491080,-0.000544,0.0000001,0.0025001,0.6792675
15,1.079167,0.0505116,0.5167791,1.1491060,-0.000601,0.0000003,0.0025000,0.6792650
15,1.083333,0.0505128,0.5167791,1.1491030,-0.000572,0.0000002,0.0025000,0.6792625
15,1.087500,0.0505142,0.5167791,1.1491010,-0.000658,0.0000003,0.0024999,0.6792598
15,1.091667,0.0505155,0.5167791,1.1490980,-0.000658,0.0000003,0.0025000,0.6792572
15,1.095833,0.0505170,0.5167791,1.1490950,-0.000687,0.0000003,0.0024999,0.6792542
15,1.100000,0.0505185,0.5167791,1.1490920,-0.000687,0.0000003,0.0024999,0.6792514
15,1.104167,0.0505201,0.5167791,1.1490890,-0.000801,0.0000003,0.0024999,0.6792481
15,1.108333,0.0505217,0.5167791,1.1490860,-0.000744,0.0000005,0.0024999,0.6792449
15,1.112500,0.0505234,0.5167791,1.1490820,-0.000858,0.0000004,0.0024999,0.6792414
15,1.116667,0.0505251,0.5167791,1.1490790,-0.000801,0.0000003,0.0024999,0.6792380
15,1.120833,0.0505270,0.5167791,1.1490750,-0.000887,0.0000004,0.0025000,0.6792343
15,1.125000,0.0505288,0.5167791,1.1490710,-0.000887,0.0000003,0.0025001,0.6792306
15,1.129167,0.0505308,0.5167791,1.1490670,-0.000944,0.0000003,0.0024999,0.6792267
15,1.133333,0.0505328,0.5167791,1.1490630,-0.000944,0.0000003,0.0025000,0.6792226
15,1.137500,0.0505349,0.5167791,1.1490590,-0.001030,0.0000003,0.0025001,0.6792185
15,1.141667,0.0505370,0.5167791,1.1490550,-0.001001,0.0000003,0.0025000,0.6792144
15,1.145833,0.0505392,0.5167791,1.1490500,-0.001087,0.0000002,0.0025000,0.6792098
15,1.150000,0.0505415,0.5167791,1.1490460,-0.001059,0.0000002,0.0025002,0.6792053
15,1.154167,0.0505438,0.5167791,1.1490410,-0.001116,0.0000003,0.0025001,0.6792006
15,1.158333,0.0505462,0.5167791,1.1490370,-0.001144,0.0000002,0.0025001,0.6791960
15,1.162500,0.0505486,0.5167791,1.1490320,-0.001173,0.0000002,0.0025001,0.6791910
15,1.166667,0.0505511,0.5167791,1.1490270,-0.001202,0.0000001,0.0025002,0.6791860
15,1.170833,0.0505537,0.5167791,1.1490220,-0.001259,0.0000001,0.0025002,0.6791809
15,1.175000,0.0505563,0.5167791,1.1490160,-0.001230,0.0000002,0.0025001,0.6791757
15,1.179167,0.0505591,0.5167791,1.1490110,-0.001316,0.0000001,0.0025002,0.6791702
15,1.183333,0.0505618,0.5167791,1.1490050,-0.001345,0.0000002,0.0025001,0.6791646
15,1.187500,0.0505646,0.5167791,1.1490000,-0.001345,0.0000002,0.0025001,0.6791590
15,1.191667,0.0505675,0.5167791,1.1489940,-0.001345,0.0000003,0.0025000,0.6791533
15,1.195833,0.0505704,0.5167791,1.1489880,-0.001459,0.0000002,0.0025001,0.6791473
15,1.200000,0.0505734,0.5167791,1.1489820,-0.001431,0.0000002,0.0025001,0.6791413
15,1.204167,0.0505765,0.5167791,1.1489760,-0.001488,0.0000003,0.0025001,0.6791351
15,1.208333,0.0505796,0.5167791,1.1489700,-0.001459,0.0000002,0.0025002,0.6791290
15,1.212500,0.0505828,0.5167791,1.1489630,-0.001516,0.0000002,0.0025000,0.6791226
15,1.216667,0.0505860,0.5167791,1.1489570,-0.001545,0.0000003,0.0025000,0.6791162
15,1.220833,0.0505894,0.5167791,1.1489500,-0.001631,0.0000002,0.0025000,0.6791095
15,1.225000,0.0505927,0.5167791,1.1489440,-0.001602,0.0000001,0.0025000,0.6791028
15,1.229167,0.0505962,0.5167791,1.1489370,-0.001659,0.0000002,0.0025001,0.6790959
15,1.233333,0.0505996,0.5167791,1.1489300,-0.001688,0.0000002,0.0025001,0.6790890
15,1.237500,0.0506032,0.5167791,1.1489230,-0.001688,0.0000001,0.0025001,0.6790819
15,1.241667,0.0506068,0.5167791,1.1489150,-0.001717,0.0000002,0.0025001,0.6790747
15,1.245833,0.0506105,0.5167791,1.1489080,-0.001774,0.0000002,0.0025001,0.6790673
15,1.250000,0.0506142,0.5167791,1.1489010,-0.001802,0.0000002,0.0025000,0.6790599
15,1.254167,0.0506180,0.5167791,1.1488930,-0.001831,0.0000003,0.0025000,0.6790522
15,1.258333,0.0506218,0.5167791,1.1488850,-0.001860,0.0000002,0.0025000,0.6790445
15,1.262500,0.0506258,0.5167791,1.1488770,-0.001860,0.0000003,0.0025000,0.6790367
15,1.266667,0.0506297,0.5167791,1.1488700,-0.001888,0.0000002,0.0025001,0.6790289
15,1.270833,0.0506337,0.5167791,1.1488610,-0.001945,0.0000002,0.0025001,0.6790207
15,1.275000,0.0506378,0.5167791,1.1488530,-0.001945,0.0000003,0.0025000,0.6790126
15,1.279167,0.0506420,0.5167791,1.1488450,-0.002003,0.0000003,0.0025000,0.6790043
15,1.283333,0.0506461,0.5167791,1.1488370,-0.001974,0.0000002,0.0025001,0.6789960
15,1.287500,0.0506504,0.5167791,1.1488280,-0.002060,0.0000002,0.0025001,0.6789874
15,1.291667,0.0506547,0.5167791,1.1488200,-0.002060,0.0000003,0.0025000,0.6789789
15,1.295833,0.0506591,0.5167791,1.1488110,-0.002089,0.0000002,0.0025000,0.6789701
15,1.300000,0.0506635,0.5167791,1.1488020,-0.002117,0.0000002,0.0025001,0.6789613
15,1.304167,0.0506680,0.5167791,1.1487930,-0.002174,0.0000002,0.0025001,0.6789523
15,1.308333,0.0506725,0.5167791,1.1487840,-0.002146,0.0000003,0.0025000,0.6789433
15,1.312500,0.0506771,0.5167791,1.1487750,-0.002232,0.0000002,0.0025001,0.6789340
15,1.316667,0.0506818,0.5167791,1.1487650,-0.002232,0.0000002,0.0025001,0.6789247
15,1.320833,0.0506865,0.5167791,1.1487560,-0.002289,0.0000004,0.0024999,0.6789153
15,1.325000,0.0506913,0.5167791,1.1487460,-0.002289,0.0000003,0.0025001,0.6789058
15,1.329167,0.0506961,0.5167791,1.1487370,-0.002317,0.0000004,0.0025000,0.6788961
15,1.333333,0.0507010,0.5167791,1.1487270,-0.002317,0.0000003,0.0025000,0.6788864
15,1.337500,0.0507059,0.5167791,1.1487170,-0.002403,0.0000003,0.0025000,0.6788764
15,1.341667,0.0507109,0.5167791,1.1487070,-0.002375,0.0000003,0.0025000,0.6788665
15,1.345833,0.0507160,0.5167791,1.1486970,-0.002432,0.0000003,0.0025000,0.6788564
15,1.350000,0.0507210,0.5167791,1.1486870,-0.002432,0.0000003,0.0025000,0.6788462
15,1.354167,0.0507262,0.5167791,1.1486770,-0.002489,0.0000002,0.0025001,0.6788359
15,1.358333,0.0507314,0.5167791,1.1486660,-0.002460,0.0000002,0.0025001,0.6788255
15,1.362500,0.0507367,0.5167791,1.1486560,-0.002546,0.0000002,0.0025001,0.6788149
15,1.366667,0.0507420,0.5167791,1.1486450,-0.002546,0.0000002,0.0025001,0.6788043
15,1.370833,0.0507474,0.5167791,1.1486340,-0.002604,0.0000002,0.0025001,0.6787935
15,1.375000,0.0507528,0.5167791,1.1486230,-0.002604,0.0000001,0.0025002,0.6787826
15,1.379167,0.0507583,0.5167791,1.1486120,-0.002661,0.0000002,0.0025001,0.6787716
15,1.383333,0.0507638,0.5167791,1.1486010,-0.002632,0.0000001,0.0025002,0.6787606
15,1.387500,0.0507694,0.5167791,1.1485900,-0.002689,0.0000002,0.0025001,0.6787494
15,1.391667,0.0507750,0.5167791,1.1485790,-0.002718,0.0000002,0.0025001,0.6787382
15,1.395833,0.0507808,0.5167791,1.1485670,-0.002718,0.0000002,0.0025001,0.6787267
15,1.400000,0.0507865,0.5167791,1.1485560,-0.002747,0.0000002,0.0025000,0.6787152
15,1.404167,0.0507923,0.5167791,1.1485440,-0.002804,0.0000003,0.0025000,0.6787037
15,1.408333,0.0507981,0.5167791,1.1485330,-0.002775,0.0000003,0.0024999,0.6786920
15,1.412500,0.0508041,0.5167791,1.1485210,-0.002861,0.0000003,0.0024999,0.6786802
15,1.416667,0.0508100,0.5167791,1.1485090,-0.002804,0.0000003,0.0025000,0.6786684
15,1.420833,0.0508160,0.5167791,1.1484970,-0.002918,0.0000002,0.0025001,0.6786562
15,1.425000,0.0508220,0.5167791,1.1484850,-0.002890,0.0000003,0.0025000,0.6786441
15,1.429167,0.0508282,0.5167791,1.1484730,-0.002975,0.0000003,0.0025001,0.6786318
15,1.433333,0.0508343,0.5167791,1.1484600,-0.002947,0.0000003,0.0025002,0.6786196
15,1.437500,0.0508405,0.5167791,1.1484480,-0.002975,0.0000003,0.0025001,0.6786072
15,1.441667,0.0508467,0.5167791,1.1484360,-0.002947,0.0000003,0.0025001,0.6785949
15,1.445833,0.0508531,0.5167791,1.1484230,-0.003061,0.0000003,0.0025000,0.6785821
15,1.450000,0.0508594,0.5167791,1.1484100,-0.003033,0.0000003,0.0025000,0.6785694
15,1.454167,0.0508658,0.5167791,1.1483970,-0.003119,0.0000003,0.0025002,0.6785566
15,1.458333,0.0508722,0.5167791,1.1483840,-0.003090,0.0000003,0.0025001,0.6785437
15,1.462500,0.0508788,0.5167791,1.1483710,-0.003090,0.0000003,0.0025001,0.6785307
15,1.466667,0.0508853,0.5167791,1.1483580,-0.003119,0.0000003,0.0025001,0.6785178
15,1.470833,0.0508919,0.5167791,1.1483450,-0.003176,0.0000003,0.0025001,0.6785045
15,1.475000,0.0508985,0.5167791,1.1483320,-0.003176,0.0000003,0.0025001,0.6784912
15,1.479167,0.0509052,0.5167791,1.1483190,-0.003233,0.0000002,0.0025001,0.6784778
15,1.483333,0.0509119,0.5167791,1.1483050,-0.003262,0.0000002,0.0025001,0.6784643
15,1.487500,0.0509187,0.5167791,1.1482910,-0.003233,0.0000002,0.0025002,0.6784508
15,1.491667,0.0509256,0.5167791,1.1482780,-0.003233,0.0000002,0.0025001,0.6784372
15,1.495833,0.0509324,0.5167791,1.1482640,-0.003319,0.0000002,0.0025001,0.6784234
15,1.500000,0.0509393,0.5167791,1.1482500,-0.003347,0.0000002,0.0025000,0.6784095
15,1.504167,0.0509463,0.5167791,1.1482360,-0.003347,0.0000002,0.0025000,0.6783956
15,1.508333,0.0509533,0.5167791,1.1482220,-0.003347,0.0000003,0.0025000,0.6783817
15,1.512500,0.0509604,0.5167791,1.1482080,-0.003405,0.0000002,0.0025001,0.6783675
15,1.516667,0.0509675,0.5167791,1.1481940,-0.003405,0.0000002,0.0025000,0.6783533
15,1.520833,0.0509746,0.5167791,1.1481800,-0.003433,0.0000003,0.0025000,0.6783389
15,1.525000,0.0509818,0.5167791,1.1481650,-0.003462,0.0000003,0.0024999,0.6783245
15,1.529167,0.0509891,0.5167791,1.1481510,-0.003462,0.0000003,0.0025000,0.6783100
15,1.533333,0.0509963,0.5167791,1.1481360,-0.003490,0.0000002,0.0024999,0.6782956
15,1.537500,0.0510037,0.5167791,1.1481220,-0.003519,0.0000004,0.0024999,0.6782809
15,1.541667,0.0510110,0.5167791,1.1481070,-0.003519,0.0000003,0.0025000,0.6782662
15,1.545833,0.0510184,0.5167791,1.1480920,-0.003576,0.0000002,0.0025001,0.6782514
15,1.550000,0.0510258,0.5167791,1.1480770,-0.003548,0.0000003,0.0025000,0.6782366
15,1.554167,0.0510333,0.5167791,1.1480620,-0.003605,0.0000003,0.0025001,0.6782216
15,1.558333,0.0510409,0.5167791,1.1480470,-0.003576,0.0000002,0.0025002,0.6782066
15,1.562500,0.0510484,0.5167791,1.1480320,-0.003662,0.0000003,0.0025000,0.6781914
15,1.566667,0.0510560,0.5167791,1.1480170,-0.003662,0.0000002,0.0025001,0.6781762
15,1.570833,0.0510637,0.5167791,1.1480020,-0.003662,0.0000002,0.0025002,0.6781608
15,1.575000,0.0510714,0.5167791,1.1479860,-0.003662,0.0000002,0.0025001,0.6781456
15,1.579167,0.0510791,0.5167791,1.1479710,-0.003748,0.0000002,0.0025000,0.6781300
15,1.583333,0.0510869,0.5167791,1.1479550,-0.003719,0.0000003,0.0025001,0.6781145
15,1.587500,0.0510947,0.5167791,1.1479400,-0.003748,0.0000003,0.0025001,0.6780989
15,1.591667,0.0511025,0.5167791,1.1479240,-0.003777,0.0000003,0.0025001,0.6780832
15,1.595833,0.0511104,0.5167791,1.1479080,-0.003777,0.0000002,0.0025000,0.6780674
15,1.600000,0.0511183,0.5167791,1.1478920,-0.003777,0.0000002,0.0025001,0.6780517
15,1.604167,0.0511263,0.5167791,1.1478760,-0.003834,0.0000002,0.0025000,0.6780357
15,1.608333,0.0511343,0.5167791,1.1478600,-0.003834,0.0000003,0.0024999,0.6780197
15,1.612500,0.0511423,0.5167791,1.1478440,-0.003862,0.0000002,0.0025001,0.6780035
15,1.616667,0.0511504,0.5167791,1.1478280,-0.003862,0.0000002,0.0025001,0.6779875
15,1.620833,0.0511585,0.5167791,1.1478120,-0.003920,0.0000003,0.0025000,0.6779712
15,1.625000,0.0511666,0.5167791,1.1477960,-0.003891,0.0000003,0.0025001,0.6779550
15,1.629167,0.0511749,0.5167791,1.1477790,-0.003920,0.0000003,0.0025001,0.6779386
15,1.633333,0.0511831,0.5167791,1.1477630,-0.003948,0.0000003,0.0025000,0.6779222
15,1.637500,0.0511913,0.5167791,1.1477460,-0.003977,0.0000003,0.0025001,0.6779056
15,1.641667,0.0511996,0.5167791,1.1477300,-0.003977,0.0000003,0.0025001,0.6778890
15,1.645833,0.0512079,0.5167791,1.1477130,-0.004005,0.0000003,0.0025001,0.6778724
15,1.650000,0.0512163,0.5167791,1.1476960,-0.003977,0.0000003,0.0025001,0.6778558
15,1.654167,0.0512247,0.5167791,1.1476800,-0.004034,0.0000003,0.0025000,0.6778389
15,1.658333,0.0512331,0.5167791,1.1476630,-0.004034,0.0000003,0.0024999,0.6778221
15,1.662500,0.0512415,0.5167791,1.1476460,-0.004091,0.0000003,0.0024999,0.6778051
15,1.666667,0.0512500,0.5167791,1.1476290,-0.004063,0.0000003,0.0025000,0.6777883
15,1.670833,0.0512585,0.5167791,1.1476120,-0.004091,0.0000003,0.0025000,0.6777712
15,1.675000,0.0512671,0.5167791,1.1475950,-0.004091,0.0000003,0.0025001,0.6777541
15,1.679167,0.0512757,0.5167791,1.1475780,-0.004120,0.0000002,0.0025001,0.6777369
15,1.683333,0.0512843,0.5167791,1.1475600,-0.004120,0.0000002,0.0025001,0.6777198
15,1.687500,0.0512929,0.5167791,1.1475430,-0.004148,0.0000002,0.0025000,0.6777024
15,1.691667,0.0513016,0.5167791,1.1475260,-0.004177,0.0000002,0.0025001,0.6776851
15,1.695833,0.0513103,0.5167791,1.1475080,-0.004206,0.0000001,0.0025001,0.6776676
15,1.700000,0.0513190,0.5167791,1.1474910,-0.004177,0.0000002,0.0025001,0.6776502
15,1.704167,0.0513278,0.5167791,1.1474730,-0.004206,0.0000002,0.0025002,0.6776327
15,1.708333,0.0513366,0.5167791,1.1474560,-0.004206,0.0000001,0.0025001,0.6776151
15,1.712500,0.0513454,0.5167791,1.1474380,-0.004263,0.0000001,0.0025002,0.6775974
15,1.716667,0.0513542,0.5167791,1.1474210,-0.004206,0.0000002,0.0025001,0.6775798
15,1.720833,0.0513631,0.5167791,1.1474030,-0.004292,0.0000001,0.0025002,0.6775620
15,1.725000,0.0513720,0.5167791,1.1473850,-0.004234,0.0000001,0.0025001,0.6775443
15,1.729167,0.0513810,0.5167791,1.1473670,-0.004292,0.0000001,0.0025001,0.6775264
15,1.733333,0.0513899,0.5167791,1.1473490,-0.004292,0.0000002,0.0025002,0.6775085
15,1.737500,0.0513989,0.5167791,1.1473310,-0.004349,0.0000001,0.0025002,0.6774905
15,1.741667,0.0514079,0.5167791,1.1473130,-0.004320,0.0000002,0.0025001,0.6774724
15,1.745833,0.0514169,0.5167791,1.1472950,-0.004349,0.0000004,0.0025002,0.6774544
15,1.750000,0.0514260,0.5167791,1.1472770,-0.004320,0.0000005,0.0025001,0.6774363
15,1.754167,0.0514351,0.5167791,1.1472590,-0.004377,0.0000006,0.0025001,0.6774181
15,1.758333,0.0514442,0.5167791,1.1472410,-0.004377,0.0000007,0.0025002,0.6773999
15,1.762500,0.0514533,0.5167791,1.1472220,-0.004349,0.0000003,0.0025001,0.6773816
15,1.766667,0.0514625,0.5167791,1.1472040,-0.004435,0.0000004,0.0025000,0.6773633
15,1.770833,0.0514716,0.5167791,1.1471860,-0.004377,0.0000003,0.0025000,0.6773449
15,1.775000,0.0514808,0.5167791,1.1471670,-0.004406,0.0000010,0.0025001,0.6773266
15,1.779167,0.0514901,0.5167791,1.1471490,-0.004435,0.0000024,0.0024999,0.6773081
15,1.783333,0.0514993,0.5167791,1.1471300,-0.004435,0.0000037,0.0025000,0.6772897
15,1.787500,0.0515086,0.5167791,1.1471120,-0.004435,0.0000045,0.0025001,0.6772712
15,1.791667,0.0515179,0.5167791,1.1470930,-0.004463,0.0000042,0.0025001,0.6772527
15,1.795833,0.0515272,0.5167791,1.1470750,-0.004463,0.0000029,0.0025001,0.6772340
15,1.800000,0.0515365,0.5167791,1.1470560,-0.004463,0.0000002,0.0025000,0.6772153
15,1.804167,0.0515458,0.5167791,1.1470370,-0.004492,0.0000019,0.0025001,0.6771966
15,1.808333,0.0515552,0.5167791,1.1470190,-0.004492,0.0000013,0.0025001,0.6771779
15,1.812500,0.0515646,0.5167791,1.1470000,-0.004520,0.0000011,0.0025001,0.6771591
15,1.816667,0.0515740,0.5167791,1.1469810,-0.004549,0.0000037,0.0025001,0.6771402
15,1.820833,0.0515834,0.5167791,1.1469620,-0.004520,0.0000060,0.0025001,0.6771213
15,1.825000,0.0515928,0.5167791,1.1469430,-0.004520,0.0000067,0.0025000,0.6771025
15,1.829167,0.0516023,0.5167791,1.1469240,-0.004549,0.0000050,0.0025001,0.6770836
15,1.833333,0.0516118,0.5167791,1.1469050,-0.004520,0.0000002,0.0025002,0.6770647
15,1.837500,0.0516213,0.5167791,1.1468860,-0.004578,0.0000050,0.0025001,0.6770456
15,1.841667,0.0516308,0.5167791,1.1468670,-0.004578,0.0000062,0.0025001,0.6770266
15,1.845833,0.0516403,0.5167791,1.1468480,-0.004578,0.0000048,0.0025002,0.6770075
15,1.850000,0.0516498,0.5167791,1.1468290,-0.004549,0.0000022,0.0025003,0.6769885
15,1.854167,0.0516594,0.5167791,1.1468100,-0.004606,0.0000020,0.0025002,0.6769694
15,1.858333,0.0516690,0.5167791,1.1467910,-0.004578,0.0000042,0.0025001,0.6769503
15,1.862500,0.0516786,0.5167791,1.1467720,-0.004606,0.0000040,0.0025001,0.6769311
15,1.866667,0.0516881,0.5167791,1.1467530,-0.004606,0.0000002,0.0025001,0.6769120
15,1.870833,0.0516978,0.5167791,1.1467330,-0.004606,0.0000055,0.0025001,0.6768927
15,1.875000,0.0517074,0.5167791,1.1467140,-0.004578,0.0000090,0.0025001,0.6768735
15,1.879167,0.0517170,0.5167791,1.1466950,-0.004663,0.0000101,0.0025000,0.6768542
15,1.883333,0.0517267,0.5167791,1.1466760,-0.004635,0.0000091,0.0025000,0.6768349
15,1.887500,0.0517363,0.5167791,1.1466560,-0.004606,0.0000065,0.0025001,0.6768156
15,1.891667,0.0517460,0.5167791,1.1466370,-0.004663,0.0000035,0.0025000,0.6767963
15,1.895833,0.0517557,0.5167791,1.1466180,-0.004635,0.0000012,0.0024999,0.6767769
15,1.900000,0.0517654,0.5167791,1.1465980,-0.004663,0.0000003,0.0025000,0.6767576
15,1.904167,0.0517751,0.5167791,1.1465790,-0.004635,0.0000025,0.0025000,0.6767381
15,1.908333,0.0517848,0.5167791,1.1465590,-0.004692,0.0000061,0.0025000,0.6767187
15,1.912500,0.0517945,0.5167791,1.1465400,-0.004663,0.0000095,0.0025000,0.6766992
15,1.916667,0.0518042,0.5167791,1.1465200,-0.004663,0.0000119,0.0025000,0.6766798
15,1.920833,0.0518140,0.5167791,1.1465010,-0.004692,0.0000122,0.0025002,0.6766603
15,1.925000,0.0518237,0.5167791,1.1464820,-0.004663,0.0000103,0.0025001,0.6766409
15,1.929167,0.0518335,0.5167791,1.1464620,-0.004663,0.0000059,0.0025001,0.6766213
15,1.933333,0.0518432,0.5167791,1.1464430,-0.004692,0.0000002,0.0025001,0.6766018
15,1.937500,0.0518530,0.5167791,1.1464230,-0.004692,0.0000039,0.0025000,0.6765822
15,1.941667,0.0518628,0.5167791,1.1464030,-0.004692,0.0000031,0.0025000,0.6765627
15,1.945833,0.0518725,0.5167791,1.1463840,-0.004692,0.0000019,0.0023157,0.6765432
15,1.950000,0.0518823,0.5167791,1.1463640,-0.004692,0.0000051,0.0020481,0.6765236
15,1.954167,0.0518921,0.5167791,1.1463450,-0.004692,0.0000079,0.0017961,0.6765040
15,1.958333,0.0519019,0.5167791,1.1463250,-0.004721,0.0000089,0.0015622,0.6764844
15,1.962500,0.0519117,0.5167791,1.1463060,-0.004692,0.0000065,0.0013493,0.6764649
15,1.966667,0.0519215,0.5167791,1.1462860,-0.004721,0.0000003,0.0011599,0.6764452
15,1.970833,0.0519313,0.5167791,1.1462660,-0.004692,0.0000065,0.0009908,0.6764256
15,1.975000,0.0519411,0.5167791,1.1462470,-0.004721,0.0000093,0.0008374,0.6764060
15,1.979167,0.0519509,0.5167791,1.1462270,-0.004721,0.0000090,0.0006986,0.6763863
15,1.983333,0.0519607,0.5167791,1.1462070,-0.004692,0.0000066,0.0005740,0.6763667
15,1.987500,0.0519706,0.5167791,1.1461880,-0.004692,0.0000033,0.0004632,0.6763471
15,1.991667,0.0519804,0.5167791,1.1461680,-0.004749,0.0000003,0.0003655,0.6763275
15,1.995833,0.0519902,0.5167791,1.1461490,-0.004692,0.0000014,0.0002813,0.6763079
15,2.000000,0.0520000,0.5167791,1.1461290,-0.004721,0.0000002,0.0002098,0.6762882
15,2.004167,0.0520098,0.5167791,1.1461090,-0.004721,0.0000030,0.0001489,0.6762686
15,2.008333,0.0520196,0.5167791,1.1460900,-0.004692,0.0000049,0.0000968,0.6762489
15,2.012500,0.0520295,0.5167791,1.1460700,-0.004721,0.0000064,0.0000556,0.6762292
15,2.016667,0.0520393,0.5167791,1.1460500,-0.004692,0.0000070,0.0000266,0.6762096
15,2.020833,0.0520491,0.5167791,1.1460310,-0.004721,0.0000067,0.0000118,0.6761901
15,2.025000,0.0520589,0.5167791,1.1460110,-0.004721,0.0000052,0.0000126,0.6761705
15,2.029167,0.0520687,0.5167791,1.1459920,-0.004692,0.0000028,0.0000309,0.6761508
15,2.033333,0.0520785,0.5167791,1.1459720,-0.004721,0.0000003,0.0000688,0.6761312
15,2.037500,0.0520883,0.5167791,1.1459520,-0.004721,0.0000021,0.0001202,0.6761116
15,2.041667,0.0520981,0.5167791,1.1459330,-0.004692,0.0000119,0.0001808,0.6760920
15,2.045833,0.0521079,0.5167791,1.1459130,-0.004692,0.0000248,0.0002554,0.6760724
15,2.050000,0.0521177,0.5167791,1.1458930,-0.004721,0.0000365,0.0003492,0.6760527
15,2.054167,0.0521275,0.5167791,1.1458740,-0.004692,0.0000427,0.0004673,0.6760333
15,2.058333,0.0521373,0.5167791,1.1458540,-0.004692,0.0000404,0.0006160,0.6760137
15,2.062500,0.0521470,0.5167791,1.1458350,-0.004663,0.0000267,0.0008018,0.6759942
15,2.066667,0.0521568,0.5167791,1.1458150,-0.004692,0.0000001,0.0010324,0.6759746
15,2.070833,0.0521666,0.5167791,1.1457960,-0.004692,0.0000277,0.0013247,0.6759551
15,2.075000,0.0521763,0.5167791,1.1457760,-0.004692,0.0000439,0.0016839,0.6759356
15,2.079167,0.0521860,0.5167791,1.1457570,-0.004692,0.0000485,0.0021023,0.6759161
15,2.083333,0.0521958,0.5167791,1.1457370,-0.004663,0.0000425,0.0025000,0.6758966
15,2.087500,0.0522055,0.5167791,1.1457180,-0.004663,0.0000292,0.0025001,0.6758772
15,2.091667,0.0522152,0.5167791,1.1456980,-0.004663,0.0000133,0.0025000,0.6758577
15,2.095833,0.0522250,0.5167791,1.1456790,-0.004663,0.0000042,0.0025001,0.6758383
15,2.100000,0.0522347,0.5167791,1.1456600,-0.004635,0.0000003,0.0025001,0.6758189
15,2.104167,0.0522443,0.5167791,1.1456400,-0.004692,0.0000169,0.0025000,0.6757995
15,2.108333,0.0522540,0.5167791,1.1456210,-0.004606,0.0000377,0.0025001,0.6757801
15,2.112500,0.0522637,0.5167791,1.1456020,-0.004663,0.0000553,0.0025000,0.6757608
15,2.116667,0.0522734,0.5167791,1.1455820,-0.004635,0.0000647,0.0025001,0.6757415
15,2.120833,0.0522830,0.5167791,1.1455630,-0.004606,0.0000631,0.0025001,0.6757222
15,2.125000,0.0522926,0.5167791,1.1455440,-0.004663,0.0000503,0.0025001,0.6757029
15,2.129167,0.0523023,0.5167791,1.1455240,-0.004606,0.0000278,0.0025001,0.6756837
15,2.133333,0.0523119,0.5167791,1.1455050,-0.004606,0.0000002,0.0025001,0.6756645
15,2.137500,0.0523215,0.5167791,1.1454860,-0.004606,0.0000197,0.0025001,0.6756453
15,2.141667,0.0523311,0.5167791,1.1454670,-0.004606,0.0000247,0.0025001,0.6756262
15,2.145833,0.0523406,0.5167791,1.1454480,-0.004606,0.0000198,0.0025001,0.6756070
15,2.150000,0.0523502,0.5167791,1.1454290,-0.004578,0.0000099,0.0025002,0.6755878
15,2.154167,0.0523597,0.5167791,1.1454090,-0.004578,0.0000041,0.0025001,0.6755688
15,2.158333,0.0523692,0.5167791,1.1453910,-0.004549,0.0000107,0.0025001,0.6755497
15,2.162500,0.0523787,0.5167791,1.1453710,-0.004578,0.0000110,0.0025001,0.6755307
15,2.166667,0.0523882,0.5167791,1.1453520,-0.004606,0.0000001,0.0025002,0.6755116
15,2.170833,0.0523977,0.5167791,1.1453340,-0.004492,0.0000146,0.0025001,0.6754928
15,2.175000,0.0524072,0.5167791,1.1453150,-0.004520,0.0000225,0.0025001,0.6754739
15,2.179167,0.0524166,0.5167791,1.1452960,-0.004549,0.0000241,0.0025001,0.6754550
15,2.183333,0.0524260,0.5167791,1.1452770,-0.004520,0.0000208,0.0025001,0.6754362
15,2.187500,0.0524354,0.5167791,1.1452580,-0.004520,0.0000144,0.0025001,0.6754174
15,2.191667,0.0524448,0.5167791,1.1452390,-0.004492,0.0000074,0.0025002,0.6753986
15,2.195833,0.0524542,0.5167791,1.1452210,-0.004492,0.0000017,0.0025001,0.6753799
15,2.200000,0.0524635,0.5167791,1.1452020,-0.004492,0.0000002,0.0025000,0.6753612
15,2.204167,0.0524728,0.5167791,1.1451830,-0.004492,0.0000007,0.0025001,0.6753425
15,2.208333,0.0524822,0.5167791,1.1451650,-0.004463,0.0000010,0.0025000,0.6753238
15,2.212500,0.0524914,0.5167791,1.1451460,-0.004463,0.0000010,0.0025000,0.6753054
15,2.216667,0.0525007,0.5167791,1.1451280,-0.004435,0.0000009,0.0025001,0.6752868
15,2.220833,0.0525099,0.5167791,1.1451090,-0.004435,0.0000006,0.0025000,0.6752684
15,2.225000,0.0525192,0.5167791,1.1450910,-0.004435,0.0000005,0.0025000,0.6752499
15,2.229167,0.0525284,0.5167791,1.1450720,-0.004377,0.0000003,0.0025000,0.6752316
15,2.233333,0.0525376,0.5167791,1.1450540,-0.004435,0.0000002,0.0025000,0.6752132
15,2.237500,0.0525467,0.5167791,1.1450360,-0.004377,0.0000002,0.0025001,0.6751949
15,2.241667,0.0525558,0.5167791,1.1450170,-0.004406,0.0000003,0.0024999,0.6751766
15,2.245833,0.0525649,0.5167791,1.1449990,-0.004349,0.0000003,0.0025001,0.6751584
15,2.250000,0.0525740,0.5167791,1.1449810,-0.004377,0.0000005,0.0025001,0.6751402
15,2.254167,0.0525831,0.5167791,1.1449630,-0.004349,0.0000006,0.0025000,0.6751221
15,2.258333,0.0525921,0.5167791,1.1449450,-0.004349,0.0000004,0.0025001,0.6751040
15,2.262500,0.0526011,0.5167791,1.1449270,-0.004320,0.0000004,0.0025000,0.6750860
15,2.266667,0.0526101,0.5167791,1.1449090,-0.004320,0.0000003,0.0025001,0.6750680
15,2.270833,0.0526190,0.5167791,1.1448910,-0.004292,0.0000002,0.0025002,0.6750501
15,2.275000,0.0526280,0.5167791,1.1448730,-0.004292,0.0000010,0.0025001,0.6750322
15,2.279167,0.0526369,0.5167791,1.1448550,-0.004263,0.0000024,0.0025000,0.6750145
15,2.283333,0.0526458,0.5167791,1.1448370,-0.004234,0.0000037,0.0025001,0.6749967
15,2.287500,0.0526546,0.5167791,1.1448200,-0.004263,0.0000045,0.0025001,0.6749791
15,2.291667,0.0526634,0.5167791,1.1448020,-0.004234,0.0000041,0.0025000,0.6749614
15,2.295833,0.0526722,0.5167791,1.1447850,-0.004206,0.0000028,0.0025000,0.6749438
15,2.300000,0.0526810,0.5167791,1.1447670,-0.004234,0.0000002,0.0025001,0.6749262
15,2.304167,0.0526897,0.5167791,1.1447490,-0.004206,0.0000020,0.0025001,0.6749088
15,2.308333,0.0526984,0.5167791,1.1447320,-0.004177,0.0000011,0.0025001,0.6748914
15,2.312500,0.0527071,0.5167791,1.1447150,-0.004148,0.0000012,0.0025001,0.6748741
15,2.316667,0.0527157,0.5167791,1.1446970,-0.004148,0.0000040,0.0025000,0.6748568
15,2.320833,0.0527243,0.5167791,1.1446800,-0.004120,0.0000061,0.0025001,0.6748396
15,2.325000,0.0527329,0.5167791,1.1446630,-0.004120,0.0000069,0.0025001,0.6748224
15,2.329167,0.0527415,0.5167791,1.1446460,-0.004091,0.0000050,0.0025000,0.6748053
15,2.333333,0.0527500,0.5167791,1.1446290,-0.004091,0.0000003,0.0025000,0.6747883
15,2.337500,0.0527585,0.5167791,1.1446120,-0.004091,0.0000049,0.0025000,0.6747713
15,2.341667,0.0527669,0.5167791,1.1445950,-0.004063,0.0000062,0.0025000,0.6747544
15,2.345833,0.0527753,0.5167791,1.1445780,-0.004034,0.0000048,0.0025001,0.6747375
15,2.350000,0.0527837,0.5167791,1.1445610,-0.004034,0.0000021,0.0025001,0.6747208
15,2.354167,0.0527921,0.5167791,1.1445450,-0.004005,0.0000019,0.0025001,0.6747041
15,2.358333,0.0528004,0.5167791,1.1445280,-0.003977,0.0000039,0.0025001,0.6746874
15,2.362500,0.0528087,0.5167791,1.1445110,-0.004005,0.0000041,0.0025002,0.6746708
15,2.366667,0.0528170,0.5167791,1.1444950,-0.003977,0.0000001,0.0025001,0.6746542
15,2.370833,0.0528252,0.5167791,1.1444790,-0.003920,0.0000057,0.0025001,0.6746379
15,2.375000,0.0528334,0.5167791,1.1444620,-0.003948,0.0000090,0.0025001,0.6746215
15,2.379167,0.0528415,0.5167791,1.1444460,-0.003891,0.0000101,0.0025001,0.6746053
15,2.383333,0.0528496,0.5167791,1.1444300,-0.003891,0.0000090,0.0025000,0.6745890
15,2.387500,0.0528577,0.5167791,1.1444140,-0.003862,0.0000066,0.0025000,0.6745729
15,2.391667,0.0528657,0.5167791,1.1443970,-0.003891,0.0000036,0.0025001,0.6745567
15,2.395833,0.0528737,0.5167791,1.1443820,-0.003805,0.0000013,0.0025000,0.6745408
15,2.400000,0.0528817,0.5167791,1.1443660,-0.003834,0.0000003,0.0025000,0.6745249
15,2.404167,0.0528896,0.5167791,1.1443500,-0.003777,0.0000023,0.0025000,0.6745091
15,2.408333,0.0528975,0.5167791,1.1443340,-0.003805,0.0000061,0.0025001,0.6744933
15,2.412500,0.0529053,0.5167791,1.1443180,-0.003777,0.0000097,0.0025000,0.6744776
15,2.416667,0.0529131,0.5167791,1.1443020,-0.003777,0.0000120,0.0025001,0.6744619
15,2.420833,0.0529209,0.5167791,1.1442870,-0.003691,0.0000124,0.0025002,0.6744464
15,2.425000,0.0529287,0.5167791,1.1442720,-0.003719,0.0000103,0.0025002,0.6744309
15,2.429167,0.0529363,0.5167791,1.1442560,-0.003662,0.0000061,0.0025001,0.6744156
15,2.433333,0.0529440,0.5167791,1.1442410,-0.003662,0.0000002,0.0025001,0.6744004
15,2.437500,0.0529516,0.5167791,1.1442260,-0.003691,0.0000037,0.0025001,0.6743851
15,2.441667,0.0529592,0.5167791,1.1442100,-0.003662,0.0000029,0.0025003,0.6743699
15,2.445833,0.0529667,0.5167791,1.1441960,-0.003576,0.0000019,0.0023156,0.6743549
15,2.450000,0.0529742,0.5167791,1.1441810,-0.003576,0.0000052,0.0020480,0.6743400
15,2.454167,0.0529816,0.5167791,1.1441660,-0.003576,0.0000082,0.0017958,0.6743250
15,2.458333,0.0529890,0.5167791,1.1441510,-0.003576,0.0000090,0.0015621,0.6743101
15,2.462500,0.0529964,0.5167791,1.1441360,-0.003519,0.0000065,0.0013494,0.6742955
15,2.466667,0.0530037,0.5167791,1.1441220,-0.003490,0.0000003,0.0011599,0.6742810
15,2.470833,0.0530110,0.5167791,1.1441070,-0.003490,0.0000066,0.0009910,0.6742664
15,2.475000,0.0530182,0.5167791,1.1440930,-0.003490,0.0000094,0.0008375,0.6742519
15,2.479167,0.0530254,0.5167791,1.1440780,-0.003433,0.0000090,0.0006987,0.6742375
15,2.483333,0.0530325,0.5167791,1.1440640,-0.003433,0.0000067,0.0005741,0.6742232
15,2.487500,0.0530396,0.5167791,1.1440500,-0.003405,0.0000033,0.0004631,0.6742091
15,2.491667,0.0530467,0.5167791,1.1440360,-0.003405,0.0000003,0.0003657,0.6741948
15,2.495833,0.0530537,0.5167791,1.1440220,-0.003347,0.0000013,0.0002813,0.6741809
15,2.500000,0.0530607,0.5167791,1.1440080,-0.003347,0.0000003,0.0002099,0.6741670
15,2.504167,0.0530676,0.5167791,1.1439940,-0.003319,0.0000029,0.0001488,0.6741531
15,2.508333,0.0530745,0.5167791,1.1439800,-0.003319,0.0000051,0.0000970,0.6741393
15,2.512500,0.0530813,0.5167791,1.1439660,-0.003290,0.0000065,0.0000556,0.6741257
15,2.516667,0.0530881,0.5167791,1.1439530,-0.003262,0.0000070,0.0000268,0.6741121
15,2.520833,0.0530948,0.5167791,1.1439390,-0.003176,0.0000068,0.0000121,0.6740987
15,2.525000,0.0531015,0.5167791,1.1439260,-0.003233,0.0000053,0.0000127,0.6740853
15,2.529167,0.0531081,0.5167791,1.1439130,-0.003176,0.0000029,0.0000312,0.6740720
15,2.533333,0.0531147,0.5167791,1.1438990,-0.003204,0.0000001,0.0000690,0.6740587
15,2.537500,0.0531212,0.5167791,1.1438860,-0.003119,0.0000024,0.0001203,0.6740457
15,2.541667,0.0531278,0.5167791,1.1438730,-0.003147,0.0000122,0.0001810,0.6740327
15,2.545833,0.0531342,0.5167791,1.1438610,-0.003061,0.0000250,0.0002555,0.6740199
15,2.550000,0.0531406,0.5167791,1.1438480,-0.003061,0.0000369,0.0003496,0.6740071
15,2.554167,0.0531469,0.5167791,1.1438350,-0.003061,0.0000432,0.0004679,0.6739944
15,2.558333,0.0531533,0.5167791,1.1438220,-0.003061,0.0000408,0.0006164,0.6739817
15,2.562500,0.0531595,0.5167791,1.1438100,-0.002975,0.0000270,0.0008021,0.6739692
15,2.566667,0.0531657,0.5167791,1.1437980,-0.002975,0.0000003,0.0010325,0.6739568
15,2.570833,0.0531719,0.5167791,1.1437850,-0.002947,0.0000279,0.0013245,0.6739446
15,2.575000,0.0531780,0.5167791,1.1437730,-0.002890,0.0000443,0.0016834,0.6739324
15,2.579167,0.0531840,0.5167791,1.1437610,-0.002947,0.0000489,0.0021017,0.6739202
15,2.583333,0.0531900,0.5167791,1.1437490,-0.002918,0.0000431,0.0025001,0.6739081
15,2.587500,0.0531960,0.5167791,1.1437370,-0.002832,0.0000297,0.0025001,0.6738963
15,2.591667,0.0532019,0.5167791,1.1437250,-0.002861,0.0000137,0.0025001,0.6738845
15,2.595833,0.0532077,0.5167791,1.1437140,-0.002747,0.0000044,0.0025002,0.6738728
15,2.600000,0.0532135,0.5167791,1.1437020,-0.002832,0.0000003,0.0025002,0.6738611
15,2.604167,0.0532193,0.5167791,1.1436900,-0.002718,0.0000168,0.0025001,0.6738497
15,2.608333,0.0532250,0.5167791,1.1436790,-0.002775,0.0000378,0.0025001,0.6738382
15,2.612500,0.0532306,0.5167791,1.1436680,-0.002689,0.0000555,0.0025001,0.6738271
15,2.616667,0.0532362,0.5167791,1.1436570,-0.002661,0.0000648,0.0025001,0.6738159
15,2.620833,0.0532417,0.5167791,1.1436460,-0.002661,0.0000632,0.0025000,0.6738049
15,2.625000,0.0532472,0.5167791,1.1436350,-0.002632,0.0000505,0.0025001,0.6737939
15,2.629167,0.0532526,0.5167791,1.1436240,-0.002604,0.0000280,0.0025001,0.6737830
15,2.633333,0.0532580,0.5167791,1.1436130,-0.002575,0.0000003,0.0025002,0.6737722
15,2.637500,0.0532633,0.5167791,1.1436020,-0.002575,0.0000200,0.0025000,0.6737616
15,2.641667,0.0532686,0.5167791,1.1435920,-0.002518,0.0000247,0.0025001,0.6737511
15,2.645833,0.0532738,0.5167791,1.1435810,-0.002518,0.0000199,0.0025000,0.6737406
15,2.650000,0.0532790,0.5167791,1.1435710,-0.002460,0.0000098,0.0025001,0.6737303
15,2.654167,0.0532840,0.5167791,1.1435610,-0.002460,0.0000041,0.0025000,0.6737201
15,2.658333,0.0532891,0.5167791,1.1435510,-0.002403,0.0000106,0.0025000,0.6737100
15,2.662500,0.0532941,0.5167791,1.1435410,-0.002403,0.0000109,0.0025000,0.6737000
15,2.666667,0.0532990,0.5167791,1.1435310,-0.002375,0.0000003,0.0025000,0.6736901
15,2.670833,0.0533039,0.5167791,1.1435210,-0.002317,0.0000149,0.0025000,0.6736805
15,2.675000,0.0533087,0.5167791,1.1435110,-0.002346,0.0000225,0.0025000,0.6736708
15,2.679167,0.0533135,0.5167791,1.1435020,-0.002260,0.0000240,0.0025000,0.6736613
15,2.683333,0.0533182,0.5167791,1.1434920,-0.002289,0.0000209,0.0025000,0.6736518
15,2.687500,0.0533229,0.5167791,1.1434830,-0.002203,0.0000145,0.0025000,0.6736425
15,2.691667,0.0533275,0.5167791,1.1434740,-0.002260,0.0000074,0.0025001,0.6736332
15,2.695833,0.0533320,0.5167791,1.1434650,-0.002146,0.0000018,0.0025000,0.6736242
15,2.700000,0.0533365,0.5167791,1.1434560,-0.002146,0.0000003,0.0025001,0.6736152
15,2.704167,0.0533409,0.5167791,1.1434470,-0.002117,0.0000006,0.0025000,0.6736064
15,2.708333,0.0533453,0.5167791,1.1434380,-0.002117,0.0000010,0.0024999,0.6735976
15,2.712500,0.0533496,0.5167791,1.1434300,-0.002060,0.0000011,0.0024999,0.6735891
15,2.716667,0.0533539,0.5167791,1.1434210,-0.002060,0.0000007,0.0024999,0.6735805
15,2.720833,0.0533581,0.5167791,1.1434130,-0.001974,0.0000006,0.0025000,0.6735722
15,2.725000,0.0533622,0.5167791,1.1434040,-0.002031,0.0000004,0.0025001,0.6735639
15,2.729167,0.0533663,0.5167791,1.1433960,-0.001945,0.0000003,0.0025000,0.6735557
15,2.733333,0.0533703,0.5167791,1.1433880,-0.001945,0.0000003,0.0025000,0.6735476
15,2.737500,0.0533743,0.5167791,1.1433800,-0.001888,0.0000003,0.0025000,0.6735397
15,2.741667,0.0533782,0.5167791,1.1433730,-0.001888,0.0000003,0.0025001,0.6735319
15,2.745833,0.0533820,0.5167791,1.1433650,-0.001831,0.0000002,0.0025002,0.6735242
15,2.750000,0.0533858,0.5167791,1.1433570,-0.001831,0.0000003,0.0025000,0.6735166
15,2.754167,0.0533895,0.5167791,1.1433500,-0.001745,0.0000006,0.0025001,0.6735092
15,2.758333,0.0533932,0.5167791,1.1433420,-0.001802,0.0000005,0.0025001,0.6735018
15,2.762500,0.0533968,0.5167791,1.1433350,-0.001688,0.0000004,0.0025000,0.6734947
15,2.766667,0.0534004,0.5167791,1.1433280,-0.001745,0.0000002,0.0025002,0.6734876
15,2.770833,0.0534038,0.5167791,1.1433210,-0.001659,0.0000002,0.0025001,0.6734806
15,2.775000,0.0534073,0.5167791,1.1433140,-0.001688,0.0000010,0.0025001,0.6734736
15,2.779167,0.0534106,0.5167791,1.1433080,-0.001574,0.0000026,0.0025001,0.6734669
15,2.783333,0.0534140,0.5167791,1.1433010,-0.001602,0.0000038,0.0025002,0.6734602
15,2.787500,0.0534172,0.5167791,1.1432950,-0.001516,0.0000045,0.0025001,0.6734539
15,2.791667,0.0534204,0.5167791,1.1432880,-0.001545,0.0000042,0.0025001,0.6734475
15,2.795833,0.0534235,0.5167791,1.1432820,-0.001516,0.0000029,0.0025001,0.6734413
15,2.800000,0.0534266,0.5167791,1.1432760,-0.001488,0.0000003,0.0025000,0.6734350
15,2.804167,0.0534296,0.5167791,1.1432700,-0.001402,0.0000019,0.0025000,0.6734291
15,2.808333,0.0534325,0.5167791,1.1432640,-0.001431,0.0000012,0.0025000,0.6734232
15,2.812500,0.0534354,0.5167791,1.1432580,-0.001402,0.0000011,0.0025000,0.6734174
15,2.816667,0.0534382,0.5167791,1.1432520,-0.001373,0.0000040,0.0025000,0.6734117
15,2.820833,0.0534410,0.5167791,1.1432470,-0.001287,0.0000062,0.0025000,0.6734063
15,2.825000,0.0534437,0.5167791,1.1432420,-0.001316,0.0000067,0.0025000,0.6734008
15,2.829167,0.0534463,0.5167791,1.1432360,-0.001259,0.0000050,0.0025000,0.6733956
15,2.833333,0.0534489,0.5167791,1.1432310,-0.001230,0.0000002,0.0025000,0.6733905
15,2.837500,0.0534514,0.5167791,1.1432260,-0.001173,0.0000051,0.0025001,0.6733855
15,2.841667,0.0534539,0.5167791,1.1432210,-0.001202,0.0000063,0.0025000,0.6733806
15,2.845833,0.0534562,0.5167791,1.1432170,-0.001116,0.0000049,0.0025001,0.6733758
15,2.850000,0.0534586,0.5167791,1.1432120,-0.001116,0.0000021,0.0024999,0.6733712
15,2.854167,0.0534608,0.5167791,1.1432070,-0.001087,0.0000021,0.0025000,0.6733667
15,2.858333,0.0534630,0.5167791,1.1432030,-0.001087,0.0000043,0.0024999,0.6733622
15,2.862500,0.0534651,0.5167791,1.1431990,-0.001001,0.0000041,0.0025000,0.6733580
15,2.866667,0.0534672,0.5167791,1.1431940,-0.001030,0.0000004,0.0024999,0.6733537
15,2.870833,0.0534692,0.5167791,1.1431910,-0.000944,0.0000055,0.0025000,0.6733498
15,2.875000,0.0534712,0.5167791,1.1431870,-0.000944,0.0000089,0.0025001,0.6733459
15,2.879167,0.0534730,0.5167791,1.1431830,-0.000887,0.0000101,0.0025000,0.6733422
15,2.883333,0.0534749,0.5167791,1.1431790,-0.000887,0.0000091,0.0025001,0.6733384
15,2.887500,0.0534766,0.5167791,1.1431760,-0.000830,0.0000065,0.0025001,0.6733350
15,2.891667,0.0534783,0.5167791,1.1431720,-0.000801,0.0000036,0.0025002,0.6733316
15,2.895833,0.0534799,0.5167791,1.1431690,-0.000801,0.0000011,0.0025002,0.6733284
15,2.900000,0.0534815,0.5167791,1.1431660,-0.000744,0.0000002,0.0025002,0.6733252
15,2.904167,0.0534830,0.5167791,1.1431630,-0.000744,0.0000026,0.0025001,0.6733222
15,2.908333,0.0534845,0.5167791,1.1431600,-0.000687,0.0000063,0.0025001,0.6733192
15,2.912500,0.0534858,0.5167791,1.1431570,-0.000629,0.0000097,0.0025001,0.6733165
15,2.916667,0.0534872,0.5167791,1.1431550,-0.000658,0.0000120,0.0025001,0.6733139
15,2.920833,0.0534884,0.5167791,1.1431520,-0.000601,0.0000121,0.0025001,0.6733114
15,2.925000,0.0534896,0.5167791,1.1431500,-0.000572,0.0000104,0.0025000,0.6733090
15,2.929167,0.0534907,0.5167791,1.1431470,-0.000544,0.0000060,0.0025001,0.6733069
15,2.933333,0.0534918,0.5167791,1.1431450,-0.000544,0.0000002,0.0025001,0.6733047
15,2.937500,0.0534928,0.5167791,1.1431430,-0.000429,0.0000038,0.0025001,0.6733027
15,2.941667,0.0534937,0.5167791,1.1431420,-0.000458,0.0000030,0.0025000,0.6733008
15,2.945833,0.0534946,0.5167791,1.1431400,-0.000401,0.0000019,0.0023157,0.6732991
15,2.950000,0.0534954,0.5167791,1.1431380,-0.000401,0.0000051,0.0020481,0.6732975
15,2.954167,0.0534961,0.5167791,1.1431370,-0.000343,0.0000083,0.0017959,0.6732960
15,2.958333,0.0534968,0.5167791,1.1431350,-0.000315,0.0000090,0.0015621,0.6732946
15,2.962500,0.0534974,0.5167791,1.1431340,-0.000286,0.0000066,0.0013492,0.6732935
15,2.966667,0.0534979,0.5167791,1.1431330,-0.000286,0.0000003,0.0011599,0.6732924
15,2.970833,0.0534984,0.5167791,1.1431320,-0.000229,0.0000065,0.0009909,0.6732914
15,2.975000,0.0534988,0.5167791,1.1431310,-0.000200,0.0000093,0.0008374,0.6732906
15,2.979167,0.0534992,0.5167791,1.1431310,-0.000143,0.0000091,0.0006986,0.6732900
15,2.983333,0.0534995,0.5167791,1.1431300,-0.000172,0.0000067,0.0005740,0.6732893
15,2.987500,0.0534997,0.5167791,1.1431300,-0.000086,0.0000032,0.0004631,0.6732889
15,2.991667,0.0534999,0.5167791,1.1431290,-0.000086,0.0000005,0.0003658,0.6732886
15,2.995833,0.0534999,0.5167791,1.1431290,-0.000057,0.0000014,0.0002813,0.6732884
15,3.000000,0.0535000,0.5167791,1.1431290,0.000000,0.0000003,0.0002099,0.6732883
15,3.004167,0.0534999,0.5167791,1.1431290,0.000000,0.0000028,0.0001488,0.6732884
15,3.008333,0.0534999,0.5167791,1.1431290,0.000057,0.0000051,0.0000969,0.6732886
15,3.012500,0.0534997,0.5167791,1.1431300,0.000086,0.0000065,0.0000558,0.6732889
15,3.016667,0.0534995,0.5167791,1.1431300,0.000086,0.0000070,0.0000267,0.6732893
15,3.020833,0.0534992,0.5167791,1.1431310,0.000172,0.0000068,0.0000121,0.6732900
15,3.025000,0.0534988,0.5167791,1.1431310,0.000143,0.0000053,0.0000130,0.6732906
15,3.029167,0.0534984,0.5167791,1.1431320,0.000200,0.0000030,0.0000311,0.6732914
15,3.033333,0.0534979,0.5167791,1.1431330,0.000229,0.0000003,0.0000690,0.6732924
15,3.037500,0.0534974,0.5167791,1.1431340,0.000286,0.0000022,0.0001202,0.6732935
15,3.041667,0.0534968,0.5167791,1.1431350,0.000286,0.0000122,0.0001810,0.6732946
15,3.045833,0.0534961,0.5167791,1.1431370,0.000315,0.0000253,0.0002558,0.6732960
15,3.050000,0.0534954,0.5167791,1.1431380,0.000343,0.0000370,0.0003497,0.6732975
15,3.054167,0.0534946,0.5167791,1.1431400,0.000401,0.0000435,0.0004680,0.6732991
15,3.058333,0.0534937,0.5167791,1.1431420,0.000401,0.0000409,0.0006166,0.6733008
15,3.062500,0.0534928,0.5167791,1.1431430,0.000458,0.0000272,0.0008023,0.6733027
15,3.066667,0.0534918,0.5167791,1.1431450,0.000429,0.0000002,0.0010325,0.6733047
15,3.070833,0.0534907,0.5167791,1.1431470,0.000544,0.0000281,0.0013242,0.6733069
15,3.075000,0.0534896,0.5167791,1.1431500,0.000544,0.0000444,0.0016833,0.6733090
15,3.079167,0.0534884,0.5167791,1.1431520,0.000572,0.0000492,0.0021014,0.6733114
15,3.083333,0.0534872,0.5167791,1.1431550,0.000601,0.0000435,0.0025001,0.6733139
15,3.087500,0.0534858,0.5167791,1.1431570,0.000658,0.0000299,0.0025001,0.6733165
15,3.091667,0.0534845,0.5167791,1.1431600,0.000629,0.0000137,0.0025001,0.6733192
15,3.095833,0.0534830,0.5167791,1.1431630,0.000715,0.0000042,0.0025001,0.6733222
15,3.100000,0.0534815,0.5167791,1.1431660,0.000715,0.0000002,0.0025002,0.6733252
15,3.104167,0.0534799,0.5167791,1.1431690,0.000744,0.0000168,0.0025002,0.6733284
15,3.108333,0.0534783,0.5167791,1.1431720,0.000801,0.0000377,0.0025002,0.6733316
15,3.112500,0.0534766,0.5167791,1.1431760,0.000801,0.0000554,0.0025001,0.6733350
15,3.116667,0.0534749,0.5167791,1.1431790,0.000830,0.0000648,0.0025001,0.6733384
15,3.120833,0.0534730,0.5167791,1.1431830,0.000887,0.0000633,0.0025000,0.6733422
15,3.125000,0.0534712,0.5167791,1.1431870,0.000887,0.0000504,0.0025001,0.6733459
15,3.129167,0.0534692,0.5167791,1.1431910,0.000944,0.0000281,0.0025000,0.6733498
15,3.133333,0.0534672,0.5167791,1.1431940,0.000944,0.0000004,0.0024999,0.6733537
15,3.137500,0.0534651,0.5167791,1.1431990,0.001030,0.0000201,0.0025000,0.6733580
15,3.141667,0.0534630,0.5167791,1.1432030,0.001001,0.0000249,0.0024999,0.6733622
15,3.145833,0.0534608,0.5167791,1.1432070,0.001087,0.0000200,0.0025000,0.6733667
15,3.150000,0.0534586,0.5167791,1.1432120,0.001087,0.0000100,0.0024999,0.6733712
15,3.154167,0.0534562,0.5167791,1.1432170,0.001116,0.0000041,0.0025001,0.6733758
15,3.158333,0.0534539,0.5167791,1.1432210,0.001116,0.0000107,0.0025000,0.6733806
15,3.162500,0.0534514,0.5167791,1.1432260,0.001202,0.0000111,0.0025001,0.6733855
15,3.166667,0.0534489,0.5167791,1.1432310,0.001173,0.0000002,0.0025000,0.6733905
15,3.170833,0.0534463,0.5167791,1.1432360,0.001230,0.0000148,0.0025000,0.6733956
15,3.175000,0.0534437,0.5167791,1.1432420,0.001259,0.0000227,0.0025000,0.6734008
15,3.179167,0.0534410,0.5167791,1.1432470,0.001316,0.0000241,0.0025000,0.6734063
15,3.183333,0.0534382,0.5167791,1.1432520,0.001287,0.0000208,0.0025000,0.6734117
15,3.187500,0.0534354,0.5167791,1.1432580,0.001373,0.0000148,0.0025000,0.6734174
15,3.191667,0.0534325,0.5167791,1.1432640,0.001402,0.0000075,0.0025000,0.6734232
15,3.195833,0.0534296,0.5167791,1.1432700,0.001431,0.0000019,0.0025000,0.6734291
15,3.200000,0.0534266,0.5167791,1.1432760,0.001402,0.0000003,0.0025000,0.6734350
15,3.204167,0.0534235,0.5167791,1.1432820,0.001488,0.0000008,0.0025001,0.6734413
15,3.208333,0.0534204,0.5167791,1.1432880,0.001516,0.0000013,0.0025001,0.6734475
15,3.212500,0.0534172,0.5167791,1.1432950,0.001545,0.0000011,0.0025001,0.6734539
15,3.216667,0.0534140,0.5167791,1.1433010,0.001516,0.0000009,0.0025001,0.6734602
15,3.220833,0.0534106,0.5167791,1.1433080,0.001602,0.0000006,0.0025001,0.6734669
15,3.225000,0.0534073,0.5167791,1.1433140,0.001574,0.0000003,0.0025001,0.6734736
15,3.229167,0.0534038,0.5167791,1.1433210,0.001688,0.0000002,0.0025001,0.6734806
15,3.233333,0.0534004,0.5167791,1.1433280,0.001659,0.0000002,0.0025002,0.6734876
15,3.237500,0.0533968,0.5167791,1.1433350,0.001745,0.0000002,0.0025000,0.6734947
15,3.241667,0.0533932,0.5167791,1.1433420,0.001688,0.0000002,0.0025001,0.6735018
15,3.245833,0.0533895,0.5167791,1.1433500,0.001802,0.0000004,0.0025001,0.6735092
15,3.250000,0.0533858,0.5167791,1.1433570,0.001745,0.0000005,0.0025000,0.6735166
15,3.254167,0.0533820,0.5167791,1.1433650,0.001831,0.0000006,0.0025002,0.6735242
15,3.258333,0.0533782,0.5167791,1.1433730,0.001831,0.0000006,0.0025001,0.6735319
15,3.262500,0.0533743,0.5167791,1.1433800,0.001888,0.0000003,0.0025000,0.6735397
15,3.266667,0.0533703,0.5167791,1.1433880,0.001888,0.0000003,0.0025000,0.6735476
15,3.270833,0.0533663,0.5167791,1.1433960,0.001945,0.0000003,0.0025000,0.6735557
15,3.275000,0.0533622,0.5167791,1.1434040,0.001945,0.0000012,0.0025001,0.6735639
15,3.279167,0.0533581,0.5167791,1.1434130,0.002031,0.0000025,0.0025000,0.6735722
15,3.283333,0.0533539,0.5167791,1.1434210,0.001974,0.0000038,0.0024999,0.6735805
15,3.287500,0.0533496,0.5167791,1.1434300,0.002060,0.0000044,0.0024999,0.6735891
15,3.291667,0.0533453,0.5167791,1.1434380,0.002060,0.0000043,0.0024999,0.6735976
15,3.295833,0.0533409,0.5167791,1.1434470,0.002117,0.0000028,0.0025000,0.6736064
15,3.300000,0.0533365,0.5167791,1.1434560,0.002117,0.0000003,0.0025001,0.6736152
15,3.304167,0.0533320,0.5167791,1.1434650,0.002146,0.0000020,0.0025000,0.6736242
15,3.308333,0.0533275,0.5167791,1.1434740,0.002146,0.0000011,0.0025001,0.6736332
15,3.312500,0.0533229,0.5167791,1.1434830,0.002260,0.0000011,0.0025000,0.6736425
15,3.316667,0.0533182,0.5167791,1.1434920,0.002203,0.0000040,0.0025000,0.6736518
15,3.320833,0.0533135,0.5167791,1.1435020,0.002289,0.0000061,0.0025000,0.6736613
15,3.325000,0.0533087,0.5167791,1.1435110,0.002260,0.0000069,0.0025000,0.6736708
15,3.329167,0.0533039,0.5167791,1.1435210,0.002346,0.0000051,0.0025000,0.6736805
15,3.333333,0.0532990,0.5167791,1.1435310,0.002317,0.0000003,0.0025000,0.6736901
15,3.337500,0.0532941,0.5167791,1.1435410,0.002375,0.0000050,0.0025000,0.6737001
15,3.341667,0.0532891,0.5167791,1.1435510,0.002403,0.0000062,0.0025000,0.6737100
15,3.345833,0.0532840,0.5167791,1.1435610,0.002403,0.0000050,0.0025000,0.6737201
15,3.350000,0.0532790,0.5167791,1.1435710,0.002460,0.0000023,0.0025001,0.6737303
15,3.354167,0.0532738,0.5167791,1.1435810,0.002460,0.0000021,0.0025000,0.6737406
15,3.358333,0.0532686,0.5167791,1.1435920,0.002518,0.0000042,0.0025001,0.6737511
15,3.362500,0.0532633,0.5167791,1.1436020,0.002546,0.0000039,0.0025000,0.6737616
15,3.366667,0.0532580,0.5167791,1.1436130,0.002546,0.0000003,0.0025002,0.6737722
15,3.370833,0.0532526,0.5167791,1.1436240,0.002575,0.0000057,0.0025001,0.6737830
15,3.375000,0.0532472,0.5167791,1.1436350,0.002604,0.0000089,0.0025001,0.6737939
15,3.379167,0.0532417,0.5167791,1.1436460,0.002632,0.0000100,0.0025000,0.6738049
15,3.383333,0.0532362,0.5167791,1.1436570,0.002661,0.0000091,0.0025001,0.6738159
15,3.387500,0.0532306,0.5167791,1.1436680,0.002661,0.0000066,0.0025001,0.6738271
15,3.391667,0.0532250,0.5167791,1.1436790,0.002689,0.0000037,0.0025001,0.6738382
15,3.395833,0.0532193,0.5167791,1.1436900,0.002775,0.0000013,0.0025001,0.6738497
15,3.400000,0.0532135,0.5167791,1.1437020,0.002718,0.0000003,0.0025002,0.6738611
15,3.404167,0.0532077,0.5167791,1.1437140,0.002832,0.0000025,0.0025002,0.6738728
15,3.408333,0.0532019,0.5167791,1.1437250,0.002747,0.0000060,0.0025001,0.6738845
15,3.412500,0.0531960,0.5167791,1.1437370,0.002861,0.0000097,0.0025001,0.6738963
15,3.416667,0.0531900,0.5167791,1.1437490,0.002832,0.0000120,0.0025001,0.6739081
15,3.420833,0.0531840,0.5167791,1.1437610,0.002918,0.0000124,0.0025000,0.6739202
15,3.425000,0.0531780,0.5167791,1.1437730,0.002947,0.0000103,0.0025000,0.6739324
15,3.429167,0.0531719,0.5167791,1.1437850,0.002890,0.0000061,0.0025000,0.6739446
15,3.433333,0.0531657,0.5167791,1.1437980,0.002947,0.0000003,0.0025001,0.6739568
15,3.437500,0.0531595,0.5167791,1.1438100,0.002975,0.0000037,0.0025001,0.6739692
15,3.441667,0.0531533,0.5167791,1.1438220,0.002975,0.0000031,0.0025001,0.6739817
15,3.445833,0.0531469,0.5167791,1.1438350,0.003061,0.0000020,0.0023157,0.6739944
15,3.450000,0.0531406,0.5167791,1.1438480,0.003061,0.0000052,0.0020481,0.6740071
15,3.454167,0.0531342,0.5167791,1.1438610,0.003061,0.0000082,0.0017959,0.6740199
15,3.458333,0.0531278,0.5167791,1.1438730,0.003061,0.0000089,0.0015621,0.6740327
15,3.462500,0.0531212,0.5167791,1.1438860,0.003147,0.0000066,0.0013492,0.6740457
15,3.466667,0.0531147,0.5167791,1.1438990,0.003119,0.0000002,0.0011599,0.6740587
15,3.470833,0.0531081,0.5167791,1.1439130,0.003204,0.0000067,0.0009910,0.6740720
15,3.475000,0.0531015,0.5167791,1.1439260,0.003176,0.0000094,0.0008374,0.6740853
15,3.479167,0.0530948,0.5167791,1.1439390,0.003233,0.0000091,0.0006987,0.6740987
15,3.483333,0.0530881,0.5167791,1.1439530,0.003176,0.0000068,0.0005741,0.6741121
15,3.487500,0.0530813,0.5167791,1.1439660,0.003262,0.0000034,0.0004633,0.6741257
15,3.491667,0.0530745,0.5167791,1.1439800,0.003290,0.0000003,0.0003657,0.6741393
15,3.495833,0.0530676,0.5167791,1.1439940,0.003319,0.0000013,0.0002813,0.6741531
15,3.500000,0.0530607,0.5167791,1.1440080,0.003319,0.0000003,0.0002099,0.6741670
15,3.504167,0.0530537,0.5167791,1.1440220,0.003347,0.0000028,0.0001488,0.6741809
15,3.508333,0.0530467,0.5167791,1.1440360,0.003347,0.0000050,0.0000968,0.6741948
15,3.512500,0.0530396,0.5167791,1.1440500,0.003405,0.0000064,0.0000555,0.6742091
15,3.516667,0.0530325,0.5167791,1.1440640,0.003405,0.0000070,0.0000267,0.6742232
15,3.520833,0.0530254,0.5167791,1.1440780,0.003433,0.0000068,0.0000121,0.6742375
15,3.525000,0.0530182,0.5167791,1.1440930,0.003433,0.0000053,0.0000128,0.6742519
15,3.529167,0.0530110,0.5167791,1.1441070,0.003490,0.0000031,0.0000313,0.6742664
15,3.533333,0.0530037,0.5167791,1.1441220,0.003490,0.0000003,0.0000689,0.6742810
15,3.537500,0.0529964,0.5167791,1.1441360,0.003490,0.0000022,0.0001202,0.6742955
15,3.541667,0.0529890,0.5167791,1.1441510,0.003519,0.0000121,0.0001809,0.6743101
15,3.545833,0.0529816,0.5167791,1.1441660,0.003576,0.0000251,0.0002557,0.6743250
15,3.550000,0.0529742,0.5167791,1.1441810,0.003576,0.0000369,0.0003495,0.6743400
15,3.554167,0.0529667,0.5167791,1.1441960,0.003576,0.0000432,0.0004677,0.6743549
15,3.558333,0.0529592,0.5167791,1.1442100,0.003576,0.0000409,0.0006165,0.6743699
15,3.562500,0.0529516,0.5167791,1.1442260,0.003662,0.0000269,0.0008021,0.6743851
15,3.566667,0.0529440,0.5167791,1.1442410,0.003691,0.0000002,0.0010325,0.6744004
15,3.570833,0.0529363,0.5167791,1.1442560,0.003662,0.0000282,0.0013242,0.6744156
15,3.575000,0.0529287,0.5167791,1.1442720,0.003662,0.0000443,0.0016834,0.6744309
15,3.579167,0.0529209,0.5167791,1.1442870,0.003719,0.0000489,0.0021016,0.6744464
15,3.583333,0.0529131,0.5167791,1.1443020,0.003691,0.0000432,0.0025000,0.6744619
15,3.587500,0.0529053,0.5167791,1.1443180,0.003777,0.0000296,0.0025000,0.6744776
15,3.591667,0.0528975,0.5167791,1.1443340,0.003777,0.0000138,0.0025001,0.6744933
15,3.595833,0.0528896,0.5167791,1.1443500,0.003805,0.0000044,0.0025000,0.6745091
15,3.600000,0.0528817,0.5167791,1.1443660,0.003777,0.0000003,0.0025000,0.6745249
15,3.604167,0.0528737,0.5167791,1.1443820,0.003834,0.0000167,0.0025000,0.6745408
15,3.608333,0.0528657,0.5167791,1.1443970,0.003805,0.0000376,0.0025001,0.6745567
15,3.612500,0.0528577,0.5167791,1.1444140,0.003891,0.0000553,0.0025000,0.6745729
15,3.616667,0.0528496,0.5167791,1.1444300,0.003862,0.0000647,0.0025000,0.6745890
15,3.620833,0.0528415,0.5167791,1.1444460,0.003891,0.0000633,0.0025001,0.6746053
15,3.625000,0.0528334,0.5167791,1.1444620,0.003891,0.0000503,0.0025001,0.6746215
15,3.629167,0.0528252,0.5167791,1.1444790,0.003948,0.0000281,0.0025001,0.6746379
15,3.633333,0.0528170,0.5167791,1.1444950,0.003920,0.0000002,0.0025001,0.6746542
15,3.637500,0.0528087,0.5167791,1.1445110,0.003977,0.0000200,0.0025002,0.6746708
15,3.641667,0.0528004,0.5167791,1.1445280,0.004005,0.0000249,0.0025001,0.6746874
15,3.645833,0.0527921,0.5167791,1.1445450,0.003977,0.0000199,0.0025001,0.6747041
15,3.650000,0.0527837,0.5167791,1.1445610,0.004005,0.0000098,0.0025001,0.6747208
15,3.654167,0.0527753,0.5167791,1.1445780,0.004034,0.0000041,0.0025001,0.6747375
15,3.658333,0.0527669,0.5167791,1.1445950,0.004034,0.0000107,0.0025000,0.6747544
15,3.662500,0.0527585,0.5167791,1.1446120,0.004063,0.0000110,0.0025000,0.6747713
15,3.666667,0.0527500,0.5167791,1.1446290,0.004091,0.0000003,0.0025000,0.6747883
15,3.670833,0.0527415,0.5167791,1.1446460,0.004091,0.0000148,0.0025000,0.6748053
15,3.675000,0.0527329,0.5167791,1.1446630,0.004091,0.0000225,0.0025001,0.6748224
15,3.679167,0.0527243,0.5167791,1.1446800,0.004120,0.0000241,0.0025001,0.6748396
15,3.683333,0.0527157,0.5167791,1.1446970,0.004120,0.0000208,0.0025000,0.6748568
15,3.687500,0.0527071,0.5167791,1.1447150,0.004148,0.0000145,0.0025001,0.6748741
15,3.691667,0.0526984,0.5167791,1.1447320,0.004148,0.0000074,0.0025001,0.6748914
15,3.695833,0.0526897,0.5167791,1.1447490,0.004177,0.0000017,0.0025001,0.6749088
15,3.700000,0.0526810,0.5167791,1.1447670,0.004206,0.0000003,0.0025001,0.6749262
15,3.704167,0.0526722,0.5167791,1.1447850,0.004234,0.0000005,0.0025000,0.6749438
15,3.708333,0.0526634,0.5167791,1.1448020,0.004206,0.0000009,0.0025000,0.6749614
15,3.712500,0.0526546,0.5167791,1.1448200,0.004234,0.0000010,0.0025001,0.6749791
15,3.716667,0.0526458,0.5167791,1.1448370,0.004263,0.0000009,0.0025001,0.6749967
15,3.720833,0.0526369,0.5167791,1.1448550,0.004234,0.0000006,0.0025000,0.6750145
15,3.725000,0.0526280,0.5167791,1.1448730,0.004263,0.0000004,0.0025001,0.6750322
15,3.729167,0.0526190,0.5167791,1.1448910,0.004292,0.0000002,0.0025002,0.6750501
15,3.733333,0.0526101,0.5167791,1.1449090,0.004292,0.0000003,0.0025001,0.6750680
15,3.737500,0.0526011,0.5167791,1.1449270,0.004320,0.0000003,0.0025000,0.6750860
15,3.741667,0.0525921,0.5167791,1.1449450,0.004320,0.0000003,0.0025001,0.6751040
15,3.745833,0.0525831,0.5167791,1.1449630,0.004349,0.0000004,0.0025000,0.6751221
15,3.750000,0.0525740,0.5167791,1.1449810,0.004349,0.0000005,0.0025001,0.6751402
15,3.754167,0.0525649,0.5167791,1.1449990,0.004377,0.0000005,0.0025001,0.6751584
15,3.758333,0.0525558,0.5167791,1.1450170,0.004349,0.0000004,0.0024999,0.6751766
15,3.762500,0.0525467,0.5167791,1.1450360,0.004406,0.0000002,0.0025001,0.6751949
15,3.766667,0.0525376,0.5167791,1.1450540,0.004377,0.0000003,0.0025000,0.6752132
15,3.770833,0.0525284,0.5167791,1.1450720,0.004435,0.0000003,0.0025000,0.6752316
15,3.775000,0.0525192,0.5167791,1.1450910,0.004377,0.0000011,0.0025000,0.6752499
15,3.779167,0.0525099,0.5167791,1.1451090,0.004435,0.0000024,0.0025000,0.6752684
15,3.783333,0.0525007,0.5167791,1.1451280,0.004435,0.0000037,0.0025001,0.6752868
15,3.787500,0.0524914,0.5167791,1.1451460,0.004435,0.0000045,0.0025000,0.6753054
15,3.791667,0.0524822,0.5167791,1.1451650,0.004463,0.0000043,0.0025000,0.6753238
15,3.795833,0.0524728,0.5167791,1.1451830,0.004463,0.0000028,0.0025001,0.6753425
15,3.800000,0.0524635,0.5167791,1.1452020,0.004492,0.0000002,0.0025000,0.6753612
15,3.804167,0.0524542,0.5167791,1.1452210,0.004492,0.0000019,0.0025001,0.6753799
15,3.808333,0.0524448,0.5167791,1.1452390,0.004492,0.0000013,0.0025002,0.6753986
15,3.812500,0.0524354,0.5167791,1.1452580,0.004492,0.0000014,0.0025001,0.6754174
15,3.816667,0.0524260,0.5167791,1.1452770,0.004520,0.0000039,0.0025001,0.6754362
15,3.820833,0.0524166,0.5167791,1.1452960,0.004520,0.0000062,0.0025001,0.6754550
15,3.825000,0.0524072,0.5167791,1.1453150,0.004549,0.0000068,0.0025001,0.6754739
15,3.829167,0.0523977,0.5167791,1.1453340,0.004520,0.0000050,0.0025001,0.6754928
15,3.833333,0.0523882,0.5167791,1.1453520,0.004492,0.0000003,0.0025002,0.6755116
15,3.837500,0.0523787,0.5167791,1.1453710,0.004606,0.0000049,0.0025001,0.6755307
15,3.841667,0.0523692,0.5167791,1.1453910,0.004578,0.0000062,0.0025001,0.6755497
15,3.845833,0.0523597,0.5167791,1.1454090,0.004549,0.0000048,0.0025001,0.6755688
15,3.850000,0.0523502,0.5167791,1.1454290,0.004578,0.0000021,0.0025002,0.6755878
15,3.854167,0.0523406,0.5167791,1.1454480,0.004578,0.0000019,0.0025001,0.6756070
15,3.858333,0.0523311,0.5167791,1.1454670,0.004606,0.0000040,0.0025001,0.6756262
15,3.862500,0.0523215,0.5167791,1.1454860,0.004606,0.0000040,0.0025001,0.6756453
15,3.866667,0.0523119,0.5167791,1.1455050,0.004606,0.0000002,0.0025001,0.6756645
15,3.870833,0.0523023,0.5167791,1.1455240,0.004606,0.0000056,0.0025001,0.6756837
15,3.875000,0.0522926,0.5167791,1.1455440,0.004606,0.0000090,0.0025001,0.6757029
15,3.879167,0.0522830,0.5167791,1.1455630,0.004663,0.0000099,0.0025001,0.6757222
15,3.883333,0.0522734,0.5167791,1.1455820,0.004606,0.0000090,0.0025001,0.6757415
15,3.887500,0.0522637,0.5167791,1.1456020,0.004635,0.0000065,0.0025000,0.6757608
15,3.891667,0.0522540,0.5167791,1.1456210,0.004663,0.0000037,0.0025001,0.6757801
15,3.895833,0.0522443,0.5167791,1.1456400,0.004606,0.0000012,0.0025000,0.6757995
15,3.900000,0.0522347,0.5167791,1.1456600,0.004692,0.0000003,0.0025001,0.6758189
15,3.904167,0.0522250,0.5167791,1.1456790,0.004635,0.0000024,0.0025001,0.6758383
15,3.908333,0.0522152,0.5167791,1.1456980,0.004663,0.0000060,0.0025000,0.6758577
15,3.912500,0.0522055,0.5167791,1.1457180,0.004692,0.0000096,0.0025001,0.6758772
15,3.916667,0.0521958,0.5167791,1.1457370,0.004635,0.0000118,0.0025000,0.6758966
15,3.920833,0.0521860,0.5167791,1.1457570,0.004692,0.0000122,0.0025000,0.6759161
15,3.925000,0.0521763,0.5167791,1.1457760,0.004663,0.0000102,0.0025000,0.6759356
15,3.929167,0.0521666,0.5167791,1.1457960,0.004692,0.0000059,0.0025000,0.6759551
15,3.933333,0.0521568,0.5167791,1.1458150,0.004692,0.0000001,0.0025000,0.6759746
15,3.937500,0.0521470,0.5167791,1.1458350,0.004692,0.0000038,0.0025000,0.6759942
15,3.941667,0.0521373,0.5167791,1.1458540,0.004663,0.0000030,0.0025001,0.6760137
15,3.945833,0.0521275,0.5167791,1.1458740,0.004692,0.0000018,0.0023157,0.6760333
15,3.950000,0.0521177,0.5167791,1.1458930,0.004692,0.0000049,0.0020483,0.6760527
15,3.954167,0.0521079,0.5167791,1.1459130,0.004721,0.0000079,0.0017961,0.6760724
15,3.958333,0.0520981,0.5167791,1.1459330,0.004692,0.0000088,0.0015623,0.6760920
15,3.962500,0.0520883,0.5167791,1.1459520,0.004692,0.0000065,0.0013493,0.6761116
15,3.966667,0.0520785,0.5167791,1.1459720,0.004721,0.0000003,0.0011600,0.6761312
15,3.970833,0.0520687,0.5167791,1.1459920,0.004721,0.0000065,0.0009909,0.6761508
15,3.975000,0.0520589,0.5167791,1.1460110,0.004692,0.0000090,0.0008373,0.6761705
15,3.979167,0.0520491,0.5167791,1.1460310,0.004721,0.0000089,0.0006985,0.6761901
15,3.983333,0.0520393,0.5167791,1.1460500,0.004721,0.0000066,0.0005739,0.6762096
15,3.987500,0.0520295,0.5167791,1.1460700,0.004692,0.0000033,0.0004631,0.6762292
15,3.991667,0.0520196,0.5167791,1.1460900,0.004721,0.0000004,0.0003658,0.6762489
15,3.995833,0.0520098,0.5167791,1.1461090,0.004692,0.0000014,0.0002813,0.6762686
15,4.000000,0.0520000,0.5167791,1.1461290,0.004721,0.0000002,0.0002098,0.6762882
15,4.004167,0.0519902,0.5167791,1.1461490,0.004721,0.0000027,0.0001487,0.6763079
15,4.008333,0.0519804,0.5167791,1.1461680,0.004692,0.0000048,0.0000967,0.6763275
15,4.012500,0.0519706,0.5167791,1.1461880,0.004749,0.0000063,0.0000555,0.6763471
15,4.016667,0.0519607,0.5167791,1.1462070,0.004692,0.0000068,0.0000266,0.6763667
15,4.020833,0.0519509,0.5167791,1.1462270,0.004692,0.0000066,0.0000119,0.6763863
15,4.025000,0.0519411,0.5167791,1.1462470,0.004721,0.0000052,0.0000127,0.6764060
15,4.029167,0.0519313,0.5167791,1.1462660,0.004721,0.0000031,0.0000312,0.6764256
15,4.033333,0.0519215,0.5167791,1.1462860,0.004692,0.0000003,0.0000688,0.6764452
15,4.037500,0.0519117,0.5167791,1.1463060,0.004721,0.0000021,0.0001202,0.6764649
15,4.041667,0.0519019,0.5167791,1.1463250,0.004692,0.0000120,0.0001808,0.6764844
15,4.045833,0.0518921,0.5167791,1.1463450,0.004721,0.0000249,0.0002555,0.6765040
15,4.050000,0.0518823,0.5167791,1.1463640,0.004692,0.0000366,0.0003492,0.6765236
15,4.054167,0.0518725,0.5167791,1.1463840,0.004692,0.0000430,0.0004676,0.6765432
15,4.058333,0.0518628,0.5167791,1.1464030,0.004692,0.0000406,0.0006162,0.6765627
15,4.062500,0.0518530,0.5167791,1.1464230,0.004692,0.0000268,0.0008020,0.6765822
15,4.066667,0.0518432,0.5167791,1.1464430,0.004692,0.0000002,0.0010325,0.6766018
15,4.070833,0.0518335,0.5167791,1.1464620,0.004692,0.0000276,0.0013247,0.6766213
15,4.075000,0.0518237,0.5167791,1.1464820,0.004663,0.0000439,0.0016838,0.6766409
15,4.079167,0.0518140,0.5167791,1.1465010,0.004663,0.0000484,0.0021024,0.6766603
15,4.083333,0.0518042,0.5167791,1.1465200,0.004692,0.0000425,0.0025000,0.6766798
15,4.087500,0.0517945,0.5167791,1.1465400,0.004663,0.0000292,0.0025000,0.6766992
15,4.091667,0.0517848,0.5167791,1.1465590,0.004663,0.0000135,0.0025000,0.6767187
15,4.095833,0.0517751,0.5167791,1.1465790,0.004692,0.0000041,0.0025000,0.6767381
15,4.100000,0.0517654,0.5167791,1.1465980,0.004635,0.0000003,0.0025000,0.6767576
15,4.104167,0.0517557,0.5167791,1.1466180,0.004663,0.0000169,0.0024999,0.6767769
15,4.108333,0.0517460,0.5167791,1.1466370,0.004635,0.0000377,0.0025000,0.6767963
15,4.112500,0.0517363,0.5167791,1.1466560,0.004663,0.0000552,0.0025001,0.6768156
15,4.116667,0.0517267,0.5167791,1.1466760,0.004606,0.0000646,0.0025000,0.6768349
15,4.120833,0.0517170,0.5167791,1.1466950,0.004635,0.0000630,0.0025000,0.6768542
15,4.125000,0.0517074,0.5167791,1.1467140,0.004663,0.0000501,0.0025001,0.6768735
15,4.129167,0.0516978,0.5167791,1.1467330,0.004578,0.0000277,0.0025001,0.6768927
15,4.133333,0.0516881,0.5167791,1.1467530,0.004606,0.0000002,0.0025001,0.6769120
15,4.137500,0.0516786,0.5167791,1.1467720,0.004606,0.0000199,0.0025001,0.6769311
15,4.141667,0.0516690,0.5167791,1.1467910,0.004606,0.0000247,0.0025001,0.6769503
15,4.145833,0.0516594,0.5167791,1.1468100,0.004578,0.0000198,0.0025002,0.6769694
15,4.150000,0.0516498,0.5167791,1.1468290,0.004606,0.0000097,0.0025003,0.6769885
15,4.154167,0.0516403,0.5167791,1.1468480,0.004549,0.0000040,0.0025002,0.6770076
15,4.158333,0.0516308,0.5167791,1.1468670,0.004578,0.0000106,0.0025001,0.6770266
15,4.162500,0.0516213,0.5167791,1.1468860,0.004578,0.0000109,0.0025001,0.6770456
15,4.166667,0.0516118,0.5167791,1.1469050,0.004578,0.0000002,0.0025002,0.6770647
15,4.170833,0.0516023,0.5167791,1.1469240,0.004520,0.0000148,0.0025001,0.6770836
15,4.175000,0.0515928,0.5167791,1.1469430,0.004549,0.0000226,0.0025000,0.6771025
15,4.179167,0.0515834,0.5167791,1.1469620,0.004520,0.0000240,0.0025001,0.6771213
15,4.183333,0.0515740,0.5167791,1.1469810,0.004520,0.0000208,0.0025001,0.6771402
15,4.187500,0.0515646,0.5167791,1.1470000,0.004549,0.0000147,0.0025001,0.6771591
15,4.191667,0.0515552,0.5167791,1.1470190,0.004520,0.0000074,0.0025001,0.6771779
15,4.195833,0.0515458,0.5167791,1.1470370,0.004492,0.0000017,0.0025001,0.6771966
15,4.200000,0.0515365,0.5167791,1.1470560,0.004492,0.0000002,0.0025000,0.6772153
15,4.204167,0.0515272,0.5167791,1.1470750,0.004463,0.0000007,0.0025001,0.6772340
15,4.208333,0.0515179,0.5167791,1.1470930,0.004463,0.0000009,0.0025001,0.6772527
15,4.212500,0.0515086,0.5167791,1.1471120,0.004463,0.0000010,0.0025001,0.6772712
15,4.216667,0.0514993,0.5167791,1.1471300,0.004435,0.0000009,0.0025000,0.6772897
15,4.220833,0.0514901,0.5167791,1.1471490,0.004435,0.0000006,0.0024999,0.6773081
15,4.225000,0.0514808,0.5167791,1.1471670,0.004435,0.0000004,0.0025001,0.6773266
15,4.229167,0.0514716,0.5167791,1.1471860,0.004406,0.0000003,0.0025000,0.6773449
15,4.233333,0.0514625,0.5167791,1.1472040,0.004377,0.0000004,0.0025000,0.6773633
15,4.237500,0.0514533,0.5167791,1.1472220,0.004435,0.0000003,0.0025001,0.6773816
15,4.241667,0.0514442,0.5167791,1.1472410,0.004349,0.0000002,0.0025002,0.6773999
15,4.245833,0.0514351,0.5167791,1.1472590,0.004377,0.0000002,0.0025001,0.6774181
15,4.250000,0.0514260,0.5167791,1.1472770,0.004377,0.0000002,0.0025001,0.6774363
15,4.254167,0.0514169,0.5167791,1.1472950,0.004320,0.0000001,0.0025002,0.6774544
15,4.258333,0.0514079,0.5167791,1.1473130,0.004349,0.0000002,0.0025001,0.6774724
15,4.262500,0.0513989,0.5167791,1.1473310,0.004320,0.0000002,0.0025002,0.6774905
15,4.266667,0.0513899,0.5167791,1.1473490,0.004349,0.0000002,0.0025002,0.6775085
15,4.270833,0.0513810,0.5167791,1.1473670,0.004292,0.0000001,0.0025001,0.6775264
15,4.275000,0.0513720,0.5167791,1.1473850,0.004292,0.0000001,0.0025001,0.6775443
15,4.279167,0.0513631,0.5167791,1.1474030,0.004234,0.0000001,0.0025002,0.6775620
15,4.283333,0.0513542,0.5167791,1.1474210,0.004292,0.0000002,0.0025001,0.6775798
15,4.287500,0.0513454,0.5167791,1.1474380,0.004206,0.0000001,0.0025002,0.6775974
15,4.291667,0.0513366,0.5167791,1.1474560,0.004263,0.0000001,0.0025001,0.6776151
15,4.295833,0.0513278,0.5167791,1.1474730,0.004206,0.0000001,0.0025002,0.6776327
15,4.300000,0.0513190,0.5167791,1.1474910,0.004206,0.0000002,0.0025001,0.6776502
15,4.304167,0.0513103,0.5167791,1.1475080,0.004177,0.0000001,0.0025001,0.6776676
15,4.308333,0.0513016,0.5167791,1.1475260,0.004206,0.0000002,0.0025001,0.6776851
15,4.312500,0.0512929,0.5167791,1.1475430,0.004177,0.0000002,0.0025000,0.6777024
15,4.316667,0.0512843,0.5167791,1.1475600,0.004148,0.0000002,0.0025001,0.6777198
15,4.320833,0.0512757,0.5167791,1.1475780,0.004120,0.0000002,0.0025001,0.6777369
15,4.325000,0.0512671,0.5167791,1.1475950,0.004120,0.0000003,0.0025001,0.6777541
15,4.329167,0.0512585,0.5167791,1.1476120,0.004091,0.0000003,0.0025000,0.6777712
15,4.333333,0.0512500,0.5167791,1.1476290,0.004091,0.0000003,0.0025000,0.6777883
15,4.337500,0.0512415,0.5167791,1.1476460,0.004063,0.0000003,0.0024999,0.6778051
15,4.341667,0.0512331,0.5167791,1.1476630,0.004091,0.0000003,0.0024999,0.6778221
15,4.345833,0.0512247,0.5167791,1.1476800,0.004034,0.0000003,0.0025000,0.6778389
15,4.350000,0.0512163,0.5167791,1.1476960,0.004034,0.0000003,0.0025001,0.6778558
15,4.354167,0.0512079,0.5167791,1.1477130,0.003977,0.0000003,0.0025001,0.6778724
15,4.358333,0.0511996,0.5167791,1.1477300,0.004005,0.0000003,0.0025001,0.6778890
15,4.362500,0.0511913,0.5167791,1.1477460,0.003977,0.0000003,0.0025001,0.6779056
15,4.366667,0.0511831,0.5167791,1.1477630,0.003977,0.0000003,0.0025000,0.6779222
15,4.370833,0.0511748,0.5167791,1.1477790,0.003948,0.0000003,0.0025001,0.6779386
15,4.375000,0.0511666,0.5167791,1.1477960,0.003920,0.0000003,0.0025001,0.6779550
15,4.379167,0.0511585,0.5167791,1.1478120,0.003891,0.0000003,0.0025000,0.6779712
15,4.383333,0.0511504,0.5167791,1.1478280,0.003920,0.0000002,0.0025001,0.6779875
15,4.387500,0.0511423,0.5167791,1.1478440,0.003862,0.0000002,0.0025001,0.6780035
15,4.391667,0.0511343,0.5167791,1.1478600,0.003862,0.0000003,0.0024999,0.6780197
15,4.395833,0.0511263,0.5167791,1.1478760,0.003834,0.0000002,0.0025000,0.6780357
15,4.400000,0.0511183,0.5167791,1.1478920,0.003834,0.0000002,0.0025001,0.6780517
15,4.404167,0.0511104,0.5167791,1.1479080,0.003777,0.0000002,0.0025000,0.6780674
15,4.408333,0.0511025,0.5167791,1.1479240,0.003777,0.0000003,0.0025001,0.6780832
15,4.412500,0.0510947,0.5167791,1.1479400,0.003777,0.0000003,0.0025001,0.6780989
15,4.416667,0.0510869,0.5167791,1.1479550,0.003748,0.0000003,0.0025001,0.6781145
15,4.420833,0.0510791,0.5167791,1.1479710,0.003719,0.0000002,0.0025000,0.6781300
15,4.425000,0.0510714,0.5167791,1.1479860,0.003748,0.0000002,0.0025001,0.6781456
15,4.429167,0.0510637,0.5167791,1.1480020,0.003662,0.0000002,0.0025002,0.6781608
15,4.433333,0.0510560,0.5167791,1.1480170,0.003662,0.0000002,0.0025001,0.6781762
15,4.437500,0.0510484,0.5167791,1.1480320,0.003662,0.0000003,0.0025000,0.6781914
15,4.441667,0.0510409,0.5167791,1.1480470,0.003662,0.0000002,0.0025002,0.6782066
15,4.445833,0.0510333,0.5167791,1.1480620,0.003576,0.0000003,0.0025001,0.6782216
15,4.450000,0.0510258,0.5167791,1.1480770,0.003605,0.0000003,0.0025000,0.6782366
15,4.454167,0.0510184,0.5167791,1.1480920,0.003548,0.0000002,0.0025001,0.6782514
15,4.458333,0.0510110,0.5167791,1.1481070,0.003576,0.0000003,0.0025000,0.6782662
15,4.462500,0.0510037,0.5167791,1.1481220,0.003519,0.0000004,0.0024999,0.6782809
15,4.466667,0.0509963,0.5167791,1.1481360,0.003519,0.0000002,0.0024999,0.6782956
15,4.470833,0.0509891,0.5167791,1.1481510,0.003490,0.0000003,0.0025000,0.6783100
15,4.475000,0.0509818,0.5167791,1.1481650,0.003462,0.0000003,0.0024999,0.6783245
15,4.479167,0.0509746,0.5167791,1.1481800,0.003462,0.0000003,0.0025000,0.6783389
15,4.483333,0.0509675,0.5167791,1.1481940,0.003433,0.0000002,0.0025000,0.6783533
15,4.487500,0.0509604,0.5167791,1.1482080,0.003405,0.0000002,0.0025001,0.6783675
15,4.491667,0.0509533,0.5167791,1.1482220,0.003405,0.0000003,0.0025000,0.6783817
15,4.495833,0.0509463,0.5167791,1.1482360,0.003347,0.0000002,0.0025000,0.6783956
15,4.500000,0.0509393,0.5167791,1.1482500,0.003347,0.0000002,0.0025000,0.6784095
15,4.504167,0.0509324,0.5167791,1.1482640,0.003347,0.0000002,0.0025001,0.6784234
15,4.508333,0.0509256,0.5167791,1.1482780,0.003319,0.0000002,0.0025001,0.6784372
15,4.512500,0.0509187,0.5167791,1.1482910,0.003233,0.0000002,0.0025002,0.6784508
15,4.516667,0.0509119,0.5167791,1.1483050,0.003233,0.0000002,0.0025001,0.6784643
15,4.520833,0.0509052,0.5167791,1.1483190,0.003262,0.0000002,0.0025001,0.6784778
15,4.525000,0.0508985,0.5167791,1.1483320,0.003233,0.0000003,0.0025001,0.6784912
15,4.529167,0.0508919,0.5167791,1.1483450,0.003176,0.0000003,0.0025001,0.6785045
15,4.533333,0.0508853,0.5167791,1.1483580,0.003176,0.0000003,0.0025001,0.6785178
15,4.537500,0.0508788,0.5167791,1.1483710,0.003119,0.0000003,0.0025001,0.6785308
15,4.541667,0.0508722,0.5167791,1.1483840,0.003090,0.0000003,0.0025001,0.6785437
15,4.545833,0.0508658,0.5167791,1.1483970,0.003090,0.0000003,0.0025002,0.6785566
15,4.550000,0.0508594,0.5167791,1.1484100,0.003119,0.0000003,0.0025000,0.6785694
15,4.554167,0.0508531,0.5167791,1.1484230,0.003033,0.0000003,0.0025000,0.6785821
15,4.558333,0.0508467,0.5167791,1.1484360,0.003061,0.0000003,0.0025001,0.6785949
15,4.562500,0.0508405,0.5167791,1.1484480,0.002947,0.0000003,0.0025001,0.6786072
15,4.566667,0.0508343,0.5167791,1.1484600,0.002975,0.0000003,0.0025002,0.6786196
15,4.570833,0.0508282,0.5167791,1.1484730,0.002975,0.0000002,0.0025001,0.6786319
15,4.575000,0.0508220,0.5167791,1.1484850,0.002947,0.0000003,0.0025000,0.6786441
15,4.579167,0.0508160,0.5167791,1.1484970,0.002890,0.0000002,0.0025001,0.6786562
15,4.583333,0.0508100,0.5167791,1.1485090,0.002918,0.0000003,0.0025000,0.6786684
15,4.587500,0.0508040,0.5167791,1.1485210,0.002804,0.0000003,0.0024999,0.6786802
15,4.591667,0.0507981,0.5167791,1.1485330,0.002861,0.0000003,0.0024999,0.6786920
15,4.595833,0.0507923,0.5167791,1.1485440,0.002775,0.0000003,0.0025000,0.6787037
15,4.600000,0.0507865,0.5167791,1.1485560,0.002804,0.0000002,0.0025000,0.6787152
15,4.604167,0.0507808,0.5167791,1.1485670,0.002747,0.0000002,0.0025001,0.6787267
15,4.608333,0.0507750,0.5167791,1.1485790,0.002718,0.0000002,0.0025001,0.6787382
15,4.612500,0.0507694,0.5167791,1.1485900,0.002718,0.0000002,0.0025001,0.6787494
15,4.616667,0.0507638,0.5167791,1.1486010,0.002689,0.0000001,0.0025002,0.6787606
15,4.620833,0.0507583,0.5167791,1.1486120,0.002632,0.0000002,0.0025001,0.6787716
15,4.625000,0.0507528,0.5167791,1.1486230,0.002661,0.0000001,0.0025002,0.6787826
15,4.629167,0.0507474,0.5167791,1.1486340,0.002604,0.0000002,0.0025001,0.6787935
15,4.633333,0.0507420,0.5167791,1.1486450,0.002604,0.0000002,0.0025001,0.6788043
15,4.637500,0.0507367,0.5167791,1.1486560,0.002546,0.0000002,0.0025001,0.6788149
15,4.641667,0.0507314,0.5167791,1.1486660,0.002546,0.0000002,0.0025001,0.6788255
15,4.645833,0.0507262,0.5167791,1.1486770,0.002460,0.0000002,0.0025001,0.6788359
15,4.650000,0.0507210,0.5167791,1.1486870,0.002489,0.0000003,0.0025000,0.6788462
15,4.654167,0.0507160,0.5167791,1.1486970,0.002432,0.0000003,0.0025000,0.6788564
15,4.658333,0.0507109,0.5167791,1.1487070,0.002432,0.0000003,0.0025000,0.6788665
15,4.662500,0.0507059,0.5167791,1.1487170,0.002375,0.0000003,0.0025000,0.6788764
15,4.666667,0.0507010,0.5167791,1.1487270,0.002403,0.0000003,0.0025000,0.6788864
15,4.670833,0.0506961,0.5167791,1.1487370,0.002317,0.0000004,0.0025000,0.6788961
15,4.675000,0.0506913,0.5167791,1.1487460,0.002317,0.0000003,0.0025001,0.6789058
15,4.679167,0.0506865,0.5167791,1.1487560,0.002289,0.0000004,0.0024999,0.6789153
15,4.683333,0.0506818,0.5167791,1.1487650,0.002289,0.0000002,0.0025001,0.6789247
15,4.687500,0.0506771,0.5167791,1.1487750,0.002232,0.0000002,0.0025001,0.6789340
15,4.691667,0.0506725,0.5167791,1.1487840,0.002232,0.0000003,0.0025000,0.6789433
15,4.695833,0.0506680,0.5167791,1.1487930,0.002146,0.0000002,0.0025001,0.6789523
15,4.700000,0.0506635,0.5167791,1.1488020,0.002174,0.0000002,0.0025001,0.6789613
15,4.704167,0.0506591,0.5167791,1.1488110,0.002117,0.0000002,0.0025000,0.6789701
15,4.708333,0.0506547,0.5167791,1.1488200,0.002089,0.0000003,0.0025000,0.6789789
15,4.712500,0.0506504,0.5167791,1.1488280,0.002060,0.0000002,0.0025001,0.6789874
15,4.716667,0.0506461,0.5167791,1.1488370,0.002060,0.0000002,0.0025001,0.6789960
15,4.720833,0.0506420,0.5167791,1.1488450,0.001974,0.0000003,0.0025000,0.6790043
15,4.725000,0.0506378,0.5167791,1.1488530,0.002003,0.0000003,0.0025000,0.6790126
15,4.729167,0.0506337,0.5167791,1.1488610,0.001945,0.0000002,0.0025001,0.6790207
15,4.733333,0.0506297,0.5167791,1.1488700,0.001945,0.0000002,0.0025001,0.6790289
15,4.737500,0.0506257,0.5167791,1.1488770,0.001888,0.0000003,0.0025000,0.6790367
15,4.741667,0.0506218,0.5167791,1.1488850,0.001860,0.0000002,0.0025000,0.6790445
15,4.745833,0.0506180,0.5167791,1.1488930,0.001860,0.0000003,0.0025000,0.6790522
15,4.750000,0.0506142,0.5167791,1.1489010,0.001831,0.0000002,0.0025000,0.6790599
15,4.754167,0.0506105,0.5167791,1.1489080,0.001802,0.0000002,0.0025001,0.6790673
15,4.758333,0.0506068,0.5167791,1.1489150,0.001774,0.0000002,0.0025001,0.6790747
15,4.762500,0.0506032,0.5167791,1.1489230,0.001717,0.0000001,0.0025001,0.6790819
15,4.766667,0.0505996,0.5167791,1.1489300,0.001688,0.0000002,0.0025001,0.6790890
15,4.770833,0.0505962,0.5167791,1.1489370,0.001688,0.0000002,0.0025001,0.6790958
15,4.775000,0.0505927,0.5167791,1.1489440,0.001659,0.0000001,0.0025000,0.6791028
15,4.779167,0.0505894,0.5167791,1.1489500,0.001602,0.0000002,0.0025000,0.6791095
15,4.783333,0.0505860,0.5167791,1.1489570,0.001631,0.0000002,0.0025000,0.6791162
15,4.787500,0.0505828,0.5167791,1.1489630,0.001545,0.0000002,0.0025000,0.6791226
15,4.791667,0.0505796,0.5167791,1.1489700,0.001516,0.0000002,0.0025002,0.6791290
15,4.795833,0.0505765,0.5167791,1.1489760,0.001459,0.0000003,0.0025001,0.6791351
15,4.800000,0.0505734,0.5167791,1.1489820,0.001488,0.0000002,0.0025001,0.6791413
15,4.804167,0.0505704,0.5167791,1.1489880,0.001431,0.0000002,0.0025001,0.6791473
15,4.808333,0.0505675,0.5167791,1.1489940,0.001459,0.0000003,0.0025000,0.6791533
15,4.812500,0.0505646,0.5167791,1.1490000,0.001345,0.0000002,0.0025001,0.6791590
15,4.816667,0.0505618,0.5167791,1.1490050,0.001345,0.0000002,0.0025001,0.6791646
15,4.820833,0.0505591,0.5167791,1.1490110,0.001345,0.0000001,0.0025002,0.6791702
15,4.825000,0.0505563,0.5167791,1.1490160,0.001316,0.0000002,0.0025001,0.6791757
15,4.829167,0.0505537,0.5167791,1.1490220,0.001230,0.0000001,0.0025002,0.6791809
15,4.833333,0.0505511,0.5167791,1.1490270,0.001259,0.0000001,0.0025002,0.6791860
15,4.837500,0.0505486,0.5167791,1.1490320,0.001202,0.0000002,0.0025001,0.6791910
15,4.841667,0.0505462,0.5167791,1.1490370,0.001173,0.0000002,0.0025001,0.6791960
15,4.845833,0.0505438,0.5167791,1.1490410,0.001144,0.0000003,0.0025001,0.6792006
15,4.850000,0.0505415,0.5167791,1.1490460,0.001116,0.0000002,0.0025002,0.6792053
15,4.854167,0.0505392,0.5167791,1.1490500,0.001059,0.0000002,0.0025000,0.6792098
15,4.858333,0.0505370,0.5167791,1.1490550,0.001087,0.0000003,0.0025000,0.6792144
15,4.862500,0.0505349,0.5167791,1.1490590,0.001001,0.0000003,0.0025001,0.6792185
15,4.866667,0.0505328,0.5167791,1.1490630,0.001030,0.0000003,0.0025000,0.6792226
15,4.870833,0.0505308,0.5167791,1.1490670,0.000944,0.0000003,0.0024999,0.6792267
15,4.875000,0.0505288,0.5167791,1.1490710,0.000944,0.0000003,0.0025001,0.6792306
15,4.879167,0.0505270,0.5167791,1.1490750,0.000887,0.0000004,0.0025000,0.6792343
15,4.883333,0.0505251,0.5167791,1.1490790,0.000887,0.0000003,0.0024999,0.6792380
15,4.887500,0.0505234,0.5167791,1.1490820,0.000801,0.0000004,0.0024999,0.6792414
15,4.891667,0.0505217,0.5167791,1.1490860,0.000858,0.0000005,0.0024999,0.6792449
15,4.895833,0.0505201,0.5167791,1.1490890,0.000744,0.0000003,0.0024999,0.6792481
15,4.900000,0.0505185,0.5167791,1.1490920,0.000801,0.0000003,0.0024999,0.6792514
15,4.904167,0.0505170,0.5167791,1.1490950,0.000687,0.0000003,0.0024999,0.6792542
15,4.908333,0.0505155,0.5167791,1.1490980,0.000687,0.0000003,0.0025000,0.6792572
15,4.912500,0.0505142,0.5167791,1.1491010,0.000658,0.0000003,0.0024999,0.6792598
15,4.916667,0.0505128,0.5167791,1.1491030,0.000658,0.0000002,0.0025000,0.6792625
15,4.920833,0.0505116,0.5167791,1.1491060,0.000572,0.0000003,0.0025000,0.6792650
15,4.925000,0.0505104,0.5167791,1.1491080,0.000601,0.0000001,0.0025001,0.6792675
15,4.929167,0.0505093,0.5167791,1.1491100,0.000544,0.0000002,0.0025001,0.6792697
15,4.933333,0.0505082,0.5167791,1.1491130,0.000515,0.0000002,0.0025001,0.6792719
15,4.937500,0.0505073,0.5167791,1.1491140,0.000458,0.0000002,0.0025001,0.6792738
15,4.941667,0.0505063,0.5167791,1.1491160,0.000458,0.0000001,0.0025002,0.6792758
15,4.945833,0.0505055,0.5167791,1.1491180,0.000401,0.0000002,0.0025000,0.6792774
15,4.950000,0.0505046,0.5167791,1.1491200,0.000372,0.0000002,0.0025000,0.6792789
15,4.954167,0.0505039,0.5167791,1.1491210,0.000343,0.0000003,0.0024999,0.6792803
15,4.958333,0.0505032,0.5167791,1.1491220,0.000343,0.0000003,0.0025000,0.6792818
15,4.962500,0.0505026,0.5167791,1.1491240,0.000286,0.0000004,0.0024999,0.6792830
15,4.966667,0.0505021,0.5167791,1.1491250,0.000286,0.0000003,0.0025000,0.6792842
15,4.970833,0.0505016,0.5167791,1.1491260,0.000229,0.0000003,0.0025000,0.6792850
15,4.975000,0.0505012,0.5167791,1.1491270,0.000172,0.0000004,0.0024999,0.6792859
15,4.979167,0.0505008,0.5167791,1.1491270,0.000172,0.0000004,0.0024999,0.6792865
15,4.983333,0.0505005,0.5167791,1.1491280,0.000143,0.0000003,0.0025000,0.6792872
15,4.987500,0.0505003,0.5167791,1.1491280,0.000114,0.0000002,0.0025001,0.6792876
15,4.991667,0.0505001,0.5167791,1.1491290,0.000086,0.0000002,0.0025001,0.6792880
15,4.995833,0.0505001,0.5167791,1.1491290,0.000029,0.0000002,0.0025001,0.6792881
15,5.000000,0.0505000,0.5167791,1.1491290,0.000029,0.0000002,0.0025001,0.6792882
15,5.004167,0.0505001,0.5167791,1.1491290,-0.000029,0.0000002,0.0025001,0.6792881
15,5.008333,0.0505001,0.5167791,1.1491290,-0.000029,0.0000002,0.0025001,0.6792880
15,5.012500,0.0505003,0.5167791,1.1491280,-0.000086,0.0000002,0.0025001,0.6792876
15,5.016667,0.0505005,0.5167791,1.1491280,-0.000114,0.0000003,0.0025000,0.6792872
15,5.020833,0.0505008,0.5167791,1.1491270,-0.000143,0.0000004,0.0024999,0.6792865
15,5.025000,0.0505012,0.5167791,1.1491270,-0.000172,0.0000004,0.0024999,0.6792859
15,5.029167,0.0505016,0.5167791,1.1491260,-0.000200,0.0000003,0.0025000,0.6792850
15,5.033333,0.0505021,0.5167791,1.1491250,-0.000200,0.0000003,0.0025000,0.6792842
15,5.037500,0.0505026,0.5167791,1.1491240,-0.000286,0.0000004,0.0024999,0.6792829
15,5.041667,0.0505032,0.5167791,1.1491220,-0.000286,0.0000003,0.0025000,0.6792818
15,5.045833,0.0505039,0.5167791,1.1491210,-0.000343,0.0000004,0.0024999,0.6792803
15,5.050000,0.0505046,0.5167791,1.1491200,-0.000343,0.0000002,0.0025000,0.6792789
15,5.054167,0.0505055,0.5167791,1.1491180,-0.000372,0.0000002,0.0025000,0.6792774
15,5.058333,0.0505063,0.5167791,1.1491160,-0.000401,0.0000001,0.0025002,0.6792758
15,5.062500,0.0505073,0.5167791,1.1491140,-0.000458,0.0000002,0.0025001,0.6792738
15,5.066667,0.0505082,0.5167791,1.1491130,-0.000458,0.0000002,0.0025001,0.6792719
15,5.070833,0.0505093,0.5167791,1.1491100,-0.000515,0.0000002,0.0025001,0.6792697
15,5.075000,0.0505104,0.5167791,1.1491080,-0.000544,0.0000001,0.0025001,0.6792675
15,5.079167,0.0505116,0.5167791,1.1491060,-0.000601,0.0000003,0.0025000,0.6792650
15,5.083333,0.0505128,0.5167791,1.1491030,-0.000572,0.0000002,0.0025000,0.6792625
15,5.087500,0.0505142,0.5167791,1.1491010,-0.000658,0.0000003,0.0024999,0.6792598
15,5.091667,0.0505155,0.5167791,1.1490980,-0.000658,0.0000003,0.0025000,0.6792572
15,5.095833,0.0505170,0.5167791,1.1490950,-0.000687,0.0000003,0.0024999,0.6792542
15,5.100000,0.0505185,0.5167791,1.1490920,-0.000687,0.0000003,0.0024999,0.6792514
15,5.104167,0.0505201,0.5167791,1.1490890,-0.000801,0.0000003,0.0024999,0.6792481
15,5.108333,0.0505217,0.5167791,1.1490860,-0.000744,0.0000005,0.0024999,0.6792449
15,5.112500,0.0505234,0.5167791,1.1490820,-0.000858,0.0000004,0.0024999,0.6792414
15,5.116667,0.0505251,0.5167791,1.1490790,-0.000801,0.0000003,0.0024999,0.6792380
15,5.120833,0.0505270,0.5167791,1.1490750,-0.000887,0.0000004,0.0025000,0.6792343
15,5.125000,0.0505288,0.5167791,1.1490710,-0.000887,0.0000003,0.0025001,0.6792306
15,5.129167,0.0505308,0.5167791,1.1490670,-0.000944,0.0000003,0.0024999,0.6792267
15,5.133333,0.0505328,0.5167791,1.1490630,-0.000944,0.0000003,0.0025000,0.6792226
15,5.137500,0.0505349,0.5167791,1.1490590,-0.001030,0.0000003,0.0025001,0.6792185
15,5.141667,0.0505370,0.5167791,1.1490550,-0.001001,0.0000003,0.0025000,0.6792144
15,5.145833,0.0505392,0.5167791,1.1490500,-0.001087,0.0000002,0.0025000,0.6792098
15,5.150000,0.0505415,0.5167791,1.1490460,-0.001059,0.0000002,0.0025002,0.6792053
15,5.154167,0.0505438,0.5167791,1.1490410,-0.001116,0.0000003,0.0025001,0.6792006
15,5.158333,0.0505462,0.5167791,1.1490370,-0.001144,0.0000002,0.0025001,0.6791960
15,5.162500,0.0505486,0.5167791,1.1490320,-0.001173,0.0000002,0.0025001,0.6791910
15,5.166667,0.0505511,0.5167791,1.1490270,-0.001202,0.0000001,0.0025002,0.6791860
15,5.170833,0.0505537,0.5167791,1.1490220,-0.001259,0.0000001,0.0025002,0.6791809
15,5.175000,0.0505563,0.5167791,1.1490160,-0.001230,0.0000002,0.0025001,0.6791757
15,5.179167,0.0505591,0.5167791,1.1490110,-0.001316,0.0000001,0.0025002,0.6791702
15,5.183333,0.0505618,0.5167791,1.1490050,-0.001345,0.0000002,0.0025001,0.6791646
15,5.187500,0.0505646,0.5167791,1.1490000,-0.001345,0.0000002,0.0025001,0.6791590
15,5.191667,0.0505675,0.5167791,1.1489940,-0.001345,0.0000003,0.0025000,0.6791533
15,5.195833,0.0505704,0.5167791,1.1489880,-0.001459,0.0000002,0.0025001,0.6791473
15,5.200000,0.0505734,0.5167791,1.1489820,-0.001431,0.0000002,0.0025001,0.6791413
15,5.204167,0.0505765,0.5167791,1.1489760,-0.001488,0.0000003,0.0025001,0.6791351
15,5.208333,0.0505796,0.5167791,1.1489700,-0.001459,0.0000002,0.0025002,0.6791290
15,5.212500,0.0505828,0.5167791,1.1489630,-0.001516,0.0000002,0.0025000,0.6791226
15,5.216667,0.0505860,0.5167791,1.1489570,-0.001545,0.0000002,0.0025000,0.6791162
15,5.220833,0.0505894,0.5167791,1.1489500,-0.001631,0.0000002,0.0025000,0.6791095
15,5.225000,0.0505927,0.5167791,1.1489440,-0.001602,0.0000001,0.0025000,0.6791028
15,5.229167,0.0505962,0.5167791,1.1489370,-0.001659,0.0000002,0.0025001,0.6790958
15,5.233333,0.0505996,0.5167791,1.1489300,-0.001688,0.0000002,0.0025001,0.6790890
15,5.237500,0.0506032,0.5167791,1.1489230,-0.001688,0.0000001,0.0025001,0.6790819
15,5.241667,0.0506068,0.5167791,1.1489150,-0.001717,0.0000002,0.0025001,0.6790747
15,5.245833,0.0506105,0.5167791,1.1489080,-0.001774,0.0000002,0.0025001,0.6790673
15,5.250000,0.0506142,0.5167791,1.1489010,-0.001802,0.0000002,0.0025000,0.6790599
15,5.254167,0.0506180,0.5167791,1.1488930,-0.001831,0.0000003,0.0025000,0.6790522
15,5.258333,0.0506218,0.5167791,1.1488850,-0.001860,0.0000002,0.0025000,0.6790445
15,5.262500,0.0506257,0.5167791,1.1488770,-0.001860,0.0000003,0.0025000,0.6790367
15,5.266667,0.0506297,0.5167791,1.1488700,-0.001888,0.0000002,0.0025001,0.6790289
15,5.270833,0.0506337,0.5167791,1.1488610,-0.001945,0.0000002,0.0025001,0.6790207
15,5.275000,0.0506378,0.5167791,1.1488530,-0.001945,0.0000003,0.0025000,0.6790126
15,5.279167,0.0506420,0.5167791,1.1488450,-0.002003,0.0000003,0.0025000,0.6790043
15,5.283333,0.0506461,0.5167791,1.1488370,-0.001974,0.0000002,0.0025001,0.6789960
15,5.287500,0.0506504,0.5167791,1.1488280,-0.002060,0.0000002,0.0025001,0.6789874
15,5.291667,0.0506547,0.5167791,1.1488200,-0.002060,0.0000003,0.0025000,0.6789789
15,5.295833,0.0506591,0.5167791,1.1488110,-0.002089,0.0000002,0.0025000,0.6789701
15,5.300000,0.0506635,0.5167791,1.1488020,-0.002117,0.0000002,0.0025001,0.6789613
15,5.304167,0.0506680,0.5167791,1.1487930,-0.002174,0.0000002,0.0025001,0.6789523
15,5.308333,0.0506725,0.5167791,1.1487840,-0.002146,0.0000003,0.0025000,0.6789433
15,5.312500,0.0506771,0.5167791,1.1487750,-0.002232,0.0000002,0.0025001,0.6789340
15,5.316667,0.0506818,0.5167791,1.1487650,-0.002232,0.0000002,0.0025001,0.6789247
15,5.320833,0.0506865,0.5167791,1.1487560,-0.002289,0.0000004,0.0024999,0.6789153
15,5.325000,0.0506913,0.5167791,1.1487460,-0.002289,0.0000003,0.0025001,0.6789058
15,5.329167,0.0506961,0.5167791,1.1487370,-0.002317,0.0000004,0.0025000,0.6788961
15,5.333333,0.0507010,0.5167791,1.1487270,-0.002317,0.0000003,0.0025000,0.6788864
15,5.337500,0.0507059,0.5167791,1.1487170,-0.002403,0.0000003,0.0025000,0.6788764
15,5.341667,0.0507109,0.5167791,1.1487070,-0.002375,0.0000003,0.0025000,0.6788665
15,5.345833,0.0507160,0.5167791,1.1486970,-0.002432,0.0000003,0.0025000,0.6788564
15,5.350000,0.0507210,0.5167791,1.1486870,-0.002432,0.0000003,0.0025000,0.6788462
15,5.354167,0.0507262,0.5167791,1.1486770,-0.002489,0.0000002,0.0025001,0.6788359
15,5.358333,0.0507314,0.5167791,1.1486660,-0.002460,0.0000002,0.0025001,0.6788255
15,5.362500,0.0507367,0.5167791,1.1486560,-0.002546,0.0000002,0.0025001,0.6788149
15,5.366667,0.0507420,0.5167791,1.1486450,-0.002546,0.0000002,0.0025001,0.6788043
15,5.370833,0.0507474,0.5167791,1.1486340,-0.002604,0.0000002,0.0025001,0.6787935
15,5.375000,0.0507528,0.5167791,1.1486230,-0.002604,0.0000001,0.0025002,0.6787826
15,5.379167,0.0507583,0.5167791,1.1486120,-0.002661,0.0000002,0.0025001,0.6787716
15,5.383333,0.0507638,0.5167791,1.1486010,-0.002632,0.0000001,0.0025002,0.6787606
15,5.387500,0.0507694,0.5167791,1.1485900,-0.002689,0.0000002,0.0025001,0.6787494
15,5.391667,0.0507750,0.5167791,1.1485790,-0.002718,0.0000002,0.0025001,0.6787382
15,5.395833,0.0507808,0.5167791,1.1485670,-0.002718,0.0000002,0.0025001,0.6787267
15,5.400000,0.0507865,0.5167791,1.1485560,-0.002747,0.0000002,0.0025000,0.6787152
15,5.404167,0.0507923,0.5167791,1.1485440,-0.002804,0.0000003,0.0025000,0.6787037
15,5.408333,0.0507981,0.5167791,1.1485330,-0.002775,0.0000003,0.0024999,0.6786920
15,5.412500,0.0508040,0.5167791,1.1485210,-0.002861,0.0000003,0.0024999,0.6786802
15,5.416667,0.0508100,0.5167791,1.1485090,-0.002804,0.0000003,0.0025000,0.6786684
15,5.420833,0.0508160,0.5167791,1.1484970,-0.002918,0.0000002,0.0025001,0.6786562
15,5.425000,0.0508220,0.5167791,1.1484850,-0.002890,0.0000003,0.0025000,0.6786441
15,5.429167,0.0508282,0.5167791,1.1484730,-0.002947,0.0000003,0.0025001,0.6786319
15,5.433333,0.0508343,0.5167791,1.1484600,-0.002975,0.0000003,0.0025002,0.6786196
15,5.437500,0.0508405,0.5167791,1.1484480,-0.002975,0.0000003,0.0025001,0.6786072
15,5.441667,0.0508467,0.5167791,1.1484360,-0.002947,0.0000003,0.0025001,0.6785949
15,5.445833,0.0508531,0.5167791,1.1484230,-0.003061,0.0000003,0.0025000,0.6785821
15,5.450000,0.0508594,0.5167791,1.1484100,-0.003033,0.0000003,0.0025000,0.6785694
15,5.454167,0.0508658,0.5167791,1.1483970,-0.003119,0.0000003,0.0025002,0.6785566
15,5.458333,0.0508722,0.5167791,1.1483840,-0.003090,0.0000003,0.0025001,0.6785437
15,5.462500,0.0508788,0.5167791,1.1483710,-0.003090,0.0000003,0.0025001,0.6785308
15,5.466667,0.0508853,0.5167791,1.1483580,-0.003119,0.0000003,0.0025001,0.6785178
15,5.470833,0.0508919,0.5167791,1.1483450,-0.003176,0.0000003,0.0025001,0.6785045
15,5.475000,0.0508985,0.5167791,1.1483320,-0.003176,0.0000003,0.0025001,0.6784912
15,5.479167,0.0509052,0.5167791,1.1483190,-0.003233,0.0000002,0.0025001,0.6784778
15,5.483333,0.0509119,0.5167791,1.1483050,-0.003262,0.0000002,0.0025001,0.6784643
15,5.487500,0.0509188,0.5167791,1.1482910,-0.003233,0.0000002,0.0025002,0.6784508
15,5.491667,0.0509256,0.5167791,1.1482780,-0.003233,0.0000002,0.0025001,0.6784372
15,5.495833,0.0509325,0.5167791,1.1482640,-0.003319,0.0000002,0.0025001,0.6784234
15,5.500000,0.0509393,0.5167791,1.1482500,-0.003347,0.0000002,0.0025000,0.6784095
15,5.504167,0.0509463,0.5167791,1.1482360,-0.003347,0.0000002,0.0025000,0.6783956
15,5.508333,0.0509533,0.5167791,1.1482220,-0.003347,0.0000003,0.0025000,0.6783817
15,5.512500,0.0509604,0.5167791,1.1482080,-0.003405,0.0000002,0.0025001,0.6783675
15,5.516667,0.0509675,0.5167791,1.1481940,-0.003405,0.0000002,0.0025000,0.6783533
15,5.520833,0.0509746,0.5167791,1.1481800,-0.003433,0.0000003,0.0025000,0.6783389
15,5.525000,0.0509818,0.5167791,1.1481650,-0.003462,0.0000003,0.0024999,0.6783245
15,5.529167,0.0509891,0.5167791,1.1481510,-0.003462,0.0000003,0.0025000,0.6783100
15,5.533333,0.0509963,0.5167791,1.1481360,-0.003490,0.0000002,0.0024999,0.6782956
15,5.537500,0.0510037,0.5167791,1.1481220,-0.003519,0.0000004,0.0024999,0.6782809
15,5.541667,0.0510110,0.5167791,1.1481070,-0.003519,0.0000003,0.0025000,0.6782662
15,5.545833,0.0510184,0.5167791,1.1480920,-0.003576,0.0000002,0.0025001,0.6782514
15,5.550000,0.0510258,0.5167791,1.1480770,-0.003548,0.0000004,0.0025000,0.6782366
15,5.554167,0.0510333,0.5167791,1.1480620,-0.003605,0.0000003,0.0025001,0.6782216
15,5.558333,0.0510409,0.5167791,1.1480470,-0.003576,0.0000002,0.0025002,0.6782066
15,5.562500,0.0510484,0.5167791,1.1480320,-0.003662,0.0000003,0.0025000,0.6781914
15,5.566667,0.0510560,0.5167791,1.1480170,-0.003662,0.0000002,0.0025001,0.6781762
15,5.570833,0.0510637,0.5167791,1.1480020,-0.003662,0.0000002,0.0025002,0.6781608
15,5.575000,0.0510714,0.5167791,1.1479860,-0.003662,0.0000002,0.0025001,0.6781456
15,5.579167,0.0510791,0.5167791,1.1479710,-0.003748,0.0000002,0.0025000,0.6781300
15,5.583333,0.0510869,0.5167791,1.1479550,-0.003719,0.0000004,0.0025000,0.6781145
15,5.587500,0.0510947,0.5167791,1.1479400,-0.003748,0.0000003,0.0025001,0.6780989
15,5.591667,0.0511025,0.5167791,1.1479240,-0.003777,0.0000003,0.0025001,0.6780832
15,5.595833,0.0511104,0.5167791,1.1479080,-0.003777,0.0000002,0.0025000,0.6780674
15,5.600000,0.0511183,0.5167791,1.1478920,-0.003777,0.0000002,0.0025001,0.6780517
15,5.604167,0.0511263,0.5167791,1.1478760,-0.003834,0.0000002,0.0025000,0.6780357
15,5.608333,0.0511343,0.5167791,1.1478600,-0.003834,0.0000003,0.0024999,0.6780197
15,5.612500,0.0511423,0.5167791,1.1478440,-0.003862,0.0000002,0.0025001,0.6780035
15,5.616667,0.0511504,0.5167791,1.1478280,-0.003862,0.0000002,0.0025001,0.6779875
15,5.620833,0.0511585,0.5167791,1.1478120,-0.003920,0.0000003,0.0025000,0.6779712
15,5.625000,0.0511666,0.5167791,1.1477960,-0.003891,0.0000003,0.0025001,0.6779550
15,5.629167,0.0511749,0.5167791,1.1477790,-0.003920,0.0000003,0.0025001,0.6779386
15,5.633333,0.0511831,0.5167791,1.1477630,-0.003948,0.0000003,0.0025000,0.6779222
15,5.637500,0.0511913,0.5167791,1.1477460,-0.003977,0.0000003,0.0025001,0.6779056
15,5.641667,0.0511996,0.5167791,1.1477300,-0.003977,0.0000003,0.0025001,0.6778890
15,5.645833,0.0512079,0.5167791,1.1477130,-0.004005,0.0000003,0.0025001,0.6778724
15,5.650000,0.0512163,0.5167791,1.1476960,-0.003977,0.0000003,0.0025001,0.6778558
15,5.654167,0.0512247,0.5167791,1.1476800,-0.004034,0.0000003,0.0025000,0.6778389
15,5.658333,0.0512331,0.5167791,1.1476630,-0.004034,0.0000003,0.0024999,0.6778221
15,5.662500,0.0512415,0.5167791,1.1476460,-0.004091,0.0000003,0.0024999,0.6778051
15,5.666667,0.0512500,0.5167791,1.1476290,-0.004063,0.0000003,0.0025000,0.6777883
15,5.670833,0.0512585,0.5167791,1.1476120,-0.004091,0.0000003,0.0025000,0.6777712
15,5.675000,0.0512671,0.5167791,1.1475950,-0.004091,0.0000003,0.0025001,0.6777541
15,5.679167,0.0512757,0.5167791,1.1475780,-0.004120,0.0000002,0.0025001,0.6777369
15,5.683333,0.0512843,0.5167791,1.1475600,-0.004120,0.0000002,0.0025001,0.6777198
15,5.687500,0.0512929,0.5167791,1.1475430,-0.004148,0.0000002,0.0025000,0.6777024
15,5.691667,0.0513016,0.5167791,1.1475260,-0.004177,0.0000002,0.0025001,0.6776851
15,5.695833,0.0513103,0.5167791,1.1475080,-0.004206,0.0000001,0.0025001,0.6776676
15,5.700000,0.0513190,0.5167791,1.1474910,-0.004177,0.0000002,0.0025001,0.6776502
15,5.704167,0.0513278,0.5167791,1.1474730,-0.004206,0.0000002,0.0025002,0.6776327
15,5.708333,0.0513366,0.5167791,1.1474560,-0.004206,0.0000005,0.0025001,0.6776151
15,5.712500,0.0513454,0.5167791,1.1474380,-0.004263,0.0000012,0.0025002,0.6775974
15,5.716667,0.0513542,0.5167791,1.1474210,-0.004206,0.0000017,0.0025001,0.6775798
15,5.720833,0.0513631,0.5167791,1.1474030,-0.004292,0.0000021,0.0025002,0.6775620
15,5.725000,0.0513720,0.5167791,1.1473850,-0.004234,0.0000021,0.0025001,0.6775443
15,5.729167,0.0513810,0.5167791,1.1473670,-0.004292,0.0000014,0.0025001,0.6775264
15,5.733333,0.0513899,0.5167791,1.1473490,-0.004292,0.0000002,0.0025002,0.6775085
15,5.737500,0.0513989,0.5167791,1.1473310,-0.004349,0.0000016,0.0025002,0.6774905
15,5.741667,0.0514079,0.5167791,1.1473130,-0.004320,0.0000078,0.0025001,0.6774724
15,5.745833,0.0514169,0.5167791,1.1472950,-0.004349,0.0000157,0.0025002,0.6774544
15,5.750000,0.0514260,0.5167791,1.1472770,-0.004320,0.0000221,0.0025000,0.6774363
15,5.754167,0.0514351,0.5167791,1.1472590,-0.004377,0.0000002,0.0025001,0.6774181
15,5.758333,0.0514442,0.5167791,1.1472410,-0.004377,0.0000002,0.0025002,0.6773999
15,5.762500,0.0514533,0.5167791,1.1472220,-0.004349,0.0000003,0.0025001,0.6773816
15,5.766667,0.0514625,0.5167791,1.1472040,-0.004435,0.0000004,0.0025000,0.6773633
15,5.770833,0.0514716,0.5167791,1.1471860,-0.004377,0.0000003,0.0025000,0.6773449
15,5.775000,0.0514808,0.5167791,1.1471670,-0.004406,0.0000002,0.0025001,0.6773266
15,5.779167,0.0514901,0.5167791,1.1471490,-0.004435,0.0000003,0.0024999,0.6773081
15,5.783333,0.0514993,0.5167791,1.1471300,-0.004435,0.0000003,0.0025000,0.6772897
15,5.787500,0.0515086,0.5167791,1.1471120,-0.004435,0.0000003,0.0025001,0.6772712
15,5.791667,0.0515179,0.5167791,1.1470930,-0.004463,0.0000001,0.0025001,0.6772527
15,5.795833,0.0515272,0.5167791,1.1470750,-0.004463,0.0000001,0.0025001,0.6772340
15,5.800000,0.0515365,0.5167791,1.1470560,-0.004463,0.0000002,0.0025000,0.6772153
15,5.804167,0.0515458,0.5167791,1.1470370,-0.004492,0.0000001,0.0025001,0.6771966
15,5.808333,0.0515552,0.5167791,1.1470190,-0.004492,0.0000002,0.0025001,0.6771779
15,5.812500,0.0515646,0.5167791,1.1470000,-0.004520,0.0000002,0.0025001,0.6771591
15,5.816667,0.0515740,0.5167791,1.1469810,-0.004549,0.0000002,0.0025001,0.6771402
15,5.820833,0.0515834,0.5167791,1.1469620,-0.004520,0.0000002,0.0025001,0.6771213
15,5.825000,0.0515928,0.5167791,1.1469430,-0.004520,0.0000002,0.0025000,0.6771025
15,5.829167,0.0516023,0.5167791,1.1469240,-0.004549,0.0000003,0.0025001,0.6770836
15,5.833333,0.0516118,0.5167791,1.1469050,-0.004520,0.0000002,0.0025002,0.6770647
15,5.837500,0.0516213,0.5167791,1.1468860,-0.004578,0.0000003,0.0025001,0.6770456
15,5.841667,0.0516308,0.5167791,1.1468670,-0.004578,0.0000002,0.0025001,0.6770266
15,5.845833,0.0516403,0.5167791,1.1468480,-0.004578,0.0000002,0.0025002,0.6770075
15,5.850000,0.0516498,0.5167791,1.1468290,-0.004549,0.0000003,0.0025003,0.6769885
15,5.854167,0.0516594,0.5167791,1.1468100,-0.004606,0.0000002,0.0025002,0.6769694
15,5.858333,0.0516690,0.5167791,1.1467910,-0.004578,0.0000002,0.0025001,0.6769503
15,5.862500,0.0516786,0.5167791,1.1467720,-0.004606,0.0000002,0.0025001,0.6769311
15,5.866667,0.0516881,0.5167791,1.1467530,-0.004606,0.0000002,0.0025001,0.6769120
15,5.870833,0.0516978,0.5167791,1.1467330,-0.004606,0.0000003,0.0025001,0.6768927
15,5.875000,0.0517074,0.5167791,1.1467140,-0.004578,0.0000003,0.0025001,0.6768735
15,5.879167,0.0517170,0.5167791,1.1466950,-0.004663,0.0000003,0.0025000,0.6768542
15,5.883333,0.0517267,0.5167791,1.1466760,-0.004635,0.0000003,0.0025000,0.6768349
15,5.887500,0.0517363,0.5167791,1.1466560,-0.004606,0.0000002,0.0025001,0.6768156
15,5.891667,0.0517460,0.5167791,1.1466370,-0.004663,0.0000003,0.0025000,0.6767963
15,5.895833,0.0517557,0.5167791,1.1466180,-0.004635,0.0000004,0.0024999,0.6767769
15,5.900000,0.0517654,0.5167791,1.1465980,-0.004663,0.0000003,0.0025000,0.6767576
15,5.904167,0.0517751,0.5167791,1.1465790,-0.004635,0.0000003,0.0025000,0.6767381
15,5.908333,0.0517848,0.5167791,1.1465590,-0.004692,0.0000004,0.0025000,0.6767187
15,5.912500,0.0517945,0.5167791,1.1465400,-0.004663,0.0000003,0.0025000,0.6766992
15,5.916667,0.0518042,0.5167791,1.1465200,-0.004663,0.0000003,0.0025000,0.6766798
15,5.920833,0.0518140,0.5167791,1.1465010,-0.004692,0.0000002,0.0025002,0.6766603
15,5.925000,0.0518237,0.5167791,1.1464820,-0.004663,0.0000003,0.0025001,0.6766409
15,5.929167,0.0518335,0.5167791,1.1464620,-0.004663,0.0000003,0.0025001,0.6766213
15,5.933333,0.0518432,0.5167791,1.1464430,-0.004692,0.0000002,0.0025001,0.6766018
15,5.937500,0.0518530,0.5167791,1.1464230,-0.004692,0.0000003,0.0025000,0.6765822
15,5.941667,0.0518628,0.5167791,1.1464030,-0.004692,0.0000003,0.0025000,0.6765627
15,5.945833,0.0518725,0.5167791,1.1463840,-0.004692,0.0000002,0.0025001,0.6765432
15,5.950000,0.0518823,0.5167791,1.1463640,-0.004692,0.0000002,0.0025001,0.6765236
15,5.954167,0.0518921,0.5167791,1.1463450,-0.004692,0.0000003,0.0025000,0.6765040
15,5.958333,0.0519019,0.5167791,1.1463250,-0.004721,0.0000002,0.0025000,0.6764844
15,5.962500,0.0519117,0.5167791,1.1463060,-0.004692,0.0000002,0.0025001,0.6764649
15,5.966667,0.0519215,0.5167791,1.1462860,-0.004721,0.0000003,0.0025000,0.6764452
15,5.970833,0.0519313,0.5167791,1.1462660,-0.004692,0.0000003,0.0025000,0.6764256
15,5.975000,0.0519411,0.5167791,1.1462470,-0.004721,0.0000002,0.0025001,0.6764060
15,5.979167,0.0519509,0.5167791,1.1462270,-0.004721,0.0000002,0.0025001,0.6763863
15,5.983333,0.0519607,0.5167791,1.1462070,-0.004692,0.0000001,0.0025000,0.6763667
15,5.987500,0.0519706,0.5167791,1.1461880,-0.004721,0.0000003,0.0025000,0.6763471
15,5.991667,0.0519804,0.5167791,1.1461680,-0.004721,0.0000002,0.0025001,0.6763275
15,5.995833,0.0519902,0.5167791,1.1461490,-0.004692,0.0000002,0.0025002,0.6763079
15,6.000000,0.0520000,0.5167791,1.1461290,-0.004721,0.0000001,0.0025000,0.6762882
15,6.004167,0.0520098,0.5167791,1.1461090,-0.004721,0.0000002,0.0025001,0.6762686
15,6.008333,0.0520196,0.5167791,1.1460900,-0.004692,0.0000003,0.0025000,0.6762489
15,6.012500,0.0520295,0.5167791,1.1460700,-0.004721,0.0000002,0.0025001,0.6762292
15,6.016667,0.0520393,0.5167791,1.1460500,-0.004692,0.0000002,0.0025002,0.6762096
15,6.020833,0.0520491,0.5167791,1.1460310,-0.004721,0.0000003,0.0025000,0.6761901
15,6.025000,0.0520589,0.5167791,1.1460110,-0.004721,0.0000003,0.0025001,0.6761705
15,6.029167,0.0520687,0.5167791,1.1459920,-0.004692,0.0000003,0.0025001,0.6761508
15,6.033333,0.0520785,0.5167791,1.1459720,-0.004721,0.0000003,0.0025000,0.6761312
15,6.037500,0.0520883,0.5167791,1.1459520,-0.004721,0.0000003,0.0025000,0.6761116
15,6.041667,0.0520981,0.5167791,1.1459330,-0.004692,0.0000003,0.0025000,0.6760920
15,6.045833,0.0521079,0.5167791,1.1459130,-0.004692,0.0000003,0.0025000,0.6760724
15,6.050000,0.0521177,0.5167791,1.1458930,-0.004721,0.0000003,0.0025000,0.6760527
15,6.054167,0.0521275,0.5167791,1.1458740,-0.004692,0.0000002,0.0025001,0.6760333
15,6.058333,0.0521373,0.5167791,1.1458540,-0.004692,0.0000002,0.0025001,0.6760137
15,6.062500,0.0521470,0.5167791,1.1458350,-0.004663,0.0000002,0.0025000,0.6759942
15,6.066667,0.0521568,0.5167791,1.1458150,-0.004692,0.0000001,0.0025000,0.6759746
15,6.070833,0.0521666,0.5167791,1.1457960,-0.004721,0.0000028,0.0024999,0.6759551
15,6.075000,0.0521763,0.5167791,1.1457760,-0.004721,0.0000095,0.0025000,0.6759354
15,6.079167,0.0521861,0.5167791,1.1457560,-0.004721,0.0000179,0.0024999,0.6759159
15,6.083333,0.0521958,0.5167791,1.1457370,-0.004692,0.0000254,0.0025000,0.6758964
15,6.087500,0.0522055,0.5167791,1.1457170,-0.004692,0.0000298,0.0025000,0.6758769
15,6.091667,0.0522152,0.5167791,1.1456980,-0.004663,0.0000286,0.0025000,0.6758575
15,6.095833,0.0522250,0.5167791,1.1456790,-0.004606,0.0000195,0.0025000,0.6758382
15,6.100000,0.0522347,0.5167791,1.1456600,-0.004549,0.0000003,0.0025000,0.6758189
15,6.104167,0.0522408,0.5167791,1.1456400,-0.004606,0.0000227,0.0024923,0.6757997
15,6.108333,0.0522470,0.5167791,1.1456210,-0.004578,0.0000313,0.0024889,0.6757804
15,6.112500,0.0522330,0.5167791,1.1456020,-0.004635,0.0000183,0.0024884,0.6757610
15,6.116667,0.0522190,0.5167791,1.1455830,-0.004578,0.0000118,0.0024904,0.6757417
15,6.120833,0.0521671,0.5167791,1.1455640,-0.004463,0.0000282,0.0024934,0.6757228
15,6.125000,0.0521152,0.5167791,1.1455460,-0.004320,0.0000246,0.0024966,0.6757041
15,6.129167,0.0520100,0.5167791,1.1455290,-0.004120,0.0000361,0.0024992,0.6756858
15,6.133333,0.0519048,0.5167791,1.1455130,-0.003948,0.0000002,0.0025000,0.6756679
15,6.137500,0.0517335,0.5167791,1.1454970,-0.003748,0.0000058,0.0024999,0.6756502
15,6.141667,0.0515622,0.5167791,1.1454820,-0.003691,0.0000336,0.0025003,0.6756327
15,6.145833,0.0513141,0.5167791,1.1454670,-0.003519,0.0000127,0.0025011,0.6756155
15,6.150000,0.0510660,0.5167791,1.1454530,-0.003376,0.0000251,0.0025020,0.6755986
15,6.154167,0.0507326,0.5167791,1.1454400,-0.003204,0.0000118,0.0025024,0.6755821
15,6.158333,0.0503991,0.5167791,1.1454270,-0.002975,0.0000041,0.0025023,0.6755662
15,6.162500,0.0499739,0.5167791,1.1454160,-0.002689,0.0000285,0.0025017,0.6755509
15,6.166667,0.0495487,0.5167791,1.1454060,-0.002403,0.0000002,0.0025000,0.6755364
15,6.170833,0.0490272,0.5167791,1.1453970,-0.002174,0.0000158,0.0024982,0.6755223
15,6.175000,0.0485056,0.5167791,1.1453880,-0.002060,0.0000157,0.0024987,0.6755086
15,6.179167,0.0478850,0.5167791,1.1453810,-0.001831,0.0000070,0.0025003,0.6754953
15,6.183333,0.0472644,0.5167791,1.1453740,-0.001631,0.0000211,0.0025019,0.6754827
15,6.187500,0.0465437,0.5167791,1.1453680,-0.001431,0.0000120,0.0025032,0.6754707
15,6.191667,0.0458228,0.5167791,1.1453630,-0.001173,0.0000157,0.0025036,0.6754594
15,6.195833,0.0450026,0.5167791,1.1453590,-0.000916,0.0000207,0.0025029,0.6754491
15,6.200000,0.0441822,0.5167791,1.1453570,-0.000658,0.0000002,0.0025000,0.6754397
15,6.204167,0.0432643,0.5167791,1.1453550,-0.000429,0.0000279,0.0024961,0.6754310
15,6.208333,0.0423465,0.5167791,1.1453540,-0.000315,0.0000059,0.0024955,0.6754228
15,6.212500,0.0413343,0.5167791,1.1453530,-0.000114,0.0000157,0.0024973,0.6754154
15,6.216667,0.0403221,0.5167791,1.1453530,0.000000,0.0000169,0.0025003,0.6754085
15,6.220833,0.0392205,0.5167791,1.1453540,0.000143,0.0000060,0.0025028,0.6754025
15,6.225000,0.0381186,0.5167791,1.1453550,0.000286,0.0000247,0.0025037,0.6753971
15,6.229167,0.0369331,0.5167791,1.1453570,0.000401,0.0000099,0.0025031,0.6753927
15,6.233333,0.0357473,0.5167791,1.1453590,0.000601,0.0000003,0.0025000,0.6753892
15,6.237500,0.0344846,0.5167791,1.1453620,0.000629,0.0000325,0.0024952,0.6753863
15,6.241667,0.0332218,0.5167791,1.1453640,0.000658,0.0000140,0.0024935,0.6753839
15,6.245833,0.0318897,0.5167791,1.1453670,0.000658,0.0000197,0.0024940,0.6753820
15,6.250000,0.0305573,0.5167791,1.1453700,0.000629,0.0000109,0.0024962,0.6753805
15,6.254167,0.0291642,0.5167791,1.1453720,0.000601,0.0000092,0.0024991,0.6753795
15,6.258333,0.0277707,0.5167791,1.1453740,0.000429,0.0000289,0.0025017,0.6753786
15,6.262500,0.0263258,0.5167791,1.1453760,0.000401,0.0000115,0.0025023,0.6753780
15,6.266667,0.0248804,0.5167791,1.1453770,0.000200,0.0000002,0.0025000,0.6753774
15,6.270833,0.0233932,0.5167791,1.1453770,0.000114,0.0000305,0.0024963,0.6753771
15,6.275000,0.0219056,0.5167791,1.1453760,-0.000143,0.0000241,0.0024940,0.6753768
15,6.279167,0.0203863,0.5167791,1.1453750,-0.000372,0.0000210,0.0024932,0.6753761
15,6.283333,0.0188667,0.5167791,1.1453720,-0.000715,0.0000100,0.0024936,0.6753750
15,6.287500,0.0173259,0.5167791,1.1453680,-0.001059,0.0000151,0.0024951,0.6753733
15,6.291667,0.0157846,0.5167791,1.1453610,-0.001459,0.0000265,0.0024972,0.6753709
15,6.295833,0.0142330,0.5167791,1.1453540,-0.001860,0.0000216,0.0024991,0.6753675
15,6.300000,0.0126808,0.5167791,1.1453440,-0.002317,0.0000002,0.0025001,0.6753632
15,6.304167,0.0111290,0.5167791,1.1453320,-0.002804,0.0000223,0.0024956,0.6753578
15,6.308333,0.0095769,0.5167791,1.1453190,-0.003262,0.0000293,0.0024942,0.6753512
15,6.312500,0.0080358,0.5167791,1.1453030,-0.003777,0.0000185,0.0024950,0.6753433
15,6.316667,0.0064944,0.5167791,1.1452850,-0.004349,0.0000088,0.0024938,0.6753339
15,6.320833,0.0049749,0.5167791,1.1452640,-0.004921,0.0000233,0.0024932,0.6753229
15,6.325000,0.0034550,0.5167791,1.1452410,-0.005579,0.0000237,0.0024941,0.6753101
15,6.329167,0.0019673,0.5167791,1.1452160,-0.006123,0.0000288,0.0024964,0.6752955
15,6.333333,0.0004794,0.5167791,1.1451870,-0.006752,0.0000003,0.0025000,0.6752790
15,6.337500,-0.0009661,0.5167791,1.1451570,-0.007296,0.0000094,0.0024958,0.6752608
15,6.341667,-0.0024120,0.5167791,1.1451240,-0.007925,0.0000279,0.0024931,0.6752407
15,6.345833,-0.0038057,0.5167791,1.1450890,-0.008469,0.0000128,0.0024920,0.6752187
15,6.350000,-0.0051998,0.5167791,1.1450510,-0.009127,0.0000166,0.0024927,0.6751947
15,6.354167,-0.0065326,0.5167791,1.1450100,-0.009670,0.0000254,0.0024943,0.6751687
15,6.358333,-0.0078656,0.5167791,1.1449680,-0.010185,0.0000180,0.0024937,0.6751409
15,6.362500,-0.0091294,0.5167791,1.1449240,-0.010614,0.0000340,0.0024955,0.6751115
15,6.366667,-0.0103931,0.5167791,1.1448780,-0.010986,0.0000003,0.0025003,0.6750808
15,6.370833,-0.0115795,0.5167791,1.1448310,-0.011244,0.0000079,0.0024980,0.6750487
15,6.375000,-0.0127663,0.5167791,1.1447820,-0.011730,0.0000239,0.0024938,0.6750150
15,6.379167,-0.0138690,0.5167791,1.1447320,-0.012016,0.0000105,0.0024898,0.6749801
15,6.383333,-0.0149719,0.5167791,1.1446810,-0.012331,0.0000226,0.0024865,0.6749440
15,6.387500,-0.0159852,0.5167791,1.1446290,-0.012474,0.0000196,0.0024860,0.6749069
15,6.391667,-0.0169987,0.5167791,1.1445760,-0.012646,0.0000137,0.0024880,0.6748692
15,6.395833,-0.0179178,0.5167791,1.1445240,-0.012589,0.0000308,0.0024928,0.6748312
15,6.400000,-0.0188372,0.5167791,1.1444720,-0.012445,0.0000002,0.0025001,0.6747932
15,6.404167,-0.0196589,0.5167791,1.1444210,-0.012245,0.0000217,0.0025037,0.6747557
15,6.408333,-0.0204806,0.5167791,1.1443700,-0.012131,0.0000189,0.0025009,0.6747181
15,6.412500,-0.0212029,0.5167791,1.1443200,-0.011988,0.0000119,0.0024951,0.6746808
15,6.416667,-0.0219252,0.5167791,1.1442710,-0.011730,0.0000219,0.0024891,0.6746438
15,6.420833,-0.0225476,0.5167791,1.1442240,-0.011444,0.0000159,0.0024848,0.6746074
15,6.425000,-0.0231699,0.5167791,1.1441780,-0.011101,0.0000241,0.0024844,0.6745718
15,6.429167,-0.0236932,0.5167791,1.1441330,-0.010643,0.0000176,0.0024891,0.6745375
15,6.433333,-0.0242165,0.5167791,1.1440910,-0.010185,0.0000003,0.0024999,0.6745043
15,6.437500,-0.0246436,0.5167791,1.1440510,-0.009613,0.0000320,0.0025024,0.6744728
15,6.441667,-0.0250707,0.5167791,1.1440130,-0.008984,0.0000139,0.0025034,0.6744428
15,6.445833,-0.0254062,0.5167791,1.1439780,-0.008354,0.0000185,0.0025035,0.6744146
15,6.450000,-0.0257417,0.5167791,1.1439460,-0.007868,0.0000277,0.0025028,0.6743877
15,6.454167,-0.0259919,0.5167791,1.1439150,-0.007324,0.0000142,0.0025017,0.6743623
15,6.458333,-0.0262422,0.5167791,1.1438860,-0.006895,0.0000341,0.0024983,0.6743380
15,6.462500,-0.0264157,0.5167791,1.1438590,-0.006523,0.0000071,0.0024967,0.6743150
15,6.466667,-0.0265893,0.5167791,1.1438330,-0.006208,0.0000003,0.0025001,0.6742927
15,6.470833,-0.0266968,0.5167791,1.1438100,-0.005608,0.0000371,0.0024995,0.6742722
15,6.475000,-0.0268043,0.5167791,1.1437890,-0.004950,0.0000269,0.0024971,0.6742537
15,6.479167,-0.0268588,0.5167791,1.1437710,-0.004406,0.0000306,0.0024939,0.6742367
15,6.483333,-0.0269132,0.5167791,1.1437540,-0.003977,0.0000121,0.0024907,0.6742207
15,6.487500,-0.0269297,0.5167791,1.1437390,-0.003662,0.0000188,0.0024887,0.6742058
15,6.491667,-0.0269463,0.5167791,1.1437250,-0.003490,0.0000317,0.0024888,0.6741915
15,6.495833,-0.0269428,0.5167791,1.1437100,-0.003462,0.0000229,0.0024921,0.6741771
15,6.500000,-0.0269393,0.5167791,1.1436950,-0.003662,0.0000002,0.0025000,0.6741623
15,6.504167,-0.0269324,0.5167791,1.1436800,-0.003605,0.0000194,0.0025002,0.6741477
15,6.508333,-0.0269256,0.5167791,1.1436660,-0.003433,0.0000285,0.0025003,0.6741335
15,6.512500,-0.0269187,0.5167791,1.1436520,-0.003290,0.0000297,0.0025003,0.6741198
15,6.516667,-0.0269119,0.5167791,1.1436390,-0.003176,0.0000254,0.0025003,0.6741065
15,6.520833,-0.0269052,0.5167791,1.1436260,-0.003147,0.0000178,0.0025002,0.6740934
15,6.525000,-0.0268985,0.5167791,1.1436130,-0.003090,0.0000094,0.0025001,0.6740803
15,6.529167,-0.0268919,0.5167791,1.1436000,-0.003090,0.0000026,0.0025000,0.6740673
15,6.533333,-0.0268853,0.5167791,1.1435870,-0.003119,0.0000002,0.0025000,0.6740542
15,6.537500,-0.0268788,0.5167791,1.1435740,-0.003119,0.0000002,0.0025000,0.6740412
15,6.541667,-0.0268722,0.5167791,1.1435610,-0.003147,0.0000002,0.0025000,0.6740282
15,6.545833,-0.0268658,0.5167791,1.1435480,-0.003061,0.0000002,0.0025001,0.6740153
15,6.550000,-0.0268594,0.5167791,1.1435350,-0.003090,0.0000002,0.0025001,0.6740024
15,6.554167,-0.0268531,0.5167791,1.1435220,-0.003061,0.0000002,0.0025001,0.6739898
15,6.558333,-0.0268467,0.5167791,1.1435100,-0.003033,0.0000002,0.0025001,0.6739771
15,6.562500,-0.0268405,0.5167791,1.1434970,-0.002975,0.0000002,0.0025001,0.6739647
15,6.566667,-0.0268343,0.5167791,1.1434850,-0.003004,0.0000002,0.0025001,0.6739522
15,6.570833,-0.0268282,0.5167791,1.1434730,-0.002918,0.0000002,0.0025000,0.6739400
15,6.575000,-0.0268220,0.5167791,1.1434600,-0.002947,0.0000002,0.0025000,0.6739277
15,6.579167,-0.0268160,0.5167791,1.1434480,-0.002890,0.0000002,0.0025001,0.6739156
15,6.583333,-0.0268100,0.5167791,1.1434360,-0.002918,0.0000002,0.0025001,0.6739035
15,6.587500,-0.0268040,0.5167791,1.1434240,-0.002832,0.0000002,0.0025000,0.6738917
15,6.591667,-0.0267981,0.5167791,1.1434130,-0.002832,0.0000002,0.0025000,0.6738799
15,6.595833,-0.0267923,0.5167791,1.1434010,-0.002775,0.0000002,0.0025001,0.6738682
15,6.600000,-0.0267865,0.5167791,1.1433890,-0.002832,0.0000001,0.0025001,0.6738566
15,6.604167,-0.0267808,0.5167791,1.1433780,-0.002718,0.0000002,0.0025000,0.6738452
15,6.608333,-0.0267750,0.5167791,1.1433660,-0.002775,0.0000002,0.0025000,0.6738337
15,6.612500,-0.0267694,0.5167791,1.1433550,-0.002689,0.0000002,0.0025001,0.6738225
15,6.616667,-0.0267638,0.5167791,1.1433440,-0.002689,0.0000002,0.0025000,0.6738113
15,6.620833,-0.0267583,0.5167791,1.1433330,-0.002632,0.0000002,0.0025001,0.6738002
15,6.625000,-0.0267528,0.5167791,1.1433220,-0.002661,0.0000002,0.0025001,0.6737893
15,6.629167,-0.0267474,0.5167791,1.1433110,-0.002604,0.0000003,0.0025002,0.6737784
15,6.633333,-0.0267420,0.5167791,1.1433000,-0.002604,0.0000002,0.0025001,0.6737676
15,6.637500,-0.0267367,0.5167791,1.1432900,-0.002546,0.0000003,0.0025002,0.6737570
15,6.641667,-0.0267314,0.5167791,1.1432790,-0.002518,0.0000002,0.0025001,0.6737463
15,6.645833,-0.0267262,0.5167791,1.1432690,-0.002489,0.0000002,0.0025001,0.6737360
15,6.650000,-0.0267210,0.5167791,1.1432580,-0.002460,0.0000002,0.0025001,0.6737257
15,6.654167,-0.0267160,0.5167791,1.1432480,-0.002460,0.0000003,0.0025002,0.6737156
15,6.658333,-0.0267109,0.5167791,1.1432380,-0.002432,0.0000002,0.0025002,0.6737054
15,6.662500,-0.0267059,0.5167791,1.1432280,-0.002346,0.0000003,0.0025001,0.6736956
15,6.666667,-0.0267010,0.5167791,1.1432180,-0.002403,0.0000003,0.0025001,0.6736856
15,6.670833,-0.0266961,0.5167791,1.1432090,-0.002317,0.0000002,0.0025000,0.6736759
15,6.675000,-0.0266913,0.5167791,1.1431990,-0.002346,0.0000002,0.0025001,0.6736662
15,6.679167,-0.0266865,0.5167791,1.1431890,-0.002260,0.0000003,0.0025001,0.6736566
15,6.683333,-0.0266818,0.5167791,1.1431800,-0.002289,0.0000002,0.0025001,0.6736472
15,6.687500,-0.0266771,0.5167791,1.1431710,-0.002232,0.0000003,0.0025001,0.6736379
15,6.691667,-0.0266725,0.5167791,1.1431610,-0.002232,0.0000002,0.0025000,0.6736287
15,6.695833,-0.0266680,0.5167791,1.1431520,-0.002146,0.0000003,0.0025000,0.6736196
15,6.700000,-0.0266635,0.5167791,1.1431430,-0.002174,0.0000002,0.0025000,0.6736106
15,6.704167,-0.0266591,0.5167791,1.1431340,-0.002117,0.0000003,0.0025000,0.6736017
15,6.708333,-0.0266547,0.5167791,1.1431260,-0.002117,0.0000002,0.0025001,0.6735930
15,6.712500,-0.0266504,0.5167791,1.1431170,-0.002060,0.0000002,0.0025001,0.6735844
15,6.716667,-0.0266461,0.5167791,1.1431080,-0.002060,0.0000003,0.0025001,0.6735758
15,6.720833,-0.0266420,0.5167791,1.1431000,-0.002003,0.0000003,0.0025002,0.6735675
15,6.725000,-0.0266378,0.5167791,1.1430920,-0.002003,0.0000003,0.0025002,0.6735591
15,6.729167,-0.0266337,0.5167791,1.1430840,-0.001917,0.0000003,0.0025001,0.6735511
15,6.733333,-0.0266297,0.5167791,1.1430760,-0.001917,0.0000002,0.0025001,0.6735430
15,6.737500,-0.0266257,0.5167791,1.1430680,-0.001917,0.0000003,0.0025001,0.6735352
15,6.741667,-0.0266218,0.5167791,1.1430600,-0.001888,0.0000002,0.0025000,0.6735273
15,6.745833,-0.0266180,0.5167791,1.1430520,-0.001831,0.0000002,0.0025001,0.6735197
15,6.750000,-0.0266142,0.5167791,1.1430450,-0.001831,0.0000002,0.0025001,0.6735120
15,6.754167,-0.0266105,0.5167791,1.1430370,-0.001802,0.0000002,0.0025000,0.6735046
15,6.758333,-0.0266068,0.5167791,1.1430300,-0.001774,0.0000002,0.0024999,0.6734972
15,6.762500,-0.0266032,0.5167791,1.1430230,-0.001717,0.0000002,0.0025000,0.6734900
15,6.766667,-0.0265996,0.5167791,1.1430160,-0.001717,0.0000002,0.0025000,0.6734828
15,6.770833,-0.0265962,0.5167791,1.1430090,-0.001659,0.0000002,0.0025000,0.6734759
15,6.775000,-0.0265927,0.5167791,1.1430020,-0.001631,0.0000002,0.0025001,0.6734691
15,6.779167,-0.0265894,0.5167791,1.1429950,-0.001631,0.0000002,0.0024999,0.6734623
15,6.783333,-0.0265860,0.5167791,1.1429880,-0.001602,0.0000002,0.0025001,0.6734557
15,6.787500,-0.0265828,0.5167791,1.1429820,-0.001545,0.0000002,0.0025000,0.6734492
15,6.791667,-0.0265796,0.5167791,1.1429750,-0.001574,0.0000002,0.0025001,0.6734428
15,6.795833,-0.0265765,0.5167791,1.1429690,-0.001431,0.0000003,0.0025000,0.6734366
15,6.800000,-0.0265734,0.5167791,1.1429630,-0.001459,0.0000002,0.0025000,0.6734305
15,6.804167,-0.0265704,0.5167791,1.1429570,-0.001459,0.0000002,0.0025000,0.6734245
15,6.808333,-0.0265675,0.5167791,1.1429510,-0.001459,0.0000002,0.0025000,0.6734186
15,6.812500,-0.0265646,0.5167791,1.1429460,-0.001345,0.0000002,0.0025001,0.6734129
15,6.816667,-0.0265618,0.5167791,1.1429400,-0.001345,0.0000002,0.0024999,0.6734072
15,6.820833,-0.0265590,0.5167791,1.1429340,-0.001316,0.0000002,0.0025000,0.6734017
15,6.825000,-0.0265563,0.5167791,1.1429290,-0.001316,0.0000002,0.0025000,0.6733962
15,6.829167,-0.0265537,0.5167791,1.1429240,-0.001259,0.0000003,0.0024999,0.6733910
15,6.833333,-0.0265511,0.5167791,1.1429190,-0.001230,0.0000002,0.0025000,0.6733859
15,6.837500,-0.0265486,0.5167791,1.1429140,-0.001202,0.0000002,0.0024999,0.6733809
15,6.841667,-0.0265462,0.5167791,1.1429090,-0.001202,0.0000002,0.0025000,0.6733759
15,6.845833,-0.0265438,0.5167791,1.1429040,-0.001144,0.0000003,0.0025000,0.6733712
15,6.850000,-0.0265415,0.5167791,1.1428990,-0.001116,0.0000002,0.0025000,0.6733665
15,6.854167,-0.0265392,0.5167791,1.1428950,-0.001059,0.0000157,0.0025001,0.6733620
15,6.858333,-0.0265370,0.5167791,1.1428900,-0.001087,0.0000078,0.0025001,0.6733575
15,6.862500,-0.0265349,0.5167791,1.1428860,-0.001001,0.0000016,0.0024999,0.6733534
15,6.866667,-0.0265328,0.5167791,1.1428820,-0.001001,0.0000002,0.0024999,0.6733492
15,6.870833,-0.0265308,0.5167791,1.1428780,-0.000973,0.0000014,0.0024999,0.6733452
15,6.875000,-0.0265288,0.5167791,1.1428740,-0.000944,0.0000020,0.0025001,0.6733412
15,6.879167,-0.0265270,0.5167791,1.1428700,-0.000887,0.0000022,0.0025000,0.6733375
15,6.883333,-0.0265251,0.5167791,1.1428670,-0.000858,0.0000018,0.0025000,0.6733339
15,6.887500,-0.0265234,0.5167791,1.1428630,-0.000858,0.0000013,0.0025000,0.6733304
15,6.891667,-0.0265217,0.5167791,1.1428600,-0.000830,0.0000007,0.0024999,0.6733269
15,6.895833,-0.0265201,0.5167791,1.1428560,-0.000744,0.0000003,0.0024999,0.6733238
15,6.900000,-0.0265185,0.5167791,1.1428530,-0.000801,0.0000002,0.0025000,0.6733206
15,6.904167,-0.0265170,0.5167791,1.1428500,-0.000658,0.0000002,0.0025000,0.6733176
15,6.908333,-0.0265155,0.5167791,1.1428470,-0.000715,0.0000002,0.0024999,0.6733148
15,6.912500,-0.0265142,0.5167791,1.1428450,-0.000658,0.0000002,0.0025001,0.6733120
15,6.916667,-0.0265128,0.5167791,1.1428420,-0.000629,0.0000002,0.0025000,0.6733093
15,6.920833,-0.0265116,0.5167791,1.1428400,-0.000601,0.0000002,0.0025000,0.6733068
15,6.925000,-0.0265104,0.5167791,1.1428370,-0.000629,0.0000002,0.0025000,0.6733043
15,6.929167,-0.0265093,0.5167791,1.1428350,-0.000486,0.0000002,0.0025000,0.6733022
15,6.933333,-0.0265082,0.5167791,1.1428330,-0.000515,0.0000002,0.0025000,0.6733001
15,6.937500,-0.0265073,0.5167791,1.1428310,-0.000458,0.0000002,0.0024999,0.6732982
15,6.941667,-0.0265063,0.5167791,1.1428290,-0.000458,0.0000002,0.0025000,0.6732963
15,6.945833,-0.0265055,0.5167791,1.1428270,-0.000401,0.0000002,0.0025001,0.6732945
15,6.950000,-0.0265046,0.5167791,1.1428260,-0.000401,0.0000002,0.0025000,0.6732929
15,6.954167,-0.0265039,0.5167791,1.1428240,-0.000343,0.0000002,0.0025001,0.6732914
15,6.958333,-0.0265032,0.5167791,1.1428230,-0.000372,0.0000002,0.0025002,0.6732901
15,6.962500,-0.0265026,0.5167791,1.1428220,-0.000257,0.0000002,0.0025000,0.6732888
15,6.966667,-0.0265021,0.5167791,1.1428200,-0.000286,0.0000002,0.0025001,0.6732876
15,6.970833,-0.0265016,0.5167791,1.1428200,-0.000200,0.0000002,0.0025001,0.6732868
15,6.975000,-0.0265012,0.5167791,1.1428190,-0.000229,0.0000002,0.0025002,0.6732859
15,6.979167,-0.0265008,0.5167791,1.1428180,-0.000172,0.0000002,0.0025000,0.6732852
15,6.983333,-0.0265005,0.5167791,1.1428170,-0.000143,0.0000001,0.0025000,0.6732846
15,6.987500,-0.0265003,0.5167791,1.1428170,-0.000086,0.0000003,0.0025000,0.6732843
15,6.991667,-0.0265001,0.5167791,1.1428170,-0.000086,0.0000002,0.0025000,0.6732839
15,6.995833,-0.0265001,0.5167791,1.1428160,-0.000029,0.0000003,0.0025000,0.6732838
15,7.000000,-0.0265000,0.5167791,1.1428160,-0.000057,0.0000002,0.0025000,0.6732836
15,7.004167,-0.0265001,0.5167791,1.1428160,0.000057,0.0000003,0.0025000,0.6732838
15,7.008333,-0.0265001,0.5167791,1.1428170,0.000029,0.0000002,0.0025000,0.6732839
15,7.012500,-0.0265003,0.5167791,1.1428170,0.000086,0.0000003,0.0025000,0.6732843
15,7.016667,-0.0265005,0.5167791,1.1428170,0.000086,0.0000001,0.0025000,0.6732846
15,7.020833,-0.0265008,0.5167791,1.1428180,0.000143,0.0000002,0.0025000,0.6732852
15,7.025000,-0.0265012,0.5167791,1.1428190,0.000172,0.0000002,0.0025002,0.6732859
15,7.029167,-0.0265016,0.5167791,1.1428200,0.000229,0.0000002,0.0025001,0.6732868
15,7.033333,-0.0265021,0.5167791,1.1428200,0.000200,0.0000002,0.0025001,0.6732876
15,7.037500,-0.0265026,0.5167791,1.1428220,0.000286,0.0000002,0.0025000,0.6732888
15,7.041667,-0.0265032,0.5167791,1.1428230,0.000257,0.0000002,0.0025002,0.6732901
15,7.045833,-0.0265039,0.5167791,1.1428240,0.000372,0.0000002,0.0025001,0.6732915
15,7.050000,-0.0265046,0.5167791,1.1428260,0.000343,0.0000002,0.0025000,0.6732929
15,7.054167,-0.0265055,0.5167791,1.1428270,0.000401,0.0000002,0.0025001,0.6732945
15,7.058333,-0.0265063,0.5167791,1.1428290,0.000401,0.0000002,0.0025000,0.6732963
15,7.062500,-0.0265073,0.5167791,1.1428310,0.000458,0.0000002,0.0024999,0.6732982
15,7.066667,-0.0265082,0.5167791,1.1428330,0.000458,0.0000002,0.0025000,0.6733001
15,7.070833,-0.0265093,0.5167791,1.1428350,0.000515,0.0000002,0.0025000,0.6733022
15,7.075000,-0.0265104,0.5167791,1.1428370,0.000486,0.0000002,0.0025000,0.6733043
15,7.079167,-0.0265116,0.5167791,1.1428400,0.000629,0.0000002,0.0025000,0.6733068
15,7.083333,-0.0265128,0.5167791,1.1428420,0.000601,0.0000002,0.0025000,0.6733093
15,7.087500,-0.0265142,0.5167791,1.1428450,0.000629,0.0000002,0.0025001,0.6733120
15,7.091667,-0.0265155,0.5167791,1.1428470,0.000658,0.0000002,0.0024999,0.6733148
15,7.095833,-0.0265170,0.5167791,1.1428500,0.000715,0.0000002,0.0025000,0.6733177
15,7.100000,-0.0265185,0.5167791,1.1428530,0.000658,0.0000002,0.0025000,0.6733206
15,7.104167,-0.0265201,0.5167791,1.1428560,0.000801,0.0000003,0.0024999,0.6733238
15,7.108333,-0.0265217,0.5167791,1.1428600,0.000744,0.0000003,0.0024999,0.6733269
15,7.112500,-0.0265234,0.5167791,1.1428630,0.000830,0.0000003,0.0025000,0.6733304
15,7.116667,-0.0265251,0.5167791,1.1428670,0.000858,0.0000003,0.0024999,0.6733339
15,7.120833,-0.0265270,0.5167791,1.1428700,0.000858,0.0000003,0.0025000,0.6733375
15,7.125000,-0.0265288,0.5167791,1.1428740,0.000887,0.0000002,0.0025001,0.6733412
15,7.129167,-0.0265308,0.5167791,1.1428780,0.000944,0.0000002,0.0024999,0.6733452
15,7.133333,-0.0265328,0.5167791,1.1428820,0.000973,0.0000002,0.0024999,0.6733492
15,7.137500,-0.0265349,0.5167791,1.1428860,0.001001,0.0000003,0.0024999,0.6733534
15,7.141667,-0.0265370,0.5167791,1.1428900,0.001001,0.0000002,0.0025001,0.6733575
15,7.145833,-0.0265392,0.5167791,1.1428950,0.001087,0.0000002,0.0025001,0.6733620
15,7.150000,-0.0265415,0.5167791,1.1428990,0.001059,0.0000002,0.0025000,0.6733665
15,7.154167,-0.0265438,0.5167791,1.1429040,0.001116,0.0000003,0.0025000,0.6733712
15,7.158333,-0.0265462,0.5167791,1.1429090,0.001144,0.0000004,0.0025000,0.6733759
15,7.162500,-0.0265486,0.5167791,1.1429140,0.001202,0.0000003,0.0024999,0.6733809
15,7.166667,-0.0265511,0.5167791,1.1429190,0.001202,0.0000003,0.0025000,0.6733859
15,7.170833,-0.0265537,0.5167791,1.1429240,0.001230,0.0000003,0.0024999,0.6733910
15,7.175000,-0.0265563,0.5167791,1.1429290,0.001259,0.0000002,0.0025000,0.6733962
15,7.179167,-0.0265590,0.5167791,1.1429340,0.001316,0.0000002,0.0025000,0.6734017
15,7.183333,-0.0265618,0.5167791,1.1429400,0.001316,0.0000002,0.0024999,0.6734072
15,7.187500,-0.0265646,0.5167791,1.1429460,0.001345,0.0000002,0.0025001,0.6734129
15,7.191667,-0.0265675,0.5167791,1.1429510,0.001345,0.0000002,0.0025000,0.6734186
15,7.195833,-0.0265704,0.5167791,1.1429570,0.001459,0.0000002,0.0025000,0.6734245
15,7.200000,-0.0265734,0.5167791,1.1429630,0.001459,0.0000002,0.0025000,0.6734305
15,7.204167,-0.0265765,0.5167791,1.1429690,0.001459,0.0000003,0.0025000,0.6734366
15,7.208333,-0.0265796,0.5167791,1.1429750,0.001431,0.0000002,0.0025001,0.6734428
15,7.212500,-0.0265828,0.5167791,1.1429820,0.001574,0.0000002,0.0025000,0.6734492
15,7.216667,-0.0265860,0.5167791,1.1429880,0.001545,0.0000002,0.0025001,0.6734557
15,7.220833,-0.0265894,0.5167791,1.1429950,0.001602,0.0000002,0.0024999,0.6734623
15,7.225000,-0.0265927,0.5167791,1.1430020,0.001631,0.0000003,0.0025001,0.6734691
15,7.229167,-0.0265962,0.5167791,1.1430090,0.001631,0.0000003,0.0025000,0.6734759
15,7.233333,-0.0265996,0.5167791,1.1430160,0.001659,0.0000003,0.0025000,0.6734828
15,7.237500,-0.0266032,0.5167791,1.1430230,0.001717,0.0000003,0.0025000,0.6734900
15,7.241667,-0.0266068,0.5167791,1.1430300,0.001717,0.0000002,0.0024999,0.6734972
15,7.245833,-0.0266105,0.5167791,1.1430370,0.001774,0.0000002,0.0025000,0.6735046
15,7.250000,-0.0266142,0.5167791,1.1430450,0.001802,0.0000002,0.0025001,0.6735120
15,7.254167,-0.0266180,0.5167791,1.1430520,0.001831,0.0000002,0.0025001,0.6735197
15,7.258333,-0.0266218,0.5167791,1.1430600,0.001831,0.0000002,0.0025000,0.6735273
15,7.262500,-0.0266257,0.5167791,1.1430680,0.001888,0.0000003,0.0025001,0.6735352
15,7.266667,-0.0266297,0.5167791,1.1430760,0.001917,0.0000002,0.0025001,0.6735430
15,7.270833,-0.0266337,0.5167791,1.1430840,0.001917,0.0000003,0.0025001,0.6735511
15,7.275000,-0.0266378,0.5167791,1.1430920,0.001917,0.0000003,0.0025002,0.6735591
15,7.279167,-0.0266420,0.5167791,1.1431000,0.002003,0.0000003,0.0025002,0.6735675
15,7.283333,-0.0266461,0.5167791,1.1431080,0.002003,0.0000003,0.0025001,0.6735758
15,7.287500,-0.0266504,0.5167791,1.1431170,0.002060,0.0000002,0.0025001,0.6735844
15,7.291667,-0.0266547,0.5167791,1.1431260,0.002060,0.0000002,0.0025001,0.6735930
15,7.295833,-0.0266591,0.5167791,1.1431340,0.002117,0.0000003,0.0025000,0.6736017
15,7.300000,-0.0266635,0.5167791,1.1431430,0.002117,0.0000002,0.0025000,0.6736106
15,7.304167,-0.0266680,0.5167791,1.1431520,0.002174,0.0000003,0.0025000,0.6736196
15,7.308333,-0.0266725,0.5167791,1.1431610,0.002146,0.0000003,0.0025000,0.6736287
15,7.312500,-0.0266771,0.5167791,1.1431710,0.002232,0.0000003,0.0025001,0.6736379
15,7.316667,-0.0266818,0.5167791,1.1431800,0.002232,0.0000003,0.0025001,0.6736472
15,7.320833,-0.0266865,0.5167791,1.1431890,0.002289,0.0000003,0.0025001,0.6736566
15,7.325000,-0.0266913,0.5167791,1.1431990,0.002260,0.0000003,0.0025001,0.6736662
15,7.329167,-0.0266961,0.5167791,1.1432090,0.002346,0.0000003,0.0025000,0.6736759
15,7.333333,-0.0267010,0.5167791,1.1432180,0.002317,0.0000003,0.0025001,0.6736856
15,7.337500,-0.0267059,0.5167791,1.1432280,0.002403,0.0000003,0.0025001,0.6736956
15,7.341667,-0.0267109,0.5167791,1.1432380,0.002346,0.0000003,0.0025002,0.6737054
15,7.345833,-0.0267160,0.5167791,1.1432480,0.002432,0.0000003,0.0025002,0.6737156
15,7.350000,-0.0267210,0.5167791,1.1432580,0.002460,0.0000002,0.0025001,0.6737257
15,7.354167,-0.0267262,0.5167791,1.1432690,0.002460,0.0000002,0.0025001,0.6737360
15,7.358333,-0.0267314,0.5167791,1.1432790,0.002489,0.0000003,0.0025001,0.6737463
15,7.362500,-0.0267367,0.5167791,1.1432900,0.002518,0.0000003,0.0025002,0.6737570
15,7.366667,-0.0267420,0.5167791,1.1433000,0.002546,0.0000002,0.0025001,0.6737676
15,7.370833,-0.0267474,0.5167791,1.1433110,0.002604,0.0000003,0.0025002,0.6737784
15,7.375000,-0.0267528,0.5167791,1.1433220,0.002604,0.0000002,0.0025001,0.6737893
15,7.379167,-0.0267583,0.5167791,1.1433330,0.002661,0.0000002,0.0025001,0.6738002
15,7.383333,-0.0267638,0.5167791,1.1433440,0.002632,0.0000002,0.0025000,0.6738113
15,7.387500,-0.0267694,0.5167791,1.1433550,0.002689,0.0000002,0.0025001,0.6738225
15,7.391667,-0.0267750,0.5167791,1.1433660,0.002689,0.0000002,0.0025000,0.6738337
15,7.395833,-0.0267808,0.5167791,1.1433780,0.002775,0.0000002,0.0025000,0.6738452
15,7.400000,-0.0267865,0.5167791,1.1433890,0.002718,0.0000001,0.0025001,0.6738566
15,7.404167,-0.0267923,0.5167791,1.1434010,0.002832,0.0000002,0.0025001,0.6738682
15,7.408333,-0.0267981,0.5167791,1.1434130,0.002775,0.0000002,0.0025000,0.6738799
15,7.412500,-0.0268040,0.5167791,1.1434240,0.002832,0.0000002,0.0025000,0.6738917
15,7.416667,-0.0268100,0.5167791,1.1434360,0.002832,0.0000002,0.0025001,0.6739035
15,7.420833,-0.0268160,0.5167791,1.1434480,0.002918,0.0000002,0.0025001,0.6739156
15,7.425000,-0.0268220,0.5167791,1.1434600,0.002890,0.0000002,0.0025000,0.6739277
15,7.429167,-0.0268282,0.5167791,1.1434730,0.002947,0.0000002,0.0025000,0.6739400
15,7.433333,-0.0268343,0.5167791,1.1434850,0.002918,0.0000003,0.0025001,0.6739522
15,7.437500,-0.0268405,0.5167791,1.1434970,0.003004,0.0000003,0.0025001,0.6739647
15,7.441667,-0.0268467,0.5167791,1.1435100,0.002975,0.0000002,0.0025001,0.6739771
15,7.445833,-0.0268531,0.5167791,1.1435220,0.003033,0.0000002,0.0025001,0.6739898
15,7.450000,-0.0268594,0.5167791,1.1435350,0.003061,0.0000003,0.0025001,0.6740024
15,7.454167,-0.0268658,0.5167791,1.1435480,0.003090,0.0000003,0.0025001,0.6740153
15,7.458333,-0.0268722,0.5167791,1.1435610,0.003061,0.0000003,0.0025000,0.6740282
15,7.462500,-0.0268788,0.5167791,1.1435740,0.003147,0.0000003,0.0025000,0.6740412
15,7.466667,-0.0268853,0.5167791,1.1435870,0.003119,0.0000002,0.0025000,0.6740542
15,7.470833,-0.0268919,0.5167791,1.1436000,0.003176,0.0000002,0.0025000,0.6740674
15,7.475000,-0.0268985,0.5167791,1.1436130,0.003176,0.0000002,0.0024999,0.6740807
15,7.479167,-0.0269052,0.5167791,1.1436270,0.003233,0.0000002,0.0025000,0.6740941
15,7.483333,-0.0269119,0.5167791,1.1436400,0.003233,0.0000002,0.0024999,0.6741075
15,7.487500,-0.0269187,0.5167791,1.1436540,0.003233,0.0000002,0.0024999,0.6741211
15,7.491667,-0.0269256,0.5167791,1.1436670,0.003262,0.0000001,0.0025001,0.6741347
15,7.495833,-0.0269324,0.5167791,1.1436810,0.003319,0.0000002,0.0025000,0.6741486
15,7.500000,-0.0269393,0.5167791,1.1436950,0.003319,0.0000002,0.0025001,0.6741623
15,7.504167,-0.0269463,0.5167791,1.1437090,0.003347,0.0000002,0.0025000,0.6741763
15,7.508333,-0.0269533,0.5167791,1.1437230,0.003347,0.0000002,0.0025002,0.6741902
15,7.512500,-0.0269604,0.5167791,1.1437370,0.003405,0.0000002,0.0025001,0.6742044
15,7.516667,-0.0269675,0.5167791,1.1437510,0.003405,0.0000002,0.0025001,0.6742186
15,7.520833,-0.0269746,0.5167791,1.1437660,0.003433,0.0000004,0.0025003,0.6742329
15,7.525000,-0.0269818,0.5167791,1.1437800,0.003433,0.0000003,0.0025001,0.6742472
15,7.529167,-0.0269891,0.5167791,1.1437940,0.003490,0.0000003,0.0025002,0.6742618
15,7.533333,-0.0269963,0.5167791,1.1438090,0.003490,0.0000003,0.0025001,0.6742763
15,7.537500,-0.0270036,0.5167791,1.1438240,0.003519,0.0000003,0.0025001,0.6742910
15,7.541667,-0.0270110,0.5167791,1.1438380,0.003519,0.0000003,0.0025001,0.6743056
15,7.545833,-0.0270184,0.5167791,1.1438530,0.003548,0.0000003,0.0025001,0.6743204
15,7.550000,-0.0270258,0.5167791,1.1438680,0.003576,0.0000003,0.0025001,0.6743353
15,7.554167,-0.0270333,0.5167791,1.1438830,0.003605,0.0000003,0.0025001,0.6743503
15,7.558333,-0.0270408,0.5167791,1.1438980,0.003576,0.0000003,0.0025000,0.6743653
15,7.562500,-0.0270484,0.5167791,1.1439130,0.003662,0.0000004,0.0025000,0.6743804
15,7.566667,-0.0270560,0.5167791,1.1439280,0.003633,0.0000003,0.0025001,0.6743956
15,7.570833,-0.0270637,0.5167791,1.1439440,0.003691,0.0000003,0.0025001,0.6744110
15,7.575000,-0.0270714,0.5167791,1.1439590,0.003691,0.0000004,0.0025000,0.6744264
15,7.579167,-0.0270791,0.5167791,1.1439750,0.003719,0.0000003,0.0025001,0.6744419
15,7.583333,-0.0270869,0.5167791,1.1439900,0.003691,0.0000002,0.0025001,0.6744574
15,7.587500,-0.0270947,0.5167791,1.1440060,0.003777,0.0000002,0.0025001,0.6744730
15,7.591667,-0.0271025,0.5167791,1.1440210,0.003748,0.0000002,0.0025001,0.6744887
15,7.595833,-0.0271104,0.5167791,1.1440370,0.003805,0.0000002,0.0025002,0.6745045
15,7.600000,-0.0271183,0.5167791,1.1440530,0.003777,0.0000003,0.0025002,0.6745203
15,7.604167,-0.0271263,0.5167791,1.1440690,0.003862,0.0000002,0.0025001,0.6745362
15,7.608333,-0.0271343,0.5167791,1.1440850,0.003805,0.0000002,0.0025002,0.6745522
15,7.612500,-0.0271423,0.5167791,1.1441010,0.003891,0.0000002,0.0025001,0.6745684
15,7.616667,-0.0271504,0.5167791,1.1441170,0.003891,0.0000002,0.0025000,0.6745844
15,7.620833,-0.0271585,0.5167791,1.1441330,0.003891,0.0000002,0.0025002,0.6746007
15,7.625000,-0.0271666,0.5167791,1.1441500,0.003862,0.0000003,0.0025000,0.6746169
15,7.629167,-0.0271748,0.5167791,1.1441660,0.003948,0.0000003,0.0025000,0.6746333
15,7.633333,-0.0271830,0.5167791,1.1441820,0.003920,0.0000003,0.0025000,0.6746497
15,7.637500,-0.0271913,0.5167791,1.1441990,0.004005,0.0000003,0.0025001,0.6746662
15,7.641667,-0.0271996,0.5167791,1.1442150,0.003948,0.0000002,0.0025001,0.6746827
15,7.645833,-0.0272079,0.5167791,1.1442320,0.004005,0.0000003,0.0024999,0.6746995
15,7.650000,-0.0272163,0.5167791,1.1442490,0.004005,0.0000003,0.0024999,0.6747162
15,7.654167,-0.0272247,0.5167791,1.1442660,0.004034,0.0000003,0.0025000,0.6747329
15,7.658333,-0.0272331,0.5167791,1.1442820,0.004034,0.0000002,0.0025000,0.6747497
15,7.662500,-0.0272415,0.5167791,1.1442990,0.004063,0.0000002,0.0025000,0.6747667
15,7.666667,-0.0272500,0.5167791,1.1443160,0.004063,0.0000003,0.0025001,0.6747836
15,7.670833,-0.0272585,0.5167791,1.1443330,0.004120,0.0000003,0.0025001,0.6748007
15,7.675000,-0.0272671,0.5167791,1.1443510,0.004091,0.0000002,0.0025001,0.6748178
15,7.679167,-0.0272757,0.5167791,1.1443680,0.004091,0.0000002,0.0025001,0.6748350
15,7.683333,-0.0272843,0.5167791,1.1443850,0.004148,0.0000002,0.0025000,0.6748522
15,7.687500,-0.0272929,0.5167791,1.1444020,0.004148,0.0000002,0.0025001,0.6748695
15,7.691667,-0.0273016,0.5167791,1.1444200,0.004177,0.0000003,0.0025000,0.6748868
15,7.695833,-0.0273103,0.5167791,1.1444370,0.004148,0.0000002,0.0025000,0.6749042
15,7.700000,-0.0273190,0.5167791,1.1444540,0.004206,0.0000003,0.0025001,0.6749216
15,7.704167,-0.0273278,0.5167791,1.1444720,0.004206,0.0000004,0.0025001,0.6749392
15,7.708333,-0.0273366,0.5167791,1.1444890,0.004177,0.0000002,0.0025001,0.6749568
15,7.712500,-0.0273454,0.5167791,1.1445070,0.004292,0.0000002,0.0025001,0.6749744
15,7.716667,-0.0273542,0.5167791,1.1445250,0.004206,0.0000002,0.0025000,0.6749921
15,7.720833,-0.0273631,0.5167791,1.1445430,0.004292,0.0000003,0.0025001,0.6750099
15,7.725000,-0.0273720,0.5167791,1.1445600,0.004263,0.0000002,0.0024999,0.6750277
15,7.729167,-0.0273810,0.5167791,1.1445780,0.004292,0.0000002,0.0025000,0.6750455
15,7.733333,-0.0273899,0.5167791,1.1445960,0.004292,0.0000002,0.0025000,0.6750634
15,7.737500,-0.0273989,0.5167791,1.1446140,0.004320,0.0000003,0.0025000,0.6750814
15,7.741667,-0.0274079,0.5167791,1.1446320,0.004292,0.0000002,0.0025000,0.6750994
15,7.745833,-0.0274169,0.5167791,1.1446500,0.004349,0.0000002,0.0025000,0.6751174
15,7.750000,-0.0274260,0.5167791,1.1446680,0.004320,0.0000002,0.0024999,0.6751355
15,7.754167,-0.0274351,0.5167791,1.1446860,0.004406,0.0000003,0.0025001,0.6751537
15,7.758333,-0.0274442,0.5167791,1.1447050,0.004349,0.0000003,0.0025000,0.6751719
15,7.762500,-0.0274533,0.5167791,1.1447230,0.004406,0.0000003,0.0025000,0.6751902
15,7.766667,-0.0274624,0.5167791,1.1447410,0.004377,0.0000003,0.0025000,0.6752085
15,7.770833,-0.0274716,0.5167791,1.1447600,0.004406,0.0000003,0.0024999,0.6752269
15,7.775000,-0.0274808,0.5167791,1.1447780,0.004406,0.0000003,0.0025002,0.6752452
15,7.779167,-0.0274901,0.5167791,1.1447960,0.004435,0.0000003,0.0025001,0.6752637
15,7.783333,-0.0274993,0.5167791,1.1448150,0.004463,0.0000002,0.0025002,0.6752822
15,7.787500,-0.0275086,0.5167791,1.1448330,0.004406,0.0000002,0.0025002,0.6753007
15,7.791667,-0.0275179,0.5167791,1.1448520,0.004492,0.0000002,0.0025002,0.6753193
15,7.795833,-0.0275272,0.5167791,1.1448710,0.004463,0.0000002,0.0025002,0.6753379
15,7.800000,-0.0275365,0.5167791,1.1448890,0.004463,0.0000002,0.0025002,0.6753566
15,7.804167,-0.0275458,0.5167791,1.1449080,0.004520,0.0000002,0.0025001,0.6753753
15,7.808333,-0.0275552,0.5167791,1.1449270,0.004463,0.0000003,0.0025001,0.6753941
15,7.812500,-0.0275646,0.5167791,1.1449460,0.004520,0.0000002,0.0025001,0.6754128
15,7.816667,-0.0275740,0.5167791,1.1449640,0.004520,0.0000002,0.0025002,0.6754316
15,7.820833,-0.0275834,0.5167791,1.1449830,0.004520,0.0000003,0.0025001,0.6754505
15,7.825000,-0.0275928,0.5167791,1.1450020,0.004520,0.0000002,0.0025001,0.6754693
15,7.829167,-0.0276023,0.5167791,1.1450210,0.004549,0.0000002,0.0025000,0.6754883
15,7.833333,-0.0276118,0.5167791,1.1450400,0.004549,0.0000002,0.0025000,0.6755072
15,7.837500,-0.0276213,0.5167791,1.1450590,0.004578,0.0000003,0.0025000,0.6755263
15,7.841667,-0.0276308,0.5167791,1.1450780,0.004549,0.0000002,0.0025000,0.6755453
15,7.845833,-0.0276403,0.5167791,1.1450970,0.004549,0.0000004,0.0025000,0.6755643
15,7.850000,-0.0276498,0.5167791,1.1451160,0.004578,0.0000005,0.0025001,0.6755834
15,7.854167,-0.0276594,0.5167791,1.1451350,0.004606,0.0000005,0.0025000,0.6756024
15,7.858333,-0.0276690,0.5167791,1.1451540,0.004606,0.0000006,0.0025000,0.6756216
15,7.862500,-0.0276786,0.5167791,1.1451730,0.004578,0.0000003,0.0025000,0.6756408
15,7.866667,-0.0276881,0.5167791,1.1451930,0.004606,0.0000003,0.0025000,0.6756599
15,7.870833,-0.0276978,0.5167791,1.1452120,0.004606,0.0000002,0.0024999,0.6756791
15,7.875000,-0.0277074,0.5167791,1.1452310,0.004606,0.0000011,0.0025001,0.6756984
15,7.879167,-0.0277170,0.5167791,1.1452500,0.004663,0.0000026,0.0025000,0.6757177
15,7.883333,-0.0277267,0.5167791,1.1452700,0.004635,0.0000039,0.0025000,0.6757370
15,7.887500,-0.0277363,0.5167791,1.1452890,0.004606,0.0000049,0.0025001,0.6757563
15,7.891667,-0.0277460,0.5167791,1.1453080,0.004635,0.0000045,0.0025001,0.6757756
15,7.895833,-0.0277557,0.5167791,1.1453280,0.004663,0.0000029,0.0025001,0.6757950
15,7.900000,-0.0277653,0.5167791,1.1453470,0.004635,0.0000002,0.0025000,0.6758143
15,7.904167,-0.0277751,0.5167791,1.1453660,0.004663,0.0000020,0.0025000,0.6758338
15,7.908333,-0.0277848,0.5167791,1.1453860,0.004692,0.0000011,0.0025001,0.6758533
15,7.912500,-0.0277945,0.5167791,1.1454050,0.004663,0.0000014,0.0025000,0.6758726
15,7.916667,-0.0278042,0.5167791,1.1454250,0.004635,0.0000043,0.0024999,0.6758921
15,7.920833,-0.0278140,0.5167791,1.1454440,0.004692,0.0000068,0.0025000,0.6759115
15,7.925000,-0.0278237,0.5167791,1.1454640,0.004663,0.0000076,0.0024999,0.6759310
15,7.929167,-0.0278335,0.5167791,1.1454830,0.004692,0.0000056,0.0025001,0.6759506
15,7.933333,-0.0278432,0.5167791,1.1455030,0.004692,0.0000003,0.0025000,0.6759701
15,7.937500,-0.0278530,0.5167791,1.1455220,0.004692,0.0000052,0.0025000,0.6759896
15,7.941667,-0.0278628,0.5167791,1.1455420,0.004663,0.0000066,0.0025001,0.6760092
15,7.945833,-0.0278725,0.5167791,1.1455610,0.004692,0.0000046,0.0025000,0.6760287
15,7.950000,-0.0278823,0.5167791,1.1455810,0.004692,0.0000017,0.0025000,0.6760483
15,7.954167,-0.0278921,0.5167791,1.1456010,0.004721,0.0000029,0.0025000,0.6760679
15,7.958333,-0.0279019,0.5167791,1.1456200,0.004692,0.0000053,0.0025000,0.6760874
15,7.962500,-0.0279117,0.5167791,1.1456400,0.004692,0.0000050,0.0025000,0.6761070
15,7.966667,-0.0279215,0.5167791,1.1456590,0.004721,0.0000002,0.0024999,0.6761267
15,7.970833,-0.0279313,0.5167791,1.1456790,0.004692,0.0000064,0.0025001,0.6761462
15,7.975000,-0.0279411,0.5167791,1.1456980,0.004692,0.0000098,0.0025000,0.6761658
15,7.979167,-0.0279509,0.5167791,1.1457180,0.004721,0.0000104,0.0025000,0.6761854
15,7.983333,-0.0279607,0.5167791,1.1457380,0.004692,0.0000089,0.0025000,0.6762050
15,7.987500,-0.0279706,0.5167791,1.1457570,0.004721,0.0000058,0.0025000,0.6762247
15,7.991667,-0.0279804,0.5167791,1.1457770,0.004721,0.0000028,0.0025000,0.6762443
15,7.995833,-0.0279902,0.5167791,1.1457970,0.004749,0.0000013,0.0024999,0.6762640
15,8.000000,-0.0280000,0.5167791,1.1458160,0.004692,0.0000002,0.0025001,0.6762837
15,8.004167,-0.0280098,0.5167791,1.1458360,0.004721,0.0000038,0.0025000,0.6763033
15,8.008333,-0.0280196,0.5167791,1.1458560,0.004692,0.0000083,0.0024999,0.6763229
15,8.012500,-0.0280295,0.5167791,1.1458750,0.004692,0.0000119,0.0025001,0.6763425
15,8.016666,-0.0280393,0.5167791,1.1458950,0.004749,0.0000141,0.0025002,0.6763622
15,8.020833,-0.0280491,0.5167791,1.1459140,0.004692,0.0000137,0.0025000,0.6763818
15,8.025000,-0.0280589,0.5167791,1.1459340,0.004721,0.0000112,0.0025000,0.6764014
15,8.029166,-0.0280687,0.5167791,1.1459540,0.004721,0.0000063,0.0025001,0.6764210
15,8.033334,-0.0280785,0.5167791,1.1459730,0.004692,0.0000002,0.0025001,0.6764406
15,8.037500,-0.0280883,0.5167791,1.1459930,0.004692,0.0000031,0.0025000,0.6764602
15,8.041667,-0.0280981,0.5167791,1.1460120,0.004692,0.0000024,0.0025001,0.6764798
15,8.045834,-0.0281079,0.5167791,1.1460320,0.004721,0.0000048,0.0023127,0.6764994
15,8.050000,-0.0281177,0.5167791,1.1460520,0.004721,0.0000093,0.0020442,0.6765190
15,8.054167,-0.0281275,0.5167791,1.1460710,0.004663,0.0000124,0.0017919,0.6765385
15,8.058333,-0.0281373,0.5167791,1.1460910,0.004663,0.0000126,0.0015586,0.6765581
15,8.062500,-0.0281470,0.5167791,1.1461100,0.004721,0.0000087,0.0013473,0.6765776
15,8.066667,-0.0281568,0.5167791,1.1461300,0.004692,0.0000002,0.0011601,0.6765972
15,8.070833,-0.0281666,0.5167791,1.1461490,0.004663,0.0000081,0.0009926,0.6766167
15,8.075000,-0.0281763,0.5167791,1.1461690,0.004692,0.0000113,0.0008394,0.6766362
15,8.079166,-0.0281861,0.5167791,1.1461880,0.004721,0.0000106,0.0007004,0.6766557
15,8.083333,-0.0281958,0.5167791,1.1462080,0.004635,0.0000074,0.0005748,0.6766752
15,8.087500,-0.0282055,0.5167791,1.1462270,0.004663,0.0000032,0.0004631,0.6766946
15,8.091666,-0.0282152,0.5167791,1.1462470,0.004692,0.0000007,0.0003650,0.6767141
15,8.095834,-0.0282249,0.5167791,1.1462660,0.004635,0.0000022,0.0002805,0.6767335
15,8.100000,-0.0282347,0.5167791,1.1462860,0.004663,0.0000002,0.0002100,0.6767529
15,8.104167,-0.0282443,0.5167791,1.1463050,0.004692,0.0000042,0.0001503,0.6767723
15,8.108334,-0.0282540,0.5167791,1.1463240,0.004635,0.0000073,0.0000993,0.6767917
15,8.112500,-0.0282637,0.5167791,1.1463440,0.004606,0.0000095,0.0000588,0.6768110
15,8.116667,-0.0282734,0.5167791,1.1463630,0.004663,0.0000102,0.0000300,0.6768303
15,8.120833,-0.0282830,0.5167791,1.1463820,0.004606,0.0000095,0.0000150,0.6768495
15,8.125000,-0.0282926,0.5167791,1.1464020,0.004635,0.0000075,0.0000153,0.6768689
15,8.129167,-0.0283023,0.5167791,1.1464210,0.004606,0.0000042,0.0000325,0.6768881
15,8.133333,-0.0283119,0.5167791,1.1464400,0.004663,0.0000002,0.0000690,0.6769074
15,8.137500,-0.0283215,0.5167791,1.1464590,0.004578,0.0000022,0.0001203,0.6769266
15,8.141666,-0.0283311,0.5167791,1.1464780,0.004606,0.0000142,0.0001831,0.6769457
15,8.145833,-0.0283406,0.5167791,1.1464970,0.004578,0.0000305,0.0002612,0.6769648
15,8.150000,-0.0283502,0.5167791,1.1465170,0.004606,0.0000451,0.0003579,0.6769840
15,8.154166,-0.0283597,0.5167791,1.1465360,0.004549,0.0000532,0.0004782,0.6770030
15,8.158334,-0.0283692,0.5167791,1.1465550,0.004549,0.0000505,0.0006266,0.6770220
15,8.162500,-0.0283787,0.5167791,1.1465740,0.004578,0.0000334,0.0008088,0.6770411
15,8.166667,-0.0283882,0.5167791,1.1465930,0.004578,0.0000002,0.0010326,0.6770601
15,8.170834,-0.0283977,0.5167791,1.1466120,0.004549,0.0000365,0.0013158,0.6770790
15,8.175000,-0.0284072,0.5167791,1.1466310,0.004549,0.0000601,0.0016679,0.6770979
15,8.179167,-0.0284166,0.5167791,1.1466490,0.004520,0.0000690,0.0020819,0.6771168
15,8.183333,-0.0284260,0.5167791,1.1466680,0.004520,0.0000643,0.0025001,0.6771356
15,8.187500,-0.0284354,0.5167791,1.1466870,0.004492,0.0000481,0.0025000,0.6771544
15,8.191667,-0.0284448,0.5167791,1.1467060,0.004520,0.0000262,0.0025001,0.6771731
15,8.195833,-0.0284542,0.5167791,1.1467240,0.004463,0.0000078,0.0025000,0.6771919
15,8.200000,-0.0284635,0.5167791,1.1467430,0.004520,0.0000002,0.0025001,0.6772106
15,8.204166,-0.0284728,0.5167791,1.1467620,0.004492,0.0000150,0.0025001,0.6772293
15,8.208333,-0.0284822,0.5167791,1.1467810,0.004492,0.0000361,0.0025001,0.6772480
15,8.212500,-0.0284914,0.5167791,1.1467990,0.004435,0.0000554,0.0025001,0.6772665
15,8.216666,-0.0285007,0.5167791,1.1468180,0.004435,0.0000668,0.0025001,0.6772851
15,8.220834,-0.0285099,0.5167791,1.1468360,0.004435,0.0000669,0.0025001,0.6773036
15,8.225000,-0.0285192,0.5167791,1.1468550,0.004463,0.0000548,0.0025001,0.6773220
15,8.229167,-0.0285284,0.5167791,1.1468730,0.004377,0.0000314,0.0025001,0.6773403
15,8.233334,-0.0285376,0.5167791,1.1468910,0.004406,0.0000002,0.0025000,0.6773587
15,8.237500,-0.0285467,0.5167791,1.1469100,0.004406,0.0000233,0.0025000,0.6773770
15,8.241667,-0.0285558,0.5167791,1.1469280,0.004377,0.0000302,0.0025000,0.6773953
15,8.245833,-0.0285649,0.5167791,1.1469460,0.004377,0.0000252,0.0025000,0.6774135
15,8.250000,-0.0285740,0.5167791,1.1469640,0.004349,0.0000143,0.0025000,0.6774317
15,8.254167,-0.0285831,0.5167791,1.1469830,0.004377,0.0000041,0.0025001,0.6774498
15,8.258333,-0.0285921,0.5167791,1.1470010,0.004320,0.0000099,0.0025001,0.6774679
15,8.262500,-0.0286011,0.5167791,1.1470190,0.004320,0.0000115,0.0025001,0.6774858
15,8.266666,-0.0286101,0.5167791,1.1470370,0.004320,0.0000002,0.0025001,0.6775038
15,8.270833,-0.0286190,0.5167791,1.1470540,0.004292,0.0000156,0.0025001,0.6775217
15,8.275000,-0.0286280,0.5167791,1.1470720,0.004292,0.0000238,0.0025001,0.6775396
15,8.279166,-0.0286369,0.5167791,1.1470900,0.004263,0.0000256,0.0025000,0.6775573
15,8.283334,-0.0286458,0.5167791,1.1471080,0.004263,0.0000221,0.0025000,0.6775752
15,8.287500,-0.0286546,0.5167791,1.1471260,0.004263,0.0000155,0.0025001,0.6775929
15,8.291667,-0.0286634,0.5167791,1.1471430,0.004206,0.0000080,0.0025001,0.6776105
15,8.295834,-0.0286722,0.5167791,1.1471610,0.004234,0.0000020,0.0025001,0.6776280
15,8.300000,-0.0286810,0.5167791,1.1471780,0.004206,0.0000002,0.0025000,0.6776457
15,8.304167,-0.0286897,0.5167791,1.1471960,0.004206,0.0000006,0.0025002,0.6776631
15,8.308333,-0.0286984,0.5167791,1.1472130,0.004177,0.0000011,0.0025000,0.6776805
15,8.312500,-0.0287071,0.5167791,1.1472300,0.004120,0.0000011,0.0025001,0.6776978
15,8.316667,-0.0287157,0.5167791,1.1472480,0.004148,0.0000009,0.0025000,0.6777151
15,8.320833,-0.0287243,0.5167791,1.1472650,0.004148,0.0000007,0.0025001,0.6777323
15,8.325000,-0.0287329,0.5167791,1.1472820,0.004148,0.0000003,0.0025001,0.6777495
15,8.329166,-0.0287415,0.5167791,1.1472990,0.004091,0.0000002,0.0025000,0.6777666
15,8.333333,-0.0287500,0.5167791,1.1473160,0.004091,0.0000003,0.0025001,0.6777837
15,8.337500,-0.0287585,0.5167791,1.1473330,0.004063,0.0000003,0.0025002,0.6778006
15,8.341666,-0.0287669,0.5167791,1.1473500,0.004063,0.0000003,0.0025001,0.6778175
15,8.345834,-0.0287753,0.5167791,1.1473670,0.004034,0.0000005,0.0025000,0.6778343
15,8.350000,-0.0287837,0.5167791,1.1473840,0.004005,0.0000005,0.0025001,0.6778511
15,8.354167,-0.0287921,0.5167791,1.1474000,0.004034,0.0000007,0.0025001,0.6778678
15,8.358334,-0.0288004,0.5167791,1.1474170,0.004005,0.0000005,0.0025001,0.6778845
15,8.362500,-0.0288087,0.5167791,1.1474340,0.003948,0.0000004,0.0025000,0.6779010
15,8.366667,-0.0288170,0.5167791,1.1474500,0.003977,0.0000002,0.0025001,0.6779176
15,8.370833,-0.0288252,0.5167791,1.1474670,0.003948,0.0000002,0.0025002,0.6779340
15,8.375000,-0.0288334,0.5167791,1.1474830,0.003920,0.0000012,0.0025001,0.6779504
15,8.379167,-0.0288415,0.5167791,1.1474990,0.003920,0.0000026,0.0025001,0.6779666
15,8.383333,-0.0288496,0.5167791,1.1475160,0.003891,0.0000040,0.0025001,0.6779828
15,8.387500,-0.0288577,0.5167791,1.1475320,0.003862,0.0000049,0.0025001,0.6779990
15,8.391666,-0.0288657,0.5167791,1.1475480,0.003891,0.0000044,0.0025002,0.6780151
15,8.395833,-0.0288737,0.5167791,1.1475640,0.003834,0.0000030,0.0025001,0.6780310
15,8.400000,-0.0288817,0.5167791,1.1475800,0.003805,0.0000003,0.0025002,0.6780471
15,8.404166,-0.0288896,0.5167791,1.1475960,0.003805,0.0000020,0.0025002,0.6780628
15,8.408334,-0.0288975,0.5167791,1.1476110,0.003748,0.0000011,0.0025002,0.6780785
15,8.412500,-0.0289053,0.5167791,1.1476270,0.003777,0.0000015,0.0025001,0.6780942
15,8.416667,-0.0289131,0.5167791,1.1476430,0.003777,0.0000044,0.0025001,0.6781099
15,8.420834,-0.0289209,0.5167791,1.1476580,0.003719,0.0000068,0.0025001,0.6781254
15,8.425000,-0.0289286,0.5167791,1.1476730,0.003691,0.0000075,0.0025000,0.6781408
15,8.429167,-0.0289363,0.5167791,1.1476890,0.003691,0.0000057,0.0025001,0.6781563
15,8.433333,-0.0289440,0.5167791,1.1477040,0.003691,0.0000002,0.0025001,0.6781716
15,8.437500,-0.0289516,0.5167791,1.1477200,0.003662,0.0000053,0.0025001,0.6781868
15,8.441667,-0.0289592,0.5167791,1.1477350,0.003633,0.0000064,0.0025001,0.6782019
15,8.445833,-0.0289667,0.5167791,1.1477500,0.003576,0.0000047,0.0025003,0.6782169
15,8.450000,-0.0289742,0.5167791,1.1477650,0.003605,0.0000016,0.0025002,0.6782319
15,8.454166,-0.0289816,0.5167791,1.1477790,0.003576,0.0000033,0.0025001,0.6782469
15,8.458333,-0.0289890,0.5167791,1.1477940,0.003576,0.0000055,0.0025001,0.6782618
15,8.462500,-0.0289964,0.5167791,1.1478090,0.003490,0.0000051,0.0025001,0.6782764
15,8.466666,-0.0290037,0.5167791,1.1478240,0.003548,0.0000002,0.0025000,0.6782909
15,8.470834,-0.0290110,0.5167791,1.1478380,0.003490,0.0000064,0.0025000,0.6783055
15,8.475000,-0.0290182,0.5167791,1.1478530,0.003490,0.0000098,0.0025000,0.6783201
15,8.479167,-0.0290254,0.5167791,1.1478670,0.003433,0.0000103,0.0025000,0.6783344
15,8.483334,-0.0290325,0.5167791,1.1478810,0.003405,0.0000088,0.0025001,0.6783487
15,8.487500,-0.0290396,0.5167791,1.1478960,0.003433,0.0000059,0.0025001,0.6783628
15,8.491667,-0.0290467,0.5167791,1.1479100,0.003405,0.0000029,0.0025000,0.6783771
15,8.495833,-0.0290537,0.5167791,1.1479240,0.003347,0.0000013,0.0025001,0.6783910
15,8.500000,-0.0290607,0.5167791,1.1479380,0.003347,0.0000002,0.0025001,0.6784049
15,8.504167,-0.0290676,0.5167791,1.1479510,0.003319,0.0000038,0.0025000,0.6784188
15,8.508333,-0.0290745,0.5167791,1.1479650,0.003290,0.0000084,0.0025000,0.6784326
15,8.512500,-0.0290813,0.5167791,1.1479790,0.003262,0.0000121,0.0025001,0.6784462
15,8.516666,-0.0290881,0.5167791,1.1479920,0.003262,0.0000142,0.0025002,0.6784597
15,8.520833,-0.0290948,0.5167791,1.1480060,0.003233,0.0000138,0.0025002,0.6784732
15,8.525000,-0.0291015,0.5167791,1.1480190,0.003204,0.0000112,0.0025000,0.6784866
15,8.529166,-0.0291081,0.5167791,1.1480320,0.003176,0.0000063,0.0025000,0.6784998
15,8.533334,-0.0291147,0.5167791,1.1480460,0.003204,0.0000002,0.0025000,0.6785131
15,8.537500,-0.0291212,0.5167791,1.1480590,0.003119,0.0000032,0.0025001,0.6785261
15,8.541667,-0.0291278,0.5167791,1.1480720,0.003119,0.0000025,0.0025002,0.6785391
15,8.545834,-0.0291342,0.5167791,1.1480850,0.003090,0.0000052,0.0023122,0.6785520
15,8.550000,-0.0291406,0.5167791,1.1480980,0.003090,0.0000095,0.0020438,0.6785648
15,8.554167,-0.0291469,0.5167791,1.1481100,0.003033,0.0000127,0.0017915,0.6785775
15,8.558333,-0.0291533,0.5167791,1.1481230,0.003033,0.0000128,0.0015584,0.6785902
15,8.562500,-0.0291595,0.5167791,1.1481350,0.003004,0.0000090,0.0013469,0.6786026
15,8.566667,-0.0291657,0.5167791,1.1481480,0.002975,0.0000002,0.0011599,0.6786151
15,8.570833,-0.0291719,0.5167791,1.1481600,0.002947,0.0000082,0.0009928,0.6786273
15,8.575000,-0.0291780,0.5167791,1.1481720,0.002918,0.0000115,0.0008396,0.6786395
15,8.579166,-0.0291840,0.5167791,1.1481840,0.002918,0.0000107,0.0007004,0.6786516
15,8.583333,-0.0291900,0.5167791,1.1481960,0.002890,0.0000074,0.0005748,0.6786637
15,8.587500,-0.0291960,0.5167791,1.1482080,0.002861,0.0000032,0.0004631,0.6786756
15,8.591666,-0.0292019,0.5167791,1.1482200,0.002832,0.0000008,0.0003649,0.6786874
15,8.595834,-0.0292077,0.5167791,1.1482320,0.002775,0.0000025,0.0002804,0.6786990
15,8.600000,-0.0292135,0.5167791,1.1482430,0.002804,0.0000002,0.0002099,0.6787107
15,8.604167,-0.0292192,0.5167791,1.1482550,0.002747,0.0000044,0.0001505,0.6787221
15,8.608334,-0.0292250,0.5167791,1.1482660,0.002747,0.0000077,0.0000997,0.6787335
15,8.612500,-0.0292306,0.5167791,1.1482770,0.002689,0.0000097,0.0000590,0.6787447
15,8.616667,-0.0292362,0.5167791,1.1482890,0.002718,0.0000104,0.0000303,0.6787561
15,8.620833,-0.0292417,0.5167791,1.1483000,0.002661,0.0000098,0.0000153,0.6787670
15,8.625000,-0.0292472,0.5167791,1.1483110,0.002632,0.0000077,0.0000154,0.6787781
15,8.629167,-0.0292526,0.5167791,1.1483220,0.002575,0.0000044,0.0000326,0.6787888
15,8.633333,-0.0292580,0.5167791,1.1483320,0.002604,0.0000002,0.0000690,0.6787997
15,8.637500,-0.0292633,0.5167791,1.1483430,0.002546,0.0000022,0.0001203,0.6788102
15,8.641666,-0.0292686,0.5167791,1.1483530,0.002518,0.0000143,0.0001833,0.6788208
15,8.645833,-0.0292738,0.5167791,1.1483640,0.002489,0.0000310,0.0002617,0.6788312
15,8.650000,-0.0292790,0.5167791,1.1483740,0.002489,0.0000457,0.0003587,0.6788416
15,8.654166,-0.0292840,0.5167791,1.1483840,0.002432,0.0000541,0.0004791,0.6788517
15,8.658334,-0.0292891,0.5167791,1.1483940,0.002432,0.0000514,0.0006274,0.6788618
15,8.662500,-0.0292941,0.5167791,1.1484040,0.002403,0.0000340,0.0008095,0.6788718
15,8.666667,-0.0292990,0.5167791,1.1484140,0.002346,0.0000002,0.0010327,0.6788816
15,8.670834,-0.0293039,0.5167791,1.1484240,0.002346,0.0000373,0.0013152,0.6788914
15,8.675000,-0.0293087,0.5167791,1.1484340,0.002346,0.0000612,0.0016667,0.6789011
15,8.679167,-0.0293135,0.5167791,1.1484430,0.002260,0.0000708,0.0020800,0.6789106
15,8.683333,-0.0293182,0.5167791,1.1484530,0.002260,0.0000662,0.0025001,0.6789200
15,8.687500,-0.0293229,0.5167791,1.1484620,0.002232,0.0000497,0.0025001,0.6789293
15,8.691667,-0.0293275,0.5167791,1.1484710,0.002260,0.0000276,0.0024999,0.6789386
15,8.695833,-0.0293320,0.5167791,1.1484800,0.002146,0.0000082,0.0024999,0.6789476
15,8.700000,-0.0293365,0.5167791,1.1484890,0.002174,0.0000002,0.0025000,0.6789566
15,8.704166,-0.0293409,0.5167791,1.1484980,0.002117,0.0000149,0.0025000,0.6789655
15,8.708333,-0.0293453,0.5167791,1.1485070,0.002089,0.0000359,0.0025001,0.6789743
15,8.712500,-0.0293496,0.5167791,1.1485150,0.002060,0.0000553,0.0025001,0.6789829
15,8.716666,-0.0293539,0.5167791,1.1485240,0.002089,0.0000670,0.0025001,0.6789914
15,8.720834,-0.0293580,0.5167791,1.1485320,0.001974,0.0000672,0.0025001,0.6789998
15,8.725000,-0.0293622,0.5167791,1.1485410,0.002003,0.0000551,0.0025000,0.6790081
15,8.729167,-0.0293663,0.5167791,1.1485490,0.001945,0.0000317,0.0025000,0.6790162
15,8.733334,-0.0293703,0.5167791,1.1485570,0.001945,0.0000004,0.0025001,0.6790242
15,8.737500,-0.0293743,0.5167791,1.1485650,0.001888,0.0000238,0.0025001,0.6790321
15,8.741667,-0.0293782,0.5167791,1.1485730,0.001888,0.0000306,0.0024999,0.6790400
15,8.745833,-0.0293820,0.5167791,1.1485800,0.001831,0.0000256,0.0025001,0.6790476
15,8.750000,-0.0293858,0.5167791,1.1485880,0.001831,0.0000146,0.0025000,0.6790552
15,8.754167,-0.0293895,0.5167791,1.1485950,0.001774,0.0000042,0.0025001,0.6790627
15,8.758333,-0.0293932,0.5167791,1.1486030,0.001802,0.0000099,0.0025001,0.6790701
15,8.762500,-0.0293968,0.5167791,1.1486100,0.001717,0.0000113,0.0025001,0.6790773
15,8.766666,-0.0294004,0.5167791,1.1486170,0.001717,0.0000002,0.0025001,0.6790844
15,8.770833,-0.0294038,0.5167791,1.1486240,0.001631,0.0000158,0.0025000,0.6790913
15,8.775000,-0.0294073,0.5167791,1.1486310,0.001631,0.0000240,0.0025002,0.6790981
15,8.779166,-0.0294106,0.5167791,1.1486370,0.001602,0.0000257,0.0025000,0.6791049
15,8.783334,-0.0294140,0.5167791,1.1486440,0.001631,0.0000222,0.0025002,0.6791115
15,8.787500,-0.0294172,0.5167791,1.1486510,0.001545,0.0000156,0.0025001,0.6791180
15,8.791667,-0.0294204,0.5167791,1.1486570,0.001574,0.0000080,0.0025001,0.6791245
15,8.795834,-0.0294235,0.5167791,1.1486630,0.001488,0.0000018,0.0025002,0.6791307
15,8.800000,-0.0294266,0.5167791,1.1486690,0.001459,0.0000003,0.0025002,0.6791368
15,8.804167,-0.0294296,0.5167791,1.1486750,0.001431,0.0000006,0.0025001,0.6791428
15,8.808333,-0.0294325,0.5167791,1.1486810,0.001431,0.0000010,0.0025001,0.6791487
15,8.812500,-0.0294354,0.5167791,1.1486870,0.001345,0.0000011,0.0025002,0.6791544
15,8.816667,-0.0294382,0.5167791,1.1486930,0.001373,0.0000008,0.0025001,0.6791601
15,8.820833,-0.0294410,0.5167791,1.1486980,0.001316,0.0000006,0.0025001,0.6791655
15,8.825000,-0.0294437,0.5167791,1.1487040,0.001316,0.0000003,0.0025001,0.6791710
15,8.829166,-0.0294463,0.5167791,1.1487090,0.001259,0.0000001,0.0025000,0.6791763
15,8.833333,-0.0294489,0.5167791,1.1487140,0.001259,0.0000002,0.0025000,0.6791815
15,8.837500,-0.0294514,0.5167791,1.1487190,0.001173,0.0000002,0.0025001,0.6791864
15,8.841666,-0.0294539,0.5167791,1.1487240,0.001202,0.0000002,0.0025000,0.6791914
15,8.845834,-0.0294562,0.5167791,1.1487290,0.001116,0.0000002,0.0025000,0.6791961
15,8.850000,-0.0294586,0.5167791,1.1487330,0.001144,0.0000004,0.0025001,0.6792008
15,8.854167,-0.0294608,0.5167791,1.1487380,0.001059,0.0000004,0.0025000,0.6792052
15,8.858334,-0.0294630,0.5167791,1.1487420,0.001059,0.0000005,0.0025001,0.6792097
15,8.862500,-0.0294651,0.5167791,1.1487470,0.001030,0.0000004,0.0025001,0.6792139
15,8.866667,-0.0294672,0.5167791,1.1487510,0.000973,0.0000003,0.0025001,0.6792181
15,8.870833,-0.0294692,0.5167791,1.1487550,0.000973,0.0000002,0.0025001,0.6792220
15,8.875000,-0.0294712,0.5167791,1.1487590,0.000944,0.0000011,0.0025002,0.6792260
15,8.879167,-0.0294730,0.5167791,1.1487620,0.000887,0.0000026,0.0025000,0.6792297
15,8.883333,-0.0294749,0.5167791,1.1487660,0.000858,0.0000039,0.0025001,0.6792333
15,8.887500,-0.0294766,0.5167791,1.1487690,0.000858,0.0000046,0.0025001,0.6792369
15,8.891666,-0.0294783,0.5167791,1.1487730,0.000858,0.0000044,0.0025001,0.6792403
15,8.895833,-0.0294799,0.5167791,1.1487760,0.000744,0.0000030,0.0025000,0.6792435
15,8.900000,-0.0294815,0.5167791,1.1487790,0.000772,0.0000002,0.0025000,0.6792467
15,8.904166,-0.0294830,0.5167791,1.1487820,0.000715,0.0000021,0.0025000,0.6792496
15,8.908334,-0.0294845,0.5167791,1.1487850,0.000687,0.0000011,0.0025000,0.6792525
15,8.912500,-0.0294858,0.5167791,1.1487880,0.000658,0.0000016,0.0025001,0.6792552
15,8.916667,-0.0294872,0.5167791,1.1487910,0.000629,0.0000043,0.0025000,0.6792580
15,8.920834,-0.0294884,0.5167791,1.1487930,0.000629,0.0000067,0.0025001,0.6792604
15,8.925000,-0.0294896,0.5167791,1.1487960,0.000572,0.0000075,0.0025001,0.6792629
15,8.929167,-0.0294907,0.5167791,1.1487980,0.000544,0.0000056,0.0025001,0.6792650
15,8.933333,-0.0294918,0.5167791,1.1488000,0.000486,0.0000003,0.0025001,0.6792672
15,8.937500,-0.0294928,0.5167791,1.1488020,0.000429,0.0000054,0.0025000,0.6792691
15,8.941667,-0.0294937,0.5167791,1.1488040,0.000458,0.0000064,0.0025001,0.6792710
15,8.945833,-0.0294945,0.5167791,1.1488050,0.000401,0.0000048,0.0025001,0.6792727
15,8.950000,-0.0294954,0.5167791,1.1488070,0.000401,0.0000017,0.0025002,0.6792743
15,8.954166,-0.0294961,0.5167791,1.1488080,0.000372,0.0000031,0.0025001,0.6792758
15,8.958333,-0.0294968,0.5167791,1.1488100,0.000343,0.0000054,0.0025001,0.6792772
15,8.962500,-0.0294974,0.5167791,1.1488110,0.000286,0.0000050,0.0025001,0.6792784
15,8.966666,-0.0294979,0.5167791,1.1488120,0.000315,0.0000003,0.0025002,0.6792796
15,8.970834,-0.0294984,0.5167791,1.1488130,0.000200,0.0000064,0.0025001,0.6792805
15,8.975000,-0.0294988,0.5167791,1.1488140,0.000200,0.0000098,0.0025001,0.6792814
15,8.979167,-0.0294992,0.5167791,1.1488150,0.000143,0.0000105,0.0025000,0.6792820
15,8.983334,-0.0294995,0.5167791,1.1488150,0.000143,0.0000089,0.0025001,0.6792827
15,8.987500,-0.0294997,0.5167791,1.1488160,0.000114,0.0000059,0.0025002,0.6792830
15,8.991667,-0.0294999,0.5167791,1.1488160,0.000086,0.0000028,0.0025001,0.6792833
15,8.995833,-0.0294999,0.5167791,1.1488160,0.000029,0.0000013,0.0025001,0.6792835
15,9.000000,-0.0295000,0.5167791,1.1488160,0.000000,0.0000002,0.0025000,0.6792836
15,9.004167,-0.0294999,0.5167791,1.1488160,0.000000,0.0000040,0.0025001,0.6792835
15,9.008333,-0.0294999,0.5167791,1.1488160,-0.000029,0.0000084,0.0025001,0.6792833
15,9.012500,-0.0294997,0.5167791,1.1488160,-0.000086,0.0000123,0.0025002,0.6792830
15,9.016666,-0.0294995,0.5167791,1.1488150,-0.000114,0.0000143,0.0025001,0.6792827
15,9.020833,-0.0294992,0.5167791,1.1488150,-0.000143,0.0000138,0.0025000,0.6792820
15,9.025000,-0.0294988,0.5167791,1.1488140,-0.000143,0.0000111,0.0025001,0.6792814
15,9.029166,-0.0294984,0.5167791,1.1488130,-0.000200,0.0000062,0.0025001,0.6792805
15,9.033334,-0.0294979,0.5167791,1.1488120,-0.000200,0.0000003,0.0025002,0.6792796
15,9.037500,-0.0294974,0.5167791,1.1488110,-0.000315,0.0000031,0.0025001,0.6792784
15,9.041667,-0.0294968,0.5167791,1.1488100,-0.000286,0.0000024,0.0025001,0.6792772
15,9.045834,-0.0294961,0.5167791,1.1488080,-0.000343,0.0000052,0.0023122,0.6792758
15,9.050000,-0.0294954,0.5167791,1.1488070,-0.000372,0.0000097,0.0020437,0.6792743
15,9.054167,-0.0294945,0.5167791,1.1488050,-0.000401,0.0000128,0.0017914,0.6792727
15,9.058333,-0.0294937,0.5167791,1.1488040,-0.000401,0.0000128,0.0015583,0.6792710
15,9.062500,-0.0294928,0.5167791,1.1488020,-0.000458,0.0000089,0.0013470,0.6792691
15,9.066667,-0.0294918,0.5167791,1.1488000,-0.000429,0.0000002,0.0011599,0.6792672
15,9.070833,-0.0294907,0.5167791,1.1487980,-0.000486,0.0000085,0.0009929,0.6792651
15,9.075000,-0.0294896,0.5167791,1.1487960,-0.000544,0.0000113,0.0008395,0.6792629
15,9.079166,-0.0294884,0.5167791,1.1487930,-0.000572,0.0000107,0.0007005,0.6792604
15,9.083333,-0.0294872,0.5167791,1.1487910,-0.000629,0.0000072,0.0005748,0.6792580
15,9.087500,-0.0294858,0.5167791,1.1487880,-0.000629,0.0000032,0.0004631,0.6792552
15,9.091666,-0.0294845,0.5167791,1.1487850,-0.000658,0.0000007,0.0003649,0.6792525
15,9.095834,-0.0294830,0.5167791,1.1487820,-0.000687,0.0000024,0.0002804,0.6792496
15,9.100000,-0.0294815,0.5167791,1.1487790,-0.000715,0.0000002,0.0002100,0.6792467
15,9.104167,-0.0294799,0.5167791,1.1487760,-0.000772,0.0000041,0.0001503,0.6792435
15,9.108334,-0.0294783,0.5167791,1.1487730,-0.000744,0.0000076,0.0000996,0.6792403
15,9.112500,-0.0294766,0.5167791,1.1487690,-0.000858,0.0000096,0.0000590,0.6792369
15,9.116667,-0.0294749,0.5167791,1.1487660,-0.000858,0.0000107,0.0000306,0.6792333
15,9.120833,-0.0294730,0.5167791,1.1487620,-0.000858,0.0000101,0.0000155,0.6792297
15,9.125000,-0.0294712,0.5167791,1.1487590,-0.000887,0.0000080,0.0000156,0.6792260
15,9.129167,-0.0294692,0.5167791,1.1487550,-0.000944,0.0000045,0.0000328,0.6792220
15,9.133333,-0.0294672,0.5167791,1.1487510,-0.000973,0.0000002,0.0000689,0.6792181
15,9.137500,-0.0294651,0.5167791,1.1487470,-0.000973,0.0000021,0.0001202,0.6792139
15,9.141666,-0.0294630,0.5167791,1.1487420,-0.001030,0.0000144,0.0001833,0.6792097
15,9.145833,-0.0294608,0.5167791,1.1487380,-0.001059,0.0000309,0.0002617,0.6792052
15,9.150000,-0.0294586,0.5167791,1.1487330,-0.001059,0.0000460,0.0003590,0.6792008
15,9.154166,-0.0294562,0.5167791,1.1487290,-0.001144,0.0000543,0.0004792,0.6791961
15,9.158334,-0.0294539,0.5167791,1.1487240,-0.001116,0.0000517,0.0006276,0.6791914
15,9.162500,-0.0294514,0.5167791,1.1487190,-0.001202,0.0000342,0.0008096,0.6791864
15,9.166667,-0.0294489,0.5167791,1.1487140,-0.001173,0.0000002,0.0010325,0.6791815
15,9.170834,-0.0294463,0.5167791,1.1487090,-0.001259,0.0000376,0.0013149,0.6791762
15,9.175000,-0.0294437,0.5167791,1.1487040,-0.001259,0.0000618,0.0016662,0.6791710
15,9.179167,-0.0294410,0.5167791,1.1486980,-0.001316,0.0000713,0.0020796,0.6791655
15,9.183333,-0.0294382,0.5167791,1.1486930,-0.001316,0.0000665,0.0025001,0.6791601
15,9.187500,-0.0294354,0.5167791,1.1486870,-0.001373,0.0000502,0.0025002,0.6791544
15,9.191667,-0.0294325,0.5167791,1.1486810,-0.001345,0.0000279,0.0025001,0.6791487
15,9.195833,-0.0294296,0.5167791,1.1486750,-0.001431,0.0000083,0.0025001,0.6791428
15,9.200000,-0.0294266,0.5167791,1.1486690,-0.001431,0.0000002,0.0025002,0.6791368
15,9.204166,-0.0294235,0.5167791,1.1486630,-0.001459,0.0000148,0.0025002,0.6791306
15,9.208333,-0.0294204,0.5167791,1.1486570,-0.001488,0.0000358,0.0025001,0.6791245
15,9.212500,-0.0294172,0.5167791,1.1486510,-0.001574,0.0000552,0.0025001,0.6791180
15,9.216666,-0.0294140,0.5167791,1.1486440,-0.001545,0.0000669,0.0025002,0.6791115
15,9.220834,-0.0294106,0.5167791,1.1486370,-0.001631,0.0000673,0.0025000,0.6791049
15,9.225000,-0.0294073,0.5167791,1.1486310,-0.001602,0.0000551,0.0025002,0.6790981
15,9.229167,-0.0294038,0.5167791,1.1486240,-0.001631,0.0000318,0.0025000,0.6790913
15,9.233334,-0.0294004,0.5167791,1.1486170,-0.001631,0.0000002,0.0025001,0.6790844
15,9.237500,-0.0293968,0.5167791,1.1486100,-0.001717,0.0000239,0.0025001,0.6790773
15,9.241667,-0.0293932,0.5167791,1.1486030,-0.001717,0.0000307,0.0025001,0.6790701
15,9.245833,-0.0293895,0.5167791,1.1485950,-0.001802,0.0000261,0.0025001,0.6790627
15,9.250000,-0.0293858,0.5167791,1.1485880,-0.001774,0.0000146,0.0025000,0.6790552
15,9.254167,-0.0293820,0.5167791,1.1485800,-0.001831,0.0000043,0.0025001,0.6790476
15,9.258333,-0.0293782,0.5167791,1.1485730,-0.001831,0.0000099,0.0024999,0.6790400
15,9.262500,-0.0293742,0.5167791,1.1485650,-0.001888,0.0000114,0.0025001,0.6790321
15,9.266666,-0.0293703,0.5167791,1.1485570,-0.001888,0.0000003,0.0025001,0.6790242
15,9.270833,-0.0293663,0.5167791,1.1485490,-0.001945,0.0000157,0.0025000,0.6790162
15,9.275000,-0.0293622,0.5167791,1.1485410,-0.001945,0.0000240,0.0025000,0.6790081
15,9.279166,-0.0293580,0.5167791,1.1485320,-0.002003,0.0000258,0.0025001,0.6789998
15,9.283334,-0.0293539,0.5167791,1.1485240,-0.001974,0.0000222,0.0025001,0.6789914
15,9.287500,-0.0293496,0.5167791,1.1485150,-0.002089,0.0000157,0.0025001,0.6789829
15,9.291667,-0.0293453,0.5167791,1.1485070,-0.002060,0.0000080,0.0025001,0.6789743
15,9.295834,-0.0293409,0.5167791,1.1484980,-0.002089,0.0000020,0.0025000,0.6789654
15,9.300000,-0.0293365,0.5167791,1.1484890,-0.002117,0.0000002,0.0025000,0.6789566
15,9.304167,-0.0293320,0.5167791,1.1484800,-0.002174,0.0000007,0.0024999,0.6789476
15,9.308333,-0.0293275,0.5167791,1.1484710,-0.002146,0.0000011,0.0024999,0.6789386
15,9.312500,-0.0293229,0.5167791,1.1484620,-0.002260,0.0000011,0.0025001,0.6789293
15,9.316667,-0.0293182,0.5167791,1.1484530,-0.002232,0.0000008,0.0025001,0.6789200
15,9.320833,-0.0293135,0.5167791,1.1484430,-0.002260,0.0000007,0.0025000,0.6789106
15,9.325000,-0.0293087,0.5167791,1.1484340,-0.002260,0.0000003,0.0025000,0.6789011
15,9.329166,-0.0293039,0.5167791,1.1484240,-0.002346,0.0000002,0.0025000,0.6788914
15,9.333333,-0.0292990,0.5167791,1.1484140,-0.002346,0.0000002,0.0025000,0.6788816
15,9.337500,-0.0292941,0.5167791,1.1484040,-0.002346,0.0000002,0.0025000,0.6788718
15,9.341666,-0.0292891,0.5167791,1.1483940,-0.002403,0.0000002,0.0025001,0.6788618
15,9.345834,-0.0292840,0.5167791,1.1483840,-0.002432,0.0000003,0.0024999,0.6788517
15,9.350000,-0.0292790,0.5167791,1.1483740,-0.002432,0.0000005,0.0024998,0.6788416
15,9.354167,-0.0292738,0.5167791,1.1483640,-0.002489,0.0000005,0.0024999,0.6788312
15,9.358334,-0.0292686,0.5167791,1.1483530,-0.002489,0.0000006,0.0025000,0.6788208
15,9.362500,-0.0292633,0.5167791,1.1483430,-0.002518,0.0000003,0.0024998,0.6788102
15,9.366667,-0.0292580,0.5167791,1.1483320,-0.002546,0.0000002,0.0025000,0.6787997
15,9.370833,-0.0292526,0.5167791,1.1483220,-0.002604,0.0000002,0.0025000,0.6787888
15,9.375000,-0.0292472,0.5167791,1.1483110,-0.002575,0.0000012,0.0025000,0.6787781
15,9.379167,-0.0292417,0.5167791,1.1483000,-0.002632,0.0000026,0.0025000,0.6787670
15,9.383333,-0.0292362,0.5167791,1.1482890,-0.002661,0.0000039,0.0025000,0.6787561
15,9.387500,-0.0292306,0.5167791,1.1482770,-0.002718,0.0000048,0.0025001,0.6787447
15,9.391666,-0.0292250,0.5167791,1.1482660,-0.002689,0.0000046,0.0025000,0.6787335
15,9.395833,-0.0292192,0.5167791,1.1482550,-0.002747,0.0000029,0.0025000,0.6787221
15,9.400000,-0.0292135,0.5167791,1.1482430,-0.002747,0.0000002,0.0025002,0.6787107
15,9.404166,-0.0292077,0.5167791,1.1482320,-0.002804,0.0000020,0.0025000,0.6786990
15,9.408334,-0.0292019,0.5167791,1.1482200,-0.002775,0.0000012,0.0024999,0.6786874
15,9.412500,-0.0291960,0.5167791,1.1482080,-0.002832,0.0000013,0.0025000,0.6786756
15,9.416667,-0.0291900,0.5167791,1.1481960,-0.002861,0.0000046,0.0024999,0.6786637
15,9.420834,-0.0291840,0.5167791,1.1481840,-0.002890,0.0000069,0.0025000,0.6786516
15,9.425000,-0.0291780,0.5167791,1.1481720,-0.002918,0.0000076,0.0024999,0.6786395
15,9.429167,-0.0291719,0.5167791,1.1481600,-0.002918,0.0000056,0.0025001,0.6786273
15,9.433333,-0.0291657,0.5167791,1.1481480,-0.002947,0.0000002,0.0025000,0.6786151
15,9.437500,-0.0291595,0.5167791,1.1481350,-0.002975,0.0000054,0.0024999,0.6786026
15,9.441667,-0.0291533,0.5167791,1.1481230,-0.003004,0.0000064,0.0025001,0.6785902
15,9.445833,-0.0291469,0.5167791,1.1481100,-0.003033,0.0000046,0.0025001,0.6785775
15,9.450000,-0.0291406,0.5167791,1.1480980,-0.003033,0.0000016,0.0025000,0.6785648
15,9.454166,-0.0291342,0.5167791,1.1480850,-0.003090,0.0000031,0.0024999,0.6785520
15,9.458333,-0.0291278,0.5167791,1.1480720,-0.003090,0.0000052,0.0025002,0.6785391
15,9.462500,-0.0291212,0.5167791,1.1480590,-0.003119,0.0000048,0.0025001,0.6785261
15,9.466666,-0.0291147,0.5167791,1.1480460,-0.003119,0.0000002,0.0025000,0.6785131
15,9.470834,-0.0291081,0.5167791,1.1480320,-0.003204,0.0000065,0.0025000,0.6784998
15,9.475000,-0.0291015,0.5167791,1.1480190,-0.003176,0.0000097,0.0025000,0.6784866
15,9.479167,-0.0290948,0.5167791,1.1480060,-0.003204,0.0000103,0.0025002,0.6784732
15,9.483334,-0.0290881,0.5167791,1.1479920,-0.003233,0.0000090,0.0025002,0.6784597
15,9.487500,-0.0290813,0.5167791,1.1479790,-0.003262,0.0000060,0.0025001,0.6784462
15,9.491667,-0.0290745,0.5167791,1.1479650,-0.003262,0.0000029,0.0025000,0.6784326
15,9.495833,-0.0290676,0.5167791,1.1479510,-0.003290,0.0000014,0.0025000,0.6784188
15,9.500000,-0.0290607,0.5167791,1.1479380,-0.003319,0.0000002,0.0025001,0.6784049
15,9.504167,-0.0290537,0.5167791,1.1479240,-0.003347,0.0000038,0.0025001,0.6783910
15,9.508333,-0.0290467,0.5167791,1.1479100,-0.003347,0.0000084,0.0025000,0.6783771
15,9.512500,-0.0290396,0.5167791,1.1478960,-0.003405,0.0000121,0.0025001,0.6783628
15,9.516666,-0.0290325,0.5167791,1.1478810,-0.003433,0.0000141,0.0025001,0.6783487
15,9.520833,-0.0290254,0.5167791,1.1478670,-0.003405,0.0000139,0.0025000,0.6783344
15,9.525000,-0.0290182,0.5167791,1.1478530,-0.003433,0.0000112,0.0025000,0.6783201
15,9.529166,-0.0290110,0.5167791,1.1478380,-0.003490,0.0000062,0.0025000,0.6783055
15,9.533334,-0.0290037,0.5167791,1.1478240,-0.003490,0.0000002,0.0025000,0.6782909
15,9.537500,-0.0289964,0.5167791,1.1478090,-0.003548,0.0000031,0.0025001,0.6782764
15,9.541667,-0.0289890,0.5167791,1.1477940,-0.003490,0.0000024,0.0025001,0.6782618
15,9.545834,-0.0289816,0.5167791,1.1477790,-0.003576,0.0000050,0.0023124,0.6782469
15,9.550000,-0.0289742,0.5167791,1.1477650,-0.003576,0.0000094,0.0020440,0.6782319
15,9.554167,-0.0289667,0.5167791,1.1477500,-0.003605,0.0000125,0.0017917,0.6782169
15,9.558333,-0.0289592,0.5167791,1.1477350,-0.003576,0.0000126,0.0015586,0.6782019
15,9.562500,-0.0289516,0.5167791,1.1477200,-0.003633,0.0000087,0.0013472,0.6781868
15,9.566667,-0.0289440,0.5167791,1.1477040,-0.003662,0.0000002,0.0011599,0.6781716
15,9.570833,-0.0289363,0.5167791,1.1476890,-0.003691,0.0000081,0.0009927,0.6781563
15,9.575000,-0.0289286,0.5167791,1.1476730,-0.003691,0.0000114,0.0008396,0.6781408
15,9.579166,-0.0289209,0.5167791,1.1476580,-0.003691,0.0000106,0.0007003,0.6781254
15,9.583333,-0.0289131,0.5167791,1.1476430,-0.003719,0.0000074,0.0005749,0.6781099
15,9.587500,-0.0289053,0.5167791,1.1476270,-0.003777,0.0000033,0.0004632,0.6780942
15,9.591666,-0.0288975,0.5167791,1.1476110,-0.003777,0.0000008,0.0003650,0.6780785
15,9.595834,-0.0288896,0.5167791,1.1475960,-0.003748,0.0000022,0.0002805,0.6780628
15,9.600000,-0.0288817,0.5167791,1.1475800,-0.003805,0.0000002,0.0002100,0.6780471
15,9.604167,-0.0288737,0.5167791,1.1475640,-0.003805,0.0000041,0.0001503,0.6780310
15,9.608334,-0.0288657,0.5167791,1.1475480,-0.003834,0.0000072,0.0000992,0.6780151
15,9.612500,-0.0288577,0.5167791,1.1475320,-0.003891,0.0000097,0.0000589,0.6779990
15,9.616667,-0.0288496,0.5167791,1.1475160,-0.003862,0.0000104,0.0000303,0.6779828
15,9.620833,-0.0288415,0.5167791,1.1474990,-0.003891,0.0000099,0.0000154,0.6779666
15,9.625000,-0.0288334,0.5167791,1.1474830,-0.003920,0.0000079,0.0000156,0.6779504
15,9.629167,-0.0288252,0.5167791,1.1474670,-0.003920,0.0000045,0.0000328,0.6779340
15,9.633333,-0.0288170,0.5167791,1.1474500,-0.003948,0.0000002,0.0000689,0.6779176
15,9.637500,-0.0288087,0.5167791,1.1474340,-0.003977,0.0000020,0.0001202,0.6779010
15,9.641666,-0.0288004,0.5167791,1.1474170,-0.003948,0.0000142,0.0001831,0.6778845
15,9.645833,-0.0287921,0.5167791,1.1474000,-0.004005,0.0000304,0.0002612,0.6778678
15,9.650000,-0.0287837,0.5167791,1.1473840,-0.004034,0.0000454,0.0003584,0.6778511
15,9.654166,-0.0287753,0.5167791,1.1473670,-0.004005,0.0000537,0.0004787,0.6778343
15,9.658334,-0.0287669,0.5167791,1.1473500,-0.004034,0.0000511,0.0006271,0.6778175
15,9.662500,-0.0287585,0.5167791,1.1473330,-0.004063,0.0000340,0.0008094,0.6778006
15,9.666667,-0.0287500,0.5167791,1.1473160,-0.004063,0.0000002,0.0010326,0.6777837
15,9.670834,-0.0287415,0.5167791,1.1472990,-0.004091,0.0000371,0.0013154,0.6777666
15,9.675000,-0.0287329,0.5167791,1.1472820,-0.004091,0.0000610,0.0016670,0.6777495
15,9.679167,-0.0287243,0.5167791,1.1472650,-0.004148,0.0000703,0.0020807,0.6777323
15,9.683333,-0.0287157,0.5167791,1.1472480,-0.004148,0.0000654,0.0025000,0.6777151
15,9.687500,-0.0287071,0.5167791,1.1472300,-0.004148,0.0000490,0.0025001,0.6776978
15,9.691667,-0.0286984,0.5167791,1.1472130,-0.004120,0.0000272,0.0025000,0.6776805
15,9.695833,-0.0286897,0.5167791,1.1471960,-0.004177,0.0000082,0.0025002,0.6776631
15,9.700000,-0.0286810,0.5167791,1.1471780,-0.004206,0.0000002,0.0025000,0.6776457
15,9.704166,-0.0286722,0.5167791,1.1471610,-0.004206,0.0000149,0.0025001,0.6776280
15,9.708333,-0.0286634,0.5167791,1.1471430,-0.004234,0.0000359,0.0025001,0.6776105
15,9.712500,-0.0286546,0.5167791,1.1471260,-0.004206,0.0000554,0.0025001,0.6775929
15,9.716666,-0.0286458,0.5167791,1.1471080,-0.004263,0.0000669,0.0025000,0.6775752
15,9.720834,-0.0286369,0.5167791,1.1470900,-0.004263,0.0000672,0.0025000,0.6775573
15,9.725000,-0.0286280,0.5167791,1.1470720,-0.004263,0.0000549,0.0025001,0.6775396
15,9.729167,-0.0286191,0.5167791,1.1470540,-0.004292,0.0000315,0.0025001,0.6775217
15,9.733334,-0.0286101,0.5167791,1.1470370,-0.004292,0.0000002,0.0025001,0.6775038
15,9.737500,-0.0286011,0.5167791,1.1470190,-0.004320,0.0000235,0.0025001,0.6774858
15,9.741667,-0.0285921,0.5167791,1.1470010,-0.004320,0.0000303,0.0025001,0.6774679
15,9.745833,-0.0285831,0.5167791,1.1469830,-0.004320,0.0000254,0.0025001,0.6774498
15,9.750000,-0.0285740,0.5167791,1.1469640,-0.004377,0.0000143,0.0025000,0.6774317
15,9.754167,-0.0285649,0.5167791,1.1469460,-0.004349,0.0000041,0.0025000,0.6774135
15,9.758333,-0.0285558,0.5167791,1.1469280,-0.004377,0.0000099,0.0025000,0.6773953
15,9.762500,-0.0285467,0.5167791,1.1469100,-0.004377,0.0000115,0.0025000,0.6773770
15,9.766666,-0.0285376,0.5167791,1.1468910,-0.004406,0.0000003,0.0025000,0.6773587
15,9.770833,-0.0285284,0.5167791,1.1468730,-0.004406,0.0000158,0.0025001,0.6773403
15,9.775000,-0.0285192,0.5167791,1.1468550,-0.004377,0.0000239,0.0025001,0.6773220
15,9.779166,-0.0285099,0.5167791,1.1468360,-0.004463,0.0000257,0.0025001,0.6773036
15,9.783334,-0.0285007,0.5167791,1.1468180,-0.004435,0.0000223,0.0025001,0.6772851
15,9.787500,-0.0284914,0.5167791,1.1467990,-0.004435,0.0000156,0.0025001,0.6772665
15,9.791667,-0.0284822,0.5167791,1.1467810,-0.004435,0.0000079,0.0025001,0.6772480
15,9.795834,-0.0284728,0.5167791,1.1467620,-0.004492,0.0000019,0.0025001,0.6772293
15,9.800000,-0.0284635,0.5167791,1.1467430,-0.004492,0.0000002,0.0025001,0.6772106
15,9.804167,-0.0284542,0.5167791,1.1467240,-0.004520,0.0000007,0.0025000,0.6771919
15,9.808333,-0.0284448,0.5167791,1.1467060,-0.004463,0.0000010,0.0025001,0.6771731
15,9.812500,-0.0284354,0.5167791,1.1466870,-0.004520,0.0000011,0.0025000,0.6771544
15,9.816667,-0.0284260,0.5167791,1.1466680,-0.004492,0.0000010,0.0025001,0.6771356
15,9.820833,-0.0284166,0.5167791,1.1466490,-0.004520,0.0000006,0.0025001,0.6771168
15,9.825000,-0.0284072,0.5167791,1.1466310,-0.004520,0.0000002,0.0025001,0.6770979
15,9.829166,-0.0283977,0.5167791,1.1466120,-0.004549,0.0000003,0.0024999,0.6770790
15,9.833333,-0.0283882,0.5167791,1.1465930,-0.004549,0.0000002,0.0025000,0.6770601
15,9.837500,-0.0283787,0.5167791,1.1465740,-0.004578,0.0000002,0.0025000,0.6770411
15,9.841666,-0.0283692,0.5167791,1.1465550,-0.004578,0.0000002,0.0025000,0.6770220
15,9.845834,-0.0283597,0.5167791,1.1465360,-0.004549,0.0000003,0.0024999,0.6770030
15,9.850000,-0.0283502,0.5167791,1.1465170,-0.004549,0.0000004,0.0025000,0.6769840
15,9.854167,-0.0283406,0.5167791,1.1464970,-0.004606,0.0000006,0.0025000,0.6769648
15,9.858334,-0.0283311,0.5167791,1.1464780,-0.004578,0.0000004,0.0024999,0.6769457
15,9.862500,-0.0283215,0.5167791,1.1464590,-0.004606,0.0000003,0.0025000,0.6769266
15,9.866667,-0.0283119,0.5167791,1.1464400,-0.004578,0.0000002,0.0025000,0.6769074
15,9.870833,-0.0283022,0.5167791,1.1464210,-0.004663,0.0000002,0.0025001,0.6768881
15,9.875000,-0.0282926,0.5167791,1.1464020,-0.004606,0.0000013,0.0025001,0.6768689
15,9.879167,-0.0282830,0.5167791,1.1463820,-0.004635,0.0000025,0.0024999,0.6768495
15,9.883333,-0.0282734,0.5167791,1.1463630,-0.004606,0.0000039,0.0025000,0.6768303
15,9.887500,-0.0282637,0.5167791,1.1463440,-0.004663,0.0000048,0.0025000,0.6768110
15,9.891666,-0.0282540,0.5167791,1.1463240,-0.004606,0.0000045,0.0024999,0.6767917
15,9.895833,-0.0282443,0.5167791,1.1463050,-0.004635,0.0000030,0.0025000,0.6767722
15,9.900000,-0.0282347,0.5167791,1.1462860,-0.004692,0.0000002,0.0025000,0.6767529
15,9.904166,-0.0282249,0.5167791,1.1462660,-0.004663,0.0000021,0.0025001,0.6767335
15,9.908334,-0.0282152,0.5167791,1.1462470,-0.004635,0.0000012,0.0025001,0.6767141
15,9.912500,-0.0282055,0.5167791,1.1462270,-0.004692,0.0000014,0.0025000,0.6766946
15,9.916667,-0.0281958,0.5167791,1.1462080,-0.004663,0.0000044,0.0025000,0.6766752
15,9.920834,-0.0281860,0.5167791,1.1461880,-0.004635,0.0000067,0.0025001,0.6766557
15,9.925000,-0.0281763,0.5167791,1.1461690,-0.004721,0.0000074,0.0025000,0.6766362
15,9.929167,-0.0281665,0.5167791,1.1461490,-0.004692,0.0000055,0.0025000,0.6766167
15,9.933333,-0.0281568,0.5167791,1.1461300,-0.004663,0.0000002,0.0025000,0.6765972
15,9.937500,-0.0281470,0.5167791,1.1461100,-0.004692,0.0000053,0.0025000,0.6765776
15,9.941667,-0.0281373,0.5167791,1.1460910,-0.004721,0.0000065,0.0025000,0.6765581
15,9.945833,-0.0281275,0.5167791,1.1460710,-0.004663,0.0000048,0.0025001,0.6765385
15,9.950000,-0.0281177,0.5167791,1.1460520,-0.004663,0.0000017,0.0025000,0.6765190
15,9.954166,-0.0281079,0.5167791,1.1460320,-0.004749,0.0000029,0.0025001,0.6764994
15,9.958333,-0.0280981,0.5167791,1.1460120,-0.004692,0.0000053,0.0025001,0.6764798
15,9.962500,-0.0280883,0.5167791,1.1459930,-0.004692,0.0000049,0.0025000,0.6764602
15,9.966666,-0.0280785,0.5167791,1.1459730,-0.004692,0.0000002,0.0025001,0.6764406
15,9.970834,-0.0280687,0.5167791,1.1459540,-0.004721,0.0000065,0.0025001,0.6764210
15,9.975000,-0.0280589,0.5167791,1.1459340,-0.004692,0.0000096,0.0025000,0.6764014
15,9.979167,-0.0280491,0.5167791,1.1459140,-0.004721,0.0000103,0.0025000,0.6763818
15,9.983334,-0.0280393,0.5167791,1.1458950,-0.004692,0.0000089,0.0025002,0.6763622
15,9.987500,-0.0280295,0.5167791,1.1458750,-0.004749,0.0000060,0.0025001,0.6763425
15,9.991667,-0.0280196,0.5167791,1.1458560,-0.004692,0.0000029,0.0024999,0.6763229
15,9.995833,-0.0280098,0.5167791,1.1458360,-0.004692,0.0000012,0.0025000,0.6763033
15,10.000000,-0.0280000,0.5167791,1.1458160,-0.004721,0.0000003,0.0025001,0.6762837
15,10.004170,-0.0279902,0.5167791,1.1457970,-0.004692,0.0000037,0.0024999,0.6762640
15,10.008330,-0.0279804,0.5167791,1.1457770,-0.004749,0.0000081,0.0025000,0.6762443
15,10.012500,-0.0279706,0.5167791,1.1457570,-0.004721,0.0000119,0.0025000,0.6762247
15,10.016670,-0.0279607,0.5167791,1.1457380,-0.004721,0.0000139,0.0025000,0.6762050
15,10.020830,-0.0279509,0.5167791,1.1457180,-0.004692,0.0000136,0.0025000,0.6761854
15,10.025000,-0.0279411,0.5167791,1.1456980,-0.004721,0.0000112,0.0025000,0.6761658
15,10.029170,-0.0279313,0.5167791,1.1456790,-0.004692,0.0000064,0.0025001,0.6761462
15,10.033330,-0.0279215,0.5167791,1.1456590,-0.004692,0.0000002,0.0024999,0.6761267
15,10.037500,-0.0279117,0.5167791,1.1456400,-0.004721,0.0000032,0.0025000,0.6761070
15,10.041670,-0.0279019,0.5167791,1.1456200,-0.004692,0.0000025,0.0025000,0.6760874
15,10.045830,-0.0278921,0.5167791,1.1456010,-0.004692,0.0000047,0.0023128,0.6760679
15,10.050000,-0.0278823,0.5167791,1.1455810,-0.004721,0.0000090,0.0020444,0.6760483
15,10.054170,-0.0278725,0.5167791,1.1455610,-0.004692,0.0000121,0.0017920,0.6760287
15,10.058330,-0.0278627,0.5167791,1.1455420,-0.004692,0.0000124,0.0015588,0.6760092
15,10.062500,-0.0278530,0.5167791,1.1455220,-0.004663,0.0000086,0.0013474,0.6759896
15,10.066670,-0.0278432,0.5167791,1.1455030,-0.004692,0.0000002,0.0011600,0.6759701
15,10.070830,-0.0278335,0.5167791,1.1454830,-0.004692,0.0000080,0.0009924,0.6759506
15,10.075000,-0.0278237,0.5167791,1.1454640,-0.004692,0.0000112,0.0008394,0.6759310
15,10.079170,-0.0278140,0.5167791,1.1454440,-0.004663,0.0000106,0.0007003,0.6759115
15,10.083330,-0.0278042,0.5167791,1.1454250,-0.004692,0.0000074,0.0005749,0.6758921
15,10.087500,-0.0277945,0.5167791,1.1454050,-0.004635,0.0000034,0.0004633,0.6758726
15,10.091670,-0.0277848,0.5167791,1.1453860,-0.004663,0.0000006,0.0003652,0.6758533
15,10.095830,-0.0277751,0.5167791,1.1453660,-0.004692,0.0000021,0.0002806,0.6758338
15,10.100000,-0.0277653,0.5167791,1.1453470,-0.004663,0.0000002,0.0002100,0.6758143
15,10.104170,-0.0277557,0.5167791,1.1453280,-0.004663,0.0000039,0.0001501,0.6757950
15,10.108330,-0.0277460,0.5167791,1.1453080,-0.004635,0.0000070,0.0000991,0.6757756
15,10.112500,-0.0277363,0.5167791,1.1452890,-0.004635,0.0000092,0.0000585,0.6757563
15,10.116670,-0.0277267,0.5167791,1.1452700,-0.004606,0.0000101,0.0000301,0.6757370
15,10.120830,-0.0277170,0.5167791,1.1452500,-0.004635,0.0000096,0.0000149,0.6757177
15,10.125000,-0.0277074,0.5167791,1.1452310,-0.004663,0.0000076,0.0000152,0.6756984
15,10.129170,-0.0276978,0.5167791,1.1452120,-0.004606,0.0000043,0.0000326,0.6756791
15,10.133330,-0.0276881,0.5167791,1.1451930,-0.004606,0.0000002,0.0000689,0.6756599
15,10.137500,-0.0276785,0.5167791,1.1451730,-0.004606,0.0000021,0.0001201,0.6756408
15,10.141670,-0.0276690,0.5167791,1.1451540,-0.004578,0.0000141,0.0001830,0.6756216
15,10.145830,-0.0276594,0.5167791,1.1451350,-0.004606,0.0000300,0.0002607,0.6756024
15,10.150000,-0.0276498,0.5167791,1.1451160,-0.004606,0.0000447,0.0003576,0.6755834
15,10.154170,-0.0276403,0.5167791,1.1450970,-0.004578,0.0000529,0.0004778,0.6755643
15,10.158330,-0.0276308,0.5167791,1.1450780,-0.004549,0.0000501,0.0006261,0.6755453
15,10.162500,-0.0276213,0.5167791,1.1450590,-0.004549,0.0000331,0.0008085,0.6755263
15,10.166670,-0.0276118,0.5167791,1.1450400,-0.004578,0.0000002,0.0010325,0.6755072
15,10.170830,-0.0276023,0.5167791,1.1450210,-0.004549,0.0000363,0.0013162,0.6754883
15,10.175000,-0.0275928,0.5167791,1.1450020,-0.004549,0.0000594,0.0016685,0.6754693
15,10.179170,-0.0275834,0.5167791,1.1449830,-0.004520,0.0000684,0.0020826,0.6754505
15,10.183330,-0.0275740,0.5167791,1.1449640,-0.004520,0.0000633,0.0025002,0.6754316
15,10.187500,-0.0275646,0.5167791,1.1449460,-0.004520,0.0000472,0.0025001,0.6754128
15,10.191670,-0.0275552,0.5167791,1.1449270,-0.004520,0.0000258,0.0025002,0.6753941
15,10.195830,-0.0275458,0.5167791,1.1449080,-0.004463,0.0000075,0.0025001,0.6753753
15,10.200000,-0.0275365,0.5167791,1.1448890,-0.004520,0.0000002,0.0025002,0.6753566
15,10.204170,-0.0275272,0.5167791,1.1448710,-0.004463,0.0000151,0.0025002,0.6753379
15,10.208330,-0.0275178,0.5167791,1.1448520,-0.004463,0.0000362,0.0025002,0.6753193
15,10.212500,-0.0275086,0.5167791,1.1448330,-0.004492,0.0000553,0.0025002,0.6753007
15,10.216670,-0.0274993,0.5167791,1.1448150,-0.004406,0.0000668,0.0025002,0.6752822
15,10.220830,-0.0274901,0.5167791,1.1447960,-0.004463,0.0000668,0.0025001,0.6752637
15,10.225000,-0.0274808,0.5167791,1.1447780,-0.004435,0.0000545,0.0025002,0.6752452
15,10.229170,-0.0274716,0.5167791,1.1447600,-0.004406,0.0000313,0.0024999,0.6752269
15,10.233330,-0.0274624,0.5167791,1.1447410,-0.004406,0.0000002,0.0025000,0.6752085
15,10.237500,-0.0274533,0.5167791,1.1447230,-0.004377,0.0000234,0.0025000,0.6751902
15,10.241670,-0.0274442,0.5167791,1.1447050,-0.004406,0.0000299,0.0025000,0.6751719
15,10.245830,-0.0274351,0.5167791,1.1446860,-0.004349,0.0000252,0.0025001,0.6751537
15,10.250000,-0.0274260,0.5167791,1.1446680,-0.004406,0.0000141,0.0024999,0.6751355
15,10.254170,-0.0274169,0.5167791,1.1446500,-0.004320,0.0000042,0.0025000,0.6751174
15,10.258330,-0.0274079,0.5167791,1.1446320,-0.004349,0.0000101,0.0025000,0.6750994
15,10.262500,-0.0273989,0.5167791,1.1446140,-0.004292,0.0000114,0.0025000,0.6750814
15,10.266670,-0.0273899,0.5167791,1.1445960,-0.004320,0.0000002,0.0025000,0.6750634
15,10.270830,-0.0273810,0.5167791,1.1445780,-0.004292,0.0000157,0.0025000,0.6750455
15,10.275000,-0.0273720,0.5167791,1.1445600,-0.004292,0.0000237,0.0024999,0.6750277
15,10.279170,-0.0273631,0.5167791,1.1445430,-0.004263,0.0000254,0.0025001,0.6750099
15,10.283330,-0.0273542,0.5167791,1.1445250,-0.004292,0.0000220,0.0025000,0.6749921
15,10.287500,-0.0273454,0.5167791,1.1445070,-0.004234,0.0000153,0.0025001,0.6749744
15,10.291670,-0.0273366,0.5167791,1.1444890,-0.004263,0.0000077,0.0025001,0.6749568
15,10.295830,-0.0273278,0.5167791,1.1444720,-0.004177,0.0000018,0.0025001,0.6749392
15,10.300000,-0.0273190,0.5167791,1.1444540,-0.004206,0.0000003,0.0025001,0.6749216
15,10.304170,-0.0273103,0.5167791,1.1444370,-0.004206,0.0000006,0.0025000,0.6749042
15,10.308330,-0.0273016,0.5167791,1.1444200,-0.004148,0.0000010,0.0025000,0.6748868
15,10.312500,-0.0272929,0.5167791,1.1444020,-0.004177,0.0000009,0.0025001,0.6748695
15,10.316670,-0.0272843,0.5167791,1.1443850,-0.004148,0.0000008,0.0025000,0.6748522
15,10.320830,-0.0272757,0.5167791,1.1443680,-0.004148,0.0000007,0.0025001,0.6748350
15,10.325000,-0.0272671,0.5167791,1.1443510,-0.004091,0.0000003,0.0025001,0.6748178
15,10.329170,-0.0272585,0.5167791,1.1443330,-0.004091,0.0000002,0.0025001,0.6748007
15,10.333330,-0.0272500,0.5167791,1.1443160,-0.004120,0.0000003,0.0025001,0.6747836
15,10.337500,-0.0272415,0.5167791,1.1442990,-0.004063,0.0000002,0.0025000,0.6747667
15,10.341670,-0.0272331,0.5167791,1.1442820,-0.004063,0.0000003,0.0025000,0.6747497
15,10.345830,-0.0272247,0.5167791,1.1442660,-0.004034,0.0000003,0.0025000,0.6747329
15,10.350000,-0.0272163,0.5167791,1.1442490,-0.004034,0.0000002,0.0024999,0.6747162
15,10.354170,-0.0272079,0.5167791,1.1442320,-0.004005,0.0000003,0.0024999,0.6746995
15,10.358330,-0.0271996,0.5167791,1.1442150,-0.004005,0.0000002,0.0025001,0.6746827
15,10.362500,-0.0271913,0.5167791,1.1441990,-0.003948,0.0000003,0.0025001,0.6746662
15,10.366670,-0.0271830,0.5167791,1.1441820,-0.004005,0.0000003,0.0025000,0.6746497
15,10.370830,-0.0271748,0.5167791,1.1441660,-0.003920,0.0000003,0.0025001,0.6746333
15,10.375000,-0.0271666,0.5167791,1.1441500,-0.003948,0.0000003,0.0025000,0.6746169
15,10.379170,-0.0271585,0.5167791,1.1441330,-0.003862,0.0000002,0.0025002,0.6746007
15,10.383330,-0.0271504,0.5167791,1.1441170,-0.003891,0.0000002,0.0025000,0.6745844
15,10.387500,-0.0271423,0.5167791,1.1441010,-0.003891,0.0000002,0.0025001,0.6745683
15,10.391670,-0.0271343,0.5167791,1.1440850,-0.003891,0.0000002,0.0025002,0.6745522
15,10.395830,-0.0271263,0.5167791,1.1440690,-0.003805,0.0000002,0.0025001,0.6745362
15,10.400000,-0.0271183,0.5167791,1.1440530,-0.003862,0.0000003,0.0025002,0.6745203
15,10.404170,-0.0271104,0.5167791,1.1440370,-0.003777,0.0000002,0.0025002,0.6745045
15,10.408330,-0.0271025,0.5167791,1.1440210,-0.003805,0.0000002,0.0025001,0.6744887
15,10.412500,-0.0270947,0.5167791,1.1440060,-0.003748,0.0000002,0.0025001,0.6744730
15,10.416670,-0.0270869,0.5167791,1.1439900,-0.003777,0.0000002,0.0025001,0.6744574
15,10.420830,-0.0270791,0.5167791,1.1439750,-0.003691,0.0000003,0.0025001,0.6744419
15,10.425000,-0.0270714,0.5167791,1.1439590,-0.003719,0.0000003,0.0025000,0.6744264
15,10.429170,-0.0270637,0.5167791,1.1439440,-0.003691,0.0000003,0.0025001,0.6744110
15,10.433330,-0.0270560,0.5167791,1.1439280,-0.003691,0.0000003,0.0025001,0.6743956
15,10.437500,-0.0270484,0.5167791,1.1439130,-0.003633,0.0000004,0.0025000,0.6743804
15,10.441670,-0.0270408,0.5167791,1.1438980,-0.003662,0.0000003,0.0025000,0.6743653
15,10.445830,-0.0270333,0.5167791,1.1438830,-0.003576,0.0000003,0.0025001,0.6743503
15,10.450000,-0.0270258,0.5167791,1.1438680,-0.003605,0.0000003,0.0025001,0.6743353
15,10.454170,-0.0270184,0.5167791,1.1438530,-0.003576,0.0000003,0.0025001,0.6743204
15,10.458330,-0.0270110,0.5167791,1.1438380,-0.003548,0.0000003,0.0025001,0.6743056
15,10.462500,-0.0270036,0.5167791,1.1438240,-0.003519,0.0000003,0.0025001,0.6742910
15,10.466670,-0.0269963,0.5167791,1.1438090,-0.003519,0.0000003,0.0025001,0.6742763
15,10.470830,-0.0269891,0.5167791,1.1437940,-0.003490,0.0000003,0.0025002,0.6742618
15,10.475000,-0.0269818,0.5167791,1.1437800,-0.003490,0.0000003,0.0025001,0.6742472
15,10.479170,-0.0269746,0.5167791,1.1437660,-0.003433,0.0000004,0.0025003,0.6742329
15,10.483330,-0.0269675,0.5167791,1.1437510,-0.003433,0.0000002,0.0025001,0.6742186
15,10.487500,-0.0269604,0.5167791,1.1437370,-0.003405,0.0000002,0.0025001,0.6742044
15,10.491670,-0.0269533,0.5167791,1.1437230,-0.003405,0.0000002,0.0025002,0.6741902
15,10.495830,-0.0269463,0.5167791,1.1437090,-0.003347,0.0000002,0.0025000,0.6741763
15,10.500000,-0.0269393,0.5167791,1.1436950,-0.003347,0.0000002,0.0025001,0.6741623
15,10.504170,-0.0269324,0.5167791,1.1436810,-0.003319,0.0000002,0.0025000,0.6741486
15,10.508330,-0.0269256,0.5167791,1.1436670,-0.003319,0.0000001,0.0025001,0.6741347
15,10.512500,-0.0269187,0.5167791,1.1436540,-0.003262,0.0000002,0.0024999,0.6741211
15,10.516670,-0.0269119,0.5167791,1.1436400,-0.003233,0.0000002,0.0024999,0.6741075
15,10.520830,-0.0269052,0.5167791,1.1436270,-0.003233,0.0000002,0.0025000,0.6740941
15,10.525000,-0.0268985,0.5167791,1.1436130,-0.003233,0.0000002,0.0024999,0.6740807
15,10.529170,-0.0268919,0.5167791,1.1436000,-0.003176,0.0000002,0.0025000,0.6740674
15,10.533330,-0.0268853,0.5167791,1.1435870,-0.003176,0.0000002,0.0025000,0.6740542
15,10.537500,-0.0268788,0.5167791,1.1435740,-0.003119,0.0000003,0.0025000,0.6740412
15,10.541670,-0.0268722,0.5167791,1.1435610,-0.003147,0.0000003,0.0025000,0.6740282
15,10.545830,-0.0268658,0.5167791,1.1435480,-0.003061,0.0000003,0.0025001,0.6740153
15,10.550000,-0.0268594,0.5167791,1.1435350,-0.003090,0.0000003,0.0025001,0.6740024
15,10.554170,-0.0268531,0.5167791,1.1435220,-0.003061,0.0000002,0.0025001,0.6739898
15,10.558330,-0.0268467,0.5167791,1.1435100,-0.003033,0.0000002,0.0025001,0.6739771
15,10.562500,-0.0268405,0.5167791,1.1434970,-0.002975,0.0000003,0.0025001,0.6739647
15,10.566670,-0.0268343,0.5167791,1.1434850,-0.003004,0.0000003,0.0025001,0.6739522
15,10.570830,-0.0268282,0.5167791,1.1434730,-0.002918,0.0000002,0.0025000,0.6739400
15,10.575000,-0.0268220,0.5167791,1.1434600,-0.002947,0.0000002,0.0025000,0.6739277
15,10.579170,-0.0268160,0.5167791,1.1434480,-0.002890,0.0000002,0.0025001,0.6739156
15,10.583330,-0.0268100,0.5167791,1.1434360,-0.002918,0.0000002,0.0025001,0.6739035
15,10.587500,-0.0268040,0.5167791,1.1434240,-0.002832,0.0000002,0.0025000,0.6738917
15,10.591670,-0.0267981,0.5167791,1.1434130,-0.002832,0.0000002,0.0025000,0.6738799
15,10.595830,-0.0267923,0.5167791,1.1434010,-0.002775,0.0000002,0.0025001,0.6738682
15,10.600000,-0.0267865,0.5167791,1.1433890,-0.002832,0.0000001,0.0025001,0.6738566
15,10.604170,-0.0267808,0.5167791,1.1433780,-0.002718,0.0000002,0.0025000,0.6738452
15,10.608330,-0.0267750,0.5167791,1.1433660,-0.002775,0.0000002,0.0025000,0.6738337
15,10.612500,-0.0267694,0.5167791,1.1433550,-0.002689,0.0000002,0.0025001,0.6738225
15,10.616670,-0.0267638,0.5167791,1.1433440,-0.002689,0.0000002,0.0025000,0.6738113
15,10.620830,-0.0267583,0.5167791,1.1433330,-0.002632,0.0000002,0.0025001,0.6738002
15,10.625000,-0.0267528,0.5167791,1.1433220,-0.002661,0.0000002,0.0025001,0.6737893
15,10.629170,-0.0267474,0.5167791,1.1433110,-0.002604,0.0000003,0.0025002,0.6737784
15,10.633330,-0.0267420,0.5167791,1.1433000,-0.002604,0.0000002,0.0025001,0.6737676
15,10.637500,-0.0267367,0.5167791,1.1432900,-0.002546,0.0000003,0.0025002,0.6737570
15,10.641670,-0.0267314,0.5167791,1.1432790,-0.002518,0.0000003,0.0025001,0.6737463
15,10.645830,-0.0267262,0.5167791,1.1432690,-0.002489,0.0000002,0.0025001,0.6737360
15,10.650000,-0.0267210,0.5167791,1.1432580,-0.002460,0.0000002,0.0025001,0.6737257
15,10.654170,-0.0267160,0.5167791,1.1432480,-0.002460,0.0000003,0.0025002,0.6737156
15,10.658330,-0.0267109,0.5167791,1.1432380,-0.002432,0.0000003,0.0025002,0.6737054
15,10.662500,-0.0267059,0.5167791,1.1432280,-0.002346,0.0000003,0.0025001,0.6736956
15,10.666670,-0.0267010,0.5167791,1.1432180,-0.002403,0.0000003,0.0025001,0.6736856
15,10.670830,-0.0266961,0.5167791,1.1432090,-0.002317,0.0000003,0.0025000,0.6736759
15,10.675000,-0.0266913,0.5167791,1.1431990,-0.002346,0.0000003,0.0025001,0.6736662
15,10.679170,-0.0266865,0.5167791,1.1431890,-0.002260,0.0000003,0.0025001,0.6736566
15,10.683330,-0.0266818,0.5167791,1.1431800,-0.002289,0.0000003,0.0025001,0.6736472
15,10.687500,-0.0266771,0.5167791,1.1431710,-0.002232,0.0000003,0.0025001,0.6736379
15,10.691670,-0.0266725,0.5167791,1.1431610,-0.002232,0.0000003,0.0025000,0.6736287
15,10.695830,-0.0266680,0.5167791,1.1431520,-0.002146,0.0000003,0.0025000,0.6736196
15,10.700000,-0.0266635,0.5167791,1.1431430,-0.002174,0.0000002,0.0025000,0.6736106
15,10.704170,-0.0266591,0.5167791,1.1431340,-0.002117,0.0000003,0.0025000,0.6736017
15,10.708330,-0.0266547,0.5167791,1.1431260,-0.002117,0.0000003,0.0025001,0.6735930
15,10.712500,-0.0266504,0.5167791,1.1431170,-0.002060,0.0000002,0.0025001,0.6735844
15,10.716670,-0.0266461,0.5167791,1.1431080,-0.002060,0.0000003,0.0025001,0.6735758
15,10.720830,-0.0266420,0.5167791,1.1431000,-0.002003,0.0000003,0.0025002,0.6735675
15,10.725000,-0.0266378,0.5167791,1.1430920,-0.002003,0.0000003,0.0025002,0.6735591
15,10.729170,-0.0266337,0.5167791,1.1430840,-0.001917,0.0000003,0.0025001,0.6735511
15,10.733330,-0.0266297,0.5167791,1.1430760,-0.001917,0.0000002,0.0025001,0.6735430
15,10.737500,-0.0266257,0.5167791,1.1430680,-0.001917,0.0000003,0.0025001,0.6735352
15,10.741670,-0.0266218,0.5167791,1.1430600,-0.001888,0.0000002,0.0025000,0.6735273
15,10.745830,-0.0266180,0.5167791,1.1430520,-0.001831,0.0000002,0.0025001,0.6735197
15,10.750000,-0.0266142,0.5167791,1.1430450,-0.001831,0.0000003,0.0025001,0.6735120
15,10.754170,-0.0266105,0.5167791,1.1430370,-0.001802,0.0000002,0.0025000,0.6735046
15,10.758330,-0.0266068,0.5167791,1.1430300,-0.001774,0.0000002,0.0024999,0.6734972
15,10.762500,-0.0266032,0.5167791,1.1430230,-0.001717,0.0000003,0.0025000,0.6734900
15,10.766670,-0.0265996,0.5167791,1.1430160,-0.001717,0.0000003,0.0025000,0.6734828
15,10.770830,-0.0265962,0.5167791,1.1430090,-0.001659,0.0000003,0.0025000,0.6734759
15,10.775000,-0.0265927,0.5167791,1.1430020,-0.001631,0.0000003,0.0025001,0.6734691
15,10.779170,-0.0265894,0.5167791,1.1429950,-0.001631,0.0000002,0.0024999,0.6734623
15,10.783330,-0.0265860,0.5167791,1.1429880,-0.001602,0.0000002,0.0025001,0.6734557
15,10.787500,-0.0265828,0.5167791,1.1429820,-0.001545,0.0000002,0.0025000,0.6734492
15,10.791670,-0.0265796,0.5167791,1.1429750,-0.001574,0.0000002,0.0025001,0.6734428
15,10.795830,-0.0265765,0.5167791,1.1429690,-0.001431,0.0000003,0.0025000,0.6734366
15,10.800000,-0.0265734,0.5167791,1.1429630,-0.001459,0.0000002,0.0025000,0.6734305
15,10.804170,-0.0265704,0.5167791,1.1429570,-0.001459,0.0000002,0.0025000,0.6734245
15,10.808330,-0.0265675,0.5167791,1.1429510,-0.001459,0.0000002,0.0025000,0.6734186
15,10.812500,-0.0265646,0.5167791,1.1429460,-0.001345,0.0000002,0.0025001,0.6734129
15,10.816670,-0.0265618,0.5167791,1.1429400,-0.001345,0.0000003,0.0024999,0.6734072
15,10.820830,-0.0265590,0.5167791,1.1429340,-0.001316,0.0000002,0.0025000,0.6734017
15,10.825000,-0.0265563,0.5167791,1.1429290,-0.001316,0.0000002,0.0025000,0.6733962
15,10.829170,-0.0265537,0.5167791,1.1429240,-0.001259,0.0000003,0.0024999,0.6733910
15,10.833330,-0.0265511,0.5167791,1.1429190,-0.001230,0.0000003,0.0025000,0.6733859
15,10.837500,-0.0265486,0.5167791,1.1429140,-0.001202,0.0000003,0.0024999,0.6733809
15,10.841670,-0.0265462,0.5167791,1.1429090,-0.001202,0.0000004,0.0025000,0.6733759
15,10.845830,-0.0265438,0.5167791,1.1429040,-0.001144,0.0000003,0.0025000,0.6733712
15,10.850000,-0.0265415,0.5167791,1.1428990,-0.001116,0.0000002,0.0025000,0.6733665
15,10.854170,-0.0265392,0.5167791,1.1428950,-0.001059,0.0000002,0.0025001,0.6733620
15,10.858330,-0.0265370,0.5167791,1.1428900,-0.001087,0.0000002,0.0025001,0.6733575
15,10.862500,-0.0265349,0.5167791,1.1428860,-0.001001,0.0000003,0.0024999,0.6733534
15,10.866670,-0.0265328,0.5167791,1.1428820,-0.001001,0.0000002,0.0024999,0.6733492
15,10.870830,-0.0265308,0.5167791,1.1428780,-0.000973,0.0000003,0.0024999,0.6733452
15,10.875000,-0.0265288,0.5167791,1.1428740,-0.000944,0.0000002,0.0025001,0.6733412
15,10.879170,-0.0265270,0.5167791,1.1428700,-0.000887,0.0000003,0.0025000,0.6733375
15,10.883330,-0.0265251,0.5167791,1.1428670,-0.000858,0.0000003,0.0025000,0.6733339
15,10.887500,-0.0265234,0.5167791,1.1428630,-0.000858,0.0000003,0.0025000,0.6733304
15,10.891670,-0.0265217,0.5167791,1.1428600,-0.000830,0.0000003,0.0024999,0.6733269
15,10.895830,-0.0265201,0.5167791,1.1428560,-0.000744,0.0000003,0.0024999,0.6733238
15,10.900000,-0.0265185,0.5167791,1.1428530,-0.000801,0.0000002,0.0025000,0.6733206
15,10.904170,-0.0265170,0.5167791,1.1428500,-0.000658,0.0000002,0.0025000,0.6733176
15,10.908330,-0.0265155,0.5167791,1.1428470,-0.000715,0.0000002,0.0024999,0.6733148
15,10.912500,-0.0265142,0.5167791,1.1428450,-0.000658,0.0000002,0.0025001,0.6733120
15,10.916670,-0.0265128,0.5167791,1.1428420,-0.000629,0.0000002,0.0025000,0.6733093
15,10.920830,-0.0265116,0.5167791,1.1428400,-0.000601,0.0000002,0.0025000,0.6733068
15,10.925000,-0.0265104,0.5167791,1.1428370,-0.000629,0.0000002,0.0025000,0.6733043
15,10.929170,-0.0265093,0.5167791,1.1428350,-0.000486,0.0000002,0.0025000,0.6733022
15,10.933330,-0.0265082,0.5167791,1.1428330,-0.000515,0.0000002,0.0025000,0.6733001
15,10.937500,-0.0265073,0.5167791,1.1428310,-0.000458,0.0000002,0.0024999,0.6732982
15,10.941670,-0.0265063,0.5167791,1.1428290,-0.000458,0.0000002,0.0025000,0.6732963
15,10.945830,-0.0265055,0.5167791,1.1428270,-0.000401,0.0000002,0.0025001,0.6732945
15,10.950000,-0.0265046,0.5167791,1.1428260,-0.000401,0.0000002,0.0025000,0.6732929
15,10.954170,-0.0265039,0.5167791,1.1428240,-0.000343,0.0000002,0.0025001,0.6732914
15,10.958330,-0.0265032,0.5167791,1.1428230,-0.000372,0.0000002,0.0025002,0.6732901
15,10.962500,-0.0265026,0.5167791,1.1428220,-0.000257,0.0000002,0.0025000,0.6732888
15,10.966670,-0.0265021,0.5167791,1.1428200,-0.000286,0.0000002,0.0025001,0.6732876
15,10.970830,-0.0265016,0.5167791,1.1428200,-0.000200,0.0000002,0.0025001,0.6732868
15,10.975000,-0.0265012,0.5167791,1.1428190,-0.000229,0.0000002,0.0025002,0.6732859
15,10.979170,-0.0265008,0.5167791,1.1428180,-0.000172,0.0000002,0.0025000,0.6732852
15,10.983330,-0.0265005,0.5167791,1.1428170,-0.000143,0.0000001,0.0025000,0.6732846
15,10.987500,-0.0265003,0.5167791,1.1428170,-0.000086,0.0000003,0.0025000,0.6732843
15,10.991670,-0.0265001,0.5167791,1.1428170,-0.000086,0.0000002,0.0025000,0.6732839
15,10.995830,-0.0265001,0.5167791,1.1428160,-0.000029,0.0000003,0.0025000,0.6732838
15,11.000000,-0.0265000,0.5167791,1.1428160,-0.000057,0.0000002,0.0025000,0.6732836
15,11.004170,-0.0265001,0.5167791,1.1428160,0.000057,0.0000003,0.0025000,0.6732838
15,11.008330,-0.0265001,0.5167791,1.1428170,0.000029,0.0000002,0.0025000,0.6732839
15,11.012500,-0.0265003,0.5167791,1.1428170,0.000086,0.0000003,0.0025000,0.6732843
15,11.016670,-0.0265005,0.5167791,1.1428170,0.000086,0.0000002,0.0025000,0.6732846
15,11.020830,-0.0265008,0.5167791,1.1428180,0.000143,0.0000002,0.0025000,0.6732852
15,11.025000,-0.0265012,0.5167791,1.1428190,0.000172,0.0000002,0.0025002,0.6732859
15,11.029170,-0.0265016,0.5167791,1.1428200,0.000229,0.0000002,0.0025001,0.6732868
15,11.033330,-0.0265021,0.5167791,1.1428200,0.000200,0.0000002,0.0025001,0.6732876
15,11.037500,-0.0265026,0.5167791,1.1428220,0.000286,0.0000002,0.0025000,0.6732888
15,11.041670,-0.0265032,0.5167791,1.1428230,0.000257,0.0000002,0.0025002,0.6732901
15,11.045830,-0.0265039,0.5167791,1.1428240,0.000372,0.0000002,0.0025001,0.6732914
15,11.050000,-0.0265046,0.5167791,1.1428260,0.000343,0.0000002,0.0025000,0.6732929
15,11.054170,-0.0265055,0.5167791,1.1428270,0.000401,0.0000002,0.0025001,0.6732945
15,11.058330,-0.0265063,0.5167791,1.1428290,0.000401,0.0000002,0.0025000,0.6732963
15,11.062500,-0.0265073,0.5167791,1.1428310,0.000458,0.0000002,0.0024999,0.6732982
15,11.066670,-0.0265082,0.5167791,1.1428330,0.000458,0.0000002,0.0025000,0.6733001
15,11.070830,-0.0265093,0.5167791,1.1428350,0.000515,0.0000002,0.0025000,0.6733022
15,11.075000,-0.0265104,0.5167791,1.1428370,0.000486,0.0000002,0.0025000,0.6733043
15,11.079170,-0.0265116,0.5167791,1.1428400,0.000629,0.0000002,0.0025000,0.6733068
15,11.083330,-0.0265128,0.5167791,1.1428420,0.000601,0.0000002,0.0025000,0.6733093
15,11.087500,-0.0265142,0.5167791,1.1428450,0.000629,0.0000002,0.0025001,0.6733120
15,11.091670,-0.0265155,0.5167791,1.1428470,0.000658,0.0000002,0.0024999,0.6733148
15,11.095830,-0.0265170,0.5167791,1.1428500,0.000715,0.0000002,0.0025000,0.6733177
15,11.100000,-0.0265185,0.5167791,1.1428530,0.000658,0.0000002,0.0025000,0.6733206
15,11.104170,-0.0265201,0.5167791,1.1428560,0.000801,0.0000003,0.0024999,0.6733238
15,11.108330,-0.0265217,0.5167791,1.1428600,0.000744,0.0000003,0.0024999,0.6733269
15,11.112500,-0.0265234,0.5167791,1.1428630,0.000830,0.0000003,0.0025000,0.6733304
15,11.116670,-0.0265251,0.5167791,1.1428670,0.000858,0.0000003,0.0024999,0.6733339
15,11.120830,-0.0265270,0.5167791,1.1428700,0.000858,0.0000003,0.0025000,0.6733375
15,11.125000,-0.0265288,0.5167791,1.1428740,0.000887,0.0000002,0.0025001,0.6733412
15,11.129170,-0.0265308,0.5167791,1.1428780,0.000944,0.0000003,0.0024999,0.6733452
15,11.133330,-0.0265328,0.5167791,1.1428820,0.000973,0.0000002,0.0024999,0.6733492
15,11.137500,-0.0265349,0.5167791,1.1428860,0.001001,0.0000003,0.0024999,0.6733534
15,11.141670,-0.0265370,0.5167791,1.1428900,0.001001,0.0000002,0.0025001,0.6733575
15,11.145830,-0.0265392,0.5167791,1.1428950,0.001087,0.0000002,0.0025001,0.6733620
15,11.150000,-0.0265415,0.5167791,1.1428990,0.001059,0.0000002,0.0025000,0.6733665
15,11.154170,-0.0265438,0.5167791,1.1429040,0.001116,0.0000003,0.0025000,0.6733712
15,11.158330,-0.0265462,0.5167791,1.1429090,0.001144,0.0000004,0.0025000,0.6733759
15,11.162500,-0.0265486,0.5167791,1.1429140,0.001202,0.0000003,0.0024999,0.6733809
15,11.166670,-0.0265511,0.5167791,1.1429190,0.001202,0.0000003,0.0025000,0.6733859
15,11.170830,-0.0265537,0.5167791,1.1429240,0.001230,0.0000003,0.0024999,0.6733910
15,11.175000,-0.0265563,0.5167791,1.1429290,0.001259,0.0000002,0.0025000,0.6733962
15,11.179170,-0.0265590,0.5167791,1.1429340,0.001316,0.0000002,0.0025000,0.6734017
15,11.183330,-0.0265618,0.5167791,1.1429400,0.001316,0.0000002,0.0024999,0.6734072
15,11.187500,-0.0265646,0.5167791,1.1429460,0.001345,0.0000002,0.0025001,0.6734129
15,11.191670,-0.0265675,0.5167791,1.1429510,0.001345,0.0000002,0.0025000,0.6734186
15,11.195830,-0.0265704,0.5167791,1.1429570,0.001459,0.0000002,0.0025000,0.6734245
15,11.200000,-0.0265734,0.5167791,1.1429630,0.001459,0.0000002,0.0025000,0.6734305
15,11.204170,-0.0265765,0.5167791,1.1429690,0.001459,0.0000003,0.0025000,0.6734366
15,11.208330,-0.0265796,0.5167791,1.1429750,0.001431,0.0000002,0.0025001,0.6734428
15,11.212500,-0.0265828,0.5167791,1.1429820,0.001574,0.0000002,0.0025000,0.6734492
15,11.216670,-0.0265860,0.5167791,1.1429880,0.001545,0.0000002,0.0025001,0.6734557
15,11.220830,-0.0265894,0.5167791,1.1429950,0.001602,0.0000002,0.0024999,0.6734623
15,11.225000,-0.0265927,0.5167791,1.1430020,0.001631,0.0000003,0.0025001,0.6734691
15,11.229170,-0.0265962,0.5167791,1.1430090,0.001631,0.0000003,0.0025000,0.6734759
15,11.233330,-0.0265996,0.5167791,1.1430160,0.001659,0.0000003,0.0025000,0.6734828
15,11.237500,-0.0266032,0.5167791,1.1430230,0.001717,0.0000003,0.0025000,0.6734900
15,11.241670,-0.0266068,0.5167791,1.1430300,0.001717,0.0000002,0.0024999,0.6734972
15,11.245830,-0.0266105,0.5167791,1.1430370,0.001774,0.0000002,0.0025000,0.6735046
15,11.250000,-0.0266142,0.5167791,1.1430450,0.001802,0.0000003,0.0025001,0.6735120
15,11.254170,-0.0266180,0.5167791,1.1430520,0.001831,0.0000002,0.0025001,0.6735197
15,11.258330,-0.0266218,0.5167791,1.1430600,0.001831,0.0000002,0.0025000,0.6735273
15,11.262500,-0.0266257,0.5167791,1.1430680,0.001888,0.0000003,0.0025001,0.6735352
15,11.266670,-0.0266297,0.5167791,1.1430760,0.001917,0.0000002,0.0025001,0.6735430
15,11.270830,-0.0266337,0.5167791,1.1430840,0.001917,0.0000003,0.0025001,0.6735511
15,11.275000,-0.0266378,0.5167791,1.1430920,0.001917,0.0000003,0.0025002,0.6735591
15,11.279170,-0.0266420,0.5167791,1.1431000,0.002003,0.0000003,0.0025002,0.6735675
15,11.283330,-0.0266461,0.5167791,1.1431080,0.002003,0.0000003,0.0025001,0.6735758
15,11.287500,-0.0266504,0.5167791,1.1431170,0.002060,0.0000002,0.0025001,0.6735844
15,11.291670,-0.0266547,0.5167791,1.1431260,0.002060,0.0000002,0.0025001,0.6735930
15,11.295830,-0.0266591,0.5167791,1.1431340,0.002117,0.0000003,0.0025000,0.6736017
15,11.300000,-0.0266635,0.5167791,1.1431430,0.002117,0.0000002,0.0025000,0.6736106
15,11.304170,-0.0266680,0.5167791,1.1431520,0.002174,0.0000003,0.0025000,0.6736196
15,11.308330,-0.0266725,0.5167791,1.1431610,0.002146,0.0000003,0.0025000,0.6736287
15,11.312500,-0.0266771,0.5167791,1.1431710,0.002232,0.0000003,0.0025001,0.6736379
15,11.316670,-0.0266818,0.5167791,1.1431800,0.002232,0.0000003,0.0025001,0.6736472
15,11.320830,-0.0266865,0.5167791,1.1431890,0.002289,0.0000003,0.0025001,0.6736566
15,11.325000,-0.0266913,0.5167791,1.1431990,0.002260,0.0000003,0.0025001,0.6736662
15,11.329170,-0.0266961,0.5167791,1.1432090,0.002346,0.0000003,0.0025000,0.6736759
15,11.333330,-0.0267010,0.5167791,1.1432180,0.002317,0.0000003,0.0025001,0.6736856
15,11.337500,-0.0267059,0.5167791,1.1432280,0.002403,0.0000003,0.0025001,0.6736956
15,11.341670,-0.0267109,0.5167791,1.1432380,0.002346,0.0000003,0.0025002,0.6737054
15,11.345830,-0.0267160,0.5167791,1.1432480,0.002432,0.0000003,0.0025002,0.6737156
15,11.350000,-0.0267210,0.5167791,1.1432580,0.002460,0.0000002,0.0025001,0.6737257
15,11.354170,-0.0267262,0.5167791,1.1432690,0.002460,0.0000002,0.0025001,0.6737360
15,11.358330,-0.0267314,0.5167791,1.1432790,0.002489,0.0000003,0.0025001,0.6737463
15,11.362500,-0.0267367,0.5167791,1.1432900,0.002518,0.0000003,0.0025002,0.6737570
15,11.366670,-0.0267420,0.5167791,1.1433000,0.002546,0.0000002,0.0025001,0.6737676
15,11.370830,-0.0267474,0.5167791,1.1433110,0.002604,0.0000003,0.0025002,0.6737784
15,11.375000,-0.0267528,0.5167791,1.1433220,0.002604,0.0000002,0.0025001,0.6737893
15,11.379170,-0.0267583,0.5167791,1.1433330,0.002661,0.0000002,0.0025001,0.6738002
15,11.383330,-0.0267638,0.5167791,1.1433440,0.002632,0.0000002,0.0025000,0.6738113
15,11.387500,-0.0267694,0.5167791,1.1433550,0.002689,0.0000002,0.0025001,0.6738225
15,11.391670,-0.0267750,0.5167791,1.1433660,0.002689,0.0000002,0.0025000,0.6738337
15,11.395830,-0.0267808,0.5167791,1.1433780,0.002775,0.0000002,0.0025000,0.6738452
15,11.400000,-0.0267865,0.5167791,1.1433890,0.002718,0.0000001,0.0025001,0.6738566
15,11.404170,-0.0267923,0.5167791,1.1434010,0.002832,0.0000002,0.0025001,0.6738682
15,11.408330,-0.0267981,0.5167791,1.1434130,0.002775,0.0000002,0.0025000,0.6738799
15,11.412500,-0.0268040,0.5167791,1.1434240,0.002832,0.0000002,0.0025000,0.6738917
15,11.416670,-0.0268100,0.5167791,1.1434360,0.002832,0.0000002,0.0025001,0.6739035
15,11.420830,-0.0268160,0.5167791,1.1434480,0.002918,0.0000002,0.0025001,0.6739156
15,11.425000,-0.0268220,0.5167791,1.1434600,0.002890,0.0000002,0.0025000,0.6739277
15,11.429170,-0.0268282,0.5167791,1.1434730,0.002947,0.0000002,0.0025000,0.6739400
15,11.433330,-0.0268343,0.5167791,1.1434850,0.002918,0.0000003,0.0025001,0.6739522
15,11.437500,-0.0268405,0.5167791,1.1434970,0.003004,0.0000003,0.0025001,0.6739647
15,11.441670,-0.0268467,0.5167791,1.1435100,0.002975,0.0000002,0.0025001,0.6739771
15,11.445830,-0.0268531,0.5167791,1.1435220,0.003033,0.0000002,0.0025001,0.6739898
15,11.450000,-0.0268594,0.5167791,1.1435350,0.003061,0.0000003,0.0025001,0.6740024
15,11.454170,-0.0268658,0.5167791,1.1435480,0.003090,0.0000003,0.0025001,0.6740153
15,11.458330,-0.0268722,0.5167791,1.1435610,0.003061,0.0000003,0.0025000,0.6740282
15,11.462500,-0.0268788,0.5167791,1.1435740,0.003147,0.0000003,0.0025000,0.6740412
15,11.466670,-0.0268853,0.5167791,1.1435870,0.003119,0.0000002,0.0025000,0.6740542
15,11.470830,-0.0268919,0.5167791,1.1436000,0.003176,0.0000002,0.0025000,0.6740674
15,11.475000,-0.0268985,0.5167791,1.1436130,0.003176,0.0000002,0.0024999,0.6740807
15,11.479170,-0.0269052,0.5167791,1.1436270,0.003233,0.0000002,0.0025000,0.6740941
15,11.483330,-0.0269119,0.5167791,1.1436400,0.003233,0.0000002,0.0024999,0.6741075
15,11.487500,-0.0269187,0.5167791,1.1436540,0.003233,0.0000002,0.0024999,0.6741211
15,11.491670,-0.0269256,0.5167791,1.1436670,0.003262,0.0000001,0.0025001,0.6741347
15,11.495830,-0.0269324,0.5167791,1.1436810,0.003319,0.0000002,0.0025000,0.6741486
15,11.500000,-0.0269393,0.5167791,1.1436950,0.003319,0.0000002,0.0025001,0.6741623
15,11.504170,-0.0269463,0.5167791,1.1437090,0.003347,0.0000002,0.0025000,0.6741763
15,11.508330,-0.0269533,0.5167791,1.1437230,0.003347,0.0000002,0.0025002,0.6741902
15,11.512500,-0.0269604,0.5167791,1.1437370,0.003405,0.0000002,0.0025001,0.6742044
15,11.516670,-0.0269675,0.5167791,1.1437510,0.003405,0.0000002,0.0025001,0.6742186
15,11.520830,-0.0269746,0.5167791,1.1437660,0.003433,0.0000004,0.0025003,0.6742329
15,11.525000,-0.0269818,0.5167791,1.1437800,0.003433,0.0000003,0.0025001,0.6742472
15,11.529170,-0.0269891,0.5167791,1.1437940,0.003490,0.0000003,0.0025002,0.6742618
15,11.533330,-0.0269963,0.5167791,1.1438090,0.003490,0.0000003,0.0025001,0.6742763
15,11.537500,-0.0270036,0.5167791,1.1438240,0.003519,0.0000003,0.0025001,0.6742910
15,11.541670,-0.0270110,0.5167791,1.1438380,0.003519,0.0000003,0.0025001,0.6743056
15,11.545830,-0.0270184,0.5167791,1.1438530,0.003548,0.0000003,0.0025001,0.6743204
15,11.550000,-0.0270258,0.5167791,1.1438680,0.003576,0.0000003,0.0025001,0.6743353
15,11.554170,-0.0270333,0.5167791,1.1438830,0.003605,0.0000003,0.0025001,0.6743503
15,11.558330,-0.0270408,0.5167791,1.1438980,0.003576,0.0000003,0.0025000,0.6743653
15,11.562500,-0.0270484,0.5167791,1.1439130,0.003662,0.0000004,0.0025000,0.6743804
15,11.566670,-0.0270560,0.5167791,1.1439280,0.003633,0.0000003,0.0025001,0.6743956
15,11.570830,-0.0270637,0.5167791,1.1439440,0.003691,0.0000003,0.0025001,0.6744110
15,11.575000,-0.0270714,0.5167791,1.1439590,0.003691,0.0000004,0.0025000,0.6744264
15,11.579170,-0.0270791,0.5167791,1.1439750,0.003719,0.0000003,0.0025001,0.6744419
15,11.583330,-0.0270869,0.5167791,1.1439900,0.003691,0.0000002,0.0025001,0.6744574
15,11.587500,-0.0270947,0.5167791,1.1440060,0.003777,0.0000002,0.0025001,0.6744730
15,11.591670,-0.0271025,0.5167791,1.1440210,0.003748,0.0000002,0.0025001,0.6744887
15,11.595830,-0.0271104,0.5167791,1.1440370,0.003805,0.0000002,0.0025002,0.6745045
15,11.600000,-0.0271183,0.5167791,1.1440530,0.003777,0.0000003,0.0025002,0.6745203
15,11.604170,-0.0271263,0.5167791,1.1440690,0.003862,0.0000002,0.0025001,0.6745362
15,11.608330,-0.0271343,0.5167791,1.1440850,0.003805,0.0000002,0.0025002,0.6745522
15,11.612500,-0.0271423,0.5167791,1.1441010,0.003891,0.0000002,0.0025001,0.6745683
15,11.616670,-0.0271504,0.5167791,1.1441170,0.003891,0.0000002,0.0025000,0.6745844
15,11.620830,-0.0271585,0.5167791,1.1441330,0.003891,0.0000002,0.0025002,0.6746007
15,11.625000,-0.0271666,0.5167791,1.1441500,0.003862,0.0000003,0.0025000,0.6746169
15,11.629170,-0.0271748,0.5167791,1.1441660,0.003948,0.0000003,0.0025000,0.6746333
15,11.633330,-0.0271831,0.5167791,1.1441820,0.003920,0.0000003,0.0025000,0.6746497
15,11.637500,-0.0271913,0.5167791,1.1441990,0.004005,0.0000003,0.0025001,0.6746662
15,11.641670,-0.0271996,0.5167791,1.1442150,0.003948,0.0000002,0.0025001,0.6746827
15,11.645830,-0.0272079,0.5167791,1.1442320,0.004005,0.0000003,0.0024999,0.6746995
15,11.650000,-0.0272163,0.5167791,1.1442490,0.004005,0.0000003,0.0024999,0.6747162
15,11.654170,-0.0272247,0.5167791,1.1442660,0.004034,0.0000003,0.0025000,0.6747329
15,11.658330,-0.0272331,0.5167791,1.1442820,0.004034,0.0000002,0.0025000,0.6747497
15,11.662500,-0.0272415,0.5167791,1.1442990,0.004063,0.0000002,0.0025000,0.6747667
15,11.666670,-0.0272500,0.5167791,1.1443160,0.004063,0.0000003,0.0025001,0.6747836
15,11.670830,-0.0272585,0.5167791,1.1443330,0.004120,0.0000003,0.0025001,0.6748007
15,11.675000,-0.0272671,0.5167791,1.1443510,0.004091,0.0000002,0.0025001,0.6748178
15,11.679170,-0.0272757,0.5167791,1.1443680,0.004091,0.0000002,0.0025001,0.6748350
15,11.683330,-0.0272843,0.5167791,1.1443850,0.004148,0.0000002,0.0025000,0.6748522
15,11.687500,-0.0272929,0.5167791,1.1444020,0.004148,0.0000002,0.0025001,0.6748695
15,11.691670,-0.0273016,0.5167791,1.1444200,0.004177,0.0000003,0.0025000,0.6748868
15,11.695830,-0.0273103,0.5167791,1.1444370,0.004148,0.0000002,0.0025000,0.6749042
15,11.700000,-0.0273190,0.5167791,1.1444540,0.004206,0.0000003,0.0025001,0.6749216
15,11.704170,-0.0273278,0.5167791,1.1444720,0.004206,0.0000004,0.0025001,0.6749392
15,11.708330,-0.0273366,0.5167791,1.1444890,0.004177,0.0000002,0.0025001,0.6749568
15,11.712500,-0.0273454,0.5167791,1.1445070,0.004263,0.0000002,0.0025002,0.6749744
15,11.716670,-0.0273542,0.5167791,1.1445250,0.004234,0.0000002,0.0025000,0.6749921
15,11.720830,-0.0273631,0.5167791,1.1445430,0.004292,0.0000003,0.0025001,0.6750099
15,11.725000,-0.0273720,0.5167791,1.1445600,0.004263,0.0000002,0.0024999,0.6750277
15,11.729170,-0.0273810,0.5167791,1.1445780,0.004292,0.0000002,0.0025000,0.6750455
15,11.733330,-0.0273899,0.5167791,1.1445960,0.004292,0.0000002,0.0025000,0.6750634
15,11.737500,-0.0273989,0.5167791,1.1446140,0.004320,0.0000003,0.0025000,0.6750814
15,11.741670,-0.0274079,0.5167791,1.1446320,0.004292,0.0000002,0.0025000,0.6750994
15,11.745830,-0.0274169,0.5167791,1.1446500,0.004349,0.0000002,0.0025000,0.6751174
15,11.750000,-0.0274260,0.5167791,1.1446680,0.004320,0.0000002,0.0024999,0.6751355
15,11.754170,-0.0274351,0.5167791,1.1446860,0.004406,0.0000003,0.0025001,0.6751537
15,11.758330,-0.0274442,0.5167791,1.1447050,0.004349,0.0000003,0.0025000,0.6751719
15,11.762500,-0.0274533,0.5167791,1.1447230,0.004406,0.0000003,0.0025000,0.6751902
15,11.766670,-0.0274624,0.5167791,1.1447410,0.004377,0.0000003,0.0025000,0.6752085
15,11.770830,-0.0274716,0.5167791,1.1447600,0.004406,0.0000003,0.0024999,0.6752269
15,11.775000,-0.0274808,0.5167791,1.1447780,0.004406,0.0000003,0.0025002,0.6752452
15,11.779170,-0.0274901,0.5167791,1.1447960,0.004435,0.0000003,0.0025001,0.6752637
15,11.783330,-0.0274993,0.5167791,1.1448150,0.004463,0.0000003,0.0025002,0.6752822
15,11.787500,-0.0275086,0.5167791,1.1448330,0.004406,0.0000002,0.0025002,0.6753008
15,11.791670,-0.0275178,0.5167791,1.1448520,0.004492,0.0000002,0.0025002,0.6753193
15,11.795830,-0.0275272,0.5167791,1.1448710,0.004463,0.0000002,0.0025002,0.6753379
15,11.800000,-0.0275365,0.5167791,1.1448890,0.004463,0.0000002,0.0025002,0.6753566
15,11.804170,-0.0275458,0.5167791,1.1449080,0.004520,0.0000002,0.0025001,0.6753753
15,11.808330,-0.0275552,0.5167791,1.1449270,0.004463,0.0000007,0.0025002,0.6753941
15,11.812500,-0.0275646,0.5167791,1.1449460,0.004520,0.0000013,0.0025001,0.6754128
15,11.816670,-0.0275740,0.5167791,1.1449640,0.004520,0.0000018,0.0025001,0.6754316
15,11.820830,-0.0275834,0.5167791,1.1449830,0.004520,0.0000022,0.0025001,0.6754505
15,11.825000,-0.0275928,0.5167791,1.1450020,0.004520,0.0000020,0.0025002,0.6754693
15,11.829170,-0.0276023,0.5167791,1.1450210,0.004549,0.0000015,0.0025000,0.6754883
15,11.833330,-0.0276118,0.5167791,1.1450400,0.004549,0.0000002,0.0025000,0.6755072
15,11.837500,-0.0276213,0.5167791,1.1450590,0.004578,0.0000016,0.0025000,0.6755263
15,11.841670,-0.0276308,0.5167791,1.1450780,0.004549,0.0000079,0.0025000,0.6755453
15,11.845830,-0.0276403,0.5167791,1.1450970,0.004549,0.0000158,0.0025000,0.6755643
15,11.850000,-0.0276498,0.5167791,1.1451160,0.004578,0.0000221,0.0025001,0.6755834
15,11.854170,-0.0276594,0.5167791,1.1451350,0.004606,0.0000002,0.0025000,0.6756024
15,11.858330,-0.0276690,0.5167791,1.1451540,0.004606,0.0000002,0.0025000,0.6756216
15,11.862500,-0.0276786,0.5167791,1.1451730,0.004578,0.0000002,0.0025000,0.6756408
15,11.866670,-0.0276881,0.5167791,1.1451930,0.004606,0.0000002,0.0025000,0.6756599
15,11.870830,-0.0276978,0.5167791,1.1452120,0.004606,0.0000002,0.0024999,0.6756791
15,11.875000,-0.0277074,0.5167791,1.1452310,0.004606,0.0000002,0.0025001,0.6756984
15,11.879170,-0.0277170,0.5167791,1.1452500,0.004663,0.0000002,0.0025000,0.6757177
15,11.883330,-0.0277267,0.5167791,1.1452700,0.004635,0.0000002,0.0025000,0.6757370
15,11.887500,-0.0277363,0.5167791,1.1452890,0.004606,0.0000002,0.0025001,0.6757563
15,11.891670,-0.0277460,0.5167791,1.1453080,0.004635,0.0000002,0.0025001,0.6757756
15,11.895830,-0.0277557,0.5167791,1.1453280,0.004635,0.0000002,0.0025001,0.6757950
15,11.900000,-0.0277653,0.5167791,1.1453470,0.004663,0.0000002,0.0025000,0.6758143
15,11.904170,-0.0277751,0.5167791,1.1453660,0.004663,0.0000002,0.0025000,0.6758338
15,11.908330,-0.0277848,0.5167791,1.1453860,0.004692,0.0000002,0.0025001,0.6758533
15,11.912500,-0.0277945,0.5167791,1.1454050,0.004663,0.0000002,0.0025000,0.6758726
15,11.916670,-0.0278042,0.5167791,1.1454250,0.004635,0.0000002,0.0025000,0.6758921
15,11.920830,-0.0278140,0.5167791,1.1454440,0.004692,0.0000002,0.0025000,0.6759115
15,11.925000,-0.0278237,0.5167791,1.1454640,0.004663,0.0000002,0.0024999,0.6759310
15,11.929170,-0.0278335,0.5167791,1.1454830,0.004692,0.0000002,0.0025001,0.6759506
15,11.933330,-0.0278432,0.5167791,1.1455030,0.004692,0.0000002,0.0025000,0.6759701
15,11.937500,-0.0278530,0.5167791,1.1455220,0.004692,0.0000003,0.0025000,0.6759896
15,11.941670,-0.0278628,0.5167791,1.1455420,0.004663,0.0000002,0.0025001,0.6760092
15,11.945830,-0.0278725,0.5167791,1.1455610,0.004692,0.0000002,0.0025000,0.6760287
15,11.950000,-0.0278823,0.5167791,1.1455810,0.004692,0.0000003,0.0025000,0.6760483
15,11.954170,-0.0278921,0.5167791,1.1456010,0.004721,0.0000003,0.0025000,0.6760679
15,11.958330,-0.0279019,0.5167791,1.1456200,0.004692,0.0000003,0.0025000,0.6760874
15,11.962500,-0.0279117,0.5167791,1.1456400,0.004692,0.0000003,0.0025000,0.6761070
15,11.966670,-0.0279215,0.5167791,1.1456590,0.004721,0.0000002,0.0024999,0.6761267
15,11.970830,-0.0279313,0.5167791,1.1456790,0.004692,0.0000003,0.0025001,0.6761462
15,11.975000,-0.0279411,0.5167791,1.1456980,0.004692,0.0000002,0.0025000,0.6761658
15,11.979170,-0.0279509,0.5167791,1.1457180,0.004721,0.0000003,0.0025000,0.6761854
15,11.983330,-0.0279607,0.5167791,1.1457380,0.004692,0.0000003,0.0025000,0.6762050
15,11.987500,-0.0279706,0.5167791,1.1457570,0.004721,0.0000003,0.0025000,0.6762247
15,11.991670,-0.0279804,0.5167791,1.1457770,0.004721,0.0000002,0.0025000,0.6762443
15,11.995830,-0.0279902,0.5167791,1.1457970,0.004749,0.0000003,0.0024999,0.6762640
15,12.000000,-0.0280000,0.5167791,1.1458160,0.004692,0.0000002,0.0025001,0.6762837
15,12.004170,-0.0280098,0.5167791,1.1458360,0.004721,0.0000002,0.0025000,0.6763033
15,12.008330,-0.0280196,0.5167791,1.1458560,0.004692,0.0000002,0.0024999,0.6763229
15,12.012500,-0.0280295,0.5167791,1.1458750,0.004692,0.0000003,0.0025001,0.6763425
15,12.016670,-0.0280393,0.5167791,1.1458950,0.004749,0.0000002,0.0025002,0.6763622
15,12.020830,-0.0280491,0.5167791,1.1459140,0.004692,0.0000001,0.0025000,0.6763818
15,12.025000,-0.0280589,0.5167791,1.1459340,0.004721,0.0000002,0.0025000,0.6764014
15,12.029170,-0.0280687,0.5167791,1.1459540,0.004721,0.0000001,0.0025001,0.6764210
15,12.033330,-0.0280785,0.5167791,1.1459730,0.004692,0.0000001,0.0025001,0.6764406
15,12.037500,-0.0280883,0.5167791,1.1459930,0.004692,0.0000001,0.0025000,0.6764602
15,12.041670,-0.0280981,0.5167791,1.1460120,0.004692,0.0000002,0.0025001,0.6764798
15,12.045830,-0.0281079,0.5167791,1.1460320,0.004721,0.0000001,0.0025001,0.6764994
15,12.050000,-0.0281177,0.5167791,1.1460520,0.004721,0.0000002,0.0025000,0.6765190
15,12.054170,-0.0281275,0.5167791,1.1460710,0.004663,0.0000002,0.0025001,0.6765385
15,12.058330,-0.0281373,0.5167791,1.1460910,0.004663,0.0000002,0.0025000,0.6765581
15,12.062500,-0.0281470,0.5167791,1.1461100,0.004721,0.0000002,0.0025000,0.6765776
15,12.066670,-0.0281568,0.5167791,1.1461300,0.004692,0.0000002,0.0025000,0.6765972
15,12.070830,-0.0281666,0.5167791,1.1461490,0.004663,0.0000002,0.0025000,0.6766167
15,12.075000,-0.0281763,0.5167791,1.1461690,0.004692,0.0000002,0.0025000,0.6766362
15,12.079170,-0.0281861,0.5167791,1.1461880,0.004721,0.0000002,0.0025001,0.6766557
15,12.083330,-0.0281958,0.5167791,1.1462080,0.004635,0.0000002,0.0025000,0.6766752
15,12.087500,-0.0282055,0.5167791,1.1462270,0.004663,0.0000002,0.0025000,0.6766946
15,12.091670,-0.0282152,0.5167791,1.1462470,0.004692,0.0000002,0.0025001,0.6767141
15,12.095830,-0.0282249,0.5167791,1.1462660,0.004635,0.0000002,0.0025001,0.6767335
15,12.100000,-0.0282347,0.5167791,1.1462860,0.004663,0.0000002,0.0025000,0.6767529
15,12.104170,-0.0282443,0.5167791,1.1463050,0.004692,0.0000002,0.0025000,0.6767723
15,12.108330,-0.0282540,0.5167791,1.1463240,0.004635,0.0000002,0.0025000,0.6767917
15,12.112500,-0.0282637,0.5167791,1.1463440,0.004606,0.0000002,0.0025000,0.6768110
15,12.116670,-0.0282734,0.5167791,1.1463630,0.004663,0.0000002,0.0025000,0.6768303
15,12.120830,-0.0282830,0.5167791,1.1463820,0.004606,0.0000002,0.0024999,0.6768495
15,12.125000,-0.0282926,0.5167791,1.1464020,0.004635,0.0000001,0.0025001,0.6768689
15,12.129170,-0.0283023,0.5167791,1.1464210,0.004606,0.0000001,0.0025001,0.6768881
15,12.133330,-0.0283119,0.5167791,1.1464400,0.004663,0.0000002,0.0025000,0.6769074
15,12.137500,-0.0283215,0.5167791,1.1464590,0.004578,0.0000001,0.0025000,0.6769266
15,12.141670,-0.0283311,0.5167791,1.1464780,0.004606,0.0000002,0.0024999,0.6769457
15,12.145830,-0.0283406,0.5167791,1.1464970,0.004578,0.0000002,0.0025000,0.6769648
15,12.150000,-0.0283502,0.5167791,1.1465170,0.004606,0.0000002,0.0025000,0.6769840
15,12.154170,-0.0283597,0.5167791,1.1465360,0.004549,0.0000002,0.0025000,0.6770030
15,12.158330,-0.0283692,0.5167791,1.1465550,0.004549,0.0000002,0.0025000,0.6770220
15,12.162500,-0.0283787,0.5167791,1.1465740,0.004578,0.0000002,0.0025000,0.6770411
15,12.166670,-0.0283882,0.5167791,1.1465930,0.004578,0.0000002,0.0025000,0.6770601
15,12.170830,-0.0283977,0.5167791,1.1466120,0.004549,0.0000001,0.0025000,0.6770790
15,12.175000,-0.0284072,0.5167791,1.1466310,0.004549,0.0000005,0.0025002,0.6770979
15,12.179170,-0.0284166,0.5167791,1.1466490,0.004520,0.0000011,0.0025005,0.6771168
15,12.183330,-0.0284260,0.5167791,1.1466680,0.004520,0.0000016,0.0025004,0.6771356
15,12.187500,-0.0284354,0.5167791,1.1466870,0.004492,0.0000019,0.0025004,0.6771544
15,12.191670,-0.0284448,0.5167791,1.1467060,0.004492,0.0000018,0.0025005,0.6771731
15,12.195830,-0.0284542,0.5167791,1.1467240,0.004492,0.0000012,0.0025004,0.6771919
15,12.200000,-0.0284635,0.5167791,1.1467430,0.004520,0.0000002,0.0025001,0.6772106
15,12.204170,-0.0284726,0.5167792,1.1467620,0.004520,0.0000115,0.0024921,0.6772295
15,12.208330,-0.0284817,0.5167793,1.1467810,0.004520,0.0000166,0.0024884,0.6772483
15,12.212500,-0.0284894,0.5167796,1.1468000,0.004520,0.0000162,0.0024881,0.6772672
15,12.216670,-0.0284972,0.5167800,1.1468190,0.004549,0.0000133,0.0024900,0.6772860
15,12.220830,-0.0285023,0.5167809,1.1468380,0.004663,0.0000079,0.0024933,0.6773055
15,12.225000,-0.0285074,0.5167818,1.1468580,0.004721,0.0000038,0.0024967,0.6773251
15,12.229170,-0.0285087,0.5167836,1.1468780,0.004921,0.0000030,0.0024994,0.6773455
15,12.233330,-0.0285100,0.5167853,1.1468990,0.004978,0.0000003,0.0024999,0.6773660
15,12.237500,-0.0285065,0.5167881,1.1469210,0.005264,0.0000009,0.0024997,0.6773877
15,12.241670,-0.0285029,0.5167909,1.1469430,0.005322,0.0000028,0.0024994,0.6774096
15,12.245830,-0.0284935,0.5167950,1.1469660,0.005550,0.0000006,0.0024998,0.6774324
15,12.250000,-0.0284840,0.5167992,1.1469900,0.005608,0.0000012,0.0024998,0.6774553
15,12.254170,-0.0284677,0.5168047,1.1470150,0.006008,0.0000021,0.0025003,0.6774799
15,12.258330,-0.0284515,0.5168104,1.1470400,0.006094,0.0000011,0.0025003,0.6775047
15,12.262500,-0.0284275,0.5168176,1.1470670,0.006523,0.0000032,0.0025006,0.6775314
15,12.266670,-0.0284035,0.5168249,1.1470950,0.006609,0.0000004,0.0024999,0.6775582
15,12.270830,-0.0283710,0.5168341,1.1471240,0.007067,0.0000008,0.0025001,0.6775868
15,12.275000,-0.0283385,0.5168433,1.1471540,0.007124,0.0000021,0.0024995,0.6776156
15,12.279170,-0.0282968,0.5168545,1.1471860,0.007610,0.0000008,0.0025001,0.6776465
15,12.283330,-0.0282552,0.5168657,1.1472180,0.007696,0.0000011,0.0024999,0.6776775
15,12.287500,-0.0282036,0.5168790,1.1472520,0.008240,0.0000026,0.0025007,0.6777108
15,12.291670,-0.0281520,0.5168924,1.1472870,0.008268,0.0000006,0.0025003,0.6777442
15,12.295830,-0.0280900,0.5169080,1.1473240,0.008955,0.0000035,0.0025007,0.6777800
15,12.300000,-0.0280280,0.5169237,1.1473610,0.009012,0.0000002,0.0025000,0.6778161
15,12.304170,-0.0279550,0.5169417,1.1474010,0.009613,0.0000018,0.0025004,0.6778547
15,12.308330,-0.0278820,0.5169597,1.1474420,0.009699,0.0000015,0.0024996,0.6778936
15,12.312500,-0.0277975,0.5169803,1.1474850,0.010328,0.0000017,0.0025003,0.6779349
15,12.316670,-0.0277131,0.5170007,1.1475280,0.010357,0.0000011,0.0024999,0.6779763
15,12.320830,-0.0276168,0.5170239,1.1475740,0.011101,0.0000029,0.0025008,0.6780206
15,12.325000,-0.0275205,0.5170470,1.1476210,0.011129,0.0000003,0.0025002,0.6780651
15,12.329170,-0.0274120,0.5170729,1.1476700,0.011845,0.0000035,0.0025009,0.6781122
15,12.333330,-0.0273036,0.5170986,1.1477200,0.011873,0.0000004,0.0024999,0.6781595
15,12.337500,-0.0271827,0.5171271,1.1477720,0.012589,0.0000025,0.0025004,0.6782097
15,12.341670,-0.0270619,0.5171556,1.1478250,0.012674,0.0000011,0.0024997,0.6782600
15,12.345830,-0.0269283,0.5171868,1.1478810,0.013390,0.0000023,0.0025005,0.6783133
15,12.350000,-0.0267948,0.5172181,1.1479370,0.013447,0.0000010,0.0024998,0.6783667
15,12.354170,-0.0266484,0.5172521,1.1479950,0.014133,0.0000029,0.0025007,0.6784227
15,12.358330,-0.0265020,0.5172862,1.1480550,0.014191,0.0000006,0.0025002,0.6784791
15,12.362500,-0.0263427,0.5173230,1.1481170,0.014935,0.0000033,0.0025007,0.6785383
15,12.366670,-0.0261834,0.5173599,1.1481790,0.015020,0.0000005,0.0024999,0.6785977
15,12.370830,-0.0260112,0.5173995,1.1482450,0.015707,0.0000031,0.0025005,0.6786599
15,12.375000,-0.0258389,0.5174392,1.1483100,0.015736,0.0000006,0.0024998,0.6787223
15,12.379170,-0.0256536,0.5174816,1.1483790,0.016451,0.0000027,0.0025003,0.6787875
15,12.383330,-0.0254683,0.5175241,1.1484480,0.016537,0.0000009,0.0024997,0.6788529
15,12.387500,-0.0252701,0.5175694,1.1485200,0.017195,0.0000027,0.0025007,0.6789210
15,12.391670,-0.0250719,0.5176147,1.1485910,0.017252,0.0000009,0.0025000,0.6789894
15,12.395830,-0.0248608,0.5176628,1.1486660,0.017967,0.0000029,0.0025008,0.6790605
15,12.400000,-0.0246497,0.5177108,1.1487410,0.017996,0.0000002,0.0025001,0.6791316
15,12.404170,-0.0244260,0.5177616,1.1488190,0.018682,0.0000034,0.0025006,0.6792055
15,12.408330,-0.0242022,0.5178124,1.1488970,0.018682,0.0000005,0.0024998,0.6792794
15,12.412500,-0.0239659,0.5178660,1.1489780,0.019369,0.0000030,0.0025005,0.6793561
15,12.416670,-0.0237296,0.5179195,1.1490580,0.019398,0.0000007,0.0024998,0.6794327
15,12.420830,-0.0234810,0.5179756,1.1491420,0.020056,0.0000023,0.0025006,0.6795120
15,12.425000,-0.0232324,0.5180318,1.1492260,0.020084,0.0000013,0.0024998,0.6795914
15,12.429170,-0.0229716,0.5180905,1.1493120,0.020657,0.0000024,0.0025005,0.6796733
15,12.433330,-0.0227110,0.5181492,1.1493980,0.020742,0.0000005,0.0025000,0.6797552
15,12.437500,-0.0224386,0.5182105,1.1494870,0.021257,0.0000035,0.0025004,0.6798393
15,12.441670,-0.0221662,0.5182718,1.1495750,0.021257,0.0000008,0.0024997,0.6799234
15,12.445830,-0.0218823,0.5183355,1.1496670,0.021944,0.0000030,0.0025004,0.6800101
15,12.450000,-0.0215985,0.5183992,1.1497580,0.021944,0.0000006,0.0024998,0.6800969
15,12.454170,-0.0213037,0.5184653,1.1498520,0.022430,0.0000018,0.0025004,0.6801856
15,12.458330,-0.0210089,0.5185314,1.1499450,0.022459,0.0000015,0.0024999,0.6802743
15,12.462500,-0.0207034,0.5185997,1.1500410,0.022888,0.0000018,0.0025005,0.6803650
15,12.466670,-0.0203979,0.5186681,1.1501360,0.022945,0.0000003,0.0025000,0.6804557
15,12.470830,-0.0200823,0.5187386,1.1502340,0.023432,0.0000033,0.0025004,0.6805486
15,12.475000,-0.0197667,0.5188091,1.1503310,0.023432,0.0000010,0.0024998,0.6806414
15,12.479170,-0.0194413,0.5188817,1.1504310,0.023890,0.0000027,0.0025003,0.6807359
15,12.483330,-0.0191160,0.5189543,1.1505300,0.023861,0.0000006,0.0024998,0.6808304
15,12.487500,-0.0187815,0.5190288,1.1506320,0.024261,0.0000012,0.0025002,0.6809265
15,12.491670,-0.0184469,0.5191033,1.1507330,0.024261,0.0000016,0.0024998,0.6810226
15,12.495830,-0.0181036,0.5191797,1.1508350,0.024605,0.0000011,0.0025004,0.6811202
15,12.500000,-0.0177604,0.5192561,1.1509380,0.024605,0.0000002,0.0024999,0.6812177
15,12.504170,-0.0174091,0.5193341,1.1510420,0.024977,0.0000030,0.0025002,0.6813167
15,12.508330,-0.0170577,0.5194122,1.1511460,0.024920,0.0000013,0.0024997,0.6814156
15,12.512500,-0.0166988,0.5194919,1.1512510,0.025234,0.0000024,0.0025002,0.6815158
15,12.516670,-0.0163398,0.5195716,1.1513560,0.025177,0.0000005,0.0024999,0.6816157
15,12.520830,-0.0159740,0.5196527,1.1514620,0.025520,0.0000007,0.0025002,0.6817169
15,12.525000,-0.0156081,0.5197338,1.1515680,0.025434,0.0000017,0.0024997,0.6818180
15,12.529170,-0.0152359,0.5198163,1.1516750,0.025635,0.0000003,0.0025000,0.6819199
15,12.533330,-0.0148635,0.5198988,1.1517820,0.025635,0.0000004,0.0025000,0.6820216
15,12.537500,-0.0144856,0.5199824,1.1518890,0.025806,0.0000025,0.0025002,0.6821243
15,12.541670,-0.0141076,0.5200661,1.1519960,0.025778,0.0000014,0.0024999,0.6822268
15,12.545830,-0.0137245,0.5201507,1.1521050,0.025978,0.0000020,0.0025000,0.6823301
15,12.550000,-0.0133414,0.5202354,1.1522130,0.025921,0.0000005,0.0024998,0.6824332
15,12.554170,-0.0129540,0.5203210,1.1523210,0.026007,0.0000002,0.0025000,0.6825367
15,12.558330,-0.0125665,0.5204066,1.1524290,0.026007,0.0000017,0.0024996,0.6826401
15,12.562500,-0.0121753,0.5204930,1.1525380,0.026064,0.0000006,0.0024998,0.6827440
15,12.566670,-0.0117840,0.5205793,1.1526460,0.025978,0.0000003,0.0025000,0.6828476
15,12.570830,-0.0113898,0.5206662,1.1527550,0.026035,0.0000019,0.0025001,0.6829513
15,12.575000,-0.0109955,0.5207532,1.1528630,0.025949,0.0000015,0.0024999,0.6830549
15,12.579170,-0.0105988,0.5208406,1.1529710,0.026007,0.0000014,0.0025001,0.6831587
15,12.583330,-0.0102021,0.5209280,1.1530800,0.025978,0.0000004,0.0024999,0.6832623
15,12.587500,-0.0098037,0.5210158,1.1531870,0.025892,0.0000008,0.0024997,0.6833658
15,12.591670,-0.0094054,0.5211034,1.1532950,0.025806,0.0000016,0.0024996,0.6834689
15,12.595830,-0.0090060,0.5211914,1.1534020,0.025778,0.0000013,0.0024996,0.6835720
15,12.600000,-0.0086067,0.5212792,1.1535100,0.025749,0.0000003,0.0025000,0.6836749
15,12.604170,-0.0082072,0.5213670,1.1536160,0.025549,0.0000012,0.0024999,0.6837772
15,12.608330,-0.0078075,0.5214549,1.1537230,0.025549,0.0000015,0.0024999,0.6838795
15,12.612500,-0.0074084,0.5215426,1.1538290,0.025434,0.0000008,0.0024998,0.6839812
15,12.616670,-0.0070091,0.5216303,1.1539340,0.025406,0.0000004,0.0024999,0.6840830
15,12.620830,-0.0066111,0.5217178,1.1540390,0.025177,0.0000014,0.0024996,0.6841838
15,12.625000,-0.0062131,0.5218052,1.1541440,0.025091,0.0000016,0.0024996,0.6842844
15,12.629170,-0.0058168,0.5218921,1.1542470,0.024862,0.0000020,0.0024996,0.6843842
15,12.633330,-0.0054205,0.5219791,1.1543510,0.024834,0.0000002,0.0025000,0.6844839
15,12.637500,-0.0050268,0.5220654,1.1544540,0.024633,0.0000006,0.0025000,0.6845827
15,12.641670,-0.0046332,0.5221518,1.1545560,0.024548,0.0000016,0.0025000,0.6846812
15,12.645830,-0.0042427,0.5222374,1.1546570,0.024176,0.0000004,0.0024997,0.6847786
15,12.650000,-0.0038522,0.5223230,1.1547570,0.024204,0.0000004,0.0024998,0.6848757
15,12.654170,-0.0034656,0.5224077,1.1548570,0.023804,0.0000019,0.0024996,0.6849715
15,12.658330,-0.0030791,0.5224923,1.1549560,0.023746,0.0000014,0.0024998,0.6850671
15,12.662500,-0.0026971,0.5225760,1.1550520,0.023203,0.0000025,0.0024995,0.6851604
15,12.666670,-0.0023150,0.5226595,1.1551490,0.023117,0.0000004,0.0024998,0.6852535
15,12.670830,-0.0019383,0.5227420,1.1552410,0.022316,0.0000007,0.0024995,0.6853433
15,12.675000,-0.0015615,0.5228245,1.1553340,0.022259,0.0000015,0.0025000,0.6854330
15,12.679170,-0.0011905,0.5229056,1.1554230,0.021229,0.0000009,0.0024997,0.6855184
15,12.683330,-0.0008195,0.5229868,1.1555110,0.021172,0.0000004,0.0024999,0.6856036
15,12.687500,-0.0004551,0.5230665,1.1555940,0.019970,0.0000024,0.0024996,0.6856839
15,12.691670,-0.0000908,0.5231462,1.1556770,0.019913,0.0000012,0.0024998,0.6857640
15,12.695830,0.0002666,0.5232242,1.1557540,0.018511,0.0000030,0.0024994,0.6858384
15,12.700000,0.0006240,0.5233023,1.1558310,0.018482,0.0000002,0.0025000,0.6859127
15,12.704170,0.0009736,0.5233787,1.1559020,0.016966,0.0000013,0.0024996,0.6859809
15,12.708330,0.0013231,0.5234551,1.1559720,0.016937,0.0000015,0.0025001,0.6860489
15,12.712500,0.0016645,0.5235296,1.1560360,0.015364,0.0000014,0.0024995,0.6861104
15,12.716670,0.0020058,0.5236041,1.1561000,0.015306,0.0000004,0.0025000,0.6861719
15,12.720830,0.0023384,0.5236767,1.1561570,0.013590,0.0000028,0.0024993,0.6862263
15,12.725000,0.0026709,0.5237492,1.1562140,0.013590,0.0000010,0.0024998,0.6862807
15,12.729170,0.0029941,0.5238198,1.1562630,0.011873,0.0000034,0.0024993,0.6863278
15,12.733330,0.0033174,0.5238903,1.1563120,0.011787,0.0000001,0.0025001,0.6863750
15,12.737500,0.0036308,0.5239587,1.1563540,0.010071,0.0000019,0.0024997,0.6864148
15,12.741670,0.0039441,0.5240270,1.1563960,0.010014,0.0000012,0.0025001,0.6864547
15,12.745830,0.0042472,0.5240930,1.1564300,0.008297,0.0000020,0.0024994,0.6864873
15,12.750000,0.0045504,0.5241591,1.1564650,0.008268,0.0000005,0.0025000,0.6865199
15,12.754170,0.0048427,0.5242229,1.1564920,0.006523,0.0000030,0.0024993,0.6865454
15,12.758330,0.0051351,0.5242866,1.1565190,0.006523,0.0000007,0.0024997,0.6865708
15,12.762500,0.0054163,0.5243478,1.1565390,0.004807,0.0000035,0.0024993,0.6865892
15,12.766670,0.0056976,0.5244091,1.1565590,0.004778,0.0000001,0.0025002,0.6866075
15,12.770830,0.0059674,0.5244679,1.1565720,0.003176,0.0000025,0.0024997,0.6866192
15,12.775000,0.0062371,0.5245266,1.1565850,0.003119,0.0000011,0.0025003,0.6866307
15,12.779170,0.0064950,0.5245827,1.1565920,0.001602,0.0000025,0.0024992,0.6866359
15,12.783330,0.0067531,0.5246388,1.1565980,0.001545,0.0000005,0.0025000,0.6866411
15,12.787500,0.0069989,0.5246924,1.1565990,0.000114,0.0000030,0.0024993,0.6866402
15,12.791670,0.0072447,0.5247459,1.1565990,0.000086,0.0000005,0.0024999,0.6866392
15,12.795830,0.0074782,0.5247967,1.1565940,-0.001259,0.0000035,0.0024992,0.6866328
15,12.800000,0.0077118,0.5248476,1.1565890,-0.001230,0.0000001,0.0025001,0.6866264
15,12.804170,0.0079327,0.5248956,1.1565780,-0.002546,0.0000030,0.0024994,0.6866148
15,12.808330,0.0081536,0.5249436,1.1565680,-0.002546,0.0000008,0.0025003,0.6866032
15,12.812500,0.0083618,0.5249889,1.1565530,-0.003633,0.0000028,0.0024994,0.6865870
15,12.816670,0.0085700,0.5250342,1.1565370,-0.003633,0.0000007,0.0024999,0.6865709
15,12.820830,0.0087654,0.5250767,1.1565180,-0.004663,0.0000030,0.0024989,0.6865507
15,12.825000,0.0089608,0.5251192,1.1564990,-0.004606,0.0000007,0.0024997,0.6865305
15,12.829170,0.0091432,0.5251588,1.1564760,-0.005436,0.0000032,0.0024991,0.6865070
15,12.833330,0.0093257,0.5251985,1.1564530,-0.005436,0.0000002,0.0025001,0.6864836
15,12.837500,0.0094953,0.5252354,1.1564280,-0.006123,0.0000034,0.0024994,0.6864573
15,12.841670,0.0096648,0.5252721,1.1564020,-0.006123,0.0000004,0.0025002,0.6864310
15,12.845830,0.0098215,0.5253062,1.1563750,-0.006638,0.0000030,0.0024994,0.6864027
15,12.850000,0.0099781,0.5253403,1.1563470,-0.006609,0.0000009,0.0024997,0.6863744
15,12.854170,0.0101220,0.5253716,1.1563180,-0.007038,0.0000026,0.0024989,0.6863446
15,12.858330,0.0102658,0.5254028,1.1562890,-0.007010,0.0000012,0.0024995,0.6863146
15,12.862500,0.0103970,0.5254312,1.1562590,-0.007238,0.0000028,0.0024990,0.6862839
15,12.866670,0.0105282,0.5254597,1.1562280,-0.007238,0.0000002,0.0025001,0.6862532
15,12.870830,0.0106469,0.5254855,1.1561980,-0.007324,0.0000036,0.0024994,0.6862223
15,12.875000,0.0107656,0.5255113,1.1561680,-0.007267,0.0000005,0.0025001,0.6861915
15,12.879170,0.0108721,0.5255344,1.1561380,-0.007210,0.0000029,0.0024996,0.6861609
15,12.883330,0.0109786,0.5255576,1.1561070,-0.007238,0.0000009,0.0024997,0.6861304
15,12.887500,0.0110733,0.5255781,1.1560780,-0.007010,0.0000023,0.0024985,0.6861008
15,12.891670,0.0111679,0.5255986,1.1560490,-0.007038,0.0000019,0.0024991,0.6860712
15,12.895830,0.0112510,0.5256166,1.1560210,-0.006723,0.0000023,0.0024987,0.6860428
15,12.900000,0.0113341,0.5256347,1.1559930,-0.006723,0.0000002,0.0025000,0.6860145
15,12.904170,0.0114062,0.5256503,1.1559670,-0.006294,0.0000036,0.0024992,0.6859881
15,12.908330,0.0114783,0.5256659,1.1559410,-0.006266,0.0000009,0.0025000,0.6859617
15,12.912500,0.0115398,0.5256793,1.1559170,-0.005722,0.0000027,0.0024995,0.6859376
15,12.916670,0.0116013,0.5256927,1.1558930,-0.005722,0.0000009,0.0024999,0.6859136
15,12.920830,0.0116529,0.5257038,1.1558710,-0.005150,0.0000015,0.0024990,0.6858920
15,12.925000,0.0117044,0.5257151,1.1558500,-0.005121,0.0000022,0.0024994,0.6858704
15,12.929170,0.0117467,0.5257242,1.1558310,-0.004463,0.0000014,0.0024989,0.6858516
15,12.933330,0.0117889,0.5257334,1.1558130,-0.004463,0.0000001,0.0025000,0.6858329
15,12.937500,0.0118226,0.5257407,1.1557970,-0.003777,0.0000034,0.0024993,0.6858170
15,12.941670,0.0118562,0.5257480,1.1557810,-0.003777,0.0000016,0.0024999,0.6858011
15,12.945830,0.0118821,0.5257536,1.1557690,-0.003033,0.0000024,0.0024995,0.6857883
15,12.950000,0.0119080,0.5257592,1.1557560,-0.003090,0.0000013,0.0025003,0.6857755
15,12.954170,0.0119269,0.5257633,1.1557460,-0.002346,0.0000005,0.0025000,0.6857657
15,12.958330,0.0119459,0.5257674,1.1557360,-0.002346,0.0000026,0.0025006,0.6857557
15,12.962500,0.0119588,0.5257702,1.1557290,-0.001688,0.0000008,0.0024999,0.6857487
15,12.966670,0.0119718,0.5257730,1.1557220,-0.001688,0.0000002,0.0025000,0.6857416
15,12.970830,0.0119799,0.5257748,1.1557180,-0.001087,0.0000029,0.0024994,0.6857370
15,12.975000,0.0119879,0.5257766,1.1557130,-0.001116,0.0000019,0.0024996,0.6857324
15,12.979170,0.0119921,0.5257775,1.1557110,-0.000572,0.0000016,0.0024998,0.6857299
15,12.983330,0.0119964,0.5257784,1.1557080,-0.000601,0.0000010,0.0025002,0.6857274
15,12.987500,0.0119980,0.5257787,1.1557070,-0.000257,0.0000018,0.0025004,0.6857264
15,12.991670,0.0119995,0.5257790,1.1557060,-0.000229,0.0000030,0.0025006,0.6857255
15,12.995830,0.0119998,0.5257791,1.1557060,-0.000029,0.0000023,0.0025005,0.6857253
15,13.000000,0.0120000,0.5257792,1.1557060,0.000000,0.0000001,0.0025001,0.6857252
