posture,time,chest_y,head_y,chest_velocity,head_velocity
False,0.000000,0.6857252,1.1557060,0.000000,0.000000
False,0.004167,0.6857252,1.1557060,0.000000,0.000000
False,0.008333,0.6857252,1.1557060,0.000014,0.000000
False,0.012500,0.6857253,1.1557060,0.000014,0.000029
False,0.016667,0.6857253,1.1557060,0.000014,0.000000
False,0.020833,0.6857257,1.1557070,0.000086,0.000086
False,0.025000,0.6857259,1.1557070,0.000057,0.000057
False,0.029167,0.6857265,1.1557070,0.000143,0.000143
False,0.033333,0.6857270,1.1557080,0.000114,0.000114
False,0.037500,0.6857280,1.1557090,0.000229,0.000229
False,0.041667,0.6857288,1.1557100,0.000215,0.000229
False,0.045833,0.6857302,1.1557110,0.000329,0.000315
False,0.050000,0.6857315,1.1557120,0.000300,0.000315
False,0.054167,0.6857334,1.1557140,0.000458,0.000429
False,0.058333,0.6857352,1.1557160,0.000443,0.000458
False,0.062500,0.6857377,1.1557180,0.000587,0.000572
False,0.066667,0.6857401,1.1557210,0.000572,0.000601
False,0.070833,0.6857432,1.1557240,0.000744,0.000715
False,0.075000,0.6857461,1.1557270,0.000715,0.000744
False,0.079167,0.6857499,1.1557310,0.000916,0.000887
False,0.083333,0.6857538,1.1557350,0.000916,0.000916
False,0.087500,0.6857584,1.1557390,0.001101,0.001116
False,0.091667,0.6857629,1.1557440,0.001101,0.001087
False,0.095833,0.6857684,1.1557490,0.001302,0.001316
False,0.100000,0.6857738,1.1557550,0.001316,0.001316
False,0.104167,0.6857802,1.1557610,0.001531,0.001516
False,0.108333,0.6857865,1.1557670,0.001516,0.001516
False,0.112500,0.6857939,1.1557750,0.001760,0.001774
False,0.116667,0.6858013,1.1557820,0.001774,0.001774
False,0.120833,0.6858096,1.1557900,0.002003,0.002003
False,0.125000,0.6858180,1.1557990,0.002003,0.002003
False,0.129167,0.6858274,1.1558080,0.002275,0.002260
False,0.133333,0.6858369,1.1558180,0.002260,0.002289
False,0.137500,0.6858475,1.1558280,0.002546,0.002546
False,0.141667,0.6858581,1.1558390,0.002561,0.002546
False,0.145833,0.6858700,1.1558510,0.002847,0.002832
False,0.150000,0.6858818,1.1558630,0.002832,0.002832
False,0.154167,0.6858948,1.1558760,0.003119,0.003119
False,0.158333,0.6859078,1.1558890,0.003133,0.003119
False,0.162500,0.6859221,1.1559030,0.003433,0.003433
False,0.166667,0.6859365,1.1559170,0.003433,0.003462
False,0.170833,0.6859522,1.1559330,0.003777,0.003748
False,0.175000,0.6859679,1.1559490,0.003762,0.003748
False,0.179167,0.6859849,1.1559660,0.004091,0.004120
False,0.183333,0.6860019,1.1559830,0.004077,0.004063
False,0.187500,0.6860203,1.1560010,0.004420,0.004435
False,0.191667,0.6860389,1.1560190,0.004449,0.004406
False,0.195833,0.6860587,1.1560390,0.004764,0.004778
False,0.200000,0.6860786,1.1560590,0.004778,0.004749
False,0.204167,0.6861000,1.1560810,0.005136,0.005150
False,0.208333,0.6861214,1.1561020,0.005136,0.005150
False,0.212500,0.6861442,1.1561250,0.005479,0.005436
False,0.216667,0.6861671,1.1561480,0.005493,0.005493
False,0.220833,0.6861916,1.1561720,0.005865,0.005865
False,0.225000,0.6862161,1.1561960,0.005879,0.005865
False,0.229167,0.6862420,1.1562220,0.006237,0.006208
False,0.233333,0.6862680,1.1562480,0.006237,0.006237
False,0.237500,0.6862956,1.1562760,0.006623,0.006580
False,0.241667,0.6863233,1.1563030,0.006638,0.006638
False,0.245833,0.6863525,1.1563320,0.007010,0.006981
False,0.250000,0.6863816,1.1563620,0.006995,0.007010
False,0.254167,0.6864126,1.1563920,0.007424,0.007353
False,0.258333,0.6864434,1.1564230,0.007410,0.007410
False,0.262500,0.6864759,1.1564560,0.007796,0.007811
False,0.266667,0.6865084,1.1564880,0.007796,0.007725
False,0.270833,0.6865427,1.1565220,0.008225,0.008211
False,0.275000,0.6865770,1.1565560,0.008240,0.008183
False,0.279167,0.6866129,1.1565920,0.008612,0.008612
False,0.283333,0.6866488,1.1566280,0.008626,0.008583
False,0.287500,0.6866865,1.1566650,0.009027,0.009012
False,0.291667,0.6867241,1.1567030,0.009041,0.008984
False,0.295833,0.6867635,1.1567420,0.009441,0.009441
False,0.300000,0.6868029,1.1567820,0.009456,0.009441
False,0.304167,0.6868439,1.1568220,0.009856,0.009785
False,0.308333,0.6868851,1.1568630,0.009871,0.009813
False,0.312500,0.6869279,1.1569060,0.010271,0.010242
False,0.316667,0.6869708,1.1569480,0.010300,0.010214
False,0.320833,0.6870153,1.1569930,0.010686,0.010672
False,0.325000,0.6870599,1.1570370,0.010715,0.010643
False,0.329167,0.6871064,1.1570830,0.011144,0.011072
False,0.333333,0.6871527,1.1571300,0.011129,0.011072
False,0.337500,0.6872008,1.1571770,0.011544,0.011473
False,0.341667,0.6872489,1.1572250,0.011544,0.011473
False,0.345833,0.6872989,1.1572750,0.011988,0.011902
False,0.350000,0.6873488,1.1573240,0.011988,0.011930
False,0.354167,0.6874005,1.1573760,0.012388,0.012302
False,0.358333,0.6874521,1.1574270,0.012403,0.012302
False,0.362500,0.6875055,1.1574800,0.012817,0.012760
False,0.366667,0.6875590,1.1575330,0.012832,0.012703
False,0.370833,0.6876142,1.1575880,0.013247,0.013161
False,0.375000,0.6876694,1.1576430,0.013247,0.013132
False,0.379167,0.6877263,1.1576990,0.013661,0.013590
False,0.383333,0.6877833,1.1577560,0.013676,0.013533
False,0.387500,0.6878420,1.1578140,0.014076,0.013990
False,0.391667,0.6879007,1.1578720,0.014105,0.013990
False,0.395833,0.6879612,1.1579320,0.014505,0.014362
False,0.400000,0.6880216,1.1579920,0.014505,0.014391
False,0.404167,0.6880838,1.1580540,0.014935,0.014791
False,0.408333,0.6881461,1.1581150,0.014935,0.014763
False,0.412500,0.6882100,1.1581780,0.015335,0.015192
False,0.416667,0.6882738,1.1582420,0.015335,0.015192
False,0.420833,0.6883395,1.1583070,0.015750,0.015621
False,0.425000,0.6884052,1.1583720,0.015764,0.015564
False,0.429167,0.6884724,1.1584380,0.016150,0.015993
False,0.433333,0.6885397,1.1585050,0.016150,0.015965
False,0.437500,0.6886088,1.1585730,0.016580,0.016394
False,0.441667,0.6886778,1.1586410,0.016565,0.016365
False,0.445833,0.6887485,1.1587110,0.016966,0.016766
False,0.450000,0.6888192,1.1587810,0.016966,0.016766
False,0.454167,0.6888916,1.1588530,0.017381,0.017195
False,0.458333,0.6889640,1.1589240,0.017366,0.017138
False,0.462500,0.6890380,1.1589970,0.017753,0.017509
False,0.466667,0.6891119,1.1590700,0.017753,0.017509
False,0.470833,0.6891875,1.1591450,0.018139,0.017910
False,0.475000,0.6892632,1.1592190,0.018153,0.017881
False,0.479167,0.6893404,1.1592950,0.018525,0.018282
False,0.483333,0.6894176,1.1593710,0.018539,0.018253
False,0.487500,0.6894963,1.1594490,0.018897,0.018625
False,0.491667,0.6895751,1.1595270,0.018911,0.018654
False,0.495833,0.6896555,1.1596060,0.019283,0.018940
False,0.500000,0.6897358,1.1596850,0.019283,0.018997
False,0.504167,0.6898177,1.1597650,0.019641,0.019312
False,0.508333,0.6898996,1.1598460,0.019655,0.019312
False,0.512500,0.6899829,1.1599280,0.019999,0.019684
False,0.516667,0.6900662,1.1600100,0.019999,0.019655
False,0.520833,0.6901511,1.1600930,0.020370,0.020027
False,0.525000,0.6902359,1.1601760,0.020356,0.019999
False,0.529167,0.6903222,1.1602610,0.020714,0.020342
False,0.533333,0.6904085,1.1603460,0.020714,0.020313
False,0.537500,0.6904962,1.1604320,0.021043,0.020657
False,0.541667,0.6905839,1.1605180,0.021057,0.020657
False,0.545833,0.6906730,1.1606050,0.021372,0.020943
False,0.550000,0.6907621,1.1606920,0.021386,0.020943
False,0.554167,0.6908526,1.1607810,0.021715,0.021286
False,0.558333,0.6909431,1.1608700,0.021715,0.021286
False,0.562500,0.6910349,1.1609590,0.022030,0.021515
False,0.566667,0.6911266,1.1610490,0.022030,0.021601
False,0.570833,0.6912197,1.1611410,0.022345,0.021887
False,0.575000,0.6913128,1.1612320,0.022330,0.021801
False,0.579167,0.6914071,1.1613240,0.022645,0.022144
False,0.583333,0.6915015,1.1614160,0.022645,0.022144
False,0.587500,0.6915971,1.1615090,0.022945,0.022402
False,0.591667,0.6916927,1.1616030,0.022945,0.022373
False,0.595833,0.6917894,1.1616970,0.023217,0.022688
False,0.600000,0.6918863,1.1617920,0.023246,0.022688
False,0.604167,0.6919842,1.1618870,0.023503,0.022917
False,0.608333,0.6920821,1.1619830,0.023489,0.022945
False,0.612500,0.6921812,1.1620790,0.023775,0.023146
False,0.616667,0.6922802,1.1621760,0.023775,0.023117
False,0.620833,0.6923804,1.1622730,0.024033,0.023432
False,0.625000,0.6924806,1.1623710,0.024047,0.023403
False,0.629167,0.6925817,1.1624690,0.024276,0.023603
False,0.633333,0.6926828,1.1625670,0.024261,0.023603
False,0.637500,0.6927850,1.1626670,0.024533,0.023832
False,0.641667,0.6928872,1.1627660,0.024533,0.023861
False,0.645833,0.6929905,1.1628660,0.024776,0.024061
False,0.650000,0.6930936,1.1629660,0.024748,0.024033
False,0.654167,0.6931977,1.1630680,0.024991,0.024261
False,0.658333,0.6933019,1.1631690,0.024991,0.024233
False,0.662500,0.6934068,1.1632700,0.025191,0.024433
False,0.666667,0.6935118,1.1633720,0.025206,0.024433
False,0.670833,0.6936176,1.1634750,0.025392,0.024605
False,0.675000,0.6937235,1.1635770,0.025406,0.024605
False,0.679167,0.6938301,1.1636800,0.025592,0.024748
False,0.683333,0.6939367,1.1637830,0.025578,0.024748
False,0.687500,0.6940442,1.1638880,0.025792,0.024977
False,0.691667,0.6941516,1.1639910,0.025778,0.024891
False,0.695833,0.6942597,1.1640960,0.025949,0.025091
False,0.700000,0.6943679,1.1642000,0.025964,0.025063
False,0.704167,0.6944767,1.1643050,0.026121,0.025234
False,0.708333,0.6945855,1.1644100,0.026107,0.025148
False,0.712500,0.6946949,1.1645160,0.026250,0.025349
False,0.716667,0.6948043,1.1646210,0.026250,0.025320
False,0.720833,0.6949143,1.1647270,0.026422,0.025463
False,0.725000,0.6950245,1.1648330,0.026436,0.025434
False,0.729167,0.6951350,1.1649400,0.026522,0.025549
False,0.733333,0.6952456,1.1650460,0.026550,0.025549
False,0.737500,0.6953567,1.1651530,0.026665,0.025663
False,0.741667,0.6954678,1.1652600,0.026665,0.025663
False,0.745833,0.6955793,1.1653670,0.026765,0.025692
False,0.750000,0.6956909,1.1654740,0.026765,0.025721
False,0.754167,0.6958029,1.1655820,0.026879,0.025778
False,0.758333,0.6959149,1.1656890,0.026879,0.025806
False,0.762500,0.6960272,1.1657970,0.026951,0.025864
False,0.766667,0.6961395,1.1659050,0.026965,0.025864
False,0.770833,0.6962522,1.1660130,0.027037,0.025921
False,0.775000,0.6963649,1.1661210,0.027051,0.025892
False,0.779167,0.6964778,1.1662290,0.027094,0.025978
False,0.783333,0.6965907,1.1663370,0.027094,0.025892
False,0.787500,0.6967039,1.1664450,0.027165,0.026007
False,0.791667,0.6968170,1.1665530,0.027165,0.025949
False,0.795833,0.6969304,1.1666620,0.027208,0.025978
False,0.800000,0.6970438,1.1667700,0.027208,0.026035
False,0.804167,0.6971572,1.1668780,0.027223,0.025949
False,0.808333,0.6972706,1.1669870,0.027223,0.026035
False,0.812500,0.6973842,1.1670950,0.027266,0.025978
False,0.816667,0.6974978,1.1672030,0.027266,0.026035
False,0.820833,0.6976115,1.1673110,0.027280,0.025949
False,0.825000,0.6977252,1.1674200,0.027280,0.025978
False,0.829167,0.6978388,1.1675280,0.027266,0.025949
False,0.833333,0.6979524,1.1676360,0.027266,0.025949
False,0.837500,0.6980660,1.1677440,0.027266,0.025949
False,0.841667,0.6981795,1.1678520,0.027251,0.025892
False,0.845833,0.6982931,1.1679600,0.027251,0.025921
False,0.850000,0.6984066,1.1680680,0.027237,0.025835
False,0.854167,0.6985199,1.1681750,0.027194,0.025864
False,0.858333,0.6986333,1.1682830,0.027208,0.025778
False,0.862500,0.6987464,1.1683900,0.027151,0.025749
False,0.866667,0.6988595,1.1684970,0.027137,0.025749
False,0.870833,0.6989724,1.1686040,0.027108,0.025721
False,0.875000,0.6990855,1.1687110,0.027137,0.025635
False,0.879167,0.6991981,1.1688180,0.027022,0.025635
False,0.883333,0.6993108,1.1689250,0.027051,0.025578
False,0.887500,0.6994231,1.1690310,0.026951,0.025492
False,0.891667,0.6995354,1.1691370,0.026965,0.025463
False,0.895833,0.6996474,1.1692430,0.026865,0.025377
False,0.900000,0.6997593,1.1693490,0.026865,0.025406
False,0.904167,0.6998709,1.1694540,0.026779,0.025263
False,0.908333,0.6999825,1.1695590,0.026779,0.025263
False,0.912500,0.7000936,1.1696640,0.026665,0.025148
False,0.916667,0.7002047,1.1697690,0.026665,0.025177
False,0.920833,0.7003152,1.1698730,0.026536,0.024977
False,0.925000,0.7004258,1.1699770,0.026536,0.025005
False,0.929167,0.7005358,1.1700810,0.026407,0.024834
False,0.933333,0.7006459,1.1701840,0.026407,0.024862
False,0.937500,0.7007553,1.1702870,0.026264,0.024719
False,0.941667,0.7008647,1.1703900,0.026264,0.024691
False,0.945833,0.7009736,1.1704920,0.026121,0.024548
False,0.950000,0.7010824,1.1705940,0.026121,0.024519
False,0.954167,0.7011906,1.1706960,0.025964,0.024319
False,0.958333,0.7012987,1.1707970,0.025949,0.024376
False,0.962500,0.7014061,1.1708980,0.025778,0.024176
False,0.966667,0.7015135,1.1709990,0.025778,0.024176
False,0.970833,0.7016202,1.1710990,0.025592,0.023975
False,0.975000,0.7017268,1.1711990,0.025592,0.023975
False,0.979167,0.7018326,1.1712980,0.025392,0.023775
False,0.983333,0.7019384,1.1713970,0.025392,0.023775
False,0.987500,0.7020434,1.1714950,0.025206,0.023546
False,0.991667,0.7021484,1.1715930,0.025206,0.023575
False,0.995833,0.7022526,1.1716900,0.024991,0.023346
False,1.000000,0.7023566,1.1717880,0.024977,0.023375
False,1.004167,0.7024598,1.1718840,0.024762,0.023088
False,1.008333,0.7025629,1.1719800,0.024748,0.023088
False,1.012500,0.7026652,1.1720760,0.024533,0.022888
False,1.016667,0.7027673,1.1721710,0.024519,0.022888
False,1.020833,0.7028685,1.1722650,0.024276,0.022602
False,1.025000,0.7029697,1.1723590,0.024304,0.022659
False,1.029167,0.7030699,1.1724530,0.024033,0.022373
False,1.033333,0.7031701,1.1725460,0.024047,0.022402
False,1.037500,0.7032691,1.1726380,0.023761,0.022116
False,1.041667,0.7033681,1.1727300,0.023775,0.022087
False,1.045833,0.7034661,1.1728210,0.023503,0.021858
False,1.050000,0.7035640,1.1729120,0.023518,0.021858
False,1.054167,0.7036608,1.1730020,0.023217,0.021544
False,1.058333,0.7037576,1.1730920,0.023232,0.021515
False,1.062500,0.7038532,1.1731810,0.022945,0.021372
False,1.066667,0.7039487,1.1732690,0.022931,0.021257
False,1.070833,0.7040431,1.1733570,0.022645,0.020971
False,1.075000,0.7041374,1.1734440,0.022645,0.021029
False,1.079167,0.7042304,1.1735310,0.022316,0.020685
False,1.083333,0.7043235,1.1736170,0.022330,0.020685
False,1.087500,0.7044153,1.1737020,0.022044,0.020370
False,1.091667,0.7045072,1.1737870,0.022044,0.020428
False,1.095833,0.7045977,1.1738700,0.021715,0.020084
False,1.100000,0.7046881,1.1739540,0.021701,0.020084
False,1.104167,0.7047772,1.1740370,0.021386,0.019798
False,1.108333,0.7048663,1.1741190,0.021386,0.019712
False,1.112500,0.7049540,1.1742000,0.021043,0.019455
False,1.116667,0.7050417,1.1742810,0.021057,0.019455
False,1.120833,0.7051280,1.1743600,0.020714,0.019083
False,1.125000,0.7052143,1.1744400,0.020700,0.019140
False,1.129167,0.7052991,1.1745180,0.020356,0.018768
False,1.133333,0.7053839,1.1745960,0.020356,0.018740
False,1.137500,0.7054673,1.1746730,0.020027,0.018454
False,1.141667,0.7055507,1.1747500,0.020013,0.018454
False,1.145833,0.7056326,1.1748260,0.019655,0.018110
False,1.150000,0.7057145,1.1749010,0.019641,0.018053
False,1.154167,0.7057948,1.1749750,0.019283,0.017767
False,1.158333,0.7058752,1.1750490,0.019283,0.017767
False,1.162500,0.7059539,1.1751210,0.018897,0.017395
False,1.166667,0.7060326,1.1751940,0.018897,0.017366
False,1.170833,0.7061099,1.1752650,0.018539,0.017023
False,1.175000,0.7061871,1.1753360,0.018539,0.017023
False,1.179167,0.7062627,1.1754050,0.018139,0.016680
False,1.183333,0.7063383,1.1754750,0.018139,0.016680
False,1.187500,0.7064123,1.1755420,0.017767,0.016279
False,1.191667,0.7064863,1.1756100,0.017753,0.016308
False,1.195833,0.7065586,1.1756770,0.017366,0.015907
False,1.200000,0.7066309,1.1757430,0.017352,0.015907
False,1.204167,0.7067017,1.1758080,0.016980,0.015593
False,1.208333,0.7067724,1.1758730,0.016980,0.015564
False,1.212500,0.7068415,1.1759360,0.016565,0.015163
False,1.216667,0.7069105,1.1759990,0.016565,0.015163
False,1.220833,0.7069778,1.1760610,0.016150,0.014791
False,1.225000,0.7070451,1.1761220,0.016150,0.014791
False,1.229167,0.7071108,1.1761820,0.015764,0.014391
False,1.233333,0.7071764,1.1762430,0.015750,0.014448
False,1.237500,0.7072403,1.1763010,0.015335,0.014048
False,1.241667,0.7073042,1.1763600,0.015349,0.014019
False,1.245833,0.7073665,1.1764160,0.014935,0.013618
False,1.250000,0.7074286,1.1764730,0.014920,0.013647
False,1.254167,0.7074891,1.1765280,0.014505,0.013218
False,1.258333,0.7075495,1.1765840,0.014505,0.013304
False,1.262500,0.7076083,1.1766370,0.014105,0.012875
False,1.266667,0.7076670,1.1766910,0.014091,0.012846
False,1.270833,0.7077239,1.1767430,0.013661,0.012474
False,1.275000,0.7077809,1.1767950,0.013676,0.012474
False,1.279167,0.7078361,1.1768450,0.013247,0.012102
False,1.283333,0.7078912,1.1768950,0.013232,0.012074
False,1.287500,0.7079447,1.1769440,0.012832,0.011644
False,1.291667,0.7079982,1.1769930,0.012832,0.011730
False,1.295833,0.7080498,1.1770400,0.012388,0.011301
False,1.300000,0.7081015,1.1770870,0.012417,0.011301
False,1.304167,0.7081513,1.1771320,0.011959,0.010872
False,1.308333,0.7082012,1.1771780,0.011959,0.010929
False,1.312500,0.7082493,1.1772220,0.011559,0.010500
False,1.316667,0.7082976,1.1772660,0.011573,0.010529
False,1.320833,0.7083439,1.1773080,0.011115,0.010157
False,1.325000,0.7083902,1.1773500,0.011129,0.010128
False,1.329167,0.7084349,1.1773910,0.010715,0.009756
False,1.333333,0.7084795,1.1774310,0.010715,0.009727
False,1.337500,0.7085223,1.1774700,0.010271,0.009327
False,1.341667,0.7085651,1.1775090,0.010271,0.009356
False,1.345833,0.7086062,1.1775470,0.009871,0.008984
False,1.350000,0.7086474,1.1775840,0.009885,0.008984
False,1.354167,0.7086868,1.1776200,0.009441,0.008583
False,1.358333,0.7087262,1.1776550,0.009456,0.008583
False,1.362500,0.7087638,1.1776900,0.009027,0.008183
False,1.366667,0.7088014,1.1777240,0.009041,0.008240
False,1.370833,0.7088373,1.1777560,0.008612,0.007811
False,1.375000,0.7088733,1.1777890,0.008626,0.007811
False,1.379167,0.7089075,1.1778200,0.008211,0.007439
False,1.383333,0.7089418,1.1778510,0.008225,0.007496
False,1.387500,0.7089743,1.1778810,0.007811,0.007095
False,1.391667,0.7090068,1.1779100,0.007811,0.007067
False,1.395833,0.7090377,1.1779380,0.007410,0.006752
False,1.400000,0.7090686,1.1779660,0.007410,0.006695
False,1.404167,0.7090978,1.1779930,0.007010,0.006351
False,1.408333,0.7091271,1.1780190,0.007024,0.006409
False,1.412500,0.7091546,1.1780440,0.006609,0.005980
False,1.416667,0.7091823,1.1780690,0.006638,0.006037
False,1.420833,0.7092083,1.1780930,0.006237,0.005665
False,1.425000,0.7092343,1.1781170,0.006251,0.005665
False,1.429167,0.7092587,1.1781390,0.005865,0.005293
False,1.433333,0.7092832,1.1781610,0.005865,0.005293
False,1.437500,0.7093060,1.1781820,0.005479,0.005007
False,1.441667,0.7093289,1.1782020,0.005507,0.004978
False,1.445833,0.7093503,1.1782220,0.005121,0.004663
False,1.450000,0.7093717,1.1782410,0.005136,0.004663
False,1.454167,0.7093915,1.1782590,0.004764,0.004292
False,1.458333,0.7094114,1.1782770,0.004778,0.004320
False,1.462500,0.7094299,1.1782940,0.004420,0.004005
False,1.466667,0.7094483,1.1783110,0.004420,0.004005
False,1.470833,0.7094653,1.1783260,0.004091,0.003719
False,1.475000,0.7094824,1.1783410,0.004091,0.003691
False,1.479167,0.7094981,1.1783560,0.003777,0.003405
False,1.483333,0.7095137,1.1783700,0.003748,0.003433
False,1.487500,0.7095281,1.1783830,0.003448,0.003090
False,1.491667,0.7095425,1.1783960,0.003448,0.003147
False,1.495833,0.7095554,1.1784080,0.003119,0.002804
False,1.500000,0.7095686,1.1784190,0.003147,0.002861
False,1.504167,0.7095804,1.1784300,0.002832,0.002546
False,1.508333,0.7095922,1.1784410,0.002832,0.002604
False,1.512500,0.7096027,1.1784500,0.002532,0.002260
False,1.516667,0.7096133,1.1784600,0.002532,0.002289
False,1.520833,0.7096227,1.1784680,0.002275,0.002060
False,1.525000,0.7096322,1.1784770,0.002275,0.002060
False,1.529167,0.7096406,1.1784850,0.002017,0.001831
False,1.533333,0.7096490,1.1784920,0.002003,0.001831
False,1.537500,0.7096564,1.1784990,0.001774,0.001574
False,1.541667,0.7096637,1.1785060,0.001760,0.001602
False,1.545833,0.7096701,1.1785110,0.001531,0.001373
False,1.550000,0.7096764,1.1785170,0.001531,0.001402
False,1.554167,0.7096819,1.1785220,0.001302,0.001173
False,1.558333,0.7096873,1.1785270,0.001302,0.001202
False,1.562500,0.7096919,1.1785310,0.001101,0.000973
False,1.566667,0.7096965,1.1785350,0.001116,0.001001
False,1.570833,0.7097003,1.1785390,0.000901,0.000830
False,1.575000,0.7097040,1.1785420,0.000901,0.000801
False,1.579167,0.7097071,1.1785450,0.000744,0.000687
False,1.583333,0.7097102,1.1785480,0.000730,0.000658
False,1.587500,0.7097127,1.1785500,0.000601,0.000544
False,1.591667,0.7097151,1.1785520,0.000587,0.000515
False,1.595833,0.7097170,1.1785540,0.000443,0.000429
False,1.600000,0.7097187,1.1785550,0.000415,0.000372
False,1.604167,0.7097201,1.1785570,0.000329,0.000286
False,1.608333,0.7097214,1.1785580,0.000329,0.000315
False,1.612500,0.7097223,1.1785590,0.000215,0.000172
False,1.616667,0.7097232,1.1785590,0.000200,0.000200
False,1.620833,0.7097238,1.1785600,0.000143,0.000114
False,1.625000,0.7097243,1.1785600,0.000129,0.000143
False,1.629167,0.7097246,1.1785610,0.000072,0.000086
False,1.633333,0.7097249,1.1785610,0.000072,0.000029
False,1.637500,0.7097250,1.1785610,0.000029,0.000029
False,1.641667,0.7097251,1.1785610,0.000014,0.000000
False,1.645833,0.7097251,1.1785610,0.000000,0.000000
False,1.650000,0.7097251,1.1785610,0.000000,0.000000
False,1.654167,0.7097251,1.1785610,0.000000,0.000000
False,1.658333,0.7097251,1.1785610,0.000000,0.000000
False,1.662500,0.7097250,1.1785610,-0.000014,0.000000
False,1.666667,0.7097249,1.1785610,-0.000029,0.000000
False,1.670833,0.7097247,1.1785610,-0.000057,-0.000029
False,1.675000,0.7097245,1.1785610,-0.000043,-0.000086
False,1.679167,0.7097241,1.1785600,-0.000100,-0.000086
False,1.683333,0.7097237,1.1785600,-0.000100,-0.000057
False,1.687500,0.7097229,1.1785590,-0.000172,-0.000172
False,1.691667,0.7097222,1.1785590,-0.000186,-0.000114
False,1.695833,0.7097211,1.1785580,-0.000243,-0.000229
False,1.700000,0.7097201,1.1785570,-0.000243,-0.000172
False,1.704167,0.7097186,1.1785560,-0.000358,-0.000286
False,1.708333,0.7097172,1.1785550,-0.000343,-0.000315
False,1.712500,0.7097153,1.1785530,-0.000458,-0.000343
False,1.716667,0.7097133,1.1785520,-0.000472,-0.000372
False,1.720833,0.7097109,1.1785500,-0.000587,-0.000486
False,1.725000,0.7097085,1.1785480,-0.000587,-0.000486
False,1.729167,0.7097054,1.1785450,-0.000730,-0.000572
False,1.733333,0.7097024,1.1785430,-0.000715,-0.000572
False,1.737500,0.7096987,1.1785400,-0.000887,-0.000744
False,1.741667,0.7096951,1.1785370,-0.000873,-0.000715
False,1.745833,0.7096907,1.1785330,-0.001059,-0.000830
False,1.750000,0.7096863,1.1785300,-0.001044,-0.000858
False,1.754167,0.7096812,1.1785250,-0.001230,-0.001030
False,1.758333,0.7096761,1.1785210,-0.001216,-0.000973
False,1.762500,0.7096702,1.1785170,-0.001431,-0.001173
False,1.766667,0.7096643,1.1785120,-0.001416,-0.001116
False,1.770833,0.7096575,1.1785060,-0.001616,-0.001287
False,1.775000,0.7096508,1.1785010,-0.001631,-0.001345
False,1.779167,0.7096431,1.1784950,-0.001831,-0.001488
False,1.783333,0.7096355,1.1784880,-0.001831,-0.001488
False,1.787500,0.7096268,1.1784810,-0.002089,-0.001688
False,1.791667,0.7096182,1.1784740,-0.002060,-0.001688
False,1.795833,0.7096087,1.1784670,-0.002289,-0.001860
False,1.800000,0.7095991,1.1784590,-0.002289,-0.001831
False,1.804167,0.7095885,1.1784500,-0.002546,-0.002089
False,1.808333,0.7095779,1.1784420,-0.002546,-0.002031
False,1.812500,0.7095662,1.1784320,-0.002818,-0.002289
False,1.816667,0.7095544,1.1784230,-0.002818,-0.002289
False,1.820833,0.7095417,1.1784120,-0.003061,-0.002489
False,1.825000,0.7095289,1.1784020,-0.003061,-0.002489
False,1.829167,0.7095149,1.1783910,-0.003362,-0.002747
False,1.833333,0.7095010,1.1783790,-0.003347,-0.002718
False,1.837500,0.7094858,1.1783670,-0.003648,-0.002975
False,1.841667,0.7094706,1.1783550,-0.003633,-0.002947
False,1.845833,0.7094541,1.1783410,-0.003963,-0.003204
False,1.850000,0.7094377,1.1783280,-0.003934,-0.003204
False,1.854167,0.7094201,1.1783130,-0.004220,-0.003462
False,1.858333,0.7094026,1.1782990,-0.004220,-0.003433
False,1.862500,0.7093836,1.1782840,-0.004549,-0.003691
False,1.866667,0.7093647,1.1782680,-0.004549,-0.003691
False,1.870833,0.7093443,1.1782520,-0.004878,-0.003977
False,1.875000,0.7093241,1.1782350,-0.004864,-0.003977
False,1.879167,0.7093024,1.1782180,-0.005193,-0.004263
False,1.883333,0.7092807,1.1782000,-0.005207,-0.004234
False,1.887500,0.7092577,1.1781810,-0.005522,-0.004549
False,1.891667,0.7092348,1.1781620,-0.005507,-0.004435
False,1.895833,0.7092103,1.1781420,-0.005879,-0.004835
False,1.900000,0.7091858,1.1781220,-0.005865,-0.004778
False,1.904167,0.7091599,1.1781010,-0.006223,-0.005093
False,1.908333,0.7091340,1.1780800,-0.006223,-0.005093
False,1.912500,0.7091067,1.1780580,-0.006552,-0.005379
False,1.916667,0.7090793,1.1780350,-0.006566,-0.005350
False,1.920833,0.7090505,1.1780120,-0.006924,-0.005693
False,1.925000,0.7090216,1.1779880,-0.006924,-0.005665
False,1.929167,0.7089912,1.1779630,-0.007310,-0.006008
False,1.933333,0.7089608,1.1779380,-0.007296,-0.005980
False,1.937500,0.7089289,1.1779120,-0.007639,-0.006294
False,1.941667,0.7088970,1.1778860,-0.007668,-0.006266
False,1.945833,0.7088635,1.1778580,-0.008039,-0.006609
False,1.950000,0.7088300,1.1778300,-0.008039,-0.006638
False,1.954167,0.7087950,1.1778010,-0.008411,-0.006952
False,1.958333,0.7087600,1.1777730,-0.008397,-0.006952
False,1.962500,0.7087233,1.1777420,-0.008798,-0.007238
False,1.966667,0.7086867,1.1777120,-0.008783,-0.007238
False,1.970833,0.7086484,1.1776810,-0.009184,-0.007582
False,1.975000,0.7086102,1.1776490,-0.009184,-0.007610
False,1.979167,0.7085703,1.1776160,-0.009570,-0.007925
False,1.983333,0.7085304,1.1775830,-0.009570,-0.007896
False,1.987500,0.7084889,1.1775480,-0.009956,-0.008297
False,1.991667,0.7084474,1.1775140,-0.009971,-0.008240
False,1.995833,0.7084042,1.1774780,-0.010357,-0.008640
False,2.000000,0.7083610,1.1774420,-0.010371,-0.008583
False,2.004167,0.7083162,1.1774050,-0.010757,-0.008926
False,2.008333,0.7082714,1.1773680,-0.010757,-0.008955
False,2.012500,0.7082248,1.1773290,-0.011172,-0.009298
False,2.016667,0.7081783,1.1772900,-0.011158,-0.009298
False,2.020833,0.7081301,1.1772500,-0.011573,-0.009642
False,2.025000,0.7080820,1.1772100,-0.011559,-0.009670
False,2.029167,0.7080320,1.1771680,-0.011988,-0.010014
False,2.033333,0.7079822,1.1771260,-0.011959,-0.010014
False,2.037500,0.7079306,1.1770830,-0.012388,-0.010386
False,2.041667,0.7078789,1.1770400,-0.012388,-0.010357
False,2.045833,0.7078257,1.1769950,-0.012789,-0.010729
False,2.050000,0.7077724,1.1769510,-0.012774,-0.010729
False,2.054167,0.7077175,1.1769040,-0.013189,-0.011072
False,2.058333,0.7076625,1.1768580,-0.013204,-0.011129
False,2.062500,0.7076057,1.1768100,-0.013618,-0.011473
False,2.066667,0.7075490,1.1767630,-0.013618,-0.011444
False,2.070833,0.7074906,1.1767130,-0.014019,-0.011873
False,2.075000,0.7074322,1.1766640,-0.014019,-0.011845
False,2.079167,0.7073720,1.1766130,-0.014434,-0.012245
False,2.083333,0.7073119,1.1765620,-0.014434,-0.012159
False,2.087500,0.7072501,1.1765090,-0.014834,-0.012617
False,2.091667,0.7071881,1.1764570,-0.014863,-0.012589
False,2.095833,0.7071246,1.1764030,-0.015249,-0.013018
False,2.100000,0.7070610,1.1763490,-0.015264,-0.012932
False,2.104167,0.7069957,1.1762930,-0.015664,-0.013390
False,2.108333,0.7069305,1.1762380,-0.015664,-0.013332
False,2.112500,0.7068635,1.1761800,-0.016079,-0.013762
False,2.116667,0.7067964,1.1761230,-0.016093,-0.013733
False,2.120833,0.7067277,1.1760640,-0.016494,-0.014162
False,2.125000,0.7066590,1.1760050,-0.016494,-0.014105
False,2.129167,0.7065886,1.1759450,-0.016894,-0.014505
False,2.133333,0.7065182,1.1758840,-0.016894,-0.014534
False,2.137500,0.7064460,1.1758220,-0.017323,-0.014906
False,2.141667,0.7063739,1.1757600,-0.017295,-0.014906
False,2.145833,0.7063001,1.1756960,-0.017710,-0.015306
False,2.150000,0.7062263,1.1756330,-0.017710,-0.015278
False,2.154167,0.7061508,1.1755670,-0.018125,-0.015707
False,2.158333,0.7060754,1.1755020,-0.018110,-0.015678
False,2.162500,0.7059981,1.1754350,-0.018539,-0.016108
False,2.166667,0.7059209,1.1753680,-0.018525,-0.016079
False,2.170833,0.7058421,1.1752990,-0.018926,-0.016508
False,2.175000,0.7057633,1.1752300,-0.018897,-0.016451
False,2.179167,0.7056828,1.1751600,-0.019326,-0.016880
False,2.183333,0.7056023,1.1750900,-0.019326,-0.016851
False,2.187500,0.7055202,1.1750180,-0.019712,-0.017309
False,2.191667,0.7054380,1.1749460,-0.019712,-0.017252
False,2.195833,0.7053542,1.1748720,-0.020127,-0.017681
False,2.200000,0.7052705,1.1747990,-0.020084,-0.017653
False,2.204167,0.7051851,1.1747230,-0.020499,-0.018082
False,2.208333,0.7050996,1.1746480,-0.020514,-0.018082
False,2.212500,0.7050126,1.1745710,-0.020885,-0.018454
False,2.216667,0.7049256,1.1744940,-0.020871,-0.018454
False,2.220833,0.7048370,1.1744150,-0.021272,-0.018883
False,2.225000,0.7047483,1.1743370,-0.021272,-0.018854
False,2.229167,0.7046582,1.1742570,-0.021644,-0.019255
False,2.233333,0.7045680,1.1741760,-0.021629,-0.019255
False,2.237500,0.7044762,1.1740950,-0.022030,-0.019655
False,2.241667,0.7043845,1.1740130,-0.022016,-0.019655
False,2.245833,0.7042912,1.1739290,-0.022402,-0.020084
False,2.250000,0.7041978,1.1738460,-0.022402,-0.020027
False,2.254167,0.7041030,1.1737600,-0.022759,-0.020456
False,2.258333,0.7040082,1.1736750,-0.022759,-0.020428
False,2.262500,0.7039118,1.1735880,-0.023117,-0.020857
False,2.266667,0.7038155,1.1735010,-0.023131,-0.020857
False,2.270833,0.7037176,1.1734130,-0.023489,-0.021229
False,2.275000,0.7036197,1.1733240,-0.023503,-0.021286
False,2.279167,0.7035204,1.1732340,-0.023818,-0.021629
False,2.283333,0.7034211,1.1731440,-0.023832,-0.021658
False,2.287500,0.7033204,1.1730520,-0.024176,-0.021973
False,2.291667,0.7032196,1.1729600,-0.024190,-0.022087
False,2.295833,0.7031174,1.1728670,-0.024533,-0.022402
False,2.300000,0.7030151,1.1727730,-0.024533,-0.022430
False,2.304167,0.7029115,1.1726780,-0.024877,-0.022860
False,2.308333,0.7028078,1.1725830,-0.024877,-0.022802
False,2.312500,0.7027028,1.1724870,-0.025206,-0.023203
False,2.316667,0.7025978,1.1723900,-0.025206,-0.023232
False,2.320833,0.7024914,1.1722920,-0.025535,-0.023575
False,2.325000,0.7023849,1.1721930,-0.025549,-0.023603
False,2.329167,0.7022773,1.1720930,-0.025835,-0.023947
False,2.333333,0.7021696,1.1719930,-0.025849,-0.024004
False,2.337500,0.7020605,1.1718920,-0.026178,-0.024376
False,2.341667,0.7019515,1.1717900,-0.026164,-0.024347
False,2.345833,0.7018411,1.1716870,-0.026493,-0.024719
False,2.350000,0.7017307,1.1715840,-0.026493,-0.024834
False,2.354167,0.7016191,1.1714790,-0.026793,-0.025120
False,2.358333,0.7015074,1.1713740,-0.026793,-0.025148
False,2.362500,0.7013946,1.1712680,-0.027080,-0.025463
False,2.366667,0.7012818,1.1711620,-0.027080,-0.025520
False,2.370833,0.7011676,1.1710540,-0.027394,-0.025864
False,2.375000,0.7010535,1.1709460,-0.027394,-0.025949
False,2.379167,0.7009382,1.1708370,-0.027666,-0.026207
False,2.383333,0.7008229,1.1707270,-0.027666,-0.026264
False,2.387500,0.7007065,1.1706170,-0.027952,-0.026608
False,2.391667,0.7005901,1.1705060,-0.027938,-0.026636
False,2.395833,0.7004725,1.1703930,-0.028224,-0.026951
False,2.400000,0.7003548,1.1702810,-0.028238,-0.027037
False,2.404167,0.7002361,1.1701670,-0.028481,-0.027323
False,2.408333,0.7001175,1.1700530,-0.028481,-0.027409
False,2.412500,0.6999977,1.1699370,-0.028753,-0.027666
False,2.416667,0.6998779,1.1698220,-0.028739,-0.027723
False,2.420833,0.6997571,1.1697050,-0.028996,-0.028038
False,2.425000,0.6996362,1.1695880,-0.029025,-0.028095
False,2.429167,0.6995144,1.1694700,-0.029225,-0.028410
False,2.433333,0.6993924,1.1693510,-0.029268,-0.028410
False,2.437500,0.6992696,1.1692310,-0.029483,-0.028753
False,2.441667,0.6991468,1.1691110,-0.029469,-0.028782
False,2.445833,0.6990229,1.1689900,-0.029726,-0.029068
False,2.450000,0.6988991,1.1688690,-0.029726,-0.029154
False,2.454167,0.6987744,1.1687460,-0.029926,-0.029411
False,2.458333,0.6986496,1.1686240,-0.029941,-0.029440
False,2.462500,0.6985239,1.1685000,-0.030169,-0.029726
False,2.466667,0.6983983,1.1683750,-0.030155,-0.029840
False,2.470833,0.6982718,1.1682500,-0.030355,-0.030069
False,2.475000,0.6981453,1.1681250,-0.030370,-0.030127
False,2.479167,0.6980179,1.1679980,-0.030570,-0.030413
False,2.483333,0.6978906,1.1678710,-0.030556,-0.030441
False,2.487500,0.6977624,1.1677430,-0.030770,-0.030699
False,2.491667,0.6976342,1.1676150,-0.030770,-0.030785
False,2.495833,0.6975053,1.1674860,-0.030928,-0.031013
False,2.500000,0.6973764,1.1673560,-0.030942,-0.031071
False,2.504167,0.6972467,1.1672260,-0.031128,-0.031328
False,2.508333,0.6971169,1.1670950,-0.031142,-0.031414
False,2.512500,0.6969866,1.1669630,-0.031285,-0.031643
False,2.516667,0.6968562,1.1668310,-0.031285,-0.031672
False,2.520833,0.6967251,1.1666980,-0.031457,-0.031929
False,2.525000,0.6965941,1.1665650,-0.031457,-0.031986
False,2.529167,0.6964624,1.1664310,-0.031600,-0.032187
False,2.533333,0.6963307,1.1662960,-0.031614,-0.032272
False,2.537500,0.6961984,1.1661610,-0.031743,-0.032501
False,2.541667,0.6960661,1.1660250,-0.031757,-0.032558
False,2.545833,0.6959332,1.1658890,-0.031886,-0.032759
False,2.550000,0.6958004,1.1657520,-0.031886,-0.032816
False,2.554167,0.6956669,1.1656140,-0.032029,-0.033045
False,2.558333,0.6955335,1.1654760,-0.032015,-0.033131
False,2.562500,0.6953996,1.1653380,-0.032129,-0.033245
False,2.566667,0.6952658,1.1651990,-0.032129,-0.033360
False,2.570833,0.6951314,1.1650590,-0.032258,-0.033560
False,2.575000,0.6949970,1.1649190,-0.032258,-0.033617
False,2.579167,0.6948621,1.1647780,-0.032358,-0.033789
False,2.583333,0.6947273,1.1646370,-0.032358,-0.033875
False,2.587500,0.6945921,1.1644950,-0.032444,-0.034046
False,2.591667,0.6944569,1.1643530,-0.032444,-0.034103
False,2.595833,0.6943213,1.1642100,-0.032544,-0.034246
False,2.600000,0.6941858,1.1640670,-0.032530,-0.034361
False,2.604167,0.6940500,1.1639240,-0.032601,-0.034418
False,2.608333,0.6939141,1.1637790,-0.032601,-0.034561
False,2.612500,0.6937779,1.1636350,-0.032701,-0.034704
False,2.616667,0.6936417,1.1634900,-0.032687,-0.034790
False,2.620833,0.6935053,1.1633450,-0.032730,-0.034904
False,2.625000,0.6933689,1.1631990,-0.032730,-0.034962
False,2.629167,0.6932322,1.1630520,-0.032802,-0.035133
False,2.633333,0.6930956,1.1629060,-0.032802,-0.035191
False,2.637500,0.6929588,1.1627590,-0.032830,-0.035248
False,2.641667,0.6928219,1.1626120,-0.032859,-0.035362
False,2.645833,0.6926849,1.1624640,-0.032859,-0.035505
False,2.650000,0.6925479,1.1623160,-0.032887,-0.035534
False,2.654167,0.6924109,1.1621670,-0.032887,-0.035620
False,2.658333,0.6922739,1.1620180,-0.032887,-0.035734
False,2.662500,0.6921366,1.1618690,-0.032930,-0.035791
False,2.666667,0.6919995,1.1617200,-0.032916,-0.035877
False,2.670833,0.6918623,1.1615700,-0.032930,-0.035963
False,2.675000,0.6917251,1.1614200,-0.032916,-0.036049
False,2.679167,0.6915879,1.1612690,-0.032945,-0.036106
False,2.683333,0.6914507,1.1611190,-0.032930,-0.036163
False,2.687500,0.6913136,1.1609670,-0.032902,-0.036249
False,2.691667,0.6911764,1.1608160,-0.032916,-0.036278
False,2.695833,0.6910394,1.1606650,-0.032887,-0.036392
False,2.700000,0.6909023,1.1605130,-0.032902,-0.036392
False,2.704167,0.6907653,1.1603610,-0.032873,-0.036507
False,2.708333,0.6906283,1.1602090,-0.032887,-0.036507
False,2.712500,0.6904915,1.1600560,-0.032830,-0.036592
False,2.716667,0.6903546,1.1599040,-0.032845,-0.036650
False,2.720833,0.6902180,1.1597510,-0.032787,-0.036707
False,2.725000,0.6900814,1.1595980,-0.032802,-0.036736
False,2.729167,0.6899449,1.1594440,-0.032744,-0.036764
False,2.733333,0.6898085,1.1592910,-0.032730,-0.036821
False,2.737500,0.6896724,1.1591380,-0.032687,-0.036821
False,2.741667,0.6895362,1.1589840,-0.032687,-0.036936
False,2.745833,0.6894003,1.1588300,-0.032616,-0.036879
False,2.750000,0.6892644,1.1586760,-0.032616,-0.036964
False,2.754167,0.6891289,1.1585220,-0.032516,-0.036936
False,2.758333,0.6889933,1.1583680,-0.032544,-0.037022
False,2.762500,0.6888581,1.1582140,-0.032444,-0.036993
False,2.766667,0.6887229,1.1580590,-0.032444,-0.037079
False,2.770833,0.6885880,1.1579050,-0.032372,-0.037022
False,2.775000,0.6884532,1.1577500,-0.032358,-0.037079
False,2.779167,0.6883189,1.1575960,-0.032229,-0.037022
False,2.783333,0.6881845,1.1574420,-0.032258,-0.037107
False,2.787500,0.6880506,1.1572870,-0.032129,-0.037050
False,2.791667,0.6879168,1.1571330,-0.032129,-0.037107
False,2.795833,0.6877833,1.1569780,-0.032029,-0.037050
False,2.800000,0.6876499,1.1568240,-0.032015,-0.037107
False,2.804167,0.6875170,1.1566690,-0.031900,-0.037050
False,2.808333,0.6873842,1.1565150,-0.031872,-0.037050
False,2.812500,0.6872519,1.1563610,-0.031757,-0.037050
False,2.816667,0.6871195,1.1562060,-0.031757,-0.037050
False,2.820833,0.6869879,1.1560520,-0.031600,-0.036964
False,2.825000,0.6868562,1.1558980,-0.031600,-0.037050
False,2.829167,0.6867251,1.1557440,-0.031471,-0.036936
False,2.833333,0.6865941,1.1555900,-0.031443,-0.036964
False,2.837500,0.6864636,1.1554360,-0.031314,-0.036879
False,2.841667,0.6863332,1.1552820,-0.031300,-0.036936
False,2.845833,0.6862036,1.1551290,-0.031099,-0.036821
False,2.850000,0.6860740,1.1549760,-0.031114,-0.036793
False,2.854167,0.6859450,1.1548220,-0.030956,-0.036736
False,2.858333,0.6858160,1.1546690,-0.030956,-0.036764
False,2.862500,0.6856878,1.1545170,-0.030756,-0.036621
False,2.866667,0.6855597,1.1543640,-0.030756,-0.036650
False,2.870833,0.6854324,1.1542120,-0.030556,-0.036564
False,2.875000,0.6853049,1.1540590,-0.030584,-0.036564
False,2.879167,0.6851785,1.1539080,-0.030355,-0.036364
False,2.883333,0.6850520,1.1537560,-0.030355,-0.036421
False,2.887500,0.6849263,1.1536050,-0.030155,-0.036278
False,2.891667,0.6848006,1.1534530,-0.030169,-0.036335
False,2.895833,0.6846759,1.1533030,-0.029941,-0.036106
False,2.900000,0.6845512,1.1531520,-0.029926,-0.036163
False,2.904167,0.6844273,1.1530020,-0.029726,-0.035992
False,2.908333,0.6843035,1.1528520,-0.029712,-0.036020
False,2.912500,0.6841807,1.1527030,-0.029483,-0.035820
False,2.916667,0.6840578,1.1525540,-0.029497,-0.035849
False,2.920833,0.6839359,1.1524050,-0.029254,-0.035648
False,2.925000,0.6838141,1.1522570,-0.029225,-0.035648
False,2.929167,0.6836932,1.1521090,-0.029011,-0.035448
False,2.933333,0.6835724,1.1519610,-0.029011,-0.035477
False,2.937500,0.6834526,1.1518140,-0.028739,-0.035248
False,2.941667,0.6833328,1.1516670,-0.028753,-0.035305
False,2.945833,0.6832141,1.1515210,-0.028496,-0.035048
False,2.950000,0.6830954,1.1513750,-0.028481,-0.035076
False,2.954167,0.6829777,1.1512300,-0.028238,-0.034819
False,2.958333,0.6828601,1.1510850,-0.028224,-0.034876
False,2.962500,0.6827437,1.1509410,-0.027938,-0.034533
False,2.966667,0.6826273,1.1507960,-0.027938,-0.034647
False,2.970833,0.6825120,1.1506530,-0.027680,-0.034304
False,2.975000,0.6823967,1.1505100,-0.027666,-0.034418
False,2.979167,0.6822826,1.1503680,-0.027380,-0.034046
False,2.983333,0.6821685,1.1502260,-0.027380,-0.034132
False,2.987500,0.6820556,1.1500850,-0.027108,-0.033846
False,2.991667,0.6819427,1.1499440,-0.027094,-0.033846
False,2.995833,0.6818311,1.1498040,-0.026779,-0.033560
False,3.000000,0.6817195,1.1496640,-0.026779,-0.033531
False,3.004167,0.6816092,1.1495260,-0.026493,-0.033245
False,3.008333,0.6814988,1.1493870,-0.026479,-0.033274
False,3.012500,0.6813897,1.1492500,-0.026178,-0.032988
False,3.016667,0.6812807,1.1491120,-0.026164,-0.032930
False,3.020833,0.6811730,1.1489760,-0.025864,-0.032673
False,3.025000,0.6810652,1.1488400,-0.025864,-0.032644
False,3.029167,0.6809589,1.1487060,-0.025520,-0.032330
False,3.033333,0.6808525,1.1485710,-0.025535,-0.032330
False,3.037500,0.6807474,1.1484380,-0.025206,-0.031986
False,3.041667,0.6806424,1.1483040,-0.025206,-0.032015
False,3.045833,0.6805388,1.1481720,-0.024877,-0.031614
False,3.050000,0.6804352,1.1480400,-0.024862,-0.031700
False,3.054167,0.6803330,1.1479100,-0.024533,-0.031328
False,3.058333,0.6802307,1.1477790,-0.024533,-0.031300
False,3.062500,0.6801299,1.1476500,-0.024190,-0.030956
False,3.066667,0.6800291,1.1475210,-0.024204,-0.030956
False,3.070833,0.6799298,1.1473940,-0.023832,-0.030556
False,3.075000,0.6798304,1.1472670,-0.023847,-0.030584
False,3.079167,0.6797326,1.1471410,-0.023489,-0.030212
False,3.083333,0.6796347,1.1470150,-0.023489,-0.030184
False,3.087500,0.6795384,1.1468910,-0.023117,-0.029812
False,3.091667,0.6794421,1.1467670,-0.023103,-0.029783
False,3.095833,0.6793473,1.1466440,-0.022759,-0.029411
False,3.100000,0.6792524,1.1465220,-0.022759,-0.029383
False,3.104167,0.6791592,1.1464010,-0.022388,-0.029011
False,3.108333,0.6790658,1.1462800,-0.022402,-0.028954
False,3.112500,0.6789740,1.1461610,-0.022030,-0.028610
False,3.116667,0.6788822,1.1460420,-0.022030,-0.028582
False,3.120833,0.6787921,1.1459250,-0.021629,-0.028152
False,3.125000,0.6787019,1.1458070,-0.021644,-0.028152
False,3.129167,0.6786133,1.1456920,-0.021272,-0.027723
False,3.133333,0.6785246,1.1455760,-0.021286,-0.027752
False,3.137500,0.6784377,1.1454630,-0.020871,-0.027266
False,3.141667,0.6783506,1.1453490,-0.020885,-0.027266
False,3.145833,0.6782652,1.1452370,-0.020499,-0.026808
False,3.150000,0.6781799,1.1451260,-0.020485,-0.026836
False,3.154167,0.6780961,1.1450160,-0.020113,-0.026350
False,3.158333,0.6780123,1.1449060,-0.020113,-0.026407
False,3.162500,0.6779301,1.1447980,-0.019727,-0.025864
False,3.166667,0.6778480,1.1446900,-0.019698,-0.025949
False,3.170833,0.6777675,1.1445840,-0.019326,-0.025434
False,3.175000,0.6776870,1.1444780,-0.019312,-0.025434
False,3.179167,0.6776081,1.1443740,-0.018926,-0.024977
False,3.183333,0.6775292,1.1442700,-0.018940,-0.024948
False,3.187500,0.6774521,1.1441680,-0.018511,-0.024519
False,3.191667,0.6773749,1.1440660,-0.018525,-0.024433
False,3.195833,0.6772994,1.1439660,-0.018125,-0.024033
False,3.200000,0.6772240,1.1438660,-0.018096,-0.023918
False,3.204167,0.6771501,1.1437680,-0.017724,-0.023546
False,3.208333,0.6770763,1.1436700,-0.017710,-0.023489
False,3.212500,0.6770042,1.1435740,-0.017309,-0.023003
False,3.216667,0.6769321,1.1434780,-0.017309,-0.023003
False,3.220833,0.6768616,1.1433840,-0.016909,-0.022545
False,3.225000,0.6767913,1.1432910,-0.016880,-0.022402
False,3.229167,0.6767225,1.1431990,-0.016508,-0.022030
False,3.233333,0.6766538,1.1431080,-0.016494,-0.021973
False,3.237500,0.6765869,1.1430180,-0.016065,-0.021486
False,3.241667,0.6765198,1.1429290,-0.016093,-0.021458
False,3.245833,0.6764545,1.1428410,-0.015664,-0.021000
False,3.250000,0.6763893,1.1427540,-0.015664,-0.020943
False,3.254167,0.6763257,1.1426690,-0.015264,-0.020428
False,3.258333,0.6762621,1.1425840,-0.015249,-0.020428
False,3.262500,0.6762003,1.1425010,-0.014849,-0.019970
False,3.266667,0.6761383,1.1424180,-0.014863,-0.019856
False,3.270833,0.6760783,1.1423370,-0.014420,-0.019455
False,3.275000,0.6760181,1.1422560,-0.014434,-0.019341
False,3.279167,0.6759597,1.1421780,-0.014019,-0.018883
False,3.283333,0.6759013,1.1420990,-0.014019,-0.018826
False,3.287500,0.6758446,1.1420220,-0.013618,-0.018396
False,3.291667,0.6757878,1.1419460,-0.013618,-0.018282
False,3.295833,0.6757329,1.1418720,-0.013189,-0.017853
False,3.300000,0.6756779,1.1417980,-0.013189,-0.017738
False,3.304167,0.6756246,1.1417260,-0.012789,-0.017309
False,3.308333,0.6755713,1.1416540,-0.012789,-0.017252
False,3.312500,0.6755197,1.1415840,-0.012388,-0.016766
False,3.316667,0.6754681,1.1415140,-0.012374,-0.016766
False,3.320833,0.6754182,1.1414470,-0.011988,-0.016193
False,3.325000,0.6753684,1.1413800,-0.011959,-0.016136
False,3.329167,0.6753201,1.1413140,-0.011573,-0.015793
False,3.333333,0.6752719,1.1412490,-0.011573,-0.015621
False,3.337500,0.6752254,1.1411860,-0.011158,-0.015163
False,3.341667,0.6751789,1.1411230,-0.011158,-0.015106
False,3.345833,0.6751341,1.1410620,-0.010772,-0.014648
False,3.350000,0.6750893,1.1410010,-0.010743,-0.014591
False,3.354167,0.6750461,1.1409420,-0.010371,-0.014105
False,3.358333,0.6750029,1.1408830,-0.010357,-0.014076
False,3.362500,0.6749614,1.1408270,-0.009956,-0.013618
False,3.366667,0.6749198,1.1407700,-0.009985,-0.013504
False,3.370833,0.6748800,1.1407160,-0.009556,-0.013075
False,3.375000,0.6748402,1.1406620,-0.009570,-0.012960
False,3.379167,0.6748019,1.1406090,-0.009184,-0.012589
False,3.383333,0.6747636,1.1405570,-0.009198,-0.012503
False,3.387500,0.6747270,1.1405070,-0.008783,-0.012016
False,3.391667,0.6746903,1.1404570,-0.008798,-0.011959
False,3.395833,0.6746553,1.1404090,-0.008411,-0.011559
False,3.400000,0.6746202,1.1403610,-0.008426,-0.011473
False,3.404167,0.6745867,1.1403160,-0.008025,-0.010986
False,3.408333,0.6745532,1.1402700,-0.008039,-0.010958
False,3.412500,0.6745213,1.1402260,-0.007653,-0.010500
False,3.416667,0.6744894,1.1401830,-0.007653,-0.010443
False,3.420833,0.6744590,1.1401410,-0.007296,-0.010014
False,3.425000,0.6744287,1.1401000,-0.007281,-0.009956
False,3.429167,0.6743998,1.1400600,-0.006938,-0.009527
False,3.433333,0.6743709,1.1400200,-0.006924,-0.009441
False,3.437500,0.6743436,1.1399830,-0.006566,-0.009041
False,3.441667,0.6743162,1.1399460,-0.006566,-0.008955
False,3.445833,0.6742904,1.1399100,-0.006208,-0.008554
False,3.450000,0.6742645,1.1398740,-0.006208,-0.008497
False,3.454167,0.6742400,1.1398410,-0.005879,-0.008097
False,3.458333,0.6742155,1.1398070,-0.005879,-0.008011
False,3.462500,0.6741924,1.1397750,-0.005536,-0.007668
False,3.466667,0.6741694,1.1397440,-0.005536,-0.007582
False,3.470833,0.6741478,1.1397140,-0.005178,-0.007124
False,3.475000,0.6741262,1.1396850,-0.005178,-0.007095
False,3.479167,0.6741059,1.1396570,-0.004864,-0.006723
False,3.483333,0.6740857,1.1396290,-0.004864,-0.006638
False,3.487500,0.6740667,1.1396030,-0.004563,-0.006294
False,3.491667,0.6740477,1.1395770,-0.004549,-0.006237
False,3.495833,0.6740301,1.1395520,-0.004234,-0.005836
False,3.500000,0.6740124,1.1395280,-0.004249,-0.005836
False,3.504167,0.6739960,1.1395060,-0.003934,-0.005379
False,3.508333,0.6739796,1.1394830,-0.003920,-0.005436
False,3.512500,0.6739645,1.1394620,-0.003633,-0.004978
False,3.516667,0.6739494,1.1394410,-0.003633,-0.005007
False,3.520833,0.6739354,1.1394220,-0.003362,-0.004635
False,3.525000,0.6739214,1.1394030,-0.003347,-0.004606
False,3.529167,0.6739086,1.1393850,-0.003076,-0.004263
False,3.533333,0.6738957,1.1393680,-0.003090,-0.004206
False,3.537500,0.6738840,1.1393510,-0.002804,-0.003891
False,3.541667,0.6738725,1.1393350,-0.002775,-0.003862
False,3.545833,0.6738617,1.1393200,-0.002575,-0.003548
False,3.550000,0.6738511,1.1393060,-0.002561,-0.003490
False,3.554167,0.6738415,1.1392930,-0.002289,-0.003204
False,3.558333,0.6738320,1.1392790,-0.002289,-0.003147
False,3.562500,0.6738233,1.1392680,-0.002089,-0.002861
False,3.566667,0.6738147,1.1392560,-0.002074,-0.002861
False,3.570833,0.6738071,1.1392450,-0.001817,-0.002518
False,3.575000,0.6737995,1.1392350,-0.001831,-0.002518
False,3.579167,0.6737927,1.1392250,-0.001631,-0.002232
False,3.583333,0.6737860,1.1392160,-0.001602,-0.002203
False,3.587500,0.6737801,1.1392080,-0.001416,-0.001974
False,3.591667,0.6737741,1.1392000,-0.001431,-0.001945
False,3.595833,0.6737690,1.1391930,-0.001230,-0.001717
False,3.600000,0.6737639,1.1391860,-0.001216,-0.001688
False,3.604167,0.6737596,1.1391790,-0.001044,-0.001488
False,3.608333,0.6737552,1.1391740,-0.001044,-0.001431
False,3.612500,0.6737515,1.1391680,-0.000887,-0.001230
False,3.616667,0.6737479,1.1391640,-0.000873,-0.001116
False,3.620833,0.6737449,1.1391590,-0.000730,-0.001059
False,3.625000,0.6737418,1.1391550,-0.000744,-0.000973
False,3.629167,0.6737394,1.1391520,-0.000572,-0.000830
False,3.633333,0.6737369,1.1391480,-0.000601,-0.000830
False,3.637500,0.6737350,1.1391460,-0.000458,-0.000658
False,3.641667,0.6737331,1.1391430,-0.000458,-0.000572
False,3.645833,0.6737316,1.1391410,-0.000343,-0.000515
False,3.650000,0.6737302,1.1391390,-0.000343,-0.000458
False,3.654167,0.6737291,1.1391380,-0.000257,-0.000372
False,3.658333,0.6737281,1.1391360,-0.000243,-0.000343
False,3.662500,0.6737273,1.1391350,-0.000186,-0.000229
False,3.666667,0.6737267,1.1391340,-0.000157,-0.000229
False,3.670833,0.6737262,1.1391340,-0.000114,-0.000172
False,3.675000,0.6737258,1.1391330,-0.000100,-0.000143
False,3.679167,0.6737255,1.1391330,-0.000057,-0.000086
False,3.683333,0.6737254,1.1391320,-0.000043,-0.000057
False,3.687500,0.6737252,1.1391320,-0.000029,-0.000057
False,3.691667,0.6737252,1.1391320,-0.000014,0.000000
False,3.695833,0.6737251,1.1391320,-0.000014,0.000000
False,3.700000,0.6737251,1.1391320,0.000000,0.000000
False,3.704167,0.6737252,1.1391320,0.000014,0.000000
False,3.708333,0.6737252,1.1391320,0.000000,0.000000
False,3.712500,0.6737252,1.1391320,0.000014,0.000057
False,3.716667,0.6737254,1.1391330,0.000043,0.000057
False,3.720833,0.6737257,1.1391330,0.000057,0.000086
False,3.725000,0.6737259,1.1391330,0.000057,0.000114
False,3.729167,0.6737265,1.1391340,0.000143,0.000229
False,3.733333,0.6737271,1.1391350,0.000143,0.000257
False,3.737500,0.6737280,1.1391370,0.000215,0.000429
False,3.741667,0.6737289,1.1391390,0.000229,0.000401
False,3.745833,0.6737303,1.1391410,0.000315,0.000515
False,3.750000,0.6737316,1.1391440,0.000315,0.000601
False,3.754167,0.6737334,1.1391470,0.000443,0.000715
False,3.758333,0.6737352,1.1391500,0.000429,0.000801
False,3.762500,0.6737376,1.1391540,0.000587,0.001001
False,3.766667,0.6737401,1.1391580,0.000587,0.001059
False,3.770833,0.6737431,1.1391640,0.000730,0.001287
False,3.775000,0.6737462,1.1391690,0.000744,0.001345
False,3.779167,0.6737500,1.1391760,0.000901,0.001516
False,3.783333,0.6737537,1.1391830,0.000901,0.001659
False,3.787500,0.6737583,1.1391900,0.001101,0.001860
False,3.791667,0.6737629,1.1391990,0.001101,0.001945
False,3.795833,0.6737682,1.1392080,0.001273,0.002232
False,3.800000,0.6737736,1.1392170,0.001302,0.002317
False,3.804167,0.6737799,1.1392280,0.001502,0.002632
False,3.808333,0.6737862,1.1392400,0.001516,0.002661
False,3.812500,0.6737934,1.1392520,0.001731,0.003033
False,3.816667,0.6738006,1.1392650,0.001731,0.003061
False,3.820833,0.6738088,1.1392790,0.001960,0.003376
False,3.825000,0.6738169,1.1392940,0.001945,0.003490
False,3.829167,0.6738262,1.1393100,0.002232,0.003862
False,3.833333,0.6738355,1.1393260,0.002217,0.003948
False,3.837500,0.6738458,1.1393440,0.002475,0.004320
False,3.841667,0.6738561,1.1393620,0.002475,0.004406
False,3.845833,0.6738676,1.1393820,0.002761,0.004749
False,3.850000,0.6738791,1.1394030,0.002761,0.004864
False,3.854167,0.6738917,1.1394240,0.003018,0.005264
False,3.858333,0.6739042,1.1394470,0.003018,0.005322
False,3.862500,0.6739181,1.1394710,0.003319,0.005751
False,3.866667,0.6739319,1.1394950,0.003319,0.005836
False,3.870833,0.6739469,1.1395210,0.003605,0.006294
False,3.875000,0.6739619,1.1395480,0.003591,0.006351
False,3.879167,0.6739782,1.1395760,0.003920,0.006752
False,3.883333,0.6739944,1.1396040,0.003877,0.006838
False,3.887500,0.6740121,1.1396350,0.004249,0.007296
False,3.891667,0.6740296,1.1396650,0.004220,0.007410
False,3.895833,0.6740485,1.1396980,0.004535,0.007839
False,3.900000,0.6740675,1.1397310,0.004549,0.007925
False,3.904167,0.6740877,1.1397660,0.004849,0.008411
False,3.908333,0.6741079,1.1398020,0.004849,0.008497
False,3.912500,0.6741295,1.1398390,0.005178,0.008955
False,3.916667,0.6741511,1.1398760,0.005178,0.009012
False,3.920833,0.6741739,1.1399160,0.005479,0.009499
False,3.925000,0.6741969,1.1399560,0.005522,0.009584
False,3.929167,0.6742212,1.1399980,0.005836,0.010042
False,3.933333,0.6742457,1.1400400,0.005865,0.010185
False,3.937500,0.6742715,1.1400840,0.006194,0.010586
False,3.941667,0.6742971,1.1401290,0.006151,0.010729
False,3.945833,0.6743242,1.1401760,0.006509,0.011187
False,3.950000,0.6743513,1.1402230,0.006495,0.011244
False,3.954167,0.6743798,1.1402710,0.006838,0.011730
False,3.958333,0.6744084,1.1403210,0.006866,0.011845
False,3.962500,0.6744384,1.1403720,0.007195,0.012274
False,3.966667,0.6744683,1.1404240,0.007195,0.012388
False,3.970833,0.6744998,1.1404770,0.007539,0.012846
False,3.975000,0.6745311,1.1405310,0.007524,0.012989
False,3.979167,0.6745639,1.1405870,0.007882,0.013390
False,3.983333,0.6745968,1.1406430,0.007882,0.013504
False,3.987500,0.6746309,1.1407010,0.008197,0.013933
False,3.991667,0.6746652,1.1407600,0.008225,0.014048
False,3.995833,0.6747008,1.1408200,0.008540,0.014505
False,4.000000,0.6747365,1.1408810,0.008569,0.014563
False,4.004167,0.6747736,1.1409440,0.008898,0.015049
False,4.008333,0.6748106,1.1410070,0.008883,0.015135
False,4.012500,0.6748491,1.1410710,0.009241,0.015535
False,4.016667,0.6748875,1.1411370,0.009227,0.015650
False,4.020833,0.6749274,1.1412040,0.009570,0.016108
False,4.025000,0.6749673,1.1412710,0.009570,0.016165
False,4.029167,0.6750085,1.1413400,0.009899,0.016565
False,4.033333,0.6750497,1.1414100,0.009885,0.016680
False,4.037500,0.6750925,1.1414810,0.010257,0.017109
False,4.041667,0.6751351,1.1415520,0.010228,0.017166
False,4.045833,0.6751791,1.1416260,0.010557,0.017595
False,4.050000,0.6752230,1.1416990,0.010543,0.017653
False,4.054167,0.6752684,1.1417750,0.010886,0.018110
False,4.058333,0.6753138,1.1418500,0.010901,0.018110
False,4.062500,0.6753603,1.1419270,0.011172,0.018539
False,4.066667,0.6754069,1.1420050,0.011187,0.018539
False,4.070833,0.6754550,1.1420840,0.011530,0.018997
False,4.075000,0.6755030,1.1421630,0.011530,0.019083
False,4.079167,0.6755522,1.1422440,0.011816,0.019426
False,4.083333,0.6756014,1.1423260,0.011802,0.019484
False,4.087500,0.6756520,1.1424080,0.012131,0.019856
False,4.091667,0.6757025,1.1424910,0.012131,0.019884
False,4.095833,0.6757542,1.1425760,0.012417,0.020285
False,4.100000,0.6758059,1.1426600,0.012403,0.020256
False,4.104167,0.6758589,1.1427460,0.012717,0.020628
False,4.108333,0.6759119,1.1428320,0.012717,0.020714
False,4.112500,0.6759660,1.1429200,0.012989,0.021057
False,4.116667,0.6760202,1.1430080,0.013003,0.021057
False,4.120833,0.6760755,1.1430970,0.013275,0.021429
False,4.125000,0.6761308,1.1431860,0.013261,0.021400
False,4.129167,0.6761872,1.1432770,0.013547,0.021744
False,4.133333,0.6762437,1.1433670,0.013547,0.021744
False,4.137500,0.6763012,1.1434590,0.013804,0.022030
False,4.141667,0.6763586,1.1435510,0.013790,0.022087
False,4.145833,0.6764172,1.1436440,0.014062,0.022373
False,4.150000,0.6764758,1.1437380,0.014062,0.022373
False,4.154167,0.6765355,1.1438320,0.014319,0.022659
False,4.158333,0.6765951,1.1439270,0.014305,0.022659
False,4.162500,0.6766557,1.1440220,0.014534,0.022917
False,4.166667,0.6767163,1.1441180,0.014548,0.022974
False,4.170833,0.6767778,1.1442140,0.014777,0.023117
False,4.175000,0.6768394,1.1443100,0.014777,0.023146
False,4.179167,0.6769019,1.1444080,0.015006,0.023432
False,4.183333,0.6769645,1.1445060,0.015006,0.023460
False,4.187500,0.6770278,1.1446040,0.015206,0.023603
False,4.191667,0.6770912,1.1447030,0.015221,0.023632
False,4.195833,0.6771554,1.1448020,0.015407,0.023775
False,4.200000,0.6772197,1.1449010,0.015421,0.023804
False,4.204167,0.6772847,1.1450010,0.015593,0.023947
False,4.208333,0.6773497,1.1451010,0.015607,0.023975
False,4.212500,0.6774155,1.1452010,0.015807,0.024147
False,4.216667,0.6774814,1.1453020,0.015793,0.024147
False,4.220833,0.6775479,1.1454030,0.015965,0.024290
False,4.225000,0.6776145,1.1455040,0.015979,0.024261
False,4.229167,0.6776816,1.1456060,0.016122,0.024347
False,4.233333,0.6777489,1.1457070,0.016136,0.024376
False,4.237500,0.6778167,1.1458090,0.016279,0.024462
False,4.241667,0.6778845,1.1459110,0.016279,0.024462
False,4.245833,0.6779530,1.1460130,0.016437,0.024576
False,4.250000,0.6780215,1.1461160,0.016437,0.024548
False,4.254167,0.6780905,1.1462180,0.016565,0.024605
False,4.258333,0.6781595,1.1463210,0.016565,0.024576
False,4.262500,0.6782290,1.1464230,0.016680,0.024662
False,4.266667,0.6782985,1.1465260,0.016680,0.024576
False,4.270833,0.6783686,1.1466290,0.016809,0.024691
False,4.275000,0.6784385,1.1467310,0.016780,0.024633
False,4.279167,0.6785089,1.1468340,0.016894,0.024662
False,4.283333,0.6785793,1.1469370,0.016894,0.024605
False,4.287500,0.6786501,1.1470390,0.016994,0.024662
False,4.291667,0.6787210,1.1471420,0.017009,0.024633
False,4.295833,0.6787921,1.1472440,0.017066,0.024605
False,4.300000,0.6788632,1.1473470,0.017066,0.024576
False,4.304167,0.6789346,1.1474490,0.017138,0.024548
False,4.308333,0.6790059,1.1475510,0.017123,0.024490
False,4.312500,0.6790776,1.1476530,0.017195,0.024490
False,4.316667,0.6791492,1.1477550,0.017195,0.024405
False,4.320833,0.6792210,1.1478570,0.017223,0.024405
False,4.325000,0.6792928,1.1479580,0.017238,0.024319
False,4.329167,0.6793648,1.1480590,0.017281,0.024319
False,4.333333,0.6794368,1.1481600,0.017281,0.024204
False,4.337500,0.6795089,1.1482610,0.017295,0.024176
False,4.341667,0.6795809,1.1483610,0.017295,0.024090
False,4.345833,0.6796530,1.1484610,0.017309,0.024004
False,4.350000,0.6797252,1.1485610,0.017309,0.023975
False,4.354167,0.6797972,1.1486610,0.017295,0.023890
False,4.358333,0.6798694,1.1487600,0.017309,0.023775
False,4.362500,0.6799414,1.1488580,0.017281,0.023689
False,4.366667,0.6800135,1.1489570,0.017309,0.023575
False,4.370833,0.6800854,1.1490550,0.017266,0.023518
False,4.375000,0.6801574,1.1491520,0.017281,0.023460
False,4.379167,0.6802292,1.1492500,0.017238,0.023317
False,4.383333,0.6803011,1.1493460,0.017238,0.023203
False,4.387500,0.6803727,1.1494420,0.017195,0.023088
False,4.391667,0.6804443,1.1495380,0.017180,0.023003
False,4.395833,0.6805157,1.1496340,0.017138,0.022888
False,4.400000,0.6805871,1.1497280,0.017138,0.022717
False,4.404167,0.6806582,1.1498220,0.017066,0.022602
False,4.408333,0.6807294,1.1499160,0.017080,0.022516
False,4.412500,0.6808001,1.1500100,0.016966,0.022373
False,4.416667,0.6808708,1.1501020,0.016980,0.022259
False,4.420833,0.6809413,1.1501940,0.016909,0.022087
False,4.425000,0.6810117,1.1502860,0.016909,0.022001
False,4.429167,0.6810817,1.1503770,0.016794,0.021830
False,4.433333,0.6811517,1.1504670,0.016794,0.021687
False,4.437500,0.6812213,1.1505570,0.016708,0.021515
False,4.441667,0.6812907,1.1506460,0.016665,0.021429
False,4.445833,0.6813598,1.1507350,0.016565,0.021200
False,4.450000,0.6814288,1.1508230,0.016565,0.021114
False,4.454167,0.6814972,1.1509100,0.016422,0.020885
False,4.458333,0.6815657,1.1509960,0.016437,0.020828
False,4.462500,0.6816336,1.1510820,0.016294,0.020571
False,4.466667,0.6817014,1.1511670,0.016279,0.020456
False,4.470833,0.6817686,1.1512520,0.016122,0.020256
False,4.475000,0.6818359,1.1513350,0.016150,0.020113
False,4.479167,0.6819023,1.1514180,0.015950,0.019884
False,4.483333,0.6819689,1.1515010,0.015979,0.019827
False,4.487500,0.6820347,1.1515820,0.015779,0.019512
False,4.491667,0.6821005,1.1516630,0.015793,0.019455
False,4.495833,0.6821655,1.1517430,0.015607,0.019197
False,4.500000,0.6822305,1.1518230,0.015607,0.019112
False,4.504167,0.6822948,1.1519010,0.015421,0.018826
False,4.508333,0.6823591,1.1519790,0.015435,0.018740
False,4.512500,0.6824224,1.1520560,0.015192,0.018454
False,4.516667,0.6824858,1.1521330,0.015206,0.018368
False,4.520833,0.6825483,1.1522080,0.015006,0.018082
False,4.525000,0.6826108,1.1522830,0.015006,0.017996
False,4.529167,0.6826724,1.1523570,0.014777,0.017710
False,4.533333,0.6827340,1.1524300,0.014777,0.017567
False,4.537500,0.6827946,1.1525020,0.014548,0.017309
False,4.541667,0.6828551,1.1525740,0.014534,0.017195
False,4.545833,0.6829147,1.1526450,0.014305,0.016937
False,4.550000,0.6829744,1.1527150,0.014319,0.016823
False,4.554167,0.6830330,1.1527830,0.014062,0.016479
False,4.558333,0.6830916,1.1528520,0.014062,0.016451
False,4.562500,0.6831491,1.1529190,0.013804,0.016108
False,4.566667,0.6832066,1.1529860,0.013790,0.016022
False,4.570833,0.6832630,1.1530510,0.013547,0.015707
False,4.575000,0.6833195,1.1531160,0.013561,0.015621
False,4.579167,0.6833748,1.1531800,0.013261,0.015335
False,4.583333,0.6834301,1.1532430,0.013275,0.015192
False,4.587500,0.6834842,1.1533060,0.012989,0.014906
False,4.591667,0.6835383,1.1533670,0.012989,0.014763
False,4.595833,0.6835913,1.1534270,0.012717,0.014505
False,4.600000,0.6836443,1.1534870,0.012717,0.014391
False,4.604167,0.6836960,1.1535460,0.012403,0.014048
False,4.608333,0.6837477,1.1536040,0.012417,0.013962
False,4.612500,0.6837983,1.1536610,0.012131,0.013676
False,4.616667,0.6838488,1.1537180,0.012131,0.013561
False,4.620833,0.6838980,1.1537730,0.011816,0.013218
False,4.625000,0.6839473,1.1538280,0.011830,0.013189
False,4.629167,0.6839952,1.1538810,0.011501,0.012760
False,4.633333,0.6840431,1.1539340,0.011487,0.012760
False,4.637500,0.6840898,1.1539860,0.011215,0.012388
False,4.641667,0.6841366,1.1540370,0.011215,0.012360
False,4.645833,0.6841819,1.1540870,0.010872,0.011959
False,4.650000,0.6842272,1.1541370,0.010872,0.011930
False,4.654167,0.6842712,1.1541850,0.010557,0.011559
False,4.658333,0.6843152,1.1542330,0.010571,0.011530
False,4.662500,0.6843578,1.1542790,0.010214,0.011129
False,4.666667,0.6844003,1.1543250,0.010214,0.011072
False,4.670833,0.6844417,1.1543700,0.009928,0.010729
False,4.675000,0.6844830,1.1544150,0.009913,0.010729
False,4.679167,0.6845228,1.1544580,0.009556,0.010328
False,4.683333,0.6845627,1.1545010,0.009570,0.010271
False,4.687500,0.6846011,1.1545420,0.009227,0.009899
False,4.691667,0.6846396,1.1545830,0.009241,0.009871
False,4.695833,0.6846767,1.1546230,0.008898,0.009499
False,4.700000,0.6847137,1.1546620,0.008883,0.009499
False,4.704167,0.6847494,1.1547000,0.008569,0.009098
False,4.708333,0.6847851,1.1547380,0.008554,0.009069
False,4.712500,0.6848193,1.1547740,0.008211,0.008698
False,4.716667,0.6848536,1.1548100,0.008225,0.008698
False,4.720833,0.6848864,1.1548450,0.007882,0.008268
False,4.725000,0.6849192,1.1548790,0.007868,0.008297
False,4.729167,0.6849505,1.1549120,0.007524,0.007925
False,4.733333,0.6849819,1.1549450,0.007539,0.007896
False,4.737500,0.6850119,1.1549770,0.007181,0.007524
False,4.741667,0.6850418,1.1550080,0.007195,0.007496
False,4.745833,0.6850703,1.1550380,0.006838,0.007124
False,4.750000,0.6850988,1.1550670,0.006838,0.007095
False,4.754167,0.6851261,1.1550950,0.006537,0.006809
False,4.758333,0.6851532,1.1551240,0.006523,0.006752
False,4.762500,0.6851789,1.1551500,0.006166,0.006409
False,4.766667,0.6852046,1.1551770,0.006166,0.006380
False,4.770833,0.6852290,1.1552020,0.005851,0.006065
False,4.775000,0.6852534,1.1552270,0.005851,0.005980
False,4.779167,0.6852763,1.1552510,0.005493,0.005636
False,4.783333,0.6852992,1.1552740,0.005493,0.005693
False,4.787500,0.6853208,1.1552960,0.005193,0.005293
False,4.791667,0.6853424,1.1553180,0.005178,0.005293
False,4.795833,0.6853626,1.1553390,0.004849,0.005007
False,4.800000,0.6853828,1.1553600,0.004864,0.004950
False,4.804167,0.6854017,1.1553790,0.004535,0.004635
False,4.808333,0.6854206,1.1553980,0.004535,0.004635
False,4.812500,0.6854382,1.1554160,0.004206,0.004292
False,4.816667,0.6854556,1.1554340,0.004191,0.004234
False,4.820833,0.6854720,1.1554510,0.003920,0.004005
False,4.825000,0.6854883,1.1554670,0.003934,0.003948
False,4.829167,0.6855034,1.1554830,0.003605,0.003748
False,4.833333,0.6855184,1.1554980,0.003605,0.003633
False,4.837500,0.6855322,1.1555120,0.003319,0.003347
False,4.841667,0.6855460,1.1555260,0.003319,0.003347
False,4.845833,0.6855586,1.1555390,0.003018,0.003061
False,4.850000,0.6855712,1.1555510,0.003018,0.003061
False,4.854167,0.6855827,1.1555630,0.002761,0.002804
False,4.858333,0.6855941,1.1555740,0.002747,0.002747
False,4.862500,0.6856045,1.1555850,0.002475,0.002489
False,4.866667,0.6856148,1.1555950,0.002475,0.002489
False,4.870833,0.6856239,1.1556040,0.002203,0.002232
False,4.875000,0.6856331,1.1556140,0.002203,0.002232
False,4.879167,0.6856414,1.1556220,0.001988,0.001974
False,4.883333,0.6856496,1.1556300,0.001974,0.001974
False,4.887500,0.6856569,1.1556380,0.001745,0.001745
False,4.891667,0.6856641,1.1556450,0.001717,0.001745
False,4.895833,0.6856704,1.1556510,0.001516,0.001516
False,4.900000,0.6856766,1.1556570,0.001488,0.001516
False,4.904167,0.6856820,1.1556630,0.001302,0.001287
False,4.908333,0.6856874,1.1556680,0.001302,0.001287
False,4.912500,0.6856919,1.1556730,0.001073,0.001087
False,4.916667,0.6856965,1.1556770,0.001101,0.001087
False,4.920833,0.6857002,1.1556810,0.000901,0.000944
False,4.925000,0.6857040,1.1556850,0.000901,0.000887
False,4.929167,0.6857071,1.1556880,0.000744,0.000744
False,4.933333,0.6857102,1.1556910,0.000744,0.000744
False,4.937500,0.6857126,1.1556930,0.000572,0.000572
False,4.941667,0.6857150,1.1556960,0.000587,0.000572
False,4.945833,0.6857169,1.1556980,0.000443,0.000486
False,4.950000,0.6857187,1.1557000,0.000443,0.000429
False,4.954167,0.6857200,1.1557010,0.000315,0.000315
False,4.958333,0.6857214,1.1557020,0.000329,0.000315
False,4.962500,0.6857223,1.1557030,0.000215,0.000200
False,4.966667,0.6857232,1.1557040,0.000215,0.000200
False,4.970833,0.6857237,1.1557040,0.000129,0.000143
False,4.975000,0.6857243,1.1557050,0.000143,0.000172
False,4.979167,0.6857246,1.1557050,0.000072,0.000057
False,4.983333,0.6857249,1.1557060,0.000057,0.000086
False,4.987500,0.6857250,1.1557060,0.000029,0.000000
False,4.991667,0.6857251,1.1557060,0.000029,0.000029
False,4.995833,0.6857251,1.1557060,0.000000,0.000029
False,5.000000,0.6857252,1.1557060,0.000014,0.000000
True,0.000000,0.2334999,0.7031239,0.000000,0.000000
True,0.004167,0.2334999,0.7031240,0.000007,0.000014
True,0.008333,0.2335000,0.7031240,0.000007,0.000000
True,0.012500,0.2335001,0.7031241,0.000021,0.000029
True,0.016667,0.2335002,0.7031242,0.000021,0.000029
True,0.020833,0.2335005,0.7031245,0.000072,0.000072
True,0.025000,0.2335007,0.7031248,0.000072,0.000072
True,0.029167,0.2335013,0.7031254,0.000129,0.000143
True,0.033333,0.2335018,0.7031260,0.000129,0.000143
True,0.037500,0.2335027,0.7031270,0.000222,0.000229
True,0.041667,0.2335036,0.7031279,0.000215,0.000229
True,0.045833,0.2335050,0.7031293,0.000322,0.000329
True,0.050000,0.2335063,0.7031307,0.000315,0.000343
True,0.054167,0.2335081,0.7031327,0.000436,0.000486
True,0.058333,0.2335100,0.7031347,0.000451,0.000458
True,0.062500,0.2335124,0.7031372,0.000579,0.000615
True,0.066667,0.2335148,0.7031398,0.000579,0.000615
True,0.070833,0.2335179,0.7031431,0.000737,0.000801
True,0.075000,0.2335210,0.7031465,0.000737,0.000801
True,0.079167,0.2335247,0.7031505,0.000908,0.000973
True,0.083333,0.2335286,0.7031546,0.000916,0.000973
True,0.087500,0.2335331,0.7031595,0.001101,0.001173
True,0.091667,0.2335377,0.7031643,0.001101,0.001173
True,0.095833,0.2335432,0.7031701,0.001309,0.001373
True,0.100000,0.2335486,0.7031760,0.001302,0.001416
True,0.104167,0.2335550,0.7031827,0.001523,0.001616
True,0.108333,0.2335613,0.7031896,0.001531,0.001645
True,0.112500,0.2335687,0.7031974,0.001760,0.001874
True,0.116667,0.2335760,0.7032052,0.001760,0.001874
True,0.120833,0.2335844,0.7032141,0.002010,0.002146
True,0.125000,0.2335928,0.7032230,0.002017,0.002146
True,0.129167,0.2336022,0.7032332,0.002267,0.002432
True,0.133333,0.2336117,0.7032433,0.002282,0.002432
True,0.137500,0.2336223,0.7032546,0.002546,0.002704
True,0.141667,0.2336329,0.7032660,0.002539,0.002732
True,0.145833,0.2336447,0.7032785,0.002832,0.003004
True,0.150000,0.2336566,0.7032912,0.002840,0.003061
True,0.154167,0.2336696,0.7033051,0.003133,0.003333
True,0.158333,0.2336826,0.7033190,0.003126,0.003333
True,0.162500,0.2336970,0.7033343,0.003448,0.003676
True,0.166667,0.2337113,0.7033496,0.003433,0.003676
True,0.170833,0.2337270,0.7033663,0.003762,0.004005
True,0.175000,0.2337426,0.7033830,0.003755,0.004005
True,0.179167,0.2337597,0.7034012,0.004091,0.004363
True,0.183333,0.2337767,0.7034194,0.004091,0.004363
True,0.187500,0.2337951,0.7034390,0.004420,0.004706
True,0.191667,0.2338136,0.7034587,0.004435,0.004735
True,0.195833,0.2338335,0.7034799,0.004778,0.005078
True,0.200000,0.2338534,0.7035011,0.004771,0.005093
True,0.204167,0.2338748,0.7035239,0.005128,0.005465
True,0.208333,0.2338961,0.7035467,0.005128,0.005479
True,0.212500,0.2339190,0.7035711,0.005493,0.005865
True,0.216667,0.2339419,0.7035955,0.005493,0.005836
True,0.220833,0.2339664,0.7036215,0.005872,0.006251
True,0.225000,0.2339908,0.7036476,0.005858,0.006251
True,0.229167,0.2340168,0.7036753,0.006244,0.006652
True,0.233333,0.2340428,0.7037030,0.006244,0.006652
True,0.237500,0.2340704,0.7037324,0.006623,0.007067
True,0.241667,0.2340980,0.7037618,0.006623,0.007052
True,0.245833,0.2341273,0.7037929,0.007017,0.007453
True,0.250000,0.2341565,0.7038240,0.007017,0.007482
True,0.254167,0.2341874,0.7038568,0.007410,0.007868
True,0.258333,0.2342182,0.7038897,0.007410,0.007896
True,0.262500,0.2342508,0.7039243,0.007811,0.008297
True,0.266667,0.2342833,0.7039590,0.007811,0.008326
True,0.270833,0.2343175,0.7039953,0.008211,0.008726
True,0.275000,0.2343518,0.7040318,0.008218,0.008740
True,0.279167,0.2343877,0.7040699,0.008619,0.009141
True,0.283333,0.2344236,0.7041081,0.008626,0.009170
True,0.287500,0.2344613,0.7041481,0.009034,0.009599
True,0.291667,0.2344989,0.7041880,0.009027,0.009599
True,0.295833,0.2345383,0.7042298,0.009456,0.010028
True,0.300000,0.2345777,0.7042717,0.009449,0.010042
True,0.304167,0.2346188,0.7043153,0.009863,0.010471
True,0.308333,0.2346599,0.7043589,0.009863,0.010471
True,0.312500,0.2347027,0.7044044,0.010285,0.010901
True,0.316667,0.2347456,0.7044499,0.010285,0.010929
True,0.320833,0.2347902,0.7044972,0.010707,0.011344
True,0.325000,0.2348348,0.7045445,0.010707,0.011358
True,0.329167,0.2348812,0.7045936,0.011129,0.011787
True,0.333333,0.2349275,0.7046428,0.011129,0.011802
True,0.337500,0.2349756,0.7046938,0.011544,0.012245
True,0.341667,0.2350238,0.7047447,0.011559,0.012217
True,0.345833,0.2350737,0.7047975,0.011966,0.012674
True,0.350000,0.2351236,0.7048504,0.011981,0.012689
True,0.354167,0.2351753,0.7049051,0.012403,0.013132
True,0.358333,0.2352269,0.7049597,0.012395,0.013103
True,0.362500,0.2352804,0.7050162,0.012832,0.013561
True,0.366667,0.2353338,0.7050728,0.012817,0.013576
True,0.370833,0.2353890,0.7051310,0.013254,0.013976
True,0.375000,0.2354442,0.7051893,0.013247,0.014005
True,0.379167,0.2355011,0.7052494,0.013669,0.014420
True,0.383333,0.2355581,0.7053096,0.013669,0.014448
True,0.387500,0.2356168,0.7053716,0.014091,0.014863
True,0.391667,0.2356755,0.7054335,0.014091,0.014863
True,0.395833,0.2357360,0.7054972,0.014513,0.015292
True,0.400000,0.2357964,0.7055610,0.014505,0.015306
True,0.404167,0.2358586,0.7056265,0.014927,0.015721
True,0.408333,0.2359208,0.7056921,0.014920,0.015750
True,0.412500,0.2359847,0.7057593,0.015349,0.016122
True,0.416667,0.2360486,0.7058266,0.015335,0.016165
True,0.420833,0.2361143,0.7058957,0.015750,0.016565
True,0.425000,0.2361799,0.7059647,0.015764,0.016580
True,0.429167,0.2362473,0.7060356,0.016158,0.016994
True,0.433333,0.2363146,0.7061063,0.016158,0.016980
True,0.437500,0.2363836,0.7061788,0.016565,0.017409
True,0.441667,0.2364526,0.7062514,0.016565,0.017409
True,0.445833,0.2365233,0.7063255,0.016966,0.017796
True,0.450000,0.2365941,0.7063997,0.016973,0.017810
True,0.454167,0.2366664,0.7064756,0.017366,0.018210
True,0.458333,0.2367388,0.7065516,0.017366,0.018225
True,0.462500,0.2368127,0.7066291,0.017753,0.018611
True,0.466667,0.2368867,0.7067066,0.017760,0.018597
True,0.470833,0.2369623,0.7067857,0.018146,0.018997
True,0.475000,0.2370380,0.7068649,0.018146,0.018997
True,0.479167,0.2371152,0.7069456,0.018532,0.019369
True,0.483333,0.2371924,0.7070264,0.018525,0.019383
True,0.487500,0.2372712,0.7071087,0.018911,0.019770
True,0.491667,0.2373500,0.7071911,0.018911,0.019755
True,0.495833,0.2374303,0.7072749,0.019276,0.020127
True,0.500000,0.2375106,0.7073588,0.019283,0.020127
True,0.504167,0.2375925,0.7074442,0.019641,0.020499
True,0.508333,0.2376743,0.7075295,0.019648,0.020485
True,0.512500,0.2377577,0.7076164,0.020006,0.020843
True,0.516667,0.2378411,0.7077032,0.020020,0.020843
True,0.520833,0.2379259,0.7077916,0.020363,0.021214
True,0.525000,0.2380108,0.7078799,0.020356,0.021186
True,0.529167,0.2380970,0.7079695,0.020707,0.021515
True,0.533333,0.2381833,0.7080593,0.020707,0.021544
True,0.537500,0.2382710,0.7081504,0.021050,0.021858
True,0.541667,0.2383588,0.7082415,0.021057,0.021873
True,0.545833,0.2384478,0.7083340,0.021379,0.022187
True,0.550000,0.2385370,0.7084264,0.021393,0.022187
True,0.554167,0.2386274,0.7085202,0.021701,0.022516
True,0.558333,0.2387179,0.7086139,0.021715,0.022473
True,0.562500,0.2388097,0.7087090,0.022030,0.022831
True,0.566667,0.2389014,0.7088040,0.022023,0.022802
True,0.570833,0.2389945,0.7089003,0.022345,0.023103
True,0.575000,0.2390876,0.7089966,0.022337,0.023117
True,0.579167,0.2391820,0.7090940,0.022652,0.023375
True,0.583333,0.2392763,0.7091914,0.022645,0.023389
True,0.587500,0.2393719,0.7092901,0.022931,0.023689
True,0.591667,0.2394675,0.7093887,0.022945,0.023661
True,0.595833,0.2395643,0.7094885,0.023224,0.023932
True,0.600000,0.2396610,0.7095882,0.023224,0.023932
True,0.604167,0.2397590,0.7096890,0.023503,0.024204
True,0.608333,0.2398569,0.7097898,0.023510,0.024190
True,0.612500,0.2399560,0.7098917,0.023775,0.024462
True,0.616667,0.2400550,0.7099935,0.023768,0.024433
True,0.620833,0.2401552,0.7100964,0.024033,0.024691
True,0.625000,0.2402553,0.7101994,0.024033,0.024705
True,0.629167,0.2403565,0.7103031,0.024290,0.024891
True,0.633333,0.2404577,0.7104068,0.024283,0.024905
True,0.637500,0.2405599,0.7105116,0.024533,0.025148
True,0.641667,0.2406621,0.7106163,0.024526,0.025120
True,0.645833,0.2407652,0.7107218,0.024755,0.025320
True,0.650000,0.2408684,0.7108274,0.024762,0.025334
True,0.654167,0.2409725,0.7109337,0.024984,0.025520
True,0.658333,0.2410766,0.7110401,0.024984,0.025549
True,0.662500,0.2411816,0.7111473,0.025198,0.025721
True,0.666667,0.2412866,0.7112544,0.025198,0.025706
True,0.670833,0.2413924,0.7113622,0.025399,0.025878
True,0.675000,0.2414983,0.7114702,0.025399,0.025907
True,0.679167,0.2416049,0.7115787,0.025599,0.026050
True,0.683333,0.2417116,0.7116873,0.025599,0.026064
True,0.687500,0.2418190,0.7117965,0.025771,0.026207
True,0.691667,0.2419264,0.7119057,0.025778,0.026207
True,0.695833,0.2420345,0.7120155,0.025949,0.026350
True,0.700000,0.2421426,0.7121252,0.025957,0.026336
True,0.704167,0.2422515,0.7122356,0.026114,0.026479
True,0.708333,0.2423603,0.7123460,0.026121,0.026493
True,0.712500,0.2424697,0.7124568,0.026264,0.026608
True,0.716667,0.2425792,0.7125677,0.026264,0.026608
True,0.720833,0.2426892,0.7126790,0.026407,0.026708
True,0.725000,0.2427993,0.7127903,0.026414,0.026722
True,0.729167,0.2429098,0.7129018,0.026536,0.026765
True,0.733333,0.2430204,0.7130135,0.026543,0.026808
True,0.737500,0.2431315,0.7131256,0.026665,0.026908
True,0.741667,0.2432426,0.7132377,0.026658,0.026894
True,0.745833,0.2433541,0.7133501,0.026772,0.026965
True,0.750000,0.2434657,0.7134624,0.026779,0.026951
True,0.754167,0.2435777,0.7135750,0.026865,0.027037
True,0.758333,0.2436896,0.7136876,0.026872,0.027022
True,0.762500,0.2438020,0.7138004,0.026965,0.027065
True,0.766667,0.2439143,0.7139132,0.026958,0.027080
True,0.770833,0.2440270,0.7140262,0.027044,0.027123
True,0.775000,0.2441396,0.7141392,0.027030,0.027108
True,0.779167,0.2442525,0.7142523,0.027101,0.027151
True,0.783333,0.2443655,0.7143654,0.027108,0.027151
True,0.787500,0.2444787,0.7144786,0.027165,0.027165
True,0.791667,0.2445918,0.7145917,0.027158,0.027151
True,0.795833,0.2447052,0.7147050,0.027201,0.027180
True,0.800000,0.2448185,0.7148181,0.027201,0.027151
True,0.804167,0.2449320,0.7149314,0.027237,0.027194
True,0.808333,0.2450455,0.7150446,0.027244,0.027151
True,0.812500,0.2451591,0.7151577,0.027258,0.027151
True,0.816667,0.2452727,0.7152708,0.027258,0.027137
True,0.820833,0.2453863,0.7153838,0.027273,0.027137
True,0.825000,0.2454999,0.7154968,0.027266,0.027108
True,0.829167,0.2456135,0.7156096,0.027273,0.027065
True,0.833333,0.2457272,0.7157225,0.027266,0.027108
True,0.837500,0.2458408,0.7158352,0.027266,0.027037
True,0.841667,0.2459544,0.7159477,0.027266,0.027022
True,0.845833,0.2460678,0.7160602,0.027230,0.026979
True,0.850000,0.2461813,0.7161725,0.027237,0.026965
True,0.854167,0.2462946,0.7162846,0.027201,0.026908
True,0.858333,0.2464080,0.7163967,0.027208,0.026894
True,0.862500,0.2465212,0.7165085,0.027165,0.026836
True,0.866667,0.2466344,0.7166201,0.027158,0.026779
True,0.870833,0.2467473,0.7167316,0.027101,0.026765
True,0.875000,0.2468602,0.7168429,0.027108,0.026722
True,0.879167,0.2469729,0.7169538,0.027037,0.026608
True,0.883333,0.2470855,0.7170647,0.027037,0.026608
True,0.887500,0.2471979,0.7171752,0.026958,0.026522
True,0.891667,0.2473102,0.7172856,0.026958,0.026493
True,0.895833,0.2474222,0.7173955,0.026872,0.026393
True,0.900000,0.2475341,0.7175055,0.026872,0.026379
True,0.904167,0.2476457,0.7176148,0.026772,0.026250
True,0.908333,0.2477572,0.7177242,0.026772,0.026250
True,0.912500,0.2478683,0.7178330,0.026658,0.026107
True,0.916667,0.2479794,0.7179418,0.026672,0.026107
True,0.920833,0.2480900,0.7180498,0.026543,0.025935
True,0.925000,0.2482006,0.7181581,0.026536,0.025978
True,0.929167,0.2483107,0.7182655,0.026414,0.025778
True,0.933333,0.2484207,0.7183729,0.026407,0.025778
True,0.937500,0.2485301,0.7184796,0.026264,0.025620
True,0.941667,0.2486396,0.7185863,0.026271,0.025606
True,0.945833,0.2487484,0.7186924,0.026107,0.025449
True,0.950000,0.2488572,0.7187982,0.026121,0.025406
True,0.954167,0.2489653,0.7189033,0.025949,0.025220
True,0.958333,0.2490734,0.7190084,0.025949,0.025220
True,0.962500,0.2491809,0.7191126,0.025785,0.025020
True,0.966667,0.2492883,0.7192171,0.025778,0.025063
True,0.970833,0.2493949,0.7193204,0.025592,0.024805
True,0.975000,0.2495016,0.7194238,0.025599,0.024805
True,0.979167,0.2496074,0.7195264,0.025392,0.024619
True,0.983333,0.2497132,0.7196288,0.025399,0.024590
True,0.987500,0.2498182,0.7197303,0.025206,0.024347
True,0.991667,0.2499232,0.7198318,0.025198,0.024376
True,0.995833,0.2500273,0.7199323,0.024977,0.024118
True,1.000000,0.2501314,0.7200329,0.024984,0.024133
True,1.004167,0.2502346,0.7201325,0.024762,0.023904
True,1.008333,0.2503377,0.7202319,0.024762,0.023861
True,1.012500,0.2504399,0.7203302,0.024526,0.023603
True,1.016667,0.2505421,0.7204288,0.024526,0.023646
True,1.020833,0.2506433,0.7205260,0.024283,0.023332
True,1.025000,0.2507445,0.7206233,0.024290,0.023360
True,1.029167,0.2508447,0.7207196,0.024040,0.023117
True,1.033333,0.2509448,0.7208157,0.024025,0.023060
True,1.037500,0.2510439,0.7209108,0.023775,0.022817
True,1.041667,0.2511429,0.7210057,0.023775,0.022788
True,1.045833,0.2512408,0.7210996,0.023503,0.022531
True,1.050000,0.2513388,0.7211934,0.023503,0.022516
True,1.054167,0.2514355,0.7212861,0.023224,0.022230
True,1.058333,0.2515323,0.7213787,0.023232,0.022230
True,1.062500,0.2516279,0.7214700,0.022938,0.021915
True,1.066667,0.2517235,0.7215614,0.022938,0.021930
True,1.070833,0.2518179,0.7216514,0.022645,0.021601
True,1.075000,0.2519122,0.7217414,0.022645,0.021615
True,1.079167,0.2520053,0.7218302,0.022337,0.021315
True,1.083333,0.2520984,0.7219189,0.022345,0.021286
True,1.087500,0.2521901,0.7220064,0.022023,0.021000
True,1.091667,0.2522820,0.7220937,0.022037,0.020943
True,1.095833,0.2523724,0.7221798,0.021708,0.020657
True,1.100000,0.2524628,0.7222658,0.021701,0.020642
True,1.104167,0.2525520,0.7223505,0.021393,0.020328
True,1.108333,0.2526411,0.7224352,0.021386,0.020328
True,1.112500,0.2527288,0.7225184,0.021050,0.019970
True,1.116667,0.2528165,0.7226015,0.021050,0.019956
True,1.120833,0.2529028,0.7226834,0.020714,0.019641
True,1.125000,0.2529891,0.7227652,0.020707,0.019641
True,1.129167,0.2530739,0.7228455,0.020363,0.019269
True,1.133333,0.2531588,0.7229258,0.020363,0.019283
True,1.137500,0.2532421,0.7230048,0.020006,0.018940
True,1.141667,0.2533255,0.7230835,0.020006,0.018897
True,1.145833,0.2534074,0.7231609,0.019648,0.018568
True,1.150000,0.2534892,0.7232381,0.019648,0.018539
True,1.154167,0.2535696,0.7233139,0.019283,0.018196
True,1.158333,0.2536499,0.7233899,0.019276,0.018225
True,1.162500,0.2537287,0.7234641,0.018911,0.017810
True,1.166667,0.2538075,0.7235384,0.018904,0.017838
True,1.170833,0.2538846,0.7236111,0.018525,0.017438
True,1.175000,0.2539619,0.7236838,0.018532,0.017452
True,1.179167,0.2540375,0.7237549,0.018146,0.017066
True,1.183333,0.2541131,0.7238260,0.018146,0.017066
True,1.187500,0.2541871,0.7238956,0.017760,0.016708
True,1.191667,0.2542611,0.7239651,0.017760,0.016680
True,1.195833,0.2543334,0.7240330,0.017366,0.016294
True,1.200000,0.2544058,0.7241011,0.017366,0.016336
True,1.204167,0.2544765,0.7241673,0.016966,0.015893
True,1.208333,0.2545472,0.7242335,0.016966,0.015893
True,1.212500,0.2546162,0.7242982,0.016565,0.015535
True,1.216667,0.2546853,0.7243630,0.016572,0.015535
True,1.220833,0.2547526,0.7244260,0.016165,0.015135
True,1.225000,0.2548199,0.7244891,0.016158,0.015135
True,1.229167,0.2548856,0.7245505,0.015750,0.014734
True,1.233333,0.2549512,0.7246118,0.015750,0.014720
True,1.237500,0.2550151,0.7246716,0.015342,0.014348
True,1.241667,0.2550790,0.7247314,0.015342,0.014348
True,1.245833,0.2551412,0.7247895,0.014927,0.013947
True,1.250000,0.2552034,0.7248476,0.014927,0.013933
True,1.254167,0.2552639,0.7249040,0.014513,0.013547
True,1.258333,0.2553243,0.7249604,0.014505,0.013533
True,1.262500,0.2553830,0.7250151,0.014091,0.013132
True,1.266667,0.2554418,0.7250699,0.014091,0.013146
True,1.270833,0.2554987,0.7251229,0.013669,0.012732
True,1.275000,0.2555557,0.7251760,0.013669,0.012732
True,1.279167,0.2556109,0.7252273,0.013247,0.012317
True,1.283333,0.2556660,0.7252787,0.013247,0.012331
True,1.287500,0.2557195,0.7253283,0.012825,0.011916
True,1.291667,0.2557729,0.7253781,0.012825,0.011945
True,1.295833,0.2558246,0.7254262,0.012403,0.011544
True,1.300000,0.2558762,0.7254742,0.012395,0.011516
True,1.304167,0.2559262,0.7255205,0.011981,0.011115
True,1.308333,0.2559761,0.7255669,0.011973,0.011144
True,1.312500,0.2560242,0.7256116,0.011551,0.010729
True,1.316667,0.2560723,0.7256563,0.011551,0.010715
True,1.320833,0.2561187,0.7256993,0.011129,0.010328
True,1.325000,0.2561650,0.7257423,0.011122,0.010328
True,1.329167,0.2562097,0.7257838,0.010715,0.009942
True,1.333333,0.2562543,0.7258251,0.010707,0.009928
True,1.337500,0.2562971,0.7258648,0.010278,0.009513
True,1.341667,0.2563400,0.7259045,0.010285,0.009542
True,1.345833,0.2563811,0.7259426,0.009871,0.009127
True,1.350000,0.2564222,0.7259806,0.009863,0.009127
True,1.354167,0.2564616,0.7260171,0.009449,0.008769
True,1.358333,0.2565009,0.7260535,0.009449,0.008740
True,1.362500,0.2565386,0.7260883,0.009034,0.008354
True,1.366667,0.2565762,0.7261232,0.009034,0.008368
True,1.370833,0.2566121,0.7261564,0.008619,0.007954
True,1.375000,0.2566481,0.7261896,0.008626,0.007982
True,1.379167,0.2566823,0.7262213,0.008218,0.007596
True,1.383333,0.2567165,0.7262529,0.008211,0.007582
True,1.387500,0.2567491,0.7262830,0.007811,0.007238
True,1.391667,0.2567816,0.7263131,0.007811,0.007210
True,1.395833,0.2568125,0.7263415,0.007410,0.006838
True,1.400000,0.2568434,0.7263701,0.007410,0.006852
True,1.404167,0.2568726,0.7263970,0.007010,0.006466
True,1.408333,0.2569018,0.7264241,0.007017,0.006495
True,1.412500,0.2569294,0.7264495,0.006630,0.006108
True,1.416667,0.2569570,0.7264749,0.006623,0.006094
True,1.420833,0.2569830,0.7264989,0.006237,0.005751
True,1.425000,0.2570090,0.7265229,0.006244,0.005765
True,1.429167,0.2570334,0.7265453,0.005858,0.005379
True,1.433333,0.2570579,0.7265680,0.005872,0.005450
True,1.437500,0.2570808,0.7265891,0.005493,0.005064
True,1.441667,0.2571037,0.7266102,0.005493,0.005050
True,1.445833,0.2571250,0.7266299,0.005128,0.004735
True,1.450000,0.2571464,0.7266496,0.005136,0.004735
True,1.454167,0.2571664,0.7266680,0.004778,0.004406
True,1.458333,0.2571862,0.7266862,0.004771,0.004377
True,1.462500,0.2572047,0.7267032,0.004427,0.004063
True,1.466667,0.2572231,0.7267203,0.004427,0.004120
True,1.470833,0.2572401,0.7267359,0.004084,0.003748
True,1.475000,0.2572572,0.7267516,0.004091,0.003762
True,1.479167,0.2572728,0.7267660,0.003755,0.003462
True,1.483333,0.2572885,0.7267805,0.003762,0.003476
True,1.487500,0.2573029,0.7267938,0.003440,0.003176
True,1.491667,0.2573172,0.7268069,0.003440,0.003147
True,1.495833,0.2573302,0.7268189,0.003133,0.002890
True,1.500000,0.2573433,0.7268310,0.003133,0.002890
True,1.504167,0.2573551,0.7268418,0.002832,0.002604
True,1.508333,0.2573669,0.7268527,0.002832,0.002618
True,1.512500,0.2573775,0.7268624,0.002546,0.002317
True,1.516667,0.2573881,0.7268721,0.002539,0.002346
True,1.520833,0.2573976,0.7268809,0.002282,0.002103
True,1.525000,0.2574070,0.7268897,0.002267,0.002103
True,1.529167,0.2574154,0.7268972,0.002017,0.001802
True,1.533333,0.2574238,0.7269050,0.002010,0.001874
True,1.537500,0.2574312,0.7269118,0.001767,0.001631
True,1.541667,0.2574385,0.7269185,0.001760,0.001616
True,1.545833,0.2574449,0.7269244,0.001523,0.001402
True,1.550000,0.2574512,0.7269302,0.001531,0.001402
True,1.554167,0.2574567,0.7269352,0.001309,0.001202
True,1.558333,0.2574621,0.7269402,0.001302,0.001202
True,1.562500,0.2574667,0.7269444,0.001101,0.001016
True,1.566667,0.2574713,0.7269486,0.001101,0.001001
True,1.570833,0.2574751,0.7269521,0.000908,0.000830
True,1.575000,0.2574789,0.7269557,0.000916,0.000873
True,1.579167,0.2574820,0.7269585,0.000737,0.000658
True,1.583333,0.2574850,0.7269613,0.000737,0.000687
True,1.587500,0.2574874,0.7269635,0.000579,0.000515
True,1.591667,0.2574899,0.7269657,0.000579,0.000544
True,1.595833,0.2574917,0.7269674,0.000443,0.000401
True,1.600000,0.2574935,0.7269690,0.000436,0.000386
True,1.604167,0.2574949,0.7269703,0.000322,0.000315
True,1.608333,0.2574962,0.7269716,0.000322,0.000300
True,1.612500,0.2574971,0.7269723,0.000215,0.000172
True,1.616667,0.2574980,0.7269732,0.000215,0.000229
True,1.620833,0.2574986,0.7269737,0.000136,0.000114
True,1.625000,0.2574991,0.7269742,0.000129,0.000129
True,1.629167,0.2574994,0.7269745,0.000072,0.000057
True,1.633333,0.2574997,0.7269747,0.000064,0.000043
True,1.637500,0.2574998,0.7269747,0.000021,0.000014
True,1.641667,0.2574998,0.7269749,0.000021,0.000043
True,1.645833,0.2574999,0.7269749,0.000014,0.000000
True,1.650000,0.2574999,0.7269749,0.000000,0.000000
True,1.654167,0.2574999,0.7269749,0.000000,0.000000
True,1.658333,0.2574999,0.7269748,0.000000,-0.000014
True,1.662500,0.2574998,0.7269748,-0.000021,0.000000
True,1.666667,0.2574997,0.7269746,-0.000021,-0.000057
True,1.670833,0.2574995,0.7269746,-0.000057,0.000000
True,1.675000,0.2574993,0.7269745,-0.000050,-0.000029
True,1.679167,0.2574988,0.7269741,-0.000107,-0.000100
True,1.683333,0.2574984,0.7269737,-0.000100,-0.000100
True,1.687500,0.2574977,0.7269732,-0.000165,-0.000100
True,1.691667,0.2574970,0.7269726,-0.000179,-0.000157
True,1.695833,0.2574959,0.7269716,-0.000265,-0.000229
True,1.700000,0.2574949,0.7269708,-0.000243,-0.000200
True,1.704167,0.2574934,0.7269697,-0.000343,-0.000257
True,1.708333,0.2574920,0.7269685,-0.000350,-0.000286
True,1.712500,0.2574901,0.7269669,-0.000458,-0.000386
True,1.716667,0.2574881,0.7269654,-0.000465,-0.000372
True,1.720833,0.2574857,0.7269632,-0.000579,-0.000515
True,1.725000,0.2574832,0.7269613,-0.000594,-0.000472
True,1.729167,0.2574802,0.7269589,-0.000730,-0.000572
True,1.733333,0.2574772,0.7269564,-0.000722,-0.000601
True,1.737500,0.2574735,0.7269533,-0.000887,-0.000730
True,1.741667,0.2574698,0.7269503,-0.000880,-0.000730
True,1.745833,0.2574655,0.7269468,-0.001044,-0.000844
True,1.750000,0.2574611,0.7269431,-0.001051,-0.000873
True,1.754167,0.2574560,0.7269390,-0.001223,-0.000987
True,1.758333,0.2574509,0.7269349,-0.001223,-0.000987
True,1.762500,0.2574450,0.7269300,-0.001416,-0.001187
True,1.766667,0.2574391,0.7269253,-0.001416,-0.001130
True,1.770833,0.2574323,0.7269196,-0.001624,-0.001359
True,1.775000,0.2574256,0.7269140,-0.001624,-0.001330
True,1.779167,0.2574179,0.7269078,-0.001838,-0.001488
True,1.783333,0.2574103,0.7269017,-0.001831,-0.001488
True,1.787500,0.2574017,0.7268945,-0.002060,-0.001717
True,1.791667,0.2573931,0.7268875,-0.002067,-0.001688
True,1.795833,0.2573835,0.7268795,-0.002303,-0.001917
True,1.800000,0.2573739,0.7268717,-0.002303,-0.001874
True,1.804167,0.2573633,0.7268630,-0.002553,-0.002089
True,1.808333,0.2573527,0.7268543,-0.002546,-0.002074
True,1.812500,0.2573410,0.7268446,-0.002804,-0.002332
True,1.816667,0.2573293,0.7268351,-0.002797,-0.002289
True,1.820833,0.2573165,0.7268245,-0.003076,-0.002546
True,1.825000,0.2573037,0.7268140,-0.003083,-0.002518
True,1.829167,0.2572897,0.7268023,-0.003355,-0.002789
True,1.833333,0.2572757,0.7267910,-0.003347,-0.002732
True,1.837500,0.2572606,0.7267784,-0.003633,-0.003004
True,1.841667,0.2572454,0.7267660,-0.003641,-0.002990
True,1.845833,0.2572291,0.7267525,-0.003927,-0.003247
True,1.850000,0.2572126,0.7267389,-0.003941,-0.003247
True,1.854167,0.2571950,0.7267243,-0.004234,-0.003505
True,1.858333,0.2571774,0.7267098,-0.004234,-0.003476
True,1.862500,0.2571584,0.7266940,-0.004549,-0.003805
True,1.866667,0.2571394,0.7266784,-0.004549,-0.003734
True,1.870833,0.2571191,0.7266614,-0.004871,-0.004077
True,1.875000,0.2570989,0.7266448,-0.004864,-0.004005
True,1.879167,0.2570772,0.7266266,-0.005200,-0.004349
True,1.883333,0.2570556,0.7266088,-0.005193,-0.004292
True,1.887500,0.2570325,0.7265896,-0.005529,-0.004606
True,1.891667,0.2570095,0.7265704,-0.005529,-0.004592
True,1.895833,0.2569850,0.7265500,-0.005872,-0.004892
True,1.900000,0.2569606,0.7265298,-0.005865,-0.004864
True,1.904167,0.2569347,0.7265080,-0.006223,-0.005236
True,1.908333,0.2569088,0.7264864,-0.006208,-0.005164
True,1.912500,0.2568814,0.7264636,-0.006566,-0.005493
True,1.916667,0.2568541,0.7264406,-0.006573,-0.005507
True,1.920833,0.2568252,0.7264165,-0.006917,-0.005794
True,1.925000,0.2567964,0.7263923,-0.006931,-0.005808
True,1.929167,0.2567660,0.7263667,-0.007296,-0.006137
True,1.933333,0.2567357,0.7263412,-0.007274,-0.006123
True,1.937500,0.2567037,0.7263144,-0.007668,-0.006437
True,1.941667,0.2566718,0.7262875,-0.007660,-0.006437
True,1.945833,0.2566383,0.7262592,-0.008039,-0.006809
True,1.950000,0.2566048,0.7262309,-0.008032,-0.006795
True,1.954167,0.2565697,0.7262012,-0.008419,-0.007110
True,1.958333,0.2565347,0.7261716,-0.008404,-0.007110
True,1.962500,0.2564981,0.7261404,-0.008798,-0.007482
True,1.966667,0.2564615,0.7261094,-0.008783,-0.007453
True,1.970833,0.2564232,0.7260767,-0.009191,-0.007839
True,1.975000,0.2563849,0.7260442,-0.009177,-0.007811
True,1.979167,0.2563451,0.7260101,-0.009570,-0.008168
True,1.983333,0.2563052,0.7259761,-0.009570,-0.008168
True,1.987500,0.2562637,0.7259405,-0.009964,-0.008554
True,1.991667,0.2562222,0.7259049,-0.009964,-0.008526
True,1.995833,0.2561790,0.7258679,-0.010364,-0.008898
True,2.000000,0.2561358,0.7258308,-0.010357,-0.008898
True,2.004167,0.2560910,0.7257921,-0.010765,-0.009298
True,2.008333,0.2560461,0.7257535,-0.010757,-0.009255
True,2.012500,0.2559996,0.7257133,-0.011172,-0.009642
True,2.016667,0.2559531,0.7256731,-0.011158,-0.009656
True,2.020833,0.2559049,0.7256312,-0.011566,-0.010042
True,2.025000,0.2558567,0.7255895,-0.011573,-0.010028
True,2.029167,0.2558068,0.7255460,-0.011966,-0.010428
True,2.033333,0.2557569,0.7255026,-0.011973,-0.010414
True,2.037500,0.2557053,0.7254574,-0.012388,-0.010843
True,2.041667,0.2556538,0.7254124,-0.012374,-0.010800
True,2.045833,0.2556005,0.7253656,-0.012789,-0.011244
True,2.050000,0.2555472,0.7253187,-0.012789,-0.011244
True,2.054167,0.2554922,0.7252703,-0.013204,-0.011616
True,2.058333,0.2554372,0.7252219,-0.013196,-0.011630
True,2.062500,0.2553805,0.7251718,-0.013604,-0.012016
True,2.066667,0.2553238,0.7251216,-0.013611,-0.012045
True,2.070833,0.2552654,0.7250698,-0.014019,-0.012445
True,2.075000,0.2552069,0.7250178,-0.014026,-0.012474
True,2.079167,0.2551468,0.7249641,-0.014434,-0.012875
True,2.083333,0.2550867,0.7249105,-0.014427,-0.012875
True,2.087500,0.2550248,0.7248551,-0.014856,-0.013304
True,2.091667,0.2549630,0.7247996,-0.014842,-0.013304
True,2.095833,0.2548994,0.7247425,-0.015256,-0.013719
True,2.100000,0.2548358,0.7246853,-0.015264,-0.013733
True,2.104167,0.2547705,0.7246262,-0.015671,-0.014162
True,2.108333,0.2547052,0.7245672,-0.015671,-0.014162
True,2.112500,0.2546382,0.7245064,-0.016079,-0.014606
True,2.116667,0.2545712,0.7244455,-0.016079,-0.014606
True,2.120833,0.2545025,0.7243828,-0.016487,-0.015063
True,2.125000,0.2544338,0.7243201,-0.016494,-0.015035
True,2.129167,0.2543634,0.7242555,-0.016894,-0.015507
True,2.133333,0.2542929,0.7241910,-0.016916,-0.015492
True,2.137500,0.2542208,0.7241246,-0.017302,-0.015936
True,2.141667,0.2541488,0.7240580,-0.017295,-0.015979
True,2.145833,0.2540749,0.7239897,-0.017731,-0.016394
True,2.150000,0.2540011,0.7239212,-0.017710,-0.016437
True,2.154167,0.2539256,0.7238510,-0.018117,-0.016851
True,2.158333,0.2538501,0.7237808,-0.018110,-0.016851
True,2.162500,0.2537730,0.7237086,-0.018518,-0.017323
True,2.166667,0.2536958,0.7236362,-0.018532,-0.017366
True,2.170833,0.2536169,0.7235621,-0.018926,-0.017796
True,2.175000,0.2535381,0.7234879,-0.018919,-0.017810
True,2.179167,0.2534576,0.7234118,-0.019319,-0.018253
True,2.183333,0.2533771,0.7233356,-0.019319,-0.018282
True,2.187500,0.2532949,0.7232574,-0.019712,-0.018768
True,2.191667,0.2532128,0.7231793,-0.019720,-0.018754
True,2.195833,0.2531290,0.7230993,-0.020106,-0.019197
True,2.200000,0.2530452,0.7230191,-0.020106,-0.019255
True,2.204167,0.2529598,0.7229370,-0.020499,-0.019698
True,2.208333,0.2528744,0.7228547,-0.020492,-0.019755
True,2.212500,0.2527874,0.7227706,-0.020893,-0.020170
True,2.216667,0.2527004,0.7226864,-0.020878,-0.020227
True,2.220833,0.2526118,0.7226002,-0.021265,-0.020671
True,2.225000,0.2525232,0.7225139,-0.021272,-0.020728
True,2.229167,0.2524329,0.7224258,-0.021651,-0.021143
True,2.233333,0.2523428,0.7223374,-0.021644,-0.021214
True,2.237500,0.2522510,0.7222471,-0.022016,-0.021658
True,2.241667,0.2521593,0.7221567,-0.022023,-0.021701
True,2.245833,0.2520660,0.7220644,-0.022395,-0.022144
True,2.250000,0.2519726,0.7219719,-0.022395,-0.022202
True,2.254167,0.2518778,0.7218776,-0.022759,-0.022631
True,2.258333,0.2517829,0.7217829,-0.022774,-0.022731
True,2.262500,0.2516866,0.7216865,-0.023117,-0.023146
True,2.266667,0.2515903,0.7215897,-0.023124,-0.023217
True,2.270833,0.2514924,0.7214912,-0.023475,-0.023646
True,2.275000,0.2513946,0.7213923,-0.023482,-0.023732
True,2.279167,0.2512952,0.7212916,-0.023847,-0.024176
True,2.283333,0.2511959,0.7211907,-0.023839,-0.024219
True,2.287500,0.2510951,0.7210879,-0.024190,-0.024676
True,2.291667,0.2509944,0.7209848,-0.024183,-0.024748
True,2.295833,0.2508921,0.7208799,-0.024533,-0.025163
True,2.300000,0.2507899,0.7207747,-0.024526,-0.025263
True,2.304167,0.2506863,0.7206677,-0.024877,-0.025678
True,2.308333,0.2505826,0.7205603,-0.024877,-0.025764
True,2.312500,0.2504776,0.7204511,-0.025198,-0.026207
True,2.316667,0.2503726,0.7203416,-0.025206,-0.026279
True,2.320833,0.2502662,0.7202303,-0.025535,-0.026722
True,2.325000,0.2501599,0.7201187,-0.025527,-0.026779
True,2.329167,0.2500521,0.7200052,-0.025871,-0.027237
True,2.333333,0.2499444,0.7198914,-0.025849,-0.027308
True,2.337500,0.2498353,0.7197758,-0.026168,-0.027752
True,2.341667,0.2497263,0.7196598,-0.026175,-0.027838
True,2.345833,0.2496159,0.7195421,-0.026490,-0.028253
True,2.350000,0.2495055,0.7194240,-0.026490,-0.028338
True,2.354167,0.2493939,0.7193041,-0.026779,-0.028768
True,2.358333,0.2492823,0.7191839,-0.026797,-0.028868
True,2.362500,0.2491694,0.7190619,-0.027087,-0.029268
True,2.366667,0.2490566,0.7189394,-0.027087,-0.029397
True,2.370833,0.2489425,0.7188152,-0.027384,-0.029812
True,2.375000,0.2488284,0.7186907,-0.027387,-0.029883
True,2.379167,0.2487131,0.7185644,-0.027659,-0.030313
True,2.383333,0.2485978,0.7184376,-0.027680,-0.030427
True,2.387500,0.2484813,0.7183092,-0.027952,-0.030828
True,2.391667,0.2483649,0.7181803,-0.027945,-0.030928
True,2.395833,0.2482473,0.7180497,-0.028220,-0.031343
True,2.400000,0.2481297,0.7179186,-0.028224,-0.031457
True,2.404167,0.2480110,0.7177860,-0.028492,-0.031843
True,2.408333,0.2478923,0.7176528,-0.028489,-0.031958
True,2.412500,0.2477725,0.7175180,-0.028750,-0.032358
True,2.416667,0.2476527,0.7173827,-0.028750,-0.032473
True,2.420833,0.2475318,0.7172458,-0.029007,-0.032859
True,2.425000,0.2474110,0.7171084,-0.028993,-0.032973
True,2.429167,0.2472891,0.7169694,-0.029250,-0.033360
True,2.433333,0.2471673,0.7168298,-0.029247,-0.033503
True,2.437500,0.2470444,0.7166888,-0.029494,-0.033846
True,2.441667,0.2469215,0.7165471,-0.029483,-0.034003
True,2.445833,0.2467977,0.7164039,-0.029719,-0.034361
True,2.450000,0.2466739,0.7162601,-0.029719,-0.034504
True,2.454167,0.2465492,0.7161149,-0.029933,-0.034862
True,2.458333,0.2464244,0.7159691,-0.029944,-0.034990
True,2.462500,0.2462987,0.7158218,-0.030159,-0.035348
True,2.466667,0.2461731,0.7156740,-0.030159,-0.035477
True,2.470833,0.2460466,0.7155246,-0.030355,-0.035849
True,2.475000,0.2459200,0.7153748,-0.030370,-0.035963
True,2.479167,0.2457927,0.7152234,-0.030570,-0.036335
True,2.483333,0.2456653,0.7150714,-0.030563,-0.036464
True,2.487500,0.2455371,0.7149181,-0.030767,-0.036793
True,2.491667,0.2454090,0.7147641,-0.030752,-0.036964
True,2.495833,0.2452801,0.7146088,-0.030938,-0.037279
True,2.500000,0.2451511,0.7144530,-0.030949,-0.037394
True,2.504167,0.2450214,0.7142957,-0.031128,-0.037751
True,2.508333,0.2448917,0.7141378,-0.031124,-0.037894
True,2.512500,0.2447614,0.7139785,-0.031289,-0.038223
True,2.516667,0.2446310,0.7138186,-0.031285,-0.038381
True,2.520833,0.2445000,0.7136576,-0.031457,-0.038652
True,2.525000,0.2443689,0.7134959,-0.031453,-0.038810
True,2.529167,0.2442372,0.7133329,-0.031611,-0.039110
True,2.533333,0.2441055,0.7131692,-0.031604,-0.039282
True,2.537500,0.2439732,0.7130044,-0.031750,-0.039554
True,2.541667,0.2438409,0.7128389,-0.031754,-0.039725
True,2.545833,0.2437080,0.7126721,-0.031893,-0.040026
True,2.550000,0.2435752,0.7125048,-0.031886,-0.040154
True,2.554167,0.2434418,0.7123362,-0.032015,-0.040455
True,2.558333,0.2433083,0.7121671,-0.032026,-0.040598
True,2.562500,0.2431744,0.7119969,-0.032136,-0.040855
True,2.566667,0.2430405,0.7118259,-0.032129,-0.041027
True,2.570833,0.2429062,0.7116539,-0.032254,-0.041270
True,2.575000,0.2427718,0.7114813,-0.032251,-0.041442
True,2.579167,0.2426369,0.7113075,-0.032358,-0.041699
True,2.583333,0.2425021,0.7111331,-0.032355,-0.041857
True,2.587500,0.2423670,0.7109576,-0.032444,-0.042114
True,2.591667,0.2422318,0.7107817,-0.032440,-0.042229
True,2.595833,0.2420962,0.7106047,-0.032541,-0.042486
True,2.600000,0.2419606,0.7104270,-0.032541,-0.042644
True,2.604167,0.2418247,0.7102484,-0.032612,-0.042872
True,2.608333,0.2416889,0.7100691,-0.032609,-0.043030
True,2.612500,0.2415527,0.7098889,-0.032684,-0.043244
True,2.616667,0.2414165,0.7097080,-0.032684,-0.043402
True,2.620833,0.2412801,0.7095263,-0.032737,-0.043616
True,2.625000,0.2411437,0.7093439,-0.032744,-0.043774
True,2.629167,0.2410070,0.7091607,-0.032798,-0.043960
True,2.633333,0.2408704,0.7089769,-0.032787,-0.044131
True,2.637500,0.2407335,0.7087923,-0.032845,-0.044303
True,2.641667,0.2405967,0.7086070,-0.032841,-0.044460
True,2.645833,0.2404598,0.7084210,-0.032862,-0.044646
True,2.650000,0.2403228,0.7082343,-0.032880,-0.044804
True,2.654167,0.2401857,0.7080469,-0.032898,-0.044975
True,2.658333,0.2400486,0.7078589,-0.032898,-0.045133
True,2.662500,0.2399114,0.7076703,-0.032923,-0.045261
True,2.666667,0.2397743,0.7074810,-0.032920,-0.045433
True,2.670833,0.2396371,0.7072911,-0.032912,-0.045562
True,2.675000,0.2394999,0.7071006,-0.032930,-0.045733
True,2.679167,0.2393627,0.7069094,-0.032930,-0.045877
True,2.683333,0.2392256,0.7067177,-0.032916,-0.046020
True,2.687500,0.2390884,0.7065254,-0.032923,-0.046134
True,2.691667,0.2389512,0.7063326,-0.032916,-0.046291
True,2.695833,0.2388142,0.7061393,-0.032898,-0.046391
True,2.700000,0.2386771,0.7059453,-0.032898,-0.046549
True,2.704167,0.2385401,0.7057509,-0.032873,-0.046649
True,2.708333,0.2384031,0.7055560,-0.032880,-0.046792
True,2.712500,0.2382663,0.7053606,-0.032841,-0.046892
True,2.716667,0.2381295,0.7051646,-0.032823,-0.047035
True,2.720833,0.2379928,0.7049683,-0.032802,-0.047121
True,2.725000,0.2378562,0.7047713,-0.032798,-0.047264
True,2.729167,0.2377198,0.7045742,-0.032741,-0.047307
True,2.733333,0.2375833,0.7043765,-0.032741,-0.047464
True,2.737500,0.2374472,0.7041785,-0.032676,-0.047507
True,2.741667,0.2373110,0.7039799,-0.032684,-0.047665
True,2.745833,0.2371751,0.7037812,-0.032612,-0.047693
True,2.750000,0.2370392,0.7035818,-0.032612,-0.047851
True,2.754167,0.2369037,0.7033823,-0.032533,-0.047879
True,2.758333,0.2367681,0.7031824,-0.032541,-0.047979
True,2.762500,0.2366329,0.7029823,-0.032448,-0.048022
True,2.766667,0.2364977,0.7027817,-0.032451,-0.048151
True,2.770833,0.2363629,0.7025810,-0.032347,-0.048151
True,2.775000,0.2362281,0.7023799,-0.032358,-0.048280
True,2.779167,0.2360937,0.7021787,-0.032251,-0.048294
True,2.783333,0.2359593,0.7019770,-0.032247,-0.048394
True,2.787500,0.2358254,0.7017754,-0.032140,-0.048394
True,2.791667,0.2356915,0.7015733,-0.032133,-0.048494
True,2.795833,0.2355581,0.7013713,-0.032026,-0.048494
True,2.800000,0.2354247,0.7011688,-0.032015,-0.048580
True,2.804167,0.2352918,0.7009666,-0.031890,-0.048537
True,2.808333,0.2351589,0.7007639,-0.031897,-0.048652
True,2.812500,0.2350266,0.7005612,-0.031747,-0.048637
True,2.816667,0.2348943,0.7003582,-0.031754,-0.048723
True,2.820833,0.2347626,0.7001555,-0.031607,-0.048652
True,2.825000,0.2346310,0.6999523,-0.031604,-0.048766
True,2.829167,0.2344999,0.6997495,-0.031453,-0.048680
True,2.833333,0.2343689,0.6995463,-0.031450,-0.048766
True,2.837500,0.2342385,0.6993434,-0.031296,-0.048695
True,2.841667,0.2341081,0.6991401,-0.031285,-0.048780
True,2.845833,0.2339784,0.6989372,-0.031132,-0.048709
True,2.850000,0.2338487,0.6987340,-0.031124,-0.048766
True,2.854167,0.2337198,0.6985312,-0.030946,-0.048680
True,2.858333,0.2335908,0.6983280,-0.030946,-0.048752
True,2.862500,0.2334627,0.6981254,-0.030756,-0.048637
True,2.866667,0.2333345,0.6979225,-0.030756,-0.048680
True,2.870833,0.2332072,0.6977201,-0.030566,-0.048580
True,2.875000,0.2330798,0.6975175,-0.030566,-0.048623
True,2.879167,0.2329533,0.6973154,-0.030370,-0.048509
True,2.883333,0.2328268,0.6971130,-0.030359,-0.048566
True,2.887500,0.2327011,0.6969115,-0.030162,-0.048380
True,2.891667,0.2325754,0.6967094,-0.030155,-0.048494
True,2.895833,0.2324507,0.6965082,-0.029941,-0.048294
True,2.900000,0.2323259,0.6963068,-0.029941,-0.048337
True,2.904167,0.2322021,0.6961060,-0.029719,-0.048180
True,2.908333,0.2320783,0.6959051,-0.029722,-0.048208
True,2.912500,0.2319554,0.6957051,-0.029479,-0.048022
True,2.916667,0.2318326,0.6955047,-0.029486,-0.048094
True,2.920833,0.2317107,0.6953052,-0.029247,-0.047879
True,2.925000,0.2315888,0.6951056,-0.029250,-0.047908
True,2.929167,0.2314680,0.6949068,-0.029004,-0.047693
True,2.933333,0.2313472,0.6947080,-0.028996,-0.047708
True,2.937500,0.2312274,0.6945102,-0.028750,-0.047493
True,2.941667,0.2311076,0.6943122,-0.028753,-0.047507
True,2.945833,0.2309889,0.6941151,-0.028485,-0.047307
True,2.950000,0.2308702,0.6939179,-0.028485,-0.047321
True,2.954167,0.2307526,0.6937219,-0.028231,-0.047050
True,2.958333,0.2306350,0.6935257,-0.028220,-0.047078
True,2.962500,0.2305185,0.6933307,-0.027945,-0.046806
True,2.966667,0.2304021,0.6931357,-0.027959,-0.046806
True,2.970833,0.2302868,0.6929418,-0.027666,-0.046535
True,2.975000,0.2301715,0.6927478,-0.027670,-0.046549
True,2.979167,0.2300574,0.6925551,-0.027384,-0.046248
True,2.983333,0.2299433,0.6923624,-0.027376,-0.046263
True,2.987500,0.2298304,0.6921708,-0.027101,-0.045977
True,2.991667,0.2297176,0.6919793,-0.027083,-0.045948
True,2.995833,0.2296059,0.6917893,-0.026793,-0.045619
True,3.000000,0.2294943,0.6915991,-0.026786,-0.045648
True,3.004167,0.2293839,0.6914103,-0.026486,-0.045304
True,3.008333,0.2292736,0.6912216,-0.026486,-0.045290
True,3.012500,0.2291645,0.6910341,-0.026175,-0.044990
True,3.016667,0.2290555,0.6908470,-0.026171,-0.044918
True,3.020833,0.2289478,0.6906611,-0.025853,-0.044618
True,3.025000,0.2288400,0.6904753,-0.025864,-0.044575
True,3.029167,0.2287336,0.6902912,-0.025538,-0.044203
True,3.033333,0.2286273,0.6901071,-0.025517,-0.044174
True,3.037500,0.2285222,0.6899246,-0.025213,-0.043802
True,3.041667,0.2284172,0.6897422,-0.025206,-0.043774
True,3.045833,0.2283135,0.6895614,-0.024877,-0.043402
True,3.050000,0.2282099,0.6893807,-0.024869,-0.043359
True,3.054167,0.2281077,0.6892016,-0.024530,-0.042987
True,3.058333,0.2280055,0.6890227,-0.024530,-0.042930
True,3.062500,0.2279047,0.6888456,-0.024183,-0.042515
True,3.066667,0.2278039,0.6886687,-0.024197,-0.042443
True,3.070833,0.2277046,0.6884935,-0.023836,-0.042057
True,3.075000,0.2276053,0.6883185,-0.023836,-0.042000
True,3.079167,0.2275074,0.6881452,-0.023485,-0.041585
True,3.083333,0.2274096,0.6879722,-0.023475,-0.041528
True,3.087500,0.2273132,0.6878010,-0.023131,-0.041084
True,3.091667,0.2272169,0.6876301,-0.023121,-0.041013
True,3.095833,0.2271220,0.6874611,-0.022767,-0.040569
True,3.100000,0.2270272,0.6872923,-0.022759,-0.040512
True,3.104167,0.2269339,0.6871254,-0.022395,-0.040040
True,3.108333,0.2268406,0.6869588,-0.022391,-0.039997
True,3.112500,0.2267488,0.6867940,-0.022030,-0.039539
True,3.116667,0.2266571,0.6866297,-0.022008,-0.039439
True,3.120833,0.2265669,0.6864673,-0.021654,-0.038981
True,3.125000,0.2264767,0.6863052,-0.021644,-0.038910
True,3.129167,0.2263881,0.6861451,-0.021272,-0.038424
True,3.133333,0.2262994,0.6859854,-0.021272,-0.038309
True,3.137500,0.2262124,0.6858279,-0.020878,-0.037823
True,3.141667,0.2261254,0.6856704,-0.020882,-0.037780
True,3.145833,0.2260400,0.6855152,-0.020496,-0.037251
True,3.150000,0.2259546,0.6853604,-0.020499,-0.037150
True,3.154167,0.2258708,0.6852076,-0.020113,-0.036678
True,3.158333,0.2257871,0.6850554,-0.020102,-0.036535
True,3.162500,0.2257049,0.6849051,-0.019716,-0.036063
True,3.166667,0.2256228,0.6847553,-0.019712,-0.035949
True,3.170833,0.2255422,0.6846077,-0.019333,-0.035434
True,3.175000,0.2254618,0.6844607,-0.019308,-0.035276
True,3.179167,0.2253829,0.6843157,-0.018926,-0.034790
True,3.183333,0.2253041,0.6841713,-0.018919,-0.034676
True,3.187500,0.2252269,0.6840290,-0.018529,-0.034146
True,3.191667,0.2251497,0.6838871,-0.018518,-0.034046
True,3.195833,0.2250743,0.6837476,-0.018107,-0.033488
True,3.200000,0.2249987,0.6836085,-0.018128,-0.033388
True,3.204167,0.2249249,0.6834717,-0.017713,-0.032830
True,3.208333,0.2248511,0.6833355,-0.017713,-0.032687
True,3.212500,0.2247790,0.6832015,-0.017302,-0.032158
True,3.216667,0.2247069,0.6830680,-0.017316,-0.032043
True,3.220833,0.2246365,0.6829369,-0.016901,-0.031457
True,3.225000,0.2245661,0.6828062,-0.016894,-0.031371
True,3.229167,0.2244973,0.6826779,-0.016501,-0.030785
True,3.233333,0.2244286,0.6825502,-0.016487,-0.030656
True,3.237500,0.2243616,0.6824247,-0.016079,-0.030112
True,3.241667,0.2242947,0.6823000,-0.016072,-0.029941
True,3.245833,0.2242294,0.6821774,-0.015671,-0.029411
True,3.250000,0.2241641,0.6820556,-0.015671,-0.029240
True,3.254167,0.2241005,0.6819359,-0.015267,-0.028725
True,3.258333,0.2240369,0.6818170,-0.015249,-0.028539
True,3.262500,0.2239751,0.6817004,-0.014842,-0.027981
True,3.266667,0.2239132,0.6815845,-0.014852,-0.027823
True,3.270833,0.2238531,0.6814709,-0.014434,-0.027266
True,3.275000,0.2237929,0.6813580,-0.014434,-0.027094
True,3.279167,0.2237345,0.6812474,-0.014019,-0.026536
True,3.283333,0.2236761,0.6811374,-0.014023,-0.026393
True,3.287500,0.2236193,0.6810300,-0.013615,-0.025792
True,3.291667,0.2235627,0.6809231,-0.013604,-0.025649
True,3.295833,0.2235076,0.6808186,-0.013211,-0.025091
True,3.300000,0.2234526,0.6807147,-0.013196,-0.024920
True,3.304167,0.2233994,0.6806133,-0.012778,-0.024333
True,3.308333,0.2233461,0.6805125,-0.012796,-0.024190
True,3.312500,0.2232945,0.6804141,-0.012378,-0.023618
True,3.316667,0.2232429,0.6803164,-0.012388,-0.023446
True,3.320833,0.2231930,0.6802212,-0.011966,-0.022860
True,3.325000,0.2231431,0.6801265,-0.011973,-0.022717
True,3.329167,0.2230949,0.6800343,-0.011573,-0.022130
True,3.333333,0.2230468,0.6799428,-0.011555,-0.021958
True,3.337500,0.2230003,0.6798537,-0.011162,-0.021400
True,3.341667,0.2229537,0.6797651,-0.011169,-0.021257
True,3.345833,0.2229089,0.6796789,-0.010765,-0.020685
True,3.350000,0.2228640,0.6795935,-0.010761,-0.020499
True,3.354167,0.2228209,0.6795105,-0.010360,-0.019913
True,3.358333,0.2227777,0.6794282,-0.010364,-0.019770
True,3.362500,0.2227362,0.6793482,-0.009960,-0.019183
True,3.366667,0.2226947,0.6792689,-0.009960,-0.019040
True,3.370833,0.2226548,0.6791919,-0.009581,-0.018468
True,3.375000,0.2226149,0.6791157,-0.009559,-0.018296
True,3.379167,0.2225766,0.6790418,-0.009191,-0.017738
True,3.383333,0.2225384,0.6789686,-0.009180,-0.017567
True,3.387500,0.2225018,0.6788977,-0.008787,-0.017009
True,3.391667,0.2224651,0.6788276,-0.008794,-0.016837
True,3.395833,0.2224301,0.6787596,-0.008415,-0.016308
True,3.400000,0.2223950,0.6786925,-0.008411,-0.016122
True,3.404167,0.2223615,0.6786274,-0.008036,-0.015607
True,3.408333,0.2223281,0.6785632,-0.008032,-0.015421
True,3.412500,0.2222962,0.6785012,-0.007653,-0.014863
True,3.416667,0.2222642,0.6784400,-0.007675,-0.014706
True,3.420833,0.2222339,0.6783809,-0.007278,-0.014176
True,3.425000,0.2222035,0.6783226,-0.007292,-0.014005
True,3.429167,0.2221746,0.6782664,-0.006931,-0.013475
True,3.433333,0.2221458,0.6782108,-0.006920,-0.013347
True,3.437500,0.2221184,0.6781574,-0.006570,-0.012817
True,3.441667,0.2220910,0.6781048,-0.006566,-0.012631
True,3.445833,0.2220652,0.6780542,-0.006212,-0.012131
True,3.450000,0.2220392,0.6780044,-0.006223,-0.011959
True,3.454167,0.2220148,0.6779565,-0.005876,-0.011487
True,3.458333,0.2219903,0.6779095,-0.005865,-0.011287
True,3.462500,0.2219673,0.6778644,-0.005522,-0.010829
True,3.466667,0.2219443,0.6778200,-0.005529,-0.010657
True,3.470833,0.2219226,0.6777775,-0.005193,-0.010185
True,3.475000,0.2219010,0.6777357,-0.005193,-0.010028
True,3.479167,0.2218807,0.6776960,-0.004874,-0.009527
True,3.483333,0.2218604,0.6776569,-0.004864,-0.009384
True,3.487500,0.2218415,0.6776199,-0.004549,-0.008883
True,3.491667,0.2218225,0.6775833,-0.004549,-0.008783
True,3.495833,0.2218049,0.6775486,-0.004234,-0.008326
True,3.500000,0.2217872,0.6775146,-0.004238,-0.008183
True,3.504167,0.2217709,0.6774823,-0.003927,-0.007739
True,3.508333,0.2217544,0.6774506,-0.003941,-0.007610
True,3.512500,0.2217393,0.6774209,-0.003641,-0.007138
True,3.516667,0.2217241,0.6773916,-0.003633,-0.007010
True,3.520833,0.2217102,0.6773641,-0.003347,-0.006609
True,3.525000,0.2216962,0.6773372,-0.003362,-0.006452
True,3.529167,0.2216834,0.6773119,-0.003072,-0.006080
True,3.533333,0.2216706,0.6772872,-0.003072,-0.005937
True,3.537500,0.2216589,0.6772640,-0.002804,-0.005565
True,3.541667,0.2216472,0.6772414,-0.002811,-0.005407
True,3.545833,0.2216365,0.6772205,-0.002550,-0.005035
True,3.550000,0.2216260,0.6772001,-0.002543,-0.004892
True,3.554167,0.2216163,0.6771811,-0.002307,-0.004549
True,3.558333,0.2216067,0.6771626,-0.002303,-0.004435
True,3.562500,0.2215982,0.6771457,-0.002056,-0.004077
True,3.566667,0.2215896,0.6771290,-0.002067,-0.003991
True,3.570833,0.2215819,0.6771138,-0.001835,-0.003662
True,3.575000,0.2215742,0.6770991,-0.001842,-0.003519
True,3.579167,0.2215675,0.6770856,-0.001616,-0.003247
True,3.583333,0.2215607,0.6770727,-0.001624,-0.003090
True,3.587500,0.2215548,0.6770610,-0.001416,-0.002804
True,3.591667,0.2215489,0.6770497,-0.001423,-0.002718
True,3.595833,0.2215438,0.6770395,-0.001223,-0.002446
True,3.600000,0.2215387,0.6770296,-0.001230,-0.002375
True,3.604167,0.2215343,0.6770208,-0.001044,-0.002103
True,3.608333,0.2215300,0.6770125,-0.001044,-0.002003
True,3.612500,0.2215263,0.6770052,-0.000880,-0.001760
True,3.616667,0.2215227,0.6769983,-0.000880,-0.001645
True,3.620833,0.2215196,0.6769922,-0.000722,-0.001459
True,3.625000,0.2215166,0.6769865,-0.000726,-0.001373
True,3.629167,0.2215141,0.6769816,-0.000597,-0.001173
True,3.633333,0.2215117,0.6769769,-0.000583,-0.001144
True,3.637500,0.2215098,0.6769729,-0.000458,-0.000944
True,3.641667,0.2215079,0.6769693,-0.000458,-0.000873
True,3.645833,0.2215064,0.6769664,-0.000358,-0.000701
True,3.650000,0.2215050,0.6769637,-0.000347,-0.000644
True,3.654167,0.2215039,0.6769615,-0.000250,-0.000515
True,3.658333,0.2215029,0.6769596,-0.000250,-0.000458
True,3.662500,0.2215022,0.6769581,-0.000172,-0.000372
True,3.666667,0.2215015,0.6769568,-0.000168,-0.000315
True,3.670833,0.2215010,0.6769557,-0.000114,-0.000257
True,3.675000,0.2215006,0.6769549,-0.000097,-0.000200
True,3.679167,0.2215004,0.6769542,-0.000050,-0.000157
True,3.683333,0.2215001,0.6769539,-0.000061,-0.000086
True,3.687500,0.2215000,0.6769537,-0.000021,-0.000043
True,3.691667,0.2214999,0.6769536,-0.000018,-0.000014
True,3.695833,0.2214999,0.6769536,0.000000,0.000000
True,3.700000,0.2214999,0.6769539,0.000000,0.000057
True,3.704167,0.2214999,0.6769540,0.000000,0.000029
True,3.708333,0.2215000,0.6769539,0.000007,-0.000014
True,3.712500,0.2215001,0.6769540,0.000025,0.000029
True,3.716667,0.2215002,0.6769543,0.000018,0.000057
True,3.720833,0.2215004,0.6769549,0.000068,0.000143
True,3.725000,0.2215008,0.6769558,0.000079,0.000229
True,3.729167,0.2215013,0.6769575,0.000132,0.000401
True,3.733333,0.2215019,0.6769596,0.000136,0.000501
True,3.737500,0.2215028,0.6769626,0.000218,0.000715
True,3.741667,0.2215037,0.6769655,0.000215,0.000715
True,3.745833,0.2215050,0.6769692,0.000325,0.000887
True,3.750000,0.2215064,0.6769734,0.000318,0.001001
True,3.754167,0.2215082,0.6769785,0.000440,0.001216
True,3.758333,0.2215100,0.6769843,0.000440,0.001402
True,3.762500,0.2215125,0.6769913,0.000583,0.001674
True,3.766667,0.2215149,0.6769991,0.000579,0.001874
True,3.770833,0.2215180,0.6770083,0.000737,0.002203
True,3.775000,0.2215210,0.6770179,0.000744,0.002317
True,3.779167,0.2215248,0.6770288,0.000901,0.002618
True,3.783333,0.2215285,0.6770405,0.000898,0.002789
True,3.787500,0.2215331,0.6770537,0.001105,0.003176
True,3.791667,0.2215377,0.6770677,0.001094,0.003362
True,3.795833,0.2215430,0.6770835,0.001280,0.003791
True,3.800000,0.2215485,0.6771004,0.001302,0.004063
True,3.804167,0.2215547,0.6771191,0.001498,0.004478
True,3.808333,0.2215610,0.6771384,0.001509,0.004635
True,3.812500,0.2215682,0.6771597,0.001727,0.005107
True,3.816667,0.2215754,0.6771818,0.001731,0.005322
True,3.820833,0.2215836,0.6772059,0.001971,0.005765
True,3.825000,0.2215918,0.6772310,0.001963,0.006037
True,3.829167,0.2216011,0.6772583,0.002224,0.006537
True,3.833333,0.2216103,0.6772868,0.002217,0.006852
True,3.837500,0.2216206,0.6773174,0.002475,0.007353
True,3.841667,0.2216309,0.6773491,0.002475,0.007596
True,3.845833,0.2216424,0.6773829,0.002750,0.008125
True,3.850000,0.2216538,0.6774178,0.002747,0.008354
True,3.854167,0.2216664,0.6774549,0.003022,0.008926
True,3.858333,0.2216791,0.6774933,0.003040,0.009212
True,3.862500,0.2216929,0.6775342,0.003308,0.009813
True,3.866667,0.2217067,0.6775762,0.003308,0.010085
True,3.870833,0.2217217,0.6776208,0.003608,0.010686
True,3.875000,0.2217367,0.6776664,0.003605,0.010943
True,3.879167,0.2217530,0.6777145,0.003909,0.011544
True,3.883333,0.2217693,0.6777637,0.003912,0.011816
True,3.887500,0.2217869,0.6778156,0.004224,0.012445
True,3.891667,0.2218045,0.6778686,0.004220,0.012732
True,3.895833,0.2218234,0.6779243,0.004535,0.013361
True,3.900000,0.2218423,0.6779813,0.004531,0.013676
True,3.904167,0.2218625,0.6780409,0.004860,0.014305
True,3.908333,0.2218827,0.6781017,0.004849,0.014591
True,3.912500,0.2219043,0.6781651,0.005175,0.015221
True,3.916667,0.2219259,0.6782298,0.005182,0.015535
True,3.920833,0.2219488,0.6782970,0.005504,0.016122
True,3.925000,0.2219718,0.6783656,0.005507,0.016465
True,3.929167,0.2219961,0.6784368,0.005840,0.017080
True,3.933333,0.2220204,0.6785094,0.005836,0.017438
True,3.937500,0.2220461,0.6785847,0.006173,0.018067
True,3.941667,0.2220719,0.6786612,0.006180,0.018368
True,3.945833,0.2220990,0.6787404,0.006516,0.018997
True,3.950000,0.2221261,0.6788208,0.006505,0.019312
True,3.954167,0.2221547,0.6789041,0.006852,0.019970
True,3.958333,0.2221832,0.6789883,0.006845,0.020213
True,3.962500,0.2222132,0.6790754,0.007203,0.020900
True,3.966667,0.2222431,0.6791637,0.007185,0.021200
True,3.970833,0.2222745,0.6792546,0.007535,0.021815
True,3.975000,0.2223059,0.6793468,0.007524,0.022130
True,3.979167,0.2223387,0.6794416,0.007875,0.022745
True,3.983333,0.2223715,0.6795377,0.007882,0.023074
True,3.987500,0.2224058,0.6796363,0.008218,0.023661
True,3.991667,0.2224400,0.6797361,0.008211,0.023961
True,3.995833,0.2224757,0.6798386,0.008558,0.024590
True,4.000000,0.2225113,0.6799421,0.008551,0.024834
True,4.004167,0.2225484,0.6800483,0.008898,0.025492
True,4.008333,0.2225854,0.6801556,0.008894,0.025749
True,4.012500,0.2226239,0.6802655,0.009234,0.026379
True,4.016667,0.2226624,0.6803764,0.009230,0.026622
True,4.020833,0.2227022,0.6804898,0.009570,0.027223
True,4.025000,0.2227421,0.6806043,0.009570,0.027466
True,4.029167,0.2227834,0.6807212,0.009910,0.028067
True,4.033333,0.2228246,0.6808392,0.009896,0.028310
True,4.037500,0.2228673,0.6809593,0.010228,0.028839
True,4.041667,0.2229099,0.6810808,0.010228,0.029140
True,4.045833,0.2229539,0.6812044,0.010564,0.029669
True,4.050000,0.2229979,0.6813291,0.010554,0.029926
True,4.054167,0.2230432,0.6814561,0.010886,0.030499
True,4.058333,0.2230885,0.6815839,0.010875,0.030656
True,4.062500,0.2231352,0.6817141,0.011197,0.031242
True,4.066667,0.2231818,0.6818448,0.011197,0.031385
True,4.070833,0.2232298,0.6819779,0.011519,0.031943
True,4.075000,0.2232778,0.6821119,0.011505,0.032158
True,4.079167,0.2233270,0.6822481,0.011823,0.032673
True,4.083333,0.2233763,0.6823850,0.011812,0.032859
True,4.087500,0.2234268,0.6825238,0.012127,0.033317
True,4.091667,0.2234773,0.6826634,0.012120,0.033517
True,4.095833,0.2235290,0.6828049,0.012420,0.033960
True,4.100000,0.2235808,0.6829471,0.012413,0.034118
True,4.104167,0.2236338,0.6830912,0.012717,0.034590
True,4.108333,0.2236867,0.6832359,0.012707,0.034733
True,4.112500,0.2237408,0.6833826,0.012996,0.035205
True,4.116667,0.2237950,0.6835299,0.012989,0.035334
True,4.120833,0.2238503,0.6836787,0.013279,0.035734
True,4.125000,0.2239056,0.6838282,0.013272,0.035863
True,4.129167,0.2239620,0.6839793,0.013540,0.036278
True,4.133333,0.2240185,0.6841308,0.013551,0.036349
True,4.137500,0.2240759,0.6842837,0.013794,0.036707
True,4.141667,0.2241335,0.6844373,0.013812,0.036864
True,4.145833,0.2241921,0.6845924,0.014058,0.037222
True,4.150000,0.2242507,0.6847479,0.014062,0.037308
True,4.154167,0.2243103,0.6849048,0.014305,0.037651
True,4.158333,0.2243699,0.6850620,0.014312,0.037737
True,4.162500,0.2244305,0.6852204,0.014548,0.038009
True,4.166667,0.2244911,0.6853790,0.014541,0.038066
True,4.170833,0.2245527,0.6855388,0.014777,0.038352
True,4.175000,0.2246142,0.6856989,0.014777,0.038424
True,4.179167,0.2246768,0.6858602,0.015010,0.038710
True,4.183333,0.2247392,0.6860216,0.014988,0.038738
True,4.187500,0.2248026,0.6861842,0.015210,0.039024
True,4.191667,0.2248660,0.6863468,0.015217,0.039024
True,4.195833,0.2249303,0.6865101,0.015424,0.039210
True,4.200000,0.2249945,0.6866736,0.015414,0.039239
True,4.204167,0.2250595,0.6868379,0.015603,0.039411
True,4.208333,0.2251246,0.6870022,0.015610,0.039439
True,4.212500,0.2251903,0.6871674,0.015786,0.039654
True,4.216667,0.2252562,0.6873326,0.015796,0.039639
True,4.220833,0.2253227,0.6874985,0.015961,0.039825
True,4.225000,0.2253892,0.6876642,0.015975,0.039754
True,4.229167,0.2254564,0.6878304,0.016129,0.039897
True,4.233333,0.2255237,0.6879963,0.016133,0.039811
True,4.237500,0.2255915,0.6881627,0.016286,0.039940
True,4.241667,0.2256593,0.6883290,0.016279,0.039911
True,4.245833,0.2257278,0.6884958,0.016437,0.040026
True,4.250000,0.2257963,0.6886624,0.016429,0.039983
True,4.254167,0.2258653,0.6888292,0.016558,0.040040
True,4.258333,0.2259343,0.6889957,0.016565,0.039954
True,4.262500,0.2260038,0.6891623,0.016687,0.039997
True,4.266667,0.2260733,0.6893285,0.016683,0.039883
True,4.270833,0.2261433,0.6894948,0.016794,0.039911
True,4.275000,0.2262133,0.6896607,0.016801,0.039825
True,4.279167,0.2262837,0.6898268,0.016898,0.039868
True,4.283333,0.2263542,0.6899925,0.016909,0.039754
True,4.287500,0.2264250,0.6901581,0.016987,0.039754
True,4.291667,0.2264957,0.6903232,0.016984,0.039611
True,4.295833,0.2265668,0.6904881,0.017062,0.039582
True,4.300000,0.2266380,0.6906524,0.017073,0.039425
True,4.304167,0.2267094,0.6908164,0.017134,0.039368
True,4.308333,0.2267807,0.6909799,0.017134,0.039239
True,4.312500,0.2268524,0.6911432,0.017188,0.039196
True,4.316667,0.2269240,0.6913059,0.017195,0.039053
True,4.320833,0.2269958,0.6914683,0.017241,0.038967
True,4.325000,0.2270677,0.6916300,0.017238,0.038810
True,4.329167,0.2271396,0.6917910,0.017270,0.038638
True,4.333333,0.2272116,0.6919513,0.017266,0.038481
True,4.337500,0.2272837,0.6921111,0.017302,0.038338
True,4.341667,0.2273557,0.6922703,0.017288,0.038223
True,4.345833,0.2274278,0.6924288,0.017316,0.038023
True,4.350000,0.2274999,0.6925867,0.017295,0.037894
True,4.354167,0.2275720,0.6927438,0.017313,0.037708
True,4.358333,0.2276441,0.6929002,0.017306,0.037537
True,4.362500,0.2277162,0.6930556,0.017295,0.037308
True,4.366667,0.2277883,0.6932102,0.017295,0.037093
True,4.370833,0.2278602,0.6933640,0.017273,0.036907
True,4.375000,0.2279322,0.6935170,0.017266,0.036721
True,4.379167,0.2280040,0.6936691,0.017238,0.036507
True,4.383333,0.2280759,0.6938204,0.017245,0.036321
True,4.387500,0.2281475,0.6939707,0.017191,0.036063
True,4.391667,0.2282191,0.6941201,0.017188,0.035863
True,4.395833,0.2282905,0.6942683,0.017130,0.035577
True,4.400000,0.2283619,0.6944157,0.017138,0.035362
True,4.404167,0.2284330,0.6945619,0.017077,0.035090
True,4.408333,0.2285042,0.6947073,0.017066,0.034890
True,4.412500,0.2285749,0.6948515,0.016980,0.034604
True,4.416667,0.2286457,0.6949948,0.016998,0.034404
True,4.420833,0.2287161,0.6951368,0.016891,0.034089
True,4.425000,0.2287865,0.6952780,0.016901,0.033875
True,4.429167,0.2288565,0.6954178,0.016801,0.033545
True,4.433333,0.2289265,0.6955565,0.016794,0.033302
True,4.437500,0.2289960,0.6956940,0.016687,0.032988
True,4.441667,0.2290656,0.6958305,0.016683,0.032759
True,4.445833,0.2291345,0.6959656,0.016558,0.032430
True,4.450000,0.2292036,0.6960998,0.016569,0.032201
True,4.454167,0.2292721,0.6962326,0.016433,0.031872
True,4.458333,0.2293405,0.6963643,0.016433,0.031629
True,4.462500,0.2294083,0.6964945,0.016276,0.031242
True,4.466667,0.2294762,0.6966238,0.016290,0.031028
True,4.470833,0.2295434,0.6967514,0.016129,0.030613
True,4.475000,0.2296106,0.6968781,0.016125,0.030427
True,4.479167,0.2296772,0.6970033,0.015982,0.030041
True,4.483333,0.2297437,0.6971276,0.015965,0.029826
True,4.487500,0.2298095,0.6972501,0.015786,0.029411
True,4.491667,0.2298753,0.6973718,0.015796,0.029197
True,4.495833,0.2299403,0.6974917,0.015603,0.028782
True,4.500000,0.2300054,0.6976105,0.015614,0.028510
True,4.504167,0.2300696,0.6977277,0.015421,0.028138
True,4.508333,0.2301338,0.6978440,0.015407,0.027895
True,4.512500,0.2301973,0.6979585,0.015221,0.027494
True,4.516667,0.2302606,0.6980722,0.015203,0.027280
True,4.520833,0.2303231,0.6981840,0.014995,0.026836
True,4.525000,0.2303856,0.6982949,0.015006,0.026608
True,4.529167,0.2304471,0.6984040,0.014770,0.026193
True,4.533333,0.2305088,0.6985121,0.014788,0.025949
True,4.537500,0.2305693,0.6986184,0.014538,0.025506
True,4.541667,0.2306300,0.6987238,0.014548,0.025291
True,4.545833,0.2306896,0.6988274,0.014305,0.024862
True,4.550000,0.2307492,0.6989301,0.014316,0.024648
True,4.554167,0.2308078,0.6990309,0.014069,0.024190
True,4.558333,0.2308664,0.6991308,0.014048,0.023990
True,4.562500,0.2309239,0.6992288,0.013808,0.023518
True,4.566667,0.2309814,0.6993259,0.013804,0.023303
True,4.570833,0.2310378,0.6994211,0.013543,0.022845
True,4.575000,0.2310943,0.6995155,0.013551,0.022645
True,4.579167,0.2311496,0.6996078,0.013272,0.022173
True,4.583333,0.2312049,0.6996995,0.013264,0.021987
True,4.587500,0.2312590,0.6997892,0.013003,0.021544
True,4.591667,0.2313131,0.6998780,0.012982,0.021315
True,4.595833,0.2313661,0.6999649,0.012717,0.020843
True,4.600000,0.2314191,0.7000510,0.012710,0.020657
True,4.604167,0.2314708,0.7001351,0.012417,0.020185
True,4.608333,0.2315225,0.7002184,0.012413,0.019999
True,4.612500,0.2315730,0.7002997,0.012120,0.019512
True,4.616667,0.2316236,0.7003804,0.012127,0.019369
True,4.620833,0.2316728,0.7004591,0.011823,0.018883
True,4.625000,0.2317221,0.7005369,0.011823,0.018682
True,4.629167,0.2317700,0.7006128,0.011505,0.018225
True,4.633333,0.2318180,0.7006880,0.011508,0.018039
True,4.637500,0.2318646,0.7007613,0.011197,0.017581
True,4.641667,0.2319113,0.7008337,0.011208,0.017395
True,4.645833,0.2319567,0.7009043,0.010886,0.016937
True,4.650000,0.2320020,0.7009742,0.010868,0.016766
True,4.654167,0.2320460,0.7010421,0.010561,0.016294
True,4.658333,0.2320900,0.7011093,0.010554,0.016136
True,4.662500,0.2321326,0.7011746,0.010239,0.015678
True,4.666667,0.2321752,0.7012392,0.010228,0.015507
True,4.670833,0.2322165,0.7013019,0.009896,0.015035
True,4.675000,0.2322577,0.7013639,0.009903,0.014892
True,4.679167,0.2322976,0.7014239,0.009563,0.014405
True,4.683333,0.2323375,0.7014835,0.009574,0.014291
True,4.687500,0.2323759,0.7015410,0.009234,0.013804
True,4.691667,0.2324144,0.7015980,0.009238,0.013676
True,4.695833,0.2324515,0.7016531,0.008891,0.013232
True,4.700000,0.2324886,0.7017076,0.008898,0.013075
True,4.704167,0.2325242,0.7017602,0.008558,0.012631
True,4.708333,0.2325599,0.7018123,0.008554,0.012488
True,4.712500,0.2325941,0.7018624,0.008215,0.012031
True,4.716667,0.2326283,0.7019120,0.008218,0.011916
True,4.720833,0.2326612,0.7019598,0.007879,0.011458
True,4.725000,0.2326939,0.7020071,0.007868,0.011344
True,4.729167,0.2327254,0.7020525,0.007539,0.010915
True,4.733333,0.2327567,0.7020974,0.007532,0.010757
True,4.737500,0.2327867,0.7021405,0.007181,0.010343
True,4.741667,0.2328167,0.7021831,0.007203,0.010228
True,4.745833,0.2328452,0.7022238,0.006852,0.009770
True,4.750000,0.2328737,0.7022643,0.006845,0.009727
True,4.754167,0.2329009,0.7023029,0.006509,0.009255
True,4.758333,0.2329280,0.7023410,0.006509,0.009141
True,4.762500,0.2329537,0.7023774,0.006183,0.008740
True,4.766667,0.2329795,0.7024133,0.006176,0.008626
True,4.770833,0.2330038,0.7024476,0.005833,0.008225
True,4.775000,0.2330281,0.7024814,0.005840,0.008125
True,4.779167,0.2330511,0.7025136,0.005515,0.007710
True,4.783333,0.2330740,0.7025453,0.005500,0.007625
True,4.787500,0.2330956,0.7025753,0.005178,0.007195
True,4.791667,0.2331171,0.7026051,0.005175,0.007153
True,4.795833,0.2331374,0.7026332,0.004857,0.006738
True,4.800000,0.2331576,0.7026609,0.004853,0.006652
True,4.804167,0.2331765,0.7026871,0.004528,0.006280
True,4.808333,0.2331954,0.7027128,0.004535,0.006180
True,4.812500,0.2332129,0.7027371,0.004220,0.005822
True,4.816667,0.2332305,0.7027609,0.004224,0.005722
True,4.820833,0.2332468,0.7027833,0.003905,0.005364
True,4.825000,0.2332631,0.7028055,0.003920,0.005322
True,4.829167,0.2332782,0.7028261,0.003612,0.004950
True,4.833333,0.2332932,0.7028463,0.003594,0.004864
True,4.837500,0.2333070,0.7028652,0.003319,0.004520
True,4.841667,0.2333208,0.7028838,0.003304,0.004463
True,4.845833,0.2333334,0.7029009,0.003033,0.004120
True,4.850000,0.2333460,0.7029178,0.003026,0.004048
True,4.854167,0.2333575,0.7029334,0.002750,0.003734
True,4.858333,0.2333689,0.7029487,0.002750,0.003676
True,4.862500,0.2333792,0.7029626,0.002475,0.003347
True,4.866667,0.2333895,0.7029765,0.002471,0.003319
True,4.870833,0.2333988,0.7029890,0.002224,0.003004
True,4.875000,0.2334081,0.7030013,0.002224,0.002961
True,4.879167,0.2334162,0.7030123,0.001956,0.002646
True,4.883333,0.2334245,0.7030233,0.001974,0.002618
True,4.887500,0.2334316,0.7030330,0.001724,0.002346
True,4.891667,0.2334389,0.7030426,0.001738,0.002289
True,4.895833,0.2334452,0.7030510,0.001509,0.002017
True,4.900000,0.2334514,0.7030593,0.001495,0.002003
True,4.904167,0.2334568,0.7030666,0.001302,0.001760
True,4.908333,0.2334622,0.7030737,0.001284,0.001702
True,4.912500,0.2334667,0.7030798,0.001094,0.001459
True,4.916667,0.2334713,0.7030857,0.001091,0.001416
True,4.920833,0.2334751,0.7030908,0.000908,0.001230
True,4.925000,0.2334788,0.7030958,0.000901,0.001187
True,4.929167,0.2334819,0.7031000,0.000737,0.001001
True,4.933333,0.2334850,0.7031041,0.000744,0.000987
True,4.937500,0.2334874,0.7031073,0.000579,0.000772
True,4.941667,0.2334898,0.7031105,0.000587,0.000772
True,4.945833,0.2334917,0.7031130,0.000436,0.000587
True,4.950000,0.2334935,0.7031153,0.000447,0.000572
True,4.954167,0.2334948,0.7031171,0.000318,0.000429
True,4.958333,0.2334961,0.7031189,0.000311,0.000415
True,4.962500,0.2334971,0.7031201,0.000225,0.000300
True,4.966667,0.2334980,0.7031214,0.000215,0.000300
True,4.970833,0.2334985,0.7031222,0.000136,0.000200
True,4.975000,0.2334991,0.7031229,0.000132,0.000172
True,4.979167,0.2334994,0.7031232,0.000068,0.000072
True,4.983333,0.2334997,0.7031236,0.000072,0.000100
True,4.987500,0.2334998,0.7031237,0.000021,0.000029
True,4.991667,0.2334999,0.7031239,0.000029,0.000029
True,4.995833,0.2334999,0.7031238,0.000014,-0.000014
True,5.000000,0.2334999,0.7031239,-0.000007,0.000029
