clip,time,pelvis,head,shoeMin,handMin,coatMin,packMin,spineAngle,headAngle,leftHandX,leftHandY,leftHandZ,rightHandX,rightHandY,rightHandZ
5,0.000000,0.532000,1.161927,0.001019,0.533868,0.388831,0.515303,0.000000,0.000000,-0.323704,0.687224,0.129837,0.364570,0.672400,0.075491
5,0.004167,0.532000,1.161927,0.001025,0.533832,0.388856,0.515308,-0.000183,0.000000,-0.323766,0.687126,0.129615,0.364554,0.672372,0.075448
5,0.008333,0.532000,1.161927,0.001028,0.533798,0.388872,0.515307,-0.000854,0.000007,-0.323812,0.687048,0.129456,0.364548,0.672342,0.075394
5,0.012500,0.532000,1.161928,0.001031,0.533763,0.388884,0.515304,-0.001770,0.000031,-0.323874,0.686977,0.129321,0.364523,0.672311,0.075335
5,0.016667,0.532000,1.161928,0.001034,0.533729,0.388898,0.515303,-0.002563,0.000041,-0.323940,0.686903,0.129174,0.364496,0.672281,0.075279
5,0.020833,0.532000,1.161928,0.001039,0.533694,0.388920,0.515305,-0.002930,0.000048,-0.324057,0.686814,0.128977,0.364423,0.672252,0.075231
5,0.025000,0.532000,1.161929,0.001048,0.533658,0.388956,0.515316,-0.002594,0.000038,-0.324195,0.686697,0.128693,0.364335,0.672228,0.075198
5,0.029167,0.532000,1.161930,0.001062,0.533622,0.389012,0.515338,-0.001221,0.000021,-0.324414,0.686542,0.128284,0.364177,0.672208,0.075185
5,0.033333,0.532000,1.161932,0.001082,0.533584,0.389094,0.515374,0.001527,-0.000031,-0.324672,0.686337,0.127714,0.363994,0.672194,0.075200
5,0.037500,0.532000,1.161934,0.001109,0.533525,0.389201,0.515415,0.004225,-0.000122,-0.325037,0.686057,0.126927,0.363740,0.672168,0.075169
5,0.041667,0.532000,1.161936,0.001141,0.533438,0.389325,0.515456,0.006001,-0.000244,-0.325449,0.685702,0.125935,0.363484,0.672118,0.075057
5,0.045833,0.532000,1.161939,0.001179,0.533341,0.389467,0.515501,0.007899,-0.000397,-0.325952,0.685301,0.124800,0.363156,0.672061,0.074921
5,0.050000,0.532000,1.161941,0.001222,0.533252,0.389624,0.515557,0.010987,-0.000549,-0.326471,0.684885,0.123583,0.362810,0.672017,0.074820
5,0.054167,0.532000,1.161944,0.001272,0.533188,0.389796,0.515630,0.016294,-0.000702,-0.327050,0.684481,0.122347,0.362378,0.672003,0.074815
5,0.058333,0.532000,1.161947,0.001327,0.533169,0.389983,0.515727,0.024893,-0.000854,-0.327617,0.684117,0.121153,0.361911,0.672037,0.074963
5,0.062500,0.532000,1.161950,0.001389,0.533216,0.390182,0.515853,0.037827,-0.000946,-0.328212,0.683821,0.120064,0.361347,0.672139,0.075323
5,0.066667,0.532000,1.161954,0.001457,0.533348,0.390393,0.516016,0.056149,-0.000977,-0.328769,0.683621,0.119144,0.360731,0.672329,0.075954
5,0.070833,0.532000,1.161957,0.001535,0.533559,0.390623,0.516208,0.078659,-0.001221,-0.329358,0.683487,0.118253,0.360022,0.672603,0.076759
5,0.075000,0.532000,1.161960,0.001623,0.533833,0.390874,0.516423,0.103842,-0.001770,-0.329958,0.683382,0.117271,0.359274,0.672945,0.077639
5,0.079167,0.532000,1.161964,0.001722,0.534178,0.391143,0.516661,0.132280,-0.002441,-0.330587,0.683326,0.116289,0.358448,0.673360,0.078649
5,0.083333,0.532000,1.161967,0.001830,0.534601,0.391424,0.516915,0.164529,-0.002991,-0.331194,0.683337,0.115397,0.357579,0.673854,0.079842
5,0.087500,0.532000,1.161969,0.001946,0.535109,0.391712,0.517180,0.201201,-0.003265,-0.331788,0.683430,0.114688,0.356641,0.674433,0.081273
5,0.091667,0.532000,1.161971,0.002067,0.535706,0.392003,0.517469,0.242858,-0.003021,-0.332330,0.683620,0.114254,0.355655,0.675100,0.082995
5,0.095833,0.532000,1.161973,0.002193,0.536397,0.392290,0.517753,0.290083,-0.002106,-0.332819,0.683919,0.114186,0.354608,0.675858,0.085062
5,0.100000,0.532000,1.161973,0.002319,0.537187,0.392569,0.518066,0.343454,-0.000305,-0.333230,0.684339,0.114578,0.353511,0.676710,0.087529
5,0.104167,0.532000,1.161972,0.002451,0.538124,0.392848,0.518415,0.404048,0.002135,-0.333560,0.684913,0.115392,0.352339,0.677708,0.090424
5,0.108333,0.532000,1.161971,0.002591,0.539239,0.393071,0.518794,0.471767,0.004860,-0.333824,0.685646,0.116524,0.351083,0.678885,0.093700
5,0.112500,0.532000,1.161968,0.002738,0.540507,0.393289,0.519182,0.545438,0.008026,-0.334016,0.686512,0.117959,0.349770,0.680212,0.097299
5,0.116667,0.532000,1.161963,0.002888,0.541894,0.393506,0.519593,0.623914,0.011813,-0.334155,0.687480,0.119683,0.348403,0.681657,0.101166
5,0.120833,0.532000,1.161957,0.003039,0.543362,0.393715,0.520020,0.706007,0.016366,-0.334222,0.688514,0.121686,0.347024,0.683179,0.105248
5,0.125000,0.532000,1.161949,0.003190,0.544866,0.393912,0.520450,0.790566,0.021865,-0.334252,0.689579,0.123958,0.345626,0.684734,0.109498
5,0.129167,0.531995,1.161936,0.003333,0.546352,0.394087,0.520863,0.876427,0.028466,-0.334214,0.690630,0.126491,0.344263,0.686265,0.113870
5,0.133333,0.531991,1.161921,0.003473,0.547770,0.394239,0.521275,0.962404,0.036318,-0.334152,0.691630,0.129280,0.342918,0.687723,0.118325
5,0.137500,0.531975,1.161893,0.003599,0.549173,0.394361,0.521684,1.050643,0.045556,-0.333986,0.692633,0.132455,0.341597,0.689162,0.123023
5,0.141667,0.531959,1.161864,0.003728,0.550656,0.394471,0.522113,1.143186,0.056078,-0.333737,0.693720,0.136075,0.340213,0.690677,0.128072
5,0.145833,0.531923,1.161812,0.003839,0.552162,0.394548,0.522534,1.238690,0.067714,-0.333370,0.694838,0.140034,0.338840,0.692213,0.133359
5,0.150000,0.531887,1.161759,0.003954,0.553674,0.394527,0.522962,1.335821,0.080281,-0.332959,0.695970,0.144226,0.337445,0.693752,0.138770
5,0.154167,0.531823,1.161675,0.004044,0.555120,0.394444,0.523362,1.433241,0.093601,-0.332466,0.697049,0.148549,0.336111,0.695223,0.144198
5,0.158333,0.531758,1.161590,0.004141,0.556482,0.394348,0.523742,1.529622,0.107486,-0.331971,0.698063,0.152903,0.334805,0.696607,0.149536
5,0.162500,0.531657,1.161468,0.004208,0.557675,0.394200,0.524068,1.623615,0.121775,-0.331436,0.698934,0.157187,0.333612,0.697819,0.154679
5,0.166667,0.531556,1.161345,0.004283,0.558681,0.394036,0.524378,1.713892,0.136276,-0.330946,0.699652,0.161305,0.332502,0.698842,0.159526
5,0.170833,0.531412,1.161180,0.004325,0.559453,0.393811,0.524628,1.800126,0.151234,-0.330420,0.700188,0.165366,0.331525,0.699626,0.164158
5,0.175000,0.531268,1.161014,0.004377,0.560082,0.393567,0.524864,1.883445,0.166916,-0.329875,0.700644,0.169514,0.330587,0.700265,0.168715
5,0.179167,0.531076,1.160800,0.004396,0.560553,0.393259,0.525044,1.964698,0.183189,-0.329265,0.700992,0.173693,0.329735,0.700741,0.173172
5,0.183333,0.530885,1.160586,0.004433,0.560940,0.392939,0.525219,2.044753,0.199937,-0.328644,0.701300,0.177854,0.328910,0.701133,0.177513
5,0.187500,0.530642,1.160319,0.004440,0.561220,0.392559,0.525341,2.124451,0.217036,-0.327982,0.701529,0.181939,0.328149,0.701415,0.181710
5,0.191667,0.530399,1.160051,0.004470,0.561465,0.392173,0.525465,2.204651,0.234358,-0.327327,0.701740,0.185902,0.327410,0.701661,0.185747
5,0.195833,0.530100,1.159726,0.004471,0.561636,0.391729,0.525541,2.286199,0.251775,-0.326670,0.701879,0.189685,0.326716,0.701834,0.189597
5,0.200000,0.529801,1.159399,0.004500,0.561800,0.391287,0.525627,2.369958,0.269171,-0.326047,0.702000,0.193248,0.326047,0.702000,0.193248
5,0.204167,0.529441,1.159009,0.004480,0.561796,0.390767,0.525656,2.454675,0.286517,-0.325468,0.702001,0.196628,0.325431,0.702045,0.196711
5,0.208333,0.529080,1.158618,0.004495,0.561730,0.390222,0.525684,2.539023,0.303940,-0.324926,0.701937,0.199892,0.324871,0.702002,0.200015
5,0.212500,0.528652,1.158160,0.004479,0.561572,0.389605,0.525646,2.623691,0.321511,-0.324406,0.701780,0.203007,0.324348,0.701847,0.203135
5,0.216667,0.528225,1.157699,0.004498,0.561417,0.388986,0.525614,2.709369,0.339273,-0.323897,0.701624,0.205962,0.323847,0.701682,0.206071
5,0.220833,0.527726,1.157166,0.004482,0.561215,0.388294,0.525519,2.796759,0.357308,-0.323390,0.701420,0.208732,0.323355,0.701460,0.208808
5,0.225000,0.527228,1.156632,0.004503,0.561043,0.387599,0.525436,2.886556,0.375675,-0.322878,0.701246,0.211317,0.322859,0.701268,0.211358
5,0.229167,0.526655,1.156019,0.004483,0.560828,0.386829,0.525293,2.979463,0.394431,-0.322358,0.701029,0.213701,0.322353,0.701035,0.213713
5,0.233333,0.526082,1.155404,0.004500,0.560638,0.386057,0.525167,3.076158,0.413651,-0.321830,0.700838,0.215894,0.321830,0.700838,0.215894
5,0.237500,0.525430,1.154708,0.004477,0.560359,0.385205,0.524979,3.176073,0.433138,-0.321314,0.700559,0.217892,0.321314,0.700559,0.217892
5,0.241667,0.524779,1.154010,0.004495,0.560042,0.384350,0.524802,3.278303,0.452747,-0.320831,0.700241,0.219722,0.320831,0.700241,0.219722
5,0.245833,0.524046,1.153227,0.004475,0.559604,0.383414,0.524556,3.383040,0.472613,-0.320372,0.699804,0.221379,0.320372,0.699803,0.221379
5,0.250000,0.523314,1.152442,0.004497,0.559128,0.382475,0.524323,3.490473,0.492878,-0.319931,0.699327,0.222889,0.319931,0.699327,0.222889
5,0.254167,0.522497,1.151569,0.004478,0.558529,0.381453,0.524020,3.600816,0.513676,-0.319501,0.698729,0.224245,0.319501,0.698729,0.224245
5,0.258333,0.521681,1.150693,0.004501,0.557894,0.380429,0.523732,3.714256,0.535151,-0.319075,0.698093,0.225472,0.319075,0.698093,0.225472
5,0.262500,0.520777,1.149727,0.004480,0.557137,0.379319,0.523373,3.830985,0.557424,-0.318645,0.697337,0.226562,0.318645,0.697337,0.226562
5,0.266667,0.519874,1.148757,0.004500,0.556354,0.378209,0.523031,3.951215,0.580647,-0.318203,0.696554,0.227538,0.318203,0.696554,0.227538
5,0.270833,0.518883,1.147694,0.004475,0.555459,0.377011,0.522616,4.074728,0.604622,-0.317754,0.695660,0.228338,0.317754,0.695660,0.228338
5,0.275000,0.517891,1.146628,0.004496,0.554551,0.375812,0.522216,4.201278,0.629115,-0.317309,0.694752,0.228946,0.317309,0.694752,0.228946
5,0.279167,0.516808,1.145466,0.004474,0.553551,0.374523,0.521741,4.330931,0.654267,-0.316864,0.693752,0.229370,0.316864,0.693753,0.229370
5,0.283333,0.515726,1.144300,0.004498,0.552562,0.373235,0.521282,4.463777,0.680171,-0.316414,0.692763,0.229653,0.316414,0.692763,0.229653
5,0.287500,0.514552,1.143038,0.004477,0.551492,0.371854,0.520746,4.599896,0.706922,-0.315957,0.691692,0.229810,0.315957,0.691692,0.229810
5,0.291667,0.513377,1.141770,0.004502,0.550424,0.370475,0.520227,4.739375,0.734653,-0.315493,0.690625,0.229895,0.315493,0.690625,0.229895
5,0.295833,0.512109,1.140404,0.004478,0.549246,0.369002,0.519631,4.882317,0.763467,-0.315024,0.689446,0.229936,0.315024,0.689446,0.229936
5,0.300000,0.510842,1.139032,0.004500,0.548022,0.367532,0.519053,5.028784,0.793470,-0.314553,0.688222,0.230000,0.314553,0.688222,0.230000
5,0.304167,0.509480,1.137561,0.004473,0.546650,0.365968,0.518398,5.178756,0.824527,-0.314083,0.686850,0.230050,0.314083,0.686850,0.230050
5,0.308333,0.508118,1.136084,0.004496,0.545243,0.364405,0.517759,5.332152,0.856452,-0.313614,0.685443,0.230050,0.313614,0.685443,0.230050
5,0.312500,0.506661,1.134505,0.004473,0.543709,0.362749,0.517043,5.488944,0.889337,-0.313143,0.683910,0.229990,0.313143,0.683910,0.229990
5,0.316667,0.505203,1.132921,0.004499,0.542146,0.361093,0.516344,5.649123,0.923257,-0.312671,0.682346,0.229894,0.312671,0.682346,0.229894
5,0.320833,0.503651,1.131234,0.004477,0.540458,0.359344,0.515566,5.812688,0.958294,-0.312196,0.680658,0.229753,0.312196,0.680658,0.229753
5,0.325000,0.502098,1.129541,0.004502,0.538744,0.357597,0.514805,5.979608,0.994519,-0.311717,0.678945,0.229590,0.311717,0.678944,0.229590
5,0.329167,0.500450,1.127745,0.004478,0.536911,0.355756,0.513965,6.149884,1.032018,-0.311233,0.677111,0.229394,0.311233,0.677111,0.229394
5,0.333333,0.498802,1.125942,0.004500,0.535056,0.353917,0.513142,6.323483,1.070877,-0.310743,0.675256,0.229190,0.310743,0.675256,0.229190
5,0.337500,0.497058,1.124036,0.004473,0.533077,0.351984,0.512241,6.500554,1.110989,-0.310250,0.673278,0.228960,0.310250,0.673278,0.228960
5,0.341667,0.495314,1.122122,0.004496,0.531064,0.350054,0.511358,6.681149,1.152245,-0.309753,0.671264,0.228717,0.309753,0.671264,0.228717
5,0.345833,0.493475,1.120105,0.004473,0.528922,0.348030,0.510397,6.865164,1.194700,-0.309254,0.669122,0.228444,0.309254,0.669122,0.228444
5,0.350000,0.491636,1.118079,0.004499,0.526746,0.346009,0.509454,7.052520,1.238385,-0.308752,0.666946,0.228156,0.308752,0.666946,0.228156
5,0.354167,0.489702,1.115951,0.004478,0.524444,0.343896,0.508432,7.243095,1.283344,-0.308247,0.664644,0.227835,0.308247,0.664644,0.227835
5,0.358333,0.487768,1.113814,0.004503,0.522112,0.341785,0.507427,7.436814,1.329646,-0.307737,0.662313,0.227497,0.307737,0.662313,0.227497
5,0.362500,0.485740,1.111574,0.004479,0.519659,0.339583,0.506343,7.633555,1.377334,-0.307223,0.659859,0.227123,0.307223,0.659859,0.227123
5,0.366667,0.483712,1.109326,0.004500,0.517179,0.337384,0.505275,7.833241,1.426430,-0.306703,0.657379,0.226728,0.306704,0.657379,0.226728
5,0.370833,0.481591,1.106975,0.004474,0.514577,0.335094,0.504131,8.036122,1.476930,-0.306180,0.654777,0.226297,0.306180,0.654777,0.226297
5,0.375000,0.479470,1.104615,0.004496,0.511941,0.332808,0.503005,8.242378,1.528741,-0.305652,0.652141,0.225850,0.305652,0.652141,0.225850
5,0.379167,0.477257,1.102153,0.004474,0.509181,0.330433,0.501804,8.451862,1.581902,-0.305120,0.649381,0.225371,0.305120,0.649381,0.225370
5,0.383333,0.475044,1.099680,0.004499,0.506389,0.328061,0.500619,8.664382,1.636419,-0.304583,0.646589,0.224875,0.304583,0.646589,0.224875
5,0.387500,0.472741,1.097108,0.004479,0.503476,0.325602,0.499360,8.879785,1.692292,-0.304043,0.643676,0.224347,0.304043,0.643676,0.224347
5,0.391667,0.470438,1.094525,0.004503,0.500534,0.323146,0.498115,9.097909,1.749549,-0.303499,0.640734,0.223802,0.303499,0.640734,0.223802
5,0.395833,0.468046,1.091843,0.004481,0.497475,0.320605,0.496795,9.318562,1.808200,-0.302951,0.637675,0.223224,0.302951,0.637675,0.223224
5,0.400000,0.465654,1.089152,0.004500,0.494389,0.318067,0.495489,9.541598,1.868245,-0.302399,0.634589,0.222629,0.302399,0.634589,0.222629
5,0.404167,0.463175,1.086362,0.004475,0.491186,0.315446,0.494111,9.767368,1.929726,-0.301842,0.631386,0.222002,0.301842,0.631386,0.222002
5,0.408333,0.460696,1.083561,0.004496,0.487950,0.312829,0.492750,9.996164,1.992631,-0.301280,0.628150,0.221357,0.301280,0.628150,0.221356
5,0.412500,0.458132,1.080664,0.004476,0.484599,0.310130,0.491318,10.227770,2.056947,-0.300714,0.624799,0.220680,0.300714,0.624799,0.220680
5,0.416667,0.455569,1.077755,0.004500,0.481218,0.307436,0.489902,10.461970,2.122620,-0.300143,0.621418,0.219987,0.300143,0.621418,0.219987
5,0.420833,0.452922,1.074752,0.004482,0.477725,0.304662,0.488416,10.698520,2.189653,-0.299569,0.617925,0.219265,0.299569,0.617925,0.219265
5,0.425000,0.450275,1.071738,0.004503,0.474205,0.301892,0.486943,10.937220,2.258026,-0.298991,0.614405,0.218527,0.298991,0.614405,0.218527
5,0.429167,0.447548,1.068632,0.004483,0.470579,0.299046,0.485401,11.177810,2.327704,-0.298410,0.610779,0.217761,0.298410,0.610779,0.217761
5,0.433333,0.444821,1.065515,0.004500,0.466929,0.296204,0.483868,11.420080,2.398668,-0.297825,0.607129,0.216980,0.297825,0.607129,0.216979
5,0.437500,0.442016,1.062309,0.004477,0.463173,0.293289,0.482271,11.664480,2.471006,-0.297237,0.603373,0.216170,0.297237,0.603373,0.216170
5,0.441667,0.439210,1.059090,0.004496,0.459387,0.290377,0.480687,11.911380,2.544762,-0.296643,0.599587,0.215342,0.296643,0.599587,0.215342
5,0.445833,0.436330,1.055784,0.004479,0.455497,0.287395,0.479042,12.160530,2.619883,-0.296046,0.595697,0.214486,0.296046,0.595697,0.214486
5,0.450000,0.433449,1.052464,0.004499,0.451581,0.284417,0.477408,12.411640,2.696316,-0.295444,0.591781,0.213615,0.295444,0.591781,0.213615
5,0.454167,0.430496,1.049061,0.004484,0.447567,0.281371,0.475713,12.664470,2.774008,-0.294838,0.587767,0.212717,0.294838,0.587767,0.212717
5,0.458333,0.427543,1.045647,0.004504,0.443530,0.278329,0.474027,12.918730,2.852879,-0.294230,0.583730,0.211806,0.294230,0.583730,0.211806
5,0.462500,0.424521,1.042151,0.004486,0.439402,0.275222,0.472279,13.174170,2.932893,-0.293620,0.579602,0.210872,0.293620,0.579602,0.210872
5,0.466667,0.421498,1.038645,0.004500,0.435254,0.272121,0.470538,13.430490,3.013998,-0.293007,0.575454,0.209925,0.293007,0.575454,0.209925
5,0.470833,0.418409,1.035060,0.004480,0.431015,0.268957,0.468739,13.688200,3.096311,-0.292392,0.571216,0.208955,0.292392,0.571216,0.208955
5,0.475000,0.415320,1.031462,0.004495,0.426751,0.265798,0.466952,13.947760,3.179967,-0.291771,0.566951,0.207968,0.291771,0.566951,0.207968
5,0.479167,0.412167,1.027789,0.004482,0.422400,0.262581,0.465112,14.208880,3.264849,-0.291147,0.562600,0.206956,0.291147,0.562600,0.206956
5,0.483333,0.409015,1.024103,0.004500,0.418026,0.259368,0.463280,14.471240,3.350880,-0.290520,0.558226,0.205930,0.290520,0.558226,0.205930
5,0.487500,0.405803,1.020346,0.004488,0.413572,0.256101,0.461395,14.734560,3.437979,-0.289890,0.553772,0.204884,0.289890,0.553772,0.204884
5,0.491667,0.402590,1.016578,0.004504,0.409100,0.252838,0.459515,14.998540,3.526047,-0.289258,0.549300,0.203825,0.289258,0.549300,0.203825
5,0.495833,0.399321,1.012743,0.004490,0.404555,0.249524,0.457583,15.262870,3.614993,-0.288625,0.544756,0.202749,0.288625,0.544756,0.202749
5,0.500000,0.396052,1.008899,0.004500,0.399996,0.246216,0.455654,15.527250,3.704726,-0.287991,0.540196,0.201664,0.287991,0.540197,0.201664
5,0.504167,0.392731,1.004990,0.004483,0.395367,0.242859,0.453677,15.792210,3.795437,-0.287355,0.535567,0.200561,0.287355,0.535567,0.200561
5,0.508333,0.389409,1.001069,0.004495,0.390716,0.239508,0.451707,16.058260,3.887293,-0.286715,0.530916,0.199442,0.286716,0.530916,0.199442
5,0.512500,0.386037,0.997088,0.004485,0.385997,0.236112,0.449694,16.325080,3.980161,-0.286073,0.526197,0.198304,0.286073,0.526197,0.198304
5,0.516667,0.382666,0.993096,0.004500,0.381262,0.232722,0.447686,16.592370,4.073949,-0.285428,0.521462,0.197153,0.285428,0.521462,0.197153
5,0.520833,0.379249,0.989047,0.004491,0.376467,0.229292,0.445635,16.859790,4.168519,-0.284782,0.516667,0.195987,0.284782,0.516667,0.195987
5,0.525000,0.375832,0.984990,0.004504,0.371660,0.225868,0.443585,17.127040,4.263763,-0.284134,0.511860,0.194812,0.284135,0.511860,0.194812
5,0.529167,0.372374,0.980882,0.004494,0.366801,0.222407,0.441494,17.393790,4.359549,-0.283487,0.507001,0.193625,0.283487,0.507001,0.193625
5,0.533333,0.368915,0.976766,0.004500,0.361935,0.218951,0.439400,17.659740,4.455782,-0.282841,0.502135,0.192432,0.282841,0.502135,0.192432
5,0.537500,0.365418,0.972603,0.004487,0.357019,0.215463,0.437269,17.925420,4.552669,-0.282194,0.497219,0.191227,0.282194,0.497219,0.191227
5,0.541667,0.361921,0.968430,0.004495,0.352089,0.211982,0.435141,18.191370,4.650430,-0.281544,0.492289,0.190009,0.281544,0.492289,0.190009
5,0.545833,0.358391,0.964214,0.004489,0.347112,0.208471,0.432982,18.457240,4.748908,-0.280893,0.487312,0.188778,0.280893,0.487312,0.188778
5,0.550000,0.354860,0.959989,0.004499,0.342126,0.204967,0.430822,18.722750,4.847984,-0.280241,0.482326,0.187536,0.280241,0.482326,0.187536
5,0.554167,0.351299,0.955726,0.004496,0.337102,0.201439,0.428631,18.987550,4.947505,-0.279588,0.477302,0.186285,0.279588,0.477302,0.186285
5,0.558333,0.347739,0.951457,0.004504,0.332072,0.197917,0.426437,19.251350,5.047346,-0.278936,0.472272,0.185027,0.278936,0.472272,0.185027
5,0.562500,0.344152,0.947156,0.004498,0.327014,0.194374,0.424212,19.513810,5.147353,-0.278285,0.467214,0.183764,0.278285,0.467214,0.183764
5,0.566667,0.340566,0.942850,0.004500,0.321955,0.190838,0.421980,19.774640,5.247386,-0.277637,0.462155,0.182497,0.277637,0.462155,0.182497
5,0.570833,0.336957,0.938516,0.004490,0.316870,0.187287,0.419723,20.034310,5.347701,-0.276989,0.457070,0.181225,0.276989,0.457070,0.181225
5,0.575000,0.333349,0.934175,0.004495,0.311778,0.183741,0.417464,20.293400,5.448545,-0.276340,0.451978,0.179942,0.276340,0.451978,0.179942
5,0.579167,0.329723,0.929810,0.004493,0.306663,0.180185,0.415185,20.551590,5.549750,-0.275691,0.446863,0.178653,0.275691,0.446863,0.178653
5,0.583333,0.326097,0.925440,0.004500,0.301545,0.176634,0.412902,20.808550,5.651182,-0.275042,0.441745,0.177356,0.275042,0.441745,0.177356
5,0.587500,0.322457,0.921051,0.004500,0.296413,0.173077,0.410599,21.063990,5.752671,-0.274394,0.436613,0.176056,0.274395,0.436613,0.176056
5,0.591667,0.318817,0.916660,0.004505,0.291283,0.169527,0.408289,21.317620,5.854072,-0.273749,0.431483,0.174752,0.273749,0.431483,0.174752
5,0.595833,0.315169,0.912257,0.004502,0.286148,0.165974,0.405960,21.569110,5.955235,-0.273106,0.426348,0.173449,0.273106,0.426348,0.173449
5,0.600000,0.311520,0.907853,0.004500,0.281020,0.162428,0.403620,21.818170,6.055992,-0.272467,0.421220,0.172144,0.272467,0.421220,0.172144
5,0.604167,0.307866,0.903441,0.004495,0.275889,0.158883,0.401266,22.065270,6.156614,-0.271830,0.416089,0.170841,0.271830,0.416089,0.170841
5,0.608333,0.304212,0.899027,0.004495,0.270759,0.155346,0.398907,22.310910,6.257359,-0.271193,0.410959,0.169530,0.271193,0.410958,0.169530
5,0.612500,0.300557,0.894608,0.004497,0.265629,0.151815,0.396539,22.554840,6.358077,-0.270558,0.405829,0.168220,0.270558,0.405829,0.168220
5,0.616667,0.296902,0.890188,0.004500,0.260505,0.148291,0.394162,22.796740,6.458618,-0.269924,0.400705,0.166905,0.269924,0.400705,0.166905
5,0.620833,0.293251,0.885772,0.004504,0.255391,0.144779,0.391779,23.036340,6.558794,-0.269294,0.395591,0.165594,0.269294,0.395591,0.165594
5,0.625000,0.289600,0.881356,0.004505,0.250286,0.141273,0.389383,23.273380,6.658469,-0.268666,0.390486,0.164281,0.268666,0.390486,0.164281
5,0.629167,0.285956,0.876949,0.004506,0.245200,0.137783,0.386982,23.507560,6.757471,-0.268043,0.385400,0.162975,0.268043,0.385400,0.162975
5,0.633333,0.282312,0.872546,0.004500,0.240127,0.134302,0.384565,23.738600,6.855657,-0.267425,0.380327,0.161669,0.267425,0.380327,0.161669
5,0.637500,0.278680,0.868157,0.004499,0.235077,0.130839,0.382148,23.966920,6.953268,-0.266811,0.375277,0.160371,0.266811,0.375277,0.160371
5,0.641667,0.275048,0.863768,0.004496,0.230034,0.127385,0.379720,24.192980,7.050584,-0.266198,0.370234,0.159069,0.266198,0.370234,0.159069
5,0.645833,0.271432,0.859397,0.004503,0.225017,0.123954,0.377296,24.416540,7.147451,-0.265589,0.365217,0.157775,0.265589,0.365217,0.157775
5,0.650000,0.267816,0.855029,0.004502,0.220012,0.120532,0.374860,24.637350,7.243701,-0.264983,0.360212,0.156479,0.264983,0.360212,0.156479
5,0.654167,0.264220,0.850686,0.004511,0.215041,0.117140,0.372428,24.855180,7.339195,-0.264381,0.355241,0.155193,0.264381,0.355241,0.155193
5,0.658333,0.260625,0.846347,0.004507,0.210086,0.113757,0.369982,25.069780,7.433763,-0.263784,0.350286,0.153907,0.263784,0.350286,0.153907
5,0.662500,0.257053,0.842039,0.004512,0.205173,0.110409,0.367542,25.280920,7.527274,-0.263192,0.345373,0.152634,0.263193,0.345373,0.152634
5,0.666667,0.253482,0.837738,0.004500,0.200280,0.107073,0.365084,25.488350,7.619554,-0.262607,0.340480,0.151363,0.262607,0.340481,0.151363
5,0.670833,0.249938,0.833472,0.004503,0.195433,0.103777,0.362638,25.692410,7.710859,-0.262027,0.335633,0.150107,0.262027,0.335633,0.150107
5,0.675000,0.246395,0.829211,0.004498,0.190601,0.100490,0.360176,25.893470,7.801431,-0.261451,0.330801,0.148850,0.261451,0.330801,0.148850
5,0.679167,0.242884,0.824988,0.004513,0.185818,0.097247,0.357732,26.091370,7.891118,-0.260879,0.326018,0.147606,0.260879,0.326018,0.147606
5,0.683333,0.239374,0.820773,0.004511,0.181054,0.094016,0.355271,26.285900,7.979810,-0.260312,0.321254,0.146365,0.260312,0.321254,0.146365
5,0.687500,0.235899,0.816603,0.004526,0.176346,0.090836,0.352828,26.476860,8.067345,-0.259751,0.316546,0.145138,0.259751,0.316546,0.145138
5,0.691667,0.232425,0.812442,0.004517,0.171661,0.087671,0.349373,26.664090,8.153600,-0.259196,0.311861,0.143915,0.259196,0.311861,0.143915
5,0.695833,0.228991,0.808331,0.004522,0.167041,0.084563,0.345722,26.847380,8.238424,-0.258647,0.307241,0.142710,0.258647,0.307241,0.142710
5,0.700000,0.225557,0.804231,0.004499,0.162446,0.081475,0.342076,27.026550,8.321680,-0.258106,0.302646,0.141509,0.258106,0.302646,0.141509
5,0.704167,0.222167,0.800185,0.004504,0.157918,0.078450,0.338480,27.201840,8.403572,-0.257571,0.298118,0.140327,0.257571,0.298118,0.140327
5,0.708333,0.218777,0.796150,0.004499,0.153412,0.075443,0.334888,27.373520,8.484319,-0.257042,0.293612,0.139148,0.257042,0.293612,0.139148
5,0.712500,0.215435,0.792172,0.004527,0.148976,0.072504,0.331349,27.541480,8.563810,-0.256519,0.289176,0.137989,0.256519,0.289176,0.137989
5,0.716667,0.212093,0.788206,0.004530,0.144565,0.069585,0.327814,27.705590,8.641924,-0.256002,0.284765,0.136834,0.256002,0.284765,0.136834
5,0.720833,0.208802,0.784303,0.004554,0.140232,0.066739,0.324337,27.865740,8.718575,-0.255492,0.280432,0.135699,0.255492,0.280432,0.135699
5,0.725000,0.205511,0.780413,0.004542,0.135926,0.063915,0.320864,28.021810,8.793601,-0.254989,0.276126,0.134570,0.254989,0.276126,0.134570
5,0.729167,0.202276,0.776591,0.004544,0.131706,0.061172,0.317452,28.173650,8.866929,-0.254493,0.271906,0.133463,0.254493,0.271906,0.133463
5,0.733333,0.199041,0.772783,0.004500,0.127517,0.058455,0.314045,28.321160,8.938417,-0.254005,0.267717,0.132363,0.254006,0.267717,0.132363
5,0.737500,0.195864,0.769047,0.004494,0.123413,0.055826,0.310702,28.464450,9.008252,-0.253526,0.263613,0.131286,0.253526,0.263613,0.131286
5,0.741667,0.192687,0.765325,0.004488,0.119334,0.053229,0.307364,28.603690,9.076571,-0.253054,0.259534,0.130216,0.253054,0.259534,0.130216
5,0.745833,0.189572,0.761678,0.004530,0.115345,0.050724,0.304092,28.738820,9.143312,-0.252589,0.255545,0.129170,0.252589,0.255545,0.129170
5,0.750000,0.186457,0.758045,0.004545,0.111386,0.048248,0.300826,28.869810,9.208383,-0.252132,0.251586,0.128130,0.252132,0.251586,0.128130
5,0.754167,0.183408,0.754492,0.004586,0.107523,0.045864,0.297624,28.996620,9.271728,-0.251682,0.247723,0.127115,0.251682,0.247723,0.127115
5,0.758333,0.180358,0.750954,0.004576,0.103693,0.043503,0.294417,29.119200,9.333235,-0.251240,0.243893,0.126108,0.251240,0.243893,0.126108
5,0.762500,0.177377,0.747500,0.004574,0.099966,0.041234,0.291283,29.237520,9.392839,-0.250806,0.240166,0.125126,0.250806,0.240166,0.125126
5,0.766667,0.174396,0.744061,0.004500,0.096275,0.038984,0.288155,29.351510,9.450451,-0.250380,0.236475,0.124153,0.250380,0.236475,0.124153
5,0.770833,0.171486,0.740710,0.004467,0.092684,0.036835,0.285105,29.461150,9.506165,-0.249963,0.232884,0.123206,0.249963,0.232884,0.123206
5,0.775000,0.168576,0.737374,0.004443,0.089117,0.034724,0.282060,29.566470,9.560094,-0.249556,0.229317,0.122269,0.249556,0.229317,0.122269
5,0.779167,0.165740,0.734129,0.004486,0.085654,0.032718,0.279095,29.667500,9.612196,-0.249158,0.225854,0.121359,0.249158,0.225854,0.121359
5,0.783333,0.162905,0.730900,0.004508,0.082224,0.030737,0.276135,29.764320,9.662439,-0.248768,0.222424,0.120458,0.248768,0.222424,0.120459
5,0.787500,0.160146,0.727763,0.004567,0.078907,0.028849,0.273258,29.856970,9.710764,-0.248386,0.219107,0.119585,0.248386,0.219108,0.119585
5,0.791667,0.157387,0.724643,0.004571,0.075629,0.026969,0.270386,29.945490,9.757148,-0.248012,0.215830,0.118720,0.248012,0.215830,0.118721
5,0.795833,0.154708,0.721617,0.004581,0.072471,0.025167,0.267599,30.029940,9.801542,-0.247645,0.212671,0.117884,0.247645,0.212671,0.117884
5,0.800000,0.152029,0.718607,0.004500,0.069354,0.023355,0.264818,30.110380,9.843907,-0.247286,0.209554,0.117058,0.247286,0.209554,0.117058
5,0.804167,0.149432,0.715696,0.004448,0.066350,0.021625,0.262123,30.186580,9.884248,-0.246937,0.206550,0.116260,0.246937,0.206550,0.116260
5,0.808333,0.146834,0.712802,0.004395,0.063373,0.019910,0.259434,30.258430,9.922635,-0.246598,0.203573,0.115474,0.246598,0.203573,0.115474
5,0.812500,0.144321,0.710009,0.004418,0.060508,0.018286,0.256835,30.326050,9.959055,-0.246269,0.200708,0.114717,0.246269,0.200708,0.114717
5,0.816667,0.141808,0.707232,0.004424,0.057673,0.016660,0.254241,30.389640,9.993504,-0.245949,0.197873,0.113972,0.245949,0.197873,0.113972
5,0.820833,0.139381,0.704558,0.004486,0.054958,0.015110,0.251739,30.449320,10.025990,-0.245639,0.195158,0.113254,0.245639,0.195158,0.113254
5,0.825000,0.136954,0.701898,0.004503,0.052276,0.013541,0.249241,30.505270,10.056540,-0.245338,0.192476,0.112549,0.245338,0.192476,0.112549
5,0.829167,0.134615,0.699341,0.004544,0.049717,0.012031,0.246835,30.557650,10.085130,-0.245046,0.189917,0.111872,0.245046,0.189917,0.111872
5,0.833333,0.132276,0.696797,0.004500,0.047194,0.010482,0.244435,30.606610,10.111780,-0.244762,0.187394,0.111208,0.244762,0.187394,0.111208
5,0.837500,0.130027,0.694360,0.004477,0.044799,0.008988,0.242128,30.651740,10.136420,-0.244486,0.184999,0.110571,0.244486,0.184999,0.110571
5,0.841667,0.127778,0.691939,0.004423,0.042440,0.007470,0.239827,30.692730,10.159030,-0.244219,0.182640,0.109948,0.244219,0.182640,0.109948
5,0.845833,0.125620,0.689626,0.004431,0.040205,0.006017,0.237622,30.729850,10.179650,-0.243962,0.180405,0.109353,0.243962,0.180405,0.109353
5,0.850000,0.123463,0.687327,0.004410,0.038002,0.004536,0.235422,30.763370,10.198320,-0.243714,0.178202,0.108771,0.243714,0.178202,0.108771
5,0.854167,0.121397,0.685135,0.004450,0.035919,0.003115,0.233319,30.793590,10.215120,-0.243475,0.176120,0.108217,0.243475,0.176120,0.108217
5,0.858333,0.119332,0.682956,0.004452,0.033864,0.001659,0.231219,30.820790,10.230080,-0.243246,0.174064,0.107677,0.243246,0.174064,0.107677
5,0.862500,0.117360,0.680881,0.004504,0.031926,0.000260,0.229217,30.845220,10.243270,-0.243027,0.172126,0.107164,0.243027,0.172126,0.107164
5,0.866667,0.115389,0.678817,0.004500,0.030008,-0.001181,0.227217,30.867180,10.254710,-0.242818,0.170208,0.106666,0.242818,0.170208,0.106666
5,0.870833,0.113512,0.676860,0.004513,0.028215,-0.002573,0.225316,30.886200,10.264300,-0.242619,0.168415,0.106194,0.242619,0.168415,0.106194
5,0.875000,0.111634,0.674917,0.004447,0.026462,-0.004013,0.223419,30.901800,10.271950,-0.242427,0.166662,0.105736,0.242427,0.166662,0.105736
5,0.879167,0.109852,0.673083,0.004414,0.024841,-0.005400,0.221621,30.914270,10.277710,-0.242243,0.165041,0.105304,0.242243,0.165041,0.105304
5,0.883333,0.108070,0.671260,0.004336,0.023255,-0.006825,0.219827,30.923900,10.281690,-0.242067,0.163455,0.104886,0.242067,0.163455,0.104886
5,0.887500,0.106384,0.669544,0.004326,0.021795,-0.008185,0.218132,30.930980,10.283960,-0.241898,0.161995,0.104493,0.241898,0.161995,0.104493
5,0.891667,0.104697,0.667837,0.004306,0.020360,-0.009572,0.216439,30.935770,10.284600,-0.241737,0.160561,0.104114,0.241737,0.160561,0.104114
5,0.895833,0.103106,0.666234,0.004390,0.019042,-0.010884,0.214845,30.938590,10.283710,-0.241584,0.159242,0.103760,0.241584,0.159242,0.103760
5,0.900000,0.101516,0.664639,0.004500,0.017737,-0.012211,0.213252,30.939720,10.281370,-0.241440,0.157937,0.103421,0.241440,0.157937,0.103421
5,0.904167,0.100020,0.663146,0.004722,0.016547,-0.013461,0.211758,30.939020,10.277430,-0.241306,0.156747,0.103105,0.241306,0.156747,0.103105
5,0.908333,0.098525,0.661663,0.004695,0.015385,-0.014736,0.210266,30.936150,10.271760,-0.241181,0.155585,0.102804,0.241181,0.155585,0.102804
5,0.912500,0.097125,0.660284,0.004628,0.014346,-0.015941,0.208873,30.931140,10.264440,-0.241063,0.154546,0.102524,0.241063,0.154546,0.102524
5,0.916667,0.095725,0.658915,0.004542,0.013331,-0.017171,0.207482,30.923940,10.255550,-0.240953,0.153531,0.102259,0.240953,0.153531,0.102259
5,0.920833,0.094420,0.657649,0.004529,0.012432,-0.018332,0.206188,30.914550,10.245180,-0.240850,0.152632,0.102015,0.240850,0.152632,0.102015
5,0.925000,0.093114,0.656392,0.004489,0.011550,-0.019518,0.204898,30.902960,10.233420,-0.240753,0.151750,0.101785,0.240753,0.151750,0.101785
5,0.929167,0.091903,0.655239,0.004512,0.010775,-0.020635,0.203703,30.889140,10.220330,-0.240662,0.150975,0.101574,0.240662,0.150975,0.101574
5,0.933333,0.090691,0.654095,0.004500,0.010008,-0.021776,0.202512,30.873100,10.206020,-0.240577,0.150208,0.101377,0.240577,0.150208,0.101377
5,0.937500,0.089572,0.653053,0.004529,0.009346,-0.022853,0.201416,30.854700,10.190300,-0.240500,0.149546,0.101198,0.240500,0.149546,0.101198
5,0.941667,0.088453,0.652022,0.004501,0.008701,-0.023958,0.200324,30.833900,10.173060,-0.240432,0.148901,0.101036,0.240432,0.148901,0.101036
5,0.945833,0.087425,0.651091,0.004511,0.008162,-0.024999,0.199325,30.810820,10.154360,-0.240371,0.148362,0.100890,0.240371,0.148362,0.100890
5,0.950000,0.086397,0.650169,0.004474,0.007635,-0.026064,0.198329,30.785560,10.134330,-0.240316,0.147835,0.100757,0.240316,0.147835,0.100757
5,0.954167,0.085459,0.649345,0.004484,0.007204,-0.027062,0.197425,30.758260,10.113070,-0.240267,0.147404,0.100637,0.240267,0.147404,0.100637
5,0.958333,0.084521,0.648530,0.004458,0.006778,-0.028078,0.196524,30.729000,10.090690,-0.240223,0.146978,0.100529,0.240223,0.146978,0.100529
5,0.962500,0.083670,0.647809,0.004490,0.006438,-0.029025,0.195712,30.697920,10.067300,-0.240182,0.146638,0.100431,0.240182,0.146638,0.100431
5,0.966667,0.082819,0.647095,0.004500,0.006094,-0.029986,0.194903,30.665110,10.042970,-0.240143,0.146294,0.100342,0.240143,0.146294,0.100342
5,0.970833,0.082053,0.646475,0.004551,0.005836,-0.030880,0.194181,30.630240,10.017640,-0.240110,0.146036,0.100266,0.240110,0.146036,0.100266
5,0.975000,0.081287,0.645865,0.004538,0.005582,-0.031797,0.193462,30.593070,9.991113,-0.240084,0.145782,0.100205,0.240084,0.145783,0.100205
5,0.979167,0.080604,0.645345,0.004551,0.005412,-0.032651,0.192829,30.553840,9.963473,-0.240065,0.145612,0.100157,0.240065,0.145612,0.100157
5,0.983333,0.079920,0.644833,0.004513,0.005238,-0.033523,0.192197,30.512760,9.934752,-0.240050,0.145438,0.100119,0.240050,0.145438,0.100119
5,0.987500,0.079316,0.644406,0.004513,0.005134,-0.034330,0.191647,30.470110,9.905025,-0.240038,0.145335,0.100088,0.240038,0.145335,0.100088
5,0.991667,0.078712,0.643985,0.004479,0.005017,-0.035149,0.191099,30.426120,9.874347,-0.240028,0.145217,0.100063,0.240028,0.145217,0.100063
5,0.995833,0.078184,0.643644,0.004497,0.004957,-0.035901,0.190628,30.381010,9.842767,-0.240018,0.145157,0.100041,0.240018,0.145157,0.100041
5,1.000000,0.077656,0.643307,0.004500,0.004873,-0.036662,0.190159,30.335040,9.810337,-0.240008,0.145073,0.100019,0.240008,0.145073,0.100019
5,1.004167,0.077201,0.643047,0.004542,0.004839,-0.037360,0.189764,30.287820,9.776943,-0.239999,0.145039,0.100002,0.239999,0.145039,0.100002
5,1.008333,0.076745,0.642794,0.004531,0.004788,-0.038073,0.189370,30.238990,9.742472,-0.239995,0.144988,0.099992,0.239995,0.144988,0.099992
5,1.012500,0.076359,0.642614,0.004541,0.004786,-0.038730,0.189047,30.188740,9.707022,-0.239993,0.144986,0.099989,0.239993,0.144986,0.099989
5,1.016667,0.075972,0.642439,0.004511,0.004762,-0.039398,0.188726,30.137300,9.670654,-0.239994,0.144962,0.099990,0.239994,0.144963,0.099990
5,1.020833,0.075649,0.642332,0.004510,0.004781,-0.040009,0.188470,30.084880,9.633461,-0.239996,0.144981,0.099993,0.239996,0.144981,0.099993
5,1.025000,0.075326,0.642228,0.004483,0.004774,-0.040628,0.188215,30.031700,9.595502,-0.239999,0.144974,0.099997,0.239999,0.144974,0.099997
5,1.029167,0.075063,0.642185,0.004497,0.004801,-0.041191,0.188021,29.977980,9.556887,-0.240000,0.145001,0.100000,0.240000,0.145001,0.100000
5,1.033333,0.074800,0.642144,0.004500,0.004800,-0.041757,0.187826,29.923910,9.517666,-0.240000,0.145000,0.100000,0.240000,0.145000,0.100000
5,1.037500,0.074591,0.642158,0.004533,0.004820,-0.042274,0.187687,29.869380,9.477715,-0.239999,0.145021,0.099999,0.239999,0.145021,0.099999
5,1.041667,0.074383,0.642175,0.004524,0.004808,-0.042800,0.187549,29.814060,9.436881,-0.239998,0.145008,0.099998,0.239998,0.145008,0.099998
5,1.045833,0.074223,0.642244,0.004530,0.004814,-0.043283,0.187461,29.758050,9.395261,-0.239998,0.145014,0.099998,0.239998,0.145014,0.099998
5,1.050000,0.074063,0.642314,0.004507,0.004796,-0.043772,0.187374,29.701350,9.352949,-0.239998,0.144996,0.099998,0.239998,0.144996,0.099998
5,1.054167,0.073947,0.642431,0.004504,0.004799,-0.044221,0.187331,29.644010,9.310024,-0.239999,0.144999,0.099999,0.239999,0.144999,0.099999
5,1.058333,0.073830,0.642549,0.004485,0.004786,-0.044672,0.187289,29.586100,9.266586,-0.239999,0.144986,0.100000,0.239999,0.144986,0.099999
5,1.062500,0.073751,0.642706,0.004493,0.004797,-0.045086,0.187284,29.527660,9.222732,-0.240000,0.144997,0.100000,0.240000,0.144997,0.100000
5,1.066667,0.073671,0.642865,0.004500,0.004800,-0.045499,0.187280,29.468710,9.178539,-0.240000,0.145000,0.100000,0.240000,0.145000,0.100000
5,1.070833,0.073622,0.643054,0.004524,0.004818,-0.045882,0.187307,29.409580,9.133890,-0.240000,0.145018,0.100000,0.240000,0.145018,0.100000
5,1.075000,0.073573,0.643243,0.004523,0.004814,-0.046269,0.187334,29.350360,9.088654,-0.240000,0.145014,0.100000,0.240000,0.145015,0.100000
5,1.079167,0.073548,0.643457,0.004526,0.004817,-0.046635,0.187385,29.290780,9.042892,-0.240000,0.145017,0.100000,0.240000,0.145017,0.100000
5,1.083333,0.073522,0.643673,0.004514,0.004806,-0.047002,0.187437,29.230510,8.996668,-0.240000,0.145006,0.100000,0.240000,0.145006,0.100000
5,1.087500,0.073512,0.643908,0.004508,0.004803,-0.047353,0.187506,29.169300,8.950044,-0.240000,0.145003,0.100000,0.240000,0.145003,0.100000
5,1.091667,0.073503,0.644148,0.004497,0.004795,-0.047701,0.187577,29.106840,8.903069,-0.240000,0.144995,0.100000,0.240000,0.144995,0.100000
5,1.095833,0.073501,0.644402,0.004495,0.004795,-0.048039,0.187658,29.042850,8.855817,-0.240000,0.144996,0.100000,0.240000,0.144996,0.100000
5,1.100000,0.073500,0.644662,0.004500,0.004800,-0.048371,0.187742,28.977060,8.808352,-0.240000,0.145000,0.100000,0.240000,0.145000,0.100000
5,1.104167,0.073500,0.644926,0.004503,0.004804,-0.048701,0.187822,28.910760,8.760641,-0.239999,0.145004,0.099999,0.240000,0.145008,0.100000
5,1.108333,0.073500,0.645187,0.004494,0.004800,-0.049030,0.187898,28.844840,8.712635,-0.239997,0.145000,0.099995,0.240000,0.145012,0.100000
5,1.112500,0.073500,0.645450,0.004479,0.004792,-0.049358,0.187974,28.778280,8.664312,-0.239995,0.144992,0.099990,0.240000,0.145015,0.100000
5,1.116667,0.073500,0.645719,0.004463,0.004782,-0.049684,0.188053,28.710030,8.615657,-0.239992,0.144983,0.099985,0.240000,0.145014,0.100000
5,1.120833,0.073500,0.645998,0.004451,0.004775,-0.050006,0.188135,28.639060,8.566679,-0.239991,0.144975,0.099983,0.240000,0.145012,0.100000
5,1.125000,0.073500,0.646292,0.004449,0.004773,-0.050322,0.188222,28.564370,8.517350,-0.239991,0.144974,0.099983,0.240000,0.145009,0.100000
5,1.129167,0.073500,0.646603,0.004463,0.004781,-0.050632,0.188314,28.484900,8.467671,-0.239994,0.144981,0.099989,0.240000,0.145005,0.100000
5,1.133333,0.073500,0.646936,0.004500,0.004800,-0.050934,0.188413,28.399640,8.417635,-0.240000,0.145000,0.100000,0.240000,0.145000,0.100000
5,1.137500,0.073500,0.647283,0.004558,0.004794,-0.051230,0.188517,28.310480,8.367307,-0.240004,0.145007,0.100006,0.239999,0.144994,0.099998
5,1.141667,0.073500,0.647638,0.004632,0.004786,-0.051522,0.188623,28.219190,8.316724,-0.240003,0.144991,0.099999,0.239997,0.144986,0.099993
5,1.145833,0.073500,0.648004,0.004721,0.004769,-0.051808,0.188733,28.124610,8.265819,-0.240001,0.144969,0.099989,0.239993,0.144978,0.099987
5,1.150000,0.073500,0.648387,0.004823,0.004763,-0.052089,0.188848,28.025560,8.214561,-0.240001,0.144963,0.099987,0.239990,0.144972,0.099981
5,1.154167,0.073500,0.648790,0.004775,0.004768,-0.052364,0.188970,27.920870,8.162875,-0.240010,0.144991,0.100001,0.239988,0.144968,0.099978
5,1.158333,0.073500,0.649217,0.004667,0.004771,-0.052633,0.189101,27.809340,8.110743,-0.240030,0.145070,0.100041,0.239988,0.144971,0.099979
5,1.162500,0.073500,0.649674,0.004576,0.004780,-0.052894,0.189240,27.689820,8.058070,-0.240067,0.145218,0.100116,0.239992,0.144980,0.099986
5,1.166667,0.073500,0.650163,0.004500,0.004800,-0.053147,0.189391,27.561130,8.004835,-0.240125,0.145452,0.100236,0.240000,0.145000,0.100000
5,1.170833,0.073500,0.650681,0.004447,0.004800,-0.053394,0.189551,27.424420,7.951225,-0.240199,0.145750,0.100386,0.240006,0.145000,0.100008
5,1.175000,0.073500,0.651220,0.004420,0.004769,-0.053633,0.189720,27.281300,7.897362,-0.240282,0.146085,0.100549,0.240007,0.144970,0.100000
5,1.179167,0.073500,0.651783,0.004416,0.004736,-0.053867,0.189896,27.131280,7.843106,-0.240377,0.146467,0.100734,0.240006,0.144936,0.099989
5,1.183333,0.073500,0.652370,0.004426,0.004726,-0.054094,0.190082,26.973890,7.788330,-0.240487,0.146908,0.100950,0.240008,0.144926,0.099987
5,1.187500,0.073500,0.652983,0.004447,0.004763,-0.054314,0.190277,26.808640,7.732872,-0.240614,0.147418,0.101205,0.240018,0.144963,0.100004
5,1.191667,0.073500,0.653624,0.004470,0.004868,-0.054528,0.190482,26.635040,7.676577,-0.240761,0.148010,0.101507,0.240043,0.145069,0.100053
5,1.195833,0.073500,0.654292,0.004490,0.005062,-0.054736,0.190699,26.452610,7.619319,-0.240929,0.148696,0.101865,0.240086,0.145262,0.100146
5,1.200000,0.073500,0.654991,0.004500,0.005362,-0.054937,0.190901,26.260870,7.560956,-0.241121,0.149489,0.102287,0.240155,0.145562,0.100293
5,1.204167,0.073500,0.655717,0.004502,0.005740,-0.055132,0.189848,26.059920,7.501717,-0.241333,0.150398,0.102757,0.240242,0.145940,0.100477
5,1.208333,0.073500,0.656470,0.004502,0.006163,-0.055321,0.188750,25.850240,7.441839,-0.241562,0.151417,0.103262,0.240342,0.146363,0.100676
5,1.212500,0.073500,0.657248,0.004501,0.006643,-0.055505,0.187608,25.631970,7.381177,-0.241806,0.152544,0.103805,0.240457,0.146843,0.100903
5,1.216667,0.073500,0.658049,0.004500,0.007191,-0.055682,0.186420,25.405230,7.319613,-0.242066,0.153772,0.104391,0.240590,0.147391,0.101167
5,1.220833,0.073500,0.658873,0.004499,0.007819,-0.055853,0.185188,25.170140,7.256965,-0.242340,0.155100,0.105024,0.240744,0.148019,0.101479
5,1.225000,0.073500,0.659718,0.004499,0.008539,-0.056016,0.183913,24.926840,7.193115,-0.242629,0.156520,0.105708,0.240921,0.148739,0.101848
5,1.229167,0.073500,0.660583,0.004499,0.009366,-0.056172,0.182593,24.675430,7.127889,-0.242932,0.158029,0.106449,0.241125,0.149566,0.102285
5,1.233333,0.073500,0.661467,0.004500,0.010314,-0.056319,0.181231,24.416060,7.061164,-0.243249,0.159621,0.107251,0.241356,0.150514,0.102799
5,1.237500,0.073500,0.662371,0.004501,0.011403,-0.056459,0.179822,24.147950,6.992997,-0.243580,0.161322,0.108103,0.241610,0.151603,0.103371
5,1.241667,0.073500,0.663297,0.004501,0.012634,-0.056592,0.178364,23.870650,6.923549,-0.243925,0.163158,0.108992,0.241882,0.152834,0.103983
5,1.245833,0.073500,0.664240,0.004501,0.013999,-0.056717,0.176861,23.584750,6.852833,-0.244278,0.165119,0.109917,0.242171,0.154199,0.104639
5,1.250000,0.073500,0.665199,0.004501,0.015491,-0.056836,0.175316,23.290870,6.780857,-0.244639,0.167196,0.110879,0.242475,0.155691,0.105342
5,1.254167,0.073500,0.666171,0.004500,0.017103,-0.056947,0.173731,22.989590,6.707613,-0.245003,0.169376,0.111880,0.242793,0.157303,0.106098
5,1.258333,0.073500,0.667151,0.004500,0.018823,-0.057052,0.172110,22.681530,6.633110,-0.245369,0.171647,0.112922,0.243126,0.159023,0.106912
5,1.262500,0.073500,0.668139,0.004500,0.020639,-0.057149,0.170455,22.367280,6.557347,-0.245736,0.173995,0.114007,0.243472,0.160839,0.107791
5,1.266667,0.073500,0.669130,0.004500,0.022536,-0.057239,0.168771,22.047440,6.480325,-0.246102,0.176402,0.115140,0.243833,0.162736,0.108742
5,1.270833,0.073500,0.670130,0.004501,0.024551,-0.057322,0.167049,21.720580,6.401913,-0.246470,0.178896,0.116315,0.244211,0.164750,0.109753
5,1.275000,0.073500,0.671139,0.004501,0.026725,-0.057397,0.165285,21.385550,6.322055,-0.246843,0.181507,0.117521,0.244601,0.166925,0.110806
5,1.279167,0.073500,0.672155,0.004501,0.029049,-0.057464,0.163483,21.043290,6.240847,-0.247217,0.184225,0.118753,0.244999,0.169249,0.111897
5,1.283333,0.073500,0.673174,0.004501,0.031509,-0.057525,0.161648,20.694740,6.158413,-0.247587,0.187037,0.120011,0.245401,0.171709,0.113027
5,1.287500,0.073500,0.674191,0.004500,0.034091,-0.057580,0.159786,20.340840,6.074866,-0.247950,0.189932,0.121291,0.245803,0.174291,0.114195
5,1.291667,0.073500,0.675205,0.004500,0.036775,-0.057630,0.157900,19.982510,5.990287,-0.248302,0.192894,0.122594,0.246203,0.176975,0.115403
5,1.295833,0.073500,0.676210,0.004500,0.039540,-0.057674,0.155998,19.620710,5.904801,-0.248642,0.195909,0.123919,0.246597,0.179740,0.116655
5,1.300000,0.073500,0.677204,0.004500,0.042364,-0.057714,0.154082,19.256370,5.818509,-0.248965,0.198960,0.125268,0.246985,0.182564,0.117957
5,1.304167,0.073500,0.678193,0.004500,0.045274,-0.057749,0.152145,18.887690,5.731163,-0.249278,0.202069,0.126643,0.247373,0.185474,0.119304
5,1.308333,0.073500,0.679178,0.004500,0.048309,-0.057776,0.150178,18.512950,5.642548,-0.249585,0.205261,0.128040,0.247764,0.188509,0.120687
5,1.312500,0.073500,0.680157,0.004500,0.051457,-0.057798,0.148186,18.133340,5.552821,-0.249882,0.208526,0.129453,0.248153,0.191657,0.122098
5,1.316667,0.073500,0.681126,0.004500,0.054705,-0.057814,0.146177,17.749980,5.462148,-0.250167,0.211852,0.130876,0.248533,0.194905,0.123532
5,1.320833,0.073500,0.682081,0.004500,0.058036,-0.057827,0.144156,17.364030,5.370721,-0.250434,0.215225,0.132303,0.248901,0.198237,0.124985
5,1.325000,0.073500,0.683019,0.004500,0.061435,-0.057837,0.142130,16.976630,5.278683,-0.250682,0.218631,0.133731,0.249252,0.201635,0.126454
5,1.329167,0.073500,0.683937,0.004500,0.064883,-0.057846,0.140105,16.588920,5.186208,-0.250908,0.222058,0.135156,0.249582,0.205083,0.127936
5,1.333333,0.073500,0.684833,0.004500,0.068360,-0.057855,0.138086,16.202050,5.093478,-0.251108,0.225488,0.136576,0.249888,0.208560,0.129432
5,1.337500,0.073500,0.685711,0.004500,0.071888,-0.057863,0.136064,15.814020,5.000152,-0.251288,0.228941,0.138003,0.250177,0.212088,0.130952
5,1.341667,0.073500,0.686575,0.004500,0.075495,-0.057866,0.134029,15.422860,4.905937,-0.251453,0.232437,0.139445,0.250456,0.215695,0.132497
5,1.345833,0.073500,0.687422,0.004500,0.079167,-0.057868,0.131987,15.029790,4.811035,-0.251599,0.235966,0.140892,0.250720,0.219367,0.134057
5,1.350000,0.073500,0.688249,0.004500,0.082892,-0.057867,0.129945,14.636050,4.715643,-0.251725,0.239517,0.142334,0.250965,0.223092,0.135622
5,1.354167,0.073500,0.689053,0.004500,0.086655,-0.057865,0.127910,14.242810,4.619942,-0.251829,0.243077,0.143764,0.251188,0.226855,0.137184
5,1.358333,0.073500,0.689832,0.004500,0.090439,-0.057863,0.125887,13.851320,4.524137,-0.251910,0.246634,0.145173,0.251384,0.230639,0.138734
5,1.362500,0.073500,0.690585,0.004500,0.094228,-0.057862,0.123883,13.462800,4.428421,-0.251964,0.250174,0.146556,0.251551,0.234428,0.140266
5,1.366667,0.073500,0.691309,0.004500,0.098004,-0.057861,0.121904,13.078450,4.332997,-0.251992,0.253683,0.147908,0.251686,0.238204,0.141775
5,1.370833,0.073500,0.692008,0.004500,0.101785,-0.057861,0.119942,12.696300,4.237678,-0.251996,0.257175,0.149248,0.251795,0.241985,0.143283
5,1.375000,0.073500,0.692686,0.004500,0.105594,-0.057862,0.117984,12.314370,4.142203,-0.251977,0.260670,0.150595,0.251882,0.245794,0.144807
5,1.379167,0.073500,0.693342,0.004500,0.109418,-0.057862,0.116038,11.933780,4.046625,-0.251937,0.264158,0.151936,0.251945,0.249618,0.146332
5,1.383333,0.073500,0.693973,0.004500,0.113246,-0.057862,0.114109,11.555710,3.951029,-0.251873,0.267628,0.153261,0.251984,0.253446,0.147846
5,1.387500,0.073500,0.694579,0.004500,0.117062,-0.057861,0.112203,11.181290,3.855454,-0.251788,0.271071,0.154561,0.251996,0.257262,0.149338
5,1.391667,0.073500,0.695157,0.004500,0.120855,-0.057861,0.110327,10.811670,3.759962,-0.251680,0.274477,0.155827,0.251979,0.261055,0.150795
5,1.395833,0.073500,0.695707,0.004500,0.124607,-0.057861,0.108485,10.448010,3.664639,-0.251549,0.277832,0.157049,0.251934,0.264807,0.152209
5,1.400000,0.073500,0.696229,0.004500,0.128304,-0.057861,0.106683,10.091460,3.569525,-0.251398,0.281125,0.158221,0.251860,0.268504,0.153570
5,1.404167,0.073500,0.696725,0.004500,0.131959,-0.057861,0.104913,9.740318,3.475132,-0.251224,0.284367,0.159366,0.251757,0.272159,0.154909
5,1.408333,0.073500,0.697199,0.004500,0.135591,-0.057861,0.103167,9.392766,3.381619,-0.251028,0.287571,0.160506,0.251628,0.275790,0.156250
5,1.412500,0.073500,0.697649,0.004500,0.139189,-0.057861,0.101448,9.049765,3.288529,-0.250810,0.290731,0.161633,0.251473,0.279389,0.157581
5,1.416667,0.073500,0.698077,0.004500,0.142745,-0.057861,0.099761,8.712236,3.195368,-0.250574,0.293840,0.162736,0.251294,0.282945,0.158890
5,1.420833,0.073500,0.698480,0.004500,0.146248,-0.057861,0.098110,8.381144,3.101695,-0.250319,0.296890,0.163807,0.251092,0.286448,0.160163
5,1.425000,0.073500,0.698860,0.004500,0.149686,-0.057861,0.096501,8.057424,3.007042,-0.250049,0.299875,0.164836,0.250867,0.289886,0.161390
5,1.429167,0.073500,0.699216,0.004500,0.153048,-0.057861,0.094937,7.742052,2.910947,-0.249766,0.302785,0.165815,0.250622,0.293248,0.162559
5,1.433333,0.073500,0.699547,0.004500,0.156322,-0.057861,0.093423,7.435951,2.812927,-0.249472,0.305612,0.166736,0.250358,0.296522,0.163659
5,1.437500,0.073500,0.699857,0.004500,0.159514,-0.057861,0.091954,7.137946,2.712402,-0.249164,0.308361,0.167620,0.250074,0.299714,0.164721
5,1.441667,0.073500,0.700148,0.004500,0.162638,-0.057861,0.090521,6.846601,2.609529,-0.248838,0.311037,0.168490,0.249766,0.302838,0.165771
5,1.445833,0.073500,0.700420,0.004500,0.165687,-0.057861,0.089129,6.562546,2.505035,-0.248499,0.313640,0.169337,0.249438,0.305887,0.166801
5,1.450000,0.073500,0.700674,0.004500,0.168657,-0.057861,0.087779,6.286367,2.399621,-0.248148,0.316166,0.170157,0.249093,0.308857,0.167801
5,1.454167,0.073500,0.700909,0.004500,0.171542,-0.057861,0.086476,6.018696,2.294028,-0.247789,0.318612,0.170943,0.248735,0.311741,0.168761
5,1.458333,0.073500,0.701127,0.004500,0.174334,-0.057861,0.085221,5.760148,2.188973,-0.247426,0.320974,0.171688,0.248367,0.314534,0.169672
5,1.462500,0.073500,0.701327,0.004500,0.177028,-0.057861,0.084018,5.511328,2.085170,-0.247061,0.323249,0.172386,0.247993,0.317228,0.170526
5,1.466667,0.073500,0.701511,0.004500,0.179616,-0.057861,0.082869,5.272848,1.983351,-0.246698,0.325432,0.173030,0.247616,0.319816,0.171312
5,1.470833,0.073500,0.701680,0.004500,0.182098,-0.057861,0.081772,5.044252,1.881679,-0.246333,0.327520,0.173634,0.247232,0.322298,0.172051
5,1.475000,0.073500,0.701834,0.004500,0.184477,-0.057861,0.080722,4.824728,1.778694,-0.245961,0.329515,0.174215,0.246835,0.324677,0.172767
5,1.479167,0.073500,0.701977,0.004500,0.186754,-0.057861,0.079719,4.614422,1.675645,-0.245586,0.331417,0.174771,0.246430,0.326954,0.173454
5,1.483333,0.073500,0.702106,0.004500,0.188929,-0.057861,0.078765,4.413489,1.573793,-0.245210,0.333228,0.175297,0.246021,0.329129,0.174110
5,1.487500,0.073500,0.702224,0.004500,0.191001,-0.057861,0.077860,4.222053,1.474364,-0.244839,0.334949,0.175793,0.245613,0.331201,0.174728
5,1.491667,0.073500,0.702332,0.004500,0.192970,-0.057861,0.077003,4.040266,1.378635,-0.244475,0.336581,0.176255,0.245210,0.333170,0.175304
5,1.495833,0.073500,0.702429,0.004500,0.194836,-0.057861,0.076195,3.868286,1.287853,-0.244121,0.338127,0.176680,0.244817,0.335036,0.175833
5,1.500000,0.073500,0.702517,0.004500,0.196599,-0.057861,0.075437,3.706249,1.203280,-0.243782,0.339586,0.177065,0.244438,0.336799,0.176310
5,1.504167,0.073500,0.702596,0.004500,0.198248,-0.057861,0.074729,3.554611,1.123908,-0.243453,0.340950,0.177414,0.244067,0.338448,0.176743
5,1.508333,0.073500,0.702666,0.004500,0.199777,-0.057861,0.074072,3.413441,1.048141,-0.243131,0.342210,0.177736,0.243700,0.339977,0.177145
5,1.512500,0.073500,0.702729,0.004500,0.201194,-0.057861,0.073463,3.282276,0.976282,-0.242817,0.343374,0.178033,0.243340,0.341394,0.177517
5,1.516667,0.073500,0.702785,0.004500,0.202504,-0.057861,0.072901,3.160648,0.908633,-0.242514,0.344447,0.178305,0.242989,0.342704,0.177860
5,1.520833,0.073500,0.702835,0.004500,0.203715,-0.057861,0.072382,3.048113,0.845510,-0.242224,0.345436,0.178553,0.242652,0.343915,0.178174
5,1.525000,0.073500,0.702880,0.004500,0.204832,-0.057861,0.071903,2.944201,0.787192,-0.241951,0.346348,0.178778,0.242333,0.345032,0.178458
5,1.529167,0.073500,0.702919,0.004500,0.205862,-0.057861,0.071464,2.848469,0.734018,-0.241696,0.347188,0.178980,0.242034,0.346062,0.178714
5,1.533333,0.073500,0.702955,0.004500,0.206812,-0.057861,0.071060,2.760436,0.686278,-0.241462,0.347964,0.179160,0.241760,0.347012,0.178939
5,1.537500,0.073500,0.702985,0.004500,0.207661,-0.057861,0.070699,2.681736,0.644783,-0.241248,0.348657,0.179315,0.241509,0.347861,0.179132
5,1.541667,0.073500,0.703011,0.004500,0.208394,-0.057861,0.070387,2.613505,0.609577,-0.241053,0.349253,0.179446,0.241277,0.348594,0.179296
5,1.545833,0.073500,0.703033,0.004500,0.209024,-0.057861,0.070117,2.554552,0.579845,-0.240875,0.349763,0.179555,0.241065,0.349224,0.179435
5,1.550000,0.073500,0.703051,0.004500,0.209564,-0.057861,0.069885,2.503658,0.554760,-0.240715,0.350200,0.179648,0.240872,0.349764,0.179552
5,1.554167,0.073500,0.703067,0.004500,0.210030,-0.057861,0.069684,2.459658,0.533505,-0.240572,0.350576,0.179726,0.240698,0.350230,0.179651
5,1.558333,0.073500,0.703080,0.004500,0.210434,-0.057861,0.069509,2.421342,0.515268,-0.240444,0.350901,0.179792,0.240543,0.350634,0.179737
5,1.562500,0.073500,0.703092,0.004500,0.210792,-0.057861,0.069354,2.387505,0.499237,-0.240332,0.351189,0.179850,0.240406,0.350992,0.179811
5,1.566667,0.073500,0.703102,0.004500,0.211116,-0.057861,0.069215,2.356978,0.484569,-0.240233,0.351451,0.179903,0.240287,0.351316,0.179877
5,1.570833,0.073500,0.703110,0.004500,0.211376,-0.057861,0.069104,2.332640,0.472907,-0.240156,0.351661,0.179944,0.240194,0.351576,0.179929
5,1.575000,0.073500,0.703116,0.004500,0.211543,-0.057861,0.069032,2.316904,0.465677,-0.240105,0.351796,0.179970,0.240132,0.351743,0.179962
5,1.579167,0.073500,0.703119,0.004500,0.211639,-0.057861,0.068991,2.307760,0.461889,-0.240073,0.351873,0.179984,0.240092,0.351839,0.179979
5,1.583333,0.073500,0.703120,0.004500,0.211686,-0.057861,0.068970,2.303261,0.460500,-0.240054,0.351910,0.179990,0.240069,0.351885,0.179986
5,1.587500,0.073500,0.703121,0.004500,0.211703,-0.057861,0.068961,2.301389,0.460482,-0.240044,0.351924,0.179991,0.240055,0.351903,0.179988
5,1.591667,0.073500,0.703121,0.004500,0.211714,-0.057861,0.068956,2.300190,0.460800,-0.240035,0.351932,0.179990,0.240044,0.351914,0.179987
5,1.595833,0.073500,0.703122,0.004500,0.211739,-0.057861,0.068944,2.297656,0.460431,-0.240022,0.351951,0.179992,0.240028,0.351939,0.179990
5,1.600000,0.073500,0.703124,0.004500,0.211800,-0.057861,0.068917,2.291835,0.458355,-0.240000,0.352000,0.180000,0.240000,0.352000,0.180000
6,0.000000,0.073500,0.703124,0.004500,0.211800,-0.057861,0.068917,2.291835,0.458355,-0.240000,0.352000,0.180000,0.240000,0.352000,0.180000
6,0.004167,0.073500,0.703120,0.004500,0.211658,-0.057864,0.068981,2.305522,0.458205,-0.240000,0.351859,0.179963,0.240000,0.351858,0.179963
6,0.008333,0.073500,0.703117,0.004500,0.211591,-0.057866,0.069010,2.311841,0.458160,-0.239999,0.351791,0.179941,0.239999,0.351791,0.179941
6,0.012500,0.073500,0.703116,0.004500,0.211552,-0.057866,0.069026,2.315216,0.458153,-0.239998,0.351752,0.179913,0.239998,0.351752,0.179913
6,0.016667,0.073500,0.703115,0.004500,0.211499,-0.057867,0.069048,2.320053,0.458133,-0.239997,0.351699,0.179883,0.239997,0.351699,0.179883
6,0.020833,0.073500,0.703111,0.004500,0.211388,-0.057870,0.069098,2.330796,0.458030,-0.239996,0.351588,0.179819,0.239996,0.351588,0.179819
6,0.025000,0.073500,0.703104,0.004500,0.211173,-0.057874,0.069196,2.351861,0.457757,-0.239996,0.351373,0.179734,0.239996,0.351373,0.179734
6,0.029167,0.073500,0.703092,0.004500,0.210811,-0.057882,0.069363,2.387669,0.457282,-0.239997,0.351011,0.179589,0.239998,0.351011,0.179589
6,0.033333,0.073500,0.703073,0.004500,0.210258,-0.057894,0.069618,2.442657,0.456521,-0.240000,0.350458,0.179404,0.240000,0.350458,0.179404
6,0.037500,0.073500,0.703048,0.004500,0.209561,-0.057910,0.069941,2.512004,0.455274,-0.240001,0.349761,0.179141,0.240001,0.349761,0.179140
6,0.041667,0.073500,0.703020,0.004501,0.208782,-0.057927,0.070301,2.589450,0.453543,-0.239999,0.348982,0.178844,0.239999,0.348982,0.178844
6,0.045833,0.073500,0.702987,0.004503,0.207901,-0.057946,0.070710,2.677217,0.451511,-0.239996,0.348101,0.178473,0.239996,0.348101,0.178473
6,0.050000,0.073500,0.702948,0.004504,0.206898,-0.057968,0.071177,2.777512,0.449359,-0.239993,0.347098,0.178075,0.239993,0.347098,0.178075
6,0.054167,0.073500,0.702901,0.004504,0.205753,-0.057993,0.071713,2.892568,0.447297,-0.239990,0.345954,0.177602,0.239990,0.345954,0.177602
6,0.058333,0.073500,0.702845,0.004504,0.204447,-0.058022,0.072329,3.024609,0.445507,-0.239990,0.344647,0.177104,0.239990,0.344647,0.177104
6,0.062500,0.073500,0.702778,0.004503,0.202959,-0.058056,0.073034,3.175844,0.444192,-0.239993,0.343159,0.176530,0.239993,0.343159,0.176530
6,0.066667,0.073500,0.702698,0.004500,0.201271,-0.058094,0.073840,3.348502,0.443540,-0.240000,0.341471,0.175931,0.240000,0.341471,0.175931
6,0.070833,0.073500,0.702603,0.004501,0.199398,-0.058137,0.074740,3.541201,0.442454,-0.240007,0.339598,0.175224,0.240007,0.339598,0.175224
6,0.075000,0.073500,0.702493,0.004507,0.197368,-0.058183,0.075722,3.751209,0.440296,-0.240008,0.337568,0.174447,0.240008,0.337568,0.174447
6,0.079167,0.073500,0.702367,0.004515,0.195181,-0.058232,0.076788,3.978787,0.437898,-0.240006,0.335381,0.173559,0.240006,0.335381,0.173559
6,0.083333,0.073500,0.702223,0.004520,0.192834,-0.058286,0.077938,4.224168,0.436126,-0.240002,0.333034,0.172629,0.240002,0.333034,0.172629
6,0.087500,0.073506,0.702065,0.004526,0.190330,-0.058339,0.079179,4.487585,0.435839,-0.239998,0.330530,0.171615,0.239998,0.330530,0.171615
6,0.091667,0.073512,0.701884,0.004521,0.187661,-0.058397,0.080507,4.769296,0.437874,-0.239994,0.327861,0.170587,0.239994,0.327861,0.170587
6,0.095833,0.073534,0.701695,0.004519,0.184840,-0.058444,0.081941,5.069539,0.443106,-0.239994,0.325040,0.169501,0.239994,0.325040,0.169501
6,0.100000,0.073555,0.701478,0.004500,0.181847,-0.058497,0.083465,5.388566,0.452354,-0.240000,0.322047,0.168424,0.240000,0.322047,0.168424
6,0.104167,0.073602,0.701256,0.004492,0.178694,-0.058531,0.085112,5.727757,0.464529,-0.240008,0.318894,0.167251,0.240008,0.318894,0.167251
6,0.108333,0.073649,0.700999,0.004477,0.175359,-0.058571,0.086858,6.087462,0.478292,-0.240012,0.315558,0.165992,0.240012,0.315558,0.165992
6,0.112500,0.073726,0.700736,0.004483,0.171889,-0.058584,0.088730,6.466396,0.494272,-0.240013,0.312088,0.164615,0.240013,0.312088,0.164614
6,0.116667,0.073804,0.700436,0.004477,0.168270,-0.058602,0.090690,6.863286,0.513069,-0.240011,0.308469,0.163192,0.240011,0.308469,0.163192
6,0.120833,0.073916,0.700130,0.004491,0.164551,-0.058592,0.092768,7.276870,0.535284,-0.240007,0.304751,0.161697,0.240007,0.304751,0.161697
6,0.125000,0.074028,0.699784,0.004489,0.160711,-0.058586,0.094924,7.705878,0.561550,-0.240002,0.300911,0.160199,0.240002,0.300911,0.160199
6,0.129167,0.074177,0.699431,0.004505,0.156799,-0.058549,0.097188,8.149057,0.592457,-0.239999,0.296999,0.158675,0.239999,0.296999,0.158675
6,0.133333,0.074326,0.699035,0.004500,0.152789,-0.058518,0.099520,8.605152,0.628630,-0.240000,0.292989,0.157194,0.240000,0.292989,0.157194
6,0.137500,0.074511,0.698624,0.004509,0.148680,-0.058456,0.101973,9.077534,0.669581,-0.240004,0.288880,0.155660,0.240004,0.288880,0.155660
6,0.141667,0.074696,0.698157,0.004497,0.144413,-0.058400,0.104522,9.568830,0.714490,-0.240007,0.284612,0.154058,0.240007,0.284612,0.154058
6,0.145833,0.074916,0.697666,0.004500,0.140053,-0.058314,0.107193,10.076720,0.763529,-0.240008,0.280253,0.152364,0.240008,0.280253,0.152364
6,0.150000,0.075136,0.697117,0.004487,0.135597,-0.058233,0.109940,10.598880,0.816874,-0.240008,0.275796,0.150633,0.240008,0.275796,0.150633
6,0.154167,0.075388,0.696544,0.004492,0.131103,-0.058125,0.112784,11.133030,0.874720,-0.240005,0.271302,0.148850,0.240006,0.271302,0.148850
6,0.158333,0.075640,0.695914,0.004484,0.126568,-0.058021,0.115684,11.676820,0.937242,-0.240003,0.266767,0.147072,0.240003,0.266767,0.147072
6,0.162500,0.075920,0.695257,0.004496,0.122044,-0.057892,0.118655,12.227990,1.004608,-0.240000,0.262244,0.145292,0.240000,0.262243,0.145292
6,0.166667,0.076200,0.694549,0.004500,0.117527,-0.057766,0.121660,12.784250,1.077024,-0.240000,0.257727,0.143566,0.240000,0.257727,0.143566
6,0.170833,0.076503,0.693803,0.004514,0.112988,-0.057621,0.124743,13.350130,1.154639,-0.240002,0.253189,0.141844,0.240002,0.253189,0.141844
6,0.175000,0.076806,0.692984,0.004510,0.108364,-0.057481,0.127904,13.929790,1.237337,-0.240005,0.248564,0.140105,0.240005,0.248564,0.140105
6,0.179167,0.077127,0.692114,0.004509,0.103708,-0.057328,0.131144,14.520350,1.324936,-0.240006,0.243909,0.138331,0.240007,0.243909,0.138330
6,0.183333,0.077447,0.691179,0.004499,0.099040,-0.057179,0.134434,15.118930,1.417215,-0.240007,0.239240,0.136545,0.240007,0.239240,0.136545
6,0.187500,0.077778,0.690193,0.004493,0.094405,-0.057020,0.137771,15.722650,1.514010,-0.240006,0.234605,0.134743,0.240006,0.234604,0.134743
6,0.191667,0.078109,0.689152,0.004487,0.089823,-0.056864,0.141128,16.328640,1.615127,-0.240004,0.230023,0.132948,0.240004,0.230023,0.132948
6,0.195833,0.078445,0.688066,0.004490,0.085331,-0.056703,0.144498,16.934040,1.720374,-0.240001,0.225531,0.131170,0.240001,0.225531,0.131170
6,0.200000,0.078781,0.686939,0.004500,0.080952,-0.056543,0.147860,17.535990,1.829589,-0.240000,0.221152,0.129431,0.240000,0.221152,0.129431
6,0.204167,0.079115,0.685757,0.004510,0.076621,-0.056387,0.151237,18.139400,1.943443,-0.240002,0.216821,0.127745,0.240003,0.216821,0.127745
6,0.208333,0.079449,0.684508,0.004516,0.072289,-0.056234,0.154657,18.749170,2.062419,-0.240008,0.212489,0.126101,0.240008,0.212489,0.126101
6,0.212500,0.079774,0.683191,0.004511,0.067988,-0.056092,0.158096,19.362310,2.186015,-0.240014,0.208189,0.124493,0.240015,0.208189,0.124493
6,0.216667,0.080099,0.681822,0.004509,0.063766,-0.055950,0.161548,19.975880,2.313764,-0.240019,0.203967,0.122906,0.240019,0.203967,0.122906
6,0.220833,0.080411,0.680396,0.004498,0.059645,-0.055823,0.164982,20.586930,2.445158,-0.240020,0.199845,0.121347,0.240020,0.199845,0.121346
6,0.225000,0.080722,0.678936,0.004497,0.055671,-0.055694,0.168399,21.192480,2.579735,-0.240017,0.195871,0.119800,0.240017,0.195871,0.119800
6,0.229167,0.081013,0.677433,0.004490,0.051855,-0.055582,0.171763,21.789570,2.717003,-0.240010,0.192055,0.118286,0.240010,0.192055,0.118286
6,0.233333,0.081304,0.675918,0.004500,0.048244,-0.055466,0.175078,22.375240,2.856466,-0.240000,0.188444,0.116790,0.240000,0.188444,0.116790
6,0.237500,0.081572,0.674356,0.004501,0.044743,-0.055380,0.178343,22.953990,2.999212,-0.239996,0.184943,0.115378,0.239996,0.184943,0.115378
6,0.241667,0.081839,0.672757,0.004513,0.041313,-0.055304,0.181607,23.530610,3.146152,-0.240001,0.181514,0.114048,0.240001,0.181514,0.114048
6,0.245833,0.082078,0.671102,0.004508,0.037965,-0.055259,0.184829,24.102530,3.296612,-0.240012,0.178165,0.112811,0.240012,0.178165,0.112811
6,0.250000,0.082318,0.669429,0.004516,0.034758,-0.055210,0.188023,24.667210,3.449914,-0.240022,0.174958,0.111620,0.240022,0.174958,0.111620
6,0.254167,0.082527,0.667718,0.004506,0.031692,-0.055179,0.191146,25.222070,3.605357,-0.240028,0.171892,0.110498,0.240028,0.171892,0.110498
6,0.258333,0.082736,0.666012,0.004511,0.028824,-0.055129,0.194213,25.764560,3.762255,-0.240028,0.169024,0.109398,0.240028,0.169024,0.109398
6,0.262500,0.082915,0.664292,0.004498,0.026147,-0.055085,0.197180,26.292080,3.919921,-0.240019,0.166347,0.108350,0.240019,0.166347,0.108350
6,0.266667,0.083093,0.662601,0.004500,0.023711,-0.055010,0.199878,26.802040,4.077657,-0.240000,0.163912,0.107309,0.240000,0.163912,0.107309
6,0.270833,0.083242,0.660900,0.004492,0.021453,-0.054943,0.199442,27.297750,4.236728,-0.239982,0.161653,0.106358,0.239982,0.161653,0.106358
6,0.275000,0.083390,0.659208,0.004504,0.019349,-0.054867,0.199021,27.783070,4.398346,-0.239974,0.159550,0.105490,0.239974,0.159550,0.105490
6,0.279167,0.083512,0.657506,0.004505,0.017370,-0.054802,0.198591,28.256340,4.561732,-0.239973,0.157571,0.104739,0.239973,0.157571,0.104739
6,0.283333,0.083633,0.655829,0.004519,0.015541,-0.054715,0.198180,28.715840,4.726130,-0.239979,0.155741,0.104046,0.239979,0.155741,0.104046
6,0.287500,0.083732,0.654166,0.004519,0.013838,-0.054624,0.197738,29.159890,4.890767,-0.239987,0.154038,0.103445,0.239987,0.154038,0.103445
6,0.291667,0.083831,0.652548,0.004524,0.012286,-0.054500,0.197289,29.586780,5.054856,-0.239995,0.152486,0.102872,0.239995,0.152486,0.102872
6,0.295833,0.083916,0.650969,0.004514,0.010872,-0.054353,0.196851,29.994800,5.217615,-0.240001,0.151072,0.102367,0.240001,0.151072,0.102367
6,0.300000,0.084000,0.649455,0.004500,0.009616,-0.054160,0.196443,30.382230,5.378276,-0.240000,0.149816,0.101861,0.240000,0.149816,0.101861
6,0.304167,0.084077,0.647997,0.004481,0.008544,-0.053925,0.196054,30.750350,5.538051,-0.239996,0.148744,0.101440,0.239996,0.148744,0.101440
6,0.308333,0.084155,0.646595,0.004468,0.007675,-0.053644,0.195688,31.101350,5.698230,-0.239993,0.147875,0.101079,0.239993,0.147875,0.101079
6,0.312500,0.084229,0.645249,0.004460,0.006975,-0.053325,0.195343,31.434890,5.858103,-0.239992,0.147176,0.100822,0.239992,0.147176,0.100822
6,0.316667,0.084303,0.643966,0.004461,0.006421,-0.052970,0.195021,31.750590,6.016954,-0.239993,0.146621,0.100599,0.239993,0.146621,0.100599
6,0.320833,0.084374,0.642747,0.004466,0.005979,-0.052586,0.194721,32.048100,6.174053,-0.239994,0.146179,0.100450,0.239994,0.146179,0.100450
6,0.325000,0.084445,0.641600,0.004477,0.005620,-0.052176,0.194446,32.327050,6.328694,-0.239996,0.145820,0.100306,0.239996,0.145820,0.100306
6,0.329167,0.084515,0.640524,0.004490,0.005308,-0.051748,0.194193,32.587070,6.480143,-0.239998,0.145508,0.100206,0.239998,0.145508,0.100206
6,0.333333,0.084584,0.639527,0.004500,0.005008,-0.051305,0.193965,32.827800,6.627677,-0.240000,0.145208,0.100080,0.240000,0.145208,0.100080
6,0.337500,0.084653,0.638615,0.004484,0.004761,-0.050839,0.193763,33.047710,6.772229,-0.240002,0.144962,0.100000,0.240002,0.144962,0.100000
6,0.341667,0.084721,0.637791,0.004439,0.004624,-0.050338,0.193587,33.246560,6.914889,-0.240004,0.144824,0.099932,0.240004,0.144824,0.099932
6,0.345833,0.084789,0.637051,0.004389,0.004574,-0.049807,0.193435,33.425740,7.055182,-0.240005,0.144774,0.099923,0.240005,0.144774,0.099922
6,0.350000,0.084856,0.636390,0.004359,0.004588,-0.049249,0.193305,33.586740,7.192597,-0.240005,0.144788,0.099912,0.240005,0.144788,0.099912
6,0.354167,0.084923,0.635800,0.004369,0.004643,-0.048670,0.193196,33.730980,7.326667,-0.240004,0.144843,0.099941,0.240004,0.144843,0.099941
6,0.358333,0.084990,0.635279,0.004440,0.004714,-0.048074,0.193106,33.859900,7.456895,-0.240003,0.144914,0.099956,0.240003,0.144914,0.099956
6,0.362500,0.085056,0.634819,0.004586,0.004775,-0.047466,0.193032,33.974930,7.582767,-0.240001,0.144975,0.099992,0.240001,0.144975,0.099992
6,0.366667,0.085122,0.634414,0.004500,0.004800,-0.046852,0.192973,34.077530,7.703823,-0.240000,0.145000,0.100000,0.240000,0.145000,0.100000
6,0.370833,0.085187,0.634083,0.004392,0.004798,-0.046223,0.192934,34.163360,7.820375,-0.239999,0.144998,0.100015,0.240000,0.144998,0.100015
6,0.375000,0.085252,0.633845,0.004339,0.004798,-0.045568,0.192919,34.229180,7.933071,-0.239999,0.144998,0.100006,0.239999,0.144998,0.100006
6,0.379167,0.085315,0.633682,0.004327,0.004798,-0.044893,0.192923,34.278090,8.041815,-0.239999,0.144998,0.100008,0.239999,0.144998,0.100008
6,0.383333,0.085378,0.633583,0.004347,0.004798,-0.044203,0.192944,34.313200,8.146514,-0.239999,0.144998,0.099995,0.239999,0.144998,0.099995
6,0.387500,0.085439,0.633532,0.004385,0.004798,-0.043505,0.192976,34.337600,8.247083,-0.239999,0.144998,0.099993,0.239999,0.144998,0.099993
6,0.391667,0.085501,0.633515,0.004433,0.004799,-0.042802,0.193017,34.354380,8.343429,-0.240000,0.144999,0.099987,0.240000,0.144999,0.099987
6,0.395833,0.085559,0.633517,0.004474,0.004798,-0.042103,0.193060,34.366640,8.435463,-0.240000,0.144998,0.099991,0.240000,0.144998,0.099991
6,0.400000,0.085618,0.633526,0.004500,0.004800,-0.041411,0.193106,34.377470,8.523102,-0.240000,0.145000,0.100000,0.240000,0.145000,0.100000
6,0.404167,0.085674,0.633555,0.004508,0.004800,-0.040724,0.193155,34.383180,8.606004,-0.240000,0.145000,0.100011,0.240000,0.145000,0.100011
6,0.408333,0.085729,0.633629,0.004511,0.004801,-0.040030,0.193215,34.379200,8.684093,-0.240000,0.145001,0.100016,0.240000,0.145001,0.100016
6,0.412500,0.085781,0.633736,0.004509,0.004800,-0.039336,0.193282,34.367400,8.757709,-0.240000,0.145000,0.100017,0.240000,0.145000,0.100017
6,0.416667,0.085833,0.633870,0.004506,0.004800,-0.038641,0.193355,34.349650,8.827188,-0.240000,0.145000,0.100014,0.240000,0.145000,0.100014
6,0.420833,0.085881,0.634019,0.004500,0.004799,-0.037951,0.193430,34.327780,8.892866,-0.240000,0.144999,0.100010,0.240000,0.144999,0.100010
6,0.425000,0.085929,0.634179,0.004498,0.004800,-0.037267,0.193507,34.303650,8.955076,-0.240000,0.145000,0.100005,0.240000,0.145000,0.100005
6,0.429167,0.085973,0.634336,0.004496,0.004799,-0.036594,0.193580,34.279120,9.014157,-0.240000,0.144999,0.100002,0.240000,0.144999,0.100002
6,0.433333,0.086017,0.634486,0.004500,0.004800,-0.035933,0.193652,34.256030,9.070439,-0.240000,0.145000,0.100000,0.240000,0.145000,0.100000
6,0.437500,0.086056,0.634631,0.004503,0.004799,-0.035283,0.193718,34.233040,9.122975,-0.240000,0.144999,0.100000,0.240000,0.144999,0.100000
6,0.441667,0.086095,0.634787,0.004507,0.004801,-0.034635,0.193788,34.207760,9.171047,-0.240000,0.145001,0.100000,0.240000,0.145001,0.100000
6,0.445833,0.086129,0.634946,0.004506,0.004800,-0.033998,0.193855,34.180590,9.215318,-0.240000,0.145001,0.100000,0.240000,0.145001,0.100000
6,0.450000,0.086163,0.635113,0.004507,0.004802,-0.033367,0.193924,34.151910,9.256453,-0.240000,0.145002,0.100000,0.240000,0.145002,0.100000
6,0.454167,0.086193,0.635280,0.004504,0.004802,-0.032751,0.193990,34.122100,9.295126,-0.240000,0.145002,0.100000,0.240000,0.145002,0.100000
6,0.458333,0.086223,0.635450,0.004504,0.004803,-0.032147,0.194057,34.091560,9.331997,-0.240000,0.145003,0.100000,0.240000,0.145003,0.100000
6,0.462500,0.086249,0.635618,0.004500,0.004801,-0.031562,0.194120,34.060650,9.367745,-0.240000,0.145001,0.100000,0.240000,0.145001,0.100000
6,0.466667,0.086274,0.635785,0.004499,0.004800,-0.030993,0.194184,34.029800,9.403049,-0.240000,0.145000,0.100000,0.240000,0.145000,0.100000
6,0.470833,0.086297,0.635949,0.004458,0.004798,-0.030448,0.194243,33.998970,9.437108,-0.240000,0.144998,0.100000,0.240000,0.144998,0.100000
6,0.475000,0.086319,0.636114,0.004366,0.004800,-0.029922,0.194303,33.967820,9.468982,-0.240000,0.145001,0.100000,0.240000,0.145000,0.100000
6,0.479167,0.086339,0.636279,0.004255,0.004802,-0.029414,0.194362,33.936170,9.499037,-0.240000,0.145003,0.100000,0.240000,0.145003,0.100000
6,0.483333,0.086358,0.636447,0.004162,0.004806,-0.028919,0.194421,33.903860,9.527655,-0.240000,0.145006,0.100000,0.240000,0.145006,0.100000
6,0.487500,0.086377,0.636617,0.004114,0.004807,-0.028434,0.194480,33.870710,9.555177,-0.240000,0.145008,0.100000,0.240000,0.145008,0.100000
6,0.491667,0.086396,0.636792,0.004139,0.004808,-0.027956,0.194540,33.836560,9.581990,-0.240000,0.145008,0.100000,0.240000,0.145008,0.100000
6,0.495833,0.086415,0.636972,0.004261,0.004806,-0.027479,0.194603,33.801200,9.608462,-0.240000,0.145006,0.100000,0.240000,0.145006,0.100000
6,0.500000,0.086435,0.637159,0.004499,0.004800,-0.027001,0.194667,33.764490,9.634967,-0.240000,0.145000,0.100000,0.240000,0.145000,0.100000
6,0.504167,0.086457,0.637354,0.004844,0.004796,-0.026515,0.194735,33.726600,9.661253,-0.240000,0.144996,0.100000,0.240000,0.144997,0.100000
6,0.508333,0.086479,0.637553,0.004677,0.004794,-0.026024,0.194804,33.687750,9.686866,-0.240000,0.144994,0.100000,0.240000,0.144999,0.100000
6,0.512500,0.086506,0.637762,0.004588,0.004796,-0.025528,0.194881,33.647880,9.711861,-0.239999,0.144996,0.100000,0.240000,0.145006,0.100000
6,0.516667,0.086534,0.637975,0.004545,0.004797,-0.025037,0.194958,33.606910,9.736285,-0.239999,0.144997,0.100000,0.239999,0.145011,0.100000
6,0.520833,0.086569,0.638202,0.004535,0.004802,-0.024548,0.195045,33.564790,9.760185,-0.239999,0.145002,0.100000,0.239999,0.145018,0.100000
6,0.525000,0.086605,0.638435,0.004532,0.004801,-0.024076,0.195134,33.521430,9.783616,-0.239999,0.145002,0.100000,0.239999,0.145016,0.100000
6,0.529167,0.086653,0.638685,0.004529,0.004805,-0.023613,0.195237,33.476760,9.806633,-0.239999,0.145005,0.100000,0.240000,0.145015,0.100000
6,0.533333,0.086701,0.638941,0.004499,0.004800,-0.023178,0.195341,33.430730,9.829266,-0.240000,0.145000,0.100000,0.240000,0.145000,0.100000
6,0.537500,0.086765,0.639219,0.004476,0.004779,-0.022751,0.195463,33.383290,9.851576,-0.240000,0.144979,0.100000,0.240000,0.144995,0.100000
6,0.541667,0.086829,0.639503,0.004462,0.004720,-0.022339,0.195587,33.334510,9.873524,-0.239999,0.144921,0.100001,0.239999,0.144990,0.100000
6,0.545833,0.086915,0.639814,0.004472,0.004666,-0.021924,0.195734,33.284440,9.895071,-0.239997,0.144866,0.100001,0.239998,0.145002,0.099999
6,0.550000,0.087000,0.640130,0.004477,0.004615,-0.021528,0.195882,33.233150,9.916145,-0.239996,0.144815,0.100001,0.239997,0.145004,0.099998
6,0.554167,0.087112,0.640478,0.004497,0.004613,-0.021127,0.196058,33.180650,9.936680,-0.239995,0.144813,0.100001,0.239997,0.145019,0.099998
6,0.558333,0.087224,0.640830,0.004500,0.004652,-0.020750,0.196236,33.127020,9.956607,-0.239995,0.144852,0.100000,0.239997,0.145015,0.099998
6,0.562500,0.087368,0.641220,0.004514,0.004783,-0.020366,0.196448,33.072310,9.975876,-0.239999,0.144983,0.100000,0.239998,0.145021,0.099999
6,0.566667,0.087513,0.641614,0.004499,0.004800,-0.020011,0.196661,33.016560,9.994426,-0.240007,0.145191,0.100000,0.240000,0.145000,0.100000
6,0.570833,0.087696,0.642051,0.004502,0.004769,-0.019645,0.196914,32.959930,10.012340,-0.240015,0.145480,0.099998,0.240002,0.144969,0.100002
6,0.575000,0.087880,0.642490,0.004489,0.004686,-0.019306,0.197169,32.902430,10.029730,-0.240020,0.145779,0.099994,0.240003,0.144886,0.100004
6,0.579167,0.088108,0.642979,0.004501,0.004622,-0.018949,0.197469,32.843890,10.046520,-0.240027,0.146153,0.099989,0.240003,0.144822,0.100005
6,0.583333,0.088336,0.643473,0.004491,0.004557,-0.018618,0.197771,32.784190,10.062670,-0.240037,0.146577,0.099985,0.240002,0.144757,0.100005
6,0.587500,0.088615,0.644022,0.004508,0.004563,-0.018262,0.198125,32.723180,10.078150,-0.240054,0.147120,0.099982,0.240000,0.144763,0.100005
6,0.591667,0.088893,0.644577,0.004498,0.004610,-0.017933,0.198480,32.660710,10.092870,-0.240080,0.147753,0.099982,0.240000,0.144810,0.100003
6,0.595833,0.089226,0.645193,0.004514,0.004771,-0.017573,0.198892,32.596640,10.106790,-0.240118,0.148554,0.099985,0.240002,0.144971,0.100002
6,0.600000,0.089559,0.645817,0.004499,0.005007,-0.017238,0.199307,32.530800,10.119870,-0.240169,0.149489,0.099992,0.240007,0.145207,0.100000
6,0.604167,0.089952,0.646507,0.004515,0.005331,-0.016872,0.199783,32.463430,10.132150,-0.240224,0.150631,0.099997,0.240015,0.145531,0.099997
6,0.608333,0.090344,0.647202,0.004500,0.005648,-0.016535,0.200261,32.394750,10.143710,-0.240275,0.151909,0.099996,0.240022,0.145848,0.099993
6,0.612500,0.090801,0.647966,0.004518,0.006050,-0.016163,0.200804,32.324640,10.154530,-0.240327,0.153382,0.099989,0.240030,0.146250,0.099989
6,0.616667,0.091258,0.648737,0.004502,0.006498,-0.015815,0.201350,32.252980,10.164570,-0.240383,0.154982,0.099978,0.240042,0.146698,0.099985
6,0.620833,0.091782,0.649582,0.004520,0.007083,-0.015421,0.201966,32.179650,10.173820,-0.240448,0.156770,0.099967,0.240060,0.147283,0.099983
6,0.625000,0.092306,0.650434,0.004501,0.007762,-0.015047,0.202583,32.104550,10.182250,-0.240525,0.158673,0.099958,0.240088,0.147962,0.099982
6,0.629167,0.092902,0.651365,0.004518,0.008630,-0.014618,0.203275,32.027530,10.189840,-0.240619,0.160754,0.099954,0.240128,0.148830,0.099985
6,0.633333,0.093498,0.652304,0.004499,0.009640,-0.014204,0.203969,31.948500,10.196560,-0.240735,0.162932,0.099961,0.240182,0.149840,0.099991
6,0.637500,0.094168,0.653325,0.004519,0.010878,-0.013732,0.204741,31.867610,10.202500,-0.240861,0.165320,0.099970,0.240241,0.151078,0.099997
6,0.641667,0.094839,0.654353,0.004502,0.012254,-0.013281,0.205514,31.785030,10.207720,-0.240988,0.167883,0.099973,0.240296,0.152454,0.099996
6,0.645833,0.095587,0.655465,0.004524,0.013842,-0.012770,0.206368,31.700680,10.212150,-0.241115,0.170687,0.099969,0.240351,0.154041,0.099991
6,0.650000,0.096335,0.656584,0.004506,0.015558,-0.012277,0.207224,31.614480,10.215730,-0.241247,0.173641,0.099957,0.240412,0.155757,0.099983
6,0.654167,0.097163,0.657791,0.004527,0.017477,-0.011719,0.208163,31.526360,10.218410,-0.241387,0.176806,0.099940,0.240482,0.157676,0.099972
6,0.658333,0.097992,0.659006,0.004505,0.019511,-0.011175,0.209104,31.436240,10.220120,-0.241538,0.180083,0.099918,0.240565,0.159710,0.099961
6,0.662500,0.098903,0.660311,0.004524,0.021732,-0.010561,0.210131,31.344040,10.220790,-0.241705,0.183530,0.099900,0.240667,0.161931,0.099956
6,0.666667,0.099814,0.661624,0.004499,0.024044,-0.009958,0.211161,31.249690,10.220400,-0.241894,0.187039,0.099886,0.240793,0.164244,0.099957
6,0.670833,0.100810,0.663030,0.004518,0.026577,-0.009282,0.212278,31.153270,10.218980,-0.242099,0.190727,0.099881,0.240933,0.166777,0.099966
6,0.675000,0.101806,0.664442,0.004494,0.029295,-0.008619,0.213397,31.054890,10.216670,-0.242311,0.194554,0.099871,0.241071,0.169495,0.099967
6,0.679167,0.102888,0.665949,0.004514,0.032276,-0.007883,0.214606,30.954500,10.213380,-0.242530,0.198593,0.099862,0.241211,0.172476,0.099966
6,0.683333,0.103970,0.667463,0.004493,0.035418,-0.007159,0.215818,30.852090,10.209100,-0.242757,0.202740,0.099845,0.241354,0.175618,0.099953
6,0.687500,0.105141,0.669072,0.004516,0.038792,-0.006361,0.217120,30.747610,10.203780,-0.242993,0.207064,0.099828,0.241503,0.178992,0.099938
6,0.691667,0.106311,0.670688,0.004496,0.042284,-0.005576,0.218426,30.640990,10.197350,-0.243240,0.211455,0.099802,0.241664,0.182484,0.099914
6,0.695833,0.107570,0.672402,0.004520,0.045955,-0.004714,0.219823,30.532230,10.189790,-0.243501,0.215981,0.099778,0.241841,0.186155,0.099895
6,0.700000,0.108830,0.674123,0.004499,0.049682,-0.003866,0.221223,30.421280,10.181030,-0.243778,0.220526,0.099747,0.242042,0.189882,0.099876
6,0.704167,0.110179,0.675942,0.004521,0.053589,-0.002942,0.222716,30.308160,10.171130,-0.244073,0.225205,0.099727,0.242261,0.193789,0.099870
6,0.708333,0.111529,0.677767,0.004496,0.057634,-0.002031,0.224212,30.192910,10.160180,-0.244381,0.229961,0.099704,0.242489,0.197834,0.099857
6,0.712500,0.112969,0.679691,0.004515,0.061895,-0.001042,0.225802,30.075540,10.148130,-0.244702,0.234870,0.099689,0.242725,0.202095,0.099850
6,0.716667,0.114410,0.681622,0.004490,0.066265,-0.000065,0.227395,29.956030,10.134960,-0.245033,0.239822,0.099665,0.242970,0.206465,0.099831
6,0.720833,0.115941,0.683651,0.004511,0.070815,0.000991,0.229082,29.834390,10.120640,-0.245375,0.244892,0.099645,0.243225,0.211016,0.099816
6,0.725000,0.117473,0.685686,0.004490,0.075435,0.002036,0.230772,29.710620,10.105140,-0.245727,0.249966,0.099609,0.243490,0.215635,0.099786
6,0.729167,0.119096,0.687820,0.004516,0.080189,0.003161,0.232556,29.584710,10.088440,-0.246090,0.255115,0.099575,0.243770,0.220389,0.099762
6,0.733333,0.120719,0.689961,0.004499,0.084962,0.004275,0.234343,29.456630,10.070510,-0.246465,0.260226,0.099522,0.244065,0.225162,0.099724
6,0.737500,0.122433,0.692199,0.004526,0.089866,0.005469,0.236225,29.326380,10.051370,-0.246856,0.265408,0.099483,0.244379,0.230066,0.099701
6,0.741667,0.124147,0.694445,0.004500,0.094841,0.006650,0.238109,29.193950,10.031070,-0.247265,0.270596,0.099444,0.244709,0.235042,0.099673
6,0.745833,0.125952,0.696787,0.004518,0.099962,0.007910,0.240088,29.059360,10.009580,-0.247691,0.275865,0.099421,0.245053,0.240163,0.099659
6,0.750000,0.127757,0.699136,0.004489,0.105123,0.009160,0.242065,28.922620,9.986901,-0.248130,0.281110,0.099387,0.245409,0.245323,0.099632
6,0.754167,0.129653,0.701581,0.004508,0.110393,0.010492,0.244121,28.783790,9.963021,-0.248580,0.286402,0.099361,0.245776,0.250593,0.099612
6,0.758333,0.131549,0.704032,0.004485,0.115663,0.011816,0.246180,28.642860,9.937944,-0.249040,0.291633,0.099314,0.246154,0.255863,0.099574
6,0.762500,0.133534,0.706579,0.004511,0.121001,0.013223,0.248331,28.499900,9.911649,-0.249508,0.296876,0.099266,0.246542,0.261201,0.099538
6,0.766667,0.135520,0.709130,0.004499,0.126295,0.014625,0.250485,28.354880,9.884137,-0.249984,0.302019,0.099191,0.246941,0.266495,0.099480
6,0.770833,0.137594,0.711776,0.004529,0.131650,0.016107,0.252730,28.207770,9.855383,-0.250474,0.307167,0.099130,0.247358,0.271851,0.099436
6,0.775000,0.139668,0.714428,0.004506,0.137001,0.017580,0.254978,28.058480,9.825419,-0.250985,0.312251,0.099071,0.247795,0.277201,0.099391
6,0.779167,0.141830,0.717172,0.004522,0.142420,0.019133,0.257316,27.907100,9.794234,-0.251514,0.317347,0.099032,0.248250,0.282621,0.099365
6,0.783333,0.143992,0.719922,0.004492,0.147804,0.020679,0.259657,27.753650,9.761834,-0.252057,0.322354,0.098984,0.248719,0.288005,0.099327
6,0.787500,0.146240,0.722762,0.004506,0.153223,0.022308,0.262087,27.598200,9.728250,-0.252613,0.327347,0.098946,0.249200,0.293423,0.099299
6,0.791667,0.148488,0.725607,0.004482,0.158572,0.023935,0.264520,27.440790,9.693474,-0.253178,0.332226,0.098886,0.249692,0.298772,0.099249
6,0.795833,0.150821,0.728540,0.004508,0.163918,0.025645,0.267040,27.281480,9.657524,-0.253749,0.337062,0.098827,0.250191,0.304118,0.099199
6,0.800000,0.153153,0.731477,0.004500,0.169157,0.027357,0.269562,27.120330,9.620401,-0.254325,0.341758,0.098736,0.250698,0.309357,0.099120
6,0.804167,0.155569,0.734501,0.004531,0.174384,0.029150,0.272171,26.957210,9.582082,-0.254914,0.346402,0.098656,0.251219,0.314584,0.099053
6,0.808333,0.157985,0.737530,0.004512,0.179535,0.030939,0.274781,26.792030,9.542524,-0.255522,0.350923,0.098573,0.251763,0.319735,0.098987
6,0.812500,0.160482,0.740643,0.004526,0.184678,0.032807,0.277476,26.624860,9.501771,-0.256148,0.355397,0.098512,0.252325,0.324878,0.098943
6,0.816667,0.162978,0.743759,0.004497,0.189723,0.034675,0.280173,26.455780,9.459834,-0.256789,0.359741,0.098441,0.252904,0.329923,0.098888
6,0.820833,0.165554,0.746958,0.004508,0.194736,0.036623,0.282952,26.284870,9.416754,-0.257442,0.364028,0.098384,0.253495,0.334936,0.098844
6,0.825000,0.168130,0.750159,0.004484,0.199627,0.038576,0.284843,26.112180,9.372553,-0.258104,0.368176,0.098308,0.254096,0.339827,0.098780
6,0.829167,0.170782,0.753439,0.004506,0.204460,0.040611,0.286562,25.937830,9.327257,-0.258772,0.372258,0.098238,0.254704,0.344660,0.098718
6,0.833333,0.173435,0.756720,0.004500,0.209146,0.042653,0.288272,25.761860,9.280889,-0.259445,0.376193,0.098141,0.255316,0.349347,0.098626
6,0.837500,0.176161,0.760079,0.004530,0.213763,0.044774,0.290048,25.584130,9.233391,-0.260127,0.380044,0.098052,0.255941,0.353963,0.098542
6,0.841667,0.178888,0.763440,0.004514,0.218244,0.046898,0.291814,25.404510,9.184691,-0.260826,0.383734,0.097950,0.256586,0.358444,0.098453
6,0.845833,0.181686,0.766874,0.004527,0.222660,0.049097,0.293642,25.223090,9.134871,-0.261540,0.387345,0.097865,0.257249,0.362860,0.098383
6,0.850000,0.184485,0.770311,0.004501,0.226938,0.051302,0.295461,25.039960,9.083938,-0.262267,0.390814,0.097767,0.257927,0.367138,0.098303
6,0.854167,0.187352,0.773817,0.004510,0.231144,0.053583,0.297340,24.855220,9.031950,-0.263005,0.394222,0.097683,0.258619,0.371345,0.098237
6,0.858333,0.190220,0.777325,0.004488,0.235211,0.055873,0.299212,24.668980,8.978938,-0.263753,0.397510,0.097585,0.259320,0.375411,0.098155
6,0.862500,0.193153,0.780899,0.004505,0.239201,0.058239,0.301142,24.481300,8.924960,-0.264507,0.400753,0.097498,0.260028,0.379401,0.098080
6,0.866667,0.196087,0.784473,0.004500,0.243049,0.060617,0.303066,24.292320,8.870053,-0.265266,0.403897,0.097395,0.260741,0.383249,0.097981
6,0.870833,0.199084,0.788110,0.004526,0.246799,0.063068,0.305045,24.101830,8.814116,-0.266033,0.406972,0.097299,0.261463,0.386999,0.097890
6,0.875000,0.202081,0.791748,0.004513,0.250380,0.065526,0.307016,23.909670,8.757084,-0.266813,0.409891,0.097185,0.262202,0.390580,0.097783
6,0.879167,0.205138,0.795447,0.004525,0.253868,0.068053,0.309038,23.715960,8.699021,-0.267604,0.412738,0.097081,0.262956,0.394068,0.097690
6,0.883333,0.208195,0.799146,0.004504,0.257219,0.070589,0.311054,23.520790,8.639956,-0.268406,0.415479,0.096959,0.263723,0.397419,0.097582
6,0.887500,0.211310,0.802900,0.004510,0.260504,0.073193,0.313119,23.324290,8.579970,-0.269217,0.418195,0.096849,0.264501,0.400704,0.097488
6,0.891667,0.214424,0.806654,0.004492,0.263683,0.075808,0.315179,23.126580,8.519105,-0.270036,0.420852,0.096724,0.265289,0.403883,0.097380
6,0.895833,0.217591,0.810460,0.004505,0.266825,0.078489,0.317286,22.927750,8.457417,-0.270861,0.423529,0.096612,0.266084,0.407025,0.097284
6,0.900000,0.220759,0.814264,0.004500,0.269891,0.081183,0.319389,22.727920,8.394957,-0.271691,0.426195,0.096489,0.266885,0.410091,0.097175
6,0.904167,0.223977,0.818116,0.004521,0.272897,0.083939,0.321536,22.526900,8.331633,-0.272528,0.428874,0.096376,0.267694,0.413097,0.097074
6,0.908333,0.227195,0.821968,0.004511,0.275764,0.086705,0.323676,22.324480,8.267338,-0.273375,0.431482,0.096245,0.268515,0.415964,0.096954
6,0.912500,0.230460,0.825865,0.004520,0.278563,0.089529,0.325857,22.120780,8.202126,-0.274230,0.434080,0.096120,0.269347,0.418763,0.096841
6,0.916667,0.233725,0.829759,0.004503,0.281274,0.092364,0.328032,21.915950,8.136088,-0.275093,0.436635,0.095979,0.270189,0.421474,0.096711
6,0.920833,0.237033,0.833695,0.004508,0.283965,0.095253,0.330245,21.710090,8.069276,-0.275962,0.439203,0.095846,0.271041,0.424165,0.096589
6,0.925000,0.240341,0.837628,0.004494,0.286618,0.098155,0.332455,21.503350,8.001752,-0.276837,0.441755,0.095700,0.271899,0.426818,0.096454
6,0.929167,0.243689,0.841596,0.004503,0.289295,0.101108,0.334700,21.295830,7.933585,-0.277717,0.444343,0.095565,0.272764,0.429495,0.096331
6,0.933333,0.247037,0.845561,0.004500,0.291983,0.104074,0.336942,21.087650,7.864846,-0.278601,0.446940,0.095420,0.273635,0.432183,0.096198
6,0.937500,0.250420,0.849559,0.004515,0.294692,0.107088,0.339217,20.878630,7.795402,-0.279490,0.449569,0.095284,0.274512,0.434892,0.096074
6,0.941667,0.253804,0.853554,0.004508,0.297354,0.110113,0.341486,20.668510,7.725141,-0.280386,0.452177,0.095132,0.275399,0.437554,0.095934
6,0.945833,0.257219,0.857577,0.004514,0.300013,0.113181,0.343783,20.457450,7.654153,-0.281289,0.454801,0.094987,0.276294,0.440213,0.095799
6,0.950000,0.260635,0.861597,0.004502,0.302647,0.116260,0.346077,20.245590,7.582505,-0.282196,0.457416,0.094827,0.277196,0.442848,0.095649
6,0.954167,0.264079,0.865641,0.004505,0.305297,0.119378,0.348396,20.033030,7.510258,-0.283109,0.460056,0.094675,0.278104,0.445497,0.095506
6,0.958333,0.267522,0.869681,0.004495,0.307943,0.122508,0.350712,19.819940,7.437477,-0.284024,0.462701,0.094511,0.279018,0.448143,0.095351
6,0.962500,0.270990,0.873739,0.004501,0.310621,0.125673,0.353052,19.606440,7.364264,-0.284943,0.465380,0.094354,0.279936,0.450821,0.095204
6,0.966667,0.274458,0.877793,0.004500,0.313316,0.128850,0.355392,19.392670,7.290664,-0.285863,0.468074,0.094189,0.280857,0.453516,0.095049
6,0.970833,0.277947,0.881862,0.004510,0.316037,0.132058,0.357749,19.178380,7.216566,-0.286786,0.470797,0.094031,0.281784,0.456237,0.094901
6,0.975000,0.281435,0.885926,0.004507,0.318749,0.135277,0.360104,18.963370,7.141833,-0.287714,0.473520,0.093861,0.282717,0.458949,0.094740
6,0.979167,0.284940,0.890003,0.004508,0.321474,0.138522,0.362473,18.747760,7.066559,-0.288647,0.476262,0.093695,0.283656,0.461674,0.094583
6,0.983333,0.288444,0.894074,0.004501,0.324202,0.141778,0.364841,18.531700,6.990804,-0.289582,0.479011,0.093517,0.284600,0.464402,0.094414
6,0.987500,0.291961,0.898152,0.004500,0.326952,0.145056,0.367220,18.315310,6.914657,-0.290519,0.481783,0.093345,0.285548,0.467152,0.094250
6,0.991667,0.295478,0.902224,0.004495,0.329717,0.148344,0.369599,18.098760,6.838189,-0.291458,0.484570,0.093164,0.286499,0.469917,0.094076
6,0.995833,0.299004,0.906298,0.004497,0.332510,0.151651,0.371988,17.882160,6.761463,-0.292397,0.487384,0.092987,0.287452,0.472710,0.093907
6,1.000000,0.302529,0.910366,0.004500,0.335329,0.154968,0.374378,17.665670,6.684580,-0.293335,0.490220,0.092804,0.288406,0.475529,0.093732
6,1.004167,0.306059,0.914431,0.004505,0.338171,0.158299,0.376773,17.449060,6.607399,-0.294275,0.493078,0.092626,0.289362,0.478371,0.093561
6,1.008333,0.309589,0.918492,0.004505,0.341023,0.161640,0.379166,17.232070,6.529787,-0.295217,0.495948,0.092437,0.290323,0.481223,0.093380
6,1.012500,0.313119,0.922546,0.004503,0.343888,0.164990,0.381561,17.014870,6.451814,-0.296160,0.498831,0.092251,0.291287,0.484089,0.093201
6,1.016667,0.316648,0.926594,0.004501,0.346771,0.168350,0.383955,16.797570,6.373574,-0.297104,0.501731,0.092058,0.292253,0.486971,0.093014
6,1.020833,0.320174,0.930632,0.004496,0.349670,0.171714,0.386348,16.580330,6.295140,-0.298048,0.504644,0.091867,0.293221,0.489870,0.092829
6,1.025000,0.323701,0.934663,0.004495,0.352592,0.175088,0.388743,16.363280,6.216588,-0.298992,0.507576,0.091669,0.294189,0.492792,0.092638
6,1.029167,0.327219,0.938679,0.004493,0.355533,0.178463,0.391132,16.146600,6.137978,-0.299933,0.510521,0.091475,0.295157,0.495733,0.092449
6,1.033333,0.330737,0.942687,0.004500,0.358503,0.181847,0.393526,15.930380,6.059420,-0.300871,0.513488,0.091276,0.296123,0.498703,0.092255
6,1.037500,0.334243,0.946676,0.004501,0.361487,0.185227,0.395910,15.714420,5.980760,-0.301808,0.516464,0.091079,0.297090,0.501687,0.092063
6,1.041667,0.337749,0.950659,0.004505,0.364492,0.188616,0.398296,15.498460,5.901871,-0.302746,0.519458,0.090875,0.298058,0.504692,0.091864
6,1.045833,0.341240,0.954619,0.004499,0.367502,0.191998,0.400667,15.282650,5.822845,-0.303682,0.522455,0.090671,0.299026,0.507702,0.091665
6,1.050000,0.344730,0.958572,0.004500,0.370535,0.195387,0.403042,15.067130,5.743740,-0.304616,0.525469,0.090463,0.299995,0.510735,0.091461
6,1.054167,0.348200,0.962498,0.004492,0.373572,0.198765,0.405400,14.852040,5.664633,-0.305549,0.528482,0.090254,0.300962,0.513772,0.091257
6,1.058333,0.351671,0.966416,0.004496,0.376634,0.202151,0.407762,14.637520,5.585612,-0.306478,0.531513,0.090043,0.301928,0.516834,0.091049
6,1.062500,0.355117,0.970303,0.004490,0.379698,0.205520,0.410106,14.423720,5.506736,-0.307403,0.534538,0.089832,0.302891,0.519898,0.090842
6,1.066667,0.358564,0.974181,0.004500,0.382788,0.208898,0.412455,14.210780,5.428086,-0.308323,0.537580,0.089620,0.303850,0.522988,0.090632
6,1.070833,0.361982,0.978024,0.004497,0.385877,0.212255,0.414781,13.998450,5.349547,-0.309240,0.540614,0.089407,0.304806,0.526077,0.090422
6,1.075000,0.365401,0.981860,0.004504,0.388990,0.215620,0.417111,13.786510,5.270994,-0.310154,0.543667,0.089190,0.305762,0.529190,0.090207
6,1.079167,0.368788,0.985658,0.004494,0.392095,0.218961,0.419413,13.575100,5.192485,-0.311065,0.546706,0.088971,0.306715,0.532295,0.089990
6,1.083333,0.372175,0.989447,0.004500,0.395223,0.222309,0.421720,13.364350,5.114101,-0.311972,0.549761,0.088750,0.307666,0.535423,0.089772
6,1.087500,0.375527,0.993194,0.004488,0.398337,0.225629,0.423996,13.154390,5.035901,-0.312874,0.552795,0.088527,0.308614,0.538537,0.089551
6,1.091667,0.378878,0.996933,0.004496,0.401471,0.228955,0.426279,12.945370,4.957966,-0.313771,0.555842,0.088305,0.309557,0.541671,0.089329
6,1.095833,0.382191,1.000624,0.004486,0.404586,0.232250,0.428530,12.737420,4.880365,-0.314662,0.558862,0.088080,0.310495,0.544787,0.089105
6,1.100000,0.385503,1.004307,0.004500,0.407721,0.235551,0.430788,12.530670,4.803156,-0.315547,0.561892,0.087857,0.311427,0.547921,0.088883
6,1.104167,0.388772,1.007940,0.004493,0.410834,0.238817,0.433010,12.324910,4.726240,-0.316425,0.564893,0.087631,0.312354,0.551034,0.088657
6,1.108333,0.392042,1.011565,0.004504,0.413970,0.242089,0.435238,12.119900,4.649499,-0.317299,0.567910,0.087405,0.313277,0.554170,0.088431
6,1.112500,0.395265,1.015137,0.004491,0.417080,0.245321,0.437424,11.915790,4.573004,-0.318167,0.570893,0.087173,0.314196,0.557280,0.088199
6,1.116667,0.398488,1.018701,0.004500,0.420207,0.248560,0.439618,11.712680,4.496795,-0.319030,0.573887,0.086943,0.315110,0.560407,0.087968
6,1.120833,0.401660,1.022207,0.004484,0.423300,0.251754,0.441768,11.510730,4.420963,-0.319885,0.576840,0.086708,0.316018,0.563500,0.087733
6,1.125000,0.404833,1.025706,0.004496,0.426407,0.254955,0.443927,11.310050,4.345554,-0.320734,0.579798,0.086477,0.316920,0.566607,0.087500
6,1.129167,0.407953,1.029143,0.004483,0.429470,0.258109,0.446040,11.110760,4.270626,-0.321574,0.582707,0.086242,0.317814,0.569671,0.087264
6,1.133333,0.411072,1.032572,0.004500,0.432543,0.261269,0.448163,10.913000,4.196252,-0.322406,0.585617,0.086012,0.318700,0.572743,0.087032
6,1.137500,0.414135,1.035937,0.004489,0.435572,0.264379,0.450237,10.716570,4.122331,-0.323230,0.588476,0.085777,0.319580,0.575772,0.086794
6,1.141667,0.417197,1.039295,0.004504,0.438618,0.267494,0.452318,10.521250,4.048754,-0.324047,0.591345,0.085544,0.320453,0.578818,0.086558
6,1.145833,0.420200,1.042586,0.004487,0.441618,0.270554,0.454347,10.327170,3.975609,-0.324857,0.594160,0.085303,0.321319,0.581818,0.086315
6,1.150000,0.423203,1.045869,0.004500,0.444628,0.273621,0.456384,10.134430,3.902910,-0.325659,0.596979,0.085067,0.322178,0.584828,0.086076
6,1.154167,0.426142,1.049082,0.004481,0.447581,0.276630,0.458367,9.943159,3.830719,-0.326452,0.599736,0.084824,0.323029,0.587781,0.085830
6,1.158333,0.429081,1.052288,0.004496,0.450538,0.279644,0.460359,9.753463,3.759109,-0.327236,0.602490,0.084588,0.323872,0.590738,0.085591
6,1.162500,0.431955,1.055420,0.004480,0.453430,0.282598,0.462295,9.565461,3.688106,-0.328011,0.605173,0.084346,0.324705,0.593630,0.085344
6,1.166667,0.434828,1.058545,0.004500,0.456319,0.285557,0.464241,9.379266,3.617774,-0.328775,0.607849,0.084112,0.325528,0.596519,0.085106
6,1.170833,0.437633,1.061593,0.004486,0.459143,0.288452,0.466128,9.194706,3.548034,-0.329530,0.610453,0.083871,0.326342,0.599342,0.084860
6,1.175000,0.440437,1.064635,0.004504,0.461974,0.291353,0.468024,9.011605,3.478808,-0.330276,0.613058,0.083635,0.327148,0.602174,0.084619
6,1.179167,0.443169,1.067599,0.004484,0.464739,0.294186,0.469856,8.830046,3.410141,-0.331013,0.615591,0.083389,0.327945,0.604939,0.084369
6,1.183333,0.445902,1.070556,0.004500,0.467505,0.297025,0.471699,8.650124,3.342066,-0.331740,0.618120,0.083151,0.328733,0.607705,0.084125
6,1.187500,0.448560,1.073431,0.004479,0.470193,0.299794,0.473477,8.471956,3.274630,-0.332458,0.620567,0.082904,0.329511,0.610393,0.083873
6,1.191667,0.451219,1.076301,0.004496,0.472876,0.302567,0.475265,8.295635,3.207852,-0.333164,0.623004,0.082667,0.330279,0.613076,0.083630
6,1.195833,0.453800,1.079086,0.004477,0.475472,0.305269,0.476988,8.121261,3.141809,-0.333860,0.625352,0.082422,0.331036,0.615672,0.083379
6,1.200000,0.456381,1.081865,0.004500,0.478056,0.307975,0.478722,7.948927,3.076523,-0.334544,0.627685,0.082188,0.331781,0.618256,0.083138
6,1.204167,0.458884,1.084559,0.004483,0.480553,0.310606,0.480388,7.778483,3.011937,-0.335218,0.629928,0.081944,0.332515,0.620753,0.082888
6,1.208333,0.461386,1.087247,0.004503,0.483049,0.313242,0.482063,7.609800,2.948002,-0.335880,0.632164,0.081709,0.333239,0.623249,0.082646
6,1.212500,0.463807,1.089847,0.004481,0.485459,0.315801,0.483668,7.442933,2.884724,-0.336532,0.634311,0.081463,0.333953,0.625659,0.082392
6,1.216667,0.466228,1.092442,0.004500,0.487860,0.318364,0.485283,7.277963,2.822147,-0.337173,0.636448,0.081226,0.334655,0.628060,0.082148
6,1.220833,0.468566,1.094947,0.004477,0.490167,0.320847,0.486826,7.114989,2.760295,-0.337803,0.638487,0.080980,0.335347,0.630367,0.081894
6,1.225000,0.470904,1.097447,0.004496,0.492460,0.323335,0.488380,6.954058,2.699216,-0.338421,0.640511,0.080745,0.336026,0.632660,0.081652
6,1.229167,0.473157,1.099856,0.004475,0.494650,0.325741,0.489861,6.795290,2.638916,-0.339027,0.642431,0.080501,0.336693,0.634850,0.081400
6,1.233333,0.475410,1.102259,0.004500,0.496818,0.328151,0.491353,6.638747,2.579438,-0.339621,0.644331,0.080271,0.337348,0.637018,0.081161
6,1.237500,0.477577,1.104570,0.004481,0.498885,0.330478,0.492771,6.484306,2.520745,-0.340203,0.646127,0.080029,0.337990,0.639085,0.080910
6,1.241667,0.479743,1.106876,0.004503,0.500940,0.332808,0.494199,6.331867,2.462784,-0.340772,0.647911,0.079799,0.338620,0.641140,0.080671
6,1.245833,0.481821,1.109088,0.004479,0.502895,0.335054,0.495551,6.181471,2.405578,-0.341330,0.649593,0.079555,0.339238,0.643095,0.080419
6,1.250000,0.483900,1.111296,0.004500,0.504834,0.337303,0.496913,6.033185,2.349155,-0.341875,0.651259,0.079325,0.339844,0.645034,0.080179
6,1.254167,0.485889,1.113410,0.004475,0.506666,0.339466,0.498198,5.887061,2.293516,-0.342408,0.652819,0.079082,0.340438,0.646866,0.079928
6,1.258333,0.487878,1.115518,0.004497,0.508477,0.341632,0.499495,5.743168,2.238689,-0.342929,0.654360,0.078854,0.341019,0.648677,0.079690
6,1.262500,0.489777,1.117532,0.004474,0.510176,0.343711,0.500714,5.601548,2.184690,-0.343438,0.655791,0.078616,0.341586,0.650376,0.079442
6,1.266667,0.491675,1.119541,0.004500,0.511849,0.345792,0.501944,5.462265,2.131531,-0.343934,0.657200,0.078393,0.342141,0.652049,0.079209
6,1.270833,0.493483,1.121454,0.004480,0.513410,0.347785,0.503096,5.325257,2.079214,-0.344418,0.658498,0.078158,0.342682,0.653610,0.078964
6,1.275000,0.495291,1.123363,0.004503,0.514954,0.349780,0.504259,5.190434,2.027699,-0.344887,0.659780,0.077935,0.343210,0.655154,0.078731
6,1.279167,0.497007,1.125176,0.004478,0.516387,0.351686,0.505342,5.057830,1.976980,-0.345344,0.660955,0.077700,0.343724,0.656587,0.078485
6,1.283333,0.498723,1.126985,0.004499,0.517801,0.353595,0.506436,4.927475,1.927092,-0.345787,0.662112,0.077479,0.344225,0.658001,0.078254
6,1.287500,0.500346,1.128698,0.004474,0.519102,0.355414,0.507451,4.799406,1.878028,-0.346218,0.663160,0.077245,0.344713,0.659302,0.078010
6,1.291667,0.501970,1.130407,0.004497,0.520381,0.357234,0.508477,4.673647,1.829780,-0.346636,0.664192,0.077027,0.345187,0.660581,0.077781
6,1.295833,0.503502,1.132021,0.004474,0.521546,0.358965,0.509423,4.550235,1.782386,-0.347043,0.665114,0.076798,0.345649,0.661746,0.077541
6,1.300000,0.505034,1.133630,0.004500,0.522686,0.360697,0.510381,4.429186,1.735822,-0.347437,0.666019,0.076586,0.346098,0.662886,0.077318
6,1.304167,0.506473,1.135144,0.004479,0.523712,0.362338,0.511258,4.310504,1.690106,-0.347818,0.666814,0.076361,0.346532,0.663912,0.077082
6,1.308333,0.507913,1.136654,0.004502,0.524718,0.363981,0.512148,4.194133,1.645237,-0.348185,0.667593,0.076151,0.346952,0.664918,0.076860
6,1.312500,0.509261,1.138070,0.004478,0.525612,0.365534,0.512957,4.080084,1.601199,-0.348538,0.668265,0.075928,0.347357,0.665812,0.076626
6,1.316667,0.510609,1.139482,0.004499,0.526488,0.367089,0.513779,3.968359,1.557987,-0.348877,0.668924,0.075719,0.347749,0.666688,0.076406
6,1.320833,0.511865,1.140800,0.004474,0.527255,0.368553,0.514520,3.858960,1.515605,-0.349203,0.669482,0.075498,0.348126,0.667455,0.076174
6,1.325000,0.513122,1.142115,0.004497,0.528005,0.370018,0.515274,3.751878,1.474050,-0.349517,0.670031,0.075294,0.348491,0.668205,0.075958
6,1.329167,0.514288,1.143336,0.004475,0.528649,0.371394,0.515948,3.647138,1.433298,-0.349819,0.670482,0.075078,0.348843,0.668849,0.075731
6,1.333333,0.515455,1.144555,0.004500,0.529278,0.372770,0.516634,3.544710,1.393380,-0.350110,0.670929,0.074879,0.349183,0.669478,0.075520
6,1.337500,0.516532,1.145683,0.004480,0.529800,0.374057,0.517243,3.444642,1.354274,-0.350389,0.671275,0.074669,0.349509,0.670000,0.075298
6,1.341667,0.517609,1.146807,0.004502,0.530302,0.375345,0.517863,3.346958,1.316022,-0.350653,0.671608,0.074474,0.349820,0.670502,0.075091
6,1.345833,0.518598,1.147842,0.004478,0.530702,0.376546,0.518408,3.251617,1.278597,-0.350904,0.671845,0.074267,0.350116,0.670902,0.074872
6,1.350000,0.519588,1.148873,0.004498,0.531090,0.377746,0.518963,3.158591,1.241988,-0.351140,0.672079,0.074075,0.350398,0.671291,0.074668
6,1.354167,0.520491,1.149817,0.004475,0.531386,0.378861,0.519444,3.067849,1.206189,-0.351364,0.672231,0.073872,0.350666,0.671587,0.074452
6,1.358333,0.521394,1.150759,0.004496,0.531680,0.379975,0.519935,2.979353,1.171166,-0.351575,0.672392,0.073683,0.350921,0.671880,0.074252
6,1.362500,0.522213,1.151614,0.004476,0.531889,0.381004,0.520353,2.893080,1.136921,-0.351775,0.672481,0.073484,0.351164,0.672090,0.074041
6,1.366667,0.523032,1.152467,0.004500,0.532104,0.382032,0.520782,2.808985,1.103441,-0.351964,0.672588,0.073299,0.351396,0.672304,0.073846
6,1.370833,0.523769,1.153237,0.004482,0.532229,0.382978,0.521140,2.727166,1.070754,-0.352142,0.672618,0.073106,0.351615,0.672430,0.073641
6,1.375000,0.524506,1.154004,0.004501,0.532341,0.383923,0.521509,2.647709,1.038896,-0.352308,0.672644,0.072929,0.351820,0.672541,0.073453
6,1.379167,0.525164,1.154691,0.004479,0.532369,0.384788,0.521810,2.570539,1.007831,-0.352461,0.672596,0.072742,0.352012,0.672569,0.073254
6,1.383333,0.525822,1.155376,0.004496,0.532362,0.385651,0.522122,2.495573,0.977538,-0.352601,0.672562,0.072570,0.352189,0.672601,0.073069
6,1.387500,0.526403,1.155983,0.004476,0.532275,0.386437,0.522367,2.422764,0.947997,-0.352729,0.672475,0.072387,0.352353,0.672571,0.072874
6,1.391667,0.526985,1.156589,0.004495,0.532218,0.387220,0.522622,2.352021,0.919207,-0.352844,0.672418,0.072216,0.352503,0.672561,0.072692
6,1.395833,0.527493,1.157119,0.004478,0.532125,0.387927,0.522814,2.283289,0.891117,-0.352947,0.672325,0.072035,0.352641,0.672508,0.072500
6,1.400000,0.528001,1.157649,0.004500,0.532075,0.388631,0.523015,2.216501,0.863720,-0.353039,0.672275,0.071866,0.352767,0.672489,0.072320
6,1.404167,0.528439,1.158107,0.004485,0.531990,0.389263,0.523156,2.151811,0.837058,-0.353121,0.672190,0.071690,0.352883,0.672424,0.072133
6,1.408333,0.528877,1.158565,0.004500,0.531927,0.389894,0.523307,2.089365,0.811170,-0.353193,0.672127,0.071530,0.352987,0.672371,0.071963
6,1.412500,0.529249,1.158955,0.004480,0.531824,0.390457,0.523403,2.029041,0.786028,-0.353255,0.672024,0.071364,0.353079,0.672269,0.071786
6,1.416667,0.529622,1.159343,0.004492,0.531746,0.391011,0.523508,1.970737,0.761596,-0.353307,0.671946,0.071212,0.353160,0.672187,0.071622
6,1.420833,0.529932,1.159670,0.004475,0.531634,0.391473,0.523561,1.914339,0.737864,-0.353348,0.671834,0.071052,0.353229,0.672069,0.071451
6,1.425000,0.530243,1.159995,0.004490,0.531551,0.391931,0.523622,1.859737,0.714791,-0.353380,0.671750,0.070902,0.353286,0.671978,0.071290
6,1.429167,0.530496,1.160262,0.004480,0.531440,0.392326,0.523633,1.806834,0.692350,-0.353401,0.671640,0.070744,0.353332,0.671861,0.071121
6,1.433333,0.530749,1.160528,0.004500,0.531360,0.392715,0.523652,1.755506,0.670507,-0.353412,0.671560,0.070594,0.353367,0.671779,0.070960
6,1.437500,0.530950,1.160741,0.004492,0.531259,0.393047,0.523627,1.706002,0.649322,-0.353413,0.671458,0.070438,0.353392,0.671676,0.070793
6,1.441667,0.531151,1.160954,0.004505,0.531184,0.393377,0.523612,1.658503,0.628852,-0.353405,0.671384,0.070297,0.353406,0.671599,0.070642
6,1.445833,0.531304,1.161118,0.004492,0.531086,0.393655,0.523558,1.612873,0.609054,-0.353389,0.671286,0.070153,0.353411,0.671499,0.070488
6,1.450000,0.531458,1.161282,0.004501,0.531009,0.393927,0.523512,1.568961,0.589892,-0.353364,0.671209,0.070020,0.353407,0.671420,0.070345
6,1.454167,0.531570,1.161403,0.004489,0.530909,0.394149,0.523432,1.526610,0.571341,-0.353333,0.671109,0.069883,0.353394,0.671318,0.070198
6,1.458333,0.531682,1.161524,0.004498,0.530826,0.394363,0.523358,1.485656,0.553357,-0.353293,0.671026,0.069753,0.353372,0.671232,0.070059
6,1.462500,0.531759,1.161609,0.004490,0.530721,0.394530,0.523254,1.445959,0.535919,-0.353247,0.670921,0.069617,0.353342,0.671125,0.069914
6,1.466667,0.531835,1.161693,0.004500,0.530629,0.394684,0.523156,1.407362,0.518990,-0.353194,0.670829,0.069486,0.353305,0.671030,0.069773
6,1.470833,0.531882,1.161748,0.004498,0.530524,0.394794,0.523035,1.370169,0.502615,-0.353133,0.670724,0.069352,0.353258,0.670922,0.069630
6,1.475000,0.531929,1.161802,0.004509,0.530438,0.394888,0.522921,1.334670,0.486875,-0.353064,0.670638,0.069228,0.353202,0.670833,0.069497
6,1.479167,0.531954,1.161833,0.004509,0.530346,0.394949,0.522792,1.300650,0.471718,-0.352988,0.670546,0.069105,0.353138,0.670738,0.069366
6,1.483333,0.531979,1.161864,0.004516,0.530264,0.394999,0.522669,1.267921,0.457105,-0.352906,0.670465,0.068989,0.353067,0.670654,0.069241
6,1.487500,0.531988,1.161878,0.004513,0.530176,0.395027,0.522535,1.236288,0.443011,-0.352819,0.670376,0.068874,0.352990,0.670562,0.069117
6,1.491667,0.531997,1.161893,0.004513,0.530092,0.395050,0.522405,1.205537,0.429388,-0.352728,0.670292,0.068762,0.352907,0.670474,0.068997
6,1.495833,0.531999,1.161899,0.004507,0.530001,0.395064,0.522271,1.175476,0.416195,-0.352633,0.670201,0.068649,0.352820,0.670380,0.068877
6,1.500000,0.532000,1.161906,0.004500,0.529907,0.395078,0.522139,1.145917,0.403402,-0.352536,0.670107,0.068536,0.352729,0.670283,0.068756
6,1.504167,0.532000,1.161910,0.004493,0.529811,0.395089,0.522009,1.117167,0.391080,-0.352434,0.670011,0.068423,0.352633,0.670184,0.068637
6,1.508333,0.532000,1.161915,0.004490,0.529720,0.395094,0.521885,1.089575,0.379291,-0.352327,0.669920,0.068313,0.352530,0.670089,0.068522
6,1.512500,0.532000,1.161919,0.004489,0.529631,0.395095,0.521765,1.062929,0.368004,-0.352215,0.669832,0.068205,0.352420,0.669998,0.068410
6,1.516667,0.532000,1.161923,0.004491,0.529546,0.395092,0.521648,1.037042,0.357158,-0.352099,0.669746,0.068100,0.352307,0.669909,0.068302
6,1.520833,0.532000,1.161927,0.004493,0.529462,0.395087,0.521534,1.011725,0.346701,-0.351982,0.669663,0.068000,0.352190,0.669822,0.068196
6,1.525000,0.532000,1.161930,0.004496,0.529380,0.395083,0.521421,0.986773,0.336613,-0.351863,0.669581,0.067903,0.352071,0.669737,0.068093
6,1.529167,0.532000,1.161933,0.004499,0.529300,0.395079,0.521310,0.961985,0.326822,-0.351743,0.669500,0.067811,0.351953,0.669652,0.067992
6,1.533333,0.532000,1.161937,0.004500,0.529220,0.395078,0.521198,0.937167,0.317304,-0.351625,0.669420,0.067724,0.351835,0.669566,0.067892
6,1.537500,0.532000,1.161940,0.004499,0.529136,0.395077,0.521088,0.912714,0.308192,-0.351510,0.669336,0.067620,0.351716,0.669480,0.067791
6,1.541667,0.532000,1.161943,0.004498,0.529046,0.395074,0.520980,0.888941,0.299593,-0.351398,0.669248,0.067487,0.351592,0.669393,0.067687
6,1.545833,0.532000,1.161946,0.004495,0.528954,0.395069,0.520875,0.865643,0.291407,-0.351286,0.669158,0.067347,0.351465,0.669307,0.067584
6,1.550000,0.532000,1.161949,0.004493,0.528865,0.395066,0.520771,0.842556,0.283521,-0.351172,0.669071,0.067217,0.351338,0.669222,0.067484
6,1.554167,0.532000,1.161952,0.004493,0.528784,0.395065,0.520666,0.819459,0.275844,-0.351053,0.668991,0.067117,0.351215,0.669139,0.067390
6,1.558333,0.532000,1.161954,0.004494,0.528715,0.395068,0.520561,0.796099,0.268239,-0.350927,0.668920,0.067066,0.351095,0.669059,0.067304
6,1.562500,0.532000,1.161957,0.004499,0.528662,0.395077,0.520454,0.772244,0.260627,-0.350781,0.668862,0.067085,0.350993,0.668983,0.067230
6,1.566667,0.532000,1.161960,0.004486,0.528630,0.395072,0.520344,0.747662,0.252898,-0.350625,0.668822,0.067192,0.350898,0.668912,0.067169
6,1.570833,0.532000,1.161962,0.004466,0.528611,0.395064,0.520230,0.722400,0.245170,-0.350440,0.668793,0.067356,0.350830,0.668843,0.067116
6,1.575000,0.532000,1.161965,0.004445,0.528588,0.395055,0.520115,0.696697,0.237633,-0.350250,0.668769,0.067546,0.350763,0.668776,0.067068
6,1.579167,0.532000,1.161968,0.004420,0.528528,0.395044,0.519999,0.670616,0.230181,-0.350026,0.668754,0.067781,0.350728,0.668711,0.067027
6,1.583333,0.532000,1.161970,0.004391,0.528474,0.395031,0.519881,0.644224,0.222763,-0.349795,0.668752,0.068077,0.350698,0.668650,0.066996
6,1.587500,0.532000,1.161972,0.004356,0.528426,0.395016,0.519762,0.617575,0.215318,-0.349520,0.668767,0.068452,0.350708,0.668595,0.066979
6,1.591667,0.532000,1.161975,0.004313,0.528386,0.394997,0.519643,0.590732,0.207740,-0.349234,0.668804,0.068925,0.350727,0.668546,0.066978
6,1.595833,0.532000,1.161977,0.004262,0.528357,0.394975,0.519514,0.563763,0.200009,-0.348897,0.668865,0.069513,0.350794,0.668505,0.066997
6,1.600000,0.532000,1.161979,0.004202,0.528339,0.394948,0.519384,0.536712,0.192010,-0.348544,0.668957,0.070233,0.350874,0.668474,0.067039
6,1.604167,0.532000,1.161981,0.004133,0.528333,0.394918,0.519250,0.509175,0.183722,-0.348134,0.669080,0.071085,0.351002,0.668452,0.067103
6,1.608333,0.532000,1.161983,0.004056,0.528337,0.394883,0.519112,0.480922,0.175170,-0.347708,0.669230,0.072052,0.351140,0.668437,0.067185
6,1.612500,0.532000,1.161984,0.003972,0.528351,0.394843,0.518972,0.452269,0.166441,-0.347228,0.669408,0.073125,0.351325,0.668431,0.067285
6,1.616667,0.532000,1.161986,0.003881,0.528375,0.394739,0.518830,0.423562,0.157600,-0.346734,0.669614,0.074297,0.351518,0.668432,0.067402
6,1.620833,0.532000,1.161987,0.003786,0.528411,0.394628,0.518689,0.395114,0.148734,-0.346190,0.669847,0.075561,0.351758,0.668443,0.067536
6,1.625000,0.532000,1.161988,0.003686,0.528457,0.394510,0.518546,0.367271,0.139896,-0.345636,0.670107,0.076907,0.352007,0.668462,0.067686
6,1.629167,0.532000,1.161989,0.003583,0.528515,0.394386,0.518398,0.340349,0.131170,-0.345038,0.670395,0.078328,0.352299,0.668491,0.067851
6,1.633333,0.532000,1.161989,0.003477,0.528585,0.394256,0.518254,0.314682,0.122632,-0.344433,0.670710,0.079816,0.352602,0.668530,0.068030
6,1.637500,0.532000,1.161990,0.003367,0.528669,0.394119,0.518114,0.289888,0.114098,-0.343784,0.671060,0.081401,0.352946,0.668581,0.068228
6,1.641667,0.532000,1.161990,0.003251,0.528769,0.393972,0.517973,0.265480,0.105423,-0.343115,0.671450,0.083103,0.353301,0.668644,0.068448
6,1.645833,0.532000,1.161989,0.003132,0.528883,0.393817,0.517827,0.241636,0.096725,-0.342406,0.671878,0.084898,0.353692,0.668720,0.068685
6,1.650000,0.532000,1.161989,0.003011,0.529011,0.393656,0.517676,0.218578,0.088129,-0.341684,0.672339,0.086762,0.354090,0.668805,0.068936
6,1.654167,0.532000,1.161988,0.002890,0.529150,0.393492,0.517529,0.196479,0.079766,-0.340932,0.672828,0.088673,0.354515,0.668900,0.069197
6,1.658333,0.532000,1.161987,0.002771,0.529298,0.393326,0.517387,0.175544,0.071740,-0.340174,0.673340,0.090607,0.354945,0.669002,0.069465
6,1.662500,0.532000,1.161986,0.002655,0.529454,0.393159,0.517251,0.155941,0.064176,-0.339401,0.673868,0.092541,0.355392,0.669112,0.069737
6,1.666667,0.532000,1.161984,0.002543,0.529615,0.392995,0.517106,0.137889,0.057195,-0.338630,0.674405,0.094453,0.355841,0.669226,0.070008
6,1.670833,0.532000,1.161983,0.002433,0.529786,0.392811,0.516966,0.121381,0.050717,-0.337847,0.674965,0.096385,0.356302,0.669348,0.070286
6,1.675000,0.532000,1.161981,0.002323,0.529971,0.392577,0.516832,0.106214,0.044617,-0.337051,0.675560,0.098374,0.356772,0.669482,0.070577
6,1.679167,0.532000,1.161978,0.002215,0.530168,0.392340,0.516693,0.092315,0.038877,-0.336247,0.676182,0.100395,0.357248,0.669626,0.070876
6,1.683333,0.532000,1.161976,0.002110,0.530374,0.392101,0.516558,0.079617,0.033535,-0.335438,0.676824,0.102420,0.357728,0.669777,0.071180
6,1.687500,0.532000,1.161974,0.002009,0.530584,0.391865,0.516431,0.068033,0.028590,-0.334635,0.677476,0.104426,0.358202,0.669932,0.071483
6,1.691667,0.532000,1.161971,0.001913,0.530797,0.391634,0.516312,0.057491,0.024062,-0.333837,0.678129,0.106386,0.358675,0.670089,0.071780
6,1.695833,0.532000,1.161968,0.001824,0.531007,0.391410,0.516200,0.047898,0.019947,-0.333061,0.678774,0.108275,0.359132,0.670245,0.072069
6,1.700000,0.532000,1.161965,0.001742,0.531212,0.391198,0.516097,0.039199,0.016279,-0.332301,0.679400,0.110069,0.359584,0.670397,0.072343
6,1.704167,0.532000,1.161963,0.001666,0.531415,0.390992,0.516002,0.031666,0.013134,-0.331569,0.680017,0.111801,0.360015,0.670548,0.072610
6,1.708333,0.532000,1.161960,0.001593,0.531622,0.390789,0.515917,0.025494,0.010549,-0.330841,0.680639,0.113507,0.360447,0.670703,0.072875
6,1.712500,0.532000,1.161957,0.001524,0.531830,0.390591,0.515840,0.020471,0.008431,-0.330144,0.681258,0.115174,0.360855,0.670859,0.073137
6,1.716667,0.532000,1.161954,0.001459,0.532035,0.390400,0.515770,0.016396,0.006714,-0.329457,0.681868,0.116783,0.361261,0.671013,0.073391
6,1.720833,0.532000,1.161951,0.001400,0.532236,0.390217,0.515707,0.013050,0.005293,-0.328813,0.682460,0.118318,0.361634,0.671165,0.073635
6,1.725000,0.532000,1.161948,0.001346,0.532429,0.390044,0.515649,0.010218,0.004084,-0.328186,0.683027,0.119765,0.362002,0.671310,0.073866
6,1.729167,0.532000,1.161946,0.001297,0.532610,0.389883,0.515596,0.007698,0.003026,-0.327614,0.683560,0.121106,0.362329,0.671447,0.074080
6,1.733333,0.532000,1.161943,0.001254,0.532777,0.389737,0.515547,0.005273,0.002008,-0.327067,0.684052,0.122326,0.362649,0.671573,0.074275
6,1.737500,0.532000,1.161941,0.001216,0.532930,0.389604,0.515503,0.003227,0.001158,-0.326581,0.684503,0.123432,0.362925,0.671688,0.074451
6,1.741667,0.532000,1.161939,0.001183,0.533072,0.389482,0.515466,0.001848,0.000608,-0.326118,0.684919,0.124440,0.363196,0.671796,0.074613
6,1.745833,0.532000,1.161937,0.001153,0.533203,0.389372,0.515435,0.001014,0.000290,-0.325716,0.685301,0.125355,0.363425,0.671895,0.074761
6,1.750000,0.532000,1.161935,0.001127,0.533323,0.389273,0.515410,0.000587,0.000137,-0.325336,0.685648,0.126181,0.363649,0.671986,0.074895
6,1.754167,0.532000,1.161933,0.001104,0.533432,0.389183,0.515388,0.000423,0.000096,-0.325014,0.685962,0.126921,0.363829,0.672068,0.075016
6,1.758333,0.532000,1.161932,0.001084,0.533529,0.389104,0.515369,0.000386,0.000106,-0.324713,0.686243,0.127578,0.364005,0.672142,0.075123
6,1.762500,0.532000,1.161930,0.001067,0.533615,0.389034,0.515352,0.000328,0.000106,-0.324467,0.686493,0.128157,0.364138,0.672208,0.075217
6,1.766667,0.532000,1.161929,0.001052,0.533690,0.388973,0.515337,0.000126,0.000038,-0.324240,0.686710,0.128660,0.364267,0.672265,0.075299
6,1.770833,0.532000,1.161928,0.001041,0.533749,0.388926,0.515324,-0.000122,-0.000061,-0.324074,0.686880,0.129051,0.364354,0.672309,0.075363
6,1.775000,0.532000,1.161928,0.001033,0.533788,0.388894,0.515316,-0.000275,-0.000122,-0.323942,0.686994,0.129313,0.364434,0.672339,0.075405
6,1.779167,0.532000,1.161927,0.001029,0.533812,0.388874,0.515311,-0.000305,-0.000122,-0.323865,0.687065,0.129475,0.364479,0.672357,0.075432
6,1.783333,0.532000,1.161927,0.001026,0.533826,0.388863,0.515309,-0.000244,-0.000092,-0.323806,0.687105,0.129567,0.364520,0.672368,0.075447
6,1.787500,0.532000,1.161927,0.001025,0.533834,0.388857,0.515308,-0.000183,-0.000061,-0.323778,0.687129,0.129620,0.364538,0.672374,0.075456
6,1.791667,0.532000,1.161927,0.001023,0.533841,0.388852,0.515307,-0.000092,-0.000031,-0.323753,0.687147,0.129662,0.364554,0.672379,0.075463
6,1.795833,0.532000,1.161927,0.001022,0.533850,0.388844,0.515306,-0.000031,0.000000,-0.323735,0.687174,0.129725,0.364561,0.672387,0.075473
6,1.800000,0.532000,1.161927,0.001019,0.533868,0.388831,0.515303,0.000000,0.000000,-0.323704,0.687224,0.129837,0.364570,0.672400,0.075491
