clip,time,pelvis_y,head_y,shoe_min,head_min,hand_min
17,0.000000,0.5257791,1.1557060,0.0025000,1.0107120,0.5276487
17,0.004167,0.5257803,1.1557070,0.0024620,1.0107130,0.5276490
17,0.008333,0.5257814,1.1557080,0.0024382,1.0107140,0.5276501
17,0.012500,0.5257886,1.1557150,0.0024261,1.0107210,0.5276569
17,0.016667,0.5257958,1.1557220,0.0024112,1.0107280,0.5276638
17,0.020833,0.5258140,1.1557400,0.0023962,1.0107460,0.5276819
17,0.025000,0.5258324,1.1557590,0.0023620,1.0107650,0.5276991
17,0.029167,0.5258656,1.1557920,0.0023150,1.0107980,0.5277307
17,0.033333,0.5258987,1.1558250,0.0022327,1.0108310,0.5277621
17,0.037500,0.5259494,1.1558760,0.0021326,1.0108820,0.5278026
17,0.041667,0.5260000,1.1559270,0.0020051,1.0109330,0.5278323
17,0.045833,0.5260698,1.1559970,0.0018747,1.0110030,0.5278770
17,0.050000,0.5261395,1.1560670,0.0017278,1.0110730,0.5279233
17,0.054167,0.5262291,1.1561570,0.0015895,1.0111630,0.5279970
17,0.058333,0.5263186,1.1562470,0.0014451,1.0112530,0.5280845
17,0.062500,0.5264279,1.1563570,0.0013192,1.0113630,0.5282128
17,0.066667,0.5265372,1.1564680,0.0011976,1.0114740,0.5283682
17,0.070833,0.5266654,1.1565980,0.0010892,1.0116040,0.5285490
17,0.075000,0.5267936,1.1567280,0.0009689,1.0117330,0.5287227
17,0.079167,0.5269392,1.1568760,0.0008622,1.0118810,0.5289246
17,0.083333,0.5270848,1.1570240,0.0007599,1.0120280,0.5291516
17,0.087500,0.5272456,1.1571870,0.0006848,1.0121920,0.5294370
17,0.091667,0.5274065,1.1573500,0.0006281,1.0123550,0.5297833
17,0.095833,0.5275801,1.1575270,0.0006089,1.0125310,0.5302234
17,0.100000,0.5277538,1.1577030,0.0006193,1.0127070,0.5307658
17,0.104167,0.5279374,1.1578890,0.0006586,1.0128940,0.5314418
17,0.108333,0.5281211,1.1580750,0.0007080,1.0130800,0.5322430
17,0.112500,0.5283114,1.1582680,0.0007814,1.0132720,0.5331680
17,0.116667,0.5285016,1.1584590,0.0008778,1.0134640,0.5341991
17,0.120833,0.5286934,1.1586510,0.0010036,1.0136570,0.5353239
17,0.125000,0.5288851,1.1588420,0.0011600,1.0138490,0.5365215
17,0.129167,0.5290683,1.1590220,0.0013404,1.0140310,0.5377628
17,0.133333,0.5292516,1.1592010,0.0015542,1.0142120,0.5390317
17,0.137500,0.5294143,1.1593570,0.0017773,1.0143710,0.5403841
17,0.141667,0.5295770,1.1595110,0.0020249,1.0145280,0.5419088
17,0.145833,0.5297047,1.1596270,0.0022602,1.0146490,0.5435337
17,0.150000,0.5298325,1.1597410,0.0025164,1.0147670,0.5452483
17,0.154167,0.5299102,1.1598020,0.0027414,1.0148340,0.5469511
17,0.158333,0.5299879,1.1598600,0.0029843,1.0148980,0.5486319
17,0.162500,0.5300015,1.1598520,0.0031803,1.0148970,0.5501616
17,0.166667,0.5300151,1.1598430,0.0033930,1.0148950,0.5515339
17,0.170833,0.5299523,1.1597550,0.0035498,1.0148150,0.5526899
17,0.175000,0.5298895,1.1596640,0.0037318,1.0147330,0.5537873
17,0.179167,0.5297402,1.1594850,0.0038533,1.0145630,0.5547609
17,0.183333,0.5295908,1.1593020,0.0040021,1.0143910,0.5557128
17,0.187500,0.5293459,1.1590230,0.0040849,1.0141220,0.5565550
17,0.191667,0.5291010,1.1587420,0.0041734,1.0138530,0.5573789
17,0.195833,0.5287532,1.1583570,0.0041791,1.0134790,0.5580683
17,0.200000,0.5284054,1.1579710,0.0042263,1.0131050,0.5587040
17,0.204167,0.5279512,1.1574780,0.0042174,1.0126240,0.5591277
17,0.208333,0.5274970,1.1569840,0.0042702,1.0121420,0.5594415
17,0.212500,0.5269364,1.1563820,0.0042767,1.0115530,0.5595713
17,0.216667,0.5263757,1.1557790,0.0043408,1.0109630,0.5596477
17,0.220833,0.5257108,1.1550710,0.0043549,1.0102680,0.5595784
17,0.225000,0.5250459,1.1543620,0.0044178,1.0095730,0.5594711
17,0.229167,0.5242805,1.1535520,0.0044246,1.0087770,0.5592243
17,0.233333,0.5235152,1.1527420,0.0044683,1.0079810,0.5589363
17,0.237500,0.5226530,1.1518350,0.0044537,1.0070870,0.5584833
17,0.241667,0.5217908,1.1509280,0.0044735,1.0061940,0.5579401
17,0.245833,0.5208325,1.1499240,0.0044513,1.0052040,0.5572261
17,0.250000,0.5198742,1.1489200,0.0044825,1.0042140,0.5564567
17,0.254167,0.5188103,1.1478090,0.0044611,1.0031180,0.5555437
17,0.258333,0.5177463,1.1466960,0.0044909,1.0020200,0.5546020
17,0.262500,0.5165795,1.1454780,0.0044680,1.0008180,0.5535325
17,0.266667,0.5154127,1.1442580,0.0044915,0.9996143,0.5524330
17,0.270833,0.5141414,1.1429310,0.0044601,0.9983042,0.5511968
17,0.275000,0.5128700,1.1416020,0.0044840,0.9969929,0.5499392
17,0.279167,0.5114927,1.1401640,0.0044564,0.9955739,0.5485604
17,0.283333,0.5101153,1.1387240,0.0044837,0.9941532,0.5471694
17,0.287500,0.5086308,1.1371740,0.0044579,0.9926235,0.5456588
17,0.291667,0.5071462,1.1356210,0.0044852,0.9910918,0.5441314
17,0.295833,0.5055538,1.1339580,0.0044573,0.9894500,0.5424706
17,0.300000,0.5039613,1.1322900,0.0044803,0.9878056,0.5407732
17,0.304167,0.5022606,1.1305110,0.0044495,0.9860507,0.5389244
17,0.308333,0.5005598,1.1287280,0.0044753,0.9842932,0.5370346
17,0.312500,0.4987507,1.1268330,0.0044492,0.9824249,0.5349970
17,0.316667,0.4969416,1.1249350,0.0044785,0.9805538,0.5329220
17,0.320833,0.4950243,1.1229230,0.0044541,0.9785715,0.5307034
17,0.325000,0.4931070,1.1209070,0.0044833,0.9765862,0.5284513
17,0.329167,0.4910820,1.1187800,0.0044570,0.9744899,0.5260621
17,0.333333,0.4890570,1.1166470,0.0044816,0.9723902,0.5236462
17,0.337500,0.4869252,1.1144020,0.0044524,0.9701804,0.5210906
17,0.341667,0.4847934,1.1121520,0.0044793,0.9679669,0.5184957
17,0.345833,0.4825558,1.1097910,0.0044556,0.9656441,0.5157573
17,0.350000,0.4803183,1.1074240,0.0044858,0.9633175,0.5129824
17,0.354167,0.4779764,1.1049480,0.0044645,0.9608826,0.5100685
17,0.358333,0.4756344,1.1024660,0.0044942,0.9584436,0.5071207
17,0.362500,0.4731898,1.0998750,0.0044708,0.9558976,0.5040383
17,0.366667,0.4707451,1.0972780,0.0044951,0.9533475,0.5009254
17,0.370833,0.4681996,1.0945730,0.0044686,0.9506921,0.4976767
17,0.375000,0.4656542,1.0918630,0.0044955,0.9480324,0.4943888
17,0.379167,0.4630043,1.0890410,0.0044700,0.9452636,0.4909582
17,0.383333,0.4603545,1.0862130,0.0044946,0.9424902,0.4874923
17,0.387500,0.4576086,1.0832810,0.0044715,0.9396161,0.4838978
17,0.391667,0.4548627,1.0803430,0.0044950,0.9367374,0.4802719
17,0.395833,0.4520234,1.0773050,0.0044700,0.9337604,0.4765241
17,0.400000,0.4491842,1.0742600,0.0044875,0.9307788,0.4727493
17,0.404167,0.4462544,1.0711170,0.0044596,0.9277018,0.4688522
17,0.408333,0.4433246,1.0679670,0.0044800,0.9246196,0.4649185
17,0.412500,0.4403073,1.0647220,0.0044591,0.9214450,0.4608629
17,0.416667,0.4372900,1.0614700,0.0044826,0.9182652,0.4567763
17,0.420833,0.4341885,1.0581260,0.0044645,0.9149961,0.4525762
17,0.425000,0.4310869,1.0547750,0.0044867,0.9117219,0.4483494
17,0.429167,0.4279045,1.0513360,0.0044664,0.9083621,0.4440179
17,0.433333,0.4247221,1.0478890,0.0044819,0.9049973,0.4396650
17,0.437500,0.4214626,1.0443590,0.0044587,0.9015502,0.4352076
17,0.441667,0.4182029,1.0408200,0.0044771,0.8980977,0.4307181
17,0.445833,0.4148700,1.0372000,0.0044615,0.8945664,0.4261262
17,0.450000,0.4115370,1.0335720,0.0044829,0.8910296,0.4215079
17,0.454167,0.4081344,1.0298680,0.0044702,0.8874182,0.4167969
17,0.458333,0.4047318,1.0261560,0.0044901,0.8838015,0.4120656
17,0.462500,0.4012638,1.0223710,0.0044748,0.8801143,0.4072510
17,0.466667,0.3977959,1.0185790,0.0044872,0.8764223,0.4024215
17,0.470833,0.3942666,1.0147170,0.0044692,0.8726635,0.3975101
17,0.475000,0.3907374,1.0108480,0.0044846,0.8688989,0.3925729
17,0.479167,0.3871512,1.0069130,0.0044746,0.8650718,0.3875560
17,0.483333,0.3835651,1.0029700,0.0044935,0.8612390,0.3825196
17,0.487500,0.3799264,0.9989672,0.0044862,0.8573483,0.3774147
17,0.491667,0.3762878,0.9949564,0.0045026,0.8534523,0.3722965
17,0.495833,0.3726013,0.9908903,0.0044921,0.8495032,0.3671193
17,0.500000,0.3689148,0.9868164,0.0044996,0.8455491,0.3619346
17,0.504167,0.3651827,0.9826893,0.0044786,0.8415437,0.3566911
17,0.508333,0.3614506,0.9785526,0.0044913,0.8375319,0.3514286
17,0.512500,0.3576806,0.9743693,0.0044830,0.8334761,0.3461129
17,0.516667,0.3539106,0.9701776,0.0044941,0.8294143,0.3407855
17,0.520833,0.3501073,0.9659442,0.0044887,0.8253137,0.3354163
17,0.525000,0.3463041,0.9617032,0.0044977,0.8212078,0.3300422
17,0.529167,0.3424726,0.9574265,0.0044900,0.8170684,0.3246383
17,0.533333,0.3386410,0.9531429,0.0044865,0.8129243,0.3192358
17,0.537500,0.3347861,0.9488275,0.0044577,0.8087510,0.3138058
17,0.541667,0.3309314,0.9445028,0.0044689,0.8045712,0.3083668
17,0.545833,0.3270581,0.9401502,0.0044821,0.8003666,0.3029035
17,0.550000,0.3231848,0.9357894,0.0044897,0.7961562,0.2974374
17,0.554167,0.3192984,0.9314077,0.0044907,0.7919273,0.2919583
17,0.558333,0.3154118,0.9270192,0.0044960,0.7876937,0.2864831
17,0.562500,0.3115170,0.9226170,0.0044942,0.7834479,0.2810061
17,0.566667,0.3076223,0.9182099,0.0044776,0.7791988,0.2755390
17,0.570833,0.3037241,0.9137926,0.0044315,0.7749417,0.2700728
17,0.575000,0.2998262,0.9093666,0.0044334,0.7706786,0.2646066
17,0.579167,0.2959300,0.9049348,0.0044670,0.7664120,0.2591451
17,0.583333,0.2920339,0.9004968,0.0044934,0.7621411,0.2536898
17,0.587500,0.2881446,0.8960609,0.0045003,0.7578740,0.2482509
17,0.591667,0.2842554,0.8916221,0.0045008,0.7536049,0.2428245
17,0.595833,0.2803781,0.8871944,0.0045043,0.7493469,0.2374254
17,0.600000,0.2765008,0.8827678,0.0044782,0.7450897,0.2320448
17,0.604167,0.2726407,0.8783570,0.0044072,0.7408488,0.2266945
17,0.608333,0.2687804,0.8739429,0.0043861,0.7366056,0.2213518
17,0.612500,0.2649421,0.8695489,0.0044203,0.7323831,0.2160427
17,0.616667,0.2611040,0.8651546,0.0044677,0.7281603,0.2107484
17,0.620833,0.2572927,0.8607879,0.0045133,0.7239650,0.2054994
17,0.625000,0.2534815,0.8564237,0.0045072,0.7197714,0.2002716
17,0.629167,0.2497043,0.8520979,0.0045147,0.7156147,0.1951019
17,0.633333,0.2459271,0.8477777,0.0044861,0.7114620,0.1899593
17,0.637500,0.2421871,0.8434994,0.0043963,0.7073499,0.1848750
17,0.641667,0.2384472,0.8392251,0.0043298,0.7032404,0.1798068
17,0.645833,0.2347492,0.8349971,0.0043255,0.6991758,0.1748002
17,0.650000,0.2310513,0.8307741,0.0043338,0.6951149,0.1698160
17,0.654167,0.2274000,0.8266038,0.0043885,0.6911048,0.1649043
17,0.658333,0.2237487,0.8224406,0.0044242,0.6870994,0.1600211
17,0.662500,0.2201487,0.8183364,0.0044682,0.6831507,0.1552212
17,0.666667,0.2165486,0.8142408,0.0044391,0.6792080,0.1504560
17,0.670833,0.2130044,0.8102093,0.0043999,0.6753268,0.1457744
17,0.675000,0.2094601,0.8061855,0.0043347,0.6714511,0.1411153
17,0.679167,0.2059759,0.8022304,0.0043151,0.6676413,0.1365422
17,0.683333,0.2024917,0.7982846,0.0042874,0.6638020,0.1319979
17,0.687500,0.1990719,0.7944126,0.0043171,0.6599679,0.1275498
17,0.691667,0.1956520,0.7905511,0.0043362,0.6561439,0.1231370
17,0.695833,0.1923007,0.7867692,0.0044041,0.6523992,0.1188302
17,0.700000,0.1889493,0.7829988,0.0044389,0.6486656,0.1145636
17,0.704167,0.1856703,0.7793123,0.0044801,0.6450155,0.1104034
17,0.708333,0.1823914,0.7756375,0.0044533,0.6413766,0.1062707
17,0.712500,0.1791886,0.7720507,0.0044461,0.6378250,0.1022449
17,0.716667,0.1759858,0.7684757,0.0043979,0.6342848,0.0982525
17,0.720833,0.1728629,0.7649933,0.0044002,0.6308361,0.0943762
17,0.725000,0.1697400,0.7615235,0.0043821,0.6273994,0.0905389
17,0.729167,0.1667005,0.7581500,0.0044343,0.6240580,0.0868265
17,0.733333,0.1636609,0.7547897,0.0044787,0.6207288,0.0831576
17,0.737500,0.1607081,0.7515299,0.0044348,0.6174991,0.0796137
17,0.741667,0.1577552,0.7482841,0.0043867,0.6142824,0.0761032
17,0.745833,0.1548920,0.7451420,0.0044239,0.6111681,0.0727165
17,0.750000,0.1520290,0.7420139,0.0044410,0.6080667,0.0693663
17,0.754167,0.1492641,0.7389976,0.0044786,0.6050757,0.0661522
17,0.758333,0.1464993,0.7359945,0.0044354,0.6020969,0.0629769
17,0.762500,0.1438301,0.7330999,0.0044665,0.5992253,0.0599379
17,0.766667,0.1411609,0.7302178,0.0044825,0.5963655,0.0569407
17,0.770833,0.1385898,0.7274482,0.0044262,0.5936164,0.0540825
17,0.775000,0.1360186,0.7246937,0.0043527,0.5908808,0.0512625
17,0.779167,0.1335477,0.7220537,0.0043612,0.5882585,0.0485798
17,0.783333,0.1310768,0.7194271,0.0043473,0.5856484,0.0459338
17,0.787500,0.1287083,0.7169155,0.0044047,0.5831519,0.0434257
17,0.791667,0.1263396,0.7144158,0.0044191,0.5806661,0.0409531
17,0.795833,0.1240750,0.7120311,0.0044773,0.5782942,0.0386195
17,0.800000,0.1218103,0.7096567,0.0044554,0.5759313,0.0363203
17,0.804167,0.1196510,0.7073992,0.0044515,0.5736845,0.0341647
17,0.808333,0.1174918,0.7051557,0.0043790,0.5714501,0.0320491
17,0.812500,0.1154391,0.7030318,0.0043581,0.5693337,0.0300775
17,0.816667,0.1133864,0.7009192,0.0042947,0.5672274,0.0281404
17,0.820833,0.1114411,0.6989241,0.0043072,0.5652376,0.0263427
17,0.825000,0.1094959,0.6969380,0.0042979,0.5632561,0.0245740
17,0.829167,0.1076587,0.6950679,0.0043832,0.5613894,0.0229398
17,0.833333,0.1058216,0.6932042,0.0044634,0.5595286,0.0213294
17,0.837500,0.1040928,0.6914565,0.0045399,0.5577829,0.0198585
17,0.841667,0.1023640,0.6897178,0.0045200,0.5560452,0.0184249
17,0.845833,0.1007436,0.6880960,0.0045478,0.5544236,0.0171329
17,0.850000,0.0991231,0.6864829,0.0045164,0.5528097,0.0158705
17,0.854167,0.0976108,0.6849864,0.0045365,0.5513114,0.0147403
17,0.858333,0.0960984,0.6834978,0.0045025,0.5498202,0.0136305
17,0.862500,0.0946934,0.6821244,0.0045248,0.5484435,0.0126433
17,0.866667,0.0932884,0.6807588,0.0044904,0.5470737,0.0116667
17,0.870833,0.0919898,0.6795075,0.0044763,0.5458173,0.0108161
17,0.875000,0.0906911,0.6782646,0.0044164,0.5445687,0.0099938
17,0.879167,0.0895037,0.6771415,0.0044237,0.5434384,0.0093066
17,0.883333,0.0883161,0.6760259,0.0043891,0.5423151,0.0086371
17,0.887500,0.0872317,0.6750211,0.0044176,0.5413018,0.0080829
17,0.891667,0.0861473,0.6740233,0.0044082,0.5402949,0.0075348
17,0.895833,0.0851639,0.6731338,0.0044638,0.5393953,0.0070872
17,0.900000,0.0841804,0.6722507,0.0044857,0.5385016,0.0066329
17,0.904167,0.0832954,0.6714740,0.0045286,0.5377134,0.0062810
17,0.908333,0.0824104,0.6707056,0.0045040,0.5369329,0.0059427
17,0.912500,0.0816209,0.6700406,0.0045237,0.5362548,0.0057072
17,0.916667,0.0808314,0.6693823,0.0044953,0.5355827,0.0054724
17,0.920833,0.0801341,0.6688221,0.0045016,0.5350080,0.0053233
17,0.925000,0.0794369,0.6682667,0.0044607,0.5344378,0.0051605
17,0.929167,0.0788281,0.6678039,0.0044811,0.5339598,0.0050652
17,0.933333,0.0782193,0.6673439,0.0044867,0.5334846,0.0049412
17,0.937500,0.0776949,0.6669731,0.0045273,0.5330979,0.0048796
17,0.941667,0.0771705,0.6666082,0.0045063,0.5327165,0.0048046
17,0.945833,0.0767259,0.6663276,0.0045205,0.5324194,0.0047931
17,0.950000,0.0762812,0.6660517,0.0044941,0.5321263,0.0047615
17,0.954167,0.0759114,0.6658537,0.0045046,0.5319109,0.0047808
17,0.958333,0.0755416,0.6656582,0.0044727,0.5316978,0.0047730
17,0.962500,0.0752410,0.6655337,0.0044889,0.5315555,0.0048035
17,0.966667,0.0749405,0.6654098,0.0044942,0.5314140,0.0047998
17,0.970833,0.0747033,0.6653494,0.0045245,0.5313359,0.0048184
17,0.975000,0.0744661,0.6652895,0.0045084,0.5312586,0.0047972
17,0.979167,0.0742860,0.6652883,0.0045140,0.5312397,0.0047992
17,0.983333,0.0741058,0.6652894,0.0044901,0.5312230,0.0047731
17,0.987500,0.0739758,0.6653438,0.0044926,0.5312594,0.0047755
17,0.991667,0.0738458,0.6654023,0.0044769,0.5312997,0.0047624
17,0.995833,0.0737586,0.6655086,0.0044913,0.5313874,0.0047826
17,1.000000,0.0736713,0.6656204,0.0044997,0.5314806,0.0048000
17,1.004167,0.0736205,0.6657680,0.0045264,0.5316094,0.0048342
17,1.008333,0.0735697,0.6659108,0.0045257,0.5317341,0.0048363
17,1.012500,0.0735446,0.6660803,0.0045298,0.5318854,0.0048434
17,1.016667,0.0735194,0.6662558,0.0045198,0.5320422,0.0048414
17,1.020833,0.0735108,0.6664585,0.0045152,0.5322258,0.0048581
17,1.025000,0.0735023,0.6666777,0.0045025,0.5324248,0.0048882
17,1.029167,0.0735013,0.6669255,0.0044994,0.5326510,0.0049515
17,1.033333,0.0735005,0.6671995,0.0045052,0.5329017,0.0050513
17,1.037500,0.0735009,0.6674919,0.0045103,0.5331699,0.0051779
17,1.041667,0.0735014,0.6677930,0.0045020,0.5334461,0.0053146
17,1.045833,0.0735024,0.6681077,0.0044876,0.5337358,0.0054675
17,1.050000,0.0735034,0.6684410,0.0044735,0.5340428,0.0056414
17,1.054167,0.0735053,0.6687983,0.0044673,0.5343727,0.0058428
17,1.058333,0.0735071,0.6691831,0.0044755,0.5347291,0.0060767
17,1.062500,0.0735104,0.6696015,0.0045065,0.5350628,0.0063511
17,1.066667,0.0735136,0.6700565,0.0045666,0.5353785,0.0066708
17,1.070833,0.0735188,0.6705450,0.0046623,0.5357178,0.0070282
17,1.075000,0.0735239,0.6710578,0.0047875,0.5360739,0.0074123
17,1.079167,0.0735316,0.6715983,0.0048124,0.5364501,0.0078350
17,1.083333,0.0735393,0.6721648,0.0047146,0.5368443,0.0083033
17,1.087500,0.0735504,0.6727617,0.0046390,0.5372605,0.0088302
17,1.091667,0.0735614,0.6733859,0.0045764,0.5376955,0.0094221
17,1.095833,0.0735767,0.6740427,0.0045251,0.5381543,0.0100937
17,1.100000,0.0735921,0.6747282,0.0044743,0.5386330,0.0108513
17,1.104167,0.0736127,0.6754483,0.0044374,0.5391373,0.0116739
17,1.108333,0.0736333,0.6761962,0.0044183,0.5396609,0.0125403
17,1.112500,0.0736602,0.6769745,0.0044189,0.5402074,0.0134809
17,1.116667,0.0736871,0.6777732,0.0044279,0.5407678,0.0145141
17,1.120833,0.0737216,0.6785955,0.0044477,0.5413472,0.0156708
17,1.125000,0.0737561,0.6794309,0.0044655,0.5419354,0.0169672
17,1.129167,0.0737992,0.6802843,0.0044843,0.5425388,0.0184358
17,1.133333,0.0738424,0.6811436,0.0044898,0.5431464,0.0200919
17,1.137500,0.0738956,0.6820249,0.0044942,0.5437722,0.0219513
17,1.141667,0.0739487,0.6829211,0.0044933,0.5444083,0.0239890
17,1.145833,0.0740132,0.6838374,0.0044980,0.5450618,0.0262119
17,1.150000,0.0740777,0.6847565,0.0044967,0.5457172,0.0286029
17,1.154167,0.0741548,0.6856853,0.0045014,0.5463833,0.0311696
17,1.158333,0.0742318,0.6866057,0.0044990,0.5470435,0.0338933
17,1.162500,0.0743228,0.6875269,0.0045031,0.5477086,0.0367821
17,1.166667,0.0744138,0.6884305,0.0044988,0.5483615,0.0398156
17,1.170833,0.0745201,0.6893387,0.0045022,0.5490223,0.0430601
17,1.175000,0.0746263,0.6902421,0.0044984,0.5496796,0.0465384
17,1.179167,0.0747489,0.6911516,0.0045033,0.5503464,0.0502364
17,1.183333,0.0748716,0.6920455,0.0044999,0.5510024,0.0541059
17,1.187500,0.0750119,0.6929375,0.0045053,0.5516624,0.0581304
17,1.191667,0.0751522,0.6938053,0.0045012,0.5523058,0.0622557
17,1.195833,0.0753113,0.6946643,0.0045058,0.5529487,0.0664624
17,1.200000,0.0754703,0.6954926,0.0044997,0.5535703,0.0706909
17,1.204167,0.0756491,0.6963152,0.0045036,0.5541944,0.0750222
17,1.208333,0.0758278,0.6971187,0.0044985,0.5548051,0.0795041
17,1.212500,0.0760272,0.6979207,0.0045046,0.5554211,0.0841213
17,1.216667,0.0762266,0.6986979,0.0045008,0.5560200,0.0888152
17,1.220833,0.0764475,0.6994697,0.0045078,0.5566216,0.0935674
17,1.225000,0.0766682,0.7002127,0.0045039,0.5572032,0.0983141
17,1.229167,0.0769109,0.7009474,0.0045106,0.5577859,0.1030339
17,1.233333,0.0771537,0.7016509,0.0045054,0.5583470,0.1076599
17,1.237500,0.0774188,0.7023495,0.0045107,0.5589116,0.1122579
17,1.241667,0.0776839,0.7030245,0.0045048,0.5594597,0.1168623
17,1.245833,0.0779717,0.7036982,0.0045106,0.5600139,0.1214707
17,1.250000,0.0782595,0.7043480,0.0045053,0.5605516,0.1260340
17,1.254167,0.0785700,0.7049963,0.0045117,0.5610952,0.1305469
17,1.258333,0.0788805,0.7056211,0.0045074,0.5616224,0.1349589
17,1.262500,0.0792136,0.7062446,0.0045147,0.5621557,0.1392636
17,1.266667,0.0795467,0.7068451,0.0045110,0.5626730,0.1434088
17,1.270833,0.0799021,0.7074463,0.0045180,0.5631974,0.1474329
17,1.275000,0.0802574,0.7080278,0.0045129,0.5637083,0.1513442
17,1.279167,0.0806346,0.7086127,0.0045181,0.5642281,0.1551570
17,1.283333,0.0810117,0.7091804,0.0045124,0.5647358,0.1588415
17,1.287500,0.0814098,0.7097527,0.0045177,0.5652530,0.1624105
17,1.291667,0.0818079,0.7103097,0.0045135,0.5657594,0.1658337
17,1.295833,0.0822261,0.7108724,0.0045203,0.5662759,0.1691222
17,1.300000,0.0826443,0.7114215,0.0045189,0.5667829,0.1722466
17,1.304167,0.0830813,0.7119762,0.0045261,0.5672993,0.1752181
17,1.308333,0.0835184,0.7125181,0.0045222,0.5678068,0.1780209
17,1.312500,0.0839731,0.7130665,0.0045255,0.5683238,0.1806801
17,1.316667,0.0844277,0.7136046,0.0045197,0.5688334,0.1831849
17,1.320833,0.0848985,0.7141493,0.0045221,0.5693525,0.1855579
17,1.325000,0.0853693,0.7146859,0.0045180,0.5698656,0.1877897
17,1.329167,0.0858545,0.7152292,0.0045226,0.5703878,0.1899004
17,1.333333,0.0863395,0.7157656,0.0045230,0.5709048,0.1918816
17,1.337500,0.0868372,0.7163075,0.0045081,0.5714293,0.1937232
17,1.341667,0.0873349,0.7168423,0.0044790,0.5719483,0.1953962
17,1.345833,0.0878432,0.7173812,0.0044730,0.5724732,0.1969264
17,1.350000,0.0883514,0.7179140,0.0044753,0.5729937,0.1983182
17,1.354167,0.0888682,0.7184507,0.0044897,0.5735190,0.1995956
17,1.358333,0.0893850,0.7189826,0.0045038,0.5740407,0.2007648
17,1.362500,0.0899082,0.7195169,0.0045193,0.5745656,0.2018469
17,1.366667,0.0904313,0.7200472,0.0045214,0.5750874,0.2028496
17,1.370833,0.0909586,0.7205774,0.0045253,0.5756101,0.2037503
17,1.375000,0.0914860,0.7211031,0.0045242,0.5761293,0.2045185
17,1.379167,0.0920153,0.7216267,0.0045219,0.5766472,0.2051721
17,1.383333,0.0925446,0.7221462,0.0045180,0.5771618,0.2057256
17,1.387500,0.0930737,0.7226620,0.0045136,0.5776733,0.2061945
17,1.391667,0.0936028,0.7231742,0.0045108,0.5781819,0.2065939
17,1.395833,0.0941295,0.7236808,0.0045089,0.5786855,0.2069380
17,1.400000,0.0946562,0.7241837,0.0045119,0.5791862,0.2072439
17,1.404167,0.0951787,0.7246786,0.0045132,0.5796797,0.2074854
17,1.408333,0.0957011,0.7251695,0.0045152,0.5801699,0.2076428
17,1.412500,0.0962172,0.7256506,0.0045121,0.5806508,0.2077203
17,1.416667,0.0967334,0.7261276,0.0045116,0.5811284,0.2077357
17,1.420833,0.0972417,0.7265930,0.0045068,0.5815951,0.2076917
17,1.425000,0.0977500,0.7270545,0.0045065,0.5820586,0.2076073
17,1.429167,0.0982491,0.7275026,0.0045025,0.5825096,0.2074842
17,1.433333,0.0987482,0.7279466,0.0045051,0.5829574,0.2073420
17,1.437500,0.0992369,0.7283759,0.0045038,0.5833913,0.2071584
17,1.441667,0.0997257,0.7288007,0.0045076,0.5838217,0.2069270
17,1.445833,0.1002035,0.7292098,0.0045056,0.5842373,0.2066423
17,1.450000,0.1006812,0.7296141,0.0045085,0.5846491,0.2063206
17,1.454167,0.1011476,0.7300022,0.0045051,0.5850458,0.2059558
17,1.458333,0.1016141,0.7303851,0.0045063,0.5854384,0.2055650
17,1.462500,0.1020695,0.7307516,0.0045011,0.5858157,0.2051417
17,1.466667,0.1025250,0.7311127,0.0045007,0.5861889,0.2047027
17,1.470833,0.1029702,0.7314578,0.0044960,0.5865473,0.2042328
17,1.475000,0.1034154,0.7317975,0.0044987,0.5869015,0.2037342
17,1.479167,0.1038518,0.7321221,0.0044982,0.5872422,0.2031997
17,1.483333,0.1042882,0.7324406,0.0045021,0.5875782,0.2026403
17,1.487500,0.1047181,0.7327459,0.0045022,0.5879022,0.2020511
17,1.491667,0.1051478,0.7330440,0.0045041,0.5882208,0.2014400
17,1.495833,0.1055739,0.7333310,0.0045026,0.5885298,0.2008055
17,1.500000,0.1060000,0.7336097,0.0045000,0.5888325,0.2001530
17,1.504167,0.1064254,0.7338797,0.0044966,0.5891281,0.1994799
17,1.508333,0.1068507,0.7341415,0.0044950,0.5894174,0.1987840
17,1.512500,0.1072758,0.7343946,0.0044944,0.5897000,0.1980661
17,1.516667,0.1077009,0.7346388,0.0044950,0.5899756,0.1973266
17,1.520833,0.1081254,0.7348734,0.0044960,0.5902436,0.1965662
17,1.525000,0.1085499,0.7350984,0.0044977,0.5905043,0.1957855
17,1.529167,0.1089735,0.7353126,0.0044987,0.5907565,0.1949846
17,1.533333,0.1093972,0.7355165,0.0044999,0.5910007,0.1941647
17,1.537500,0.1098196,0.7357085,0.0045001,0.5912355,0.1933230
17,1.541667,0.1102421,0.7358896,0.0045005,0.5914620,0.1924590
17,1.545833,0.1106631,0.7360581,0.0044998,0.5916784,0.1915726
17,1.550000,0.1110841,0.7362151,0.0045000,0.5918860,0.1906656
17,1.554167,0.1115033,0.7363585,0.0044990,0.5920829,0.1897374
17,1.558333,0.1119226,0.7364898,0.0044995,0.5922705,0.1887910
17,1.562500,0.1123399,0.7366071,0.0044990,0.5924466,0.1878249
17,1.566667,0.1127571,0.7367115,0.0045000,0.5926131,0.1868419
17,1.570833,0.1131720,0.7368004,0.0044997,0.5927672,0.1858373
17,1.575000,0.1135869,0.7368759,0.0045004,0.5929111,0.1848109
17,1.579167,0.1139993,0.7369350,0.0044996,0.5930418,0.1837617
17,1.583333,0.1144116,0.7369798,0.0045000,0.5931618,0.1826936
17,1.587500,0.1148211,0.7370075,0.0044992,0.5932680,0.1816052
17,1.591667,0.1152305,0.7370204,0.0044997,0.5933629,0.1805003
17,1.595833,0.1156367,0.7370154,0.0044989,0.5934434,0.1793773
17,1.600000,0.1160430,0.7369949,0.0045001,0.5935124,0.1782402
17,1.604167,0.1164459,0.7369553,0.0044995,0.5935658,0.1770823
17,1.608333,0.1168487,0.7368997,0.0045005,0.5936070,0.1759044
17,1.612500,0.1172478,0.7368236,0.0044993,0.5936320,0.1747042
17,1.616667,0.1176469,0.7367308,0.0045001,0.5936443,0.1734876
17,1.620833,0.1180421,0.7366170,0.0044987,0.5936397,0.1722513
17,1.625000,0.1184372,0.7364858,0.0044996,0.5936220,0.1710015
17,1.629167,0.1188280,0.7363328,0.0044985,0.5935867,0.1697351
17,1.633333,0.1192189,0.7361619,0.0045001,0.5935382,0.1684582
17,1.637500,0.1196052,0.7359684,0.0044993,0.5934711,0.1671621
17,1.641667,0.1199916,0.7357558,0.0045004,0.5933897,0.1658482
17,1.645833,0.1203731,0.7355192,0.0044987,0.5932893,0.1645136
17,1.650000,0.1207547,0.7352632,0.0044994,0.5931740,0.1631649
17,1.654167,0.1211312,0.7349824,0.0044979,0.5930389,0.1617985
17,1.658333,0.1215076,0.7346821,0.0044992,0.5928889,0.1604216
17,1.662500,0.1218788,0.7343562,0.0044978,0.5927185,0.1590303
17,1.666667,0.1222500,0.7340101,0.0044994,0.5925329,0.1576321
17,1.670833,0.1226156,0.7336376,0.0044985,0.5923261,0.1562171
17,1.675000,0.1229812,0.7332436,0.0045003,0.5921031,0.1547877
17,1.679167,0.1233409,0.7328220,0.0044991,0.5918580,0.1533393
17,1.683333,0.1237008,0.7323787,0.0045007,0.5915964,0.1518798
17,1.687500,0.1240545,0.7319071,0.0044992,0.5913122,0.1504053
17,1.691667,0.1244082,0.7314135,0.0045008,0.5910114,0.1489231
17,1.695833,0.1247556,0.7308912,0.0044987,0.5906876,0.1474288
17,1.700000,0.1251030,0.7303467,0.0044996,0.5903471,0.1459303
17,1.704167,0.1254440,0.7297727,0.0044976,0.5899828,0.1444184
17,1.708333,0.1257850,0.7291747,0.0044993,0.5896006,0.1428955
17,1.712500,0.1261202,0.7285470,0.0044983,0.5891947,0.1413578
17,1.716667,0.1264555,0.7278954,0.0045002,0.5887708,0.1398117
17,1.720833,0.1267856,0.7272146,0.0044998,0.5883237,0.1382540
17,1.725000,0.1271157,0.7265094,0.0045012,0.5878586,0.1366909
17,1.729167,0.1274413,0.7257760,0.0044998,0.5873709,0.1351196
17,1.733333,0.1277670,0.7250181,0.0044993,0.5868652,0.1335456
17,1.737500,0.1280888,0.7242317,0.0044974,0.5863370,0.1319625
17,1.741667,0.1284106,0.7234194,0.0044979,0.5857894,0.1303714
17,1.745833,0.1287292,0.7225779,0.0044976,0.5852193,0.1287703
17,1.750000,0.1290478,0.7217108,0.0044990,0.5846300,0.1271634
17,1.754167,0.1293637,0.7208152,0.0044991,0.5840187,0.1255497
17,1.758333,0.1296797,0.7198939,0.0045001,0.5833883,0.1239330
17,1.762500,0.1299935,0.7189450,0.0044998,0.5827366,0.1223122
17,1.766667,0.1303073,0.7179707,0.0044994,0.5820659,0.1206904
17,1.770833,0.1306195,0.7169684,0.0044976,0.5813738,0.1190645
17,1.775000,0.1309317,0.7159389,0.0044965,0.5806614,0.1174332
17,1.779167,0.1312427,0.7148808,0.0044947,0.5799276,0.1157965
17,1.783333,0.1315537,0.7137960,0.0044939,0.5791735,0.1141574
17,1.787500,0.1318640,0.7126832,0.0044935,0.5783988,0.1125154
17,1.791667,0.1321742,0.7115440,0.0044943,0.5775155,0.1108728
17,1.795833,0.1324842,0.7103779,0.0044960,0.5764360,0.1092305
17,1.800000,0.1327942,0.7091860,0.0044995,0.5753360,0.1075902
17,1.804167,0.1331042,0.7079667,0.0044924,0.5742146,0.1059496
17,1.808333,0.1334142,0.7067193,0.0044694,0.5730709,0.1043071
17,1.812500,0.1337246,0.7054442,0.0044410,0.5719056,0.1026642
17,1.816667,0.1340351,0.7041417,0.0044174,0.5707186,0.1010214
17,1.820833,0.1343462,0.7028124,0.0044096,0.5695109,0.0993804
17,1.825000,0.1346574,0.7014562,0.0044271,0.5682822,0.0977418
17,1.829167,0.1349696,0.7000746,0.0044814,0.5670339,0.0961073
17,1.833333,0.1352818,0.6986663,0.0044996,0.5657653,0.0944774
17,1.837500,0.1355953,0.6972322,0.0044104,0.5644767,0.0928514
17,1.841667,0.1359088,0.6957695,0.0043682,0.5631660,0.0912271
17,1.845833,0.1362238,0.6942806,0.0043632,0.5618351,0.0896068
17,1.850000,0.1365389,0.6927640,0.0043830,0.5604828,0.0879894
17,1.854167,0.1368556,0.6912220,0.0044180,0.5591115,0.0863785
17,1.858333,0.1371724,0.6896532,0.0044560,0.5577195,0.0847726
17,1.862500,0.1374912,0.6880602,0.0044875,0.5563097,0.0831750
17,1.866667,0.1378100,0.6864415,0.0044996,0.5548802,0.0815845
17,1.870833,0.1381309,0.6847980,0.0044999,0.5534324,0.0800021
17,1.875000,0.1384518,0.6831267,0.0044991,0.5519631,0.0784246
17,1.879167,0.1387749,0.6814300,0.0044997,0.5504752,0.0768549
17,1.883333,0.1390981,0.6797068,0.0044992,0.5489669,0.0752922
17,1.887500,0.1394237,0.6779594,0.0045000,0.5474409,0.0737391
17,1.891667,0.1397492,0.6761868,0.0044996,0.5458958,0.0721946
17,1.895833,0.1400773,0.6743913,0.0045003,0.5443342,0.0706617
17,1.900000,0.1404055,0.6725717,0.0044997,0.5427545,0.0691390
17,1.904167,0.1407361,0.6707288,0.0045003,0.5411582,0.0676278
17,1.908333,0.1410669,0.6688593,0.0044995,0.5395417,0.0661246
17,1.912500,0.1414002,0.6669665,0.0045001,0.5379082,0.0646332
17,1.916667,0.1417336,0.6650484,0.0044994,0.5362557,0.0631516
17,1.920833,0.1420697,0.6631081,0.0045001,0.5345876,0.0616833
17,1.925000,0.1424058,0.6611442,0.0044994,0.5329016,0.0602267
17,1.929167,0.1427446,0.6591597,0.0045001,0.5312013,0.0587849
17,1.933333,0.1430834,0.6571525,0.0044996,0.5294847,0.0573564
17,1.937500,0.1434250,0.6551247,0.0045003,0.5277534,0.0559421
17,1.941667,0.1437665,0.6530721,0.0044995,0.5260036,0.0545389
17,1.945833,0.1441108,0.6509983,0.0045001,0.5242389,0.0531507
17,1.950000,0.1444551,0.6489010,0.0044994,0.5224569,0.0517750
17,1.954167,0.1448021,0.6467842,0.0044999,0.5206613,0.0504154
17,1.958333,0.1451491,0.6446459,0.0044994,0.5188501,0.0490707
17,1.962500,0.1454988,0.6424897,0.0045000,0.5170268,0.0477439
17,1.966667,0.1458485,0.6403137,0.0044996,0.5151894,0.0464333
17,1.970833,0.1462007,0.6381195,0.0045004,0.5133395,0.0451398
17,1.975000,0.1465530,0.6359029,0.0044999,0.5114733,0.0438593
17,1.979167,0.1469078,0.6336674,0.0045002,0.5095941,0.0425958
17,1.983333,0.1472626,0.6314116,0.0044993,0.5077004,0.0413478
17,1.987500,0.1476199,0.6291390,0.0044995,0.5057952,0.0401187
17,1.991667,0.1479771,0.6268478,0.0044991,0.5038769,0.0389069
17,1.995833,0.1483367,0.6245415,0.0044997,0.5019490,0.0377156
17,2.000000,0.1486962,0.6222185,0.0044997,0.5000094,0.0365426
17,2.004167,0.1490581,0.6198804,0.0045005,0.4980596,0.0353893
17,2.008333,0.1494199,0.6175230,0.0045000,0.4960963,0.0342508
17,2.012500,0.1497838,0.6151495,0.0045003,0.4941224,0.0331311
17,2.016667,0.1501477,0.6127594,0.0044994,0.4921368,0.0320294
17,2.020833,0.1505135,0.6103551,0.0044997,0.4901419,0.0309478
17,2.025000,0.1508794,0.6079360,0.0044989,0.4881369,0.0298856
17,2.029167,0.1512470,0.6055049,0.0044994,0.4861246,0.0288452
17,2.033333,0.1516147,0.6030607,0.0044997,0.4841038,0.0278254
17,2.037500,0.1519839,0.6006046,0.0045006,0.4820755,0.0268267
17,2.041667,0.1523532,0.5981329,0.0045002,0.4800364,0.0258459
17,2.045833,0.1527239,0.5956488,0.0045004,0.4779893,0.0248850
17,2.050000,0.1530946,0.5931513,0.0044996,0.4759334,0.0239434
17,2.054167,0.1534666,0.5906430,0.0044995,0.4738708,0.0230225
17,2.058333,0.1538386,0.5881238,0.0044989,0.4718014,0.0221221
17,2.062500,0.1542117,0.5855958,0.0044993,0.4697270,0.0212433
17,2.066667,0.1545847,0.5830598,0.0044997,0.4676478,0.0203862
17,2.070833,0.1549587,0.5805141,0.0045005,0.4655629,0.0195509
17,2.075000,0.1553326,0.5779579,0.0045005,0.4634713,0.0187364
17,2.079167,0.1557072,0.5753918,0.0045002,0.4613738,0.0179432
17,2.083333,0.1560818,0.5728168,0.0044996,0.4592709,0.0171704
17,2.087500,0.1564567,0.5702347,0.0044992,0.4571639,0.0164182
17,2.091667,0.1568318,0.5676457,0.0044989,0.4550533,0.0156866
17,2.095833,0.1572069,0.5650520,0.0044990,0.4529406,0.0149756
17,2.100000,0.1575821,0.5624539,0.0044997,0.4508262,0.0142849
17,2.104167,0.1579573,0.5598502,0.0045005,0.4487090,0.0136160
17,2.108333,0.1583325,0.5572398,0.0045006,0.4465882,0.0129701
17,2.112500,0.1587074,0.5546234,0.0045001,0.4444641,0.0123462
17,2.116667,0.1590823,0.5520027,0.0044996,0.4423384,0.0117440
17,2.120833,0.1594566,0.5493777,0.0044988,0.4402107,0.0111618
17,2.125000,0.1598310,0.5467513,0.0044987,0.4380834,0.0105997
17,2.129167,0.1602046,0.5441228,0.0044986,0.4359561,0.0100564
17,2.133333,0.1605781,0.5414946,0.0044995,0.4338305,0.0095314
17,2.137500,0.1609506,0.5388643,0.0045001,0.4317048,0.0090264
17,2.141667,0.1613232,0.5362320,0.0045004,0.4295789,0.0085457
17,2.145833,0.1616944,0.5335975,0.0044998,0.4274525,0.0080861
17,2.150000,0.1620657,0.5309626,0.0044995,0.4253273,0.0076482
17,2.154167,0.1624353,0.5283279,0.0044986,0.4232035,0.0072293
17,2.158333,0.1628049,0.5256955,0.0044988,0.4210829,0.0068295
17,2.162500,0.1631728,0.5230644,0.0044983,0.4189648,0.0064460
17,2.166667,0.1635405,0.5204383,0.0044997,0.4168520,0.0060788
17,2.170833,0.1639062,0.5178137,0.0044999,0.4147415,0.0057293
17,2.175000,0.1642719,0.5151917,0.0045005,0.4123917,0.0054029
17,2.179167,0.1646352,0.5125706,0.0044997,0.4099779,0.0050954
17,2.183333,0.1649985,0.5099540,0.0044998,0.4075709,0.0048082
17,2.187500,0.1653591,0.5073405,0.0044984,0.4051692,0.0045375
17,2.191667,0.1657197,0.5047338,0.0044988,0.4027762,0.0042842
17,2.195833,0.1660774,0.5021322,0.0044980,0.4003902,0.0040436
17,2.200000,0.1664351,0.4995395,0.0044997,0.3980151,0.0038177
17,2.204167,0.1667894,0.4969521,0.0044996,0.3940138,0.0036058
17,2.208333,0.1671439,0.4943711,0.0045007,0.3897302,0.0034141
17,2.212500,0.1674948,0.4917946,0.0044995,0.3854603,0.0032382
17,2.216667,0.1678457,0.4892271,0.0044999,0.3812095,0.0030799
17,2.220833,0.1681928,0.4866656,0.0044983,0.3769755,0.0029339
17,2.225000,0.1685399,0.4841155,0.0044989,0.3727643,0.0028024
17,2.229167,0.1688829,0.4815729,0.0044980,0.3685722,0.0026797
17,2.233333,0.1692259,0.4790441,0.0044998,0.3644065,0.0025683
17,2.237500,0.1695645,0.4765228,0.0044995,0.3602597,0.0024661
17,2.241667,0.1699032,0.4740125,0.0045008,0.3561344,0.0023810
17,2.245833,0.1702372,0.4715098,0.0044992,0.3520279,0.0023067
17,2.250000,0.1705712,0.4690200,0.0045000,0.3479459,0.0022459
17,2.254167,0.1709003,0.4665394,0.0044981,0.3438854,0.0021922
17,2.258333,0.1712293,0.4640735,0.0044991,0.3398526,0.0021486
17,2.262500,0.1715532,0.4616185,0.0044979,0.3358435,0.0021085
17,2.266667,0.1718771,0.4591805,0.0044997,0.3318654,0.0020748
17,2.270833,0.1721954,0.4567530,0.0044993,0.3279104,0.0020444
17,2.275000,0.1725138,0.4543405,0.0045008,0.3239824,0.0020255
17,2.279167,0.1728265,0.4519382,0.0044989,0.3200772,0.0020111
17,2.283333,0.1731392,0.4495525,0.0045000,0.3162016,0.0020053
17,2.287500,0.1734457,0.4471786,0.0044979,0.3122761,0.0020005
17,2.291667,0.1737524,0.4448228,0.0044990,0.3077379,0.0020013
17,2.295833,0.1740527,0.4424805,0.0044975,0.3032318,0.0019994
17,2.300000,0.1743530,0.4401583,0.0044996,0.2987643,0.0019998
17,2.304167,0.1746468,0.4378489,0.0044987,0.2943272,0.0019960
17,2.308333,0.1749406,0.4355581,0.0045005,0.2899256,0.0019962
17,2.312500,0.1752276,0.4332798,0.0044985,0.2855534,0.0019937
17,2.316667,0.1755145,0.4310217,0.0044999,0.2812195,0.0019955
17,2.320833,0.1757945,0.4287769,0.0044976,0.2769170,0.0019941
17,2.325000,0.1760744,0.4265541,0.0044991,0.2726558,0.0019966
17,2.329167,0.1763470,0.4243459,0.0044973,0.2684284,0.0019962
17,2.333333,0.1766196,0.4221605,0.0044997,0.2642441,0.0020000
17,2.337500,0.1768847,0.4199901,0.0044984,0.2600938,0.0019994
17,2.341667,0.1771498,0.4178415,0.0045003,0.2559833,0.0020016
17,2.345833,0.1774071,0.4157073,0.0044983,0.2519059,0.0019993
17,2.350000,0.1776644,0.4135960,0.0044998,0.2478705,0.0020005
17,2.354167,0.1779138,0.4115001,0.0044972,0.2438698,0.0019976
17,2.358333,0.1781630,0.4094279,0.0044990,0.2399129,0.0019990
17,2.362500,0.1784041,0.4073721,0.0044971,0.2359929,0.0019970
17,2.366667,0.1786452,0.4053418,0.0044997,0.2321193,0.0019999
17,2.370833,0.1788779,0.4033272,0.0044981,0.2282813,0.0019987
17,2.375000,0.1791105,0.4013374,0.0045003,0.2244876,0.0020011
17,2.379167,0.1793345,0.3993634,0.0044980,0.2207288,0.0019986
17,2.383333,0.1795585,0.3974145,0.0044999,0.2170149,0.0020004
17,2.387500,0.1797736,0.3954823,0.0044973,0.2133381,0.0019974
17,2.391667,0.1799888,0.3935758,0.0044994,0.2097075,0.0019991
17,2.395833,0.1801949,0.3916869,0.0044971,0.2061157,0.0019969
17,2.400000,0.1804010,0.3898244,0.0044998,0.2025710,0.0019998
17,2.404167,0.1805979,0.3879794,0.0044979,0.1990650,0.0019968
17,2.408333,0.1807948,0.3861606,0.0045005,0.1956046,0.0019956
17,2.412500,0.1809823,0.3843588,0.0044979,0.1921811,0.0019885
17,2.416667,0.1811699,0.3825841,0.0045001,0.1888049,0.0019864
17,2.420833,0.1813478,0.3808266,0.0044973,0.1852389,0.0019811
17,2.425000,0.1815258,0.3790964,0.0044995,0.1813877,0.0019838
17,2.429167,0.1816941,0.3773839,0.0044972,0.1775805,0.0019862
17,2.433333,0.1818624,0.3756990,0.0044997,0.1738280,0.0019998
17,2.437500,0.1820208,0.3740322,0.0044976,0.1701198,0.0020027
17,2.441667,0.1821792,0.3723929,0.0045002,0.1664639,0.0019984
17,2.445833,0.1823277,0.3707717,0.0044977,0.1628520,0.0019860
17,2.450000,0.1824762,0.3691779,0.0044999,0.1592930,0.0019850
17,2.454167,0.1826145,0.3676023,0.0044971,0.1557786,0.0019947
17,2.458333,0.1827529,0.3660543,0.0044996,0.1523179,0.0020331
17,2.462500,0.1828811,0.3645240,0.0044969,0.1489015,0.0020996
17,2.466667,0.1830092,0.3630218,0.0044997,0.1455403,0.0022138
17,2.470833,0.1831271,0.3615377,0.0044972,0.1422234,0.0023528
17,2.475000,0.1832450,0.3600822,0.0045000,0.1389605,0.0025130
17,2.479167,0.1833525,0.3586444,0.0044973,0.1357407,0.0026914
17,2.483333,0.1834600,0.3572352,0.0044999,0.1325757,0.0029057
17,2.487500,0.1835570,0.3558437,0.0044971,0.1294543,0.0031531
17,2.491667,0.1836541,0.3544799,0.0044997,0.1263865,0.0034522
17,2.495833,0.1837406,0.3531334,0.0044971,0.1233627,0.0038002
17,2.500000,0.1838271,0.3518146,0.0044998,0.1203926,0.0042165
17,2.504167,0.1839031,0.3505137,0.0044971,0.1174668,0.0046882
17,2.508333,0.1839791,0.3492413,0.0044998,0.1145943,0.0052185
17,2.512500,0.1840445,0.3479871,0.0044973,0.1117658,0.0057977
17,2.516667,0.1841099,0.3467609,0.0044999,0.1089907,0.0064381
17,2.520833,0.1841647,0.3455515,0.0044972,0.1062577,0.0071305
17,2.525000,0.1842194,0.3443696,0.0044998,0.1035779,0.0078876
17,2.529167,0.1842636,0.3432041,0.0044970,0.1009399,0.0087007
17,2.533333,0.1843078,0.3420653,0.0044997,0.0983545,0.0095829
17,2.537500,0.1843415,0.3409434,0.0044971,0.0958111,0.0105328
17,2.541667,0.1843750,0.3398498,0.0044998,0.0933209,0.0115660
17,2.545833,0.1843980,0.3387736,0.0044971,0.0908729,0.0126689
17,2.550000,0.1844211,0.3377244,0.0044999,0.0884765,0.0138492
17,2.554167,0.1844335,0.3366919,0.0044973,0.0861217,0.0150939
17,2.558333,0.1844461,0.3356850,0.0045000,0.0838168,0.0164107
17,2.562500,0.1844481,0.3346933,0.0044973,0.0815522,0.0177870
17,2.566667,0.1844501,0.3337266,0.0044997,0.0793366,0.0192306
17,2.570833,0.1844418,0.3327754,0.0044970,0.0771610,0.0207357
17,2.575000,0.1844334,0.3318518,0.0044996,0.0750372,0.0223215
17,2.579167,0.1844148,0.3309447,0.0044972,0.0729536,0.0239831
17,2.583333,0.1843961,0.3300633,0.0045000,0.0709197,0.0257353
17,2.587500,0.1843673,0.3291965,0.0044975,0.0689239,0.0275735
17,2.591667,0.1843385,0.3283541,0.0045003,0.0669759,0.0295122
17,2.595833,0.1842996,0.3275248,0.0044977,0.0650644,0.0315466
17,2.600000,0.1842606,0.3267179,0.0044999,0.0631982,0.0336918
17,2.604167,0.1842118,0.3259256,0.0044971,0.0613699,0.0359490
17,2.608333,0.1841630,0.3251589,0.0044996,0.0595903,0.0383340
17,2.612500,0.1841044,0.3244072,0.0044973,0.0578485,0.0408333
17,2.616667,0.1840459,0.3236791,0.0045000,0.0561530,0.0434530
17,2.620833,0.1839777,0.3229639,0.0044978,0.0544925,0.0457331
17,2.625000,0.1839096,0.3222704,0.0045003,0.0528758,0.0480558
17,2.629167,0.1838320,0.3215880,0.0044978,0.0512920,0.0504662
17,2.633333,0.1837545,0.3209251,0.0044997,0.0497490,0.0529694
17,2.637500,0.1836679,0.3202743,0.0044971,0.0482400,0.0555800
17,2.641667,0.1835812,0.3196472,0.0044993,0.0467769,0.0583258
17,2.645833,0.1834856,0.3190331,0.0044974,0.0453479,0.0611866
17,2.650000,0.1833901,0.3184399,0.0045000,0.0439611,0.0641588
17,2.654167,0.1832858,0.3178577,0.0044982,0.0426064,0.0672208
17,2.658333,0.1831816,0.3172937,0.0045005,0.0412900,0.0703680
17,2.662500,0.1830690,0.3167382,0.0044982,0.0400024,0.0735778
17,2.666667,0.1829564,0.3161983,0.0044998,0.0387497,0.0768453
17,2.670833,0.1828357,0.3156684,0.0044972,0.0375276,0.0801694
17,2.675000,0.1827150,0.3151592,0.0044992,0.0363467,0.0835795
17,2.679167,0.1825866,0.3146610,0.0044977,0.0351968,0.0870719
17,2.683333,0.1824582,0.3141801,0.0045001,0.0340838,0.0906566
17,2.687500,0.1823224,0.3137077,0.0044986,0.0329985,0.0943286
17,2.691667,0.1821865,0.3132494,0.0045007,0.0319459,0.0980958
17,2.695833,0.1820436,0.3127967,0.0044987,0.0309170,0.1019521
17,2.700000,0.1819008,0.3123553,0.0044998,0.0299173,0.1059030
17,2.704167,0.1817513,0.3119210,0.0044973,0.0289430,0.1099427
17,2.708333,0.1816018,0.3115036,0.0044989,0.0280046,0.1140806
17,2.712500,0.1814461,0.3110949,0.0044978,0.0270935,0.1183095
17,2.716667,0.1812903,0.3106992,0.0044998,0.0262133,0.1226354
17,2.720833,0.1811288,0.3103091,0.0044990,0.0253559,0.1270493
17,2.725000,0.1809672,0.3099286,0.0045008,0.0245247,0.1314416
17,2.729167,0.1808003,0.3095502,0.0044993,0.0237120,0.1352904
17,2.733333,0.1806335,0.3091779,0.0044997,0.0229205,0.1392272
17,2.737500,0.1804617,0.3088092,0.0044977,0.0221493,0.1432681
17,2.741667,0.1802900,0.3084518,0.0044989,0.0214069,0.1474263
17,2.745833,0.1801139,0.3081000,0.0044984,0.0206867,0.1516786
17,2.750000,0.1799379,0.3077566,0.0045002,0.0199908,0.1560065
17,2.754167,0.1797580,0.3074164,0.0045001,0.0193136,0.1603853
17,2.758333,0.1795781,0.3070816,0.0045013,0.0186560,0.1647965
17,2.762500,0.1793949,0.3067474,0.0045003,0.0180129,0.1692131
17,2.766667,0.1792118,0.3064158,0.0044999,0.0173854,0.1736154
17,2.770833,0.1790260,0.3060849,0.0044984,0.0167731,0.1780164
17,2.775000,0.1788402,0.3057597,0.0044989,0.0161818,0.1824471
17,2.779167,0.1786523,0.3054375,0.0044991,0.0156084,0.1868961
17,2.783333,0.1784644,0.3051202,0.0045003,0.0150538,0.1913577
17,2.787500,0.1782751,0.3048059,0.0045007,0.0145148,0.1958205
17,2.791667,0.1780859,0.3044957,0.0045013,0.0139922,0.2002757
17,2.795833,0.1778958,0.3041888,0.0045009,0.0134841,0.2047123
17,2.800000,0.1777058,0.3038854,0.0044998,0.0129897,0.2091190
17,2.804167,0.1775157,0.3035858,0.0044986,0.0125113,0.2135239
17,2.808333,0.1773256,0.3032906,0.0044985,0.0120504,0.2179293
17,2.812500,0.1771362,0.3030003,0.0044994,0.0116070,0.2216868
17,2.816667,0.1769467,0.3027141,0.0045002,0.0111789,0.2254298
17,2.820833,0.1767587,0.3024331,0.0045015,0.0107664,0.2291378
17,2.825000,0.1765707,0.3021559,0.0045014,0.0103671,0.2327887
17,2.829167,0.1763848,0.3018842,0.0045018,0.0099817,0.2363630
17,2.833333,0.1761990,0.3016160,0.0044997,0.0096070,0.2398373
17,2.837500,0.1760162,0.3013543,0.0044991,0.0092480,0.2432398
17,2.841667,0.1758334,0.3010967,0.0044983,0.0089042,0.2465970
17,2.845833,0.1756544,0.3008467,0.0045001,0.0085777,0.2499007
17,2.850000,0.1754754,0.3006001,0.0045002,0.0082631,0.2531330
17,2.854167,0.1753011,0.3003618,0.0045025,0.0079644,0.2562862
17,2.858333,0.1751268,0.3001266,0.0045018,0.0076751,0.2593408
17,2.862500,0.1749582,0.2999000,0.0045029,0.0073993,0.2622891
17,2.866667,0.1747895,0.2996759,0.0044997,0.0071301,0.2651111
17,2.870833,0.1746274,0.2994616,0.0044997,0.0068766,0.2678259
17,2.875000,0.1744653,0.2992507,0.0044974,0.0066347,0.2704460
17,2.879167,0.1743107,0.2990508,0.0044998,0.0064105,0.2729738
17,2.883333,0.1741560,0.2988537,0.0044987,0.0061947,0.2753973
17,2.887500,0.1740099,0.2986679,0.0045020,0.0059941,0.2777184
17,2.891667,0.1738638,0.2984846,0.0045005,0.0057989,0.2799234
17,2.895833,0.1737272,0.2983132,0.0045032,0.0056171,0.2820157
17,2.900000,0.1735906,0.2981437,0.0044998,0.0054373,0.2839791
17,2.904167,0.1734645,0.2979871,0.0045013,0.0052724,0.2858217
17,2.908333,0.1733384,0.2978336,0.0044981,0.0051141,0.2875378
17,2.912500,0.1732229,0.2976932,0.0045008,0.0049719,0.2891428
17,2.916667,0.1731074,0.2975551,0.0044985,0.0048341,0.2906298
17,2.920833,0.1730027,0.2974301,0.0045016,0.0047105,0.2920140
17,2.925000,0.1728980,0.2973068,0.0044994,0.0045893,0.2932886
17,2.929167,0.1728041,0.2971958,0.0045024,0.0044798,0.2944679
17,2.933333,0.1727102,0.2970860,0.0044997,0.0043704,0.2955453
17,2.937500,0.1726272,0.2969888,0.0045023,0.0042727,0.2965120
17,2.941667,0.1725442,0.2968940,0.0044995,0.0041776,0.2973453
17,2.945833,0.1724721,0.2968120,0.0045023,0.0040956,0.2980702
17,2.950000,0.1724001,0.2967316,0.0044996,0.0040153,0.2986907
17,2.954167,0.1723391,0.2966635,0.0045024,0.0039473,0.2992324
17,2.958333,0.1722780,0.2965963,0.0044997,0.0038803,0.2996988
17,2.962500,0.1722280,0.2965410,0.0045026,0.0038251,0.3001159
17,2.966667,0.1721780,0.2964861,0.0044998,0.0037702,0.3004871
17,2.970833,0.1721391,0.2964431,0.0045000,0.0037273,0.3007854
17,2.975000,0.1721002,0.2964017,0.0044912,0.0036859,0.3009691
17,2.979167,0.1720723,0.2963724,0.0044867,0.0036566,0.3010758
17,2.983333,0.1720445,0.2963440,0.0044774,0.0036283,0.3011209
17,2.987500,0.1720278,0.2963271,0.0044764,0.0036114,0.3011418
17,2.991667,0.1720111,0.2963104,0.0044746,0.0035947,0.3011540
17,2.995833,0.1720055,0.2963046,0.0044854,0.0035888,0.3011948
17,3.000000,0.1720000,0.2962981,0.0044997,0.0035824,0.3012798
18,0.000000,0.1720000,0.2962981,0.0044997,0.0035824,0.3012798
18,0.004167,0.1720077,0.2963072,0.0044800,0.0035914,0.3011252
18,0.008333,0.1720154,0.2963155,0.0044650,0.0035998,0.3010488
18,0.012500,0.1720385,0.2963387,0.0044674,0.0036230,0.3010192
18,0.016667,0.1720616,0.2963621,0.0044687,0.0036464,0.3009734
18,0.020833,0.1721001,0.2964015,0.0044817,0.0036858,0.3008810
18,0.025000,0.1721386,0.2964424,0.0044880,0.0037268,0.3006792
18,0.029167,0.1721925,0.2965003,0.0045001,0.0037846,0.3003367
18,0.033333,0.1722463,0.2965607,0.0044997,0.0038450,0.2997912
18,0.037500,0.1723155,0.2966377,0.0045036,0.0039214,0.2991057
18,0.041667,0.1723846,0.2967156,0.0044997,0.0039978,0.2983305
18,0.045833,0.1724690,0.2968096,0.0045033,0.0040901,0.2974600
18,0.050000,0.1725533,0.2969054,0.0044992,0.0041842,0.2964581
18,0.054167,0.1726529,0.2970184,0.0045030,0.0042961,0.2953191
18,0.058333,0.1727524,0.2971339,0.0044992,0.0044119,0.2940072
18,0.062500,0.1728670,0.2972676,0.0045030,0.0045476,0.2925161
18,0.066667,0.1729816,0.2974049,0.0044997,0.0046892,0.2908092
18,0.070833,0.1731111,0.2975596,0.0045033,0.0048470,0.2889071
18,0.075000,0.1732406,0.2977166,0.0044984,0.0050040,0.2868180
18,0.079167,0.1733850,0.2978908,0.0045002,0.0051779,0.2845615
18,0.083333,0.1735294,0.2980678,0.0044951,0.0053568,0.2821268
18,0.087500,0.1736883,0.2982629,0.0044979,0.0055586,0.2795321
18,0.091667,0.1738472,0.2984616,0.0044948,0.0057720,0.2767660
18,0.095833,0.1740194,0.2986780,0.0044995,0.0060133,0.2738439
18,0.100000,0.1741916,0.2988988,0.0044996,0.0062721,0.2707543
18,0.104167,0.1743754,0.2991343,0.0045051,0.0065541,0.2674792
18,0.108333,0.1745592,0.2993714,0.0045029,0.0068414,0.2639924
18,0.112500,0.1747530,0.2996216,0.0045042,0.0071485,0.2603270
18,0.116667,0.1749468,0.2998761,0.0045001,0.0074695,0.2564959
18,0.120833,0.1751490,0.3001448,0.0045002,0.0078172,0.2525297
18,0.125000,0.1753512,0.3004206,0.0044970,0.0081872,0.2484411
18,0.129167,0.1755604,0.3007119,0.0044988,0.0085907,0.2442578
18,0.133333,0.1757696,0.3010130,0.0044998,0.0090251,0.2399932
18,0.137500,0.1759843,0.3013261,0.0045035,0.0094882,0.2355970
18,0.141667,0.1761990,0.3016428,0.0045028,0.0099675,0.2310200
18,0.145833,0.1764179,0.3019698,0.0045029,0.0104718,0.2263057
18,0.150000,0.1766368,0.3023050,0.0045005,0.0110012,0.2214886
18,0.154167,0.1768585,0.3026537,0.0044994,0.0115635,0.2166105
18,0.158333,0.1770802,0.3030154,0.0044977,0.0121608,0.2117081
18,0.162500,0.1773035,0.3033938,0.0044981,0.0127989,0.2068217
18,0.166667,0.1775268,0.3037898,0.0044998,0.0134810,0.2013007
18,0.170833,0.1777505,0.3042001,0.0045018,0.0142008,0.1956881
18,0.175000,0.1779742,0.3046206,0.0045024,0.0149505,0.1900264
18,0.179167,0.1781971,0.3050527,0.0045013,0.0157333,0.1843369
18,0.183333,0.1784201,0.3054990,0.0045003,0.0165538,0.1786421
18,0.187500,0.1786411,0.3059600,0.0044983,0.0174145,0.1729610
18,0.191667,0.1788622,0.3064393,0.0044979,0.0183205,0.1673140
18,0.195833,0.1790803,0.3069361,0.0044971,0.0192734,0.1617155
18,0.200000,0.1792985,0.3074552,0.0044996,0.0202798,0.1561841
18,0.204167,0.1795128,0.3079898,0.0045003,0.0213303,0.1506651
18,0.208333,0.1797271,0.3085409,0.0045018,0.0224234,0.1451315
18,0.212500,0.1799366,0.3091049,0.0044999,0.0235568,0.1396206
18,0.216667,0.1801460,0.3096884,0.0045002,0.0247387,0.1341795
18,0.220833,0.1803498,0.3102875,0.0044975,0.0259667,0.1288440
18,0.225000,0.1805535,0.3109096,0.0044984,0.0272497,0.1236592
18,0.229167,0.1807507,0.3115498,0.0044967,0.0285842,0.1186572
18,0.233333,0.1809479,0.3122162,0.0044997,0.0299800,0.1138805
18,0.237500,0.1811377,0.3128991,0.0044992,0.0314256,0.1086482
18,0.241667,0.1813276,0.3136034,0.0045015,0.0329243,0.1034044
18,0.245833,0.1815093,0.3143220,0.0044989,0.0344699,0.0983299
18,0.250000,0.1816911,0.3150645,0.0045002,0.0360733,0.0934281
18,0.254167,0.1818641,0.3158236,0.0044969,0.0377282,0.0886832
18,0.258333,0.1820370,0.3166091,0.0044986,0.0394454,0.0840944
18,0.262500,0.1822005,0.3174134,0.0044962,0.0412186,0.0796410
18,0.266667,0.1823640,0.3182469,0.0044997,0.0430595,0.0753183
18,0.270833,0.1825174,0.3190979,0.0044982,0.0449552,0.0711000
18,0.275000,0.1826708,0.3199740,0.0045010,0.0469128,0.0670000
18,0.279167,0.1828136,0.3208659,0.0044980,0.0489233,0.0630208
18,0.283333,0.1829564,0.3217850,0.0045002,0.0509988,0.0591854
18,0.287500,0.1830880,0.3227212,0.0044968,0.0531304,0.0554943
18,0.291667,0.1832196,0.3236872,0.0044993,0.0553311,0.0519684
18,0.295833,0.1833396,0.3246720,0.0044962,0.0575912,0.0486050
18,0.300000,0.1834595,0.3256885,0.0044998,0.0599239,0.0454227
18,0.304167,0.1835674,0.3267227,0.0044976,0.0623155,0.0423674
18,0.308333,0.1836752,0.3277854,0.0045009,0.0647765,0.0394194
18,0.312500,0.1837706,0.3288649,0.0044975,0.0672953,0.0365868
18,0.316667,0.1838659,0.3299741,0.0045002,0.0698855,0.0339019
18,0.320833,0.1839483,0.3311012,0.0044963,0.0725357,0.0313713
18,0.325000,0.1840308,0.3322598,0.0044992,0.0752598,0.0290260
18,0.329167,0.1841001,0.3334373,0.0044959,0.0780457,0.0263453
18,0.333333,0.1841693,0.3346479,0.0044996,0.0809080,0.0238497
18,0.337500,0.1842250,0.3358768,0.0044968,0.0838325,0.0215696
18,0.341667,0.1842807,0.3371364,0.0045003,0.0868323,0.0194853
18,0.345833,0.1843227,0.3384133,0.0044968,0.0898937,0.0175689
18,0.350000,0.1843646,0.3397219,0.0045001,0.0930312,0.0158197
18,0.354167,0.1843926,0.3410485,0.0044963,0.0962315,0.0142093
18,0.358333,0.1844206,0.3424079,0.0044996,0.0995091,0.0127380
18,0.362500,0.1844343,0.3437860,0.0044959,0.1028503,0.0113773
18,0.366667,0.1844481,0.3451976,0.0044997,0.1062699,0.0101277
18,0.370833,0.1844475,0.3466279,0.0044963,0.1097542,0.0089727
18,0.375000,0.1844469,0.3480900,0.0045002,0.1133173,0.0079295
18,0.379167,0.1844318,0.3495701,0.0044966,0.1169452,0.0069784
18,0.383333,0.1844167,0.3510826,0.0045001,0.1206522,0.0061287
18,0.387500,0.1843871,0.3526132,0.0044964,0.1244234,0.0053617
18,0.391667,0.1843574,0.3541768,0.0044998,0.1282738,0.0046884
18,0.395833,0.1843131,0.3557588,0.0044961,0.1321880,0.0040907
18,0.400000,0.1842689,0.3573742,0.0044997,0.1361811,0.0035808
18,0.404167,0.1842099,0.3590078,0.0044961,0.1402395,0.0031583
18,0.408333,0.1841510,0.3606741,0.0044998,0.1443793,0.0028411
18,0.412500,0.1840774,0.3623582,0.0044964,0.1485850,0.0025965
18,0.416667,0.1840037,0.3640749,0.0045002,0.1528708,0.0024220
18,0.420833,0.1839154,0.3658093,0.0044966,0.1572209,0.0022864
18,0.425000,0.1838271,0.3675761,0.0045003,0.1616496,0.0021886
18,0.429167,0.1837242,0.3693607,0.0044964,0.1661414,0.0020985
18,0.433333,0.1836213,0.3711776,0.0044998,0.1707102,0.0020157
18,0.437500,0.1835039,0.3730124,0.0044960,0.1753437,0.0019387
18,0.441667,0.1833865,0.3748794,0.0044997,0.1800584,0.0019072
18,0.445833,0.1832546,0.3767638,0.0044965,0.1841009,0.0018976
18,0.450000,0.1831228,0.3786800,0.0045002,0.1881874,0.0019157
18,0.454167,0.1829766,0.3806131,0.0044969,0.1923278,0.0019375
18,0.458333,0.1828304,0.3825776,0.0045004,0.1965355,0.0019695
18,0.462500,0.1826701,0.3845587,0.0044966,0.2007948,0.0019882
18,0.466667,0.1825098,0.3865703,0.0044998,0.2051194,0.0019999
18,0.470833,0.1823355,0.3885987,0.0044959,0.2094973,0.0019951
18,0.475000,0.1821612,0.3906583,0.0044995,0.2139450,0.0019983
18,0.479167,0.1819730,0.3927347,0.0044963,0.2184472,0.0019954
18,0.483333,0.1817849,0.3948413,0.0045002,0.2230161,0.0019996
18,0.487500,0.1815833,0.3969637,0.0044971,0.2276366,0.0019972
18,0.491667,0.1813816,0.3991151,0.0045005,0.2323206,0.0020010
18,0.495833,0.1811666,0.4012816,0.0044971,0.2370532,0.0019977
18,0.500000,0.1809515,0.4034763,0.0044998,0.2418465,0.0019999
18,0.504167,0.1807235,0.4056867,0.0044959,0.2466901,0.0019956
18,0.508333,0.1804954,0.4079260,0.0044991,0.2515998,0.0019989
18,0.512500,0.1802544,0.4101808,0.0044964,0.2565608,0.0019965
18,0.516667,0.1800135,0.4124635,0.0045001,0.2615842,0.0020006
18,0.520833,0.1797601,0.4147605,0.0044976,0.2666550,0.0019985
18,0.525000,0.1795067,0.4170837,0.0045008,0.2717837,0.0020019
18,0.529167,0.1792410,0.4194202,0.0044976,0.2769561,0.0019985
18,0.533333,0.1789754,0.4217815,0.0044998,0.2821824,0.0019999
18,0.537500,0.1786979,0.4241567,0.0044961,0.2874538,0.0019941
18,0.541667,0.1784204,0.4265581,0.0044991,0.2924891,0.0019940
18,0.545833,0.1781313,0.4289735,0.0044967,0.2968953,0.0019882
18,0.550000,0.1778423,0.4314135,0.0045002,0.3013509,0.0019890
18,0.554167,0.1775420,0.4338660,0.0044980,0.3058421,0.0019858
18,0.558333,0.1772418,0.4363412,0.0045011,0.3103786,0.0019897
18,0.562500,0.1769307,0.4388271,0.0044981,0.3149471,0.0019909
18,0.566667,0.1766196,0.4413342,0.0044998,0.3195569,0.0020003
18,0.570833,0.1762981,0.4438528,0.0044962,0.3242004,0.0020042
18,0.575000,0.1759766,0.4463941,0.0044988,0.3288906,0.0020120
18,0.579167,0.1756451,0.4489473,0.0044968,0.3336154,0.0020160
18,0.583333,0.1753135,0.4515214,0.0044999,0.3383827,0.0020293
18,0.587500,0.1749724,0.4541054,0.0044982,0.3431801,0.0020452
18,0.591667,0.1746311,0.4567080,0.0045010,0.3480152,0.0020753
18,0.595833,0.1742807,0.4593189,0.0044985,0.3528765,0.0021133
18,0.600000,0.1739303,0.4619462,0.0044996,0.3577702,0.0021706
18,0.604167,0.1735711,0.4645824,0.0044964,0.3626914,0.0022337
18,0.608333,0.1732119,0.4672375,0.0044984,0.3676517,0.0023075
18,0.612500,0.1728443,0.4699017,0.0044969,0.3707598,0.0023863
18,0.616667,0.1724767,0.4725822,0.0044997,0.3731983,0.0024813
18,0.620833,0.1721011,0.4752700,0.0044986,0.3756449,0.0025869
18,0.625000,0.1717256,0.4779716,0.0045008,0.3781065,0.0027139
18,0.629167,0.1713426,0.4806785,0.0044989,0.3805746,0.0028570
18,0.633333,0.1709596,0.4833969,0.0044996,0.3830556,0.0030258
18,0.637500,0.1705695,0.4861210,0.0044967,0.3855437,0.0032086
18,0.641667,0.1701794,0.4888594,0.0044982,0.3880475,0.0034082
18,0.645833,0.1697827,0.4916040,0.0044972,0.3905589,0.0036204
18,0.650000,0.1693861,0.4943600,0.0044996,0.3930834,0.0038540
18,0.654167,0.1689833,0.4971199,0.0044990,0.3956137,0.0041049
18,0.658333,0.1685804,0.4998888,0.0045010,0.3981548,0.0043815
18,0.662500,0.1681720,0.5026594,0.0044994,0.4006999,0.0046799
18,0.666667,0.1677635,0.5054361,0.0044996,0.4032534,0.0050080
18,0.670833,0.1673498,0.5082153,0.0044971,0.4058116,0.0053563
18,0.675000,0.1669361,0.5110036,0.0044981,0.4083812,0.0057261
18,0.679167,0.1665176,0.5137948,0.0044977,0.4109560,0.0061140
18,0.683333,0.1660992,0.5165923,0.0044998,0.4133987,0.0065266
18,0.687500,0.1656764,0.5193902,0.0044998,0.4156585,0.0069611
18,0.691667,0.1652537,0.5221915,0.0045012,0.4179228,0.0074232
18,0.695833,0.1648271,0.5249911,0.0045000,0.4201865,0.0079109
18,0.700000,0.1644005,0.5277912,0.0044997,0.4224523,0.0084290
18,0.704167,0.1639705,0.5305901,0.0044977,0.4247182,0.0089721
18,0.708333,0.1635405,0.5333928,0.0044982,0.4269890,0.0095403
18,0.712500,0.1631076,0.5361949,0.0044981,0.4292604,0.0101316
18,0.716667,0.1626748,0.5389977,0.0044996,0.4315342,0.0107493
18,0.720833,0.1622393,0.5417974,0.0045000,0.4338067,0.0113916
18,0.725000,0.1618039,0.5445949,0.0045010,0.4360793,0.0120613
18,0.729167,0.1613665,0.5473866,0.0045003,0.4383487,0.0127575
18,0.733333,0.1609290,0.5501736,0.0044995,0.4406158,0.0134825
18,0.737500,0.1604899,0.5529555,0.0044980,0.4428806,0.0142350
18,0.741667,0.1600509,0.5557359,0.0044982,0.4451458,0.0150154
18,0.745833,0.1596107,0.5585116,0.0044985,0.4474091,0.0158223
18,0.750000,0.1591704,0.5612828,0.0044997,0.4496704,0.0166566
18,0.754167,0.1587294,0.5640467,0.0045003,0.4519279,0.0175171
18,0.758333,0.1582884,0.5668032,0.0045010,0.4541811,0.0184040
18,0.762500,0.1578470,0.5695503,0.0045008,0.4564285,0.0193171
18,0.766667,0.1574056,0.5722869,0.0044998,0.4586693,0.0202558
18,0.770833,0.1569642,0.5750148,0.0044987,0.4609049,0.0212220
18,0.775000,0.1565228,0.5777355,0.0044983,0.4631368,0.0222163
18,0.779167,0.1560819,0.5804480,0.0044990,0.4653640,0.0232388
18,0.783333,0.1556409,0.5831503,0.0044994,0.4675851,0.0242883
18,0.787500,0.1552007,0.5858421,0.0045005,0.4697995,0.0253645
18,0.791667,0.1547605,0.5885206,0.0045007,0.4720055,0.0264656
18,0.795833,0.1543215,0.5911862,0.0045010,0.4742028,0.0275921
18,0.800000,0.1538825,0.5938362,0.0044997,0.4763895,0.0287410
18,0.804167,0.1534449,0.5964736,0.0044989,0.4785683,0.0299159
18,0.808333,0.1530073,0.5990987,0.0044984,0.4807391,0.0311170
18,0.812500,0.1525715,0.6017119,0.0044991,0.4829025,0.0323454
18,0.816667,0.1521356,0.6043098,0.0044993,0.4850557,0.0335985
18,0.820833,0.1517019,0.6068934,0.0045004,0.4871996,0.0348774
18,0.825000,0.1512682,0.6094592,0.0045004,0.4893310,0.0361785
18,0.829167,0.1508369,0.6120081,0.0045010,0.4914512,0.0375036
18,0.833333,0.1504055,0.6145368,0.0044996,0.4935568,0.0388484
18,0.837500,0.1499768,0.6170494,0.0044995,0.4956518,0.0402171
18,0.841667,0.1495480,0.6195447,0.0044985,0.4977348,0.0416080
18,0.845833,0.1491221,0.6220247,0.0044995,0.4998078,0.0430238
18,0.850000,0.1486962,0.6244849,0.0044993,0.5018668,0.0444606
18,0.854167,0.1482734,0.6269272,0.0045006,0.5039138,0.0459209
18,0.858333,0.1478507,0.6293474,0.0045000,0.5059447,0.0473999
18,0.862500,0.1474311,0.6317475,0.0045010,0.5079618,0.0489002
18,0.866667,0.1470116,0.6341231,0.0044997,0.5099608,0.0504172
18,0.870833,0.1465954,0.6364794,0.0044999,0.5119467,0.0519548
18,0.875000,0.1461793,0.6388143,0.0044987,0.5139171,0.0535108
18,0.879167,0.1457668,0.6411303,0.0044997,0.5158747,0.0550881
18,0.883333,0.1453542,0.6434230,0.0044989,0.5178152,0.0566821
18,0.887500,0.1449454,0.6456943,0.0045001,0.5197410,0.0582955
18,0.891667,0.1445365,0.6479399,0.0044997,0.5216476,0.0599236
18,0.895833,0.1441313,0.6501625,0.0045007,0.5235378,0.0615697
18,0.900000,0.1437262,0.6523570,0.0044994,0.5254070,0.0632280
18,0.904167,0.1433248,0.6545292,0.0045001,0.5272605,0.0649033
18,0.908333,0.1429234,0.6566767,0.0044991,0.5290956,0.0665927
18,0.912500,0.1425259,0.6588022,0.0044997,0.5309153,0.0682990
18,0.916667,0.1421283,0.6609008,0.0044988,0.5327150,0.0700175
18,0.920833,0.1417345,0.6629755,0.0044999,0.5344974,0.0717507
18,0.925000,0.1413408,0.6650216,0.0044991,0.5362583,0.0734941
18,0.929167,0.1409507,0.6670418,0.0045003,0.5380003,0.0752502
18,0.933333,0.1405606,0.6690318,0.0044997,0.5397192,0.0770141
18,0.937500,0.1401742,0.6709967,0.0044971,0.5414197,0.0787905
18,0.941667,0.1397877,0.6729339,0.0044879,0.5430995,0.0805767
18,0.945833,0.1394047,0.6748465,0.0044785,0.5447614,0.0823749
18,0.950000,0.1390218,0.6767300,0.0044682,0.5464011,0.0841806
18,0.954167,0.1386422,0.6785871,0.0044636,0.5480213,0.0859961
18,0.958333,0.1382625,0.6804135,0.0044642,0.5496179,0.0878165
18,0.962500,0.1378860,0.6822119,0.0044763,0.5511934,0.0896439
18,0.966667,0.1375094,0.6839782,0.0044997,0.5527442,0.0914743
18,0.970833,0.1371357,0.6857169,0.0045265,0.5542741,0.0933115
18,0.975000,0.1367620,0.6874264,0.0045469,0.5557818,0.0951547
18,0.979167,0.1363909,0.6891087,0.0045706,0.5572689,0.0970047
18,0.983333,0.1360197,0.6907606,0.0046035,0.5587325,0.0988576
18,0.987500,0.1356507,0.6923835,0.0046550,0.5601741,0.1007144
18,0.991667,0.1352818,0.6939750,0.0047310,0.5615910,0.1025712
18,0.995833,0.1349146,0.6955361,0.0046355,0.5629845,0.1044287
18,1.000000,0.1345474,0.6970646,0.0044993,0.5643523,0.1062837
18,1.004167,0.1341816,0.6985632,0.0044135,0.5656968,0.1081400
18,1.008333,0.1338158,0.7000318,0.0043723,0.5670180,0.1099982
18,1.012500,0.1334508,0.7014707,0.0043667,0.5683161,0.1118576
18,1.016667,0.1330859,0.7028786,0.0043854,0.5695900,0.1137160
18,1.020833,0.1327213,0.7042558,0.0044184,0.5708395,0.1155717
18,1.025000,0.1323566,0.7056010,0.0044552,0.5720637,0.1174232
18,1.029167,0.1319916,0.7069141,0.0044856,0.5732622,0.1192686
18,1.033333,0.1316267,0.7081947,0.0044994,0.5744348,0.1211064
18,1.037500,0.1312608,0.7094432,0.0045001,0.5755817,0.1229390
18,1.041667,0.1308950,0.7106619,0.0045005,0.5767049,0.1247702
18,1.045833,0.1305275,0.7118486,0.0044990,0.5778022,0.1265966
18,1.050000,0.1301600,0.7130049,0.0044985,0.5786311,0.1284182
18,1.054167,0.1297901,0.7141280,0.0044968,0.5794030,0.1302307
18,1.058333,0.1294201,0.7152202,0.0044972,0.5801516,0.1320350
18,1.062500,0.1290469,0.7162780,0.0044967,0.5808733,0.1338264
18,1.066667,0.1286737,0.7173045,0.0044994,0.5815712,0.1356061
18,1.070833,0.1282964,0.7182968,0.0044999,0.5822423,0.1373739
18,1.075000,0.1279190,0.7192600,0.0045014,0.5828912,0.1391373
18,1.079167,0.1275366,0.7201889,0.0044995,0.5835130,0.1408893
18,1.083333,0.1271542,0.7210884,0.0044999,0.5841126,0.1426339
18,1.087500,0.1267657,0.7219524,0.0044973,0.5846838,0.1443623
18,1.091667,0.1263772,0.7227871,0.0044981,0.5852328,0.1460794
18,1.095833,0.1259814,0.7235852,0.0044963,0.5857522,0.1477761
18,1.100000,0.1255857,0.7243539,0.0044994,0.5862494,0.1494581
18,1.104167,0.1251816,0.7250859,0.0044989,0.5867167,0.1511212
18,1.108333,0.1247776,0.7257903,0.0045023,0.5871632,0.1527786
18,1.112500,0.1243647,0.7264584,0.0045005,0.5875800,0.1544184
18,1.116667,0.1239518,0.7270993,0.0045025,0.5879760,0.1560481
18,1.120833,0.1235304,0.7277042,0.0044999,0.5883429,0.1576559
18,1.125000,0.1231090,0.7282820,0.0045012,0.5886891,0.1592482
18,1.129167,0.1226795,0.7288245,0.0044983,0.5890067,0.1608149
18,1.133333,0.1222499,0.7293398,0.0044994,0.5893037,0.1623606
18,1.137500,0.1218127,0.7298215,0.0044970,0.5895733,0.1638840
18,1.141667,0.1213755,0.7302779,0.0044989,0.5898237,0.1653969
18,1.145833,0.1209310,0.7307020,0.0044975,0.5900478,0.1668904
18,1.150000,0.1204865,0.7311012,0.0044997,0.5902529,0.1683692
18,1.154167,0.1200351,0.7314686,0.0044986,0.5904325,0.1698239
18,1.158333,0.1195837,0.7318116,0.0045006,0.5905935,0.1712587
18,1.162500,0.1191259,0.7321239,0.0044991,0.5907294,0.1726654
18,1.166667,0.1186680,0.7324120,0.0045001,0.5908471,0.1740473
18,1.170833,0.1182042,0.7326703,0.0044973,0.5909407,0.1754026
18,1.175000,0.1177403,0.7329053,0.0044970,0.5910167,0.1767421
18,1.179167,0.1172709,0.7331124,0.0044938,0.5910701,0.1780591
18,1.183333,0.1168015,0.7332977,0.0044937,0.5911068,0.1793571
18,1.187500,0.1163270,0.7334565,0.0044918,0.5911222,0.1806296
18,1.191667,0.1158524,0.7335947,0.0044937,0.5911220,0.1818795
18,1.195833,0.1153732,0.7337081,0.0044946,0.5911018,0.1831008
18,1.200000,0.1148940,0.7338018,0.0045000,0.5910668,0.1842960
18,1.204167,0.1144096,0.7338704,0.0045022,0.5910113,0.1854639
18,1.208333,0.1139253,0.7339184,0.0045052,0.5909402,0.1866142
18,1.212500,0.1134321,0.7339385,0.0045017,0.5908457,0.1877357
18,1.216667,0.1129390,0.7339404,0.0045026,0.5907376,0.1888353
18,1.220833,0.1124331,0.7339131,0.0044967,0.5906039,0.1898979
18,1.225000,0.1119273,0.7338699,0.0044984,0.5904585,0.1909346
18,1.229167,0.1114061,0.7337967,0.0044942,0.5902864,0.1919271
18,1.233333,0.1108850,0.7337093,0.0045011,0.5901039,0.1928887
18,1.237500,0.1103466,0.7335904,0.0045010,0.5898930,0.1938129
18,1.241667,0.1098082,0.7334564,0.0045088,0.5896708,0.1947239
18,1.245833,0.1092515,0.7332894,0.0045062,0.5894192,0.1955961
18,1.250000,0.1086949,0.7331076,0.0045121,0.5891564,0.1964404
18,1.254167,0.1081196,0.7328933,0.0045073,0.5888645,0.1972301
18,1.258333,0.1075442,0.7326651,0.0045108,0.5885618,0.1979765
18,1.262500,0.1069507,0.7324051,0.0045045,0.5882306,0.1986536
18,1.266667,0.1063570,0.7321317,0.0045066,0.5878891,0.1992712
18,1.270833,0.1057461,0.7318276,0.0045019,0.5875200,0.1998335
18,1.275000,0.1051351,0.7315101,0.0045085,0.5871408,0.2003752
18,1.279167,0.1045081,0.7311633,0.0045083,0.5867355,0.2008658
18,1.283333,0.1038812,0.7308036,0.0045156,0.5863205,0.2013077
18,1.287500,0.1032400,0.7304172,0.0045148,0.5858815,0.2016714
18,1.291667,0.1025988,0.7300181,0.0045182,0.5854326,0.2019560
18,1.295833,0.1019460,0.7295951,0.0045122,0.5849627,0.2021353
18,1.300000,0.1012931,0.7291598,0.0045068,0.5844831,0.2022052
18,1.304167,0.1006318,0.7287034,0.0044984,0.5839854,0.2021864
18,1.308333,0.0999704,0.7282343,0.0044995,0.5834780,0.2021144
18,1.312500,0.0993043,0.7277481,0.0045015,0.5829566,0.2019666
18,1.316667,0.0986382,0.7272499,0.0045061,0.5824258,0.2017303
18,1.320833,0.0979719,0.7267398,0.0045092,0.5818858,0.2013859
18,1.325000,0.0973055,0.7262180,0.0045070,0.5813366,0.2009157
18,1.329167,0.0966436,0.7256889,0.0045014,0.5807829,0.2003049
18,1.333333,0.0959818,0.7251478,0.0044845,0.5802200,0.1995304
18,1.337500,0.0953296,0.7246039,0.0044715,0.5796573,0.1986264
18,1.341667,0.0946773,0.7240468,0.0044441,0.5790846,0.1976127
18,1.345833,0.0940402,0.7234921,0.0044251,0.5785174,0.1964910
18,1.350000,0.0934030,0.7229244,0.0044017,0.5779404,0.1952332
18,1.354167,0.0927863,0.7223639,0.0043974,0.5773739,0.1938455
18,1.358333,0.0921696,0.7217893,0.0043942,0.5767970,0.1922937
18,1.362500,0.0915787,0.7212260,0.0044215,0.5762351,0.1905891
18,1.366667,0.0909879,0.7206470,0.0044243,0.5756615,0.1886914
18,1.370833,0.0904285,0.7200828,0.0044138,0.5751074,0.1866386
18,1.375000,0.0898691,0.7195017,0.0043924,0.5745409,0.1844171
18,1.379167,0.0893451,0.7189379,0.0043926,0.5739967,0.1820633
18,1.383333,0.0888211,0.7183552,0.0043770,0.5734388,0.1795422
18,1.387500,0.0883363,0.7177916,0.0043821,0.5729058,0.1768930
18,1.391667,0.0878515,0.7172064,0.0043662,0.5723572,0.1740771
18,1.395833,0.0874092,0.7166404,0.0043695,0.5718345,0.1711358
18,1.400000,0.0869669,0.7160490,0.0043470,0.5712938,0.1680260
18,1.404167,0.0865692,0.7154755,0.0043447,0.5707788,0.1647726
18,1.408333,0.0861716,0.7148742,0.0043214,0.5702443,0.1613254
18,1.412500,0.0858201,0.7142897,0.0043229,0.5697352,0.1577494
18,1.416667,0.0854687,0.7136743,0.0043034,0.5692044,0.1540178
18,1.420833,0.0851639,0.7130730,0.0043094,0.5686975,0.1501950
18,1.425000,0.0848590,0.7124373,0.0042940,0.5681663,0.1462527
18,1.429167,0.0846001,0.7118114,0.0043039,0.5676560,0.1422542
18,1.433333,0.0843412,0.7111475,0.0042926,0.5671192,0.1381704
18,1.437500,0.0841269,0.7104870,0.0043026,0.5665982,0.1339996
18,1.441667,0.0839125,0.7097822,0.0042878,0.5660462,0.1296638
18,1.445833,0.0837403,0.7090743,0.0042929,0.5655050,0.1252417
18,1.450000,0.0835680,0.7083207,0.0042781,0.5649320,0.1207268
18,1.454167,0.0834334,0.7075588,0.0042835,0.5643647,0.1161924
18,1.458333,0.0832989,0.7067509,0.0042734,0.5637656,0.1116352
18,1.462500,0.0831989,0.7059319,0.0042852,0.5631692,0.1071233
18,1.466667,0.0830989,0.7050677,0.0042862,0.5625415,0.1026549
18,1.470833,0.0830292,0.7041823,0.0043024,0.5619084,0.0981983
18,1.475000,0.0829596,0.7032385,0.0042992,0.5612349,0.0936670
18,1.479167,0.0829160,0.7022647,0.0043060,0.5605485,0.0891304
18,1.483333,0.0828725,0.7012373,0.0042998,0.5598251,0.0846042
18,1.487500,0.0828508,0.7001817,0.0043054,0.5590888,0.0801510
18,1.491667,0.0828291,0.6990803,0.0043036,0.5583208,0.0757885
18,1.495833,0.0828253,0.6979562,0.0043149,0.5575425,0.0715733
18,1.500000,0.0828216,0.6967970,0.0043239,0.5567400,0.0675243
18,1.504167,0.0828325,0.6956061,0.0043431,0.5559201,0.0636028
18,1.508333,0.0828434,0.6943577,0.0043546,0.5550603,0.0597357
18,1.512500,0.0828665,0.6930709,0.0043704,0.5541778,0.0559613
18,1.516667,0.0828897,0.6917423,0.0043789,0.5532662,0.0522938
18,1.520833,0.0829241,0.6903921,0.0043912,0.5523432,0.0487694
18,1.525000,0.0829584,0.6890199,0.0043968,0.5514051,0.0454018
18,1.529167,0.0830042,0.6876491,0.0044068,0.5504713,0.0422268
18,1.533333,0.0830500,0.6862809,0.0044105,0.5495394,0.0392559
18,1.537500,0.0831088,0.6849164,0.0044214,0.5486141,0.0364930
18,1.541667,0.0831674,0.6835281,0.0044275,0.5476722,0.0338951
18,1.545833,0.0832388,0.6821384,0.0044410,0.5467333,0.0314669
18,1.550000,0.0833101,0.6807458,0.0044494,0.5457923,0.0291890
18,1.554167,0.0833922,0.6793727,0.0044631,0.5448681,0.0270646
18,1.558333,0.0834742,0.6780209,0.0044708,0.5438805,0.0250753
18,1.562500,0.0835651,0.6767126,0.0044806,0.5426843,0.0232226
18,1.566667,0.0836559,0.6754527,0.0044824,0.5415376,0.0214894
18,1.570833,0.0837534,0.6742437,0.0044638,0.5404424,0.0199011
18,1.575000,0.0838509,0.6730674,0.0044132,0.5393817,0.0184642
18,1.579167,0.0839532,0.6719351,0.0043559,0.5383652,0.0171660
18,1.583333,0.0840554,0.6708472,0.0043065,0.5373924,0.0159848
18,1.587500,0.0841604,0.6698126,0.0042859,0.5364710,0.0149053
18,1.591667,0.0842653,0.6688343,0.0043075,0.5356029,0.0139071
18,1.595833,0.0843709,0.6679191,0.0043873,0.5347936,0.0129727
18,1.600000,0.0844765,0.6670720,0.0045371,0.5340470,0.0120828
18,1.604167,0.0845810,0.6663003,0.0047548,0.5333689,0.0112464
18,1.608333,0.0846856,0.6656063,0.0048511,0.5327615,0.0104829
18,1.612500,0.0847872,0.6649829,0.0047539,0.5322173,0.0097844
18,1.616667,0.0848888,0.6644277,0.0046838,0.5317343,0.0091488
18,1.620833,0.0849858,0.6639305,0.0046324,0.5313030,0.0085665
18,1.625000,0.0850828,0.6634904,0.0045988,0.5309228,0.0080377
18,1.629167,0.0851739,0.6630955,0.0045705,0.5305825,0.0075518
18,1.633333,0.0852649,0.6627458,0.0045460,0.5302823,0.0071107
18,1.637500,0.0853490,0.6624508,0.0045187,0.5300301,0.0067150
18,1.641667,0.0854330,0.6622319,0.0045012,0.5298451,0.0063772
18,1.645833,0.0855092,0.6620710,0.0044856,0.5297102,0.0060834
18,1.650000,0.0855853,0.6619650,0.0044795,0.5296239,0.0058347
18,1.654167,0.0856531,0.6618947,0.0044741,0.5295681,0.0056161
18,1.658333,0.0857209,0.6618574,0.0044767,0.5295416,0.0054301
18,1.662500,0.0857801,0.6618336,0.0044779,0.5295261,0.0052622
18,1.666667,0.0858394,0.6618209,0.0044843,0.5295203,0.0051144
18,1.670833,0.0858903,0.6618265,0.0044862,0.5295299,0.0049914
18,1.675000,0.0859413,0.6618763,0.0044923,0.5295784,0.0049123
18,1.679167,0.0859846,0.6619536,0.0044939,0.5296504,0.0048609
18,1.683333,0.0860278,0.6620576,0.0044983,0.5297461,0.0048363
18,1.687500,0.0860644,0.6621729,0.0044983,0.5298508,0.0048236
18,1.691667,0.0861009,0.6622975,0.0045005,0.5299639,0.0048206
18,1.695833,0.0861321,0.6624174,0.0044993,0.5300720,0.0048138
18,1.700000,0.0861632,0.6625291,0.0044997,0.5301731,0.0047999
18,1.704167,0.0861901,0.6626349,0.0044892,0.5302683,0.0047823
18,1.708333,0.0862169,0.6627498,0.0044684,0.5303716,0.0047759
18,1.712500,0.0862405,0.6628688,0.0044417,0.5304782,0.0047751
18,1.716667,0.0862640,0.6629937,0.0044190,0.5305899,0.0047806
18,1.720833,0.0862848,0.6631198,0.0044045,0.5307025,0.0047871
18,1.725000,0.0863055,0.6632485,0.0044069,0.5308173,0.0047948
18,1.729167,0.0863241,0.6633759,0.0044297,0.5309307,0.0047991
18,1.733333,0.0863426,0.6635023,0.0044798,0.5310433,0.0047998
18,1.737500,0.0863599,0.6636270,0.0044986,0.5311541,0.0047982
18,1.741667,0.0863772,0.6637526,0.0044995,0.5312657,0.0047993
18,1.745833,0.0863943,0.6638793,0.0045016,0.5313784,0.0048015
18,1.750000,0.0864114,0.6640084,0.0045036,0.5314931,0.0048040
18,1.754167,0.0864296,0.6641412,0.0045060,0.5316112,0.0048062
18,1.758333,0.0864478,0.6642773,0.0045060,0.5317321,0.0048062
18,1.762500,0.0864687,0.6644199,0.0045054,0.5318592,0.0048052
18,1.766667,0.0864897,0.6645669,0.0044964,0.5319902,0.0047997
18,1.770833,0.0865152,0.6647227,0.0043505,0.5321294,0.0047975
18,1.775000,0.0865407,0.6648821,0.0042879,0.5322717,0.0047969
18,1.779167,0.0865730,0.6650515,0.0042898,0.5324238,0.0048022
18,1.783333,0.0866053,0.6652243,0.0043262,0.5325788,0.0048040
18,1.787500,0.0866484,0.6654112,0.0043871,0.5327476,0.0048109
18,1.791667,0.0866915,0.6656014,0.0044426,0.5329192,0.0048097
18,1.795833,0.0867477,0.6658078,0.0044886,0.5331066,0.0048111
18,1.800000,0.0868038,0.6660172,0.0044962,0.5332968,0.0047997
18,1.804167,0.0868764,0.6662462,0.0044958,0.5335063,0.0047960
18,1.808333,0.0869488,0.6664785,0.0044916,0.5337186,0.0047882
18,1.812500,0.0870415,0.6667340,0.0045003,0.5339539,0.0047941
18,1.816667,0.0871341,0.6669927,0.0044986,0.5341919,0.0047908
18,1.820833,0.0872512,0.6672788,0.0045087,0.5344570,0.0048009
18,1.825000,0.0873682,0.6675678,0.0045031,0.5347248,0.0047973
18,1.829167,0.0875140,0.6678883,0.0045088,0.5350237,0.0048070
18,1.833333,0.0876598,0.6682116,0.0044948,0.5353252,0.0047986
18,1.837500,0.0878383,0.6685699,0.0044978,0.5356615,0.0047865
18,1.841667,0.0880169,0.6689304,0.0044883,0.5359998,0.0047321
18,1.845833,0.0882323,0.6693301,0.0045001,0.5363770,0.0046912
18,1.850000,0.0884477,0.6697327,0.0044943,0.5367569,0.0046457
18,1.854167,0.0887035,0.6701792,0.0045090,0.5371802,0.0046531
18,1.858333,0.0889594,0.6706296,0.0045017,0.5376070,0.0046904
18,1.862500,0.0892592,0.6711278,0.0045138,0.5380815,0.0048177
18,1.866667,0.0895591,0.6716307,0.0044999,0.5385601,0.0050067
18,1.870833,0.0899125,0.6721912,0.0044885,0.5390958,0.0052764
18,1.875000,0.0902659,0.6727552,0.0044765,0.5396348,0.0055428
18,1.879167,0.0906704,0.6733738,0.0045061,0.5402279,0.0058781
18,1.883333,0.0910750,0.6739962,0.0045017,0.5408245,0.0062523
18,1.887500,0.0915333,0.6746764,0.0045142,0.5414787,0.0067393
18,1.891667,0.0919917,0.6753608,0.0044989,0.5421366,0.0073047
18,1.895833,0.0925065,0.6761062,0.0045124,0.5428550,0.0080255
18,1.900000,0.0930212,0.6768559,0.0044775,0.5435776,0.0088661
18,1.904167,0.0935948,0.6776689,0.0044447,0.5443627,0.0098783
18,1.908333,0.0941683,0.6784855,0.0044274,0.5451514,0.0109821
18,1.912500,0.0948028,0.6793670,0.0044699,0.5460046,0.0122386
18,1.916667,0.0954373,0.6802527,0.0044949,0.5468616,0.0135872
18,1.920833,0.0961347,0.6812056,0.0045247,0.5477856,0.0150918
18,1.925000,0.0968321,0.6821630,0.0045071,0.5487136,0.0166908
18,1.929167,0.0975943,0.6831899,0.0045202,0.5497107,0.0184507
18,1.933333,0.0983564,0.6842214,0.0044607,0.5507122,0.0203089
18,1.937500,0.0991849,0.6853241,0.0043984,0.5517843,0.0223580
18,1.941667,0.1000133,0.6864307,0.0043519,0.5528604,0.0245495
18,1.945833,0.1009096,0.6876095,0.0043739,0.5540081,0.0269416
18,1.950000,0.1018058,0.6887925,0.0043825,0.5551599,0.0294546
18,1.954167,0.1027799,0.6900578,0.0044421,0.5563935,0.0321539
18,1.958333,0.1037540,0.6913273,0.0044597,0.5576313,0.0349475
18,1.962500,0.1047984,0.6926716,0.0044889,0.5589436,0.0378902
18,1.966667,0.1058429,0.6940204,0.0044398,0.5602601,0.0408943
18,1.970833,0.1069586,0.6954449,0.0043851,0.5616521,0.0440627
18,1.975000,0.1080742,0.6968738,0.0042867,0.5630482,0.0473610
18,1.979167,0.1092618,0.6983786,0.0042368,0.5645202,0.0508484
18,1.983333,0.1104493,0.6998875,0.0041791,0.5659960,0.0544390
18,1.987500,0.1117093,0.7014725,0.0041957,0.5675479,0.0581886
18,1.991667,0.1129693,0.7030612,0.0042185,0.5691034,0.0620076
18,1.995833,0.1143021,0.7047259,0.0043178,0.5707349,0.0659487
18,2.000000,0.1156350,0.7063938,0.0044123,0.5723698,0.0699184
18,2.004167,0.1170408,0.7081379,0.0045033,0.5740809,0.0740156
18,2.008333,0.1184466,0.7098858,0.0044794,0.5757955,0.0781996
18,2.012500,0.1199254,0.7117097,0.0044492,0.5775865,0.0825293
18,2.016667,0.1214043,0.7135369,0.0043700,0.5793808,0.0869174
18,2.020833,0.1229562,0.7154399,0.0043418,0.5812510,0.0914204
18,2.025000,0.1245080,0.7173453,0.0043155,0.5831237,0.0959474
18,2.029167,0.1261327,0.7193260,0.0043858,0.5850721,0.1005534
18,2.033333,0.1277574,0.7213087,0.0044996,0.5870228,0.1051454
18,2.037500,0.1294636,0.7233753,0.0045256,0.5890577,0.1098242
18,2.041667,0.1311697,0.7254446,0.0045083,0.5910956,0.1145332
18,2.045833,0.1329476,0.7275881,0.0045229,0.5932078,0.1193311
18,2.050000,0.1347255,0.7297335,0.0044998,0.5953225,0.1241324
18,2.054167,0.1365745,0.7319518,0.0045126,0.5975103,0.1289941
18,2.058333,0.1384237,0.7341717,0.0044924,0.5997002,0.1338302
18,2.062500,0.1403430,0.7364630,0.0045115,0.6019155,0.1386943
18,2.066667,0.1422624,0.7387550,0.0044989,0.6040925,0.1435000
18,2.070833,0.1442512,0.7411175,0.0045251,0.6063396,0.1483321
18,2.075000,0.1462399,0.7434814,0.0045081,0.6085879,0.1531401
18,2.079167,0.1482971,0.7459149,0.0045215,0.6109052,0.1579812
18,2.083333,0.1503542,0.7483492,0.0044993,0.6132232,0.1627740
18,2.087500,0.1524784,0.7508515,0.0045111,0.6156088,0.1675733
18,2.091667,0.1546028,0.7533543,0.0044924,0.6179949,0.1722993
18,2.095833,0.1567932,0.7559234,0.0045106,0.6204472,0.1770039
18,2.100000,0.1589835,0.7584926,0.0045005,0.6228994,0.1816077
18,2.104167,0.1612385,0.7611265,0.0045234,0.6254165,0.1861856
18,2.108333,0.1634935,0.7637611,0.0045055,0.6279339,0.1906874
18,2.112500,0.1658116,0.7664592,0.0045140,0.6305148,0.1951691
18,2.116667,0.1681297,0.7691574,0.0044882,0.6330957,0.1995596
18,2.120833,0.1705170,0.7719246,0.0045001,0.6357457,0.2039208
18,2.125000,0.1729041,0.7746912,0.0044844,0.6383952,0.2081749
18,2.129167,0.1753508,0.7775167,0.0045033,0.6411039,0.2123739
18,2.133333,0.1777974,0.7803413,0.0045005,0.6438119,0.2164499
18,2.137500,0.1803016,0.7832230,0.0045258,0.6465771,0.2204612
18,2.141667,0.1828059,0.7861044,0.0045142,0.6493422,0.2243564
18,2.145833,0.1853659,0.7890411,0.0045254,0.6521627,0.2281920
18,2.150000,0.1879258,0.7919770,0.0045055,0.6549826,0.2319129
18,2.154167,0.1905396,0.7949658,0.0045118,0.6578557,0.2355739
18,2.158333,0.1931535,0.7979535,0.0044939,0.6607280,0.2391219
18,2.162500,0.1958191,0.8009916,0.0045067,0.6636513,0.2426098
18,2.166667,0.1984847,0.8040280,0.0045016,0.6665733,0.2459868
18,2.170833,0.2012001,0.8071129,0.0045217,0.6695442,0.2492892
18,2.175000,0.2039154,0.8101966,0.0045112,0.6725143,0.2524596
18,2.179167,0.2066782,0.8133265,0.0045207,0.6755309,0.2555571
18,2.183333,0.2094410,0.8164549,0.0045050,0.6785465,0.2585451
18,2.187500,0.2122491,0.8196270,0.0045109,0.6816064,0.2614797
18,2.191667,0.2150571,0.8227974,0.0044960,0.6846648,0.2643272
18,2.195833,0.2179084,0.8260089,0.0045056,0.6877652,0.2671419
18,2.200000,0.2207594,0.8292180,0.0044998,0.6908638,0.2698913
18,2.204167,0.2236557,0.8324705,0.0045178,0.6940064,0.2725928
18,2.208333,0.2265520,0.8357213,0.0045111,0.6971479,0.2751792
18,2.212500,0.2294855,0.8390076,0.0045183,0.7003254,0.2777080
18,2.216667,0.2324192,0.8422920,0.0045054,0.7035016,0.2801627
18,2.220833,0.2353879,0.8456091,0.0045091,0.7067112,0.2825979
18,2.225000,0.2383565,0.8489237,0.0044965,0.7099191,0.2849993
18,2.229167,0.2413576,0.8522682,0.0045028,0.7131577,0.2874187
18,2.233333,0.2443586,0.8556100,0.0044990,0.7163944,0.2898434
18,2.237500,0.2473894,0.8589790,0.0045106,0.7196590,0.2922837
18,2.241667,0.2504202,0.8623459,0.0045044,0.7229221,0.2946842
18,2.245833,0.2534782,0.8657374,0.0045092,0.7262108,0.2970799
18,2.250000,0.2565361,0.8691263,0.0044997,0.7294976,0.2994526
18,2.254167,0.2596186,0.8725370,0.0045022,0.7328070,0.3018349
18,2.258333,0.2627012,0.8759452,0.0044940,0.7361147,0.3042113
18,2.262500,0.2658054,0.8793718,0.0044991,0.7394419,0.3066117
18,2.266667,0.2689095,0.8827952,0.0044973,0.7427669,0.3090221
18,2.270833,0.2720328,0.8862348,0.0045051,0.7461089,0.3114527
18,2.275000,0.2751559,0.8896717,0.0045007,0.7494489,0.3138724
18,2.279167,0.2782954,0.8931222,0.0045023,0.7528034,0.3163037
18,2.283333,0.2814349,0.8965697,0.0044955,0.7561559,0.3187337
18,2.287500,0.2845891,0.9000288,0.0044964,0.7595209,0.3211824
18,2.291667,0.2877434,0.9034846,0.0044918,0.7628839,0.3236393
18,2.295833,0.2909075,0.9069471,0.0044944,0.7662542,0.3261193
18,2.300000,0.2940717,0.9104060,0.0044958,0.7696222,0.3286170
18,2.304167,0.2972428,0.9138688,0.0045007,0.7729950,0.3311338
18,2.308333,0.3004140,0.9173285,0.0044993,0.7763658,0.3336563
18,2.312500,0.3035894,0.9207894,0.0044981,0.7797385,0.3361916
18,2.316667,0.3067648,0.9242470,0.0044943,0.7831091,0.3387381
18,2.320833,0.3099418,0.9277027,0.0044910,0.7864789,0.3413002
18,2.325000,0.3131186,0.9311549,0.0044889,0.7898459,0.3438785
18,2.329167,0.3162940,0.9346020,0.0044879,0.7932093,0.3464746
18,2.333333,0.3194694,0.9380454,0.0044915,0.7965700,0.3490921
18,2.337500,0.3226403,0.9414808,0.0044933,0.7999238,0.3517237
18,2.341667,0.3258114,0.9449133,0.0044959,0.8032756,0.3543705
18,2.345833,0.3289753,0.9483353,0.0044935,0.8066180,0.3570262
18,2.350000,0.3321393,0.9517538,0.0044943,0.8099580,0.3596994
18,2.354167,0.3352933,0.9551587,0.0044906,0.8132855,0.3623815
18,2.358333,0.3384474,0.9585600,0.0044936,0.8166106,0.3650840
18,2.362500,0.3415887,0.9619449,0.0044918,0.8199203,0.3677943
18,2.366667,0.3447299,0.9653258,0.0044995,0.8232272,0.3705273
18,2.370833,0.3478532,0.9686852,0.0044970,0.8265138,0.3732639
18,2.375000,0.3509766,0.9720411,0.0045007,0.8297980,0.3760215
18,2.379167,0.3540808,0.9753745,0.0044925,0.8330606,0.3787797
18,2.383333,0.3571852,0.9787046,0.0044935,0.8363211,0.3815577
18,2.387500,0.3602675,0.9820087,0.0044838,0.8395568,0.3843329
18,2.391667,0.3633500,0.9853093,0.0044867,0.8427901,0.3871269
18,2.395833,0.3664078,0.9885815,0.0044793,0.8459963,0.3899146
18,2.400000,0.3694655,0.9918498,0.0044875,0.8491996,0.3927205
18,2.404167,0.3724962,0.9950875,0.0044825,0.8523734,0.3955181
18,2.408333,0.3755268,0.9983217,0.0044898,0.8555447,0.3983360
18,2.412500,0.3785275,1.0015220,0.0044807,0.8586838,0.4011432
18,2.416667,0.3815280,1.0047190,0.0044868,0.8618201,0.4039672
18,2.420833,0.3844963,1.0078800,0.0044768,0.8649217,0.4067755
18,2.425000,0.3874646,1.0110380,0.0044849,0.8680207,0.4095988
18,2.429167,0.3903977,1.0141560,0.0044773,0.8710821,0.4124007
18,2.433333,0.3933308,1.0172710,0.0044902,0.8741409,0.4152156
18,2.437500,0.3962265,1.0203450,0.0044848,0.8771597,0.4180080
18,2.441667,0.3991221,1.0234150,0.0044969,0.8801759,0.4208180
18,2.445833,0.4019779,1.0264420,0.0044873,0.8831502,0.4236038
18,2.450000,0.4048333,1.0294650,0.0044983,0.8861216,0.4264026
18,2.454167,0.4076408,1.0324370,0.0044827,0.8890426,0.4291645
18,2.458333,0.4104483,1.0354050,0.0044902,0.8919611,0.4319353
18,2.462500,0.4132103,1.0383240,0.0044769,0.8948318,0.4346680
18,2.466667,0.4159724,1.0412400,0.0044892,0.8977000,0.4374058
18,2.470833,0.4186867,1.0441040,0.0044779,0.9005180,0.4401047
18,2.475000,0.4214010,1.0469650,0.0044889,0.9033338,0.4428157
18,2.479167,0.4240654,1.0497730,0.0044736,0.9060973,0.4454862
18,2.483333,0.4267299,1.0525770,0.0044836,0.9088587,0.4481641
18,2.487500,0.4293423,1.0553260,0.0044679,0.9115656,0.4507943
18,2.491667,0.4319548,1.0580720,0.0044796,0.9142704,0.4534272
18,2.495833,0.4345132,1.0607610,0.0044662,0.9169188,0.4560058
18,2.500000,0.4370716,1.0634460,0.0044828,0.9195648,0.4585817
18,2.504167,0.4395740,1.0660720,0.0044716,0.9221528,0.4611037
18,2.508333,0.4420765,1.0686960,0.0044871,0.9247388,0.4636313
18,2.512500,0.4445209,1.0712580,0.0044726,0.9272646,0.4661038
18,2.516667,0.4469654,1.0738170,0.0044874,0.9297882,0.4685763
18,2.520833,0.4493502,1.0763130,0.0044729,0.9322501,0.4709875
18,2.525000,0.4517350,1.0788060,0.0044900,0.9347100,0.4733932
18,2.529167,0.4540582,1.0812350,0.0044781,0.9371061,0.4757297
18,2.533333,0.4563816,1.0836610,0.0044999,0.9395002,0.4780554
18,2.537500,0.4586337,1.0860120,0.0044824,0.9418211,0.4803042
18,2.541667,0.4608856,1.0883610,0.0044954,0.9441399,0.4825505
18,2.545833,0.4630728,1.0906420,0.0044751,0.9463919,0.4847277
18,2.550000,0.4652600,1.0929200,0.0044872,0.9486421,0.4868983
18,2.554167,0.4673808,1.0951290,0.0044667,0.9508240,0.4889939
18,2.558333,0.4695015,1.0973360,0.0044809,0.9530041,0.4910777
18,2.562500,0.4715547,1.0994720,0.0044629,0.9551146,0.4930811
18,2.566667,0.4736079,1.1016060,0.0044811,0.9572235,0.4950688
18,2.570833,0.4755923,1.1036680,0.0044650,0.9592617,0.4969757
18,2.575000,0.4775766,1.1057280,0.0044821,0.9612983,0.4988751
18,2.579167,0.4794911,1.1077150,0.0044637,0.9632634,0.5006943
18,2.583333,0.4814056,1.1097010,0.0044801,0.9652268,0.5025011
18,2.587500,0.4832493,1.1116130,0.0044618,0.9671178,0.5042240
18,2.591667,0.4850930,1.1135230,0.0044804,0.9690073,0.5059307
18,2.595833,0.4868651,1.1153580,0.0044648,0.9708235,0.5075482
18,2.600000,0.4886372,1.1171920,0.0044873,0.9726382,0.5091456
18,2.604167,0.4903369,1.1189510,0.0044739,0.9743791,0.5106543
18,2.608333,0.4920367,1.1207080,0.0044955,0.9761185,0.5121497
18,2.612500,0.4936636,1.1223910,0.0044801,0.9777836,0.5135576
18,2.616667,0.4952905,1.1240710,0.0045015,0.9794474,0.5149500
18,2.620833,0.4968349,1.1256670,0.0044774,0.9810274,0.5162428
18,2.625000,0.4983792,1.1272610,0.0044913,0.9826059,0.5175179
18,2.629167,0.4998500,1.1287790,0.0044698,0.9841096,0.5187001
18,2.633333,0.5013208,1.1302960,0.0044873,0.9856120,0.5198629
18,2.637500,0.5027177,1.1317370,0.0044683,0.9870394,0.5209339
18,2.641667,0.5041147,1.1331760,0.0044849,0.9884656,0.5219883
18,2.645833,0.5054380,1.1345400,0.0044645,0.9898170,0.5229521
18,2.650000,0.5067613,1.1359020,0.0044807,0.9911674,0.5239002
18,2.654167,0.5080110,1.1371890,0.0044609,0.9924430,0.5247588
18,2.658333,0.5092608,1.1384750,0.0044787,0.9937177,0.5256019
18,2.662500,0.5104374,1.1396860,0.0044613,0.9949180,0.5263569
18,2.666667,0.5116139,1.1408960,0.0044821,0.9961175,0.5270971
18,2.670833,0.5127178,1.1420310,0.0044664,0.9972434,0.5277485
18,2.675000,0.5138217,1.1431660,0.0044858,0.9983683,0.5283847
18,2.679167,0.5148536,1.1442270,0.0044681,0.9994203,0.5289349
18,2.683333,0.5158855,1.1452860,0.0044864,1.0004710,0.5294728
18,2.687500,0.5168461,1.1462740,0.0044698,1.0014500,0.5299290
18,2.691667,0.5178068,1.1472600,0.0044899,1.0024290,0.5303758
18,2.695833,0.5186971,1.1481740,0.0044766,1.0033360,0.5307448
18,2.700000,0.5195875,1.1490880,0.0044999,1.0042420,0.5311078
18,2.704167,0.5204004,1.1499230,0.0044808,1.0050710,0.5313820
18,2.708333,0.5212133,1.1507570,0.0044944,1.0058980,0.5316417
18,2.712500,0.5219589,1.1515230,0.0044740,1.0066580,0.5318250
18,2.716667,0.5227045,1.1522880,0.0044877,1.0074160,0.5320044
18,2.720833,0.5233843,1.1529860,0.0044688,1.0081090,0.5321189
18,2.725000,0.5240641,1.1536830,0.0044838,1.0088010,0.5322385
18,2.729167,0.5246799,1.1543160,0.0044682,1.0094280,0.5323042
18,2.733333,0.5252957,1.1549470,0.0044855,1.0100550,0.5323827
18,2.737500,0.5258495,1.1555160,0.0044718,1.0106190,0.5323547
18,2.741667,0.5264032,1.1560850,0.0044863,1.0111830,0.5323256
18,2.745833,0.5268971,1.1565920,0.0044702,1.0116860,0.5322484
18,2.750000,0.5273909,1.1570990,0.0044837,1.0121890,0.5321882
18,2.754167,0.5278272,1.1575480,0.0044692,1.0126340,0.5320920
18,2.758333,0.5282635,1.1579960,0.0044845,1.0130790,0.5320210
18,2.762500,0.5286447,1.1583890,0.0044742,1.0134680,0.5319250
18,2.766667,0.5290259,1.1587810,0.0044926,1.0138570,0.5318616
18,2.770833,0.5293548,1.1591200,0.0044838,1.0141930,0.5317760
18,2.775000,0.5296836,1.1594590,0.0044971,1.0145280,0.5317148
18,2.779167,0.5299630,1.1597470,0.0044846,1.0148140,0.5316263
18,2.783333,0.5302425,1.1600360,0.0044961,1.0151000,0.5315607
18,2.787500,0.5304704,1.1602720,0.0044809,1.0153340,0.5314648
18,2.791667,0.5306983,1.1605080,0.0044898,1.0155670,0.5313893
18,2.795833,0.5308843,1.1607020,0.0044808,1.0157580,0.5312917
18,2.800000,0.5310702,1.1608950,0.0044949,1.0159490,0.5312137
18,2.804167,0.5312180,1.1610500,0.0044897,1.0161020,0.5311188
18,2.808333,0.5313657,1.1612040,0.0044998,1.0162540,0.5310469
18,2.812500,0.5314791,1.1613240,0.0044915,1.0163720,0.5309603
18,2.816667,0.5315924,1.1614430,0.0044987,1.0164900,0.5308902
18,2.820833,0.5316755,1.1615320,0.0044908,1.0165770,0.5308047
18,2.825000,0.5317585,1.1616210,0.0044974,1.0166640,0.5307306
18,2.829167,0.5318156,1.1616830,0.0044916,1.0167240,0.5306397
18,2.833333,0.5318727,1.1617460,0.0044985,1.0167850,0.5305556
18,2.837500,0.5319085,1.1617860,0.0044961,1.0168240,0.5304617
18,2.841667,0.5319442,1.1618270,0.0045047,1.0168630,0.5303828
18,2.845833,0.5319633,1.1618510,0.0045047,1.0168860,0.5302999
18,2.850000,0.5319824,1.1618740,0.0045108,1.0169080,0.5302257
18,2.854167,0.5319899,1.1618860,0.0045091,1.0169180,0.5301470
18,2.858333,0.5319974,1.1618970,0.0045097,1.0169280,0.5300717
18,2.862500,0.5319986,1.1619030,0.0045051,1.0169320,0.5299905
18,2.866667,0.5319998,1.1619080,0.0045001,1.0169360,0.5299069
18,2.870833,0.5319998,1.1619110,0.0044949,1.0169390,0.5298216
18,2.875000,0.5319998,1.1619150,0.0044924,1.0169410,0.5297393
18,2.879167,0.5319998,1.1619180,0.0044920,1.0169440,0.5296605
18,2.883333,0.5319998,1.1619220,0.0044933,1.0169460,0.5295835
18,2.887500,0.5319998,1.1619250,0.0044954,1.0169480,0.5295084
18,2.891667,0.5319998,1.1619280,0.0044975,1.0169500,0.5294344
18,2.895833,0.5319998,1.1619310,0.0044993,1.0169520,0.5293607
18,2.900000,0.5319998,1.1619340,0.0045002,1.0169540,0.5292867
18,2.904167,0.5319998,1.1619370,0.0044995,1.0169560,0.5292098
18,2.908333,0.5319998,1.1619400,0.0044982,1.0169580,0.5291292
18,2.912500,0.5319998,1.1619420,0.0044963,1.0169600,0.5290474
18,2.916667,0.5319998,1.1619450,0.0044947,1.0169620,0.5289672
18,2.920833,0.5319998,1.1619480,0.0044938,1.0169640,0.5288922
18,2.925000,0.5319998,1.1619500,0.0044943,1.0169660,0.5288242
18,2.929167,0.5319998,1.1619530,0.0044971,1.0169670,0.5287668
18,2.933333,0.5319998,1.1619550,0.0044961,1.0169690,0.5287231
18,2.937500,0.5319998,1.1619580,0.0044858,1.0169710,0.5286819
18,2.941667,0.5319998,1.1619600,0.0044757,1.0169720,0.5286358
18,2.945833,0.5319998,1.1619620,0.0044644,1.0169740,0.5285933
18,2.950000,0.5319998,1.1619650,0.0044500,1.0169760,0.5285619
18,2.954167,0.5319988,1.1619660,0.0044298,1.0169760,0.5285190
18,2.958333,0.5319976,1.1619670,0.0044029,1.0169760,0.5284699
18,2.962500,0.5319904,1.1619620,0.0043620,1.0169710,0.5284257
18,2.966667,0.5319832,1.1619570,0.0043115,1.0169650,0.5283954
18,2.970833,0.5319649,1.1619410,0.0042398,1.0169480,0.5283649
18,2.975000,0.5319466,1.1619240,0.0041599,1.0169310,0.5283430
18,2.979167,0.5319135,1.1618930,0.0040577,1.0168990,0.5283163
18,2.983333,0.5318803,1.1618620,0.0039489,1.0168680,0.5283010
18,2.987500,0.5318297,1.1618130,0.0038170,1.0168180,0.5282803
18,2.991667,0.5317790,1.1617640,0.0036802,1.0167680,0.5282730
18,2.995833,0.5317093,1.1616950,0.0035205,1.0166990,0.5282617
18,3.000000,0.5316395,1.1616260,0.0033581,1.0166300,0.5282665
18,3.004167,0.5315499,1.1615370,0.0031696,1.0165400,0.5282718
18,3.008333,0.5314603,1.1614480,0.0029725,1.0164510,0.5282989
18,3.012500,0.5313510,1.1613390,0.0027509,1.0163410,0.5283262
18,3.016667,0.5312417,1.1612290,0.0025280,1.0162310,0.5283706
18,3.020833,0.5311136,1.1611000,0.0022883,1.0161020,0.5284109
18,3.025000,0.5309854,1.1609700,0.0020541,1.0159730,0.5284620
18,3.029167,0.5308398,1.1608240,0.0018128,1.0158260,0.5285038
18,3.033333,0.5306942,1.1606760,0.0015849,1.0156780,0.5285494
18,3.037500,0.5305334,1.1605130,0.0013530,1.0155160,0.5285904
18,3.041667,0.5303725,1.1603500,0.0011292,1.0153520,0.5286489
18,3.045833,0.5301988,1.1601740,0.0009044,1.0151760,0.5287085
18,3.050000,0.5300251,1.1599970,0.0006940,1.0150000,0.5287767
18,3.054167,0.5298415,1.1598110,0.0004912,1.0148130,0.5288382
18,3.058333,0.5296579,1.1596240,0.0003084,1.0146270,0.5288981
18,3.062500,0.5294675,1.1594300,0.0001412,1.0144330,0.5289432
18,3.066667,0.5292771,1.1592370,-0.0000016,1.0142400,0.5289747
18,3.070833,0.5290833,1.1590400,-0.0001196,1.0140430,0.5289916
18,3.075000,0.5288895,1.1588430,-0.0002076,1.0138470,0.5290040
18,3.079167,0.5286956,1.1586460,-0.0002666,1.0136500,0.5290097
18,3.083333,0.5285018,1.1584490,-0.0002985,1.0134540,0.5290080
18,3.087500,0.5283114,1.1582560,-0.0003021,1.0132610,0.5289989
18,3.091667,0.5281211,1.1580630,-0.0002845,1.0130680,0.5289783
18,3.095833,0.5279375,1.1578770,-0.0002437,1.0128820,0.5289515
18,3.100000,0.5277538,1.1576910,-0.0001915,1.0126970,0.5289091
18,3.104167,0.5275801,1.1575160,-0.0001103,1.0125210,0.5288600
18,3.108333,0.5274065,1.1573410,-0.0000009,1.0123460,0.5287927
18,3.112500,0.5272457,1.1571790,0.0001429,1.0121840,0.5287211
18,3.116667,0.5270848,1.1570160,0.0003017,1.0120220,0.5286359
18,3.120833,0.5269392,1.1568700,0.0004837,1.0118760,0.5285547
18,3.125000,0.5267936,1.1567230,0.0006648,1.0117290,0.5284653
18,3.129167,0.5266654,1.1565940,0.0008535,1.0116000,0.5283865
18,3.133333,0.5265372,1.1564650,0.0010222,1.0114710,0.5283043
18,3.137500,0.5264279,1.1563560,0.0011933,1.0113610,0.5282329
18,3.141667,0.5263186,1.1562460,0.0013558,1.0112520,0.5281496
18,3.145833,0.5262290,1.1561560,0.0015267,1.0111620,0.5280759
18,3.150000,0.5261395,1.1560660,0.0016833,1.0110720,0.5279951
18,3.154167,0.5260698,1.1559970,0.0018423,1.0110030,0.5279292
18,3.158333,0.5260000,1.1559270,0.0019813,1.0109330,0.5278607
18,3.162500,0.5259494,1.1558760,0.0021169,1.0108820,0.5278119
18,3.166667,0.5258987,1.1558250,0.0022272,1.0108310,0.5277656
18,3.170833,0.5258656,1.1557920,0.0023186,1.0107980,0.5277376
18,3.175000,0.5258324,1.1557590,0.0023705,1.0107650,0.5277069
18,3.179167,0.5258141,1.1557400,0.0024061,1.0107470,0.5276892
18,3.183333,0.5257958,1.1557220,0.0024198,1.0107280,0.5276701
18,3.187500,0.5257885,1.1557150,0.0024320,1.0107210,0.5276613
18,3.191667,0.5257813,1.1557080,0.0024409,1.0107140,0.5276526
18,3.195833,0.5257803,1.1557070,0.0024625,1.0107130,0.5276501
18,3.200000,0.5257791,1.1557060,0.0024999,1.0107120,0.5276487
19,0.000000,0.0734999,0.7031239,0.0045001,0.5582399,0.2118850
19,0.004167,0.0735055,0.7031294,0.0044859,0.5582455,0.2089092
19,0.008333,0.0735111,0.7031351,0.0044751,0.5582511,0.2062543
19,0.012500,0.0735278,0.7031518,0.0044767,0.5582678,0.2044317
19,0.016667,0.0735445,0.7031685,0.0044776,0.5582845,0.2038478
19,0.020833,0.0735723,0.7031963,0.0044871,0.5583123,0.2046665
19,0.025000,0.0736002,0.7032241,0.0044916,0.5583401,0.2066644
19,0.029167,0.0736391,0.7032630,0.0045003,0.5583791,0.2093142
19,0.033333,0.0736780,0.7033020,0.0045000,0.5584180,0.2118828
19,0.037500,0.0737280,0.7033519,0.0045028,0.5584680,0.2137251
19,0.041667,0.0737780,0.7034020,0.0045000,0.5585180,0.2146497
19,0.045833,0.0738391,0.7034630,0.0045026,0.5585790,0.2147770
19,0.050000,0.0739001,0.7035240,0.0044999,0.5586401,0.2143239
19,0.054167,0.0739721,0.7035961,0.0045025,0.5587121,0.2135697
19,0.058333,0.0740442,0.7036681,0.0044998,0.5587841,0.2127622
19,0.062500,0.0741272,0.7037510,0.0045025,0.5588671,0.2121382
19,0.066667,0.0742102,0.7038341,0.0044999,0.5589501,0.2118842
19,0.070833,0.0743041,0.7039279,0.0045028,0.5590440,0.2118872
19,0.075000,0.0743980,0.7040218,0.0045001,0.5591379,0.2118848
19,0.079167,0.0745027,0.7041265,0.0045027,0.5592426,0.2118880
19,0.083333,0.0746074,0.7042313,0.0045000,0.5593473,0.2118857
19,0.087500,0.0747229,0.7043467,0.0045025,0.5594627,0.2118887
19,0.091667,0.0748383,0.7044622,0.0044997,0.5595782,0.2118866
19,0.095833,0.0749645,0.7045882,0.0045025,0.5597043,0.2118898
19,0.100000,0.0750906,0.7047144,0.0045000,0.5598304,0.2118879
19,0.104167,0.0752274,0.7048511,0.0045027,0.5599671,0.2118913
19,0.108333,0.0753641,0.7049878,0.0045001,0.5601038,0.2118894
19,0.112500,0.0755114,0.7051349,0.0045028,0.5602509,0.2118928
19,0.116667,0.0756586,0.7052821,0.0045000,0.5603981,0.2118910
19,0.120833,0.0758163,0.7054396,0.0045025,0.5605556,0.2118943
19,0.125000,0.0759739,0.7055972,0.0044998,0.5607131,0.2118927
19,0.129167,0.0761418,0.7057648,0.0045024,0.5608809,0.2118963
19,0.133333,0.0763098,0.7059326,0.0045000,0.5610486,0.2118950
19,0.137500,0.0764879,0.7061105,0.0045028,0.5612265,0.2118988
19,0.141667,0.0766660,0.7062883,0.0045003,0.5614043,0.2118974
19,0.145833,0.0768541,0.7064760,0.0045027,0.5615921,0.2119013
19,0.150000,0.0770423,0.7066638,0.0045000,0.5617799,0.2118999
19,0.154167,0.0772403,0.7068614,0.0045023,0.5619776,0.2119037
19,0.158333,0.0774384,0.7070591,0.0044996,0.5621752,0.2119028
19,0.162500,0.0776463,0.7072666,0.0045022,0.5623826,0.2119067
19,0.166667,0.0778541,0.7074740,0.0045000,0.5625901,0.2119061
19,0.170833,0.0780717,0.7076912,0.0045027,0.5628071,0.2119103
19,0.175000,0.0782892,0.7079082,0.0045004,0.5630241,0.2119097
19,0.179167,0.0785162,0.7081345,0.0045026,0.5632504,0.2119138
19,0.183333,0.0787432,0.7083610,0.0044999,0.5634767,0.2119133
19,0.187500,0.0789795,0.7085967,0.0045020,0.5637124,0.2119175
19,0.191667,0.0792159,0.7088326,0.0044997,0.5639481,0.2119171
19,0.195833,0.0794614,0.7090779,0.0045020,0.5641931,0.2119218
19,0.200000,0.0797069,0.7093234,0.0045001,0.5644382,0.2119220
19,0.204167,0.0799615,0.7095780,0.0045026,0.5646924,0.2119267
19,0.208333,0.0802160,0.7098327,0.0045004,0.5649465,0.2119271
19,0.212500,0.0804794,0.7100962,0.0045025,0.5652094,0.2119315
19,0.216667,0.0807427,0.7103598,0.0045001,0.5654724,0.2119318
19,0.220833,0.0810147,0.7106322,0.0045020,0.5657440,0.2119364
19,0.225000,0.0812868,0.7109048,0.0044997,0.5660158,0.2119371
19,0.229167,0.0815673,0.7111861,0.0045019,0.5662961,0.2119421
19,0.233333,0.0818478,0.7114677,0.0045001,0.5665765,0.2119433
19,0.237500,0.0821366,0.7117577,0.0045026,0.5668654,0.2119488
19,0.241667,0.0824253,0.7120479,0.0045004,0.5671541,0.2119498
19,0.245833,0.0827222,0.7123463,0.0045023,0.5674509,0.2119547
19,0.250000,0.0830190,0.7126447,0.0045000,0.5677477,0.2119557
19,0.254167,0.0833237,0.7129511,0.0045016,0.5680525,0.2119608
19,0.258333,0.0836285,0.7132577,0.0044995,0.5683572,0.2119622
19,0.262500,0.0839409,0.7135721,0.0045014,0.5686697,0.2119679
19,0.266667,0.0842532,0.7138870,0.0045001,0.5689821,0.2119702
19,0.270833,0.0845731,0.7142091,0.0045023,0.5693020,0.2119767
19,0.275000,0.0848929,0.7145314,0.0045005,0.5696218,0.2119801
19,0.279167,0.0852200,0.7148607,0.0045020,0.5699487,0.2119870
19,0.283333,0.0855471,0.7151902,0.0044999,0.5702754,0.2119905
19,0.287500,0.0858812,0.7155266,0.0045013,0.5706090,0.2119967
19,0.291667,0.0862152,0.7158630,0.0044996,0.5709425,0.2119988
19,0.295833,0.0865561,0.7162061,0.0045013,0.5712826,0.2120035
19,0.300000,0.0868970,0.7165492,0.0045002,0.5716224,0.2120033
19,0.304167,0.0872444,0.7168985,0.0045022,0.5719685,0.2120072
19,0.308333,0.0875918,0.7172477,0.0045006,0.5723142,0.2120098
19,0.312500,0.0879455,0.7176026,0.0045020,0.5726658,0.2120154
19,0.316667,0.0882992,0.7179573,0.0045001,0.5730169,0.2120159
19,0.320833,0.0886590,0.7183176,0.0045013,0.5733738,0.2120158
19,0.325000,0.0890188,0.7186775,0.0044996,0.5737301,0.2120072
19,0.329167,0.0893844,0.7190428,0.0045011,0.5740916,0.2119941
19,0.333333,0.0897500,0.7194074,0.0045001,0.5744525,0.2119691
19,0.337500,0.0901211,0.7197769,0.0045018,0.5748183,0.2119402
19,0.341667,0.0904923,0.7201456,0.0045006,0.5751833,0.2119052
19,0.345833,0.0908688,0.7205186,0.0045017,0.5755527,0.2118675
19,0.350000,0.0912453,0.7208908,0.0045000,0.5759212,0.2118198
19,0.354167,0.0916268,0.7212669,0.0045008,0.5762938,0.2117658
19,0.358333,0.0920084,0.7216418,0.0044994,0.5766653,0.2116984
19,0.362500,0.0923947,0.7220203,0.0045006,0.5770404,0.2116210
19,0.366667,0.0927811,0.7223973,0.0045000,0.5774143,0.2115268
19,0.370833,0.0931719,0.7227774,0.0045015,0.5777913,0.2114227
19,0.375000,0.0935628,0.7231556,0.0045004,0.5781668,0.2113068
19,0.379167,0.0939579,0.7235364,0.0045012,0.5785451,0.2111821
19,0.383333,0.0943530,0.7239153,0.0044999,0.5789217,0.2110432
19,0.387500,0.0947521,0.7242962,0.0045006,0.5793006,0.2108926
19,0.391667,0.0951513,0.7246748,0.0044995,0.5796775,0.2107253
19,0.395833,0.0955541,0.7250548,0.0045004,0.5800563,0.2105436
19,0.400000,0.0959569,0.7254322,0.0045000,0.5804328,0.2103423
19,0.404167,0.0963632,0.7258105,0.0045014,0.5808106,0.2101267
19,0.408333,0.0967695,0.7261858,0.0045006,0.5811861,0.2098951
19,0.412500,0.0971789,0.7265615,0.0045011,0.5815620,0.2096499
19,0.416667,0.0975884,0.7269337,0.0044999,0.5819356,0.2093873
19,0.420833,0.0980007,0.7273057,0.0045004,0.5823092,0.2091088
19,0.425000,0.0984130,0.7276739,0.0044995,0.5826798,0.2088113
19,0.429167,0.0988279,0.7280409,0.0045002,0.5830500,0.2084964
19,0.433333,0.0992428,0.7284040,0.0045001,0.5834169,0.2081604
19,0.437500,0.0996601,0.7287653,0.0045011,0.5837829,0.2078068
19,0.441667,0.1000773,0.7291222,0.0045006,0.5841452,0.2074342
19,0.445833,0.1004966,0.7294766,0.0045008,0.5845060,0.2070444
19,0.450000,0.1009159,0.7298262,0.0045001,0.5848629,0.2066348
19,0.454167,0.1013369,0.7301723,0.0045002,0.5852175,0.2062071
19,0.458333,0.1017578,0.7305133,0.0044997,0.5855679,0.2057585
19,0.462500,0.1021803,0.7308502,0.0045000,0.5859154,0.2052907
19,0.466667,0.1026028,0.7311813,0.0045001,0.5862584,0.2048017
19,0.470833,0.1030264,0.7315075,0.0045007,0.5865977,0.2042925
19,0.475000,0.1034501,0.7318276,0.0045006,0.5869322,0.2037623
19,0.479167,0.1038745,0.7321419,0.0045006,0.5872623,0.2032120
19,0.483333,0.1042991,0.7324494,0.0045001,0.5875872,0.2026411
19,0.487500,0.1047241,0.7327505,0.0044999,0.5879071,0.2020500
19,0.491667,0.1051492,0.7330445,0.0044995,0.5882213,0.2014383
19,0.495833,0.1055746,0.7333311,0.0044996,0.5885299,0.2008062
19,0.500000,0.1060000,0.7336097,0.0045000,0.5888325,0.2001534
19,0.504167,0.1064254,0.7338803,0.0045003,0.5891287,0.1994789
19,0.508333,0.1068507,0.7341424,0.0045005,0.5894182,0.1987826
19,0.512500,0.1072758,0.7343957,0.0045002,0.5897008,0.1980644
19,0.516667,0.1077009,0.7346396,0.0045001,0.5899764,0.1973252
19,0.520833,0.1081254,0.7348740,0.0044995,0.5902442,0.1965652
19,0.525000,0.1085499,0.7350986,0.0044995,0.5905046,0.1957849
19,0.529167,0.1089735,0.7353126,0.0044993,0.5907566,0.1949847
19,0.533333,0.1093971,0.7355163,0.0044999,0.5910007,0.1941649
19,0.537500,0.1098196,0.7357083,0.0045000,0.5912355,0.1933231
19,0.541667,0.1102421,0.7358894,0.0045005,0.5914620,0.1924593
19,0.545833,0.1106631,0.7360580,0.0044998,0.5916784,0.1915727
19,0.550000,0.1110841,0.7362151,0.0044999,0.5918860,0.1906658
19,0.554167,0.1115033,0.7363585,0.0044991,0.5920829,0.1897378
19,0.558333,0.1119226,0.7364900,0.0044994,0.5922705,0.1887913
19,0.562500,0.1123399,0.7366071,0.0044990,0.5924466,0.1878252
19,0.566667,0.1127571,0.7367115,0.0045001,0.5926131,0.1868422
19,0.570833,0.1131720,0.7368004,0.0044998,0.5927672,0.1858375
19,0.575000,0.1135869,0.7368760,0.0045005,0.5929111,0.1848111
19,0.579167,0.1139993,0.7369349,0.0044996,0.5930418,0.1837620
19,0.583333,0.1144116,0.7369798,0.0045000,0.5931618,0.1826939
19,0.587500,0.1148210,0.7370076,0.0044991,0.5932679,0.1816056
19,0.591667,0.1152305,0.7370206,0.0044998,0.5933630,0.1805006
19,0.595833,0.1156367,0.7370152,0.0044989,0.5934434,0.1793775
19,0.600000,0.1160430,0.7369951,0.0045001,0.5935124,0.1782404
19,0.604167,0.1164459,0.7369555,0.0044996,0.5935659,0.1770826
19,0.608333,0.1168487,0.7368996,0.0045005,0.5936071,0.1759047
19,0.612500,0.1172478,0.7368236,0.0044994,0.5936320,0.1747045
19,0.616667,0.1176469,0.7367308,0.0045000,0.5936443,0.1734876
19,0.620833,0.1180421,0.7366168,0.0044987,0.5936397,0.1722515
19,0.625000,0.1184372,0.7364858,0.0044997,0.5936220,0.1710017
19,0.629167,0.1188280,0.7363328,0.0044985,0.5935868,0.1697353
19,0.633333,0.1192189,0.7361620,0.0045000,0.5935382,0.1684584
19,0.637500,0.1196052,0.7359684,0.0044992,0.5934711,0.1671623
19,0.641667,0.1199916,0.7357558,0.0045005,0.5933897,0.1658484
19,0.645833,0.1203731,0.7355192,0.0044987,0.5932893,0.1645138
19,0.650000,0.1207547,0.7352632,0.0044995,0.5931740,0.1631650
19,0.654167,0.1211312,0.7349824,0.0044978,0.5930389,0.1617988
19,0.658333,0.1215076,0.7346820,0.0044991,0.5928889,0.1604218
19,0.662500,0.1218788,0.7343561,0.0044977,0.5927185,0.1590305
19,0.666667,0.1222500,0.7340101,0.0044994,0.5925329,0.1576323
19,0.670833,0.1226156,0.7336375,0.0044985,0.5923261,0.1562173
19,0.675000,0.1229812,0.7332435,0.0045003,0.5921031,0.1547878
19,0.679167,0.1233409,0.7328220,0.0044991,0.5918580,0.1533395
19,0.683333,0.1237007,0.7323785,0.0045007,0.5915964,0.1518802
19,0.687500,0.1240544,0.7319070,0.0044992,0.5913122,0.1504055
19,0.691667,0.1244082,0.7314135,0.0045005,0.5910115,0.1489233
19,0.695833,0.1247556,0.7308912,0.0044986,0.5906877,0.1474290
19,0.700000,0.1251030,0.7303468,0.0044995,0.5903471,0.1459305
19,0.704167,0.1254440,0.7297726,0.0044975,0.5899828,0.1444185
19,0.708333,0.1257850,0.7291749,0.0044992,0.5896006,0.1428957
19,0.712500,0.1261202,0.7285471,0.0044982,0.5891947,0.1413578
19,0.716667,0.1264555,0.7278954,0.0045002,0.5887708,0.1398118
19,0.720833,0.1267856,0.7272145,0.0044996,0.5883237,0.1382541
19,0.725000,0.1271157,0.7265096,0.0045012,0.5878586,0.1366911
19,0.729167,0.1274413,0.7257760,0.0044997,0.5873709,0.1351198
19,0.733333,0.1277670,0.7250181,0.0044994,0.5868652,0.1335457
19,0.737500,0.1280888,0.7242316,0.0044973,0.5863370,0.1319626
19,0.741667,0.1284106,0.7234193,0.0044979,0.5857894,0.1303714
19,0.745833,0.1287292,0.7225778,0.0044974,0.5852193,0.1287702
19,0.750000,0.1290478,0.7217108,0.0044989,0.5846300,0.1271636
19,0.754167,0.1293637,0.7208152,0.0044990,0.5840187,0.1255497
19,0.758333,0.1296797,0.7198941,0.0045002,0.5833883,0.1239331
19,0.762500,0.1299935,0.7189451,0.0044997,0.5827366,0.1223123
19,0.766667,0.1303073,0.7179707,0.0044994,0.5820659,0.1206907
19,0.770833,0.1306195,0.7169683,0.0044977,0.5813739,0.1190646
19,0.775000,0.1309316,0.7159388,0.0044964,0.5806615,0.1174334
19,0.779167,0.1312427,0.7148807,0.0044947,0.5799276,0.1157967
19,0.783333,0.1315537,0.7137958,0.0044940,0.5791735,0.1141573
19,0.787500,0.1318640,0.7126832,0.0044934,0.5783988,0.1125155
19,0.791667,0.1321742,0.7115440,0.0044942,0.5775155,0.1108728
19,0.795833,0.1324842,0.7103781,0.0044960,0.5764360,0.1092307
19,0.800000,0.1327942,0.7091860,0.0044995,0.5753360,0.1075903
19,0.804167,0.1331042,0.7079667,0.0044925,0.5742146,0.1059498
19,0.808333,0.1334142,0.7067193,0.0044693,0.5730709,0.1043074
19,0.812500,0.1337246,0.7054443,0.0044410,0.5719056,0.1026643
19,0.816667,0.1340351,0.7041419,0.0044175,0.5707186,0.1010215
19,0.820833,0.1343462,0.7028126,0.0044096,0.5695109,0.0993805
19,0.825000,0.1346574,0.7014564,0.0044271,0.5682822,0.0977419
19,0.829167,0.1349696,0.7000746,0.0044814,0.5670339,0.0961076
19,0.833333,0.1352818,0.6986663,0.0044996,0.5657653,0.0944774
19,0.837500,0.1355953,0.6972322,0.0044104,0.5644767,0.0928515
19,0.841667,0.1359088,0.6957697,0.0043681,0.5631660,0.0912273
19,0.845833,0.1362238,0.6942805,0.0043631,0.5618351,0.0896068
19,0.850000,0.1365388,0.6927640,0.0043828,0.5604829,0.0879896
19,0.854167,0.1368556,0.6912218,0.0044180,0.5591115,0.0863785
19,0.858333,0.1371724,0.6896532,0.0044559,0.5577195,0.0847727
19,0.862500,0.1374912,0.6880600,0.0044875,0.5563097,0.0831752
19,0.866667,0.1378100,0.6864414,0.0044994,0.5548803,0.0815845
19,0.870833,0.1381308,0.6847979,0.0044998,0.5534325,0.0800023
19,0.875000,0.1384517,0.6831267,0.0044990,0.5519632,0.0784246
19,0.879167,0.1387749,0.6814302,0.0044997,0.5504753,0.0768550
19,0.883333,0.1390981,0.6797068,0.0044991,0.5489669,0.0752922
19,0.887500,0.1394237,0.6779596,0.0044999,0.5474410,0.0737391
19,0.891667,0.1397492,0.6761868,0.0044994,0.5458958,0.0721947
19,0.895833,0.1400773,0.6743913,0.0045002,0.5443343,0.0706618
19,0.900000,0.1404055,0.6725716,0.0044997,0.5427545,0.0691391
19,0.904167,0.1407361,0.6707289,0.0045002,0.5411583,0.0676280
19,0.908333,0.1410669,0.6688595,0.0044995,0.5395417,0.0661248
19,0.912500,0.1414002,0.6669666,0.0045001,0.5379082,0.0646331
19,0.916667,0.1417336,0.6650484,0.0044994,0.5362557,0.0631515
19,0.920833,0.1420697,0.6631083,0.0044999,0.5345876,0.0616832
19,0.925000,0.1424058,0.6611441,0.0044992,0.5329016,0.0602266
19,0.929167,0.1427446,0.6591595,0.0045001,0.5312014,0.0587850
19,0.933333,0.1430834,0.6571525,0.0044996,0.5294847,0.0573563
19,0.937500,0.1434249,0.6551248,0.0045003,0.5277534,0.0559423
19,0.941667,0.1437665,0.6530721,0.0044995,0.5260037,0.0545390
19,0.945833,0.1441108,0.6509982,0.0045001,0.5242388,0.0531504
19,0.950000,0.1444551,0.6489011,0.0044994,0.5224569,0.0517748
19,0.954167,0.1448021,0.6467843,0.0044999,0.5206614,0.0504156
19,0.958333,0.1451491,0.6446460,0.0044993,0.5188502,0.0490708
19,0.962500,0.1454988,0.6424897,0.0045001,0.5170268,0.0477440
19,0.966667,0.1458484,0.6403137,0.0044995,0.5151894,0.0464334
19,0.970833,0.1462007,0.6381193,0.0045004,0.5133395,0.0451396
19,0.975000,0.1465530,0.6359028,0.0044999,0.5114733,0.0438593
19,0.979167,0.1469078,0.6336674,0.0045002,0.5095942,0.0425959
19,0.983333,0.1472626,0.6314117,0.0044993,0.5077004,0.0413479
19,0.987500,0.1476198,0.6291390,0.0044995,0.5057952,0.0401186
19,0.991667,0.1479771,0.6268477,0.0044990,0.5038770,0.0389069
19,0.995833,0.1483367,0.6245415,0.0044995,0.5019489,0.0377154
19,1.000000,0.1486962,0.6222186,0.0044996,0.5000094,0.0365426
19,1.004167,0.1490581,0.6198802,0.0045005,0.4980597,0.0353890
19,1.008333,0.1494199,0.6175229,0.0045000,0.4960964,0.0342508
19,1.012500,0.1497838,0.6151496,0.0045003,0.4941225,0.0331313
19,1.016667,0.1501477,0.6127594,0.0044994,0.4921368,0.0320294
19,1.020833,0.1505135,0.6103551,0.0044995,0.4901419,0.0309478
19,1.025000,0.1508794,0.6079360,0.0044988,0.4881370,0.0298856
19,1.029167,0.1512470,0.6055048,0.0044993,0.4861246,0.0288452
19,1.033333,0.1516146,0.6030608,0.0044996,0.4841039,0.0278255
19,1.037500,0.1519839,0.6006045,0.0045006,0.4820755,0.0268267
19,1.041667,0.1523532,0.5981330,0.0045002,0.4800365,0.0258459
19,1.045833,0.1527239,0.5956488,0.0045002,0.4779893,0.0248850
19,1.050000,0.1530946,0.5931513,0.0044995,0.4759334,0.0239432
19,1.054167,0.1534666,0.5906430,0.0044993,0.4738708,0.0230225
19,1.058333,0.1538386,0.5881239,0.0044990,0.4718015,0.0221221
19,1.062500,0.1542117,0.5855961,0.0044993,0.4697271,0.0212434
19,1.066667,0.1545847,0.5830595,0.0044997,0.4676477,0.0203862
19,1.070833,0.1549587,0.5805143,0.0045005,0.4655631,0.0195510
19,1.075000,0.1553326,0.5779577,0.0045005,0.4634713,0.0187364
19,1.079167,0.1557072,0.5753917,0.0045002,0.4613738,0.0179432
19,1.083333,0.1560817,0.5728169,0.0044995,0.4592709,0.0171703
19,1.087500,0.1564567,0.5702348,0.0044991,0.4571640,0.0164183
19,1.091667,0.1568317,0.5676460,0.0044989,0.4550534,0.0156867
19,1.095833,0.1572069,0.5650519,0.0044990,0.4529406,0.0149756
19,1.100000,0.1575821,0.5624536,0.0044998,0.4508262,0.0142848
19,1.104167,0.1579573,0.5598500,0.0045005,0.4487092,0.0136159
19,1.108333,0.1583325,0.5572397,0.0045006,0.4465882,0.0129701
19,1.112500,0.1587074,0.5546234,0.0045001,0.4444643,0.0123463
19,1.116667,0.1590823,0.5520026,0.0044995,0.4423383,0.0117440
19,1.120833,0.1594566,0.5493779,0.0044987,0.4402109,0.0111618
19,1.125000,0.1598310,0.5467512,0.0044986,0.4380834,0.0105997
19,1.129167,0.1602046,0.5441227,0.0044985,0.4359560,0.0100564
19,1.133333,0.1605781,0.5414946,0.0044995,0.4338306,0.0095313
19,1.137500,0.1609506,0.5388644,0.0045000,0.4317048,0.0090266
19,1.141667,0.1613232,0.5362321,0.0045004,0.4295790,0.0085457
19,1.145833,0.1616944,0.5335975,0.0044996,0.4274525,0.0080861
19,1.150000,0.1620656,0.5309628,0.0044995,0.4253275,0.0076483
19,1.154167,0.1624353,0.5283278,0.0044985,0.4232035,0.0072292
19,1.158333,0.1628049,0.5256953,0.0044987,0.4210829,0.0068294
19,1.162500,0.1631727,0.5230644,0.0044982,0.4189648,0.0064458
19,1.166667,0.1635405,0.5204384,0.0044997,0.4168521,0.0060788
19,1.170833,0.1639062,0.5178139,0.0044998,0.4147415,0.0057293
19,1.175000,0.1642719,0.5151917,0.0045005,0.4123917,0.0054029
19,1.179167,0.1646352,0.5125706,0.0044996,0.4099778,0.0050954
19,1.183333,0.1649985,0.5099540,0.0044997,0.4075709,0.0048083
19,1.187500,0.1653591,0.5073406,0.0044984,0.4051692,0.0045374
19,1.191667,0.1657197,0.5047338,0.0044988,0.4027763,0.0042840
19,1.195833,0.1660774,0.5021323,0.0044981,0.4003904,0.0040437
19,1.200000,0.1664351,0.4995397,0.0044997,0.3980152,0.0038177
19,1.204167,0.1667894,0.4969520,0.0044996,0.3940138,0.0036058
19,1.208333,0.1671439,0.4943710,0.0045006,0.3897301,0.0034143
19,1.212500,0.1674948,0.4917946,0.0044994,0.3854604,0.0032383
19,1.216667,0.1678457,0.4892271,0.0044998,0.3812096,0.0030800
19,1.220833,0.1681928,0.4866657,0.0044982,0.3769758,0.0029339
19,1.225000,0.1685399,0.4841154,0.0044989,0.3727642,0.0028023
19,1.229167,0.1688829,0.4815731,0.0044979,0.3685726,0.0026797
19,1.233333,0.1692259,0.4790440,0.0044997,0.3644064,0.0025681
19,1.237500,0.1695645,0.4765227,0.0044995,0.3602596,0.0024662
19,1.241667,0.1699032,0.4740126,0.0045008,0.3561344,0.0023810
19,1.245833,0.1702372,0.4715098,0.0044993,0.3520280,0.0023066
19,1.250000,0.1705712,0.4690201,0.0044998,0.3479461,0.0022460
19,1.254167,0.1709003,0.4665392,0.0044980,0.3438855,0.0021922
19,1.258333,0.1712293,0.4640737,0.0044990,0.3398527,0.0021488
19,1.262500,0.1715532,0.4616186,0.0044978,0.3358437,0.0021086
19,1.266667,0.1718771,0.4591805,0.0044997,0.3318654,0.0020748
19,1.270833,0.1721954,0.4567529,0.0044992,0.3279103,0.0020444
19,1.275000,0.1725138,0.4543404,0.0045007,0.3239824,0.0020257
19,1.279167,0.1728265,0.4519382,0.0044989,0.3200773,0.0020111
19,1.283333,0.1731391,0.4495527,0.0044999,0.3162018,0.0020053
19,1.287500,0.1734457,0.4471785,0.0044978,0.3122760,0.0020006
19,1.291667,0.1737523,0.4448231,0.0044990,0.3077382,0.0020012
19,1.295833,0.1740527,0.4424806,0.0044974,0.3032318,0.0019995
19,1.300000,0.1743530,0.4401582,0.0044996,0.2987642,0.0019997
19,1.304167,0.1746468,0.4378488,0.0044987,0.2943271,0.0019959
19,1.308333,0.1749406,0.4355580,0.0045006,0.2899255,0.0019961
19,1.312500,0.1752276,0.4332798,0.0044986,0.2855535,0.0019937
19,1.316667,0.1755145,0.4310215,0.0044999,0.2812192,0.0019954
19,1.320833,0.1757945,0.4287769,0.0044977,0.2769171,0.0019940
19,1.325000,0.1760744,0.4265538,0.0044991,0.2726553,0.0019966
19,1.329167,0.1763470,0.4243458,0.0044973,0.2684284,0.0019963
19,1.333333,0.1766196,0.4221605,0.0044997,0.2642442,0.0019999
19,1.337500,0.1768847,0.4199901,0.0044985,0.2600938,0.0019992
19,1.341667,0.1771498,0.4178415,0.0045003,0.2559834,0.0020016
19,1.345833,0.1774071,0.4157073,0.0044982,0.2519059,0.0019992
19,1.350000,0.1776644,0.4135959,0.0044998,0.2478703,0.0020005
19,1.354167,0.1779138,0.4115000,0.0044973,0.2438697,0.0019977
19,1.358333,0.1781630,0.4094279,0.0044990,0.2399129,0.0019990
19,1.362500,0.1784041,0.4073722,0.0044971,0.2359930,0.0019970
19,1.366667,0.1786452,0.4053417,0.0044996,0.2321192,0.0019999
19,1.370833,0.1788779,0.4033273,0.0044980,0.2282816,0.0019988
19,1.375000,0.1791105,0.4013374,0.0045003,0.2244875,0.0020012
19,1.379167,0.1793345,0.3993634,0.0044979,0.2207288,0.0019987
19,1.383333,0.1795585,0.3974145,0.0044999,0.2170149,0.0020003
19,1.387500,0.1797736,0.3954823,0.0044972,0.2133381,0.0019974
19,1.391667,0.1799888,0.3935758,0.0044995,0.2097076,0.0019993
19,1.395833,0.1801949,0.3916868,0.0044971,0.2061155,0.0019969
19,1.400000,0.1804010,0.3898244,0.0044998,0.2025712,0.0019999
19,1.404167,0.1805979,0.3879794,0.0044979,0.1990650,0.0019968
19,1.408333,0.1807948,0.3861607,0.0045003,0.1956047,0.0019956
19,1.412500,0.1809823,0.3843589,0.0044979,0.1921811,0.0019885
19,1.416667,0.1811699,0.3825841,0.0045000,0.1888050,0.0019864
19,1.420833,0.1813478,0.3808266,0.0044973,0.1852391,0.0019811
19,1.425000,0.1815258,0.3790964,0.0044995,0.1813877,0.0019838
19,1.429167,0.1816941,0.3773838,0.0044972,0.1775804,0.0019863
19,1.433333,0.1818624,0.3756992,0.0044998,0.1738282,0.0019998
19,1.437500,0.1820208,0.3740322,0.0044976,0.1701198,0.0020027
19,1.441667,0.1821792,0.3723930,0.0045003,0.1664641,0.0019985
19,1.445833,0.1823277,0.3707717,0.0044976,0.1628520,0.0019860
19,1.450000,0.1824762,0.3691780,0.0044999,0.1592932,0.0019850
19,1.454167,0.1826145,0.3676023,0.0044971,0.1557786,0.0019947
19,1.458333,0.1827529,0.3660543,0.0044994,0.1523179,0.0020332
19,1.462500,0.1828811,0.3645241,0.0044968,0.1489016,0.0020996
19,1.466667,0.1830092,0.3630219,0.0044997,0.1455404,0.0022138
19,1.470833,0.1831271,0.3615378,0.0044973,0.1422235,0.0023529
19,1.475000,0.1832450,0.3600821,0.0044999,0.1389603,0.0025131
19,1.479167,0.1833525,0.3586445,0.0044974,0.1357410,0.0026915
19,1.483333,0.1834600,0.3572351,0.0044999,0.1325756,0.0029058
19,1.487500,0.1835570,0.3558437,0.0044972,0.1294543,0.0031532
19,1.491667,0.1836541,0.3544798,0.0044999,0.1263865,0.0034521
19,1.495833,0.1837406,0.3531334,0.0044971,0.1233626,0.0038001
19,1.500000,0.1838271,0.3518146,0.0044998,0.1203927,0.0042164
19,1.504167,0.1839031,0.3505136,0.0044972,0.1174666,0.0046882
19,1.508333,0.1839791,0.3492413,0.0044999,0.1145945,0.0052184
19,1.512500,0.1840445,0.3479870,0.0044973,0.1117658,0.0057978
19,1.516667,0.1841099,0.3467606,0.0045000,0.1089903,0.0064381
19,1.520833,0.1841647,0.3455514,0.0044972,0.1062576,0.0071305
19,1.525000,0.1842194,0.3443695,0.0044998,0.1035779,0.0078875
19,1.529167,0.1842636,0.3432041,0.0044970,0.1009399,0.0087005
19,1.533333,0.1843078,0.3420653,0.0044996,0.0983545,0.0095829
19,1.537500,0.1843415,0.3409434,0.0044970,0.0958111,0.0105330
19,1.541667,0.1843750,0.3398499,0.0044996,0.0933210,0.0115660
19,1.545833,0.1843980,0.3387736,0.0044970,0.0908729,0.0126689
19,1.550000,0.1844211,0.3377246,0.0044999,0.0884768,0.0138493
19,1.554167,0.1844335,0.3366918,0.0044972,0.0861217,0.0150939
19,1.558333,0.1844461,0.3356852,0.0044999,0.0838172,0.0164108
19,1.562500,0.1844481,0.3346933,0.0044972,0.0815522,0.0177870
19,1.566667,0.1844501,0.3337266,0.0044997,0.0793366,0.0192307
19,1.570833,0.1844418,0.3327755,0.0044970,0.0771612,0.0207358
19,1.575000,0.1844334,0.3318520,0.0044995,0.0750374,0.0223217
19,1.579167,0.1844148,0.3309448,0.0044972,0.0729538,0.0239831
19,1.583333,0.1843961,0.3300633,0.0044999,0.0709197,0.0257354
19,1.587500,0.1843673,0.3291965,0.0044976,0.0689240,0.0275734
19,1.591667,0.1843385,0.3283540,0.0045002,0.0669759,0.0295122
19,1.595833,0.1842996,0.3275248,0.0044976,0.0650644,0.0315467
19,1.600000,0.1842606,0.3267179,0.0044998,0.0631982,0.0336918
19,1.604167,0.1842118,0.3259256,0.0044970,0.0613700,0.0359490
19,1.608333,0.1841630,0.3251588,0.0044995,0.0595903,0.0383340
19,1.612500,0.1841044,0.3244071,0.0044972,0.0578485,0.0408333
19,1.616667,0.1840459,0.3236791,0.0044999,0.0561529,0.0434531
19,1.620833,0.1839777,0.3229639,0.0044978,0.0544924,0.0457330
19,1.625000,0.1839096,0.3222704,0.0045002,0.0528758,0.0480559
19,1.629167,0.1838320,0.3215879,0.0044978,0.0512919,0.0504662
19,1.633333,0.1837545,0.3209250,0.0044997,0.0497489,0.0529693
19,1.637500,0.1836679,0.3202744,0.0044970,0.0482402,0.0555800
19,1.641667,0.1835812,0.3196472,0.0044992,0.0467768,0.0583259
19,1.645833,0.1834856,0.3190331,0.0044973,0.0453480,0.0611867
19,1.650000,0.1833901,0.3184400,0.0044999,0.0439613,0.0641588
19,1.654167,0.1832858,0.3178577,0.0044981,0.0426064,0.0672208
19,1.658333,0.1831816,0.3172936,0.0045005,0.0412899,0.0703678
19,1.662500,0.1830690,0.3167382,0.0044982,0.0400024,0.0735780
19,1.666667,0.1829564,0.3161983,0.0044997,0.0387499,0.0768451
19,1.670833,0.1828357,0.3156685,0.0044972,0.0375276,0.0801694
19,1.675000,0.1827150,0.3151593,0.0044992,0.0363467,0.0835796
19,1.679167,0.1825866,0.3146610,0.0044976,0.0351968,0.0870719
19,1.683333,0.1824582,0.3141801,0.0045001,0.0340837,0.0906566
19,1.687500,0.1823224,0.3137077,0.0044985,0.0329984,0.0943285
19,1.691667,0.1821865,0.3132494,0.0045006,0.0319459,0.0980959
19,1.695833,0.1820436,0.3127967,0.0044987,0.0309172,0.1019519
19,1.700000,0.1819008,0.3123553,0.0044997,0.0299172,0.1059031
19,1.704167,0.1817513,0.3119210,0.0044973,0.0289430,0.1099428
19,1.708333,0.1816018,0.3115035,0.0044989,0.0280046,0.1140804
19,1.712500,0.1814461,0.3110949,0.0044977,0.0270934,0.1183095
19,1.716667,0.1812903,0.3106992,0.0044998,0.0262134,0.1226353
19,1.720833,0.1811288,0.3103092,0.0044990,0.0253560,0.1270495
19,1.725000,0.1809672,0.3099285,0.0045007,0.0245247,0.1314418
19,1.729167,0.1808003,0.3095503,0.0044992,0.0237122,0.1352904
19,1.733333,0.1806335,0.3091780,0.0044996,0.0229207,0.1392274
19,1.737500,0.1804617,0.3088093,0.0044975,0.0221497,0.1432681
19,1.741667,0.1802900,0.3084519,0.0044989,0.0214070,0.1474267
19,1.745833,0.1801139,0.3081000,0.0044984,0.0206867,0.1516784
19,1.750000,0.1799379,0.3077567,0.0045001,0.0199909,0.1560067
19,1.754167,0.1797580,0.3074164,0.0045000,0.0193135,0.1603856
19,1.758333,0.1795781,0.3070816,0.0045013,0.0186560,0.1647965
19,1.762500,0.1793949,0.3067474,0.0045003,0.0180128,0.1692132
19,1.766667,0.1792118,0.3064157,0.0044999,0.0173854,0.1736153
19,1.770833,0.1790260,0.3060848,0.0044984,0.0167730,0.1780166
19,1.775000,0.1788402,0.3057596,0.0044989,0.0161818,0.1824469
19,1.779167,0.1786523,0.3054374,0.0044990,0.0156083,0.1868962
19,1.783333,0.1784644,0.3051200,0.0045003,0.0150533,0.1913577
19,1.787500,0.1782751,0.3048059,0.0045007,0.0145148,0.1958205
19,1.791667,0.1780859,0.3044957,0.0045014,0.0139922,0.2002757
19,1.795833,0.1778958,0.3041888,0.0045009,0.0134841,0.2047121
19,1.800000,0.1777058,0.3038853,0.0044998,0.0129897,0.2091191
19,1.804167,0.1775157,0.3035858,0.0044985,0.0125113,0.2135242
19,1.808333,0.1773256,0.3032905,0.0044984,0.0120503,0.2179293
19,1.812500,0.1771362,0.3030003,0.0044994,0.0116069,0.2216869
19,1.816667,0.1769468,0.3027141,0.0045002,0.0111789,0.2254297
19,1.820833,0.1767587,0.3024331,0.0045014,0.0107664,0.2291378
19,1.825000,0.1765707,0.3021558,0.0045014,0.0103671,0.2327887
19,1.829167,0.1763848,0.3018842,0.0045018,0.0099817,0.2363630
19,1.833333,0.1761990,0.3016160,0.0044997,0.0096070,0.2398376
19,1.837500,0.1760162,0.3013542,0.0044992,0.0092481,0.2432397
19,1.841667,0.1758334,0.3010967,0.0044983,0.0089042,0.2465971
19,1.845833,0.1756544,0.3008466,0.0045001,0.0085777,0.2499006
19,1.850000,0.1754754,0.3006001,0.0045002,0.0082632,0.2531331
19,1.854167,0.1753011,0.3003618,0.0045025,0.0079643,0.2562861
19,1.858333,0.1751268,0.3001266,0.0045017,0.0076750,0.2593410
19,1.862500,0.1749582,0.2999000,0.0045029,0.0073993,0.2622893
19,1.866667,0.1747895,0.2996759,0.0044997,0.0071301,0.2651113
19,1.870833,0.1746274,0.2994616,0.0044997,0.0068766,0.2678258
19,1.875000,0.1744653,0.2992508,0.0044975,0.0066348,0.2704460
19,1.879167,0.1743107,0.2990507,0.0044998,0.0064105,0.2729740
19,1.883333,0.1741560,0.2988537,0.0044987,0.0061947,0.2753971
19,1.887500,0.1740099,0.2986678,0.0045020,0.0059941,0.2777184
19,1.891667,0.1738638,0.2984845,0.0045005,0.0057988,0.2799235
19,1.895833,0.1737272,0.2983132,0.0045031,0.0056171,0.2820157
19,1.900000,0.1735906,0.2981437,0.0044997,0.0054374,0.2839791
19,1.904167,0.1734645,0.2979872,0.0045012,0.0052724,0.2858218
19,1.908333,0.1733384,0.2978336,0.0044980,0.0051141,0.2875380
19,1.912500,0.1732229,0.2976932,0.0045007,0.0049719,0.2891429
19,1.916667,0.1731074,0.2975551,0.0044984,0.0048341,0.2906300
19,1.920833,0.1730027,0.2974300,0.0045016,0.0047105,0.2920141
19,1.925000,0.1728980,0.2973067,0.0044994,0.0045892,0.2932886
19,1.929167,0.1728041,0.2971957,0.0045024,0.0044797,0.2944681
19,1.933333,0.1727102,0.2970859,0.0044997,0.0043703,0.2955455
19,1.937500,0.1726272,0.2969888,0.0045022,0.0042727,0.2965123
19,1.941667,0.1725442,0.2968940,0.0044994,0.0041776,0.2973454
19,1.945833,0.1724721,0.2968120,0.0045022,0.0040956,0.2980703
19,1.950000,0.1724001,0.2967316,0.0044995,0.0040153,0.2986908
19,1.954167,0.1723391,0.2966635,0.0045024,0.0039473,0.2992325
19,1.958333,0.1722780,0.2965963,0.0044997,0.0038804,0.2996990
19,1.962500,0.1722280,0.2965410,0.0045026,0.0038251,0.3001161
19,1.966667,0.1721780,0.2964860,0.0044997,0.0037702,0.3004873
19,1.970833,0.1721391,0.2964431,0.0045000,0.0037273,0.3007855
19,1.975000,0.1721002,0.2964017,0.0044912,0.0036859,0.3009693
19,1.979167,0.1720723,0.2963724,0.0044867,0.0036566,0.3010760
19,1.983333,0.1720445,0.2963440,0.0044774,0.0036283,0.3011211
19,1.987500,0.1720278,0.2963271,0.0044763,0.0036114,0.3011419
19,1.991667,0.1720111,0.2963105,0.0044746,0.0035947,0.3011541
19,1.995833,0.1720055,0.2963046,0.0044854,0.0035888,0.3011949
19,2.000000,0.1720000,0.2962981,0.0044997,0.0035825,0.3012799
20,0.000000,0.1720000,0.2962981,0.0044997,0.0035824,0.3012798
20,0.004167,0.1720046,0.2963034,0.0044879,0.0035876,0.3012052
20,0.008333,0.1720092,0.2963082,0.0044790,0.0035924,0.3011699
20,0.012500,0.1720230,0.2963220,0.0044803,0.0036063,0.3011595
20,0.016667,0.1720368,0.2963360,0.0044812,0.0036202,0.3011412
20,0.020833,0.1720598,0.2963594,0.0044890,0.0036435,0.3011007
20,0.025000,0.1720828,0.2963834,0.0044927,0.0036677,0.3010053
20,0.029167,0.1721150,0.2964175,0.0044999,0.0037018,0.3008406
20,0.033333,0.1721471,0.2964527,0.0044997,0.0037370,0.3005740
20,0.037500,0.1721885,0.2964977,0.0045021,0.0037819,0.3002422
20,0.041667,0.1722298,0.2965432,0.0044997,0.0038274,0.2998704
20,0.045833,0.1722803,0.2965982,0.0045020,0.0038824,0.2994542
20,0.050000,0.1723308,0.2966541,0.0044995,0.0039383,0.2989709
20,0.054167,0.1723904,0.2967200,0.0045019,0.0040041,0.2984158
20,0.058333,0.1724500,0.2967870,0.0044997,0.0040711,0.2977662
20,0.062500,0.1725186,0.2968647,0.0045020,0.0041488,0.2970178
20,0.066667,0.1725873,0.2969441,0.0044998,0.0042284,0.2961476
20,0.070833,0.1726650,0.2970336,0.0045021,0.0043173,0.2951770
20,0.075000,0.1727427,0.2971244,0.0044997,0.0044064,0.2941153
20,0.079167,0.1728294,0.2972251,0.0045017,0.0045052,0.2929672
20,0.083333,0.1729161,0.2973273,0.0044994,0.0046056,0.2917190
20,0.087500,0.1730117,0.2974400,0.0045014,0.0047174,0.2903750
20,0.091667,0.1731074,0.2975543,0.0044992,0.0048325,0.2889216
20,0.095833,0.1732119,0.2976797,0.0045016,0.0049605,0.2873627
20,0.100000,0.1733164,0.2978073,0.0044996,0.0050940,0.2856845
20,0.104167,0.1734298,0.2979457,0.0045020,0.0052387,0.2838930
20,0.108333,0.1735432,0.2980856,0.0044993,0.0053844,0.2819833
20,0.112500,0.1736653,0.2982357,0.0045007,0.0055412,0.2799683
20,0.116667,0.1737873,0.2983880,0.0044980,0.0057022,0.2778434
20,0.120833,0.1739175,0.2985505,0.0044995,0.0058772,0.2756209
20,0.125000,0.1740477,0.2987151,0.0044976,0.0060595,0.2732960
20,0.129167,0.1741852,0.2988898,0.0044999,0.0062583,0.2708796
20,0.133333,0.1743227,0.2990671,0.0044997,0.0064679,0.2683675
20,0.137500,0.1744668,0.2992530,0.0045025,0.0066917,0.2657516
20,0.141667,0.1746109,0.2994402,0.0045013,0.0069203,0.2630160
20,0.145833,0.1747608,0.2996353,0.0045022,0.0071613,0.2601770
20,0.150000,0.1749108,0.2998328,0.0045000,0.0074110,0.2572389
20,0.154167,0.1750658,0.3000387,0.0045003,0.0076764,0.2542168
20,0.158333,0.1752209,0.3002485,0.0044985,0.0079543,0.2511152
20,0.162500,0.1753803,0.3004669,0.0044997,0.0082510,0.2479479
20,0.166667,0.1755398,0.3006905,0.0044997,0.0085642,0.2447198
20,0.170833,0.1757031,0.3009211,0.0045018,0.0088937,0.2414081
20,0.175000,0.1758663,0.3011539,0.0045012,0.0092327,0.2379889
20,0.179167,0.1760327,0.3013930,0.0045015,0.0095864,0.2344833
20,0.183333,0.1761990,0.3016364,0.0045001,0.0099540,0.2309066
20,0.187500,0.1763678,0.3018876,0.0044998,0.0103401,0.2272797
20,0.191667,0.1765367,0.3021455,0.0044988,0.0107447,0.2236184
20,0.195833,0.1767074,0.3024129,0.0044992,0.0111717,0.2199427
20,0.200000,0.1768781,0.3026890,0.0044998,0.0116216,0.2162690
20,0.204167,0.1770501,0.3029733,0.0045011,0.0120922,0.2125765
20,0.208333,0.1772221,0.3032628,0.0045009,0.0125787,0.2088386
20,0.212500,0.1773948,0.3035592,0.0045007,0.0130836,0.2048528
20,0.216667,0.1775675,0.3038627,0.0044999,0.0136083,0.2004436
20,0.220833,0.1777403,0.3041748,0.0044992,0.0141551,0.1960181
20,0.225000,0.1779132,0.3044960,0.0044988,0.0147258,0.1915911
20,0.229167,0.1780857,0.3048270,0.0044987,0.0153217,0.1871765
20,0.233333,0.1782582,0.3051694,0.0044996,0.0159455,0.1827889
20,0.237500,0.1784298,0.3055204,0.0045003,0.0165931,0.1784142
20,0.241667,0.1786015,0.3058797,0.0045008,0.0172627,0.1740370
20,0.245833,0.1787717,0.3062465,0.0045001,0.0179544,0.1696649
20,0.250000,0.1789420,0.3066230,0.0045000,0.0186709,0.1653078
20,0.254167,0.1791104,0.3070084,0.0044988,0.0194129,0.1609717
20,0.258333,0.1792788,0.3074056,0.0044990,0.0201834,0.1566657
20,0.262500,0.1794449,0.3078129,0.0044984,0.0209818,0.1523942
20,0.266667,0.1796111,0.3082337,0.0044997,0.0218125,0.1481652
20,0.270833,0.1797745,0.3086637,0.0044998,0.0226699,0.1439473
20,0.275000,0.1799379,0.3091045,0.0045006,0.0235544,0.1397272
20,0.279167,0.1800981,0.3095533,0.0044995,0.0244642,0.1355266
20,0.283333,0.1802583,0.3100143,0.0044999,0.0254039,0.1313733
20,0.287500,0.1804150,0.3104846,0.0044984,0.0263714,0.1272880
20,0.291667,0.1805717,0.3109688,0.0044989,0.0273719,0.1232985
20,0.295833,0.1807245,0.3114634,0.0044979,0.0284024,0.1194240
20,0.300000,0.1808773,0.3119733,0.0044997,0.0294689,0.1156917
20,0.304167,0.1810257,0.3124930,0.0044993,0.0305650,0.1119368
20,0.308333,0.1811741,0.3130254,0.0045006,0.0316924,0.1077904
20,0.312500,0.1813179,0.3135666,0.0044991,0.0328484,0.1037519
20,0.316667,0.1814617,0.3141219,0.0044999,0.0340382,0.0998205
20,0.320833,0.1816005,0.3146872,0.0044981,0.0352585,0.0959851
20,0.325000,0.1817393,0.3152679,0.0044991,0.0365152,0.0922435
20,0.329167,0.1818728,0.3158592,0.0044978,0.0378044,0.0885824
20,0.333333,0.1820063,0.3164676,0.0044996,0.0391326,0.0849984
20,0.337500,0.1821342,0.3170858,0.0044989,0.0404924,0.0814857
20,0.341667,0.1822620,0.3177187,0.0045005,0.0418881,0.0780581
20,0.345833,0.1823840,0.3183613,0.0044987,0.0433149,0.0747116
20,0.350000,0.1825060,0.3190194,0.0044999,0.0447791,0.0714537
20,0.354167,0.1826218,0.3196879,0.0044980,0.0462761,0.0682790
20,0.358333,0.1827376,0.3203731,0.0044993,0.0478125,0.0651944
20,0.362500,0.1828470,0.3210694,0.0044977,0.0493834,0.0621930
20,0.366667,0.1829564,0.3217838,0.0044997,0.0509959,0.0592807
20,0.370833,0.1830591,0.3225085,0.0044984,0.0526421,0.0564337
20,0.375000,0.1831618,0.3232495,0.0045003,0.0543277,0.0536500
20,0.379167,0.1832576,0.3240004,0.0044984,0.0560468,0.0509332
20,0.383333,0.1833534,0.3247683,0.0044999,0.0578065,0.0483004
20,0.387500,0.1834422,0.3255468,0.0044979,0.0596007,0.0457542
20,0.391667,0.1835308,0.3263433,0.0044995,0.0614372,0.0433115
20,0.395833,0.1836122,0.3271510,0.0044976,0.0633095,0.0409741
20,0.400000,0.1836936,0.3279775,0.0044997,0.0652257,0.0387579
20,0.404167,0.1837675,0.3288149,0.0044981,0.0671777,0.0366343
20,0.408333,0.1838414,0.3296699,0.0045000,0.0691720,0.0345893
20,0.412500,0.1839076,0.3305348,0.0044980,0.0712016,0.0326238
20,0.416667,0.1839739,0.3314181,0.0044999,0.0732745,0.0307536
20,0.420833,0.1840323,0.3323121,0.0044976,0.0753839,0.0289789
20,0.425000,0.1840907,0.3332250,0.0044995,0.0775374,0.0268957
20,0.429167,0.1841411,0.3341489,0.0044975,0.0797280,0.0249038
20,0.433333,0.1841916,0.3350925,0.0044997,0.0819641,0.0230492
20,0.437500,0.1842339,0.3360471,0.0044978,0.0842374,0.0213226
20,0.441667,0.1842763,0.3370199,0.0045000,0.0865556,0.0197188
20,0.445833,0.1843104,0.3380033,0.0044978,0.0889106,0.0182203
20,0.450000,0.1843445,0.3390056,0.0044998,0.0913111,0.0168254
20,0.454167,0.1843703,0.3400190,0.0044975,0.0937493,0.0155163
20,0.458333,0.1843961,0.3410515,0.0044996,0.0962333,0.0142919
20,0.462500,0.1844135,0.3420953,0.0044975,0.0987551,0.0131340
20,0.466667,0.1844309,0.3431590,0.0044997,0.1013238,0.0120420
20,0.470833,0.1844397,0.3442336,0.0044977,0.1039306,0.0110051
20,0.475000,0.1844487,0.3453274,0.0044999,0.1065842,0.0100351
20,0.479167,0.1844489,0.3464319,0.0044978,0.1092762,0.0091232
20,0.483333,0.1844492,0.3475556,0.0044999,0.1120147,0.0082775
20,0.487500,0.1844409,0.3486903,0.0044976,0.1147918,0.0074893
20,0.491667,0.1844326,0.3498446,0.0044997,0.1176159,0.0067673
20,0.495833,0.1844156,0.3510100,0.0044975,0.1204782,0.0061026
20,0.500000,0.1843986,0.3521953,0.0044997,0.1233878,0.0055044
20,0.504167,0.1843728,0.3533916,0.0044975,0.1263361,0.0049645
20,0.508333,0.1843471,0.3546072,0.0044997,0.1293322,0.0044889
20,0.512500,0.1843126,0.3558337,0.0044977,0.1323678,0.0040633
20,0.516667,0.1842782,0.3570795,0.0044998,0.1354505,0.0036912
20,0.520833,0.1842349,0.3583362,0.0044976,0.1385722,0.0033592
20,0.525000,0.1841917,0.3596125,0.0044997,0.1417410,0.0030714
20,0.529167,0.1841397,0.3608996,0.0044976,0.1449481,0.0028145
20,0.533333,0.1840877,0.3622064,0.0044998,0.1482023,0.0025934
20,0.537500,0.1840270,0.3635240,0.0044976,0.1514954,0.0024101
20,0.541667,0.1839662,0.3648611,0.0044997,0.1548369,0.0022802
20,0.545833,0.1838967,0.3662088,0.0044976,0.1582176,0.0021855
20,0.550000,0.1838271,0.3675758,0.0044999,0.1616458,0.0021255
20,0.554167,0.1837489,0.3689535,0.0044977,0.1651129,0.0020824
20,0.558333,0.1836707,0.3703505,0.0044998,0.1686266,0.0020561
20,0.562500,0.1835838,0.3717577,0.0044976,0.1721778,0.0020292
20,0.566667,0.1834968,0.3731843,0.0044997,0.1757749,0.0020015
20,0.570833,0.1834013,0.3746213,0.0044974,0.1794106,0.0019712
20,0.575000,0.1833057,0.3760776,0.0044997,0.1826349,0.0019604
20,0.579167,0.1832015,0.3775441,0.0044976,0.1857643,0.0019567
20,0.583333,0.1830974,0.3790297,0.0044999,0.1889349,0.0019650
20,0.587500,0.1829847,0.3805254,0.0044979,0.1921377,0.0019736
20,0.591667,0.1828720,0.3820398,0.0044999,0.1953806,0.0019873
20,0.595833,0.1827508,0.3835641,0.0044979,0.1986549,0.0019943
20,0.600000,0.1826296,0.3851070,0.0044997,0.2019685,0.0019999
20,0.604167,0.1825001,0.3866598,0.0044974,0.2053139,0.0019974
20,0.608333,0.1823705,0.3882311,0.0044996,0.2087007,0.0019995
20,0.612500,0.1822326,0.3898128,0.0044976,0.2121202,0.0019977
20,0.616667,0.1820948,0.3914123,0.0044998,0.2155795,0.0020000
20,0.620833,0.1819487,0.3930217,0.0044979,0.2190700,0.0019981
20,0.625000,0.1818026,0.3946488,0.0045001,0.2225994,0.0020004
20,0.629167,0.1816485,0.3962852,0.0044981,0.2261587,0.0019982
20,0.633333,0.1814943,0.3979391,0.0044998,0.2297555,0.0019998
20,0.637500,0.1813321,0.3996024,0.0044974,0.2333830,0.0019973
20,0.641667,0.1811699,0.4012833,0.0044995,0.2370501,0.0019993
20,0.645833,0.1809998,0.4029740,0.0044976,0.2407490,0.0019977
20,0.650000,0.1808297,0.4046817,0.0044998,0.2444858,0.0020000
20,0.654167,0.1806519,0.4063985,0.0044982,0.2482522,0.0019985
20,0.658333,0.1804740,0.4081318,0.0045001,0.2520552,0.0020006
20,0.662500,0.1802885,0.4098736,0.0044983,0.2558860,0.0019985
20,0.666667,0.1801030,0.4116316,0.0044996,0.2597520,0.0019998
20,0.670833,0.1799100,0.4133983,0.0044976,0.2636465,0.0019973
20,0.675000,0.1797170,0.4151816,0.0044995,0.2675787,0.0019992
20,0.679167,0.1795166,0.4169738,0.0044977,0.2715403,0.0019976
20,0.683333,0.1793163,0.4187817,0.0044996,0.2755374,0.0020000
20,0.687500,0.1791087,0.4205981,0.0044981,0.2795620,0.0019987
20,0.691667,0.1789011,0.4224294,0.0045002,0.2836199,0.0020007
20,0.695833,0.1786865,0.4242686,0.0044983,0.2877035,0.0019988
20,0.700000,0.1784718,0.4261220,0.0044996,0.2916963,0.0019996
20,0.704167,0.1782502,0.4279834,0.0044976,0.2950886,0.0019965
20,0.708333,0.1780287,0.4298599,0.0044993,0.2985113,0.0019966
20,0.712500,0.1778004,0.4317444,0.0044978,0.3019570,0.0019936
20,0.716667,0.1775720,0.4336433,0.0044998,0.3054312,0.0019942
20,0.720833,0.1773372,0.4355496,0.0044985,0.3089267,0.0019922
20,0.725000,0.1771022,0.4374691,0.0045001,0.3124489,0.0019946
20,0.729167,0.1768609,0.4393952,0.0044986,0.3159903,0.0019950
20,0.733333,0.1766196,0.4413341,0.0044998,0.3195568,0.0020003
20,0.737500,0.1763721,0.4432798,0.0044978,0.3231434,0.0020025
20,0.741667,0.1761245,0.4452389,0.0044994,0.3267574,0.0020072
20,0.745833,0.1758710,0.4472051,0.0044981,0.3303920,0.0020098
20,0.750000,0.1756174,0.4491840,0.0044998,0.3340522,0.0020176
20,0.754167,0.1753579,0.4511688,0.0044987,0.3377308,0.0020259
20,0.758333,0.1750985,0.4531654,0.0045002,0.3414328,0.0020420
20,0.762500,0.1748334,0.4551672,0.0044986,0.3451515,0.0020612
20,0.766667,0.1745682,0.4571797,0.0044996,0.3488913,0.0020904
20,0.770833,0.1742976,0.4591978,0.0044977,0.3526481,0.0021220
20,0.775000,0.1740269,0.4612274,0.0044992,0.3564291,0.0021596
20,0.779167,0.1737510,0.4632629,0.0044982,0.3602277,0.0021994
20,0.783333,0.1734751,0.4653092,0.0044998,0.3640483,0.0022476
20,0.787500,0.1731941,0.4673602,0.0044988,0.3678842,0.0023006
20,0.791667,0.1729131,0.4694207,0.0045004,0.3703226,0.0023648
20,0.795833,0.1726272,0.4714851,0.0044991,0.3722000,0.0024360
20,0.800000,0.1723413,0.4735581,0.0044998,0.3740864,0.0025208
20,0.804167,0.1720507,0.4756352,0.0044981,0.3759776,0.0026118
20,0.808333,0.1717601,0.4777220,0.0044991,0.3778790,0.0027121
20,0.812500,0.1714650,0.4798133,0.0044982,0.3797854,0.0028181
20,0.816667,0.1711699,0.4819129,0.0044997,0.3817010,0.0029356
20,0.820833,0.1708705,0.4840161,0.0044990,0.3836209,0.0030614
20,0.825000,0.1705712,0.4861264,0.0045003,0.3855489,0.0032009
20,0.829167,0.1702677,0.4882393,0.0044991,0.3874803,0.0033508
20,0.833333,0.1699643,0.4903583,0.0044995,0.3894188,0.0035166
20,0.837500,0.1696570,0.4924800,0.0044980,0.3913611,0.0036922
20,0.841667,0.1693497,0.4946091,0.0044991,0.3933116,0.0038790
20,0.845833,0.1690387,0.4967412,0.0044983,0.3952663,0.0040747
20,0.850000,0.1687278,0.4988793,0.0044997,0.3972281,0.0042842
20,0.854167,0.1684134,0.5010194,0.0044993,0.3991930,0.0045046
20,0.858333,0.1680990,0.5031643,0.0045004,0.4011641,0.0047404
20,0.862500,0.1677814,0.5053101,0.0044994,0.4031374,0.0049893
20,0.866667,0.1674638,0.5074595,0.0044996,0.4051158,0.0052556
20,0.870833,0.1671431,0.5096102,0.0044984,0.4070968,0.0055341
20,0.875000,0.1668225,0.5117659,0.0044990,0.4090841,0.0058260
20,0.879167,0.1664991,0.5139229,0.0044987,0.4110742,0.0061294
20,0.883333,0.1661756,0.5160837,0.0044997,0.4129880,0.0064475
20,0.887500,0.1658496,0.5182447,0.0044996,0.4147333,0.0067789
20,0.891667,0.1655236,0.5204082,0.0045005,0.4164813,0.0071266
20,0.895833,0.1651952,0.5225707,0.0044997,0.4182293,0.0074891
20,0.900000,0.1648668,0.5247346,0.0044996,0.4199792,0.0078695
20,0.904167,0.1645362,0.5268979,0.0044986,0.4217292,0.0082641
20,0.908333,0.1642056,0.5290636,0.0044990,0.4234824,0.0086739
20,0.912500,0.1638730,0.5312291,0.0044988,0.4252360,0.0090970
20,0.916667,0.1635405,0.5333958,0.0044996,0.4269914,0.0095359
20,0.920833,0.1632062,0.5355611,0.0044996,0.4287466,0.0099895
20,0.925000,0.1628720,0.5377261,0.0045001,0.4305026,0.0104595
20,0.929167,0.1625361,0.5398889,0.0044998,0.4322573,0.0109452
20,0.933333,0.1622003,0.5420500,0.0044995,0.4340119,0.0114483
20,0.937500,0.1618631,0.5442089,0.0044986,0.4357656,0.0119672
20,0.941667,0.1615259,0.5463679,0.0044988,0.4375203,0.0125023
20,0.945833,0.1611876,0.5485248,0.0044989,0.4392743,0.0130526
20,0.950000,0.1608493,0.5506803,0.0044995,0.4410283,0.0136191
20,0.954167,0.1605101,0.5528328,0.0044998,0.4427808,0.0142011
20,0.958333,0.1601708,0.5549826,0.0045002,0.4445320,0.0147995
20,0.962500,0.1598308,0.5571280,0.0045001,0.4462807,0.0154135
20,0.966667,0.1594908,0.5592693,0.0044997,0.4480273,0.0160441
20,0.970833,0.1591502,0.5614069,0.0044990,0.4497718,0.0166907
20,0.975000,0.1588097,0.5635417,0.0044990,0.4515153,0.0173544
20,0.979167,0.1584688,0.5656730,0.0044991,0.4532569,0.0180342
20,0.983333,0.1581279,0.5678002,0.0044997,0.4549963,0.0187305
20,0.987500,0.1577868,0.5699224,0.0045000,0.4567331,0.0194428
20,0.991667,0.1574457,0.5720396,0.0045002,0.4584667,0.0201706
20,0.995833,0.1571046,0.5741507,0.0045002,0.4601966,0.0209141
20,1.000000,0.1567635,0.5762551,0.0044997,0.4619222,0.0216728
20,1.004167,0.1564226,0.5783542,0.0044992,0.4636447,0.0224476
20,1.008333,0.1560817,0.5804480,0.0044990,0.4653640,0.0232389
20,1.012500,0.1557412,0.5825366,0.0044992,0.4670804,0.0240470
20,1.016667,0.1554007,0.5846186,0.0044996,0.4687926,0.0248709
20,1.020833,0.1550606,0.5866941,0.0045000,0.4705009,0.0257107
20,1.025000,0.1547206,0.5887617,0.0045002,0.4722040,0.0265654
20,1.029167,0.1543812,0.5908219,0.0045003,0.4739023,0.0274354
20,1.033333,0.1540419,0.5928729,0.0044996,0.4755944,0.0283193
20,1.037500,0.1537034,0.5949167,0.0044995,0.4772819,0.0292186
20,1.041667,0.1533649,0.5969529,0.0044991,0.4789644,0.0301335
20,1.045833,0.1530274,0.5989822,0.0044994,0.4806426,0.0310647
20,1.050000,0.1526899,0.6010023,0.0044994,0.4823149,0.0320106
20,1.054167,0.1523535,0.6030145,0.0045001,0.4839819,0.0329719
20,1.058333,0.1520171,0.6050165,0.0045001,0.4856419,0.0339470
20,1.062500,0.1516820,0.6070092,0.0045004,0.4872957,0.0349367
20,1.066667,0.1513469,0.6089909,0.0044997,0.4889418,0.0359391
20,1.070833,0.1510132,0.6109633,0.0044995,0.4905818,0.0369558
20,1.075000,0.1506794,0.6129262,0.0044991,0.4922153,0.0379869
20,1.079167,0.1503472,0.6148802,0.0044995,0.4938430,0.0390329
20,1.083333,0.1500150,0.6168234,0.0044994,0.4954632,0.0400922
20,1.087500,0.1496845,0.6187565,0.0045001,0.4970766,0.0411661
20,1.091667,0.1493539,0.6206778,0.0044999,0.4986815,0.0422521
20,1.095833,0.1490251,0.6225878,0.0045002,0.5002789,0.0433518
20,1.100000,0.1486962,0.6244850,0.0044996,0.5018668,0.0444627
20,1.104167,0.1483693,0.6263714,0.0044997,0.5034475,0.0455869
20,1.108333,0.1480423,0.6282459,0.0044992,0.5050200,0.0467232
20,1.112500,0.1477172,0.6301101,0.0044997,0.5065854,0.0478734
20,1.116667,0.1473922,0.6319614,0.0044994,0.5081416,0.0490349
20,1.120833,0.1470691,0.6338014,0.0045000,0.5096900,0.0502093
20,1.125000,0.1467460,0.6356274,0.0044998,0.5112282,0.0513943
20,1.129167,0.1464250,0.6374410,0.0045002,0.5127578,0.0525916
20,1.133333,0.1461040,0.6392395,0.0044995,0.5142762,0.0537983
20,1.137500,0.1457852,0.6410260,0.0044997,0.5157864,0.0550169
20,1.141667,0.1454663,0.6427990,0.0044992,0.5172867,0.0562455
20,1.145833,0.1451496,0.6445599,0.0044997,0.5187789,0.0574864
20,1.150000,0.1448330,0.6463063,0.0044994,0.5202602,0.0587364
20,1.154167,0.1445185,0.6480400,0.0045002,0.5217327,0.0599978
20,1.158333,0.1442041,0.6497580,0.0044997,0.5231935,0.0612677
20,1.162500,0.1438918,0.6514624,0.0045003,0.5246447,0.0625479
20,1.166667,0.1435797,0.6531501,0.0044997,0.5260833,0.0638355
20,1.170833,0.1432697,0.6548244,0.0045000,0.5275125,0.0651333
20,1.175000,0.1429598,0.6564835,0.0044996,0.5289304,0.0664391
20,1.179167,0.1426521,0.6581295,0.0044999,0.5303391,0.0677550
20,1.183333,0.1423444,0.6597593,0.0044993,0.5317357,0.0690784
20,1.187500,0.1420390,0.6613753,0.0045000,0.5331224,0.0704107
20,1.191667,0.1417336,0.6629741,0.0044995,0.5344961,0.0717493
20,1.195833,0.1414304,0.6645579,0.0045001,0.5358590,0.0730960
20,1.200000,0.1411273,0.6661240,0.0044995,0.5372084,0.0744480
20,1.204167,0.1408263,0.6676754,0.0045000,0.5385472,0.0758082
20,1.208333,0.1405253,0.6692105,0.0044994,0.5398737,0.0771745
20,1.212500,0.1402265,0.6707311,0.0045000,0.5411897,0.0785484
20,1.216667,0.1399277,0.6722345,0.0044994,0.5424926,0.0799275
20,1.220833,0.1396310,0.6737224,0.0045000,0.5437844,0.0813134
20,1.225000,0.1393343,0.6751925,0.0044994,0.5450624,0.0827033
20,1.229167,0.1390396,0.6766466,0.0045001,0.5463285,0.0840990
20,1.233333,0.1387450,0.6780820,0.0044997,0.5475803,0.0854975
20,1.237500,0.1384522,0.6795015,0.0044947,0.5488202,0.0869016
20,1.241667,0.1381595,0.6809038,0.0044808,0.5500470,0.0883100
20,1.245833,0.1378686,0.6822903,0.0044647,0.5512621,0.0897239
20,1.250000,0.1375777,0.6836587,0.0044490,0.5524635,0.0911407
20,1.254167,0.1372884,0.6850109,0.0044406,0.5536525,0.0925618
20,1.258333,0.1369993,0.6863444,0.0044426,0.5548271,0.0939846
20,1.262500,0.1367116,0.6876607,0.0044611,0.5559887,0.0954104
20,1.266667,0.1364240,0.6889579,0.0044996,0.5571354,0.0968366
20,1.270833,0.1361378,0.6902382,0.0045557,0.5582692,0.0982659
20,1.275000,0.1358517,0.6915004,0.0046221,0.5593892,0.0996975
20,1.279167,0.1355667,0.6927460,0.0047010,0.5604964,0.1011320
20,1.283333,0.1352818,0.6939731,0.0047920,0.5615893,0.1025673
20,1.287500,0.1349979,0.6951827,0.0047573,0.5626687,0.1040042
20,1.291667,0.1347141,0.6963735,0.0046548,0.5637333,0.1054405
20,1.295833,0.1344311,0.6975461,0.0045687,0.5647839,0.1068771
20,1.300000,0.1341481,0.6986992,0.0044995,0.5658191,0.1083117
20,1.304167,0.1338657,0.6998343,0.0044534,0.5668404,0.1097466
20,1.308333,0.1335834,0.7009515,0.0044316,0.5678473,0.1111819
20,1.312500,0.1333015,0.7020506,0.0044285,0.5688405,0.1126176
20,1.316667,0.1330196,0.7031312,0.0044384,0.5698189,0.1140522
20,1.320833,0.1327378,0.7041934,0.0044562,0.5707828,0.1154854
20,1.325000,0.1324561,0.7052366,0.0044758,0.5717317,0.1169160
20,1.329167,0.1321741,0.7062608,0.0044921,0.5726654,0.1183436
20,1.333333,0.1318923,0.7072656,0.0044994,0.5735837,0.1197673
20,1.337500,0.1316100,0.7082515,0.0044997,0.5744869,0.1211881
20,1.341667,0.1313277,0.7092193,0.0044999,0.5753757,0.1226079
20,1.345833,0.1310447,0.7101682,0.0044993,0.5762493,0.1240249
20,1.350000,0.1307617,0.7110987,0.0044991,0.5771083,0.1254394
20,1.354167,0.1304776,0.7120098,0.0044984,0.5779448,0.1268493
20,1.358333,0.1301935,0.7129022,0.0044985,0.5785604,0.1282550
20,1.362500,0.1299079,0.7137744,0.0044983,0.5791603,0.1296542
20,1.366667,0.1296224,0.7146280,0.0044995,0.5797461,0.1310478
20,1.370833,0.1293351,0.7154615,0.0044997,0.5803162,0.1324354
20,1.375000,0.1290478,0.7162774,0.0045001,0.5808729,0.1338202
20,1.379167,0.1287583,0.7170731,0.0044991,0.5814138,0.1351996
20,1.383333,0.1284688,0.7178509,0.0044993,0.5819413,0.1365748
20,1.387500,0.1281767,0.7186083,0.0044980,0.5824526,0.1379426
20,1.391667,0.1278845,0.7193476,0.0044985,0.5829502,0.1393041
20,1.395833,0.1275893,0.7200658,0.0044978,0.5834311,0.1406566
20,1.400000,0.1272941,0.7207659,0.0044996,0.5838983,0.1420014
20,1.404167,0.1269954,0.7214451,0.0044996,0.5843486,0.1433375
20,1.408333,0.1266966,0.7221069,0.0045010,0.5847860,0.1446696
20,1.412500,0.1263939,0.7227478,0.0044997,0.5852064,0.1459934
20,1.416667,0.1260911,0.7233714,0.0045004,0.5856138,0.1473113
20,1.420833,0.1257838,0.7239732,0.0044988,0.5860036,0.1486188
20,1.425000,0.1254765,0.7245581,0.0044998,0.5863805,0.1499187
20,1.429167,0.1251642,0.7251205,0.0044980,0.5867392,0.1512058
20,1.433333,0.1248518,0.7256659,0.0044995,0.5870850,0.1524839
20,1.437500,0.1245342,0.7261894,0.0044985,0.5874129,0.1537500
20,1.441667,0.1242165,0.7266966,0.0044999,0.5877284,0.1550117
20,1.445833,0.1238936,0.7271824,0.0044989,0.5880265,0.1562624
20,1.450000,0.1235708,0.7276520,0.0045003,0.5883122,0.1575064
20,1.454167,0.1232430,0.7281005,0.0044989,0.5885808,0.1587374
20,1.458333,0.1229152,0.7285329,0.0045000,0.5888371,0.1599591
20,1.462500,0.1225826,0.7289444,0.0044985,0.5890765,0.1611658
20,1.466667,0.1222500,0.7293398,0.0044994,0.5893038,0.1623608
20,1.470833,0.1219127,0.7297152,0.0044981,0.5895146,0.1635420
20,1.475000,0.1215756,0.7300754,0.0044991,0.5897139,0.1647168
20,1.479167,0.1212339,0.7304159,0.0044981,0.5898973,0.1658792
20,1.483333,0.1208923,0.7307415,0.0044994,0.5900693,0.1670328
20,1.487500,0.1205465,0.7310480,0.0044989,0.5902258,0.1681720
20,1.491667,0.1202007,0.7313394,0.0045004,0.5903710,0.1693002
20,1.495833,0.1198508,0.7316121,0.0044993,0.5905008,0.1704120
20,1.500000,0.1195010,0.7318702,0.0045001,0.5906196,0.1715103
20,1.504167,0.1191473,0.7321100,0.0044990,0.5907236,0.1725934
20,1.508333,0.1187936,0.7323361,0.0044998,0.5908172,0.1736675
20,1.512500,0.1184363,0.7325445,0.0044990,0.5908965,0.1747282
20,1.516667,0.1180790,0.7327392,0.0045001,0.5909654,0.1757779
20,1.520833,0.1177183,0.7329168,0.0044995,0.5910205,0.1768123
20,1.525000,0.1173576,0.7330810,0.0045006,0.5910654,0.1778339
20,1.529167,0.1169936,0.7332286,0.0044997,0.5910969,0.1788383
20,1.533333,0.1166297,0.7333629,0.0045000,0.5911183,0.1798277
20,1.537500,0.1162627,0.7334812,0.0044990,0.5911269,0.1808008
20,1.541667,0.1158958,0.7335868,0.0044999,0.5911258,0.1817629
20,1.545833,0.1155260,0.7336773,0.0044992,0.5911125,0.1827105
20,1.550000,0.1151563,0.7337554,0.0045001,0.5910898,0.1836454
20,1.554167,0.1147839,0.7338188,0.0044997,0.5910552,0.1845642
20,1.558333,0.1144116,0.7338701,0.0045004,0.5910115,0.1854687
20,1.562500,0.1140369,0.7339071,0.0044999,0.5909563,0.1863559
20,1.566667,0.1136622,0.7339323,0.0045001,0.5908923,0.1872270
20,1.570833,0.1132853,0.7339439,0.0044993,0.5908172,0.1880813
20,1.575000,0.1129083,0.7339442,0.0044997,0.5907336,0.1889227
20,1.579167,0.1125295,0.7339316,0.0044994,0.5906397,0.1897486
20,1.583333,0.1121506,0.7339082,0.0045001,0.5905375,0.1905606
20,1.587500,0.1117700,0.7338723,0.0044998,0.5904254,0.1913562
20,1.591667,0.1113894,0.7338257,0.0045004,0.5903052,0.1921364
20,1.595833,0.1110073,0.7337674,0.0045000,0.5901756,0.1928993
20,1.600000,0.1106252,0.7336987,0.0045000,0.5900382,0.1936456
20,1.604167,0.1102418,0.7336187,0.0044993,0.5898919,0.1943749
20,1.608333,0.1098583,0.7335290,0.0044997,0.5897381,0.1950897
20,1.612500,0.1094738,0.7334288,0.0044995,0.5895759,0.1957889
20,1.616667,0.1090893,0.7333190,0.0044999,0.5894066,0.1964728
20,1.620833,0.1087039,0.7331994,0.0044999,0.5892293,0.1971405
20,1.625000,0.1083185,0.7330705,0.0045003,0.5890452,0.1977923
20,1.629167,0.1079324,0.7329321,0.0045000,0.5888536,0.1984271
20,1.633333,0.1075464,0.7327850,0.0045000,0.5886553,0.1990455
20,1.637500,0.1071599,0.7326289,0.0044995,0.5884501,0.1996470
20,1.641667,0.1067734,0.7324646,0.0044995,0.5882385,0.2002333
20,1.645833,0.1063867,0.7322920,0.0044997,0.5880206,0.2008037
20,1.650000,0.1060000,0.7321116,0.0045000,0.5877966,0.2013585
20,1.654167,0.1056133,0.7319232,0.0045002,0.5875666,0.2018976
20,1.658333,0.1052265,0.7317274,0.0045003,0.5873308,0.2024207
20,1.662500,0.1048401,0.7315242,0.0045004,0.5870895,0.2029278
20,1.666667,0.1044536,0.7313138,0.0045000,0.5868427,0.2034186
20,1.670833,0.1040675,0.7310968,0.0044998,0.5865909,0.2038936
20,1.675000,0.1036815,0.7308728,0.0044996,0.5863338,0.2043528
20,1.679167,0.1032960,0.7306430,0.0044999,0.5860722,0.2047967
20,1.683333,0.1029106,0.7304066,0.0044999,0.5858055,0.2052248
20,1.687500,0.1025261,0.7301646,0.0045005,0.5855349,0.2056381
20,1.691667,0.1021416,0.7299166,0.0045005,0.5852596,0.2060360
20,1.695833,0.1017582,0.7296635,0.0045007,0.5849805,0.2064196
20,1.700000,0.1013748,0.7294046,0.0045001,0.5846971,0.2067876
20,1.704167,0.1009926,0.7291412,0.0045001,0.5844105,0.2071412
20,1.708333,0.1006105,0.7288724,0.0044997,0.5841197,0.2074791
20,1.712500,0.1002299,0.7285995,0.0045001,0.5838262,0.2078028
20,1.716667,0.0998493,0.7283217,0.0044999,0.5835287,0.2081114
20,1.720833,0.0994705,0.7280405,0.0045007,0.5832291,0.2084067
20,1.725000,0.0990916,0.7277544,0.0045003,0.5829256,0.2086876
20,1.729167,0.0987147,0.7274654,0.0045007,0.5826203,0.2089562
20,1.733333,0.0983378,0.7271717,0.0045000,0.5823116,0.2092109
20,1.737500,0.0979631,0.7268759,0.0045000,0.5820015,0.2094530
20,1.741667,0.0975884,0.7265757,0.0044994,0.5816881,0.2096800
20,1.745833,0.0972160,0.7262737,0.0045003,0.5813738,0.2098948
20,1.750000,0.0968437,0.7259676,0.0045000,0.5810564,0.2100953
20,1.754167,0.0964739,0.7256604,0.0045009,0.5807385,0.2102851
20,1.758333,0.0961042,0.7253494,0.0045003,0.5804178,0.2104619
20,1.762500,0.0957372,0.7250375,0.0045011,0.5800970,0.2106292
20,1.766667,0.0953703,0.7247220,0.0045001,0.5797734,0.2107845
20,1.770833,0.0950063,0.7244064,0.0045005,0.5794503,0.2109299
20,1.775000,0.0946424,0.7240874,0.0044997,0.5791246,0.2110615
20,1.779167,0.0942817,0.7237686,0.0045006,0.5787997,0.2111833
20,1.783333,0.0939210,0.7234467,0.0045001,0.5784725,0.2112928
20,1.787500,0.0935637,0.7231256,0.0045012,0.5781465,0.2113944
20,1.791667,0.0932064,0.7228014,0.0045005,0.5778182,0.2114853
20,1.795833,0.0928527,0.7224786,0.0045014,0.5774916,0.2115700
20,1.800000,0.0924990,0.7221531,0.0045001,0.5771630,0.2116458
20,1.804167,0.0921492,0.7218292,0.0045006,0.5768363,0.2117149
20,1.808333,0.0917993,0.7215028,0.0044997,0.5765079,0.2117720
20,1.812500,0.0914535,0.7211784,0.0045009,0.5761817,0.2118224
20,1.816667,0.0911076,0.7208519,0.0045000,0.5758538,0.2118632
20,1.820833,0.0907660,0.7205275,0.0045013,0.5755286,0.2118994
20,1.825000,0.0904244,0.7202016,0.0045005,0.5752019,0.2119283
20,1.829167,0.0900872,0.7198779,0.0045016,0.5748782,0.2119553
20,1.833333,0.0897500,0.7195528,0.0045001,0.5745531,0.2119767
20,1.837500,0.0894174,0.7192306,0.0045009,0.5742314,0.2119959
20,1.841667,0.0890848,0.7189069,0.0044997,0.5739084,0.2120059
20,1.845833,0.0887570,0.7185866,0.0045010,0.5735891,0.2120133
20,1.850000,0.0884292,0.7182651,0.0045001,0.5732688,0.2120142
20,1.854167,0.0881063,0.7179471,0.0045016,0.5729523,0.2120145
20,1.858333,0.0877835,0.7176280,0.0045005,0.5726349,0.2120110
20,1.862500,0.0874658,0.7173130,0.0045017,0.5723217,0.2120095
20,1.866667,0.0871481,0.7169969,0.0045001,0.5720077,0.2120064
20,1.870833,0.0868358,0.7166853,0.0045011,0.5716982,0.2120062
20,1.875000,0.0865234,0.7163727,0.0044997,0.5713880,0.2120021
20,1.879167,0.0862166,0.7160649,0.0045012,0.5710827,0.2119999
20,1.883333,0.0859098,0.7157564,0.0045000,0.5707767,0.2119944
20,1.887500,0.0856087,0.7154528,0.0045017,0.5704758,0.2119911
20,1.891667,0.0853076,0.7151486,0.0045004,0.5701744,0.2119848
20,1.895833,0.0850123,0.7148497,0.0045019,0.5698783,0.2119817
20,1.900000,0.0847170,0.7145504,0.0045001,0.5695818,0.2119756
20,1.904167,0.0844278,0.7142566,0.0045012,0.5692909,0.2119732
20,1.908333,0.0841385,0.7139623,0.0044997,0.5689996,0.2119681
20,1.912500,0.0838555,0.7136739,0.0045013,0.5687142,0.2119664
20,1.916667,0.0835724,0.7133853,0.0045000,0.5684285,0.2119619
20,1.920833,0.0832957,0.7131026,0.0045019,0.5681489,0.2119607
20,1.925000,0.0830190,0.7128198,0.0045006,0.5678689,0.2119563
20,1.929167,0.0827488,0.7125434,0.0045020,0.5675954,0.2119548
20,1.933333,0.0824786,0.7122666,0.0045002,0.5673217,0.2119499
20,1.937500,0.0822151,0.7119965,0.0045015,0.5670545,0.2119483
20,1.941667,0.0819516,0.7117262,0.0044997,0.5667872,0.2119437
20,1.945833,0.0816948,0.7114627,0.0045016,0.5665265,0.2119427
20,1.950000,0.0814381,0.7111993,0.0044999,0.5662659,0.2119386
20,1.954167,0.0811884,0.7109429,0.0045020,0.5660122,0.2119380
20,1.958333,0.0809386,0.7106864,0.0045005,0.5657583,0.2119339
20,1.962500,0.0806959,0.7104371,0.0045021,0.5655116,0.2119332
20,1.966667,0.0804533,0.7101879,0.0045000,0.5652649,0.2119289
20,1.970833,0.0802178,0.7099459,0.0045015,0.5650254,0.2119280
20,1.975000,0.0799824,0.7097042,0.0044995,0.5647861,0.2119239
20,1.979167,0.0797543,0.7094700,0.0045015,0.5645542,0.2119239
20,1.983333,0.0795263,0.7092359,0.0044999,0.5643224,0.2119199
20,1.987500,0.0793057,0.7090094,0.0045019,0.5640981,0.2119201
20,1.991667,0.0790851,0.7087832,0.0045001,0.5638739,0.2119165
20,1.995833,0.0788722,0.7085648,0.0045020,0.5636574,0.2119165
20,2.000000,0.0786593,0.7083465,0.0045001,0.5634410,0.2119127
20,2.004167,0.0784541,0.7081361,0.0045016,0.5632325,0.2119126
20,2.008333,0.0782488,0.7079260,0.0044996,0.5630242,0.2119089
20,2.012500,0.0780515,0.7077240,0.0045016,0.5628238,0.2119093
20,2.016667,0.0778541,0.7075223,0.0045000,0.5626236,0.2119060
20,2.020833,0.0776648,0.7073288,0.0045021,0.5624315,0.2119066
20,2.025000,0.0774754,0.7071355,0.0045002,0.5622395,0.2119033
20,2.029167,0.0772941,0.7069505,0.0045022,0.5620558,0.2119039
20,2.033333,0.0771128,0.7067657,0.0045000,0.5618722,0.2119005
20,2.037500,0.0769397,0.7065892,0.0045019,0.5616968,0.2119010
20,2.041667,0.0767666,0.7064130,0.0044998,0.5615216,0.2118977
20,2.045833,0.0766018,0.7062454,0.0045019,0.5613551,0.2118986
20,2.050000,0.0764370,0.7060781,0.0044999,0.5611885,0.2118955
20,2.054167,0.0762805,0.7059193,0.0045021,0.5610306,0.2118967
20,2.058333,0.0761240,0.7057607,0.0045002,0.5608726,0.2118936
20,2.062500,0.0759760,0.7056108,0.0045023,0.5607234,0.2118949
20,2.066667,0.0758280,0.7054610,0.0045000,0.5605741,0.2118918
20,2.070833,0.0756886,0.7053198,0.0045019,0.5604336,0.2118929
20,2.075000,0.0755491,0.7051789,0.0044998,0.5602932,0.2118899
20,2.079167,0.0754183,0.7050470,0.0045020,0.5601615,0.2118913
20,2.083333,0.0752875,0.7049152,0.0044999,0.5600301,0.2118886
20,2.087500,0.0751653,0.7047922,0.0045022,0.5599074,0.2118903
20,2.091667,0.0750432,0.7046693,0.0045000,0.5597848,0.2118875
20,2.095833,0.0749298,0.7045553,0.0045023,0.5596710,0.2118893
20,2.100000,0.0748165,0.7044414,0.0045000,0.5595572,0.2118865
20,2.104167,0.0747119,0.7043363,0.0045021,0.5594523,0.2118881
20,2.108333,0.0746074,0.7042315,0.0044999,0.5593476,0.2118854
20,2.112500,0.0745118,0.7041357,0.0045020,0.5592518,0.2118872
20,2.116667,0.0744161,0.7040399,0.0044999,0.5591562,0.2118847
20,2.120833,0.0743294,0.7039532,0.0045022,0.5590694,0.2118866
20,2.125000,0.0742427,0.7038665,0.0045000,0.5589827,0.2118841
20,2.129167,0.0741650,0.7037888,0.0045023,0.5589049,0.2118861
20,2.133333,0.0740873,0.7037110,0.0045000,0.5588273,0.2118835
20,2.137500,0.0740186,0.7036423,0.0045022,0.5587586,0.2121372
20,2.141667,0.0739500,0.7035737,0.0044998,0.5586899,0.2127615
20,2.145833,0.0738904,0.7035140,0.0045020,0.5586303,0.2135683
20,2.150000,0.0738308,0.7034545,0.0044999,0.5585707,0.2143230
20,2.154167,0.0737803,0.7034041,0.0045022,0.5585203,0.2147756
20,2.158333,0.0737298,0.7033536,0.0045000,0.5584698,0.2146491
20,2.162500,0.0736885,0.7033123,0.0045024,0.5584285,0.2137241
20,2.166667,0.0736472,0.7032710,0.0045001,0.5583872,0.2118824
20,2.170833,0.0736150,0.7032387,0.0045002,0.5583550,0.2093141
20,2.175000,0.0735828,0.7032065,0.0044929,0.5583228,0.2066659
20,2.179167,0.0735598,0.7031836,0.0044893,0.5582998,0.2046687
20,2.183333,0.0735368,0.7031606,0.0044816,0.5582768,0.2038514
20,2.187500,0.0735230,0.7031468,0.0044808,0.5582630,0.2044354
20,2.191667,0.0735092,0.7031329,0.0044794,0.5582492,0.2062582
20,2.195833,0.0735045,0.7031284,0.0044883,0.5582445,0.2089113
20,2.200000,0.0734999,0.7031237,0.0045001,0.5582399,0.2118849
21,0.000000,0.1720000,0.2962981,0.0044997,0.0035823,0.3012797
21,0.004167,0.1720000,0.2962972,0.0044997,0.0035815,0.3012793
21,0.008333,0.1720000,0.2962966,0.0044997,0.0035808,0.3012791
21,0.012500,0.1720000,0.2962967,0.0044997,0.0035809,0.3012795
21,0.016667,0.1720000,0.2962968,0.0044997,0.0035810,0.3012799
21,0.020833,0.1720000,0.2962973,0.0044997,0.0035815,0.3012809
21,0.025000,0.1720000,0.2962975,0.0044997,0.0035818,0.3012816
21,0.029167,0.1720000,0.2962981,0.0044997,0.0035823,0.3012829
21,0.033333,0.1720000,0.2962980,0.0044997,0.0035823,0.3012837
21,0.037500,0.1720000,0.2962983,0.0044997,0.0035824,0.3012850
21,0.041667,0.1720000,0.2962981,0.0044997,0.0035822,0.3012860
21,0.045833,0.1720000,0.2962982,0.0044997,0.0035825,0.3012875
21,0.050000,0.1720000,0.2962981,0.0044997,0.0035823,0.3012888
21,0.054167,0.1720000,0.2962982,0.0044997,0.0035824,0.3012906
21,0.058333,0.1720000,0.2962981,0.0044997,0.0035822,0.3012922
21,0.062500,0.1720000,0.2962982,0.0044997,0.0035824,0.3012942
21,0.066667,0.1720000,0.2962981,0.0044997,0.0035822,0.3012960
21,0.070833,0.1720000,0.2962981,0.0044997,0.0035824,0.3012983
21,0.075000,0.1720000,0.2962980,0.0044997,0.0035822,0.3013004
21,0.079167,0.1720000,0.2962981,0.0044997,0.0035823,0.3013031
21,0.083333,0.1720000,0.2962980,0.0044997,0.0035822,0.3013054
21,0.087500,0.1720000,0.2962981,0.0044997,0.0035823,0.3013083
21,0.091667,0.1720000,0.2962979,0.0044997,0.0035821,0.3013110
21,0.095833,0.1720000,0.2962981,0.0044997,0.0035823,0.3013141
21,0.100000,0.1720000,0.2962979,0.0044997,0.0035821,0.3013170
21,0.104167,0.1720000,0.2962981,0.0044997,0.0035823,0.3013205
21,0.108333,0.1720000,0.2962980,0.0044997,0.0035821,0.3013237
21,0.112500,0.1720000,0.2962980,0.0044997,0.0035823,0.3013273
21,0.116667,0.1720000,0.2962978,0.0044997,0.0035820,0.3013309
21,0.120833,0.1720000,0.2962981,0.0044997,0.0035823,0.3013348
21,0.125000,0.1720000,0.2962977,0.0044997,0.0035820,0.3013385
21,0.129167,0.1720000,0.2962979,0.0044997,0.0035822,0.3013428
21,0.133333,0.1720000,0.2962977,0.0044997,0.0035820,0.3013469
21,0.137500,0.1720000,0.2962979,0.0044997,0.0035821,0.3013513
21,0.141667,0.1720000,0.2962977,0.0044997,0.0035819,0.3013556
21,0.145833,0.1720000,0.2962979,0.0044997,0.0035820,0.3013605
21,0.150000,0.1720000,0.2962977,0.0044997,0.0035818,0.3013650
21,0.154167,0.1720000,0.2962979,0.0044997,0.0035821,0.3013701
21,0.158333,0.1720000,0.2962977,0.0044997,0.0035819,0.3013750
21,0.162500,0.1720000,0.2962978,0.0044997,0.0035820,0.3013804
21,0.166667,0.1720000,0.2962976,0.0044997,0.0035818,0.3013856
21,0.170833,0.1720000,0.2962977,0.0044997,0.0035820,0.3013912
21,0.175000,0.1720000,0.2962976,0.0044997,0.0035818,0.3013966
21,0.179167,0.1720000,0.2962978,0.0044997,0.0035820,0.3014026
21,0.183333,0.1720000,0.2962976,0.0044997,0.0035817,0.3014083
21,0.187500,0.1720000,0.2962977,0.0044997,0.0035819,0.3014146
21,0.191667,0.1720000,0.2962975,0.0044997,0.0035817,0.3014207
21,0.195833,0.1720000,0.2962976,0.0044997,0.0035819,0.3014272
21,0.200000,0.1720000,0.2962973,0.0044997,0.0035816,0.3014335
21,0.204167,0.1720000,0.2962975,0.0044997,0.0035817,0.3014403
21,0.208333,0.1720000,0.2962973,0.0044997,0.0035815,0.3014469
21,0.212500,0.1720000,0.2962974,0.0044997,0.0035817,0.3014541
21,0.216667,0.1720000,0.2962973,0.0044997,0.0035815,0.3014610
21,0.220833,0.1720000,0.2962975,0.0044997,0.0035817,0.3014685
21,0.225000,0.1720000,0.2962974,0.0044997,0.0035815,0.3014758
21,0.229167,0.1720000,0.2962974,0.0044997,0.0035816,0.3014834
21,0.233333,0.1720000,0.2962973,0.0044997,0.0035813,0.3014910
21,0.237500,0.1720000,0.2962974,0.0044997,0.0035816,0.3014991
21,0.241667,0.1720000,0.2962971,0.0044997,0.0035813,0.3015069
21,0.245833,0.1720000,0.2962973,0.0044997,0.0035815,0.3015153
21,0.250000,0.1720000,0.2962971,0.0044997,0.0035812,0.3015233
21,0.254167,0.1720000,0.2962973,0.0044997,0.0035814,0.3015319
21,0.258333,0.1720000,0.2962970,0.0044997,0.0035812,0.3015403
21,0.262500,0.1720000,0.2962973,0.0044997,0.0035814,0.3015493
21,0.266667,0.1720000,0.2962970,0.0044997,0.0035812,0.3015581
21,0.270833,0.1720000,0.2962970,0.0044997,0.0035814,0.3015673
21,0.275000,0.1720000,0.2962969,0.0044997,0.0035811,0.3015763
21,0.279167,0.1720000,0.2962970,0.0044997,0.0035813,0.3015858
21,0.283333,0.1720000,0.2962968,0.0044997,0.0035810,0.3015951
21,0.287500,0.1720000,0.2962971,0.0044997,0.0035812,0.3016049
21,0.291667,0.1720000,0.2962969,0.0044997,0.0035811,0.3016146
21,0.295833,0.1720000,0.2962971,0.0044997,0.0035812,0.3016247
21,0.300000,0.1720000,0.2962967,0.0044997,0.0035809,0.3016346
21,0.304167,0.1720000,0.2962970,0.0044997,0.0035812,0.3016450
21,0.308333,0.1720000,0.2962967,0.0044997,0.0035810,0.3016552
21,0.312500,0.1720000,0.2962969,0.0044997,0.0035812,0.3016660
21,0.316667,0.1720000,0.2962967,0.0044997,0.0035809,0.3016766
21,0.320833,0.1720000,0.2962969,0.0044997,0.0035811,0.3016876
21,0.325000,0.1720000,0.2962967,0.0044997,0.0035809,0.3016984
21,0.329167,0.1720000,0.2962967,0.0044997,0.0035811,0.3017098
21,0.333333,0.1720000,0.2962966,0.0044997,0.0035808,0.3017209
21,0.337500,0.1720000,0.2962967,0.0044997,0.0035811,0.3017325
21,0.341667,0.1720000,0.2962966,0.0044997,0.0035808,0.3017440
21,0.345833,0.1720000,0.2962967,0.0044997,0.0035810,0.3017558
21,0.350000,0.1720000,0.2962964,0.0044997,0.0035807,0.3017675
21,0.354167,0.1720000,0.2962967,0.0044997,0.0035810,0.3017797
21,0.358333,0.1720000,0.2962964,0.0044997,0.0035807,0.3017918
21,0.362500,0.1720000,0.2962967,0.0044997,0.0035809,0.3018043
21,0.366667,0.1720000,0.2962964,0.0044997,0.0035807,0.3018166
21,0.370833,0.1720000,0.2962967,0.0044997,0.0035809,0.3018295
21,0.375000,0.1720000,0.2962964,0.0044997,0.0035806,0.3018420
21,0.379167,0.1720000,0.2962966,0.0044997,0.0035808,0.3018552
21,0.383333,0.1720000,0.2962964,0.0044997,0.0035806,0.3018681
21,0.387500,0.1720000,0.2962966,0.0044997,0.0035808,0.3018815
21,0.391667,0.1720000,0.2962964,0.0044997,0.0035806,0.3018947
21,0.395833,0.1720000,0.2962966,0.0044997,0.0035808,0.3019085
21,0.400000,0.1720000,0.2962964,0.0044997,0.0035807,0.3019220
21,0.404167,0.1720000,0.2962966,0.0044997,0.0035809,0.3019360
21,0.408333,0.1720000,0.2962965,0.0044997,0.0035807,0.3019499
21,0.412500,0.1720000,0.2962967,0.0044997,0.0035809,0.3019640
21,0.416667,0.1720000,0.2962964,0.0044997,0.0035806,0.3019781
21,0.420833,0.1720000,0.2962967,0.0044997,0.0035809,0.3019928
21,0.425000,0.1720000,0.2962966,0.0044997,0.0035808,0.3020072
21,0.429167,0.1720000,0.2962967,0.0044997,0.0035809,0.3020220
21,0.433333,0.1720000,0.2962964,0.0044997,0.0035807,0.3020366
21,0.437500,0.1720000,0.2962967,0.0044997,0.0035809,0.3020519
21,0.441667,0.1720000,0.2962967,0.0044997,0.0035808,0.3020668
21,0.445833,0.1720000,0.2962968,0.0044997,0.0035811,0.3020822
21,0.450000,0.1720000,0.2962966,0.0044997,0.0035808,0.3020974
21,0.454167,0.1720000,0.2962968,0.0044997,0.0035810,0.3021130
21,0.458333,0.1720000,0.2962967,0.0044997,0.0035809,0.3021286
21,0.462500,0.1720000,0.2962969,0.0044997,0.0035811,0.3021446
21,0.466667,0.1720000,0.2962967,0.0044997,0.0035809,0.3021604
21,0.470833,0.1720000,0.2962970,0.0044997,0.0035811,0.3021767
21,0.475000,0.1720000,0.2962968,0.0044997,0.0035810,0.3021927
21,0.479167,0.1720000,0.2962970,0.0044997,0.0035812,0.3022093
21,0.483333,0.1720000,0.2962969,0.0044997,0.0035811,0.3022257
21,0.487500,0.1720000,0.2962971,0.0044997,0.0035814,0.3022426
21,0.491667,0.1720000,0.2962970,0.0044997,0.0035813,0.3022593
21,0.495833,0.1720000,0.2962973,0.0044997,0.0035815,0.3022764
21,0.500000,0.1720000,0.2962971,0.0044997,0.0035814,0.3022933
21,0.504167,0.1720000,0.2962973,0.0044997,0.0035816,0.3023106
21,0.508333,0.1720000,0.2962973,0.0044997,0.0035815,0.3023278
21,0.512500,0.1720000,0.2962975,0.0044997,0.0035817,0.3023455
21,0.516667,0.1720000,0.2962973,0.0044997,0.0035816,0.3023628
21,0.520833,0.1720000,0.2962976,0.0044997,0.0035819,0.3023807
21,0.525000,0.1720000,0.2962975,0.0044997,0.0035818,0.3023984
21,0.529167,0.1720000,0.2962978,0.0044997,0.0035820,0.3024166
21,0.533333,0.1720000,0.2962977,0.0044997,0.0035819,0.3024345
21,0.537500,0.1720000,0.2962979,0.0044997,0.0035821,0.3024529
21,0.541667,0.1720000,0.2962979,0.0044997,0.0035820,0.3024710
21,0.545833,0.1720000,0.2962981,0.0044997,0.0035823,0.3024896
21,0.550000,0.1720000,0.2962981,0.0044997,0.0035823,0.3025081
21,0.554167,0.1720000,0.2962983,0.0044997,0.0035825,0.3025269
21,0.558333,0.1720000,0.2962982,0.0044997,0.0035824,0.3025457
21,0.562500,0.1720000,0.2962985,0.0044997,0.0035827,0.3025648
21,0.566667,0.1720000,0.2962985,0.0044997,0.0035828,0.3025838
21,0.570833,0.1720000,0.2962988,0.0044997,0.0035830,0.3026032
21,0.575000,0.1720000,0.2962987,0.0044997,0.0035830,0.3026224
21,0.579167,0.1720000,0.2962991,0.0044997,0.0035833,0.3026420
21,0.583333,0.1720000,0.2962990,0.0044997,0.0035833,0.3026614
21,0.587500,0.1720000,0.2962993,0.0044997,0.0035836,0.3026813
21,0.591667,0.1720000,0.2962994,0.0044997,0.0035836,0.3027010
21,0.595833,0.1720000,0.2962996,0.0044997,0.0035838,0.3027211
21,0.600000,0.1720000,0.2962995,0.0044997,0.0035838,0.3027410
21,0.604167,0.1720000,0.2962999,0.0044997,0.0035841,0.3027613
21,0.608333,0.1720000,0.2962999,0.0044997,0.0035842,0.3027814
21,0.612500,0.1720000,0.2963002,0.0044997,0.0035845,0.3028019
21,0.616667,0.1720000,0.2963003,0.0044997,0.0035844,0.3028222
21,0.620833,0.1720000,0.2963006,0.0044997,0.0035847,0.3028429
21,0.625000,0.1720000,0.2963005,0.0044997,0.0035847,0.3028634
21,0.629167,0.1720000,0.2963009,0.0044997,0.0035851,0.3028844
21,0.633333,0.1720000,0.2963010,0.0044997,0.0035853,0.3029053
21,0.637500,0.1720000,0.2963014,0.0044997,0.0035856,0.3029264
21,0.641667,0.1720000,0.2963015,0.0044997,0.0035857,0.3029474
21,0.645833,0.1720000,0.2963017,0.0044997,0.0035860,0.3029687
21,0.650000,0.1720000,0.2963019,0.0044997,0.0035861,0.3029898
21,0.654167,0.1720000,0.2963022,0.0044997,0.0035864,0.3030113
21,0.658333,0.1720000,0.2963024,0.0044997,0.0035866,0.3030327
21,0.662500,0.1720000,0.2963027,0.0044997,0.0035869,0.3030544
21,0.666667,0.1720000,0.2963028,0.0044997,0.0035870,0.3030759
21,0.670833,0.1720000,0.2963032,0.0044997,0.0035874,0.3030978
21,0.675000,0.1720000,0.2963034,0.0044997,0.0035876,0.3031196
21,0.679167,0.1720000,0.2963037,0.0044997,0.0035879,0.3031417
21,0.683333,0.1720000,0.2963039,0.0044997,0.0035880,0.3031636
21,0.687500,0.1720000,0.2963042,0.0044997,0.0035884,0.3031859
21,0.691667,0.1720000,0.2963045,0.0044997,0.0035886,0.3032080
21,0.695833,0.1720000,0.2963049,0.0044997,0.0035889,0.3032305
21,0.700000,0.1720000,0.2963051,0.0044997,0.0035892,0.3032528
21,0.704167,0.1720000,0.2963054,0.0044997,0.0035896,0.3032753
21,0.708333,0.1720000,0.2963057,0.0044997,0.0035899,0.3032978
21,0.712500,0.1720000,0.2963061,0.0044997,0.0035902,0.3033206
21,0.716667,0.1720000,0.2963064,0.0044997,0.0035904,0.3033431
21,0.720833,0.1720000,0.2963068,0.0044997,0.0035909,0.3033660
21,0.725000,0.1720000,0.2963069,0.0044997,0.0035912,0.3033888
21,0.729167,0.1720000,0.2963074,0.0044997,0.0035916,0.3034118
21,0.733333,0.1720000,0.2963077,0.0044997,0.0035919,0.3034347
21,0.737500,0.1720000,0.2963082,0.0044997,0.0035924,0.3034579
21,0.741667,0.1720000,0.2963085,0.0044997,0.0035928,0.3034811
21,0.745833,0.1720000,0.2963089,0.0044997,0.0035932,0.3035043
21,0.750000,0.1720000,0.2963092,0.0044997,0.0035935,0.3035275
21,0.754167,0.1720000,0.2963097,0.0044997,0.0035939,0.3035509
21,0.758333,0.1720000,0.2963100,0.0044997,0.0035942,0.3035742
21,0.762500,0.1720000,0.2963103,0.0044997,0.0035946,0.3035977
21,0.766667,0.1720000,0.2963108,0.0044997,0.0035950,0.3036211
21,0.770833,0.1720000,0.2963113,0.0044997,0.0035955,0.3036448
21,0.775000,0.1720000,0.2963117,0.0044997,0.0035958,0.3036684
21,0.779167,0.1720000,0.2963121,0.0044997,0.0035963,0.3036922
21,0.783333,0.1720000,0.2963124,0.0044997,0.0035966,0.3037158
21,0.787500,0.1720000,0.2963130,0.0044997,0.0035971,0.3037396
21,0.791667,0.1720000,0.2963133,0.0044997,0.0035975,0.3037635
21,0.795833,0.1720000,0.2963138,0.0044997,0.0035980,0.3037874
21,0.800000,0.1720000,0.2963142,0.0044997,0.0035985,0.3038114
21,0.804167,0.1720000,0.2963148,0.0044997,0.0035990,0.3038354
21,0.808333,0.1720000,0.2963153,0.0044997,0.0035995,0.3038594
21,0.812500,0.1720000,0.2963158,0.0044997,0.0036000,0.3038834
21,0.816667,0.1720000,0.2963162,0.0044997,0.0036004,0.3039075
21,0.820833,0.1720000,0.2963167,0.0044997,0.0036010,0.3039317
21,0.825000,0.1720000,0.2963173,0.0044997,0.0036015,0.3039559
21,0.829167,0.1720000,0.2963179,0.0044997,0.0036020,0.3039801
21,0.833333,0.1720000,0.2963184,0.0044997,0.0036026,0.3040044
21,0.837500,0.1720000,0.2963190,0.0044997,0.0036032,0.3040287
21,0.841667,0.1720000,0.2963195,0.0044997,0.0036038,0.3040530
21,0.845833,0.1720000,0.2963201,0.0044997,0.0036044,0.3040774
21,0.850000,0.1720000,0.2963207,0.0044997,0.0036049,0.3041017
21,0.854167,0.1720000,0.2963212,0.0044997,0.0036055,0.3041261
21,0.858333,0.1720000,0.2963218,0.0044997,0.0036060,0.3041504
21,0.862500,0.1720000,0.2963223,0.0044997,0.0036066,0.3041749
21,0.866667,0.1720000,0.2963230,0.0044997,0.0036073,0.3041993
21,0.870833,0.1720000,0.2963236,0.0044997,0.0036079,0.3042238
21,0.875000,0.1720000,0.2963242,0.0044997,0.0036085,0.3042482
21,0.879167,0.1720000,0.2963249,0.0044997,0.0036091,0.3042727
21,0.883333,0.1720000,0.2963255,0.0044997,0.0036097,0.3042972
21,0.887500,0.1720000,0.2963262,0.0044997,0.0036104,0.3043217
21,0.891667,0.1720000,0.2963268,0.0044997,0.0036111,0.3043462
21,0.895833,0.1720000,0.2963274,0.0044997,0.0036116,0.3043708
21,0.900000,0.1720000,0.2963280,0.0044997,0.0036123,0.3043953
21,0.904167,0.1720000,0.2963288,0.0044997,0.0036129,0.3044198
21,0.908333,0.1720000,0.2963295,0.0044997,0.0036136,0.3044443
21,0.912500,0.1720000,0.2963301,0.0044997,0.0036143,0.3044688
21,0.916667,0.1720000,0.2963308,0.0044997,0.0036150,0.3044933
21,0.920833,0.1720000,0.2963315,0.0044997,0.0036156,0.3045178
21,0.925000,0.1720000,0.2963322,0.0044997,0.0036164,0.3045423
21,0.929167,0.1720000,0.2963329,0.0044997,0.0036171,0.3045669
21,0.933333,0.1720000,0.2963337,0.0044997,0.0036179,0.3045914
21,0.937500,0.1720000,0.2963344,0.0044997,0.0036187,0.3046159
21,0.941667,0.1720000,0.2963352,0.0044997,0.0036193,0.3046404
21,0.945833,0.1720000,0.2963359,0.0044997,0.0036201,0.3046648
21,0.950000,0.1720000,0.2963367,0.0044997,0.0036208,0.3046893
21,0.954167,0.1720000,0.2963372,0.0044997,0.0036215,0.3047137
21,0.958333,0.1720000,0.2963381,0.0044997,0.0036223,0.3047381
21,0.962500,0.1720000,0.2963388,0.0044997,0.0036231,0.3047625
21,0.966667,0.1720000,0.2963398,0.0044997,0.0036240,0.3047869
21,0.970833,0.1720000,0.2963406,0.0044997,0.0036248,0.3048111
21,0.975000,0.1720000,0.2963414,0.0044997,0.0036257,0.3048355
21,0.979167,0.1720000,0.2963422,0.0044997,0.0036264,0.3048597
21,0.983333,0.1720000,0.2963430,0.0044997,0.0036273,0.3048840
21,0.987500,0.1720000,0.2963438,0.0044997,0.0036280,0.3049080
21,0.991667,0.1720000,0.2963446,0.0044997,0.0036289,0.3049321
21,0.995833,0.1720000,0.2963454,0.0044997,0.0036296,0.3049562
21,1.000000,0.1720000,0.2963463,0.0044997,0.0036306,0.3049803
