clip,time,chest_y,head_y,pelvis_y,eyes,shoe_min,head_min
22,0.000000,0.4170755,0.2962980,0.1720000,0.000000,0.0044997,0.0035823
22,0.004167,0.4170752,0.2962973,0.1720000,0.000000,0.0044997,0.0035815
22,0.008333,0.4170751,0.2962966,0.1720000,0.000000,0.0044997,0.0035808
22,0.012500,0.4170757,0.2962967,0.1720000,0.000000,0.0044997,0.0035809
22,0.016667,0.4170762,0.2962968,0.1720000,0.000000,0.0044997,0.0035810
22,0.020833,0.4170774,0.2962973,0.1720000,0.000000,0.0044997,0.0035815
22,0.025000,0.4170783,0.2962975,0.1720000,0.000000,0.0044997,0.0035817
22,0.029167,0.4170797,0.2962981,0.1720000,0.000000,0.0044997,0.0035822
22,0.033333,0.4170808,0.2962981,0.1720000,0.000000,0.0044997,0.0035823
22,0.037500,0.4170825,0.2962982,0.1720000,0.000000,0.0044997,0.0035825
22,0.041667,0.4170839,0.2962980,0.1720000,0.000000,0.0044997,0.0035822
22,0.045833,0.4170859,0.2962982,0.1720000,0.000000,0.0044997,0.0035824
22,0.050000,0.4170878,0.2962981,0.1720000,0.000000,0.0044997,0.0035823
22,0.054167,0.4170901,0.2962982,0.1720000,0.000000,0.0044997,0.0035825
22,0.058333,0.4170922,0.2962980,0.1720000,0.000000,0.0044997,0.0035822
22,0.062500,0.4170949,0.2962982,0.1720000,0.000000,0.0044997,0.0035824
22,0.066667,0.4170974,0.2962979,0.1720000,0.000000,0.0044997,0.0035822
22,0.070833,0.4171005,0.2962981,0.1720000,0.000000,0.0044997,0.0035824
22,0.075000,0.4171033,0.2962979,0.1720000,0.000000,0.0044997,0.0035822
22,0.079167,0.4171067,0.2962982,0.1720000,0.000000,0.0044997,0.0035823
22,0.083333,0.4171100,0.2962979,0.1720000,0.000000,0.0044997,0.0035822
22,0.087500,0.4171137,0.2962982,0.1720000,0.000000,0.0044997,0.0035823
22,0.091667,0.4171173,0.2962980,0.1720000,0.000000,0.0044997,0.0035821
22,0.095833,0.4171215,0.2962981,0.1720000,0.000000,0.0044997,0.0035823
22,0.100000,0.4171254,0.2962979,0.1720000,0.000000,0.0044997,0.0035821
22,0.104167,0.4171298,0.2962981,0.1720000,0.000000,0.0044997,0.0035823
22,0.108333,0.4171343,0.2962979,0.1720000,0.000000,0.0044997,0.0035821
22,0.112500,0.4171391,0.2962981,0.1720000,0.000000,0.0044997,0.0035823
22,0.116667,0.4171439,0.2962978,0.1720000,0.000000,0.0044997,0.0035821
22,0.120833,0.4171490,0.2962980,0.1720000,0.000000,0.0044997,0.0035822
22,0.125000,0.4171541,0.2962978,0.1720000,0.000000,0.0044997,0.0035820
22,0.129167,0.4171597,0.2962979,0.1720000,0.000000,0.0044997,0.0035822
22,0.133333,0.4171652,0.2962978,0.1720000,0.000000,0.0044997,0.0035820
22,0.137500,0.4171711,0.2962979,0.1720000,0.000000,0.0044997,0.0035821
22,0.141667,0.4171771,0.2962976,0.1720000,0.000000,0.0044997,0.0035819
22,0.145833,0.4171834,0.2962978,0.1720000,0.000000,0.0044997,0.0035820
22,0.150000,0.4171896,0.2962977,0.1720000,0.000000,0.0044997,0.0035818
22,0.154167,0.4171964,0.2962978,0.1720000,0.000000,0.0044997,0.0035821
22,0.158333,0.4172030,0.2962977,0.1720000,0.000000,0.0044997,0.0035819
22,0.162500,0.4172102,0.2962978,0.1720000,0.000000,0.0044997,0.0035820
22,0.166667,0.4172172,0.2962976,0.1720000,0.000000,0.0044997,0.0035818
22,0.170833,0.4172247,0.2962978,0.1720000,0.000000,0.0044997,0.0035820
22,0.175000,0.4172321,0.2962976,0.1720000,0.000000,0.0044997,0.0035818
22,0.179167,0.4172400,0.2962977,0.1720000,0.000000,0.0044997,0.0035819
22,0.183333,0.4172477,0.2962974,0.1720000,0.000000,0.0044997,0.0035817
22,0.187500,0.4172560,0.2962977,0.1720000,0.000000,0.0044997,0.0035819
22,0.191667,0.4172641,0.2962975,0.1720000,0.000000,0.0044997,0.0035817
22,0.195833,0.4172729,0.2962976,0.1720000,0.000000,0.0044997,0.0035819
22,0.200000,0.4172814,0.2962974,0.1720000,0.000000,0.0044997,0.0035815
22,0.204167,0.4172905,0.2962976,0.1720000,0.000000,0.0044997,0.0035817
22,0.208333,0.4172994,0.2962972,0.1720000,0.000000,0.0044997,0.0035815
22,0.212500,0.4173089,0.2962975,0.1720000,0.000000,0.0044997,0.0035817
22,0.216667,0.4173183,0.2962973,0.1720000,0.000000,0.0044997,0.0035815
22,0.220833,0.4173283,0.2962975,0.1720000,0.000000,0.0044997,0.0035817
22,0.225000,0.4173379,0.2962973,0.1720000,0.000000,0.0044997,0.0035815
22,0.229167,0.4173481,0.2962975,0.1720000,0.000000,0.0044997,0.0035816
22,0.233333,0.4173583,0.2962971,0.1720000,0.000000,0.0044997,0.0035813
22,0.237500,0.4173690,0.2962973,0.1720000,0.000000,0.0044997,0.0035815
22,0.241667,0.4173795,0.2962971,0.1720000,0.000000,0.0044997,0.0035814
22,0.245833,0.4173906,0.2962973,0.1720000,0.000000,0.0044997,0.0035815
22,0.250000,0.4174016,0.2962970,0.1720000,0.000000,0.0044997,0.0035812
22,0.254167,0.4174130,0.2962972,0.1720000,0.000000,0.0044997,0.0035813
22,0.258333,0.4174243,0.2962969,0.1720000,0.000000,0.0044997,0.0035812
22,0.262500,0.4174362,0.2962972,0.1720000,0.000000,0.0044997,0.0035814
22,0.266667,0.4174479,0.2962970,0.1720000,0.000000,0.0044997,0.0035812
22,0.270833,0.4174602,0.2962971,0.1720000,0.000000,0.0044997,0.0035813
22,0.275000,0.4174724,0.2962969,0.1720000,0.000000,0.0044997,0.0035811
22,0.279167,0.4174849,0.2962970,0.1720000,0.000000,0.0044997,0.0035812
22,0.283333,0.4174975,0.2962969,0.1720000,0.000000,0.0044997,0.0035810
22,0.287500,0.4175107,0.2962970,0.1720000,0.000000,0.0044997,0.0035812
22,0.291667,0.4175237,0.2962969,0.1720000,0.000000,0.0044997,0.0035810
22,0.295833,0.4175371,0.2962970,0.1720000,0.000000,0.0044997,0.0035812
22,0.300000,0.4175504,0.2962967,0.1720000,0.000000,0.0044997,0.0035809
22,0.304167,0.4175642,0.2962969,0.1720000,0.000000,0.0044997,0.0035812
22,0.308333,0.4175780,0.2962967,0.1720000,0.000000,0.0044997,0.0035810
22,0.312500,0.4175923,0.2962970,0.1720000,0.000000,0.0044997,0.0035811
22,0.316667,0.4176064,0.2962967,0.1720000,0.000000,0.0044997,0.0035809
22,0.320833,0.4176212,0.2962969,0.1720000,0.000000,0.0044997,0.0035811
22,0.325000,0.4176356,0.2962966,0.1720000,0.000000,0.0044997,0.0035809
22,0.329167,0.4176507,0.2962968,0.1720000,0.000000,0.0044997,0.0035811
22,0.333333,0.4176657,0.2962966,0.1720000,0.000000,0.0044997,0.0035808
22,0.337500,0.4176812,0.2962968,0.1720000,0.000000,0.0044997,0.0035810
22,0.341667,0.4176964,0.2962965,0.1720000,0.000000,0.0044997,0.0035808
22,0.345833,0.4177123,0.2962967,0.1720000,0.000000,0.0044997,0.0035809
22,0.350000,0.4177279,0.2962964,0.1720000,0.000000,0.0044997,0.0035807
22,0.354167,0.4177442,0.2962967,0.1720000,0.000000,0.0044997,0.0035809
22,0.358333,0.4177604,0.2962964,0.1720000,0.000000,0.0044997,0.0035807
22,0.362500,0.4177772,0.2962967,0.1720000,0.000000,0.0044997,0.0035809
22,0.366667,0.4177937,0.2962965,0.1720000,0.000000,0.0044997,0.0035807
22,0.370833,0.4178108,0.2962967,0.1720000,0.000000,0.0044997,0.0035808
22,0.375000,0.4178276,0.2962964,0.1720000,0.000000,0.0044997,0.0035806
22,0.379167,0.4178451,0.2962967,0.1720000,0.000000,0.0044997,0.0035808
22,0.383333,0.4178625,0.2962965,0.1720000,0.000000,0.0044997,0.0035806
22,0.387500,0.4178802,0.2962966,0.1720000,0.000000,0.0044997,0.0035808
22,0.391667,0.4178980,0.2962964,0.1720000,0.000000,0.0044997,0.0035806
22,0.395833,0.4179162,0.2962967,0.1720000,0.000000,0.0044997,0.0035808
22,0.400000,0.4179344,0.2962964,0.1720000,0.000000,0.0044997,0.0035807
22,0.404167,0.4179530,0.2962967,0.1720000,0.000000,0.0044997,0.0035809
22,0.408333,0.4179716,0.2962964,0.1720000,0.000000,0.0044997,0.0035808
22,0.412500,0.4179904,0.2962966,0.1720000,0.000000,0.0044997,0.0035809
22,0.416667,0.4180093,0.2962964,0.1720000,0.000000,0.0044997,0.0035806
22,0.420833,0.4180288,0.2962967,0.1720000,0.000000,0.0044997,0.0035809
22,0.425000,0.4180480,0.2962966,0.1720000,0.000000,0.0044997,0.0035808
22,0.429167,0.4180678,0.2962967,0.1720000,0.000000,0.0044997,0.0035809
22,0.433333,0.4180874,0.2962965,0.1720000,0.000000,0.0044997,0.0035808
22,0.437500,0.4181077,0.2962968,0.1720000,0.000000,0.0044997,0.0035810
22,0.441667,0.4181277,0.2962967,0.1720000,0.000000,0.0044997,0.0035808
22,0.445833,0.4181482,0.2962967,0.1720000,0.000000,0.0044997,0.0035810
22,0.450000,0.4181685,0.2962966,0.1720000,0.000000,0.0044997,0.0035808
22,0.454167,0.4181894,0.2962968,0.1720000,0.000000,0.0044997,0.0035810
22,0.458333,0.4182103,0.2962966,0.1720000,0.000000,0.0044997,0.0035808
22,0.462500,0.4182315,0.2962968,0.1720000,0.000000,0.0044997,0.0035810
22,0.466667,0.4182526,0.2962967,0.1720000,0.000000,0.0044997,0.0035809
22,0.470833,0.4182743,0.2962969,0.1720000,0.000000,0.0044997,0.0035811
22,0.475000,0.4182957,0.2962968,0.1720000,0.000000,0.0044997,0.0035810
22,0.479167,0.4183178,0.2962970,0.1720000,0.000000,0.0044997,0.0035812
22,0.483333,0.4183397,0.2962969,0.1720000,0.000000,0.0044997,0.0035811
22,0.487500,0.4183620,0.2962972,0.1720000,0.000000,0.0044997,0.0035813
22,0.491667,0.4183843,0.2962971,0.1720000,0.000000,0.0044997,0.0035812
22,0.495833,0.4184070,0.2962972,0.1720000,0.000000,0.0044997,0.0035815
22,0.500000,0.4184296,0.2962971,0.1720000,0.000000,0.0044997,0.0035814
22,0.504167,0.4184527,0.2962973,0.1720000,0.000000,0.0044997,0.0035816
22,0.508333,0.4184755,0.2962972,0.1720000,0.000000,0.0044997,0.0035815
22,0.512500,0.4184989,0.2962975,0.1720000,0.000000,0.0044997,0.0035817
22,0.516667,0.4185222,0.2962973,0.1720000,0.000000,0.0044997,0.0035816
22,0.520833,0.4185460,0.2962976,0.1720000,0.000000,0.0044997,0.0035818
22,0.525000,0.4185697,0.2962975,0.1720000,0.000000,0.0044997,0.0035817
22,0.529167,0.4185937,0.2962978,0.1720000,0.000000,0.0044997,0.0035820
22,0.533333,0.4186177,0.2962976,0.1720000,0.000000,0.0044997,0.0035819
22,0.537500,0.4186421,0.2962979,0.1720000,0.000000,0.0044997,0.0035821
22,0.541667,0.4186664,0.2962978,0.1720000,0.000000,0.0044997,0.0035820
22,0.545833,0.4186911,0.2962981,0.1720000,0.000000,0.0044997,0.0035823
22,0.550000,0.4187158,0.2962981,0.1720000,0.000000,0.0044997,0.0035822
22,0.554167,0.4187409,0.2962982,0.1720000,0.000000,0.0044997,0.0035825
22,0.558333,0.4187658,0.2962981,0.1720000,0.000000,0.0044997,0.0035824
22,0.562500,0.4187913,0.2962985,0.1720000,0.000000,0.0044997,0.0035827
22,0.566667,0.4188165,0.2962985,0.1720000,0.000000,0.0044997,0.0035827
22,0.570833,0.4188422,0.2962987,0.1720000,0.000000,0.0044997,0.0035830
22,0.575000,0.4188679,0.2962987,0.1720000,0.000000,0.0044997,0.0035830
22,0.579167,0.4188940,0.2962991,0.1720000,0.000000,0.0044997,0.0035833
22,0.583333,0.4189198,0.2962991,0.1720000,0.000000,0.0044997,0.0035833
22,0.587500,0.4189462,0.2962993,0.1720000,0.000000,0.0044997,0.0035836
22,0.591667,0.4189724,0.2962993,0.1720000,0.000000,0.0044997,0.0035836
22,0.595833,0.4189989,0.2962996,0.1720000,0.000000,0.0044997,0.0035838
22,0.600000,0.4190254,0.2962996,0.1720000,0.000000,0.0044997,0.0035838
22,0.604167,0.4190524,0.2962999,0.1720000,0.000000,0.0044997,0.0035841
22,0.608333,0.4190792,0.2963000,0.1720000,0.000000,0.0044997,0.0035842
22,0.612500,0.4191064,0.2963002,0.1720000,0.000000,0.0044997,0.0035845
22,0.616667,0.4191334,0.2963002,0.1720000,0.000000,0.0044997,0.0035844
22,0.620833,0.4191609,0.2963005,0.1720000,0.000000,0.0044997,0.0035847
22,0.625000,0.4191882,0.2963006,0.1720000,0.000000,0.0044997,0.0035847
22,0.629167,0.4192159,0.2963009,0.1720000,0.000000,0.0044997,0.0035851
22,0.633333,0.4192438,0.2963010,0.1720000,0.000000,0.0044997,0.0035852
22,0.637500,0.4192717,0.2963014,0.1720000,0.000000,0.0044997,0.0035856
22,0.641667,0.4192996,0.2963015,0.1720000,0.000000,0.0044997,0.0035856
22,0.645833,0.4193279,0.2963018,0.1720000,0.000000,0.0044997,0.0035860
22,0.650000,0.4193561,0.2963019,0.1720000,0.000000,0.0044997,0.0035861
22,0.654167,0.4193846,0.2963022,0.1720000,0.000000,0.0044997,0.0035864
22,0.658333,0.4194131,0.2963024,0.1720000,0.000000,0.0044997,0.0035865
22,0.662500,0.4194418,0.2963027,0.1720000,0.000000,0.0044997,0.0035868
22,0.666667,0.4194705,0.2963029,0.1720000,0.000000,0.0044997,0.0035870
22,0.670833,0.4194995,0.2963033,0.1720000,0.000000,0.0044997,0.0035874
22,0.675000,0.4195284,0.2963034,0.1720000,0.000000,0.0044997,0.0035875
22,0.679167,0.4195576,0.2963037,0.1720000,0.000000,0.0044997,0.0035879
22,0.683333,0.4195867,0.2963039,0.1720000,0.000000,0.0044997,0.0035880
22,0.687500,0.4196161,0.2963042,0.1720000,0.000000,0.0044997,0.0035884
22,0.691667,0.4196456,0.2963044,0.1720000,0.000000,0.0044997,0.0035885
22,0.695833,0.4196753,0.2963049,0.1720000,0.000000,0.0044997,0.0035890
22,0.700000,0.4197048,0.2963049,0.1720000,0.000000,0.0044997,0.0035892
22,0.704167,0.4197348,0.2963055,0.1720000,0.000000,0.0044997,0.0035896
22,0.708333,0.4197646,0.2963058,0.1720000,0.000000,0.0044997,0.0035899
22,0.712500,0.4197947,0.2963060,0.1720000,0.000000,0.0044997,0.0035902
22,0.716667,0.4198247,0.2963063,0.1720000,0.000000,0.0044997,0.0035904
22,0.720833,0.4198549,0.2963067,0.1720000,0.000000,0.0044997,0.0035909
22,0.725000,0.4198852,0.2963069,0.1720000,0.000000,0.0044997,0.0035912
22,0.729167,0.4199156,0.2963074,0.1720000,0.000000,0.0044997,0.0035916
22,0.733333,0.4199460,0.2963076,0.1720000,0.000000,0.0044997,0.0035919
22,0.737500,0.4199766,0.2963082,0.1720000,0.000000,0.0044997,0.0035924
22,0.741667,0.4200072,0.2963084,0.1720000,0.000000,0.0044997,0.0035928
22,0.745833,0.4200380,0.2963089,0.1720000,0.000000,0.0044997,0.0035932
22,0.750000,0.4200688,0.2963092,0.1720000,0.000000,0.0044997,0.0035935
22,0.754167,0.4200996,0.2963096,0.1720000,0.000000,0.0044997,0.0035939
22,0.758333,0.4201306,0.2963099,0.1720000,0.000000,0.0044997,0.0035942
22,0.762500,0.4201617,0.2963104,0.1720000,0.000000,0.0044997,0.0035946
22,0.766667,0.4201927,0.2963107,0.1720000,0.000000,0.0044997,0.0035949
22,0.770833,0.4202240,0.2963113,0.1720000,0.000000,0.0044997,0.0035954
22,0.775000,0.4202552,0.2963117,0.1720000,0.000000,0.0044997,0.0035959
22,0.779167,0.4202866,0.2963121,0.1720000,0.000000,0.0044997,0.0035963
22,0.783333,0.4203179,0.2963124,0.1720000,0.000000,0.0044997,0.0035966
22,0.787500,0.4203494,0.2963129,0.1720000,0.000000,0.0044997,0.0035971
22,0.791667,0.4203809,0.2963133,0.1720000,0.000000,0.0044997,0.0035975
22,0.795833,0.4204125,0.2963138,0.1720000,0.000000,0.0044997,0.0035980
22,0.800000,0.4204441,0.2963142,0.1720000,0.000000,0.0044997,0.0035985
22,0.804167,0.4204758,0.2963148,0.1720000,0.000000,0.0044997,0.0035990
22,0.808333,0.4205075,0.2963153,0.1720000,0.000000,0.0044997,0.0035995
22,0.812500,0.4205393,0.2963158,0.1720000,0.000000,0.0044997,0.0036000
22,0.816667,0.4205712,0.2963162,0.1720000,0.000000,0.0044997,0.0036004
22,0.820833,0.4206030,0.2963168,0.1720000,0.000000,0.0044997,0.0036010
22,0.825000,0.4206350,0.2963172,0.1720000,0.000000,0.0044997,0.0036015
22,0.829167,0.4206670,0.2963178,0.1720000,0.000000,0.0044997,0.0036020
22,0.833333,0.4206989,0.2963184,0.1720000,0.000000,0.0044997,0.0036026
22,0.837500,0.4207310,0.2963190,0.1720000,0.000000,0.0044997,0.0036032
22,0.841667,0.4207630,0.2963196,0.1720000,0.000000,0.0044997,0.0036038
22,0.845833,0.4207952,0.2963201,0.1720000,0.000000,0.0044997,0.0036044
22,0.850000,0.4208274,0.2963206,0.1720000,0.000000,0.0044997,0.0036049
22,0.854167,0.4208595,0.2963212,0.1720000,0.000000,0.0044997,0.0036055
22,0.858333,0.4208916,0.2963217,0.1720000,0.000000,0.0044997,0.0036060
22,0.862500,0.4209238,0.2963224,0.1720000,0.000000,0.0044997,0.0036066
22,0.866667,0.4209560,0.2963230,0.1720000,0.000000,0.0044997,0.0036073
22,0.870833,0.4209882,0.2963236,0.1720000,0.000000,0.0044997,0.0036079
22,0.875000,0.4210206,0.2963243,0.1720000,0.000000,0.0044997,0.0036085
22,0.879167,0.4210528,0.2963249,0.1720000,0.000000,0.0044997,0.0036091
22,0.883333,0.4210851,0.2963255,0.1720000,0.000000,0.0044997,0.0036097
22,0.887500,0.4211173,0.2963261,0.1720000,0.000000,0.0044997,0.0036104
22,0.891667,0.4211498,0.2963268,0.1720000,0.000000,0.0044997,0.0036110
22,0.895833,0.4211820,0.2963274,0.1720000,0.000000,0.0044997,0.0036116
22,0.900000,0.4212142,0.2963281,0.1720000,0.000000,0.0044997,0.0036122
22,0.904167,0.4212465,0.2963287,0.1720000,0.000000,0.0044997,0.0036129
22,0.908333,0.4212788,0.2963294,0.1720000,0.000000,0.0044997,0.0036136
22,0.912500,0.4213111,0.2963301,0.1720000,0.000000,0.0044997,0.0036143
22,0.916667,0.4213433,0.2963307,0.1720000,0.000000,0.0044997,0.0036149
22,0.920833,0.4213756,0.2963313,0.1720000,0.000000,0.0044997,0.0036156
22,0.925000,0.4214079,0.2963321,0.1720000,0.000000,0.0044997,0.0036163
22,0.929167,0.4214401,0.2963328,0.1720000,0.000000,0.0044997,0.0036171
22,0.933333,0.4214724,0.2963336,0.1720000,0.000000,0.0044997,0.0036179
22,0.937500,0.4215045,0.2963345,0.1720000,0.000000,0.0044997,0.0036186
22,0.941667,0.4215367,0.2963352,0.1720000,0.000000,0.0044997,0.0036193
22,0.945833,0.4215688,0.2963358,0.1720000,0.000000,0.0044997,0.0036200
22,0.950000,0.4216010,0.2963367,0.1720000,0.000000,0.0044997,0.0036208
22,0.954167,0.4216329,0.2963373,0.1720000,0.000000,0.0044997,0.0036215
22,0.958333,0.4216650,0.2963382,0.1720000,0.000000,0.0044997,0.0036223
22,0.962500,0.4216971,0.2963389,0.1720000,0.000000,0.0044997,0.0036231
22,0.966667,0.4217290,0.2963398,0.1720000,0.000000,0.0044997,0.0036240
22,0.970833,0.4217609,0.2963406,0.1720000,0.000000,0.0044997,0.0036247
22,0.975000,0.4217929,0.2963414,0.1720000,0.000000,0.0044997,0.0036257
22,0.979167,0.4218246,0.2963422,0.1720000,0.000000,0.0044997,0.0036264
22,0.983333,0.4218566,0.2963430,0.1720000,0.000000,0.0044997,0.0036273
22,0.987500,0.4218882,0.2963438,0.1720000,0.000000,0.0044997,0.0036280
22,0.991667,0.4219199,0.2963446,0.1720000,0.000000,0.0044997,0.0036289
22,0.995833,0.4219514,0.2963454,0.1720000,0.000000,0.0044997,0.0036296
22,1.000000,0.4219831,0.2963463,0.1720000,0.000000,0.0044997,0.0036306
22,1.004167,0.4220146,0.2963472,0.1720000,0.000000,0.0044997,0.0036314
22,1.008333,0.4220462,0.2963481,0.1720000,0.000000,0.0044997,0.0036324
22,1.012500,0.4220775,0.2963489,0.1720000,0.000000,0.0044997,0.0036330
22,1.016667,0.4221087,0.2963497,0.1720000,0.000000,0.0044997,0.0036339
22,1.020833,0.4221399,0.2963505,0.1720000,0.000000,0.0044997,0.0036346
22,1.025000,0.4221712,0.2963514,0.1720000,0.000000,0.0044997,0.0036356
22,1.029167,0.4222021,0.2963523,0.1720000,0.000000,0.0044997,0.0036364
22,1.033333,0.4222333,0.2963532,0.1720000,0.000000,0.0044997,0.0036375
22,1.037500,0.4222642,0.2963540,0.1720000,0.000000,0.0044997,0.0036383
22,1.041667,0.4222950,0.2963550,0.1720000,0.000000,0.0044997,0.0036393
22,1.045833,0.4223258,0.2963559,0.1720000,0.000000,0.0044997,0.0036401
22,1.050000,0.4223567,0.2963569,0.1720000,0.000000,0.0044997,0.0036411
22,1.054167,0.4223872,0.2963578,0.1720000,0.000000,0.0044997,0.0036419
22,1.058333,0.4224178,0.2963587,0.1720000,0.000000,0.0044997,0.0036428
22,1.062500,0.4224481,0.2963596,0.1720000,0.000000,0.0044997,0.0036437
22,1.066667,0.4224785,0.2963606,0.1720000,0.000000,0.0044997,0.0036448
22,1.070833,0.4225087,0.2963615,0.1720000,0.000000,0.0044997,0.0036457
22,1.075000,0.4225389,0.2963625,0.1720000,0.000000,0.0044997,0.0036467
22,1.079167,0.4225688,0.2963633,0.1720000,0.000000,0.0044997,0.0036475
22,1.083333,0.4225988,0.2963644,0.1720000,0.000000,0.0044997,0.0036486
22,1.087500,0.4226285,0.2963653,0.1720000,0.000000,0.0044997,0.0036495
22,1.091667,0.4226584,0.2963663,0.1720000,0.000000,0.0044997,0.0036505
22,1.095833,0.4226878,0.2963671,0.1720000,0.000000,0.0044997,0.0036513
22,1.100000,0.4227175,0.2963683,0.1720000,0.000000,0.0044997,0.0036524
22,1.104167,0.4227467,0.2963692,0.1720000,0.000000,0.0044997,0.0036533
22,1.108333,0.4227761,0.2963702,0.1720000,0.000000,0.0044997,0.0036543
22,1.112500,0.4228051,0.2963711,0.1720000,0.000000,0.0044997,0.0036552
22,1.116667,0.4228342,0.2963722,0.1720000,0.000000,0.0044997,0.0036563
22,1.120833,0.4228629,0.2963730,0.1720000,0.000000,0.0044997,0.0036572
22,1.125000,0.4228918,0.2963741,0.1720000,0.000000,0.0044997,0.0036583
22,1.129167,0.4229203,0.2963749,0.1720000,0.000000,0.0044997,0.0036592
22,1.133333,0.4229488,0.2963761,0.1720000,0.000000,0.0044997,0.0036603
22,1.137500,0.4229771,0.2963770,0.1720000,0.000000,0.0044997,0.0036612
22,1.141667,0.4230056,0.2963781,0.1720000,0.000000,0.0044997,0.0036624
22,1.145833,0.4230334,0.2963790,0.1720000,0.000000,0.0044997,0.0036632
22,1.150000,0.4230616,0.2963800,0.1720000,0.000000,0.0044997,0.0036643
22,1.154167,0.4230892,0.2963810,0.1720000,0.000000,0.0044997,0.0036652
22,1.158333,0.4231170,0.2963821,0.1720000,0.000000,0.0044997,0.0036663
22,1.162500,0.4231444,0.2963830,0.1720000,0.000000,0.0044997,0.0036671
22,1.166667,0.4231719,0.2963842,0.1720000,0.000000,0.0044997,0.0036683
22,1.170833,0.4231989,0.2963851,0.1720000,0.000000,0.0044997,0.0036692
22,1.175000,0.4232262,0.2963862,0.1720000,0.000000,0.0044997,0.0036704
22,1.179167,0.4232529,0.2963870,0.1720000,0.000000,0.0044997,0.0036712
22,1.183333,0.4232799,0.2963882,0.1720000,0.000000,0.0044997,0.0036724
22,1.187500,0.4233063,0.2963890,0.1720000,0.000000,0.0044997,0.0036732
22,1.191667,0.4233329,0.2963901,0.1720000,0.000000,0.0044997,0.0036744
22,1.195833,0.4233590,0.2963910,0.1720000,0.000000,0.0044997,0.0036753
22,1.200000,0.4233853,0.2963923,0.1720000,0.000000,0.0044997,0.0036765
22,1.204167,0.4234112,0.2963931,0.1720000,0.000000,0.0044997,0.0036773
22,1.208333,0.4234371,0.2963942,0.1720000,0.000000,0.0044997,0.0036785
22,1.212500,0.4234627,0.2963951,0.1720000,0.000000,0.0044997,0.0036793
22,1.216667,0.4234882,0.2963962,0.1720000,0.000000,0.0044997,0.0036805
22,1.220833,0.4235133,0.2963970,0.1720000,0.000000,0.0044997,0.0036812
22,1.225000,0.4235384,0.2963981,0.1720000,0.000000,0.0044997,0.0036823
22,1.229167,0.4235634,0.2963991,0.1720000,0.000000,0.0044997,0.0036832
22,1.233333,0.4235884,0.2964003,0.1720000,0.000000,0.0044997,0.0036845
22,1.237500,0.4236127,0.2964011,0.1720000,0.000000,0.0044997,0.0036853
22,1.241667,0.4236373,0.2964022,0.1720000,0.000000,0.0044997,0.0036864
22,1.245833,0.4236614,0.2964031,0.1720000,0.000000,0.0044997,0.0036873
22,1.250000,0.4236856,0.2964042,0.1720000,0.000000,0.0044997,0.0036884
22,1.254167,0.4237093,0.2964050,0.1720000,0.000000,0.0044997,0.0036893
22,1.258333,0.4237331,0.2964062,0.1720000,0.000000,0.0044997,0.0036904
22,1.262500,0.4237563,0.2964070,0.1720000,0.000000,0.0044997,0.0036913
22,1.266667,0.4237799,0.2964082,0.1720000,0.000000,0.0044997,0.0036925
22,1.270833,0.4238029,0.2964091,0.1720000,0.000000,0.0044997,0.0036933
22,1.275000,0.4238259,0.2964101,0.1720000,0.000000,0.0044997,0.0036945
22,1.279167,0.4238485,0.2964110,0.1720000,0.000000,0.0044997,0.0036953
22,1.283333,0.4238712,0.2964121,0.1720000,0.000000,0.0044997,0.0036964
22,1.287500,0.4238932,0.2964128,0.1720000,0.000000,0.0044997,0.0036972
22,1.291667,0.4239156,0.2964141,0.1720000,0.000000,0.0044997,0.0036983
22,1.295833,0.4239373,0.2964148,0.1720000,0.000000,0.0044997,0.0036991
22,1.300000,0.4239593,0.2964160,0.1720000,0.000000,0.0044997,0.0037003
22,1.304167,0.4239806,0.2964169,0.1720000,0.000000,0.0044997,0.0037010
22,1.308333,0.4240023,0.2964180,0.1720000,0.000000,0.0044997,0.0037022
22,1.312500,0.4240231,0.2964186,0.1720000,0.000000,0.0044997,0.0037029
22,1.316667,0.4240441,0.2964198,0.1720000,0.000000,0.0044997,0.0037040
22,1.320833,0.4240647,0.2964205,0.1720000,0.000000,0.0044997,0.0037047
22,1.325000,0.4240854,0.2964217,0.1720000,0.000000,0.0044997,0.0037059
22,1.329167,0.4241054,0.2964224,0.1720000,0.000000,0.0044997,0.0037066
22,1.333333,0.4241258,0.2964234,0.1720000,0.000000,0.0044997,0.0037077
22,1.337500,0.4241454,0.2964243,0.1720000,0.000000,0.0044997,0.0037084
22,1.341667,0.4241653,0.2964253,0.1720000,0.000000,0.0044997,0.0037095
22,1.345833,0.4241845,0.2964260,0.1720000,0.000000,0.0044997,0.0037102
22,1.350000,0.4242039,0.2964270,0.1720000,0.000000,0.0044997,0.0037112
22,1.354167,0.4242227,0.2964278,0.1720000,0.000000,0.0044997,0.0037120
22,1.358333,0.4242418,0.2964290,0.1720000,0.000000,0.0044997,0.0037131
22,1.362500,0.4242601,0.2964295,0.1720000,0.000000,0.0044997,0.0037137
22,1.366667,0.4242787,0.2964306,0.1720000,0.000000,0.0044997,0.0037148
22,1.370833,0.4242967,0.2964312,0.1720000,0.000000,0.0044997,0.0037155
22,1.375000,0.4243149,0.2964323,0.1720000,0.000000,0.0044997,0.0037166
22,1.379167,0.4243324,0.2964330,0.1720000,0.000000,0.0044997,0.0037172
22,1.383333,0.4243500,0.2964341,0.1720000,0.000000,0.0044997,0.0037183
22,1.387500,0.4243670,0.2964346,0.1720000,0.000000,0.0044997,0.0037188
22,1.391667,0.4243842,0.2964356,0.1720000,0.000000,0.0044997,0.0037198
22,1.395833,0.4244008,0.2964363,0.1720000,0.000000,0.0044997,0.0037204
22,1.400000,0.4244177,0.2964372,0.1720000,0.000000,0.0044997,0.0037215
22,1.404167,0.4244338,0.2964378,0.1720000,0.000000,0.0044997,0.0037221
22,1.408333,0.4244501,0.2964388,0.1720000,0.000000,0.0044997,0.0037230
22,1.412500,0.4244659,0.2964395,0.1720000,0.000000,0.0044997,0.0037236
22,1.416667,0.4244818,0.2964404,0.1720000,0.000000,0.0044997,0.0037246
22,1.420833,0.4244970,0.2964409,0.1720000,0.000000,0.0044997,0.0037251
22,1.425000,0.4245123,0.2964419,0.1720000,0.000000,0.0044997,0.0037261
22,1.429167,0.4245272,0.2964424,0.1720000,0.000000,0.0044997,0.0037266
22,1.433333,0.4245422,0.2964434,0.1720000,0.000000,0.0044997,0.0037276
22,1.437500,0.4245564,0.2964439,0.1720000,0.000000,0.0044997,0.0037281
22,1.441667,0.4245709,0.2964447,0.1720000,0.000000,0.0044997,0.0037289
22,1.445833,0.4245849,0.2964453,0.1720000,0.000000,0.0044997,0.0037294
22,1.450000,0.4245989,0.2964463,0.1720000,0.000000,0.0044997,0.0037304
22,1.454167,0.4246122,0.2964466,0.1720000,0.000000,0.0044997,0.0037309
22,1.458333,0.4246258,0.2964475,0.1720000,0.000000,0.0044997,0.0037317
22,1.462500,0.4246387,0.2964479,0.1720000,0.000000,0.0044997,0.0037322
22,1.466667,0.4246520,0.2964488,0.1720000,0.000000,0.0044997,0.0037331
22,1.470833,0.4246643,0.2964493,0.1720000,0.000000,0.0044997,0.0037335
22,1.475000,0.4246770,0.2964500,0.1720000,0.000000,0.0044997,0.0037344
22,1.479167,0.4246890,0.2964505,0.1720000,0.000000,0.0044997,0.0037347
22,1.483333,0.4247011,0.2964513,0.1720000,0.000000,0.0044997,0.0037356
22,1.487500,0.4247126,0.2964518,0.1720000,0.000000,0.0044997,0.0037360
22,1.491667,0.4247244,0.2964526,0.1720000,0.000000,0.0044997,0.0037368
22,1.495833,0.4247353,0.2964529,0.1720000,0.000000,0.0044997,0.0037371
22,1.500000,0.4247466,0.2964537,0.1720000,0.000000,0.0044997,0.0037379
22,1.504167,0.4247572,0.2964540,0.1720000,0.000000,0.0044997,0.0037382
22,1.508333,0.4247679,0.2964547,0.1720000,0.000000,0.0044997,0.0037390
22,1.512500,0.4247780,0.2964551,0.1720000,0.000000,0.0044997,0.0037393
22,1.516667,0.4247883,0.2964559,0.1720000,0.000000,0.0044997,0.0037401
22,1.520833,0.4247980,0.2964562,0.1720000,0.000000,0.0044997,0.0037404
22,1.525000,0.4248078,0.2964568,0.1720000,0.000000,0.0044997,0.0037411
22,1.529167,0.4248170,0.2964572,0.1720000,0.000000,0.0044997,0.0037414
22,1.533333,0.4248264,0.2964579,0.1720000,0.000000,0.0044997,0.0037421
22,1.537500,0.4248350,0.2964581,0.1720000,0.000000,0.0044997,0.0037423
22,1.541667,0.4248439,0.2964588,0.1720000,0.000000,0.0044997,0.0037430
22,1.545833,0.4248521,0.2964591,0.1720000,0.000000,0.0044997,0.0037432
22,1.550000,0.4248604,0.2964596,0.1720000,0.000000,0.0044997,0.0037438
22,1.554167,0.4248682,0.2964598,0.1720000,0.000000,0.0044997,0.0037441
22,1.558333,0.4248762,0.2964605,0.1720000,0.000000,0.0044997,0.0037447
22,1.562500,0.4248834,0.2964606,0.1720000,0.000000,0.0044997,0.0037448
22,1.566667,0.4248909,0.2964612,0.1720000,0.000000,0.0044997,0.0037454
22,1.570833,0.4248977,0.2964614,0.1720000,0.000000,0.0044997,0.0037456
22,1.575000,0.4249047,0.2964619,0.1720000,0.000000,0.0044997,0.0037462
22,1.579167,0.4249111,0.2964622,0.1720000,0.000000,0.0044997,0.0037464
22,1.583333,0.4249175,0.2964628,0.1720000,0.000000,0.0044997,0.0037469
22,1.587500,0.4249235,0.2964629,0.1720000,0.000000,0.0044997,0.0037471
22,1.591667,0.4249296,0.2964635,0.1720000,0.000000,0.0044997,0.0037476
22,1.595833,0.4249349,0.2964635,0.1720000,0.000000,0.0044997,0.0037477
22,1.600000,0.4249406,0.2964639,0.1720000,0.000000,0.0044997,0.0037482
22,1.604167,0.4249454,0.2964640,0.1720000,0.000000,0.0044997,0.0037482
22,1.608333,0.4249506,0.2964644,0.1720000,0.000000,0.0044997,0.0037487
22,1.612500,0.4249552,0.2964645,0.1720000,0.000000,0.0044997,0.0037487
22,1.616667,0.4249598,0.2964649,0.1720000,0.000000,0.0044997,0.0037491
22,1.620833,0.4249637,0.2964649,0.1720000,0.000000,0.0044997,0.0037492
22,1.625000,0.4249681,0.2964655,0.1720000,0.000000,0.0044997,0.0037496
22,1.629167,0.4249716,0.2964653,0.1720000,0.000000,0.0044997,0.0037495
22,1.633333,0.4249753,0.2964658,0.1720000,0.000000,0.0044997,0.0037499
22,1.637500,0.4249784,0.2964657,0.1720000,0.000000,0.0044997,0.0037499
22,1.641667,0.4249817,0.2964660,0.1720000,0.000000,0.0044997,0.0037503
22,1.645833,0.4249843,0.2964660,0.1720000,0.000000,0.0044997,0.0037503
22,1.650000,0.4249873,0.2964664,0.1720000,0.000000,0.0044997,0.0037507
22,1.654167,0.4249895,0.2964664,0.1720000,0.000000,0.0044997,0.0037506
22,1.658333,0.4249918,0.2964666,0.1720000,0.000000,0.0044997,0.0037508
22,1.662500,0.4249936,0.2964666,0.1720000,0.000000,0.0044997,0.0037508
22,1.666667,0.4249957,0.2964669,0.1720000,0.000000,0.0044997,0.0037511
22,1.670833,0.4249969,0.2964668,0.1720000,0.000000,0.0044997,0.0037509
22,1.675000,0.4249984,0.2964670,0.1720000,0.000000,0.0044997,0.0037512
22,1.679167,0.4249993,0.2964669,0.1720000,0.000000,0.0044997,0.0037511
22,1.683333,0.4250003,0.2964672,0.1720000,0.000000,0.0044997,0.0037513
22,1.687500,0.4250008,0.2964670,0.1720000,0.000000,0.0044997,0.0037512
22,1.691667,0.4250015,0.2964673,0.1720000,0.000000,0.0044997,0.0037514
22,1.695833,0.4250014,0.2964669,0.1720000,0.000000,0.0044997,0.0037512
22,1.700000,0.4250016,0.2964671,0.1720000,0.000000,0.0044997,0.0037514
22,1.704167,0.4250012,0.2964670,0.1720000,0.000000,0.0044997,0.0037512
22,1.708333,0.4250010,0.2964671,0.1720000,0.000000,0.0044997,0.0037513
22,1.712500,0.4250001,0.2964669,0.1720000,0.000000,0.0044997,0.0037511
22,1.716667,0.4249994,0.2964670,0.1720000,0.000000,0.0044997,0.0037512
22,1.720833,0.4249982,0.2964668,0.1720000,0.000000,0.0044997,0.0037510
22,1.725000,0.4249970,0.2964669,0.1720000,0.000000,0.0044997,0.0037511
22,1.729167,0.4249954,0.2964667,0.1720000,0.000000,0.0044997,0.0037509
22,1.733333,0.4249938,0.2964668,0.1720000,0.000000,0.0044997,0.0037510
22,1.737500,0.4249916,0.2964664,0.1720000,0.000000,0.0044997,0.0037507
22,1.741667,0.4249897,0.2964664,0.1720000,0.000000,0.0044997,0.0037507
22,1.745833,0.4249872,0.2964662,0.1720000,0.000000,0.0044997,0.0037504
22,1.750000,0.4249848,0.2964663,0.1720000,0.000000,0.0044997,0.0037505
22,1.754167,0.4249819,0.2964660,0.1720000,0.000000,0.0044997,0.0037502
22,1.758333,0.4249792,0.2964660,0.1720000,0.000000,0.0044997,0.0037502
22,1.762500,0.4249759,0.2964656,0.1720000,0.000000,0.0044997,0.0037499
22,1.766667,0.4249727,0.2964656,0.1720000,0.000000,0.0044997,0.0037499
22,1.770833,0.4249690,0.2964652,0.1720000,0.000000,0.0044997,0.0037495
22,1.775000,0.4249653,0.2964652,0.1720000,0.000000,0.0044997,0.0037494
22,1.779167,0.4249612,0.2964648,0.1720000,0.000000,0.0044997,0.0037491
22,1.783333,0.4249573,0.2964648,0.1720000,0.000000,0.0044997,0.0037491
22,1.787500,0.4249528,0.2964644,0.1720000,0.000000,0.0044997,0.0037487
22,1.791667,0.4249484,0.2964644,0.1720000,0.000000,0.0044997,0.0037486
22,1.795833,0.4249435,0.2964639,0.1720000,0.000000,0.0044997,0.0037481
22,1.800000,0.4249387,0.2964638,0.1720000,0.000000,0.0044997,0.0037480
22,1.804167,0.4249334,0.2964634,0.1720000,0.000000,0.0044997,0.0037475
22,1.808333,0.4249284,0.2964632,0.1720000,0.000000,0.0044997,0.0037474
22,1.812500,0.4249226,0.2964627,0.1720000,0.000000,0.0044997,0.0037469
22,1.816667,0.4249170,0.2964627,0.1720000,0.000000,0.0044997,0.0037468
22,1.820833,0.4249111,0.2964621,0.1720000,0.000000,0.0044997,0.0037463
22,1.825000,0.4249052,0.2964620,0.1720000,0.000000,0.0044997,0.0037462
22,1.829167,0.4248988,0.2964615,0.1720000,0.000000,0.0044997,0.0037457
22,1.833333,0.4248925,0.2964614,0.1720000,0.000000,0.0044997,0.0037455
22,1.837500,0.4248858,0.2964608,0.1720000,0.000000,0.0044997,0.0037450
22,1.841667,0.4248791,0.2964606,0.1720000,0.000000,0.0044997,0.0037448
22,1.845833,0.4248721,0.2964601,0.1720000,0.000000,0.0044997,0.0037443
22,1.850000,0.4248651,0.2964599,0.1720000,0.000000,0.0044997,0.0037441
22,1.854167,0.4248576,0.2964593,0.1720000,0.000000,0.0044997,0.0037435
22,1.858333,0.4248502,0.2964591,0.1720000,0.000000,0.0044997,0.0037433
22,1.862500,0.4248424,0.2964586,0.1720000,0.000000,0.0044997,0.0037426
22,1.866667,0.4248347,0.2964583,0.1720000,0.000000,0.0044997,0.0037424
22,1.870833,0.4248265,0.2964577,0.1720000,0.000000,0.0044997,0.0037418
22,1.875000,0.4248185,0.2964574,0.1720000,0.000000,0.0044997,0.0037415
22,1.879167,0.4248099,0.2964568,0.1720000,0.000000,0.0044997,0.0037409
22,1.883333,0.4248016,0.2964565,0.1720000,0.000000,0.0044997,0.0037406
22,1.887500,0.4247927,0.2964559,0.1720000,0.000000,0.0044997,0.0037401
22,1.891667,0.4247841,0.2964557,0.1720000,0.000000,0.0044997,0.0037398
22,1.895833,0.4247749,0.2964550,0.1720000,0.000000,0.0044997,0.0037392
22,1.900000,0.4247659,0.2964547,0.1720000,0.000000,0.0044997,0.0037389
22,1.904167,0.4247563,0.2964540,0.1720000,0.000000,0.0044997,0.0037383
22,1.908333,0.4247470,0.2964538,0.1720000,0.000000,0.0044997,0.0037379
22,1.912500,0.4247372,0.2964531,0.1720000,0.000000,0.0044997,0.0037373
22,1.916667,0.4247275,0.2964526,0.1720000,0.000000,0.0044997,0.0037369
22,1.920833,0.4247174,0.2964520,0.1720000,0.000000,0.0044997,0.0037362
22,1.925000,0.4247074,0.2964516,0.1720000,0.000000,0.0044997,0.0037359
22,1.929167,0.4246970,0.2964510,0.1720000,0.000000,0.0044997,0.0037352
22,1.933333,0.4246867,0.2964506,0.1720000,0.000000,0.0044997,0.0037348
22,1.937500,0.4246759,0.2964499,0.1720000,0.000000,0.0044997,0.0037341
22,1.941667,0.4246653,0.2964495,0.1720000,0.000000,0.0044997,0.0037337
22,1.945833,0.4246544,0.2964488,0.1720000,0.000000,0.0044997,0.0037330
22,1.950000,0.4246434,0.2964484,0.1720000,0.000000,0.0044997,0.0037326
22,1.954167,0.4246321,0.2964477,0.1720000,0.000000,0.0044997,0.0037319
22,1.958333,0.4246209,0.2964472,0.1720000,0.000000,0.0044997,0.0037315
22,1.962500,0.4246093,0.2964465,0.1720000,0.000000,0.0044997,0.0037308
22,1.966667,0.4245979,0.2964461,0.1720000,0.000000,0.0044997,0.0037303
22,1.970833,0.4245860,0.2964454,0.1720000,0.000000,0.0044997,0.0037295
22,1.975000,0.4245742,0.2964449,0.1720000,0.000000,0.0044997,0.0037291
22,1.979167,0.4245620,0.2964442,0.1720000,0.000000,0.0044997,0.0037284
22,1.983333,0.4245500,0.2964438,0.1720000,0.000000,0.0044997,0.0037279
22,1.987500,0.4245376,0.2964430,0.1720000,0.000000,0.0044997,0.0037272
22,1.991667,0.4245253,0.2964426,0.1720000,0.000000,0.0044997,0.0037267
22,1.995833,0.4245127,0.2964418,0.1720000,0.000000,0.0044997,0.0037260
22,2.000000,0.4245000,0.2964412,0.1720000,0.000000,0.0044997,0.0037255
22,2.004167,0.4244871,0.2964406,0.1720000,0.000000,0.0044997,0.0037247
22,2.008333,0.4244743,0.2964401,0.1720000,0.000000,0.0044997,0.0037243
22,2.012500,0.4244611,0.2964393,0.1720000,0.000000,0.0044997,0.0037234
22,2.016667,0.4244481,0.2964388,0.1720000,0.000000,0.0044997,0.0037229
22,2.020833,0.4244345,0.2964380,0.1720000,0.000000,0.0044997,0.0037221
22,2.025000,0.4244212,0.2964374,0.1720000,0.000000,0.0044997,0.0037216
22,2.029167,0.4244076,0.2964367,0.1720000,0.000000,0.0044997,0.0037209
22,2.033333,0.4243939,0.2964361,0.1720000,0.000000,0.0044997,0.0037203
22,2.037500,0.4243800,0.2964353,0.1720000,0.000000,0.0044997,0.0037195
22,2.041667,0.4243662,0.2964348,0.1720000,0.000000,0.0044997,0.0037189
22,2.045833,0.4243521,0.2964340,0.1720000,0.000000,0.0044997,0.0037182
22,2.050000,0.4243381,0.2964335,0.1720000,0.000000,0.0044997,0.0037177
22,2.054167,0.4243236,0.2964327,0.1720000,0.000000,0.0044997,0.0037169
22,2.058333,0.4243093,0.2964320,0.1720000,0.000000,0.0044997,0.0037163
22,2.062500,0.4242947,0.2964312,0.1720000,0.000000,0.0044997,0.0037155
22,2.066667,0.4242801,0.2964307,0.1720000,0.000000,0.0044997,0.0037149
22,2.070833,0.4242653,0.2964298,0.1720000,0.000000,0.0044997,0.0037141
22,2.075000,0.4242507,0.2964293,0.1720000,0.000000,0.0044997,0.0037136
22,2.079167,0.4242356,0.2964286,0.1720000,0.000000,0.0044997,0.0037128
22,2.083333,0.4242207,0.2964279,0.1720000,0.000000,0.0044997,0.0037122
22,2.087500,0.4242054,0.2964271,0.1720000,0.000000,0.0044997,0.0037113
22,2.091667,0.4241903,0.2964265,0.1720000,0.000000,0.0044997,0.0037107
22,2.095833,0.4241748,0.2964256,0.1720000,0.000000,0.0044997,0.0037099
22,2.100000,0.4241595,0.2964251,0.1720000,0.000000,0.0044997,0.0037093
22,2.104167,0.4241438,0.2964242,0.1720000,0.000000,0.0044997,0.0037084
22,2.108333,0.4241283,0.2964235,0.1720000,0.000000,0.0044997,0.0037078
22,2.112500,0.4241124,0.2964227,0.1720000,0.000000,0.0044997,0.0037070
22,2.116667,0.4240967,0.2964221,0.1720000,0.000000,0.0044997,0.0037064
22,2.120833,0.4240808,0.2964213,0.1720000,0.000000,0.0044997,0.0037055
22,2.125000,0.4240648,0.2964206,0.1720000,0.000000,0.0044997,0.0037049
22,2.129167,0.4240486,0.2964199,0.1720000,0.000000,0.0044997,0.0037041
22,2.133333,0.4240325,0.2964192,0.1720000,0.000000,0.0044997,0.0037034
22,2.137500,0.4240161,0.2964184,0.1720000,0.000000,0.0044997,0.0037026
22,2.141667,0.4239998,0.2964178,0.1720000,0.000000,0.0044997,0.0037020
22,2.145833,0.4239832,0.2964170,0.1720000,0.000000,0.0044997,0.0037012
22,2.150000,0.4239667,0.2964163,0.1720000,0.000000,0.0044997,0.0037005
22,2.154167,0.4239501,0.2964155,0.1720000,0.000000,0.0044997,0.0036998
22,2.158333,0.4239335,0.2964150,0.1720000,0.000000,0.0044997,0.0036992
22,2.162500,0.4239166,0.2964142,0.1720000,0.000000,0.0044997,0.0036983
22,2.166667,0.4238999,0.2964134,0.1720000,0.000000,0.0044997,0.0036976
22,2.170833,0.4238827,0.2964126,0.1720000,0.000000,0.0044997,0.0036968
22,2.175000,0.4238657,0.2964118,0.1720000,0.000000,0.0044997,0.0036962
22,2.179167,0.4238487,0.2964112,0.1720000,0.000000,0.0044997,0.0036954
22,2.183333,0.4238316,0.2964105,0.1720000,0.000000,0.0044997,0.0036947
22,2.187500,0.4238143,0.2964098,0.1720000,0.000000,0.0044997,0.0036939
22,2.191667,0.4237970,0.2964090,0.1720000,0.000000,0.0044997,0.0036932
22,2.195833,0.4237796,0.2964082,0.1720000,0.000000,0.0044997,0.0036924
22,2.200000,0.4237621,0.2964074,0.1720000,0.000000,0.0044997,0.0036917
22,2.204167,0.4237446,0.2964067,0.1720000,0.000000,0.0044997,0.0036909
22,2.208333,0.4237270,0.2964061,0.1720000,0.000000,0.0044997,0.0036902
22,2.212500,0.4237092,0.2964053,0.1720000,0.000000,0.0044997,0.0036894
22,2.216667,0.4236916,0.2964045,0.1720000,0.000000,0.0044997,0.0036887
22,2.220833,0.4236736,0.2964037,0.1720000,0.000000,0.0044997,0.0036879
22,2.225000,0.4236558,0.2964030,0.1720000,0.000000,0.0044997,0.0036872
22,2.229167,0.4236379,0.2964022,0.1720000,0.000000,0.0044997,0.0036864
22,2.233333,0.4236200,0.2964016,0.1720000,0.000000,0.0044997,0.0036858
22,2.237500,0.4236018,0.2964007,0.1720000,0.000000,0.0044997,0.0036849
22,2.241667,0.4235837,0.2964000,0.1720000,0.000000,0.0044997,0.0036842
22,2.245833,0.4235656,0.2963993,0.1720000,0.000000,0.0044997,0.0036835
22,2.250000,0.4235474,0.2963987,0.1720000,0.000000,0.0044997,0.0036829
22,2.254167,0.4235290,0.2963978,0.1720000,0.000000,0.0044997,0.0036820
22,2.258333,0.4235108,0.2963972,0.1720000,0.000000,0.0044997,0.0036814
22,2.262500,0.4234923,0.2963964,0.1720000,0.000000,0.0044997,0.0036806
22,2.266667,0.4234739,0.2963957,0.1720000,0.000000,0.0044997,0.0036799
22,2.270833,0.4234552,0.2963949,0.1720000,0.000000,0.0044997,0.0036791
22,2.275000,0.4234368,0.2963943,0.1720000,0.000000,0.0044997,0.0036784
22,2.279167,0.4234181,0.2963934,0.1720000,0.000000,0.0044997,0.0036776
22,2.283333,0.4233994,0.2963927,0.1720000,0.000000,0.0044997,0.0036769
22,2.287500,0.4233807,0.2963919,0.1720000,0.000000,0.0044997,0.0036761
22,2.291667,0.4233621,0.2963913,0.1720000,0.000000,0.0044997,0.0036755
22,2.295833,0.4233432,0.2963905,0.1720000,0.000000,0.0044997,0.0036747
22,2.300000,0.4233244,0.2963898,0.1720000,0.000000,0.0044997,0.0036741
22,2.304167,0.4233054,0.2963891,0.1720000,0.000000,0.0044997,0.0036732
22,2.308333,0.4232866,0.2963884,0.1720000,0.000000,0.0044997,0.0036726
22,2.312500,0.4232675,0.2963876,0.1720000,0.000000,0.0044997,0.0036718
22,2.316667,0.4232485,0.2963870,0.1720000,0.000000,0.0044997,0.0036712
22,2.320833,0.4232293,0.2963862,0.1720000,0.000000,0.0044997,0.0036704
22,2.325000,0.4232103,0.2963856,0.1720000,0.000000,0.0044997,0.0036697
22,2.329167,0.4231912,0.2963848,0.1720000,0.000000,0.0044997,0.0036690
22,2.333333,0.4231720,0.2963841,0.1720000,0.000000,0.0044997,0.0036683
22,2.337500,0.4231528,0.2963834,0.1720000,0.000000,0.0044997,0.0036676
22,2.341667,0.4231335,0.2963827,0.1720000,0.000000,0.0044997,0.0036669
22,2.345833,0.4231142,0.2963819,0.1720000,0.000000,0.0044997,0.0036662
22,2.350000,0.4230949,0.2963813,0.1720000,0.000000,0.0044997,0.0036655
22,2.354167,0.4230755,0.2963805,0.1720000,0.000000,0.0044997,0.0036648
22,2.358333,0.4230562,0.2963800,0.1720000,0.000000,0.0044997,0.0036642
22,2.362500,0.4230367,0.2963792,0.1720000,0.000000,0.0044997,0.0036634
22,2.366667,0.4230172,0.2963786,0.1720000,0.000000,0.0044997,0.0036627
22,2.370833,0.4229977,0.2963778,0.1720000,0.000000,0.0044997,0.0036620
22,2.375000,0.4229782,0.2963772,0.1720000,0.000000,0.0044997,0.0036614
22,2.379167,0.4229587,0.2963764,0.1720000,0.000000,0.0044997,0.0036607
22,2.383333,0.4229391,0.2963758,0.1720000,0.000000,0.0044997,0.0036600
22,2.387500,0.4229194,0.2963751,0.1720000,0.000000,0.0044997,0.0036593
22,2.391667,0.4228998,0.2963743,0.1720000,0.000000,0.0044997,0.0036585
22,2.395833,0.4228801,0.2963737,0.1720000,0.000000,0.0044997,0.0036578
22,2.400000,0.4228604,0.2963731,0.1720000,0.000000,0.0044997,0.0036572
22,2.404167,0.4228407,0.2963723,0.1720000,0.000000,0.0044997,0.0036565
22,2.408333,0.4228210,0.2963718,0.1720000,0.000000,0.0044997,0.0036559
22,2.412500,0.4228011,0.2963710,0.1720000,0.000000,0.0044997,0.0036552
22,2.416667,0.4227814,0.2963703,0.1720000,0.000000,0.0044997,0.0036545
22,2.420833,0.4227616,0.2963696,0.1720000,0.000000,0.0044997,0.0036538
22,2.425000,0.4227417,0.2963690,0.1720000,0.000000,0.0044997,0.0036532
22,2.429167,0.4227219,0.2963684,0.1720000,0.000000,0.0044997,0.0036526
22,2.433333,0.4227021,0.2963677,0.1720000,0.000000,0.0044997,0.0036520
22,2.437500,0.4226822,0.2963670,0.1720000,0.000000,0.0044997,0.0036513
22,2.441667,0.4226622,0.2963664,0.1720000,0.000000,0.0044997,0.0036506
22,2.445833,0.4226424,0.2963658,0.1720000,0.000000,0.0044997,0.0036500
22,2.450000,0.4226223,0.2963651,0.1720000,0.000000,0.0044997,0.0036494
22,2.454167,0.4226024,0.2963645,0.1720000,0.000000,0.0044997,0.0036487
22,2.458333,0.4225824,0.2963638,0.1720000,0.000000,0.0044997,0.0036480
22,2.462500,0.4225625,0.2963631,0.1720000,0.000000,0.0044997,0.0036474
22,2.466667,0.4225424,0.2963625,0.1720000,0.000000,0.0044997,0.0036467
22,2.470833,0.4225224,0.2963619,0.1720000,0.000000,0.0044997,0.0036461
22,2.475000,0.4225025,0.2963614,0.1720000,0.000000,0.0044997,0.0036455
22,2.479167,0.4224824,0.2963607,0.1720000,0.000000,0.0044997,0.0036449
22,2.483333,0.4224623,0.2963602,0.1720000,0.000000,0.0044997,0.0036444
22,2.487500,0.4224422,0.2963595,0.1720000,0.000000,0.0044997,0.0036437
22,2.491667,0.4224221,0.2963589,0.1720000,0.000000,0.0044997,0.0036430
22,2.495833,0.4224020,0.2963582,0.1720000,0.000000,0.0044997,0.0036425
22,2.500000,0.4223819,0.2963577,0.1720000,0.000000,0.0044997,0.0036418
22,2.504167,0.4223617,0.2963570,0.1720000,0.000000,0.0044997,0.0036413
22,2.508333,0.4223418,0.2963564,0.1720000,0.000000,0.0044997,0.0036407
22,2.512500,0.4223215,0.2963559,0.1720000,0.000000,0.0044997,0.0036401
22,2.516667,0.4223014,0.2963553,0.1720000,0.000000,0.0044997,0.0036395
22,2.520833,0.4222813,0.2963547,0.1720000,0.000000,0.0044997,0.0036390
22,2.525000,0.4222611,0.2963541,0.1720000,0.000000,0.0044997,0.0036384
22,2.529167,0.4222409,0.2963535,0.1720000,0.000000,0.0044997,0.0036378
22,2.533333,0.4222208,0.2963529,0.1720000,0.000000,0.0044997,0.0036371
22,2.537500,0.4222007,0.2963523,0.1720000,0.000000,0.0044997,0.0036366
22,2.541667,0.4221805,0.2963518,0.1720000,0.000000,0.0044997,0.0036360
22,2.545833,0.4221604,0.2963513,0.1720000,0.000000,0.0044997,0.0036355
22,2.550000,0.4221402,0.2963508,0.1720000,0.000000,0.0044997,0.0036349
22,2.554167,0.4221200,0.2963502,0.1720000,0.000000,0.0044997,0.0036343
22,2.558333,0.4220998,0.2963495,0.1720000,0.000000,0.0044997,0.0036337
22,2.562500,0.4220796,0.2963489,0.1720000,0.000000,0.0044997,0.0036331
22,2.566667,0.4220593,0.2963484,0.1720000,0.000000,0.0044997,0.0036325
22,2.570833,0.4220392,0.2963478,0.1720000,0.000000,0.0044997,0.0036320
22,2.575000,0.4220190,0.2963472,0.1720000,0.000000,0.0044997,0.0036315
22,2.579167,0.4219988,0.2963468,0.1720000,0.000000,0.0044997,0.0036309
22,2.583333,0.4219787,0.2963462,0.1720000,0.000000,0.0044997,0.0036304
22,2.587500,0.4219585,0.2963456,0.1720000,0.000000,0.0044997,0.0036299
22,2.591667,0.4219384,0.2963452,0.1720000,0.000000,0.0044997,0.0036294
22,2.595833,0.4219181,0.2963447,0.1720000,0.000000,0.0044997,0.0036289
22,2.600000,0.4218979,0.2963440,0.1720000,0.000000,0.0044997,0.0036283
22,2.604167,0.4218778,0.2963435,0.1720000,0.000000,0.0044997,0.0036278
22,2.608333,0.4218576,0.2963430,0.1720000,0.000000,0.0044997,0.0036272
22,2.612500,0.4218374,0.2963425,0.1720000,0.000000,0.0044997,0.0036267
22,2.616667,0.4218172,0.2963419,0.1720000,0.000000,0.0044997,0.0036261
22,2.620833,0.4217970,0.2963414,0.1720000,0.000000,0.0044997,0.0036256
22,2.625000,0.4217769,0.2963409,0.1720000,0.000000,0.0044997,0.0036251
22,2.629167,0.4217567,0.2963404,0.1720000,0.000000,0.0044997,0.0036246
22,2.633333,0.4217366,0.2963399,0.1720000,0.000000,0.0044997,0.0036242
22,2.637500,0.4217164,0.2963395,0.1720000,0.000000,0.0044997,0.0036237
22,2.641667,0.4216963,0.2963389,0.1720000,0.000000,0.0044997,0.0036232
22,2.645833,0.4216762,0.2963384,0.1720000,0.000000,0.0044997,0.0036227
22,2.650000,0.4216560,0.2963380,0.1720000,0.000000,0.0044997,0.0036223
22,2.654167,0.4216359,0.2963375,0.1720000,0.000000,0.0044997,0.0036218
22,2.658333,0.4216158,0.2963371,0.1720000,0.000000,0.0044997,0.0036213
22,2.662500,0.4215958,0.2963365,0.1720000,0.000000,0.0044997,0.0036208
22,2.666667,0.4215756,0.2963361,0.1720000,0.000000,0.0044997,0.0036204
22,2.670833,0.4215555,0.2963357,0.1720000,0.000000,0.0044997,0.0036198
22,2.675000,0.4215355,0.2963351,0.1720000,0.000000,0.0044997,0.0036193
22,2.679167,0.4215153,0.2963347,0.1720000,0.000000,0.0044997,0.0036189
22,2.683333,0.4214952,0.2963341,0.1720000,0.000000,0.0044997,0.0036184
22,2.687500,0.4214753,0.2963338,0.1720000,0.000000,0.0044997,0.0036180
22,2.691667,0.4214551,0.2963333,0.1720000,0.000000,0.0044997,0.0036175
22,2.695833,0.4214351,0.2963329,0.1720000,0.000000,0.0044997,0.0036171
22,2.700000,0.4214152,0.2963324,0.1720000,0.000000,0.0044997,0.0036166
22,2.704167,0.4213951,0.2963319,0.1720000,0.000000,0.0044997,0.0036162
22,2.708333,0.4213750,0.2963314,0.1720000,0.000000,0.0044997,0.0036157
22,2.712500,0.4213552,0.2963310,0.1720000,0.000000,0.0044997,0.0036153
22,2.716667,0.4213352,0.2963306,0.1720000,0.000000,0.0044997,0.0036149
22,2.720833,0.4213152,0.2963303,0.1720000,0.000000,0.0044997,0.0036145
22,2.725000,0.4212952,0.2963298,0.1720000,0.000000,0.0044997,0.0036140
22,2.729167,0.4212753,0.2963294,0.1720000,0.000000,0.0044997,0.0036135
22,2.733333,0.4212552,0.2963288,0.1720000,0.000000,0.0044997,0.0036131
22,2.737500,0.4212354,0.2963285,0.1720000,0.000000,0.0044997,0.0036127
22,2.741667,0.4212156,0.2963281,0.1720000,0.000000,0.0044997,0.0036123
22,2.745833,0.4211957,0.2963277,0.1720000,0.000000,0.0044997,0.0036119
22,2.750000,0.4211757,0.2963273,0.1720000,0.000000,0.0044997,0.0036115
22,2.754167,0.4211560,0.2963270,0.1720000,0.000000,0.0044997,0.0036111
22,2.758333,0.4211361,0.2963265,0.1720000,0.000000,0.0044997,0.0036107
22,2.762500,0.4211162,0.2963262,0.1720000,0.000000,0.0044997,0.0036103
22,2.766667,0.4210964,0.2963257,0.1720000,0.000000,0.0044997,0.0036099
22,2.770833,0.4210767,0.2963254,0.1720000,0.000000,0.0044997,0.0036096
22,2.775000,0.4210569,0.2963249,0.1720000,0.000000,0.0044997,0.0036091
22,2.779167,0.4210370,0.2963245,0.1720000,0.000000,0.0044997,0.0036087
22,2.783333,0.4210172,0.2963241,0.1720000,0.000000,0.0044997,0.0036083
22,2.787500,0.4209975,0.2963237,0.1720000,0.000000,0.0044997,0.0036080
22,2.791667,0.4209778,0.2963234,0.1720000,0.000000,0.0044997,0.0036076
22,2.795833,0.4209581,0.2963230,0.1720000,0.000000,0.0044997,0.0036072
22,2.800000,0.4209385,0.2963227,0.1720000,0.000000,0.0044997,0.0036068
22,2.804167,0.4209187,0.2963222,0.1720000,0.000000,0.0044997,0.0036065
22,2.808333,0.4208990,0.2963218,0.1720000,0.000000,0.0044997,0.0036061
22,2.812500,0.4208793,0.2963214,0.1720000,0.000000,0.0044997,0.0036058
22,2.816667,0.4208597,0.2963212,0.1720000,0.000000,0.0044997,0.0036054
22,2.820833,0.4208402,0.2963208,0.1720000,0.000000,0.0044997,0.0036050
22,2.825000,0.4208205,0.2963204,0.1720000,0.000000,0.0044997,0.0036046
22,2.829167,0.4208010,0.2963201,0.1720000,0.000000,0.0044997,0.0036043
22,2.833333,0.4207815,0.2963197,0.1720000,0.000000,0.0044997,0.0036040
22,2.837500,0.4207620,0.2963195,0.1720000,0.000000,0.0044997,0.0036036
22,2.841667,0.4207423,0.2963191,0.1720000,0.000000,0.0044997,0.0036033
22,2.845833,0.4207229,0.2963188,0.1720000,0.000000,0.0044997,0.0036031
22,2.850000,0.4207035,0.2963186,0.1720000,0.000000,0.0044997,0.0036028
22,2.854167,0.4206840,0.2963182,0.1720000,0.000000,0.0044997,0.0036025
22,2.858333,0.4206645,0.2963178,0.1720000,0.000000,0.0044997,0.0036021
22,2.862500,0.4206451,0.2963175,0.1720000,0.000000,0.0044997,0.0036017
22,2.866667,0.4206257,0.2963172,0.1720000,0.000000,0.0044997,0.0036014
22,2.870833,0.4206063,0.2963169,0.1720000,0.000000,0.0044997,0.0036011
22,2.875000,0.4205869,0.2963165,0.1720000,0.000000,0.0044997,0.0036008
22,2.879167,0.4205676,0.2963163,0.1720000,0.000000,0.0044997,0.0036004
22,2.883333,0.4205482,0.2963158,0.1720000,0.000000,0.0044997,0.0036001
22,2.887500,0.4205289,0.2963156,0.1720000,0.000000,0.0044997,0.0035998
22,2.891667,0.4205097,0.2963154,0.1720000,0.000000,0.0044997,0.0035995
22,2.895833,0.4204905,0.2963150,0.1720000,0.000000,0.0044997,0.0035992
22,2.900000,0.4204713,0.2963147,0.1720000,0.000000,0.0044997,0.0035989
22,2.904167,0.4204520,0.2963145,0.1720000,0.000000,0.0044997,0.0035987
22,2.908333,0.4204328,0.2963142,0.1720000,0.000000,0.0044997,0.0035984
22,2.912500,0.4204137,0.2963140,0.1720000,0.000000,0.0044997,0.0035981
22,2.916667,0.4203945,0.2963136,0.1720000,0.000000,0.0044997,0.0035977
22,2.920833,0.4203753,0.2963134,0.1720000,0.000000,0.0044997,0.0035975
22,2.925000,0.4203563,0.2963131,0.1720000,0.000000,0.0044997,0.0035973
22,2.929167,0.4203372,0.2963127,0.1720000,0.000000,0.0044997,0.0035970
22,2.933333,0.4203180,0.2963124,0.1720000,0.000000,0.0044997,0.0035966
22,2.937500,0.4202990,0.2963122,0.1720000,0.000000,0.0044997,0.0035963
22,2.941667,0.4202799,0.2963119,0.1720000,0.000000,0.0044997,0.0035961
22,2.945833,0.4202610,0.2963117,0.1720000,0.000000,0.0044997,0.0035959
22,2.950000,0.4202420,0.2963114,0.1720000,0.000000,0.0044997,0.0035956
22,2.954167,0.4202231,0.2963111,0.1720000,0.000000,0.0044997,0.0035954
22,2.958333,0.4202041,0.2963109,0.1720000,0.000000,0.0044997,0.0035951
22,2.962500,0.4201852,0.2963106,0.1720000,0.000000,0.0044997,0.0035949
22,2.966667,0.4201663,0.2963104,0.1720000,0.000000,0.0044997,0.0035946
22,2.970833,0.4201474,0.2963102,0.1720000,0.000000,0.0044997,0.0035944
22,2.975000,0.4201286,0.2963100,0.1720000,0.000000,0.0044997,0.0035942
22,2.979167,0.4201098,0.2963097,0.1720000,0.000000,0.0044997,0.0035940
22,2.983333,0.4200910,0.2963094,0.1720000,0.000000,0.0044997,0.0035937
22,2.987500,0.4200723,0.2963092,0.1720000,0.000000,0.0044997,0.0035935
22,2.991667,0.4200535,0.2963089,0.1720000,0.000000,0.0044997,0.0035932
22,2.995833,0.4200348,0.2963088,0.1720000,0.000000,0.0044997,0.0035930
22,3.000000,0.4200161,0.2963085,0.1720000,0.000000,0.0044997,0.0035927
22,3.004167,0.4199974,0.2963083,0.1720000,0.000000,0.0044997,0.0035926
22,3.008333,0.4199788,0.2963081,0.1720000,0.000000,0.0044997,0.0035923
22,3.012500,0.4199603,0.2963079,0.1720000,0.000000,0.0044997,0.0035921
22,3.016667,0.4199416,0.2963077,0.1720000,0.000000,0.0044997,0.0035919
22,3.020833,0.4199230,0.2963074,0.1720000,0.000000,0.0044997,0.0035917
22,3.025000,0.4199044,0.2963072,0.1720000,0.000000,0.0044997,0.0035914
22,3.029167,0.4198860,0.2963069,0.1720000,0.000000,0.0044997,0.0035913
22,3.033333,0.4198675,0.2963068,0.1720000,0.000000,0.0044997,0.0035910
22,3.037500,0.4198492,0.2963067,0.1720000,0.000000,0.0044997,0.0035908
22,3.041667,0.4198306,0.2963063,0.1720000,0.000000,0.0044997,0.0035906
22,3.045833,0.4198123,0.2963061,0.1720000,0.000000,0.0044997,0.0035905
22,3.050000,0.4197939,0.2963059,0.1720000,0.000000,0.0044997,0.0035902
22,3.054167,0.4197755,0.2963057,0.1720000,0.000000,0.0044997,0.0035900
22,3.058333,0.4197571,0.2963055,0.1720000,0.000000,0.0044997,0.0035898
22,3.062500,0.4197389,0.2963053,0.1720000,0.000000,0.0044997,0.0035896
22,3.066667,0.4197207,0.2963052,0.1720000,0.000000,0.0044997,0.0035895
22,3.070833,0.4197024,0.2963050,0.1720000,0.000000,0.0044997,0.0035893
22,3.075000,0.4196842,0.2963048,0.1720000,0.000000,0.0044997,0.0035891
22,3.079167,0.4196660,0.2963047,0.1720000,0.000000,0.0044997,0.0035889
22,3.083333,0.4196479,0.2963045,0.1720000,0.000000,0.0044997,0.0035887
22,3.087500,0.4196298,0.2963042,0.1720000,0.000000,0.0044997,0.0035885
22,3.091667,0.4196116,0.2963040,0.1720000,0.000000,0.0044997,0.0035884
22,3.095833,0.4195936,0.2963040,0.1720000,0.000000,0.0044997,0.0035882
22,3.100000,0.4195756,0.2963038,0.1720000,0.000000,0.0044997,0.0035880
22,3.104167,0.4195575,0.2963037,0.1720000,0.000000,0.0044997,0.0035879
22,3.108333,0.4195395,0.2963035,0.1720000,0.000000,0.0044997,0.0035877
22,3.112500,0.4195216,0.2963034,0.1720000,0.000000,0.0044997,0.0035876
22,3.116667,0.4195037,0.2963032,0.1720000,0.000000,0.0044997,0.0035874
22,3.120833,0.4194859,0.2963031,0.1720000,0.000000,0.0044997,0.0035872
22,3.125000,0.4194680,0.2963028,0.1720000,0.000000,0.0044997,0.0035871
22,3.129167,0.4194502,0.2963027,0.1720000,0.000000,0.0044997,0.0035869
22,3.133333,0.4194323,0.2963026,0.1720000,0.000000,0.0044997,0.0035867
22,3.137500,0.4194146,0.2963024,0.1720000,0.000000,0.0044997,0.0035866
22,3.141667,0.4193969,0.2963021,0.1720000,0.000000,0.0044997,0.0035864
22,3.145833,0.4193791,0.2963020,0.1720000,0.000000,0.0044997,0.0035863
22,3.150000,0.4193613,0.2963019,0.1720000,0.000000,0.0044997,0.0035861
22,3.154167,0.4193438,0.2963018,0.1720000,0.000000,0.0044997,0.0035861
22,3.158333,0.4193262,0.2963017,0.1720000,0.000000,0.0044997,0.0035859
22,3.162500,0.4193086,0.2963015,0.1720000,0.000000,0.0044997,0.0035858
22,3.166667,0.4192910,0.2963015,0.1720000,0.000000,0.0044997,0.0035856
22,3.170833,0.4192735,0.2963012,0.1720000,0.000000,0.0044997,0.0035855
22,3.175000,0.4192560,0.2963012,0.1720000,0.000000,0.0044997,0.0035853
22,3.179167,0.4192387,0.2963010,0.1720000,0.000000,0.0044997,0.0035853
22,3.183333,0.4192213,0.2963010,0.1720000,0.000000,0.0044997,0.0035851
22,3.187500,0.4192038,0.2963008,0.1720000,0.000000,0.0044997,0.0035850
22,3.191667,0.4191864,0.2963006,0.1720000,0.000000,0.0044997,0.0035847
22,3.195833,0.4191692,0.2963006,0.1720000,0.000000,0.0044997,0.0035847
22,3.200000,0.4191520,0.2963004,0.1720000,0.000000,0.0044997,0.0035846
22,3.204167,0.4191347,0.2963003,0.1720000,0.000000,0.0044997,0.0035844
22,3.208333,0.4191174,0.2963001,0.1720000,0.000000,0.0044997,0.0035843
22,3.212500,0.4191004,0.2963001,0.1720000,0.000000,0.0044997,0.0035842
22,3.216667,0.4190833,0.2963000,0.1720000,0.000000,0.0044997,0.0035841
22,3.220833,0.4190663,0.2963000,0.1720000,0.000000,0.0044997,0.0035841
22,3.225000,0.4190491,0.2962998,0.1720000,0.000000,0.0044997,0.0035840
22,3.229167,0.4190322,0.2962997,0.1720000,0.000000,0.0044997,0.0035839
22,3.233333,0.4190151,0.2962995,0.1720000,0.000000,0.0044997,0.0035837
22,3.237500,0.4189982,0.2962995,0.1720000,0.000000,0.0044997,0.0035836
22,3.241667,0.4189813,0.2962994,0.1720000,0.000000,0.0044997,0.0035836
22,3.245833,0.4189645,0.2962993,0.1720000,0.000000,0.0044997,0.0035835
22,3.250000,0.4189475,0.2962992,0.1720000,0.000000,0.0044997,0.0035833
22,3.254167,0.4189309,0.2962991,0.1720000,0.000000,0.0044997,0.0035834
22,3.258333,0.4189141,0.2962990,0.1720000,0.000000,0.0044997,0.0035833
22,3.262500,0.4188974,0.2962990,0.1720000,0.000000,0.0044997,0.0035832
22,3.266667,0.4188806,0.2962988,0.1720000,0.000000,0.0044997,0.0035831
22,3.270833,0.4188640,0.2962988,0.1720000,0.000000,0.0044997,0.0035830
22,3.275000,0.4188474,0.2962986,0.1720000,0.000000,0.0044997,0.0035829
22,3.279167,0.4188310,0.2962987,0.1720000,0.000000,0.0044997,0.0035829
22,3.283333,0.4188145,0.2962986,0.1720000,0.000000,0.0044997,0.0035828
22,3.287500,0.4187980,0.2962986,0.1720000,0.000000,0.0044997,0.0035827
22,3.291667,0.4187815,0.2962984,0.1720000,0.000000,0.0044997,0.0035826
22,3.295833,0.4187652,0.2962984,0.1720000,0.000000,0.0044997,0.0035826
22,3.300000,0.4187487,0.2962982,0.1720000,0.000000,0.0044997,0.0035824
22,3.304167,0.4187326,0.2962982,0.1720000,0.000000,0.0044997,0.0035823
22,3.308333,0.4187162,0.2962981,0.1720000,0.000000,0.0044997,0.0035823
22,3.312500,0.4187000,0.2962981,0.1720000,0.000000,0.0044997,0.0035822
22,3.316667,0.4186837,0.2962979,0.1720000,0.000000,0.0044997,0.0035821
22,3.320833,0.4186678,0.2962979,0.1720000,0.000000,0.0044997,0.0035820
22,3.325000,0.4186516,0.2962978,0.1720000,0.000000,0.0044997,0.0035820
22,3.329167,0.4186356,0.2962978,0.1720000,0.000000,0.0044997,0.0035819
22,3.333333,0.4186197,0.2962977,0.1720000,0.000000,0.0044997,0.0035819
22,3.337500,0.4186037,0.2962977,0.1720000,0.000000,0.0044997,0.0035819
22,3.341667,0.4185878,0.2962976,0.1720000,0.000000,0.0044997,0.0035817
22,3.345833,0.4185720,0.2962975,0.1720000,0.000000,0.0044997,0.0035817
22,3.350000,0.4185561,0.2962974,0.1720000,0.000000,0.0044997,0.0035816
22,3.354167,0.4185403,0.2962974,0.1720000,0.000000,0.0044997,0.0035816
22,3.358333,0.4185245,0.2962973,0.1720000,0.000000,0.0044997,0.0035815
22,3.362500,0.4185090,0.2962973,0.1720000,0.000000,0.0044997,0.0035815
22,3.366667,0.4184933,0.2962973,0.1720000,0.000000,0.0044997,0.0035814
22,3.370833,0.4184778,0.2962972,0.1720000,0.000000,0.0044997,0.0035815
22,3.375000,0.4184623,0.2962972,0.1720000,0.000000,0.0044997,0.0035814
22,3.379167,0.4184470,0.2962973,0.1720000,0.000000,0.0044997,0.0035815
22,3.383333,0.4184315,0.2962971,0.1720000,0.000000,0.0044997,0.0035814
22,3.387500,0.4184162,0.2962971,0.1720000,0.000000,0.0044997,0.0035814
22,3.391667,0.4184009,0.2962971,0.1720000,0.000000,0.0044997,0.0035813
22,3.395833,0.4183857,0.2962970,0.1720000,0.000000,0.0044997,0.0035813
22,3.400000,0.4183705,0.2962970,0.1720000,0.000000,0.0044997,0.0035811
22,3.404167,0.4183553,0.2962970,0.1720000,0.000000,0.0044997,0.0035812
22,3.408333,0.4183402,0.2962968,0.1720000,0.000000,0.0044997,0.0035811
22,3.412500,0.4183253,0.2962968,0.1720000,0.000000,0.0044997,0.0035811
22,3.416667,0.4183101,0.2962968,0.1720000,0.000000,0.0044997,0.0035810
22,3.420833,0.4182954,0.2962968,0.1720000,0.000000,0.0044997,0.0035810
22,3.425000,0.4182805,0.2962968,0.1720000,0.000000,0.0044997,0.0035810
22,3.429167,0.4182657,0.2962968,0.1720000,0.000000,0.0044997,0.0035810
22,3.433333,0.4182508,0.2962967,0.1720000,0.000000,0.0044997,0.0035809
22,3.437500,0.4182362,0.2962967,0.1720000,0.000000,0.0044997,0.0035809
22,3.441667,0.4182214,0.2962966,0.1720000,0.000000,0.0044997,0.0035808
22,3.445833,0.4182069,0.2962967,0.1720000,0.000000,0.0044997,0.0035809
22,3.450000,0.4181923,0.2962966,0.1720000,0.000000,0.0044997,0.0035809
22,3.454167,0.4181779,0.2962966,0.1720000,0.000000,0.0044997,0.0035809
22,3.458333,0.4181636,0.2962966,0.1720000,0.000000,0.0044997,0.0035808
22,3.462500,0.4181493,0.2962967,0.1720000,0.000000,0.0044997,0.0035809
22,3.466667,0.4181350,0.2962967,0.1720000,0.000000,0.0044997,0.0035808
22,3.470833,0.4181209,0.2962967,0.1720000,0.000000,0.0044997,0.0035809
22,3.475000,0.4181065,0.2962966,0.1720000,0.000000,0.0044997,0.0035808
22,3.479167,0.4180925,0.2962965,0.1720000,0.000000,0.0044997,0.0035808
22,3.483333,0.4180783,0.2962964,0.1720000,0.000000,0.0044997,0.0035807
22,3.487500,0.4180645,0.2962964,0.1720000,0.000000,0.0044997,0.0035807
22,3.491667,0.4180504,0.2962964,0.1720000,0.000000,0.0044997,0.0035807
22,3.495833,0.4180368,0.2962966,0.1720000,0.000000,0.0044997,0.0035807
22,3.500000,0.4180229,0.2962964,0.1720000,0.000000,0.0044997,0.0035807
22,3.504167,0.4180093,0.2962965,0.1720000,0.000000,0.0044997,0.0035807
22,3.508333,0.4179957,0.2962965,0.1720000,0.000000,0.0044997,0.0035807
22,3.512500,0.4179821,0.2962965,0.1720000,0.000000,0.0044997,0.0035807
22,3.516667,0.4179686,0.2962964,0.1720000,0.000000,0.0044997,0.0035806
22,3.520833,0.4179551,0.2962964,0.1720000,0.000000,0.0044997,0.0035807
22,3.525000,0.4179417,0.2962964,0.1720000,0.000000,0.0044997,0.0035806
22,3.529167,0.4179286,0.2962964,0.1720000,0.000000,0.0044997,0.0035807
22,3.533333,0.4179153,0.2962965,0.1720000,0.000000,0.0044997,0.0035806
22,3.537500,0.4179022,0.2962964,0.1720000,0.000000,0.0044997,0.0035807
22,3.541667,0.4178891,0.2962964,0.1720000,0.000000,0.0044997,0.0035806
22,3.545833,0.4178762,0.2962964,0.1720000,0.000000,0.0044997,0.0035806
22,3.550000,0.4178631,0.2962964,0.1720000,0.000000,0.0044997,0.0035806
22,3.554167,0.4178504,0.2962966,0.1720000,0.000000,0.0044997,0.0035807
22,3.558333,0.4178376,0.2962964,0.1720000,0.000000,0.0044997,0.0035807
22,3.562500,0.4178250,0.2962966,0.1720000,0.000000,0.0044997,0.0035808
22,3.566667,0.4178122,0.2962964,0.1720000,0.000000,0.0044997,0.0035806
22,3.570833,0.4177998,0.2962967,0.1720000,0.000000,0.0044997,0.0035807
22,3.575000,0.4177872,0.2962965,0.1720000,0.000000,0.0044997,0.0035807
22,3.579167,0.4177749,0.2962967,0.1720000,0.000000,0.0044997,0.0035808
22,3.583333,0.4177626,0.2962966,0.1720000,0.000000,0.0044997,0.0035808
22,3.587500,0.4177504,0.2962967,0.1720000,0.000000,0.0044997,0.0035808
22,3.591667,0.4177382,0.2962965,0.1720000,0.000000,0.0044997,0.0035808
22,3.595833,0.4177262,0.2962967,0.1720000,0.000000,0.0044997,0.0035808
22,3.600000,0.4177141,0.2962966,0.1720000,0.000000,0.0044997,0.0035807
22,3.604167,0.4177023,0.2962966,0.1720000,0.000000,0.0044997,0.0035808
22,3.608333,0.4176904,0.2962966,0.1720000,0.000000,0.0044997,0.0035807
22,3.612500,0.4176787,0.2962967,0.1720000,0.000000,0.0044997,0.0035808
22,3.616667,0.4176669,0.2962966,0.1720000,0.000000,0.0044997,0.0035808
22,3.620833,0.4176557,0.2962967,0.1720000,0.000000,0.0044997,0.0035809
22,3.625000,0.4176441,0.2962967,0.1720000,0.000000,0.0044997,0.0035809
22,3.629167,0.4176328,0.2962968,0.1720000,0.000000,0.0044997,0.0035809
22,3.633333,0.4176213,0.2962967,0.1720000,0.000000,0.0044997,0.0035808
22,3.637500,0.4176101,0.2962967,0.1720000,0.000000,0.0044997,0.0035809
22,3.641667,0.4175991,0.2962967,0.1720000,0.000000,0.0044997,0.0035809
22,3.645833,0.4175881,0.2962967,0.1720000,0.000000,0.0044997,0.0035810
22,3.650000,0.4175770,0.2962967,0.1720000,0.000000,0.0044997,0.0035809
22,3.654167,0.4175663,0.2962969,0.1720000,0.000000,0.0044997,0.0035811
22,3.658333,0.4175555,0.2962968,0.1720000,0.000000,0.0044997,0.0035810
22,3.662500,0.4175450,0.2962969,0.1720000,0.000000,0.0044997,0.0035812
22,3.666667,0.4175342,0.2962967,0.1720000,0.000000,0.0044997,0.0035810
22,3.670833,0.4175240,0.2962970,0.1720000,0.000000,0.0044997,0.0035812
22,3.675000,0.4175135,0.2962969,0.1720000,0.000000,0.0044997,0.0035811
22,3.679167,0.4175034,0.2962970,0.1720000,0.000000,0.0044997,0.0035812
22,3.683333,0.4174930,0.2962970,0.1720000,0.000000,0.0044997,0.0035812
22,3.687500,0.4174830,0.2962971,0.1720000,0.000000,0.0044997,0.0035813
22,3.691667,0.4174730,0.2962969,0.1720000,0.000000,0.0044997,0.0035812
22,3.695833,0.4174632,0.2962971,0.1720000,0.000000,0.0044997,0.0035813
22,3.700000,0.4174533,0.2962969,0.1720000,0.000000,0.0044997,0.0035812
22,3.704167,0.4174438,0.2962972,0.1720000,0.000000,0.0044997,0.0035814
22,3.708333,0.4174342,0.2962971,0.1720000,0.000000,0.0044997,0.0035814
22,3.712500,0.4174249,0.2962973,0.1720000,0.000000,0.0044997,0.0035815
22,3.716667,0.4174154,0.2962971,0.1720000,0.000000,0.0044997,0.0035814
22,3.720833,0.4174063,0.2962972,0.1720000,0.000000,0.0044997,0.0035815
22,3.725000,0.4173969,0.2962971,0.1720000,0.000000,0.0044997,0.0035813
22,3.729167,0.4173881,0.2962972,0.1720000,0.000000,0.0044997,0.0035814
22,3.733333,0.4173790,0.2962972,0.1720000,0.000000,0.0044997,0.0035813
22,3.737500,0.4173704,0.2962973,0.1720000,0.000000,0.0044997,0.0035814
22,3.741667,0.4173616,0.2962971,0.1720000,0.000000,0.0044997,0.0035814
22,3.745833,0.4173531,0.2962973,0.1720000,0.000000,0.0044997,0.0035815
22,3.750000,0.4173445,0.2962973,0.1720000,0.000000,0.0044997,0.0035814
22,3.754167,0.4173362,0.2962973,0.1720000,0.000000,0.0044997,0.0035816
22,3.758333,0.4173279,0.2962973,0.1720000,0.000000,0.0044997,0.0035815
22,3.762500,0.4173197,0.2962975,0.1720000,0.000000,0.0044997,0.0035816
22,3.766667,0.4173116,0.2962973,0.1720000,0.000000,0.0044997,0.0035815
22,3.770833,0.4173038,0.2962974,0.1720000,0.000000,0.0044997,0.0035816
22,3.775000,0.4172960,0.2962974,0.1720000,0.000000,0.0044997,0.0035815
22,3.779167,0.4172885,0.2962975,0.1720000,0.000000,0.0044997,0.0035817
22,3.783333,0.4172807,0.2962974,0.1720000,0.000000,0.0044997,0.0035816
22,3.787500,0.4172735,0.2962976,0.1720000,0.000000,0.0044997,0.0035818
22,3.791667,0.4172662,0.2962975,0.1720000,0.000000,0.0044997,0.0035817
22,3.795833,0.4172589,0.2962976,0.1720000,0.000000,0.0044997,0.0035818
22,3.800000,0.4172518,0.2962975,0.1720000,0.000000,0.0044997,0.0035817
22,3.804167,0.4172449,0.2962976,0.1720000,0.000000,0.0044997,0.0035818
22,3.808333,0.4172380,0.2962974,0.1720000,0.000000,0.0044997,0.0035817
22,3.812500,0.4172315,0.2962977,0.1720000,0.000000,0.0044997,0.0035819
22,3.816667,0.4172249,0.2962976,0.1720000,0.000000,0.0044997,0.0035818
22,3.820833,0.4172184,0.2962977,0.1720000,0.000000,0.0044997,0.0035820
22,3.825000,0.4172120,0.2962976,0.1720000,0.000000,0.0044997,0.0035818
22,3.829167,0.4172059,0.2962978,0.1720000,0.000000,0.0044997,0.0035819
22,3.833333,0.4171998,0.2962977,0.1720000,0.000000,0.0044997,0.0035818
22,3.837500,0.4171939,0.2962978,0.1720000,0.000000,0.0044997,0.0035819
22,3.841667,0.4171881,0.2962976,0.1720000,0.000000,0.0044997,0.0035818
22,3.845833,0.4171826,0.2962978,0.1720000,0.000000,0.0044997,0.0035819
22,3.850000,0.4171769,0.2962976,0.1720000,0.000000,0.0044997,0.0035819
22,3.854167,0.4171717,0.2962978,0.1720000,0.000000,0.0044997,0.0035821
22,3.858333,0.4171664,0.2962978,0.1720000,0.000000,0.0044997,0.0035820
22,3.862500,0.4171615,0.2962978,0.1720000,0.000000,0.0044997,0.0035821
22,3.866667,0.4171562,0.2962978,0.1720000,0.000000,0.0044997,0.0035820
22,3.870833,0.4171516,0.2962978,0.1720000,0.000000,0.0044997,0.0035821
22,3.875000,0.4171468,0.2962978,0.1720000,0.000000,0.0044997,0.0035820
22,3.879167,0.4171424,0.2962978,0.1720000,0.000000,0.0044997,0.0035821
22,3.883333,0.4171378,0.2962977,0.1720000,0.000000,0.0044997,0.0035819
22,3.887500,0.4171337,0.2962981,0.1720000,0.000000,0.0044997,0.0035821
22,3.891667,0.4171294,0.2962978,0.1720000,0.000000,0.0044997,0.0035820
22,3.895833,0.4171256,0.2962981,0.1720000,0.000000,0.0044997,0.0035822
22,3.900000,0.4171217,0.2962979,0.1720000,0.000000,0.0044997,0.0035821
22,3.904167,0.4171181,0.2962981,0.1720000,0.000000,0.0044997,0.0035822
22,3.908333,0.4171145,0.2962978,0.1720000,0.000000,0.0044997,0.0035821
22,3.912500,0.4171112,0.2962981,0.1720000,0.000000,0.0044997,0.0035822
22,3.916667,0.4171078,0.2962979,0.1720000,0.000000,0.0044997,0.0035821
22,3.920833,0.4171048,0.2962982,0.1720000,0.000000,0.0044997,0.0035823
22,3.925000,0.4171018,0.2962981,0.1720000,0.000000,0.0044997,0.0035822
22,3.929167,0.4170991,0.2962981,0.1720000,0.000000,0.0044997,0.0035823
22,3.933333,0.4170963,0.2962979,0.1720000,0.000000,0.0044997,0.0035822
22,3.937500,0.4170939,0.2962982,0.1720000,0.000000,0.0044997,0.0035823
22,3.941667,0.4170915,0.2962980,0.1720000,0.000000,0.0044997,0.0035822
22,3.945833,0.4170895,0.2962982,0.1720000,0.000000,0.0044997,0.0035823
22,3.950000,0.4170872,0.2962981,0.1720000,0.000000,0.0044997,0.0035822
22,3.954167,0.4170855,0.2962982,0.1720000,0.000000,0.0044997,0.0035824
22,3.958333,0.4170837,0.2962980,0.1720000,0.000000,0.0044997,0.0035822
22,3.962500,0.4170823,0.2962981,0.1720000,0.000000,0.0044997,0.0035825
22,3.966667,0.4170808,0.2962981,0.1720000,0.000000,0.0044997,0.0035823
22,3.970833,0.4170796,0.2962981,0.1720000,0.000000,0.0044997,0.0035822
22,3.975000,0.4170782,0.2962975,0.1720000,0.000000,0.0044997,0.0035817
22,3.979167,0.4170773,0.2962973,0.1720000,0.000000,0.0044997,0.0035815
22,3.983333,0.4170761,0.2962967,0.1720000,0.000000,0.0044997,0.0035810
22,3.987500,0.4170757,0.2962967,0.1720000,0.000000,0.0044997,0.0035809
22,3.991667,0.4170752,0.2962966,0.1720000,0.000000,0.0044997,0.0035808
22,3.995833,0.4170752,0.2962973,0.1720000,0.000000,0.0044997,0.0035815
22,4.000000,0.4170755,0.2962980,0.1720000,0.000000,0.0044997,0.0035823
23,0.000000,0.4170755,0.2962980,0.1720000,0.000000,0.0044997,0.0035823
23,0.004167,0.4170752,0.2962973,0.1720000,0.000000,0.0044997,0.0035815
23,0.008333,0.4170752,0.2962966,0.1720000,0.000000,0.0044997,0.0035808
23,0.012500,0.4170757,0.2962967,0.1720000,0.000000,0.0044997,0.0035809
23,0.016667,0.4170762,0.2962967,0.1720000,0.000000,0.0044997,0.0035810
23,0.020833,0.4170773,0.2962973,0.1720000,0.000000,0.0044997,0.0035815
23,0.025000,0.4170783,0.2962976,0.1720000,0.000000,0.0044997,0.0035817
23,0.029167,0.4170798,0.2962981,0.1720000,0.000000,0.0044997,0.0035823
23,0.033333,0.4170810,0.2962981,0.1720000,0.000000,0.0044997,0.0035822
23,0.037500,0.4170826,0.2962982,0.1720000,0.000000,0.0044997,0.0035824
23,0.041667,0.4170841,0.2962981,0.1720000,0.000000,0.0044997,0.0035822
23,0.045833,0.4170861,0.2962982,0.1720000,0.000000,0.0044997,0.0035824
23,0.050000,0.4170878,0.2962981,0.1720000,0.000000,0.0044997,0.0035823
23,0.054167,0.4170903,0.2962983,0.1720000,0.000000,0.0044997,0.0035825
23,0.058333,0.4170923,0.2962981,0.1720000,0.000000,0.0044997,0.0035823
23,0.062500,0.4170950,0.2962982,0.1720000,0.000000,0.0044997,0.0035825
23,0.066667,0.4170975,0.2962981,0.1720000,0.000000,0.0044997,0.0035823
23,0.070833,0.4171005,0.2962982,0.1720000,0.000000,0.0044997,0.0035825
23,0.075000,0.4171034,0.2962981,0.1720000,0.000000,0.0044997,0.0035823
23,0.079167,0.4171068,0.2962982,0.1720000,0.000000,0.0044997,0.0035825
23,0.083333,0.4171100,0.2962980,0.1720000,0.000000,0.0044997,0.0035822
23,0.087500,0.4171138,0.2962982,0.1720000,0.000000,0.0044997,0.0035825
23,0.091667,0.4171174,0.2962980,0.1720000,0.000000,0.0044997,0.0035823
23,0.095833,0.4171216,0.2962982,0.1720000,0.000000,0.0044997,0.0035824
23,0.100000,0.4171256,0.2962981,0.1720000,0.000000,0.0044997,0.0035823
23,0.104167,0.4171300,0.2962983,0.1720000,0.000000,0.0044997,0.0035825
23,0.108333,0.4171344,0.2962981,0.1720000,0.000000,0.0044997,0.0035823
23,0.112500,0.4171392,0.2962983,0.1720000,0.000000,0.0044997,0.0035824
23,0.116667,0.4171439,0.2962981,0.1720000,0.000000,0.0044997,0.0035822
23,0.120833,0.4171492,0.2962983,0.1720000,0.000000,0.0044997,0.0035824
23,0.125000,0.4171543,0.2962981,0.1720000,0.000000,0.0044997,0.0035823
23,0.129167,0.4171600,0.2962983,0.1720000,0.000000,0.0044997,0.0035825
23,0.133333,0.4171653,0.2962981,0.1720000,0.000000,0.0044997,0.0035823
23,0.137500,0.4171713,0.2962982,0.1720000,0.000000,0.0044997,0.0035824
23,0.141667,0.4171771,0.2962981,0.1720000,0.000000,0.0044997,0.0035822
23,0.145833,0.4171835,0.2962982,0.1720000,0.000000,0.0044997,0.0035824
23,0.150000,0.4171897,0.2962981,0.1720000,0.000000,0.0044997,0.0035823
23,0.154167,0.4171964,0.2962982,0.1720000,0.000000,0.0044997,0.0035824
23,0.158333,0.4172030,0.2962981,0.1720000,0.000000,0.0044997,0.0035822
23,0.162500,0.4172102,0.2962983,0.1720000,0.000000,0.0044997,0.0035825
23,0.166667,0.4172170,0.2962981,0.1720000,0.000000,0.0044997,0.0035823
23,0.170833,0.4172246,0.2962982,0.1720000,0.000000,0.0044997,0.0035825
23,0.175000,0.4172319,0.2962980,0.1720000,0.000000,0.0044997,0.0035822
23,0.179167,0.4172397,0.2962981,0.1720000,0.000000,0.0044997,0.0035825
23,0.183333,0.4172475,0.2962980,0.1720000,0.000000,0.0044997,0.0035823
23,0.187500,0.4172558,0.2962982,0.1720000,0.000000,0.0044997,0.0035825
23,0.191667,0.4172638,0.2962980,0.1720000,0.000000,0.0044997,0.0035823
23,0.195833,0.4172726,0.2962983,0.1720000,0.000000,0.0044997,0.0035825
23,0.200000,0.4172810,0.2962980,0.1720000,0.000000,0.0044997,0.0035824
23,0.204167,0.4172900,0.2962982,0.1720000,0.000000,0.0044997,0.0035825
23,0.208333,0.4172990,0.2962980,0.1720000,0.000000,0.0044997,0.0035823
23,0.212500,0.4173084,0.2962983,0.1720000,0.000000,0.0044997,0.0035825
23,0.216667,0.4173176,0.2962981,0.1720000,0.000000,0.0044997,0.0035824
23,0.220833,0.4173275,0.2962982,0.1720000,0.000000,0.0044997,0.0035825
23,0.225000,0.4173371,0.2962981,0.1720000,0.000000,0.0044997,0.0035823
23,0.229167,0.4173472,0.2962983,0.1720000,0.000000,0.0044997,0.0035826
23,0.233333,0.4173573,0.2962981,0.1720000,0.000000,0.0044997,0.0035823
23,0.237500,0.4173678,0.2962982,0.1720000,0.000000,0.0044997,0.0035825
23,0.241667,0.4173782,0.2962981,0.1720000,0.000000,0.0044997,0.0035822
23,0.245833,0.4173892,0.2962982,0.1720000,0.000000,0.0044997,0.0035825
23,0.250000,0.4173999,0.2962980,0.1720000,0.000000,0.0044997,0.0035822
23,0.254167,0.4174113,0.2962983,0.1720000,0.000000,0.0044997,0.0035825
23,0.258333,0.4174225,0.2962982,0.1720000,0.000001,0.0044997,0.0035823
23,0.262500,0.4174342,0.2962982,0.1720000,0.000002,0.0044997,0.0035825
23,0.266667,0.4174457,0.2962981,0.1720000,0.000004,0.0044997,0.0035822
23,0.270833,0.4174578,0.2962983,0.1720000,0.000009,0.0044997,0.0035824
23,0.275000,0.4174697,0.2962981,0.1720000,0.000013,0.0044997,0.0035822
23,0.279167,0.4174823,0.2962982,0.1720000,0.000023,0.0044997,0.0035824
23,0.283333,0.4174946,0.2962981,0.1720000,0.000032,0.0044997,0.0035822
23,0.287500,0.4175074,0.2962982,0.1720000,0.000047,0.0044997,0.0035825
23,0.291667,0.4175201,0.2962981,0.1720000,0.000062,0.0044997,0.0035823
23,0.295833,0.4175333,0.2962982,0.1720000,0.000084,0.0044997,0.0035825
23,0.300000,0.4175464,0.2962981,0.1720000,0.000106,0.0044997,0.0035823
23,0.304167,0.4175601,0.2962982,0.1720000,0.000137,0.0044997,0.0035825
23,0.308333,0.4175735,0.2962981,0.1720000,0.000168,0.0044997,0.0035823
23,0.312500,0.4175874,0.2962982,0.1720000,0.000208,0.0044997,0.0035825
23,0.316667,0.4176012,0.2962981,0.1720000,0.000249,0.0044997,0.0035823
23,0.320833,0.4176156,0.2962982,0.1720000,0.000300,0.0044997,0.0035825
23,0.325000,0.4176298,0.2962979,0.1720000,0.000352,0.0044997,0.0035823
23,0.329167,0.4176446,0.2962982,0.1720000,0.000416,0.0044997,0.0035825
23,0.333333,0.4176592,0.2962981,0.1720000,0.000480,0.0044997,0.0035823
23,0.337500,0.4176743,0.2962982,0.1720000,0.000558,0.0044997,0.0035825
23,0.341667,0.4176892,0.2962981,0.1720000,0.000636,0.0044997,0.0035823
23,0.345833,0.4177047,0.2962983,0.1720000,0.000728,0.0044997,0.0035825
23,0.350000,0.4177200,0.2962980,0.1720000,0.000820,0.0044997,0.0035822
23,0.354167,0.4177358,0.2962981,0.1720000,0.000929,0.0044997,0.0035824
23,0.358333,0.4177514,0.2962979,0.1720000,0.001037,0.0044997,0.0035822
23,0.362500,0.4177677,0.2962982,0.1720000,0.001163,0.0044997,0.0035824
23,0.366667,0.4177838,0.2962981,0.1720000,0.001288,0.0044997,0.0035823
23,0.370833,0.4178003,0.2962982,0.1720000,0.001431,0.0044997,0.0035824
23,0.375000,0.4178167,0.2962981,0.1720000,0.001575,0.0044997,0.0035823
23,0.379167,0.4178337,0.2962982,0.1720000,0.001738,0.0044997,0.0035824
23,0.383333,0.4178503,0.2962981,0.1720000,0.001900,0.0044997,0.0035822
23,0.387500,0.4178676,0.2962983,0.1720000,0.002083,0.0044997,0.0035825
23,0.391667,0.4178848,0.2962982,0.1720000,0.002266,0.0044997,0.0035823
23,0.395833,0.4179024,0.2962983,0.1720000,0.002470,0.0044997,0.0035825
23,0.400000,0.4179199,0.2962981,0.1720000,0.002675,0.0044997,0.0035823
23,0.404167,0.4179379,0.2962983,0.1720000,0.002901,0.0044997,0.0035825
23,0.408333,0.4179558,0.2962982,0.1720000,0.003127,0.0044997,0.0035823
23,0.412500,0.4179742,0.2962983,0.1720000,0.003377,0.0044997,0.0035825
23,0.416667,0.4179923,0.2962981,0.1720000,0.003626,0.0044997,0.0035824
23,0.420833,0.4180111,0.2962983,0.1720000,0.003900,0.0044997,0.0035825
23,0.425000,0.4180294,0.2962982,0.1720000,0.004173,0.0044997,0.0035824
23,0.429167,0.4180485,0.2962982,0.1720000,0.004472,0.0044997,0.0035825
23,0.433333,0.4180673,0.2962981,0.1720000,0.004770,0.0044997,0.0035823
23,0.437500,0.4180866,0.2962982,0.1720000,0.005094,0.0044997,0.0035824
23,0.441667,0.4181059,0.2962980,0.1720000,0.005419,0.0044997,0.0035823
23,0.445833,0.4181257,0.2962982,0.1720000,0.005769,0.0044997,0.0035825
23,0.450000,0.4181452,0.2962982,0.1720000,0.006120,0.0044997,0.0035823
23,0.454167,0.4181651,0.2962982,0.1720000,0.006498,0.0044997,0.0035825
23,0.458333,0.4181849,0.2962980,0.1720000,0.006877,0.0044997,0.0035823
23,0.462500,0.4182054,0.2962982,0.1720000,0.007283,0.0044997,0.0035824
23,0.466667,0.4182256,0.2962981,0.1720000,0.007689,0.0044997,0.0035823
23,0.470833,0.4182463,0.2962982,0.1720000,0.008125,0.0044997,0.0035824
23,0.475000,0.4182667,0.2962979,0.1720000,0.008560,0.0044997,0.0035822
23,0.479167,0.4182878,0.2962982,0.1720000,0.009025,0.0044997,0.0035825
23,0.483333,0.4183086,0.2962981,0.1720000,0.009490,0.0044997,0.0035823
23,0.487500,0.4183299,0.2962983,0.1720000,0.009985,0.0044997,0.0035824
23,0.491667,0.4183511,0.2962980,0.1720000,0.010480,0.0044997,0.0035822
23,0.495833,0.4183727,0.2962982,0.1720000,0.011007,0.0044997,0.0035824
23,0.500000,0.4183942,0.2962980,0.1720000,0.011533,0.0044997,0.0035822
23,0.504167,0.4184162,0.2962982,0.1720000,0.012091,0.0044997,0.0035824
23,0.508333,0.4184381,0.2962982,0.1720000,0.012648,0.0044997,0.0035823
23,0.512500,0.4184603,0.2962983,0.1720000,0.013239,0.0044997,0.0035825
23,0.516667,0.4184824,0.2962982,0.1720000,0.013829,0.0044997,0.0035823
23,0.520833,0.4185049,0.2962982,0.1720000,0.014451,0.0044997,0.0035824
23,0.525000,0.4185272,0.2962980,0.1720000,0.015074,0.0044997,0.0035822
23,0.529167,0.4185500,0.2962981,0.1720000,0.015730,0.0044997,0.0035824
23,0.533333,0.4185728,0.2962981,0.1720000,0.016387,0.0044997,0.0035823
23,0.537500,0.4185960,0.2962983,0.1720000,0.017077,0.0044997,0.0035825
23,0.541667,0.4186189,0.2962981,0.1720000,0.017767,0.0044997,0.0035824
23,0.545833,0.4186424,0.2962983,0.1720000,0.018491,0.0044997,0.0035825
23,0.550000,0.4186657,0.2962982,0.1720000,0.019216,0.0044997,0.0035823
23,0.554167,0.4186894,0.2962982,0.1720000,0.019975,0.0044997,0.0035824
23,0.558333,0.4187129,0.2962981,0.1720000,0.020735,0.0044997,0.0035823
23,0.562500,0.4187369,0.2962982,0.1720000,0.021529,0.0044997,0.0035824
23,0.566667,0.4187607,0.2962981,0.1720000,0.022324,0.0044997,0.0035823
23,0.570833,0.4187850,0.2962982,0.1720000,0.023154,0.0044997,0.0035825
23,0.575000,0.4188091,0.2962982,0.1720000,0.023985,0.0044997,0.0035823
23,0.579167,0.4188337,0.2962982,0.1720000,0.024851,0.0044997,0.0035825
23,0.583333,0.4188581,0.2962982,0.1720000,0.025718,0.0044997,0.0035824
23,0.587500,0.4188830,0.2962982,0.1720000,0.026621,0.0044997,0.0035825
23,0.591667,0.4189076,0.2962981,0.1720000,0.027524,0.0044997,0.0035823
23,0.595833,0.4189326,0.2962982,0.1720000,0.028464,0.0044997,0.0035824
23,0.600000,0.4189575,0.2962980,0.1720000,0.029404,0.0044997,0.0035823
23,0.604167,0.4189828,0.2962982,0.1720000,0.030382,0.0044997,0.0035825
23,0.608333,0.4190080,0.2962981,0.1720000,0.031359,0.0044997,0.0035823
23,0.612500,0.4190336,0.2962982,0.1720000,0.032374,0.0044997,0.0035824
23,0.616667,0.4190591,0.2962981,0.1720000,0.033389,0.0044997,0.0035823
23,0.620833,0.4190848,0.2962982,0.1720000,0.034441,0.0044997,0.0035824
23,0.625000,0.4191105,0.2962980,0.1720000,0.035494,0.0044997,0.0035823
23,0.629167,0.4191366,0.2962982,0.1720000,0.036585,0.0044997,0.0035824
23,0.633333,0.4191626,0.2962981,0.1720000,0.037675,0.0044997,0.0035823
23,0.637500,0.4191887,0.2962982,0.1720000,0.038804,0.0044997,0.0035824
23,0.641667,0.4192149,0.2962981,0.1720000,0.039934,0.0044997,0.0035822
23,0.645833,0.4192415,0.2962982,0.1720000,0.041101,0.0044997,0.0035824
23,0.650000,0.4192679,0.2962981,0.1720000,0.042269,0.0044997,0.0035822
23,0.654167,0.4192947,0.2962981,0.1720000,0.043475,0.0044997,0.0035824
23,0.658333,0.4193212,0.2962981,0.1720000,0.044682,0.0044997,0.0035822
23,0.662500,0.4193483,0.2962981,0.1720000,0.045927,0.0044997,0.0035824
23,0.666667,0.4193751,0.2962981,0.1720000,0.047173,0.0044997,0.0035823
23,0.670833,0.4194024,0.2962982,0.1720000,0.048457,0.0044997,0.0035824
23,0.675000,0.4194294,0.2962981,0.1720000,0.049742,0.0044997,0.0035823
23,0.679167,0.4194568,0.2962982,0.1720000,0.051065,0.0044997,0.0035824
23,0.683333,0.4194841,0.2962981,0.1720000,0.052389,0.0044997,0.0035823
23,0.687500,0.4195117,0.2962982,0.1720000,0.053752,0.0044997,0.0035824
23,0.691667,0.4195393,0.2962982,0.1720000,0.055115,0.0044997,0.0035823
23,0.695833,0.4195670,0.2962981,0.1720000,0.056518,0.0044997,0.0035824
23,0.700000,0.4195947,0.2962981,0.1720000,0.057920,0.0044997,0.0035823
23,0.704167,0.4196227,0.2962982,0.1720000,0.059362,0.0044997,0.0035824
23,0.708333,0.4196505,0.2962981,0.1720000,0.060804,0.0044997,0.0035823
23,0.712500,0.4196787,0.2962982,0.1720000,0.062286,0.0044997,0.0035824
23,0.716667,0.4197068,0.2962980,0.1720000,0.063767,0.0044997,0.0035823
23,0.720833,0.4197351,0.2962981,0.1720000,0.065288,0.0044997,0.0035823
23,0.725000,0.4197634,0.2962980,0.1720000,0.066809,0.0044997,0.0035823
23,0.729167,0.4197920,0.2962982,0.1720000,0.068370,0.0044997,0.0035823
23,0.733333,0.4198205,0.2962980,0.1720000,0.069931,0.0044997,0.0035823
23,0.737500,0.4198492,0.2962981,0.1720000,0.071531,0.0044997,0.0035823
23,0.741667,0.4198778,0.2962980,0.1720000,0.073131,0.0044997,0.0035822
23,0.745833,0.4199067,0.2962981,0.1720000,0.074771,0.0044997,0.0035823
23,0.750000,0.4199356,0.2962981,0.1720000,0.076411,0.0044997,0.0035823
23,0.754167,0.4199646,0.2962981,0.1720000,0.078091,0.0044997,0.0035823
23,0.758333,0.4199936,0.2962979,0.1720000,0.079770,0.0044997,0.0035822
23,0.762500,0.4200228,0.2962981,0.1720000,0.081489,0.0044997,0.0035823
23,0.766667,0.4200520,0.2962981,0.1720000,0.083208,0.0044997,0.0035822
23,0.770833,0.4200813,0.2962981,0.1720000,0.084966,0.0044997,0.0035824
23,0.775000,0.4201107,0.2962982,0.1720000,0.086724,0.0044997,0.0035823
23,0.779167,0.4201401,0.2962981,0.1720000,0.088521,0.0044997,0.0035824
23,0.783333,0.4201696,0.2962981,0.1720000,0.090319,0.0044997,0.0035823
23,0.787500,0.4201991,0.2962981,0.1720000,0.092155,0.0044997,0.0035823
23,0.791667,0.4202287,0.2962981,0.1720000,0.093992,0.0044997,0.0035823
23,0.795833,0.4202584,0.2962981,0.1720000,0.095868,0.0044997,0.0035823
23,0.800000,0.4202882,0.2962980,0.1720000,0.097743,0.0044997,0.0035822
23,0.804167,0.4203182,0.2962981,0.1720000,0.099658,0.0044997,0.0035824
23,0.808333,0.4203481,0.2962981,0.1720000,0.101572,0.0044997,0.0035824
23,0.812500,0.4203781,0.2962981,0.1720000,0.103525,0.0044997,0.0035824
23,0.816667,0.4204080,0.2962980,0.1720000,0.105478,0.0044997,0.0035823
23,0.820833,0.4204383,0.2962981,0.1720000,0.107470,0.0044997,0.0035824
23,0.825000,0.4204684,0.2962981,0.1720000,0.109462,0.0044997,0.0035823
23,0.829167,0.4204987,0.2962981,0.1720000,0.111492,0.0044997,0.0035824
23,0.833333,0.4205288,0.2962981,0.1720000,0.113521,0.0044997,0.0035823
23,0.837500,0.4205593,0.2962982,0.1720000,0.115589,0.0044997,0.0035824
23,0.841667,0.4205895,0.2962980,0.1720000,0.117657,0.0044997,0.0035823
23,0.845833,0.4206201,0.2962981,0.1720000,0.119763,0.0044997,0.0035824
23,0.850000,0.4206505,0.2962981,0.1720000,0.121869,0.0044997,0.0035823
23,0.854167,0.4206811,0.2962980,0.1720000,0.124012,0.0044997,0.0035823
23,0.858333,0.4207116,0.2962980,0.1720000,0.126155,0.0044997,0.0035822
23,0.862500,0.4207422,0.2962980,0.1720000,0.128336,0.0044997,0.0035824
23,0.866667,0.4207729,0.2962980,0.1720000,0.130516,0.0044997,0.0035823
23,0.870833,0.4208038,0.2962982,0.1720000,0.132734,0.0044997,0.0035824
23,0.875000,0.4208345,0.2962981,0.1720000,0.134952,0.0044997,0.0035824
23,0.879167,0.4208653,0.2962982,0.1720000,0.137206,0.0044997,0.0035824
23,0.883333,0.4208961,0.2962981,0.1720000,0.139460,0.0044997,0.0035823
23,0.887500,0.4209270,0.2962981,0.1720000,0.141751,0.0044997,0.0035824
23,0.891667,0.4209580,0.2962980,0.1720000,0.144041,0.0044997,0.0035823
23,0.895833,0.4209890,0.2962981,0.1720000,0.146368,0.0044997,0.0035823
23,0.900000,0.4210199,0.2962980,0.1720000,0.148695,0.0044997,0.0035823
23,0.904167,0.4210510,0.2962981,0.1720000,0.151057,0.0044997,0.0035824
23,0.908333,0.4210820,0.2962981,0.1720000,0.153419,0.0044997,0.0035823
23,0.912500,0.4211131,0.2962981,0.1720000,0.155817,0.0044997,0.0035823
23,0.916667,0.4211443,0.2962981,0.1720000,0.158215,0.0044997,0.0035823
23,0.920833,0.4211754,0.2962981,0.1720000,0.160647,0.0044997,0.0035823
23,0.925000,0.4212066,0.2962981,0.1720000,0.163080,0.0044997,0.0035822
23,0.929167,0.4212379,0.2962981,0.1720000,0.165547,0.0044997,0.0035823
23,0.933333,0.4212690,0.2962981,0.1720000,0.168014,0.0044997,0.0035823
23,0.937500,0.4213004,0.2962982,0.1720000,0.170516,0.0044997,0.0035823
23,0.941667,0.4213317,0.2962981,0.1720000,0.173017,0.0044997,0.0035823
23,0.945833,0.4213629,0.2962981,0.1720000,0.175552,0.0044997,0.0035823
23,0.950000,0.4213943,0.2962980,0.1720000,0.178088,0.0044997,0.0035822
23,0.954167,0.4214256,0.2962981,0.1720000,0.180656,0.0044997,0.0035823
23,0.958333,0.4214569,0.2962981,0.1720000,0.183224,0.0044997,0.0035823
23,0.962500,0.4214883,0.2962981,0.1720000,0.185826,0.0044997,0.0035823
23,0.966667,0.4215197,0.2962981,0.1720000,0.188427,0.0044997,0.0035823
23,0.970833,0.4215510,0.2962981,0.1720000,0.191061,0.0044997,0.0035823
23,0.975000,0.4215824,0.2962981,0.1720000,0.193695,0.0044997,0.0035823
23,0.979167,0.4216138,0.2962980,0.1720000,0.196360,0.0044997,0.0035823
23,0.983333,0.4216452,0.2962980,0.1720000,0.199026,0.0044997,0.0035823
23,0.987500,0.4216767,0.2962980,0.1720000,0.201723,0.0044997,0.0035823
23,0.991667,0.4217081,0.2962979,0.1720000,0.204420,0.0044997,0.0035823
23,0.995833,0.4217395,0.2962980,0.1720000,0.207148,0.0044997,0.0035823
23,1.000000,0.4217710,0.2962980,0.1720000,0.209877,0.0044997,0.0035823
23,1.004167,0.4218025,0.2962980,0.1720000,0.212635,0.0044997,0.0035823
23,1.008333,0.4218340,0.2962980,0.1720000,0.215394,0.0044997,0.0035823
23,1.012500,0.4218654,0.2962980,0.1720000,0.218183,0.0044997,0.0035823
23,1.016667,0.4218968,0.2962981,0.1720000,0.220971,0.0044997,0.0035823
23,1.020833,0.4219283,0.2962980,0.1720000,0.223789,0.0044997,0.0035822
23,1.025000,0.4219597,0.2962979,0.1720000,0.226607,0.0044997,0.0035822
23,1.029167,0.4219911,0.2962979,0.1720000,0.229454,0.0044997,0.0035822
23,1.033333,0.4220226,0.2962981,0.1720000,0.232301,0.0044997,0.0035822
23,1.037500,0.4220541,0.2962981,0.1720000,0.235176,0.0044997,0.0035823
23,1.041667,0.4220855,0.2962982,0.1720000,0.238052,0.0044997,0.0035823
23,1.045833,0.4221169,0.2962981,0.1720000,0.240955,0.0044997,0.0035823
23,1.050000,0.4221483,0.2962981,0.1720000,0.243858,0.0044997,0.0035823
23,1.054167,0.4221795,0.2962981,0.1720000,0.246788,0.0044997,0.0035823
23,1.058333,0.4222109,0.2962982,0.1720000,0.249719,0.0044997,0.0035823
23,1.062500,0.4222423,0.2962981,0.1720000,0.252676,0.0044997,0.0035823
23,1.066667,0.4222735,0.2962981,0.1720000,0.255633,0.0044997,0.0035823
23,1.070833,0.4223049,0.2962981,0.1720000,0.258616,0.0044997,0.0035823
23,1.075000,0.4223362,0.2962981,0.1720000,0.261599,0.0044997,0.0035823
23,1.079167,0.4223675,0.2962981,0.1720000,0.264608,0.0044997,0.0035823
23,1.083333,0.4223987,0.2962981,0.1720000,0.267616,0.0044997,0.0035823
23,1.087500,0.4224299,0.2962980,0.1720000,0.270650,0.0044997,0.0035822
23,1.091667,0.4224612,0.2962981,0.1720000,0.273683,0.0044997,0.0035822
23,1.095833,0.4224922,0.2962980,0.1720000,0.276741,0.0044997,0.0035822
23,1.100000,0.4225234,0.2962981,0.1720000,0.279799,0.0044997,0.0035822
23,1.104167,0.4225545,0.2962980,0.1720000,0.282880,0.0044997,0.0035822
23,1.108333,0.4225857,0.2962981,0.1720000,0.285961,0.0044997,0.0035823
23,1.112500,0.4226166,0.2962980,0.1720000,0.289066,0.0044997,0.0035823
23,1.116667,0.4226478,0.2962981,0.1720000,0.292170,0.0044997,0.0035823
23,1.120833,0.4226787,0.2962981,0.1720000,0.295297,0.0044997,0.0035823
23,1.125000,0.4227097,0.2962981,0.1720000,0.298424,0.0044997,0.0035823
23,1.129167,0.4227405,0.2962980,0.1720000,0.301572,0.0044997,0.0035823
23,1.133333,0.4227715,0.2962981,0.1720000,0.304721,0.0044997,0.0035823
23,1.137500,0.4228023,0.2962980,0.1720000,0.307890,0.0044997,0.0035823
23,1.141667,0.4228332,0.2962981,0.1720000,0.311060,0.0044997,0.0035823
23,1.145833,0.4228639,0.2962981,0.1720000,0.314250,0.0044997,0.0035823
23,1.150000,0.4228948,0.2962982,0.1720000,0.317440,0.0044997,0.0035824
23,1.154167,0.4229253,0.2962981,0.1720000,0.320650,0.0044997,0.0035823
23,1.158333,0.4229560,0.2962981,0.1720000,0.323860,0.0044997,0.0035823
23,1.162500,0.4229866,0.2962981,0.1720000,0.327088,0.0044997,0.0035822
23,1.166667,0.4230172,0.2962981,0.1720000,0.330317,0.0044997,0.0035823
23,1.170833,0.4230477,0.2962981,0.1720000,0.333565,0.0044997,0.0035823
23,1.175000,0.4230781,0.2962981,0.1720000,0.336812,0.0044997,0.0035823
23,1.179167,0.4231085,0.2962981,0.1720000,0.340077,0.0044997,0.0035822
23,1.183333,0.4231389,0.2962981,0.1720000,0.343342,0.0044997,0.0035822
23,1.187500,0.4231691,0.2962980,0.1720000,0.346624,0.0044997,0.0035822
23,1.191667,0.4231994,0.2962979,0.1720000,0.349906,0.0044997,0.0035822
23,1.195833,0.4232296,0.2962980,0.1720000,0.353204,0.0044997,0.0035822
23,1.200000,0.4232599,0.2962980,0.1720000,0.356502,0.0044997,0.0035823
23,1.204167,0.4232899,0.2962981,0.1720000,0.359816,0.0044997,0.0035822
23,1.208333,0.4233201,0.2962981,0.1720000,0.363130,0.0044997,0.0035823
23,1.212500,0.4233500,0.2962981,0.1720000,0.366459,0.0044997,0.0035822
23,1.216667,0.4233800,0.2962980,0.1720000,0.369788,0.0044997,0.0035823
23,1.220833,0.4234098,0.2962980,0.1720000,0.373131,0.0044997,0.0035822
23,1.225000,0.4234396,0.2962981,0.1720000,0.376474,0.0044997,0.0035823
23,1.229167,0.4234694,0.2962980,0.1720000,0.379830,0.0044997,0.0035822
23,1.233333,0.4234990,0.2962980,0.1720000,0.383187,0.0044997,0.0035823
23,1.237500,0.4235285,0.2962980,0.1720000,0.386556,0.0044997,0.0035822
23,1.241667,0.4235583,0.2962981,0.1720000,0.389925,0.0044997,0.0035823
23,1.245833,0.4235877,0.2962979,0.1720000,0.393306,0.0044997,0.0035822
23,1.250000,0.4236171,0.2962981,0.1720000,0.396688,0.0044997,0.0035823
23,1.254167,0.4236464,0.2962981,0.1720000,0.400080,0.0044997,0.0035822
23,1.258333,0.4236757,0.2962981,0.1720000,0.403473,0.0044997,0.0035823
23,1.262500,0.4237049,0.2962979,0.1720000,0.406876,0.0044997,0.0035822
23,1.266667,0.4237342,0.2962980,0.1720000,0.410279,0.0044997,0.0035823
23,1.270833,0.4237631,0.2962980,0.1720000,0.413692,0.0044997,0.0035822
23,1.275000,0.4237922,0.2962981,0.1720000,0.417105,0.0044997,0.0035823
23,1.279167,0.4238211,0.2962980,0.1720000,0.420527,0.0044997,0.0035822
23,1.283333,0.4238500,0.2962981,0.1720000,0.423949,0.0044997,0.0035823
23,1.287500,0.4238788,0.2962981,0.1720000,0.427379,0.0044997,0.0035822
23,1.291667,0.4239075,0.2962981,0.1720000,0.430809,0.0044997,0.0035823
23,1.295833,0.4239360,0.2962980,0.1720000,0.434247,0.0044997,0.0035822
23,1.300000,0.4239647,0.2962981,0.1720000,0.437685,0.0044997,0.0035823
23,1.304167,0.4239931,0.2962981,0.1720000,0.441130,0.0044997,0.0035822
23,1.308333,0.4240216,0.2962981,0.1720000,0.444574,0.0044997,0.0035823
23,1.312500,0.4240498,0.2962981,0.1720000,0.448025,0.0044997,0.0035822
23,1.316667,0.4240781,0.2962981,0.1720000,0.451476,0.0044997,0.0035823
23,1.320833,0.4241062,0.2962979,0.1720000,0.454932,0.0044997,0.0035822
23,1.325000,0.4241343,0.2962981,0.1720000,0.458388,0.0044997,0.0035823
23,1.329167,0.4241621,0.2962979,0.1720000,0.461849,0.0044997,0.0035822
23,1.333333,0.4241901,0.2962981,0.1720000,0.465310,0.0044997,0.0035823
23,1.337500,0.4242179,0.2962981,0.1720000,0.468774,0.0044997,0.0035822
23,1.341667,0.4242457,0.2962981,0.1720000,0.472239,0.0044997,0.0035823
23,1.345833,0.4242732,0.2962979,0.1720000,0.475706,0.0044997,0.0035822
23,1.350000,0.4243008,0.2962981,0.1720000,0.479174,0.0044997,0.0035823
23,1.354167,0.4243281,0.2962980,0.1720000,0.482643,0.0044997,0.0035822
23,1.358333,0.4243556,0.2962980,0.1720000,0.486113,0.0044997,0.0035822
23,1.362500,0.4243827,0.2962980,0.1720000,0.489585,0.0044997,0.0035822
23,1.366667,0.4244100,0.2962981,0.1720000,0.493056,0.0044997,0.0035823
23,1.370833,0.4244370,0.2962980,0.1720000,0.496528,0.0044997,0.0035822
23,1.375000,0.4244641,0.2962981,0.1720000,0.500000,0.0044997,0.0035823
23,1.379167,0.4244909,0.2962980,0.1720000,0.503472,0.0044997,0.0035822
23,1.383333,0.4245177,0.2962981,0.1720000,0.506944,0.0044997,0.0035822
23,1.387500,0.4245443,0.2962980,0.1720000,0.510416,0.0044997,0.0035822
23,1.391667,0.4245711,0.2962981,0.1720000,0.513887,0.0044997,0.0035823
23,1.395833,0.4245975,0.2962980,0.1720000,0.517357,0.0044997,0.0035822
23,1.400000,0.4246240,0.2962981,0.1720000,0.520827,0.0044997,0.0035823
23,1.404167,0.4246502,0.2962980,0.1720000,0.524294,0.0044997,0.0035822
23,1.408333,0.4246765,0.2962981,0.1720000,0.527762,0.0044997,0.0035823
23,1.412500,0.4247025,0.2962979,0.1720000,0.531226,0.0044997,0.0035821
23,1.416667,0.4247286,0.2962981,0.1720000,0.534691,0.0044997,0.0035823
23,1.420833,0.4247544,0.2962980,0.1720000,0.538151,0.0044997,0.0035822
23,1.425000,0.4247802,0.2962981,0.1720000,0.541612,0.0044997,0.0035823
23,1.429167,0.4248058,0.2962979,0.1720000,0.545068,0.0044997,0.0035822
23,1.433333,0.4248314,0.2962981,0.1720000,0.548524,0.0044997,0.0035823
23,1.437500,0.4248568,0.2962979,0.1720000,0.551975,0.0044997,0.0035822
23,1.441667,0.4248824,0.2962980,0.1720000,0.555426,0.0044997,0.0035823
23,1.445833,0.4249074,0.2962979,0.1720000,0.558870,0.0044997,0.0035822
23,1.450000,0.4249327,0.2962981,0.1720000,0.562315,0.0044997,0.0035823
23,1.454167,0.4249577,0.2962980,0.1720000,0.565753,0.0044997,0.0035822
23,1.458333,0.4249827,0.2962980,0.1720000,0.569191,0.0044997,0.0035823
23,1.462500,0.4250074,0.2962980,0.1720000,0.572621,0.0044997,0.0035821
23,1.466667,0.4250322,0.2962980,0.1720000,0.576052,0.0044997,0.0035822
23,1.470833,0.4250568,0.2962979,0.1720000,0.579473,0.0044997,0.0035822
23,1.475000,0.4250815,0.2962981,0.1720000,0.582895,0.0044997,0.0035824
23,1.479167,0.4251058,0.2962980,0.1720000,0.586308,0.0044997,0.0035822
23,1.483333,0.4251301,0.2962981,0.1720000,0.589721,0.0044997,0.0035823
23,1.487500,0.4251541,0.2962979,0.1720000,0.593124,0.0044997,0.0035821
23,1.491667,0.4251781,0.2962979,0.1720000,0.596527,0.0044997,0.0035822
23,1.495833,0.4252020,0.2962979,0.1720000,0.599920,0.0044997,0.0035821
23,1.500000,0.4252259,0.2962981,0.1720000,0.603313,0.0044997,0.0035822
23,1.504167,0.4252495,0.2962979,0.1720000,0.606694,0.0044997,0.0035821
23,1.508333,0.4252732,0.2962981,0.1720000,0.610075,0.0044997,0.0035823
23,1.512500,0.4252966,0.2962979,0.1720000,0.613444,0.0044997,0.0035822
23,1.516667,0.4253200,0.2962981,0.1720000,0.616814,0.0044997,0.0035822
23,1.520833,0.4253432,0.2962981,0.1720000,0.620170,0.0044997,0.0035822
23,1.525000,0.4253663,0.2962982,0.1720000,0.623526,0.0044997,0.0035823
23,1.529167,0.4253892,0.2962980,0.1720000,0.626869,0.0044997,0.0035822
23,1.533333,0.4254121,0.2962981,0.1720000,0.630212,0.0044997,0.0035822
23,1.537500,0.4254348,0.2962979,0.1720000,0.633541,0.0044997,0.0035822
23,1.541667,0.4254574,0.2962981,0.1720000,0.636870,0.0044997,0.0035823
23,1.545833,0.4254799,0.2962980,0.1720000,0.640184,0.0044997,0.0035822
23,1.550000,0.4255024,0.2962981,0.1720000,0.643498,0.0044997,0.0035823
23,1.554167,0.4255246,0.2962979,0.1720000,0.646796,0.0044997,0.0035822
23,1.558333,0.4255468,0.2962981,0.1720000,0.650094,0.0044997,0.0035823
23,1.562500,0.4255686,0.2962978,0.1720000,0.653377,0.0044997,0.0035821
23,1.566667,0.4255907,0.2962981,0.1720000,0.656658,0.0044997,0.0035822
23,1.570833,0.4256123,0.2962979,0.1720000,0.659923,0.0044997,0.0035821
23,1.575000,0.4256340,0.2962981,0.1720000,0.663188,0.0044997,0.0035823
23,1.579167,0.4256554,0.2962979,0.1720000,0.666436,0.0044997,0.0035821
23,1.583333,0.4256769,0.2962981,0.1720000,0.669683,0.0044997,0.0035823
23,1.587500,0.4256980,0.2962979,0.1720000,0.672912,0.0044997,0.0035821
23,1.591667,0.4257191,0.2962979,0.1720000,0.676141,0.0044997,0.0035822
23,1.595833,0.4257401,0.2962979,0.1720000,0.679350,0.0044997,0.0035821
23,1.600000,0.4257612,0.2962981,0.1720000,0.682560,0.0044997,0.0035823
23,1.604167,0.4257817,0.2962979,0.1720000,0.685750,0.0044997,0.0035822
23,1.608333,0.4258025,0.2962981,0.1720000,0.688940,0.0044997,0.0035823
23,1.612500,0.4258228,0.2962979,0.1720000,0.692110,0.0044997,0.0035822
23,1.616667,0.4258431,0.2962981,0.1720000,0.695279,0.0044997,0.0035823
23,1.620833,0.4258632,0.2962978,0.1720000,0.698428,0.0044997,0.0035821
23,1.625000,0.4258834,0.2962979,0.1720000,0.701576,0.0044997,0.0035822
23,1.629167,0.4259033,0.2962979,0.1720000,0.704703,0.0044997,0.0035821
23,1.633333,0.4259233,0.2962980,0.1720000,0.707830,0.0044997,0.0035823
23,1.637500,0.4259428,0.2962979,0.1720000,0.710934,0.0044997,0.0035821
23,1.641667,0.4259624,0.2962981,0.1720000,0.714039,0.0044997,0.0035823
23,1.645833,0.4259818,0.2962979,0.1720000,0.717120,0.0044997,0.0035822
23,1.650000,0.4260012,0.2962982,0.1720000,0.720201,0.0044997,0.0035824
23,1.654167,0.4260201,0.2962979,0.1720000,0.723259,0.0044997,0.0035822
23,1.658333,0.4260392,0.2962980,0.1720000,0.726317,0.0044997,0.0035823
23,1.662500,0.4260581,0.2962979,0.1720000,0.729350,0.0044997,0.0035821
23,1.666667,0.4260770,0.2962981,0.1720000,0.732384,0.0044997,0.0035823
23,1.670833,0.4260955,0.2962979,0.1720000,0.735392,0.0044997,0.0035821
23,1.675000,0.4261141,0.2962980,0.1720000,0.738401,0.0044997,0.0035823
23,1.679167,0.4261323,0.2962979,0.1720000,0.741384,0.0044997,0.0035822
23,1.683333,0.4261507,0.2962982,0.1720000,0.744367,0.0044997,0.0035823
23,1.687500,0.4261686,0.2962980,0.1720000,0.747324,0.0044997,0.0035821
23,1.691667,0.4261866,0.2962982,0.1720000,0.750281,0.0044997,0.0035823
23,1.695833,0.4262043,0.2962979,0.1720000,0.753212,0.0044997,0.0035821
23,1.700000,0.4262221,0.2962981,0.1720000,0.756142,0.0044997,0.0035823
23,1.704167,0.4262394,0.2962980,0.1720000,0.759045,0.0044997,0.0035821
23,1.708333,0.4262571,0.2962982,0.1720000,0.761948,0.0044997,0.0035823
23,1.712500,0.4262741,0.2962979,0.1720000,0.764824,0.0044997,0.0035821
23,1.716667,0.4262913,0.2962981,0.1720000,0.767699,0.0044997,0.0035823
23,1.720833,0.4263082,0.2962979,0.1720000,0.770546,0.0044997,0.0035822
23,1.725000,0.4263252,0.2962981,0.1720000,0.773393,0.0044997,0.0035823
23,1.729167,0.4263417,0.2962979,0.1720000,0.776211,0.0044997,0.0035822
23,1.733333,0.4263584,0.2962981,0.1720000,0.779029,0.0044997,0.0035823
23,1.737500,0.4263746,0.2962979,0.1720000,0.781818,0.0044997,0.0035822
23,1.741667,0.4263910,0.2962981,0.1720000,0.784606,0.0044997,0.0035823
23,1.745833,0.4264071,0.2962979,0.1720000,0.787365,0.0044997,0.0035822
23,1.750000,0.4264231,0.2962981,0.1720000,0.790124,0.0044997,0.0035823
23,1.754167,0.4264389,0.2962978,0.1720000,0.792852,0.0044997,0.0035821
23,1.758333,0.4264548,0.2962981,0.1720000,0.795580,0.0044997,0.0035823
23,1.762500,0.4264701,0.2962980,0.1720000,0.798277,0.0044997,0.0035822
23,1.766667,0.4264857,0.2962981,0.1720000,0.800974,0.0044997,0.0035824
23,1.770833,0.4265009,0.2962979,0.1720000,0.803640,0.0044997,0.0035822
23,1.775000,0.4265160,0.2962981,0.1720000,0.806306,0.0044997,0.0035822
23,1.779167,0.4265310,0.2962979,0.1720000,0.808939,0.0044997,0.0035821
23,1.783333,0.4265460,0.2962980,0.1720000,0.811573,0.0044997,0.0035823
23,1.787500,0.4265606,0.2962980,0.1720000,0.814174,0.0044997,0.0035822
23,1.791667,0.4265754,0.2962981,0.1720000,0.816776,0.0044997,0.0035823
23,1.795833,0.4265895,0.2962980,0.1720000,0.819344,0.0044997,0.0035821
23,1.800000,0.4266040,0.2962981,0.1720000,0.821913,0.0044997,0.0035823
23,1.804167,0.4266181,0.2962979,0.1720000,0.824448,0.0044997,0.0035821
23,1.808333,0.4266323,0.2962982,0.1720000,0.826983,0.0044997,0.0035823
23,1.812500,0.4266460,0.2962980,0.1720000,0.829484,0.0044997,0.0035822
23,1.816667,0.4266599,0.2962981,0.1720000,0.831986,0.0044997,0.0035823
23,1.820833,0.4266734,0.2962981,0.1720000,0.834453,0.0044997,0.0035822
23,1.825000,0.4266869,0.2962981,0.1720000,0.836920,0.0044997,0.0035824
23,1.829167,0.4267001,0.2962980,0.1720000,0.839353,0.0044997,0.0035822
23,1.833333,0.4267133,0.2962980,0.1720000,0.841785,0.0044997,0.0035823
23,1.837500,0.4267262,0.2962979,0.1720000,0.844183,0.0044997,0.0035822
23,1.841667,0.4267393,0.2962982,0.1720000,0.846581,0.0044997,0.0035824
23,1.845833,0.4267519,0.2962980,0.1720000,0.848943,0.0044997,0.0035822
23,1.850000,0.4267646,0.2962982,0.1720000,0.851305,0.0044997,0.0035823
23,1.854167,0.4267769,0.2962980,0.1720000,0.853632,0.0044997,0.0035822
23,1.858333,0.4267892,0.2962981,0.1720000,0.855959,0.0044997,0.0035822
23,1.862500,0.4268011,0.2962979,0.1720000,0.858249,0.0044997,0.0035820
23,1.866667,0.4268134,0.2962980,0.1720000,0.860540,0.0044997,0.0035822
23,1.870833,0.4268252,0.2962980,0.1720000,0.862794,0.0044997,0.0035821
23,1.875000,0.4268371,0.2962981,0.1720000,0.865049,0.0044997,0.0035822
23,1.879167,0.4268484,0.2962979,0.1720000,0.867266,0.0044997,0.0035822
23,1.883333,0.4268600,0.2962981,0.1720000,0.869484,0.0044997,0.0035822
23,1.887500,0.4268712,0.2962980,0.1720000,0.871664,0.0044997,0.0035822
23,1.891667,0.4268825,0.2962981,0.1720000,0.873845,0.0044997,0.0035823
23,1.895833,0.4268933,0.2962979,0.1720000,0.875988,0.0044997,0.0035822
23,1.900000,0.4269044,0.2962981,0.1720000,0.878131,0.0044997,0.0035823
23,1.904167,0.4269149,0.2962980,0.1720000,0.880237,0.0044997,0.0035822
23,1.908333,0.4269257,0.2962981,0.1720000,0.882343,0.0044997,0.0035824
23,1.912500,0.4269360,0.2962979,0.1720000,0.884411,0.0044997,0.0035822
23,1.916667,0.4269464,0.2962981,0.1720000,0.886479,0.0044997,0.0035823
23,1.920833,0.4269564,0.2962980,0.1720000,0.888509,0.0044997,0.0035822
23,1.925000,0.4269665,0.2962981,0.1720000,0.890538,0.0044997,0.0035824
23,1.929167,0.4269762,0.2962980,0.1720000,0.892530,0.0044997,0.0035822
23,1.933333,0.4269861,0.2962980,0.1720000,0.894522,0.0044997,0.0035823
23,1.937500,0.4269956,0.2962979,0.1720000,0.896475,0.0044997,0.0035821
23,1.941667,0.4270051,0.2962981,0.1720000,0.898428,0.0044997,0.0035823
23,1.945833,0.4270144,0.2962980,0.1720000,0.900342,0.0044997,0.0035822
23,1.950000,0.4270236,0.2962981,0.1720000,0.902257,0.0044997,0.0035823
23,1.954167,0.4270324,0.2962979,0.1720000,0.904132,0.0044997,0.0035821
23,1.958333,0.4270415,0.2962981,0.1720000,0.906008,0.0044997,0.0035823
23,1.962500,0.4270501,0.2962979,0.1720000,0.907845,0.0044997,0.0035821
23,1.966667,0.4270588,0.2962981,0.1720000,0.909681,0.0044997,0.0035823
23,1.970833,0.4270670,0.2962979,0.1720000,0.911479,0.0044997,0.0035821
23,1.975000,0.4270755,0.2962980,0.1720000,0.913276,0.0044997,0.0035822
23,1.979167,0.4270836,0.2962979,0.1720000,0.915034,0.0044997,0.0035821
23,1.983333,0.4270917,0.2962981,0.1720000,0.916793,0.0044997,0.0035823
23,1.987500,0.4270995,0.2962979,0.1720000,0.918511,0.0044997,0.0035821
23,1.991667,0.4271073,0.2962979,0.1720000,0.920230,0.0044997,0.0035822
23,1.995833,0.4271147,0.2962979,0.1720000,0.921910,0.0044997,0.0035821
23,2.000000,0.4271224,0.2962980,0.1720000,0.923589,0.0044997,0.0035823
23,2.004167,0.4271294,0.2962979,0.1720000,0.925229,0.0044997,0.0035821
23,2.008333,0.4271369,0.2962981,0.1720000,0.926869,0.0044997,0.0035823
23,2.012500,0.4271438,0.2962979,0.1720000,0.928469,0.0044997,0.0035822
23,2.016667,0.4271509,0.2962981,0.1720000,0.930069,0.0044997,0.0035823
23,2.020833,0.4271574,0.2962980,0.1720000,0.931630,0.0044997,0.0035822
23,2.025000,0.4271641,0.2962981,0.1720000,0.933191,0.0044997,0.0035823
23,2.029167,0.4271705,0.2962980,0.1720000,0.934712,0.0044997,0.0035822
23,2.033333,0.4271770,0.2962981,0.1720000,0.936233,0.0044997,0.0035823
23,2.037500,0.4271831,0.2962980,0.1720000,0.937715,0.0044997,0.0035822
23,2.041667,0.4271893,0.2962981,0.1720000,0.939196,0.0044997,0.0035823
23,2.045833,0.4271950,0.2962979,0.1720000,0.940638,0.0044997,0.0035822
23,2.050000,0.4272010,0.2962982,0.1720000,0.942080,0.0044997,0.0035823
23,2.054167,0.4272064,0.2962980,0.1720000,0.943483,0.0044997,0.0035822
23,2.058333,0.4272121,0.2962981,0.1720000,0.944885,0.0044997,0.0035823
23,2.062500,0.4272173,0.2962980,0.1720000,0.946248,0.0044997,0.0035822
23,2.066667,0.4272227,0.2962981,0.1720000,0.947611,0.0044997,0.0035823
23,2.070833,0.4272276,0.2962978,0.1720000,0.948935,0.0044997,0.0035821
23,2.075000,0.4272327,0.2962980,0.1720000,0.950259,0.0044997,0.0035822
23,2.079167,0.4272373,0.2962978,0.1720000,0.951543,0.0044997,0.0035821
23,2.083333,0.4272422,0.2962980,0.1720000,0.952827,0.0044997,0.0035823
23,2.087500,0.4272466,0.2962979,0.1720000,0.954073,0.0044997,0.0035821
23,2.091667,0.4272511,0.2962980,0.1720000,0.955318,0.0044997,0.0035823
23,2.095833,0.4272553,0.2962980,0.1720000,0.956525,0.0044997,0.0035821
23,2.100000,0.4272596,0.2962981,0.1720000,0.957731,0.0044997,0.0035823
23,2.104167,0.4272634,0.2962980,0.1720000,0.958899,0.0044997,0.0035821
23,2.108333,0.4272674,0.2962981,0.1720000,0.960066,0.0044997,0.0035823
23,2.112500,0.4272710,0.2962980,0.1720000,0.961196,0.0044997,0.0035821
23,2.116667,0.4272747,0.2962980,0.1720000,0.962325,0.0044997,0.0035822
23,2.120833,0.4272780,0.2962979,0.1720000,0.963415,0.0044997,0.0035821
23,2.125000,0.4272814,0.2962979,0.1720000,0.964506,0.0044997,0.0035822
23,2.129167,0.4272846,0.2962979,0.1720000,0.965559,0.0044997,0.0035821
23,2.133333,0.4272877,0.2962981,0.1720000,0.966612,0.0044997,0.0035823
23,2.137500,0.4272905,0.2962978,0.1720000,0.967626,0.0044997,0.0035821
23,2.141667,0.4272934,0.2962980,0.1720000,0.968641,0.0044997,0.0035822
23,2.145833,0.4272960,0.2962978,0.1720000,0.969618,0.0044997,0.0035820
23,2.150000,0.4272986,0.2962979,0.1720000,0.970596,0.0044997,0.0035822
23,2.154167,0.4273010,0.2962979,0.1720000,0.971536,0.0044997,0.0035821
23,2.158333,0.4273033,0.2962980,0.1720000,0.972476,0.0044997,0.0035823
23,2.162500,0.4273053,0.2962979,0.1720000,0.973379,0.0044997,0.0035821
23,2.166667,0.4273076,0.2962981,0.1720000,0.974282,0.0044997,0.0035823
23,2.170833,0.4273093,0.2962979,0.1720000,0.975149,0.0044997,0.0035822
23,2.175000,0.4273112,0.2962981,0.1720000,0.976015,0.0044997,0.0035823
23,2.179167,0.4273126,0.2962979,0.1720000,0.976846,0.0044997,0.0035822
23,2.183333,0.4273141,0.2962981,0.1720000,0.977676,0.0044997,0.0035822
23,2.187500,0.4273154,0.2962979,0.1720000,0.978471,0.0044997,0.0035822
23,2.191667,0.4273168,0.2962982,0.1720000,0.979266,0.0044997,0.0035823
23,2.195833,0.4273177,0.2962980,0.1720000,0.980025,0.0044997,0.0035822
23,2.200000,0.4273188,0.2962981,0.1720000,0.980784,0.0044997,0.0035823
23,2.204167,0.4273196,0.2962980,0.1720000,0.981509,0.0044997,0.0035822
23,2.208333,0.4273204,0.2962982,0.1720000,0.982233,0.0044997,0.0035823
23,2.212500,0.4273209,0.2962980,0.1720000,0.982923,0.0044997,0.0035822
23,2.216667,0.4273215,0.2962981,0.1720000,0.983613,0.0044997,0.0035823
23,2.220833,0.4273216,0.2962979,0.1720000,0.984270,0.0044997,0.0035822
23,2.225000,0.4273221,0.2962981,0.1720000,0.984926,0.0044997,0.0035823
23,2.229167,0.4273219,0.2962979,0.1720000,0.985549,0.0044997,0.0035822
23,2.233333,0.4273220,0.2962981,0.1720000,0.986171,0.0044997,0.0035823
23,2.237500,0.4273217,0.2962979,0.1720000,0.986762,0.0044997,0.0035821
23,2.241667,0.4273215,0.2962979,0.1720000,0.987352,0.0044997,0.0035822
23,2.245833,0.4273210,0.2962979,0.1720000,0.987909,0.0044997,0.0035821
23,2.250000,0.4273207,0.2962981,0.1720000,0.988467,0.0044997,0.0035823
23,2.254167,0.4273198,0.2962980,0.1720000,0.988993,0.0044997,0.0035821
23,2.258333,0.4273192,0.2962980,0.1720000,0.989520,0.0044997,0.0035822
23,2.262500,0.4273181,0.2962979,0.1720000,0.990015,0.0044997,0.0035822
23,2.266667,0.4273173,0.2962981,0.1720000,0.990510,0.0044997,0.0035823
23,2.270833,0.4273159,0.2962979,0.1720000,0.990975,0.0044997,0.0035821
23,2.275000,0.4273148,0.2962980,0.1720000,0.991440,0.0044997,0.0035822
23,2.279167,0.4273133,0.2962979,0.1720000,0.991875,0.0044997,0.0035821
23,2.283333,0.4273119,0.2962981,0.1720000,0.992311,0.0044997,0.0035823
23,2.287500,0.4273101,0.2962979,0.1720000,0.992717,0.0044997,0.0035822
23,2.291667,0.4273085,0.2962982,0.1720000,0.993123,0.0044997,0.0035823
23,2.295833,0.4273064,0.2962980,0.1720000,0.993502,0.0044997,0.0035822
23,2.300000,0.4273046,0.2962981,0.1720000,0.993880,0.0044997,0.0035823
23,2.304167,0.4273024,0.2962980,0.1720000,0.994231,0.0044997,0.0035822
23,2.308333,0.4273003,0.2962981,0.1720000,0.994582,0.0044997,0.0035824
23,2.312500,0.4272978,0.2962980,0.1720000,0.994906,0.0044997,0.0035822
23,2.316667,0.4272955,0.2962981,0.1720000,0.995230,0.0044997,0.0035823
23,2.320833,0.4272927,0.2962980,0.1720000,0.995528,0.0044997,0.0035822
23,2.325000,0.4272902,0.2962981,0.1720000,0.995827,0.0044997,0.0035823
23,2.329167,0.4272873,0.2962979,0.1720000,0.996100,0.0044997,0.0035822
23,2.333333,0.4272844,0.2962980,0.1720000,0.996374,0.0044997,0.0035823
23,2.337500,0.4272813,0.2962980,0.1720000,0.996623,0.0044997,0.0035822
23,2.341667,0.4272782,0.2962981,0.1720000,0.996873,0.0044997,0.0035823
23,2.345833,0.4272749,0.2962979,0.1720000,0.997099,0.0044997,0.0035822
23,2.350000,0.4272717,0.2962981,0.1720000,0.997325,0.0044997,0.0035822
23,2.354167,0.4272680,0.2962979,0.1720000,0.997530,0.0044997,0.0035821
23,2.358333,0.4272645,0.2962980,0.1720000,0.997734,0.0044997,0.0035822
23,2.362500,0.4272607,0.2962979,0.1720000,0.997917,0.0044997,0.0035821
23,2.366667,0.4272569,0.2962981,0.1720000,0.998100,0.0044997,0.0035823
23,2.370833,0.4272529,0.2962979,0.1720000,0.998262,0.0044997,0.0035821
23,2.375000,0.4272490,0.2962981,0.1720000,0.998425,0.0044997,0.0035823
23,2.379167,0.4272447,0.2962979,0.1720000,0.998569,0.0044997,0.0035822
23,2.383333,0.4272405,0.2962980,0.1720000,0.998712,0.0044997,0.0035822
23,2.387500,0.4272361,0.2962979,0.1720000,0.998838,0.0044997,0.0035822
23,2.391667,0.4272317,0.2962980,0.1720000,0.998963,0.0044997,0.0035823
23,2.395833,0.4272270,0.2962979,0.1720000,0.999071,0.0044997,0.0035822
23,2.400000,0.4272224,0.2962981,0.1720000,0.999180,0.0044997,0.0035823
23,2.404167,0.4272174,0.2962979,0.1720000,0.999272,0.0044997,0.0035821
23,2.408333,0.4272126,0.2962979,0.1720000,0.999364,0.0044997,0.0035822
23,2.412500,0.4272075,0.2962979,0.1720000,0.999442,0.0044997,0.0035822
23,2.416667,0.4272026,0.2962981,0.1720000,0.999520,0.0044997,0.0035823
23,2.420833,0.4271972,0.2962980,0.1720000,0.999584,0.0044997,0.0035822
23,2.425000,0.4271919,0.2962980,0.1720000,0.999648,0.0044997,0.0035822
23,2.429167,0.4271864,0.2962979,0.1720000,0.999700,0.0044997,0.0035822
23,2.433333,0.4271810,0.2962981,0.1720000,0.999751,0.0044997,0.0035823
23,2.437500,0.4271752,0.2962981,0.1720000,0.999792,0.0044997,0.0035822
23,2.441667,0.4271695,0.2962981,0.1720000,0.999833,0.0044997,0.0035823
23,2.445833,0.4271636,0.2962980,0.1720000,0.999863,0.0044997,0.0035822
23,2.450000,0.4271577,0.2962980,0.1720000,0.999894,0.0044997,0.0035823
23,2.454167,0.4271515,0.2962980,0.1720000,0.999916,0.0044997,0.0035822
23,2.458333,0.4271456,0.2962982,0.1720000,0.999938,0.0044997,0.0035824
23,2.462500,0.4271391,0.2962981,0.1720000,0.999953,0.0044997,0.0035823
23,2.466667,0.4271328,0.2962981,0.1720000,0.999968,0.0044997,0.0035823
23,2.470833,0.4271263,0.2962980,0.1720000,0.999977,0.0044997,0.0035823
23,2.475000,0.4271199,0.2962981,0.1720000,0.999987,0.0044997,0.0035823
23,2.479167,0.4271130,0.2962980,0.1720000,0.999991,0.0044997,0.0035822
23,2.483333,0.4271064,0.2962981,0.1720000,0.999996,0.0044997,0.0035823
23,2.487500,0.4270995,0.2962980,0.1720000,0.999998,0.0044997,0.0035822
23,2.491667,0.4270926,0.2962981,0.1720000,1.000000,0.0044997,0.0035823
23,2.495833,0.4270855,0.2962979,0.1720000,1.000000,0.0044997,0.0035822
23,2.500000,0.4270784,0.2962981,0.1720000,1.000000,0.0044997,0.0035823
23,2.504167,0.4270712,0.2962979,0.1720000,1.000000,0.0044997,0.0035822
23,2.508333,0.4270638,0.2962981,0.1720000,1.000000,0.0044997,0.0035823
23,2.512500,0.4270563,0.2962980,0.1720000,1.000000,0.0044997,0.0035821
23,2.516667,0.4270488,0.2962981,0.1720000,1.000000,0.0044997,0.0035822
23,2.520833,0.4270411,0.2962981,0.1720000,1.000000,0.0044997,0.0035822
23,2.525000,0.4270336,0.2962982,0.1720000,1.000000,0.0044997,0.0035823
23,2.529167,0.4270256,0.2962980,0.1720000,1.000000,0.0044997,0.0035822
23,2.533333,0.4270178,0.2962980,0.1720000,1.000000,0.0044997,0.0035823
23,2.537500,0.4270097,0.2962979,0.1720000,1.000000,0.0044997,0.0035822
23,2.541667,0.4270017,0.2962981,0.1720000,1.000000,0.0044997,0.0035822
23,2.545833,0.4269936,0.2962980,0.1720000,1.000000,0.0044997,0.0035822
23,2.550000,0.4269853,0.2962981,0.1720000,1.000000,0.0044997,0.0035823
23,2.554167,0.4269769,0.2962980,0.1720000,1.000000,0.0044997,0.0035822
23,2.558333,0.4269686,0.2962982,0.1720000,1.000000,0.0044997,0.0035823
23,2.562500,0.4269599,0.2962979,0.1720000,1.000000,0.0044997,0.0035822
23,2.566667,0.4269514,0.2962980,0.1720000,1.000000,0.0044997,0.0035822
23,2.570833,0.4269425,0.2962980,0.1720000,1.000000,0.0044997,0.0035822
23,2.575000,0.4269340,0.2962980,0.1720000,1.000000,0.0044997,0.0035822
23,2.579167,0.4269249,0.2962981,0.1720000,1.000000,0.0044997,0.0035822
23,2.583333,0.4269161,0.2962981,0.1720000,1.000000,0.0044997,0.0035823
23,2.587500,0.4269069,0.2962980,0.1720000,1.000000,0.0044997,0.0035822
23,2.591667,0.4268979,0.2962981,0.1720000,1.000000,0.0044997,0.0035823
23,2.595833,0.4268885,0.2962980,0.1720000,1.000000,0.0044997,0.0035822
23,2.600000,0.4268793,0.2962981,0.1720000,1.000000,0.0044997,0.0035822
23,2.604167,0.4268698,0.2962980,0.1720000,1.000000,0.0044997,0.0035822
23,2.608333,0.4268606,0.2962982,0.1720000,1.000000,0.0044997,0.0035823
23,2.612500,0.4268509,0.2962981,0.1720000,1.000000,0.0044997,0.0035823
23,2.616667,0.4268413,0.2962981,0.1720000,1.000000,0.0044997,0.0035823
23,2.620833,0.4268316,0.2962981,0.1720000,1.000000,0.0044997,0.0035823
23,2.625000,0.4268219,0.2962982,0.1720000,1.000000,0.0044997,0.0035823
23,2.629167,0.4268120,0.2962981,0.1720000,1.000000,0.0044997,0.0035823
23,2.633333,0.4268020,0.2962981,0.1720000,1.000000,0.0044997,0.0035823
23,2.637500,0.4267918,0.2962980,0.1720000,1.000000,0.0044997,0.0035823
23,2.641667,0.4267819,0.2962981,0.1720000,1.000000,0.0044997,0.0035824
23,2.645833,0.4267717,0.2962980,0.1720000,1.000000,0.0044997,0.0035823
23,2.650000,0.4267614,0.2962981,0.1720000,1.000000,0.0044997,0.0035824
23,2.654167,0.4267510,0.2962979,0.1720000,1.000000,0.0044997,0.0035823
23,2.658333,0.4267407,0.2962981,0.1720000,1.000000,0.0044997,0.0035824
23,2.662500,0.4267301,0.2962980,0.1720000,1.000000,0.0044997,0.0035822
23,2.666667,0.4267196,0.2962981,0.1720000,1.000000,0.0044997,0.0035823
23,2.670833,0.4267088,0.2962979,0.1720000,1.000000,0.0044997,0.0035822
23,2.675000,0.4266982,0.2962980,0.1720000,1.000000,0.0044997,0.0035823
23,2.679167,0.4266874,0.2962980,0.1720000,1.000000,0.0044997,0.0035822
23,2.683333,0.4266766,0.2962981,0.1720000,1.000000,0.0044997,0.0035823
23,2.687500,0.4266655,0.2962981,0.1720000,1.000000,0.0044997,0.0035822
23,2.691667,0.4266546,0.2962981,0.1720000,1.000000,0.0044997,0.0035823
23,2.695833,0.4266434,0.2962980,0.1720000,1.000000,0.0044997,0.0035822
23,2.700000,0.4266323,0.2962980,0.1720000,1.000000,0.0044997,0.0035823
23,2.704167,0.4266210,0.2962980,0.1720000,1.000000,0.0044997,0.0035822
23,2.708333,0.4266097,0.2962980,0.1720000,1.000000,0.0044997,0.0035823
23,2.712500,0.4265983,0.2962981,0.1720000,1.000000,0.0044997,0.0035822
23,2.716667,0.4265869,0.2962981,0.1720000,1.000000,0.0044997,0.0035822
23,2.720833,0.4265754,0.2962980,0.1720000,1.000000,0.0044997,0.0035822
23,2.725000,0.4265639,0.2962980,0.1720000,1.000000,0.0044997,0.0035823
23,2.729167,0.4265522,0.2962981,0.1720000,1.000000,0.0044997,0.0035823
23,2.733333,0.4265406,0.2962981,0.1720000,1.000000,0.0044997,0.0035824
23,2.737500,0.4265286,0.2962979,0.1720000,1.000000,0.0044997,0.0035822
23,2.741667,0.4265167,0.2962979,0.1720000,1.000000,0.0044997,0.0035822
23,2.745833,0.4265047,0.2962979,0.1720000,1.000000,0.0044997,0.0035822
23,2.750000,0.4264929,0.2962981,0.1720000,1.000000,0.0044997,0.0035823
23,2.754167,0.4264808,0.2962980,0.1720000,1.000000,0.0044997,0.0035822
23,2.758333,0.4264688,0.2962979,0.1720000,1.000000,0.0044997,0.0035822
23,2.762500,0.4264565,0.2962980,0.1720000,1.000000,0.0044997,0.0035822
23,2.766667,0.4264444,0.2962980,0.1720000,1.000000,0.0044997,0.0035823
23,2.770833,0.4264320,0.2962980,0.1720000,1.000000,0.0044997,0.0035822
23,2.775000,0.4264197,0.2962981,0.1720000,1.000000,0.0044997,0.0035823
23,2.779167,0.4264072,0.2962980,0.1720000,1.000000,0.0044997,0.0035822
23,2.783333,0.4263946,0.2962979,0.1720000,1.000000,0.0044997,0.0035822
23,2.787500,0.4263821,0.2962980,0.1720000,1.000000,0.0044997,0.0035822
23,2.791667,0.4263695,0.2962980,0.1720000,1.000000,0.0044997,0.0035822
23,2.795833,0.4263567,0.2962980,0.1720000,1.000000,0.0044997,0.0035822
23,2.800000,0.4263441,0.2962980,0.1720000,1.000000,0.0044997,0.0035823
23,2.804167,0.4263313,0.2962979,0.1720000,1.000000,0.0044997,0.0035822
23,2.808333,0.4263185,0.2962980,0.1720000,1.000000,0.0044997,0.0035823
23,2.812500,0.4263055,0.2962979,0.1720000,1.000000,0.0044997,0.0035822
23,2.816667,0.4262926,0.2962981,0.1720000,1.000000,0.0044997,0.0035822
23,2.820833,0.4262796,0.2962979,0.1720000,1.000000,0.0044997,0.0035822
23,2.825000,0.4262665,0.2962981,0.1720000,1.000000,0.0044997,0.0035822
23,2.829167,0.4262533,0.2962981,0.1720000,1.000000,0.0044997,0.0035822
23,2.833333,0.4262402,0.2962981,0.1720000,1.000000,0.0044997,0.0035823
23,2.837500,0.4262269,0.2962979,0.1720000,1.000000,0.0044997,0.0035822
23,2.841667,0.4262135,0.2962980,0.1720000,1.000000,0.0044997,0.0035822
23,2.845833,0.4262001,0.2962979,0.1720000,1.000000,0.0044997,0.0035822
23,2.850000,0.4261868,0.2962980,0.1720000,1.000000,0.0044997,0.0035822
23,2.854167,0.4261733,0.2962979,0.1720000,1.000000,0.0044997,0.0035822
23,2.858333,0.4261599,0.2962981,0.1720000,1.000000,0.0044997,0.0035823
23,2.862500,0.4261461,0.2962980,0.1720000,1.000000,0.0044997,0.0035822
23,2.866667,0.4261326,0.2962981,0.1720000,1.000000,0.0044997,0.0035823
23,2.870833,0.4261189,0.2962980,0.1720000,1.000000,0.0044997,0.0035822
23,2.875000,0.4261051,0.2962980,0.1720000,1.000000,0.0044997,0.0035823
23,2.879167,0.4260912,0.2962980,0.1720000,1.000000,0.0044997,0.0035823
23,2.883333,0.4260774,0.2962980,0.1720000,1.000000,0.0044997,0.0035823
23,2.887500,0.4260635,0.2962979,0.1720000,1.000000,0.0044997,0.0035823
23,2.891667,0.4260496,0.2962980,0.1720000,1.000000,0.0044997,0.0035823
23,2.895833,0.4260356,0.2962981,0.1720000,1.000000,0.0044997,0.0035823
23,2.900000,0.4260216,0.2962981,0.1720000,1.000000,0.0044997,0.0035824
23,2.904167,0.4260074,0.2962981,0.1720000,1.000000,0.0044997,0.0035822
23,2.908333,0.4259933,0.2962981,0.1720000,1.000000,0.0044997,0.0035824
23,2.912500,0.4259792,0.2962980,0.1720000,1.000000,0.0044997,0.0035823
23,2.916667,0.4259650,0.2962981,0.1720000,1.000000,0.0044997,0.0035823
23,2.920833,0.4259506,0.2962980,0.1720000,1.000000,0.0044997,0.0035822
23,2.925000,0.4259364,0.2962981,0.1720000,1.000000,0.0044997,0.0035822
23,2.929167,0.4259219,0.2962981,0.1720000,1.000000,0.0044997,0.0035822
23,2.933333,0.4259076,0.2962981,0.1720000,1.000000,0.0044997,0.0035823
23,2.937500,0.4258931,0.2962980,0.1720000,1.000000,0.0044997,0.0035822
23,2.941667,0.4258786,0.2962981,0.1720000,1.000000,0.0044997,0.0035823
23,2.945833,0.4258640,0.2962980,0.1720000,1.000000,0.0044997,0.0035822
23,2.950000,0.4258494,0.2962980,0.1720000,1.000000,0.0044997,0.0035822
23,2.954167,0.4258346,0.2962981,0.1720000,1.000000,0.0044997,0.0035822
23,2.958333,0.4258200,0.2962980,0.1720000,1.000000,0.0044997,0.0035822
23,2.962500,0.4258054,0.2962980,0.1720000,1.000000,0.0044997,0.0035822
23,2.966667,0.4257906,0.2962980,0.1720000,1.000000,0.0044997,0.0035823
23,2.970833,0.4257758,0.2962980,0.1720000,1.000000,0.0044997,0.0035823
23,2.975000,0.4257610,0.2962981,0.1720000,1.000000,0.0044997,0.0035824
23,2.979167,0.4257461,0.2962982,0.1720000,1.000000,0.0044997,0.0035825
23,2.983333,0.4257312,0.2962984,0.1720000,1.000000,0.0044997,0.0035825
23,2.987500,0.4257163,0.2962984,0.1720000,1.000000,0.0044997,0.0035826
23,2.991667,0.4257013,0.2962984,0.1720000,1.000000,0.0044997,0.0035827
23,2.995833,0.4256861,0.2962982,0.1720000,1.000000,0.0044997,0.0035825
23,3.000000,0.4256711,0.2962981,0.1720000,1.000000,0.0044997,0.0035823
24,0.000000,0.4170755,0.2962980,0.1720000,1.000000,0.0044997,0.0035823
24,0.004167,0.4170754,0.2962976,0.1720000,1.000000,0.0044997,0.0035818
24,0.008333,0.4170753,0.2962972,0.1720000,1.000000,0.0044997,0.0035815
24,0.012500,0.4170756,0.2962973,0.1720000,1.000000,0.0044997,0.0035815
24,0.016667,0.4170760,0.2962973,0.1720000,1.000000,0.0044997,0.0035815
24,0.020833,0.4170766,0.2962976,0.1720000,1.000000,0.0044997,0.0035819
24,0.025000,0.4170772,0.2962978,0.1720000,1.000000,0.0044997,0.0035820
24,0.029167,0.4170780,0.2962981,0.1720000,1.000000,0.0044997,0.0035823
24,0.033333,0.4170788,0.2962981,0.1720000,1.000000,0.0044997,0.0035823
24,0.037500,0.4170797,0.2962981,0.1720000,1.000000,0.0044997,0.0035824
24,0.041667,0.4170807,0.2962981,0.1720000,1.000000,0.0044997,0.0035824
24,0.045833,0.4170817,0.2962982,0.1720000,1.000000,0.0044997,0.0035825
24,0.050000,0.4170828,0.2962982,0.1720000,1.000000,0.0044997,0.0035824
24,0.054167,0.4170842,0.2962983,0.1720000,1.000000,0.0044997,0.0035825
24,0.058333,0.4170855,0.2962982,0.1720000,1.000000,0.0044997,0.0035824
24,0.062500,0.4170870,0.2962982,0.1720000,1.000000,0.0044997,0.0035825
24,0.066667,0.4170884,0.2962980,0.1720000,1.000000,0.0044997,0.0035823
24,0.070833,0.4170902,0.2962982,0.1720000,1.000000,0.0044997,0.0035824
24,0.075000,0.4170919,0.2962981,0.1720000,1.000000,0.0044997,0.0035823
24,0.079167,0.4170939,0.2962983,0.1720000,1.000000,0.0044997,0.0035824
24,0.083333,0.4170958,0.2962982,0.1720000,1.000000,0.0044997,0.0035824
24,0.087500,0.4170981,0.2962982,0.1720000,1.000000,0.0044997,0.0035825
24,0.091667,0.4171001,0.2962982,0.1720000,1.000000,0.0044997,0.0035824
24,0.095833,0.4171025,0.2962982,0.1720000,1.000000,0.0044997,0.0035825
24,0.100000,0.4171048,0.2962981,0.1720000,1.000000,0.0044997,0.0035823
24,0.104167,0.4171074,0.2962982,0.1720000,1.000000,0.0044997,0.0035824
24,0.108333,0.4171101,0.2962982,0.1720000,1.000000,0.0044997,0.0035823
24,0.112500,0.4171128,0.2962982,0.1720000,1.000000,0.0044997,0.0035825
24,0.116667,0.4171156,0.2962982,0.1720000,1.000000,0.0044997,0.0035823
24,0.120833,0.4171186,0.2962982,0.1720000,1.000000,0.0044997,0.0035824
24,0.125000,0.4171215,0.2962981,0.1720000,1.000000,0.0044997,0.0035822
24,0.129167,0.4171249,0.2962981,0.1720000,1.000000,0.0044997,0.0035823
24,0.133333,0.4171280,0.2962981,0.1720000,1.000000,0.0044997,0.0035822
24,0.137500,0.4171315,0.2962982,0.1720000,1.000000,0.0044997,0.0035823
24,0.141667,0.4171350,0.2962981,0.1720000,1.000000,0.0044997,0.0035822
24,0.145833,0.4171386,0.2962981,0.1720000,1.000000,0.0044997,0.0035823
24,0.150000,0.4171423,0.2962980,0.1720000,1.000000,0.0044997,0.0035822
24,0.154167,0.4171462,0.2962982,0.1720000,1.000000,0.0044997,0.0035824
24,0.158333,0.4171501,0.2962980,0.1720000,1.000000,0.0044997,0.0035823
24,0.162500,0.4171543,0.2962982,0.1720000,1.000000,0.0044997,0.0035824
24,0.166667,0.4171582,0.2962981,0.1720000,1.000000,0.0044997,0.0035823
24,0.170833,0.4171625,0.2962982,0.1720000,1.000000,0.0044997,0.0035824
24,0.175000,0.4171669,0.2962981,0.1720000,1.000000,0.0044997,0.0035823
24,0.179167,0.4171714,0.2962981,0.1720000,1.000000,0.0044997,0.0035824
24,0.183333,0.4171759,0.2962980,0.1720000,1.000000,0.0044997,0.0035824
24,0.187500,0.4171808,0.2962983,0.1720000,1.000000,0.0044997,0.0035825
24,0.191667,0.4171855,0.2962982,0.1720000,1.000000,0.0044997,0.0035824
24,0.195833,0.4171906,0.2962982,0.1720000,1.000000,0.0044997,0.0035825
24,0.200000,0.4171954,0.2962980,0.1720000,1.000000,0.0044997,0.0035824
24,0.204167,0.4172008,0.2962982,0.1720000,1.000000,0.0044997,0.0035825
24,0.208333,0.4172059,0.2962981,0.1720000,1.000000,0.0044997,0.0035823
24,0.212500,0.4172115,0.2962982,0.1720000,1.000000,0.0044997,0.0035825
24,0.216667,0.4172169,0.2962981,0.1720000,1.000000,0.0044997,0.0035823
24,0.220833,0.4172226,0.2962982,0.1720000,1.000000,0.0044997,0.0035825
24,0.225000,0.4172282,0.2962981,0.1720000,1.000000,0.0044997,0.0035823
24,0.229167,0.4172342,0.2962982,0.1720000,1.000000,0.0044997,0.0035824
24,0.233333,0.4172399,0.2962980,0.1720000,1.000000,0.0044997,0.0035823
24,0.237500,0.4172462,0.2962981,0.1720000,1.000000,0.0044997,0.0035824
24,0.241667,0.4172523,0.2962980,0.1720000,1.000000,0.0044997,0.0035823
24,0.245833,0.4172587,0.2962982,0.1720000,1.000000,0.0044997,0.0035823
24,0.250000,0.4172649,0.2962979,0.1720000,1.000000,0.0044997,0.0035822
24,0.254167,0.4172716,0.2962981,0.1720000,1.000000,0.0044997,0.0035823
24,0.258333,0.4172781,0.2962981,0.1720000,1.000000,0.0044997,0.0035823
24,0.262500,0.4172850,0.2962982,0.1720000,1.000000,0.0044997,0.0035824
24,0.266667,0.4172918,0.2962981,0.1720000,1.000000,0.0044997,0.0035823
24,0.270833,0.4172989,0.2962982,0.1720000,1.000000,0.0044997,0.0035824
24,0.275000,0.4173058,0.2962981,0.1720000,1.000000,0.0044997,0.0035823
24,0.279167,0.4173132,0.2962982,0.1720000,1.000000,0.0044997,0.0035824
24,0.283333,0.4173205,0.2962980,0.1720000,1.000000,0.0044997,0.0035822
24,0.287500,0.4173280,0.2962982,0.1720000,1.000000,0.0044997,0.0035823
24,0.291667,0.4173354,0.2962980,0.1720000,1.000000,0.0044997,0.0035822
24,0.295833,0.4173432,0.2962982,0.1720000,1.000000,0.0044997,0.0035823
24,0.300000,0.4173510,0.2962980,0.1720000,1.000000,0.0044997,0.0035822
24,0.304167,0.4173590,0.2962981,0.1720000,1.000000,0.0044997,0.0035823
24,0.308333,0.4173670,0.2962979,0.1720000,1.000000,0.0044997,0.0035822
24,0.312500,0.4173751,0.2962981,0.1720000,1.000000,0.0044997,0.0035824
24,0.316667,0.4173833,0.2962981,0.1720000,1.000000,0.0044997,0.0035822
24,0.320833,0.4173918,0.2962981,0.1720000,1.000000,0.0044997,0.0035823
24,0.325000,0.4174002,0.2962979,0.1720000,1.000000,0.0044997,0.0035822
24,0.329167,0.4174089,0.2962982,0.1720000,1.000000,0.0044997,0.0035823
24,0.333333,0.4174176,0.2962981,0.1720000,1.000000,0.0044997,0.0035823
24,0.337500,0.4174266,0.2962982,0.1720000,1.000000,0.0044997,0.0035824
24,0.341667,0.4174354,0.2962981,0.1720000,1.000000,0.0044997,0.0035823
24,0.345833,0.4174447,0.2962982,0.1720000,1.000000,0.0044997,0.0035824
24,0.350000,0.4174539,0.2962981,0.1720000,1.000000,0.0044997,0.0035823
24,0.354167,0.4174632,0.2962982,0.1720000,1.000000,0.0044997,0.0035824
24,0.358333,0.4174726,0.2962981,0.1720000,1.000000,0.0044997,0.0035823
24,0.362500,0.4174823,0.2962982,0.1720000,1.000000,0.0044997,0.0035824
24,0.366667,0.4174918,0.2962981,0.1720000,1.000000,0.0044997,0.0035822
24,0.370833,0.4175018,0.2962981,0.1720000,1.000000,0.0044997,0.0035824
24,0.375000,0.4175116,0.2962981,0.1720000,1.000000,0.0044997,0.0035823
24,0.379167,0.4175217,0.2962981,0.1720000,1.000000,0.0044997,0.0035824
24,0.383333,0.4175317,0.2962981,0.1720000,1.000000,0.0044997,0.0035822
24,0.387500,0.4175421,0.2962981,0.1720000,1.000000,0.0044997,0.0035824
24,0.391667,0.4175524,0.2962979,0.1720000,1.000000,0.0044997,0.0035822
24,0.395833,0.4175630,0.2962982,0.1720000,1.000000,0.0044997,0.0035824
24,0.400000,0.4175736,0.2962981,0.1720000,1.000000,0.0044997,0.0035823
24,0.404167,0.4175844,0.2962982,0.1720000,1.000000,0.0044997,0.0035824
24,0.408333,0.4175951,0.2962981,0.1720000,1.000000,0.0044997,0.0035823
24,0.412500,0.4176062,0.2962982,0.1720000,1.000000,0.0044997,0.0035824
24,0.416667,0.4176172,0.2962981,0.1720000,1.000000,0.0044997,0.0035823
24,0.420833,0.4176286,0.2962982,0.1720000,1.000000,0.0044997,0.0035824
24,0.425000,0.4176398,0.2962981,0.1720000,1.000000,0.0044997,0.0035823
24,0.429167,0.4176513,0.2962982,0.1720000,1.000000,0.0044997,0.0035824
24,0.433333,0.4176628,0.2962981,0.1720000,1.000000,0.0044997,0.0035823
24,0.437500,0.4176746,0.2962981,0.1720000,1.000000,0.0044997,0.0035824
24,0.441667,0.4176863,0.2962981,0.1720000,1.000000,0.0044997,0.0035823
24,0.445833,0.4176984,0.2962982,0.1720000,1.000000,0.0044997,0.0035824
24,0.450000,0.4177103,0.2962981,0.1720000,1.000000,0.0044997,0.0035824
24,0.454167,0.4177227,0.2962982,0.1720000,1.000000,0.0044997,0.0035825
24,0.458333,0.4177348,0.2962981,0.1720000,1.000000,0.0044997,0.0035823
24,0.462500,0.4177473,0.2962982,0.1720000,1.000000,0.0044997,0.0035825
24,0.466667,0.4177598,0.2962981,0.1720000,1.000000,0.0044997,0.0035823
24,0.470833,0.4177724,0.2962981,0.1720000,1.000000,0.0044997,0.0035824
24,0.475000,0.4177852,0.2962981,0.1720000,1.000000,0.0044997,0.0035823
24,0.479167,0.4177982,0.2962981,0.1720000,1.000000,0.0044997,0.0035824
24,0.483333,0.4178110,0.2962981,0.1720000,1.000000,0.0044997,0.0035822
24,0.487500,0.4178242,0.2962982,0.1720000,1.000000,0.0044997,0.0035824
24,0.491667,0.4178373,0.2962980,0.1720000,1.000000,0.0044997,0.0035823
24,0.495833,0.4178508,0.2962981,0.1720000,1.000000,0.0044997,0.0035824
24,0.500000,0.4178642,0.2962981,0.1720000,1.000000,0.0044997,0.0035823
24,0.504167,0.4178778,0.2962982,0.1720000,1.000000,0.0044997,0.0035824
24,0.508333,0.4178914,0.2962981,0.1720000,1.000000,0.0044997,0.0035823
24,0.512500,0.4179054,0.2962982,0.1720000,1.000000,0.0044997,0.0035824
24,0.516667,0.4179192,0.2962980,0.1720000,1.000000,0.0044997,0.0035823
24,0.520833,0.4179334,0.2962982,0.1720000,1.000000,0.0044997,0.0035825
24,0.525000,0.4179475,0.2962981,0.1720000,1.000000,0.0044997,0.0035823
24,0.529167,0.4179618,0.2962982,0.1720000,1.000000,0.0044997,0.0035824
24,0.533333,0.4179761,0.2962980,0.1720000,1.000000,0.0044997,0.0035823
24,0.537500,0.4179907,0.2962981,0.1720000,1.000000,0.0044997,0.0035824
24,0.541667,0.4180052,0.2962981,0.1720000,1.000000,0.0044997,0.0035822
24,0.545833,0.4180201,0.2962982,0.1720000,1.000000,0.0044997,0.0035824
24,0.550000,0.4180349,0.2962981,0.1720000,1.000000,0.0044997,0.0035823
24,0.554167,0.4180500,0.2962982,0.1720000,1.000000,0.0044997,0.0035823
24,0.558333,0.4180650,0.2962980,0.1720000,1.000000,0.0044997,0.0035822
24,0.562500,0.4180804,0.2962981,0.1720000,1.000000,0.0044997,0.0035823
24,0.566667,0.4180955,0.2962981,0.1720000,1.000000,0.0044997,0.0035822
24,0.570833,0.4181111,0.2962982,0.1720000,1.000000,0.0044997,0.0035824
24,0.575000,0.4181267,0.2962981,0.1720000,1.000000,0.0044997,0.0035823
24,0.579167,0.4181425,0.2962982,0.1720000,1.000000,0.0044997,0.0035824
24,0.583333,0.4181581,0.2962981,0.1720000,1.000000,0.0044997,0.0035822
24,0.587500,0.4181741,0.2962981,0.1720000,1.000000,0.0044997,0.0035824
24,0.591667,0.4181900,0.2962981,0.1720000,1.000000,0.0044997,0.0035823
24,0.595833,0.4182063,0.2962982,0.1720000,1.000000,0.0044997,0.0035824
24,0.600000,0.4182224,0.2962980,0.1720000,1.000000,0.0044997,0.0035823
24,0.604167,0.4182389,0.2962981,0.1720000,1.000000,0.0044997,0.0035825
24,0.608333,0.4182553,0.2962981,0.1720000,1.000000,0.0044997,0.0035823
24,0.612500,0.4182720,0.2962982,0.1720000,1.000000,0.0044997,0.0035825
24,0.616667,0.4182886,0.2962981,0.1720000,1.000000,0.0044997,0.0035824
24,0.620833,0.4183056,0.2962982,0.1720000,1.000000,0.0044997,0.0035825
24,0.625000,0.4183224,0.2962982,0.1720000,1.000000,0.0044997,0.0035823
24,0.629167,0.4183395,0.2962982,0.1720000,1.000000,0.0044997,0.0035824
24,0.633333,0.4183565,0.2962980,0.1720000,1.000000,0.0044997,0.0035823
24,0.637500,0.4183739,0.2962982,0.1720000,1.000000,0.0044997,0.0035824
24,0.641667,0.4183913,0.2962981,0.1720000,1.000000,0.0044997,0.0035824
24,0.645833,0.4184088,0.2962982,0.1720000,1.000000,0.0044997,0.0035824
24,0.650000,0.4184262,0.2962980,0.1720000,1.000000,0.0044997,0.0035823
24,0.654167,0.4184441,0.2962981,0.1720000,1.000000,0.0044997,0.0035824
24,0.658333,0.4184618,0.2962980,0.1720000,1.000000,0.0044997,0.0035823
24,0.662500,0.4184798,0.2962981,0.1720000,1.000000,0.0044997,0.0035824
24,0.666667,0.4184978,0.2962981,0.1720000,1.000000,0.0044997,0.0035823
24,0.670833,0.4185161,0.2962981,0.1720000,1.000000,0.0044997,0.0035824
24,0.675000,0.4185343,0.2962981,0.1720000,1.000000,0.0044997,0.0035823
24,0.679167,0.4185527,0.2962981,0.1720000,1.000000,0.0044997,0.0035824
24,0.683333,0.4185711,0.2962981,0.1720000,1.000000,0.0044997,0.0035822
24,0.687500,0.4185897,0.2962981,0.1720000,1.000000,0.0044997,0.0035823
24,0.691667,0.4186084,0.2962980,0.1720000,1.000000,0.0044997,0.0035822
24,0.695833,0.4186273,0.2962982,0.1720000,1.000000,0.0044997,0.0035824
24,0.700000,0.4186461,0.2962981,0.1720000,1.000000,0.0044997,0.0035823
24,0.704167,0.4186653,0.2962982,0.1720000,1.000000,0.0044997,0.0035824
24,0.708333,0.4186842,0.2962981,0.1720000,1.000000,0.0044997,0.0035823
24,0.712500,0.4187036,0.2962981,0.1720000,1.000000,0.0044997,0.0035824
24,0.716667,0.4187229,0.2962981,0.1720000,1.000000,0.0044997,0.0035822
24,0.720833,0.4187424,0.2962981,0.1720000,1.000000,0.0044997,0.0035823
24,0.725000,0.4187618,0.2962981,0.1720000,1.000000,0.0044997,0.0035823
24,0.729167,0.4187816,0.2962981,0.1720000,1.000000,0.0044997,0.0035824
24,0.733333,0.4188013,0.2962981,0.1720000,1.000000,0.0044997,0.0035823
24,0.737500,0.4188213,0.2962982,0.1720000,1.000000,0.0044997,0.0035824
24,0.741667,0.4188412,0.2962981,0.1720000,1.000000,0.0044997,0.0035823
24,0.745833,0.4188613,0.2962982,0.1720000,1.000000,0.0044997,0.0035825
24,0.750000,0.4188813,0.2962981,0.1720000,1.000000,0.0044997,0.0035823
24,0.754167,0.4189017,0.2962981,0.1720000,1.000000,0.0044997,0.0035824
24,0.758333,0.4189219,0.2962980,0.1720000,1.000000,0.0044997,0.0035823
24,0.762500,0.4189425,0.2962981,0.1720000,1.000000,0.0044997,0.0035824
24,0.766667,0.4189630,0.2962980,0.1720000,1.000000,0.0044997,0.0035823
24,0.770833,0.4189836,0.2962982,0.1720000,1.000000,0.0044997,0.0035824
24,0.775000,0.4190045,0.2962982,0.1720000,1.000000,0.0044997,0.0035824
24,0.779167,0.4190254,0.2962982,0.1720000,1.000000,0.0044997,0.0035825
24,0.783333,0.4190463,0.2962981,0.1720000,1.000000,0.0044997,0.0035823
24,0.787500,0.4190674,0.2962982,0.1720000,1.000000,0.0044997,0.0035824
24,0.791667,0.4190885,0.2962981,0.1720000,1.000000,0.0044997,0.0035822
24,0.795833,0.4191097,0.2962981,0.1720000,1.000000,0.0044997,0.0035824
24,0.800000,0.4191311,0.2962981,0.1720000,1.000000,0.0044997,0.0035823
24,0.804167,0.4191527,0.2962982,0.1720000,1.000000,0.0044997,0.0035824
24,0.808333,0.4191741,0.2962981,0.1720000,1.000000,0.0044997,0.0035823
24,0.812500,0.4191958,0.2962982,0.1720000,1.000000,0.0044997,0.0035824
24,0.816667,0.4192176,0.2962981,0.1720000,1.000000,0.0044997,0.0035823
24,0.820833,0.4192394,0.2962982,0.1720000,1.000000,0.0044997,0.0035824
24,0.825000,0.4192614,0.2962981,0.1720000,1.000000,0.0044997,0.0035823
24,0.829167,0.4192834,0.2962981,0.1720000,1.000000,0.0044997,0.0035824
24,0.833333,0.4193055,0.2962980,0.1720000,1.000000,0.0044997,0.0035823
24,0.837500,0.4193277,0.2962982,0.1720000,1.000000,0.0044997,0.0035824
24,0.841667,0.4193500,0.2962981,0.1720000,1.000000,0.0044997,0.0035823
24,0.845833,0.4193724,0.2962981,0.1720000,1.000000,0.0044997,0.0035824
24,0.850000,0.4193948,0.2962981,0.1720000,1.000000,0.0044997,0.0035822
24,0.854167,0.4194174,0.2962982,0.1720000,1.000000,0.0044997,0.0035823
24,0.858333,0.4194401,0.2962980,0.1720000,1.000000,0.0044997,0.0035822
24,0.862500,0.4194629,0.2962982,0.1720000,1.000000,0.0044997,0.0035824
24,0.866667,0.4194857,0.2962980,0.1720000,1.000000,0.0044997,0.0035823
24,0.870833,0.4195087,0.2962982,0.1720000,1.000000,0.0044997,0.0035824
24,0.875000,0.4195316,0.2962980,0.1720000,1.000000,0.0044997,0.0035823
24,0.879167,0.4195547,0.2962982,0.1720000,1.000000,0.0044997,0.0035824
24,0.883333,0.4195779,0.2962979,0.1720000,1.000000,0.0044997,0.0035822
24,0.887500,0.4196012,0.2962981,0.1720000,1.000000,0.0044997,0.0035823
24,0.891667,0.4196245,0.2962979,0.1720000,1.000000,0.0044997,0.0035822
24,0.895833,0.4196481,0.2962981,0.1720000,1.000000,0.0044997,0.0035823
24,0.900000,0.4196716,0.2962981,0.1720000,1.000000,0.0044997,0.0035823
24,0.904167,0.4196952,0.2962981,0.1720000,1.000000,0.0044997,0.0035823
24,0.908333,0.4197188,0.2962979,0.1720000,1.000000,0.0044997,0.0035822
24,0.912500,0.4197427,0.2962981,0.1720000,1.000000,0.0044997,0.0035823
24,0.916667,0.4197665,0.2962981,0.1720000,1.000000,0.0044997,0.0035822
24,0.920833,0.4197904,0.2962981,0.1720000,1.000000,0.0044997,0.0035824
24,0.925000,0.4198144,0.2962981,0.1720000,1.000000,0.0044997,0.0035822
24,0.929167,0.4198385,0.2962981,0.1720000,1.000000,0.0044997,0.0035823
24,0.933333,0.4198626,0.2962981,0.1720000,1.000000,0.0044997,0.0035822
24,0.937500,0.4198870,0.2962981,0.1720000,1.000000,0.0044997,0.0035824
24,0.941667,0.4199113,0.2962980,0.1720000,1.000000,0.0044997,0.0035823
24,0.945833,0.4199358,0.2962981,0.1720000,1.000000,0.0044997,0.0035824
24,0.950000,0.4199602,0.2962981,0.1720000,1.000000,0.0044997,0.0035823
24,0.954167,0.4199848,0.2962982,0.1720000,1.000000,0.0044997,0.0035823
24,0.958333,0.4200093,0.2962981,0.1720000,1.000000,0.0044997,0.0035822
24,0.962500,0.4200341,0.2962981,0.1720000,1.000000,0.0044997,0.0035824
24,0.966667,0.4200588,0.2962980,0.1720000,1.000000,0.0044997,0.0035823
24,0.970833,0.4200838,0.2962981,0.1720000,1.000000,0.0044997,0.0035824
24,0.975000,0.4201086,0.2962981,0.1720000,1.000000,0.0044997,0.0035823
24,0.979167,0.4201337,0.2962982,0.1720000,1.000000,0.0044997,0.0035824
24,0.983333,0.4201587,0.2962982,0.1720000,1.000000,0.0044997,0.0035823
24,0.987500,0.4201838,0.2962982,0.1720000,1.000000,0.0044997,0.0035823
24,0.991667,0.4202090,0.2962981,0.1720000,1.000000,0.0044997,0.0035823
24,0.995833,0.4202343,0.2962982,0.1720000,1.000000,0.0044997,0.0035823
24,1.000000,0.4202595,0.2962981,0.1720000,1.000000,0.0044997,0.0035822
24,1.004167,0.4202851,0.2962982,0.1720000,1.000000,0.0044997,0.0035823
24,1.008333,0.4203105,0.2962981,0.1720000,1.000000,0.0044997,0.0035822
24,1.012500,0.4203360,0.2962981,0.1720000,1.000000,0.0044997,0.0035823
24,1.016667,0.4203616,0.2962981,0.1720000,1.000000,0.0044997,0.0035823
24,1.020833,0.4203873,0.2962981,0.1720000,1.000000,0.0044997,0.0035823
24,1.025000,0.4204130,0.2962981,0.1720000,1.000000,0.0044997,0.0035823
24,1.029167,0.4204388,0.2962981,0.1720000,1.000000,0.0044997,0.0035823
24,1.033333,0.4204646,0.2962981,0.1720000,1.000000,0.0044997,0.0035823
24,1.037500,0.4204906,0.2962981,0.1720000,1.000000,0.0044997,0.0035824
24,1.041667,0.4205166,0.2962981,0.1720000,1.000000,0.0044997,0.0035823
24,1.045833,0.4205426,0.2962981,0.1720000,1.000000,0.0044997,0.0035824
24,1.050000,0.4205686,0.2962981,0.1720000,1.000000,0.0044997,0.0035822
24,1.054167,0.4205948,0.2962981,0.1720000,1.000000,0.0044997,0.0035823
24,1.058333,0.4206209,0.2962980,0.1720000,1.000000,0.0044997,0.0035821
24,1.062500,0.4206472,0.2962981,0.1720000,1.000000,0.0044997,0.0035822
24,1.066667,0.4206736,0.2962981,0.1720000,1.000000,0.0044997,0.0035823
24,1.070833,0.4207000,0.2962981,0.1720000,1.000000,0.0044997,0.0035822
24,1.075000,0.4207263,0.2962979,0.1720000,1.000000,0.0044997,0.0035821
24,1.079167,0.4207529,0.2962981,0.1720000,1.000000,0.0044997,0.0035823
24,1.083333,0.4207794,0.2962980,0.1720000,1.000000,0.0044997,0.0035823
24,1.087500,0.4208060,0.2962981,0.1720000,1.000000,0.0044997,0.0035823
24,1.091667,0.4208325,0.2962980,0.1720000,1.000000,0.0044997,0.0035822
24,1.095833,0.4208593,0.2962981,0.1720000,1.000000,0.0044997,0.0035823
24,1.100000,0.4208859,0.2962980,0.1720000,1.000000,0.0044997,0.0035823
24,1.104167,0.4209127,0.2962981,0.1720000,1.000000,0.0044997,0.0035823
24,1.108333,0.4209396,0.2962980,0.1720000,1.000000,0.0044997,0.0035823
24,1.112500,0.4209665,0.2962981,0.1720000,1.000000,0.0044997,0.0035823
24,1.116667,0.4209933,0.2962981,0.1720000,1.000000,0.0044997,0.0035823
24,1.120833,0.4210202,0.2962980,0.1720000,1.000000,0.0044997,0.0035823
24,1.125000,0.4210472,0.2962980,0.1720000,1.000000,0.0044997,0.0035822
24,1.129167,0.4210744,0.2962980,0.1720000,1.000000,0.0044997,0.0035823
24,1.133333,0.4211014,0.2962981,0.1720000,1.000000,0.0044997,0.0035823
24,1.137500,0.4211285,0.2962981,0.1720000,1.000000,0.0044997,0.0035824
24,1.141667,0.4211557,0.2962981,0.1720000,1.000000,0.0044997,0.0035823
24,1.145833,0.4211830,0.2962982,0.1720000,1.000000,0.0044997,0.0035823
24,1.150000,0.4212102,0.2962981,0.1720000,1.000000,0.0044997,0.0035823
24,1.154167,0.4212374,0.2962982,0.1720000,1.000000,0.0044997,0.0035823
24,1.158333,0.4212647,0.2962980,0.1720000,1.000000,0.0044997,0.0035822
24,1.162500,0.4212921,0.2962981,0.1720000,1.000000,0.0044997,0.0035822
24,1.166667,0.4213194,0.2962980,0.1720000,1.000000,0.0044997,0.0035823
24,1.170833,0.4213470,0.2962981,0.1720000,1.000000,0.0044997,0.0035823
24,1.175000,0.4213744,0.2962982,0.1720000,1.000000,0.0044997,0.0035823
24,1.179167,0.4214019,0.2962981,0.1720000,1.000000,0.0044997,0.0035823
24,1.183333,0.4214294,0.2962980,0.1720000,1.000000,0.0044997,0.0035823
24,1.187500,0.4214568,0.2962981,0.1720000,1.000000,0.0044997,0.0035823
24,1.191667,0.4214845,0.2962980,0.1720000,1.000000,0.0044997,0.0035822
24,1.195833,0.4215121,0.2962981,0.1720000,1.000000,0.0044997,0.0035822
24,1.200000,0.4215397,0.2962981,0.1720000,1.000000,0.0044997,0.0035823
24,1.204167,0.4215674,0.2962981,0.1720000,1.000000,0.0044997,0.0035823
24,1.208333,0.4215951,0.2962980,0.1720000,1.000000,0.0044997,0.0035822
24,1.212500,0.4216228,0.2962981,0.1720000,1.000000,0.0044997,0.0035822
24,1.216667,0.4216504,0.2962981,0.1720000,1.000000,0.0044997,0.0035823
24,1.220833,0.4216783,0.2962981,0.1720000,1.000000,0.0044997,0.0035823
24,1.225000,0.4217059,0.2962980,0.1720000,1.000000,0.0044997,0.0035822
24,1.229167,0.4217337,0.2962981,0.1720000,1.000000,0.0044997,0.0035823
24,1.233333,0.4217616,0.2962980,0.1720000,1.000000,0.0044997,0.0035823
24,1.237500,0.4217895,0.2962981,0.1720000,1.000000,0.0044997,0.0035823
24,1.241667,0.4218175,0.2962982,0.1720000,1.000000,0.0044997,0.0035823
24,1.245833,0.4218452,0.2962981,0.1720000,1.000000,0.0044997,0.0035823
24,1.250000,0.4218732,0.2962980,0.1720000,1.000000,0.0044997,0.0035823
24,1.254167,0.4219010,0.2962980,0.1720000,1.000000,0.0044997,0.0035823
24,1.258333,0.4219289,0.2962980,0.1720000,1.000000,0.0044997,0.0035823
24,1.262500,0.4219569,0.2962980,0.1720000,1.000000,0.0044997,0.0035823
24,1.266667,0.4219848,0.2962981,0.1720000,1.000000,0.0044997,0.0035823
24,1.270833,0.4220128,0.2962980,0.1720000,1.000000,0.0044997,0.0035823
24,1.275000,0.4220408,0.2962979,0.1720000,1.000000,0.0044997,0.0035822
24,1.279167,0.4220688,0.2962980,0.1720000,1.000000,0.0044997,0.0035823
24,1.283333,0.4220968,0.2962981,0.1720000,1.000000,0.0044997,0.0035823
24,1.287500,0.4221248,0.2962980,0.1720000,1.000000,0.0044997,0.0035823
24,1.291667,0.4221528,0.2962980,0.1720000,1.000000,0.0044997,0.0035823
24,1.295833,0.4221809,0.2962981,0.1720000,1.000000,0.0044997,0.0035823
24,1.300000,0.4222090,0.2962981,0.1720000,1.000000,0.0044997,0.0035823
24,1.304167,0.4222370,0.2962981,0.1720000,1.000000,0.0044997,0.0035823
24,1.308333,0.4222649,0.2962981,0.1720000,1.000000,0.0044997,0.0035823
24,1.312500,0.4222930,0.2962981,0.1720000,1.000000,0.0044997,0.0035823
24,1.316667,0.4223211,0.2962982,0.1720000,1.000000,0.0044997,0.0035823
24,1.320833,0.4223491,0.2962982,0.1720000,1.000000,0.0044997,0.0035823
24,1.325000,0.4223771,0.2962982,0.1720000,1.000000,0.0044997,0.0035823
24,1.329167,0.4224052,0.2962981,0.1720000,1.000000,0.0044997,0.0035823
24,1.333333,0.4224332,0.2962981,0.1720000,1.000000,0.0044997,0.0035823
24,1.337500,0.4224612,0.2962981,0.1720000,1.000000,0.0044997,0.0035824
24,1.341667,0.4224893,0.2962981,0.1720000,1.000000,0.0044997,0.0035823
24,1.345833,0.4225172,0.2962981,0.1720000,1.000000,0.0044997,0.0035823
24,1.350000,0.4225454,0.2962982,0.1720000,1.000000,0.0044997,0.0035823
24,1.354167,0.4225732,0.2962981,0.1720000,1.000000,0.0044997,0.0035823
24,1.358333,0.4226013,0.2962981,0.1720000,1.000000,0.0044997,0.0035822
24,1.362500,0.4226294,0.2962980,0.1720000,1.000000,0.0044997,0.0035823
24,1.366667,0.4226573,0.2962981,0.1720000,1.000000,0.0044997,0.0035823
24,1.370833,0.4226853,0.2962982,0.1720000,1.000000,0.0044997,0.0035823
24,1.375000,0.4227134,0.2962981,0.1720000,1.000000,0.0044997,0.0035824
24,1.379167,0.4227413,0.2962982,0.1720000,1.000000,0.0044997,0.0035823
24,1.383333,0.4227692,0.2962981,0.1720000,1.000000,0.0044997,0.0035824
24,1.387500,0.4227972,0.2962981,0.1720000,1.000000,0.0044997,0.0035823
24,1.391667,0.4228252,0.2962981,0.1720000,1.000000,0.0044997,0.0035823
24,1.395833,0.4228530,0.2962981,0.1720000,1.000000,0.0044997,0.0035823
24,1.400000,0.4228808,0.2962981,0.1720000,1.000000,0.0044997,0.0035823
24,1.404167,0.4229088,0.2962981,0.1720000,1.000000,0.0044997,0.0035823
24,1.408333,0.4229367,0.2962981,0.1720000,1.000000,0.0044997,0.0035824
24,1.412500,0.4229645,0.2962981,0.1720000,1.000000,0.0044997,0.0035823
24,1.416667,0.4229923,0.2962981,0.1720000,1.000000,0.0044997,0.0035823
24,1.420833,0.4230200,0.2962980,0.1720000,1.000000,0.0044997,0.0035823
24,1.425000,0.4230478,0.2962981,0.1720000,1.000000,0.0044997,0.0035822
24,1.429167,0.4230755,0.2962981,0.1720000,1.000000,0.0044997,0.0035823
24,1.433333,0.4231032,0.2962981,0.1720000,1.000000,0.0044997,0.0035823
24,1.437500,0.4231310,0.2962981,0.1720000,1.000000,0.0044997,0.0035823
24,1.441667,0.4231587,0.2962981,0.1720000,1.000000,0.0044997,0.0035823
24,1.445833,0.4231862,0.2962981,0.1720000,1.000000,0.0044997,0.0035823
24,1.450000,0.4232139,0.2962981,0.1720000,1.000000,0.0044997,0.0035822
24,1.454167,0.4232414,0.2962981,0.1720000,1.000000,0.0044997,0.0035823
24,1.458333,0.4232690,0.2962981,0.1720000,1.000000,0.0044997,0.0035823
24,1.462500,0.4232965,0.2962981,0.1720000,1.000000,0.0044997,0.0035823
24,1.466667,0.4233241,0.2962981,0.1720000,1.000000,0.0044997,0.0035823
24,1.470833,0.4233514,0.2962981,0.1720000,1.000000,0.0044997,0.0035823
24,1.475000,0.4233789,0.2962981,0.1720000,1.000000,0.0044997,0.0035823
24,1.479167,0.4234062,0.2962979,0.1720000,1.000000,0.0044997,0.0035823
24,1.483333,0.4234336,0.2962980,0.1720000,1.000000,0.0044997,0.0035822
24,1.487500,0.4234609,0.2962979,0.1720000,1.000000,0.0044997,0.0035822
24,1.491667,0.4234883,0.2962980,0.1720000,1.000000,0.0044997,0.0035823
24,1.495833,0.4235154,0.2962980,0.1720000,1.000000,0.0044997,0.0035822
24,1.500000,0.4235427,0.2962981,0.1720000,1.000000,0.0044997,0.0035823
24,1.504167,0.4235698,0.2962980,0.1720000,1.000000,0.0044997,0.0035823
24,1.508333,0.4235969,0.2962981,0.1720000,1.000000,0.0044997,0.0035823
24,1.512500,0.4236239,0.2962981,0.1720000,1.000000,0.0044997,0.0035822
24,1.516667,0.4236510,0.2962981,0.1720000,1.000000,0.0044997,0.0035823
24,1.520833,0.4236780,0.2962981,0.1720000,1.000000,0.0044997,0.0035822
24,1.525000,0.4237050,0.2962981,0.1720000,1.000000,0.0044997,0.0035823
24,1.529167,0.4237318,0.2962981,0.1720000,1.000000,0.0044997,0.0035822
24,1.533333,0.4237588,0.2962980,0.1720000,1.000000,0.0044997,0.0035823
24,1.537500,0.4237855,0.2962981,0.1720000,1.000000,0.0044997,0.0035822
24,1.541667,0.4238124,0.2962981,0.1720000,1.000000,0.0044997,0.0035823
24,1.545833,0.4238390,0.2962981,0.1720000,1.000000,0.0044997,0.0035822
24,1.550000,0.4238656,0.2962981,0.1720000,1.000000,0.0044997,0.0035822
24,1.554167,0.4238923,0.2962981,0.1720000,1.000000,0.0044997,0.0035823
24,1.558333,0.4239189,0.2962981,0.1720000,1.000000,0.0044997,0.0035823
24,1.562500,0.4239454,0.2962980,0.1720000,1.000000,0.0044997,0.0035822
24,1.566667,0.4239719,0.2962981,0.1720000,1.000000,0.0044997,0.0035823
24,1.570833,0.4239982,0.2962980,0.1720000,1.000000,0.0044997,0.0035822
24,1.575000,0.4240246,0.2962980,0.1720000,1.000000,0.0044997,0.0035823
24,1.579167,0.4240509,0.2962980,0.1720000,1.000000,0.0044997,0.0035822
24,1.583333,0.4240773,0.2962981,0.1720000,1.000000,0.0044997,0.0035823
24,1.587500,0.4241033,0.2962981,0.1720000,1.000000,0.0044997,0.0035822
24,1.591667,0.4241295,0.2962981,0.1720000,1.000000,0.0044997,0.0035823
24,1.595833,0.4241555,0.2962980,0.1720000,1.000000,0.0044997,0.0035822
24,1.600000,0.4241816,0.2962981,0.1720000,1.000000,0.0044997,0.0035823
24,1.604167,0.4242075,0.2962980,0.1720000,1.000000,0.0044997,0.0035822
24,1.608333,0.4242335,0.2962981,0.1720000,1.000000,0.0044997,0.0035823
24,1.612500,0.4242591,0.2962981,0.1720000,1.000000,0.0044997,0.0035823
24,1.616667,0.4242849,0.2962981,0.1720000,1.000000,0.0044997,0.0035823
24,1.620833,0.4243106,0.2962980,0.1720000,1.000000,0.0044997,0.0035822
24,1.625000,0.4243363,0.2962981,0.1720000,1.000000,0.0044997,0.0035823
24,1.629167,0.4243618,0.2962981,0.1720000,1.000000,0.0044997,0.0035822
24,1.633333,0.4243873,0.2962981,0.1720000,1.000000,0.0044997,0.0035823
24,1.637500,0.4244127,0.2962980,0.1720000,1.000000,0.0044997,0.0035823
24,1.641667,0.4244381,0.2962982,0.1720000,1.000000,0.0044997,0.0035823
24,1.645833,0.4244634,0.2962981,0.1720000,1.000000,0.0044997,0.0035822
24,1.650000,0.4244886,0.2962981,0.1720000,1.000000,0.0044997,0.0035822
24,1.654167,0.4245137,0.2962979,0.1720000,1.000000,0.0044997,0.0035821
24,1.658333,0.4245387,0.2962979,0.1720000,1.000000,0.0044997,0.0035821
24,1.662500,0.4245637,0.2962978,0.1720000,1.000000,0.0044997,0.0035821
24,1.666667,0.4245888,0.2962981,0.1720000,1.000000,0.0044997,0.0035822
24,1.670833,0.4246137,0.2962981,0.1720000,1.000000,0.0044997,0.0035822
24,1.675000,0.4246385,0.2962981,0.1720000,1.000000,0.0044997,0.0035822
24,1.679167,0.4246631,0.2962980,0.1720000,1.000000,0.0044997,0.0035822
24,1.683333,0.4246877,0.2962981,0.1720000,1.000000,0.0044997,0.0035823
24,1.687500,0.4247122,0.2962979,0.1720000,1.000000,0.0044997,0.0035822
24,1.691667,0.4247367,0.2962980,0.1720000,1.000000,0.0044997,0.0035823
24,1.695833,0.4247611,0.2962980,0.1720000,1.000000,0.0044997,0.0035822
24,1.700000,0.4247855,0.2962981,0.1720000,1.000000,0.0044997,0.0035823
24,1.704167,0.4248096,0.2962979,0.1720000,1.000000,0.0044997,0.0035822
24,1.708333,0.4248338,0.2962980,0.1720000,1.000000,0.0044997,0.0035823
24,1.712500,0.4248578,0.2962980,0.1720000,1.000000,0.0044997,0.0035822
24,1.716667,0.4248819,0.2962980,0.1720000,1.000000,0.0044997,0.0035823
24,1.720833,0.4249057,0.2962980,0.1720000,1.000000,0.0044997,0.0035822
24,1.725000,0.4249296,0.2962980,0.1720000,1.000000,0.0044997,0.0035823
24,1.729167,0.4249533,0.2962980,0.1720000,1.000000,0.0044997,0.0035822
24,1.733333,0.4249770,0.2962981,0.1720000,1.000000,0.0044997,0.0035823
24,1.737500,0.4250005,0.2962979,0.1720000,1.000000,0.0044997,0.0035822
24,1.741667,0.4250239,0.2962979,0.1720000,1.000000,0.0044997,0.0035822
24,1.745833,0.4250473,0.2962980,0.1720000,1.000000,0.0044997,0.0035822
24,1.750000,0.4250708,0.2962981,0.1720000,1.000000,0.0044997,0.0035823
24,1.754167,0.4250939,0.2962980,0.1720000,1.000000,0.0044997,0.0035822
24,1.758333,0.4251171,0.2962981,0.1720000,1.000000,0.0044997,0.0035823
24,1.762500,0.4251400,0.2962980,0.1720000,1.000000,0.0044997,0.0035822
24,1.766667,0.4251630,0.2962981,0.1720000,1.000000,0.0044997,0.0035823
24,1.770833,0.4251858,0.2962980,0.1720000,1.000000,0.0044997,0.0035822
24,1.775000,0.4252087,0.2962981,0.1720000,1.000000,0.0044997,0.0035823
24,1.779167,0.4252313,0.2962980,0.1720000,1.000000,0.0044997,0.0035822
24,1.783333,0.4252540,0.2962981,0.1720000,1.000000,0.0044997,0.0035823
24,1.787500,0.4252763,0.2962981,0.1720000,1.000000,0.0044997,0.0035823
24,1.791667,0.4252988,0.2962981,0.1720000,1.000000,0.0044997,0.0035824
24,1.795833,0.4253210,0.2962981,0.1720000,1.000000,0.0044997,0.0035822
24,1.800000,0.4253432,0.2962981,0.1720000,1.000000,0.0044997,0.0035823
24,1.804167,0.4253652,0.2962980,0.1720000,1.000000,0.0044997,0.0035822
24,1.808333,0.4253873,0.2962982,0.1720000,1.000000,0.0044997,0.0035823
24,1.812500,0.4254091,0.2962980,0.1720000,1.000000,0.0044997,0.0035822
24,1.816667,0.4254310,0.2962981,0.1720000,1.000000,0.0044997,0.0035822
24,1.820833,0.4254526,0.2962979,0.1720000,1.000000,0.0044997,0.0035822
24,1.825000,0.4254743,0.2962980,0.1720000,1.000000,0.0044997,0.0035822
24,1.829167,0.4254957,0.2962979,0.1720000,1.000000,0.0044997,0.0035821
24,1.833333,0.4255172,0.2962980,0.1720000,1.000000,0.0044997,0.0035823
24,1.837500,0.4255384,0.2962979,0.1720000,1.000000,0.0044997,0.0035821
24,1.841667,0.4255596,0.2962979,0.1720000,1.000000,0.0044997,0.0035822
24,1.845833,0.4255807,0.2962980,0.1720000,1.000000,0.0044997,0.0035822
24,1.850000,0.4256018,0.2962981,0.1720000,1.000000,0.0044997,0.0035823
24,1.854167,0.4256226,0.2962979,0.1720000,1.000000,0.0044997,0.0035822
24,1.858333,0.4256435,0.2962981,0.1720000,1.000000,0.0044997,0.0035823
24,1.862500,0.4256640,0.2962979,0.1720000,1.000000,0.0044997,0.0035822
24,1.866667,0.4256847,0.2962981,0.1720000,1.000000,0.0044997,0.0035823
24,1.870833,0.4257050,0.2962979,0.1720000,1.000000,0.0044997,0.0035822
24,1.875000,0.4257255,0.2962982,0.1720000,1.000000,0.0044997,0.0035823
24,1.879167,0.4257458,0.2962980,0.1720000,1.000000,0.0044997,0.0035822
24,1.883333,0.4257660,0.2962981,0.1720000,1.000000,0.0044997,0.0035824
24,1.887500,0.4257858,0.2962980,0.1720000,1.000000,0.0044997,0.0035822
24,1.891667,0.4258059,0.2962981,0.1720000,1.000000,0.0044997,0.0035823
24,1.895833,0.4258254,0.2962980,0.1720000,1.000000,0.0044997,0.0035822
24,1.900000,0.4258454,0.2962981,0.1720000,1.000000,0.0044997,0.0035823
24,1.904167,0.4258648,0.2962980,0.1720000,1.000000,0.0044997,0.0035822
24,1.908333,0.4258844,0.2962981,0.1720000,1.000000,0.0044997,0.0035823
24,1.912500,0.4259037,0.2962979,0.1720000,1.000000,0.0044997,0.0035822
24,1.916667,0.4259230,0.2962981,0.1720000,1.000000,0.0044997,0.0035824
24,1.920833,0.4259420,0.2962979,0.1720000,1.000000,0.0044997,0.0035822
24,1.925000,0.4259611,0.2962979,0.1720000,1.000000,0.0044997,0.0035822
24,1.929167,0.4259800,0.2962979,0.1720000,1.000000,0.0044997,0.0035822
24,1.933333,0.4259989,0.2962981,0.1720000,1.000000,0.0044997,0.0035824
24,1.937500,0.4260175,0.2962980,0.1720000,1.000000,0.0044997,0.0035822
24,1.941667,0.4260361,0.2962981,0.1720000,1.000000,0.0044997,0.0035823
24,1.945833,0.4260545,0.2962979,0.1720000,1.000000,0.0044997,0.0035822
24,1.950000,0.4260729,0.2962980,0.1720000,1.000000,0.0044997,0.0035822
24,1.954167,0.4260911,0.2962981,0.1720000,1.000000,0.0044997,0.0035822
24,1.958333,0.4261093,0.2962981,0.1720000,1.000000,0.0044997,0.0035823
24,1.962500,0.4261271,0.2962980,0.1720000,1.000000,0.0044997,0.0035822
24,1.966667,0.4261452,0.2962981,0.1720000,1.000000,0.0044997,0.0035823
24,1.970833,0.4261627,0.2962979,0.1720000,1.000000,0.0044997,0.0035822
24,1.975000,0.4261804,0.2962980,0.1720000,1.000000,0.0044997,0.0035822
24,1.979167,0.4261979,0.2962980,0.1720000,1.000000,0.0044997,0.0035821
24,1.983333,0.4262154,0.2962980,0.1720000,1.000000,0.0044997,0.0035823
24,1.987500,0.4262326,0.2962979,0.1720000,1.000000,0.0044997,0.0035822
24,1.991667,0.4262499,0.2962981,0.1720000,1.000000,0.0044997,0.0035823
24,1.995833,0.4262667,0.2962979,0.1720000,1.000000,0.0044997,0.0035822
24,2.000000,0.4262838,0.2962981,0.1720000,1.000000,0.0044997,0.0035823
24,2.004167,0.4263004,0.2962980,0.1720000,1.000000,0.0044997,0.0035822
24,2.008333,0.4263173,0.2962981,0.1720000,1.000000,0.0044997,0.0035823
24,2.012500,0.4263337,0.2962980,0.1720000,1.000000,0.0044997,0.0035822
24,2.016667,0.4263503,0.2962981,0.1720000,1.000000,0.0044997,0.0035823
24,2.020833,0.4263665,0.2962980,0.1720000,1.000000,0.0044997,0.0035822
24,2.025000,0.4263828,0.2962981,0.1720000,1.000000,0.0044997,0.0035823
24,2.029167,0.4263986,0.2962979,0.1720000,1.000000,0.0044997,0.0035822
24,2.033333,0.4264148,0.2962980,0.1720000,1.000000,0.0044997,0.0035823
24,2.037500,0.4264303,0.2962980,0.1720000,1.000000,0.0044997,0.0035822
24,2.041667,0.4264462,0.2962982,0.1720000,1.000000,0.0044997,0.0035823
24,2.045833,0.4264615,0.2962980,0.1720000,1.000000,0.0044997,0.0035821
24,2.050000,0.4264771,0.2962980,0.1720000,1.000000,0.0044997,0.0035822
24,2.054167,0.4264924,0.2962980,0.1720000,1.000000,0.0044997,0.0035821
24,2.058333,0.4265078,0.2962981,0.1720000,1.000000,0.0044997,0.0035823
24,2.062500,0.4265226,0.2962979,0.1720000,1.000000,0.0044997,0.0035822
24,2.066667,0.4265376,0.2962981,0.1720000,1.000000,0.0044997,0.0035823
24,2.070833,0.4265524,0.2962979,0.1720000,1.000000,0.0044997,0.0035822
24,2.075000,0.4265672,0.2962980,0.1720000,1.000000,0.0044997,0.0035823
24,2.079167,0.4265817,0.2962980,0.1720000,1.000000,0.0044997,0.0035822
24,2.083333,0.4265962,0.2962982,0.1720000,1.000000,0.0044997,0.0035823
24,2.087500,0.4266102,0.2962979,0.1720000,1.000000,0.0044997,0.0035821
24,2.091667,0.4266246,0.2962981,0.1720000,1.000000,0.0044997,0.0035823
24,2.095833,0.4266385,0.2962979,0.1720000,1.000000,0.0044997,0.0035821
24,2.100000,0.4266526,0.2962980,0.1720000,1.000000,0.0044997,0.0035823
24,2.104167,0.4266663,0.2962980,0.1720000,1.000000,0.0044997,0.0035821
24,2.108333,0.4266800,0.2962981,0.1720000,1.000000,0.0044997,0.0035823
24,2.112500,0.4266934,0.2962980,0.1720000,1.000000,0.0044997,0.0035821
24,2.116667,0.4267069,0.2962981,0.1720000,1.000000,0.0044997,0.0035822
24,2.120833,0.4267199,0.2962979,0.1720000,1.000000,0.0044997,0.0035821
24,2.125000,0.4267333,0.2962979,0.1720000,1.000000,0.0044997,0.0035822
24,2.129167,0.4267462,0.2962979,0.1720000,1.000000,0.0044997,0.0035821
24,2.133333,0.4267592,0.2962980,0.1720000,1.000000,0.0044997,0.0035823
24,2.137500,0.4267719,0.2962980,0.1720000,1.000000,0.0044997,0.0035821
24,2.141667,0.4267846,0.2962980,0.1720000,1.000000,0.0044997,0.0035823
24,2.145833,0.4267971,0.2962979,0.1720000,1.000000,0.0044997,0.0035822
24,2.150000,0.4268095,0.2962981,0.1720000,1.000000,0.0044997,0.0035823
24,2.154167,0.4268216,0.2962979,0.1720000,1.000000,0.0044997,0.0035822
24,2.158333,0.4268339,0.2962981,0.1720000,1.000000,0.0044997,0.0035824
24,2.162500,0.4268456,0.2962980,0.1720000,1.000000,0.0044997,0.0035822
24,2.166667,0.4268577,0.2962981,0.1720000,1.000000,0.0044997,0.0035823
24,2.170833,0.4268692,0.2962979,0.1720000,1.000000,0.0044997,0.0035822
24,2.175000,0.4268809,0.2962981,0.1720000,1.000000,0.0044997,0.0035823
24,2.179167,0.4268923,0.2962980,0.1720000,1.000000,0.0044997,0.0035822
24,2.183333,0.4269037,0.2962982,0.1720000,1.000000,0.0044997,0.0035823
24,2.187500,0.4269147,0.2962979,0.1720000,1.000000,0.0044997,0.0035821
24,2.191667,0.4269260,0.2962980,0.1720000,1.000000,0.0044997,0.0035822
24,2.195833,0.4269367,0.2962979,0.1720000,1.000000,0.0044997,0.0035822
24,2.200000,0.4269476,0.2962981,0.1720000,1.000000,0.0044997,0.0035823
24,2.204167,0.4269581,0.2962979,0.1720000,1.000000,0.0044997,0.0035821
24,2.208333,0.4269688,0.2962980,0.1720000,1.000000,0.0044997,0.0035822
24,2.212500,0.4269791,0.2962979,0.1720000,1.000000,0.0044997,0.0035821
24,2.216667,0.4269895,0.2962980,0.1720000,1.000000,0.0044997,0.0035822
24,2.220833,0.4269995,0.2962978,0.1720000,1.000000,0.0044997,0.0035821
24,2.225000,0.4270096,0.2962981,0.1720000,1.000000,0.0044997,0.0035822
24,2.229167,0.4270193,0.2962979,0.1720000,1.000000,0.0044997,0.0035821
24,2.233333,0.4270293,0.2962981,0.1720000,1.000000,0.0044997,0.0035823
24,2.237500,0.4270387,0.2962979,0.1720000,1.000000,0.0044997,0.0035821
24,2.241667,0.4270483,0.2962981,0.1720000,1.000000,0.0044997,0.0035823
24,2.245833,0.4270575,0.2962979,0.1720000,1.000000,0.0044997,0.0035822
24,2.250000,0.4270668,0.2962980,0.1720000,1.000000,0.0044997,0.0035822
24,2.254167,0.4270757,0.2962979,0.1720000,1.000000,0.0044997,0.0035822
24,2.258333,0.4270848,0.2962981,0.1720000,1.000000,0.0044997,0.0035823
24,2.262500,0.4270934,0.2962979,0.1720000,1.000000,0.0044997,0.0035821
24,2.266667,0.4271022,0.2962980,0.1720000,1.000000,0.0044997,0.0035823
24,2.270833,0.4271107,0.2962979,0.1720000,1.000000,0.0044997,0.0035821
24,2.275000,0.4271192,0.2962980,0.1720000,1.000000,0.0044997,0.0035822
24,2.279167,0.4271273,0.2962980,0.1720000,1.000000,0.0044997,0.0035821
24,2.283333,0.4271357,0.2962981,0.1720000,1.000000,0.0044997,0.0035823
24,2.287500,0.4271435,0.2962979,0.1720000,1.000000,0.0044997,0.0035821
24,2.291667,0.4271515,0.2962979,0.1720000,1.000000,0.0044997,0.0035822
24,2.295833,0.4271591,0.2962979,0.1720000,1.000000,0.0044997,0.0035821
24,2.300000,0.4271669,0.2962981,0.1720000,1.000000,0.0044997,0.0035823
24,2.304167,0.4271742,0.2962980,0.1720000,1.000000,0.0044997,0.0035821
24,2.308333,0.4271817,0.2962981,0.1720000,1.000000,0.0044997,0.0035822
24,2.312500,0.4271889,0.2962979,0.1720000,1.000000,0.0044997,0.0035821
24,2.316667,0.4271960,0.2962980,0.1720000,1.000000,0.0044997,0.0035822
24,2.320833,0.4272029,0.2962979,0.1720000,1.000000,0.0044997,0.0035821
24,2.325000,0.4272097,0.2962980,0.1720000,1.000000,0.0044997,0.0035822
24,2.329167,0.4272164,0.2962979,0.1720000,1.000000,0.0044997,0.0035821
24,2.333333,0.4272231,0.2962980,0.1720000,1.000000,0.0044997,0.0035822
24,2.337500,0.4272293,0.2962980,0.1720000,1.000000,0.0044997,0.0035821
24,2.341667,0.4272358,0.2962980,0.1720000,1.000000,0.0044997,0.0035823
24,2.345833,0.4272419,0.2962979,0.1720000,1.000000,0.0044997,0.0035822
24,2.350000,0.4272481,0.2962981,0.1720000,1.000000,0.0044997,0.0035823
24,2.354167,0.4272538,0.2962979,0.1720000,1.000000,0.0044997,0.0035821
24,2.358333,0.4272597,0.2962979,0.1720000,1.000000,0.0044997,0.0035822
24,2.362500,0.4272652,0.2962978,0.1720000,1.000000,0.0044997,0.0035821
24,2.366667,0.4272708,0.2962980,0.1720000,1.000000,0.0044997,0.0035822
24,2.370833,0.4272760,0.2962978,0.1720000,1.000000,0.0044997,0.0035821
24,2.375000,0.4272814,0.2962980,0.1720000,1.000000,0.0044997,0.0035822
24,2.379167,0.4272864,0.2962979,0.1720000,1.000000,0.0044997,0.0035821
24,2.383333,0.4272916,0.2962981,0.1720000,1.000000,0.0044997,0.0035823
24,2.387500,0.4272963,0.2962979,0.1720000,1.000000,0.0044997,0.0035822
24,2.391667,0.4273011,0.2962981,0.1720000,1.000000,0.0044997,0.0035823
24,2.395833,0.4273056,0.2962980,0.1720000,1.000000,0.0044997,0.0035821
24,2.400000,0.4273101,0.2962980,0.1720000,1.000000,0.0044997,0.0035823
24,2.404167,0.4273145,0.2962980,0.1720000,1.000000,0.0044997,0.0035822
24,2.408333,0.4273188,0.2962981,0.1720000,1.000000,0.0044997,0.0035823
24,2.412500,0.4273228,0.2962979,0.1720000,1.000000,0.0044997,0.0035822
24,2.416667,0.4273267,0.2962981,0.1720000,1.000000,0.0044997,0.0035822
24,2.420833,0.4273305,0.2962979,0.1720000,1.000000,0.0044997,0.0035821
24,2.425000,0.4273342,0.2962980,0.1720000,1.000000,0.0044997,0.0035822
24,2.429167,0.4273378,0.2962979,0.1720000,1.000000,0.0044997,0.0035821
24,2.433333,0.4273413,0.2962981,0.1720000,1.000000,0.0044997,0.0035823
24,2.437500,0.4273446,0.2962980,0.1720000,1.000000,0.0044997,0.0035821
24,2.441667,0.4273479,0.2962981,0.1720000,1.000000,0.0044997,0.0035823
24,2.445833,0.4273509,0.2962979,0.1720000,1.000000,0.0044997,0.0035822
24,2.450000,0.4273539,0.2962981,0.1720000,1.000000,0.0044997,0.0035823
24,2.454167,0.4273566,0.2962979,0.1720000,1.000000,0.0044997,0.0035822
24,2.458333,0.4273593,0.2962981,0.1720000,1.000000,0.0044997,0.0035823
24,2.462500,0.4273617,0.2962980,0.1720000,1.000000,0.0044997,0.0035822
24,2.466667,0.4273643,0.2962980,0.1720000,1.000000,0.0044997,0.0035823
24,2.470833,0.4273665,0.2962980,0.1720000,1.000000,0.0044997,0.0035822
24,2.475000,0.4273688,0.2962981,0.1720000,1.000000,0.0044997,0.0035823
24,2.479167,0.4273708,0.2962979,0.1720000,1.000000,0.0044997,0.0035822
24,2.483333,0.4273728,0.2962981,0.1720000,1.000000,0.0044997,0.0035824
24,2.487500,0.4273745,0.2962979,0.1720000,1.000000,0.0044997,0.0035822
24,2.491667,0.4273764,0.2962981,0.1720000,1.000000,0.0044997,0.0035824
24,2.495833,0.4273777,0.2962979,0.1720000,1.000000,0.0044997,0.0035822
24,2.500000,0.4273793,0.2962981,0.1720000,1.000000,0.0044997,0.0035823
24,2.504167,0.4273805,0.2962979,0.1720000,1.000000,0.0044997,0.0035822
24,2.508333,0.4273818,0.2962981,0.1720000,1.000000,0.0044997,0.0035823
24,2.512500,0.4273827,0.2962979,0.1720000,1.000000,0.0044997,0.0035822
24,2.516667,0.4273838,0.2962981,0.1720000,1.000000,0.0044997,0.0035823
24,2.520833,0.4273845,0.2962980,0.1720000,1.000000,0.0044997,0.0035822
24,2.525000,0.4273853,0.2962982,0.1720000,1.000000,0.0044997,0.0035823
24,2.529167,0.4273857,0.2962980,0.1720000,1.000000,0.0044997,0.0035822
24,2.533333,0.4273862,0.2962981,0.1720000,1.000000,0.0044997,0.0035823
24,2.537500,0.4273864,0.2962979,0.1720000,1.000000,0.0044997,0.0035822
24,2.541667,0.4273868,0.2962981,0.1720000,1.000000,0.0044997,0.0035823
24,2.545833,0.4273868,0.2962980,0.1720000,1.000000,0.0044997,0.0035822
24,2.550000,0.4273868,0.2962981,0.1720000,1.000000,0.0044997,0.0035823
24,2.554167,0.4273866,0.2962980,0.1720000,1.000000,0.0044997,0.0035822
24,2.558333,0.4273864,0.2962981,0.1720000,1.000000,0.0044997,0.0035823
24,2.562500,0.4273859,0.2962980,0.1720000,1.000000,0.0044997,0.0035822
24,2.566667,0.4273855,0.2962981,0.1720000,1.000000,0.0044997,0.0035823
24,2.570833,0.4273847,0.2962980,0.1720000,1.000000,0.0044997,0.0035821
24,2.575000,0.4273840,0.2962980,0.1720000,1.000000,0.0044997,0.0035822
24,2.579167,0.4273830,0.2962979,0.1720000,1.000000,0.0044997,0.0035821
24,2.583333,0.4273822,0.2962981,0.1720000,1.000000,0.0044997,0.0035823
24,2.587500,0.4273809,0.2962979,0.1720000,1.000000,0.0044997,0.0035821
24,2.591667,0.4273798,0.2962980,0.1720000,1.000000,0.0044997,0.0035822
24,2.595833,0.4273783,0.2962980,0.1720000,1.000000,0.0044997,0.0035822
24,2.600000,0.4273771,0.2962981,0.1720000,1.000000,0.0044997,0.0035824
24,2.604167,0.4273754,0.2962980,0.1720000,1.000000,0.0044997,0.0035821
24,2.608333,0.4273738,0.2962980,0.1720000,1.000000,0.0044997,0.0035822
24,2.612500,0.4273718,0.2962980,0.1720000,1.000000,0.0044997,0.0035821
24,2.616667,0.4273701,0.2962981,0.1720000,1.000000,0.0044997,0.0035823
24,2.620833,0.4273679,0.2962980,0.1720000,1.000000,0.0044997,0.0035822
24,2.625000,0.4273658,0.2962980,0.1720000,1.000000,0.0044997,0.0035823
24,2.629167,0.4273634,0.2962979,0.1720000,1.000000,0.0044997,0.0035822
24,2.633333,0.4273612,0.2962981,0.1720000,1.000000,0.0044997,0.0035823
24,2.637500,0.4273586,0.2962979,0.1720000,1.000000,0.0044997,0.0035821
24,2.641667,0.4273561,0.2962979,0.1720000,1.000000,0.0044997,0.0035822
24,2.645833,0.4273533,0.2962979,0.1720000,1.000000,0.0044997,0.0035821
24,2.650000,0.4273506,0.2962981,0.1720000,1.000000,0.0044997,0.0035823
24,2.654167,0.4273476,0.2962979,0.1720000,1.000000,0.0044997,0.0035822
24,2.658333,0.4273445,0.2962981,0.1720000,1.000000,0.0044997,0.0035823
24,2.662500,0.4273413,0.2962979,0.1720000,1.000000,0.0044997,0.0035822
24,2.666667,0.4273381,0.2962981,0.1720000,1.000000,0.0044997,0.0035823
24,2.670833,0.4273346,0.2962979,0.1720000,1.000000,0.0044997,0.0035822
24,2.675000,0.4273313,0.2962981,0.1720000,1.000000,0.0044997,0.0035823
24,2.679167,0.4273275,0.2962980,0.1720000,1.000000,0.0044997,0.0035822
24,2.683333,0.4273240,0.2962981,0.1720000,1.000000,0.0044997,0.0035823
24,2.687500,0.4273200,0.2962979,0.1720000,1.000000,0.0044997,0.0035822
24,2.691667,0.4273162,0.2962982,0.1720000,1.000000,0.0044997,0.0035823
24,2.695833,0.4273120,0.2962980,0.1720000,1.000000,0.0044997,0.0035822
24,2.700000,0.4273081,0.2962981,0.1720000,1.000000,0.0044997,0.0035823
24,2.704167,0.4273036,0.2962980,0.1720000,1.000000,0.0044997,0.0035822
24,2.708333,0.4272995,0.2962982,0.1720000,1.000000,0.0044997,0.0035823
24,2.712500,0.4272949,0.2962979,0.1720000,1.000000,0.0044997,0.0035822
24,2.716667,0.4272904,0.2962980,0.1720000,1.000000,0.0044997,0.0035823
24,2.720833,0.4272856,0.2962980,0.1720000,1.000000,0.0044997,0.0035822
24,2.725000,0.4272810,0.2962981,0.1720000,1.000000,0.0044997,0.0035823
24,2.729167,0.4272759,0.2962980,0.1720000,1.000000,0.0044997,0.0035822
24,2.733333,0.4272710,0.2962980,0.1720000,1.000000,0.0044997,0.0035822
24,2.737500,0.4272659,0.2962980,0.1720000,1.000000,0.0044997,0.0035822
24,2.741667,0.4272607,0.2962981,0.1720000,1.000000,0.0044997,0.0035823
24,2.745833,0.4272553,0.2962980,0.1720000,1.000000,0.0044997,0.0035822
24,2.750000,0.4272501,0.2962981,0.1720000,1.000000,0.0044997,0.0035823
24,2.754167,0.4272445,0.2962980,0.1720000,1.000000,0.0044997,0.0035822
24,2.758333,0.4272390,0.2962982,0.1720000,1.000000,0.0044997,0.0035824
24,2.762500,0.4272332,0.2962980,0.1720000,1.000000,0.0044997,0.0035822
24,2.766667,0.4272275,0.2962981,0.1720000,1.000000,0.0044997,0.0035823
24,2.770833,0.4272215,0.2962979,0.1720000,1.000000,0.0044997,0.0035822
24,2.775000,0.4272156,0.2962980,0.1720000,1.000000,0.0044997,0.0035823
24,2.779167,0.4272093,0.2962980,0.1720000,1.000000,0.0044997,0.0035822
24,2.783333,0.4272033,0.2962981,0.1720000,1.000000,0.0044997,0.0035822
24,2.787500,0.4271968,0.2962980,0.1720000,1.000000,0.0044997,0.0035822
24,2.791667,0.4271906,0.2962982,0.1720000,1.000000,0.0044997,0.0035823
24,2.795833,0.4271839,0.2962979,0.1720000,1.000000,0.0044997,0.0035821
24,2.800000,0.4271775,0.2962981,0.1720000,1.000000,0.0044997,0.0035822
24,2.804167,0.4271707,0.2962979,0.1720000,1.000000,0.0044997,0.0035820
24,2.808333,0.4271640,0.2962979,0.1720000,1.000000,0.0044997,0.0035821
24,2.812500,0.4271570,0.2962980,0.1720000,1.000000,0.0044997,0.0035820
24,2.816667,0.4271500,0.2962981,0.1720000,1.000000,0.0044997,0.0035822
24,2.820833,0.4271429,0.2962979,0.1720000,1.000000,0.0044997,0.0035821
24,2.825000,0.4271358,0.2962980,0.1720000,1.000000,0.0044997,0.0035822
24,2.829167,0.4271286,0.2962979,0.1720000,1.000000,0.0044997,0.0035822
24,2.833333,0.4271213,0.2962981,0.1720000,1.000000,0.0044997,0.0035823
24,2.837500,0.4271137,0.2962980,0.1720000,1.000000,0.0044997,0.0035822
24,2.841667,0.4271063,0.2962981,0.1720000,1.000000,0.0044997,0.0035823
24,2.845833,0.4270986,0.2962979,0.1720000,1.000000,0.0044997,0.0035822
24,2.850000,0.4270910,0.2962981,0.1720000,1.000000,0.0044997,0.0035823
24,2.854167,0.4270831,0.2962980,0.1720000,1.000000,0.0044997,0.0035822
24,2.858333,0.4270753,0.2962981,0.1720000,1.000000,0.0044997,0.0035823
24,2.862500,0.4270673,0.2962980,0.1720000,1.000000,0.0044997,0.0035822
24,2.866667,0.4270592,0.2962980,0.1720000,1.000000,0.0044997,0.0035823
24,2.870833,0.4270510,0.2962980,0.1720000,1.000000,0.0044997,0.0035822
24,2.875000,0.4270428,0.2962980,0.1720000,1.000000,0.0044997,0.0035823
24,2.879167,0.4270343,0.2962979,0.1720000,1.000000,0.0044997,0.0035822
24,2.883333,0.4270260,0.2962979,0.1720000,1.000000,0.0044997,0.0035823
24,2.887500,0.4270174,0.2962979,0.1720000,1.000000,0.0044997,0.0035822
24,2.891667,0.4270089,0.2962980,0.1720000,1.000000,0.0044997,0.0035823
24,2.895833,0.4270001,0.2962979,0.1720000,1.000000,0.0044997,0.0035822
24,2.900000,0.4269915,0.2962981,0.1720000,1.000000,0.0044997,0.0035824
24,2.904167,0.4269825,0.2962979,0.1720000,1.000000,0.0044997,0.0035822
24,2.908333,0.4269736,0.2962981,0.1720000,1.000000,0.0044997,0.0035823
24,2.912500,0.4269646,0.2962979,0.1720000,1.000000,0.0044997,0.0035822
24,2.916667,0.4269555,0.2962981,0.1720000,1.000000,0.0044997,0.0035823
24,2.920833,0.4269462,0.2962980,0.1720000,1.000000,0.0044997,0.0035822
24,2.925000,0.4269370,0.2962980,0.1720000,1.000000,0.0044997,0.0035823
24,2.929167,0.4269276,0.2962980,0.1720000,1.000000,0.0044997,0.0035822
24,2.933333,0.4269183,0.2962981,0.1720000,1.000000,0.0044997,0.0035823
24,2.937500,0.4269086,0.2962980,0.1720000,1.000000,0.0044997,0.0035822
24,2.941667,0.4268990,0.2962980,0.1720000,1.000000,0.0044997,0.0035822
24,2.945833,0.4268893,0.2962978,0.1720000,1.000000,0.0044997,0.0035821
24,2.950000,0.4268795,0.2962980,0.1720000,1.000000,0.0044997,0.0035822
24,2.954167,0.4268697,0.2962979,0.1720000,1.000000,0.0044997,0.0035821
24,2.958333,0.4268599,0.2962981,0.1720000,1.000000,0.0044997,0.0035822
24,2.962500,0.4268498,0.2962980,0.1720000,1.000000,0.0044997,0.0035822
24,2.966667,0.4268399,0.2962981,0.1720000,1.000000,0.0044997,0.0035823
24,2.970833,0.4268296,0.2962980,0.1720000,1.000000,0.0044997,0.0035822
24,2.975000,0.4268194,0.2962980,0.1720000,1.000000,0.0044997,0.0035822
24,2.979167,0.4268090,0.2962979,0.1720000,1.000000,0.0044997,0.0035822
24,2.983333,0.4267987,0.2962979,0.1720000,1.000000,0.0044997,0.0035822
24,2.987500,0.4267881,0.2962980,0.1720000,1.000000,0.0044997,0.0035821
24,2.991667,0.4267777,0.2962980,0.1720000,1.000000,0.0044997,0.0035822
24,2.995833,0.4267670,0.2962979,0.1720000,1.000000,0.0044997,0.0035822
24,3.000000,0.4267564,0.2962980,0.1720000,1.000000,0.0044997,0.0035823
24,3.004167,0.4267457,0.2962980,0.1720000,1.000000,0.0044997,0.0035822
24,3.008333,0.4267348,0.2962980,0.1720000,1.000000,0.0044997,0.0035823
24,3.012500,0.4267239,0.2962980,0.1720000,1.000000,0.0044997,0.0035822
24,3.016667,0.4267130,0.2962981,0.1720000,1.000000,0.0044997,0.0035823
24,3.020833,0.4267018,0.2962979,0.1720000,1.000000,0.0044997,0.0035822
24,3.025000,0.4266909,0.2962980,0.1720000,1.000000,0.0044997,0.0035822
24,3.029167,0.4266796,0.2962979,0.1720000,1.000000,0.0044997,0.0035822
24,3.033333,0.4266683,0.2962981,0.1720000,1.000000,0.0044997,0.0035823
24,3.037500,0.4266569,0.2962979,0.1720000,1.000000,0.0044997,0.0035822
24,3.041667,0.4266456,0.2962980,0.1720000,1.000000,0.0044997,0.0035822
24,3.045833,0.4266341,0.2962980,0.1720000,1.000000,0.0044997,0.0035822
24,3.050000,0.4266226,0.2962981,0.1720000,1.000000,0.0044997,0.0035823
24,3.054167,0.4266110,0.2962980,0.1720000,1.000000,0.0044997,0.0035822
24,3.058333,0.4265994,0.2962981,0.1720000,1.000000,0.0044997,0.0035823
24,3.062500,0.4265875,0.2962980,0.1720000,1.000000,0.0044997,0.0035822
24,3.066667,0.4265758,0.2962981,0.1720000,1.000000,0.0044997,0.0035823
24,3.070833,0.4265639,0.2962981,0.1720000,1.000000,0.0044997,0.0035822
24,3.075000,0.4265521,0.2962981,0.1720000,1.000000,0.0044997,0.0035823
24,3.079167,0.4265400,0.2962979,0.1720000,1.000000,0.0044997,0.0035822
24,3.083333,0.4265279,0.2962981,0.1720000,1.000000,0.0044997,0.0035823
24,3.087500,0.4265158,0.2962979,0.1720000,1.000000,0.0044997,0.0035822
24,3.091667,0.4265036,0.2962980,0.1720000,1.000000,0.0044997,0.0035823
24,3.095833,0.4264913,0.2962980,0.1720000,1.000000,0.0044997,0.0035822
24,3.100000,0.4264790,0.2962980,0.1720000,1.000000,0.0044997,0.0035823
24,3.104167,0.4264665,0.2962979,0.1720000,1.000000,0.0044997,0.0035822
24,3.108333,0.4264542,0.2962981,0.1720000,1.000000,0.0044997,0.0035822
24,3.112500,0.4264417,0.2962980,0.1720000,1.000000,0.0044997,0.0035822
24,3.116667,0.4264292,0.2962981,0.1720000,1.000000,0.0044997,0.0035823
24,3.120833,0.4264164,0.2962979,0.1720000,1.000000,0.0044997,0.0035822
24,3.125000,0.4264037,0.2962980,0.1720000,1.000000,0.0044997,0.0035822
24,3.129167,0.4263909,0.2962979,0.1720000,1.000000,0.0044997,0.0035822
24,3.133333,0.4263783,0.2962981,0.1720000,1.000000,0.0044997,0.0035823
24,3.137500,0.4263653,0.2962979,0.1720000,1.000000,0.0044997,0.0035822
24,3.141667,0.4263524,0.2962980,0.1720000,1.000000,0.0044997,0.0035822
24,3.145833,0.4263394,0.2962979,0.1720000,1.000000,0.0044997,0.0035822
24,3.150000,0.4263264,0.2962980,0.1720000,1.000000,0.0044997,0.0035823
24,3.154167,0.4263134,0.2962981,0.1720000,1.000000,0.0044997,0.0035823
24,3.158333,0.4263002,0.2962981,0.1720000,1.000000,0.0044997,0.0035823
24,3.162500,0.4262869,0.2962980,0.1720000,1.000000,0.0044997,0.0035822
24,3.166667,0.4262737,0.2962981,0.1720000,1.000000,0.0044997,0.0035822
24,3.170833,0.4262604,0.2962981,0.1720000,1.000000,0.0044997,0.0035822
24,3.175000,0.4262470,0.2962981,0.1720000,1.000000,0.0044997,0.0035823
24,3.179167,0.4262336,0.2962980,0.1720000,1.000000,0.0044997,0.0035823
24,3.183333,0.4262201,0.2962980,0.1720000,1.000000,0.0044997,0.0035823
24,3.187500,0.4262066,0.2962980,0.1720000,1.000000,0.0044997,0.0035822
24,3.191667,0.4261931,0.2962981,0.1720000,1.000000,0.0044997,0.0035823
24,3.195833,0.4261793,0.2962980,0.1720000,1.000000,0.0044997,0.0035822
24,3.200000,0.4261658,0.2962981,0.1720000,1.000000,0.0044997,0.0035823
24,3.204167,0.4261519,0.2962979,0.1720000,1.000000,0.0044997,0.0035822
24,3.208333,0.4261382,0.2962980,0.1720000,1.000000,0.0044997,0.0035822
24,3.212500,0.4261242,0.2962980,0.1720000,1.000000,0.0044997,0.0035822
24,3.216667,0.4261104,0.2962981,0.1720000,1.000000,0.0044997,0.0035823
24,3.220833,0.4260963,0.2962980,0.1720000,1.000000,0.0044997,0.0035822
24,3.225000,0.4260825,0.2962980,0.1720000,1.000000,0.0044997,0.0035823
24,3.229167,0.4260685,0.2962979,0.1720000,1.000000,0.0044997,0.0035822
24,3.233333,0.4260544,0.2962981,0.1720000,1.000000,0.0044997,0.0035823
24,3.237500,0.4260402,0.2962981,0.1720000,1.000000,0.0044997,0.0035822
24,3.241667,0.4260261,0.2962981,0.1720000,1.000000,0.0044997,0.0035823
24,3.245833,0.4260117,0.2962980,0.1720000,1.000000,0.0044997,0.0035822
24,3.250000,0.4259975,0.2962979,0.1720000,1.000000,0.0044997,0.0035823
24,3.254167,0.4259832,0.2962980,0.1720000,1.000000,0.0044997,0.0035822
24,3.258333,0.4259689,0.2962981,0.1720000,1.000000,0.0044997,0.0035823
24,3.262500,0.4259545,0.2962980,0.1720000,1.000000,0.0044997,0.0035823
24,3.266667,0.4259400,0.2962981,0.1720000,1.000000,0.0044997,0.0035823
24,3.270833,0.4259254,0.2962980,0.1720000,1.000000,0.0044997,0.0035822
24,3.275000,0.4259109,0.2962980,0.1720000,1.000000,0.0044997,0.0035822
24,3.279167,0.4258962,0.2962979,0.1720000,1.000000,0.0044997,0.0035822
24,3.283333,0.4258817,0.2962980,0.1720000,1.000000,0.0044997,0.0035822
24,3.287500,0.4258671,0.2962981,0.1720000,1.000000,0.0044997,0.0035823
24,3.291667,0.4258523,0.2962981,0.1720000,1.000000,0.0044997,0.0035823
24,3.295833,0.4258375,0.2962981,0.1720000,1.000000,0.0044997,0.0035823
24,3.300000,0.4258228,0.2962981,0.1720000,1.000000,0.0044997,0.0035823
24,3.304167,0.4258079,0.2962981,0.1720000,1.000000,0.0044997,0.0035822
24,3.308333,0.4257931,0.2962981,0.1720000,1.000000,0.0044997,0.0035823
24,3.312500,0.4257782,0.2962981,0.1720000,1.000000,0.0044997,0.0035823
24,3.316667,0.4257631,0.2962981,0.1720000,1.000000,0.0044997,0.0035823
24,3.320833,0.4257482,0.2962981,0.1720000,1.000000,0.0044997,0.0035823
24,3.325000,0.4257331,0.2962981,0.1720000,1.000000,0.0044997,0.0035823
24,3.329167,0.4257180,0.2962980,0.1720000,1.000000,0.0044997,0.0035822
24,3.333333,0.4257029,0.2962981,0.1720000,1.000000,0.0044997,0.0035823
24,3.337500,0.4256877,0.2962981,0.1720000,1.000000,0.0044997,0.0035823
24,3.341667,0.4256726,0.2962981,0.1720000,1.000000,0.0044997,0.0035823
24,3.345833,0.4256573,0.2962981,0.1720000,1.000000,0.0044997,0.0035824
24,3.350000,0.4256420,0.2962981,0.1720000,1.000000,0.0044997,0.0035823
24,3.354167,0.4256267,0.2962979,0.1720000,1.000000,0.0044997,0.0035822
24,3.358333,0.4256113,0.2962979,0.1720000,1.000000,0.0044997,0.0035822
24,3.362500,0.4255959,0.2962979,0.1720000,1.000000,0.0044997,0.0035822
24,3.366667,0.4255806,0.2962981,0.1720000,1.000000,0.0044997,0.0035823
24,3.370833,0.4255652,0.2962981,0.1720000,1.000000,0.0044997,0.0035823
24,3.375000,0.4255497,0.2962981,0.1720000,1.000000,0.0044997,0.0035823
24,3.379167,0.4255342,0.2962980,0.1720000,1.000000,0.0044997,0.0035822
24,3.383333,0.4255186,0.2962981,0.1720000,1.000000,0.0044997,0.0035823
24,3.387500,0.4255029,0.2962979,0.1720000,1.000000,0.0044997,0.0035822
24,3.391667,0.4254873,0.2962979,0.1720000,1.000000,0.0044997,0.0035822
24,3.395833,0.4254716,0.2962980,0.1720000,1.000000,0.0044997,0.0035823
24,3.400000,0.4254561,0.2962981,0.1720000,1.000000,0.0044997,0.0035823
24,3.404167,0.4254403,0.2962981,0.1720000,1.000000,0.0044997,0.0035823
24,3.408333,0.4254246,0.2962981,0.1720000,1.000000,0.0044997,0.0035823
24,3.412500,0.4254088,0.2962981,0.1720000,1.000000,0.0044997,0.0035823
24,3.416667,0.4253930,0.2962981,0.1720000,1.000000,0.0044997,0.0035823
24,3.420833,0.4253771,0.2962981,0.1720000,1.000000,0.0044997,0.0035823
24,3.425000,0.4253613,0.2962981,0.1720000,1.000000,0.0044997,0.0035824
24,3.429167,0.4253454,0.2962980,0.1720000,1.000000,0.0044997,0.0035823
24,3.433333,0.4253294,0.2962981,0.1720000,1.000000,0.0044997,0.0035823
24,3.437500,0.4253135,0.2962980,0.1720000,1.000000,0.0044997,0.0035823
24,3.441667,0.4252975,0.2962981,0.1720000,1.000000,0.0044997,0.0035823
24,3.445833,0.4252814,0.2962980,0.1720000,1.000000,0.0044997,0.0035823
24,3.450000,0.4252655,0.2962981,0.1720000,1.000000,0.0044997,0.0035824
24,3.454167,0.4252495,0.2962981,0.1720000,1.000000,0.0044997,0.0035823
24,3.458333,0.4252333,0.2962981,0.1720000,1.000000,0.0044997,0.0035823
24,3.462500,0.4252172,0.2962981,0.1720000,1.000000,0.0044997,0.0035823
24,3.466667,0.4252010,0.2962981,0.1720000,1.000000,0.0044997,0.0035823
24,3.470833,0.4251848,0.2962980,0.1720000,1.000000,0.0044997,0.0035823
24,3.475000,0.4251686,0.2962981,0.1720000,1.000000,0.0044997,0.0035823
24,3.479167,0.4251523,0.2962981,0.1720000,1.000000,0.0044997,0.0035822
24,3.483333,0.4251361,0.2962981,0.1720000,1.000000,0.0044997,0.0035822
24,3.487500,0.4251198,0.2962980,0.1720000,1.000000,0.0044997,0.0035823
24,3.491667,0.4251036,0.2962980,0.1720000,1.000000,0.0044997,0.0035823
24,3.495833,0.4250872,0.2962980,0.1720000,1.000000,0.0044997,0.0035822
24,3.500000,0.4250709,0.2962981,0.1720000,1.000000,0.0044997,0.0035823
24,3.504167,0.4250545,0.2962980,0.1720000,1.000000,0.0044997,0.0035823
24,3.508333,0.4250381,0.2962980,0.1720000,1.000000,0.0044997,0.0035823
24,3.512500,0.4250217,0.2962979,0.1720000,1.000000,0.0044997,0.0035822
24,3.516667,0.4250052,0.2962980,0.1720000,1.000000,0.0044997,0.0035822
24,3.520833,0.4249888,0.2962980,0.1720000,1.000000,0.0044997,0.0035822
24,3.525000,0.4249723,0.2962981,0.1720000,1.000000,0.0044997,0.0035823
24,3.529167,0.4249558,0.2962981,0.1720000,1.000000,0.0044997,0.0035822
24,3.533333,0.4249393,0.2962980,0.1720000,1.000000,0.0044997,0.0035823
24,3.537500,0.4249227,0.2962981,0.1720000,1.000000,0.0044997,0.0035823
24,3.541667,0.4249063,0.2962981,0.1720000,1.000000,0.0044997,0.0035823
24,3.545833,0.4248896,0.2962981,0.1720000,1.000000,0.0044997,0.0035823
24,3.550000,0.4248729,0.2962981,0.1720000,1.000000,0.0044997,0.0035823
24,3.554167,0.4248563,0.2962980,0.1720000,1.000000,0.0044997,0.0035823
24,3.558333,0.4248396,0.2962980,0.1720000,1.000000,0.0044997,0.0035823
24,3.562500,0.4248230,0.2962979,0.1720000,1.000000,0.0044997,0.0035822
24,3.566667,0.4248063,0.2962980,0.1720000,1.000000,0.0044997,0.0035823
24,3.570833,0.4247895,0.2962979,0.1720000,1.000000,0.0044997,0.0035823
24,3.575000,0.4247728,0.2962980,0.1720000,1.000000,0.0044997,0.0035823
24,3.579167,0.4247561,0.2962981,0.1720000,1.000000,0.0044997,0.0035823
24,3.583333,0.4247395,0.2962981,0.1720000,1.000000,0.0044997,0.0035824
24,3.587500,0.4247226,0.2962981,0.1720000,1.000000,0.0044997,0.0035824
24,3.591667,0.4247059,0.2962982,0.1720000,1.000000,0.0044997,0.0035824
24,3.595833,0.4246890,0.2962982,0.1720000,1.000000,0.0044997,0.0035823
24,3.600000,0.4246721,0.2962981,0.1720000,1.000000,0.0044997,0.0035823
24,3.604167,0.4246553,0.2962981,0.1720000,1.000000,0.0044997,0.0035823
24,3.608333,0.4246384,0.2962981,0.1720000,1.000000,0.0044997,0.0035823
24,3.612500,0.4246215,0.2962981,0.1720000,1.000000,0.0044997,0.0035823
24,3.616667,0.4246046,0.2962981,0.1720000,1.000000,0.0044997,0.0035823
24,3.620833,0.4245878,0.2962981,0.1720000,1.000000,0.0044997,0.0035823
24,3.625000,0.4245709,0.2962981,0.1720000,1.000000,0.0044997,0.0035823
24,3.629167,0.4245539,0.2962981,0.1720000,1.000000,0.0044997,0.0035823
24,3.633333,0.4245368,0.2962981,0.1720000,1.000000,0.0044997,0.0035823
24,3.637500,0.4245199,0.2962981,0.1720000,1.000000,0.0044997,0.0035823
24,3.641667,0.4245030,0.2962981,0.1720000,1.000000,0.0044997,0.0035824
24,3.645833,0.4244859,0.2962981,0.1720000,1.000000,0.0044997,0.0035823
24,3.650000,0.4244688,0.2962981,0.1720000,1.000000,0.0044997,0.0035823
24,3.654167,0.4244519,0.2962981,0.1720000,1.000000,0.0044997,0.0035824
24,3.658333,0.4244350,0.2962981,0.1720000,1.000000,0.0044997,0.0035824
24,3.662500,0.4244178,0.2962981,0.1720000,1.000000,0.0044997,0.0035823
24,3.666667,0.4244008,0.2962981,0.1720000,1.000000,0.0044997,0.0035823
24,3.670833,0.4243836,0.2962980,0.1720000,1.000000,0.0044997,0.0035823
24,3.675000,0.4243665,0.2962981,0.1720000,1.000000,0.0044997,0.0035823
24,3.679167,0.4243495,0.2962981,0.1720000,1.000000,0.0044997,0.0035823
24,3.683333,0.4243324,0.2962981,0.1720000,1.000000,0.0044997,0.0035823
24,3.687500,0.4243153,0.2962981,0.1720000,1.000000,0.0044997,0.0035823
24,3.691667,0.4242982,0.2962982,0.1720000,1.000000,0.0044997,0.0035823
24,3.695833,0.4242810,0.2962981,0.1720000,1.000000,0.0044997,0.0035823
24,3.700000,0.4242638,0.2962981,0.1720000,1.000000,0.0044997,0.0035823
24,3.704167,0.4242466,0.2962980,0.1720000,1.000000,0.0044997,0.0035822
24,3.708333,0.4242294,0.2962980,0.1720000,1.000000,0.0044997,0.0035823
24,3.712500,0.4242123,0.2962981,0.1720000,1.000000,0.0044997,0.0035823
24,3.716667,0.4241952,0.2962982,0.1720000,1.000000,0.0044997,0.0035823
24,3.720833,0.4241779,0.2962981,0.1720000,1.000000,0.0044997,0.0035823
24,3.725000,0.4241607,0.2962981,0.1720000,1.000000,0.0044997,0.0035823
24,3.729167,0.4241435,0.2962981,0.1720000,1.000000,0.0044997,0.0035823
24,3.733333,0.4241262,0.2962981,0.1720000,1.000000,0.0044997,0.0035822
24,3.737500,0.4241090,0.2962980,0.1720000,1.000000,0.0044997,0.0035823
24,3.741667,0.4240918,0.2962981,0.1720000,1.000000,0.0044997,0.0035823
24,3.745833,0.4240746,0.2962982,0.1720000,1.000000,0.0044997,0.0035823
24,3.750000,0.4240573,0.2962981,0.1720000,1.000000,0.0044997,0.0035824
24,3.754167,0.4240401,0.2962981,0.1720000,1.000000,0.0044997,0.0035823
24,3.758333,0.4240227,0.2962981,0.1720000,1.000000,0.0044997,0.0035823
24,3.762500,0.4240054,0.2962980,0.1720000,1.000000,0.0044997,0.0035823
24,3.766667,0.4239881,0.2962981,0.1720000,1.000000,0.0044997,0.0035823
24,3.770833,0.4239709,0.2962981,0.1720000,1.000000,0.0044997,0.0035823
24,3.775000,0.4239535,0.2962981,0.1720000,1.000000,0.0044997,0.0035823
24,3.779167,0.4239363,0.2962981,0.1720000,1.000000,0.0044997,0.0035823
24,3.783333,0.4239190,0.2962982,0.1720000,1.000000,0.0044997,0.0035823
24,3.787500,0.4239016,0.2962981,0.1720000,1.000000,0.0044997,0.0035823
24,3.791667,0.4238844,0.2962981,0.1720000,1.000000,0.0044997,0.0035823
24,3.795833,0.4238669,0.2962981,0.1720000,1.000000,0.0044997,0.0035822
24,3.800000,0.4238497,0.2962981,0.1720000,1.000000,0.0044997,0.0035822
24,3.804167,0.4238322,0.2962981,0.1720000,1.000000,0.0044997,0.0035823
24,3.808333,0.4238149,0.2962981,0.1720000,1.000000,0.0044997,0.0035822
24,3.812500,0.4237975,0.2962981,0.1720000,1.000000,0.0044997,0.0035822
24,3.816667,0.4237802,0.2962981,0.1720000,1.000000,0.0044997,0.0035822
24,3.820833,0.4237629,0.2962981,0.1720000,1.000000,0.0044997,0.0035823
24,3.825000,0.4237455,0.2962982,0.1720000,1.000000,0.0044997,0.0035823
24,3.829167,0.4237282,0.2962981,0.1720000,1.000000,0.0044997,0.0035823
24,3.833333,0.4237109,0.2962981,0.1720000,1.000000,0.0044997,0.0035823
24,3.837500,0.4236934,0.2962981,0.1720000,1.000000,0.0044997,0.0035823
24,3.841667,0.4236760,0.2962981,0.1720000,1.000000,0.0044997,0.0035823
24,3.845833,0.4236585,0.2962980,0.1720000,1.000000,0.0044997,0.0035822
24,3.850000,0.4236412,0.2962980,0.1720000,1.000000,0.0044997,0.0035822
24,3.854167,0.4236239,0.2962980,0.1720000,1.000000,0.0044997,0.0035822
24,3.858333,0.4236065,0.2962981,0.1720000,1.000000,0.0044997,0.0035822
24,3.862500,0.4235891,0.2962980,0.1720000,1.000000,0.0044997,0.0035822
24,3.866667,0.4235717,0.2962980,0.1720000,1.000000,0.0044997,0.0035822
24,3.870833,0.4235543,0.2962981,0.1720000,1.000000,0.0044997,0.0035822
24,3.875000,0.4235369,0.2962981,0.1720000,1.000000,0.0044997,0.0035823
24,3.879167,0.4235196,0.2962980,0.1720000,1.000000,0.0044997,0.0035823
24,3.883333,0.4235021,0.2962980,0.1720000,1.000000,0.0044997,0.0035822
24,3.887500,0.4234846,0.2962981,0.1720000,1.000000,0.0044997,0.0035823
24,3.891667,0.4234673,0.2962981,0.1720000,1.000000,0.0044997,0.0035823
24,3.895833,0.4234499,0.2962981,0.1720000,1.000000,0.0044997,0.0035823
24,3.900000,0.4234325,0.2962981,0.1720000,1.000000,0.0044997,0.0035823
24,3.904167,0.4234151,0.2962981,0.1720000,1.000000,0.0044997,0.0035824
24,3.908333,0.4233977,0.2962981,0.1720000,1.000000,0.0044997,0.0035823
24,3.912500,0.4233803,0.2962981,0.1720000,1.000000,0.0044997,0.0035824
24,3.916667,0.4233629,0.2962981,0.1720000,1.000000,0.0044997,0.0035823
24,3.920833,0.4233455,0.2962981,0.1720000,1.000000,0.0044997,0.0035823
24,3.925000,0.4233280,0.2962981,0.1720000,1.000000,0.0044997,0.0035823
24,3.929167,0.4233105,0.2962981,0.1720000,1.000000,0.0044997,0.0035823
24,3.933333,0.4232932,0.2962980,0.1720000,1.000000,0.0044997,0.0035822
24,3.937500,0.4232758,0.2962981,0.1720000,1.000000,0.0044997,0.0035823
24,3.941667,0.4232585,0.2962981,0.1720000,1.000000,0.0044997,0.0035823
24,3.945833,0.4232411,0.2962981,0.1720000,1.000000,0.0044997,0.0035823
24,3.950000,0.4232236,0.2962981,0.1720000,1.000000,0.0044997,0.0035823
24,3.954167,0.4232062,0.2962981,0.1720000,1.000000,0.0044997,0.0035823
24,3.958333,0.4231887,0.2962981,0.1720000,1.000000,0.0044997,0.0035823
24,3.962500,0.4231714,0.2962981,0.1720000,1.000000,0.0044997,0.0035823
24,3.966667,0.4231540,0.2962980,0.1720000,1.000000,0.0044997,0.0035824
24,3.970833,0.4231367,0.2962981,0.1720000,1.000000,0.0044997,0.0035823
24,3.975000,0.4231192,0.2962981,0.1720000,1.000000,0.0044997,0.0035823
24,3.979167,0.4231018,0.2962980,0.1720000,1.000000,0.0044997,0.0035823
24,3.983333,0.4230844,0.2962980,0.1720000,1.000000,0.0044997,0.0035822
24,3.987500,0.4230671,0.2962981,0.1720000,1.000000,0.0044997,0.0035823
24,3.991667,0.4230497,0.2962981,0.1720000,1.000000,0.0044997,0.0035823
24,3.995833,0.4230322,0.2962981,0.1720000,1.000000,0.0044997,0.0035823
24,4.000000,0.4230149,0.2962981,0.1720000,1.000000,0.0044997,0.0035823
24,4.004167,0.4229975,0.2962981,0.1720000,1.000000,0.0044997,0.0035823
24,4.008333,0.4229801,0.2962981,0.1720000,1.000000,0.0044997,0.0035823
24,4.012500,0.4229628,0.2962981,0.1720000,1.000000,0.0044997,0.0035823
24,4.016667,0.4229454,0.2962981,0.1720000,1.000000,0.0044997,0.0035824
24,4.020833,0.4229280,0.2962982,0.1720000,1.000000,0.0044997,0.0035823
24,4.025000,0.4229106,0.2962981,0.1720000,1.000000,0.0044997,0.0035823
24,4.029167,0.4228933,0.2962980,0.1720000,1.000000,0.0044997,0.0035823
24,4.033333,0.4228759,0.2962981,0.1720000,1.000000,0.0044997,0.0035823
24,4.037500,0.4228585,0.2962981,0.1720000,1.000000,0.0044997,0.0035824
24,4.041667,0.4228412,0.2962982,0.1720000,1.000000,0.0044997,0.0035823
24,4.045833,0.4228239,0.2962981,0.1720000,1.000000,0.0044997,0.0035823
24,4.050000,0.4228065,0.2962981,0.1720000,1.000000,0.0044997,0.0035823
24,4.054167,0.4227892,0.2962980,0.1720000,1.000000,0.0044997,0.0035823
24,4.058333,0.4227719,0.2962979,0.1720000,1.000000,0.0044997,0.0035823
24,4.062500,0.4227546,0.2962980,0.1720000,1.000000,0.0044997,0.0035823
24,4.066667,0.4227373,0.2962981,0.1720000,1.000000,0.0044997,0.0035823
24,4.070833,0.4227198,0.2962980,0.1720000,1.000000,0.0044997,0.0035823
24,4.075000,0.4227026,0.2962979,0.1720000,1.000000,0.0044997,0.0035823
24,4.079167,0.4226852,0.2962979,0.1720000,1.000000,0.0044997,0.0035822
24,4.083333,0.4226679,0.2962981,0.1720000,1.000000,0.0044997,0.0035822
24,4.087500,0.4226506,0.2962980,0.1720000,1.000000,0.0044997,0.0035822
24,4.091667,0.4226333,0.2962981,0.1720000,1.000000,0.0044997,0.0035823
24,4.095833,0.4226160,0.2962981,0.1720000,1.000000,0.0044997,0.0035822
24,4.100000,0.4225988,0.2962981,0.1720000,1.000000,0.0044997,0.0035823
24,4.104167,0.4225814,0.2962980,0.1720000,1.000000,0.0044997,0.0035822
24,4.108333,0.4225642,0.2962980,0.1720000,1.000000,0.0044997,0.0035822
24,4.112500,0.4225469,0.2962980,0.1720000,1.000000,0.0044997,0.0035822
24,4.116667,0.4225297,0.2962979,0.1720000,1.000000,0.0044997,0.0035822
24,4.120833,0.4225125,0.2962981,0.1720000,1.000000,0.0044997,0.0035822
24,4.125000,0.4224953,0.2962981,0.1720000,1.000000,0.0044997,0.0035823
24,4.129167,0.4224780,0.2962981,0.1720000,1.000000,0.0044997,0.0035823
24,4.133333,0.4224608,0.2962981,0.1720000,1.000000,0.0044997,0.0035823
24,4.137500,0.4224434,0.2962981,0.1720000,1.000000,0.0044997,0.0035822
24,4.141667,0.4224262,0.2962981,0.1720000,1.000000,0.0044997,0.0035822
24,4.145833,0.4224091,0.2962981,0.1720000,1.000000,0.0044997,0.0035823
24,4.150000,0.4223918,0.2962981,0.1720000,1.000000,0.0044997,0.0035823
24,4.154167,0.4223747,0.2962981,0.1720000,1.000000,0.0044997,0.0035823
24,4.158333,0.4223574,0.2962981,0.1720000,1.000000,0.0044997,0.0035823
24,4.162500,0.4223403,0.2962981,0.1720000,1.000000,0.0044997,0.0035823
24,4.166667,0.4223230,0.2962981,0.1720000,1.000000,0.0044997,0.0035823
24,4.170833,0.4223059,0.2962981,0.1720000,1.000000,0.0044997,0.0035823
24,4.175000,0.4222887,0.2962981,0.1720000,1.000000,0.0044997,0.0035824
24,4.179167,0.4222716,0.2962981,0.1720000,1.000000,0.0044997,0.0035824
24,4.183333,0.4222544,0.2962981,0.1720000,1.000000,0.0044997,0.0035823
24,4.187500,0.4222372,0.2962981,0.1720000,1.000000,0.0044997,0.0035823
24,4.191667,0.4222201,0.2962981,0.1720000,1.000000,0.0044997,0.0035824
24,4.195833,0.4222030,0.2962981,0.1720000,1.000000,0.0044997,0.0035824
24,4.200000,0.4221859,0.2962981,0.1720000,1.000000,0.0044997,0.0035823
24,4.204167,0.4221688,0.2962981,0.1720000,1.000000,0.0044997,0.0035824
24,4.208333,0.4221516,0.2962980,0.1720000,1.000000,0.0044997,0.0035823
24,4.212500,0.4221345,0.2962981,0.1720000,1.000000,0.0044997,0.0035823
24,4.216667,0.4221174,0.2962981,0.1720000,1.000000,0.0044997,0.0035824
24,4.220833,0.4221004,0.2962981,0.1720000,1.000000,0.0044997,0.0035823
24,4.225000,0.4220833,0.2962980,0.1720000,1.000000,0.0044997,0.0035823
24,4.229167,0.4220662,0.2962981,0.1720000,1.000000,0.0044997,0.0035823
24,4.233333,0.4220491,0.2962980,0.1720000,1.000000,0.0044997,0.0035823
24,4.237500,0.4220321,0.2962980,0.1720000,1.000000,0.0044997,0.0035823
24,4.241667,0.4220150,0.2962980,0.1720000,1.000000,0.0044997,0.0035822
24,4.245833,0.4219979,0.2962980,0.1720000,1.000000,0.0044997,0.0035822
24,4.250000,0.4219809,0.2962980,0.1720000,1.000000,0.0044997,0.0035822
24,4.254167,0.4219639,0.2962979,0.1720000,1.000000,0.0044997,0.0035822
24,4.258333,0.4219468,0.2962981,0.1720000,1.000000,0.0044997,0.0035822
24,4.262500,0.4219300,0.2962980,0.1720000,1.000000,0.0044997,0.0035823
24,4.266667,0.4219129,0.2962981,0.1720000,1.000000,0.0044997,0.0035823
24,4.270833,0.4218961,0.2962981,0.1720000,1.000000,0.0044997,0.0035823
24,4.275000,0.4218790,0.2962981,0.1720000,1.000000,0.0044997,0.0035823
24,4.279167,0.4218620,0.2962981,0.1720000,1.000000,0.0044997,0.0035823
24,4.283333,0.4218451,0.2962981,0.1720000,1.000000,0.0044997,0.0035823
24,4.287500,0.4218282,0.2962981,0.1720000,1.000000,0.0044997,0.0035823
24,4.291667,0.4218113,0.2962981,0.1720000,1.000000,0.0044997,0.0035823
24,4.295833,0.4217944,0.2962981,0.1720000,1.000000,0.0044997,0.0035824
24,4.300000,0.4217774,0.2962981,0.1720000,1.000000,0.0044997,0.0035823
24,4.304167,0.4217605,0.2962981,0.1720000,1.000000,0.0044997,0.0035824
24,4.308333,0.4217437,0.2962981,0.1720000,1.000000,0.0044997,0.0035824
24,4.312500,0.4217267,0.2962981,0.1720000,1.000000,0.0044997,0.0035824
24,4.316667,0.4217099,0.2962981,0.1720000,1.000000,0.0044997,0.0035824
24,4.320833,0.4216930,0.2962981,0.1720000,1.000000,0.0044997,0.0035823
24,4.325000,0.4216761,0.2962980,0.1720000,1.000000,0.0044997,0.0035822
24,4.329167,0.4216591,0.2962980,0.1720000,1.000000,0.0044997,0.0035823
24,4.333333,0.4216423,0.2962981,0.1720000,1.000000,0.0044997,0.0035823
24,4.337500,0.4216255,0.2962981,0.1720000,1.000000,0.0044997,0.0035823
24,4.341667,0.4216087,0.2962981,0.1720000,1.000000,0.0044997,0.0035823
24,4.345833,0.4215919,0.2962981,0.1720000,1.000000,0.0044997,0.0035823
24,4.350000,0.4215751,0.2962981,0.1720000,1.000000,0.0044997,0.0035823
24,4.354167,0.4215583,0.2962980,0.1720000,1.000000,0.0044997,0.0035823
24,4.358333,0.4215416,0.2962980,0.1720000,1.000000,0.0044997,0.0035823
24,4.362500,0.4215249,0.2962981,0.1720000,1.000000,0.0044997,0.0035823
24,4.366667,0.4215082,0.2962981,0.1720000,1.000000,0.0044997,0.0035823
24,4.370833,0.4214913,0.2962980,0.1720000,1.000000,0.0044997,0.0035823
24,4.375000,0.4214745,0.2962980,0.1720000,1.000000,0.0044997,0.0035822
24,4.379167,0.4214578,0.2962980,0.1720000,1.000000,0.0044997,0.0035823
24,4.383333,0.4214412,0.2962981,0.1720000,1.000000,0.0044997,0.0035823
24,4.387500,0.4214245,0.2962981,0.1720000,1.000000,0.0044997,0.0035823
24,4.391667,0.4214078,0.2962981,0.1720000,1.000000,0.0044997,0.0035823
24,4.395833,0.4213912,0.2962981,0.1720000,1.000000,0.0044997,0.0035823
24,4.400000,0.4213744,0.2962980,0.1720000,1.000000,0.0044997,0.0035823
24,4.404167,0.4213579,0.2962981,0.1720000,1.000000,0.0044997,0.0035823
24,4.408333,0.4213411,0.2962981,0.1720000,1.000000,0.0044997,0.0035822
24,4.412500,0.4213245,0.2962980,0.1720000,1.000000,0.0044997,0.0035822
24,4.416667,0.4213079,0.2962981,0.1720000,1.000000,0.0044997,0.0035822
24,4.420833,0.4212913,0.2962981,0.1720000,1.000000,0.0044997,0.0035823
24,4.425000,0.4212748,0.2962981,0.1720000,1.000000,0.0044997,0.0035823
24,4.429167,0.4212582,0.2962981,0.1720000,1.000000,0.0044997,0.0035823
24,4.433333,0.4212415,0.2962981,0.1720000,1.000000,0.0044997,0.0035823
24,4.437500,0.4212250,0.2962980,0.1720000,1.000000,0.0044997,0.0035823
24,4.441667,0.4212085,0.2962980,0.1720000,1.000000,0.0044997,0.0035823
24,4.445833,0.4211919,0.2962981,0.1720000,1.000000,0.0044997,0.0035823
24,4.450000,0.4211754,0.2962981,0.1720000,1.000000,0.0044997,0.0035823
24,4.454167,0.4211589,0.2962981,0.1720000,1.000000,0.0044997,0.0035824
24,4.458333,0.4211424,0.2962981,0.1720000,1.000000,0.0044997,0.0035824
24,4.462500,0.4211259,0.2962981,0.1720000,1.000000,0.0044997,0.0035823
24,4.466667,0.4211094,0.2962980,0.1720000,1.000000,0.0044997,0.0035823
24,4.470833,0.4210930,0.2962981,0.1720000,1.000000,0.0044997,0.0035824
24,4.475000,0.4210767,0.2962982,0.1720000,1.000000,0.0044997,0.0035824
24,4.479167,0.4210601,0.2962981,0.1720000,1.000000,0.0044997,0.0035824
24,4.483333,0.4210437,0.2962981,0.1720000,1.000000,0.0044997,0.0035823
24,4.487500,0.4210273,0.2962982,0.1720000,1.000000,0.0044997,0.0035824
24,4.491667,0.4210109,0.2962981,0.1720000,1.000000,0.0044997,0.0035824
24,4.495833,0.4209945,0.2962981,0.1720000,1.000000,0.0044997,0.0035823
24,4.500000,0.4209781,0.2962980,0.1720000,1.000000,0.0044997,0.0035822
24,4.504167,0.4209619,0.2962981,0.1720000,1.000000,0.0044997,0.0035823
24,4.508333,0.4209455,0.2962982,0.1720000,1.000000,0.0044997,0.0035824
24,4.512500,0.4209292,0.2962982,0.1720000,1.000000,0.0044997,0.0035824
24,4.516667,0.4209129,0.2962982,0.1720000,1.000000,0.0044997,0.0035823
24,4.520833,0.4208965,0.2962981,0.1720000,1.000000,0.0044997,0.0035823
24,4.525000,0.4208802,0.2962981,0.1720000,1.000000,0.0044997,0.0035823
24,4.529167,0.4208639,0.2962981,0.1720000,1.000000,0.0044997,0.0035823
24,4.533333,0.4208476,0.2962981,0.1720000,1.000000,0.0044997,0.0035823
24,4.537500,0.4208314,0.2962981,0.1720000,1.000000,0.0044997,0.0035823
24,4.541667,0.4208152,0.2962982,0.1720000,1.000000,0.0044997,0.0035824
24,4.545833,0.4207990,0.2962981,0.1720000,1.000000,0.0044997,0.0035823
24,4.550000,0.4207827,0.2962981,0.1720000,1.000000,0.0044997,0.0035823
24,4.554167,0.4207665,0.2962981,0.1720000,1.000000,0.0044997,0.0035823
24,4.558333,0.4207503,0.2962980,0.1720000,1.000000,0.0044997,0.0035823
24,4.562500,0.4207342,0.2962981,0.1720000,1.000000,0.0044997,0.0035823
24,4.566667,0.4207181,0.2962981,0.1720000,1.000000,0.0044997,0.0035823
24,4.570833,0.4207019,0.2962980,0.1720000,1.000000,0.0044997,0.0035823
24,4.575000,0.4206857,0.2962980,0.1720000,1.000000,0.0044997,0.0035823
24,4.579167,0.4206696,0.2962981,0.1720000,1.000000,0.0044997,0.0035823
24,4.583333,0.4206537,0.2962981,0.1720000,1.000000,0.0044997,0.0035824
24,4.587500,0.4206376,0.2962982,0.1720000,1.000000,0.0044997,0.0035824
24,4.591667,0.4206215,0.2962982,0.1720000,1.000000,0.0044997,0.0035824
24,4.595833,0.4206054,0.2962982,0.1720000,1.000000,0.0044997,0.0035824
24,4.600000,0.4205893,0.2962980,0.1720000,1.000000,0.0044997,0.0035823
24,4.604167,0.4205733,0.2962980,0.1720000,1.000000,0.0044997,0.0035823
24,4.608333,0.4205573,0.2962981,0.1720000,1.000000,0.0044997,0.0035824
24,4.612500,0.4205414,0.2962980,0.1720000,1.000000,0.0044997,0.0035824
24,4.616667,0.4205254,0.2962980,0.1720000,1.000000,0.0044997,0.0035823
24,4.620833,0.4205095,0.2962981,0.1720000,1.000000,0.0044997,0.0035823
24,4.625000,0.4204936,0.2962981,0.1720000,1.000000,0.0044997,0.0035823
24,4.629167,0.4204776,0.2962981,0.1720000,1.000000,0.0044997,0.0035823
24,4.633333,0.4204617,0.2962980,0.1720000,1.000000,0.0044997,0.0035823
24,4.637500,0.4204457,0.2962981,0.1720000,1.000000,0.0044997,0.0035823
24,4.641667,0.4204299,0.2962981,0.1720000,1.000000,0.0044997,0.0035823
24,4.645833,0.4204140,0.2962981,0.1720000,1.000000,0.0044997,0.0035823
24,4.650000,0.4203982,0.2962981,0.1720000,1.000000,0.0044997,0.0035823
24,4.654167,0.4203824,0.2962981,0.1720000,1.000000,0.0044997,0.0035823
24,4.658333,0.4203666,0.2962981,0.1720000,1.000000,0.0044997,0.0035823
24,4.662500,0.4203507,0.2962981,0.1720000,1.000000,0.0044997,0.0035824
24,4.666667,0.4203350,0.2962981,0.1720000,1.000000,0.0044997,0.0035824
24,4.670833,0.4203191,0.2962981,0.1720000,1.000000,0.0044997,0.0035823
24,4.675000,0.4203034,0.2962981,0.1720000,1.000000,0.0044997,0.0035824
24,4.679167,0.4202876,0.2962981,0.1720000,1.000000,0.0044997,0.0035824
24,4.683333,0.4202719,0.2962981,0.1720000,1.000000,0.0044997,0.0035824
24,4.687500,0.4202562,0.2962981,0.1720000,1.000000,0.0044997,0.0035823
24,4.691667,0.4202406,0.2962981,0.1720000,1.000000,0.0044997,0.0035823
24,4.695833,0.4202249,0.2962981,0.1720000,1.000000,0.0044997,0.0035823
24,4.700000,0.4202092,0.2962981,0.1720000,1.000000,0.0044997,0.0035823
24,4.704167,0.4201936,0.2962981,0.1720000,1.000000,0.0044997,0.0035823
24,4.708333,0.4201779,0.2962980,0.1720000,1.000000,0.0044997,0.0035823
24,4.712500,0.4201624,0.2962981,0.1720000,1.000000,0.0044997,0.0035823
24,4.716667,0.4201467,0.2962981,0.1720000,1.000000,0.0044997,0.0035823
24,4.720833,0.4201312,0.2962981,0.1720000,1.000000,0.0044997,0.0035823
24,4.725000,0.4201156,0.2962981,0.1720000,1.000000,0.0044997,0.0035823
24,4.729167,0.4201002,0.2962980,0.1720000,1.000000,0.0044997,0.0035824
24,4.733333,0.4200846,0.2962981,0.1720000,1.000000,0.0044997,0.0035824
24,4.737500,0.4200691,0.2962981,0.1720000,1.000000,0.0044997,0.0035824
24,4.741667,0.4200537,0.2962981,0.1720000,1.000000,0.0044997,0.0035825
24,4.745833,0.4200382,0.2962981,0.1720000,1.000000,0.0044997,0.0035824
24,4.750000,0.4200228,0.2962981,0.1720000,1.000000,0.0044997,0.0035824
24,4.754167,0.4200073,0.2962982,0.1720000,1.000000,0.0044997,0.0035825
24,4.758333,0.4199919,0.2962981,0.1720000,1.000000,0.0044997,0.0035824
24,4.762500,0.4199765,0.2962982,0.1720000,1.000000,0.0044997,0.0035824
24,4.766667,0.4199611,0.2962981,0.1720000,1.000000,0.0044997,0.0035824
24,4.770833,0.4199457,0.2962981,0.1720000,1.000000,0.0044997,0.0035824
24,4.775000,0.4199304,0.2962981,0.1720000,1.000000,0.0044997,0.0035823
24,4.779167,0.4199151,0.2962981,0.1720000,1.000000,0.0044997,0.0035823
24,4.783333,0.4198997,0.2962980,0.1720000,1.000000,0.0044997,0.0035822
24,4.787500,0.4198845,0.2962980,0.1720000,1.000000,0.0044997,0.0035823
24,4.791667,0.4198693,0.2962980,0.1720000,1.000000,0.0044997,0.0035822
24,4.795833,0.4198541,0.2962981,0.1720000,1.000000,0.0044997,0.0035822
24,4.800000,0.4198389,0.2962981,0.1720000,1.000000,0.0044997,0.0035822
24,4.804167,0.4198237,0.2962982,0.1720000,1.000000,0.0044997,0.0035822
24,4.808333,0.4198085,0.2962982,0.1720000,1.000000,0.0044997,0.0035823
24,4.812500,0.4197933,0.2962981,0.1720000,1.000000,0.0044997,0.0035823
24,4.816667,0.4197783,0.2962981,0.1720000,1.000000,0.0044997,0.0035823
24,4.820833,0.4197631,0.2962982,0.1720000,1.000000,0.0044997,0.0035823
24,4.825000,0.4197480,0.2962981,0.1720000,1.000000,0.0044997,0.0035823
24,4.829167,0.4197329,0.2962981,0.1720000,1.000000,0.0044997,0.0035823
24,4.833333,0.4197178,0.2962981,0.1720000,1.000000,0.0044997,0.0035822
24,4.837500,0.4197028,0.2962981,0.1720000,1.000000,0.0044997,0.0035823
24,4.841667,0.4196878,0.2962981,0.1720000,1.000000,0.0044997,0.0035823
24,4.845833,0.4196729,0.2962982,0.1720000,1.000000,0.0044997,0.0035824
24,4.850000,0.4196579,0.2962982,0.1720000,1.000000,0.0044997,0.0035824
24,4.854167,0.4196430,0.2962981,0.1720000,1.000000,0.0044997,0.0035824
24,4.858333,0.4196279,0.2962981,0.1720000,1.000000,0.0044997,0.0035823
24,4.862500,0.4196130,0.2962981,0.1720000,1.000000,0.0044997,0.0035823
24,4.866667,0.4195981,0.2962981,0.1720000,1.000000,0.0044997,0.0035823
24,4.870833,0.4195833,0.2962981,0.1720000,1.000000,0.0044997,0.0035823
24,4.875000,0.4195684,0.2962981,0.1720000,1.000000,0.0044997,0.0035823
24,4.879167,0.4195535,0.2962981,0.1720000,1.000000,0.0044997,0.0035823
24,4.883333,0.4195388,0.2962981,0.1720000,1.000000,0.0044997,0.0035822
24,4.887500,0.4195240,0.2962981,0.1720000,1.000000,0.0044997,0.0035823
24,4.891667,0.4195092,0.2962981,0.1720000,1.000000,0.0044997,0.0035823
24,4.895833,0.4194945,0.2962981,0.1720000,1.000000,0.0044997,0.0035823
24,4.900000,0.4194798,0.2962981,0.1720000,1.000000,0.0044997,0.0035823
24,4.904167,0.4194650,0.2962981,0.1720000,1.000000,0.0044997,0.0035823
24,4.908333,0.4194504,0.2962981,0.1720000,1.000000,0.0044997,0.0035823
24,4.912500,0.4194357,0.2962981,0.1720000,1.000000,0.0044997,0.0035823
24,4.916667,0.4194212,0.2962980,0.1720000,1.000000,0.0044997,0.0035823
24,4.920833,0.4194066,0.2962981,0.1720000,1.000000,0.0044997,0.0035823
24,4.925000,0.4193919,0.2962980,0.1720000,1.000000,0.0044997,0.0035822
24,4.929167,0.4193774,0.2962980,0.1720000,1.000000,0.0044997,0.0035822
24,4.933333,0.4193628,0.2962981,0.1720000,1.000000,0.0044997,0.0035822
24,4.937500,0.4193484,0.2962981,0.1720000,1.000000,0.0044997,0.0035823
24,4.941667,0.4193338,0.2962981,0.1720000,1.000000,0.0044997,0.0035823
24,4.945833,0.4193194,0.2962981,0.1720000,1.000000,0.0044997,0.0035822
24,4.950000,0.4193049,0.2962980,0.1720000,1.000000,0.0044997,0.0035821
24,4.954167,0.4192905,0.2962981,0.1720000,1.000000,0.0044997,0.0035822
24,4.958333,0.4192763,0.2962982,0.1720000,1.000000,0.0044997,0.0035822
24,4.962500,0.4192619,0.2962982,0.1720000,1.000000,0.0044997,0.0035822
24,4.966667,0.4192474,0.2962981,0.1720000,1.000000,0.0044997,0.0035822
24,4.970833,0.4192331,0.2962981,0.1720000,1.000000,0.0044997,0.0035822
24,4.975000,0.4192188,0.2962981,0.1720000,1.000000,0.0044997,0.0035822
24,4.979167,0.4192045,0.2962981,0.1720000,1.000000,0.0044997,0.0035822
24,4.983333,0.4191904,0.2962981,0.1720000,1.000000,0.0044997,0.0035822
24,4.987500,0.4191761,0.2962981,0.1720000,1.000000,0.0044997,0.0035822
24,4.991667,0.4191619,0.2962981,0.1720000,1.000000,0.0044997,0.0035822
24,4.995833,0.4191478,0.2962981,0.1720000,1.000000,0.0044997,0.0035823
24,5.000000,0.4191337,0.2962981,0.1720000,1.000000,0.0044997,0.0035823
24,5.004167,0.4191196,0.2962982,0.1720000,1.000000,0.0044997,0.0035823
24,5.008333,0.4191054,0.2962981,0.1720000,1.000000,0.0044997,0.0035823
24,5.012500,0.4190915,0.2962981,0.1720000,1.000000,0.0044997,0.0035823
24,5.016667,0.4190772,0.2962981,0.1720000,1.000000,0.0044997,0.0035822
24,5.020833,0.4190634,0.2962980,0.1720000,1.000000,0.0044997,0.0035823
24,5.025000,0.4190494,0.2962980,0.1720000,1.000000,0.0044997,0.0035822
24,5.029167,0.4190355,0.2962981,0.1720000,1.000000,0.0044997,0.0035823
24,5.033333,0.4190216,0.2962981,0.1720000,1.000000,0.0044997,0.0035823
24,5.037500,0.4190076,0.2962981,0.1720000,1.000000,0.0044997,0.0035822
24,5.041667,0.4189937,0.2962980,0.1720000,1.000000,0.0044997,0.0035822
24,5.045833,0.4189799,0.2962981,0.1720000,1.000000,0.0044997,0.0035823
24,5.050000,0.4189661,0.2962980,0.1720000,1.000000,0.0044997,0.0035822
24,5.054167,0.4189523,0.2962981,0.1720000,1.000000,0.0044997,0.0035823
24,5.058333,0.4189387,0.2962981,0.1720000,1.000000,0.0044997,0.0035823
24,5.062500,0.4189249,0.2962981,0.1720000,1.000000,0.0044997,0.0035823
24,5.066667,0.4189113,0.2962981,0.1720000,1.000000,0.0044997,0.0035823
24,5.070833,0.4188975,0.2962981,0.1720000,1.000000,0.0044997,0.0035823
24,5.075000,0.4188838,0.2962980,0.1720000,1.000000,0.0044997,0.0035822
24,5.079167,0.4188704,0.2962981,0.1720000,1.000000,0.0044997,0.0035823
24,5.083333,0.4188568,0.2962981,0.1720000,1.000000,0.0044997,0.0035823
24,5.087500,0.4188433,0.2962981,0.1720000,1.000000,0.0044997,0.0035824
24,5.091667,0.4188297,0.2962981,0.1720000,1.000000,0.0044997,0.0035823
24,5.095833,0.4188162,0.2962981,0.1720000,1.000000,0.0044997,0.0035823
24,5.100000,0.4188028,0.2962981,0.1720000,1.000000,0.0044997,0.0035822
24,5.104167,0.4187894,0.2962981,0.1720000,1.000000,0.0044997,0.0035822
24,5.108333,0.4187759,0.2962981,0.1720000,1.000000,0.0044997,0.0035822
24,5.112500,0.4187626,0.2962981,0.1720000,1.000000,0.0044997,0.0035823
24,5.116667,0.4187492,0.2962981,0.1720000,1.000000,0.0044997,0.0035823
24,5.120833,0.4187359,0.2962981,0.1720000,1.000000,0.0044997,0.0035822
24,5.125000,0.4187226,0.2962981,0.1720000,1.000000,0.0044997,0.0035822
24,5.129167,0.4187095,0.2962981,0.1720000,1.000000,0.0044997,0.0035823
24,5.133333,0.4186963,0.2962981,0.1720000,1.000000,0.0044997,0.0035823
24,5.137500,0.4186831,0.2962981,0.1720000,1.000000,0.0044997,0.0035823
24,5.141667,0.4186699,0.2962981,0.1720000,1.000000,0.0044997,0.0035823
24,5.145833,0.4186568,0.2962981,0.1720000,1.000000,0.0044997,0.0035823
24,5.150000,0.4186437,0.2962981,0.1720000,1.000000,0.0044997,0.0035823
24,5.154167,0.4186307,0.2962981,0.1720000,1.000000,0.0044997,0.0035824
24,5.158333,0.4186177,0.2962981,0.1720000,1.000000,0.0044997,0.0035823
24,5.162500,0.4186048,0.2962981,0.1720000,1.000000,0.0044997,0.0035823
24,5.166667,0.4185917,0.2962981,0.1720000,1.000000,0.0044997,0.0035824
24,5.170833,0.4185790,0.2962981,0.1720000,1.000000,0.0044997,0.0035823
24,5.175000,0.4185659,0.2962981,0.1720000,1.000000,0.0044997,0.0035824
24,5.179167,0.4185533,0.2962981,0.1720000,1.000000,0.0044997,0.0035823
24,5.183333,0.4185404,0.2962981,0.1720000,1.000000,0.0044997,0.0035823
24,5.187500,0.4185276,0.2962981,0.1720000,1.000000,0.0044997,0.0035823
24,5.191667,0.4185148,0.2962979,0.1720000,1.000000,0.0044997,0.0035822
24,5.195833,0.4185022,0.2962981,0.1720000,1.000000,0.0044997,0.0035823
24,5.200000,0.4184895,0.2962981,0.1720000,1.000000,0.0044997,0.0035823
24,5.204167,0.4184769,0.2962981,0.1720000,1.000000,0.0044997,0.0035823
24,5.208333,0.4184644,0.2962981,0.1720000,1.000000,0.0044997,0.0035823
24,5.212500,0.4184518,0.2962981,0.1720000,1.000000,0.0044997,0.0035823
24,5.216667,0.4184392,0.2962980,0.1720000,1.000000,0.0044997,0.0035822
24,5.220833,0.4184268,0.2962980,0.1720000,1.000000,0.0044997,0.0035823
24,5.225000,0.4184143,0.2962979,0.1720000,1.000000,0.0044997,0.0035822
24,5.229167,0.4184019,0.2962981,0.1720000,1.000000,0.0044997,0.0035823
24,5.233333,0.4183896,0.2962980,0.1720000,1.000000,0.0044997,0.0035822
24,5.237500,0.4183773,0.2962982,0.1720000,1.000000,0.0044997,0.0035823
24,5.241667,0.4183650,0.2962981,0.1720000,1.000000,0.0044997,0.0035823
24,5.245833,0.4183527,0.2962982,0.1720000,1.000000,0.0044997,0.0035823
24,5.250000,0.4183405,0.2962980,0.1720000,1.000000,0.0044997,0.0035823
24,5.254167,0.4183283,0.2962982,0.1720000,1.000000,0.0044997,0.0035823
24,5.258333,0.4183161,0.2962981,0.1720000,1.000000,0.0044997,0.0035823
24,5.262500,0.4183041,0.2962982,0.1720000,1.000000,0.0044997,0.0035823
24,5.266667,0.4182920,0.2962981,0.1720000,1.000000,0.0044997,0.0035824
24,5.270833,0.4182800,0.2962982,0.1720000,1.000000,0.0044997,0.0035823
24,5.275000,0.4182680,0.2962981,0.1720000,1.000000,0.0044997,0.0035824
24,5.279167,0.4182561,0.2962981,0.1720000,1.000000,0.0044997,0.0035823
24,5.283333,0.4182442,0.2962981,0.1720000,1.000000,0.0044997,0.0035823
24,5.287500,0.4182324,0.2962981,0.1720000,1.000000,0.0044997,0.0035823
24,5.291667,0.4182205,0.2962981,0.1720000,1.000000,0.0044997,0.0035823
24,5.295833,0.4182089,0.2962982,0.1720000,1.000000,0.0044997,0.0035823
24,5.300000,0.4181970,0.2962981,0.1720000,1.000000,0.0044997,0.0035823
24,5.304167,0.4181855,0.2962982,0.1720000,1.000000,0.0044997,0.0035824
24,5.308333,0.4181737,0.2962981,0.1720000,1.000000,0.0044997,0.0035823
24,5.312500,0.4181622,0.2962981,0.1720000,1.000000,0.0044997,0.0035824
24,5.316667,0.4181505,0.2962981,0.1720000,1.000000,0.0044997,0.0035823
24,5.320833,0.4181390,0.2962982,0.1720000,1.000000,0.0044997,0.0035823
24,5.325000,0.4181277,0.2962981,0.1720000,1.000000,0.0044997,0.0035823
24,5.329167,0.4181162,0.2962982,0.1720000,1.000000,0.0044997,0.0035823
24,5.333333,0.4181048,0.2962981,0.1720000,1.000000,0.0044997,0.0035823
24,5.337500,0.4180934,0.2962981,0.1720000,1.000000,0.0044997,0.0035823
24,5.341667,0.4180821,0.2962980,0.1720000,1.000000,0.0044997,0.0035822
24,5.345833,0.4180709,0.2962981,0.1720000,1.000000,0.0044997,0.0035823
24,5.350000,0.4180597,0.2962981,0.1720000,1.000000,0.0044997,0.0035823
24,5.354167,0.4180485,0.2962981,0.1720000,1.000000,0.0044997,0.0035824
24,5.358333,0.4180374,0.2962981,0.1720000,1.000000,0.0044997,0.0035823
24,5.362500,0.4180263,0.2962981,0.1720000,1.000000,0.0044997,0.0035824
24,5.366667,0.4180153,0.2962981,0.1720000,1.000000,0.0044997,0.0035823
24,5.370833,0.4180044,0.2962981,0.1720000,1.000000,0.0044997,0.0035824
24,5.375000,0.4179935,0.2962981,0.1720000,1.000000,0.0044997,0.0035823
24,5.379167,0.4179826,0.2962981,0.1720000,1.000000,0.0044997,0.0035823
24,5.383333,0.4179716,0.2962981,0.1720000,1.000000,0.0044997,0.0035822
24,5.387500,0.4179609,0.2962981,0.1720000,1.000000,0.0044997,0.0035823
24,5.391667,0.4179501,0.2962981,0.1720000,1.000000,0.0044997,0.0035823
24,5.395833,0.4179396,0.2962981,0.1720000,1.000000,0.0044997,0.0035823
24,5.400000,0.4179288,0.2962981,0.1720000,1.000000,0.0044997,0.0035823
24,5.404167,0.4179182,0.2962981,0.1720000,1.000000,0.0044997,0.0035823
24,5.408333,0.4179076,0.2962981,0.1720000,1.000000,0.0044997,0.0035821
24,5.412500,0.4178972,0.2962981,0.1720000,1.000000,0.0044997,0.0035822
24,5.416667,0.4178867,0.2962980,0.1720000,1.000000,0.0044997,0.0035822
24,5.420833,0.4178763,0.2962981,0.1720000,1.000000,0.0044997,0.0035823
24,5.425000,0.4178660,0.2962981,0.1720000,1.000000,0.0044997,0.0035823
24,5.429167,0.4178557,0.2962982,0.1720000,1.000000,0.0044997,0.0035823
24,5.433333,0.4178455,0.2962981,0.1720000,1.000000,0.0044997,0.0035822
24,5.437500,0.4178352,0.2962982,0.1720000,1.000000,0.0044997,0.0035822
24,5.441667,0.4178252,0.2962981,0.1720000,1.000000,0.0044997,0.0035822
24,5.445833,0.4178150,0.2962981,0.1720000,1.000000,0.0044997,0.0035823
24,5.450000,0.4178049,0.2962980,0.1720000,1.000000,0.0044997,0.0035822
24,5.454167,0.4177950,0.2962981,0.1720000,1.000000,0.0044997,0.0035823
24,5.458333,0.4177851,0.2962981,0.1720000,1.000000,0.0044997,0.0035823
24,5.462500,0.4177752,0.2962982,0.1720000,1.000000,0.0044997,0.0035823
24,5.466667,0.4177654,0.2962980,0.1720000,1.000000,0.0044997,0.0035823
24,5.470833,0.4177556,0.2962981,0.1720000,1.000000,0.0044997,0.0035823
24,5.475000,0.4177459,0.2962980,0.1720000,1.000000,0.0044997,0.0035823
24,5.479167,0.4177363,0.2962981,0.1720000,1.000000,0.0044997,0.0035823
24,5.483333,0.4177266,0.2962979,0.1720000,1.000000,0.0044997,0.0035823
24,5.487500,0.4177170,0.2962980,0.1720000,1.000000,0.0044997,0.0035823
24,5.491667,0.4177074,0.2962980,0.1720000,1.000000,0.0044997,0.0035822
24,5.495833,0.4176982,0.2962981,0.1720000,1.000000,0.0044997,0.0035823
24,5.500000,0.4176888,0.2962981,0.1720000,1.000000,0.0044997,0.0035823
24,5.504167,0.4176795,0.2962981,0.1720000,1.000000,0.0044997,0.0035823
24,5.508333,0.4176702,0.2962980,0.1720000,1.000000,0.0044997,0.0035823
24,5.512500,0.4176610,0.2962981,0.1720000,1.000000,0.0044997,0.0035823
24,5.516667,0.4176518,0.2962980,0.1720000,1.000000,0.0044997,0.0035822
24,5.520833,0.4176428,0.2962981,0.1720000,1.000000,0.0044997,0.0035823
24,5.525000,0.4176336,0.2962980,0.1720000,1.000000,0.0044997,0.0035822
24,5.529167,0.4176247,0.2962981,0.1720000,1.000000,0.0044997,0.0035823
24,5.533333,0.4176159,0.2962980,0.1720000,1.000000,0.0044997,0.0035823
24,5.537500,0.4176069,0.2962982,0.1720000,1.000000,0.0044997,0.0035823
24,5.541667,0.4175982,0.2962981,0.1720000,1.000000,0.0044997,0.0035823
24,5.545833,0.4175895,0.2962982,0.1720000,1.000000,0.0044997,0.0035824
24,5.550000,0.4175808,0.2962981,0.1720000,1.000000,0.0044997,0.0035823
24,5.554167,0.4175722,0.2962981,0.1720000,1.000000,0.0044997,0.0035823
24,5.558333,0.4175635,0.2962980,0.1720000,1.000000,0.0044997,0.0035823
24,5.562500,0.4175551,0.2962982,0.1720000,1.000000,0.0044997,0.0035824
24,5.566667,0.4175467,0.2962981,0.1720000,1.000000,0.0044997,0.0035824
24,5.570833,0.4175383,0.2962981,0.1720000,1.000000,0.0044997,0.0035824
24,5.575000,0.4175300,0.2962981,0.1720000,1.000000,0.0044997,0.0035824
24,5.579167,0.4175218,0.2962982,0.1720000,1.000000,0.0044997,0.0035824
24,5.583333,0.4175136,0.2962981,0.1720000,1.000000,0.0044997,0.0035823
24,5.587500,0.4175055,0.2962981,0.1720000,1.000000,0.0044997,0.0035823
24,5.591667,0.4174972,0.2962981,0.1720000,1.000000,0.0044997,0.0035823
24,5.595833,0.4174894,0.2962981,0.1720000,1.000000,0.0044997,0.0035823
24,5.600000,0.4174815,0.2962981,0.1720000,1.000000,0.0044997,0.0035823
24,5.604167,0.4174736,0.2962981,0.1720000,1.000000,0.0044997,0.0035824
24,5.608333,0.4174658,0.2962981,0.1720000,1.000000,0.0044997,0.0035823
24,5.612500,0.4174581,0.2962981,0.1720000,1.000000,0.0044997,0.0035824
24,5.616667,0.4174503,0.2962980,0.1720000,1.000000,0.0044997,0.0035823
24,5.620833,0.4174428,0.2962982,0.1720000,1.000000,0.0044997,0.0035823
24,5.625000,0.4174352,0.2962981,0.1720000,1.000000,0.0044997,0.0035823
24,5.629167,0.4174277,0.2962981,0.1720000,1.000000,0.0044997,0.0035823
24,5.633333,0.4174203,0.2962981,0.1720000,1.000000,0.0044997,0.0035823
24,5.637500,0.4174130,0.2962982,0.1720000,1.000000,0.0044997,0.0035824
24,5.641667,0.4174057,0.2962981,0.1720000,1.000000,0.0044997,0.0035823
24,5.645833,0.4173986,0.2962981,0.1720000,1.000000,0.0044997,0.0035824
24,5.650000,0.4173914,0.2962981,0.1720000,1.000000,0.0044997,0.0035823
24,5.654167,0.4173844,0.2962981,0.1720000,1.000000,0.0044997,0.0035823
24,5.658333,0.4173772,0.2962980,0.1720000,1.000000,0.0044997,0.0035822
24,5.662500,0.4173705,0.2962982,0.1720000,1.000000,0.0044997,0.0035823
24,5.666667,0.4173636,0.2962981,0.1720000,1.000000,0.0044997,0.0035823
24,5.670833,0.4173568,0.2962982,0.1720000,1.000000,0.0044997,0.0035823
24,5.675000,0.4173501,0.2962982,0.1720000,1.000000,0.0044997,0.0035823
24,5.679167,0.4173435,0.2962982,0.1720000,1.000000,0.0044997,0.0035823
24,5.683333,0.4173368,0.2962980,0.1720000,1.000000,0.0044997,0.0035822
24,5.687500,0.4173304,0.2962981,0.1720000,1.000000,0.0044997,0.0035823
24,5.691667,0.4173239,0.2962980,0.1720000,1.000000,0.0044997,0.0035823
24,5.695833,0.4173177,0.2962981,0.1720000,1.000000,0.0044997,0.0035823
24,5.700000,0.4173113,0.2962981,0.1720000,1.000000,0.0044997,0.0035823
24,5.704167,0.4173052,0.2962982,0.1720000,1.000000,0.0044997,0.0035824
24,5.708333,0.4172990,0.2962981,0.1720000,1.000000,0.0044997,0.0035823
24,5.712500,0.4172930,0.2962982,0.1720000,1.000000,0.0044997,0.0035824
24,5.716667,0.4172870,0.2962982,0.1720000,1.000000,0.0044997,0.0035824
24,5.720833,0.4172812,0.2962982,0.1720000,1.000000,0.0044997,0.0035825
24,5.725000,0.4172753,0.2962982,0.1720000,1.000000,0.0044997,0.0035824
24,5.729167,0.4172695,0.2962982,0.1720000,1.000000,0.0044997,0.0035825
24,5.733333,0.4172638,0.2962981,0.1720000,1.000000,0.0044997,0.0035823
24,5.737500,0.4172582,0.2962982,0.1720000,1.000000,0.0044997,0.0035824
24,5.741667,0.4172526,0.2962980,0.1720000,1.000000,0.0044997,0.0035823
24,5.745833,0.4172472,0.2962982,0.1720000,1.000000,0.0044997,0.0035824
24,5.750000,0.4172418,0.2962981,0.1720000,1.000000,0.0044997,0.0035823
24,5.754167,0.4172366,0.2962982,0.1720000,1.000000,0.0044997,0.0035823
24,5.758333,0.4172314,0.2962981,0.1720000,1.000000,0.0044997,0.0035822
24,5.762500,0.4172262,0.2962981,0.1720000,1.000000,0.0044997,0.0035824
24,5.766667,0.4172212,0.2962981,0.1720000,1.000000,0.0044997,0.0035823
24,5.770833,0.4172162,0.2962981,0.1720000,1.000000,0.0044997,0.0035824
24,5.775000,0.4172113,0.2962981,0.1720000,1.000000,0.0044997,0.0035822
24,5.779167,0.4172065,0.2962981,0.1720000,1.000000,0.0044997,0.0035823
24,5.783333,0.4172016,0.2962980,0.1720000,1.000000,0.0044997,0.0035822
24,5.787500,0.4171971,0.2962981,0.1720000,1.000000,0.0044997,0.0035823
24,5.791667,0.4171925,0.2962981,0.1720000,1.000000,0.0044997,0.0035822
24,5.795833,0.4171881,0.2962981,0.1720000,1.000000,0.0044997,0.0035823
24,5.800000,0.4171836,0.2962981,0.1720000,1.000000,0.0044997,0.0035822
24,5.804167,0.4171793,0.2962981,0.1720000,1.000000,0.0044997,0.0035824
24,5.808333,0.4171751,0.2962981,0.1720000,1.000000,0.0044997,0.0035823
24,5.812500,0.4171709,0.2962982,0.1720000,1.000000,0.0044997,0.0035824
24,5.816667,0.4171669,0.2962982,0.1720000,1.000000,0.0044997,0.0035823
24,5.820833,0.4171629,0.2962981,0.1720000,1.000000,0.0044997,0.0035823
24,5.825000,0.4171588,0.2962980,0.1720000,1.000000,0.0044997,0.0035823
24,5.829167,0.4171551,0.2962982,0.1720000,1.000000,0.0044997,0.0035823
24,5.833333,0.4171514,0.2962981,0.1720000,1.000000,0.0044997,0.0035823
24,5.837500,0.4171478,0.2962982,0.1720000,1.000000,0.0044997,0.0035824
24,5.841667,0.4171441,0.2962981,0.1720000,1.000000,0.0044997,0.0035823
24,5.845833,0.4171408,0.2962982,0.1720000,1.000000,0.0044997,0.0035824
24,5.850000,0.4171373,0.2962981,0.1720000,1.000000,0.0044997,0.0035823
24,5.854167,0.4171341,0.2962982,0.1720000,1.000000,0.0044997,0.0035824
24,5.858333,0.4171307,0.2962982,0.1720000,1.000000,0.0044997,0.0035823
24,5.862500,0.4171277,0.2962981,0.1720000,1.000000,0.0044997,0.0035824
24,5.866667,0.4171245,0.2962981,0.1720000,1.000000,0.0044997,0.0035822
24,5.870833,0.4171216,0.2962982,0.1720000,1.000000,0.0044997,0.0035823
24,5.875000,0.4171187,0.2962981,0.1720000,1.000000,0.0044997,0.0035823
24,5.879167,0.4171160,0.2962982,0.1720000,1.000000,0.0044997,0.0035823
24,5.883333,0.4171133,0.2962980,0.1720000,1.000000,0.0044997,0.0035822
24,5.887500,0.4171107,0.2962981,0.1720000,1.000000,0.0044997,0.0035823
24,5.891667,0.4171081,0.2962981,0.1720000,1.000000,0.0044997,0.0035823
24,5.895833,0.4171058,0.2962982,0.1720000,1.000000,0.0044997,0.0035823
24,5.900000,0.4171034,0.2962980,0.1720000,1.000000,0.0044997,0.0035822
24,5.904167,0.4171012,0.2962982,0.1720000,1.000000,0.0044997,0.0035823
24,5.908333,0.4170988,0.2962980,0.1720000,1.000000,0.0044997,0.0035822
24,5.912500,0.4170969,0.2962981,0.1720000,1.000000,0.0044997,0.0035823
24,5.916667,0.4170949,0.2962980,0.1720000,1.000000,0.0044997,0.0035822
24,5.920833,0.4170931,0.2962981,0.1720000,1.000000,0.0044997,0.0035823
24,5.925000,0.4170914,0.2962981,0.1720000,1.000000,0.0044997,0.0035823
24,5.929167,0.4170897,0.2962982,0.1720000,1.000000,0.0044997,0.0035824
24,5.933333,0.4170880,0.2962980,0.1720000,1.000000,0.0044997,0.0035823
24,5.937500,0.4170866,0.2962982,0.1720000,1.000000,0.0044997,0.0035824
24,5.941667,0.4170851,0.2962981,0.1720000,1.000000,0.0044997,0.0035823
24,5.945833,0.4170839,0.2962982,0.1720000,1.000000,0.0044997,0.0035824
24,5.950000,0.4170825,0.2962981,0.1720000,1.000000,0.0044997,0.0035823
24,5.954167,0.4170816,0.2962982,0.1720000,1.000000,0.0044997,0.0035824
24,5.958333,0.4170804,0.2962982,0.1720000,1.000000,0.0044997,0.0035824
24,5.962500,0.4170796,0.2962982,0.1720000,1.000000,0.0044997,0.0035825
24,5.966667,0.4170787,0.2962981,0.1720000,1.000000,0.0044997,0.0035823
24,5.970833,0.4170780,0.2962981,0.1720000,1.000000,0.0044997,0.0035824
24,5.975000,0.4170772,0.2962979,0.1720000,1.000000,0.0044997,0.0035821
24,5.979167,0.4170766,0.2962977,0.1720000,1.000000,0.0044997,0.0035819
24,5.983333,0.4170759,0.2962973,0.1720000,1.000000,0.0044997,0.0035816
24,5.987500,0.4170756,0.2962973,0.1720000,1.000000,0.0044997,0.0035815
24,5.991667,0.4170753,0.2962973,0.1720000,1.000000,0.0044997,0.0035815
24,5.995833,0.4170754,0.2962976,0.1720000,1.000000,0.0044997,0.0035818
24,6.000000,0.4170755,0.2962980,0.1720000,1.000000,0.0044997,0.0035823
25,0.000000,0.4170755,0.2962980,0.1720000,1.000000,0.0044997,0.0035823
25,0.004167,0.4170754,0.2962976,0.1720000,1.000000,0.0044997,0.0035818
25,0.008333,0.4170753,0.2962972,0.1720000,1.000000,0.0044997,0.0035815
25,0.012500,0.4170756,0.2962973,0.1720000,1.000000,0.0044997,0.0035815
25,0.016667,0.4170760,0.2962973,0.1720000,1.000000,0.0044997,0.0035815
25,0.020833,0.4170766,0.2962976,0.1720000,1.000000,0.0044997,0.0035819
25,0.025000,0.4170772,0.2962978,0.1720000,1.000000,0.0044997,0.0035820
25,0.029167,0.4170780,0.2962981,0.1720000,1.000000,0.0044997,0.0035823
25,0.033333,0.4170788,0.2962981,0.1720000,1.000000,0.0044997,0.0035823
25,0.037500,0.4170797,0.2962981,0.1720000,1.000000,0.0044997,0.0035824
25,0.041667,0.4170807,0.2962981,0.1720000,1.000000,0.0044997,0.0035823
25,0.045833,0.4170817,0.2962982,0.1720000,1.000000,0.0044997,0.0035825
25,0.050000,0.4170828,0.2962981,0.1720000,1.000000,0.0044997,0.0035824
25,0.054167,0.4170842,0.2962983,0.1720000,1.000000,0.0044997,0.0035825
25,0.058333,0.4170855,0.2962981,0.1720000,1.000000,0.0044997,0.0035824
25,0.062500,0.4170870,0.2962982,0.1720000,1.000000,0.0044997,0.0035825
25,0.066667,0.4170884,0.2962980,0.1720000,1.000000,0.0044997,0.0035823
25,0.070833,0.4170902,0.2962981,0.1720000,1.000000,0.0044997,0.0035824
25,0.075000,0.4170919,0.2962981,0.1720000,1.000000,0.0044997,0.0035823
25,0.079167,0.4170939,0.2962982,0.1720000,1.000000,0.0044997,0.0035824
25,0.083333,0.4170958,0.2962981,0.1720000,1.000000,0.0044997,0.0035823
25,0.087500,0.4170980,0.2962982,0.1720000,1.000000,0.0044997,0.0035823
25,0.091667,0.4171000,0.2962980,0.1720000,1.000000,0.0044997,0.0035823
25,0.095833,0.4171025,0.2962981,0.1720000,1.000000,0.0044997,0.0035823
25,0.100000,0.4171048,0.2962980,0.1720000,1.000000,0.0044997,0.0035823
25,0.104167,0.4171074,0.2962981,0.1720000,1.000000,0.0044997,0.0035823
25,0.108333,0.4171101,0.2962980,0.1720000,1.000000,0.0044997,0.0035822
25,0.112500,0.4171129,0.2962981,0.1720000,1.000000,0.0044997,0.0035824
25,0.116667,0.4171156,0.2962980,0.1720000,1.000000,0.0044997,0.0035823
25,0.120833,0.4171186,0.2962982,0.1720000,0.999999,0.0044997,0.0035824
25,0.125000,0.4171217,0.2962981,0.1720000,0.999999,0.0044997,0.0035823
25,0.129167,0.4171249,0.2962982,0.1720000,0.999987,0.0044997,0.0035824
25,0.133333,0.4171280,0.2962981,0.1720000,0.999975,0.0044997,0.0035822
25,0.137500,0.4171316,0.2962982,0.1720000,0.999935,0.0044997,0.0035824
25,0.141667,0.4171350,0.2962981,0.1720000,0.999896,0.0044997,0.0035823
25,0.145833,0.4171387,0.2962982,0.1720000,0.999811,0.0044997,0.0035824
25,0.150000,0.4171424,0.2962981,0.1720000,0.999726,0.0044997,0.0035823
25,0.154167,0.4171463,0.2962982,0.1720000,0.999581,0.0044997,0.0035824
25,0.158333,0.4171501,0.2962981,0.1720000,0.999436,0.0044997,0.0035822
25,0.162500,0.4171543,0.2962982,0.1720000,0.999216,0.0044997,0.0035824
25,0.166667,0.4171583,0.2962981,0.1720000,0.998996,0.0044997,0.0035823
25,0.170833,0.4171627,0.2962982,0.1720000,0.998687,0.0044997,0.0035824
25,0.175000,0.4171670,0.2962981,0.1720000,0.998378,0.0044997,0.0035823
25,0.179167,0.4171716,0.2962982,0.1720000,0.997967,0.0044997,0.0035824
25,0.183333,0.4171760,0.2962979,0.1720000,0.997556,0.0044997,0.0035822
25,0.187500,0.4171808,0.2962981,0.1720000,0.997031,0.0044997,0.0035824
25,0.191667,0.4171856,0.2962980,0.1720000,0.996506,0.0044997,0.0035823
25,0.195833,0.4171906,0.2962982,0.1720000,0.995855,0.0044997,0.0035824
25,0.200000,0.4171956,0.2962981,0.1720000,0.995204,0.0044997,0.0035823
25,0.204167,0.4172010,0.2962982,0.1720000,0.994418,0.0044997,0.0035825
25,0.208333,0.4172062,0.2962982,0.1720000,0.993631,0.0044997,0.0035825
25,0.212500,0.4172117,0.2962982,0.1720000,0.992699,0.0044997,0.0035825
25,0.216667,0.4172170,0.2962982,0.1720000,0.991767,0.0044997,0.0035823
25,0.220833,0.4172229,0.2962983,0.1720000,0.990680,0.0044997,0.0035825
25,0.225000,0.4172285,0.2962982,0.1720000,0.989592,0.0044997,0.0035824
25,0.229167,0.4172343,0.2962982,0.1720000,0.988342,0.0044997,0.0035824
25,0.233333,0.4172402,0.2962981,0.1720000,0.987092,0.0044997,0.0035822
25,0.237500,0.4172465,0.2962982,0.1720000,0.985672,0.0044997,0.0035824
25,0.241667,0.4172526,0.2962981,0.1720000,0.984251,0.0044997,0.0035823
25,0.245833,0.4172591,0.2962982,0.1720000,0.982653,0.0044997,0.0035824
25,0.250000,0.4172654,0.2962981,0.1720000,0.981056,0.0044997,0.0035823
25,0.254167,0.4172722,0.2962982,0.1720000,0.979274,0.0044997,0.0035824
25,0.258333,0.4172786,0.2962982,0.1720000,0.977493,0.0044997,0.0035823
25,0.262500,0.4172855,0.2962982,0.1720000,0.975524,0.0044997,0.0035824
25,0.266667,0.4172923,0.2962981,0.1720000,0.973554,0.0044997,0.0035823
25,0.270833,0.4172995,0.2962981,0.1720000,0.971391,0.0044997,0.0035825
25,0.275000,0.4173066,0.2962981,0.1720000,0.969227,0.0044997,0.0035823
25,0.279167,0.4173139,0.2962982,0.1720000,0.966867,0.0044997,0.0035824
25,0.283333,0.4173211,0.2962981,0.1720000,0.964506,0.0044997,0.0035823
25,0.287500,0.4173288,0.2962982,0.1720000,0.961945,0.0044997,0.0035824
25,0.291667,0.4173363,0.2962982,0.1720000,0.959383,0.0044997,0.0035824
25,0.295833,0.4173441,0.2962982,0.1720000,0.956618,0.0044997,0.0035824
25,0.300000,0.4173518,0.2962980,0.1720000,0.953854,0.0044997,0.0035823
25,0.304167,0.4173600,0.2962982,0.1720000,0.950883,0.0044997,0.0035824
25,0.308333,0.4173680,0.2962981,0.1720000,0.947912,0.0044997,0.0035822
25,0.312500,0.4173765,0.2962982,0.1720000,0.944734,0.0044997,0.0035824
25,0.316667,0.4173846,0.2962982,0.1720000,0.941556,0.0044997,0.0035823
25,0.320833,0.4173932,0.2962982,0.1720000,0.938170,0.0044997,0.0035823
25,0.325000,0.4174017,0.2962980,0.1720000,0.934784,0.0044997,0.0035822
25,0.329167,0.4174106,0.2962982,0.1720000,0.931189,0.0044997,0.0035823
25,0.333333,0.4174192,0.2962981,0.1720000,0.927594,0.0044997,0.0035822
25,0.337500,0.4174283,0.2962982,0.1720000,0.923791,0.0044997,0.0035823
25,0.341667,0.4174372,0.2962981,0.1720000,0.919987,0.0044997,0.0035822
25,0.345833,0.4174465,0.2962982,0.1720000,0.915976,0.0044997,0.0035824
25,0.350000,0.4174558,0.2962981,0.1720000,0.911965,0.0044997,0.0035823
25,0.354167,0.4174654,0.2962982,0.1720000,0.907747,0.0044997,0.0035824
25,0.358333,0.4174748,0.2962980,0.1720000,0.903529,0.0044997,0.0035822
25,0.362500,0.4174846,0.2962982,0.1720000,0.899106,0.0044997,0.0035824
25,0.366667,0.4174944,0.2962981,0.1720000,0.894683,0.0044997,0.0035823
25,0.370833,0.4175043,0.2962982,0.1720000,0.890057,0.0044997,0.0035824
25,0.375000,0.4175143,0.2962980,0.1720000,0.885431,0.0044997,0.0035823
25,0.379167,0.4175246,0.2962982,0.1720000,0.880605,0.0044997,0.0035823
25,0.383333,0.4175348,0.2962980,0.1720000,0.875779,0.0044997,0.0035822
25,0.387500,0.4175453,0.2962981,0.1720000,0.870755,0.0044997,0.0035823
25,0.391667,0.4175558,0.2962980,0.1720000,0.865732,0.0044997,0.0035822
25,0.395833,0.4175667,0.2962981,0.1720000,0.860515,0.0044997,0.0035823
25,0.400000,0.4175775,0.2962981,0.1720000,0.855298,0.0044997,0.0035823
25,0.404167,0.4175885,0.2962982,0.1720000,0.849892,0.0044997,0.0035824
25,0.408333,0.4175995,0.2962981,0.1720000,0.844485,0.0044997,0.0035823
25,0.412500,0.4176108,0.2962982,0.1720000,0.838893,0.0044997,0.0035824
25,0.416667,0.4176219,0.2962980,0.1720000,0.833301,0.0044997,0.0035823
25,0.420833,0.4176335,0.2962982,0.1720000,0.827529,0.0044997,0.0035824
25,0.425000,0.4176451,0.2962981,0.1720000,0.821756,0.0044997,0.0035824
25,0.429167,0.4176568,0.2962982,0.1720000,0.815808,0.0044997,0.0035825
25,0.433333,0.4176685,0.2962981,0.1720000,0.809860,0.0044997,0.0035823
25,0.437500,0.4176807,0.2962983,0.1720000,0.803742,0.0044997,0.0035825
25,0.441667,0.4176926,0.2962981,0.1720000,0.797624,0.0044997,0.0035823
25,0.445833,0.4177049,0.2962983,0.1720000,0.791341,0.0044997,0.0035825
25,0.450000,0.4177172,0.2962981,0.1720000,0.785059,0.0044997,0.0035823
25,0.454167,0.4177299,0.2962982,0.1720000,0.778618,0.0044997,0.0035825
25,0.458333,0.4177424,0.2962982,0.1720000,0.772178,0.0044997,0.0035824
25,0.462500,0.4177552,0.2962982,0.1720000,0.765585,0.0044997,0.0035824
25,0.466667,0.4177679,0.2962980,0.1720000,0.758993,0.0044997,0.0035823
25,0.470833,0.4177811,0.2962982,0.1720000,0.752255,0.0044997,0.0035824
25,0.475000,0.4177940,0.2962981,0.1720000,0.745518,0.0044997,0.0035823
25,0.479167,0.4178074,0.2962982,0.1720000,0.738643,0.0044997,0.0035824
25,0.483333,0.4178207,0.2962981,0.1720000,0.731767,0.0044997,0.0035823
25,0.487500,0.4178344,0.2962982,0.1720000,0.724761,0.0044997,0.0035825
25,0.491667,0.4178477,0.2962980,0.1720000,0.717754,0.0044997,0.0035823
25,0.495833,0.4178617,0.2962982,0.1720000,0.710625,0.0044997,0.0035824
25,0.500000,0.4178755,0.2962981,0.1720000,0.703495,0.0044997,0.0035823
25,0.504167,0.4178896,0.2962982,0.1720000,0.696250,0.0044997,0.0035824
25,0.508333,0.4179038,0.2962981,0.1720000,0.689005,0.0044997,0.0035823
25,0.512500,0.4179181,0.2962982,0.1720000,0.681652,0.0044997,0.0035824
25,0.516667,0.4179323,0.2962980,0.1720000,0.674299,0.0044997,0.0035822
25,0.520833,0.4179471,0.2962982,0.1720000,0.666847,0.0044997,0.0035825
25,0.525000,0.4179616,0.2962980,0.1720000,0.659395,0.0044997,0.0035823
25,0.529167,0.4179766,0.2962982,0.1720000,0.651851,0.0044997,0.0035825
25,0.533333,0.4179915,0.2962981,0.1720000,0.644307,0.0044997,0.0035824
25,0.537500,0.4180065,0.2962982,0.1720000,0.636681,0.0044997,0.0035824
25,0.541667,0.4180217,0.2962979,0.1720000,0.629055,0.0044997,0.0035823
25,0.545833,0.4180371,0.2962982,0.1720000,0.621354,0.0044997,0.0035824
25,0.550000,0.4180525,0.2962981,0.1720000,0.613654,0.0044997,0.0035823
25,0.554167,0.4180682,0.2962982,0.1720000,0.605888,0.0044997,0.0035823
25,0.558333,0.4180838,0.2962979,0.1720000,0.598122,0.0044997,0.0035822
25,0.562500,0.4180998,0.2962981,0.1720000,0.590299,0.0044997,0.0035824
25,0.566667,0.4181156,0.2962981,0.1720000,0.582477,0.0044997,0.0035822
25,0.570833,0.4181319,0.2962982,0.1720000,0.574607,0.0044997,0.0035824
25,0.575000,0.4181480,0.2962981,0.1720000,0.566737,0.0044997,0.0035822
25,0.579167,0.4181645,0.2962982,0.1720000,0.558828,0.0044997,0.0035824
25,0.583333,0.4181809,0.2962981,0.1720000,0.550920,0.0044997,0.0035822
25,0.587500,0.4181977,0.2962982,0.1720000,0.542982,0.0044997,0.0035824
25,0.591667,0.4182143,0.2962981,0.1720000,0.535044,0.0044997,0.0035823
25,0.595833,0.4182313,0.2962982,0.1720000,0.527086,0.0044997,0.0035824
25,0.600000,0.4182482,0.2962981,0.1720000,0.519127,0.0044997,0.0035823
25,0.604167,0.4182655,0.2962982,0.1720000,0.511158,0.0044997,0.0035824
25,0.608333,0.4182826,0.2962980,0.1720000,0.503189,0.0044997,0.0035822
25,0.612500,0.4183002,0.2962982,0.1720000,0.495218,0.0044997,0.0035824
25,0.616667,0.4183176,0.2962981,0.1720000,0.487247,0.0044997,0.0035823
25,0.620833,0.4183354,0.2962982,0.1720000,0.479283,0.0044997,0.0035824
25,0.625000,0.4183531,0.2962981,0.1720000,0.471319,0.0044997,0.0035823
25,0.629167,0.4183712,0.2962982,0.1720000,0.463372,0.0044997,0.0035824
25,0.633333,0.4183891,0.2962981,0.1720000,0.455425,0.0044997,0.0035823
25,0.637500,0.4184074,0.2962982,0.1720000,0.447503,0.0044997,0.0035825
25,0.641667,0.4184255,0.2962981,0.1720000,0.439582,0.0044997,0.0035823
25,0.645833,0.4184442,0.2962982,0.1720000,0.431695,0.0044997,0.0035824
25,0.650000,0.4184626,0.2962981,0.1720000,0.423809,0.0044997,0.0035824
25,0.654167,0.4184814,0.2962982,0.1720000,0.415966,0.0044997,0.0035824
25,0.658333,0.4185002,0.2962981,0.1720000,0.408124,0.0044997,0.0035823
25,0.662500,0.4185192,0.2962982,0.1720000,0.400334,0.0044997,0.0035824
25,0.666667,0.4185382,0.2962981,0.1720000,0.392544,0.0044997,0.0035823
25,0.670833,0.4185575,0.2962982,0.1720000,0.384817,0.0044997,0.0035824
25,0.675000,0.4185768,0.2962981,0.1720000,0.377089,0.0044997,0.0035823
25,0.679167,0.4185964,0.2962982,0.1720000,0.369432,0.0044997,0.0035824
25,0.683333,0.4186158,0.2962981,0.1720000,0.361775,0.0044997,0.0035823
25,0.687500,0.4186356,0.2962983,0.1720000,0.354197,0.0044997,0.0035825
25,0.691667,0.4186554,0.2962981,0.1720000,0.346619,0.0044997,0.0035824
25,0.695833,0.4186754,0.2962983,0.1720000,0.339130,0.0044997,0.0035825
25,0.700000,0.4186954,0.2962981,0.1720000,0.331640,0.0044997,0.0035824
25,0.704167,0.4187157,0.2962983,0.1720000,0.324246,0.0044997,0.0035825
25,0.708333,0.4187360,0.2962981,0.1720000,0.316852,0.0044997,0.0035824
25,0.712500,0.4187566,0.2962982,0.1720000,0.309563,0.0044997,0.0035825
25,0.716667,0.4187769,0.2962982,0.1720000,0.302274,0.0044997,0.0035824
25,0.720833,0.4187977,0.2962982,0.1720000,0.295097,0.0044997,0.0035825
25,0.725000,0.4188184,0.2962980,0.1720000,0.287921,0.0044997,0.0035823
25,0.729167,0.4188395,0.2962981,0.1720000,0.280864,0.0044997,0.0035824
25,0.733333,0.4188604,0.2962981,0.1720000,0.273808,0.0044997,0.0035823
25,0.737500,0.4188817,0.2962982,0.1720000,0.266879,0.0044997,0.0035825
25,0.741667,0.4189029,0.2962981,0.1720000,0.259950,0.0044997,0.0035823
25,0.745833,0.4189245,0.2962982,0.1720000,0.253157,0.0044997,0.0035824
25,0.750000,0.4189459,0.2962981,0.1720000,0.246363,0.0044997,0.0035823
25,0.754167,0.4189677,0.2962982,0.1720000,0.239712,0.0044997,0.0035825
25,0.758333,0.4189894,0.2962981,0.1720000,0.233061,0.0044997,0.0035824
25,0.762500,0.4190114,0.2962982,0.1720000,0.226559,0.0044997,0.0035825
25,0.766667,0.4190332,0.2962980,0.1720000,0.220056,0.0044997,0.0035823
25,0.770833,0.4190554,0.2962982,0.1720000,0.213710,0.0044997,0.0035825
25,0.775000,0.4190776,0.2962981,0.1720000,0.207364,0.0044997,0.0035823
25,0.779167,0.4191001,0.2962982,0.1720000,0.201179,0.0044997,0.0035824
25,0.783333,0.4191225,0.2962981,0.1720000,0.194994,0.0044997,0.0035822
25,0.787500,0.4191451,0.2962982,0.1720000,0.188978,0.0044997,0.0035824
25,0.791667,0.4191678,0.2962982,0.1720000,0.182961,0.0044997,0.0035823
25,0.795833,0.4191907,0.2962982,0.1720000,0.177117,0.0044997,0.0035825
25,0.800000,0.4192134,0.2962981,0.1720000,0.171274,0.0044997,0.0035823
25,0.804167,0.4192366,0.2962982,0.1720000,0.165609,0.0044997,0.0035825
25,0.808333,0.4192597,0.2962982,0.1720000,0.159944,0.0044997,0.0035823
25,0.812500,0.4192832,0.2962983,0.1720000,0.154463,0.0044997,0.0035825
25,0.816667,0.4193064,0.2962982,0.1720000,0.148982,0.0044997,0.0035824
25,0.820833,0.4193299,0.2962982,0.1720000,0.143689,0.0044997,0.0035825
25,0.825000,0.4193533,0.2962981,0.1720000,0.138395,0.0044997,0.0035823
25,0.829167,0.4193772,0.2962982,0.1720000,0.133294,0.0044997,0.0035825
25,0.833333,0.4194009,0.2962981,0.1720000,0.128193,0.0044997,0.0035823
25,0.837500,0.4194247,0.2962982,0.1720000,0.123288,0.0044997,0.0035825
25,0.841667,0.4194486,0.2962981,0.1720000,0.118382,0.0044997,0.0035824
25,0.845833,0.4194730,0.2962981,0.1720000,0.113676,0.0044997,0.0035825
25,0.850000,0.4194970,0.2962981,0.1720000,0.108970,0.0044997,0.0035823
25,0.854167,0.4195214,0.2962981,0.1720000,0.104465,0.0044997,0.0035824
25,0.858333,0.4195457,0.2962981,0.1720000,0.099961,0.0044997,0.0035823
25,0.862500,0.4195704,0.2962981,0.1720000,0.095661,0.0044997,0.0035824
25,0.866667,0.4195949,0.2962981,0.1720000,0.091360,0.0044997,0.0035823
25,0.870833,0.4196197,0.2962982,0.1720000,0.087266,0.0044997,0.0035824
25,0.875000,0.4196444,0.2962981,0.1720000,0.083172,0.0044997,0.0035823
25,0.879167,0.4196694,0.2962982,0.1720000,0.079285,0.0044997,0.0035824
25,0.883333,0.4196943,0.2962981,0.1720000,0.075399,0.0044997,0.0035823
25,0.887500,0.4197195,0.2962982,0.1720000,0.071720,0.0044997,0.0035823
25,0.891667,0.4197445,0.2962981,0.1720000,0.068042,0.0044997,0.0035822
25,0.895833,0.4197699,0.2962982,0.1720000,0.064572,0.0044997,0.0035823
25,0.900000,0.4197952,0.2962981,0.1720000,0.061103,0.0044997,0.0035822
25,0.904167,0.4198206,0.2962981,0.1720000,0.057842,0.0044997,0.0035824
25,0.908333,0.4198460,0.2962981,0.1720000,0.054580,0.0044997,0.0035822
25,0.912500,0.4198717,0.2962981,0.1720000,0.051527,0.0044997,0.0035824
25,0.916667,0.4198973,0.2962981,0.1720000,0.048473,0.0044997,0.0035822
25,0.920833,0.4199232,0.2962982,0.1720000,0.045626,0.0044997,0.0035824
25,0.925000,0.4199491,0.2962981,0.1720000,0.042779,0.0044997,0.0035823
25,0.929167,0.4199751,0.2962982,0.1720000,0.040137,0.0044997,0.0035824
25,0.933333,0.4200011,0.2962981,0.1720000,0.037494,0.0044997,0.0035822
25,0.937500,0.4200273,0.2962982,0.1720000,0.035054,0.0044997,0.0035824
25,0.941667,0.4200534,0.2962981,0.1720000,0.032613,0.0044997,0.0035824
25,0.945833,0.4200798,0.2962982,0.1720000,0.030372,0.0044997,0.0035824
25,0.950000,0.4201060,0.2962981,0.1720000,0.028130,0.0044997,0.0035823
25,0.954167,0.4201325,0.2962982,0.1720000,0.026083,0.0044997,0.0035824
25,0.958333,0.4201589,0.2962981,0.1720000,0.024037,0.0044997,0.0035823
25,0.962500,0.4201856,0.2962981,0.1720000,0.022181,0.0044997,0.0035824
25,0.966667,0.4202121,0.2962981,0.1720000,0.020325,0.0044997,0.0035823
25,0.970833,0.4202389,0.2962981,0.1720000,0.018654,0.0044997,0.0035824
25,0.975000,0.4202656,0.2962981,0.1720000,0.016984,0.0044997,0.0035823
25,0.979167,0.4202925,0.2962982,0.1720000,0.015493,0.0044997,0.0035824
25,0.983333,0.4203195,0.2962982,0.1720000,0.014002,0.0044997,0.0035824
25,0.987500,0.4203465,0.2962982,0.1720000,0.012685,0.0044997,0.0035824
25,0.991667,0.4203734,0.2962981,0.1720000,0.011368,0.0044997,0.0035823
25,0.995833,0.4204006,0.2962982,0.1720000,0.010216,0.0044997,0.0035824
25,1.000000,0.4204277,0.2962981,0.1720000,0.009065,0.0044997,0.0035823
25,1.004167,0.4204549,0.2962981,0.1720000,0.008072,0.0044997,0.0035824
25,1.008333,0.4204821,0.2962981,0.1720000,0.007079,0.0044997,0.0035823
25,1.012500,0.4205096,0.2962981,0.1720000,0.006235,0.0044997,0.0035823
25,1.016667,0.4205369,0.2962981,0.1720000,0.005391,0.0044997,0.0035823
25,1.020833,0.4205645,0.2962982,0.1720000,0.004687,0.0044997,0.0035823
25,1.025000,0.4205919,0.2962980,0.1720000,0.003984,0.0044997,0.0035823
25,1.029167,0.4206194,0.2962981,0.1720000,0.003410,0.0044997,0.0035823
25,1.033333,0.4206470,0.2962981,0.1720000,0.002836,0.0044997,0.0035822
25,1.037500,0.4206748,0.2962981,0.1720000,0.002380,0.0044997,0.0035823
25,1.041667,0.4207024,0.2962981,0.1720000,0.001925,0.0044997,0.0035824
25,1.045833,0.4207302,0.2962981,0.1720000,0.001577,0.0044997,0.0035824
25,1.050000,0.4207579,0.2962981,0.1720000,0.001229,0.0044997,0.0035822
25,1.054167,0.4207857,0.2962980,0.1720000,0.000974,0.0044997,0.0035823
25,1.058333,0.4208135,0.2962980,0.1720000,0.000720,0.0044997,0.0035823
25,1.062500,0.4208415,0.2962980,0.1720000,0.000547,0.0044997,0.0035823
25,1.066667,0.4208694,0.2962981,0.1720000,0.000374,0.0044997,0.0035823
25,1.070833,0.4208975,0.2962981,0.1720000,0.000267,0.0044997,0.0035824
25,1.075000,0.4209255,0.2962982,0.1720000,0.000160,0.0044997,0.0035824
25,1.079167,0.4209535,0.2962982,0.1720000,0.000104,0.0044997,0.0035824
25,1.083333,0.4209816,0.2962982,0.1720000,0.000048,0.0044997,0.0035823
25,1.087500,0.4210097,0.2962982,0.1720000,0.000027,0.0044997,0.0035823
25,1.091667,0.4210377,0.2962980,0.1720000,0.000006,0.0044997,0.0035822
25,1.095833,0.4210660,0.2962981,0.1720000,0.000003,0.0044997,0.0035823
25,1.100000,0.4210941,0.2962981,0.1720000,0.000000,0.0044997,0.0035822
25,1.104167,0.4211223,0.2962982,0.1720000,0.000000,0.0044997,0.0035822
25,1.108333,0.4211504,0.2962981,0.1720000,0.000000,0.0044997,0.0035822
25,1.112500,0.4211788,0.2962982,0.1720000,0.000000,0.0044997,0.0035823
25,1.116667,0.4212069,0.2962981,0.1720000,0.000000,0.0044997,0.0035822
25,1.120833,0.4212353,0.2962981,0.1720000,0.000000,0.0044997,0.0035823
25,1.125000,0.4212635,0.2962981,0.1720000,0.000000,0.0044997,0.0035823
25,1.129167,0.4212918,0.2962981,0.1720000,0.000000,0.0044997,0.0035823
25,1.133333,0.4213202,0.2962981,0.1720000,0.000000,0.0044997,0.0035823
25,1.137500,0.4213485,0.2962981,0.1720000,0.000000,0.0044997,0.0035824
25,1.141667,0.4213769,0.2962981,0.1720000,0.000000,0.0044997,0.0035824
25,1.145833,0.4214051,0.2962981,0.1720000,0.000000,0.0044997,0.0035823
25,1.150000,0.4214333,0.2962981,0.1720000,0.000000,0.0044997,0.0035822
25,1.154167,0.4214616,0.2962980,0.1720000,0.000000,0.0044997,0.0035822
25,1.158333,0.4214901,0.2962979,0.1720000,0.000000,0.0044997,0.0035822
25,1.162500,0.4215183,0.2962980,0.1720000,0.000000,0.0044997,0.0035822
25,1.166667,0.4215467,0.2962981,0.1720000,0.000000,0.0044997,0.0035822
25,1.170833,0.4215750,0.2962980,0.1720000,0.000000,0.0044997,0.0035822
25,1.175000,0.4216033,0.2962980,0.1720000,0.000000,0.0044997,0.0035822
25,1.179167,0.4216315,0.2962980,0.1720000,0.000000,0.0044997,0.0035822
25,1.183333,0.4216599,0.2962980,0.1720000,0.000000,0.0044997,0.0035823
25,1.187500,0.4216881,0.2962980,0.1720000,0.000000,0.0044997,0.0035822
25,1.191667,0.4217163,0.2962980,0.1720000,0.000000,0.0044997,0.0035822
25,1.195833,0.4217445,0.2962979,0.1720000,0.000000,0.0044997,0.0035823
25,1.200000,0.4217729,0.2962980,0.1720000,0.000000,0.0044997,0.0035824
25,1.204167,0.4218011,0.2962981,0.1720000,0.000000,0.0044997,0.0035824
25,1.208333,0.4218292,0.2962982,0.1720000,0.000000,0.0044997,0.0035824
25,1.212500,0.4218574,0.2962982,0.1720000,0.000000,0.0044997,0.0035824
25,1.216667,0.4218855,0.2962981,0.1720000,0.000000,0.0044997,0.0035824
25,1.220833,0.4219136,0.2962981,0.1720000,0.000000,0.0044997,0.0035823
25,1.225000,0.4219416,0.2962981,0.1720000,0.000000,0.0044997,0.0035823
25,1.229167,0.4219696,0.2962981,0.1720000,0.000000,0.0044997,0.0035823
25,1.233333,0.4219976,0.2962981,0.1720000,0.000000,0.0044997,0.0035823
25,1.237500,0.4220255,0.2962981,0.1720000,0.000000,0.0044997,0.0035823
25,1.241667,0.4220535,0.2962982,0.1720000,0.000000,0.0044997,0.0035824
25,1.245833,0.4220813,0.2962981,0.1720000,0.000000,0.0044997,0.0035823
25,1.250000,0.4221092,0.2962981,0.1720000,0.000000,0.0044997,0.0035823
25,1.254167,0.4221370,0.2962980,0.1720000,0.000000,0.0044997,0.0035822
25,1.258333,0.4221647,0.2962981,0.1720000,0.000000,0.0044997,0.0035823
25,1.262500,0.4221924,0.2962979,0.1720000,0.000000,0.0044997,0.0035823
25,1.266667,0.4222201,0.2962981,0.1720000,0.000000,0.0044997,0.0035823
25,1.270833,0.4222477,0.2962981,0.1720000,0.000000,0.0044997,0.0035823
25,1.275000,0.4222753,0.2962981,0.1720000,0.000000,0.0044997,0.0035824
25,1.279167,0.4223027,0.2962981,0.1720000,0.000000,0.0044997,0.0035823
25,1.283333,0.4223303,0.2962981,0.1720000,0.000000,0.0044997,0.0035823
25,1.287500,0.4223576,0.2962981,0.1720000,0.000000,0.0044997,0.0035822
25,1.291667,0.4223849,0.2962981,0.1720000,0.000000,0.0044997,0.0035823
25,1.295833,0.4224122,0.2962979,0.1720000,0.000000,0.0044997,0.0035822
25,1.300000,0.4224393,0.2962981,0.1720000,0.000000,0.0044997,0.0035823
25,1.304167,0.4224665,0.2962981,0.1720000,0.000000,0.0044997,0.0035822
25,1.308333,0.4224936,0.2962981,0.1720000,0.000000,0.0044997,0.0035823
25,1.312500,0.4225204,0.2962979,0.1720000,0.000000,0.0044997,0.0035822
25,1.316667,0.4225475,0.2962981,0.1720000,0.000000,0.0044997,0.0035823
25,1.320833,0.4225742,0.2962980,0.1720000,0.000000,0.0044997,0.0035821
25,1.325000,0.4226010,0.2962979,0.1720000,0.000000,0.0044997,0.0035821
25,1.329167,0.4226277,0.2962979,0.1720000,0.000000,0.0044997,0.0035821
25,1.333333,0.4226544,0.2962981,0.1720000,0.000000,0.0044997,0.0035822
25,1.337500,0.4226809,0.2962980,0.1720000,0.000000,0.0044997,0.0035821
25,1.341667,0.4227073,0.2962980,0.1720000,0.000000,0.0044997,0.0035822
25,1.345833,0.4227336,0.2962980,0.1720000,0.000000,0.0044997,0.0035821
25,1.350000,0.4227599,0.2962980,0.1720000,0.000000,0.0044997,0.0035822
25,1.354167,0.4227861,0.2962979,0.1720000,0.000000,0.0044997,0.0035822
25,1.358333,0.4228123,0.2962981,0.1720000,0.000000,0.0044997,0.0035823
25,1.362500,0.4228382,0.2962979,0.1720000,0.000000,0.0044997,0.0035822
25,1.366667,0.4228643,0.2962981,0.1720000,0.000000,0.0044997,0.0035823
25,1.370833,0.4228901,0.2962980,0.1720000,0.000000,0.0044997,0.0035822
25,1.375000,0.4229158,0.2962982,0.1720000,0.000000,0.0044997,0.0035823
25,1.379167,0.4229413,0.2962981,0.1720000,0.000000,0.0044997,0.0035822
25,1.383333,0.4229670,0.2962981,0.1720000,0.000000,0.0044997,0.0035823
25,1.387500,0.4229921,0.2962979,0.1720000,0.000000,0.0044997,0.0035822
25,1.391667,0.4230177,0.2962980,0.1720000,0.000000,0.0044997,0.0035823
25,1.395833,0.4230427,0.2962980,0.1720000,0.000000,0.0044997,0.0035822
25,1.400000,0.4230679,0.2962981,0.1720000,0.000000,0.0044997,0.0035823
25,1.404167,0.4230929,0.2962979,0.1720000,0.000000,0.0044997,0.0035822
25,1.408333,0.4231178,0.2962981,0.1720000,0.000000,0.0044997,0.0035823
25,1.412500,0.4231425,0.2962979,0.1720000,0.000000,0.0044997,0.0035822
25,1.416667,0.4231673,0.2962981,0.1720000,0.000000,0.0044997,0.0035823
25,1.420833,0.4231917,0.2962980,0.1720000,0.000000,0.0044997,0.0035821
25,1.425000,0.4232163,0.2962981,0.1720000,0.000000,0.0044997,0.0035823
25,1.429167,0.4232404,0.2962979,0.1720000,0.000000,0.0044997,0.0035822
25,1.433333,0.4232647,0.2962980,0.1720000,0.000000,0.0044997,0.0035823
25,1.437500,0.4232886,0.2962979,0.1720000,0.000000,0.0044997,0.0035822
25,1.441667,0.4233127,0.2962981,0.1720000,0.000000,0.0044997,0.0035823
25,1.445833,0.4233364,0.2962979,0.1720000,0.000000,0.0044997,0.0035821
25,1.450000,0.4233601,0.2962981,0.1720000,0.000000,0.0044997,0.0035822
25,1.454167,0.4233836,0.2962980,0.1720000,0.000000,0.0044997,0.0035821
25,1.458333,0.4234071,0.2962981,0.1720000,0.000000,0.0044997,0.0035823
25,1.462500,0.4234303,0.2962979,0.1720000,0.000000,0.0044997,0.0035821
25,1.466667,0.4234536,0.2962981,0.1720000,0.000000,0.0044997,0.0035822
25,1.470833,0.4234765,0.2962981,0.1720000,0.000000,0.0044997,0.0035823
25,1.475000,0.4234997,0.2962985,0.1720000,0.000000,0.0044997,0.0035827
25,1.479167,0.4235224,0.2962987,0.1720000,0.000000,0.0044997,0.0035830
25,1.483333,0.4235454,0.2962992,0.1720000,0.000000,0.0044997,0.0035835
25,1.487500,0.4235677,0.2962992,0.1720000,0.000000,0.0044997,0.0035835
25,1.491667,0.4235902,0.2962993,0.1720000,0.000000,0.0044997,0.0035835
25,1.495833,0.4236120,0.2962988,0.1720000,0.000000,0.0044997,0.0035830
25,1.500000,0.4236337,0.2962981,0.1720000,0.000000,0.0044997,0.0035823
