time,state,step,landingFraction,bone,x,y,z
0.000000,Backstepping,-1,1,Pelvis,-2.414195,0.799189,-4.120000
0.000000,Backstepping,-1,1,Spine,-2.418116,0.959141,-4.120000
0.000000,Backstepping,-1,1,Head,-2.404037,1.428929,-4.120745
0.000000,Backstepping,-1,1,Shin_L,-2.272400,0.649759,-4.246867
0.000000,Backstepping,-1,1,Foot_L,-2.262453,0.404457,-4.140000
0.000000,Backstepping,-1,1,Shin_R,-2.564474,0.643818,-4.247322
0.000000,Backstepping,-1,1,Foot_R,-2.582345,0.404457,-4.140000
0.000000,Backstepping,-1,1,Head,-2.400000,0.275000,-4.120000
0.004167,Backstepping,0,0.5,Pelvis,-2.414195,0.794350,-4.119998
0.004167,Backstepping,0,0.5,Spine,-2.418116,0.954302,-4.119998
0.004167,Backstepping,0,0.5,Head,-2.404037,1.424091,-4.120743
0.004167,Backstepping,0,0.5,Shin_L,-2.272433,0.647846,-4.251204
0.004167,Backstepping,0,0.5,Foot_L,-2.262453,0.404481,-4.139998
0.004167,Backstepping,0,0.5,Shin_R,-2.564419,0.641862,-4.251572
0.004167,Backstepping,0,0.5,Foot_R,-2.582345,0.404457,-4.140000
0.004167,Backstepping,0,0.5,Head,-2.400000,0.275000,-4.119998
0.008333,Backstepping,0,0.5,Pelvis,-2.414194,0.794351,-4.119985
0.008333,Backstepping,0,0.5,Spine,-2.418115,0.954302,-4.119985
0.008333,Backstepping,0,0.5,Head,-2.404036,1.424091,-4.120727
0.008333,Backstepping,0,0.5,Shin_L,-2.272433,0.647894,-4.251260
0.008333,Backstepping,0,0.5,Foot_L,-2.262453,0.404551,-4.139987
0.008333,Backstepping,0,0.5,Shin_R,-2.564418,0.641864,-4.251562
0.008333,Backstepping,0,0.5,Foot_R,-2.582345,0.404457,-4.140000
0.008333,Backstepping,0,0.5,Head,-2.400000,0.275000,-4.119985
0.012500,Backstepping,0,0.5,Pelvis,-2.414191,0.794355,-4.119951
0.012500,Backstepping,0,0.5,Spine,-2.418112,0.954307,-4.119951
0.012500,Backstepping,0,0.5,Head,-2.404033,1.424095,-4.120680
0.012500,Backstepping,0,0.5,Shin_L,-2.272432,0.647984,-4.251350
0.012500,Backstepping,0,0.5,Foot_L,-2.262453,0.404669,-4.139956
0.012500,Backstepping,0,0.5,Shin_R,-2.564416,0.641867,-4.251524
0.012500,Backstepping,0,0.5,Foot_R,-2.582345,0.404457,-4.140000
0.012500,Backstepping,0,0.5,Head,-2.400000,0.275000,-4.119951
0.016667,Backstepping,0,0.5,Pelvis,-2.414183,0.794369,-4.119884
0.016667,Backstepping,0,0.5,Spine,-2.418104,0.954321,-4.119884
0.016667,Backstepping,0,0.5,Head,-2.404028,1.424109,-4.120586
0.016667,Backstepping,0,0.5,Shin_L,-2.272431,0.648128,-4.251472
0.016667,Backstepping,0,0.5,Foot_L,-2.262453,0.404832,-4.139898
0.016667,Backstepping,0,0.5,Shin_R,-2.564412,0.641869,-4.251440
0.016667,Backstepping,0,0.5,Foot_R,-2.582345,0.404457,-4.140000
0.016667,Backstepping,0,0.5,Head,-2.400000,0.275000,-4.119884
0.020833,Backstepping,0,0.5,Pelvis,-2.414170,0.794402,-4.119775
0.020833,Backstepping,0,0.5,Spine,-2.418089,0.954354,-4.119775
0.020833,Backstepping,0,0.5,Head,-2.404018,1.424143,-4.120423
0.020833,Backstepping,0,0.5,Shin_L,-2.272427,0.648341,-4.251624
0.020833,Backstepping,0,0.5,Foot_L,-2.262453,0.405041,-4.139804
0.020833,Backstepping,0,0.5,Shin_R,-2.564406,0.641869,-4.251280
0.020833,Backstepping,0,0.5,Foot_R,-2.582345,0.404457,-4.140000
0.020833,Backstepping,0,0.5,Head,-2.400000,0.275000,-4.119775
0.025000,Backstepping,0,0.5,Pelvis,-2.414146,0.794464,-4.119615
0.025000,Backstepping,0,0.5,Spine,-2.418062,0.954417,-4.119615
0.025000,Backstepping,0,0.5,Head,-2.404003,1.424206,-4.120173
0.025000,Backstepping,0,0.5,Shin_L,-2.272420,0.648638,-4.251804
0.025000,Backstepping,0,0.5,Foot_L,-2.262453,0.405294,-4.139667
0.025000,Backstepping,0,0.5,Shin_R,-2.564396,0.641863,-4.251016
0.025000,Backstepping,0,0.5,Foot_R,-2.582345,0.404457,-4.140000
0.025000,Backstepping,0,0.5,Head,-2.400000,0.275000,-4.119615
0.029167,Backstepping,0,0.5,Pelvis,-2.414111,0.794566,-4.119393
0.029167,Backstepping,0,0.5,Spine,-2.418022,0.954518,-4.119393
0.029167,Backstepping,0,0.5,Head,-2.403980,1.424308,-4.119817
0.029167,Backstepping,0,0.5,Shin_L,-2.272408,0.649036,-4.252012
0.029167,Backstepping,0,0.5,Foot_L,-2.262453,0.405591,-4.139480
0.029167,Backstepping,0,0.5,Shin_R,-2.564381,0.641847,-4.250616
0.029167,Backstepping,0,0.5,Foot_R,-2.582345,0.404457,-4.140000
0.029167,Backstepping,0,0.5,Head,-2.400000,0.275000,-4.119393
0.033333,Backstepping,0,0.5,Pelvis,-2.414061,0.794716,-4.119102
0.033333,Backstepping,0,0.5,Spine,-2.417964,0.954669,-4.119102
0.033333,Backstepping,0,0.5,Head,-2.403951,1.424460,-4.119340
0.033333,Backstepping,0,0.5,Shin_L,-2.272390,0.649549,-4.252247
0.033333,Backstepping,0,0.5,Foot_L,-2.262453,0.405931,-4.139237
0.033333,Backstepping,0,0.5,Shin_R,-2.564361,0.641817,-4.250050
0.033333,Backstepping,0,0.5,Foot_R,-2.582345,0.404457,-4.139999
0.033333,Backstepping,0,0.5,Head,-2.400000,0.275000,-4.119102
0.037500,Backstepping,0,0.5,Pelvis,-2.413976,0.795013,-4.118734
0.037500,Backstepping,0,0.5,Spine,-2.417867,0.954966,-4.118734
0.037500,Backstepping,0,0.5,Head,-2.403898,1.424758,-4.118728
0.037500,Backstepping,0,0.5,Shin_L,-2.272347,0.650052,-4.252189
0.037500,Backstepping,0,0.5,Foot_L,-2.262453,0.406311,-4.138931
0.037500,Backstepping,0,0.5,Shin_R,-2.564320,0.641885,-4.249331
0.037500,Backstepping,0,0.5,Foot_R,-2.582345,0.404457,-4.140000
0.037500,Backstepping,0,0.5,Head,-2.400000,0.275000,-4.118734
0.041667,Backstepping,0,0.5,Pelvis,-2.413861,0.795430,-4.118282
0.041667,Backstepping,0,0.5,Spine,-2.417734,0.955383,-4.118282
0.041667,Backstepping,0,0.5,Head,-2.403829,1.425177,-4.117965
0.041667,Backstepping,0,0.5,Shin_L,-2.272286,0.650612,-4.251964
0.041667,Backstepping,0,0.5,Foot_L,-2.262453,0.406731,-4.138558
0.041667,Backstepping,0,0.5,Shin_R,-2.564264,0.642001,-4.248412
0.041667,Backstepping,0,0.5,Foot_R,-2.582345,0.404457,-4.140000
0.041667,Backstepping,0,0.5,Head,-2.400000,0.275000,-4.118282
0.045833,Backstepping,0,0.5,Pelvis,-2.413712,0.795984,-4.117743
0.045833,Backstepping,0,0.5,Spine,-2.417560,0.955938,-4.117743
0.045833,Backstepping,0,0.5,Head,-2.403744,1.425734,-4.117043
0.045833,Backstepping,0,0.5,Shin_L,-2.272202,0.651222,-4.251535
0.045833,Backstepping,0,0.5,Foot_L,-2.262453,0.407187,-4.138113
0.045833,Backstepping,0,0.5,Shin_R,-2.564188,0.642175,-4.247275
0.045833,Backstepping,0,0.5,Foot_R,-2.582345,0.404457,-4.140000
0.045833,Backstepping,0,0.5,Head,-2.400000,0.275000,-4.117743
0.050000,Backstepping,0,0.5,Pelvis,-2.413524,0.796691,-4.117109
0.050000,Backstepping,0,0.5,Spine,-2.417341,0.956646,-4.117109
0.050000,Backstepping,0,0.5,Head,-2.403639,1.426444,-4.115957
0.050000,Backstepping,0,0.5,Shin_L,-2.272094,0.651874,-4.250867
0.050000,Backstepping,0,0.5,Foot_L,-2.262453,0.407679,-4.137592
0.050000,Backstepping,0,0.5,Shin_R,-2.564093,0.642415,-4.245899
0.050000,Backstepping,0,0.5,Foot_R,-2.582345,0.404457,-4.140000
0.050000,Backstepping,0,0.5,Head,-2.400000,0.275000,-4.117109
0.054167,Backstepping,0,0.5,Pelvis,-2.413296,0.797562,-4.116379
0.054167,Backstepping,0,0.5,Spine,-2.417073,0.957517,-4.116379
0.054167,Backstepping,0,0.5,Head,-2.403514,1.427319,-4.114705
0.054167,Backstepping,0,0.5,Shin_L,-2.271958,0.652559,-4.249928
0.054167,Backstepping,0,0.5,Foot_L,-2.262453,0.408204,-4.136991
0.054167,Backstepping,0,0.5,Shin_R,-2.563977,0.642726,-4.244272
0.054167,Backstepping,0,0.5,Foot_R,-2.582345,0.404457,-4.140000
0.054167,Backstepping,0,0.5,Head,-2.400000,0.275000,-4.116379
0.058333,Backstepping,0,0.5,Pelvis,-2.413026,0.798603,-4.115550
0.058333,Backstepping,0,0.5,Spine,-2.416755,0.958560,-4.115550
0.058333,Backstepping,0,0.5,Head,-2.403365,1.428363,-4.113288
0.058333,Backstepping,0,0.5,Shin_L,-2.271794,0.653268,-4.248691
0.058333,Backstepping,0,0.5,Foot_L,-2.262453,0.408761,-4.136306
0.058333,Backstepping,0,0.5,Shin_R,-2.563837,0.643115,-4.242382
0.058333,Backstepping,0,0.5,Foot_R,-2.582345,0.404457,-4.140000
0.058333,Backstepping,0,0.5,Head,-2.400000,0.275000,-4.115550
0.062500,Backstepping,0,0.5,Pelvis,-2.412712,0.799819,-4.114621
0.062500,Backstepping,0,0.5,Spine,-2.416389,0.959776,-4.114621
0.062500,Backstepping,0,0.5,Head,-2.403189,1.429582,-4.111718
0.062500,Backstepping,0,0.5,Shin_L,-2.271602,0.653992,-4.247134
0.062500,Backstepping,0,0.5,Foot_L,-2.262453,0.409346,-4.135535
0.062500,Backstepping,0,0.5,Shin_R,-2.563674,0.643581,-4.240221
0.062500,Backstepping,0,0.5,Foot_R,-2.582345,0.404457,-4.140000
0.062500,Backstepping,0,0.5,Head,-2.400000,0.275000,-4.114621
0.066667,Backstepping,0,0.5,Pelvis,-2.412354,0.801206,-4.113592
0.066667,Backstepping,0,0.5,Spine,-2.415974,0.961165,-4.113592
0.066667,Backstepping,0,0.5,Head,-2.402980,1.430971,-4.110004
0.066667,Backstepping,0,0.5,Shin_L,-2.271381,0.654720,-4.245238
0.066667,Backstepping,0,0.5,Foot_L,-2.262453,0.409957,-4.134676
0.066667,Backstepping,0,0.5,Shin_R,-2.563489,0.644124,-4.237786
0.066667,Backstepping,0,0.5,Foot_R,-2.582345,0.404457,-4.139999
0.066667,Backstepping,0,0.5,Head,-2.400000,0.275000,-4.113592
0.070833,Backstepping,0,0.5,Pelvis,-2.412029,0.802385,-4.112464
0.070833,Backstepping,0,0.5,Spine,-2.415590,0.962345,-4.112464
0.070833,Backstepping,0,0.5,Head,-2.402806,1.432151,-4.108160
0.070833,Backstepping,0,0.5,Shin_L,-2.271146,0.654435,-4.242055
0.070833,Backstepping,0,0.5,Foot_L,-2.262453,0.410592,-4.133726
0.070833,Backstepping,0,0.5,Shin_R,-2.563328,0.644479,-4.235260
0.070833,Backstepping,0,0.5,Foot_R,-2.582345,0.404457,-4.140000
0.070833,Backstepping,0,0.5,Head,-2.400000,0.275000,-4.112464
0.075000,Backstepping,0,0.5,Pelvis,-2.411681,0.803632,-4.111240
0.075000,Backstepping,0,0.5,Spine,-2.415184,0.963593,-4.111240
0.075000,Backstepping,0,0.5,Head,-2.402608,1.433398,-4.106195
0.075000,Backstepping,0,0.5,Shin_L,-2.270890,0.653911,-4.238263
0.075000,Backstepping,0,0.5,Foot_L,-2.262453,0.411247,-4.132685
0.075000,Backstepping,0,0.5,Shin_R,-2.563156,0.644843,-4.232520
0.075000,Backstepping,0,0.5,Foot_R,-2.582345,0.404457,-4.140000
0.075000,Backstepping,0,0.5,Head,-2.400000,0.275000,-4.111240
0.079167,Backstepping,0,0.5,Pelvis,-2.411312,0.804930,-4.109924
0.079167,Backstepping,0,0.5,Spine,-2.414757,0.964893,-4.109924
0.079167,Backstepping,0,0.5,Head,-2.402390,1.434695,-4.104128
0.079167,Backstepping,0,0.5,Shin_L,-2.270616,0.653143,-4.233836
0.079167,Backstepping,0,0.5,Foot_L,-2.262453,0.411921,-4.131550
0.079167,Backstepping,0,0.5,Shin_R,-2.562976,0.645210,-4.229579
0.079167,Backstepping,0,0.5,Foot_R,-2.582345,0.404457,-4.140000
0.079167,Backstepping,0,0.5,Head,-2.400000,0.275000,-4.109924
0.083333,Backstepping,0,0.5,Pelvis,-2.410927,0.806264,-4.108520
0.083333,Backstepping,0,0.5,Spine,-2.414313,0.966228,-4.108520
0.083333,Backstepping,0,0.5,Head,-2.402157,1.436025,-4.101980
0.083333,Backstepping,0,0.5,Shin_L,-2.270328,0.652132,-4.228757
0.083333,Backstepping,0,0.5,Foot_L,-2.262453,0.412610,-4.130322
0.083333,Backstepping,0,0.5,Shin_R,-2.562788,0.645576,-4.226455
0.083333,Backstepping,0,0.5,Foot_R,-2.582345,0.404457,-4.140000
0.083333,Backstepping,0,0.5,Head,-2.400000,0.275000,-4.108520
0.087500,Backstepping,0,0.5,Pelvis,-2.410528,0.807612,-4.107033
0.087500,Backstepping,0,0.5,Spine,-2.413853,0.967578,-4.107033
0.087500,Backstepping,0,0.5,Head,-2.401917,1.437370,-4.099771
0.087500,Backstepping,0,0.5,Shin_L,-2.270028,0.650887,-4.223010
0.087500,Backstepping,0,0.5,Foot_L,-2.262453,0.413311,-4.128999
0.087500,Backstepping,0,0.5,Shin_R,-2.562595,0.645932,-4.223169
0.087500,Backstepping,0,0.5,Foot_R,-2.582345,0.404457,-4.140000
0.087500,Backstepping,0,0.5,Head,-2.400000,0.275000,-4.107033
0.091667,Backstepping,0,0.5,Pelvis,-2.410122,0.808954,-4.105472
0.091667,Backstepping,0,0.5,Spine,-2.413381,0.968921,-4.105472
0.091667,Backstepping,0,0.5,Head,-2.401682,1.438708,-4.097527
0.091667,Backstepping,0,0.5,Shin_L,-2.269720,0.649420,-4.216582
0.091667,Backstepping,0,0.5,Foot_L,-2.262453,0.414021,-4.127584
0.091667,Backstepping,0,0.5,Shin_R,-2.562399,0.646272,-4.219745
0.091667,Backstepping,0,0.5,Foot_R,-2.582345,0.404457,-4.140000
0.091667,Backstepping,0,0.5,Head,-2.400000,0.275000,-4.105472
0.095833,Backstepping,0,0.5,Pelvis,-2.409711,0.810269,-4.103842
0.095833,Backstepping,0,0.5,Spine,-2.412895,0.970238,-4.103842
0.095833,Backstepping,0,0.5,Head,-2.401463,1.440020,-4.095270
0.095833,Backstepping,0,0.5,Shin_L,-2.269408,0.647749,-4.209463
0.095833,Backstepping,0,0.5,Foot_L,-2.262453,0.414738,-4.126075
0.095833,Backstepping,0,0.5,Shin_R,-2.562201,0.646593,-4.216212
0.095833,Backstepping,0,0.5,Foot_R,-2.582345,0.404457,-4.139999
0.095833,Backstepping,0,0.5,Head,-2.400000,0.275000,-4.103842
0.100000,Backstepping,0,0.5,Pelvis,-2.409300,0.811535,-4.102154
0.100000,Backstepping,0,0.5,Spine,-2.412399,0.971505,-4.102154
0.100000,Backstepping,0,0.5,Head,-2.401276,1.441285,-4.093027
0.100000,Backstepping,0,0.5,Shin_L,-2.269096,0.645893,-4.201635
0.100000,Backstepping,0,0.5,Foot_L,-2.262453,0.415457,-4.124473
0.100000,Backstepping,0,0.5,Shin_R,-2.562002,0.646888,-4.212601
0.100000,Backstepping,0,0.5,Foot_R,-2.582345,0.404457,-4.140000
0.100000,Backstepping,0,0.5,Head,-2.400000,0.275000,-4.102154
0.104167,Backstepping,0,0.5,Pelvis,-2.408572,0.811117,-4.100415
0.104167,Backstepping,0,0.5,Spine,-2.411575,0.971089,-4.100415
0.104167,Backstepping,0,0.5,Head,-2.400798,1.440867,-4.090819
0.104167,Backstepping,0,0.5,Shin_L,-2.268640,0.643726,-4.196343
0.104167,Backstepping,0,0.5,Foot_L,-2.262453,0.416176,-4.122779
0.104167,Backstepping,0,0.5,Shin_R,-2.561673,0.645768,-4.209350
0.104167,Backstepping,0,0.5,Foot_R,-2.582345,0.404457,-4.140000
0.104167,Backstepping,0,0.5,Head,-2.400000,0.275000,-4.100415
0.108333,Backstepping,0,0.5,Pelvis,-2.407827,0.810470,-4.098637
0.108333,Backstepping,0,0.5,Spine,-2.410727,0.970444,-4.098637
0.108333,Backstepping,0,0.5,Head,-2.400316,1.440222,-4.088667
0.108333,Backstepping,0,0.5,Shin_L,-2.268179,0.641398,-4.191014
0.108333,Backstepping,0,0.5,Foot_L,-2.262453,0.416893,-4.120996
0.108333,Backstepping,0,0.5,Shin_R,-2.561339,0.644503,-4.206178
0.108333,Backstepping,0,0.5,Foot_R,-2.582345,0.404457,-4.140000
0.108333,Backstepping,0,0.5,Head,-2.400000,0.275000,-4.098637
0.112500,Backstepping,0,0.5,Pelvis,-2.407072,0.809599,-4.096828
0.112500,Backstepping,0,0.5,Spine,-2.409865,0.969575,-4.096828
0.112500,Backstepping,0,0.5,Head,-2.399841,1.439356,-4.086587
0.112500,Backstepping,0,0.5,Shin_L,-2.267721,0.638939,-4.185715
0.112500,Backstepping,0,0.5,Foot_L,-2.262453,0.417603,-4.119123
0.112500,Backstepping,0,0.5,Shin_R,-2.561004,0.643112,-4.203128
0.112500,Backstepping,0,0.5,Foot_R,-2.582345,0.404457,-4.140000
0.112500,Backstepping,0,0.5,Head,-2.400000,0.275000,-4.096828
0.116667,Backstepping,0,0.5,Pelvis,-2.406318,0.808514,-4.094999
0.116667,Backstepping,0,0.5,Spine,-2.408997,0.968492,-4.094999
0.116667,Backstepping,0,0.5,Head,-2.399383,1.438278,-4.084592
0.116667,Backstepping,0,0.5,Shin_L,-2.267271,0.636378,-4.180521
0.116667,Backstepping,0,0.5,Foot_L,-2.262453,0.418304,-4.117165
0.116667,Backstepping,0,0.5,Shin_R,-2.560671,0.641617,-4.200241
0.116667,Backstepping,0,0.5,Foot_R,-2.582345,0.404457,-4.140000
0.116667,Backstepping,0,0.5,Head,-2.400000,0.275000,-4.094999
0.120833,Backstepping,0,0.5,Pelvis,-2.405573,0.807230,-4.093162
0.120833,Backstepping,0,0.5,Spine,-2.408131,0.967209,-4.093162
0.120833,Backstepping,0,0.5,Head,-2.398949,1.437003,-4.082695
0.120833,Backstepping,0,0.5,Shin_L,-2.266832,0.633745,-4.175509
0.120833,Backstepping,0,0.5,Foot_L,-2.262453,0.418993,-4.115123
0.120833,Backstepping,0,0.5,Shin_R,-2.560343,0.640039,-4.197552
0.120833,Backstepping,0,0.5,Foot_R,-2.582345,0.404457,-4.140000
0.120833,Backstepping,0,0.5,Head,-2.400000,0.275000,-4.093162
0.125000,Backstepping,0,0.5,Pelvis,-2.404844,0.805764,-4.091323
0.125000,Backstepping,0,0.5,Spine,-2.407275,0.965745,-4.091323
0.125000,Backstepping,0,0.5,Head,-2.398550,1.435549,-4.080900
0.125000,Backstepping,0,0.5,Shin_L,-2.266410,0.631070,-4.170742
0.125000,Backstepping,0,0.5,Foot_L,-2.262453,0.419667,-4.112999
0.125000,Backstepping,0,0.5,Shin_R,-2.560024,0.638405,-4.195087
0.125000,Backstepping,0,0.5,Foot_R,-2.582345,0.404457,-4.140000
0.125000,Backstepping,0,0.5,Head,-2.400000,0.275000,-4.091323
0.129167,Backstepping,0,0.5,Pelvis,-2.404138,0.804138,-4.089485
0.129167,Backstepping,0,0.5,Spine,-2.406434,0.964122,-4.089485
0.129167,Backstepping,0,0.5,Head,-2.398192,1.433937,-4.079204
0.129167,Backstepping,0,0.5,Shin_L,-2.266007,0.628379,-4.166272
0.129167,Backstepping,0,0.5,Foot_L,-2.262453,0.420322,-4.110796
0.129167,Backstepping,0,0.5,Shin_R,-2.559715,0.636738,-4.192857
0.129167,Backstepping,0,0.5,Foot_R,-2.582345,0.404457,-4.139999
0.129167,Backstepping,0,0.5,Head,-2.400000,0.275000,-4.089485
0.133333,Backstepping,0,0.5,Pelvis,-2.403459,0.802379,-4.087647
0.133333,Backstepping,0,0.5,Spine,-2.405612,0.962364,-4.087647
0.133333,Backstepping,0,0.5,Head,-2.397881,1.432193,-4.077598
0.133333,Backstepping,0,0.5,Shin_L,-2.265625,0.625695,-4.162127
0.133333,Backstepping,0,0.5,Foot_L,-2.262453,0.420957,-4.108519
0.133333,Backstepping,0,0.5,Shin_R,-2.559417,0.635060,-4.190860
0.133333,Backstepping,0,0.5,Foot_R,-2.582345,0.404457,-4.140000
0.133333,Backstepping,0,0.5,Head,-2.400000,0.275000,-4.087647
0.137500,Backstepping,0,0.5,Pelvis,-2.402311,0.799685,-4.085809
0.137500,Backstepping,0,0.5,Spine,-2.404307,0.959673,-4.085809
0.137500,Backstepping,0,0.5,Head,-2.397142,1.429517,-4.076084
0.137500,Backstepping,0,0.5,Shin_L,-2.265048,0.624507,-4.164957
0.137500,Backstepping,0,0.5,Foot_L,-2.262453,0.421568,-4.106168
0.137500,Backstepping,0,0.5,Shin_R,-2.558876,0.632872,-4.189631
0.137500,Backstepping,0,0.5,Foot_R,-2.582345,0.404457,-4.140000
0.137500,Backstepping,0,0.5,Head,-2.400000,0.275000,-4.085809
0.141667,Backstepping,0,0.5,Pelvis,-2.401187,0.796910,-4.083971
0.141667,Backstepping,0,0.5,Spine,-2.403007,0.956900,-4.083971
0.141667,Backstepping,0,0.5,Head,-2.396474,1.426762,-4.074658
0.141667,Backstepping,0,0.5,Shin_L,-2.264481,0.623314,-4.167725
0.141667,Backstepping,0,0.5,Foot_L,-2.262453,0.422154,-4.103749
0.141667,Backstepping,0,0.5,Shin_R,-2.558344,0.630708,-4.188569
0.141667,Backstepping,0,0.5,Foot_R,-2.582345,0.404457,-4.140000
0.141667,Backstepping,0,0.5,Head,-2.400000,0.275000,-4.083971
0.145833,Backstepping,0,0.5,Pelvis,-2.400086,0.794094,-4.082132
0.145833,Backstepping,0,0.5,Spine,-2.401719,0.954086,-4.082132
0.145833,Backstepping,0,0.5,Head,-2.395859,1.423966,-4.073303
0.145833,Backstepping,0,0.5,Shin_L,-2.263926,0.622110,-4.170310
0.145833,Backstepping,0,0.5,Foot_L,-2.262453,0.422710,-4.101264
0.145833,Backstepping,0,0.5,Shin_R,-2.557823,0.628572,-4.187617
0.145833,Backstepping,0,0.5,Foot_R,-2.582345,0.404457,-4.140000
0.145833,Backstepping,0,0.5,Head,-2.400000,0.275000,-4.082132
0.150000,Backstepping,0,0.5,Pelvis,-2.399000,0.791271,-4.080294
0.150000,Backstepping,0,0.5,Spine,-2.400440,0.951265,-4.080294
0.150000,Backstepping,0,0.5,Head,-2.395271,1.421163,-4.072001
0.150000,Backstepping,0,0.5,Shin_L,-2.263377,0.620881,-4.172613
0.150000,Backstepping,0,0.5,Foot_L,-2.262453,0.423235,-4.098719
0.150000,Backstepping,0,0.5,Shin_R,-2.557312,0.626462,-4.186702
0.150000,Backstepping,0,0.5,Foot_R,-2.582345,0.404457,-4.140000
0.150000,Backstepping,0,0.5,Head,-2.400000,0.275000,-4.080294
0.154167,Backstepping,0,0.5,Pelvis,-2.397917,0.788473,-4.078456
0.154167,Backstepping,0,0.5,Spine,-2.399165,0.948468,-4.078456
0.154167,Backstepping,0,0.5,Head,-2.394685,1.418383,-4.070734
0.154167,Backstepping,0,0.5,Shin_L,-2.262829,0.619612,-4.174563
0.154167,Backstepping,0,0.5,Foot_L,-2.262453,0.423727,-4.096116
0.154167,Backstepping,0,0.5,Shin_R,-2.556806,0.624363,-4.185751
0.154167,Backstepping,0,0.5,Foot_R,-2.582345,0.404457,-4.139999
0.154167,Backstepping,0,0.5,Head,-2.400000,0.275000,-4.078456
0.158333,Backstepping,0,0.5,Pelvis,-2.396833,0.785706,-4.076618
0.158333,Backstepping,0,0.5,Spine,-2.397897,0.945702,-4.076618
0.158333,Backstepping,0,0.5,Head,-2.394080,1.415633,-4.069493
0.158333,Backstepping,0,0.5,Shin_L,-2.262284,0.618305,-4.176177
0.158333,Backstepping,0,0.5,Foot_L,-2.262453,0.424184,-4.093460
0.158333,Backstepping,0,0.5,Shin_R,-2.556308,0.622272,-4.184751
0.158333,Backstepping,0,0.5,Foot_R,-2.582345,0.404457,-4.140000
0.158333,Backstepping,0,0.5,Head,-2.400000,0.275000,-4.076618
0.162500,Backstepping,0,0.5,Pelvis,-2.395750,0.782976,-4.074780
0.162500,Backstepping,0,0.5,Spine,-2.396644,0.942973,-4.074780
0.162500,Backstepping,0,0.5,Head,-2.393435,1.412917,-4.068273
0.162500,Backstepping,0,0.5,Shin_L,-2.261741,0.616965,-4.177483
0.162500,Backstepping,0,0.5,Foot_L,-2.262453,0.424603,-4.090755
0.162500,Backstepping,0,0.5,Shin_R,-2.555816,0.620186,-4.183704
0.162500,Backstepping,0,0.5,Foot_R,-2.582345,0.404457,-4.140000
0.162500,Backstepping,0,0.5,Head,-2.400000,0.275000,-4.074780
0.166667,Backstepping,0,0.5,Pelvis,-2.394667,0.780285,-4.072941
0.166667,Backstepping,0,0.5,Spine,-2.395413,0.940283,-4.072941
0.166667,Backstepping,0,0.5,Head,-2.392733,1.410238,-4.067067
0.166667,Backstepping,0,0.5,Shin_L,-2.261202,0.615598,-4.178503
0.166667,Backstepping,0,0.5,Foot_L,-2.262453,0.424983,-4.088007
0.166667,Backstepping,0,0.5,Shin_R,-2.555333,0.618106,-4.182617
0.166667,Backstepping,0,0.5,Foot_R,-2.582345,0.404457,-4.140000
0.166667,Backstepping,0,0.5,Head,-2.400000,0.275000,-4.072941
0.170833,Backstepping,0,0.5,Pelvis,-2.394083,0.778470,-4.071103
0.170833,Backstepping,0,0.5,Spine,-2.394706,0.938469,-4.071103
0.170833,Backstepping,0,0.5,Head,-2.392471,1.408435,-4.065887
0.170833,Backstepping,0,0.5,Shin_L,-2.260908,0.614611,-4.178453
0.170833,Backstepping,0,0.5,Foot_L,-2.262453,0.425323,-4.085219
0.170833,Backstepping,0,0.5,Shin_R,-2.555033,0.617109,-4.182007
0.170833,Backstepping,0,0.5,Foot_R,-2.582345,0.404457,-4.140000
0.170833,Backstepping,0,0.5,Head,-2.400000,0.275000,-4.071103
0.175000,Backstepping,0,0.5,Pelvis,-2.393500,0.776702,-4.069264
0.175000,Backstepping,0,0.5,Spine,-2.394014,0.936702,-4.069264
0.175000,Backstepping,0,0.5,Head,-2.392169,1.406676,-4.064747
0.175000,Backstepping,0,0.5,Shin_L,-2.260617,0.613607,-4.178222
0.175000,Backstepping,0,0.5,Foot_L,-2.262453,0.425620,-4.082396
0.175000,Backstepping,0,0.5,Shin_R,-2.554735,0.616123,-4.181336
0.175000,Backstepping,0,0.5,Foot_R,-2.582345,0.404457,-4.140000
0.175000,Backstepping,0,0.5,Head,-2.400000,0.275000,-4.069264
0.179167,Backstepping,0,0.5,Pelvis,-2.392917,0.774983,-4.067426
0.179167,Backstepping,0,0.5,Spine,-2.393335,0.934983,-4.067426
0.179167,Backstepping,0,0.5,Head,-2.391834,1.404965,-4.063639
0.179167,Backstepping,0,0.5,Shin_L,-2.260329,0.612586,-4.177822
0.179167,Backstepping,0,0.5,Foot_L,-2.262453,0.425874,-4.079543
0.179167,Backstepping,0,0.5,Shin_R,-2.554441,0.615148,-4.180601
0.179167,Backstepping,0,0.5,Foot_R,-2.582345,0.404457,-4.140000
0.179167,Backstepping,0,0.5,Head,-2.400000,0.275000,-4.067426
0.183333,Backstepping,0,0.5,Pelvis,-2.392334,0.773316,-4.065588
0.183333,Backstepping,0,0.5,Spine,-2.392664,0.933315,-4.065588
0.183333,Backstepping,0,0.5,Head,-2.391476,1.403304,-4.062552
0.183333,Backstepping,0,0.5,Shin_L,-2.260042,0.611552,-4.177265
0.183333,Backstepping,0,0.5,Foot_L,-2.262453,0.426083,-4.076664
0.183333,Backstepping,0,0.5,Shin_R,-2.554149,0.614184,-4.179794
0.183333,Backstepping,0,0.5,Foot_R,-2.582345,0.404457,-4.140000
0.183333,Backstepping,0,0.5,Head,-2.400000,0.275000,-4.065588
0.187500,Backstepping,0,0.5,Pelvis,-2.391750,0.771701,-4.063750
0.187500,Backstepping,0,0.5,Spine,-2.391999,0.931701,-4.063750
0.187500,Backstepping,0,0.5,Head,-2.391105,1.401694,-4.061478
0.187500,Backstepping,0,0.5,Shin_L,-2.259758,0.610504,-4.176561
0.187500,Backstepping,0,0.5,Foot_L,-2.262453,0.426246,-4.073766
0.187500,Backstepping,0,0.5,Shin_R,-2.553861,0.613233,-4.178910
0.187500,Backstepping,0,0.5,Foot_R,-2.582345,0.404457,-4.140000
0.187500,Backstepping,0,0.5,Head,-2.400000,0.275000,-4.063750
0.191667,Backstepping,0,0.5,Pelvis,-2.391167,0.770141,-4.061912
0.191667,Backstepping,0,0.5,Spine,-2.391336,0.930141,-4.061912
0.191667,Backstepping,0,0.5,Head,-2.390729,1.400138,-4.060406
0.191667,Backstepping,0,0.5,Shin_L,-2.259475,0.609444,-4.175722
0.191667,Backstepping,0,0.5,Foot_L,-2.262453,0.426363,-4.070853
0.191667,Backstepping,0,0.5,Shin_R,-2.553576,0.612294,-4.177945
0.191667,Backstepping,0,0.5,Foot_R,-2.582345,0.404457,-4.140000
0.191667,Backstepping,0,0.5,Head,-2.400000,0.275000,-4.061912
0.195833,Backstepping,0,0.5,Pelvis,-2.390584,0.768637,-4.060073
0.195833,Backstepping,0,0.5,Spine,-2.390671,0.928637,-4.060073
0.195833,Backstepping,0,0.5,Head,-2.390358,1.398636,-4.059328
0.195833,Backstepping,0,0.5,Shin_L,-2.259194,0.608374,-4.174757
0.195833,Backstepping,0,0.5,Foot_L,-2.262453,0.426433,-4.067929
0.195833,Backstepping,0,0.5,Shin_R,-2.553293,0.611366,-4.176892
0.195833,Backstepping,0,0.5,Foot_R,-2.582345,0.404457,-4.140000
0.195833,Backstepping,0,0.5,Head,-2.400000,0.275000,-4.060073
0.200000,Backstepping,0,0.5,Pelvis,-2.390000,0.767189,-4.058235
0.200000,Backstepping,0,0.5,Spine,-2.390000,0.927189,-4.058235
0.200000,Backstepping,0,0.5,Head,-2.390000,1.397189,-4.058235
0.200000,Backstepping,0,0.5,Shin_L,-2.258913,0.607294,-4.173677
0.200000,Backstepping,0,0.5,Foot_L,-2.262453,0.426457,-4.065000
0.200000,Backstepping,0,0.5,Shin_R,-2.553014,0.610451,-4.175748
0.200000,Backstepping,0,0.5,Foot_R,-2.582345,0.404457,-4.140000
0.200000,Backstepping,0,0.5,Head,-2.400000,0.275000,-4.058235
0.204167,Backstepping,0,0.5,Pelvis,-2.389676,0.765796,-4.056397
0.204167,Backstepping,0,0.5,Spine,-2.389590,0.925796,-4.056397
0.204167,Backstepping,0,0.5,Head,-2.389900,1.395795,-4.057142
0.204167,Backstepping,0,0.5,Shin_L,-2.258756,0.606209,-4.172489
0.204167,Backstepping,0,0.5,Foot_L,-2.262453,0.426433,-4.062071
0.204167,Backstepping,0,0.5,Shin_R,-2.552752,0.610367,-4.175935
0.204167,Backstepping,0,0.5,Foot_R,-2.582345,0.404457,-4.140000
0.204167,Backstepping,0,0.5,Head,-2.400000,0.275000,-4.056397
0.208333,Backstepping,0,0.5,Pelvis,-2.389352,0.764459,-4.054559
0.208333,Backstepping,0,0.5,Spine,-2.389186,0.924459,-4.054559
0.208333,Backstepping,0,0.5,Head,-2.389781,1.394456,-4.056065
0.208333,Backstepping,0,0.5,Shin_L,-2.258602,0.605126,-4.171193
0.208333,Backstepping,0,0.5,Foot_L,-2.262453,0.426363,-4.059147
0.208333,Backstepping,0,0.5,Shin_R,-2.552491,0.610299,-4.176022
0.208333,Backstepping,0,0.5,Foot_R,-2.582345,0.404457,-4.140000
0.208333,Backstepping,0,0.5,Head,-2.400000,0.275000,-4.054559
0.212500,Backstepping,0,0.5,Pelvis,-2.389028,0.763176,-4.052721
0.212500,Backstepping,0,0.5,Spine,-2.388786,0.923176,-4.052721
0.212500,Backstepping,0,0.5,Head,-2.389655,1.393170,-4.054993
0.212500,Backstepping,0,0.5,Shin_L,-2.258448,0.604043,-4.169799
0.212500,Backstepping,0,0.5,Foot_L,-2.262453,0.426246,-4.056234
0.212500,Backstepping,0,0.5,Shin_R,-2.552230,0.610249,-4.176014
0.212500,Backstepping,0,0.5,Foot_R,-2.582345,0.404457,-4.140000
0.212500,Backstepping,0,0.5,Head,-2.400000,0.275000,-4.052721
0.216667,Backstepping,0,0.5,Pelvis,-2.388704,0.761945,-4.050882
0.216667,Backstepping,0,0.5,Spine,-2.388385,0.921945,-4.050882
0.216667,Backstepping,0,0.5,Head,-2.389530,1.391933,-4.053918
0.216667,Backstepping,0,0.5,Shin_L,-2.258295,0.602963,-4.168319
0.216667,Backstepping,0,0.5,Foot_L,-2.262453,0.426083,-4.053335
0.216667,Backstepping,0,0.5,Shin_R,-2.551969,0.610214,-4.175911
0.216667,Backstepping,0,0.5,Foot_R,-2.582345,0.404457,-4.139999
0.216667,Backstepping,0,0.5,Head,-2.400000,0.275000,-4.050882
0.220833,Backstepping,0,0.5,Pelvis,-2.388380,0.760763,-4.049044
0.220833,Backstepping,0,0.5,Spine,-2.387979,0.920763,-4.049044
0.220833,Backstepping,0,0.5,Head,-2.389417,1.390745,-4.052831
0.220833,Backstepping,0,0.5,Shin_L,-2.258142,0.601884,-4.166762
0.220833,Backstepping,0,0.5,Foot_L,-2.262453,0.425873,-4.050457
0.220833,Backstepping,0,0.5,Shin_R,-2.551708,0.610195,-4.175719
0.220833,Backstepping,0,0.5,Foot_R,-2.582345,0.404457,-4.140000
0.220833,Backstepping,0,0.5,Head,-2.400000,0.275000,-4.049044
0.225000,Backstepping,0,0.5,Pelvis,-2.388056,0.759628,-4.047206
0.225000,Backstepping,0,0.5,Spine,-2.387565,0.919627,-4.047206
0.225000,Backstepping,0,0.5,Head,-2.389325,1.389602,-4.051723
0.225000,Backstepping,0,0.5,Shin_L,-2.257989,0.600806,-4.165141
0.225000,Backstepping,0,0.5,Foot_L,-2.262453,0.425620,-4.047604
0.225000,Backstepping,0,0.5,Shin_R,-2.551446,0.610190,-4.175438
0.225000,Backstepping,0,0.5,Foot_R,-2.582345,0.404457,-4.140000
0.225000,Backstepping,0,0.5,Head,-2.400000,0.275000,-4.047206
0.229167,Backstepping,0,0.5,Pelvis,-2.387732,0.758534,-4.045368
0.229167,Backstepping,0,0.5,Spine,-2.387140,0.918533,-4.045368
0.229167,Backstepping,0,0.5,Head,-2.389264,1.388499,-4.050584
0.229167,Backstepping,0,0.5,Shin_L,-2.257835,0.599729,-4.163466
0.229167,Backstepping,0,0.5,Foot_L,-2.262453,0.425323,-4.044781
0.229167,Backstepping,0,0.5,Shin_R,-2.551183,0.610199,-4.175073
0.229167,Backstepping,0,0.5,Foot_R,-2.582345,0.404457,-4.140000
0.229167,Backstepping,0,0.5,Head,-2.400000,0.275000,-4.045368
0.233333,Backstepping,0,0.5,Pelvis,-2.387408,0.757477,-4.043530
0.233333,Backstepping,0,0.5,Spine,-2.386698,0.917476,-4.043530
0.233333,Backstepping,0,0.5,Head,-2.389245,1.387432,-4.049405
0.233333,Backstepping,0,0.5,Shin_L,-2.257680,0.598651,-4.161750
0.233333,Backstepping,0,0.5,Foot_L,-2.262453,0.424983,-4.041993
0.233333,Backstepping,0,0.5,Shin_R,-2.550920,0.610220,-4.174629
0.233333,Backstepping,0,0.5,Foot_R,-2.582345,0.404457,-4.140000
0.233333,Backstepping,0,0.5,Head,-2.400000,0.275000,-4.043530
0.237500,Backstepping,0,0.5,Pelvis,-2.386806,0.755619,-4.041691
0.237500,Backstepping,0,0.5,Spine,-2.385957,0.915617,-4.041691
0.237500,Backstepping,0,0.5,Head,-2.389005,1.385561,-4.048198
0.237500,Backstepping,0,0.5,Shin_L,-2.257395,0.597121,-4.160641
0.237500,Backstepping,0,0.5,Foot_L,-2.262453,0.424604,-4.039244
0.237500,Backstepping,0,0.5,Shin_R,-2.550467,0.610084,-4.175020
0.237500,Backstepping,0,0.5,Foot_R,-2.582345,0.404457,-4.140000
0.237500,Backstepping,0,0.5,Head,-2.400000,0.275000,-4.041691
0.241667,Backstepping,0,0.5,Pelvis,-2.386204,0.753785,-4.039853
0.241667,Backstepping,0,0.5,Spine,-2.385194,0.913782,-4.039853
0.241667,Backstepping,0,0.5,Head,-2.388820,1.383713,-4.046978
0.241667,Backstepping,0,0.5,Shin_L,-2.257108,0.595582,-4.159500
0.241667,Backstepping,0,0.5,Foot_L,-2.262453,0.424184,-4.036540
0.241667,Backstepping,0,0.5,Shin_R,-2.550008,0.609961,-4.175317
0.241667,Backstepping,0,0.5,Foot_R,-2.582345,0.404457,-4.140000
0.241667,Backstepping,0,0.5,Head,-2.400000,0.275000,-4.039853
0.245833,Backstepping,0,0.5,Pelvis,-2.385602,0.751969,-4.038015
0.245833,Backstepping,0,0.5,Spine,-2.384417,0.911964,-4.038015
0.245833,Backstepping,0,0.5,Head,-2.388672,1.381881,-4.045737
0.245833,Backstepping,0,0.5,Shin_L,-2.256821,0.594038,-4.158333
0.245833,Backstepping,0,0.5,Foot_L,-2.262453,0.423727,-4.033884
0.245833,Backstepping,0,0.5,Shin_R,-2.549545,0.609850,-4.175538
0.245833,Backstepping,0,0.5,Foot_R,-2.582345,0.404457,-4.140000
0.245833,Backstepping,0,0.5,Head,-2.400000,0.275000,-4.038015
0.250000,Backstepping,0,0.5,Pelvis,-2.385000,0.750162,-4.036177
0.250000,Backstepping,0,0.5,Spine,-2.383632,0.910156,-4.036177
0.250000,Backstepping,0,0.5,Head,-2.388543,1.380057,-4.044470
0.250000,Backstepping,0,0.5,Shin_L,-2.256534,0.592490,-4.157149
0.250000,Backstepping,0,0.5,Foot_L,-2.262453,0.423235,-4.031281
0.250000,Backstepping,0,0.5,Shin_R,-2.549077,0.609746,-4.175701
0.250000,Backstepping,0,0.5,Foot_R,-2.582345,0.404457,-4.140000
0.250000,Backstepping,0,0.5,Head,-2.400000,0.275000,-4.036177
0.254167,Backstepping,0,0.5,Pelvis,-2.384398,0.748356,-4.034338
0.254167,Backstepping,0,0.5,Spine,-2.382848,0.908348,-4.034338
0.254167,Backstepping,0,0.5,Head,-2.388413,1.378232,-4.043169
0.254167,Backstepping,0,0.5,Shin_L,-2.256249,0.590941,-4.155955
0.254167,Backstepping,0,0.5,Foot_L,-2.262453,0.422710,-4.028736
0.254167,Backstepping,0,0.5,Shin_R,-2.548605,0.609648,-4.175824
0.254167,Backstepping,0,0.5,Foot_R,-2.582345,0.404457,-4.139999
0.254167,Backstepping,0,0.5,Head,-2.400000,0.275000,-4.034338
0.258333,Backstepping,0,0.5,Pelvis,-2.383796,0.746550,-4.032500
0.258333,Backstepping,0,0.5,Spine,-2.382071,0.906541,-4.032500
0.258333,Backstepping,0,0.5,Head,-2.388265,1.376408,-4.041829
0.258333,Backstepping,0,0.5,Shin_L,-2.255965,0.589397,-4.154752
0.258333,Backstepping,0,0.5,Foot_L,-2.262453,0.422153,-4.026251
0.258333,Backstepping,0,0.5,Shin_R,-2.548129,0.609553,-4.175917
0.258333,Backstepping,0,0.5,Foot_R,-2.582345,0.404457,-4.140000
0.258333,Backstepping,0,0.5,Head,-2.400000,0.275000,-4.032500
0.262500,Backstepping,0,0.5,Pelvis,-2.383194,0.744745,-4.030662
0.262500,Backstepping,0,0.5,Spine,-2.381308,0.904734,-4.030662
0.262500,Backstepping,0,0.5,Head,-2.388080,1.374583,-4.040440
0.262500,Backstepping,0,0.5,Shin_L,-2.255682,0.587864,-4.153543
0.262500,Backstepping,0,0.5,Foot_L,-2.262453,0.421568,-4.023832
0.262500,Backstepping,0,0.5,Shin_R,-2.547649,0.609460,-4.175986
0.262500,Backstepping,0,0.5,Foot_R,-2.582345,0.404457,-4.140000
0.262500,Backstepping,0,0.5,Head,-2.400000,0.275000,-4.030662
0.266667,Backstepping,0,0.5,Pelvis,-2.382593,0.742939,-4.028823
0.266667,Backstepping,0,0.5,Spine,-2.380566,0.902926,-4.028823
0.266667,Backstepping,0,0.5,Head,-2.387840,1.372760,-4.038999
0.266667,Backstepping,0,0.5,Shin_L,-2.255403,0.586348,-4.152329
0.266667,Backstepping,0,0.5,Foot_L,-2.262453,0.420957,-4.021481
0.266667,Backstepping,0,0.5,Shin_R,-2.547166,0.609368,-4.176038
0.266667,Backstepping,0,0.5,Foot_R,-2.582345,0.404457,-4.140000
0.266667,Backstepping,0,0.5,Head,-2.400000,0.275000,-4.028823
0.270833,Backstepping,0,0.5,Pelvis,-2.382269,0.741967,-4.026985
0.270833,Backstepping,0,0.5,Spine,-2.380122,0.901953,-4.026985
0.270833,Backstepping,0,0.5,Head,-2.387828,1.371771,-4.037509
0.270833,Backstepping,0,0.5,Shin_L,-2.255250,0.585316,-4.150543
0.270833,Backstepping,0,0.5,Foot_L,-2.262453,0.420322,-4.019203
0.270833,Backstepping,0,0.5,Shin_R,-2.546880,0.609446,-4.175308
0.270833,Backstepping,0,0.5,Foot_R,-2.582345,0.404457,-4.140000
0.270833,Backstepping,0,0.5,Head,-2.400000,0.275000,-4.026985
0.275000,Backstepping,0,0.5,Pelvis,-2.381945,0.740995,-4.025147
0.275000,Backstepping,0,0.5,Spine,-2.379689,0.900979,-4.025147
0.275000,Backstepping,0,0.5,Head,-2.387786,1.370784,-4.035981
0.275000,Backstepping,0,0.5,Shin_L,-2.255097,0.584306,-4.148777
0.275000,Backstepping,0,0.5,Foot_L,-2.262453,0.419667,-4.017001
0.275000,Backstepping,0,0.5,Shin_R,-2.546593,0.609522,-4.174573
0.275000,Backstepping,0,0.5,Foot_R,-2.582345,0.404457,-4.140000
0.275000,Backstepping,0,0.5,Head,-2.400000,0.275000,-4.025147
0.279167,Backstepping,0,0.5,Pelvis,-2.381620,0.740023,-4.023309
0.279167,Backstepping,0,0.5,Spine,-2.379266,0.900005,-4.023309
0.279167,Backstepping,0,0.5,Head,-2.387716,1.369798,-4.034412
0.279167,Backstepping,0,0.5,Shin_L,-2.254944,0.583320,-4.147034
0.279167,Backstepping,0,0.5,Foot_L,-2.262453,0.418993,-4.014877
0.279167,Backstepping,0,0.5,Shin_R,-2.546306,0.609595,-4.173832
0.279167,Backstepping,0,0.5,Foot_R,-2.582345,0.404457,-4.140000
0.279167,Backstepping,0,0.5,Head,-2.400000,0.275000,-4.023309
0.283333,Backstepping,0,0.5,Pelvis,-2.381296,0.739050,-4.021471
0.283333,Backstepping,0,0.5,Spine,-2.378853,0.899032,-4.021471
0.283333,Backstepping,0,0.5,Head,-2.387624,1.368813,-4.032800
0.283333,Backstepping,0,0.5,Shin_L,-2.254791,0.582359,-4.145320
0.283333,Backstepping,0,0.5,Foot_L,-2.262453,0.418304,-4.012835
0.283333,Backstepping,0,0.5,Shin_R,-2.546019,0.609666,-4.173084
0.283333,Backstepping,0,0.5,Foot_R,-2.582345,0.404457,-4.140000
0.283333,Backstepping,0,0.5,Head,-2.400000,0.275000,-4.021471
0.287500,Backstepping,0,0.5,Pelvis,-2.380972,0.738078,-4.019632
0.287500,Backstepping,0,0.5,Spine,-2.378447,0.898058,-4.019632
0.287500,Backstepping,0,0.5,Head,-2.387511,1.367830,-4.031141
0.287500,Backstepping,0,0.5,Shin_L,-2.254637,0.581427,-4.143639
0.287500,Backstepping,0,0.5,Foot_L,-2.262453,0.417603,-4.010877
0.287500,Backstepping,0,0.5,Shin_R,-2.545730,0.609736,-4.172328
0.287500,Backstepping,0,0.5,Foot_R,-2.582345,0.404457,-4.140000
0.287500,Backstepping,0,0.5,Head,-2.400000,0.275000,-4.019632
0.291667,Backstepping,0,0.5,Pelvis,-2.380648,0.737106,-4.017794
0.291667,Backstepping,0,0.5,Spine,-2.378048,0.897085,-4.017794
0.291667,Backstepping,0,0.5,Head,-2.387381,1.366848,-4.029435
0.291667,Backstepping,0,0.5,Shin_L,-2.254483,0.580524,-4.141994
0.291667,Backstepping,0,0.5,Foot_L,-2.262453,0.416893,-4.009005
0.291667,Backstepping,0,0.5,Shin_R,-2.545441,0.609803,-4.171562
0.291667,Backstepping,0,0.5,Foot_R,-2.582345,0.404457,-4.140000
0.291667,Backstepping,0,0.5,Head,-2.400000,0.275000,-4.017794
0.295833,Backstepping,0,0.5,Pelvis,-2.380324,0.736134,-4.015956
0.295833,Backstepping,0,0.5,Spine,-2.377654,0.896112,-4.015956
0.295833,Backstepping,0,0.5,Head,-2.387237,1.365867,-4.027678
0.295833,Backstepping,0,0.5,Shin_L,-2.254328,0.579653,-4.140392
0.295833,Backstepping,0,0.5,Foot_L,-2.262453,0.416176,-4.007221
0.295833,Backstepping,0,0.5,Shin_R,-2.545151,0.609868,-4.170786
0.295833,Backstepping,0,0.5,Foot_R,-2.582345,0.404457,-4.140000
0.295833,Backstepping,0,0.5,Head,-2.400000,0.275000,-4.015956
0.300000,Backstepping,0,0.5,Pelvis,-2.380000,0.735162,-4.014118
0.300000,Backstepping,0,0.5,Spine,-2.377264,0.895138,-4.014118
0.300000,Backstepping,0,0.5,Head,-2.387084,1.364888,-4.025867
0.300000,Backstepping,0,0.5,Shin_L,-2.254172,0.578814,-4.138835
0.300000,Backstepping,0,0.5,Foot_L,-2.262453,0.415457,-4.005527
0.300000,Backstepping,0,0.5,Shin_R,-2.544860,0.609932,-4.169999
0.300000,Backstepping,0,0.5,Foot_R,-2.582345,0.404457,-4.140000
0.300000,Backstepping,0,0.5,Head,-2.400000,0.275000,-4.014118
0.304167,Backstepping,0,0.5,Pelvis,-2.380194,0.736134,-4.012280
0.304167,Backstepping,0,0.5,Spine,-2.377402,0.896109,-4.012280
0.304167,Backstepping,0,0.5,Head,-2.387424,1.365856,-4.024001
0.304167,Backstepping,0,0.5,Shin_L,-2.254189,0.580157,-4.137659
0.304167,Backstepping,0,0.5,Foot_L,-2.262453,0.414738,-4.003925
0.304167,Backstepping,0,0.5,Shin_R,-2.544829,0.611208,-4.168476
0.304167,Backstepping,0,0.5,Foot_R,-2.582345,0.404457,-4.140000
0.304167,Backstepping,0,0.5,Head,-2.400000,0.275000,-4.012280
0.308333,Backstepping,0,0.5,Pelvis,-2.380389,0.737106,-4.010441
0.308333,Backstepping,0,0.5,Spine,-2.377553,0.897081,-4.010441
0.308333,Backstepping,0,0.5,Head,-2.387733,1.366826,-4.022082
0.308333,Backstepping,0,0.5,Shin_L,-2.254208,0.581540,-4.136522
0.308333,Backstepping,0,0.5,Foot_L,-2.262453,0.414022,-4.002416
0.308333,Backstepping,0,0.5,Shin_R,-2.544803,0.612472,-4.166951
0.308333,Backstepping,0,0.5,Foot_R,-2.582345,0.404457,-4.140000
0.308333,Backstepping,0,0.5,Head,-2.400000,0.275000,-4.010441
0.312500,Backstepping,0,0.5,Pelvis,-2.380584,0.738078,-4.008603
0.312500,Backstepping,0,0.5,Spine,-2.377712,0.898052,-4.008603
0.312500,Backstepping,0,0.5,Head,-2.388018,1.367798,-4.020112
0.312500,Backstepping,0,0.5,Shin_L,-2.254229,0.582962,-4.135428
0.312500,Backstepping,0,0.5,Foot_L,-2.262453,0.413311,-4.000999
0.312500,Backstepping,0,0.5,Shin_R,-2.544780,0.613723,-4.165419
0.312500,Backstepping,0,0.5,Foot_R,-2.582345,0.404457,-4.140000
0.312500,Backstepping,0,0.5,Head,-2.400000,0.275000,-4.008603
0.316667,Backstepping,0,0.5,Pelvis,-2.380778,0.739050,-4.006765
0.316667,Backstepping,0,0.5,Spine,-2.377876,0.899024,-4.006765
0.316667,Backstepping,0,0.5,Head,-2.388292,1.368772,-4.018094
0.316667,Backstepping,0,0.5,Shin_L,-2.254250,0.584425,-4.134383
0.316667,Backstepping,0,0.5,Foot_L,-2.262453,0.412610,-3.999678
0.316667,Backstepping,0,0.5,Shin_R,-2.544762,0.614963,-4.163877
0.316667,Backstepping,0,0.5,Foot_R,-2.582345,0.404457,-4.139999
0.316667,Backstepping,0,0.5,Head,-2.400000,0.275000,-4.006765
0.320833,Backstepping,0,0.5,Pelvis,-2.380972,0.740022,-4.004927
0.320833,Backstepping,0,0.5,Spine,-2.378041,0.899996,-4.004927
0.320833,Backstepping,0,0.5,Head,-2.388562,1.369746,-4.016030
0.320833,Backstepping,0,0.5,Shin_L,-2.254272,0.585925,-4.133386
0.320833,Backstepping,0,0.5,Foot_L,-2.262453,0.411921,-3.998450
0.320833,Backstepping,0,0.5,Shin_R,-2.544747,0.616192,-4.162321
0.320833,Backstepping,0,0.5,Foot_R,-2.582345,0.404457,-4.140000
0.320833,Backstepping,0,0.5,Head,-2.400000,0.275000,-4.004927
0.325000,Backstepping,0,0.5,Pelvis,-2.381167,0.740995,-4.003088
0.325000,Backstepping,0,0.5,Spine,-2.378203,0.900967,-4.003088
0.325000,Backstepping,0,0.5,Head,-2.388841,1.370722,-4.013922
0.325000,Backstepping,0,0.5,Shin_L,-2.254293,0.587465,-4.132442
0.325000,Backstepping,0,0.5,Foot_L,-2.262453,0.411247,-3.997315
0.325000,Backstepping,0,0.5,Shin_R,-2.544735,0.617409,-4.160749
0.325000,Backstepping,0,0.5,Foot_R,-2.582345,0.404457,-4.140000
0.325000,Backstepping,0,0.5,Head,-2.400000,0.275000,-4.003088
0.329167,Backstepping,0,0.5,Pelvis,-2.381361,0.741967,-4.001250
0.329167,Backstepping,0,0.5,Spine,-2.378358,0.901939,-4.001250
0.329167,Backstepping,0,0.5,Head,-2.389137,1.371697,-4.011774
0.329167,Backstepping,0,0.5,Shin_L,-2.254315,0.589043,-4.131554
0.329167,Backstepping,0,0.5,Foot_L,-2.262453,0.410592,-3.996274
0.329167,Backstepping,0,0.5,Shin_R,-2.544725,0.618615,-4.159159
0.329167,Backstepping,0,0.5,Foot_R,-2.582345,0.404457,-4.139999
0.329167,Backstepping,0,0.5,Head,-2.400000,0.275000,-4.001250
0.333333,Backstepping,0,0.5,Pelvis,-2.381556,0.742939,-3.999412
0.333333,Backstepping,0,0.5,Spine,-2.378502,0.902910,-3.999412
0.333333,Backstepping,0,0.5,Head,-2.389461,1.372672,-4.009587
0.333333,Backstepping,0,0.5,Shin_L,-2.254337,0.590659,-4.130723
0.333333,Backstepping,0,0.5,Foot_L,-2.262453,0.409957,-3.995324
0.333333,Backstepping,0,0.5,Shin_R,-2.544719,0.619810,-4.157545
0.333333,Backstepping,0,0.5,Foot_R,-2.582345,0.404457,-4.140000
0.333333,Backstepping,0,0.5,Head,-2.400000,0.275000,-3.999412
0.337500,Backstepping,0,0.5,Pelvis,-2.381917,0.744745,-3.997574
0.337500,Backstepping,0,0.5,Spine,-2.378801,0.904714,-3.997574
0.337500,Backstepping,0,0.5,Head,-2.389984,1.374479,-4.007352
0.337500,Backstepping,0,0.5,Shin_L,-2.254374,0.594223,-4.131482
0.337500,Backstepping,0,0.5,Foot_L,-2.262453,0.409346,-3.994465
0.337500,Backstepping,0,0.5,Shin_R,-2.544490,0.623309,-4.157511
0.337500,Backstepping,0,0.5,Foot_R,-2.582345,0.404457,-4.140000
0.337500,Backstepping,0,0.5,Head,-2.400000,0.275000,-3.997574
0.341667,Backstepping,0,0.5,Pelvis,-2.382278,0.746550,-3.995735
0.341667,Backstepping,0,0.5,Spine,-2.379090,0.906519,-3.995735
0.341667,Backstepping,0,0.5,Head,-2.390532,1.376287,-4.005064
0.341667,Backstepping,0,0.5,Shin_L,-2.254415,0.597851,-4.132266
0.341667,Backstepping,0,0.5,Foot_L,-2.262453,0.408761,-3.993694
0.341667,Backstepping,0,0.5,Shin_R,-2.544268,0.626812,-4.157433
0.341667,Backstepping,0,0.5,Foot_R,-2.582345,0.404457,-4.140000
0.341667,Backstepping,0,0.5,Head,-2.400000,0.275000,-3.995735
0.345833,Backstepping,0,0.5,Pelvis,-2.382639,0.748356,-3.993897
0.345833,Backstepping,0,0.5,Spine,-2.379373,0.908323,-3.993897
0.345833,Backstepping,0,0.5,Head,-2.391097,1.378093,-4.002728
0.345833,Backstepping,0,0.5,Shin_L,-2.254459,0.601547,-4.133071
0.345833,Backstepping,0,0.5,Foot_L,-2.262453,0.408204,-3.993009
0.345833,Backstepping,0,0.5,Shin_R,-2.544053,0.630318,-4.157313
0.345833,Backstepping,0,0.5,Foot_R,-2.582345,0.404457,-4.140000
0.345833,Backstepping,0,0.5,Head,-2.400000,0.275000,-3.993897
0.350000,Backstepping,0,0.5,Pelvis,-2.383000,0.750161,-3.992059
0.350000,Backstepping,0,0.5,Spine,-2.379653,0.910126,-3.992059
0.350000,Backstepping,0,0.5,Head,-2.391670,1.379899,-4.000353
0.350000,Backstepping,0,0.5,Shin_L,-2.254509,0.605313,-4.133893
0.350000,Backstepping,0,0.5,Foot_L,-2.262453,0.407679,-3.992408
0.350000,Backstepping,0,0.5,Shin_R,-2.543846,0.633827,-4.157157
0.350000,Backstepping,0,0.5,Foot_R,-2.582345,0.404457,-4.140000
0.350000,Backstepping,0,0.5,Head,-2.400000,0.275000,-3.992059
0.354167,Backstepping,0,0.5,Pelvis,-2.383361,0.751967,-3.990221
0.354167,Backstepping,0,0.5,Spine,-2.379932,0.911930,-3.990221
0.354167,Backstepping,0,0.5,Head,-2.392242,1.381705,-3.997943
0.354167,Backstepping,0,0.5,Shin_L,-2.254563,0.609152,-4.134727
0.354167,Backstepping,0,0.5,Foot_L,-2.262453,0.407187,-3.991887
0.354167,Backstepping,0,0.5,Shin_R,-2.543647,0.637338,-4.156967
0.354167,Backstepping,0,0.5,Foot_R,-2.582345,0.404457,-4.140000
0.354167,Backstepping,0,0.5,Head,-2.400000,0.275000,-3.990221
0.358333,Backstepping,0,0.5,Pelvis,-2.383722,0.753773,-3.988382
0.358333,Backstepping,0,0.5,Spine,-2.380214,0.913734,-3.988382
0.358333,Backstepping,0,0.5,Head,-2.392807,1.383511,-3.995507
0.358333,Backstepping,0,0.5,Shin_L,-2.254623,0.613065,-4.135568
0.358333,Backstepping,0,0.5,Foot_L,-2.262453,0.406730,-3.991441
0.358333,Backstepping,0,0.5,Shin_R,-2.543456,0.640851,-4.156746
0.358333,Backstepping,0,0.5,Foot_R,-2.582345,0.404457,-4.140000
0.358333,Backstepping,0,0.5,Head,-2.400000,0.275000,-3.988382
0.362500,Backstepping,0,0.5,Pelvis,-2.384084,0.755578,-3.986544
0.362500,Backstepping,0,0.5,Spine,-2.380504,0.915538,-3.986544
0.362500,Backstepping,0,0.5,Head,-2.393355,1.385317,-3.993051
0.362500,Backstepping,0,0.5,Shin_L,-2.254688,0.617053,-4.136410
0.362500,Backstepping,0,0.5,Foot_L,-2.262453,0.406311,-3.991069
0.362500,Backstepping,0,0.5,Shin_R,-2.543272,0.644366,-4.156498
0.362500,Backstepping,0,0.5,Foot_R,-2.582345,0.404457,-4.140000
0.362500,Backstepping,0,0.5,Head,-2.400000,0.275000,-3.986544
0.366667,Backstepping,0,0.5,Pelvis,-2.384444,0.757384,-3.984706
0.366667,Backstepping,0,0.5,Spine,-2.380802,0.917342,-3.984706
0.366667,Backstepping,0,0.5,Head,-2.393878,1.387123,-3.990581
0.366667,Backstepping,0,0.5,Shin_L,-2.254760,0.621118,-4.137250
0.366667,Backstepping,0,0.5,Foot_L,-2.262453,0.405931,-3.990763
0.366667,Backstepping,0,0.5,Shin_R,-2.543097,0.647882,-4.156225
0.366667,Backstepping,0,0.5,Foot_R,-2.582345,0.404457,-4.140000
0.366667,Backstepping,0,0.5,Head,-2.400000,0.275000,-3.984706
0.370833,Backstepping,0,0.5,Pelvis,-2.384639,0.758356,-3.982868
0.370833,Backstepping,0,0.5,Spine,-2.380940,0.918313,-3.982868
0.370833,Backstepping,0,0.5,Head,-2.394219,1.388096,-3.988084
0.370833,Backstepping,0,0.5,Shin_L,-2.254836,0.622181,-4.135573
0.370833,Backstepping,0,0.5,Foot_L,-2.262453,0.405591,-3.990520
0.370833,Backstepping,0,0.5,Shin_R,-2.542834,0.650839,-4.156153
0.370833,Backstepping,0,0.5,Foot_R,-2.582345,0.404457,-4.140000
0.370833,Backstepping,0,0.5,Head,-2.400000,0.275000,-3.982868
0.375000,Backstepping,0,0.5,Pelvis,-2.384833,0.759328,-3.981030
0.375000,Backstepping,0,0.5,Spine,-2.381078,0.919284,-3.981030
0.375000,Backstepping,0,0.5,Head,-2.394558,1.389069,-3.985546
0.375000,Backstepping,0,0.5,Shin_L,-2.254912,0.623279,-4.133935
0.375000,Backstepping,0,0.5,Foot_L,-2.262453,0.405294,-3.990333
0.375000,Backstepping,0,0.5,Shin_R,-2.542574,0.653799,-4.156043
0.375000,Backstepping,0,0.5,Foot_R,-2.582345,0.404457,-4.140000
0.375000,Backstepping,0,0.5,Head,-2.400000,0.275000,-3.981030
0.379167,Backstepping,0,0.5,Pelvis,-2.385028,0.760300,-3.979191
0.379167,Backstepping,0,0.5,Spine,-2.381220,0.920255,-3.979191
0.379167,Backstepping,0,0.5,Head,-2.394889,1.390041,-3.982979
0.379167,Backstepping,0,0.5,Shin_L,-2.254989,0.624412,-4.132333
0.379167,Backstepping,0,0.5,Foot_L,-2.262453,0.405041,-3.990196
0.379167,Backstepping,0,0.5,Shin_R,-2.542318,0.656760,-4.155897
0.379167,Backstepping,0,0.5,Foot_R,-2.582345,0.404457,-4.140000
0.379167,Backstepping,0,0.5,Head,-2.400000,0.275000,-3.979191
0.383333,Backstepping,0,0.5,Pelvis,-2.385222,0.761273,-3.977353
0.383333,Backstepping,0,0.5,Spine,-2.381367,0.921226,-3.977353
0.383333,Backstepping,0,0.5,Head,-2.395207,1.391012,-3.980389
0.383333,Backstepping,0,0.5,Shin_L,-2.255067,0.625578,-4.130763
0.383333,Backstepping,0,0.5,Foot_L,-2.262453,0.404832,-3.990102
0.383333,Backstepping,0,0.5,Shin_R,-2.542066,0.659725,-4.155718
0.383333,Backstepping,0,0.5,Foot_R,-2.582345,0.404457,-4.140000
0.383333,Backstepping,0,0.5,Head,-2.400000,0.275000,-3.977353
0.387500,Backstepping,0,0.5,Pelvis,-2.385417,0.762245,-3.975515
0.387500,Backstepping,0,0.5,Spine,-2.381521,0.922197,-3.975515
0.387500,Backstepping,0,0.5,Head,-2.395509,1.391983,-3.977787
0.387500,Backstepping,0,0.5,Shin_L,-2.255146,0.626777,-4.129222
0.387500,Backstepping,0,0.5,Foot_L,-2.262453,0.404668,-3.990044
0.387500,Backstepping,0,0.5,Shin_R,-2.541818,0.662690,-4.155507
0.387500,Backstepping,0,0.5,Foot_R,-2.582345,0.404457,-4.140000
0.387500,Backstepping,0,0.5,Head,-2.400000,0.275000,-3.975515
0.391667,Backstepping,0,0.5,Pelvis,-2.385611,0.763217,-3.973677
0.391667,Backstepping,0,0.5,Spine,-2.381683,0.923169,-3.973677
0.391667,Backstepping,0,0.5,Head,-2.395787,1.392954,-3.975182
0.391667,Backstepping,0,0.5,Shin_L,-2.255228,0.628006,-4.127706
0.391667,Backstepping,0,0.5,Foot_L,-2.262453,0.404551,-3.990013
0.391667,Backstepping,0,0.5,Shin_R,-2.541575,0.665658,-4.155265
0.391667,Backstepping,0,0.5,Foot_R,-2.582345,0.404457,-4.140000
0.391667,Backstepping,0,0.5,Head,-2.400000,0.275000,-3.973677
0.395833,Backstepping,0,0.5,Pelvis,-2.385806,0.764189,-3.971838
0.395833,Backstepping,0,0.5,Spine,-2.381855,0.924140,-3.971838
0.395833,Backstepping,0,0.5,Head,-2.396037,1.393925,-3.972584
0.395833,Backstepping,0,0.5,Shin_L,-2.255311,0.629264,-4.126210
0.395833,Backstepping,0,0.5,Foot_L,-2.262453,0.404480,-3.990002
0.395833,Backstepping,0,0.5,Shin_R,-2.541337,0.668627,-4.154996
0.395833,Backstepping,0,0.5,Foot_R,-2.582345,0.404457,-4.139999
0.395833,Backstepping,0,0.5,Head,-2.400000,0.275000,-3.971838
0.400000,Backstepping,0,0.5,Pelvis,-2.386000,0.765162,-3.970000
0.400000,Backstepping,0,0.5,Spine,-2.382041,0.925113,-3.970000
0.400000,Backstepping,0,0.5,Head,-2.396256,1.394897,-3.970000
0.400000,Backstepping,0,0.5,Shin_L,-2.255397,0.630548,-4.124729
0.400000,Backstepping,0,0.5,Foot_L,-2.262453,0.404457,-3.990000
0.400000,Backstepping,0,0.5,Shin_R,-2.541103,0.671598,-4.154699
0.400000,Backstepping,0,0.5,Foot_R,-2.582345,0.404457,-4.140000
0.400000,Backstepping,0,0.5,Head,-2.400000,0.275000,-3.970000
0.404167,Backstepping,1,1,Pelvis,-2.386194,0.766134,-3.968162
0.404167,Backstepping,1,1,Spine,-2.382240,0.926085,-3.968162
0.404167,Backstepping,1,1,Head,-2.396438,1.395869,-3.967417
0.404167,Backstepping,1,1,Shin_L,-2.255517,0.630780,-4.122066
0.404167,Backstepping,1,1,Foot_L,-2.262453,0.404457,-3.990000
0.404167,Backstepping,1,1,Shin_R,-2.541123,0.672959,-4.153171
0.404167,Backstepping,1,1,Foot_R,-2.582345,0.404481,-4.139997
0.404167,Backstepping,1,1,Head,-2.400000,0.275000,-3.968162
0.408333,Backstepping,1,1,Pelvis,-2.386389,0.767106,-3.966324
0.408333,Backstepping,1,1,Spine,-2.382452,0.927057,-3.966324
0.408333,Backstepping,1,1,Head,-2.396587,1.396842,-3.964818
0.408333,Backstepping,1,1,Shin_L,-2.255641,0.631003,-4.119372
0.408333,Backstepping,1,1,Foot_L,-2.262453,0.404457,-3.990000
0.408333,Backstepping,1,1,Shin_R,-2.541142,0.674355,-4.151676
0.408333,Backstepping,1,1,Foot_R,-2.582345,0.404551,-4.139974
0.408333,Backstepping,1,1,Head,-2.400000,0.275000,-3.966324
0.412500,Backstepping,1,1,Pelvis,-2.386583,0.768078,-3.964485
0.412500,Backstepping,1,1,Spine,-2.382674,0.928030,-3.964485
0.412500,Backstepping,1,1,Head,-2.396708,1.397815,-3.962213
0.412500,Backstepping,1,1,Shin_L,-2.255765,0.631216,-4.116648
0.412500,Backstepping,1,1,Foot_L,-2.262453,0.404457,-3.990000
0.412500,Backstepping,1,1,Shin_R,-2.541161,0.675786,-4.150212
0.412500,Backstepping,1,1,Foot_R,-2.582345,0.404668,-4.139913
0.412500,Backstepping,1,1,Head,-2.400000,0.275000,-3.964485
0.416666,Backstepping,1,1,Pelvis,-2.386778,0.769050,-3.962647
0.416666,Backstepping,1,1,Spine,-2.382906,0.929003,-3.962647
0.416666,Backstepping,1,1,Head,-2.396806,1.398788,-3.959611
0.416666,Backstepping,1,1,Shin_L,-2.255890,0.631419,-4.113894
0.416666,Backstepping,1,1,Foot_L,-2.262453,0.404457,-3.990000
0.416666,Backstepping,1,1,Shin_R,-2.541178,0.677253,-4.148777
0.416666,Backstepping,1,1,Foot_R,-2.582345,0.404832,-4.139796
0.416666,Backstepping,1,1,Head,-2.400000,0.275000,-3.962647
0.420833,Backstepping,1,1,Pelvis,-2.386972,0.770023,-3.960809
0.420833,Backstepping,1,1,Spine,-2.383144,0.929977,-3.960809
0.420833,Backstepping,1,1,Head,-2.396888,1.399760,-3.957022
0.420833,Backstepping,1,1,Shin_L,-2.256017,0.631611,-4.111111
0.420833,Backstepping,1,1,Foot_L,-2.262453,0.404457,-3.990000
0.420833,Backstepping,1,1,Shin_R,-2.541195,0.678755,-4.147369
0.420833,Backstepping,1,1,Foot_R,-2.582345,0.405041,-4.139608
0.420833,Backstepping,1,1,Head,-2.400000,0.275000,-3.960809
0.425000,Backstepping,1,1,Pelvis,-2.387167,0.770995,-3.958971
0.425000,Backstepping,1,1,Spine,-2.383386,0.930950,-3.958971
0.425000,Backstepping,1,1,Head,-2.396958,1.400732,-3.954454
0.425000,Backstepping,1,1,Shin_L,-2.256144,0.631789,-4.108297
0.425000,Backstepping,1,1,Foot_L,-2.262453,0.404457,-3.990000
0.425000,Backstepping,1,1,Shin_R,-2.541210,0.680293,-4.145987
0.425000,Backstepping,1,1,Foot_R,-2.582345,0.405294,-4.139334
0.425000,Backstepping,1,1,Head,-2.400000,0.275000,-3.958971
0.429166,Backstepping,1,1,Pelvis,-2.387361,0.771967,-3.957133
0.429166,Backstepping,1,1,Spine,-2.383631,0.931923,-3.957133
0.429166,Backstepping,1,1,Head,-2.397022,1.401703,-3.951917
0.429166,Backstepping,1,1,Shin_L,-2.256271,0.631953,-4.105453
0.429166,Backstepping,1,1,Foot_L,-2.262453,0.404457,-3.990000
0.429166,Backstepping,1,1,Shin_R,-2.541223,0.681867,-4.144629
0.429166,Backstepping,1,1,Foot_R,-2.582345,0.405591,-4.138960
0.429166,Backstepping,1,1,Head,-2.400000,0.275000,-3.957133
0.433333,Backstepping,1,1,Pelvis,-2.387556,0.772939,-3.955294
0.433333,Backstepping,1,1,Spine,-2.383876,0.932897,-3.955294
0.433333,Backstepping,1,1,Head,-2.397085,1.402674,-3.949420
0.433333,Backstepping,1,1,Shin_L,-2.256398,0.632103,-4.102580
0.433333,Backstepping,1,1,Foot_L,-2.262453,0.404457,-3.990000
0.433333,Backstepping,1,1,Shin_R,-2.541234,0.683477,-4.143292
0.433333,Backstepping,1,1,Foot_R,-2.582345,0.405931,-4.138474
0.433333,Backstepping,1,1,Head,-2.400000,0.275000,-3.955294
0.437500,Backstepping,1,1,Pelvis,-2.387917,0.774745,-3.953456
0.437500,Backstepping,1,1,Spine,-2.384292,0.934704,-3.953456
0.437500,Backstepping,1,1,Head,-2.397304,1.404478,-3.946950
0.437500,Backstepping,1,1,Shin_L,-2.256602,0.633386,-4.100057
0.437500,Backstepping,1,1,Foot_L,-2.262453,0.404457,-3.990000
0.437500,Backstepping,1,1,Shin_R,-2.541801,0.682661,-4.139591
0.437500,Backstepping,1,1,Foot_R,-2.582345,0.406311,-4.137863
0.437500,Backstepping,1,1,Head,-2.400000,0.275000,-3.953456
0.441666,Backstepping,1,1,Pelvis,-2.388278,0.776550,-3.951618
0.441666,Backstepping,1,1,Spine,-2.384717,0.936510,-3.951618
0.441666,Backstepping,1,1,Head,-2.397500,1.406282,-3.944493
0.441666,Backstepping,1,1,Shin_L,-2.256808,0.634651,-4.097497
0.441666,Backstepping,1,1,Foot_L,-2.262453,0.404457,-3.990000
0.441666,Backstepping,1,1,Shin_R,-2.542364,0.681849,-4.135844
0.441666,Backstepping,1,1,Foot_R,-2.582345,0.406730,-4.137117
0.441666,Backstepping,1,1,Head,-2.400000,0.275000,-3.951618
0.445833,Backstepping,1,1,Pelvis,-2.388639,0.778356,-3.949780
0.445833,Backstepping,1,1,Spine,-2.385147,0.938317,-3.949780
0.445833,Backstepping,1,1,Head,-2.397681,1.408087,-3.942057
0.445833,Backstepping,1,1,Shin_L,-2.257015,0.635896,-4.094903
0.445833,Backstepping,1,1,Foot_L,-2.262453,0.404457,-3.990000
0.445833,Backstepping,1,1,Shin_R,-2.542923,0.681042,-4.132049
0.445833,Backstepping,1,1,Foot_R,-2.582345,0.407187,-4.136227
0.445833,Backstepping,1,1,Head,-2.400000,0.275000,-3.949780
0.450000,Backstepping,1,1,Pelvis,-2.389000,0.780161,-3.947941
0.450000,Backstepping,1,1,Spine,-2.385581,0.940125,-3.947941
0.450000,Backstepping,1,1,Head,-2.397856,1.409891,-3.939648
0.450000,Backstepping,1,1,Shin_L,-2.257224,0.637122,-4.092272
0.450000,Backstepping,1,1,Foot_L,-2.262453,0.404457,-3.990000
0.450000,Backstepping,1,1,Shin_R,-2.543478,0.680240,-4.128202
0.450000,Backstepping,1,1,Foot_R,-2.582345,0.407679,-4.135184
0.450000,Backstepping,1,1,Head,-2.400000,0.275000,-3.947941
0.454166,Backstepping,1,1,Pelvis,-2.389361,0.781967,-3.946103
0.454166,Backstepping,1,1,Spine,-2.386014,0.941932,-3.946103
0.454166,Backstepping,1,1,Head,-2.398030,1.411695,-3.937272
0.454166,Backstepping,1,1,Shin_L,-2.257434,0.638326,-4.089608
0.454166,Backstepping,1,1,Foot_L,-2.262453,0.404457,-3.990000
0.454166,Backstepping,1,1,Shin_R,-2.544027,0.679445,-4.124303
0.454166,Backstepping,1,1,Foot_R,-2.582345,0.408204,-4.133982
0.454166,Backstepping,1,1,Head,-2.400000,0.275000,-3.946103
0.458333,Backstepping,1,1,Pelvis,-2.389722,0.783772,-3.944265
0.458333,Backstepping,1,1,Spine,-2.386444,0.943739,-3.944265
0.458333,Backstepping,1,1,Head,-2.398212,1.413498,-3.934936
0.458333,Backstepping,1,1,Shin_L,-2.257644,0.639507,-4.086909
0.458333,Backstepping,1,1,Foot_L,-2.262453,0.404457,-3.990000
0.458333,Backstepping,1,1,Shin_R,-2.544571,0.678657,-4.120347
0.458333,Backstepping,1,1,Foot_R,-2.582345,0.408761,-4.132612
0.458333,Backstepping,1,1,Head,-2.400000,0.275000,-3.944265
0.462500,Backstepping,1,1,Pelvis,-2.390083,0.785578,-3.942427
0.462500,Backstepping,1,1,Spine,-2.386868,0.945545,-3.942427
0.462500,Backstepping,1,1,Head,-2.398408,1.415302,-3.932648
0.462500,Backstepping,1,1,Shin_L,-2.257854,0.640665,-4.084177
0.462500,Backstepping,1,1,Foot_L,-2.262453,0.404457,-3.990000
0.462500,Backstepping,1,1,Shin_R,-2.545109,0.677876,-4.116331
0.462500,Backstepping,1,1,Foot_R,-2.582345,0.409346,-4.131071
0.462500,Backstepping,1,1,Head,-2.400000,0.275000,-3.942427
0.466666,Backstepping,1,1,Pelvis,-2.390445,0.787383,-3.940588
0.466666,Backstepping,1,1,Spine,-2.387285,0.947352,-3.940588
0.466666,Backstepping,1,1,Head,-2.398626,1.417105,-3.930413
0.466666,Backstepping,1,1,Shin_L,-2.258064,0.641797,-4.081414
0.466666,Backstepping,1,1,Foot_L,-2.262453,0.404457,-3.990000
0.466666,Backstepping,1,1,Shin_R,-2.545641,0.677103,-4.112251
0.466666,Backstepping,1,1,Foot_R,-2.582345,0.409957,-4.129352
0.466666,Backstepping,1,1,Head,-2.400000,0.275000,-3.940588
0.470833,Backstepping,1,1,Pelvis,-2.390639,0.788356,-3.938750
0.470833,Backstepping,1,1,Spine,-2.387522,0.948325,-3.938750
0.470833,Backstepping,1,1,Head,-2.398709,1.418074,-3.928226
0.470833,Backstepping,1,1,Shin_L,-2.258179,0.642340,-4.078970
0.470833,Backstepping,1,1,Foot_L,-2.262453,0.404457,-3.990000
0.470833,Backstepping,1,1,Shin_R,-2.546410,0.673269,-4.105970
0.470833,Backstepping,1,1,Foot_R,-2.582345,0.410592,-4.127452
0.470833,Backstepping,1,1,Head,-2.400000,0.275000,-3.938750
0.475000,Backstepping,1,1,Pelvis,-2.390833,0.789328,-3.936912
0.475000,Backstepping,1,1,Spine,-2.387749,0.949298,-3.936912
0.475000,Backstepping,1,1,Head,-2.398818,1.419043,-3.926078
0.475000,Backstepping,1,1,Shin_L,-2.258295,0.642864,-4.076509
0.475000,Backstepping,1,1,Foot_L,-2.262453,0.404457,-3.990000
0.475000,Backstepping,1,1,Shin_R,-2.547184,0.669353,-4.099333
0.475000,Backstepping,1,1,Foot_R,-2.582345,0.411248,-4.125370
0.475000,Backstepping,1,1,Head,-2.400000,0.275000,-3.936912
0.479166,Backstepping,1,1,Pelvis,-2.391028,0.790300,-3.935074
0.479166,Backstepping,1,1,Spine,-2.387970,0.950271,-3.935074
0.479166,Backstepping,1,1,Head,-2.398945,1.420011,-3.923970
0.479166,Backstepping,1,1,Shin_L,-2.258409,0.643369,-4.074026
0.479166,Backstepping,1,1,Foot_L,-2.262453,0.404457,-3.990000
0.479166,Backstepping,1,1,Shin_R,-2.547967,0.665331,-4.092278
0.479166,Backstepping,1,1,Foot_R,-2.582345,0.411921,-4.123100
0.479166,Backstepping,1,1,Head,-2.400000,0.275000,-3.935074
0.483333,Backstepping,1,1,Pelvis,-2.391222,0.791272,-3.933235
0.483333,Backstepping,1,1,Spine,-2.388188,0.951244,-3.933235
0.483333,Backstepping,1,1,Head,-2.399078,1.420981,-3.921906
0.483333,Backstepping,1,1,Shin_L,-2.258523,0.643857,-4.071517
0.483333,Backstepping,1,1,Foot_L,-2.262453,0.404457,-3.990000
0.483333,Backstepping,1,1,Shin_R,-2.548765,0.661168,-4.084713
0.483333,Backstepping,1,1,Foot_R,-2.582345,0.412610,-4.120644
0.483333,Backstepping,1,1,Head,-2.400000,0.275000,-3.933235
0.487500,Backstepping,1,1,Pelvis,-2.391417,0.792244,-3.931397
0.487500,Backstepping,1,1,Spine,-2.388408,0.952216,-3.931397
0.487500,Backstepping,1,1,Head,-2.399206,1.421951,-3.919888
0.487500,Backstepping,1,1,Shin_L,-2.258637,0.644328,-4.068979
0.487500,Backstepping,1,1,Foot_L,-2.262453,0.404457,-3.990000
0.487500,Backstepping,1,1,Shin_R,-2.549585,0.656807,-4.076497
0.487500,Backstepping,1,1,Foot_R,-2.582345,0.413311,-4.118000
0.487500,Backstepping,1,1,Head,-2.400000,0.275000,-3.931397
0.491666,Backstepping,1,1,Pelvis,-2.391611,0.793217,-3.929559
0.491666,Backstepping,1,1,Spine,-2.388634,0.953189,-3.929559
0.491666,Backstepping,1,1,Head,-2.399319,1.422923,-3.917918
0.491666,Backstepping,1,1,Shin_L,-2.258753,0.644782,-4.066406
0.491666,Backstepping,1,1,Foot_L,-2.262453,0.404457,-3.990000
0.491666,Backstepping,1,1,Shin_R,-2.550438,0.652156,-4.067394
0.491666,Backstepping,1,1,Foot_R,-2.582345,0.414022,-4.115168
0.491666,Backstepping,1,1,Head,-2.400000,0.275000,-3.929559
0.495833,Backstepping,1,1,Pelvis,-2.391806,0.794189,-3.927721
0.495833,Backstepping,1,1,Spine,-2.388870,0.954162,-3.927721
0.495833,Backstepping,1,1,Head,-2.399406,1.423898,-3.915999
0.495833,Backstepping,1,1,Shin_L,-2.258870,0.645221,-4.063794
0.495833,Backstepping,1,1,Foot_L,-2.262453,0.404457,-3.990000
0.495833,Backstepping,1,1,Shin_R,-2.551352,0.647025,-4.056944
0.495833,Backstepping,1,1,Foot_R,-2.582345,0.414738,-4.112149
0.495833,Backstepping,1,1,Head,-2.400000,0.275000,-3.927721
0.500000,Backstepping,1,1,Pelvis,-2.392000,0.795161,-3.925883
0.500000,Backstepping,1,1,Spine,-2.389120,0.955135,-3.925883
0.500000,Backstepping,1,1,Head,-2.399456,1.424875,-3.914134
0.500000,Backstepping,1,1,Shin_L,-2.258989,0.645644,-4.061137
0.500000,Backstepping,1,1,Foot_L,-2.262453,0.404457,-3.990000
0.500000,Backstepping,1,1,Shin_R,-2.552387,0.640934,-4.043974
0.500000,Backstepping,1,1,Foot_R,-2.582345,0.415457,-4.108945
0.500000,Backstepping,1,1,Head,-2.400000,0.275000,-3.925883
0.504166,Backstepping,1,1,Pelvis,-2.392583,0.794189,-3.924044
0.504166,Backstepping,1,1,Spine,-2.389770,0.954164,-3.924044
0.504166,Backstepping,1,1,Head,-2.399867,1.423910,-3.912323
0.504166,Backstepping,1,1,Shin_L,-2.259335,0.644417,-4.058871
0.504166,Backstepping,1,1,Foot_L,-2.262453,0.404457,-3.990000
0.504166,Backstepping,1,1,Shin_R,-2.553098,0.637765,-4.038471
0.504166,Backstepping,1,1,Foot_R,-2.582345,0.416177,-4.105558
0.504166,Backstepping,1,1,Head,-2.400000,0.275000,-3.924044
0.508333,Backstepping,1,1,Pelvis,-2.393167,0.793217,-3.922206
0.508333,Backstepping,1,1,Spine,-2.390426,0.953193,-3.922206
0.508333,Backstepping,1,1,Head,-2.400264,1.422946,-3.910566
0.508333,Backstepping,1,1,Shin_L,-2.259681,0.643181,-4.056585
0.508333,Backstepping,1,1,Foot_L,-2.262453,0.404457,-3.990000
0.508333,Backstepping,1,1,Shin_R,-2.553816,0.634504,-4.032643
0.508333,Backstepping,1,1,Foot_R,-2.582345,0.416893,-4.101991
0.508333,Backstepping,1,1,Head,-2.400000,0.275000,-3.922206
0.512500,Backstepping,1,1,Pelvis,-2.393750,0.792245,-3.920368
0.512500,Backstepping,1,1,Spine,-2.391088,0.952223,-3.920368
0.512500,Backstepping,1,1,Head,-2.400643,1.421984,-3.908859
0.512500,Backstepping,1,1,Shin_L,-2.260025,0.641936,-4.054275
0.512500,Backstepping,1,1,Foot_L,-2.262453,0.404457,-3.990000
0.512500,Backstepping,1,1,Shin_R,-2.554551,0.631071,-4.026297
0.512500,Backstepping,1,1,Foot_R,-2.582345,0.417603,-4.098248
0.512500,Backstepping,1,1,Head,-2.400000,0.275000,-3.920368
0.516666,Backstepping,1,1,Pelvis,-2.394333,0.791272,-3.918530
0.516666,Backstepping,1,1,Spine,-2.391758,0.951252,-3.918530
0.516666,Backstepping,1,1,Head,-2.401002,1.421024,-3.907201
0.516666,Backstepping,1,1,Shin_L,-2.260369,0.640682,-4.051940
0.516666,Backstepping,1,1,Foot_L,-2.262453,0.404457,-3.990000
0.516666,Backstepping,1,1,Shin_R,-2.555329,0.627259,-4.018922
0.516666,Backstepping,1,1,Foot_R,-2.582345,0.418304,-4.094331
0.516666,Backstepping,1,1,Head,-2.400000,0.275000,-3.918530
0.520833,Backstepping,1,1,Pelvis,-2.394917,0.790058,-3.916691
0.520833,Backstepping,1,1,Spine,-2.392436,0.950038,-3.916691
0.520833,Backstepping,1,1,Head,-2.401340,1.419823,-3.905588
0.520833,Backstepping,1,1,Shin_L,-2.260711,0.639355,-4.049831
0.520833,Backstepping,1,1,Foot_L,-2.262453,0.404457,-3.990000
0.520833,Backstepping,1,1,Shin_R,-2.556088,0.623425,-4.011648
0.520833,Backstepping,1,1,Foot_R,-2.582345,0.418993,-4.090247
0.520833,Backstepping,1,1,Head,-2.400000,0.275000,-3.916691
0.525000,Backstepping,1,1,Pelvis,-2.395500,0.788420,-3.914853
0.525000,Backstepping,1,1,Spine,-2.393124,0.948402,-3.914853
0.525000,Backstepping,1,1,Head,-2.401652,1.418200,-3.904019
0.525000,Backstepping,1,1,Shin_L,-2.261052,0.637910,-4.048142
0.525000,Backstepping,1,1,Foot_L,-2.262453,0.404457,-3.990000
0.525000,Backstepping,1,1,Shin_R,-2.556583,0.621403,-4.009188
0.525000,Backstepping,1,1,Foot_R,-2.582345,0.419666,-4.085999
0.525000,Backstepping,1,1,Head,-2.400000,0.275000,-3.914853
0.529166,Backstepping,1,1,Pelvis,-2.396083,0.786835,-3.913015
0.529166,Backstepping,1,1,Spine,-2.393823,0.946819,-3.913015
0.529166,Backstepping,1,1,Head,-2.401936,1.416631,-3.902491
0.529166,Backstepping,1,1,Shin_L,-2.261393,0.636475,-4.046380
0.529166,Backstepping,1,1,Foot_L,-2.262453,0.404457,-3.990000
0.529166,Backstepping,1,1,Shin_R,-2.557078,0.619384,-4.006635
0.529166,Backstepping,1,1,Foot_R,-2.582345,0.420322,-4.081594
0.529166,Backstepping,1,1,Head,-2.400000,0.275000,-3.913015
0.533333,Backstepping,1,1,Pelvis,-2.396667,0.785295,-3.911177
0.533333,Backstepping,1,1,Spine,-2.394533,0.945281,-3.911177
0.533333,Backstepping,1,1,Head,-2.402191,1.415108,-3.901001
0.533333,Backstepping,1,1,Shin_L,-2.261733,0.635048,-4.044550
0.533333,Backstepping,1,1,Foot_L,-2.262453,0.404457,-3.990000
0.533333,Backstepping,1,1,Shin_R,-2.557573,0.617365,-4.003994
0.533333,Backstepping,1,1,Foot_R,-2.582345,0.420957,-4.077037
0.533333,Backstepping,1,1,Head,-2.400000,0.275000,-3.911177
0.537500,Backstepping,1,1,Pelvis,-2.397750,0.785578,-3.909338
0.537500,Backstepping,1,1,Spine,-2.395764,0.945566,-3.909338
0.537500,Backstepping,1,1,Head,-2.402893,1.415410,-3.899559
0.537500,Backstepping,1,1,Shin_L,-2.262349,0.633780,-4.040315
0.537500,Backstepping,1,1,Foot_L,-2.262453,0.404457,-3.990000
0.537500,Backstepping,1,1,Shin_R,-2.557522,0.622560,-4.013081
0.537500,Backstepping,1,1,Foot_R,-2.582345,0.421568,-4.072337
0.537500,Backstepping,1,1,Head,-2.400000,0.275000,-3.909338
0.541666,Backstepping,1,1,Pelvis,-2.398833,0.783772,-3.907500
0.541666,Backstepping,1,1,Spine,-2.397017,0.943762,-3.907500
0.541666,Backstepping,1,1,Head,-2.403538,1.413624,-3.898172
0.541666,Backstepping,1,1,Shin_L,-2.262962,0.631988,-4.038287
0.541666,Backstepping,1,1,Foot_L,-2.262453,0.404457,-3.990000
0.541666,Backstepping,1,1,Shin_R,-2.557467,0.626942,-4.023139
0.541666,Backstepping,1,1,Foot_R,-2.582345,0.422154,-4.067498
0.541666,Backstepping,1,1,Head,-2.400000,0.275000,-3.907500
0.545833,Backstepping,1,1,Pelvis,-2.399917,0.781967,-3.905662
0.545833,Backstepping,1,1,Spine,-2.398285,0.941958,-3.905662
0.545833,Backstepping,1,1,Head,-2.404143,1.411839,-3.896831
0.545833,Backstepping,1,1,Shin_L,-2.263572,0.630189,-4.036229
0.545833,Backstepping,1,1,Foot_L,-2.262453,0.404457,-3.990000
0.545833,Backstepping,1,1,Shin_R,-2.557642,0.629572,-4.029022
0.545833,Backstepping,1,1,Foot_R,-2.582345,0.422710,-4.062530
0.545833,Backstepping,1,1,Head,-2.400000,0.275000,-3.905662
0.550000,Backstepping,1,1,Pelvis,-2.401000,0.780161,-3.903824
0.550000,Backstepping,1,1,Spine,-2.399560,0.940155,-3.903824
0.550000,Backstepping,1,1,Head,-2.404729,1.410053,-3.895530
0.550000,Backstepping,1,1,Shin_L,-2.264178,0.628382,-4.034145
0.550000,Backstepping,1,1,Foot_L,-2.262453,0.404457,-3.990000
0.550000,Backstepping,1,1,Shin_R,-2.557921,0.631411,-4.033117
0.550000,Backstepping,1,1,Foot_R,-2.582345,0.423235,-4.057438
0.550000,Backstepping,1,1,Head,-2.400000,0.275000,-3.903824
0.554166,Backstepping,1,1,Pelvis,-2.402083,0.778356,-3.901986
0.554166,Backstepping,1,1,Spine,-2.400836,0.938351,-3.901986
0.554166,Backstepping,1,1,Head,-2.405315,1.408266,-3.894263
0.554166,Backstepping,1,1,Shin_L,-2.264778,0.626564,-4.032043
0.554166,Backstepping,1,1,Foot_L,-2.262453,0.404457,-3.990000
0.554166,Backstepping,1,1,Shin_R,-2.558269,0.632739,-4.036121
0.554166,Backstepping,1,1,Foot_R,-2.582345,0.423727,-4.052232
0.554166,Backstepping,1,1,Head,-2.400000,0.275000,-3.901986
0.558333,Backstepping,1,1,Pelvis,-2.403167,0.776550,-3.900147
0.558333,Backstepping,1,1,Spine,-2.402103,0.936547,-3.900147
0.558333,Backstepping,1,1,Head,-2.405921,1.406477,-3.893023
0.558333,Backstepping,1,1,Shin_L,-2.265373,0.624732,-4.029928
0.558333,Backstepping,1,1,Foot_L,-2.262453,0.404457,-3.990000
0.558333,Backstepping,1,1,Shin_R,-2.558667,0.633686,-4.038352
0.558333,Backstepping,1,1,Foot_R,-2.582345,0.424184,-4.046921
0.558333,Backstepping,1,1,Head,-2.400000,0.275000,-3.900147
0.562500,Backstepping,1,1,Pelvis,-2.404250,0.774745,-3.898309
0.562500,Backstepping,1,1,Spine,-2.403356,0.934742,-3.898309
0.562500,Backstepping,1,1,Head,-2.406565,1.404686,-3.891803
0.562500,Backstepping,1,1,Shin_L,-2.265960,0.622887,-4.027808
0.562500,Backstepping,1,1,Foot_L,-2.262453,0.404457,-3.990000
0.562500,Backstepping,1,1,Shin_R,-2.559103,0.634323,-4.039986
0.562500,Backstepping,1,1,Foot_R,-2.582345,0.424603,-4.041512
0.562500,Backstepping,1,1,Head,-2.400000,0.275000,-3.898309
0.566666,Backstepping,1,1,Pelvis,-2.405333,0.772939,-3.896471
0.566666,Backstepping,1,1,Spine,-2.404587,0.932937,-3.896471
0.566666,Backstepping,1,1,Head,-2.407267,1.402893,-3.890596
0.566666,Backstepping,1,1,Shin_L,-2.266539,0.621025,-4.025689
0.566666,Backstepping,1,1,Foot_L,-2.262453,0.404457,-3.990000
0.566666,Backstepping,1,1,Shin_R,-2.559570,0.634698,-4.041135
0.566666,Backstepping,1,1,Foot_R,-2.582345,0.424984,-4.036015
0.566666,Backstepping,1,1,Head,-2.400000,0.275000,-3.896471
0.570833,Backstepping,1,1,Pelvis,-2.405917,0.771967,-3.894633
0.570833,Backstepping,1,1,Spine,-2.405294,0.931966,-3.894633
0.570833,Backstepping,1,1,Head,-2.407529,1.401931,-3.889416
0.570833,Backstepping,1,1,Shin_L,-2.266858,0.620233,-4.023954
0.570833,Backstepping,1,1,Foot_L,-2.262453,0.404457,-3.990000
0.570833,Backstepping,1,1,Shin_R,-2.559838,0.634869,-4.040872
0.570833,Backstepping,1,1,Foot_R,-2.582345,0.425323,-4.030438
0.570833,Backstepping,1,1,Head,-2.400000,0.275000,-3.894633
0.575000,Backstepping,1,1,Pelvis,-2.406500,0.770995,-3.892794
0.575000,Backstepping,1,1,Spine,-2.405986,0.930994,-3.892794
0.575000,Backstepping,1,1,Head,-2.407832,1.400968,-3.888277
0.575000,Backstepping,1,1,Shin_L,-2.267174,0.619429,-4.022221
0.575000,Backstepping,1,1,Foot_L,-2.262453,0.404457,-3.990000
0.575000,Backstepping,1,1,Shin_R,-2.560121,0.634877,-4.040368
0.575000,Backstepping,1,1,Foot_R,-2.582345,0.425620,-4.024792
0.575000,Backstepping,1,1,Head,-2.400000,0.275000,-3.892794
0.579166,Backstepping,1,1,Pelvis,-2.407083,0.770023,-3.890956
0.579166,Backstepping,1,1,Spine,-2.406665,0.930022,-3.890956
0.579166,Backstepping,1,1,Head,-2.408166,1.400004,-3.887169
0.579166,Backstepping,1,1,Shin_L,-2.267488,0.618614,-4.020484
0.579166,Backstepping,1,1,Foot_L,-2.262453,0.404457,-3.990000
0.579166,Backstepping,1,1,Shin_R,-2.560418,0.634731,-4.039647
0.579166,Backstepping,1,1,Foot_R,-2.582345,0.425873,-4.019086
0.579166,Backstepping,1,1,Head,-2.400000,0.275000,-3.890956
0.583333,Backstepping,1,1,Pelvis,-2.407667,0.769051,-3.889118
0.583333,Backstepping,1,1,Spine,-2.407336,0.929050,-3.889118
0.583333,Backstepping,1,1,Head,-2.408524,1.399039,-3.886082
0.583333,Backstepping,1,1,Shin_L,-2.267798,0.617787,-4.018741
0.583333,Backstepping,1,1,Foot_L,-2.262453,0.404457,-3.990000
0.583333,Backstepping,1,1,Shin_R,-2.560728,0.634439,-4.038731
0.583333,Backstepping,1,1,Foot_R,-2.582345,0.426083,-4.013330
0.583333,Backstepping,1,1,Head,-2.400000,0.275000,-3.889118
0.587500,Backstepping,1,1,Pelvis,-2.408250,0.768078,-3.887280
0.587500,Backstepping,1,1,Spine,-2.408001,0.928078,-3.887280
0.587500,Backstepping,1,1,Head,-2.408895,1.398071,-3.885007
0.587500,Backstepping,1,1,Shin_L,-2.268107,0.616948,-4.016986
0.587500,Backstepping,1,1,Foot_L,-2.262453,0.404457,-3.990000
0.587500,Backstepping,1,1,Shin_R,-2.561050,0.634008,-4.037637
0.587500,Backstepping,1,1,Foot_R,-2.582345,0.426246,-4.007533
0.587500,Backstepping,1,1,Head,-2.400000,0.275000,-3.887280
0.591666,Backstepping,1,1,Pelvis,-2.408833,0.767106,-3.885442
0.591666,Backstepping,1,1,Spine,-2.408664,0.927106,-3.885442
0.591666,Backstepping,1,1,Head,-2.409271,1.397103,-3.883936
0.591666,Backstepping,1,1,Shin_L,-2.268414,0.616099,-4.015217
0.591666,Backstepping,1,1,Foot_L,-2.262453,0.404457,-3.990000
0.591666,Backstepping,1,1,Shin_R,-2.561384,0.633446,-4.036382
0.591666,Backstepping,1,1,Foot_R,-2.582345,0.426363,-4.001706
0.591666,Backstepping,1,1,Head,-2.400000,0.275000,-3.885442
0.595833,Backstepping,1,1,Pelvis,-2.409417,0.766134,-3.883603
0.595833,Backstepping,1,1,Spine,-2.409329,0.926134,-3.883603
0.595833,Backstepping,1,1,Head,-2.409642,1.396133,-3.882858
0.595833,Backstepping,1,1,Shin_L,-2.268721,0.615237,-4.013428
0.595833,Backstepping,1,1,Foot_L,-2.262453,0.404457,-3.990000
0.595833,Backstepping,1,1,Shin_R,-2.561728,0.632757,-4.034979
0.595833,Backstepping,1,1,Foot_R,-2.582345,0.426434,-3.995858
0.595833,Backstepping,1,1,Head,-2.400000,0.275000,-3.883603
0.600000,Backstepping,1,1,Pelvis,-2.410000,0.765162,-3.881765
0.600000,Backstepping,1,1,Spine,-2.410000,0.925162,-3.881765
0.600000,Backstepping,1,1,Head,-2.410000,1.395161,-3.881765
0.600000,Backstepping,1,1,Shin_L,-2.269026,0.614365,-4.011615
0.600000,Backstepping,1,1,Foot_L,-2.262453,0.404457,-3.990000
0.600000,Backstepping,1,1,Shin_R,-2.562081,0.631950,-4.033442
0.600000,Backstepping,1,1,Foot_R,-2.582345,0.426457,-3.990001
0.600000,Backstepping,1,1,Head,-2.400000,0.275000,-3.881765
0.604166,Backstepping,1,1,Pelvis,-2.410324,0.764189,-3.879927
0.604166,Backstepping,1,1,Spine,-2.410410,0.924189,-3.879927
0.604166,Backstepping,1,1,Head,-2.410101,1.394188,-3.880672
0.604166,Backstepping,1,1,Shin_L,-2.269223,0.614395,-4.011125
0.604166,Backstepping,1,1,Foot_L,-2.262453,0.404457,-3.990000
0.604166,Backstepping,1,1,Shin_R,-2.562303,0.631023,-4.031752
0.604166,Backstepping,1,1,Foot_R,-2.582345,0.426434,-3.984143
0.604166,Backstepping,1,1,Head,-2.400000,0.275000,-3.879927
0.608333,Backstepping,1,1,Pelvis,-2.410648,0.763217,-3.878088
0.608333,Backstepping,1,1,Spine,-2.410814,0.923217,-3.878088
0.608333,Backstepping,1,1,Head,-2.410219,1.393214,-3.879594
0.608333,Backstepping,1,1,Shin_L,-2.269420,0.614424,-4.010622
0.608333,Backstepping,1,1,Foot_L,-2.262453,0.404457,-3.990000
0.608333,Backstepping,1,1,Shin_R,-2.562531,0.629994,-4.029939
0.608333,Backstepping,1,1,Foot_R,-2.582345,0.426363,-3.978295
0.608333,Backstepping,1,1,Head,-2.400000,0.275000,-3.878088
0.612500,Backstepping,1,1,Pelvis,-2.410972,0.762245,-3.876250
0.612500,Backstepping,1,1,Spine,-2.411214,0.922245,-3.876250
0.612500,Backstepping,1,1,Head,-2.410346,1.392238,-3.878522
0.612500,Backstepping,1,1,Shin_L,-2.269618,0.614454,-4.010104
0.612500,Backstepping,1,1,Foot_L,-2.262453,0.404457,-3.990000
0.612500,Backstepping,1,1,Shin_R,-2.562766,0.628870,-4.028013
0.612500,Backstepping,1,1,Foot_R,-2.582345,0.426246,-3.972468
0.612500,Backstepping,1,1,Head,-2.400000,0.275000,-3.876250
0.616666,Backstepping,1,1,Pelvis,-2.411296,0.761273,-3.874412
0.616666,Backstepping,1,1,Spine,-2.411615,0.921272,-3.874412
0.616666,Backstepping,1,1,Head,-2.410470,1.391261,-3.877448
0.616666,Backstepping,1,1,Shin_L,-2.269817,0.614484,-4.009565
0.616666,Backstepping,1,1,Foot_L,-2.262453,0.404457,-3.990000
0.616666,Backstepping,1,1,Shin_R,-2.563006,0.627658,-4.025986
0.616666,Backstepping,1,1,Foot_R,-2.582345,0.426082,-3.966671
0.616666,Backstepping,1,1,Head,-2.400000,0.275000,-3.874412
0.620833,Backstepping,1,1,Pelvis,-2.411620,0.760301,-3.872574
0.620833,Backstepping,1,1,Spine,-2.412021,0.920300,-3.872574
0.620833,Backstepping,1,1,Head,-2.410583,1.390282,-3.876361
0.620833,Backstepping,1,1,Shin_L,-2.270018,0.614515,-4.009004
0.620833,Backstepping,1,1,Foot_L,-2.262453,0.404457,-3.990000
0.620833,Backstepping,1,1,Shin_R,-2.563251,0.626365,-4.023870
0.620833,Backstepping,1,1,Foot_R,-2.582345,0.425873,-3.960915
0.620833,Backstepping,1,1,Head,-2.400000,0.275000,-3.872574
0.625000,Backstepping,1,1,Pelvis,-2.411944,0.759328,-3.870736
0.625000,Backstepping,1,1,Spine,-2.412435,0.919328,-3.870736
0.625000,Backstepping,1,1,Head,-2.410675,1.389302,-3.875252
0.625000,Backstepping,1,1,Shin_L,-2.270220,0.614546,-4.008415
0.625000,Backstepping,1,1,Foot_L,-2.262453,0.404457,-3.990000
0.625000,Backstepping,1,1,Shin_R,-2.563503,0.624999,-4.021677
0.625000,Backstepping,1,1,Foot_R,-2.582345,0.425620,-3.955209
0.625000,Backstepping,1,1,Head,-2.400000,0.275000,-3.870736
0.629166,Backstepping,1,1,Pelvis,-2.412269,0.758356,-3.868897
0.629166,Backstepping,1,1,Spine,-2.412860,0.918355,-3.868897
0.629166,Backstepping,1,1,Head,-2.410736,1.388321,-3.874113
0.629166,Backstepping,1,1,Shin_L,-2.270425,0.614577,-4.007796
0.629166,Backstepping,1,1,Foot_L,-2.262453,0.404457,-3.990000
0.629166,Backstepping,1,1,Shin_R,-2.563757,0.623565,-4.019415
0.629166,Backstepping,1,1,Foot_R,-2.582345,0.425323,-3.949563
0.629166,Backstepping,1,1,Head,-2.400000,0.275000,-3.868897
0.633333,Backstepping,1,1,Pelvis,-2.412593,0.757384,-3.867059
0.633333,Backstepping,1,1,Spine,-2.413302,0.917382,-3.867059
0.633333,Backstepping,1,1,Head,-2.410756,1.387339,-3.872934
0.633333,Backstepping,1,1,Shin_L,-2.270633,0.614610,-4.007143
0.633333,Backstepping,1,1,Foot_L,-2.262453,0.404457,-3.990000
0.633333,Backstepping,1,1,Shin_R,-2.564017,0.622072,-4.017097
0.633333,Backstepping,1,1,Foot_R,-2.582345,0.424984,-3.943986
0.633333,Backstepping,1,1,Head,-2.400000,0.275000,-3.867059
0.637500,Backstepping,1,1,Pelvis,-2.413194,0.755578,-3.865221
0.637500,Backstepping,1,1,Spine,-2.414043,0.915576,-3.865221
0.637500,Backstepping,1,1,Head,-2.410995,1.385521,-3.871727
0.637500,Backstepping,1,1,Shin_L,-2.271008,0.614572,-4.007426
0.637500,Backstepping,1,1,Foot_L,-2.262453,0.404457,-3.990000
0.637500,Backstepping,1,1,Shin_R,-2.564409,0.620267,-4.015423
0.637500,Backstepping,1,1,Foot_R,-2.582345,0.424603,-3.938489
0.637500,Backstepping,1,1,Head,-2.400000,0.275000,-3.865221
0.641666,Backstepping,1,1,Pelvis,-2.413796,0.753773,-3.863383
0.641666,Backstepping,1,1,Spine,-2.414807,0.913770,-3.863383
0.641666,Backstepping,1,1,Head,-2.411180,1.383701,-3.870507
0.641666,Backstepping,1,1,Shin_L,-2.271390,0.614538,-4.007640
0.641666,Backstepping,1,1,Foot_L,-2.262453,0.404457,-3.990000
0.641666,Backstepping,1,1,Shin_R,-2.564807,0.618397,-4.013694
0.641666,Backstepping,1,1,Foot_R,-2.582345,0.424184,-3.933080
0.641666,Backstepping,1,1,Head,-2.400000,0.275000,-3.863383
0.645833,Backstepping,1,1,Pelvis,-2.414398,0.751967,-3.861544
0.645833,Backstepping,1,1,Spine,-2.415584,0.911963,-3.861544
0.645833,Backstepping,1,1,Head,-2.411328,1.381880,-3.869267
0.645833,Backstepping,1,1,Shin_L,-2.271777,0.614508,-4.007797
0.645833,Backstepping,1,1,Foot_L,-2.262453,0.404457,-3.990000
0.645833,Backstepping,1,1,Shin_R,-2.565207,0.616473,-4.011915
0.645833,Backstepping,1,1,Foot_R,-2.582345,0.423727,-3.927769
0.645833,Backstepping,1,1,Head,-2.400000,0.275000,-3.861544
0.650000,Backstepping,1,1,Pelvis,-2.415000,0.750162,-3.859706
0.650000,Backstepping,1,1,Spine,-2.416368,0.910156,-3.859706
0.650000,Backstepping,1,1,Head,-2.411458,1.380057,-3.868000
0.650000,Backstepping,1,1,Shin_L,-2.272167,0.614481,-4.007905
0.650000,Backstepping,1,1,Foot_L,-2.262453,0.404457,-3.990000
0.650000,Backstepping,1,1,Shin_R,-2.565607,0.614504,-4.010091
0.650000,Backstepping,1,1,Foot_R,-2.582345,0.423235,-3.922563
0.650000,Backstepping,1,1,Head,-2.400000,0.275000,-3.859706
0.654166,Backstepping,1,1,Pelvis,-2.415602,0.748356,-3.857868
0.654166,Backstepping,1,1,Spine,-2.417152,0.908349,-3.857868
0.654166,Backstepping,1,1,Head,-2.411587,1.378232,-3.866699
0.654166,Backstepping,1,1,Shin_L,-2.272562,0.614456,-4.007974
0.654166,Backstepping,1,1,Foot_L,-2.262453,0.404457,-3.990000
0.654166,Backstepping,1,1,Shin_R,-2.566008,0.612502,-4.008230
0.654166,Backstepping,1,1,Foot_R,-2.582345,0.422710,-3.917472
0.654166,Backstepping,1,1,Head,-2.400000,0.275000,-3.857868
0.658333,Backstepping,1,1,Pelvis,-2.416204,0.746551,-3.856030
0.658333,Backstepping,1,1,Spine,-2.417929,0.906541,-3.856030
0.658333,Backstepping,1,1,Head,-2.411735,1.376408,-3.865358
0.658333,Backstepping,1,1,Shin_L,-2.272959,0.614434,-4.008009
0.658333,Backstepping,1,1,Foot_L,-2.262453,0.404457,-3.990000
0.658333,Backstepping,1,1,Shin_R,-2.566406,0.610479,-4.006335
0.658333,Backstepping,1,1,Foot_R,-2.582345,0.422153,-3.912503
0.658333,Backstepping,1,1,Head,-2.400000,0.275000,-3.856030
0.662500,Backstepping,1,1,Pelvis,-2.416806,0.744745,-3.854192
0.662500,Backstepping,1,1,Spine,-2.418692,0.904734,-3.854192
0.662500,Backstepping,1,1,Head,-2.411920,1.374583,-3.863970
0.662500,Backstepping,1,1,Shin_L,-2.273357,0.614413,-4.008020
0.662500,Backstepping,1,1,Foot_L,-2.262453,0.404457,-3.990000
0.662500,Backstepping,1,1,Shin_R,-2.566800,0.608445,-4.004414
0.662500,Backstepping,1,1,Foot_R,-2.582345,0.421568,-3.907665
0.662500,Backstepping,1,1,Head,-2.400000,0.275000,-3.854192
0.666666,Backstepping,1,1,Pelvis,-2.417408,0.742939,-3.852353
0.666666,Backstepping,1,1,Spine,-2.419434,0.902926,-3.852353
0.666666,Backstepping,1,1,Head,-2.412160,1.372760,-3.862528
0.666666,Backstepping,1,1,Shin_L,-2.273757,0.614392,-4.008012
0.666666,Backstepping,1,1,Foot_L,-2.262453,0.404457,-3.990000
0.666666,Backstepping,1,1,Shin_R,-2.567189,0.606412,-4.002472
0.666666,Backstepping,1,1,Foot_R,-2.582345,0.420957,-3.902964
0.666666,Backstepping,1,1,Head,-2.400000,0.275000,-3.852353
0.670833,Backstepping,1,1,Pelvis,-2.417732,0.741967,-3.850515
0.670833,Backstepping,1,1,Spine,-2.419878,0.901953,-3.850515
0.670833,Backstepping,1,1,Head,-2.412172,1.371771,-3.861039
0.670833,Backstepping,1,1,Shin_L,-2.273983,0.614450,-4.007175
0.670833,Backstepping,1,1,Foot_L,-2.262453,0.404457,-3.990000
0.670833,Backstepping,1,1,Shin_R,-2.567439,0.604712,-3.999913
0.670833,Backstepping,1,1,Foot_R,-2.582345,0.420322,-3.898407
0.670833,Backstepping,1,1,Head,-2.400000,0.275000,-3.850515
0.675000,Backstepping,1,1,Pelvis,-2.418056,0.740995,-3.848677
0.675000,Backstepping,1,1,Spine,-2.420311,0.900979,-3.848677
0.675000,Backstepping,1,1,Head,-2.412215,1.370784,-3.859511
0.675000,Backstepping,1,1,Shin_L,-2.274209,0.614505,-4.006335
0.675000,Backstepping,1,1,Foot_L,-2.262453,0.404457,-3.990000
0.675000,Backstepping,1,1,Shin_R,-2.567683,0.603040,-3.997367
0.675000,Backstepping,1,1,Foot_R,-2.582345,0.419667,-3.894002
0.675000,Backstepping,1,1,Head,-2.400000,0.275000,-3.848677
0.679166,Backstepping,1,1,Pelvis,-2.418380,0.740023,-3.846839
0.679166,Backstepping,1,1,Spine,-2.420734,0.900005,-3.846839
0.679166,Backstepping,1,1,Head,-2.412284,1.369798,-3.857942
0.679166,Backstepping,1,1,Shin_L,-2.274434,0.614556,-4.005488
0.679166,Backstepping,1,1,Foot_L,-2.262453,0.404457,-3.990000
0.679166,Backstepping,1,1,Shin_R,-2.567921,0.601401,-3.994847
0.679166,Backstepping,1,1,Foot_R,-2.582345,0.418993,-3.889755
0.679166,Backstepping,1,1,Head,-2.400000,0.275000,-3.846839
0.683333,Backstepping,1,1,Pelvis,-2.418704,0.739050,-3.845001
0.683333,Backstepping,1,1,Spine,-2.421148,0.899032,-3.845001
0.683333,Backstepping,1,1,Head,-2.412377,1.368813,-3.856330
0.683333,Backstepping,1,1,Shin_L,-2.274659,0.614604,-4.004635
0.683333,Backstepping,1,1,Foot_L,-2.262453,0.404457,-3.990000
0.683333,Backstepping,1,1,Shin_R,-2.568153,0.599801,-3.992359
0.683333,Backstepping,1,1,Foot_R,-2.582345,0.418304,-3.885670
0.683333,Backstepping,1,1,Head,-2.400000,0.275000,-3.845001
0.687500,Backstepping,1,1,Pelvis,-2.419028,0.738078,-3.843173
0.687500,Backstepping,1,1,Spine,-2.421553,0.898058,-3.843173
0.687500,Backstepping,1,1,Head,-2.412489,1.367830,-3.854682
0.687500,Backstepping,1,1,Shin_L,-2.274884,0.614649,-4.003783
0.687500,Backstepping,1,1,Foot_L,-2.262453,0.404457,-3.990000
0.687500,Backstepping,1,1,Shin_R,-2.568380,0.598243,-3.989917
0.687500,Backstepping,1,1,Foot_R,-2.582345,0.417603,-3.881753
0.687500,Backstepping,1,1,Head,-2.400000,0.275000,-3.843173
0.691666,Backstepping,1,1,Pelvis,-2.419352,0.737106,-3.841364
0.691666,Backstepping,1,1,Spine,-2.421952,0.897085,-3.841364
0.691666,Backstepping,1,1,Head,-2.412619,1.366848,-3.853004
0.691666,Backstepping,1,1,Shin_L,-2.275110,0.614689,-4.002939
0.691666,Backstepping,1,1,Foot_L,-2.262453,0.404457,-3.990000
0.691666,Backstepping,1,1,Shin_R,-2.568601,0.596726,-3.987536
0.691666,Backstepping,1,1,Foot_R,-2.582345,0.416893,-3.878009
0.691666,Backstepping,1,1,Head,-2.400000,0.275000,-3.841364
0.695833,Backstepping,1,1,Pelvis,-2.419676,0.736134,-3.839585
0.695833,Backstepping,1,1,Spine,-2.422346,0.896112,-3.839585
0.695833,Backstepping,1,1,Head,-2.412763,1.365867,-3.851306
0.695833,Backstepping,1,1,Shin_L,-2.275335,0.614724,-4.002114
0.695833,Backstepping,1,1,Foot_L,-2.262453,0.404457,-3.990000
0.695833,Backstepping,1,1,Shin_R,-2.568818,0.595253,-3.985228
0.695833,Backstepping,1,1,Foot_R,-2.582345,0.416177,-3.874442
0.695833,Backstepping,1,1,Head,-2.400000,0.275000,-3.839585
0.700000,Backstepping,1,1,Pelvis,-2.420000,0.735162,-3.837846
0.700000,Backstepping,1,1,Spine,-2.422736,0.895138,-3.837846
0.700000,Backstepping,1,1,Head,-2.412917,1.364889,-3.849595
0.700000,Backstepping,1,1,Shin_L,-2.275561,0.614755,-4.001318
0.700000,Backstepping,1,1,Foot_L,-2.262453,0.404457,-3.990000
0.700000,Backstepping,1,1,Shin_R,-2.569029,0.593823,-3.983007
0.700000,Backstepping,1,1,Foot_R,-2.582345,0.415457,-3.871055
0.700000,Backstepping,1,1,Head,-2.400000,0.275000,-3.837846
0.704166,Backstepping,1,1,Pelvis,-2.419806,0.736134,-3.836158
0.704166,Backstepping,1,1,Spine,-2.422598,0.896109,-3.836158
0.704166,Backstepping,1,1,Head,-2.412576,1.365856,-3.847879
0.704166,Backstepping,1,1,Shin_L,-2.275494,0.615879,-3.999740
0.704166,Backstepping,1,1,Foot_L,-2.262453,0.404457,-3.990000
0.704166,Backstepping,1,1,Shin_R,-2.568894,0.594526,-3.981040
0.704166,Backstepping,1,1,Foot_R,-2.582345,0.414738,-3.867851
0.704166,Backstepping,1,1,Head,-2.400000,0.275000,-3.836158
0.708333,Backstepping,1,1,Pelvis,-2.419611,0.737106,-3.834528
0.708333,Backstepping,1,1,Spine,-2.422448,0.897081,-3.834528
0.708333,Backstepping,1,1,Head,-2.412268,1.366826,-3.846169
0.708333,Backstepping,1,1,Shin_L,-2.275424,0.616990,-3.998219
0.708333,Backstepping,1,1,Foot_L,-2.262453,0.404457,-3.990000
0.708333,Backstepping,1,1,Shin_R,-2.568753,0.595279,-3.979182
0.708333,Backstepping,1,1,Foot_R,-2.582345,0.414021,-3.864833
0.708333,Backstepping,1,1,Head,-2.400000,0.275000,-3.834528
0.712500,Backstepping,1,1,Pelvis,-2.419417,0.738078,-3.832967
0.712500,Backstepping,1,1,Spine,-2.422288,0.898052,-3.832967
0.712500,Backstepping,1,1,Head,-2.411982,1.367798,-3.844476
0.712500,Backstepping,1,1,Shin_L,-2.275351,0.618087,-3.996758
0.712500,Backstepping,1,1,Foot_L,-2.262453,0.404457,-3.990000
0.712500,Backstepping,1,1,Shin_R,-2.568609,0.596081,-3.977443
0.712500,Backstepping,1,1,Foot_R,-2.582345,0.413311,-3.862001
0.712500,Backstepping,1,1,Head,-2.400000,0.275000,-3.832967
0.716666,Backstepping,1,1,Pelvis,-2.419222,0.739050,-3.831481
0.716666,Backstepping,1,1,Spine,-2.422124,0.899024,-3.831481
0.716666,Backstepping,1,1,Head,-2.411709,1.368772,-3.842810
0.716666,Backstepping,1,1,Shin_L,-2.275276,0.619172,-3.995365
0.716666,Backstepping,1,1,Foot_L,-2.262453,0.404457,-3.990000
0.716666,Backstepping,1,1,Shin_R,-2.568460,0.596929,-3.975831
0.716666,Backstepping,1,1,Foot_R,-2.582345,0.412610,-3.859356
0.716666,Backstepping,1,1,Head,-2.400000,0.275000,-3.831481
0.720833,Backstepping,1,1,Pelvis,-2.419028,0.740022,-3.830076
0.720833,Backstepping,1,1,Spine,-2.421959,0.899995,-3.830076
0.720833,Backstepping,1,1,Head,-2.411438,1.369746,-3.841180
0.720833,Backstepping,1,1,Shin_L,-2.275199,0.620246,-3.994044
0.720833,Backstepping,1,1,Foot_L,-2.262453,0.404457,-3.990000
0.720833,Backstepping,1,1,Shin_R,-2.568308,0.597822,-3.974356
0.720833,Backstepping,1,1,Foot_R,-2.582345,0.411921,-3.856900
0.720833,Backstepping,1,1,Head,-2.400000,0.275000,-3.830076
0.725000,Backstepping,1,1,Pelvis,-2.418833,0.740995,-3.828760
0.725000,Backstepping,1,1,Spine,-2.421797,0.900967,-3.828760
0.725000,Backstepping,1,1,Head,-2.411159,1.370722,-3.839594
0.725000,Backstepping,1,1,Shin_L,-2.275122,0.621310,-3.992798
0.725000,Backstepping,1,1,Foot_L,-2.262453,0.404457,-3.990000
0.725000,Backstepping,1,1,Shin_R,-2.568154,0.598758,-3.973024
0.725000,Backstepping,1,1,Foot_R,-2.582345,0.411247,-3.854631
0.725000,Backstepping,1,1,Head,-2.400000,0.275000,-3.828760
0.729166,Backstepping,1,1,Pelvis,-2.418639,0.741967,-3.827536
0.729166,Backstepping,1,1,Spine,-2.421642,0.901939,-3.827536
0.729166,Backstepping,1,1,Head,-2.410863,1.371697,-3.838060
0.729166,Backstepping,1,1,Shin_L,-2.275044,0.622367,-3.991631
0.729166,Backstepping,1,1,Foot_L,-2.262453,0.404457,-3.990000
0.729166,Backstepping,1,1,Shin_R,-2.567997,0.599733,-3.971844
0.729166,Backstepping,1,1,Foot_R,-2.582345,0.410592,-3.852548
0.729166,Backstepping,1,1,Head,-2.400000,0.275000,-3.827536
0.733333,Backstepping,1,1,Pelvis,-2.418445,0.742939,-3.826408
0.733333,Backstepping,1,1,Spine,-2.421498,0.902910,-3.826408
0.733333,Backstepping,1,1,Head,-2.410539,1.372672,-3.836583
0.733333,Backstepping,1,1,Shin_L,-2.274968,0.623417,-3.990545
0.733333,Backstepping,1,1,Foot_L,-2.262453,0.404457,-3.990000
0.733333,Backstepping,1,1,Shin_R,-2.567839,0.600747,-3.970818
0.733333,Backstepping,1,1,Foot_R,-2.582345,0.409957,-3.850649
0.733333,Backstepping,1,1,Head,-2.400000,0.275000,-3.826408
0.737500,Backstepping,1,1,Pelvis,-2.418083,0.744745,-3.825379
0.737500,Backstepping,1,1,Spine,-2.421199,0.904714,-3.825379
0.737500,Backstepping,1,1,Head,-2.410016,1.374479,-3.835158
0.737500,Backstepping,1,1,Shin_L,-2.274905,0.626897,-3.991117
0.737500,Backstepping,1,1,Foot_L,-2.262453,0.404457,-3.990000
0.737500,Backstepping,1,1,Shin_R,-2.567475,0.603782,-3.971371
0.737500,Backstepping,1,1,Foot_R,-2.582345,0.409346,-3.848930
0.737500,Backstepping,1,1,Head,-2.400000,0.275000,-3.825379
0.741666,Backstepping,1,1,Pelvis,-2.417722,0.746550,-3.824450
0.741666,Backstepping,1,1,Spine,-2.420910,0.906518,-3.824450
0.741666,Backstepping,1,1,Head,-2.409468,1.376286,-3.833779
0.741666,Backstepping,1,1,Shin_L,-2.274837,0.630375,-3.991748
0.741666,Backstepping,1,1,Foot_L,-2.262453,0.404457,-3.990000
0.741666,Backstepping,1,1,Shin_R,-2.567107,0.606865,-3.972065
0.741666,Backstepping,1,1,Foot_R,-2.582345,0.408761,-3.847388
0.741666,Backstepping,1,1,Head,-2.400000,0.275000,-3.824450
0.745833,Backstepping,1,1,Pelvis,-2.417361,0.748356,-3.823621
0.745833,Backstepping,1,1,Spine,-2.420627,0.908322,-3.823621
0.745833,Backstepping,1,1,Head,-2.408904,1.378093,-3.832452
0.745833,Backstepping,1,1,Shin_L,-2.274765,0.633851,-3.992442
0.745833,Backstepping,1,1,Foot_L,-2.262453,0.404457,-3.990000
0.745833,Backstepping,1,1,Shin_R,-2.566734,0.609999,-3.972895
0.745833,Backstepping,1,1,Foot_R,-2.582345,0.408204,-3.846019
0.745833,Backstepping,1,1,Head,-2.400000,0.275000,-3.823621
0.750000,Backstepping,1,1,Pelvis,-2.417000,0.750161,-3.822891
0.750000,Backstepping,1,1,Spine,-2.420348,0.910126,-3.822891
0.750000,Backstepping,1,1,Head,-2.408331,1.379899,-3.831185
0.750000,Backstepping,1,1,Shin_L,-2.274688,0.637324,-3.993200
0.750000,Backstepping,1,1,Foot_L,-2.262453,0.404457,-3.990000
0.750000,Backstepping,1,1,Shin_R,-2.566356,0.613185,-3.973857
0.750000,Backstepping,1,1,Foot_R,-2.582345,0.407679,-3.844816
0.750000,Backstepping,1,1,Head,-2.400000,0.275000,-3.822891
0.754166,Backstepping,1,1,Pelvis,-2.416639,0.751967,-3.822258
0.754166,Backstepping,1,1,Spine,-2.420069,0.911930,-3.822258
0.754166,Backstepping,1,1,Head,-2.407758,1.381705,-3.829980
0.754166,Backstepping,1,1,Shin_L,-2.274606,0.640793,-3.994023
0.754166,Backstepping,1,1,Foot_L,-2.262453,0.404457,-3.990000
0.754166,Backstepping,1,1,Shin_R,-2.565973,0.616426,-3.974945
0.754166,Backstepping,1,1,Foot_R,-2.582345,0.407187,-3.843773
0.754166,Backstepping,1,1,Head,-2.400000,0.275000,-3.822258
0.758333,Backstepping,1,1,Pelvis,-2.416278,0.753772,-3.821718
0.758333,Backstepping,1,1,Spine,-2.419786,0.913734,-3.821718
0.758333,Backstepping,1,1,Head,-2.407194,1.383511,-3.828842
0.758333,Backstepping,1,1,Shin_L,-2.274517,0.644259,-3.994912
0.758333,Backstepping,1,1,Foot_L,-2.262453,0.404457,-3.990000
0.758333,Backstepping,1,1,Shin_R,-2.565585,0.619723,-3.976152
0.758333,Backstepping,1,1,Foot_R,-2.582345,0.406730,-3.842883
0.758333,Backstepping,1,1,Head,-2.400000,0.275000,-3.821718
0.762500,Backstepping,1,1,Pelvis,-2.415917,0.755578,-3.821266
0.762500,Backstepping,1,1,Spine,-2.419497,0.915538,-3.821266
0.762500,Backstepping,1,1,Head,-2.406646,1.385317,-3.827773
0.762500,Backstepping,1,1,Shin_L,-2.274422,0.647721,-3.995863
0.762500,Backstepping,1,1,Foot_L,-2.262453,0.404457,-3.990000
0.762500,Backstepping,1,1,Shin_R,-2.565190,0.623077,-3.977470
0.762500,Backstepping,1,1,Foot_R,-2.582345,0.406311,-3.842138
0.762500,Backstepping,1,1,Head,-2.400000,0.275000,-3.821266
0.766666,Backstepping,1,1,Pelvis,-2.415556,0.757384,-3.820899
0.766666,Backstepping,1,1,Spine,-2.419198,0.917342,-3.820899
0.766666,Backstepping,1,1,Head,-2.406123,1.387123,-3.826773
0.766666,Backstepping,1,1,Shin_L,-2.274321,0.651178,-3.996874
0.766666,Backstepping,1,1,Foot_L,-2.262453,0.404457,-3.990000
0.766666,Backstepping,1,1,Shin_R,-2.564789,0.626489,-3.978889
0.766666,Backstepping,1,1,Foot_R,-2.582345,0.405931,-3.841527
0.766666,Backstepping,1,1,Head,-2.400000,0.275000,-3.820899
0.770833,Backstepping,1,1,Pelvis,-2.415361,0.758356,-3.820607
0.770833,Backstepping,1,1,Spine,-2.419056,0.918313,-3.820607
0.770833,Backstepping,1,1,Head,-2.405792,1.388097,-3.825823
0.770833,Backstepping,1,1,Shin_L,-2.274317,0.654094,-3.998183
0.770833,Backstepping,1,1,Foot_L,-2.262453,0.404457,-3.990000
0.770833,Backstepping,1,1,Shin_R,-2.564688,0.626833,-3.977969
0.770833,Backstepping,1,1,Foot_R,-2.582345,0.405592,-3.841040
0.770833,Backstepping,1,1,Head,-2.400000,0.275000,-3.820607
0.774999,Backstepping,1,1,Pelvis,-2.415167,0.759328,-3.820385
0.774999,Backstepping,1,1,Spine,-2.418908,0.919284,-3.820385
0.774999,Backstepping,1,1,Head,-2.405478,1.389071,-3.824902
0.774999,Backstepping,1,1,Shin_L,-2.274309,0.657002,-3.999526
0.774999,Backstepping,1,1,Foot_L,-2.262453,0.404457,-3.990000
0.774999,Backstepping,1,1,Shin_R,-2.564585,0.627221,-3.977154
0.774999,Backstepping,1,1,Foot_R,-2.582345,0.405294,-3.840666
0.774999,Backstepping,1,1,Head,-2.400000,0.275000,-3.820385
0.779166,Backstepping,1,1,Pelvis,-2.414972,0.760300,-3.820225
0.779166,Backstepping,1,1,Spine,-2.418754,0.920255,-3.820225
0.779166,Backstepping,1,1,Head,-2.405179,1.390044,-3.824012
0.779166,Backstepping,1,1,Shin_L,-2.274298,0.659903,-4.000895
0.779166,Backstepping,1,1,Foot_L,-2.262453,0.404457,-3.990000
0.779166,Backstepping,1,1,Shin_R,-2.564479,0.627650,-3.976436
0.779166,Backstepping,1,1,Foot_R,-2.582345,0.405041,-3.840391
0.779166,Backstepping,1,1,Head,-2.400000,0.275000,-3.820225
0.783333,Backstepping,1,1,Pelvis,-2.414778,0.761272,-3.820116
0.783333,Backstepping,1,1,Spine,-2.418596,0.921227,-3.820116
0.783333,Backstepping,1,1,Head,-2.404889,1.391017,-3.823152
0.783333,Backstepping,1,1,Shin_L,-2.274283,0.662798,-4.002279
0.783333,Backstepping,1,1,Foot_L,-2.262453,0.404457,-3.990000
0.783333,Backstepping,1,1,Shin_R,-2.564372,0.628120,-3.975808
0.783333,Backstepping,1,1,Foot_R,-2.582345,0.404832,-3.840204
0.783333,Backstepping,1,1,Head,-2.400000,0.275000,-3.820116
0.787499,Backstepping,1,1,Pelvis,-2.414583,0.762245,-3.820049
0.787499,Backstepping,1,1,Spine,-2.418436,0.922198,-3.820049
0.787499,Backstepping,1,1,Head,-2.404605,1.391989,-3.822321
0.787499,Backstepping,1,1,Shin_L,-2.274265,0.665686,-4.003670
0.787499,Backstepping,1,1,Foot_L,-2.262453,0.404457,-3.990000
0.787499,Backstepping,1,1,Shin_R,-2.564262,0.628628,-3.975259
0.787499,Backstepping,1,1,Foot_R,-2.582345,0.404668,-3.840087
0.787499,Backstepping,1,1,Head,-2.400000,0.275000,-3.820049
0.791666,Backstepping,1,1,Pelvis,-2.414389,0.763217,-3.820015
0.791666,Backstepping,1,1,Spine,-2.418276,0.923170,-3.820015
0.791666,Backstepping,1,1,Head,-2.404322,1.392960,-3.821520
0.791666,Backstepping,1,1,Shin_L,-2.274243,0.668569,-4.005059
0.791666,Backstepping,1,1,Foot_L,-2.262453,0.404457,-3.990000
0.791666,Backstepping,1,1,Shin_R,-2.564151,0.629172,-3.974778
0.791666,Backstepping,1,1,Foot_R,-2.582345,0.404551,-3.840026
0.791666,Backstepping,1,1,Head,-2.400000,0.275000,-3.820015
0.795833,Backstepping,1,1,Pelvis,-2.414195,0.764189,-3.820002
0.795833,Backstepping,1,1,Spine,-2.418116,0.924141,-3.820002
0.795833,Backstepping,1,1,Head,-2.404037,1.393929,-3.820747
0.795833,Backstepping,1,1,Shin_L,-2.274220,0.671447,-4.006435
0.795833,Backstepping,1,1,Foot_L,-2.262453,0.404457,-3.990000
0.795833,Backstepping,1,1,Shin_R,-2.564040,0.629749,-3.974355
0.795833,Backstepping,1,1,Foot_R,-2.582345,0.404480,-3.840003
0.795833,Backstepping,1,1,Head,-2.400000,0.275000,-3.820002
0.799999,Backstepping,1,1,Pelvis,-2.414000,0.765161,-3.820000
0.799999,Backstepping,1,1,Spine,-2.417960,0.925112,-3.820000
0.799999,Backstepping,1,1,Head,-2.403744,1.394897,-3.820000
0.799999,Backstepping,1,1,Shin_L,-2.274194,0.674321,-4.007789
0.799999,Backstepping,1,1,Foot_L,-2.262453,0.404457,-3.990000
0.799999,Backstepping,1,1,Shin_R,-2.563927,0.630356,-3.973976
0.799999,Backstepping,1,1,Foot_R,-2.582345,0.404457,-3.840000
0.799999,Backstepping,1,1,Head,-2.400000,0.275000,-3.820000
0.804166,Backstepping,2,1,Pelvis,-2.413806,0.766134,-3.820000
0.804166,Backstepping,2,1,Spine,-2.417732,0.926085,-3.820000
0.804166,Backstepping,2,1,Head,-2.403636,1.395873,-3.819255
0.804166,Backstepping,2,1,Shin_L,-2.274085,0.675577,-4.008014
0.804166,Backstepping,2,1,Foot_L,-2.262453,0.404480,-3.989998
0.804166,Backstepping,2,1,Shin_R,-2.563892,0.629949,-3.972379
0.804166,Backstepping,2,1,Foot_R,-2.582345,0.404457,-3.840000
0.804166,Backstepping,2,1,Head,-2.400000,0.275000,-3.820000
0.808333,Backstepping,2,1,Pelvis,-2.413611,0.767106,-3.820000
0.808333,Backstepping,2,1,Spine,-2.417506,0.927058,-3.820000
0.808333,Backstepping,2,1,Head,-2.403522,1.396847,-3.818495
0.808333,Backstepping,2,1,Shin_L,-2.273976,0.676878,-4.008269
0.808333,Backstepping,2,1,Foot_L,-2.262453,0.404551,-3.989987
0.808333,Backstepping,2,1,Shin_R,-2.563858,0.629549,-3.970762
0.808333,Backstepping,2,1,Foot_R,-2.582345,0.404457,-3.840000
0.808333,Backstepping,2,1,Head,-2.400000,0.275000,-3.820000
0.812499,Backstepping,2,1,Pelvis,-2.413417,0.768078,-3.820000
0.812499,Backstepping,2,1,Spine,-2.417282,0.928031,-3.820000
0.812499,Backstepping,2,1,Head,-2.403406,1.397821,-3.817728
0.812499,Backstepping,2,1,Shin_L,-2.273868,0.678221,-4.008552
0.812499,Backstepping,2,1,Foot_L,-2.262453,0.404668,-3.989956
0.812499,Backstepping,2,1,Shin_R,-2.563823,0.629155,-3.969121
0.812499,Backstepping,2,1,Foot_R,-2.582345,0.404457,-3.840000
0.812499,Backstepping,2,1,Head,-2.400000,0.275000,-3.820000
0.816666,Backstepping,2,1,Pelvis,-2.413222,0.769050,-3.820000
0.816666,Backstepping,2,1,Spine,-2.417057,0.929004,-3.820000
0.816666,Backstepping,2,1,Head,-2.403291,1.398792,-3.816964
0.816666,Backstepping,2,1,Shin_L,-2.273760,0.679606,-4.008864
0.816666,Backstepping,2,1,Foot_L,-2.262453,0.404832,-3.989898
0.816666,Backstepping,2,1,Shin_R,-2.563788,0.628767,-3.967458
0.816666,Backstepping,2,1,Foot_R,-2.582345,0.404457,-3.840000
0.816666,Backstepping,2,1,Head,-2.400000,0.275000,-3.820000
0.820833,Backstepping,2,1,Pelvis,-2.413028,0.770022,-3.820000
0.820833,Backstepping,2,1,Spine,-2.416830,0.929977,-3.820000
0.820833,Backstepping,2,1,Head,-2.403180,1.399763,-3.816213
0.820833,Backstepping,2,1,Shin_L,-2.273653,0.681033,-4.009203
0.820833,Backstepping,2,1,Foot_L,-2.262453,0.405041,-3.989804
0.820833,Backstepping,2,1,Shin_R,-2.563753,0.628387,-3.965768
0.820833,Backstepping,2,1,Foot_R,-2.582345,0.404457,-3.840000
0.820833,Backstepping,2,1,Head,-2.400000,0.275000,-3.820000
0.824999,Backstepping,2,1,Pelvis,-2.412833,0.770995,-3.820000
0.824999,Backstepping,2,1,Spine,-2.416600,0.930950,-3.820000
0.824999,Backstepping,2,1,Head,-2.403078,1.400734,-3.815483
0.824999,Backstepping,2,1,Shin_L,-2.273544,0.682498,-4.009571
0.824999,Backstepping,2,1,Foot_L,-2.262453,0.405294,-3.989667
0.824999,Backstepping,2,1,Shin_R,-2.563718,0.628015,-3.964052
0.824999,Backstepping,2,1,Foot_R,-2.582345,0.404457,-3.840000
0.824999,Backstepping,2,1,Head,-2.400000,0.275000,-3.820000
0.829166,Backstepping,2,1,Pelvis,-2.412639,0.771967,-3.820000
0.829166,Backstepping,2,1,Spine,-2.416365,0.931923,-3.820000
0.829166,Backstepping,2,1,Head,-2.402989,1.401704,-3.814784
0.829166,Backstepping,2,1,Shin_L,-2.273435,0.684000,-4.009964
0.829166,Backstepping,2,1,Foot_L,-2.262453,0.405591,-3.989480
0.829166,Backstepping,2,1,Shin_R,-2.563682,0.627651,-3.962306
0.829166,Backstepping,2,1,Foot_R,-2.582345,0.404457,-3.840000
0.829166,Backstepping,2,1,Head,-2.400000,0.275000,-3.820000
0.833333,Backstepping,2,1,Pelvis,-2.412445,0.772939,-3.820000
0.833333,Backstepping,2,1,Spine,-2.416124,0.932897,-3.820000
0.833333,Backstepping,2,1,Head,-2.402915,1.402674,-3.814125
0.833333,Backstepping,2,1,Shin_L,-2.273326,0.685537,-4.010382
0.833333,Backstepping,2,1,Foot_L,-2.262453,0.405930,-3.989237
0.833333,Backstepping,2,1,Shin_R,-2.563646,0.627295,-3.960530
0.833333,Backstepping,2,1,Foot_R,-2.582345,0.404457,-3.840000
0.833333,Backstepping,2,1,Head,-2.400000,0.275000,-3.820000
0.837499,Backstepping,2,1,Pelvis,-2.412083,0.774744,-3.820000
0.837499,Backstepping,2,1,Spine,-2.415708,0.934703,-3.820000
0.837499,Backstepping,2,1,Head,-2.402697,1.404478,-3.813494
0.837499,Backstepping,2,1,Shin_L,-2.272989,0.684732,-4.008599
0.837499,Backstepping,2,1,Foot_L,-2.262453,0.406311,-3.988931
0.837499,Backstepping,2,1,Shin_R,-2.563459,0.628085,-3.959118
0.837499,Backstepping,2,1,Foot_R,-2.582345,0.404457,-3.840000
0.837499,Backstepping,2,1,Head,-2.400000,0.275000,-3.820000
0.841666,Backstepping,2,1,Pelvis,-2.411722,0.776550,-3.820000
0.841666,Backstepping,2,1,Spine,-2.415283,0.936510,-3.820000
0.841666,Backstepping,2,1,Head,-2.402500,1.406282,-3.812876
0.841666,Backstepping,2,1,Shin_L,-2.272656,0.683956,-4.006791
0.841666,Backstepping,2,1,Foot_L,-2.262453,0.406730,-3.988558
0.841666,Backstepping,2,1,Shin_R,-2.563272,0.628878,-3.957679
0.841666,Backstepping,2,1,Foot_R,-2.582345,0.404457,-3.840000
0.841666,Backstepping,2,1,Head,-2.400000,0.275000,-3.820000
0.845833,Backstepping,2,1,Pelvis,-2.411361,0.778355,-3.820000
0.845833,Backstepping,2,1,Spine,-2.414853,0.938317,-3.820000
0.845833,Backstepping,2,1,Head,-2.402319,1.408087,-3.812278
0.845833,Backstepping,2,1,Shin_L,-2.272326,0.683207,-4.004954
0.845833,Backstepping,2,1,Foot_L,-2.262453,0.407187,-3.988114
0.845833,Backstepping,2,1,Shin_R,-2.563085,0.629673,-3.956211
0.845833,Backstepping,2,1,Foot_R,-2.582345,0.404457,-3.840000
0.845833,Backstepping,2,1,Head,-2.400000,0.275000,-3.820000
0.849999,Backstepping,2,1,Pelvis,-2.411000,0.780161,-3.820000
0.849999,Backstepping,2,1,Spine,-2.414420,0.940125,-3.820000
0.849999,Backstepping,2,1,Head,-2.402144,1.409891,-3.811707
0.849999,Backstepping,2,1,Shin_L,-2.272002,0.682484,-4.003087
0.849999,Backstepping,2,1,Foot_L,-2.262453,0.407679,-3.987592
0.849999,Backstepping,2,1,Shin_R,-2.562898,0.630470,-3.954717
0.849999,Backstepping,2,1,Foot_R,-2.582345,0.404457,-3.840000
0.849999,Backstepping,2,1,Head,-2.400000,0.275000,-3.820000
0.854166,Backstepping,2,1,Pelvis,-2.410639,0.781966,-3.820000
0.854166,Backstepping,2,1,Spine,-2.413987,0.941931,-3.820000
0.854166,Backstepping,2,1,Head,-2.401970,1.411695,-3.811169
0.854166,Backstepping,2,1,Shin_L,-2.271682,0.681786,-4.001187
0.854166,Backstepping,2,1,Foot_L,-2.262453,0.408204,-3.986991
0.854166,Backstepping,2,1,Shin_R,-2.562710,0.631266,-3.953197
0.854166,Backstepping,2,1,Foot_R,-2.582345,0.404457,-3.840000
0.854166,Backstepping,2,1,Head,-2.400000,0.275000,-3.820000
0.858333,Backstepping,2,1,Pelvis,-2.410278,0.783772,-3.820000
0.858333,Backstepping,2,1,Spine,-2.413556,0.943738,-3.820000
0.858333,Backstepping,2,1,Head,-2.401788,1.413498,-3.810672
0.858333,Backstepping,2,1,Shin_L,-2.271367,0.681110,-3.999249
0.858333,Backstepping,2,1,Foot_L,-2.262453,0.408760,-3.986306
0.858333,Backstepping,2,1,Shin_R,-2.562523,0.632062,-3.951653
0.858333,Backstepping,2,1,Foot_R,-2.582345,0.404457,-3.840000
0.858333,Backstepping,2,1,Head,-2.400000,0.275000,-3.820000
0.862499,Backstepping,2,1,Pelvis,-2.409917,0.785578,-3.820000
0.862499,Backstepping,2,1,Spine,-2.413132,0.945545,-3.820000
0.862499,Backstepping,2,1,Head,-2.401592,1.415302,-3.810221
0.862499,Backstepping,2,1,Shin_L,-2.271056,0.680455,-3.997272
0.862499,Backstepping,2,1,Foot_L,-2.262453,0.409346,-3.985535
0.862499,Backstepping,2,1,Shin_R,-2.562338,0.632855,-3.950085
0.862499,Backstepping,2,1,Foot_R,-2.582345,0.404457,-3.840000
0.862499,Backstepping,2,1,Head,-2.400000,0.275000,-3.820000
0.866666,Backstepping,2,1,Pelvis,-2.409556,0.787383,-3.820000
0.866666,Backstepping,2,1,Spine,-2.412715,0.947352,-3.820000
0.866666,Backstepping,2,1,Head,-2.401374,1.417105,-3.809825
0.866666,Backstepping,2,1,Shin_L,-2.270752,0.679820,-3.995249
0.866666,Backstepping,2,1,Foot_L,-2.262453,0.409957,-3.984676
0.866666,Backstepping,2,1,Shin_R,-2.562153,0.633645,-3.948495
0.866666,Backstepping,2,1,Foot_R,-2.582345,0.404457,-3.840000
0.866666,Backstepping,2,1,Head,-2.400000,0.275000,-3.820000
0.870833,Backstepping,2,1,Pelvis,-2.409361,0.788355,-3.820000
0.870833,Backstepping,2,1,Spine,-2.412478,0.948325,-3.820000
0.870833,Backstepping,2,1,Head,-2.401292,1.418074,-3.809476
0.870833,Backstepping,2,1,Shin_L,-2.270490,0.676353,-3.991375
0.870833,Backstepping,2,1,Foot_L,-2.262453,0.410592,-3.983727
0.870833,Backstepping,2,1,Shin_R,-2.562074,0.633828,-3.947241
0.870833,Backstepping,2,1,Foot_R,-2.582345,0.404457,-3.840000
0.870833,Backstepping,2,1,Head,-2.400000,0.275000,-3.820000
0.874999,Backstepping,2,1,Pelvis,-2.409167,0.789328,-3.820000
0.874999,Backstepping,2,1,Spine,-2.412251,0.949298,-3.820000
0.874999,Backstepping,2,1,Head,-2.401182,1.419043,-3.809166
0.874999,Backstepping,2,1,Shin_L,-2.270233,0.672879,-3.987281
0.874999,Backstepping,2,1,Foot_L,-2.262453,0.411247,-3.982685
0.874999,Backstepping,2,1,Shin_R,-2.561996,0.634008,-3.945979
0.874999,Backstepping,2,1,Foot_R,-2.582345,0.404457,-3.840000
0.874999,Backstepping,2,1,Head,-2.400000,0.275000,-3.820000
0.879166,Backstepping,2,1,Pelvis,-2.408972,0.790300,-3.820000
0.879166,Backstepping,2,1,Spine,-2.412030,0.950271,-3.820000
0.879166,Backstepping,2,1,Head,-2.401055,1.420011,-3.808897
0.879166,Backstepping,2,1,Shin_L,-2.269981,0.669389,-3.982943
0.879166,Backstepping,2,1,Foot_L,-2.262453,0.411921,-3.981551
0.879166,Backstepping,2,1,Shin_R,-2.561919,0.634186,-3.944705
0.879166,Backstepping,2,1,Foot_R,-2.582345,0.404457,-3.840000
0.879166,Backstepping,2,1,Head,-2.400000,0.275000,-3.820000
0.883333,Backstepping,2,1,Pelvis,-2.408778,0.791272,-3.820000
0.883333,Backstepping,2,1,Spine,-2.411812,0.951243,-3.820000
0.883333,Backstepping,2,1,Head,-2.400923,1.420980,-3.808671
0.883333,Backstepping,2,1,Shin_L,-2.269733,0.665875,-3.978333
0.883333,Backstepping,2,1,Foot_L,-2.262453,0.412610,-3.980322
0.883333,Backstepping,2,1,Shin_R,-2.561843,0.634365,-3.943416
0.883333,Backstepping,2,1,Foot_R,-2.582345,0.404457,-3.840000
0.883333,Backstepping,2,1,Head,-2.400000,0.275000,-3.820000
0.887499,Backstepping,2,1,Pelvis,-2.408583,0.792244,-3.820000
0.887499,Backstepping,2,1,Spine,-2.411592,0.952216,-3.820000
0.887499,Backstepping,2,1,Head,-2.400794,1.421951,-3.808491
0.887499,Backstepping,2,1,Shin_L,-2.269487,0.662321,-3.973413
0.887499,Backstepping,2,1,Foot_L,-2.262453,0.413311,-3.979000
0.887499,Backstepping,2,1,Shin_R,-2.561766,0.634546,-3.942108
0.887499,Backstepping,2,1,Foot_R,-2.582345,0.404457,-3.840000
0.887499,Backstepping,2,1,Head,-2.400000,0.275000,-3.820000
0.891666,Backstepping,2,1,Pelvis,-2.408389,0.793217,-3.820000
0.891666,Backstepping,2,1,Spine,-2.411366,0.953189,-3.820000
0.891666,Backstepping,2,1,Head,-2.400681,1.422923,-3.808360
0.891666,Backstepping,2,1,Shin_L,-2.269244,0.658711,-3.968132
0.891666,Backstepping,2,1,Foot_L,-2.262453,0.414021,-3.977584
0.891666,Backstepping,2,1,Shin_R,-2.561689,0.634729,-3.940777
0.891666,Backstepping,2,1,Foot_R,-2.582345,0.404457,-3.840000
0.891666,Backstepping,2,1,Head,-2.400000,0.275000,-3.820000
0.895833,Backstepping,2,1,Pelvis,-2.408195,0.794189,-3.820000
0.895833,Backstepping,2,1,Spine,-2.411130,0.954162,-3.820000
0.895833,Backstepping,2,1,Head,-2.400594,1.423897,-3.808279
0.895833,Backstepping,2,1,Shin_L,-2.269001,0.655022,-3.962420
0.895833,Backstepping,2,1,Foot_L,-2.262453,0.414738,-3.976075
0.895833,Backstepping,2,1,Shin_R,-2.561611,0.634917,-3.939419
0.895833,Backstepping,2,1,Foot_R,-2.582345,0.404457,-3.840000
0.895833,Backstepping,2,1,Head,-2.400000,0.275000,-3.820000
0.899999,Backstepping,2,1,Pelvis,-2.408000,0.795161,-3.820000
0.899999,Backstepping,2,1,Spine,-2.410880,0.955135,-3.820000
0.899999,Backstepping,2,1,Head,-2.400544,1.424875,-3.808251
0.899999,Backstepping,2,1,Shin_L,-2.268758,0.651219,-3.956173
0.899999,Backstepping,2,1,Foot_L,-2.262453,0.415457,-3.974473
0.899999,Backstepping,2,1,Shin_R,-2.561531,0.635111,-3.938028
0.899999,Backstepping,2,1,Foot_R,-2.582345,0.404457,-3.840000
0.899999,Backstepping,2,1,Head,-2.400000,0.275000,-3.820000
0.904166,Backstepping,2,1,Pelvis,-2.407417,0.794189,-3.820000
0.904166,Backstepping,2,1,Spine,-2.410230,0.954164,-3.820000
0.904166,Backstepping,2,1,Head,-2.400133,1.423910,-3.808279
0.904166,Backstepping,2,1,Shin_L,-2.268365,0.648718,-3.954141
0.904166,Backstepping,2,1,Foot_L,-2.262453,0.416176,-3.972780
0.904166,Backstepping,2,1,Shin_R,-2.561304,0.633577,-3.936929
0.904166,Backstepping,2,1,Foot_R,-2.582345,0.404457,-3.840000
0.904166,Backstepping,2,1,Head,-2.400000,0.275000,-3.820000
0.908333,Backstepping,2,1,Pelvis,-2.406834,0.793217,-3.820000
0.908333,Backstepping,2,1,Spine,-2.409575,0.953193,-3.820000
0.908333,Backstepping,2,1,Head,-2.399737,1.422946,-3.808360
0.908333,Backstepping,2,1,Shin_L,-2.267978,0.646216,-3.952067
0.908333,Backstepping,2,1,Foot_L,-2.262453,0.416893,-3.970996
0.908333,Backstepping,2,1,Shin_R,-2.561079,0.632048,-3.935816
0.908333,Backstepping,2,1,Foot_R,-2.582345,0.404457,-3.840000
0.908333,Backstepping,2,1,Head,-2.400000,0.275000,-3.820000
0.912499,Backstepping,2,1,Pelvis,-2.406250,0.792245,-3.820000
0.912499,Backstepping,2,1,Spine,-2.408912,0.952223,-3.820000
0.912499,Backstepping,2,1,Head,-2.399358,1.421984,-3.808491
0.912499,Backstepping,2,1,Shin_L,-2.267595,0.643709,-3.949944
0.912499,Backstepping,2,1,Foot_L,-2.262453,0.417603,-3.969124
0.912499,Backstepping,2,1,Shin_R,-2.560857,0.630525,-3.934686
0.912499,Backstepping,2,1,Foot_R,-2.582345,0.404457,-3.840000
0.912499,Backstepping,2,1,Head,-2.400000,0.275000,-3.820000
0.916666,Backstepping,2,1,Pelvis,-2.405667,0.791273,-3.820000
0.916666,Backstepping,2,1,Spine,-2.408242,0.951252,-3.820000
0.916666,Backstepping,2,1,Head,-2.398998,1.421024,-3.808671
0.916666,Backstepping,2,1,Shin_L,-2.267218,0.641193,-3.947766
0.916666,Backstepping,2,1,Foot_L,-2.262453,0.418304,-3.967165
0.916666,Backstepping,2,1,Shin_R,-2.560637,0.629007,-3.933538
0.916666,Backstepping,2,1,Foot_R,-2.582345,0.404457,-3.840000
0.916666,Backstepping,2,1,Head,-2.400000,0.275000,-3.820000
0.920833,Backstepping,2,1,Pelvis,-2.405083,0.790300,-3.820000
0.920833,Backstepping,2,1,Spine,-2.407564,0.950281,-3.820000
0.920833,Backstepping,2,1,Head,-2.398660,1.420066,-3.808897
0.920833,Backstepping,2,1,Shin_L,-2.266846,0.638666,-3.945525
0.920833,Backstepping,2,1,Foot_L,-2.262453,0.418993,-3.965123
0.920833,Backstepping,2,1,Shin_R,-2.560418,0.627496,-3.932372
0.920833,Backstepping,2,1,Foot_R,-2.582345,0.404457,-3.840000
0.920833,Backstepping,2,1,Head,-2.400000,0.275000,-3.820000
0.924999,Backstepping,2,1,Pelvis,-2.404500,0.789328,-3.820000
0.924999,Backstepping,2,1,Spine,-2.406876,0.949310,-3.820000
0.924999,Backstepping,2,1,Head,-2.398349,1.419108,-3.809166
0.924999,Backstepping,2,1,Shin_L,-2.266479,0.636123,-3.943215
0.924999,Backstepping,2,1,Foot_L,-2.262453,0.419667,-3.963000
0.924999,Backstepping,2,1,Shin_R,-2.560202,0.625992,-3.931186
0.924999,Backstepping,2,1,Foot_R,-2.582345,0.404457,-3.840000
0.924999,Backstepping,2,1,Head,-2.400000,0.275000,-3.820000
0.929166,Backstepping,2,1,Pelvis,-2.403917,0.788356,-3.820000
0.929166,Backstepping,2,1,Spine,-2.406177,0.948340,-3.820000
0.929166,Backstepping,2,1,Head,-2.398064,1.418152,-3.809476
0.929166,Backstepping,2,1,Shin_L,-2.266116,0.633561,-3.940824
0.929166,Backstepping,2,1,Foot_L,-2.262453,0.420322,-3.960797
0.929166,Backstepping,2,1,Shin_R,-2.559988,0.624494,-3.929977
0.929166,Backstepping,2,1,Foot_R,-2.582345,0.404457,-3.840000
0.929166,Backstepping,2,1,Head,-2.400000,0.275000,-3.820000
0.933333,Backstepping,2,1,Pelvis,-2.403333,0.787384,-3.820000
0.933333,Backstepping,2,1,Spine,-2.405467,0.947369,-3.820000
0.933333,Backstepping,2,1,Head,-2.397810,1.417197,-3.809825
0.933333,Backstepping,2,1,Shin_L,-2.265759,0.630974,-3.938341
0.933333,Backstepping,2,1,Foot_L,-2.262453,0.420957,-3.958519
0.933333,Backstepping,2,1,Shin_R,-2.559775,0.623005,-3.928746
0.933333,Backstepping,2,1,Foot_R,-2.582345,0.404457,-3.840000
0.933333,Backstepping,2,1,Head,-2.400000,0.275000,-3.820000
0.937499,Backstepping,2,1,Pelvis,-2.402250,0.785578,-3.820000
0.937499,Backstepping,2,1,Spine,-2.404237,0.945566,-3.820000
0.937499,Backstepping,2,1,Head,-2.397107,1.415410,-3.810221
0.937499,Backstepping,2,1,Shin_L,-2.265207,0.632176,-3.943447
0.937499,Backstepping,2,1,Foot_L,-2.262453,0.421568,-3.956169
0.937499,Backstepping,2,1,Shin_R,-2.559322,0.620940,-3.927896
0.937499,Backstepping,2,1,Foot_R,-2.582345,0.404457,-3.840000
0.937499,Backstepping,2,1,Head,-2.400000,0.275000,-3.820000
0.941666,Backstepping,2,1,Pelvis,-2.401167,0.783773,-3.820000
0.941666,Backstepping,2,1,Spine,-2.402984,0.943762,-3.820000
0.941666,Backstepping,2,1,Head,-2.396463,1.413624,-3.810671
0.941666,Backstepping,2,1,Shin_L,-2.264638,0.633068,-3.947836
0.941666,Backstepping,2,1,Foot_L,-2.262453,0.422153,-3.953749
0.941666,Backstepping,2,1,Shin_R,-2.558872,0.618885,-3.927016
0.941666,Backstepping,2,1,Foot_R,-2.582345,0.404457,-3.840000
0.941666,Backstepping,2,1,Head,-2.400000,0.275000,-3.820000
0.945833,Backstepping,2,1,Pelvis,-2.400084,0.781967,-3.820000
0.945833,Backstepping,2,1,Spine,-2.401716,0.941959,-3.820000
0.945833,Backstepping,2,1,Head,-2.395857,1.411839,-3.811169
0.945833,Backstepping,2,1,Shin_L,-2.264057,0.633713,-3.951676
0.945833,Backstepping,2,1,Foot_L,-2.262453,0.422710,-3.951265
0.945833,Backstepping,2,1,Shin_R,-2.558429,0.616839,-3.926113
0.945833,Backstepping,2,1,Foot_R,-2.582345,0.404457,-3.840000
0.945833,Backstepping,2,1,Head,-2.400000,0.275000,-3.820000
0.949999,Backstepping,2,1,Pelvis,-2.399000,0.780162,-3.820000
0.949999,Backstepping,2,1,Spine,-2.400440,0.940155,-3.820000
0.949999,Backstepping,2,1,Head,-2.395271,1.410053,-3.811706
0.949999,Backstepping,2,1,Shin_L,-2.263466,0.634147,-3.955073
0.949999,Backstepping,2,1,Foot_L,-2.262453,0.423235,-3.948720
0.949999,Backstepping,2,1,Shin_R,-2.557992,0.614798,-3.925192
0.949999,Backstepping,2,1,Foot_R,-2.582345,0.404457,-3.840000
0.949999,Backstepping,2,1,Head,-2.400000,0.275000,-3.820000
0.954166,Backstepping,2,1,Pelvis,-2.397917,0.778358,-3.820000
0.954166,Backstepping,2,1,Spine,-2.399165,0.938353,-3.820000
0.954166,Backstepping,2,1,Head,-2.394685,1.408268,-3.812278
0.954166,Backstepping,2,1,Shin_L,-2.262868,0.634396,-3.958094
0.954166,Backstepping,2,1,Foot_L,-2.262453,0.423727,-3.946116
0.954166,Backstepping,2,1,Shin_R,-2.557561,0.612761,-3.924259
0.954166,Backstepping,2,1,Foot_R,-2.582345,0.404457,-3.840000
0.954166,Backstepping,2,1,Head,-2.400000,0.275000,-3.820000
0.958333,Backstepping,2,1,Pelvis,-2.396834,0.776563,-3.820000
0.958333,Backstepping,2,1,Spine,-2.397897,0.936559,-3.820000
0.958333,Backstepping,2,1,Head,-2.394080,1.406489,-3.812876
0.958333,Backstepping,2,1,Shin_L,-2.262265,0.634481,-3.960780
0.958333,Backstepping,2,1,Foot_L,-2.262453,0.424184,-3.943461
0.958333,Backstepping,2,1,Shin_R,-2.557139,0.610728,-3.923314
0.958333,Backstepping,2,1,Foot_R,-2.582345,0.404457,-3.840000
0.958333,Backstepping,2,1,Head,-2.400000,0.275000,-3.820000
0.962499,Backstepping,2,1,Pelvis,-2.395750,0.774785,-3.820000
0.962499,Backstepping,2,1,Spine,-2.396644,0.934783,-3.820000
0.962499,Backstepping,2,1,Head,-2.393435,1.404727,-3.813494
0.962499,Backstepping,2,1,Shin_L,-2.261660,0.634418,-3.963161
0.962499,Backstepping,2,1,Foot_L,-2.262453,0.424603,-3.940756
0.962499,Backstepping,2,1,Shin_R,-2.556726,0.608700,-3.922352
0.962499,Backstepping,2,1,Foot_R,-2.582345,0.404457,-3.840000
0.962499,Backstepping,2,1,Head,-2.400000,0.275000,-3.820000
0.966666,Backstepping,2,1,Pelvis,-2.394667,0.773033,-3.820000
0.966666,Backstepping,2,1,Spine,-2.395414,0.933031,-3.820000
0.966666,Backstepping,2,1,Head,-2.392733,1.402987,-3.814125
0.966666,Backstepping,2,1,Shin_L,-2.261054,0.634221,-3.965256
0.966666,Backstepping,2,1,Foot_L,-2.262453,0.424983,-3.938008
0.966666,Backstepping,2,1,Shin_R,-2.556324,0.606678,-3.921373
0.966666,Backstepping,2,1,Foot_R,-2.582345,0.404457,-3.840000
0.966666,Backstepping,2,1,Head,-2.400000,0.275000,-3.820000
0.970833,Backstepping,2,1,Pelvis,-2.394083,0.772145,-3.820000
0.970833,Backstepping,2,1,Spine,-2.394706,0.932144,-3.820000
0.970833,Backstepping,2,1,Head,-2.392471,1.402110,-3.814784
0.970833,Backstepping,2,1,Shin_L,-2.260722,0.634032,-3.966240
0.970833,Backstepping,2,1,Foot_L,-2.262453,0.425323,-3.935220
0.970833,Backstepping,2,1,Shin_R,-2.556096,0.605704,-3.920883
0.970833,Backstepping,2,1,Foot_R,-2.582345,0.404457,-3.840000
0.970833,Backstepping,2,1,Head,-2.400000,0.275000,-3.820000
0.974999,Backstepping,2,1,Pelvis,-2.393500,0.771294,-3.820000
0.974999,Backstepping,2,1,Spine,-2.394014,0.931294,-3.820000
0.974999,Backstepping,2,1,Head,-2.392168,1.401268,-3.815483
0.974999,Backstepping,2,1,Shin_L,-2.260392,0.633755,-3.967046
0.974999,Backstepping,2,1,Foot_L,-2.262453,0.425620,-3.932396
0.974999,Backstepping,2,1,Shin_R,-2.555872,0.604743,-3.920365
0.974999,Backstepping,2,1,Foot_R,-2.582345,0.404457,-3.840000
0.974999,Backstepping,2,1,Head,-2.400000,0.275000,-3.820000
0.979166,Backstepping,2,1,Pelvis,-2.392917,0.770486,-3.820000
0.979166,Backstepping,2,1,Spine,-2.393335,0.930485,-3.820000
0.979166,Backstepping,2,1,Head,-2.391834,1.400467,-3.816213
0.979166,Backstepping,2,1,Shin_L,-2.260064,0.633394,-3.967680
0.979166,Backstepping,2,1,Foot_L,-2.262453,0.425873,-3.929543
0.979166,Backstepping,2,1,Shin_R,-2.555652,0.603796,-3.919808
0.979166,Backstepping,2,1,Foot_R,-2.582345,0.404457,-3.840000
0.979166,Backstepping,2,1,Head,-2.400000,0.275000,-3.820000
0.983333,Backstepping,2,1,Pelvis,-2.392334,0.769723,-3.820000
0.983333,Backstepping,2,1,Spine,-2.392664,0.929723,-3.820000
0.983333,Backstepping,2,1,Head,-2.391476,1.399711,-3.816964
0.983333,Backstepping,2,1,Shin_L,-2.259739,0.632955,-3.968152
0.983333,Backstepping,2,1,Foot_L,-2.262453,0.426082,-3.926665
0.983333,Backstepping,2,1,Shin_R,-2.555434,0.602868,-3.919203
0.983333,Backstepping,2,1,Foot_R,-2.582345,0.404457,-3.840000
0.983333,Backstepping,2,1,Head,-2.400000,0.275000,-3.820000
0.987499,Backstepping,2,1,Pelvis,-2.391750,0.769010,-3.820000
0.987499,Backstepping,2,1,Spine,-2.391999,0.929009,-3.820000
0.987499,Backstepping,2,1,Head,-2.391105,1.399003,-3.817728
0.987499,Backstepping,2,1,Shin_L,-2.259416,0.632443,-3.968470
0.987499,Backstepping,2,1,Foot_L,-2.262453,0.426246,-3.923767
0.987499,Backstepping,2,1,Shin_R,-2.555220,0.601961,-3.918544
0.987499,Backstepping,2,1,Foot_R,-2.582345,0.404457,-3.840000
0.987499,Backstepping,2,1,Head,-2.400000,0.275000,-3.820000
0.991666,Backstepping,2,1,Pelvis,-2.391167,0.768348,-3.820000
0.991666,Backstepping,2,1,Spine,-2.391336,0.928348,-3.820000
0.991666,Backstepping,2,1,Head,-2.390729,1.398345,-3.818495
0.991666,Backstepping,2,1,Shin_L,-2.259095,0.631863,-3.968641
0.991666,Backstepping,2,1,Foot_L,-2.262453,0.426363,-3.920853
0.991666,Backstepping,2,1,Shin_R,-2.555007,0.601079,-3.917822
0.991666,Backstepping,2,1,Foot_R,-2.582345,0.404457,-3.840000
0.991666,Backstepping,2,1,Head,-2.400000,0.275000,-3.820000
0.995833,Backstepping,2,1,Pelvis,-2.390584,0.767741,-3.820000
0.995833,Backstepping,2,1,Spine,-2.390671,0.927741,-3.820000
0.995833,Backstepping,2,1,Head,-2.390358,1.397740,-3.819255
0.995833,Backstepping,2,1,Shin_L,-2.258776,0.631218,-3.968673
0.995833,Backstepping,2,1,Foot_L,-2.262453,0.426434,-3.917929
0.995833,Backstepping,2,1,Shin_R,-2.554797,0.600223,-3.917029
0.995833,Backstepping,2,1,Foot_R,-2.582345,0.404457,-3.840000
0.995833,Backstepping,2,1,Head,-2.400000,0.275000,-3.820000
0.999999,Backstepping,2,1,Pelvis,-2.390000,0.767189,-3.820000
0.999999,Backstepping,2,1,Spine,-2.390000,0.927189,-3.820000
0.999999,Backstepping,2,1,Head,-2.390000,1.397189,-3.820000
0.999999,Backstepping,2,1,Shin_L,-2.258458,0.630514,-3.968573
0.999999,Backstepping,2,1,Foot_L,-2.262453,0.426457,-3.915001
0.999999,Backstepping,2,1,Shin_R,-2.554588,0.599396,-3.916159
0.999999,Backstepping,2,1,Foot_R,-2.582345,0.404457,-3.840000
0.999999,Backstepping,2,1,Head,-2.400000,0.275000,-3.820000
1.004166,Backstepping,2,1,Pelvis,-2.389676,0.766693,-3.820000
1.004166,Backstepping,2,1,Spine,-2.389590,0.926693,-3.820000
1.004166,Backstepping,2,1,Head,-2.389899,1.396692,-3.820745
1.004166,Backstepping,2,1,Shin_L,-2.258282,0.629758,-3.968347
1.004166,Backstepping,2,1,Foot_L,-2.262453,0.426434,-3.912072
1.004166,Backstepping,2,1,Shin_R,-2.554420,0.599192,-3.916579
1.004166,Backstepping,2,1,Foot_R,-2.582345,0.404457,-3.840000
1.004166,Backstepping,2,1,Head,-2.400000,0.275000,-3.820000
1.008333,Backstepping,2,1,Pelvis,-2.389352,0.766253,-3.820000
1.008333,Backstepping,2,1,Spine,-2.389186,0.926253,-3.820000
1.008333,Backstepping,2,1,Head,-2.389781,1.396250,-3.821506
1.008333,Backstepping,2,1,Shin_L,-2.258109,0.628956,-3.967990
1.008333,Backstepping,2,1,Foot_L,-2.262453,0.426363,-3.909148
1.008333,Backstepping,2,1,Shin_R,-2.554254,0.599012,-3.916937
1.008333,Backstepping,2,1,Foot_R,-2.582345,0.404457,-3.840000
1.008333,Backstepping,2,1,Head,-2.400000,0.275000,-3.820000
1.012499,Backstepping,2,1,Pelvis,-2.389028,0.765868,-3.820000
1.012499,Backstepping,2,1,Spine,-2.388786,0.925868,-3.820000
1.012499,Backstepping,2,1,Head,-2.389655,1.395861,-3.822272
1.012499,Backstepping,2,1,Shin_L,-2.257938,0.628112,-3.967511
1.012499,Backstepping,2,1,Foot_L,-2.262453,0.426246,-3.906234
1.012499,Backstepping,2,1,Shin_R,-2.554088,0.598856,-3.917233
1.012499,Backstepping,2,1,Foot_R,-2.582345,0.404457,-3.840000
1.012499,Backstepping,2,1,Head,-2.400000,0.275000,-3.820000
1.016666,Backstepping,2,1,Pelvis,-2.388704,0.765538,-3.820000
1.016666,Backstepping,2,1,Spine,-2.388385,0.925538,-3.820000
1.016666,Backstepping,2,1,Head,-2.389530,1.395526,-3.823036
1.016666,Backstepping,2,1,Shin_L,-2.257769,0.627230,-3.966918
1.016666,Backstepping,2,1,Foot_L,-2.262453,0.426082,-3.903336
1.016666,Backstepping,2,1,Shin_R,-2.553922,0.598725,-3.917463
1.016666,Backstepping,2,1,Foot_R,-2.582345,0.404457,-3.840000
1.016666,Backstepping,2,1,Head,-2.400000,0.275000,-3.820000
1.020833,Backstepping,2,1,Pelvis,-2.388380,0.765261,-3.820000
1.020833,Backstepping,2,1,Spine,-2.387979,0.925261,-3.820000
1.020833,Backstepping,2,1,Head,-2.389417,1.395243,-3.823787
1.020833,Backstepping,2,1,Shin_L,-2.257602,0.626315,-3.966220
1.020833,Backstepping,2,1,Foot_L,-2.262453,0.425873,-3.900458
1.020833,Backstepping,2,1,Shin_R,-2.553756,0.598620,-3.917626
1.020833,Backstepping,2,1,Foot_R,-2.582345,0.404457,-3.840000
1.020833,Backstepping,2,1,Head,-2.400000,0.275000,-3.820000
1.024999,Backstepping,2,1,Pelvis,-2.388056,0.765036,-3.820000
1.024999,Backstepping,2,1,Spine,-2.387566,0.925035,-3.820000
1.024999,Backstepping,2,1,Head,-2.389325,1.395010,-3.824517
1.024999,Backstepping,2,1,Shin_L,-2.257436,0.625370,-3.965425
1.024999,Backstepping,2,1,Foot_L,-2.262453,0.425620,-3.897605
1.024999,Backstepping,2,1,Shin_R,-2.553589,0.598542,-3.917722
1.024999,Backstepping,2,1,Foot_R,-2.582345,0.404457,-3.840000
1.024999,Backstepping,2,1,Head,-2.400000,0.275000,-3.820000
1.029166,Backstepping,2,1,Pelvis,-2.387732,0.764859,-3.820000
1.029166,Backstepping,2,1,Spine,-2.387140,0.924858,-3.820000
1.029166,Backstepping,2,1,Head,-2.389264,1.394825,-3.825216
1.029166,Backstepping,2,1,Shin_L,-2.257270,0.624400,-3.964542
1.029166,Backstepping,2,1,Foot_L,-2.262453,0.425323,-3.894782
1.029166,Backstepping,2,1,Shin_R,-2.553421,0.598491,-3.917749
1.029166,Backstepping,2,1,Foot_R,-2.582345,0.404457,-3.840000
1.029166,Backstepping,2,1,Head,-2.400000,0.275000,-3.820000
1.033333,Backstepping,2,1,Pelvis,-2.387408,0.764730,-3.820000
1.033333,Backstepping,2,1,Spine,-2.386698,0.924728,-3.820000
1.033333,Backstepping,2,1,Head,-2.389245,1.394684,-3.825875
1.033333,Backstepping,2,1,Shin_L,-2.257103,0.623407,-3.963580
1.033333,Backstepping,2,1,Foot_L,-2.262453,0.424983,-3.891993
1.033333,Backstepping,2,1,Shin_R,-2.553251,0.598468,-3.917707
1.033333,Backstepping,2,1,Foot_R,-2.582345,0.404457,-3.840000
1.033333,Backstepping,2,1,Head,-2.400000,0.275000,-3.820000
1.037500,Backstepping,2,1,Pelvis,-2.386806,0.763809,-3.820000
1.037500,Backstepping,2,1,Spine,-2.385957,0.923807,-3.820000
1.037500,Backstepping,2,1,Head,-2.389005,1.393752,-3.826507
1.037500,Backstepping,2,1,Shin_L,-2.256787,0.622124,-3.963261
1.037500,Backstepping,2,1,Foot_L,-2.262453,0.424603,-3.889245
1.037500,Backstepping,2,1,Shin_R,-2.552939,0.598097,-3.918512
1.037500,Backstepping,2,1,Foot_R,-2.582345,0.404457,-3.840000
1.037500,Backstepping,2,1,Head,-2.400000,0.275000,-3.820000
1.041666,Backstepping,2,1,Pelvis,-2.386204,0.762929,-3.820000
1.041666,Backstepping,2,1,Spine,-2.385194,0.922926,-3.820000
1.041666,Backstepping,2,1,Head,-2.388820,1.392857,-3.827125
1.041666,Backstepping,2,1,Shin_L,-2.256469,0.620812,-3.962874
1.041666,Backstepping,2,1,Foot_L,-2.262453,0.424184,-3.886540
1.041666,Backstepping,2,1,Shin_R,-2.552626,0.597752,-3.919241
1.041666,Backstepping,2,1,Foot_R,-2.582345,0.404457,-3.840000
1.041666,Backstepping,2,1,Head,-2.400000,0.275000,-3.820000
1.045833,Backstepping,2,1,Pelvis,-2.385602,0.762084,-3.820000
1.045833,Backstepping,2,1,Spine,-2.384417,0.922080,-3.820000
1.045833,Backstepping,2,1,Head,-2.388672,1.391997,-3.827723
1.045833,Backstepping,2,1,Shin_L,-2.256154,0.619474,-3.962423
1.045833,Backstepping,2,1,Foot_L,-2.262453,0.423727,-3.883884
1.045833,Backstepping,2,1,Shin_R,-2.552310,0.597428,-3.919907
1.045833,Backstepping,2,1,Foot_R,-2.582345,0.404457,-3.840000
1.045833,Backstepping,2,1,Head,-2.400000,0.275000,-3.820000
1.050000,Backstepping,2,1,Pelvis,-2.385000,0.761272,-3.820000
1.050000,Backstepping,2,1,Spine,-2.383632,0.921266,-3.820000
1.050000,Backstepping,2,1,Head,-2.388543,1.391167,-3.828294
1.050000,Backstepping,2,1,Shin_L,-2.255839,0.618120,-3.961912
1.050000,Backstepping,2,1,Foot_L,-2.262453,0.423235,-3.881281
1.050000,Backstepping,2,1,Shin_R,-2.551994,0.597122,-3.920523
1.050000,Backstepping,2,1,Foot_R,-2.582345,0.404457,-3.840000
1.050000,Backstepping,2,1,Head,-2.400000,0.275000,-3.820000
1.054167,Backstepping,2,1,Pelvis,-2.384398,0.760488,-3.820000
1.054167,Backstepping,2,1,Spine,-2.382848,0.920480,-3.820000
1.054167,Backstepping,2,1,Head,-2.388413,1.390364,-3.828832
1.054167,Backstepping,2,1,Shin_L,-2.255527,0.616753,-3.961346
1.054167,Backstepping,2,1,Foot_L,-2.262453,0.422710,-3.878736
1.054167,Backstepping,2,1,Shin_R,-2.551678,0.596829,-3.921103
1.054167,Backstepping,2,1,Foot_R,-2.582345,0.404457,-3.840000
1.054167,Backstepping,2,1,Head,-2.400000,0.275000,-3.820000
1.058333,Backstepping,2,1,Pelvis,-2.383796,0.759727,-3.820000
1.058333,Backstepping,2,1,Spine,-2.382071,0.919718,-3.820000
1.058333,Backstepping,2,1,Head,-2.388265,1.389584,-3.829329
1.058333,Backstepping,2,1,Shin_L,-2.255219,0.615379,-3.960729
1.058333,Backstepping,2,1,Foot_L,-2.262453,0.422154,-3.876251
1.058333,Backstepping,2,1,Shin_R,-2.551363,0.596544,-3.921657
1.058333,Backstepping,2,1,Foot_R,-2.582345,0.404457,-3.840000
1.058333,Backstepping,2,1,Head,-2.400000,0.275000,-3.820000
1.062500,Backstepping,2,1,Pelvis,-2.383194,0.758985,-3.820000
1.062500,Backstepping,2,1,Spine,-2.381308,0.918974,-3.820000
1.062500,Backstepping,2,1,Head,-2.388080,1.388824,-3.829779
1.062500,Backstepping,2,1,Shin_L,-2.254915,0.614005,-3.960065
1.062500,Backstepping,2,1,Foot_L,-2.262453,0.421568,-3.873832
1.062500,Backstepping,2,1,Shin_R,-2.551050,0.596261,-3.922199
1.062500,Backstepping,2,1,Foot_R,-2.582345,0.404457,-3.840000
1.062500,Backstepping,2,1,Head,-2.400000,0.275000,-3.820000
1.066667,Backstepping,2,1,Pelvis,-2.382593,0.758258,-3.820000
1.066667,Backstepping,2,1,Spine,-2.380566,0.918245,-3.820000
1.066667,Backstepping,2,1,Head,-2.387840,1.388079,-3.830175
1.066667,Backstepping,2,1,Shin_L,-2.254616,0.612637,-3.959360
1.066667,Backstepping,2,1,Foot_L,-2.262453,0.420957,-3.871482
1.066667,Backstepping,2,1,Shin_R,-2.550739,0.595977,-3.922741
1.066667,Backstepping,2,1,Foot_R,-2.582345,0.404457,-3.840000
1.066667,Backstepping,2,1,Head,-2.400000,0.275000,-3.820000
1.070833,Backstepping,2,1,Pelvis,-2.382269,0.758374,-3.820000
1.070833,Backstepping,2,1,Spine,-2.380122,0.918360,-3.820000
1.070833,Backstepping,2,1,Head,-2.387828,1.388178,-3.830524
1.070833,Backstepping,2,1,Shin_L,-2.254467,0.611597,-3.957947
1.070833,Backstepping,2,1,Foot_L,-2.262453,0.420322,-3.869204
1.070833,Backstepping,2,1,Shin_R,-2.550568,0.596076,-3.922446
1.070833,Backstepping,2,1,Foot_R,-2.582345,0.404457,-3.840000
1.070833,Backstepping,2,1,Head,-2.400000,0.275000,-3.820000
1.075000,Backstepping,2,1,Pelvis,-2.381944,0.758495,-3.820000
1.075000,Backstepping,2,1,Spine,-2.379689,0.918479,-3.820000
1.075000,Backstepping,2,1,Head,-2.387785,1.388284,-3.830834
1.075000,Backstepping,2,1,Shin_L,-2.254319,0.610575,-3.956515
1.075000,Backstepping,2,1,Foot_L,-2.262453,0.419666,-3.867001
1.075000,Backstepping,2,1,Shin_R,-2.550398,0.596173,-3.922155
1.075000,Backstepping,2,1,Foot_R,-2.582345,0.404457,-3.840000
1.075000,Backstepping,2,1,Head,-2.400000,0.275000,-3.820000
1.079167,Backstepping,2,1,Pelvis,-2.381620,0.758615,-3.820000
1.079167,Backstepping,2,1,Spine,-2.379266,0.918598,-3.820000
1.079167,Backstepping,2,1,Head,-2.387716,1.388391,-3.831103
1.079167,Backstepping,2,1,Shin_L,-2.254173,0.609572,-3.955076
1.079167,Backstepping,2,1,Foot_L,-2.262453,0.418993,-3.864877
1.079167,Backstepping,2,1,Shin_R,-2.550230,0.596266,-3.921872
1.079167,Backstepping,2,1,Foot_R,-2.582345,0.404457,-3.840000
1.079167,Backstepping,2,1,Head,-2.400000,0.275000,-3.820000
1.083334,Backstepping,2,1,Pelvis,-2.381296,0.758731,-3.820000
1.083334,Backstepping,2,1,Spine,-2.378853,0.918713,-3.820000
1.083334,Backstepping,2,1,Head,-2.387624,1.388494,-3.831329
1.083334,Backstepping,2,1,Shin_L,-2.254028,0.608591,-3.953637
1.083334,Backstepping,2,1,Foot_L,-2.262453,0.418304,-3.862835
1.083334,Backstepping,2,1,Shin_R,-2.550062,0.596353,-3.921602
1.083334,Backstepping,2,1,Foot_R,-2.582345,0.404457,-3.840000
1.083334,Backstepping,2,1,Head,-2.400000,0.275000,-3.820000
1.087500,Backstepping,2,1,Pelvis,-2.380972,0.758838,-3.820000
1.087500,Backstepping,2,1,Spine,-2.378447,0.918818,-3.820000
1.087500,Backstepping,2,1,Head,-2.387511,1.388589,-3.831509
1.087500,Backstepping,2,1,Shin_L,-2.253884,0.607629,-3.952208
1.087500,Backstepping,2,1,Foot_L,-2.262453,0.417603,-3.860876
1.087500,Backstepping,2,1,Shin_R,-2.549896,0.596432,-3.921349
1.087500,Backstepping,2,1,Foot_R,-2.582345,0.404457,-3.840000
1.087500,Backstepping,2,1,Head,-2.400000,0.275000,-3.820000
1.091667,Backstepping,2,1,Pelvis,-2.380648,0.758929,-3.820000
1.091667,Backstepping,2,1,Spine,-2.378048,0.918908,-3.820000
1.091667,Backstepping,2,1,Head,-2.387381,1.388671,-3.831641
1.091667,Backstepping,2,1,Shin_L,-2.253740,0.606690,-3.950800
1.091667,Backstepping,2,1,Foot_L,-2.262453,0.416893,-3.859004
1.091667,Backstepping,2,1,Shin_R,-2.549730,0.596502,-3.921118
1.091667,Backstepping,2,1,Foot_R,-2.582345,0.404457,-3.840000
1.091667,Backstepping,2,1,Head,-2.400000,0.275000,-3.820000
1.095834,Backstepping,2,1,Pelvis,-2.380324,0.759002,-3.820000
1.095834,Backstepping,2,1,Spine,-2.377654,0.918980,-3.820000
1.095834,Backstepping,2,1,Head,-2.387237,1.388736,-3.831722
1.095834,Backstepping,2,1,Shin_L,-2.253596,0.605770,-3.949420
1.095834,Backstepping,2,1,Foot_L,-2.262453,0.416177,-3.857221
1.095834,Backstepping,2,1,Shin_R,-2.549565,0.596561,-3.920910
1.095834,Backstepping,2,1,Foot_R,-2.582345,0.404457,-3.840000
1.095834,Backstepping,2,1,Head,-2.400000,0.275000,-3.820000
1.100001,Backstepping,2,1,Pelvis,-2.380000,0.759051,-3.820000
1.100001,Backstepping,2,1,Spine,-2.377264,0.919028,-3.820000
1.100001,Backstepping,2,1,Head,-2.387084,1.388778,-3.831749
1.100001,Backstepping,2,1,Shin_L,-2.253453,0.604872,-3.948081
1.100001,Backstepping,2,1,Foot_L,-2.262453,0.415457,-3.855527
1.100001,Backstepping,2,1,Shin_R,-2.549400,0.596608,-3.920732
1.100001,Backstepping,2,1,Foot_R,-2.582345,0.404457,-3.840000
1.100001,Backstepping,2,1,Head,-2.400000,0.275000,-3.820000
1.104167,Backstepping,2,1,Pelvis,-2.380195,0.761017,-3.820000
1.104167,Backstepping,2,1,Spine,-2.377402,0.920992,-3.820000
1.104167,Backstepping,2,1,Head,-2.387424,1.390739,-3.831722
1.104167,Backstepping,2,1,Shin_L,-2.253517,0.606017,-3.946924
1.104167,Backstepping,2,1,Foot_L,-2.262453,0.414737,-3.853925
1.104167,Backstepping,2,1,Shin_R,-2.549394,0.598134,-3.919800
1.104167,Backstepping,2,1,Foot_R,-2.582345,0.404457,-3.840000
1.104167,Backstepping,2,1,Head,-2.400000,0.275000,-3.820000
1.108334,Backstepping,2,1,Pelvis,-2.380389,0.762950,-3.820000
1.108334,Backstepping,2,1,Spine,-2.377553,0.922925,-3.820000
1.108334,Backstepping,2,1,Head,-2.387733,1.392670,-3.831641
1.108334,Backstepping,2,1,Shin_L,-2.253582,0.607184,-3.945820
1.108334,Backstepping,2,1,Foot_L,-2.262453,0.414021,-3.852416
1.108334,Backstepping,2,1,Shin_R,-2.549390,0.599637,-3.918899
1.108334,Backstepping,2,1,Foot_R,-2.582345,0.404457,-3.840000
1.108334,Backstepping,2,1,Head,-2.400000,0.275000,-3.820000
1.112501,Backstepping,2,1,Pelvis,-2.380584,0.764848,-3.820000
1.112501,Backstepping,2,1,Spine,-2.377712,0.924822,-3.820000
1.112501,Backstepping,2,1,Head,-2.388018,1.394568,-3.831509
1.112501,Backstepping,2,1,Shin_L,-2.253647,0.608372,-3.944777
1.112501,Backstepping,2,1,Foot_L,-2.262453,0.413311,-3.851000
1.112501,Backstepping,2,1,Shin_R,-2.549389,0.601117,-3.918030
1.112501,Backstepping,2,1,Foot_R,-2.582345,0.404457,-3.840000
1.112501,Backstepping,2,1,Head,-2.400000,0.275000,-3.820000
1.116667,Backstepping,2,1,Pelvis,-2.380778,0.766705,-3.820000
1.116667,Backstepping,2,1,Spine,-2.377876,0.926679,-3.820000
1.116667,Backstepping,2,1,Head,-2.388292,1.396426,-3.831329
1.116667,Backstepping,2,1,Shin_L,-2.253713,0.609578,-3.943807
1.116667,Backstepping,2,1,Foot_L,-2.262453,0.412610,-3.849678
1.116667,Backstepping,2,1,Shin_R,-2.549391,0.602574,-3.917196
1.116667,Backstepping,2,1,Foot_R,-2.582345,0.404457,-3.840000
1.116667,Backstepping,2,1,Head,-2.400000,0.275000,-3.820000
1.120834,Backstepping,2,1,Pelvis,-2.380972,0.768519,-3.820000
1.120834,Backstepping,2,1,Spine,-2.378041,0.928492,-3.820000
1.120834,Backstepping,2,1,Head,-2.388562,1.398243,-3.831103
1.120834,Backstepping,2,1,Shin_L,-2.253778,0.610800,-3.942919
1.120834,Backstepping,2,1,Foot_L,-2.262453,0.411921,-3.848450
1.120834,Backstepping,2,1,Shin_R,-2.549394,0.604010,-3.916398
1.120834,Backstepping,2,1,Foot_R,-2.582345,0.404457,-3.840000
1.120834,Backstepping,2,1,Head,-2.400000,0.275000,-3.820000
1.125001,Backstepping,2,1,Pelvis,-2.381167,0.770287,-3.820000
1.125001,Backstepping,2,1,Spine,-2.378203,0.930260,-3.820000
1.125001,Backstepping,2,1,Head,-2.388841,1.400014,-3.830834
1.125001,Backstepping,2,1,Shin_L,-2.253843,0.612036,-3.942123
1.125001,Backstepping,2,1,Foot_L,-2.262453,0.411247,-3.847315
1.125001,Backstepping,2,1,Shin_R,-2.549398,0.605422,-3.915638
1.125001,Backstepping,2,1,Foot_R,-2.582345,0.404457,-3.840000
1.125001,Backstepping,2,1,Head,-2.400000,0.275000,-3.820000
1.129168,Backstepping,2,1,Pelvis,-2.381361,0.772006,-3.820000
1.129168,Backstepping,2,1,Spine,-2.378358,0.931978,-3.820000
1.129168,Backstepping,2,1,Head,-2.389137,1.401736,-3.830524
1.129168,Backstepping,2,1,Shin_L,-2.253906,0.613285,-3.941428
1.129168,Backstepping,2,1,Foot_L,-2.262453,0.410592,-3.846274
1.129168,Backstepping,2,1,Shin_R,-2.549402,0.606814,-3.914917
1.129168,Backstepping,2,1,Foot_R,-2.582345,0.404457,-3.840000
1.129168,Backstepping,2,1,Head,-2.400000,0.275000,-3.820000
1.133334,Backstepping,2,1,Pelvis,-2.381556,0.773674,-3.820000
1.133334,Backstepping,2,1,Spine,-2.378503,0.933645,-3.820000
1.133334,Backstepping,2,1,Head,-2.389462,1.403407,-3.830175
1.133334,Backstepping,2,1,Shin_L,-2.253968,0.614546,-3.940845
1.133334,Backstepping,2,1,Foot_L,-2.262453,0.409957,-3.845324
1.133334,Backstepping,2,1,Shin_R,-2.549407,0.608185,-3.914235
1.133334,Backstepping,2,1,Foot_R,-2.582345,0.404457,-3.840000
1.133334,Backstepping,2,1,Head,-2.400000,0.275000,-3.820000
1.137501,Backstepping,2,1,Pelvis,-2.381917,0.776122,-3.820000
1.137501,Backstepping,2,1,Spine,-2.378801,0.936092,-3.820000
1.137501,Backstepping,2,1,Head,-2.389984,1.405857,-3.829779
1.137501,Backstepping,2,1,Shin_L,-2.254054,0.617709,-3.942103
1.137501,Backstepping,2,1,Foot_L,-2.262453,0.409346,-3.844465
1.137501,Backstepping,2,1,Shin_R,-2.549272,0.611328,-3.915809
1.137501,Backstepping,2,1,Foot_R,-2.582345,0.404457,-3.840000
1.137501,Backstepping,2,1,Head,-2.400000,0.275000,-3.820000
1.141668,Backstepping,2,1,Pelvis,-2.382278,0.778516,-3.820000
1.141668,Backstepping,2,1,Spine,-2.379090,0.938484,-3.820000
1.141668,Backstepping,2,1,Head,-2.390532,1.408252,-3.829329
1.141668,Backstepping,2,1,Shin_L,-2.254143,0.620889,-3.943469
1.141668,Backstepping,2,1,Foot_L,-2.262453,0.408761,-3.843694
1.141668,Backstepping,2,1,Shin_R,-2.549142,0.614457,-3.917417
1.141668,Backstepping,2,1,Foot_R,-2.582345,0.404457,-3.840000
1.141668,Backstepping,2,1,Head,-2.400000,0.275000,-3.820000
1.145834,Backstepping,2,1,Pelvis,-2.382639,0.780853,-3.820000
1.145834,Backstepping,2,1,Spine,-2.379373,0.940820,-3.820000
1.145834,Backstepping,2,1,Head,-2.391097,1.410590,-3.828831
1.145834,Backstepping,2,1,Shin_L,-2.254235,0.624089,-3.944938
1.145834,Backstepping,2,1,Foot_L,-2.262453,0.408204,-3.843009
1.145834,Backstepping,2,1,Shin_R,-2.549016,0.617571,-3.919064
1.145834,Backstepping,2,1,Foot_R,-2.582345,0.404457,-3.840000
1.145834,Backstepping,2,1,Head,-2.400000,0.275000,-3.820000
1.150001,Backstepping,2,1,Pelvis,-2.383000,0.783135,-3.820000
1.150001,Backstepping,2,1,Spine,-2.379652,0.943100,-3.820000
1.150001,Backstepping,2,1,Head,-2.391670,1.412873,-3.828294
1.150001,Backstepping,2,1,Shin_L,-2.254330,0.627311,-3.946507
1.150001,Backstepping,2,1,Foot_L,-2.262453,0.407679,-3.842408
1.150001,Backstepping,2,1,Shin_R,-2.548894,0.620670,-3.920752
1.150001,Backstepping,2,1,Foot_R,-2.582345,0.404457,-3.840000
1.150001,Backstepping,2,1,Head,-2.400000,0.275000,-3.820000
1.154168,Backstepping,2,1,Pelvis,-2.383361,0.785360,-3.820000
1.154168,Backstepping,2,1,Spine,-2.379932,0.945324,-3.820000
1.154168,Backstepping,2,1,Head,-2.392242,1.415099,-3.827723
1.154168,Backstepping,2,1,Shin_L,-2.254428,0.630559,-3.948170
1.154168,Backstepping,2,1,Foot_L,-2.262453,0.407187,-3.841887
1.154168,Backstepping,2,1,Shin_R,-2.548776,0.623751,-3.922480
1.154168,Backstepping,2,1,Foot_R,-2.582345,0.404457,-3.840000
1.154168,Backstepping,2,1,Head,-2.400000,0.275000,-3.820000
1.158335,Backstepping,2,1,Pelvis,-2.383723,0.787531,-3.820000
1.158335,Backstepping,2,1,Spine,-2.380215,0.947492,-3.820000
1.158335,Backstepping,2,1,Head,-2.392807,1.417269,-3.827125
1.158335,Backstepping,2,1,Shin_L,-2.254531,0.633837,-3.949922
1.158335,Backstepping,2,1,Foot_L,-2.262453,0.406730,-3.841442
1.158335,Backstepping,2,1,Shin_R,-2.548663,0.626815,-3.924251
1.158335,Backstepping,2,1,Foot_R,-2.582345,0.404457,-3.840000
1.158335,Backstepping,2,1,Head,-2.400000,0.275000,-3.820000
1.162501,Backstepping,2,1,Pelvis,-2.384084,0.789647,-3.820000
1.162501,Backstepping,2,1,Spine,-2.380504,0.949607,-3.820000
1.162501,Backstepping,2,1,Head,-2.393355,1.419386,-3.826506
1.162501,Backstepping,2,1,Shin_L,-2.254637,0.637146,-3.951756
1.162501,Backstepping,2,1,Foot_L,-2.262453,0.406311,-3.841069
1.162501,Backstepping,2,1,Shin_R,-2.548555,0.629862,-3.926063
1.162501,Backstepping,2,1,Foot_R,-2.582345,0.404457,-3.840000
1.162501,Backstepping,2,1,Head,-2.400000,0.275000,-3.820000
1.166668,Backstepping,2,1,Pelvis,-2.384445,0.791711,-3.820000
1.166668,Backstepping,2,1,Spine,-2.380802,0.951670,-3.820000
1.166668,Backstepping,2,1,Head,-2.393878,1.421451,-3.825875
1.166668,Backstepping,2,1,Shin_L,-2.254749,0.640489,-3.953662
1.166668,Backstepping,2,1,Foot_L,-2.262453,0.405931,-3.840763
1.166668,Backstepping,2,1,Shin_R,-2.548452,0.632891,-3.927916
1.166668,Backstepping,2,1,Foot_R,-2.582345,0.404457,-3.840000
1.166668,Backstepping,2,1,Head,-2.400000,0.275000,-3.820000
1.170835,Backstepping,2,1,Pelvis,-2.384639,0.792893,-3.820000
1.170835,Backstepping,2,1,Spine,-2.380940,0.952850,-3.820000
1.170835,Backstepping,2,1,Head,-2.394219,1.422633,-3.825216
1.170835,Backstepping,2,1,Shin_L,-2.254851,0.640913,-3.952662
1.170835,Backstepping,2,1,Foot_L,-2.262453,0.405592,-3.840520
1.170835,Backstepping,2,1,Shin_R,-2.548298,0.635232,-3.930060
1.170835,Backstepping,2,1,Foot_R,-2.582345,0.404458,-3.840000
1.170835,Backstepping,2,1,Head,-2.400000,0.275000,-3.820000
1.175002,Backstepping,2,1,Pelvis,-2.384834,0.794029,-3.820000
1.175002,Backstepping,2,1,Spine,-2.381079,0.953985,-3.820000
1.175002,Backstepping,2,1,Head,-2.394558,1.423769,-3.824517
1.175002,Backstepping,2,1,Shin_L,-2.254952,0.641359,-3.951746
1.175002,Backstepping,2,1,Foot_L,-2.262453,0.405295,-3.840333
1.175002,Backstepping,2,1,Shin_R,-2.548146,0.637562,-3.932215
1.175002,Backstepping,2,1,Foot_R,-2.582345,0.404457,-3.840000
1.175002,Backstepping,2,1,Head,-2.400000,0.275000,-3.820000
1.179168,Backstepping,2,1,Pelvis,-2.385028,0.795122,-3.820000
1.179168,Backstepping,2,1,Spine,-2.381220,0.955077,-3.820000
1.179168,Backstepping,2,1,Head,-2.394889,1.424863,-3.823787
1.179168,Backstepping,2,1,Shin_L,-2.255053,0.641830,-3.950914
1.179168,Backstepping,2,1,Foot_L,-2.262453,0.405041,-3.840196
1.179168,Backstepping,2,1,Shin_R,-2.547993,0.639882,-3.934379
1.179168,Backstepping,2,1,Foot_R,-2.582345,0.404457,-3.840000
1.179168,Backstepping,2,1,Head,-2.400000,0.275000,-3.820000
1.183335,Backstepping,2,1,Pelvis,-2.385222,0.796179,-3.820000
1.183335,Backstepping,2,1,Spine,-2.381367,0.956133,-3.820000
1.183335,Backstepping,2,1,Head,-2.395208,1.425919,-3.823036
1.183335,Backstepping,2,1,Shin_L,-2.255155,0.642325,-3.950159
1.183335,Backstepping,2,1,Foot_L,-2.262453,0.404832,-3.840102
1.183335,Backstepping,2,1,Shin_R,-2.547842,0.642196,-3.936547
1.183335,Backstepping,2,1,Foot_R,-2.582345,0.404457,-3.840000
1.183335,Backstepping,2,1,Head,-2.400000,0.275000,-3.820000
1.187502,Backstepping,2,1,Pelvis,-2.385417,0.797205,-3.820000
1.187502,Backstepping,2,1,Spine,-2.381521,0.957157,-3.820000
1.187502,Backstepping,2,1,Head,-2.395509,1.426943,-3.822272
1.187502,Backstepping,2,1,Shin_L,-2.255256,0.642847,-3.949475
1.187502,Backstepping,2,1,Foot_L,-2.262453,0.404668,-3.840044
1.187502,Backstepping,2,1,Shin_R,-2.547693,0.644505,-3.938715
1.187502,Backstepping,2,1,Foot_R,-2.582345,0.404457,-3.840000
1.187502,Backstepping,2,1,Head,-2.400000,0.275000,-3.820000
1.191668,Backstepping,2,1,Pelvis,-2.385611,0.798205,-3.820000
1.191668,Backstepping,2,1,Spine,-2.381683,0.958157,-3.820000
1.191668,Backstepping,2,1,Head,-2.395787,1.427942,-3.821506
1.191668,Backstepping,2,1,Shin_L,-2.255358,0.643397,-3.948852
1.191668,Backstepping,2,1,Foot_L,-2.262453,0.404551,-3.840013
1.191668,Backstepping,2,1,Shin_R,-2.547545,0.646810,-3.940876
1.191668,Backstepping,2,1,Foot_R,-2.582345,0.404457,-3.840000
1.191668,Backstepping,2,1,Head,-2.400000,0.275000,-3.820000
1.195835,Backstepping,2,1,Pelvis,-2.385806,0.799188,-3.820000
1.195835,Backstepping,2,1,Spine,-2.381855,0.959139,-3.820000
1.195835,Backstepping,2,1,Head,-2.396038,1.428924,-3.820745
1.195835,Backstepping,2,1,Shin_L,-2.255461,0.643976,-3.948280
1.195835,Backstepping,2,1,Foot_L,-2.262453,0.404481,-3.840002
1.195835,Backstepping,2,1,Shin_R,-2.547400,0.649115,-3.943027
1.195835,Backstepping,2,1,Foot_R,-2.582345,0.404457,-3.840000
1.195835,Backstepping,2,1,Head,-2.400000,0.275000,-3.820000
0.000000,ClearingCan,-1,1,Pelvis,1.279937,0.800678,-3.685263
0.000000,ClearingCan,-1,1,Spine,1.279956,0.960625,-3.689423
0.000000,ClearingCan,-1,1,Head,1.279937,1.430605,-3.685193
0.000000,ClearingCan,-1,1,Shin_L,1.227350,0.612626,-3.828538
0.000000,ClearingCan,-1,1,Foot_L,1.260643,0.404356,-3.834903
0.000000,ClearingCan,-1,1,Shin_R,1.262129,0.614726,-3.532421
0.000000,ClearingCan,-1,1,Foot_R,1.259133,0.404457,-3.515014
0.000000,ClearingCan,-1,1,Head,1.279994,0.275000,-3.697263
0.004167,ClearingCan,0,0.5,Pelvis,1.279938,0.795840,-3.685264
0.004167,ClearingCan,0,0.5,Spine,1.279957,0.955786,-3.689423
0.004167,ClearingCan,0,0.5,Head,1.279937,1.425767,-3.685195
0.004167,ClearingCan,0,0.5,Shin_L,1.216328,0.610692,-3.828581
0.004167,ClearingCan,0,0.5,Foot_L,1.260645,0.404481,-3.834904
0.004167,ClearingCan,0,0.5,Shin_R,1.235611,0.613415,-3.532631
0.004167,ClearingCan,0,0.5,Foot_R,1.259133,0.404457,-3.515014
0.004167,ClearingCan,0,0.5,Head,1.279994,0.275000,-3.697264
0.008333,ClearingCan,0,0.5,Pelvis,1.279941,0.795842,-3.685272
0.008333,ClearingCan,0,0.5,Spine,1.279961,0.955788,-3.689426
0.008333,ClearingCan,0,0.5,Head,1.279940,1.425769,-3.685209
0.008333,ClearingCan,0,0.5,Shin_L,1.216148,0.610754,-3.828592
0.008333,ClearingCan,0,0.5,Foot_L,1.260657,0.404551,-3.834911
0.008333,ClearingCan,0,0.5,Shin_R,1.235501,0.613432,-3.532638
0.008333,ClearingCan,0,0.5,Foot_R,1.259133,0.404457,-3.515014
0.008333,ClearingCan,0,0.5,Head,1.279999,0.275000,-3.697274
0.012500,ClearingCan,0,0.5,Pelvis,1.279952,0.795843,-3.685293
0.012500,ClearingCan,0,0.5,Spine,1.279972,0.955790,-3.689435
0.012500,ClearingCan,0,0.5,Head,1.279947,1.425771,-3.685245
0.012500,ClearingCan,0,0.5,Shin_L,1.215821,0.610872,-3.828619
0.012500,ClearingCan,0,0.5,Foot_L,1.260689,0.404668,-3.834927
0.012500,ClearingCan,0,0.5,Shin_R,1.235211,0.613477,-3.532659
0.012500,ClearingCan,0,0.5,Foot_R,1.259133,0.404457,-3.515014
0.012500,ClearingCan,0,0.5,Head,1.280012,0.275000,-3.697299
0.016667,ClearingCan,0,0.5,Pelvis,1.279972,0.795842,-3.685334
0.016667,ClearingCan,0,0.5,Spine,1.279994,0.955789,-3.689453
0.016667,ClearingCan,0,0.5,Head,1.279957,1.425771,-3.685314
0.016667,ClearingCan,0,0.5,Shin_L,1.215342,0.611052,-3.828672
0.016667,ClearingCan,0,0.5,Foot_L,1.260751,0.404832,-3.834960
0.016667,ClearingCan,0,0.5,Shin_R,1.234670,0.613558,-3.532697
0.016667,ClearingCan,0,0.5,Foot_R,1.259133,0.404457,-3.515014
0.016667,ClearingCan,0,0.5,Head,1.280036,0.275000,-3.697348
0.020833,ClearingCan,0,0.5,Pelvis,1.280006,0.795835,-3.685399
0.020833,ClearingCan,0,0.5,Spine,1.280030,0.955783,-3.689482
0.020833,ClearingCan,0,0.5,Head,1.279970,1.425765,-3.685423
0.020833,ClearingCan,0,0.5,Shin_L,1.214718,0.611294,-3.828758
0.020833,ClearingCan,0,0.5,Foot_L,1.260850,0.405041,-3.835012
0.020833,ClearingCan,0,0.5,Shin_R,1.233821,0.613680,-3.532760
0.020833,ClearingCan,0,0.5,Foot_R,1.259133,0.404457,-3.515014
0.020833,ClearingCan,0,0.5,Head,1.280077,0.275000,-3.697427
0.025000,ClearingCan,0,0.5,Pelvis,1.280055,0.795816,-3.685494
0.025000,ClearingCan,0,0.5,Spine,1.280082,0.955765,-3.689527
0.025000,ClearingCan,0,0.5,Head,1.279983,1.425748,-3.685581
0.025000,ClearingCan,0,0.5,Shin_L,1.213966,0.611595,-3.828885
0.025000,ClearingCan,0,0.5,Foot_L,1.260995,0.405295,-3.835088
0.025000,ClearingCan,0,0.5,Shin_R,1.232630,0.613848,-3.532854
0.025000,ClearingCan,0,0.5,Foot_R,1.259133,0.404457,-3.515014
0.025000,ClearingCan,0,0.5,Head,1.280136,0.275000,-3.697545
0.029167,ClearingCan,0,0.5,Pelvis,1.280123,0.795779,-3.685625
0.029167,ClearingCan,0,0.5,Spine,1.280154,0.955730,-3.689591
0.029167,ClearingCan,0,0.5,Head,1.279996,1.425714,-3.685793
0.029167,ClearingCan,0,0.5,Shin_L,1.213113,0.611947,-3.829062
0.029167,ClearingCan,0,0.5,Foot_L,1.261192,0.405592,-3.835191
0.029167,ClearingCan,0,0.5,Shin_R,1.231078,0.614061,-3.532984
0.029167,ClearingCan,0,0.5,Foot_R,1.259133,0.404457,-3.515014
0.029167,ClearingCan,0,0.5,Head,1.280218,0.275000,-3.697707
0.033333,ClearingCan,0,0.5,Pelvis,1.280212,0.795717,-3.685795
0.033333,ClearingCan,0,0.5,Spine,1.280248,0.955670,-3.689677
0.033333,ClearingCan,0,0.5,Head,1.280006,1.425656,-3.686063
0.033333,ClearingCan,0,0.5,Shin_L,1.212190,0.612339,-3.829297
0.033333,ClearingCan,0,0.5,Foot_L,1.261449,0.405931,-3.835326
0.033333,ClearingCan,0,0.5,Shin_R,1.229170,0.614317,-3.533158
0.033333,ClearingCan,0,0.5,Foot_R,1.259133,0.404457,-3.515014
0.033333,ClearingCan,0,0.5,Head,1.280326,0.275000,-3.697920
0.037500,ClearingCan,0,0.5,Pelvis,1.280324,0.795583,-3.685999
0.037500,ClearingCan,0,0.5,Spine,1.280367,0.955539,-3.689781
0.037500,ClearingCan,0,0.5,Head,1.280011,1.425526,-3.686388
0.037500,ClearingCan,0,0.5,Shin_L,1.211208,0.612726,-3.829592
0.037500,ClearingCan,0,0.5,Foot_L,1.261772,0.406311,-3.835495
0.037500,ClearingCan,0,0.5,Shin_R,1.227325,0.614480,-3.533365
0.037500,ClearingCan,0,0.5,Foot_R,1.259133,0.404457,-3.515014
0.037500,ClearingCan,0,0.5,Head,1.280462,0.275000,-3.698189
0.041667,ClearingCan,0,0.5,Pelvis,1.280461,0.795384,-3.686245
0.041667,ClearingCan,0,0.5,Spine,1.280511,0.955342,-3.689909
0.041667,ClearingCan,0,0.5,Head,1.280009,1.425331,-3.686771
0.041667,ClearingCan,0,0.5,Shin_L,1.210214,0.613104,-3.829958
0.041667,ClearingCan,0,0.5,Foot_L,1.262166,0.406730,-3.835702
0.041667,ClearingCan,0,0.5,Shin_R,1.225375,0.614593,-3.533615
0.041667,ClearingCan,0,0.5,Foot_R,1.259133,0.404457,-3.515014
0.041667,ClearingCan,0,0.5,Head,1.280629,0.275000,-3.698519
0.045833,ClearingCan,0,0.5,Pelvis,1.280624,0.795106,-3.686532
0.045833,ClearingCan,0,0.5,Spine,1.280683,0.955067,-3.690063
0.045833,ClearingCan,0,0.5,Head,1.279997,1.425057,-3.687213
0.045833,ClearingCan,0,0.5,Shin_L,1.209244,0.613451,-3.830400
0.045833,ClearingCan,0,0.5,Foot_L,1.262637,0.407187,-3.835948
0.045833,ClearingCan,0,0.5,Shin_R,1.223377,0.614631,-3.533913
0.045833,ClearingCan,0,0.5,Foot_R,1.259133,0.404457,-3.515014
0.045833,ClearingCan,0,0.5,Head,1.280829,0.275000,-3.698915
0.050000,ClearingCan,0,0.5,Pelvis,1.280815,0.794735,-3.686863
0.050000,ClearingCan,0,0.5,Spine,1.280882,0.954699,-3.690245
0.050000,ClearingCan,0,0.5,Head,1.279974,1.424691,-3.687714
0.050000,ClearingCan,0,0.5,Shin_L,1.208332,0.613744,-3.830923
0.050000,ClearingCan,0,0.5,Foot_L,1.263188,0.407679,-3.836237
0.050000,ClearingCan,0,0.5,Shin_R,1.221381,0.614567,-3.534260
0.050000,ClearingCan,0,0.5,Foot_R,1.259133,0.404457,-3.515014
0.050000,ClearingCan,0,0.5,Head,1.281063,0.275000,-3.699378
0.054167,ClearingCan,0,0.5,Pelvis,1.281034,0.794258,-3.687236
0.054167,ClearingCan,0,0.5,Spine,1.281110,0.954226,-3.690454
0.054167,ClearingCan,0,0.5,Head,1.279939,1.424219,-3.688272
0.054167,ClearingCan,0,0.5,Shin_L,1.207512,0.613961,-3.831532
0.054167,ClearingCan,0,0.5,Foot_L,1.263823,0.408204,-3.836571
0.054167,ClearingCan,0,0.5,Shin_R,1.219436,0.614376,-3.534657
0.054167,ClearingCan,0,0.5,Foot_R,1.259133,0.404457,-3.515014
0.054167,ClearingCan,0,0.5,Head,1.281334,0.275000,-3.699912
0.058333,ClearingCan,0,0.5,Pelvis,1.281280,0.793665,-3.687652
0.058333,ClearingCan,0,0.5,Spine,1.281365,0.953636,-3.690692
0.058333,ClearingCan,0,0.5,Head,1.279894,1.423630,-3.688888
0.058333,ClearingCan,0,0.5,Shin_L,1.206814,0.614078,-3.832229
0.058333,ClearingCan,0,0.5,Foot_L,1.264546,0.408761,-3.836950
0.058333,ClearingCan,0,0.5,Shin_R,1.217583,0.614031,-3.535104
0.058333,ClearingCan,0,0.5,Foot_R,1.259133,0.404457,-3.515014
0.058333,ClearingCan,0,0.5,Head,1.281641,0.275000,-3.700518
0.062500,ClearingCan,0,0.5,Pelvis,1.281554,0.792943,-3.688110
0.062500,ClearingCan,0,0.5,Spine,1.281648,0.952917,-3.690959
0.062500,ClearingCan,0,0.5,Head,1.279841,1.422912,-3.689561
0.062500,ClearingCan,0,0.5,Shin_L,1.206267,0.614074,-3.833017
0.062500,ClearingCan,0,0.5,Foot_L,1.265361,0.409346,-3.837377
0.062500,ClearingCan,0,0.5,Shin_R,1.215861,0.613510,-3.535599
0.062500,ClearingCan,0,0.5,Foot_R,1.259133,0.404457,-3.515014
0.062500,ClearingCan,0,0.5,Head,1.281984,0.275000,-3.701198
0.066667,ClearingCan,0,0.5,Pelvis,1.281854,0.792083,-3.688608
0.066667,ClearingCan,0,0.5,Spine,1.281956,0.952061,-3.691252
0.066667,ClearingCan,0,0.5,Head,1.279783,1.422055,-3.690292
0.066667,ClearingCan,0,0.5,Shin_L,1.205899,0.613927,-3.833896
0.066667,ClearingCan,0,0.5,Foot_L,1.266269,0.409957,-3.837853
0.066667,ClearingCan,0,0.5,Shin_R,1.214304,0.612788,-3.536139
0.066667,ClearingCan,0,0.5,Foot_R,1.259133,0.404457,-3.515014
0.066667,ClearingCan,0,0.5,Head,1.282365,0.275000,-3.701951
0.070833,ClearingCan,0,0.5,Pelvis,1.282182,0.791279,-3.689185
0.070833,ClearingCan,0,0.5,Spine,1.282289,0.951261,-3.691612
0.070833,ClearingCan,0,0.5,Head,1.279722,1.421253,-3.691121
0.070833,ClearingCan,0,0.5,Shin_L,1.205132,0.614052,-3.834900
0.070833,ClearingCan,0,0.5,Foot_L,1.267273,0.410592,-3.838379
0.070833,ClearingCan,0,0.5,Shin_R,1.212161,0.612272,-3.536803
0.070833,ClearingCan,0,0.5,Foot_R,1.259133,0.404457,-3.515014
0.070833,ClearingCan,0,0.5,Head,1.282783,0.275000,-3.702776
0.075000,ClearingCan,0,0.5,Pelvis,1.282534,0.790379,-3.689809
0.075000,ClearingCan,0,0.5,Spine,1.282645,0.950363,-3.692005
0.075000,ClearingCan,0,0.5,Head,1.279661,1.420354,-3.692018
0.075000,ClearingCan,0,0.5,Shin_L,1.204447,0.614118,-3.836009
0.075000,ClearingCan,0,0.5,Foot_L,1.268374,0.411248,-3.838956
0.075000,ClearingCan,0,0.5,Shin_R,1.210071,0.611632,-3.537534
0.075000,ClearingCan,0,0.5,Foot_R,1.259133,0.404457,-3.515014
0.075000,ClearingCan,0,0.5,Head,1.283236,0.275000,-3.703671
0.079167,ClearingCan,0,0.5,Pelvis,1.282908,0.789381,-3.690478
0.079167,ClearingCan,0,0.5,Spine,1.283021,0.949369,-3.692434
0.079167,ClearingCan,0,0.5,Head,1.279602,1.419356,-3.692978
0.079167,ClearingCan,0,0.5,Shin_L,1.203857,0.614118,-3.837222
0.079167,ClearingCan,0,0.5,Foot_L,1.269572,0.411921,-3.839585
0.079167,ClearingCan,0,0.5,Shin_R,1.208054,0.610863,-3.538329
0.079167,ClearingCan,0,0.5,Foot_R,1.259133,0.404457,-3.515014
0.079167,ClearingCan,0,0.5,Head,1.283723,0.275000,-3.704635
0.083333,ClearingCan,0,0.5,Pelvis,1.283303,0.788287,-3.691189
0.083333,ClearingCan,0,0.5,Spine,1.283414,0.948278,-3.692898
0.083333,ClearingCan,0,0.5,Head,1.279550,1.418261,-3.693996
0.083333,ClearingCan,0,0.5,Shin_L,1.203371,0.614044,-3.838538
0.083333,ClearingCan,0,0.5,Foot_L,1.270870,0.412610,-3.840266
0.083333,ClearingCan,0,0.5,Shin_R,1.206129,0.609958,-3.539184
0.083333,ClearingCan,0,0.5,Foot_R,1.259133,0.404457,-3.515014
0.083333,ClearingCan,0,0.5,Head,1.284243,0.275000,-3.705662
0.087500,ClearingCan,0,0.5,Pelvis,1.283715,0.787099,-3.691940
0.087500,ClearingCan,0,0.5,Spine,1.283821,0.947092,-3.693396
0.087500,ClearingCan,0,0.5,Head,1.279511,1.417069,-3.695065
0.087500,ClearingCan,0,0.5,Shin_L,1.202997,0.613890,-3.839955
0.087500,ClearingCan,0,0.5,Foot_L,1.272267,0.413311,-3.840998
0.087500,ClearingCan,0,0.5,Shin_R,1.204313,0.608915,-3.540095
0.087500,ClearingCan,0,0.5,Foot_R,1.259133,0.404457,-3.515014
0.087500,ClearingCan,0,0.5,Head,1.284793,0.275000,-3.706749
0.091667,ClearingCan,0,0.5,Pelvis,1.284143,0.785819,-3.692728
0.091667,ClearingCan,0,0.5,Spine,1.284240,0.945814,-3.693929
0.091667,ClearingCan,0,0.5,Head,1.279491,1.415785,-3.696175
0.091667,ClearingCan,0,0.5,Shin_L,1.202742,0.613650,-3.841470
0.091667,ClearingCan,0,0.5,Foot_L,1.273764,0.414021,-3.841782
0.091667,ClearingCan,0,0.5,Shin_R,1.202624,0.607734,-3.541055
0.091667,ClearingCan,0,0.5,Foot_R,1.259133,0.404457,-3.515014
0.091667,ClearingCan,0,0.5,Head,1.285371,0.275000,-3.707892
0.095833,ClearingCan,0,0.5,Pelvis,1.284582,0.784451,-3.693548
0.095833,ClearingCan,0,0.5,Spine,1.284667,0.944448,-3.694499
0.095833,ClearingCan,0,0.5,Head,1.279494,1.414411,-3.697312
0.095833,ClearingCan,0,0.5,Shin_L,1.202608,0.613319,-3.843079
0.095833,ClearingCan,0,0.5,Foot_L,1.275359,0.414738,-3.842618
0.095833,ClearingCan,0,0.5,Shin_R,1.201075,0.606415,-3.542058
0.095833,ClearingCan,0,0.5,Foot_R,1.259133,0.404457,-3.515014
0.095833,ClearingCan,0,0.5,Head,1.285974,0.275000,-3.709084
0.100000,ClearingCan,0,0.5,Pelvis,1.285031,0.783001,-3.694396
0.100000,ClearingCan,0,0.5,Spine,1.285100,0.942999,-3.695105
0.100000,ClearingCan,0,0.5,Head,1.279528,1.412954,-3.698462
0.100000,ClearingCan,0,0.5,Shin_L,1.202598,0.612891,-3.844777
0.100000,ClearingCan,0,0.5,Foot_L,1.277052,0.415457,-3.843506
0.100000,ClearingCan,0,0.5,Shin_R,1.199683,0.604962,-3.543093
0.100000,ClearingCan,0,0.5,Foot_R,1.259133,0.404457,-3.515014
0.100000,ClearingCan,0,0.5,Head,1.286599,0.275000,-3.710319
0.104167,ClearingCan,0,0.5,Pelvis,1.285515,0.782523,-3.695546
0.104167,ClearingCan,0,0.5,Spine,1.285566,0.942522,-3.696022
0.104167,ClearingCan,0,0.5,Head,1.279628,1.412468,-3.699896
0.104167,ClearingCan,0,0.5,Shin_L,1.203240,0.613166,-3.846626
0.104167,ClearingCan,0,0.5,Foot_L,1.278841,0.416177,-3.844444
0.104167,ClearingCan,0,0.5,Shin_R,1.198503,0.604429,-3.544343
0.104167,ClearingCan,0,0.5,Foot_R,1.259133,0.404457,-3.515014
0.104167,ClearingCan,0,0.5,Head,1.287242,0.275000,-3.711591
0.108333,ClearingCan,0,0.5,Pelvis,1.286011,0.782127,-3.696755
0.108333,ClearingCan,0,0.5,Spine,1.286040,0.942127,-3.697007
0.108333,ClearingCan,0,0.5,Head,1.279779,1.412065,-3.701372
0.108333,ClearingCan,0,0.5,Shin_L,1.204068,0.613461,-3.848551
0.108333,ClearingCan,0,0.5,Foot_L,1.280726,0.416893,-3.845433
0.108333,ClearingCan,0,0.5,Shin_R,1.197497,0.603927,-3.545636
0.108333,ClearingCan,0,0.5,Foot_R,1.259133,0.404457,-3.515014
0.108333,ClearingCan,0,0.5,Head,1.287901,0.275000,-3.712892
0.112500,ClearingCan,0,0.5,Pelvis,1.286517,0.781819,-3.698016
0.112500,ClearingCan,0,0.5,Spine,1.286523,0.941819,-3.698058
0.112500,ClearingCan,0,0.5,Head,1.279987,1.411749,-3.702877
0.112500,ClearingCan,0,0.5,Shin_L,1.205075,0.613772,-3.850541
0.112500,ClearingCan,0,0.5,Foot_L,1.282704,0.417603,-3.846470
0.112500,ClearingCan,0,0.5,Shin_R,1.196671,0.603462,-3.546960
0.112500,ClearingCan,0,0.5,Foot_R,1.259133,0.404457,-3.515014
0.112500,ClearingCan,0,0.5,Head,1.288570,0.275000,-3.714216
0.116667,ClearingCan,0,0.5,Pelvis,1.287032,0.781603,-3.699324
0.116667,ClearingCan,0,0.5,Spine,1.287011,0.941603,-3.699171
0.116667,ClearingCan,0,0.5,Head,1.280253,1.411525,-3.704397
0.116667,ClearingCan,0,0.5,Shin_L,1.206258,0.614097,-3.852586
0.116667,ClearingCan,0,0.5,Foot_L,1.284774,0.418304,-3.847555
0.116667,ClearingCan,0,0.5,Shin_R,1.196035,0.603041,-3.548305
0.116667,ClearingCan,0,0.5,Foot_R,1.259133,0.404457,-3.515014
0.116667,ClearingCan,0,0.5,Head,1.289247,0.275000,-3.715554
0.120833,ClearingCan,0,0.5,Pelvis,1.287553,0.781481,-3.700670
0.120833,ClearingCan,0,0.5,Spine,1.287505,0.941481,-3.700341
0.120833,ClearingCan,0,0.5,Head,1.280580,1.411397,-3.705918
0.120833,ClearingCan,0,0.5,Shin_L,1.207610,0.614434,-3.854673
0.120833,ClearingCan,0,0.5,Foot_L,1.286932,0.418993,-3.848686
0.120833,ClearingCan,0,0.5,Shin_R,1.195595,0.602669,-3.549655
0.120833,ClearingCan,0,0.5,Foot_R,1.259133,0.404457,-3.515014
0.120833,ClearingCan,0,0.5,Head,1.289927,0.275000,-3.716898
0.125000,ClearingCan,0,0.5,Pelvis,1.288079,0.781456,-3.702050
0.125000,ClearingCan,0,0.5,Spine,1.288004,0.941456,-3.701565
0.125000,ClearingCan,0,0.5,Head,1.280970,1.411366,-3.707425
0.125000,ClearingCan,0,0.5,Shin_L,1.209125,0.614779,-3.856795
0.125000,ClearingCan,0,0.5,Foot_L,1.289176,0.419667,-3.849863
0.125000,ClearingCan,0,0.5,Shin_R,1.195357,0.602352,-3.551001
0.125000,ClearingCan,0,0.5,Foot_R,1.259133,0.404457,-3.515014
0.125000,ClearingCan,0,0.5,Head,1.290607,0.275000,-3.718243
0.129167,ClearingCan,0,0.5,Pelvis,1.288611,0.781528,-3.703462
0.129167,ClearingCan,0,0.5,Spine,1.288509,0.941527,-3.702847
0.129167,ClearingCan,0,0.5,Head,1.281425,1.411434,-3.708911
0.129167,ClearingCan,0,0.5,Shin_L,1.210800,0.615130,-3.858945
0.129167,ClearingCan,0,0.5,Foot_L,1.291504,0.420322,-3.851084
0.129167,ClearingCan,0,0.5,Shin_R,1.195326,0.602095,-3.552336
0.129167,ClearingCan,0,0.5,Foot_R,1.259133,0.404457,-3.515014
0.129167,ClearingCan,0,0.5,Head,1.291288,0.275000,-3.719587
0.133333,ClearingCan,0,0.5,Pelvis,1.289149,0.781696,-3.704906
0.133333,ClearingCan,0,0.5,Spine,1.289023,0.941695,-3.704189
0.133333,ClearingCan,0,0.5,Head,1.281946,1.411600,-3.710368
0.133333,ClearingCan,0,0.5,Shin_L,1.212632,0.615487,-3.861122
0.133333,ClearingCan,0,0.5,Foot_L,1.293911,0.420957,-3.852345
0.133333,ClearingCan,0,0.5,Shin_R,1.195507,0.601900,-3.553653
0.133333,ClearingCan,0,0.5,Foot_R,1.259133,0.404457,-3.515014
0.133333,ClearingCan,0,0.5,Head,1.291968,0.275000,-3.720932
0.137500,ClearingCan,0,0.5,Pelvis,1.289736,0.782642,-3.706605
0.137500,ClearingCan,0,0.5,Spine,1.289590,0.942640,-3.705820
0.137500,ClearingCan,0,0.5,Head,1.282582,1.412547,-3.711997
0.137500,ClearingCan,0,0.5,Shin_L,1.215359,0.616158,-3.863295
0.137500,ClearingCan,0,0.5,Foot_L,1.296395,0.421568,-3.853648
0.137500,ClearingCan,0,0.5,Shin_R,1.197032,0.602147,-3.554853
0.137500,ClearingCan,0,0.5,Foot_R,1.259133,0.404457,-3.515014
0.137500,ClearingCan,0,0.5,Head,1.292648,0.275000,-3.722277
0.141667,ClearingCan,0,0.5,Pelvis,1.290338,0.783726,-3.708348
0.141667,ClearingCan,0,0.5,Spine,1.290179,0.943723,-3.707534
0.141667,ClearingCan,0,0.5,Head,1.283303,1.413634,-3.713576
0.141667,ClearingCan,0,0.5,Shin_L,1.218281,0.616852,-3.865472
0.141667,ClearingCan,0,0.5,Foot_L,1.298951,0.422154,-3.854988
0.141667,ClearingCan,0,0.5,Shin_R,1.198923,0.602500,-3.555984
0.141667,ClearingCan,0,0.5,Foot_R,1.259133,0.404457,-3.515014
0.141667,ClearingCan,0,0.5,Head,1.293329,0.275000,-3.723622
0.145833,ClearingCan,0,0.5,Pelvis,1.290956,0.784937,-3.710132
0.145833,ClearingCan,0,0.5,Spine,1.290789,0.944935,-3.709322
0.145833,ClearingCan,0,0.5,Head,1.284106,1.414852,-3.715113
0.145833,ClearingCan,0,0.5,Shin_L,1.221395,0.617566,-3.867645
0.145833,ClearingCan,0,0.5,Foot_L,1.301577,0.422710,-3.856364
0.145833,ClearingCan,0,0.5,Shin_R,1.201192,0.602958,-3.557028
0.145833,ClearingCan,0,0.5,Foot_R,1.259133,0.404457,-3.515014
0.145833,ClearingCan,0,0.5,Head,1.294009,0.275000,-3.724967
0.150000,ClearingCan,0,0.5,Pelvis,1.291590,0.786267,-3.711953
0.150000,ClearingCan,0,0.5,Spine,1.291422,0.946265,-3.711175
0.150000,ClearingCan,0,0.5,Head,1.284991,1.416189,-3.716619
0.150000,ClearingCan,0,0.5,Shin_L,1.224700,0.618298,-3.869804
0.150000,ClearingCan,0,0.5,Foot_L,1.304267,0.423235,-3.857775
0.150000,ClearingCan,0,0.5,Shin_R,1.203860,0.603517,-3.557970
0.150000,ClearingCan,0,0.5,Foot_R,1.259133,0.404457,-3.515014
0.150000,ClearingCan,0,0.5,Head,1.294690,0.275000,-3.726312
0.154167,ClearingCan,0,0.5,Pelvis,1.292240,0.787701,-3.713806
0.154167,ClearingCan,0,0.5,Spine,1.292076,0.947700,-3.713081
0.154167,ClearingCan,0,0.5,Head,1.285950,1.417633,-3.718108
0.154167,ClearingCan,0,0.5,Shin_L,1.228192,0.619046,-3.871943
0.154167,ClearingCan,0,0.5,Foot_L,1.307017,0.423727,-3.859217
0.154167,ClearingCan,0,0.5,Shin_R,1.206956,0.604173,-3.558789
0.154167,ClearingCan,0,0.5,Foot_R,1.259133,0.404457,-3.515014
0.154167,ClearingCan,0,0.5,Head,1.295370,0.275000,-3.727656
0.158333,ClearingCan,0,0.5,Pelvis,1.292907,0.789228,-3.715687
0.158333,ClearingCan,0,0.5,Spine,1.292751,0.949227,-3.715029
0.158333,ClearingCan,0,0.5,Head,1.286981,1.419169,-3.719596
0.158333,ClearingCan,0,0.5,Shin_L,1.231869,0.619810,-3.874051
0.158333,ClearingCan,0,0.5,Foot_L,1.309824,0.424184,-3.860689
0.158333,ClearingCan,0,0.5,Shin_R,1.210523,0.604923,-3.559460
0.158333,ClearingCan,0,0.5,Foot_R,1.259133,0.404457,-3.515014
0.158333,ClearingCan,0,0.5,Head,1.296050,0.275000,-3.729001
0.162500,ClearingCan,0,0.5,Pelvis,1.293589,0.790835,-3.717591
0.162500,ClearingCan,0,0.5,Spine,1.293445,0.950833,-3.717004
0.162500,ClearingCan,0,0.5,Head,1.288079,1.420785,-3.721099
0.162500,ClearingCan,0,0.5,Shin_L,1.235730,0.620586,-3.876119
0.162500,ClearingCan,0,0.5,Foot_L,1.312682,0.424603,-3.862187
0.162500,ClearingCan,0,0.5,Shin_R,1.214626,0.605765,-3.559951
0.162500,ClearingCan,0,0.5,Foot_R,1.259133,0.404457,-3.515014
0.162500,ClearingCan,0,0.5,Head,1.296731,0.275000,-3.730346
0.166667,ClearingCan,0,0.5,Pelvis,1.294287,0.792506,-3.719513
0.166667,ClearingCan,0,0.5,Spine,1.294154,0.952505,-3.718994
0.166667,ClearingCan,0,0.5,Head,1.289238,1.422465,-3.722636
0.166667,ClearingCan,0,0.5,Shin_L,1.239774,0.621374,-3.878139
0.166667,ClearingCan,0,0.5,Foot_L,1.315586,0.424984,-3.863710
0.166667,ClearingCan,0,0.5,Shin_R,1.219378,0.606698,-3.560216
0.166667,ClearingCan,0,0.5,Foot_R,1.259133,0.404457,-3.515014
0.166667,ClearingCan,0,0.5,Head,1.297411,0.275000,-3.731691
0.170833,ClearingCan,0,0.5,Pelvis,1.294930,0.793417,-3.721188
0.170833,ClearingCan,0,0.5,Spine,1.294808,0.953416,-3.720730
0.170833,ClearingCan,0,0.5,Head,1.290400,1.423384,-3.723943
0.170833,ClearingCan,0,0.5,Shin_L,1.242989,0.621790,-3.880234
0.170833,ClearingCan,0,0.5,Foot_L,1.318533,0.425323,-3.865255
0.170833,ClearingCan,0,0.5,Shin_R,1.222572,0.607199,-3.560667
0.170833,ClearingCan,0,0.5,Foot_R,1.259133,0.404457,-3.515014
0.170833,ClearingCan,0,0.5,Head,1.298092,0.275000,-3.733036
0.175000,ClearingCan,0,0.5,Pelvis,1.295581,0.794352,-3.722869
0.175000,ClearingCan,0,0.5,Spine,1.295470,0.954352,-3.722469
0.175000,ClearingCan,0,0.5,Head,1.291632,1.424327,-3.725259
0.175000,ClearingCan,0,0.5,Shin_L,1.246319,0.622196,-3.882299
0.175000,ClearingCan,0,0.5,Foot_L,1.321516,0.425620,-3.866819
0.175000,ClearingCan,0,0.5,Shin_R,1.226215,0.607760,-3.560942
0.175000,ClearingCan,0,0.5,Foot_R,1.259133,0.404457,-3.515014
0.175000,ClearingCan,0,0.5,Head,1.298772,0.275000,-3.734381
0.179167,ClearingCan,0,0.5,Pelvis,1.296240,0.795305,-3.724554
0.179167,ClearingCan,0,0.5,Spine,1.296141,0.955305,-3.724211
0.179167,ClearingCan,0,0.5,Head,1.292919,1.425288,-3.726577
0.179167,ClearingCan,0,0.5,Shin_L,1.249756,0.622590,-3.884330
0.179167,ClearingCan,0,0.5,Foot_L,1.324531,0.425873,-3.868400
0.179167,ClearingCan,0,0.5,Shin_R,1.230467,0.608394,-3.560984
0.179167,ClearingCan,0,0.5,Foot_R,1.259133,0.404457,-3.515014
0.179167,ClearingCan,0,0.5,Head,1.299452,0.275000,-3.735725
0.183333,ClearingCan,0,0.5,Pelvis,1.296906,0.796270,-3.726241
0.183333,ClearingCan,0,0.5,Spine,1.296821,0.956270,-3.725957
0.183333,ClearingCan,0,0.5,Head,1.294246,1.426259,-3.727891
0.183333,ClearingCan,0,0.5,Shin_L,1.253291,0.622968,-3.886324
0.183333,ClearingCan,0,0.5,Foot_L,1.327573,0.426082,-3.869994
0.183333,ClearingCan,0,0.5,Shin_R,1.235659,0.609124,-3.560679
0.183333,ClearingCan,0,0.5,Foot_R,1.259133,0.404457,-3.515014
0.183333,ClearingCan,0,0.5,Head,1.300133,0.275000,-3.737070
0.187500,ClearingCan,0,0.5,Pelvis,1.297578,0.797241,-3.727928
0.187500,ClearingCan,0,0.5,Spine,1.297509,0.957241,-3.727706
0.187500,ClearingCan,0,0.5,Head,1.295596,1.427235,-3.729194
0.187500,ClearingCan,0,0.5,Shin_L,1.256916,0.623328,-3.888279
0.187500,ClearingCan,0,0.5,Foot_L,1.330636,0.426246,-3.871600
0.187500,ClearingCan,0,0.5,Shin_R,1.242706,0.610019,-3.559730
0.187500,ClearingCan,0,0.5,Foot_R,1.259133,0.404457,-3.515014
0.187500,ClearingCan,0,0.5,Head,1.300813,0.275000,-3.738415
0.191667,ClearingCan,0,0.5,Pelvis,1.298256,0.797824,-3.729615
0.191667,ClearingCan,0,0.5,Spine,1.298207,0.957824,-3.729460
0.191667,ClearingCan,0,0.5,Head,1.296953,1.427821,-3.730481
0.191667,ClearingCan,0,0.5,Shin_L,1.260144,0.623477,-3.890344
0.191667,ClearingCan,0,0.5,Foot_L,1.333714,0.426363,-3.873214
0.191667,ClearingCan,0,0.5,Shin_R,1.251874,0.610915,-3.557998
0.191667,ClearingCan,0,0.5,Foot_R,1.259133,0.404457,-3.515014
0.191667,ClearingCan,0,0.5,Head,1.301493,0.275000,-3.739760
0.195833,ClearingCan,0,0.5,Pelvis,1.298941,0.797333,-3.731300
0.195833,ClearingCan,0,0.5,Spine,1.298914,0.957333,-3.731218
0.195833,ClearingCan,0,0.5,Head,1.298303,1.427332,-3.731745
0.195833,ClearingCan,0,0.5,Shin_L,1.262137,0.623075,-3.892807
0.195833,ClearingCan,0,0.5,Foot_L,1.336804,0.426434,-3.874835
0.195833,ClearingCan,0,0.5,Shin_R,1.251632,0.610683,-3.559056
0.195833,ClearingCan,0,0.5,Foot_R,1.259133,0.404457,-3.515014
0.195833,ClearingCan,0,0.5,Head,1.302174,0.275000,-3.741105
0.200000,ClearingCan,0,0.5,Pelvis,1.299631,0.796821,-3.732983
0.200000,ClearingCan,0,0.5,Spine,1.299631,0.956821,-3.732983
0.200000,ClearingCan,0,0.5,Head,1.299631,1.426821,-3.732983
0.200000,ClearingCan,0,0.5,Shin_L,1.264181,0.622632,-3.895266
0.200000,ClearingCan,0,0.5,Foot_L,1.339899,0.426457,-3.876457
0.200000,ClearingCan,0,0.5,Shin_R,1.251395,0.610444,-3.560120
0.200000,ClearingCan,0,0.5,Foot_R,1.259133,0.404457,-3.515014
0.200000,ClearingCan,0,0.5,Head,1.302854,0.275000,-3.742450
0.204167,ClearingCan,0,0.5,Pelvis,1.300414,0.796243,-3.734910
0.204167,ClearingCan,0,0.5,Spine,1.300443,0.956243,-3.734992
0.204167,ClearingCan,0,0.5,Head,1.301042,1.426242,-3.734450
0.204167,ClearingCan,0,0.5,Shin_L,1.264954,0.622692,-3.898295
0.204167,ClearingCan,0,0.5,Foot_L,1.342994,0.426433,-3.878080
0.204167,ClearingCan,0,0.5,Shin_R,1.251204,0.610173,-3.561305
0.204167,ClearingCan,0,0.5,Foot_R,1.259133,0.404457,-3.515014
0.204167,ClearingCan,0,0.5,Head,1.303535,0.275000,-3.743794
0.208333,ClearingCan,0,0.5,Pelvis,1.301208,0.795654,-3.736834
0.208333,ClearingCan,0,0.5,Spine,1.301265,0.955653,-3.736993
0.208333,ClearingCan,0,0.5,Head,1.302474,1.425650,-3.735909
0.208333,ClearingCan,0,0.5,Shin_L,1.265844,0.622725,-3.901315
0.208333,ClearingCan,0,0.5,Foot_L,1.346084,0.426363,-3.879700
0.208333,ClearingCan,0,0.5,Shin_R,1.251023,0.609896,-3.562493
0.208333,ClearingCan,0,0.5,Foot_R,1.259133,0.404457,-3.515014
0.208333,ClearingCan,0,0.5,Head,1.304215,0.275000,-3.745139
0.212500,ClearingCan,0,0.5,Pelvis,1.302012,0.795050,-3.738755
0.212500,ClearingCan,0,0.5,Spine,1.302099,0.955049,-3.738988
0.212500,ClearingCan,0,0.5,Head,1.303916,1.425043,-3.737356
0.212500,ClearingCan,0,0.5,Shin_L,1.266836,0.622728,-3.904328
0.212500,ClearingCan,0,0.5,Foot_L,1.349163,0.426246,-3.881314
0.212500,ClearingCan,0,0.5,Shin_R,1.250848,0.609609,-3.563685
0.212500,ClearingCan,0,0.5,Foot_R,1.259133,0.404457,-3.515014
0.212500,ClearingCan,0,0.5,Head,1.304895,0.275000,-3.746484
0.216667,ClearingCan,0,0.5,Pelvis,1.302827,0.794428,-3.740672
0.216667,ClearingCan,0,0.5,Spine,1.302946,0.954428,-3.740981
0.216667,ClearingCan,0,0.5,Head,1.305354,1.424416,-3.738783
0.216667,ClearingCan,0,0.5,Shin_L,1.267912,0.622702,-3.907336
0.216667,ClearingCan,0,0.5,Foot_L,1.352226,0.426082,-3.882920
0.216667,ClearingCan,0,0.5,Shin_R,1.250682,0.609316,-3.564880
0.216667,ClearingCan,0,0.5,Foot_R,1.259133,0.404457,-3.515014
0.216667,ClearingCan,0,0.5,Head,1.305576,0.275000,-3.747829
0.220833,ClearingCan,0,0.5,Pelvis,1.303653,0.793786,-3.742586
0.220833,ClearingCan,0,0.5,Spine,1.303807,0.953785,-3.742975
0.220833,ClearingCan,0,0.5,Head,1.306778,1.423768,-3.740187
0.220833,ClearingCan,0,0.5,Shin_L,1.269058,0.622644,-3.910339
0.220833,ClearingCan,0,0.5,Foot_L,1.355267,0.425873,-3.884515
0.220833,ClearingCan,0,0.5,Shin_R,1.250525,0.609014,-3.566078
0.220833,ClearingCan,0,0.5,Foot_R,1.259133,0.404457,-3.515014
0.220833,ClearingCan,0,0.5,Head,1.306256,0.275000,-3.749174
0.225000,ClearingCan,0,0.5,Pelvis,1.304490,0.793119,-3.744497
0.225000,ClearingCan,0,0.5,Spine,1.304683,0.953118,-3.744973
0.225000,ClearingCan,0,0.5,Head,1.308174,1.423093,-3.741563
0.225000,ClearingCan,0,0.5,Shin_L,1.270260,0.622555,-3.913339
0.225000,ClearingCan,0,0.5,Foot_L,1.358282,0.425620,-3.886095
0.225000,ClearingCan,0,0.5,Shin_R,1.250373,0.608703,-3.567282
0.225000,ClearingCan,0,0.5,Foot_R,1.259133,0.404457,-3.515014
0.225000,ClearingCan,0,0.5,Head,1.306936,0.275000,-3.750519
0.229167,ClearingCan,0,0.5,Pelvis,1.305337,0.792425,-3.746404
0.229167,ClearingCan,0,0.5,Spine,1.305577,0.952424,-3.746978
0.229167,ClearingCan,0,0.5,Head,1.309529,1.422389,-3.742906
0.229167,ClearingCan,0,0.5,Shin_L,1.271505,0.622432,-3.916337
0.229167,ClearingCan,0,0.5,Foot_L,1.361265,0.425323,-3.887660
0.229167,ClearingCan,0,0.5,Shin_R,1.250234,0.608384,-3.568490
0.229167,ClearingCan,0,0.5,Foot_R,1.259133,0.404457,-3.515014
0.229167,ClearingCan,0,0.5,Head,1.307617,0.275000,-3.751864
0.233333,ClearingCan,0,0.5,Pelvis,1.306195,0.791700,-3.748307
0.233333,ClearingCan,0,0.5,Spine,1.306489,0.951698,-3.748993
0.233333,ClearingCan,0,0.5,Head,1.310832,1.421654,-3.744214
0.233333,ClearingCan,0,0.5,Shin_L,1.272780,0.622275,-3.919335
0.233333,ClearingCan,0,0.5,Foot_L,1.364212,0.424983,-3.889204
0.233333,ClearingCan,0,0.5,Shin_R,1.250102,0.608056,-3.569702
0.233333,ClearingCan,0,0.5,Foot_R,1.259133,0.404457,-3.515014
0.233333,ClearingCan,0,0.5,Head,1.308297,0.275000,-3.753208
0.237500,ClearingCan,0,0.5,Pelvis,1.307265,0.790820,-3.750664
0.237500,ClearingCan,0,0.5,Spine,1.307625,0.950818,-3.751482
0.237500,ClearingCan,0,0.5,Head,1.312287,1.420762,-3.745923
0.237500,ClearingCan,0,0.5,Shin_L,1.272851,0.622640,-3.923113
0.237500,ClearingCan,0,0.5,Foot_L,1.367116,0.424603,-3.890727
0.237500,ClearingCan,0,0.5,Shin_R,1.250072,0.607664,-3.571139
0.237500,ClearingCan,0,0.5,Foot_R,1.259133,0.404457,-3.515014
0.237500,ClearingCan,0,0.5,Head,1.308977,0.275000,-3.754553
0.241667,ClearingCan,0,0.5,Pelvis,1.308354,0.789899,-3.753012
0.241667,ClearingCan,0,0.5,Spine,1.308792,0.949895,-3.753981
0.241667,ClearingCan,0,0.5,Head,1.313713,1.419826,-3.747569
0.241667,ClearingCan,0,0.5,Shin_L,1.272997,0.622973,-3.926896
0.241667,ClearingCan,0,0.5,Foot_L,1.369974,0.424184,-3.892226
0.241667,ClearingCan,0,0.5,Shin_R,1.250060,0.607260,-3.572577
0.241667,ClearingCan,0,0.5,Foot_R,1.259133,0.404457,-3.515014
0.241667,ClearingCan,0,0.5,Head,1.309658,0.275000,-3.755898
0.245833,ClearingCan,0,0.5,Pelvis,1.309462,0.788942,-3.755353
0.245833,ClearingCan,0,0.5,Spine,1.309987,0.948937,-3.756485
0.245833,ClearingCan,0,0.5,Head,1.315110,1.418852,-3.749173
0.245833,ClearingCan,0,0.5,Shin_L,1.273217,0.623286,-3.930679
0.245833,ClearingCan,0,0.5,Foot_L,1.372781,0.423728,-3.893697
0.245833,ClearingCan,0,0.5,Shin_R,1.250059,0.606846,-3.574018
0.245833,ClearingCan,0,0.5,Foot_R,1.259133,0.404457,-3.515014
0.245833,ClearingCan,0,0.5,Head,1.310338,0.275000,-3.757243
0.250000,ClearingCan,0,0.5,Pelvis,1.310589,0.787957,-3.757685
0.250000,ClearingCan,0,0.5,Spine,1.311207,0.947950,-3.758985
0.250000,ClearingCan,0,0.5,Head,1.316480,1.417848,-3.750757
0.250000,ClearingCan,0,0.5,Shin_L,1.273516,0.623588,-3.934454
0.250000,ClearingCan,0,0.5,Foot_L,1.375532,0.423235,-3.895139
0.250000,ClearingCan,0,0.5,Shin_R,1.250070,0.606420,-3.575462
0.250000,ClearingCan,0,0.5,Foot_R,1.259133,0.404457,-3.515014
0.250000,ClearingCan,0,0.5,Head,1.311019,0.275000,-3.758588
0.254167,ClearingCan,0,0.5,Pelvis,1.311735,0.786949,-3.760008
0.254167,ClearingCan,0,0.5,Spine,1.312450,0.946941,-3.761475
0.254167,ClearingCan,0,0.5,Head,1.317824,1.416821,-3.752341
0.254167,ClearingCan,0,0.5,Shin_L,1.273893,0.623888,-3.938217
0.254167,ClearingCan,0,0.5,Foot_L,1.378222,0.422710,-3.896550
0.254167,ClearingCan,0,0.5,Shin_R,1.250094,0.605983,-3.576905
0.254167,ClearingCan,0,0.5,Foot_R,1.259133,0.404457,-3.515014
0.254167,ClearingCan,0,0.5,Head,1.311699,0.275000,-3.759933
0.258333,ClearingCan,0,0.5,Pelvis,1.312900,0.785926,-3.762321
0.258333,ClearingCan,0,0.5,Spine,1.313711,0.945916,-3.763947
0.258333,ClearingCan,0,0.5,Head,1.319147,1.415778,-3.753947
0.258333,ClearingCan,0,0.5,Shin_L,1.274350,0.624197,-3.941960
0.258333,ClearingCan,0,0.5,Foot_L,1.380847,0.422154,-3.897926
0.258333,ClearingCan,0,0.5,Shin_R,1.250131,0.605536,-3.578347
0.258333,ClearingCan,0,0.5,Foot_R,1.259133,0.404457,-3.515014
0.258333,ClearingCan,0,0.5,Head,1.312379,0.275000,-3.761277
0.262500,ClearingCan,0,0.5,Pelvis,1.314084,0.784895,-3.764626
0.262500,ClearingCan,0,0.5,Spine,1.314988,0.944882,-3.766394
0.262500,ClearingCan,0,0.5,Head,1.320450,1.414726,-3.755596
0.262500,ClearingCan,0,0.5,Shin_L,1.274888,0.624524,-3.945678
0.262500,ClearingCan,0,0.5,Foot_L,1.383403,0.421569,-3.899266
0.262500,ClearingCan,0,0.5,Shin_R,1.250177,0.605079,-3.579789
0.262500,ClearingCan,0,0.5,Foot_R,1.259133,0.404457,-3.515014
0.262500,ClearingCan,0,0.5,Head,1.313060,0.275000,-3.762622
0.266667,ClearingCan,0,0.5,Pelvis,1.315286,0.783862,-3.766921
0.266667,ClearingCan,0,0.5,Spine,1.316275,0.943847,-3.768811
0.266667,ClearingCan,0,0.5,Head,1.321740,1.413675,-3.757309
0.266667,ClearingCan,0,0.5,Shin_L,1.275507,0.624877,-3.949364
0.266667,ClearingCan,0,0.5,Foot_L,1.385887,0.420957,-3.900568
0.266667,ClearingCan,0,0.5,Shin_R,1.250235,0.604611,-3.581227
0.266667,ClearingCan,0,0.5,Foot_R,1.259133,0.404457,-3.515014
0.266667,ClearingCan,0,0.5,Head,1.313740,0.275000,-3.763967
0.270833,ClearingCan,0,0.5,Pelvis,1.316270,0.786317,-3.768764
0.270833,ClearingCan,0,0.5,Spine,1.317337,0.946301,-3.770757
0.270833,ClearingCan,0,0.5,Head,1.322783,1.416113,-3.758636
0.270833,ClearingCan,0,0.5,Shin_L,1.278960,0.626755,-3.951263
0.270833,ClearingCan,0,0.5,Foot_L,1.388295,0.420322,-3.901831
0.270833,ClearingCan,0,0.5,Shin_R,1.250147,0.607393,-3.582976
0.270833,ClearingCan,0,0.5,Foot_R,1.259133,0.404457,-3.515014
0.270833,ClearingCan,0,0.5,Head,1.314420,0.275000,-3.765312
0.275000,ClearingCan,0,0.5,Pelvis,1.317264,0.788775,-3.770603
0.275000,ClearingCan,0,0.5,Spine,1.318406,0.948757,-3.772686
0.275000,ClearingCan,0,0.5,Head,1.323807,1.418555,-3.760001
0.275000,ClearingCan,0,0.5,Shin_L,1.282417,0.628641,-3.953092
0.275000,ClearingCan,0,0.5,Foot_L,1.390622,0.419667,-3.903051
0.275000,ClearingCan,0,0.5,Shin_R,1.250065,0.610169,-3.584738
0.275000,ClearingCan,0,0.5,Foot_R,1.259133,0.404457,-3.515014
0.275000,ClearingCan,0,0.5,Head,1.315101,0.275000,-3.766657
0.279167,ClearingCan,0,0.5,Pelvis,1.318267,0.791236,-3.772436
0.279167,ClearingCan,0,0.5,Spine,1.319480,0.951217,-3.774600
0.279167,ClearingCan,0,0.5,Head,1.324811,1.421001,-3.761403
0.279167,ClearingCan,0,0.5,Shin_L,1.285875,0.630534,-3.954851
0.279167,ClearingCan,0,0.5,Foot_L,1.392866,0.418993,-3.904228
0.279167,ClearingCan,0,0.5,Shin_R,1.249994,0.612938,-3.586510
0.279167,ClearingCan,0,0.5,Foot_R,1.259133,0.404457,-3.515014
0.279167,ClearingCan,0,0.5,Head,1.315781,0.275000,-3.768002
0.283333,ClearingCan,0,0.5,Pelvis,1.319280,0.793699,-3.774262
0.283333,ClearingCan,0,0.5,Spine,1.320561,0.953678,-3.776497
0.283333,ClearingCan,0,0.5,Head,1.325791,1.423450,-3.762842
0.283333,ClearingCan,0,0.5,Shin_L,1.289328,0.632435,-3.956539
0.283333,ClearingCan,0,0.5,Foot_L,1.395025,0.418304,-3.905359
0.283333,ClearingCan,0,0.5,Shin_R,1.249928,0.615700,-3.588296
0.283333,ClearingCan,0,0.5,Foot_R,1.259133,0.404457,-3.515014
0.283333,ClearingCan,0,0.5,Head,1.316462,0.275000,-3.769346
0.287500,ClearingCan,0,0.5,Pelvis,1.320303,0.796162,-3.776083
0.287500,ClearingCan,0,0.5,Spine,1.321649,0.956140,-3.778380
0.287500,ClearingCan,0,0.5,Head,1.326745,1.425902,-3.764317
0.287500,ClearingCan,0,0.5,Shin_L,1.292774,0.634344,-3.958157
0.287500,ClearingCan,0,0.5,Foot_L,1.397094,0.417603,-3.906445
0.287500,ClearingCan,0,0.5,Shin_R,1.249869,0.618455,-3.590094
0.287500,ClearingCan,0,0.5,Foot_R,1.259133,0.404457,-3.515014
0.287500,ClearingCan,0,0.5,Head,1.317142,0.275000,-3.770691
0.291667,ClearingCan,0,0.5,Pelvis,1.321335,0.798626,-3.777898
0.291667,ClearingCan,0,0.5,Spine,1.322744,0.958603,-3.780249
0.291667,ClearingCan,0,0.5,Head,1.327672,1.428355,-3.765827
0.291667,ClearingCan,0,0.5,Shin_L,1.296207,0.636260,-3.959705
0.291667,ClearingCan,0,0.5,Foot_L,1.399072,0.416893,-3.907482
0.291667,ClearingCan,0,0.5,Shin_R,1.249820,0.621203,-3.591902
0.291667,ClearingCan,0,0.5,Foot_R,1.259133,0.404457,-3.515014
0.291667,ClearingCan,0,0.5,Head,1.317822,0.275000,-3.772036
0.295833,ClearingCan,0,0.5,Pelvis,1.322376,0.801089,-3.779706
0.295833,ClearingCan,0,0.5,Spine,1.323845,0.961064,-3.782105
0.295833,ClearingCan,0,0.5,Head,1.328568,1.430809,-3.767373
0.295833,ClearingCan,0,0.5,Shin_L,1.299624,0.638182,-3.961183
0.295833,ClearingCan,0,0.5,Foot_L,1.400957,0.416176,-3.908470
0.295833,ClearingCan,0,0.5,Shin_R,1.249778,0.623945,-3.593723
0.295833,ClearingCan,0,0.5,Foot_R,1.259133,0.404457,-3.515014
0.295833,ClearingCan,0,0.5,Head,1.318503,0.275000,-3.773381
0.300000,ClearingCan,0,0.5,Pelvis,1.323426,0.803551,-3.781508
0.300000,ClearingCan,0,0.5,Spine,1.324954,0.963525,-3.783949
0.300000,ClearingCan,0,0.5,Head,1.329431,1.433264,-3.768955
0.300000,ClearingCan,0,0.5,Shin_L,1.303021,0.640112,-3.962594
0.300000,ClearingCan,0,0.5,Foot_L,1.402747,0.415457,-3.909408
0.300000,ClearingCan,0,0.5,Shin_R,1.249749,0.626681,-3.595553
0.300000,ClearingCan,0,0.5,Foot_R,1.259133,0.404457,-3.515014
0.300000,ClearingCan,0,0.5,Head,1.319183,0.275000,-3.774726
0.304167,ClearingCan,0,0.5,Pelvis,1.324277,0.807199,-3.782975
0.304167,ClearingCan,0,0.5,Spine,1.325858,0.967172,-3.785449
0.304167,ClearingCan,0,0.5,Head,1.330060,1.436908,-3.770259
0.304167,ClearingCan,0,0.5,Shin_L,1.308600,0.641749,-3.962320
0.304167,ClearingCan,0,0.5,Foot_L,1.404440,0.414738,-3.910296
0.304167,ClearingCan,0,0.5,Shin_R,1.249605,0.630483,-3.597397
0.304167,ClearingCan,0,0.5,Foot_R,1.259133,0.404457,-3.515014
0.304167,ClearingCan,0,0.5,Head,1.319863,0.275000,-3.776071
0.308333,ClearingCan,0,0.5,Pelvis,1.325130,0.810856,-3.784440
0.308333,ClearingCan,0,0.5,Spine,1.326757,0.970829,-3.786933
0.308333,ClearingCan,0,0.5,Head,1.330663,1.440563,-3.771622
0.308333,ClearingCan,0,0.5,Shin_L,1.314261,0.643399,-3.961841
0.308333,ClearingCan,0,0.5,Foot_L,1.406035,0.414021,-3.911132
0.308333,ClearingCan,0,0.5,Shin_R,1.249465,0.634281,-3.599250
0.308333,ClearingCan,0,0.5,Foot_R,1.259133,0.404457,-3.515014
0.308333,ClearingCan,0,0.5,Head,1.320544,0.275000,-3.777416
0.312500,ClearingCan,0,0.5,Pelvis,1.325985,0.814519,-3.785902
0.312500,ClearingCan,0,0.5,Spine,1.327654,0.974491,-3.788405
0.312500,ClearingCan,0,0.5,Head,1.331241,1.444225,-3.773037
0.312500,ClearingCan,0,0.5,Shin_L,1.320011,0.645058,-3.961147
0.312500,ClearingCan,0,0.5,Foot_L,1.407531,0.413311,-3.911917
0.312500,ClearingCan,0,0.5,Shin_R,1.249332,0.638075,-3.601111
0.312500,ClearingCan,0,0.5,Foot_R,1.259133,0.404457,-3.515014
0.312500,ClearingCan,0,0.5,Head,1.321224,0.275000,-3.778760
0.316667,ClearingCan,0,0.5,Pelvis,1.326844,0.818182,-3.787362
0.316667,ClearingCan,0,0.5,Spine,1.328551,0.978154,-3.789870
0.316667,ClearingCan,0,0.5,Head,1.331789,1.447891,-3.774493
0.316667,ClearingCan,0,0.5,Shin_L,1.325857,0.646722,-3.960226
0.316667,ClearingCan,0,0.5,Foot_L,1.408928,0.412610,-3.912649
0.316667,ClearingCan,0,0.5,Shin_R,1.249200,0.641864,-3.602984
0.316667,ClearingCan,0,0.5,Foot_R,1.259133,0.404457,-3.515014
0.316667,ClearingCan,0,0.5,Head,1.321905,0.275000,-3.780105
0.320833,ClearingCan,0,0.5,Pelvis,1.327704,0.821843,-3.788818
0.320833,ClearingCan,0,0.5,Spine,1.329449,0.981814,-3.791329
0.320833,ClearingCan,0,0.5,Head,1.332305,1.451555,-3.775981
0.320833,ClearingCan,0,0.5,Shin_L,1.331811,0.648386,-3.959061
0.320833,ClearingCan,0,0.5,Foot_L,1.410226,0.411921,-3.913329
0.320833,ClearingCan,0,0.5,Shin_R,1.249075,0.645650,-3.604865
0.320833,ClearingCan,0,0.5,Foot_R,1.259133,0.404457,-3.515014
0.320833,ClearingCan,0,0.5,Head,1.322585,0.275000,-3.781450
0.325000,ClearingCan,0,0.5,Pelvis,1.328568,0.824328,-3.790272
0.325000,ClearingCan,0,0.5,Spine,1.330352,0.984298,-3.792788
0.325000,ClearingCan,0,0.5,Head,1.332786,1.454043,-3.777492
0.325000,ClearingCan,0,0.5,Shin_L,1.336669,0.649506,-3.958496
0.325000,ClearingCan,0,0.5,Foot_L,1.411425,0.411248,-3.913958
0.325000,ClearingCan,0,0.5,Shin_R,1.239943,0.646690,-3.612416
0.325000,ClearingCan,0,0.5,Foot_R,1.259133,0.404457,-3.515014
0.325000,ClearingCan,0,0.5,Head,1.323265,0.275000,-3.782795
0.329167,ClearingCan,0,0.5,Pelvis,1.329434,0.823356,-3.791723
0.329167,ClearingCan,0,0.5,Spine,1.331261,0.983326,-3.794248
0.329167,ClearingCan,0,0.5,Head,1.333228,1.453074,-3.779016
0.329167,ClearingCan,0,0.5,Shin_L,1.337949,0.649046,-3.960367
0.329167,ClearingCan,0,0.5,Foot_L,1.412525,0.410592,-3.914535
0.329167,ClearingCan,0,0.5,Shin_R,1.223899,0.644231,-3.624645
0.329167,ClearingCan,0,0.5,Foot_R,1.259133,0.404457,-3.515014
0.329167,ClearingCan,0,0.5,Head,1.323946,0.275000,-3.784140
0.333333,ClearingCan,0,0.5,Pelvis,1.330303,0.822383,-3.793171
0.333333,ClearingCan,0,0.5,Spine,1.332180,0.982352,-3.795713
0.333333,ClearingCan,0,0.5,Head,1.333627,1.452105,-3.780545
0.333333,ClearingCan,0,0.5,Shin_L,1.339178,0.648605,-3.962235
0.333333,ClearingCan,0,0.5,Foot_L,1.413529,0.409957,-3.915061
0.333333,ClearingCan,0,0.5,Shin_R,1.213854,0.643092,-3.633376
0.333333,ClearingCan,0,0.5,Foot_R,1.259133,0.404457,-3.515014
0.333333,ClearingCan,0,0.5,Head,1.324626,0.275000,-3.785485
0.337500,ClearingCan,0,0.5,Pelvis,1.331274,0.820578,-3.794749
0.337500,ClearingCan,0,0.5,Spine,1.333209,0.980546,-3.797317
0.337500,ClearingCan,0,0.5,Head,1.334074,1.450302,-3.782216
0.337500,ClearingCan,0,0.5,Shin_L,1.340017,0.647572,-3.964473
0.337500,ClearingCan,0,0.5,Foot_L,1.414437,0.409346,-3.915537
0.337500,ClearingCan,0,0.5,Shin_R,1.209951,0.641511,-3.637890
0.337500,ClearingCan,0,0.5,Foot_R,1.259133,0.404457,-3.515014
0.337500,ClearingCan,0,0.5,Head,1.325306,0.275000,-3.786829
0.341667,ClearingCan,0,0.5,Pelvis,1.332250,0.818772,-3.796323
0.341667,ClearingCan,0,0.5,Spine,1.334249,0.978739,-3.798922
0.341667,ClearingCan,0,0.5,Head,1.334472,1.448499,-3.783907
0.341667,ClearingCan,0,0.5,Shin_L,1.340828,0.646562,-3.966704
0.341667,ClearingCan,0,0.5,Foot_L,1.415252,0.408761,-3.915965
0.341667,ClearingCan,0,0.5,Shin_R,1.206494,0.639983,-3.642206
0.341667,ClearingCan,0,0.5,Foot_R,1.259133,0.404457,-3.515014
0.341667,ClearingCan,0,0.5,Head,1.325987,0.275000,-3.788174
0.345833,ClearingCan,0,0.5,Pelvis,1.333232,0.816967,-3.797891
0.345833,ClearingCan,0,0.5,Spine,1.335298,0.976932,-3.800526
0.345833,ClearingCan,0,0.5,Head,1.334832,1.446695,-3.785620
0.345833,ClearingCan,0,0.5,Shin_L,1.341615,0.645579,-3.968928
0.345833,ClearingCan,0,0.5,Foot_L,1.415975,0.408204,-3.916344
0.345833,ClearingCan,0,0.5,Shin_R,1.203390,0.638489,-3.646373
0.345833,ClearingCan,0,0.5,Foot_R,1.259133,0.404457,-3.515014
0.345833,ClearingCan,0,0.5,Head,1.326667,0.275000,-3.789519
0.350000,ClearingCan,0,0.5,Pelvis,1.334218,0.815161,-3.799454
0.350000,ClearingCan,0,0.5,Spine,1.336354,0.975125,-3.802125
0.350000,ClearingCan,0,0.5,Head,1.335164,1.444891,-3.787358
0.350000,ClearingCan,0,0.5,Shin_L,1.342381,0.644624,-3.971144
0.350000,ClearingCan,0,0.5,Foot_L,1.416611,0.407679,-3.916677
0.350000,ClearingCan,0,0.5,Shin_R,1.200576,0.637016,-3.650425
0.350000,ClearingCan,0,0.5,Foot_R,1.259133,0.404457,-3.515014
0.350000,ClearingCan,0,0.5,Head,1.327348,0.275000,-3.790864
0.354167,ClearingCan,0,0.5,Pelvis,1.335209,0.813356,-3.801013
0.354167,ClearingCan,0,0.5,Spine,1.337416,0.973318,-3.803718
0.354167,ClearingCan,0,0.5,Head,1.335478,1.443087,-3.789124
0.354167,ClearingCan,0,0.5,Shin_L,1.343128,0.643699,-3.973352
0.354167,ClearingCan,0,0.5,Foot_L,1.417161,0.407187,-3.916966
0.354167,ClearingCan,0,0.5,Shin_R,1.198004,0.635556,-3.654386
0.354167,ClearingCan,0,0.5,Foot_R,1.259133,0.404457,-3.515014
0.354167,ClearingCan,0,0.5,Head,1.328028,0.275000,-3.792209
0.358333,ClearingCan,0,0.5,Pelvis,1.336205,0.811550,-3.802565
0.358333,ClearingCan,0,0.5,Spine,1.338482,0.971511,-3.805303
0.358333,ClearingCan,0,0.5,Head,1.335784,1.441283,-3.790920
0.358333,ClearingCan,0,0.5,Shin_L,1.343862,0.642805,-3.975552
0.358333,ClearingCan,0,0.5,Foot_L,1.417632,0.406730,-3.917212
0.358333,ClearingCan,0,0.5,Shin_R,1.195641,0.634100,-3.658273
0.358333,ClearingCan,0,0.5,Foot_R,1.259133,0.404457,-3.515014
0.358333,ClearingCan,0,0.5,Head,1.328708,0.275000,-3.793554
0.362500,ClearingCan,0,0.5,Pelvis,1.337205,0.809745,-3.804113
0.362500,ClearingCan,0,0.5,Spine,1.339550,0.969704,-3.806877
0.362500,ClearingCan,0,0.5,Head,1.336095,1.439478,-3.792746
0.362500,ClearingCan,0,0.5,Shin_L,1.344585,0.641943,-3.977741
0.362500,ClearingCan,0,0.5,Foot_L,1.418026,0.406311,-3.917419
0.362500,ClearingCan,0,0.5,Shin_R,1.193459,0.632644,-3.662098
0.362500,ClearingCan,0,0.5,Foot_R,1.259133,0.404457,-3.515014
0.362500,ClearingCan,0,0.5,Head,1.329389,0.275000,-3.794899
0.366667,ClearingCan,0,0.5,Pelvis,1.338210,0.807939,-3.805655
0.366667,ClearingCan,0,0.5,Spine,1.340617,0.967897,-3.808439
0.366667,ClearingCan,0,0.5,Head,1.336419,1.437674,-3.794605
0.366667,ClearingCan,0,0.5,Shin_L,1.345301,0.641116,-3.979922
0.366667,ClearingCan,0,0.5,Foot_L,1.418349,0.405931,-3.917588
0.366667,ClearingCan,0,0.5,Shin_R,1.191437,0.631182,-3.665873
0.366667,ClearingCan,0,0.5,Foot_R,1.259133,0.404457,-3.515014
0.366667,ClearingCan,0,0.5,Head,1.330069,0.275000,-3.796243
0.370833,ClearingCan,0,0.5,Pelvis,1.339109,0.806967,-3.807067
0.370833,ClearingCan,0,0.5,Spine,1.341577,0.966923,-3.809865
0.370833,ClearingCan,0,0.5,Head,1.336631,1.436703,-3.796371
0.370833,ClearingCan,0,0.5,Shin_L,1.345590,0.641419,-3.982349
0.370833,ClearingCan,0,0.5,Foot_L,1.418606,0.405592,-3.917723
0.370833,ClearingCan,0,0.5,Shin_R,1.193399,0.630087,-3.666084
0.370833,ClearingCan,0,0.5,Foot_R,1.259133,0.404457,-3.515014
0.370833,ClearingCan,0,0.5,Head,1.330749,0.275000,-3.797588
0.375000,ClearingCan,0,0.5,Pelvis,1.340011,0.805995,-3.808476
0.375000,ClearingCan,0,0.5,Spine,1.342538,0.965950,-3.811287
0.375000,ClearingCan,0,0.5,Head,1.336822,1.435732,-3.798175
0.375000,ClearingCan,0,0.5,Shin_L,1.345891,0.641759,-3.984778
0.375000,ClearingCan,0,0.5,Foot_L,1.418804,0.405295,-3.917827
0.375000,ClearingCan,0,0.5,Shin_R,1.195406,0.629035,-3.666224
0.375000,ClearingCan,0,0.5,Foot_R,1.259133,0.404457,-3.515014
0.375000,ClearingCan,0,0.5,Head,1.331430,0.275000,-3.798933
0.379167,ClearingCan,0,0.5,Pelvis,1.340914,0.805023,-3.809881
0.379167,ClearingCan,0,0.5,Spine,1.343501,0.964977,-3.812703
0.379167,ClearingCan,0,0.5,Head,1.337005,1.434761,-3.800013
0.379167,ClearingCan,0,0.5,Shin_L,1.346210,0.642136,-3.987208
0.379167,ClearingCan,0,0.5,Foot_L,1.418948,0.405041,-3.917903
0.379167,ClearingCan,0,0.5,Shin_R,1.197458,0.628030,-3.666290
0.379167,ClearingCan,0,0.5,Foot_R,1.259133,0.404457,-3.515014
0.379167,ClearingCan,0,0.5,Head,1.332110,0.275000,-3.800278
0.383333,ClearingCan,0,0.5,Pelvis,1.341819,0.804050,-3.811283
0.383333,ClearingCan,0,0.5,Spine,1.344463,0.964003,-3.814111
0.383333,ClearingCan,0,0.5,Head,1.337189,1.433788,-3.801883
0.383333,ClearingCan,0,0.5,Shin_L,1.346549,0.642550,-3.989641
0.383333,ClearingCan,0,0.5,Foot_L,1.419047,0.404832,-3.917955
0.383333,ClearingCan,0,0.5,Shin_R,1.199554,0.627072,-3.666281
0.383333,ClearingCan,0,0.5,Foot_R,1.259133,0.404457,-3.515014
0.383333,ClearingCan,0,0.5,Head,1.332790,0.275000,-3.801623
0.387500,ClearingCan,0,0.5,Pelvis,1.342726,0.803078,-3.812681
0.387500,ClearingCan,0,0.5,Spine,1.345422,0.963030,-3.815511
0.387500,ClearingCan,0,0.5,Head,1.337387,1.432815,-3.803784
0.387500,ClearingCan,0,0.5,Shin_L,1.346914,0.643002,-3.992077
0.387500,ClearingCan,0,0.5,Foot_L,1.419109,0.404669,-3.917987
0.387500,ClearingCan,0,0.5,Shin_R,1.201698,0.626163,-3.666192
0.387500,ClearingCan,0,0.5,Foot_R,1.259133,0.404457,-3.515014
0.387500,ClearingCan,0,0.5,Head,1.333471,0.275000,-3.802968
0.391667,ClearingCan,0,0.5,Pelvis,1.343635,0.802106,-3.814076
0.391667,ClearingCan,0,0.5,Spine,1.346378,0.962057,-3.816900
0.391667,ClearingCan,0,0.5,Head,1.337610,1.431842,-3.805712
0.391667,ClearingCan,0,0.5,Shin_L,1.347311,0.643492,-3.994516
0.391667,ClearingCan,0,0.5,Foot_L,1.419141,0.404551,-3.918004
0.391667,ClearingCan,0,0.5,Shin_R,1.203892,0.625306,-3.666020
0.391667,ClearingCan,0,0.5,Foot_R,1.259133,0.404457,-3.515014
0.391667,ClearingCan,0,0.5,Head,1.334151,0.275000,-3.804312
0.395833,ClearingCan,0,0.5,Pelvis,1.344546,0.801133,-3.815467
0.395833,ClearingCan,0,0.5,Spine,1.347328,0.961085,-3.818277
0.395833,ClearingCan,0,0.5,Head,1.337868,1.430869,-3.807664
0.395833,ClearingCan,0,0.5,Shin_L,1.347744,0.644020,-3.996959
0.395833,ClearingCan,0,0.5,Foot_L,1.419154,0.404480,-3.918010
0.395833,ClearingCan,0,0.5,Shin_R,1.206138,0.624505,-3.665759
0.395833,ClearingCan,0,0.5,Foot_R,1.259133,0.404457,-3.515014
0.395833,ClearingCan,0,0.5,Head,1.334832,0.275000,-3.805657
0.400000,ClearingCan,0,0.5,Pelvis,1.345458,0.800161,-3.816855
0.400000,ClearingCan,0,0.5,Spine,1.348271,0.960112,-3.819641
0.400000,ClearingCan,0,0.5,Head,1.338172,1.429897,-3.809637
0.400000,ClearingCan,0,0.5,Shin_L,1.348219,0.644585,-3.999408
0.400000,ClearingCan,0,0.5,Foot_L,1.419155,0.404457,-3.918011
0.400000,ClearingCan,0,0.5,Shin_R,1.208440,0.623761,-3.665404
0.400000,ClearingCan,0,0.5,Foot_R,1.259133,0.404457,-3.515014
0.400000,ClearingCan,0,0.5,Head,1.335512,0.275000,-3.807002
0.404167,ClearingCan,1,1,Pelvis,1.346372,0.799189,-3.818239
0.404167,ClearingCan,1,1,Spine,1.349205,0.959140,-3.820992
0.404167,ClearingCan,1,1,Head,1.338515,1.428926,-3.811643
0.404167,ClearingCan,1,1,Shin_L,1.349756,0.644178,-4.000768
0.404167,ClearingCan,1,1,Foot_L,1.419155,0.404457,-3.918011
0.404167,ClearingCan,1,1,Shin_R,1.213454,0.623348,-3.662338
0.404167,ClearingCan,1,1,Foot_R,1.259133,0.404481,-3.515019
0.404167,ClearingCan,1,1,Head,1.336192,0.275000,-3.808347
0.408333,ClearingCan,1,1,Pelvis,1.347288,0.798217,-3.819620
0.408333,ClearingCan,1,1,Spine,1.350132,0.958169,-3.822330
0.408333,ClearingCan,1,1,Head,1.338884,1.427954,-3.813689
0.408333,ClearingCan,1,1,Shin_L,1.351316,0.643768,-4.002104
0.408333,ClearingCan,1,1,Foot_L,1.419155,0.404457,-3.918011
0.408333,ClearingCan,1,1,Shin_R,1.218879,0.623257,-3.658819
0.408333,ClearingCan,1,1,Foot_R,1.259129,0.404552,-3.515051
0.408333,ClearingCan,1,1,Head,1.336873,0.275000,-3.809692
0.412500,ClearingCan,1,1,Pelvis,1.348206,0.797245,-3.820996
0.412500,ClearingCan,1,1,Spine,1.351052,0.957197,-3.823657
0.412500,ClearingCan,1,1,Head,1.339282,1.426983,-3.815764
0.412500,ClearingCan,1,1,Shin_L,1.352897,0.643354,-4.003417
0.412500,ClearingCan,1,1,Foot_L,1.419155,0.404457,-3.918011
0.412500,ClearingCan,1,1,Shin_R,1.224921,0.623599,-3.654664
0.412500,ClearingCan,1,1,Foot_R,1.259119,0.404668,-3.515137
0.412500,ClearingCan,1,1,Head,1.337553,0.275000,-3.811037
0.416666,ClearingCan,1,1,Pelvis,1.349125,0.796273,-3.822370
0.416666,ClearingCan,1,1,Spine,1.351966,0.956226,-3.824976
0.416666,ClearingCan,1,1,Head,1.339714,1.426012,-3.817858
0.416666,ClearingCan,1,1,Shin_L,1.354496,0.642935,-4.004709
0.416666,ClearingCan,1,1,Foot_L,1.419155,0.404457,-3.918011
0.416666,ClearingCan,1,1,Shin_R,1.232050,0.624613,-3.649449
0.416666,ClearingCan,1,1,Foot_R,1.259099,0.404832,-3.515301
0.416666,ClearingCan,1,1,Head,1.338233,0.275000,-3.812382
0.420833,ClearingCan,1,1,Pelvis,1.350045,0.795300,-3.823740
0.420833,ClearingCan,1,1,Spine,1.352876,0.955255,-3.826286
0.420833,ClearingCan,1,1,Head,1.340181,1.425041,-3.819960
0.420833,ClearingCan,1,1,Shin_L,1.356114,0.642511,-4.005980
0.420833,ClearingCan,1,1,Foot_L,1.419155,0.404458,-3.918011
0.420833,ClearingCan,1,1,Shin_R,1.241962,0.627137,-3.641633
0.420833,ClearingCan,1,1,Foot_R,1.259068,0.405041,-3.515566
0.420833,ClearingCan,1,1,Head,1.338914,0.275000,-3.813726
0.425000,ClearingCan,1,1,Pelvis,1.350967,0.792544,-3.825105
0.425000,ClearingCan,1,1,Spine,1.353783,0.952500,-3.827589
0.425000,ClearingCan,1,1,Head,1.340687,1.422285,-3.822058
0.425000,ClearingCan,1,1,Shin_L,1.356743,0.641378,-4.008393
0.425000,ClearingCan,1,1,Foot_L,1.419155,0.404457,-3.918011
0.425000,ClearingCan,1,1,Shin_R,1.249677,0.628013,-3.635617
0.425000,ClearingCan,1,1,Foot_R,1.259021,0.405295,-3.515952
0.425000,ClearingCan,1,1,Head,1.339594,0.275000,-3.815071
0.429166,ClearingCan,1,1,Pelvis,1.351891,0.788640,-3.826467
0.429166,ClearingCan,1,1,Spine,1.354688,0.948597,-3.828888
0.429166,ClearingCan,1,1,Head,1.341233,1.418381,-3.824143
0.429166,ClearingCan,1,1,Shin_L,1.356823,0.639793,-4.011507
0.429166,ClearingCan,1,1,Foot_L,1.419155,0.404458,-3.918011
0.429166,ClearingCan,1,1,Shin_R,1.249759,0.624799,-3.636436
0.429166,ClearingCan,1,1,Foot_R,1.258959,0.405592,-3.516479
0.429166,ClearingCan,1,1,Head,1.340275,0.275000,-3.816416
0.433333,ClearingCan,1,1,Pelvis,1.352816,0.784832,-3.827826
0.433333,ClearingCan,1,1,Spine,1.355593,0.944790,-3.830183
0.433333,ClearingCan,1,1,Head,1.341822,1.414571,-3.826202
0.433333,ClearingCan,1,1,Shin_L,1.357064,0.638244,-4.014509
0.433333,ClearingCan,1,1,Foot_L,1.419155,0.404457,-3.918011
0.433333,ClearingCan,1,1,Shin_R,1.249836,0.621665,-3.637317
0.433333,ClearingCan,1,1,Foot_R,1.258877,0.405931,-3.517164
0.433333,ClearingCan,1,1,Head,1.340955,0.275000,-3.817761
0.437500,ClearingCan,1,1,Pelvis,1.353870,0.780485,-3.829287
0.437500,ClearingCan,1,1,Spine,1.356621,0.940445,-3.831577
0.437500,ClearingCan,1,1,Head,1.342582,1.410224,-3.828358
0.437500,ClearingCan,1,1,Shin_L,1.359304,0.633803,-4.015044
0.437500,ClearingCan,1,1,Foot_L,1.419155,0.404457,-3.918011
0.437500,ClearingCan,1,1,Shin_R,1.249978,0.618058,-3.638196
0.437500,ClearingCan,1,1,Foot_R,1.258774,0.406311,-3.518025
0.437500,ClearingCan,1,1,Head,1.341635,0.275000,-3.819106
0.441666,ClearingCan,1,1,Pelvis,1.354927,0.776258,-3.830742
0.441666,ClearingCan,1,1,Spine,1.357645,0.936220,-3.832960
0.441666,ClearingCan,1,1,Head,1.343385,1.405997,-3.830518
0.441666,ClearingCan,1,1,Shin_L,1.361592,0.629401,-4.015451
0.441666,ClearingCan,1,1,Foot_L,1.419155,0.404457,-3.918011
0.441666,ClearingCan,1,1,Shin_R,1.250115,0.614542,-3.639144
0.441666,ClearingCan,1,1,Foot_R,1.258649,0.406731,-3.519076
0.441666,ClearingCan,1,1,Head,1.342316,0.275000,-3.820451
0.445833,ClearingCan,1,1,Pelvis,1.355988,0.772158,-3.832191
0.445833,ClearingCan,1,1,Spine,1.358666,0.932121,-3.834333
0.445833,ClearingCan,1,1,Head,1.344229,1.401896,-3.832672
0.445833,ClearingCan,1,1,Shin_L,1.363925,0.625041,-4.015726
0.445833,ClearingCan,1,1,Foot_L,1.419155,0.404457,-3.918011
0.445833,ClearingCan,1,1,Shin_R,1.250242,0.611120,-3.640172
0.445833,ClearingCan,1,1,Foot_R,1.258500,0.407187,-3.520329
0.445833,ClearingCan,1,1,Head,1.342996,0.275000,-3.821795
0.450000,ClearingCan,1,1,Pelvis,1.357052,0.768191,-3.833632
0.450000,ClearingCan,1,1,Spine,1.359686,0.928156,-3.835699
0.450000,ClearingCan,1,1,Head,1.345112,1.397929,-3.834807
0.450000,ClearingCan,1,1,Shin_L,1.366302,0.620726,-4.015862
0.450000,ClearingCan,1,1,Foot_L,1.419155,0.404457,-3.918011
0.450000,ClearingCan,1,1,Shin_R,1.250363,0.607795,-3.641285
0.450000,ClearingCan,1,1,Foot_R,1.258325,0.407679,-3.521798
0.450000,ClearingCan,1,1,Head,1.343676,0.275000,-3.823140
0.454166,ClearingCan,1,1,Pelvis,1.358119,0.764363,-3.835068
0.454166,ClearingCan,1,1,Spine,1.360708,0.924330,-3.837059
0.454166,ClearingCan,1,1,Head,1.346031,1.394101,-3.836913
0.454166,ClearingCan,1,1,Shin_L,1.368721,0.616460,-4.015859
0.454166,ClearingCan,1,1,Foot_L,1.419155,0.404457,-3.918011
0.454166,ClearingCan,1,1,Shin_R,1.250473,0.604570,-3.642494
0.454166,ClearingCan,1,1,Foot_R,1.258123,0.408204,-3.523492
0.454166,ClearingCan,1,1,Head,1.344357,0.275000,-3.824485
0.458333,ClearingCan,1,1,Pelvis,1.359189,0.760680,-3.836498
0.458333,ClearingCan,1,1,Spine,1.361735,0.920648,-3.838417
0.458333,ClearingCan,1,1,Head,1.346982,1.390416,-3.838978
0.458333,ClearingCan,1,1,Shin_L,1.371179,0.612245,-4.015708
0.458333,ClearingCan,1,1,Foot_L,1.419155,0.404457,-3.918011
0.458333,ClearingCan,1,1,Shin_R,1.250574,0.601446,-3.643803
0.458333,ClearingCan,1,1,Foot_R,1.257893,0.408761,-3.525421
0.458333,ClearingCan,1,1,Head,1.345037,0.275000,-3.825830
0.462500,ClearingCan,1,1,Pelvis,1.360262,0.757145,-3.837920
0.462500,ClearingCan,1,1,Spine,1.362768,0.917114,-3.839772
0.462500,ClearingCan,1,1,Head,1.347962,1.386879,-3.840991
0.462500,ClearingCan,1,1,Shin_L,1.373675,0.608085,-4.015408
0.462500,ClearingCan,1,1,Foot_L,1.419155,0.404457,-3.918011
0.462500,ClearingCan,1,1,Shin_R,1.250662,0.598424,-3.645223
0.462500,ClearingCan,1,1,Foot_R,1.257635,0.409346,-3.527592
0.462500,ClearingCan,1,1,Head,1.345718,0.275000,-3.827175
0.466666,ClearingCan,1,1,Pelvis,1.361338,0.753760,-3.839336
0.466666,ClearingCan,1,1,Spine,1.363810,0.913731,-3.841127
0.466666,ClearingCan,1,1,Head,1.348967,1.383492,-3.842942
0.466666,ClearingCan,1,1,Shin_L,1.376207,0.603981,-4.014955
0.466666,ClearingCan,1,1,Foot_L,1.419155,0.404457,-3.918011
0.466666,ClearingCan,1,1,Shin_R,1.250741,0.595506,-3.646755
0.466666,ClearingCan,1,1,Foot_R,1.257346,0.409957,-3.530013
0.466666,ClearingCan,1,1,Head,1.346398,0.275000,-3.828520
0.470833,ClearingCan,1,1,Pelvis,1.362280,0.753424,-3.840650
0.470833,ClearingCan,1,1,Spine,1.364729,0.913395,-3.842387
0.470833,ClearingCan,1,1,Head,1.349849,1.383154,-3.844733
0.470833,ClearingCan,1,1,Shin_L,1.378880,0.602741,-4.014309
0.470833,ClearingCan,1,1,Foot_L,1.419155,0.404457,-3.918011
0.470833,ClearingCan,1,1,Shin_R,1.250725,0.595175,-3.649031
0.470833,ClearingCan,1,1,Foot_R,1.257027,0.410592,-3.532689
0.470833,ClearingCan,1,1,Head,1.347078,0.275000,-3.829865
0.475000,ClearingCan,1,1,Pelvis,1.363223,0.753251,-3.841959
0.475000,ClearingCan,1,1,Spine,1.365657,0.913223,-3.843650
0.475000,ClearingCan,1,1,Head,1.350738,1.382978,-3.846474
0.475000,ClearingCan,1,1,Shin_L,1.381605,0.601562,-4.013499
0.475000,ClearingCan,1,1,Foot_L,1.419155,0.404457,-3.918011
0.475000,ClearingCan,1,1,Shin_R,1.250699,0.594941,-3.651444
0.475000,ClearingCan,1,1,Foot_R,1.256678,0.411248,-3.535623
0.475000,ClearingCan,1,1,Head,1.347759,0.275000,-3.831209
0.479166,ClearingCan,1,1,Pelvis,1.364167,0.753244,-3.843263
0.479166,ClearingCan,1,1,Spine,1.366590,0.913217,-3.844913
0.479166,ClearingCan,1,1,Head,1.351644,1.382967,-3.848169
0.479166,ClearingCan,1,1,Shin_L,1.384385,0.600449,-4.012513
0.479166,ClearingCan,1,1,Foot_L,1.419155,0.404457,-3.918011
0.479166,ClearingCan,1,1,Shin_R,1.250662,0.594803,-3.653999
0.479166,ClearingCan,1,1,Foot_R,1.256297,0.411921,-3.538819
0.479166,ClearingCan,1,1,Head,1.348439,0.275000,-3.832554
0.483333,ClearingCan,1,1,Pelvis,1.365111,0.753403,-3.844564
0.483333,ClearingCan,1,1,Spine,1.367526,0.913377,-3.846175
0.483333,ClearingCan,1,1,Head,1.352574,1.383124,-3.849821
0.483333,ClearingCan,1,1,Shin_L,1.387223,0.599402,-4.011336
0.483333,ClearingCan,1,1,Foot_L,1.419155,0.404457,-3.918011
0.483333,ClearingCan,1,1,Shin_R,1.250614,0.594756,-3.656693
0.483333,ClearingCan,1,1,Foot_R,1.255884,0.412610,-3.542279
0.483333,ClearingCan,1,1,Head,1.349119,0.275000,-3.833899
0.487500,ClearingCan,1,1,Pelvis,1.366057,0.753729,-3.845861
0.487500,ClearingCan,1,1,Spine,1.368461,0.913703,-3.847431
0.487500,ClearingCan,1,1,Head,1.353538,1.383449,-3.851431
0.487500,ClearingCan,1,1,Shin_L,1.390120,0.598426,-4.009955
0.487500,ClearingCan,1,1,Foot_L,1.419155,0.404457,-3.918011
0.487500,ClearingCan,1,1,Shin_R,1.250555,0.594799,-3.659530
0.487500,ClearingCan,1,1,Foot_R,1.255441,0.413311,-3.546004
0.487500,ClearingCan,1,1,Head,1.349800,0.275000,-3.835244
0.491666,ClearingCan,1,1,Pelvis,1.367002,0.754218,-3.847154
0.491666,ClearingCan,1,1,Spine,1.369392,0.914193,-3.848682
0.491666,ClearingCan,1,1,Head,1.354544,1.383938,-3.853004
0.491666,ClearingCan,1,1,Shin_L,1.393080,0.597520,-4.008356
0.491666,ClearingCan,1,1,Foot_L,1.419155,0.404457,-3.918012
0.491666,ClearingCan,1,1,Shin_R,1.250484,0.594925,-3.662509
0.491666,ClearingCan,1,1,Foot_R,1.254966,0.414022,-3.549993
0.491666,ClearingCan,1,1,Head,1.350480,0.275000,-3.836589
0.495833,ClearingCan,1,1,Pelvis,1.367948,0.754868,-3.848442
0.495833,ClearingCan,1,1,Spine,1.370315,0.914844,-3.849924
0.495833,ClearingCan,1,1,Head,1.355601,1.384590,-3.854542
0.495833,ClearingCan,1,1,Shin_L,1.396103,0.596684,-4.006521
0.495833,ClearingCan,1,1,Foot_L,1.419155,0.404457,-3.918011
0.495833,ClearingCan,1,1,Shin_R,1.250400,0.595129,-3.665631
0.495833,ClearingCan,1,1,Foot_R,1.254459,0.414738,-3.554245
0.495833,ClearingCan,1,1,Head,1.351161,0.275000,-3.837934
0.500000,ClearingCan,1,1,Pelvis,1.368895,0.755675,-3.849726
0.500000,ClearingCan,1,1,Spine,1.371228,0.915651,-3.851156
0.500000,ClearingCan,1,1,Head,1.356717,1.385402,-3.856044
0.500000,ClearingCan,1,1,Shin_L,1.399196,0.595920,-4.004432
0.500000,ClearingCan,1,1,Foot_L,1.419155,0.404457,-3.918011
0.500000,ClearingCan,1,1,Shin_R,1.250303,0.595407,-3.668894
0.500000,ClearingCan,1,1,Foot_R,1.253921,0.415457,-3.558758
0.500000,ClearingCan,1,1,Head,1.351841,0.275000,-3.839278
0.504166,ClearingCan,1,1,Pelvis,1.369397,0.757972,-3.850740
0.504166,ClearingCan,1,1,Spine,1.371687,0.917950,-3.852113
0.504166,ClearingCan,1,1,Head,1.357441,1.387705,-3.857239
0.504166,ClearingCan,1,1,Shin_L,1.401872,0.596950,-4.002704
0.504166,ClearingCan,1,1,Foot_L,1.419155,0.404458,-3.918011
0.504166,ClearingCan,1,1,Shin_R,1.249982,0.596867,-3.672454
0.504166,ClearingCan,1,1,Foot_R,1.253353,0.416176,-3.563529
0.504166,ClearingCan,1,1,Head,1.352521,0.275000,-3.840623
0.508333,ClearingCan,1,1,Pelvis,1.369895,0.760381,-3.851758
0.508333,ClearingCan,1,1,Spine,1.372138,0.920360,-3.853074
0.508333,ClearingCan,1,1,Head,1.358198,1.390123,-3.858393
0.508333,ClearingCan,1,1,Shin_L,1.404601,0.598016,-4.000765
0.508333,ClearingCan,1,1,Foot_L,1.419155,0.404457,-3.918011
0.508333,ClearingCan,1,1,Shin_R,1.249649,0.598381,-3.676152
0.508333,ClearingCan,1,1,Foot_R,1.252754,0.416893,-3.568554
0.508333,ClearingCan,1,1,Head,1.353202,0.275000,-3.841968
0.512500,ClearingCan,1,1,Pelvis,1.370387,0.762890,-3.852781
0.512500,ClearingCan,1,1,Spine,1.372578,0.922870,-3.854037
0.512500,ClearingCan,1,1,Head,1.358989,1.392641,-3.859510
0.512500,ClearingCan,1,1,Shin_L,1.407383,0.599113,-3.998607
0.512500,ClearingCan,1,1,Foot_L,1.419155,0.404457,-3.918011
0.512500,ClearingCan,1,1,Shin_R,1.249304,0.599942,-3.679987
0.512500,ClearingCan,1,1,Foot_R,1.252126,0.417603,-3.573828
0.512500,ClearingCan,1,1,Head,1.353882,0.275000,-3.843313
0.516666,ClearingCan,1,1,Pelvis,1.370875,0.765486,-3.853808
0.516666,ClearingCan,1,1,Spine,1.373007,0.925467,-3.855003
0.516666,ClearingCan,1,1,Head,1.359815,1.395249,-3.860593
0.516666,ClearingCan,1,1,Shin_L,1.410216,0.600235,-3.996218
0.516666,ClearingCan,1,1,Foot_L,1.419155,0.404457,-3.918011
0.516666,ClearingCan,1,1,Shin_R,1.248947,0.601540,-3.683954
0.516666,ClearingCan,1,1,Foot_R,1.251468,0.418304,-3.579345
0.516666,ClearingCan,1,1,Head,1.354562,0.275000,-3.844658
0.520833,ClearingCan,1,1,Pelvis,1.371359,0.768157,-3.854839
0.520833,ClearingCan,1,1,Spine,1.373423,0.928140,-3.855971
0.520833,ClearingCan,1,1,Head,1.360675,1.397932,-3.861644
0.520833,ClearingCan,1,1,Shin_L,1.413101,0.601376,-3.993584
0.520833,ClearingCan,1,1,Foot_L,1.419155,0.404457,-3.918011
0.520833,ClearingCan,1,1,Shin_R,1.248577,0.603169,-3.688052
0.520833,ClearingCan,1,1,Foot_R,1.250782,0.418993,-3.585099
0.520833,ClearingCan,1,1,Head,1.355243,0.275000,-3.846003
0.525000,ClearingCan,1,1,Pelvis,1.371838,0.770890,-3.855875
0.525000,ClearingCan,1,1,Spine,1.373826,0.930874,-3.856941
0.525000,ClearingCan,1,1,Head,1.361572,1.400679,-3.862666
0.525000,ClearingCan,1,1,Shin_L,1.416038,0.602531,-3.990689
0.525000,ClearingCan,1,1,Foot_L,1.419155,0.404457,-3.918011
0.525000,ClearingCan,1,1,Shin_R,1.248196,0.604820,-3.692274
0.525000,ClearingCan,1,1,Foot_R,1.250070,0.419667,-3.591082
0.525000,ClearingCan,1,1,Head,1.355923,0.275000,-3.847347
0.529166,ClearingCan,1,1,Pelvis,1.372312,0.773671,-3.856916
0.529166,ClearingCan,1,1,Spine,1.374215,0.933657,-3.857912
0.529166,ClearingCan,1,1,Head,1.362506,1.403476,-3.863661
0.529166,ClearingCan,1,1,Shin_L,1.419030,0.603693,-3.987511
0.529166,ClearingCan,1,1,Foot_L,1.419155,0.404457,-3.918011
0.529166,ClearingCan,1,1,Shin_R,1.247804,0.606484,-3.696617
0.529166,ClearingCan,1,1,Foot_R,1.249330,0.420323,-3.597287
0.529166,ClearingCan,1,1,Head,1.356604,0.275000,-3.848692
0.533333,ClearingCan,1,1,Pelvis,1.372783,0.776488,-3.857962
0.533333,ClearingCan,1,1,Spine,1.374587,0.936475,-3.858885
0.533333,ClearingCan,1,1,Head,1.363478,1.406308,-3.864633
0.533333,ClearingCan,1,1,Shin_L,1.422081,0.604854,-3.984024
0.533333,ClearingCan,1,1,Foot_L,1.419155,0.404457,-3.918011
0.533333,ClearingCan,1,1,Shin_R,1.247401,0.608153,-3.701077
0.533333,ClearingCan,1,1,Foot_R,1.248566,0.420957,-3.603705
0.533333,ClearingCan,1,1,Head,1.357284,0.275000,-3.850037
0.537500,ClearingCan,1,1,Pelvis,1.373000,0.779394,-3.858889
0.537500,ClearingCan,1,1,Spine,1.374688,0.939383,-3.859731
0.537500,ClearingCan,1,1,Head,1.364261,1.409232,-3.865455
0.537500,ClearingCan,1,1,Shin_L,1.425097,0.606041,-3.980090
0.537500,ClearingCan,1,1,Foot_L,1.419155,0.404457,-3.918011
0.537500,ClearingCan,1,1,Shin_R,1.246869,0.609848,-3.705589
0.537500,ClearingCan,1,1,Foot_R,1.247777,0.421569,-3.610327
0.537500,ClearingCan,1,1,Head,1.357964,0.275000,-3.851382
0.541666,ClearingCan,1,1,Pelvis,1.373211,0.781550,-3.859825
0.541666,ClearingCan,1,1,Spine,1.374763,0.941541,-3.860581
0.541666,ClearingCan,1,1,Head,1.365107,1.411407,-3.866253
0.541666,ClearingCan,1,1,Shin_L,1.427671,0.606917,-3.976855
0.541666,ClearingCan,1,1,Foot_L,1.419155,0.404457,-3.918011
0.541666,ClearingCan,1,1,Shin_R,1.242816,0.608474,-3.716099
0.541666,ClearingCan,1,1,Foot_R,1.246965,0.422154,-3.617142
0.541666,ClearingCan,1,1,Head,1.358645,0.275000,-3.852727
0.545833,ClearingCan,1,1,Pelvis,1.373415,0.783356,-3.860771
0.545833,ClearingCan,1,1,Spine,1.374816,0.943348,-3.861436
0.545833,ClearingCan,1,1,Head,1.365997,1.413232,-3.867023
0.545833,ClearingCan,1,1,Shin_L,1.430034,0.607645,-3.973881
0.545833,ClearingCan,1,1,Foot_L,1.419155,0.404457,-3.918011
0.545833,ClearingCan,1,1,Shin_R,1.239340,0.607332,-3.726090
0.545833,ClearingCan,1,1,Foot_R,1.246131,0.422710,-3.624141
0.545833,ClearingCan,1,1,Head,1.359325,0.275000,-3.854072
0.550000,ClearingCan,1,1,Pelvis,1.373614,0.785161,-3.861727
0.550000,ClearingCan,1,1,Spine,1.374855,0.945155,-3.862302
0.550000,ClearingCan,1,1,Head,1.366911,1.415056,-3.867760
0.550000,ClearingCan,1,1,Shin_L,1.432424,0.608360,-3.970667
0.550000,ClearingCan,1,1,Foot_L,1.419155,0.404457,-3.918011
0.550000,ClearingCan,1,1,Shin_R,1.236751,0.606856,-3.734927
0.550000,ClearingCan,1,1,Foot_R,1.245276,0.423235,-3.631313
0.550000,ClearingCan,1,1,Head,1.360005,0.275000,-3.855417
0.554166,ClearingCan,1,1,Pelvis,1.373806,0.786967,-3.862692
0.554166,ClearingCan,1,1,Spine,1.374886,0.946962,-3.863180
0.554166,ClearingCan,1,1,Head,1.367827,1.416879,-3.868464
0.554166,ClearingCan,1,1,Shin_L,1.434848,0.609058,-3.967179
0.554166,ClearingCan,1,1,Foot_L,1.419155,0.404457,-3.918011
0.554166,ClearingCan,1,1,Shin_R,1.234660,0.606759,-3.743191
0.554166,ClearingCan,1,1,Foot_R,1.244402,0.423727,-3.638646
0.554166,ClearingCan,1,1,Head,1.360686,0.275000,-3.856761
0.558333,ClearingCan,1,1,Pelvis,1.373992,0.788772,-3.863668
0.558333,ClearingCan,1,1,Spine,1.374916,0.948769,-3.864075
0.558333,ClearingCan,1,1,Head,1.368726,1.418701,-3.869133
0.558333,ClearingCan,1,1,Shin_L,1.437320,0.609732,-3.963368
0.558333,ClearingCan,1,1,Foot_L,1.419155,0.404457,-3.918011
0.558333,ClearingCan,1,1,Shin_R,1.232923,0.606939,-3.751073
0.558333,ClearingCan,1,1,Foot_R,1.243511,0.424184,-3.646128
0.558333,ClearingCan,1,1,Head,1.361366,0.275000,-3.858106
0.562500,ClearingCan,1,1,Pelvis,1.374172,0.790578,-3.864653
0.562500,ClearingCan,1,1,Spine,1.374952,0.950576,-3.864988
0.562500,ClearingCan,1,1,Head,1.369586,1.420521,-3.869766
0.562500,ClearingCan,1,1,Shin_L,1.439863,0.610377,-3.959160
0.562500,ClearingCan,1,1,Foot_L,1.419155,0.404457,-3.918011
0.562500,ClearingCan,1,1,Shin_R,1.231469,0.607349,-3.758653
0.562500,ClearingCan,1,1,Foot_R,1.242603,0.424603,-3.653747
0.562500,ClearingCan,1,1,Head,1.362047,0.275000,-3.859451
0.566666,ClearingCan,1,1,Pelvis,1.374347,0.792383,-3.865649
0.566666,ClearingCan,1,1,Spine,1.375001,0.952382,-3.865923
0.566666,ClearingCan,1,1,Head,1.370387,1.422338,-3.870362
0.566666,ClearingCan,1,1,Shin_L,1.442511,0.610982,-3.954443
0.566666,ClearingCan,1,1,Foot_L,1.419155,0.404457,-3.918011
0.566666,ClearingCan,1,1,Shin_R,1.230258,0.607959,-3.765962
0.566666,ClearingCan,1,1,Foot_R,1.241681,0.424983,-3.661490
0.566666,ClearingCan,1,1,Head,1.362727,0.275000,-3.860796
0.570833,ClearingCan,1,1,Pelvis,1.374773,0.793356,-3.866760
0.570833,ClearingCan,1,1,Spine,1.375321,0.953355,-3.866983
0.570833,ClearingCan,1,1,Head,1.371389,1.423321,-3.871015
0.570833,ClearingCan,1,1,Shin_L,1.444577,0.611271,-3.951282
0.570833,ClearingCan,1,1,Foot_L,1.419155,0.404457,-3.918011
0.570833,ClearingCan,1,1,Shin_R,1.228543,0.607688,-3.774821
0.570833,ClearingCan,1,1,Foot_R,1.240745,0.425323,-3.669345
0.570833,ClearingCan,1,1,Head,1.363407,0.275000,-3.862141
0.575000,ClearingCan,1,1,Pelvis,1.375196,0.794328,-3.867876
0.575000,ClearingCan,1,1,Spine,1.375652,0.954327,-3.868057
0.575000,ClearingCan,1,1,Head,1.372355,1.424302,-3.871610
0.575000,ClearingCan,1,1,Shin_L,1.446697,0.611534,-3.947774
0.575000,ClearingCan,1,1,Foot_L,1.419155,0.404457,-3.918011
0.575000,ClearingCan,1,1,Shin_R,1.227133,0.607667,-3.783295
0.575000,ClearingCan,1,1,Foot_R,1.239797,0.425620,-3.677299
0.575000,ClearingCan,1,1,Head,1.364088,0.275000,-3.863486
0.579166,ClearingCan,1,1,Pelvis,1.375615,0.795300,-3.868998
0.579166,ClearingCan,1,1,Spine,1.375989,0.955300,-3.869142
0.579166,ClearingCan,1,1,Head,1.373289,1.425282,-3.872161
0.579166,ClearingCan,1,1,Shin_L,1.448916,0.611763,-3.943774
0.579166,ClearingCan,1,1,Foot_L,1.419155,0.404457,-3.918011
0.579166,ClearingCan,1,1,Shin_R,1.225970,0.607851,-3.791455
0.579166,ClearingCan,1,1,Foot_R,1.238839,0.425874,-3.685336
0.579166,ClearingCan,1,1,Head,1.364768,0.275000,-3.864830
0.583333,ClearingCan,1,1,Pelvis,1.376032,0.796272,-3.870125
0.583333,ClearingCan,1,1,Spine,1.376331,0.956272,-3.870236
0.583333,ClearingCan,1,1,Head,1.374196,1.426261,-3.872680
0.583333,ClearingCan,1,1,Shin_L,1.451319,0.611942,-3.938998
0.583333,ClearingCan,1,1,Foot_L,1.419156,0.404457,-3.918011
0.583333,ClearingCan,1,1,Shin_R,1.225015,0.608207,-3.799339
0.583333,ClearingCan,1,1,Foot_R,1.237873,0.426082,-3.693445
0.583333,ClearingCan,1,1,Head,1.365448,0.275000,-3.866175
0.587500,ClearingCan,1,1,Pelvis,1.376445,0.797244,-3.871257
0.587500,ClearingCan,1,1,Spine,1.376673,0.957244,-3.871340
0.587500,ClearingCan,1,1,Head,1.375082,1.427238,-3.873180
0.587500,ClearingCan,1,1,Shin_L,1.454135,0.612027,-3.932717
0.587500,ClearingCan,1,1,Foot_L,1.419156,0.404457,-3.918011
0.587500,ClearingCan,1,1,Shin_R,1.224237,0.608708,-3.806973
0.587500,ClearingCan,1,1,Foot_R,1.236900,0.426246,-3.701610
0.587500,ClearingCan,1,1,Head,1.366129,0.275000,-3.867520
0.591666,ClearingCan,1,1,Pelvis,1.376855,0.797997,-3.872395
0.591666,ClearingCan,1,1,Spine,1.377011,0.957997,-3.872450
0.591666,ClearingCan,1,1,Head,1.375951,1.427994,-3.873673
0.591666,ClearingCan,1,1,Shin_L,1.457670,0.611839,-3.923888
0.591666,ClearingCan,1,1,Foot_L,1.419156,0.404457,-3.918012
0.591666,ClearingCan,1,1,Shin_R,1.223467,0.609109,-3.814742
0.591666,ClearingCan,1,1,Foot_R,1.235922,0.426363,-3.709819
0.591666,ClearingCan,1,1,Head,1.366809,0.275000,-3.868865
0.595833,ClearingCan,1,1,Pelvis,1.377262,0.797769,-3.873538
0.595833,ClearingCan,1,1,Spine,1.377344,0.957769,-3.873566
0.595833,ClearingCan,1,1,Head,1.376810,1.427768,-3.874172
0.595833,ClearingCan,1,1,Shin_L,1.458118,0.611756,-3.923866
0.595833,ClearingCan,1,1,Foot_L,1.419156,0.404457,-3.918011
0.595833,ClearingCan,1,1,Shin_R,1.222240,0.608671,-3.823858
0.595833,ClearingCan,1,1,Foot_R,1.234941,0.426434,-3.718056
0.595833,ClearingCan,1,1,Head,1.367490,0.275000,-3.870210
0.600000,ClearingCan,1,1,Pelvis,1.377666,0.797537,-3.874688
0.600000,ClearingCan,1,1,Spine,1.377666,0.957537,-3.874688
0.600000,ClearingCan,1,1,Head,1.377666,1.427537,-3.874688
0.600000,ClearingCan,1,1,Shin_L,1.458559,0.611673,-3.923843
0.600000,ClearingCan,1,1,Foot_L,1.419156,0.404457,-3.918012
0.600000,ClearingCan,1,1,Shin_R,1.221231,0.608402,-3.832635
0.600000,ClearingCan,1,1,Foot_R,1.233958,0.426457,-3.726307
0.600000,ClearingCan,1,1,Head,1.368170,0.275000,-3.871555
0.604166,ClearingCan,1,1,Pelvis,1.377821,0.797356,-3.875763
0.604166,ClearingCan,1,1,Spine,1.377738,0.957356,-3.875737
0.604166,ClearingCan,1,1,Head,1.378263,1.427355,-3.875122
0.604166,ClearingCan,1,1,Shin_L,1.458875,0.611614,-3.923783
0.604166,ClearingCan,1,1,Foot_L,1.419156,0.404457,-3.918011
0.604166,ClearingCan,1,1,Shin_R,1.219766,0.608441,-3.842795
0.604166,ClearingCan,1,1,Foot_R,1.232975,0.426433,-3.734558
0.604166,ClearingCan,1,1,Head,1.368850,0.275000,-3.872899
0.608333,ClearingCan,1,1,Pelvis,1.377971,0.797181,-3.876850
0.608333,ClearingCan,1,1,Spine,1.377810,0.957181,-3.876800
0.608333,ClearingCan,1,1,Head,1.378834,1.427178,-3.875540
0.608333,ClearingCan,1,1,Shin_L,1.459183,0.611556,-3.923725
0.608333,ClearingCan,1,1,Foot_L,1.419155,0.404457,-3.918011
0.608333,ClearingCan,1,1,Shin_R,1.218563,0.608702,-3.852502
0.608333,ClearingCan,1,1,Foot_R,1.231993,0.426363,-3.742795
0.608333,ClearingCan,1,1,Head,1.369531,0.275000,-3.874244
0.612500,ClearingCan,1,1,Pelvis,1.378117,0.797011,-3.877947
0.612500,ClearingCan,1,1,Spine,1.377878,0.957011,-3.877876
0.612500,ClearingCan,1,1,Head,1.379385,1.427004,-3.875953
0.612500,ClearingCan,1,1,Shin_L,1.459485,0.611500,-3.923670
0.612500,ClearingCan,1,1,Foot_L,1.419156,0.404457,-3.918012
0.612500,ClearingCan,1,1,Shin_R,1.217579,0.609145,-3.861819
0.612500,ClearingCan,1,1,Foot_R,1.231015,0.426246,-3.751003
0.612500,ClearingCan,1,1,Head,1.370211,0.275000,-3.875589
0.616666,ClearingCan,1,1,Pelvis,1.378259,0.796841,-3.879054
0.616666,ClearingCan,1,1,Spine,1.377941,0.956841,-3.878962
0.616666,ClearingCan,1,1,Head,1.379923,1.426830,-3.876374
0.616666,ClearingCan,1,1,Shin_L,1.459778,0.611444,-3.923619
0.616666,ClearingCan,1,1,Foot_L,1.419155,0.404457,-3.918011
0.616666,ClearingCan,1,1,Shin_R,1.216780,0.609734,-3.870794
0.616666,ClearingCan,1,1,Foot_R,1.230042,0.426082,-3.759169
0.616666,ClearingCan,1,1,Head,1.370891,0.275000,-3.876934
0.620833,ClearingCan,1,1,Pelvis,1.378397,0.796671,-3.880172
0.620833,ClearingCan,1,1,Spine,1.377995,0.956670,-3.880060
0.620833,ClearingCan,1,1,Head,1.380453,1.426652,-3.876812
0.620833,ClearingCan,1,1,Shin_L,1.460063,0.611389,-3.923570
0.620833,ClearingCan,1,1,Foot_L,1.419156,0.404457,-3.918011
0.620833,ClearingCan,1,1,Shin_R,1.216143,0.610444,-3.879456
0.620833,ClearingCan,1,1,Foot_R,1.229076,0.425873,-3.767278
0.620833,ClearingCan,1,1,Head,1.371572,0.275000,-3.878279
0.625000,ClearingCan,1,1,Pelvis,1.378532,0.796496,-3.881300
0.625000,ClearingCan,1,1,Spine,1.378035,0.956495,-3.881168
0.625000,ClearingCan,1,1,Head,1.380984,1.426469,-3.877280
0.625000,ClearingCan,1,1,Shin_L,1.460339,0.611335,-3.923523
0.625000,ClearingCan,1,1,Foot_L,1.419156,0.404457,-3.918012
0.625000,ClearingCan,1,1,Shin_R,1.215646,0.611248,-3.887832
0.625000,ClearingCan,1,1,Foot_R,1.228119,0.425620,-3.775315
0.625000,ClearingCan,1,1,Head,1.372252,0.275000,-3.879624
0.629166,ClearingCan,1,1,Pelvis,1.378663,0.796314,-3.882440
0.629166,ClearingCan,1,1,Spine,1.378060,0.956312,-3.882285
0.629166,ClearingCan,1,1,Head,1.381522,1.426278,-3.877789
0.629166,ClearingCan,1,1,Shin_L,1.460607,0.611283,-3.923481
0.629166,ClearingCan,1,1,Foot_L,1.419156,0.404457,-3.918011
0.629166,ClearingCan,1,1,Shin_R,1.215272,0.612125,-3.895941
0.629166,ClearingCan,1,1,Foot_R,1.227171,0.425323,-3.783269
0.629166,ClearingCan,1,1,Head,1.372933,0.275000,-3.880968
0.633333,ClearingCan,1,1,Pelvis,1.378791,0.796122,-3.883590
0.633333,ClearingCan,1,1,Spine,1.378066,0.956120,-3.883411
0.633333,ClearingCan,1,1,Head,1.382075,1.426076,-3.878349
0.633333,ClearingCan,1,1,Shin_L,1.460865,0.611232,-3.923440
0.633333,ClearingCan,1,1,Foot_L,1.419156,0.404457,-3.918011
0.633333,ClearingCan,1,1,Shin_R,1.215007,0.613053,-3.903798
0.633333,ClearingCan,1,1,Foot_R,1.226235,0.424983,-3.791124
0.633333,ClearingCan,1,1,Head,1.373613,0.275000,-3.882313
0.637500,ClearingCan,1,1,Pelvis,1.378430,0.796016,-3.884636
0.637500,ClearingCan,1,1,Spine,1.377560,0.956014,-3.884430
0.637500,ClearingCan,1,1,Head,1.382178,1.425958,-3.878836
0.637500,ClearingCan,1,1,Shin_L,1.460881,0.611231,-3.923347
0.637500,ClearingCan,1,1,Foot_L,1.419156,0.404457,-3.918012
0.637500,ClearingCan,1,1,Shin_R,1.214324,0.614500,-3.912760
0.637500,ClearingCan,1,1,Foot_R,1.225312,0.424603,-3.798867
0.637500,ClearingCan,1,1,Head,1.374293,0.275000,-3.883658
0.641666,ClearingCan,1,1,Pelvis,1.378062,0.795897,-3.885701
0.641666,ClearingCan,1,1,Spine,1.377025,0.955893,-3.885467
0.641666,ClearingCan,1,1,Head,1.382320,1.425823,-3.879360
0.641666,ClearingCan,1,1,Shin_L,1.460885,0.611233,-3.923264
0.641666,ClearingCan,1,1,Foot_L,1.419156,0.404457,-3.918011
0.641666,ClearingCan,1,1,Shin_R,1.213768,0.616015,-3.921427
0.641666,ClearingCan,1,1,Foot_R,1.224405,0.424184,-3.806487
0.641666,ClearingCan,1,1,Head,1.374974,0.275000,-3.885003
0.645833,ClearingCan,1,1,Pelvis,1.377690,0.795769,-3.886788
0.645833,ClearingCan,1,1,Spine,1.376471,0.955764,-3.886524
0.645833,ClearingCan,1,1,Head,1.382480,1.425679,-3.879922
0.645833,ClearingCan,1,1,Shin_L,1.460880,0.611236,-3.923185
0.645833,ClearingCan,1,1,Foot_L,1.419156,0.404457,-3.918012
0.645833,ClearingCan,1,1,Shin_R,1.213333,0.617589,-3.929805
0.645833,ClearingCan,1,1,Foot_R,1.223513,0.423727,-3.813968
0.645833,ClearingCan,1,1,Head,1.375654,0.275000,-3.886348
0.650000,ClearingCan,1,1,Pelvis,1.377314,0.795639,-3.887894
0.650000,ClearingCan,1,1,Spine,1.375904,0.955633,-3.887604
0.650000,ClearingCan,1,1,Head,1.382640,1.425531,-3.880524
0.650000,ClearingCan,1,1,Shin_L,1.460865,0.611241,-3.923116
0.650000,ClearingCan,1,1,Foot_L,1.419156,0.404458,-3.918012
0.650000,ClearingCan,1,1,Shin_R,1.213010,0.619212,-3.937896
0.650000,ClearingCan,1,1,Foot_R,1.222639,0.423235,-3.821301
0.650000,ClearingCan,1,1,Head,1.376334,0.275000,-3.887693
0.654166,ClearingCan,1,1,Pelvis,1.376933,0.795513,-3.889021
0.654166,ClearingCan,1,1,Spine,1.375332,0.955504,-3.888708
0.654166,ClearingCan,1,1,Head,1.382779,1.425385,-3.881168
0.654166,ClearingCan,1,1,Shin_L,1.460842,0.611247,-3.923055
0.654166,ClearingCan,1,1,Foot_L,1.419156,0.404457,-3.918012
0.654166,ClearingCan,1,1,Shin_R,1.212793,0.620876,-3.945702
0.654166,ClearingCan,1,1,Foot_R,1.221785,0.422710,-3.828473
0.654166,ClearingCan,1,1,Head,1.377015,0.275000,-3.889037
0.658333,ClearingCan,1,1,Pelvis,1.376548,0.795396,-3.890169
0.658333,ClearingCan,1,1,Spine,1.374762,0.955385,-3.889837
0.658333,ClearingCan,1,1,Head,1.382879,1.425248,-3.881858
0.658333,ClearingCan,1,1,Shin_L,1.460813,0.611254,-3.923001
0.658333,ClearingCan,1,1,Foot_L,1.419155,0.404457,-3.918012
0.658333,ClearingCan,1,1,Shin_R,1.212677,0.622572,-3.953226
0.658333,ClearingCan,1,1,Foot_R,1.220951,0.422154,-3.835473
0.658333,ClearingCan,1,1,Head,1.377695,0.275000,-3.890382
0.662500,ClearingCan,1,1,Pelvis,1.376160,0.795294,-3.891337
0.662500,ClearingCan,1,1,Spine,1.374204,0.955282,-3.890992
0.662500,ClearingCan,1,1,Head,1.382921,1.425126,-3.882598
0.662500,ClearingCan,1,1,Shin_L,1.460777,0.611262,-3.922960
0.662500,ClearingCan,1,1,Foot_L,1.419155,0.404457,-3.918012
0.662500,ClearingCan,1,1,Shin_R,1.212655,0.624293,-3.960469
0.662500,ClearingCan,1,1,Foot_R,1.220139,0.421568,-3.842288
0.662500,ClearingCan,1,1,Head,1.378376,0.275000,-3.891727
0.666666,ClearingCan,1,1,Pelvis,1.375768,0.795214,-3.892525
0.666666,ClearingCan,1,1,Spine,1.373663,0.955199,-3.892176
0.666666,ClearingCan,1,1,Head,1.382885,1.425027,-3.883394
0.666666,ClearingCan,1,1,Shin_L,1.460737,0.611271,-3.922925
0.666666,ClearingCan,1,1,Foot_L,1.419156,0.404457,-3.918012
0.666666,ClearingCan,1,1,Shin_R,1.212723,0.626034,-3.967433
0.666666,ClearingCan,1,1,Foot_R,1.219350,0.420957,-3.848910
0.666666,ClearingCan,1,1,Head,1.379056,0.275000,-3.893072
0.670833,ClearingCan,1,1,Pelvis,1.375867,0.798310,-3.893812
0.670833,ClearingCan,1,1,Spine,1.373633,0.958295,-3.893463
0.670833,ClearingCan,1,1,Head,1.383275,1.428107,-3.884318
0.670833,ClearingCan,1,1,Shin_L,1.461259,0.614423,-3.922947
0.670833,ClearingCan,1,1,Foot_L,1.419155,0.404457,-3.918011
0.670833,ClearingCan,1,1,Shin_R,1.213640,0.629254,-3.970805
0.670833,ClearingCan,1,1,Foot_R,1.218585,0.420323,-3.855328
0.670833,ClearingCan,1,1,Head,1.379736,0.275000,-3.894417
0.675000,ClearingCan,1,1,Pelvis,1.375964,0.801419,-3.895110
0.675000,ClearingCan,1,1,Spine,1.373613,0.961402,-3.894765
0.675000,ClearingCan,1,1,Head,1.383621,1.431199,-3.885282
0.675000,ClearingCan,1,1,Shin_L,1.461774,0.617576,-3.922979
0.675000,ClearingCan,1,1,Foot_L,1.419155,0.404457,-3.918011
0.675000,ClearingCan,1,1,Shin_R,1.214567,0.632371,-3.973910
0.675000,ClearingCan,1,1,Foot_R,1.217846,0.419667,-3.861533
0.675000,ClearingCan,1,1,Head,1.380417,0.275000,-3.895762
0.679166,ClearingCan,1,1,Pelvis,1.376060,0.804539,-3.896418
0.679166,ClearingCan,1,1,Spine,1.373603,0.964520,-3.896082
0.679166,ClearingCan,1,1,Head,1.383927,1.434305,-3.886287
0.679166,ClearingCan,1,1,Shin_L,1.462281,0.620731,-3.923013
0.679166,ClearingCan,1,1,Foot_L,1.419155,0.404457,-3.918011
0.679166,ClearingCan,1,1,Shin_R,1.215499,0.635383,-3.976750
0.679166,ClearingCan,1,1,Foot_R,1.217133,0.418993,-3.867516
0.679166,ClearingCan,1,1,Head,1.381097,0.275000,-3.897106
0.683333,ClearingCan,1,1,Pelvis,1.376155,0.807670,-3.897738
0.683333,ClearingCan,1,1,Spine,1.373600,0.967649,-3.897413
0.683333,ClearingCan,1,1,Head,1.384197,1.437422,-3.887338
0.683333,ClearingCan,1,1,Shin_L,1.462781,0.623888,-3.923048
0.683333,ClearingCan,1,1,Foot_L,1.419155,0.404457,-3.918011
0.683333,ClearingCan,1,1,Shin_R,1.216432,0.638291,-3.979331
0.683333,ClearingCan,1,1,Foot_R,1.216447,0.418304,-3.873270
0.683333,ClearingCan,1,1,Head,1.381777,0.275000,-3.898451
0.687500,ClearingCan,1,1,Pelvis,1.376246,0.810810,-3.899061
0.687500,ClearingCan,1,1,Spine,1.373602,0.970788,-3.898751
0.687500,ClearingCan,1,1,Head,1.384431,1.440550,-3.888433
0.687500,ClearingCan,1,1,Shin_L,1.463270,0.627046,-3.923090
0.687500,ClearingCan,1,1,Foot_L,1.419155,0.404457,-3.918012
0.687500,ClearingCan,1,1,Shin_R,1.217357,0.641099,-3.981648
0.687500,ClearingCan,1,1,Foot_R,1.215790,0.417603,-3.878787
0.687500,ClearingCan,1,1,Head,1.382454,0.275000,-3.899788
0.691666,ClearingCan,1,1,Pelvis,1.376329,0.813961,-3.900381
0.691666,ClearingCan,1,1,Spine,1.373604,0.973937,-3.900088
0.691666,ClearingCan,1,1,Head,1.384630,1.443690,-3.889566
0.691666,ClearingCan,1,1,Shin_L,1.463747,0.630207,-3.923135
0.691666,ClearingCan,1,1,Foot_L,1.419155,0.404457,-3.918011
0.691666,ClearingCan,1,1,Shin_R,1.218264,0.643813,-3.983699
0.691666,ClearingCan,1,1,Foot_R,1.215162,0.416893,-3.884060
0.691666,ClearingCan,1,1,Head,1.383123,0.275000,-3.901112
0.695833,ClearingCan,1,1,Pelvis,1.376401,0.817121,-3.901689
0.695833,ClearingCan,1,1,Spine,1.373601,0.977096,-3.901414
0.695833,ClearingCan,1,1,Head,1.384794,1.446841,-3.890735
0.695833,ClearingCan,1,1,Shin_L,1.464208,0.633370,-3.923184
0.695833,ClearingCan,1,1,Foot_L,1.419155,0.404457,-3.918011
0.695833,ClearingCan,1,1,Shin_R,1.219143,0.646440,-3.985477
0.695833,ClearingCan,1,1,Foot_R,1.214563,0.416177,-3.889085
0.695833,ClearingCan,1,1,Head,1.383782,0.275000,-3.902413
0.700000,ClearingCan,1,1,Pelvis,1.376457,0.820291,-3.902977
0.700000,ClearingCan,1,1,Spine,1.373588,0.980265,-3.902721
0.700000,ClearingCan,1,1,Head,1.384925,1.450004,-3.891935
0.700000,ClearingCan,1,1,Shin_L,1.464651,0.636537,-3.923236
0.700000,ClearingCan,1,1,Foot_L,1.419155,0.404457,-3.918012
0.700000,ClearingCan,1,1,Shin_R,1.219984,0.648988,-3.986976
0.700000,ClearingCan,1,1,Foot_R,1.213994,0.415457,-3.893857
0.700000,ClearingCan,1,1,Head,1.384425,0.275000,-3.903685
0.704166,ClearingCan,1,1,Pelvis,1.376882,0.824431,-3.904267
0.704166,ClearingCan,1,1,Spine,1.373956,0.984404,-3.904032
0.704166,ClearingCan,1,1,Head,1.385393,1.454140,-3.893189
0.704166,ClearingCan,1,1,Shin_L,1.465368,0.640681,-3.923311
0.704166,ClearingCan,1,1,Foot_L,1.419155,0.404457,-3.918011
0.704166,ClearingCan,1,1,Shin_R,1.221177,0.651047,-3.985110
0.704166,ClearingCan,1,1,Foot_R,1.213457,0.414738,-3.898370
0.704166,ClearingCan,1,1,Head,1.385050,0.275000,-3.904921
0.708333,ClearingCan,1,1,Pelvis,1.377286,0.828217,-3.905514
0.708333,ClearingCan,1,1,Spine,1.374316,0.988189,-3.905302
0.708333,ClearingCan,1,1,Head,1.385804,1.457923,-3.894453
0.708333,ClearingCan,1,1,Shin_L,1.465751,0.644740,-3.928066
0.708333,ClearingCan,1,1,Foot_L,1.419155,0.404457,-3.918011
0.708333,ClearingCan,1,1,Shin_R,1.222255,0.652862,-3.983099
0.708333,ClearingCan,1,1,Foot_R,1.212950,0.414021,-3.902622
0.708333,ClearingCan,1,1,Head,1.385653,0.275000,-3.906112
0.712500,ClearingCan,1,1,Pelvis,1.377665,0.827245,-3.906713
0.712500,ClearingCan,1,1,Spine,1.374663,0.987217,-3.906523
0.712500,ClearingCan,1,1,Head,1.386165,1.456951,-3.895719
0.712500,ClearingCan,1,1,Shin_L,1.465014,0.646853,-3.953042
0.712500,ClearingCan,1,1,Foot_L,1.419155,0.404457,-3.918011
0.712500,ClearingCan,1,1,Shin_R,1.222860,0.652508,-3.987029
0.712500,ClearingCan,1,1,Foot_R,1.212475,0.413311,-3.906611
0.712500,ClearingCan,1,1,Head,1.386231,0.275000,-3.907255
0.716666,ClearingCan,1,1,Pelvis,1.378017,0.826272,-3.907856
0.716666,ClearingCan,1,1,Spine,1.374988,0.986244,-3.907689
0.716666,ClearingCan,1,1,Head,1.386488,1.455981,-3.896980
0.716666,ClearingCan,1,1,Shin_L,1.465217,0.648747,-3.967001
0.716666,ClearingCan,1,1,Foot_L,1.419155,0.404457,-3.918011
0.716666,ClearingCan,1,1,Shin_R,1.223451,0.652138,-3.990766
0.716666,ClearingCan,1,1,Foot_R,1.212031,0.412610,-3.910336
0.716666,ClearingCan,1,1,Head,1.386781,0.275000,-3.908342
0.720833,ClearingCan,1,1,Pelvis,1.378339,0.825300,-3.908939
0.720833,ClearingCan,1,1,Spine,1.375285,0.985271,-3.908792
0.720833,ClearingCan,1,1,Head,1.386780,1.455011,-3.898229
0.720833,ClearingCan,1,1,Shin_L,1.465731,0.650599,-3.977951
0.720833,ClearingCan,1,1,Foot_L,1.419155,0.404457,-3.918011
0.720833,ClearingCan,1,1,Shin_R,1.224022,0.651752,-3.994314
0.720833,ClearingCan,1,1,Foot_R,1.211619,0.411921,-3.913796
0.720833,ClearingCan,1,1,Head,1.387301,0.275000,-3.909370
0.725000,ClearingCan,1,1,Pelvis,1.378629,0.824328,-3.909956
0.725000,ClearingCan,1,1,Spine,1.375548,0.984298,-3.909829
0.725000,ClearingCan,1,1,Head,1.387053,1.454043,-3.899459
0.725000,ClearingCan,1,1,Shin_L,1.466420,0.652448,-3.987287
0.725000,ClearingCan,1,1,Foot_L,1.419155,0.404457,-3.918011
0.725000,ClearingCan,1,1,Shin_R,1.224567,0.651353,-3.997681
0.725000,ClearingCan,1,1,Foot_R,1.211238,0.411248,-3.916992
0.725000,ClearingCan,1,1,Head,1.387788,0.275000,-3.910333
0.729166,ClearingCan,1,1,Pelvis,1.378886,0.823356,-3.910903
0.729166,ClearingCan,1,1,Spine,1.375771,0.983326,-3.910795
0.729166,ClearingCan,1,1,Head,1.387316,1.453074,-3.900666
0.729166,ClearingCan,1,1,Shin_L,1.467219,0.654310,-3.995569
0.729166,ClearingCan,1,1,Foot_L,1.419155,0.404457,-3.918011
0.729166,ClearingCan,1,1,Shin_R,1.225081,0.650943,-4.000873
0.729166,ClearingCan,1,1,Foot_R,1.210888,0.410592,-3.919927
0.729166,ClearingCan,1,1,Head,1.388241,0.275000,-3.911228
0.733333,ClearingCan,1,1,Pelvis,1.379107,0.822384,-3.911778
0.733333,ClearingCan,1,1,Spine,1.375949,0.982352,-3.911687
0.733333,ClearingCan,1,1,Head,1.387579,1.452105,-3.901843
0.733333,ClearingCan,1,1,Shin_L,1.468086,0.656199,-4.003089
0.733333,ClearingCan,1,1,Foot_L,1.419155,0.404457,-3.918011
0.733333,ClearingCan,1,1,Shin_R,1.225558,0.650524,-4.003899
0.733333,ClearingCan,1,1,Foot_R,1.210569,0.409957,-3.922602
0.733333,ClearingCan,1,1,Head,1.388659,0.275000,-3.912053
0.737500,ClearingCan,1,1,Pelvis,1.379126,0.820578,-3.912574
0.737500,ClearingCan,1,1,Spine,1.375912,0.980546,-3.912498
0.737500,ClearingCan,1,1,Head,1.387677,1.450302,-3.902993
0.737500,ClearingCan,1,1,Shin_L,1.468638,0.656067,-4.007209
0.737500,ClearingCan,1,1,Foot_L,1.419155,0.404457,-3.918011
0.737500,ClearingCan,1,1,Shin_R,1.225882,0.649503,-4.007277
0.737500,ClearingCan,1,1,Foot_R,1.210281,0.409346,-3.925023
0.737500,ClearingCan,1,1,Head,1.389040,0.275000,-3.912806
0.741666,ClearingCan,1,1,Pelvis,1.379108,0.818772,-3.913295
0.741666,ClearingCan,1,1,Spine,1.375830,0.978739,-3.913234
0.741666,ClearingCan,1,1,Head,1.387769,1.448499,-3.904125
0.741666,ClearingCan,1,1,Shin_L,1.469167,0.655945,-4.011143
0.741666,ClearingCan,1,1,Foot_L,1.419155,0.404457,-3.918011
0.741666,ClearingCan,1,1,Shin_R,1.226169,0.648481,-4.010480
0.741666,ClearingCan,1,1,Foot_R,1.210022,0.408761,-3.927195
0.741666,ClearingCan,1,1,Head,1.389384,0.275000,-3.913486
0.745833,ClearingCan,1,1,Pelvis,1.379053,0.816967,-3.913941
0.745833,ClearingCan,1,1,Spine,1.375705,0.976932,-3.913893
0.745833,ClearingCan,1,1,Head,1.387846,1.446695,-3.905234
0.745833,ClearingCan,1,1,Shin_L,1.469664,0.655838,-4.014913
0.745833,ClearingCan,1,1,Foot_L,1.419155,0.404457,-3.918011
0.745833,ClearingCan,1,1,Shin_R,1.226416,0.647461,-4.013510
0.745833,ClearingCan,1,1,Foot_R,1.209792,0.408204,-3.929124
0.745833,ClearingCan,1,1,Head,1.389690,0.275000,-3.914092
0.750000,ClearingCan,1,1,Pelvis,1.378961,0.815161,-3.914512
0.750000,ClearingCan,1,1,Spine,1.375542,0.975125,-3.914476
0.750000,ClearingCan,1,1,Head,1.387903,1.444891,-3.906311
0.750000,ClearingCan,1,1,Shin_L,1.470124,0.655744,-4.018539
0.750000,ClearingCan,1,1,Foot_L,1.419155,0.404457,-3.918011
0.750000,ClearingCan,1,1,Shin_R,1.226620,0.646448,-4.016370
0.750000,ClearingCan,1,1,Foot_R,1.209590,0.407679,-3.930818
0.750000,ClearingCan,1,1,Head,1.389961,0.275000,-3.914627
0.754166,ClearingCan,1,1,Pelvis,1.378834,0.813356,-3.915009
0.754166,ClearingCan,1,1,Spine,1.375343,0.973318,-3.914984
0.754166,ClearingCan,1,1,Head,1.387931,1.443087,-3.907351
0.754166,ClearingCan,1,1,Shin_L,1.470542,0.655665,-4.022038
0.754166,ClearingCan,1,1,Foot_L,1.419155,0.404457,-3.918011
0.754166,ClearingCan,1,1,Shin_R,1.226782,0.645443,-4.019066
0.754166,ClearingCan,1,1,Foot_R,1.209415,0.407187,-3.932286
0.754166,ClearingCan,1,1,Head,1.390195,0.275000,-3.915090
0.758333,ClearingCan,1,1,Pelvis,1.378673,0.811550,-3.915435
0.758333,ClearingCan,1,1,Spine,1.375112,0.971511,-3.915420
0.758333,ClearingCan,1,1,Head,1.387925,1.441283,-3.908350
0.758333,ClearingCan,1,1,Shin_L,1.470915,0.655602,-4.025424
0.758333,ClearingCan,1,1,Foot_L,1.419155,0.404457,-3.918011
0.758333,ClearingCan,1,1,Shin_R,1.226899,0.644450,-4.021604
0.758333,ClearingCan,1,1,Foot_R,1.209266,0.406730,-3.933540
0.758333,ClearingCan,1,1,Head,1.390395,0.275000,-3.915485
0.762500,ClearingCan,1,1,Pelvis,1.378479,0.809745,-3.915792
0.762500,ClearingCan,1,1,Spine,1.374854,0.969704,-3.915785
0.762500,ClearingCan,1,1,Head,1.387878,1.439479,-3.909303
0.762500,ClearingCan,1,1,Shin_L,1.471242,0.655555,-4.028706
0.762500,ClearingCan,1,1,Foot_L,1.419155,0.404458,-3.918011
0.762500,ClearingCan,1,1,Shin_R,1.226974,0.643471,-4.023990
0.762500,ClearingCan,1,1,Foot_R,1.209141,0.406311,-3.934591
0.762500,ClearingCan,1,1,Head,1.390562,0.275000,-3.915815
0.766666,ClearingCan,1,1,Pelvis,1.378254,0.807939,-3.916084
0.766666,ClearingCan,1,1,Spine,1.374574,0.967897,-3.916085
0.766666,ClearingCan,1,1,Head,1.387783,1.437674,-3.910209
0.766666,ClearingCan,1,1,Shin_L,1.471522,0.655522,-4.031895
0.766666,ClearingCan,1,1,Foot_L,1.419155,0.404457,-3.918011
0.766666,ClearingCan,1,1,Shin_R,1.227006,0.642509,-4.026234
0.766666,ClearingCan,1,1,Foot_R,1.209038,0.405931,-3.935452
0.766666,ClearingCan,1,1,Head,1.390698,0.275000,-3.916084
0.770833,ClearingCan,1,1,Pelvis,1.378167,0.806967,-3.916317
0.770833,ClearingCan,1,1,Spine,1.374441,0.966924,-3.916322
0.770833,ClearingCan,1,1,Head,1.387809,1.436704,-3.911086
0.770833,ClearingCan,1,1,Shin_L,1.471500,0.654322,-4.031499
0.770833,ClearingCan,1,1,Foot_L,1.419155,0.404457,-3.918011
0.770833,ClearingCan,1,1,Shin_R,1.227139,0.642662,-4.028818
0.770833,ClearingCan,1,1,Foot_R,1.208957,0.405592,-3.936137
0.770833,ClearingCan,1,1,Head,1.390806,0.275000,-3.916297
0.774999,ClearingCan,1,1,Pelvis,1.378055,0.805995,-3.916494
0.774999,ClearingCan,1,1,Spine,1.374288,0.965950,-3.916504
0.774999,ClearingCan,1,1,Head,1.387797,1.435734,-3.911951
0.774999,ClearingCan,1,1,Shin_L,1.471423,0.653131,-4.031107
0.774999,ClearingCan,1,1,Foot_L,1.419155,0.404457,-3.918011
0.774999,ClearingCan,1,1,Shin_R,1.227235,0.642837,-4.031273
0.774999,ClearingCan,1,1,Foot_R,1.208894,0.405295,-3.936664
0.774999,ClearingCan,1,1,Head,1.390888,0.275000,-3.916459
0.779166,ClearingCan,1,1,Pelvis,1.377920,0.805023,-3.916623
0.779166,ClearingCan,1,1,Spine,1.374118,0.964977,-3.916637
0.779166,ClearingCan,1,1,Head,1.387754,1.434763,-3.912801
0.779166,ClearingCan,1,1,Shin_L,1.471300,0.651947,-4.030719
0.779166,ClearingCan,1,1,Foot_L,1.419155,0.404457,-3.918011
0.779166,ClearingCan,1,1,Shin_R,1.227298,0.643037,-4.033618
0.779166,ClearingCan,1,1,Foot_R,1.208848,0.405041,-3.937050
0.779166,ClearingCan,1,1,Head,1.390947,0.275000,-3.916577
0.783333,ClearingCan,1,1,Pelvis,1.377766,0.804050,-3.916711
0.783333,ClearingCan,1,1,Spine,1.373931,0.964004,-3.916727
0.783333,ClearingCan,1,1,Head,1.387685,1.433793,-3.913634
0.783333,ClearingCan,1,1,Shin_L,1.471136,0.650771,-4.030334
0.783333,ClearingCan,1,1,Foot_L,1.419155,0.404457,-3.918011
0.783333,ClearingCan,1,1,Shin_R,1.227331,0.643261,-4.035872
0.783333,ClearingCan,1,1,Foot_R,1.208816,0.404832,-3.937314
0.783333,ClearingCan,1,1,Head,1.390988,0.275000,-3.916657
0.787499,ClearingCan,1,1,Pelvis,1.377596,0.803078,-3.916765
0.787499,ClearingCan,1,1,Spine,1.373731,0.963031,-3.916783
0.787499,ClearingCan,1,1,Head,1.387597,1.432821,-3.914448
0.787499,ClearingCan,1,1,Shin_L,1.470940,0.649601,-4.029949
0.787499,ClearingCan,1,1,Foot_L,1.419155,0.404457,-3.918011
0.787499,ClearingCan,1,1,Shin_R,1.227339,0.643511,-4.038050
0.787499,ClearingCan,1,1,Foot_R,1.208797,0.404669,-3.937479
0.787499,ClearingCan,1,1,Head,1.391012,0.275000,-3.916706
0.791666,ClearingCan,1,1,Pelvis,1.377414,0.802106,-3.916794
0.791666,ClearingCan,1,1,Spine,1.373519,0.962058,-3.916812
0.791666,ClearingCan,1,1,Head,1.387496,1.431848,-3.915241
0.791666,ClearingCan,1,1,Shin_L,1.470720,0.648436,-4.029565
0.791666,ClearingCan,1,1,Foot_L,1.419155,0.404457,-3.918011
0.791666,ClearingCan,1,1,Shin_R,1.227327,0.643788,-4.040173
0.791666,ClearingCan,1,1,Foot_R,1.208787,0.404551,-3.937564
0.791666,ClearingCan,1,1,Head,1.391025,0.275000,-3.916731
0.795833,ClearingCan,1,1,Pelvis,1.377224,0.801134,-3.916805
0.795833,ClearingCan,1,1,Spine,1.373298,0.961086,-3.916824
0.795833,ClearingCan,1,1,Head,1.387390,1.430873,-3.916012
0.795833,ClearingCan,1,1,Shin_L,1.470482,0.647275,-4.029180
0.795833,ClearingCan,1,1,Foot_L,1.419155,0.404457,-3.918011
0.795833,ClearingCan,1,1,Shin_R,1.227300,0.644093,-4.042259
0.795833,ClearingCan,1,1,Foot_R,1.208783,0.404481,-3.937597
0.795833,ClearingCan,1,1,Head,1.391030,0.275000,-3.916740
0.799999,ClearingCan,1,1,Pelvis,1.377031,0.800161,-3.916807
0.799999,ClearingCan,1,1,Spine,1.373071,0.960112,-3.916826
0.799999,ClearingCan,1,1,Head,1.387286,1.429897,-3.916759
0.799999,ClearingCan,1,1,Shin_L,1.470237,0.646117,-4.028792
0.799999,ClearingCan,1,1,Foot_L,1.419155,0.404457,-3.918011
0.799999,ClearingCan,1,1,Shin_R,1.227267,0.644428,-4.044331
0.799999,ClearingCan,1,1,Foot_R,1.208782,0.404457,-3.937601
0.799999,ClearingCan,1,1,Head,1.391031,0.275000,-3.916741
0.804166,ClearingCan,2,1,Pelvis,1.376836,0.799189,-3.916808
0.804166,ClearingCan,2,1,Spine,1.372915,0.959141,-3.916827
0.804166,ClearingCan,2,1,Head,1.386998,1.428929,-3.917506
0.804166,ClearingCan,2,1,Shin_L,1.469782,0.643935,-4.026601
0.804166,ClearingCan,2,1,Foot_L,1.419156,0.404481,-3.918012
0.804166,ClearingCan,2,1,Shin_R,1.227160,0.643818,-4.044839
0.804166,ClearingCan,2,1,Foot_R,1.208782,0.404457,-3.937601
0.804166,ClearingCan,2,1,Head,1.391031,0.275000,-3.916741
0.808333,ClearingCan,2,1,Pelvis,1.376642,0.798217,-3.916809
0.808333,ClearingCan,2,1,Spine,1.372755,0.958170,-3.916828
0.808333,ClearingCan,2,1,Head,1.386716,1.427960,-3.918267
0.808333,ClearingCan,2,1,Shin_L,1.469333,0.641790,-4.024420
0.808333,ClearingCan,2,1,Foot_L,1.419164,0.404551,-3.918013
0.808333,ClearingCan,2,1,Shin_R,1.227052,0.643206,-4.045345
0.808333,ClearingCan,2,1,Foot_R,1.208782,0.404457,-3.937602
0.808333,ClearingCan,2,1,Head,1.391031,0.275000,-3.916741
0.812499,ClearingCan,2,1,Pelvis,1.376447,0.797245,-3.916810
0.812499,ClearingCan,2,1,Spine,1.372595,0.957198,-3.916828
0.812499,ClearingCan,2,1,Head,1.386436,1.426989,-3.919035
0.812499,ClearingCan,2,1,Shin_L,1.468894,0.639682,-4.022254
0.812499,ClearingCan,2,1,Foot_L,1.419187,0.404669,-3.918016
0.812499,ClearingCan,2,1,Shin_R,1.226944,0.642593,-4.045848
0.812499,ClearingCan,2,1,Foot_R,1.208782,0.404457,-3.937602
0.812499,ClearingCan,2,1,Head,1.391031,0.275000,-3.916741
0.816666,ClearingCan,2,1,Pelvis,1.376253,0.796273,-3.916811
0.816666,ClearingCan,2,1,Spine,1.372435,0.956227,-3.916829
0.816666,ClearingCan,2,1,Head,1.386156,1.426017,-3.919800
0.816666,ClearingCan,2,1,Shin_L,1.468467,0.637610,-4.020107
0.816666,ClearingCan,2,1,Foot_L,1.419229,0.404832,-3.918023
0.816666,ClearingCan,2,1,Shin_R,1.226837,0.641980,-4.046348
0.816666,ClearingCan,2,1,Foot_R,1.208782,0.404457,-3.937601
0.816666,ClearingCan,2,1,Head,1.391031,0.275000,-3.916741
0.820833,ClearingCan,2,1,Pelvis,1.376059,0.795300,-3.916812
0.820833,ClearingCan,2,1,Spine,1.372277,0.955256,-3.916830
0.820833,ClearingCan,2,1,Head,1.385870,1.425044,-3.920553
0.820833,ClearingCan,2,1,Shin_L,1.468055,0.635574,-4.017982
0.820833,ClearingCan,2,1,Foot_L,1.419298,0.405041,-3.918035
0.820833,ClearingCan,2,1,Shin_R,1.226729,0.641368,-4.046842
0.820833,ClearingCan,2,1,Foot_R,1.208782,0.404457,-3.937602
0.820833,ClearingCan,2,1,Head,1.391031,0.275000,-3.916741
0.824999,ClearingCan,2,1,Pelvis,1.375864,0.794328,-3.916813
0.824999,ClearingCan,2,1,Spine,1.372123,0.954284,-3.916831
0.824999,ClearingCan,2,1,Head,1.385574,1.424071,-3.921284
0.824999,ClearingCan,2,1,Shin_L,1.467663,0.633571,-4.015882
0.824999,ClearingCan,2,1,Foot_L,1.419398,0.405294,-3.918051
0.824999,ClearingCan,2,1,Shin_R,1.226622,0.640756,-4.047330
0.824999,ClearingCan,2,1,Foot_R,1.208782,0.404457,-3.937601
0.824999,ClearingCan,2,1,Head,1.391031,0.275000,-3.916741
0.829166,ClearingCan,2,1,Pelvis,1.375670,0.793356,-3.916814
0.829166,ClearingCan,2,1,Spine,1.371975,0.953313,-3.916831
0.829166,ClearingCan,2,1,Head,1.385264,1.423097,-3.921984
0.829166,ClearingCan,2,1,Shin_L,1.467291,0.631600,-4.013813
0.829166,ClearingCan,2,1,Foot_L,1.419534,0.405592,-3.918074
0.829166,ClearingCan,2,1,Shin_R,1.226516,0.640145,-4.047811
0.829166,ClearingCan,2,1,Foot_R,1.208782,0.404457,-3.937602
0.829166,ClearingCan,2,1,Head,1.391031,0.275000,-3.916741
0.833333,ClearingCan,2,1,Pelvis,1.375475,0.792384,-3.916815
0.833333,ClearingCan,2,1,Spine,1.371833,0.952342,-3.916832
0.833333,ClearingCan,2,1,Head,1.384936,1.422123,-3.922645
0.833333,ClearingCan,2,1,Shin_L,1.466943,0.629660,-4.011776
0.833333,ClearingCan,2,1,Foot_L,1.419712,0.405931,-3.918103
0.833333,ClearingCan,2,1,Shin_R,1.226410,0.639536,-4.048283
0.833333,ClearingCan,2,1,Foot_R,1.208782,0.404457,-3.937602
0.833333,ClearingCan,2,1,Head,1.391031,0.275000,-3.916741
0.837499,ClearingCan,2,1,Pelvis,1.375114,0.790578,-3.916816
0.837499,ClearingCan,2,1,Spine,1.371534,0.950538,-3.916833
0.837499,ClearingCan,2,1,Head,1.384416,1.420317,-3.923279
0.837499,ClearingCan,2,1,Shin_L,1.466484,0.627060,-4.010111
0.837499,ClearingCan,2,1,Foot_L,1.419935,0.406311,-3.918140
0.837499,ClearingCan,2,1,Shin_R,1.226022,0.636016,-4.045678
0.837499,ClearingCan,2,1,Foot_R,1.208782,0.404457,-3.937602
0.837499,ClearingCan,2,1,Head,1.391031,0.275000,-3.916741
0.841666,ClearingCan,2,1,Pelvis,1.374753,0.788773,-3.916818
0.841666,ClearingCan,2,1,Spine,1.371245,0.948734,-3.916835
0.841666,ClearingCan,2,1,Head,1.383871,1.418511,-3.923900
0.841666,ClearingCan,2,1,Shin_L,1.466053,0.624485,-4.008498
0.841666,ClearingCan,2,1,Foot_L,1.420207,0.406730,-3.918185
0.841666,ClearingCan,2,1,Shin_R,1.225638,0.632518,-4.043015
0.841666,ClearingCan,2,1,Foot_R,1.208782,0.404457,-3.937602
0.841666,ClearingCan,2,1,Head,1.391031,0.275000,-3.916741
0.845833,ClearingCan,2,1,Pelvis,1.374392,0.786967,-3.916820
0.845833,ClearingCan,2,1,Spine,1.370963,0.946930,-3.916836
0.845833,ClearingCan,2,1,Head,1.383309,1.416705,-3.924500
0.845833,ClearingCan,2,1,Shin_L,1.465652,0.621936,-4.006932
0.845833,ClearingCan,2,1,Foot_L,1.420532,0.407187,-3.918239
0.845833,ClearingCan,2,1,Shin_R,1.225259,0.629041,-4.040297
0.845833,ClearingCan,2,1,Foot_R,1.208782,0.404457,-3.937602
0.845833,ClearingCan,2,1,Head,1.391031,0.275000,-3.916741
0.849999,ClearingCan,2,1,Pelvis,1.374031,0.785162,-3.916821
0.849999,ClearingCan,2,1,Spine,1.370683,0.945127,-3.916837
0.849999,ClearingCan,2,1,Head,1.382739,1.414899,-3.925074
0.849999,ClearingCan,2,1,Shin_L,1.465283,0.619410,-4.005413
0.849999,ClearingCan,2,1,Foot_L,1.420913,0.407679,-3.918302
0.849999,ClearingCan,2,1,Shin_R,1.224884,0.625585,-4.037521
0.849999,ClearingCan,2,1,Foot_R,1.208782,0.404457,-3.937601
0.849999,ClearingCan,2,1,Head,1.391031,0.275000,-3.916741
0.854166,ClearingCan,2,1,Pelvis,1.373670,0.783356,-3.916823
0.854166,ClearingCan,2,1,Spine,1.370404,0.943323,-3.916839
0.854166,ClearingCan,2,1,Head,1.382169,1.413093,-3.925615
0.854166,ClearingCan,2,1,Shin_L,1.464946,0.616910,-4.003937
0.854166,ClearingCan,2,1,Foot_L,1.421352,0.408204,-3.918374
0.854166,ClearingCan,2,1,Shin_R,1.224513,0.622149,-4.034688
0.854166,ClearingCan,2,1,Foot_R,1.208782,0.404457,-3.937602
0.854166,ClearingCan,2,1,Head,1.391031,0.275000,-3.916741
0.858333,ClearingCan,2,1,Pelvis,1.373309,0.781551,-3.916825
0.858333,ClearingCan,2,1,Spine,1.370121,0.941519,-3.916840
0.858333,ClearingCan,2,1,Head,1.381607,1.411287,-3.926115
0.858333,ClearingCan,2,1,Shin_L,1.464644,0.614433,-4.002501
0.858333,ClearingCan,2,1,Foot_L,1.421852,0.408761,-3.918456
0.858333,ClearingCan,2,1,Shin_R,1.224146,0.618731,-4.031797
0.858333,ClearingCan,2,1,Foot_R,1.208782,0.404457,-3.937602
0.858333,ClearingCan,2,1,Head,1.391031,0.275000,-3.916741
0.862499,ClearingCan,2,1,Pelvis,1.372947,0.779745,-3.916827
0.862499,ClearingCan,2,1,Spine,1.369832,0.939714,-3.916842
0.862499,ClearingCan,2,1,Head,1.381061,1.409479,-3.926567
0.862499,ClearingCan,2,1,Shin_L,1.464378,0.611980,-4.001100
0.862499,ClearingCan,2,1,Foot_L,1.422415,0.409346,-3.918550
0.862499,ClearingCan,2,1,Shin_R,1.223781,0.615331,-4.028849
0.862499,ClearingCan,2,1,Foot_R,1.208782,0.404458,-3.937602
0.862499,ClearingCan,2,1,Head,1.391031,0.275000,-3.916741
0.866666,ClearingCan,2,1,Pelvis,1.372586,0.777939,-3.916828
0.866666,ClearingCan,2,1,Spine,1.369533,0.937910,-3.916843
0.866666,ClearingCan,2,1,Head,1.380540,1.407672,-3.926966
0.866666,ClearingCan,2,1,Shin_L,1.464149,0.609551,-3.999730
0.866666,ClearingCan,2,1,Foot_L,1.423042,0.409957,-3.918653
0.866666,ClearingCan,2,1,Shin_R,1.223419,0.611947,-4.025841
0.866666,ClearingCan,2,1,Foot_R,1.208782,0.404457,-3.937602
0.866666,ClearingCan,2,1,Head,1.391031,0.275000,-3.916741
0.870833,ClearingCan,2,1,Pelvis,1.372392,0.776967,-3.916829
0.870833,ClearingCan,2,1,Spine,1.369389,0.936939,-3.916844
0.870833,ClearingCan,2,1,Head,1.380218,1.406697,-3.927316
0.870833,ClearingCan,2,1,Shin_L,1.464308,0.608828,-4.000636
0.870833,ClearingCan,2,1,Foot_L,1.423735,0.410592,-3.918768
0.870833,ClearingCan,2,1,Shin_R,1.223249,0.610411,-4.024697
0.870833,ClearingCan,2,1,Foot_R,1.208782,0.404457,-3.937602
0.870833,ClearingCan,2,1,Head,1.391031,0.275000,-3.916741
0.874999,ClearingCan,2,1,Pelvis,1.372198,0.775995,-3.916830
0.874999,ClearingCan,2,1,Spine,1.369234,0.935967,-3.916844
0.874999,ClearingCan,2,1,Head,1.379923,1.405722,-3.927628
0.874999,ClearingCan,2,1,Shin_L,1.464503,0.608121,-4.001562
0.874999,ClearingCan,2,1,Foot_L,1.424496,0.411248,-3.918893
0.874999,ClearingCan,2,1,Shin_R,1.223078,0.608874,-4.023555
0.874999,ClearingCan,2,1,Foot_R,1.208782,0.404457,-3.937602
0.874999,ClearingCan,2,1,Head,1.391031,0.275000,-3.916741
0.879166,ClearingCan,2,1,Pelvis,1.372003,0.775022,-3.916831
0.879166,ClearingCan,2,1,Spine,1.369071,0.934996,-3.916845
0.879166,ClearingCan,2,1,Head,1.379645,1.404746,-3.927898
0.879166,ClearingCan,2,1,Shin_L,1.464733,0.607425,-4.002510
0.879166,ClearingCan,2,1,Foot_L,1.425324,0.411921,-3.919030
0.879166,ClearingCan,2,1,Shin_R,1.222907,0.607338,-4.022408
0.879166,ClearingCan,2,1,Foot_R,1.208782,0.404457,-3.937602
0.879166,ClearingCan,2,1,Head,1.391031,0.275000,-3.916741
0.883333,ClearingCan,2,1,Pelvis,1.371809,0.774050,-3.916832
0.883333,ClearingCan,2,1,Spine,1.368906,0.934024,-3.916846
0.883333,ClearingCan,2,1,Head,1.379376,1.403772,-3.928125
0.883333,ClearingCan,2,1,Shin_L,1.465000,0.606738,-4.003476
0.883333,ClearingCan,2,1,Foot_L,1.426221,0.412610,-3.919178
0.883333,ClearingCan,2,1,Shin_R,1.222737,0.605803,-4.021255
0.883333,ClearingCan,2,1,Foot_R,1.208782,0.404457,-3.937601
0.883333,ClearingCan,2,1,Head,1.391031,0.275000,-3.916741
0.887499,ClearingCan,2,1,Pelvis,1.371614,0.773078,-3.916833
0.887499,ClearingCan,2,1,Spine,1.368742,0.933052,-3.916847
0.887499,ClearingCan,2,1,Head,1.379103,1.402798,-3.928307
0.887499,ClearingCan,2,1,Shin_L,1.465305,0.606057,-4.004460
0.887499,ClearingCan,2,1,Foot_L,1.427186,0.413311,-3.919337
0.887499,ClearingCan,2,1,Shin_R,1.222568,0.604272,-4.020091
0.887499,ClearingCan,2,1,Foot_R,1.208782,0.404457,-3.937602
0.887499,ClearingCan,2,1,Head,1.391031,0.275000,-3.916741
0.891666,ClearingCan,2,1,Pelvis,1.371420,0.772106,-3.916834
0.891666,ClearingCan,2,1,Spine,1.368583,0.932081,-3.916847
0.891666,ClearingCan,2,1,Head,1.378818,1.401826,-3.928440
0.891666,ClearingCan,2,1,Shin_L,1.465649,0.605377,-4.005462
0.891666,ClearingCan,2,1,Foot_L,1.428220,0.414021,-3.919508
0.891666,ClearingCan,2,1,Shin_R,1.222399,0.602746,-4.018911
0.891666,ClearingCan,2,1,Foot_R,1.208782,0.404457,-3.937602
0.891666,ClearingCan,2,1,Head,1.391031,0.275000,-3.916741
0.895833,ClearingCan,2,1,Pelvis,1.371225,0.771134,-3.916835
0.895833,ClearingCan,2,1,Spine,1.368433,0.931109,-3.916848
0.895833,ClearingCan,2,1,Head,1.378510,1.400856,-3.928522
0.895833,ClearingCan,2,1,Shin_L,1.466033,0.604697,-4.006478
0.895833,ClearingCan,2,1,Foot_L,1.429322,0.414738,-3.919690
0.895833,ClearingCan,2,1,Shin_R,1.222233,0.601226,-4.017712
0.895833,ClearingCan,2,1,Foot_R,1.208782,0.404457,-3.937602
0.895833,ClearingCan,2,1,Head,1.391031,0.275000,-3.916741
0.899999,ClearingCan,2,1,Pelvis,1.371031,0.770162,-3.916836
0.899999,ClearingCan,2,1,Spine,1.368295,0.930138,-3.916849
0.899999,ClearingCan,2,1,Head,1.378170,1.399889,-3.928551
0.899999,ClearingCan,2,1,Shin_L,1.466455,0.604013,-4.007510
0.899999,ClearingCan,2,1,Foot_L,1.430491,0.415457,-3.919883
0.899999,ClearingCan,2,1,Shin_R,1.222069,0.599714,-4.016489
0.899999,ClearingCan,2,1,Foot_R,1.208782,0.404457,-3.937602
0.899999,ClearingCan,2,1,Head,1.391031,0.275000,-3.916741
0.904166,ClearingCan,2,1,Pelvis,1.371355,0.771134,-3.916834
0.904166,ClearingCan,2,1,Spine,1.368685,0.931111,-3.916847
0.904166,ClearingCan,2,1,Head,1.378323,1.400867,-3.928523
0.904166,ClearingCan,2,1,Shin_L,1.467275,0.604873,-4.007581
0.904166,ClearingCan,2,1,Foot_L,1.431728,0.416177,-3.920087
0.904166,ClearingCan,2,1,Shin_R,1.222226,0.600186,-4.015285
0.904166,ClearingCan,2,1,Foot_R,1.208782,0.404457,-3.937602
0.904166,ClearingCan,2,1,Head,1.391031,0.275000,-3.916741
0.908333,ClearingCan,2,1,Pelvis,1.371679,0.772106,-3.916833
0.908333,ClearingCan,2,1,Spine,1.369079,0.932085,-3.916845
0.908333,ClearingCan,2,1,Head,1.378466,1.401848,-3.928441
0.908333,ClearingCan,2,1,Shin_L,1.468130,0.605732,-4.007668
0.908333,ClearingCan,2,1,Foot_L,1.433030,0.416893,-3.920302
0.908333,ClearingCan,2,1,Shin_R,1.222383,0.600658,-4.014056
0.908333,ClearingCan,2,1,Foot_R,1.208782,0.404457,-3.937602
0.908333,ClearingCan,2,1,Head,1.391031,0.275000,-3.916741
0.912499,ClearingCan,2,1,Pelvis,1.372003,0.773078,-3.916831
0.912499,ClearingCan,2,1,Spine,1.369478,0.933058,-3.916843
0.912499,ClearingCan,2,1,Head,1.378596,1.402829,-3.928309
0.912499,ClearingCan,2,1,Shin_L,1.469020,0.606588,-4.007770
0.912499,ClearingCan,2,1,Foot_L,1.434397,0.417603,-3.920528
0.912499,ClearingCan,2,1,Shin_R,1.222541,0.601132,-4.012800
0.912499,ClearingCan,2,1,Foot_R,1.208782,0.404457,-3.937602
0.912499,ClearingCan,2,1,Head,1.391031,0.275000,-3.916741
0.916666,ClearingCan,2,1,Pelvis,1.372327,0.774050,-3.916830
0.916666,ClearingCan,2,1,Spine,1.369883,0.934031,-3.916841
0.916666,ClearingCan,2,1,Head,1.378708,1.403813,-3.928128
0.916666,ClearingCan,2,1,Shin_L,1.469944,0.607438,-4.007881
0.916666,ClearingCan,2,1,Foot_L,1.435827,0.418304,-3.920763
0.916666,ClearingCan,2,1,Shin_R,1.222699,0.601607,-4.011516
0.916666,ClearingCan,2,1,Foot_R,1.208782,0.404457,-3.937602
0.916666,ClearingCan,2,1,Head,1.391031,0.275000,-3.916741
0.920833,ClearingCan,2,1,Pelvis,1.372651,0.775022,-3.916828
0.920833,ClearingCan,2,1,Spine,1.370297,0.935005,-3.916839
0.920833,ClearingCan,2,1,Head,1.378799,1.404798,-3.927902
0.920833,ClearingCan,2,1,Shin_L,1.470901,0.608281,-4.007999
0.920833,ClearingCan,2,1,Foot_L,1.437318,0.418993,-3.921010
0.920833,ClearingCan,2,1,Shin_R,1.222858,0.602085,-4.010199
0.920833,ClearingCan,2,1,Foot_R,1.208782,0.404458,-3.937602
0.920833,ClearingCan,2,1,Head,1.391031,0.275000,-3.916741
0.924999,ClearingCan,2,1,Pelvis,1.372975,0.775994,-3.916826
0.924999,ClearingCan,2,1,Spine,1.370719,0.935979,-3.916837
0.924999,ClearingCan,2,1,Head,1.378867,1.405784,-3.927633
0.924999,ClearingCan,2,1,Shin_L,1.471891,0.609115,-4.008121
0.924999,ClearingCan,2,1,Foot_L,1.438868,0.419667,-3.921266
0.924999,ClearingCan,2,1,Shin_R,1.223017,0.602564,-4.008847
0.924999,ClearingCan,2,1,Foot_R,1.208782,0.404457,-3.937602
0.924999,ClearingCan,2,1,Head,1.391031,0.275000,-3.916741
0.929166,ClearingCan,2,1,Pelvis,1.373299,0.776967,-3.916825
0.929166,ClearingCan,2,1,Spine,1.371152,0.936952,-3.916835
0.929166,ClearingCan,2,1,Head,1.378908,1.406771,-3.927322
0.929166,ClearingCan,2,1,Shin_L,1.472911,0.609938,-4.008243
0.929166,ClearingCan,2,1,Foot_L,1.440476,0.420322,-3.921531
0.929166,ClearingCan,2,1,Shin_R,1.223178,0.603047,-4.007456
0.929166,ClearingCan,2,1,Foot_R,1.208782,0.404457,-3.937602
0.929166,ClearingCan,2,1,Head,1.391031,0.275000,-3.916741
0.933333,ClearingCan,2,1,Pelvis,1.373623,0.777939,-3.916824
0.933333,ClearingCan,2,1,Spine,1.371597,0.937926,-3.916833
0.933333,ClearingCan,2,1,Head,1.378919,1.407759,-3.926974
0.933333,ClearingCan,2,1,Shin_L,1.473962,0.610747,-4.008362
0.933333,ClearingCan,2,1,Foot_L,1.442140,0.420957,-3.921806
0.933333,ClearingCan,2,1,Shin_R,1.223339,0.603533,-4.006025
0.933333,ClearingCan,2,1,Foot_R,1.208782,0.404457,-3.937602
0.933333,ClearingCan,2,1,Head,1.391031,0.275000,-3.916741
0.937499,ClearingCan,2,1,Pelvis,1.374225,0.779744,-3.916821
0.937499,ClearingCan,2,1,Spine,1.372338,0.939733,-3.916830
0.937499,ClearingCan,2,1,Head,1.379157,1.409582,-3.926576
0.937499,ClearingCan,2,1,Shin_L,1.475175,0.611963,-4.007494
0.937499,ClearingCan,2,1,Foot_L,1.443855,0.421568,-3.922089
0.937499,ClearingCan,2,1,Shin_R,1.223629,0.604401,-4.003382
0.937499,ClearingCan,2,1,Foot_R,1.208782,0.404457,-3.937602
0.937499,ClearingCan,2,1,Head,1.391031,0.275000,-3.916741
0.941666,ClearingCan,2,1,Pelvis,1.374827,0.781550,-3.916818
0.941666,ClearingCan,2,1,Spine,1.373101,0.941541,-3.916826
0.941666,ClearingCan,2,1,Head,1.379340,1.411407,-3.926125
0.941666,ClearingCan,2,1,Shin_L,1.476417,0.613156,-4.006610
0.941666,ClearingCan,2,1,Foot_L,1.445622,0.422153,-3.922381
0.941666,ClearingCan,2,1,Shin_R,1.223921,0.605273,-4.000602
0.941666,ClearingCan,2,1,Foot_R,1.208782,0.404458,-3.937602
0.941666,ClearingCan,2,1,Head,1.391031,0.275000,-3.916741
0.945833,ClearingCan,2,1,Pelvis,1.375429,0.783355,-3.916815
0.945833,ClearingCan,2,1,Spine,1.373878,0.943348,-3.916822
0.945833,ClearingCan,2,1,Head,1.379485,1.413232,-3.925627
0.945833,ClearingCan,2,1,Shin_L,1.477684,0.614329,-4.005699
0.945833,ClearingCan,2,1,Foot_L,1.447436,0.422710,-3.922680
0.945833,ClearingCan,2,1,Shin_R,1.224213,0.606144,-3.997678
0.945833,ClearingCan,2,1,Foot_R,1.208782,0.404457,-3.937602
0.945833,ClearingCan,2,1,Head,1.391031,0.275000,-3.916741
0.949999,ClearingCan,2,1,Pelvis,1.376031,0.785161,-3.916812
0.949999,ClearingCan,2,1,Spine,1.374663,0.945155,-3.916819
0.949999,ClearingCan,2,1,Head,1.379612,1.415056,-3.925089
0.949999,ClearingCan,2,1,Shin_L,1.478974,0.615483,-4.004748
0.949999,ClearingCan,2,1,Foot_L,1.449294,0.423235,-3.922987
0.949999,ClearingCan,2,1,Shin_R,1.224504,0.607013,-3.994601
0.949999,ClearingCan,2,1,Foot_R,1.208782,0.404457,-3.937602
0.949999,ClearingCan,2,1,Head,1.391031,0.275000,-3.916741
0.954166,ClearingCan,2,1,Pelvis,1.376632,0.786966,-3.916809
0.954166,ClearingCan,2,1,Spine,1.375447,0.946962,-3.916815
0.954166,ClearingCan,2,1,Head,1.379739,1.416879,-3.924517
0.954166,ClearingCan,2,1,Shin_L,1.480286,0.616619,-4.003746
0.954166,ClearingCan,2,1,Foot_L,1.451195,0.423727,-3.923301
0.954166,ClearingCan,2,1,Shin_R,1.224795,0.607875,-3.991359
0.954166,ClearingCan,2,1,Foot_R,1.208782,0.404457,-3.937602
0.954166,ClearingCan,2,1,Head,1.391031,0.275000,-3.916741
0.958333,ClearingCan,2,1,Pelvis,1.377234,0.788772,-3.916806
0.958333,ClearingCan,2,1,Spine,1.376224,0.948769,-3.916811
0.958333,ClearingCan,2,1,Head,1.379884,1.418701,-3.923918
0.958333,ClearingCan,2,1,Shin_L,1.481616,0.617740,-4.002677
0.958333,ClearingCan,2,1,Foot_L,1.453134,0.424184,-3.923621
0.958333,ClearingCan,2,1,Shin_R,1.225082,0.608726,-3.987934
0.958333,ClearingCan,2,1,Foot_R,1.208782,0.404457,-3.937602
0.958333,ClearingCan,2,1,Head,1.391031,0.275000,-3.916741
0.962499,ClearingCan,2,1,Pelvis,1.377836,0.790578,-3.916804
0.962499,ClearingCan,2,1,Spine,1.376987,0.950576,-3.916808
0.962499,ClearingCan,2,1,Head,1.380066,1.420520,-3.923300
0.962499,ClearingCan,2,1,Shin_L,1.482961,0.618846,-4.001528
0.962499,ClearingCan,2,1,Foot_L,1.455108,0.424603,-3.923947
0.962499,ClearingCan,2,1,Shin_R,1.225366,0.609563,-3.984308
0.962499,ClearingCan,2,1,Foot_R,1.208782,0.404457,-3.937602
0.962499,ClearingCan,2,1,Head,1.391031,0.275000,-3.916741
0.966666,ClearingCan,2,1,Pelvis,1.378438,0.792383,-3.916801
0.966666,ClearingCan,2,1,Spine,1.377729,0.952382,-3.916804
0.966666,ClearingCan,2,1,Head,1.380303,1.422338,-3.922667
0.966666,ClearingCan,2,1,Shin_L,1.484319,0.619940,-4.000284
0.966666,ClearingCan,2,1,Foot_L,1.457115,0.424983,-3.924278
0.966666,ClearingCan,2,1,Shin_R,1.225646,0.610381,-3.980449
0.966666,ClearingCan,2,1,Foot_R,1.208782,0.404457,-3.937602
0.966666,ClearingCan,2,1,Head,1.391031,0.275000,-3.916741
0.970833,ClearingCan,2,1,Pelvis,1.378762,0.793356,-3.916799
0.970833,ClearingCan,2,1,Spine,1.378170,0.953355,-3.916802
0.970833,ClearingCan,2,1,Head,1.380320,1.423321,-3.922008
0.970833,ClearingCan,2,1,Shin_L,1.485560,0.620614,-4.000077
0.970833,ClearingCan,2,1,Foot_L,1.459151,0.425323,-3.924615
0.970833,ClearingCan,2,1,Shin_R,1.225800,0.610831,-3.978163
0.970833,ClearingCan,2,1,Foot_R,1.208782,0.404458,-3.937602
0.970833,ClearingCan,2,1,Head,1.391031,0.275000,-3.916741
0.974999,ClearingCan,2,1,Pelvis,1.379086,0.794328,-3.916798
0.974999,ClearingCan,2,1,Spine,1.378596,0.954327,-3.916800
0.974999,ClearingCan,2,1,Head,1.380377,1.424302,-3.921309
0.974999,ClearingCan,2,1,Shin_L,1.486811,0.621274,-3.999794
0.974999,ClearingCan,2,1,Foot_L,1.461212,0.425620,-3.924955
0.974999,ClearingCan,2,1,Shin_R,1.225951,0.611271,-3.975791
0.974999,ClearingCan,2,1,Foot_R,1.208782,0.404457,-3.937601
0.974999,ClearingCan,2,1,Head,1.391031,0.275000,-3.916741
0.979166,ClearingCan,2,1,Pelvis,1.379410,0.795300,-3.916796
0.979166,ClearingCan,2,1,Spine,1.379010,0.955300,-3.916798
0.979166,ClearingCan,2,1,Head,1.380465,1.425282,-3.920578
0.979166,ClearingCan,2,1,Shin_L,1.488071,0.621916,-3.999434
0.979166,ClearingCan,2,1,Foot_L,1.463295,0.425873,-3.925299
0.979166,ClearingCan,2,1,Shin_R,1.226100,0.611700,-3.973313
0.979166,ClearingCan,2,1,Foot_R,1.208782,0.404457,-3.937602
0.979166,ClearingCan,2,1,Head,1.391031,0.275000,-3.916741
0.983333,ClearingCan,2,1,Pelvis,1.379734,0.796272,-3.916795
0.983333,ClearingCan,2,1,Spine,1.379415,0.956272,-3.916796
0.983333,ClearingCan,2,1,Head,1.380575,1.426261,-3.919827
0.983333,ClearingCan,2,1,Shin_L,1.489339,0.622538,-3.998995
0.983333,ClearingCan,2,1,Foot_L,1.465396,0.426082,-3.925645
0.983333,ClearingCan,2,1,Shin_R,1.226247,0.612121,-3.970703
0.983333,ClearingCan,2,1,Foot_R,1.208782,0.404457,-3.937602
0.983333,ClearingCan,2,1,Head,1.391031,0.275000,-3.916741
0.987499,ClearingCan,2,1,Pelvis,1.380058,0.797244,-3.916793
0.987499,ClearingCan,2,1,Spine,1.379816,0.957244,-3.916794
0.987499,ClearingCan,2,1,Head,1.380696,1.427238,-3.919063
0.987499,ClearingCan,2,1,Shin_L,1.490613,0.623139,-3.998477
0.987499,ClearingCan,2,1,Foot_L,1.467512,0.426246,-3.925995
0.987499,ClearingCan,2,1,Shin_R,1.226392,0.612533,-3.967928
0.987499,ClearingCan,2,1,Foot_R,1.208782,0.404458,-3.937602
0.987499,ClearingCan,2,1,Head,1.391031,0.275000,-3.916741
0.991666,ClearingCan,2,1,Pelvis,1.380382,0.798217,-3.916792
0.991666,ClearingCan,2,1,Spine,1.380217,0.958217,-3.916793
0.991666,ClearingCan,2,1,Head,1.380819,1.428214,-3.918295
0.991666,ClearingCan,2,1,Shin_L,1.491891,0.623715,-3.997880
0.991666,ClearingCan,2,1,Foot_L,1.469639,0.426363,-3.926346
0.991666,ClearingCan,2,1,Shin_R,1.226534,0.612934,-3.964937
0.991666,ClearingCan,2,1,Foot_R,1.208782,0.404457,-3.937602
0.991666,ClearingCan,2,1,Head,1.391031,0.275000,-3.916741
0.995833,ClearingCan,2,1,Pelvis,1.380707,0.799189,-3.916790
0.995833,ClearingCan,2,1,Spine,1.380620,0.959189,-3.916790
0.995833,ClearingCan,2,1,Head,1.380934,1.429188,-3.917534
0.995833,ClearingCan,2,1,Shin_L,1.493173,0.624264,-3.997204
0.995833,ClearingCan,2,1,Foot_L,1.471774,0.426433,-3.926698
0.995833,ClearingCan,2,1,Shin_R,1.226675,0.613325,-3.961664
0.995833,ClearingCan,2,1,Foot_R,1.208782,0.404457,-3.937602
0.995833,ClearingCan,2,1,Head,1.391031,0.275000,-3.916741
0.999999,ClearingCan,2,1,Pelvis,1.381031,0.800161,-3.916789
0.999999,ClearingCan,2,1,Spine,1.381031,0.960161,-3.916789
0.999999,ClearingCan,2,1,Head,1.381031,1.430161,-3.916789
0.999999,ClearingCan,2,1,Shin_L,1.494455,0.624785,-3.996449
0.999999,ClearingCan,2,1,Foot_L,1.473912,0.426457,-3.927052
0.999999,ClearingCan,2,1,Shin_R,1.226813,0.613702,-3.958009
0.999999,ClearingCan,2,1,Foot_R,1.208782,0.404458,-3.937602
0.999999,ClearingCan,2,1,Head,1.391031,0.275000,-3.916741
1.004166,ClearingCan,2,1,Pelvis,1.381614,0.801133,-3.916786
1.004166,ClearingCan,2,1,Spine,1.381701,0.961133,-3.916785
1.004166,ClearingCan,2,1,Head,1.381385,1.431132,-3.916042
1.004166,ClearingCan,2,1,Shin_L,1.495923,0.625843,-3.997099
1.004166,ClearingCan,2,1,Foot_L,1.476051,0.426434,-3.927404
1.004166,ClearingCan,2,1,Shin_R,1.227070,0.614053,-3.953730
1.004166,ClearingCan,2,1,Foot_R,1.208782,0.404457,-3.937602
1.004166,ClearingCan,2,1,Head,1.391031,0.275000,-3.916741
1.008333,ClearingCan,2,1,Pelvis,1.382197,0.802105,-3.916783
1.008333,ClearingCan,2,1,Spine,1.382366,0.962105,-3.916782
1.008333,ClearingCan,2,1,Head,1.381752,1.432102,-3.915280
1.008333,ClearingCan,2,1,Shin_L,1.497384,0.626881,-3.997667
1.008333,ClearingCan,2,1,Foot_L,1.478185,0.426363,-3.927757
1.008333,ClearingCan,2,1,Shin_R,1.227319,0.614364,-3.948593
1.008333,ClearingCan,2,1,Foot_R,1.208782,0.404458,-3.937602
1.008333,ClearingCan,2,1,Head,1.391031,0.275000,-3.916741
1.012499,ClearingCan,2,1,Pelvis,1.382781,0.803078,-3.916780
1.012499,ClearingCan,2,1,Spine,1.383030,0.963078,-3.916779
1.012499,ClearingCan,2,1,Head,1.382125,1.433071,-3.914511
1.012499,ClearingCan,2,1,Shin_L,1.498835,0.627896,-3.998155
1.012499,ClearingCan,2,1,Foot_L,1.480313,0.426246,-3.928108
1.012499,ClearingCan,2,1,Shin_R,1.227552,0.614592,-3.941628
1.012499,ClearingCan,2,1,Foot_R,1.208782,0.404457,-3.937602
1.012499,ClearingCan,2,1,Head,1.391031,0.275000,-3.916741
1.016666,ClearingCan,2,1,Pelvis,1.383364,0.803607,-3.916778
1.016666,ClearingCan,2,1,Spine,1.383695,0.963607,-3.916776
1.016666,ClearingCan,2,1,Head,1.382492,1.433595,-3.913746
1.016666,ClearingCan,2,1,Shin_L,1.500279,0.628677,-3.999176
1.016666,ClearingCan,2,1,Foot_L,1.482429,0.426083,-3.928457
1.016666,ClearingCan,2,1,Shin_R,1.227781,0.614588,-3.934598
1.016666,ClearingCan,2,1,Foot_R,1.208782,0.404457,-3.937602
1.016666,ClearingCan,2,1,Head,1.391031,0.275000,-3.916741
1.020833,ClearingCan,2,1,Pelvis,1.383947,0.803478,-3.916775
1.020833,ClearingCan,2,1,Spine,1.384365,0.963478,-3.916773
1.020833,ClearingCan,2,1,Head,1.382846,1.433460,-3.912993
1.020833,ClearingCan,2,1,Shin_L,1.501715,0.629122,-4.001002
1.020833,ClearingCan,2,1,Foot_L,1.484530,0.425874,-3.928804
1.020833,ClearingCan,2,1,Shin_R,1.228071,0.614562,-3.934597
1.020833,ClearingCan,2,1,Foot_R,1.208782,0.404457,-3.937602
1.020833,ClearingCan,2,1,Head,1.391031,0.275000,-3.916741
1.024999,ClearingCan,2,1,Pelvis,1.384531,0.803341,-3.916772
1.024999,ClearingCan,2,1,Spine,1.385045,0.963340,-3.916770
1.024999,ClearingCan,2,1,Head,1.383178,1.433314,-3.912262
1.024999,ClearingCan,2,1,Shin_L,1.503139,0.629540,-4.002748
1.024999,ClearingCan,2,1,Foot_L,1.486613,0.425620,-3.929148
1.024999,ClearingCan,2,1,Shin_R,1.228361,0.614535,-3.934596
1.024999,ClearingCan,2,1,Foot_R,1.208782,0.404457,-3.937602
1.024999,ClearingCan,2,1,Head,1.391031,0.275000,-3.916741
1.029166,ClearingCan,2,1,Pelvis,1.385114,0.803192,-3.916769
1.029166,ClearingCan,2,1,Spine,1.385736,0.963191,-3.916766
1.029166,ClearingCan,2,1,Head,1.383477,1.433157,-3.911561
1.029166,ClearingCan,2,1,Shin_L,1.504548,0.629930,-4.004426
1.029166,ClearingCan,2,1,Foot_L,1.488675,0.425323,-3.929489
1.029166,ClearingCan,2,1,Shin_R,1.228654,0.614508,-3.934595
1.029166,ClearingCan,2,1,Foot_R,1.208782,0.404458,-3.937602
1.029166,ClearingCan,2,1,Head,1.391031,0.275000,-3.916741
1.033333,ClearingCan,2,1,Pelvis,1.385697,0.803029,-3.916767
1.033333,ClearingCan,2,1,Spine,1.386444,0.963027,-3.916763
1.033333,ClearingCan,2,1,Head,1.383736,1.432982,-3.910901
1.033333,ClearingCan,2,1,Shin_L,1.505941,0.630287,-4.006048
1.033333,ClearingCan,2,1,Foot_L,1.490710,0.424983,-3.929825
1.033333,ClearingCan,2,1,Shin_R,1.228948,0.614479,-3.934594
1.033333,ClearingCan,2,1,Foot_R,1.208782,0.404457,-3.937602
1.033333,ClearingCan,2,1,Head,1.391031,0.275000,-3.916741
1.037500,ClearingCan,2,1,Pelvis,1.386781,0.802796,-3.916761
1.037500,ClearingCan,2,1,Spine,1.387674,0.962794,-3.916757
1.037500,ClearingCan,2,1,Head,1.384435,1.432737,-3.910266
1.037500,ClearingCan,2,1,Shin_L,1.507617,0.631228,-4.009133
1.037500,ClearingCan,2,1,Foot_L,1.492717,0.424603,-3.930156
1.037500,ClearingCan,2,1,Shin_R,1.229483,0.614427,-3.934590
1.037500,ClearingCan,2,1,Foot_R,1.208782,0.404457,-3.937602
1.037500,ClearingCan,2,1,Head,1.391031,0.275000,-3.916741
1.041666,ClearingCan,2,1,Pelvis,1.387864,0.802540,-3.916756
1.041666,ClearingCan,2,1,Spine,1.388927,0.962537,-3.916751
1.041666,ClearingCan,2,1,Head,1.385077,1.432467,-3.909645
1.041666,ClearingCan,2,1,Shin_L,1.509275,0.632140,-4.012124
1.041666,ClearingCan,2,1,Foot_L,1.494692,0.424184,-3.930482
1.041666,ClearingCan,2,1,Shin_R,1.230022,0.614373,-3.934588
1.041666,ClearingCan,2,1,Foot_R,1.208782,0.404457,-3.937602
1.041666,ClearingCan,2,1,Head,1.391031,0.275000,-3.916741
1.045833,ClearingCan,2,1,Pelvis,1.388947,0.802269,-3.916751
1.045833,ClearingCan,2,1,Spine,1.390195,0.962264,-3.916745
1.045833,ClearingCan,2,1,Head,1.385679,1.432179,-3.909044
1.045833,ClearingCan,2,1,Shin_L,1.510911,0.633032,-4.015016
1.045833,ClearingCan,2,1,Foot_L,1.496631,0.423728,-3.930802
1.045833,ClearingCan,2,1,Shin_R,1.230563,0.614318,-3.934585
1.045833,ClearingCan,2,1,Foot_R,1.208782,0.404457,-3.937602
1.045833,ClearingCan,2,1,Head,1.391031,0.275000,-3.916741
1.050000,ClearingCan,2,1,Pelvis,1.390031,0.801988,-3.916746
1.050000,ClearingCan,2,1,Spine,1.391470,0.961982,-3.916739
1.050000,ClearingCan,2,1,Head,1.386262,1.431880,-3.908470
1.050000,ClearingCan,2,1,Shin_L,1.512525,0.633909,-4.017804
1.050000,ClearingCan,2,1,Foot_L,1.498531,0.423235,-3.931116
1.050000,ClearingCan,2,1,Shin_R,1.231104,0.614261,-3.934583
1.050000,ClearingCan,2,1,Foot_R,1.208782,0.404458,-3.937602
1.050000,ClearingCan,2,1,Head,1.391031,0.275000,-3.916741
1.054167,ClearingCan,2,1,Pelvis,1.391114,0.801704,-3.916741
1.054167,ClearingCan,2,1,Spine,1.392746,0.961696,-3.916733
1.054167,ClearingCan,2,1,Head,1.386846,1.431576,-3.907930
1.054167,ClearingCan,2,1,Shin_L,1.514112,0.634777,-4.020487
1.054167,ClearingCan,2,1,Foot_L,1.500390,0.422710,-3.931423
1.054167,ClearingCan,2,1,Shin_R,1.231646,0.614203,-3.934586
1.054167,ClearingCan,2,1,Foot_R,1.208782,0.404457,-3.937602
1.054167,ClearingCan,2,1,Head,1.391031,0.275000,-3.916741
1.058333,ClearingCan,2,1,Pelvis,1.392197,0.801425,-3.916736
1.058333,ClearingCan,2,1,Spine,1.394014,0.961414,-3.916727
1.058333,ClearingCan,2,1,Head,1.387449,1.431276,-3.907429
1.058333,ClearingCan,2,1,Shin_L,1.515673,0.635645,-4.023059
1.058333,ClearingCan,2,1,Foot_L,1.502203,0.422154,-3.931722
1.058333,ClearingCan,2,1,Shin_R,1.232187,0.614143,-3.934578
1.058333,ClearingCan,2,1,Foot_R,1.208782,0.404457,-3.937602
1.058333,ClearingCan,2,1,Head,1.391031,0.275000,-3.916741
1.062500,ClearingCan,2,1,Pelvis,1.393281,0.801154,-3.916731
1.062500,ClearingCan,2,1,Spine,1.395267,0.961142,-3.916721
1.062500,ClearingCan,2,1,Head,1.388091,1.430986,-3.906976
1.062500,ClearingCan,2,1,Shin_L,1.517203,0.636516,-4.025517
1.062500,ClearingCan,2,1,Foot_L,1.503970,0.421569,-3.932014
1.062500,ClearingCan,2,1,Shin_R,1.232726,0.614082,-3.934577
1.062500,ClearingCan,2,1,Foot_R,1.208782,0.404457,-3.937602
1.062500,ClearingCan,2,1,Head,1.391031,0.275000,-3.916741
1.066667,ClearingCan,2,1,Pelvis,1.394364,0.800901,-3.916726
1.066667,ClearingCan,2,1,Spine,1.396497,0.960887,-3.916716
1.066667,ClearingCan,2,1,Head,1.388792,1.430714,-3.906577
1.066667,ClearingCan,2,1,Shin_L,1.518702,0.637399,-4.027857
1.066667,ClearingCan,2,1,Foot_L,1.505686,0.420957,-3.932297
1.066667,ClearingCan,2,1,Shin_R,1.233263,0.614020,-3.934576
1.066667,ClearingCan,2,1,Foot_R,1.208782,0.404457,-3.937602
1.066667,ClearingCan,2,1,Head,1.391031,0.275000,-3.916741
1.070833,ClearingCan,2,1,Pelvis,1.394947,0.803940,-3.916723
1.070833,ClearingCan,2,1,Spine,1.397207,0.963925,-3.916712
1.070833,ClearingCan,2,1,Head,1.389045,1.433737,-3.906227
1.070833,ClearingCan,2,1,Shin_L,1.519865,0.639518,-4.026428
1.070833,ClearingCan,2,1,Foot_L,1.507349,0.420323,-3.932572
1.070833,ClearingCan,2,1,Shin_R,1.233751,0.617177,-3.934522
1.070833,ClearingCan,2,1,Foot_R,1.208782,0.404457,-3.937602
1.070833,ClearingCan,2,1,Head,1.391031,0.275000,-3.916741
1.075000,ClearingCan,2,1,Pelvis,1.395530,0.806990,-3.916720
1.075000,ClearingCan,2,1,Spine,1.397906,0.966972,-3.916709
1.075000,ClearingCan,2,1,Head,1.389328,1.436770,-3.905915
1.075000,ClearingCan,2,1,Shin_L,1.520993,0.641618,-4.024899
1.075000,ClearingCan,2,1,Foot_L,1.508957,0.419667,-3.932837
1.075000,ClearingCan,2,1,Shin_R,1.234241,0.620335,-3.934473
1.075000,ClearingCan,2,1,Foot_R,1.208782,0.404457,-3.937602
1.075000,ClearingCan,2,1,Head,1.391031,0.275000,-3.916741
1.079167,ClearingCan,2,1,Pelvis,1.396114,0.810048,-3.916717
1.079167,ClearingCan,2,1,Spine,1.398594,0.970029,-3.916706
1.079167,ClearingCan,2,1,Head,1.389639,1.439813,-3.905645
1.079167,ClearingCan,2,1,Shin_L,1.522086,0.643702,-4.023268
1.079167,ClearingCan,2,1,Foot_L,1.510508,0.418993,-3.933093
1.079167,ClearingCan,2,1,Shin_R,1.234730,0.623492,-3.934423
1.079167,ClearingCan,2,1,Foot_R,1.208782,0.404457,-3.937602
1.079167,ClearingCan,2,1,Head,1.391031,0.275000,-3.916741
1.083334,ClearingCan,2,1,Pelvis,1.396697,0.813115,-3.916715
1.083334,ClearingCan,2,1,Spine,1.399273,0.973094,-3.916703
1.083334,ClearingCan,2,1,Head,1.389975,1.442867,-3.905417
1.083334,ClearingCan,2,1,Shin_L,1.523143,0.645769,-4.021536
1.083334,ClearingCan,2,1,Foot_L,1.511999,0.418304,-3.933340
1.083334,ClearingCan,2,1,Shin_R,1.235220,0.626649,-3.934373
1.083334,ClearingCan,2,1,Foot_R,1.208782,0.404457,-3.937602
1.083334,ClearingCan,2,1,Head,1.391031,0.275000,-3.916741
1.087500,ClearingCan,2,1,Pelvis,1.397281,0.816189,-3.916712
1.087500,ClearingCan,2,1,Spine,1.399943,0.976167,-3.916699
1.087500,ClearingCan,2,1,Head,1.390334,1.445928,-3.905236
1.087500,ClearingCan,2,1,Shin_L,1.524166,0.647821,-4.019703
1.087500,ClearingCan,2,1,Foot_L,1.513429,0.417603,-3.933576
1.087500,ClearingCan,2,1,Shin_R,1.235711,0.629806,-3.934323
1.087500,ClearingCan,2,1,Foot_R,1.208782,0.404457,-3.937602
1.087500,ClearingCan,2,1,Head,1.391031,0.275000,-3.916741
1.091667,ClearingCan,2,1,Pelvis,1.397864,0.819269,-3.916709
1.091667,ClearingCan,2,1,Spine,1.400605,0.979246,-3.916696
1.091667,ClearingCan,2,1,Head,1.390712,1.448999,-3.905102
1.091667,ClearingCan,2,1,Shin_L,1.525153,0.649858,-4.017767
1.091667,ClearingCan,2,1,Foot_L,1.514795,0.416893,-3.933801
1.091667,ClearingCan,2,1,Shin_R,1.236202,0.632963,-3.934275
1.091667,ClearingCan,2,1,Foot_R,1.208782,0.404457,-3.937602
1.091667,ClearingCan,2,1,Head,1.391031,0.275000,-3.916741
1.095834,ClearingCan,2,1,Pelvis,1.398447,0.822356,-3.916706
1.095834,ClearingCan,2,1,Spine,1.401260,0.982331,-3.916693
1.095834,ClearingCan,2,1,Head,1.391108,1.452076,-3.905020
1.095834,ClearingCan,2,1,Shin_L,1.526104,0.651882,-4.015728
1.095834,ClearingCan,2,1,Foot_L,1.516098,0.416176,-3.934017
1.095834,ClearingCan,2,1,Shin_R,1.236694,0.636119,-3.934227
1.095834,ClearingCan,2,1,Foot_R,1.208782,0.404457,-3.937602
1.095834,ClearingCan,2,1,Head,1.391031,0.275000,-3.916741
1.100001,ClearingCan,2,1,Pelvis,1.399030,0.825447,-3.916704
1.100001,ClearingCan,2,1,Spine,1.401910,0.985421,-3.916690
1.100001,ClearingCan,2,1,Head,1.391519,1.455160,-3.904990
1.100001,ClearingCan,2,1,Shin_L,1.527021,0.653892,-4.013584
1.100001,ClearingCan,2,1,Foot_L,1.517334,0.415457,-3.934220
1.100001,ClearingCan,2,1,Shin_R,1.237186,0.639276,-3.934179
1.100001,ClearingCan,2,1,Foot_R,1.208782,0.404457,-3.937602
1.100001,ClearingCan,2,1,Head,1.391031,0.275000,-3.916741
1.104167,ClearingCan,2,1,Pelvis,1.399225,0.829189,-3.916703
1.104167,ClearingCan,2,1,Spine,1.402160,0.989162,-3.916689
1.104167,ClearingCan,2,1,Head,1.391569,1.458898,-3.905018
1.104167,ClearingCan,2,1,Shin_L,1.527644,0.655270,-4.008484
1.104167,ClearingCan,2,1,Foot_L,1.518504,0.414737,-3.934414
1.104167,ClearingCan,2,1,Shin_R,1.237592,0.643482,-3.939353
1.104167,ClearingCan,2,1,Foot_R,1.208782,0.404457,-3.937602
1.104167,ClearingCan,2,1,Head,1.391031,0.275000,-3.916741
1.108334,ClearingCan,2,1,Pelvis,1.399419,0.828217,-3.916702
1.108334,ClearingCan,2,1,Spine,1.402396,0.988189,-3.916688
1.108334,ClearingCan,2,1,Head,1.391657,1.457923,-3.905098
1.108334,ClearingCan,2,1,Shin_L,1.528283,0.654693,-4.009494
1.108334,ClearingCan,2,1,Foot_L,1.519606,0.414021,-3.934595
1.108334,ClearingCan,2,1,Shin_R,1.238203,0.646221,-3.963930
1.108334,ClearingCan,2,1,Foot_R,1.208782,0.404457,-3.937601
1.108334,ClearingCan,2,1,Head,1.391031,0.275000,-3.916741
1.112501,ClearingCan,2,1,Pelvis,1.399614,0.827245,-3.916701
1.112501,ClearingCan,2,1,Spine,1.402622,0.987216,-3.916687
1.112501,ClearingCan,2,1,Head,1.391770,1.456951,-3.905229
1.112501,ClearingCan,2,1,Shin_L,1.528887,0.654121,-4.010481
1.112501,ClearingCan,2,1,Foot_L,1.520640,0.413312,-3.934766
1.112501,ClearingCan,2,1,Shin_R,1.238717,0.648549,-3.977723
1.112501,ClearingCan,2,1,Foot_R,1.208782,0.404457,-3.937601
1.112501,ClearingCan,2,1,Head,1.391031,0.275000,-3.916741
1.116667,ClearingCan,2,1,Pelvis,1.399808,0.826272,-3.916700
1.116667,ClearingCan,2,1,Spine,1.402842,0.986244,-3.916686
1.116667,ClearingCan,2,1,Head,1.391899,1.455981,-3.905408
1.116667,ClearingCan,2,1,Shin_L,1.529457,0.653555,-4.011454
1.116667,ClearingCan,2,1,Foot_L,1.521605,0.412610,-3.934925
1.116667,ClearingCan,2,1,Shin_R,1.239210,0.650794,-3.988513
1.116667,ClearingCan,2,1,Foot_R,1.208782,0.404457,-3.937602
1.116667,ClearingCan,2,1,Head,1.391031,0.275000,-3.916741
1.120834,ClearingCan,2,1,Pelvis,1.400003,0.825300,-3.916699
1.120834,ClearingCan,2,1,Spine,1.403060,0.985271,-3.916685
1.120834,ClearingCan,2,1,Head,1.392033,1.455011,-3.905633
1.120834,ClearingCan,2,1,Shin_L,1.529995,0.652996,-4.012421
1.120834,ClearingCan,2,1,Foot_L,1.522501,0.411921,-3.935074
1.120834,ClearingCan,2,1,Shin_R,1.239696,0.653019,-3.997686
1.120834,ClearingCan,2,1,Foot_R,1.208782,0.404457,-3.937602
1.120834,ClearingCan,2,1,Head,1.391031,0.275000,-3.916741
1.125001,ClearingCan,2,1,Pelvis,1.400197,0.824328,-3.916698
1.125001,ClearingCan,2,1,Spine,1.403281,0.984298,-3.916684
1.125001,ClearingCan,2,1,Head,1.392161,1.454043,-3.905902
1.125001,ClearingCan,2,1,Shin_L,1.530500,0.652443,-4.013393
1.125001,ClearingCan,2,1,Foot_L,1.523330,0.411248,-3.935211
1.125001,ClearingCan,2,1,Shin_R,1.240181,0.655247,-4.005802
1.125001,ClearingCan,2,1,Foot_R,1.208782,0.404457,-3.937601
1.125001,ClearingCan,2,1,Head,1.391031,0.275000,-3.916741
1.129168,ClearingCan,2,1,Pelvis,1.400392,0.823356,-3.916697
1.129168,ClearingCan,2,1,Spine,1.403508,0.983325,-3.916683
1.129168,ClearingCan,2,1,Head,1.392272,1.453074,-3.906212
1.129168,ClearingCan,2,1,Shin_L,1.530974,0.651896,-4.014375
1.129168,ClearingCan,2,1,Foot_L,1.524090,0.410592,-3.935336
1.129168,ClearingCan,2,1,Shin_R,1.240670,0.657493,-4.013155
1.129168,ClearingCan,2,1,Foot_R,1.208782,0.404457,-3.937602
1.129168,ClearingCan,2,1,Head,1.391031,0.275000,-3.916741
1.133334,ClearingCan,2,1,Pelvis,1.400586,0.822383,-3.916696
1.133334,ClearingCan,2,1,Spine,1.403746,0.982352,-3.916682
1.133334,ClearingCan,2,1,Head,1.392356,1.452105,-3.906560
1.133334,ClearingCan,2,1,Shin_L,1.531417,0.651357,-4.015378
1.133334,ClearingCan,2,1,Foot_L,1.524784,0.409957,-3.935450
1.133334,ClearingCan,2,1,Shin_R,1.241164,0.659765,-4.019919
1.133334,ClearingCan,2,1,Foot_R,1.208782,0.404457,-3.937602
1.133334,ClearingCan,2,1,Head,1.391031,0.275000,-3.916741
1.137501,ClearingCan,2,1,Pelvis,1.400947,0.820577,-3.916695
1.137501,ClearingCan,2,1,Spine,1.404162,0.980545,-3.916680
1.137501,ClearingCan,2,1,Head,1.392576,1.450302,-3.906955
1.137501,ClearingCan,2,1,Shin_L,1.531919,0.650231,-4.016893
1.137501,ClearingCan,2,1,Foot_L,1.525411,0.409346,-3.935554
1.137501,ClearingCan,2,1,Shin_R,1.241529,0.659888,-4.023597
1.137501,ClearingCan,2,1,Foot_R,1.208782,0.404457,-3.937602
1.137501,ClearingCan,2,1,Head,1.391031,0.275000,-3.916741
1.141668,ClearingCan,2,1,Pelvis,1.401308,0.818772,-3.916693
1.141668,ClearingCan,2,1,Spine,1.404587,0.978738,-3.916677
1.141668,ClearingCan,2,1,Head,1.392775,1.448498,-3.907405
1.141668,ClearingCan,2,1,Shin_L,1.532393,0.649117,-4.018416
1.141668,ClearingCan,2,1,Foot_L,1.525974,0.408760,-3.935647
1.141668,ClearingCan,2,1,Shin_R,1.241897,0.660017,-4.027120
1.141668,ClearingCan,2,1,Foot_R,1.208782,0.404457,-3.937601
1.141668,ClearingCan,2,1,Head,1.391031,0.275000,-3.916741
1.145834,ClearingCan,2,1,Pelvis,1.401669,0.816966,-3.916691
1.145834,ClearingCan,2,1,Spine,1.405017,0.976931,-3.916675
1.145834,ClearingCan,2,1,Head,1.392959,1.446695,-3.907901
1.145834,ClearingCan,2,1,Shin_L,1.532838,0.648014,-4.019943
1.145834,ClearingCan,2,1,Foot_L,1.526474,0.408204,-3.935730
1.145834,ClearingCan,2,1,Shin_R,1.242269,0.660154,-4.030506
1.145834,ClearingCan,2,1,Foot_R,1.208782,0.404457,-3.937602
1.145834,ClearingCan,2,1,Head,1.391031,0.275000,-3.916741
1.150001,ClearingCan,2,1,Pelvis,1.402031,0.815161,-3.916689
1.150001,ClearingCan,2,1,Spine,1.405450,0.975124,-3.916673
1.150001,ClearingCan,2,1,Head,1.393136,1.444891,-3.908438
1.150001,ClearingCan,2,1,Shin_L,1.533255,0.646927,-4.021475
1.150001,ClearingCan,2,1,Foot_L,1.526913,0.407679,-3.935802
1.150001,ClearingCan,2,1,Shin_R,1.242645,0.660297,-4.033770
1.150001,ClearingCan,2,1,Foot_R,1.208782,0.404457,-3.937601
1.150001,ClearingCan,2,1,Head,1.391031,0.275000,-3.916741
1.154168,ClearingCan,2,1,Pelvis,1.402392,0.813355,-3.916688
1.154168,ClearingCan,2,1,Spine,1.405883,0.973317,-3.916671
1.154168,ClearingCan,2,1,Head,1.393313,1.443086,-3.909008
1.154168,ClearingCan,2,1,Shin_L,1.533645,0.645857,-4.023011
1.154168,ClearingCan,2,1,Foot_L,1.527293,0.407187,-3.935864
1.154168,ClearingCan,2,1,Shin_R,1.243024,0.660446,-4.036926
1.154168,ClearingCan,2,1,Foot_R,1.208782,0.404457,-3.937601
1.154168,ClearingCan,2,1,Head,1.391031,0.275000,-3.916741
1.158335,ClearingCan,2,1,Pelvis,1.402753,0.811550,-3.916686
1.158335,ClearingCan,2,1,Spine,1.406314,0.971510,-3.916669
1.158335,ClearingCan,2,1,Head,1.393497,1.441282,-3.909605
1.158335,ClearingCan,2,1,Shin_L,1.534009,0.644806,-4.024550
1.158335,ClearingCan,2,1,Foot_L,1.527618,0.406730,-3.935918
1.158335,ClearingCan,2,1,Shin_R,1.243406,0.660601,-4.039985
1.158335,ClearingCan,2,1,Foot_R,1.208782,0.404457,-3.937601
1.158335,ClearingCan,2,1,Head,1.391031,0.275000,-3.916741
1.162501,ClearingCan,2,1,Pelvis,1.403114,0.809744,-3.916684
1.162501,ClearingCan,2,1,Spine,1.406738,0.969703,-3.916667
1.162501,ClearingCan,2,1,Head,1.393696,1.439478,-3.910223
1.162501,ClearingCan,2,1,Shin_L,1.534349,0.643777,-4.026092
1.162501,ClearingCan,2,1,Foot_L,1.527891,0.406311,-3.935963
1.162501,ClearingCan,2,1,Shin_R,1.243791,0.660760,-4.042956
1.162501,ClearingCan,2,1,Foot_R,1.208782,0.404457,-3.937601
1.162501,ClearingCan,2,1,Head,1.391031,0.275000,-3.916741
1.166668,ClearingCan,2,1,Pelvis,1.403475,0.807939,-3.916683
1.166668,ClearingCan,2,1,Spine,1.407155,0.967896,-3.916665
1.166668,ClearingCan,2,1,Head,1.393917,1.437674,-3.910853
1.166668,ClearingCan,2,1,Shin_L,1.534665,0.642772,-4.027636
1.166668,ClearingCan,2,1,Foot_L,1.528113,0.405931,-3.936000
1.166668,ClearingCan,2,1,Shin_R,1.244179,0.660923,-4.045848
1.166668,ClearingCan,2,1,Foot_R,1.208782,0.404457,-3.937601
1.166668,ClearingCan,2,1,Head,1.391031,0.275000,-3.916741
1.170835,ClearingCan,2,1,Pelvis,1.403669,0.806966,-3.916682
1.170835,ClearingCan,2,1,Spine,1.407400,0.966923,-3.916664
1.170835,ClearingCan,2,1,Head,1.393984,1.436703,-3.911512
1.170835,ClearingCan,2,1,Shin_L,1.534889,0.642892,-4.029665
1.170835,ClearingCan,2,1,Foot_L,1.528291,0.405591,-3.936029
1.170835,ClearingCan,2,1,Shin_R,1.244207,0.659739,-4.045434
1.170835,ClearingCan,2,1,Foot_R,1.208782,0.404457,-3.937601
1.170835,ClearingCan,2,1,Head,1.391031,0.275000,-3.916741
1.175002,ClearingCan,2,1,Pelvis,1.403864,0.805994,-3.916681
1.175002,ClearingCan,2,1,Spine,1.407644,0.965950,-3.916663
1.175002,ClearingCan,2,1,Head,1.394051,1.435732,-3.912210
1.175002,ClearingCan,2,1,Shin_L,1.535094,0.643038,-4.031694
1.175002,ClearingCan,2,1,Foot_L,1.528428,0.405294,-3.936052
1.175002,ClearingCan,2,1,Shin_R,1.244235,0.658555,-4.045018
1.175002,ClearingCan,2,1,Foot_R,1.208782,0.404457,-3.937601
1.175002,ClearingCan,2,1,Head,1.391031,0.275000,-3.916741
1.179168,ClearingCan,2,1,Pelvis,1.404058,0.805022,-3.916680
1.179168,ClearingCan,2,1,Spine,1.407887,0.964976,-3.916662
1.179168,ClearingCan,2,1,Head,1.394125,1.434760,-3.912940
1.179168,ClearingCan,2,1,Shin_L,1.535283,0.643214,-4.033721
1.179168,ClearingCan,2,1,Foot_L,1.528528,0.405041,-3.936068
1.179168,ClearingCan,2,1,Shin_R,1.244261,0.657370,-4.044603
1.179168,ClearingCan,2,1,Foot_R,1.208782,0.404457,-3.937602
1.179168,ClearingCan,2,1,Head,1.391031,0.275000,-3.916741
1.183335,ClearingCan,2,1,Pelvis,1.404253,0.804050,-3.916679
1.183335,ClearingCan,2,1,Spine,1.408125,0.964003,-3.916661
1.183335,ClearingCan,2,1,Head,1.394210,1.433787,-3.913691
1.183335,ClearingCan,2,1,Shin_L,1.535458,0.643420,-4.035747
1.183335,ClearingCan,2,1,Foot_L,1.528596,0.404832,-3.936080
1.183335,ClearingCan,2,1,Shin_R,1.244286,0.656185,-4.044190
1.183335,ClearingCan,2,1,Foot_R,1.208782,0.404457,-3.937602
1.183335,ClearingCan,2,1,Head,1.391031,0.275000,-3.916741
1.187502,ClearingCan,2,1,Pelvis,1.404447,0.803078,-3.916678
1.187502,ClearingCan,2,1,Spine,1.408356,0.963030,-3.916660
1.187502,ClearingCan,2,1,Head,1.394312,1.432814,-3.914454
1.187502,ClearingCan,2,1,Shin_L,1.535621,0.643659,-4.037769
1.187502,ClearingCan,2,1,Foot_L,1.528639,0.404668,-3.936087
1.187502,ClearingCan,2,1,Shin_R,1.244310,0.654998,-4.043781
1.187502,ClearingCan,2,1,Foot_R,1.208782,0.404457,-3.937601
1.187502,ClearingCan,2,1,Head,1.391031,0.275000,-3.916741
1.191668,ClearingCan,2,1,Pelvis,1.404642,0.802105,-3.916677
1.191668,ClearingCan,2,1,Spine,1.408579,0.962057,-3.916659
1.191668,ClearingCan,2,1,Head,1.394437,1.431841,-3.915220
1.191668,ClearingCan,2,1,Shin_L,1.535776,0.643932,-4.039787
1.191668,ClearingCan,2,1,Foot_L,1.528661,0.404551,-3.936090
1.191668,ClearingCan,2,1,Shin_R,1.244331,0.653809,-4.043377
1.191668,ClearingCan,2,1,Foot_R,1.208782,0.404457,-3.937601
1.191668,ClearingCan,2,1,Head,1.391031,0.275000,-3.916741
1.195835,ClearingCan,2,1,Pelvis,1.404836,0.801133,-3.916676
1.195835,ClearingCan,2,1,Spine,1.408791,0.961084,-3.916658
1.195835,ClearingCan,2,1,Head,1.394589,1.430869,-3.915980
1.195835,ClearingCan,2,1,Shin_L,1.535923,0.644240,-4.041801
1.195835,ClearingCan,2,1,Foot_L,1.528669,0.404481,-3.936092
1.195835,ClearingCan,2,1,Shin_R,1.244349,0.652617,-4.042982
1.195835,ClearingCan,2,1,Foot_R,1.208782,0.404457,-3.937602
1.195835,ClearingCan,2,1,Head,1.391031,0.275000,-3.916741
0.000000,Backstepping,-1,1,Pelvis,-2.429606,0.799189,-4.120000
0.000000,Backstepping,-1,1,Spine,-2.433528,0.959141,-4.120000
0.000000,Backstepping,-1,1,Head,-2.419448,1.428929,-4.120745
0.000000,Backstepping,-1,1,Shin_L,-2.287812,0.649759,-4.246867
0.000000,Backstepping,-1,1,Foot_L,-2.277864,0.404457,-4.140000
0.000000,Backstepping,-1,1,Shin_R,-2.579885,0.643818,-4.247322
0.000000,Backstepping,-1,1,Foot_R,-2.597756,0.404457,-4.140000
0.000000,Backstepping,-1,1,Head,-2.415411,0.275000,-4.120000
0.004167,Backstepping,0,0.5,Pelvis,-2.429606,0.794350,-4.119998
0.004167,Backstepping,0,0.5,Spine,-2.433528,0.954302,-4.119998
0.004167,Backstepping,0,0.5,Head,-2.419448,1.424091,-4.120743
0.004167,Backstepping,0,0.5,Shin_L,-2.287844,0.647846,-4.251204
0.004167,Backstepping,0,0.5,Foot_L,-2.277864,0.404481,-4.139997
0.004167,Backstepping,0,0.5,Shin_R,-2.579830,0.641862,-4.251572
0.004167,Backstepping,0,0.5,Foot_R,-2.597756,0.404457,-4.140000
0.004167,Backstepping,0,0.5,Head,-2.415411,0.275000,-4.119998
0.008333,Backstepping,0,0.5,Pelvis,-2.429604,0.794351,-4.119985
0.008333,Backstepping,0,0.5,Spine,-2.433526,0.954302,-4.119985
0.008333,Backstepping,0,0.5,Head,-2.419446,1.424091,-4.120727
0.008333,Backstepping,0,0.5,Shin_L,-2.287843,0.647894,-4.251260
0.008333,Backstepping,0,0.5,Foot_L,-2.277864,0.404552,-4.139987
0.008333,Backstepping,0,0.5,Shin_R,-2.579829,0.641864,-4.251562
0.008333,Backstepping,0,0.5,Foot_R,-2.597756,0.404457,-4.140000
0.008333,Backstepping,0,0.5,Head,-2.415411,0.275000,-4.119985
0.012500,Backstepping,0,0.5,Pelvis,-2.429599,0.794355,-4.119951
0.012500,Backstepping,0,0.5,Spine,-2.433521,0.954307,-4.119951
0.012500,Backstepping,0,0.5,Head,-2.419442,1.424095,-4.120680
0.012500,Backstepping,0,0.5,Shin_L,-2.287841,0.647984,-4.251350
0.012500,Backstepping,0,0.5,Foot_L,-2.277862,0.404669,-4.139956
0.012500,Backstepping,0,0.5,Shin_R,-2.579826,0.641867,-4.251524
0.012500,Backstepping,0,0.5,Foot_R,-2.597756,0.404457,-4.140000
0.012500,Backstepping,0,0.5,Head,-2.415409,0.275000,-4.119951
0.016667,Backstepping,0,0.5,Pelvis,-2.429589,0.794369,-4.119884
0.016667,Backstepping,0,0.5,Spine,-2.433510,0.954321,-4.119884
0.016667,Backstepping,0,0.5,Head,-2.419434,1.424109,-4.120586
0.016667,Backstepping,0,0.5,Shin_L,-2.287837,0.648128,-4.251472
0.016667,Backstepping,0,0.5,Foot_L,-2.277859,0.404832,-4.139898
0.016667,Backstepping,0,0.5,Shin_R,-2.579820,0.641869,-4.251440
0.016667,Backstepping,0,0.5,Foot_R,-2.597756,0.404457,-4.140000
0.016667,Backstepping,0,0.5,Head,-2.415406,0.275000,-4.119884
0.020833,Backstepping,0,0.5,Pelvis,-2.429569,0.794402,-4.119775
0.020833,Backstepping,0,0.5,Spine,-2.433489,0.954354,-4.119775
0.020833,Backstepping,0,0.5,Head,-2.419418,1.424143,-4.120423
0.020833,Backstepping,0,0.5,Shin_L,-2.287828,0.648341,-4.251624
0.020833,Backstepping,0,0.5,Foot_L,-2.277854,0.405041,-4.139804
0.020833,Backstepping,0,0.5,Shin_R,-2.579811,0.641869,-4.251279
0.020833,Backstepping,0,0.5,Foot_R,-2.597756,0.404457,-4.140000
0.020833,Backstepping,0,0.5,Head,-2.415400,0.275000,-4.119775
0.025000,Backstepping,0,0.5,Pelvis,-2.429538,0.794464,-4.119615
0.025000,Backstepping,0,0.5,Spine,-2.433454,0.954417,-4.119615
0.025000,Backstepping,0,0.5,Head,-2.419394,1.424206,-4.120173
0.025000,Backstepping,0,0.5,Shin_L,-2.287812,0.648638,-4.251804
0.025000,Backstepping,0,0.5,Foot_L,-2.277847,0.405295,-4.139667
0.025000,Backstepping,0,0.5,Shin_R,-2.579796,0.641863,-4.251015
0.025000,Backstepping,0,0.5,Foot_R,-2.597756,0.404457,-4.140000
0.025000,Backstepping,0,0.5,Head,-2.415392,0.275000,-4.119615
0.029167,Backstepping,0,0.5,Pelvis,-2.429491,0.794566,-4.119393
0.029167,Backstepping,0,0.5,Spine,-2.433402,0.954518,-4.119393
0.029167,Backstepping,0,0.5,Head,-2.419360,1.424308,-4.119817
0.029167,Backstepping,0,0.5,Shin_L,-2.287790,0.649036,-4.252013
0.029167,Backstepping,0,0.5,Foot_L,-2.277838,0.405592,-4.139480
0.029167,Backstepping,0,0.5,Shin_R,-2.579775,0.641847,-4.250614
0.029167,Backstepping,0,0.5,Foot_R,-2.597756,0.404457,-4.140000
0.029167,Backstepping,0,0.5,Head,-2.415380,0.275000,-4.119393
0.033333,Backstepping,0,0.5,Pelvis,-2.429426,0.794716,-4.119102
0.033333,Backstepping,0,0.5,Spine,-2.433329,0.954669,-4.119102
0.033333,Backstepping,0,0.5,Head,-2.419316,1.424460,-4.119340
0.033333,Backstepping,0,0.5,Shin_L,-2.287758,0.649549,-4.252248
0.033333,Backstepping,0,0.5,Foot_L,-2.277825,0.405931,-4.139237
0.033333,Backstepping,0,0.5,Shin_R,-2.579747,0.641816,-4.250047
0.033333,Backstepping,0,0.5,Foot_R,-2.597756,0.404457,-4.140000
0.033333,Backstepping,0,0.5,Head,-2.415365,0.275000,-4.119102
0.037500,Backstepping,0,0.5,Pelvis,-2.429322,0.795013,-4.118734
0.037500,Backstepping,0,0.5,Spine,-2.433213,0.954966,-4.118734
0.037500,Backstepping,0,0.5,Head,-2.419244,1.424758,-4.118728
0.037500,Backstepping,0,0.5,Shin_L,-2.287698,0.650052,-4.252189
0.037500,Backstepping,0,0.5,Foot_L,-2.277809,0.406311,-4.138931
0.037500,Backstepping,0,0.5,Shin_R,-2.579696,0.641884,-4.249327
0.037500,Backstepping,0,0.5,Foot_R,-2.597756,0.404457,-4.140000
0.037500,Backstepping,0,0.5,Head,-2.415346,0.275000,-4.118734
0.041667,Backstepping,0,0.5,Pelvis,-2.429184,0.795430,-4.118282
0.041667,Backstepping,0,0.5,Spine,-2.433057,0.955383,-4.118282
0.041667,Backstepping,0,0.5,Head,-2.419152,1.425177,-4.117965
0.041667,Backstepping,0,0.5,Shin_L,-2.287615,0.650612,-4.251965
0.041667,Backstepping,0,0.5,Foot_L,-2.277790,0.406730,-4.138558
0.041667,Backstepping,0,0.5,Shin_R,-2.579626,0.642000,-4.248406
0.041667,Backstepping,0,0.5,Foot_R,-2.597756,0.404457,-4.140000
0.041667,Backstepping,0,0.5,Head,-2.415323,0.275000,-4.118282
0.045833,Backstepping,0,0.5,Pelvis,-2.429007,0.795984,-4.117743
0.045833,Backstepping,0,0.5,Spine,-2.432856,0.955938,-4.117743
0.045833,Backstepping,0,0.5,Head,-2.419039,1.425734,-4.117043
0.045833,Backstepping,0,0.5,Shin_L,-2.287506,0.651222,-4.251535
0.045833,Backstepping,0,0.5,Foot_L,-2.277768,0.407187,-4.138113
0.045833,Backstepping,0,0.5,Shin_R,-2.579536,0.642173,-4.247267
0.045833,Backstepping,0,0.5,Foot_R,-2.597756,0.404457,-4.140000
0.045833,Backstepping,0,0.5,Head,-2.415296,0.275000,-4.117743
0.050000,Backstepping,0,0.5,Pelvis,-2.428787,0.796691,-4.117109
0.050000,Backstepping,0,0.5,Spine,-2.432603,0.956646,-4.117109
0.050000,Backstepping,0,0.5,Head,-2.418902,1.426444,-4.115957
0.050000,Backstepping,0,0.5,Shin_L,-2.287367,0.651874,-4.250867
0.050000,Backstepping,0,0.5,Foot_L,-2.277740,0.407679,-4.137592
0.050000,Backstepping,0,0.5,Shin_R,-2.579422,0.642413,-4.245890
0.050000,Backstepping,0,0.5,Foot_R,-2.597756,0.404457,-4.140000
0.050000,Backstepping,0,0.5,Head,-2.415263,0.275000,-4.117109
0.054167,Backstepping,0,0.5,Pelvis,-2.428522,0.797562,-4.116379
0.054167,Backstepping,0,0.5,Spine,-2.432298,0.957517,-4.116379
0.054167,Backstepping,0,0.5,Head,-2.418740,1.427319,-4.114705
0.054167,Backstepping,0,0.5,Shin_L,-2.287197,0.652559,-4.249929
0.054167,Backstepping,0,0.5,Foot_L,-2.277710,0.408204,-4.136991
0.054167,Backstepping,0,0.5,Shin_R,-2.579285,0.642724,-4.244259
0.054167,Backstepping,0,0.5,Foot_R,-2.597756,0.404457,-4.140000
0.054167,Backstepping,0,0.5,Head,-2.415226,0.275000,-4.116379
0.058333,Backstepping,0,0.5,Pelvis,-2.428208,0.798603,-4.115550
0.058333,Backstepping,0,0.5,Spine,-2.431938,0.958560,-4.115550
0.058333,Backstepping,0,0.5,Head,-2.418548,1.428363,-4.113288
0.058333,Backstepping,0,0.5,Shin_L,-2.286994,0.653268,-4.248693
0.058333,Backstepping,0,0.5,Foot_L,-2.277675,0.408761,-4.136306
0.058333,Backstepping,0,0.5,Shin_R,-2.579122,0.643112,-4.242366
0.058333,Backstepping,0,0.5,Foot_R,-2.597756,0.404457,-4.140000
0.058333,Backstepping,0,0.5,Head,-2.415183,0.275000,-4.115550
0.062500,Backstepping,0,0.5,Pelvis,-2.427847,0.799819,-4.114621
0.062500,Backstepping,0,0.5,Spine,-2.431524,0.959776,-4.114621
0.062500,Backstepping,0,0.5,Head,-2.418324,1.429582,-4.111718
0.062500,Backstepping,0,0.5,Shin_L,-2.286757,0.653992,-4.247136
0.062500,Backstepping,0,0.5,Foot_L,-2.277635,0.409346,-4.135535
0.062500,Backstepping,0,0.5,Shin_R,-2.578933,0.643578,-4.240201
0.062500,Backstepping,0,0.5,Foot_R,-2.597756,0.404457,-4.140000
0.062500,Backstepping,0,0.5,Head,-2.415135,0.275000,-4.114621
0.066667,Backstepping,0,0.5,Pelvis,-2.427437,0.801206,-4.113592
0.066667,Backstepping,0,0.5,Spine,-2.431056,0.961165,-4.113592
0.066667,Backstepping,0,0.5,Head,-2.418062,1.430971,-4.110004
0.066667,Backstepping,0,0.5,Shin_L,-2.286487,0.654720,-4.245240
0.066667,Backstepping,0,0.5,Foot_L,-2.277591,0.409957,-4.134676
0.066667,Backstepping,0,0.5,Shin_R,-2.578719,0.644120,-4.237761
0.066667,Backstepping,0,0.5,Foot_R,-2.597756,0.404457,-4.140000
0.066667,Backstepping,0,0.5,Head,-2.415082,0.275000,-4.113592
0.070833,Backstepping,0,0.5,Pelvis,-2.427053,0.802385,-4.112464
0.070833,Backstepping,0,0.5,Spine,-2.430614,0.962345,-4.112464
0.070833,Backstepping,0,0.5,Head,-2.417830,1.432151,-4.108160
0.070833,Backstepping,0,0.5,Shin_L,-2.286198,0.654436,-4.242058
0.070833,Backstepping,0,0.5,Foot_L,-2.277542,0.410592,-4.133726
0.070833,Backstepping,0,0.5,Shin_R,-2.578526,0.644474,-4.235230
0.070833,Backstepping,0,0.5,Foot_R,-2.597756,0.404457,-4.140000
0.070833,Backstepping,0,0.5,Head,-2.415024,0.275000,-4.112464
0.075000,Backstepping,0,0.5,Pelvis,-2.426642,0.803632,-4.111240
0.075000,Backstepping,0,0.5,Spine,-2.430145,0.963593,-4.111240
0.075000,Backstepping,0,0.5,Head,-2.417570,1.433398,-4.106195
0.075000,Backstepping,0,0.5,Shin_L,-2.285884,0.653912,-4.238266
0.075000,Backstepping,0,0.5,Foot_L,-2.277489,0.411248,-4.132685
0.075000,Backstepping,0,0.5,Shin_R,-2.578320,0.644837,-4.232484
0.075000,Backstepping,0,0.5,Foot_R,-2.597756,0.404457,-4.140000
0.075000,Backstepping,0,0.5,Head,-2.414962,0.275000,-4.111240
0.079167,Backstepping,0,0.5,Pelvis,-2.426206,0.804930,-4.109924
0.079167,Backstepping,0,0.5,Spine,-2.429651,0.964893,-4.109924
0.079167,Backstepping,0,0.5,Head,-2.417284,1.434695,-4.104128
0.079167,Backstepping,0,0.5,Shin_L,-2.285547,0.653143,-4.233840
0.079167,Backstepping,0,0.5,Foot_L,-2.277430,0.411921,-4.131550
0.079167,Backstepping,0,0.5,Shin_R,-2.578103,0.645203,-4.229537
0.079167,Backstepping,0,0.5,Foot_R,-2.597756,0.404457,-4.140000
0.079167,Backstepping,0,0.5,Head,-2.414894,0.275000,-4.109924
0.083333,Backstepping,0,0.5,Pelvis,-2.425748,0.806264,-4.108520
0.083333,Backstepping,0,0.5,Spine,-2.429134,0.966228,-4.108520
0.083333,Backstepping,0,0.5,Head,-2.416978,1.436025,-4.101980
0.083333,Backstepping,0,0.5,Shin_L,-2.285191,0.652133,-4.228760
0.083333,Backstepping,0,0.5,Foot_L,-2.277367,0.412610,-4.130322
0.083333,Backstepping,0,0.5,Shin_R,-2.577876,0.645567,-4.226405
0.083333,Backstepping,0,0.5,Foot_R,-2.597756,0.404457,-4.140000
0.083333,Backstepping,0,0.5,Head,-2.414822,0.275000,-4.108520
0.087500,Backstepping,0,0.5,Pelvis,-2.425274,0.807612,-4.107033
0.087500,Backstepping,0,0.5,Spine,-2.428599,0.967578,-4.107033
0.087500,Backstepping,0,0.5,Head,-2.416662,1.437370,-4.099771
0.087500,Backstepping,0,0.5,Shin_L,-2.284819,0.650887,-4.223013
0.087500,Backstepping,0,0.5,Foot_L,-2.277299,0.413311,-4.129000
0.087500,Backstepping,0,0.5,Shin_R,-2.577642,0.645922,-4.223110
0.087500,Backstepping,0,0.5,Foot_R,-2.597756,0.404457,-4.140000
0.087500,Backstepping,0,0.5,Head,-2.414745,0.275000,-4.107033
0.091667,Backstepping,0,0.5,Pelvis,-2.424787,0.808954,-4.105472
0.091667,Backstepping,0,0.5,Spine,-2.428046,0.968921,-4.105472
0.091667,Backstepping,0,0.5,Head,-2.416347,1.438708,-4.097527
0.091667,Backstepping,0,0.5,Shin_L,-2.284435,0.649421,-4.216586
0.091667,Backstepping,0,0.5,Foot_L,-2.277227,0.414021,-4.127584
0.091667,Backstepping,0,0.5,Shin_R,-2.577403,0.646261,-4.219676
0.091667,Backstepping,0,0.5,Foot_R,-2.597756,0.404457,-4.140000
0.091667,Backstepping,0,0.5,Head,-2.414665,0.275000,-4.105472
0.095833,Backstepping,0,0.5,Pelvis,-2.424292,0.810269,-4.103842
0.095833,Backstepping,0,0.5,Spine,-2.427477,0.970238,-4.103842
0.095833,Backstepping,0,0.5,Head,-2.416045,1.440020,-4.095270
0.095833,Backstepping,0,0.5,Shin_L,-2.284043,0.647750,-4.209466
0.095833,Backstepping,0,0.5,Foot_L,-2.277149,0.414738,-4.126074
0.095833,Backstepping,0,0.5,Shin_R,-2.577160,0.646580,-4.216132
0.095833,Backstepping,0,0.5,Foot_R,-2.597756,0.404457,-4.140000
0.095833,Backstepping,0,0.5,Head,-2.414582,0.275000,-4.103842
0.100000,Backstepping,0,0.5,Pelvis,-2.423795,0.811535,-4.102154
0.100000,Backstepping,0,0.5,Spine,-2.426893,0.971505,-4.102154
0.100000,Backstepping,0,0.5,Head,-2.415771,1.441285,-4.093027
0.100000,Backstepping,0,0.5,Shin_L,-2.283648,0.645894,-4.201639
0.100000,Backstepping,0,0.5,Foot_L,-2.277067,0.415457,-4.124473
0.100000,Backstepping,0,0.5,Shin_R,-2.576915,0.646874,-4.212509
0.100000,Backstepping,0,0.5,Foot_R,-2.597756,0.404457,-4.140000
0.100000,Backstepping,0,0.5,Head,-2.414495,0.275000,-4.102154
0.104167,Backstepping,0,0.5,Pelvis,-2.422978,0.811117,-4.100415
0.104167,Backstepping,0,0.5,Spine,-2.425980,0.971089,-4.100415
0.104167,Backstepping,0,0.5,Head,-2.415203,1.440867,-4.090819
0.104167,Backstepping,0,0.5,Shin_L,-2.283103,0.643727,-4.196348
0.104167,Backstepping,0,0.5,Foot_L,-2.276979,0.416176,-4.122779
0.104167,Backstepping,0,0.5,Shin_R,-2.576539,0.645752,-4.209244
0.104167,Backstepping,0,0.5,Foot_R,-2.597756,0.404457,-4.140000
0.104167,Backstepping,0,0.5,Head,-2.414405,0.275000,-4.100415
0.108333,Backstepping,0,0.5,Pelvis,-2.422141,0.810470,-4.098637
0.108333,Backstepping,0,0.5,Spine,-2.425041,0.970444,-4.098637
0.108333,Backstepping,0,0.5,Head,-2.414630,1.440222,-4.088667
0.108333,Backstepping,0,0.5,Shin_L,-2.282552,0.641399,-4.191018
0.108333,Backstepping,0,0.5,Foot_L,-2.276888,0.416893,-4.120996
0.108333,Backstepping,0,0.5,Shin_R,-2.576158,0.644484,-4.206057
0.108333,Backstepping,0,0.5,Foot_R,-2.597756,0.404457,-4.140000
0.108333,Backstepping,0,0.5,Head,-2.414314,0.275000,-4.098637
0.112500,Backstepping,0,0.5,Pelvis,-2.421293,0.809599,-4.096828
0.112500,Backstepping,0,0.5,Spine,-2.424086,0.969575,-4.096828
0.112500,Backstepping,0,0.5,Head,-2.414062,1.439356,-4.086587
0.112500,Backstepping,0,0.5,Shin_L,-2.282000,0.638939,-4.185719
0.112500,Backstepping,0,0.5,Foot_L,-2.276792,0.417603,-4.119123
0.112500,Backstepping,0,0.5,Shin_R,-2.575775,0.643091,-4.202991
0.112500,Backstepping,0,0.5,Foot_R,-2.597756,0.404457,-4.140000
0.112500,Backstepping,0,0.5,Head,-2.414221,0.275000,-4.096828
0.116667,Backstepping,0,0.5,Pelvis,-2.420445,0.808514,-4.094999
0.116667,Backstepping,0,0.5,Spine,-2.423124,0.968492,-4.094999
0.116667,Backstepping,0,0.5,Head,-2.413510,1.438278,-4.084592
0.116667,Backstepping,0,0.5,Shin_L,-2.281453,0.636378,-4.180525
0.116667,Backstepping,0,0.5,Foot_L,-2.276691,0.418304,-4.117165
0.116667,Backstepping,0,0.5,Shin_R,-2.575395,0.641592,-4.200086
0.116667,Backstepping,0,0.5,Foot_R,-2.597756,0.404457,-4.140000
0.116667,Backstepping,0,0.5,Head,-2.414127,0.275000,-4.094999
0.120833,Backstepping,0,0.5,Pelvis,-2.419606,0.807230,-4.093162
0.120833,Backstepping,0,0.5,Spine,-2.422164,0.967209,-4.093162
0.120833,Backstepping,0,0.5,Head,-2.412982,1.437003,-4.082695
0.120833,Backstepping,0,0.5,Shin_L,-2.280915,0.633745,-4.175512
0.120833,Backstepping,0,0.5,Foot_L,-2.276586,0.418993,-4.115123
0.120833,Backstepping,0,0.5,Shin_R,-2.575020,0.640012,-4.197378
0.120833,Backstepping,0,0.5,Foot_R,-2.597756,0.404457,-4.140000
0.120833,Backstepping,0,0.5,Head,-2.414033,0.275000,-4.093162
0.125000,Backstepping,0,0.5,Pelvis,-2.418782,0.805764,-4.091323
0.125000,Backstepping,0,0.5,Spine,-2.421213,0.965745,-4.091323
0.125000,Backstepping,0,0.5,Head,-2.412488,1.435549,-4.080900
0.125000,Backstepping,0,0.5,Shin_L,-2.280392,0.631070,-4.170744
0.125000,Backstepping,0,0.5,Foot_L,-2.276477,0.419667,-4.112999
0.125000,Backstepping,0,0.5,Shin_R,-2.574654,0.638375,-4.194894
0.125000,Backstepping,0,0.5,Foot_R,-2.597756,0.404457,-4.140000
0.125000,Backstepping,0,0.5,Head,-2.413938,0.275000,-4.091323
0.129167,Backstepping,0,0.5,Pelvis,-2.417982,0.804138,-4.089485
0.129167,Backstepping,0,0.5,Spine,-2.420278,0.964122,-4.089485
0.129167,Backstepping,0,0.5,Head,-2.412036,1.433937,-4.079204
0.129167,Backstepping,0,0.5,Shin_L,-2.279886,0.628379,-4.166274
0.129167,Backstepping,0,0.5,Foot_L,-2.276364,0.420322,-4.110796
0.129167,Backstepping,0,0.5,Shin_R,-2.574298,0.636704,-4.192645
0.129167,Backstepping,0,0.5,Foot_R,-2.597756,0.404457,-4.140000
0.129167,Backstepping,0,0.5,Head,-2.413844,0.275000,-4.089485
0.133333,Backstepping,0,0.5,Pelvis,-2.417208,0.802379,-4.087647
0.133333,Backstepping,0,0.5,Spine,-2.419362,0.962364,-4.087647
0.133333,Backstepping,0,0.5,Head,-2.411631,1.432193,-4.077598
0.133333,Backstepping,0,0.5,Shin_L,-2.279397,0.625695,-4.162128
0.133333,Backstepping,0,0.5,Foot_L,-2.276247,0.420957,-4.108519
0.133333,Backstepping,0,0.5,Shin_R,-2.573953,0.635023,-4.190627
0.133333,Backstepping,0,0.5,Foot_R,-2.597756,0.404457,-4.140000
0.133333,Backstepping,0,0.5,Head,-2.413749,0.275000,-4.087647
0.137500,Backstepping,0,0.5,Pelvis,-2.415966,0.799685,-4.085809
0.137500,Backstepping,0,0.5,Spine,-2.417962,0.959673,-4.085809
0.137500,Backstepping,0,0.5,Head,-2.410797,1.429517,-4.076084
0.137500,Backstepping,0,0.5,Shin_L,-2.278712,0.624507,-4.164958
0.137500,Backstepping,0,0.5,Foot_L,-2.276126,0.421568,-4.106168
0.137500,Backstepping,0,0.5,Shin_R,-2.573366,0.632831,-4.189377
0.137500,Backstepping,0,0.5,Foot_R,-2.597756,0.404457,-4.139999
0.137500,Backstepping,0,0.5,Head,-2.413655,0.275000,-4.085809
0.141667,Backstepping,0,0.5,Pelvis,-2.414748,0.796910,-4.083971
0.141667,Backstepping,0,0.5,Spine,-2.416568,0.956900,-4.083971
0.141667,Backstepping,0,0.5,Head,-2.410035,1.426762,-4.074658
0.141667,Backstepping,0,0.5,Shin_L,-2.278036,0.623314,-4.167724
0.141667,Backstepping,0,0.5,Foot_L,-2.276002,0.422153,-4.103749
0.141667,Backstepping,0,0.5,Shin_R,-2.572789,0.630662,-4.188293
0.141667,Backstepping,0,0.5,Foot_R,-2.597756,0.404457,-4.140000
0.141667,Backstepping,0,0.5,Head,-2.413561,0.275000,-4.083971
0.145833,Backstepping,0,0.5,Pelvis,-2.413553,0.794094,-4.082132
0.145833,Backstepping,0,0.5,Spine,-2.415185,0.954086,-4.082132
0.145833,Backstepping,0,0.5,Head,-2.409325,1.423966,-4.073303
0.145833,Backstepping,0,0.5,Shin_L,-2.277369,0.622110,-4.170310
0.145833,Backstepping,0,0.5,Foot_L,-2.275874,0.422710,-4.101264
0.145833,Backstepping,0,0.5,Shin_R,-2.572222,0.628522,-4.187318
0.145833,Backstepping,0,0.5,Foot_R,-2.597756,0.404457,-4.140000
0.145833,Backstepping,0,0.5,Head,-2.413466,0.275000,-4.082132
0.150000,Backstepping,0,0.5,Pelvis,-2.412372,0.791271,-4.080294
0.150000,Backstepping,0,0.5,Spine,-2.413812,0.951265,-4.080294
0.150000,Backstepping,0,0.5,Head,-2.408643,1.421163,-4.072001
0.150000,Backstepping,0,0.5,Shin_L,-2.276706,0.620881,-4.172613
0.150000,Backstepping,0,0.5,Foot_L,-2.275743,0.423235,-4.098719
0.150000,Backstepping,0,0.5,Shin_R,-2.571666,0.626407,-4.186381
0.150000,Backstepping,0,0.5,Foot_R,-2.597756,0.404457,-4.140000
0.150000,Backstepping,0,0.5,Head,-2.413372,0.275000,-4.080294
0.154167,Backstepping,0,0.5,Pelvis,-2.411194,0.788473,-4.078456
0.154167,Backstepping,0,0.5,Spine,-2.412442,0.948468,-4.078456
0.154167,Backstepping,0,0.5,Head,-2.407962,1.418383,-4.070734
0.154167,Backstepping,0,0.5,Shin_L,-2.276044,0.619612,-4.174563
0.154167,Backstepping,0,0.5,Foot_L,-2.275610,0.423728,-4.096116
0.154167,Backstepping,0,0.5,Shin_R,-2.571115,0.624304,-4.185407
0.154167,Backstepping,0,0.5,Foot_R,-2.597756,0.404457,-4.140000
0.154167,Backstepping,0,0.5,Head,-2.413277,0.275000,-4.078456
0.158333,Backstepping,0,0.5,Pelvis,-2.410016,0.785706,-4.076618
0.158333,Backstepping,0,0.5,Spine,-2.411080,0.945702,-4.076618
0.158333,Backstepping,0,0.5,Head,-2.407263,1.415633,-4.069493
0.158333,Backstepping,0,0.5,Shin_L,-2.275383,0.618305,-4.176177
0.158333,Backstepping,0,0.5,Foot_L,-2.275474,0.424184,-4.093460
0.158333,Backstepping,0,0.5,Shin_R,-2.570572,0.622207,-4.184381
0.158333,Backstepping,0,0.5,Foot_R,-2.597756,0.404457,-4.140000
0.158333,Backstepping,0,0.5,Head,-2.413183,0.275000,-4.076618
0.162500,Backstepping,0,0.5,Pelvis,-2.408838,0.782976,-4.074780
0.162500,Backstepping,0,0.5,Spine,-2.409732,0.942973,-4.074780
0.162500,Backstepping,0,0.5,Head,-2.406523,1.412917,-4.068273
0.162500,Backstepping,0,0.5,Shin_L,-2.274722,0.616965,-4.177483
0.162500,Backstepping,0,0.5,Foot_L,-2.275334,0.424603,-4.090755
0.162500,Backstepping,0,0.5,Shin_R,-2.570037,0.620117,-4.183310
0.162500,Backstepping,0,0.5,Foot_R,-2.597756,0.404457,-4.140000
0.162500,Backstepping,0,0.5,Head,-2.413088,0.275000,-4.074780
0.166667,Backstepping,0,0.5,Pelvis,-2.407660,0.780285,-4.072941
0.166667,Backstepping,0,0.5,Spine,-2.408407,0.940283,-4.072941
0.166667,Backstepping,0,0.5,Head,-2.405727,1.410238,-4.067067
0.166667,Backstepping,0,0.5,Shin_L,-2.274065,0.615598,-4.178504
0.166667,Backstepping,0,0.5,Foot_L,-2.275193,0.424983,-4.088007
0.166667,Backstepping,0,0.5,Shin_R,-2.569511,0.618030,-4.182196
0.166667,Backstepping,0,0.5,Foot_R,-2.597756,0.404457,-4.140000
0.166667,Backstepping,0,0.5,Head,-2.412994,0.275000,-4.072941
0.170833,Backstepping,0,0.5,Pelvis,-2.406983,0.778470,-4.071103
0.170833,Backstepping,0,0.5,Spine,-2.407605,0.938469,-4.071103
0.170833,Backstepping,0,0.5,Head,-2.405371,1.408435,-4.065887
0.170833,Backstepping,0,0.5,Shin_L,-2.273651,0.614611,-4.178456
0.170833,Backstepping,0,0.5,Foot_L,-2.275050,0.425323,-4.085219
0.170833,Backstepping,0,0.5,Shin_R,-2.569163,0.617028,-4.181565
0.170833,Backstepping,0,0.5,Foot_R,-2.597756,0.404457,-4.140000
0.170833,Backstepping,0,0.5,Head,-2.412899,0.275000,-4.071103
0.175000,Backstepping,0,0.5,Pelvis,-2.406305,0.776702,-4.069264
0.175000,Backstepping,0,0.5,Spine,-2.406819,0.936702,-4.069264
0.175000,Backstepping,0,0.5,Head,-2.404974,1.406676,-4.064747
0.175000,Backstepping,0,0.5,Shin_L,-2.273239,0.613607,-4.178225
0.175000,Backstepping,0,0.5,Foot_L,-2.274905,0.425620,-4.082396
0.175000,Backstepping,0,0.5,Shin_R,-2.568819,0.616036,-4.180874
0.175000,Backstepping,0,0.5,Foot_R,-2.597756,0.404457,-4.140000
0.175000,Backstepping,0,0.5,Head,-2.412805,0.275000,-4.069264
0.179167,Backstepping,0,0.5,Pelvis,-2.405627,0.774983,-4.067426
0.179167,Backstepping,0,0.5,Spine,-2.406045,0.934983,-4.067426
0.179167,Backstepping,0,0.5,Head,-2.404544,1.404965,-4.063639
0.179167,Backstepping,0,0.5,Shin_L,-2.272828,0.612586,-4.177826
0.179167,Backstepping,0,0.5,Foot_L,-2.274758,0.425874,-4.079543
0.179167,Backstepping,0,0.5,Shin_R,-2.568478,0.615054,-4.180117
0.179167,Backstepping,0,0.5,Foot_R,-2.597756,0.404457,-4.140000
0.179167,Backstepping,0,0.5,Head,-2.412711,0.275000,-4.067426
0.183333,Backstepping,0,0.5,Pelvis,-2.404950,0.773316,-4.065588
0.183333,Backstepping,0,0.5,Spine,-2.405281,0.933315,-4.065588
0.183333,Backstepping,0,0.5,Head,-2.404092,1.403304,-4.062552
0.183333,Backstepping,0,0.5,Shin_L,-2.272419,0.611552,-4.177270
0.183333,Backstepping,0,0.5,Foot_L,-2.274611,0.426083,-4.076665
0.183333,Backstepping,0,0.5,Shin_R,-2.568140,0.614084,-4.179288
0.183333,Backstepping,0,0.5,Foot_R,-2.597756,0.404457,-4.140000
0.183333,Backstepping,0,0.5,Head,-2.412616,0.275000,-4.065588
0.187500,Backstepping,0,0.5,Pelvis,-2.404272,0.771701,-4.063750
0.187500,Backstepping,0,0.5,Spine,-2.404521,0.931701,-4.063750
0.187500,Backstepping,0,0.5,Head,-2.403626,1.401694,-4.061478
0.187500,Backstepping,0,0.5,Shin_L,-2.272012,0.610504,-4.176567
0.187500,Backstepping,0,0.5,Foot_L,-2.274462,0.426246,-4.073766
0.187500,Backstepping,0,0.5,Shin_R,-2.567806,0.613125,-4.178381
0.187500,Backstepping,0,0.5,Foot_R,-2.597756,0.404457,-4.140000
0.187500,Backstepping,0,0.5,Head,-2.412522,0.275000,-4.063750
0.191667,Backstepping,0,0.5,Pelvis,-2.403594,0.770141,-4.061912
0.191667,Backstepping,0,0.5,Spine,-2.403763,0.930141,-4.061912
0.191667,Backstepping,0,0.5,Head,-2.403156,1.400138,-4.060406
0.191667,Backstepping,0,0.5,Shin_L,-2.271605,0.609444,-4.175729
0.191667,Backstepping,0,0.5,Foot_L,-2.274312,0.426363,-4.070853
0.191667,Backstepping,0,0.5,Shin_R,-2.567475,0.612179,-4.177392
0.191667,Backstepping,0,0.5,Foot_R,-2.597756,0.404457,-4.140000
0.191667,Backstepping,0,0.5,Head,-2.412427,0.275000,-4.061912
0.195833,Backstepping,0,0.5,Pelvis,-2.402916,0.768637,-4.060073
0.195833,Backstepping,0,0.5,Spine,-2.403004,0.928637,-4.060073
0.195833,Backstepping,0,0.5,Head,-2.402691,1.398636,-4.059328
0.195833,Backstepping,0,0.5,Shin_L,-2.271200,0.608373,-4.174766
0.195833,Backstepping,0,0.5,Foot_L,-2.274162,0.426434,-4.067929
0.195833,Backstepping,0,0.5,Shin_R,-2.567147,0.611244,-4.176314
0.195833,Backstepping,0,0.5,Foot_R,-2.597756,0.404457,-4.140000
0.195833,Backstepping,0,0.5,Head,-2.412333,0.275000,-4.060073
0.200000,Backstepping,0,0.5,Pelvis,-2.402239,0.767189,-4.058235
0.200000,Backstepping,0,0.5,Spine,-2.402239,0.927189,-4.058235
0.200000,Backstepping,0,0.5,Head,-2.402239,1.397189,-4.058235
0.200000,Backstepping,0,0.5,Shin_L,-2.270795,0.607293,-4.173687
0.200000,Backstepping,0,0.5,Foot_L,-2.274011,0.426457,-4.065000
0.200000,Backstepping,0,0.5,Shin_R,-2.566822,0.610320,-4.175144
0.200000,Backstepping,0,0.5,Foot_R,-2.597756,0.404457,-4.140000
0.200000,Backstepping,0,0.5,Head,-2.412239,0.275000,-4.058235
0.204167,Backstepping,0,0.5,Pelvis,-2.401820,0.765796,-4.056397
0.204167,Backstepping,0,0.5,Spine,-2.401734,0.925796,-4.056397
0.204167,Backstepping,0,0.5,Head,-2.402044,1.395795,-4.057142
0.204167,Backstepping,0,0.5,Shin_L,-2.270514,0.606209,-4.172501
0.204167,Backstepping,0,0.5,Foot_L,-2.273861,0.426434,-4.062071
0.204167,Backstepping,0,0.5,Shin_R,-2.566508,0.610229,-4.175318
0.204167,Backstepping,0,0.5,Foot_R,-2.597756,0.404457,-4.140000
0.204167,Backstepping,0,0.5,Head,-2.412144,0.275000,-4.056397
0.208333,Backstepping,0,0.5,Pelvis,-2.401402,0.764459,-4.054559
0.208333,Backstepping,0,0.5,Spine,-2.401236,0.924459,-4.054559
0.208333,Backstepping,0,0.5,Head,-2.401831,1.394456,-4.056065
0.208333,Backstepping,0,0.5,Shin_L,-2.270234,0.605125,-4.171206
0.208333,Backstepping,0,0.5,Foot_L,-2.273710,0.426363,-4.059147
0.208333,Backstepping,0,0.5,Shin_R,-2.566195,0.610154,-4.175393
0.208333,Backstepping,0,0.5,Foot_R,-2.597756,0.404457,-4.140000
0.208333,Backstepping,0,0.5,Head,-2.412050,0.275000,-4.054559
0.212500,Backstepping,0,0.5,Pelvis,-2.400983,0.763176,-4.052721
0.212500,Backstepping,0,0.5,Spine,-2.400741,0.923176,-4.052721
0.212500,Backstepping,0,0.5,Head,-2.401610,1.393170,-4.054993
0.212500,Backstepping,0,0.5,Shin_L,-2.269956,0.604043,-4.169814
0.212500,Backstepping,0,0.5,Foot_L,-2.273561,0.426246,-4.056234
0.212500,Backstepping,0,0.5,Shin_R,-2.565882,0.610095,-4.175371
0.212500,Backstepping,0,0.5,Foot_R,-2.597756,0.404457,-4.140000
0.212500,Backstepping,0,0.5,Head,-2.411955,0.275000,-4.052721
0.216667,Backstepping,0,0.5,Pelvis,-2.400564,0.761945,-4.050882
0.216667,Backstepping,0,0.5,Spine,-2.400245,0.921945,-4.050882
0.216667,Backstepping,0,0.5,Head,-2.401391,1.391933,-4.053918
0.216667,Backstepping,0,0.5,Shin_L,-2.269679,0.602962,-4.168335
0.216667,Backstepping,0,0.5,Foot_L,-2.273412,0.426083,-4.053335
0.216667,Backstepping,0,0.5,Shin_R,-2.565569,0.610052,-4.175255
0.216667,Backstepping,0,0.5,Foot_R,-2.597756,0.404457,-4.140000
0.216667,Backstepping,0,0.5,Head,-2.411861,0.275000,-4.050882
0.220833,Backstepping,0,0.5,Pelvis,-2.400146,0.760763,-4.049044
0.220833,Backstepping,0,0.5,Spine,-2.399745,0.920763,-4.049044
0.220833,Backstepping,0,0.5,Head,-2.401183,1.390745,-4.052831
0.220833,Backstepping,0,0.5,Shin_L,-2.269402,0.601882,-4.166780
0.220833,Backstepping,0,0.5,Foot_L,-2.273264,0.425873,-4.050457
0.220833,Backstepping,0,0.5,Shin_R,-2.565255,0.610024,-4.175048
0.220833,Backstepping,0,0.5,Foot_R,-2.597756,0.404457,-4.140000
0.220833,Backstepping,0,0.5,Head,-2.411766,0.275000,-4.049044
0.225000,Backstepping,0,0.5,Pelvis,-2.399727,0.759628,-4.047206
0.225000,Backstepping,0,0.5,Spine,-2.399237,0.919627,-4.047206
0.225000,Backstepping,0,0.5,Head,-2.400997,1.389602,-4.051723
0.225000,Backstepping,0,0.5,Shin_L,-2.269126,0.600804,-4.165160
0.225000,Backstepping,0,0.5,Foot_L,-2.273118,0.425620,-4.047604
0.225000,Backstepping,0,0.5,Shin_R,-2.564941,0.610010,-4.174751
0.225000,Backstepping,0,0.5,Foot_R,-2.597756,0.404457,-4.139999
0.225000,Backstepping,0,0.5,Head,-2.411672,0.275000,-4.047206
0.229167,Backstepping,0,0.5,Pelvis,-2.399309,0.758534,-4.045368
0.229167,Backstepping,0,0.5,Spine,-2.398717,0.918533,-4.045368
0.229167,Backstepping,0,0.5,Head,-2.400842,1.388499,-4.050584
0.229167,Backstepping,0,0.5,Shin_L,-2.268850,0.599727,-4.163487
0.229167,Backstepping,0,0.5,Foot_L,-2.272973,0.425323,-4.044781
0.229167,Backstepping,0,0.5,Shin_R,-2.564626,0.610009,-4.174371
0.229167,Backstepping,0,0.5,Foot_R,-2.597756,0.404457,-4.140000
0.229167,Backstepping,0,0.5,Head,-2.411577,0.275000,-4.045368
0.233333,Backstepping,0,0.5,Pelvis,-2.398890,0.757477,-4.043530
0.233333,Backstepping,0,0.5,Spine,-2.398181,0.917476,-4.043530
0.233333,Backstepping,0,0.5,Head,-2.400728,1.387432,-4.049405
0.233333,Backstepping,0,0.5,Shin_L,-2.268573,0.598649,-4.161773
0.233333,Backstepping,0,0.5,Foot_L,-2.272830,0.424983,-4.041993
0.233333,Backstepping,0,0.5,Shin_R,-2.564310,0.610021,-4.173910
0.233333,Backstepping,0,0.5,Foot_R,-2.597756,0.404457,-4.139999
0.233333,Backstepping,0,0.5,Head,-2.411483,0.275000,-4.043530
0.237500,Backstepping,0,0.5,Pelvis,-2.398194,0.755619,-4.041691
0.237500,Backstepping,0,0.5,Spine,-2.397345,0.915617,-4.041691
0.237500,Backstepping,0,0.5,Head,-2.400393,1.385561,-4.048198
0.237500,Backstepping,0,0.5,Shin_L,-2.268167,0.597118,-4.160665
0.237500,Backstepping,0,0.5,Foot_L,-2.272688,0.424603,-4.039244
0.237500,Backstepping,0,0.5,Shin_R,-2.563802,0.609874,-4.174290
0.237500,Backstepping,0,0.5,Foot_R,-2.597756,0.404457,-4.140000
0.237500,Backstepping,0,0.5,Head,-2.411389,0.275000,-4.041691
0.241667,Backstepping,0,0.5,Pelvis,-2.397498,0.753785,-4.039853
0.241667,Backstepping,0,0.5,Spine,-2.396488,0.913782,-4.039853
0.241667,Backstepping,0,0.5,Head,-2.400114,1.383713,-4.046978
0.241667,Backstepping,0,0.5,Shin_L,-2.267761,0.595580,-4.159526
0.241667,Backstepping,0,0.5,Foot_L,-2.272549,0.424184,-4.036540
0.241667,Backstepping,0,0.5,Shin_R,-2.563288,0.609741,-4.174574
0.241667,Backstepping,0,0.5,Foot_R,-2.597756,0.404457,-4.140000
0.241667,Backstepping,0,0.5,Head,-2.411294,0.275000,-4.039853
0.245833,Backstepping,0,0.5,Pelvis,-2.396802,0.751969,-4.038015
0.245833,Backstepping,0,0.5,Spine,-2.395616,0.911964,-4.038015
0.245833,Backstepping,0,0.5,Head,-2.399872,1.381881,-4.045737
0.245833,Backstepping,0,0.5,Shin_L,-2.267356,0.594035,-4.158362
0.245833,Backstepping,0,0.5,Foot_L,-2.272413,0.423727,-4.033884
0.245833,Backstepping,0,0.5,Shin_R,-2.562769,0.609618,-4.174782
0.245833,Backstepping,0,0.5,Foot_R,-2.597756,0.404457,-4.140000
0.245833,Backstepping,0,0.5,Head,-2.411200,0.275000,-4.038015
0.250000,Backstepping,0,0.5,Pelvis,-2.396105,0.750162,-4.036177
0.250000,Backstepping,0,0.5,Spine,-2.394737,0.910156,-4.036177
0.250000,Backstepping,0,0.5,Head,-2.399648,1.380057,-4.044470
0.250000,Backstepping,0,0.5,Shin_L,-2.266953,0.592487,-4.157180
0.250000,Backstepping,0,0.5,Foot_L,-2.272279,0.423235,-4.031281
0.250000,Backstepping,0,0.5,Shin_R,-2.562246,0.609503,-4.174932
0.250000,Backstepping,0,0.5,Foot_R,-2.597756,0.404457,-4.140000
0.250000,Backstepping,0,0.5,Head,-2.411105,0.275000,-4.036177
0.254167,Backstepping,0,0.5,Pelvis,-2.395409,0.748356,-4.034338
0.254167,Backstepping,0,0.5,Spine,-2.393859,0.908348,-4.034338
0.254167,Backstepping,0,0.5,Head,-2.399424,1.378232,-4.043169
0.254167,Backstepping,0,0.5,Shin_L,-2.266552,0.590937,-4.155988
0.254167,Backstepping,0,0.5,Foot_L,-2.272148,0.422710,-4.028736
0.254167,Backstepping,0,0.5,Shin_R,-2.561717,0.609392,-4.175041
0.254167,Backstepping,0,0.5,Foot_R,-2.597756,0.404457,-4.140000
0.254167,Backstepping,0,0.5,Head,-2.411011,0.275000,-4.034338
0.258333,Backstepping,0,0.5,Pelvis,-2.394713,0.746550,-4.032500
0.258333,Backstepping,0,0.5,Spine,-2.392987,0.906541,-4.032500
0.258333,Backstepping,0,0.5,Head,-2.399182,1.376408,-4.041829
0.258333,Backstepping,0,0.5,Shin_L,-2.266154,0.589392,-4.154788
0.258333,Backstepping,0,0.5,Foot_L,-2.272021,0.422153,-4.026251
0.258333,Backstepping,0,0.5,Shin_R,-2.561184,0.609284,-4.175120
0.258333,Backstepping,0,0.5,Foot_R,-2.597756,0.404457,-4.140000
0.258333,Backstepping,0,0.5,Head,-2.410917,0.275000,-4.032500
0.262500,Backstepping,0,0.5,Pelvis,-2.394017,0.744745,-4.030662
0.262500,Backstepping,0,0.5,Spine,-2.392130,0.904734,-4.030662
0.262500,Backstepping,0,0.5,Head,-2.398902,1.374583,-4.040440
0.262500,Backstepping,0,0.5,Shin_L,-2.265760,0.587859,-4.153582
0.262500,Backstepping,0,0.5,Foot_L,-2.271897,0.421569,-4.023832
0.262500,Backstepping,0,0.5,Shin_R,-2.560647,0.609178,-4.175176
0.262500,Backstepping,0,0.5,Foot_R,-2.597756,0.404457,-4.140000
0.262500,Backstepping,0,0.5,Head,-2.410822,0.275000,-4.030662
0.266667,Backstepping,0,0.5,Pelvis,-2.393320,0.742939,-4.028823
0.266667,Backstepping,0,0.5,Spine,-2.391294,0.902926,-4.028823
0.266667,Backstepping,0,0.5,Head,-2.398568,1.372760,-4.038999
0.266667,Backstepping,0,0.5,Shin_L,-2.265371,0.586343,-4.152369
0.266667,Backstepping,0,0.5,Foot_L,-2.271776,0.420957,-4.021482
0.266667,Backstepping,0,0.5,Shin_R,-2.560108,0.609072,-4.175214
0.266667,Backstepping,0,0.5,Foot_R,-2.597756,0.404457,-4.140000
0.266667,Backstepping,0,0.5,Head,-2.410728,0.275000,-4.028823
0.270833,Backstepping,0,0.5,Pelvis,-2.392902,0.741967,-4.026985
0.270833,Backstepping,0,0.5,Spine,-2.390755,0.901953,-4.026985
0.270833,Backstepping,0,0.5,Head,-2.398461,1.371771,-4.037509
0.270833,Backstepping,0,0.5,Shin_L,-2.265110,0.585310,-4.150585
0.270833,Backstepping,0,0.5,Foot_L,-2.271659,0.420322,-4.019203
0.270833,Backstepping,0,0.5,Shin_R,-2.559767,0.609137,-4.174466
0.270833,Backstepping,0,0.5,Foot_R,-2.597756,0.404457,-4.140000
0.270833,Backstepping,0,0.5,Head,-2.410633,0.275000,-4.026985
0.275000,Backstepping,0,0.5,Pelvis,-2.392483,0.740995,-4.025147
0.275000,Backstepping,0,0.5,Spine,-2.390227,0.900979,-4.025147
0.275000,Backstepping,0,0.5,Head,-2.398324,1.370784,-4.035981
0.275000,Backstepping,0,0.5,Shin_L,-2.264852,0.584300,-4.148820
0.275000,Backstepping,0,0.5,Foot_L,-2.271546,0.419667,-4.017001
0.275000,Backstepping,0,0.5,Shin_R,-2.559425,0.609198,-4.173714
0.275000,Backstepping,0,0.5,Foot_R,-2.597756,0.404457,-4.140000
0.275000,Backstepping,0,0.5,Head,-2.410539,0.275000,-4.025147
0.279167,Backstepping,0,0.5,Pelvis,-2.392065,0.740023,-4.023309
0.279167,Backstepping,0,0.5,Spine,-2.389710,0.900005,-4.023309
0.279167,Backstepping,0,0.5,Head,-2.398160,1.369798,-4.034412
0.279167,Backstepping,0,0.5,Shin_L,-2.264596,0.583313,-4.147079
0.279167,Backstepping,0,0.5,Foot_L,-2.271436,0.418993,-4.014878
0.279167,Backstepping,0,0.5,Shin_R,-2.559082,0.609258,-4.172956
0.279167,Backstepping,0,0.5,Foot_R,-2.597756,0.404457,-4.140000
0.279167,Backstepping,0,0.5,Head,-2.410444,0.275000,-4.023309
0.283333,Backstepping,0,0.5,Pelvis,-2.391646,0.739050,-4.021471
0.283333,Backstepping,0,0.5,Spine,-2.389202,0.899032,-4.021471
0.283333,Backstepping,0,0.5,Head,-2.397973,1.368813,-4.032800
0.283333,Backstepping,0,0.5,Shin_L,-2.264343,0.582352,-4.145365
0.283333,Backstepping,0,0.5,Foot_L,-2.271331,0.418304,-4.012835
0.283333,Backstepping,0,0.5,Shin_R,-2.558739,0.609314,-4.172190
0.283333,Backstepping,0,0.5,Foot_R,-2.597756,0.404457,-4.140000
0.283333,Backstepping,0,0.5,Head,-2.410350,0.275000,-4.021471
0.287500,Backstepping,0,0.5,Pelvis,-2.391228,0.738078,-4.019632
0.287500,Backstepping,0,0.5,Spine,-2.388702,0.898058,-4.019632
0.287500,Backstepping,0,0.5,Head,-2.397766,1.367830,-4.031141
0.287500,Backstepping,0,0.5,Shin_L,-2.264091,0.581420,-4.143685
0.287500,Backstepping,0,0.5,Foot_L,-2.271231,0.417603,-4.010877
0.287500,Backstepping,0,0.5,Shin_R,-2.558395,0.609368,-4.171416
0.287500,Backstepping,0,0.5,Foot_R,-2.597756,0.404457,-4.140000
0.287500,Backstepping,0,0.5,Head,-2.410255,0.275000,-4.019632
0.291667,Backstepping,0,0.5,Pelvis,-2.390809,0.737106,-4.017794
0.291667,Backstepping,0,0.5,Spine,-2.388209,0.897085,-4.017794
0.291667,Backstepping,0,0.5,Head,-2.397542,1.366848,-4.029435
0.291667,Backstepping,0,0.5,Shin_L,-2.263841,0.580517,-4.142042
0.291667,Backstepping,0,0.5,Foot_L,-2.271135,0.416893,-4.009005
0.291667,Backstepping,0,0.5,Shin_R,-2.558050,0.609420,-4.170633
0.291667,Backstepping,0,0.5,Foot_R,-2.597756,0.404457,-4.140000
0.291667,Backstepping,0,0.5,Head,-2.410161,0.275000,-4.017794
0.295833,Backstepping,0,0.5,Pelvis,-2.390391,0.736134,-4.015956
0.295833,Backstepping,0,0.5,Spine,-2.387721,0.896112,-4.015956
0.295833,Backstepping,0,0.5,Head,-2.397304,1.365867,-4.027678
0.295833,Backstepping,0,0.5,Shin_L,-2.263593,0.579645,-4.140440
0.295833,Backstepping,0,0.5,Foot_L,-2.271043,0.416177,-4.007221
0.295833,Backstepping,0,0.5,Shin_R,-2.557704,0.609470,-4.169839
0.295833,Backstepping,0,0.5,Foot_R,-2.597756,0.404457,-4.140000
0.295833,Backstepping,0,0.5,Head,-2.410067,0.275000,-4.015956
0.300000,Backstepping,0,0.5,Pelvis,-2.389972,0.735162,-4.014118
0.300000,Backstepping,0,0.5,Spine,-2.387236,0.895138,-4.014118
0.300000,Backstepping,0,0.5,Head,-2.397056,1.364888,-4.025867
0.300000,Backstepping,0,0.5,Shin_L,-2.263347,0.578807,-4.138884
0.300000,Backstepping,0,0.5,Foot_L,-2.270956,0.415457,-4.005527
0.300000,Backstepping,0,0.5,Shin_R,-2.557357,0.609518,-4.169034
0.300000,Backstepping,0,0.5,Foot_R,-2.597756,0.404457,-4.140000
0.300000,Backstepping,0,0.5,Head,-2.409972,0.275000,-4.014118
0.304167,Backstepping,0,0.5,Pelvis,-2.390072,0.736134,-4.012280
0.304167,Backstepping,0,0.5,Spine,-2.387280,0.896109,-4.012280
0.304167,Backstepping,0,0.5,Head,-2.397302,1.365856,-4.024001
0.304167,Backstepping,0,0.5,Shin_L,-2.263282,0.580150,-4.137706
0.304167,Backstepping,0,0.5,Foot_L,-2.270874,0.414738,-4.003925
0.304167,Backstepping,0,0.5,Shin_R,-2.557266,0.610779,-4.167495
0.304167,Backstepping,0,0.5,Foot_R,-2.597756,0.404457,-4.139999
0.304167,Backstepping,0,0.5,Head,-2.409878,0.275000,-4.012280
0.308333,Backstepping,0,0.5,Pelvis,-2.390172,0.737106,-4.010441
0.308333,Backstepping,0,0.5,Spine,-2.387336,0.897081,-4.010441
0.308333,Backstepping,0,0.5,Head,-2.397516,1.366826,-4.022082
0.308333,Backstepping,0,0.5,Shin_L,-2.263221,0.581534,-4.136569
0.308333,Backstepping,0,0.5,Foot_L,-2.270796,0.414021,-4.002416
0.308333,Backstepping,0,0.5,Shin_R,-2.557179,0.612029,-4.165953
0.308333,Backstepping,0,0.5,Foot_R,-2.597756,0.404457,-4.139999
0.308333,Backstepping,0,0.5,Head,-2.409783,0.275000,-4.010441
0.312500,Backstepping,0,0.5,Pelvis,-2.390272,0.738078,-4.008603
0.312500,Backstepping,0,0.5,Spine,-2.387401,0.898052,-4.008603
0.312500,Backstepping,0,0.5,Head,-2.397707,1.367798,-4.020112
0.312500,Backstepping,0,0.5,Shin_L,-2.263163,0.582957,-4.135474
0.312500,Backstepping,0,0.5,Foot_L,-2.270724,0.413311,-4.001000
0.312500,Backstepping,0,0.5,Shin_R,-2.557096,0.613265,-4.164404
0.312500,Backstepping,0,0.5,Foot_R,-2.597756,0.404457,-4.140000
0.312500,Backstepping,0,0.5,Head,-2.409689,0.275000,-4.008603
0.316667,Backstepping,0,0.5,Pelvis,-2.390372,0.739050,-4.006765
0.316667,Backstepping,0,0.5,Spine,-2.387470,0.899024,-4.006765
0.316667,Backstepping,0,0.5,Head,-2.397886,1.368772,-4.018094
0.316667,Backstepping,0,0.5,Shin_L,-2.263109,0.584420,-4.134426
0.316667,Backstepping,0,0.5,Foot_L,-2.270655,0.412610,-3.999678
0.316667,Backstepping,0,0.5,Shin_R,-2.557017,0.614490,-4.162845
0.316667,Backstepping,0,0.5,Foot_R,-2.597756,0.404457,-4.140000
0.316667,Backstepping,0,0.5,Head,-2.409595,0.275000,-4.006765
0.320833,Backstepping,0,0.5,Pelvis,-2.390472,0.740022,-4.004927
0.320833,Backstepping,0,0.5,Spine,-2.387541,0.899996,-4.004927
0.320833,Backstepping,0,0.5,Head,-2.398062,1.369746,-4.016030
0.320833,Backstepping,0,0.5,Shin_L,-2.263059,0.585922,-4.133429
0.320833,Backstepping,0,0.5,Foot_L,-2.270593,0.411921,-3.998450
0.320833,Backstepping,0,0.5,Shin_R,-2.556942,0.615704,-4.161273
0.320833,Backstepping,0,0.5,Foot_R,-2.597756,0.404457,-4.140000
0.320833,Backstepping,0,0.5,Head,-2.409500,0.275000,-4.004927
0.325000,Backstepping,0,0.5,Pelvis,-2.390572,0.740995,-4.003088
0.325000,Backstepping,0,0.5,Spine,-2.387608,0.900967,-4.003088
0.325000,Backstepping,0,0.5,Head,-2.398246,1.370722,-4.013922
0.325000,Backstepping,0,0.5,Shin_L,-2.263011,0.587462,-4.132483
0.325000,Backstepping,0,0.5,Foot_L,-2.270534,0.411248,-3.997315
0.325000,Backstepping,0,0.5,Shin_R,-2.556869,0.616906,-4.159684
0.325000,Backstepping,0,0.5,Foot_R,-2.597756,0.404457,-4.140000
0.325000,Backstepping,0,0.5,Head,-2.409405,0.275000,-4.003088
0.329167,Backstepping,0,0.5,Pelvis,-2.390672,0.741967,-4.001250
0.329167,Backstepping,0,0.5,Spine,-2.387669,0.901939,-4.001250
0.329167,Backstepping,0,0.5,Head,-2.398448,1.371697,-4.011774
0.329167,Backstepping,0,0.5,Shin_L,-2.262964,0.589041,-4.131593
0.329167,Backstepping,0,0.5,Foot_L,-2.270481,0.410592,-3.996274
0.329167,Backstepping,0,0.5,Shin_R,-2.556798,0.618096,-4.158075
0.329167,Backstepping,0,0.5,Foot_R,-2.597756,0.404457,-4.140000
0.329167,Backstepping,0,0.5,Head,-2.409311,0.275000,-4.001250
0.333333,Backstepping,0,0.5,Pelvis,-2.390772,0.742939,-3.999412
0.333333,Backstepping,0,0.5,Spine,-2.387719,0.902910,-3.999412
0.333333,Backstepping,0,0.5,Head,-2.398678,1.372672,-4.009587
0.333333,Backstepping,0,0.5,Shin_L,-2.262920,0.590658,-4.130760
0.333333,Backstepping,0,0.5,Foot_L,-2.270432,0.409957,-3.995324
0.333333,Backstepping,0,0.5,Shin_R,-2.556731,0.619276,-4.156443
0.333333,Backstepping,0,0.5,Foot_R,-2.597756,0.404457,-4.139999
0.333333,Backstepping,0,0.5,Head,-2.409217,0.275000,-3.999412
0.337500,Backstepping,0,0.5,Pelvis,-2.391039,0.744745,-3.997574
0.337500,Backstepping,0,0.5,Spine,-2.387923,0.904714,-3.997574
0.337500,Backstepping,0,0.5,Head,-2.399107,1.374479,-4.007352
0.337500,Backstepping,0,0.5,Shin_L,-2.262898,0.594222,-4.131516
0.337500,Backstepping,0,0.5,Foot_L,-2.270388,0.409346,-3.994465
0.337500,Backstepping,0,0.5,Shin_R,-2.556410,0.622761,-4.156424
0.337500,Backstepping,0,0.5,Foot_R,-2.597756,0.404457,-4.140000
0.337500,Backstepping,0,0.5,Head,-2.409122,0.275000,-3.997574
0.341667,Backstepping,0,0.5,Pelvis,-2.391306,0.746550,-3.995735
0.341667,Backstepping,0,0.5,Spine,-2.388118,0.906519,-3.995735
0.341667,Backstepping,0,0.5,Head,-2.399560,1.376287,-4.005064
0.341667,Backstepping,0,0.5,Shin_L,-2.262881,0.597851,-4.132298
0.341667,Backstepping,0,0.5,Foot_L,-2.270348,0.408761,-3.993694
0.341667,Backstepping,0,0.5,Shin_R,-2.556096,0.626250,-4.156358
0.341667,Backstepping,0,0.5,Foot_R,-2.597756,0.404457,-4.140000
0.341667,Backstepping,0,0.5,Head,-2.409028,0.275000,-3.995735
0.345833,Backstepping,0,0.5,Pelvis,-2.391572,0.748356,-3.993897
0.345833,Backstepping,0,0.5,Spine,-2.388306,0.908323,-3.993897
0.345833,Backstepping,0,0.5,Head,-2.400030,1.378093,-4.002728
0.345833,Backstepping,0,0.5,Shin_L,-2.262869,0.601548,-4.133101
0.345833,Backstepping,0,0.5,Foot_L,-2.270313,0.408204,-3.993009
0.345833,Backstepping,0,0.5,Shin_R,-2.555788,0.629743,-4.156252
0.345833,Backstepping,0,0.5,Foot_R,-2.597756,0.404457,-4.140000
0.345833,Backstepping,0,0.5,Head,-2.408933,0.275000,-3.993897
0.350000,Backstepping,0,0.5,Pelvis,-2.391839,0.750161,-3.992059
0.350000,Backstepping,0,0.5,Spine,-2.388491,0.910126,-3.992059
0.350000,Backstepping,0,0.5,Head,-2.400508,1.379899,-4.000353
0.350000,Backstepping,0,0.5,Shin_L,-2.262864,0.605315,-4.133920
0.350000,Backstepping,0,0.5,Foot_L,-2.270282,0.407679,-3.992408
0.350000,Backstepping,0,0.5,Shin_R,-2.555486,0.633238,-4.156108
0.350000,Backstepping,0,0.5,Foot_R,-2.597756,0.404457,-4.140000
0.350000,Backstepping,0,0.5,Head,-2.408839,0.275000,-3.992059
0.354167,Backstepping,0,0.5,Pelvis,-2.392106,0.751967,-3.990221
0.354167,Backstepping,0,0.5,Spine,-2.388676,0.911930,-3.990221
0.354167,Backstepping,0,0.5,Head,-2.400986,1.381705,-3.997943
0.354167,Backstepping,0,0.5,Shin_L,-2.262864,0.609154,-4.134750
0.354167,Backstepping,0,0.5,Foot_L,-2.270256,0.407187,-3.991887
0.354167,Backstepping,0,0.5,Shin_R,-2.555192,0.636735,-4.155931
0.354167,Backstepping,0,0.5,Foot_R,-2.597756,0.404457,-4.140000
0.354167,Backstepping,0,0.5,Head,-2.408745,0.275000,-3.990221
0.358333,Backstepping,0,0.5,Pelvis,-2.392372,0.753773,-3.988382
0.358333,Backstepping,0,0.5,Spine,-2.388865,0.913734,-3.988382
0.358333,Backstepping,0,0.5,Head,-2.401457,1.383511,-3.995507
0.358333,Backstepping,0,0.5,Shin_L,-2.262870,0.613067,-4.135589
0.358333,Backstepping,0,0.5,Foot_L,-2.270233,0.406730,-3.991441
0.358333,Backstepping,0,0.5,Shin_R,-2.554904,0.640235,-4.155723
0.358333,Backstepping,0,0.5,Foot_R,-2.597756,0.404457,-4.140000
0.358333,Backstepping,0,0.5,Head,-2.408650,0.275000,-3.988382
0.362500,Backstepping,0,0.5,Pelvis,-2.392639,0.755578,-3.986544
0.362500,Backstepping,0,0.5,Spine,-2.389059,0.915538,-3.986544
0.362500,Backstepping,0,0.5,Head,-2.401910,1.385317,-3.993051
0.362500,Backstepping,0,0.5,Shin_L,-2.262882,0.617056,-4.136429
0.362500,Backstepping,0,0.5,Foot_L,-2.270214,0.406311,-3.991069
0.362500,Backstepping,0,0.5,Shin_R,-2.554624,0.643737,-4.155487
0.362500,Backstepping,0,0.5,Foot_R,-2.597756,0.404457,-4.140000
0.362500,Backstepping,0,0.5,Head,-2.408556,0.275000,-3.986544
0.366667,Backstepping,0,0.5,Pelvis,-2.392906,0.757384,-3.984706
0.366667,Backstepping,0,0.5,Spine,-2.389263,0.917342,-3.984706
0.366667,Backstepping,0,0.5,Head,-2.402339,1.387123,-3.990581
0.366667,Backstepping,0,0.5,Shin_L,-2.262902,0.621121,-4.137266
0.366667,Backstepping,0,0.5,Foot_L,-2.270198,0.405931,-3.990763
0.366667,Backstepping,0,0.5,Shin_R,-2.554351,0.647240,-4.155227
0.366667,Backstepping,0,0.5,Foot_R,-2.597756,0.404457,-4.140000
0.366667,Backstepping,0,0.5,Head,-2.408461,0.275000,-3.984706
0.370833,Backstepping,0,0.5,Pelvis,-2.393006,0.758356,-3.982868
0.370833,Backstepping,0,0.5,Spine,-2.389307,0.918313,-3.982868
0.370833,Backstepping,0,0.5,Head,-2.402586,1.388096,-3.988084
0.370833,Backstepping,0,0.5,Shin_L,-2.262921,0.622183,-4.135587
0.370833,Backstepping,0,0.5,Foot_L,-2.270185,0.405592,-3.990520
0.370833,Backstepping,0,0.5,Shin_R,-2.553990,0.650182,-4.155167
0.370833,Backstepping,0,0.5,Foot_R,-2.597756,0.404457,-4.140000
0.370833,Backstepping,0,0.5,Head,-2.408367,0.275000,-3.982868
0.375000,Backstepping,0,0.5,Pelvis,-2.393106,0.759328,-3.981030
0.375000,Backstepping,0,0.5,Spine,-2.389351,0.919284,-3.981030
0.375000,Backstepping,0,0.5,Head,-2.402830,1.389069,-3.985546
0.375000,Backstepping,0,0.5,Shin_L,-2.262941,0.623281,-4.133947
0.375000,Backstepping,0,0.5,Foot_L,-2.270176,0.405294,-3.990333
0.375000,Backstepping,0,0.5,Shin_R,-2.553632,0.653126,-4.155068
0.375000,Backstepping,0,0.5,Foot_R,-2.597756,0.404457,-4.140000
0.375000,Backstepping,0,0.5,Head,-2.408272,0.275000,-3.981030
0.379167,Backstepping,0,0.5,Pelvis,-2.393206,0.760300,-3.979191
0.379167,Backstepping,0,0.5,Spine,-2.389398,0.920255,-3.979191
0.379167,Backstepping,0,0.5,Head,-2.403067,1.390041,-3.982979
0.379167,Backstepping,0,0.5,Shin_L,-2.262963,0.624414,-4.132343
0.379167,Backstepping,0,0.5,Foot_L,-2.270169,0.405041,-3.990196
0.379167,Backstepping,0,0.5,Shin_R,-2.553277,0.656073,-4.154934
0.379167,Backstepping,0,0.5,Foot_R,-2.597756,0.404457,-4.140000
0.379167,Backstepping,0,0.5,Head,-2.408178,0.275000,-3.979191
0.383333,Backstepping,0,0.5,Pelvis,-2.393306,0.761273,-3.977353
0.383333,Backstepping,0,0.5,Spine,-2.389450,0.921226,-3.977353
0.383333,Backstepping,0,0.5,Head,-2.403291,1.391012,-3.980389
0.383333,Backstepping,0,0.5,Shin_L,-2.262987,0.625580,-4.130771
0.383333,Backstepping,0,0.5,Foot_L,-2.270164,0.404832,-3.990102
0.383333,Backstepping,0,0.5,Shin_R,-2.552925,0.659021,-4.154766
0.383333,Backstepping,0,0.5,Foot_R,-2.597756,0.404457,-4.140000
0.383333,Backstepping,0,0.5,Head,-2.408083,0.275000,-3.977353
0.387500,Backstepping,0,0.5,Pelvis,-2.393406,0.762245,-3.975515
0.387500,Backstepping,0,0.5,Spine,-2.389509,0.922197,-3.975515
0.387500,Backstepping,0,0.5,Head,-2.403497,1.391983,-3.977787
0.387500,Backstepping,0,0.5,Shin_L,-2.263012,0.626778,-4.129228
0.387500,Backstepping,0,0.5,Foot_L,-2.270161,0.404668,-3.990044
0.387500,Backstepping,0,0.5,Shin_R,-2.552577,0.661972,-4.154566
0.387500,Backstepping,0,0.5,Foot_R,-2.597756,0.404457,-4.140000
0.387500,Backstepping,0,0.5,Head,-2.407989,0.275000,-3.975515
0.391667,Backstepping,0,0.5,Pelvis,-2.393506,0.763217,-3.973677
0.391667,Backstepping,0,0.5,Spine,-2.389577,0.923169,-3.973677
0.391667,Backstepping,0,0.5,Head,-2.403681,1.392954,-3.975182
0.391667,Backstepping,0,0.5,Shin_L,-2.263040,0.628007,-4.127709
0.391667,Backstepping,0,0.5,Foot_L,-2.270159,0.404551,-3.990013
0.391667,Backstepping,0,0.5,Shin_R,-2.552231,0.664924,-4.154337
0.391667,Backstepping,0,0.5,Foot_R,-2.597756,0.404457,-4.140000
0.391667,Backstepping,0,0.5,Head,-2.407895,0.275000,-3.973677
0.395833,Backstepping,0,0.5,Pelvis,-2.393606,0.764189,-3.971838
0.395833,Backstepping,0,0.5,Spine,-2.389655,0.924140,-3.971838
0.395833,Backstepping,0,0.5,Head,-2.403837,1.393925,-3.972584
0.395833,Backstepping,0,0.5,Shin_L,-2.263070,0.629264,-4.126212
0.395833,Backstepping,0,0.5,Foot_L,-2.270159,0.404481,-3.990001
0.395833,Backstepping,0,0.5,Shin_R,-2.551890,0.667878,-4.154079
0.395833,Backstepping,0,0.5,Foot_R,-2.597756,0.404457,-4.140000
0.395833,Backstepping,0,0.5,Head,-2.407800,0.275000,-3.971838
0.400000,Backstepping,0,0.5,Pelvis,-2.393706,0.765162,-3.970000
0.400000,Backstepping,0,0.5,Spine,-2.389746,0.925113,-3.970000
0.400000,Backstepping,0,0.5,Head,-2.403962,1.394897,-3.970000
0.400000,Backstepping,0,0.5,Shin_L,-2.263102,0.630548,-4.124729
0.400000,Backstepping,0,0.5,Foot_L,-2.270159,0.404457,-3.990000
0.400000,Backstepping,0,0.5,Shin_R,-2.551552,0.670832,-4.153794
0.400000,Backstepping,0,0.5,Foot_R,-2.597756,0.404457,-4.140000
0.400000,Backstepping,0,0.5,Head,-2.407706,0.275000,-3.970000
0.404167,Backstepping,1,1,Pelvis,-2.393806,0.766134,-3.968162
0.404167,Backstepping,1,1,Spine,-2.389851,0.926085,-3.968162
0.404167,Backstepping,1,1,Head,-2.404049,1.395869,-3.967417
0.404167,Backstepping,1,1,Shin_L,-2.263170,0.630779,-4.122064
0.404167,Backstepping,1,1,Foot_L,-2.270159,0.404457,-3.990000
0.404167,Backstepping,1,1,Shin_R,-2.551497,0.672180,-4.152259
0.404167,Backstepping,1,1,Foot_R,-2.597756,0.404481,-4.139997
0.404167,Backstepping,1,1,Head,-2.407611,0.275000,-3.968162
0.408333,Backstepping,1,1,Pelvis,-2.393906,0.767106,-3.966324
0.408333,Backstepping,1,1,Spine,-2.389969,0.927057,-3.966324
0.408333,Backstepping,1,1,Head,-2.404104,1.396842,-3.964818
0.408333,Backstepping,1,1,Shin_L,-2.263239,0.631002,-4.119368
0.408333,Backstepping,1,1,Foot_L,-2.270159,0.404457,-3.990000
0.408333,Backstepping,1,1,Shin_R,-2.551441,0.673563,-4.150758
0.408333,Backstepping,1,1,Foot_R,-2.597755,0.404551,-4.139974
0.408333,Backstepping,1,1,Head,-2.407517,0.275000,-3.966324
0.412500,Backstepping,1,1,Pelvis,-2.394006,0.768078,-3.964485
0.412500,Backstepping,1,1,Spine,-2.390097,0.928030,-3.964485
0.412500,Backstepping,1,1,Head,-2.404130,1.397815,-3.962213
0.412500,Backstepping,1,1,Shin_L,-2.263310,0.631215,-4.116642
0.412500,Backstepping,1,1,Foot_L,-2.270159,0.404457,-3.990000
0.412500,Backstepping,1,1,Shin_R,-2.551383,0.674981,-4.149289
0.412500,Backstepping,1,1,Foot_R,-2.597752,0.404668,-4.139913
0.412500,Backstepping,1,1,Head,-2.407423,0.275000,-3.964485
0.416666,Backstepping,1,1,Pelvis,-2.394106,0.769050,-3.962647
0.416666,Backstepping,1,1,Spine,-2.390234,0.929003,-3.962647
0.416666,Backstepping,1,1,Head,-2.404135,1.398788,-3.959611
0.416666,Backstepping,1,1,Shin_L,-2.263383,0.631417,-4.113887
0.416666,Backstepping,1,1,Foot_L,-2.270159,0.404457,-3.990000
0.416666,Backstepping,1,1,Shin_R,-2.551322,0.676436,-4.147850
0.416666,Backstepping,1,1,Foot_R,-2.597746,0.404832,-4.139797
0.416666,Backstepping,1,1,Head,-2.407328,0.275000,-3.962647
0.420833,Backstepping,1,1,Pelvis,-2.394206,0.770023,-3.960809
0.420833,Backstepping,1,1,Spine,-2.390377,0.929977,-3.960809
0.420833,Backstepping,1,1,Head,-2.404121,1.399760,-3.957022
0.420833,Backstepping,1,1,Shin_L,-2.263456,0.631608,-4.111101
0.420833,Backstepping,1,1,Foot_L,-2.270159,0.404457,-3.990000
0.420833,Backstepping,1,1,Shin_R,-2.551257,0.677926,-4.146439
0.420833,Backstepping,1,1,Foot_R,-2.597736,0.405041,-4.139608
0.420833,Backstepping,1,1,Head,-2.407234,0.275000,-3.960809
0.425000,Backstepping,1,1,Pelvis,-2.394306,0.770995,-3.958971
0.425000,Backstepping,1,1,Spine,-2.390525,0.930950,-3.958971
0.425000,Backstepping,1,1,Head,-2.404097,1.400732,-3.954454
0.425000,Backstepping,1,1,Shin_L,-2.263530,0.631786,-4.108286
0.425000,Backstepping,1,1,Foot_L,-2.270159,0.404457,-3.990000
0.425000,Backstepping,1,1,Shin_R,-2.551189,0.679453,-4.145055
0.425000,Backstepping,1,1,Foot_R,-2.597722,0.405294,-4.139334
0.425000,Backstepping,1,1,Head,-2.407139,0.275000,-3.958971
0.429166,Backstepping,1,1,Pelvis,-2.394406,0.771967,-3.957133
0.429166,Backstepping,1,1,Spine,-2.390676,0.931923,-3.957133
0.429166,Backstepping,1,1,Head,-2.404067,1.401703,-3.951917
0.429166,Backstepping,1,1,Shin_L,-2.263605,0.631950,-4.105440
0.429166,Backstepping,1,1,Foot_L,-2.270159,0.404457,-3.990000
0.429166,Backstepping,1,1,Shin_R,-2.551117,0.681016,-4.143697
0.429166,Backstepping,1,1,Foot_R,-2.597703,0.405592,-4.138960
0.429166,Backstepping,1,1,Head,-2.407045,0.275000,-3.957133
0.433333,Backstepping,1,1,Pelvis,-2.394506,0.772939,-3.955294
0.433333,Backstepping,1,1,Spine,-2.390826,0.932897,-3.955294
0.433333,Backstepping,1,1,Head,-2.404036,1.402674,-3.949420
0.433333,Backstepping,1,1,Shin_L,-2.263680,0.632099,-4.102564
0.433333,Backstepping,1,1,Foot_L,-2.270159,0.404457,-3.990000
0.433333,Backstepping,1,1,Shin_R,-2.551039,0.682617,-4.142362
0.433333,Backstepping,1,1,Foot_R,-2.597678,0.405931,-4.138474
0.433333,Backstepping,1,1,Head,-2.406950,0.275000,-3.955294
0.437500,Backstepping,1,1,Pelvis,-2.394773,0.774745,-3.953456
0.437500,Backstepping,1,1,Spine,-2.391148,0.934704,-3.953456
0.437500,Backstepping,1,1,Head,-2.404159,1.404478,-3.946950
0.437500,Backstepping,1,1,Shin_L,-2.263830,0.633382,-4.100039
0.437500,Backstepping,1,1,Foot_L,-2.270159,0.404457,-3.990000
0.437500,Backstepping,1,1,Shin_R,-2.551575,0.681798,-4.138627
0.437500,Backstepping,1,1,Foot_R,-2.597646,0.406311,-4.137863
0.437500,Backstepping,1,1,Head,-2.406856,0.275000,-3.953456
0.441666,Backstepping,1,1,Pelvis,-2.395039,0.776550,-3.951618
0.441666,Backstepping,1,1,Spine,-2.391478,0.936510,-3.951618
0.441666,Backstepping,1,1,Head,-2.404261,1.406282,-3.944493
0.441666,Backstepping,1,1,Shin_L,-2.263982,0.634646,-4.097479
0.441666,Backstepping,1,1,Foot_L,-2.270159,0.404457,-3.990000
0.441666,Backstepping,1,1,Shin_R,-2.552105,0.680983,-4.134845
0.441666,Backstepping,1,1,Foot_R,-2.597608,0.406730,-4.137117
0.441666,Backstepping,1,1,Head,-2.406761,0.275000,-3.951618
0.445833,Backstepping,1,1,Pelvis,-2.395306,0.778356,-3.949780
0.445833,Backstepping,1,1,Spine,-2.391814,0.938317,-3.949780
0.445833,Backstepping,1,1,Head,-2.404348,1.408087,-3.942057
0.445833,Backstepping,1,1,Shin_L,-2.264136,0.635891,-4.094882
0.445833,Backstepping,1,1,Foot_L,-2.270159,0.404457,-3.990000
0.445833,Backstepping,1,1,Shin_R,-2.552629,0.680174,-4.131014
0.445833,Backstepping,1,1,Foot_R,-2.597562,0.407187,-4.136227
0.445833,Backstepping,1,1,Head,-2.406667,0.275000,-3.949780
0.450000,Backstepping,1,1,Pelvis,-2.395573,0.780161,-3.947941
0.450000,Backstepping,1,1,Spine,-2.392153,0.940125,-3.947941
0.450000,Backstepping,1,1,Head,-2.404428,1.409891,-3.939648
0.450000,Backstepping,1,1,Shin_L,-2.264292,0.637116,-4.092250
0.450000,Backstepping,1,1,Foot_L,-2.270159,0.404457,-3.990000
0.450000,Backstepping,1,1,Shin_R,-2.553146,0.679370,-4.127131
0.450000,Backstepping,1,1,Foot_R,-2.597509,0.407679,-4.135184
0.450000,Backstepping,1,1,Head,-2.406573,0.275000,-3.947941
0.454166,Backstepping,1,1,Pelvis,-2.395839,0.781967,-3.946103
0.454166,Backstepping,1,1,Spine,-2.392492,0.941932,-3.946103
0.454166,Backstepping,1,1,Head,-2.404508,1.411695,-3.937272
0.454166,Backstepping,1,1,Shin_L,-2.264447,0.638320,-4.089585
0.454166,Backstepping,1,1,Foot_L,-2.270159,0.404457,-3.990000
0.454166,Backstepping,1,1,Shin_R,-2.553655,0.678573,-4.123196
0.454166,Backstepping,1,1,Foot_R,-2.597447,0.408204,-4.133982
0.454166,Backstepping,1,1,Head,-2.406478,0.275000,-3.946103
0.458333,Backstepping,1,1,Pelvis,-2.396106,0.783772,-3.944265
0.458333,Backstepping,1,1,Spine,-2.392828,0.943739,-3.944265
0.458333,Backstepping,1,1,Head,-2.404596,1.413498,-3.934936
0.458333,Backstepping,1,1,Shin_L,-2.264604,0.639500,-4.086884
0.458333,Backstepping,1,1,Foot_L,-2.270159,0.404457,-3.990000
0.458333,Backstepping,1,1,Shin_R,-2.554156,0.677784,-4.119203
0.458333,Backstepping,1,1,Foot_R,-2.597377,0.408761,-4.132612
0.458333,Backstepping,1,1,Head,-2.406384,0.275000,-3.944265
0.462500,Backstepping,1,1,Pelvis,-2.396373,0.785578,-3.942427
0.462500,Backstepping,1,1,Spine,-2.393158,0.945545,-3.942427
0.462500,Backstepping,1,1,Head,-2.404697,1.415302,-3.932648
0.462500,Backstepping,1,1,Shin_L,-2.264760,0.640658,-4.084152
0.462500,Backstepping,1,1,Foot_L,-2.270159,0.404457,-3.990000
0.462500,Backstepping,1,1,Shin_R,-2.554648,0.677001,-4.115149
0.462500,Backstepping,1,1,Foot_R,-2.597297,0.409345,-4.131071
0.462500,Backstepping,1,1,Head,-2.406289,0.275000,-3.942427
0.466666,Backstepping,1,1,Pelvis,-2.396639,0.787383,-3.940588
0.466666,Backstepping,1,1,Spine,-2.393480,0.947352,-3.940588
0.466666,Backstepping,1,1,Head,-2.404821,1.417105,-3.930413
0.466666,Backstepping,1,1,Shin_L,-2.264916,0.641790,-4.081387
0.466666,Backstepping,1,1,Foot_L,-2.270159,0.404457,-3.990000
0.466666,Backstepping,1,1,Shin_R,-2.555130,0.676228,-4.111031
0.466666,Backstepping,1,1,Foot_R,-2.597209,0.409957,-4.129352
0.466666,Backstepping,1,1,Head,-2.406195,0.275000,-3.940588
0.470833,Backstepping,1,1,Pelvis,-2.396739,0.788356,-3.938750
0.470833,Backstepping,1,1,Spine,-2.393623,0.948325,-3.938750
0.470833,Backstepping,1,1,Head,-2.404809,1.418074,-3.928226
0.470833,Backstepping,1,1,Shin_L,-2.264979,0.642333,-4.078942
0.470833,Backstepping,1,1,Foot_L,-2.270159,0.404457,-3.990000
0.470833,Backstepping,1,1,Shin_R,-2.555901,0.672382,-4.104654
0.470833,Backstepping,1,1,Foot_R,-2.597111,0.410592,-4.127452
0.470833,Backstepping,1,1,Head,-2.406101,0.275000,-3.938750
0.475000,Backstepping,1,1,Pelvis,-2.396839,0.789328,-3.936912
0.475000,Backstepping,1,1,Spine,-2.393755,0.949298,-3.936912
0.475000,Backstepping,1,1,Head,-2.404824,1.419043,-3.926078
0.475000,Backstepping,1,1,Shin_L,-2.265040,0.642856,-4.076480
0.475000,Backstepping,1,1,Foot_L,-2.270159,0.404457,-3.990000
0.475000,Backstepping,1,1,Shin_R,-2.556676,0.668448,-4.097906
0.475000,Backstepping,1,1,Foot_R,-2.597005,0.411248,-4.125370
0.475000,Backstepping,1,1,Head,-2.406006,0.275000,-3.936912
0.479166,Backstepping,1,1,Pelvis,-2.396940,0.790300,-3.935074
0.479166,Backstepping,1,1,Spine,-2.393882,0.950271,-3.935074
0.479166,Backstepping,1,1,Head,-2.404856,1.420011,-3.923970
0.479166,Backstepping,1,1,Shin_L,-2.265102,0.643361,-4.073995
0.479166,Backstepping,1,1,Foot_L,-2.270159,0.404457,-3.990000
0.479166,Backstepping,1,1,Shin_R,-2.557460,0.664399,-4.090715
0.479166,Backstepping,1,1,Foot_R,-2.596888,0.411921,-4.123100
0.479166,Backstepping,1,1,Head,-2.405912,0.275000,-3.935074
0.483333,Backstepping,1,1,Pelvis,-2.397039,0.791272,-3.933235
0.483333,Backstepping,1,1,Spine,-2.394005,0.951244,-3.933235
0.483333,Backstepping,1,1,Head,-2.404895,1.420981,-3.921906
0.483333,Backstepping,1,1,Shin_L,-2.265163,0.643848,-4.071485
0.483333,Backstepping,1,1,Foot_L,-2.270159,0.404457,-3.990000
0.483333,Backstepping,1,1,Shin_R,-2.558259,0.660196,-4.082981
0.483333,Backstepping,1,1,Foot_R,-2.596762,0.412610,-4.120644
0.483333,Backstepping,1,1,Head,-2.405817,0.275000,-3.933235
0.487500,Backstepping,1,1,Pelvis,-2.397139,0.792244,-3.931397
0.487500,Backstepping,1,1,Spine,-2.394131,0.952216,-3.931397
0.487500,Backstepping,1,1,Head,-2.404928,1.421951,-3.919888
0.487500,Backstepping,1,1,Shin_L,-2.265224,0.644319,-4.068945
0.487500,Backstepping,1,1,Foot_L,-2.270159,0.404457,-3.990000
0.487500,Backstepping,1,1,Shin_R,-2.559081,0.655773,-4.074539
0.487500,Backstepping,1,1,Foot_R,-2.596626,0.413311,-4.118000
0.487500,Backstepping,1,1,Head,-2.405723,0.275000,-3.931397
0.491666,Backstepping,1,1,Pelvis,-2.397239,0.793217,-3.929559
0.491666,Backstepping,1,1,Spine,-2.394262,0.953189,-3.929559
0.491666,Backstepping,1,1,Head,-2.404947,1.422923,-3.917918
0.491666,Backstepping,1,1,Shin_L,-2.265287,0.644773,-4.066371
0.491666,Backstepping,1,1,Foot_L,-2.270159,0.404457,-3.990000
0.491666,Backstepping,1,1,Shin_R,-2.559945,0.651018,-4.065109
0.491666,Backstepping,1,1,Foot_R,-2.596481,0.414021,-4.115168
0.491666,Backstepping,1,1,Head,-2.405628,0.275000,-3.929559
0.495833,Backstepping,1,1,Pelvis,-2.397339,0.794189,-3.927721
0.495833,Backstepping,1,1,Spine,-2.394404,0.954162,-3.927721
0.495833,Backstepping,1,1,Head,-2.404940,1.423898,-3.915999
0.495833,Backstepping,1,1,Shin_L,-2.265352,0.645211,-4.063757
0.495833,Backstepping,1,1,Foot_L,-2.270159,0.404457,-3.990000
0.495833,Backstepping,1,1,Shin_R,-2.560886,0.645694,-4.054107
0.495833,Backstepping,1,1,Foot_R,-2.596325,0.414738,-4.112149
0.495833,Backstepping,1,1,Head,-2.405534,0.275000,-3.927721
0.500000,Backstepping,1,1,Pelvis,-2.397439,0.795161,-3.925883
0.500000,Backstepping,1,1,Spine,-2.394560,0.955135,-3.925883
0.500000,Backstepping,1,1,Head,-2.404896,1.424875,-3.914134
0.500000,Backstepping,1,1,Shin_L,-2.265418,0.645634,-4.061099
0.500000,Backstepping,1,1,Foot_L,-2.270159,0.404457,-3.990000
0.500000,Backstepping,1,1,Shin_R,-2.562009,0.639098,-4.039831
0.500000,Backstepping,1,1,Foot_R,-2.596161,0.415457,-4.108945
0.500000,Backstepping,1,1,Head,-2.405439,0.275000,-3.925883
0.504166,Backstepping,1,1,Pelvis,-2.397928,0.794189,-3.924044
0.504166,Backstepping,1,1,Spine,-2.395115,0.954164,-3.924044
0.504166,Backstepping,1,1,Head,-2.405212,1.423910,-3.912323
0.504166,Backstepping,1,1,Shin_L,-2.265716,0.644407,-4.058834
0.504166,Backstepping,1,1,Foot_L,-2.270159,0.404457,-3.990000
0.504166,Backstepping,1,1,Shin_R,-2.562683,0.635680,-4.033678
0.504166,Backstepping,1,1,Foot_R,-2.595987,0.416176,-4.105558
0.504166,Backstepping,1,1,Head,-2.405345,0.275000,-3.924044
0.508333,Backstepping,1,1,Pelvis,-2.398417,0.793217,-3.922206
0.508333,Backstepping,1,1,Spine,-2.395676,0.953193,-3.922206
0.508333,Backstepping,1,1,Head,-2.405514,1.422946,-3.910566
0.508333,Backstepping,1,1,Shin_L,-2.266012,0.643171,-4.056549
0.508333,Backstepping,1,1,Foot_L,-2.270159,0.404457,-3.990000
0.508333,Backstepping,1,1,Shin_R,-2.563385,0.631999,-4.026786
0.508333,Backstepping,1,1,Foot_R,-2.595804,0.416893,-4.101991
0.508333,Backstepping,1,1,Head,-2.405251,0.275000,-3.922206
0.512500,Backstepping,1,1,Pelvis,-2.398906,0.792245,-3.920368
0.512500,Backstepping,1,1,Spine,-2.396244,0.952223,-3.920368
0.512500,Backstepping,1,1,Head,-2.405799,1.421984,-3.908859
0.512500,Backstepping,1,1,Shin_L,-2.266308,0.641927,-4.054241
0.512500,Backstepping,1,1,Foot_L,-2.270159,0.404457,-3.990000
0.512500,Backstepping,1,1,Shin_R,-2.564187,0.627577,-4.017989
0.512500,Backstepping,1,1,Foot_R,-2.595612,0.417603,-4.098248
0.512500,Backstepping,1,1,Head,-2.405156,0.275000,-3.920368
0.516666,Backstepping,1,1,Pelvis,-2.399395,0.790641,-3.918530
0.516666,Backstepping,1,1,Spine,-2.396819,0.950621,-3.918530
0.516666,Backstepping,1,1,Head,-2.406064,1.420393,-3.907201
0.516666,Backstepping,1,1,Shin_L,-2.266601,0.640503,-4.052555
0.516666,Backstepping,1,1,Foot_L,-2.270159,0.404457,-3.990000
0.516666,Backstepping,1,1,Shin_R,-2.564669,0.624905,-4.014021
0.516666,Backstepping,1,1,Foot_R,-2.595410,0.418304,-4.094331
0.516666,Backstepping,1,1,Head,-2.405062,0.275000,-3.918530
0.520833,Backstepping,1,1,Pelvis,-2.399884,0.788968,-3.916691
0.520833,Backstepping,1,1,Spine,-2.397403,0.948948,-3.916691
0.520833,Backstepping,1,1,Head,-2.406307,1.418733,-3.905588
0.520833,Backstepping,1,1,Shin_L,-2.266894,0.639056,-4.050927
0.520833,Backstepping,1,1,Foot_L,-2.270159,0.404457,-3.990000
0.520833,Backstepping,1,1,Shin_R,-2.565040,0.622886,-4.011650
0.520833,Backstepping,1,1,Foot_R,-2.595201,0.418993,-4.090246
0.520833,Backstepping,1,1,Head,-2.404967,0.275000,-3.916691
0.525000,Backstepping,1,1,Pelvis,-2.400373,0.787354,-3.914853
0.525000,Backstepping,1,1,Spine,-2.397997,0.947336,-3.914853
0.525000,Backstepping,1,1,Head,-2.406524,1.417134,-3.904019
0.525000,Backstepping,1,1,Shin_L,-2.267186,0.637623,-4.049222
0.525000,Backstepping,1,1,Foot_L,-2.270159,0.404457,-3.990000
0.525000,Backstepping,1,1,Shin_R,-2.565407,0.620879,-4.009187
0.525000,Backstepping,1,1,Foot_R,-2.594983,0.419667,-4.085999
0.525000,Backstepping,1,1,Head,-2.404873,0.275000,-3.914853
0.529166,Backstepping,1,1,Pelvis,-2.400862,0.785793,-3.913015
0.529166,Backstepping,1,1,Spine,-2.398601,0.945777,-3.913015
0.529166,Backstepping,1,1,Head,-2.406715,1.415589,-3.902491
0.529166,Backstepping,1,1,Shin_L,-2.267479,0.636201,-4.047443
0.529166,Backstepping,1,1,Foot_L,-2.270159,0.404457,-3.990000
0.529166,Backstepping,1,1,Shin_R,-2.565769,0.618876,-4.006634
0.529166,Backstepping,1,1,Foot_R,-2.594756,0.420322,-4.081594
0.529166,Backstepping,1,1,Head,-2.404778,0.275000,-3.913015
0.533333,Backstepping,1,1,Pelvis,-2.401351,0.784280,-3.911177
0.533333,Backstepping,1,1,Spine,-2.399217,0.944265,-3.911177
0.533333,Backstepping,1,1,Head,-2.406875,1.414093,-3.901001
0.533333,Backstepping,1,1,Shin_L,-2.267773,0.634786,-4.045597
0.533333,Backstepping,1,1,Foot_L,-2.270159,0.404457,-3.990000
0.533333,Backstepping,1,1,Shin_R,-2.566126,0.616874,-4.003995
0.533333,Backstepping,1,1,Foot_R,-2.594522,0.420957,-4.077037
0.533333,Backstepping,1,1,Head,-2.404684,0.275000,-3.911177
0.537500,Backstepping,1,1,Pelvis,-2.402339,0.785578,-3.909338
0.537500,Backstepping,1,1,Spine,-2.400353,0.945566,-3.909338
0.537500,Backstepping,1,1,Head,-2.407482,1.415410,-3.899559
0.537500,Backstepping,1,1,Shin_L,-2.268351,0.633776,-4.040300
0.537500,Backstepping,1,1,Foot_L,-2.270159,0.404457,-3.990000
0.537500,Backstepping,1,1,Shin_R,-2.566116,0.620454,-4.007713
0.537500,Backstepping,1,1,Foot_R,-2.594281,0.421569,-4.072337
0.537500,Backstepping,1,1,Head,-2.404589,0.275000,-3.909338
0.541666,Backstepping,1,1,Pelvis,-2.403328,0.783772,-3.907500
0.541666,Backstepping,1,1,Spine,-2.401511,0.943762,-3.907500
0.541666,Backstepping,1,1,Head,-2.408032,1.413624,-3.898172
0.541666,Backstepping,1,1,Shin_L,-2.268919,0.631986,-4.038281
0.541666,Backstepping,1,1,Foot_L,-2.270159,0.404457,-3.990000
0.541666,Backstepping,1,1,Shin_R,-2.565648,0.625887,-4.020467
0.541666,Backstepping,1,1,Foot_R,-2.594032,0.422154,-4.067498
0.541666,Backstepping,1,1,Head,-2.404495,0.275000,-3.907500
0.545833,Backstepping,1,1,Pelvis,-2.404317,0.781967,-3.905662
0.545833,Backstepping,1,1,Spine,-2.402685,0.941958,-3.905662
0.545833,Backstepping,1,1,Head,-2.408544,1.411839,-3.896831
0.545833,Backstepping,1,1,Shin_L,-2.269485,0.630190,-4.036232
0.545833,Backstepping,1,1,Foot_L,-2.270159,0.404457,-3.990000
0.545833,Backstepping,1,1,Shin_R,-2.565549,0.628796,-4.027077
0.545833,Backstepping,1,1,Foot_R,-2.593777,0.422710,-4.062530
0.545833,Backstepping,1,1,Head,-2.404401,0.275000,-3.905662
0.550000,Backstepping,1,1,Pelvis,-2.405306,0.780161,-3.903824
0.550000,Backstepping,1,1,Spine,-2.403866,0.940155,-3.903824
0.550000,Backstepping,1,1,Head,-2.409035,1.410053,-3.895530
0.550000,Backstepping,1,1,Shin_L,-2.270046,0.628386,-4.034159
0.550000,Backstepping,1,1,Foot_L,-2.270158,0.404457,-3.990000
0.550000,Backstepping,1,1,Shin_R,-2.565587,0.630781,-4.031559
0.550000,Backstepping,1,1,Foot_R,-2.593515,0.423235,-4.057438
0.550000,Backstepping,1,1,Head,-2.404306,0.275000,-3.903824
0.554166,Backstepping,1,1,Pelvis,-2.406295,0.778356,-3.901986
0.554166,Backstepping,1,1,Spine,-2.405047,0.938351,-3.901986
0.554166,Backstepping,1,1,Head,-2.409527,1.408266,-3.894263
0.554166,Backstepping,1,1,Shin_L,-2.270604,0.626571,-4.032068
0.554166,Backstepping,1,1,Foot_L,-2.270159,0.404457,-3.990000
0.554166,Backstepping,1,1,Shin_R,-2.565708,0.632206,-4.034816
0.554166,Backstepping,1,1,Foot_R,-2.593248,0.423728,-4.052232
0.554166,Backstepping,1,1,Head,-2.404212,0.275000,-3.901986
0.558333,Backstepping,1,1,Pelvis,-2.407284,0.776550,-3.900147
0.558333,Backstepping,1,1,Spine,-2.406221,0.936547,-3.900147
0.558333,Backstepping,1,1,Head,-2.410038,1.406477,-3.893023
0.558333,Backstepping,1,1,Shin_L,-2.271156,0.624743,-4.029965
0.558333,Backstepping,1,1,Foot_L,-2.270159,0.404457,-3.990000
0.558333,Backstepping,1,1,Shin_R,-2.565887,0.633223,-4.037230
0.558333,Backstepping,1,1,Foot_R,-2.592975,0.424184,-4.046921
0.558333,Backstepping,1,1,Head,-2.404117,0.275000,-3.900147
0.562500,Backstepping,1,1,Pelvis,-2.408273,0.774745,-3.898309
0.562500,Backstepping,1,1,Spine,-2.407379,0.934742,-3.898309
0.562500,Backstepping,1,1,Head,-2.410588,1.404686,-3.891803
0.562500,Backstepping,1,1,Shin_L,-2.271702,0.622901,-4.027858
0.562500,Backstepping,1,1,Foot_L,-2.270159,0.404457,-3.990000
0.562500,Backstepping,1,1,Shin_R,-2.566111,0.633916,-4.039007
0.562500,Backstepping,1,1,Foot_R,-2.592697,0.424603,-4.041512
0.562500,Backstepping,1,1,Head,-2.404023,0.275000,-3.898309
0.566666,Backstepping,1,1,Pelvis,-2.409262,0.772939,-3.896471
0.566666,Backstepping,1,1,Spine,-2.408515,0.932937,-3.896471
0.566666,Backstepping,1,1,Head,-2.411196,1.402893,-3.890596
0.566666,Backstepping,1,1,Shin_L,-2.272239,0.621042,-4.025753
0.566666,Backstepping,1,1,Foot_L,-2.270159,0.404457,-3.990000
0.566666,Backstepping,1,1,Shin_R,-2.566370,0.634336,-4.040271
0.566666,Backstepping,1,1,Foot_R,-2.592415,0.424984,-4.036015
0.566666,Backstepping,1,1,Head,-2.403929,0.275000,-3.896471
0.570833,Backstepping,1,1,Pelvis,-2.409751,0.771967,-3.894633
0.570833,Backstepping,1,1,Spine,-2.409128,0.931966,-3.894633
0.570833,Backstepping,1,1,Head,-2.411363,1.401931,-3.889416
0.570833,Backstepping,1,1,Shin_L,-2.272511,0.620254,-4.024027
0.570833,Backstepping,1,1,Foot_L,-2.270159,0.404457,-3.990000
0.570833,Backstepping,1,1,Shin_R,-2.566442,0.634541,-4.040083
0.570833,Backstepping,1,1,Foot_R,-2.592128,0.425323,-4.030438
0.570833,Backstepping,1,1,Head,-2.403834,0.275000,-3.894633
0.575000,Backstepping,1,1,Pelvis,-2.410240,0.770995,-3.892794
0.575000,Backstepping,1,1,Spine,-2.409726,0.930994,-3.892794
0.575000,Backstepping,1,1,Head,-2.411572,1.400968,-3.888277
0.575000,Backstepping,1,1,Shin_L,-2.272781,0.619453,-4.022303
0.575000,Backstepping,1,1,Foot_L,-2.270159,0.404457,-3.990000
0.575000,Backstepping,1,1,Shin_R,-2.566530,0.634579,-4.039646
0.575000,Backstepping,1,1,Foot_R,-2.591838,0.425620,-4.024792
0.575000,Backstepping,1,1,Head,-2.403740,0.275000,-3.892794
0.579166,Backstepping,1,1,Pelvis,-2.410728,0.770023,-3.890956
0.579166,Backstepping,1,1,Spine,-2.410310,0.930022,-3.890956
0.579166,Backstepping,1,1,Head,-2.411812,1.400004,-3.887169
0.579166,Backstepping,1,1,Shin_L,-2.273047,0.618640,-4.020576
0.579166,Backstepping,1,1,Foot_L,-2.270159,0.404457,-3.990000
0.579166,Backstepping,1,1,Shin_R,-2.566633,0.634460,-4.038984
0.579166,Backstepping,1,1,Foot_R,-2.591545,0.425874,-4.019086
0.579166,Backstepping,1,1,Head,-2.403645,0.275000,-3.890956
0.583333,Backstepping,1,1,Pelvis,-2.411217,0.769051,-3.889118
0.583333,Backstepping,1,1,Spine,-2.410887,0.929050,-3.889118
0.583333,Backstepping,1,1,Head,-2.412075,1.399039,-3.886082
0.583333,Backstepping,1,1,Shin_L,-2.273312,0.617817,-4.018843
0.583333,Backstepping,1,1,Foot_L,-2.270159,0.404457,-3.990000
0.583333,Backstepping,1,1,Shin_R,-2.566751,0.634194,-4.038122
0.583333,Backstepping,1,1,Foot_R,-2.591249,0.426083,-4.013330
0.583333,Backstepping,1,1,Head,-2.403551,0.275000,-3.889118
0.587500,Backstepping,1,1,Pelvis,-2.411706,0.768078,-3.887280
0.587500,Backstepping,1,1,Spine,-2.411457,0.928078,-3.887280
0.587500,Backstepping,1,1,Head,-2.412352,1.398071,-3.885007
0.587500,Backstepping,1,1,Shin_L,-2.273575,0.616982,-4.017099
0.587500,Backstepping,1,1,Foot_L,-2.270158,0.404457,-3.990000
0.587500,Backstepping,1,1,Shin_R,-2.566882,0.633786,-4.037077
0.587500,Backstepping,1,1,Foot_R,-2.590952,0.426246,-4.007533
0.587500,Backstepping,1,1,Head,-2.403456,0.275000,-3.887280
0.591666,Backstepping,1,1,Pelvis,-2.412195,0.767106,-3.885442
0.591666,Backstepping,1,1,Spine,-2.412026,0.927106,-3.885442
0.591666,Backstepping,1,1,Head,-2.412633,1.397103,-3.883936
0.591666,Backstepping,1,1,Shin_L,-2.273837,0.616136,-4.015341
0.591666,Backstepping,1,1,Foot_L,-2.270159,0.404457,-3.990000
0.591666,Backstepping,1,1,Shin_R,-2.567025,0.633244,-4.035866
0.591666,Backstepping,1,1,Foot_R,-2.590652,0.426363,-4.001706
0.591666,Backstepping,1,1,Head,-2.403362,0.275000,-3.885442
0.595833,Backstepping,1,1,Pelvis,-2.412684,0.766134,-3.883603
0.595833,Backstepping,1,1,Spine,-2.412597,0.926134,-3.883603
0.595833,Backstepping,1,1,Head,-2.412910,1.396133,-3.882858
0.595833,Backstepping,1,1,Shin_L,-2.274097,0.615279,-4.013564
0.595833,Backstepping,1,1,Foot_L,-2.270159,0.404457,-3.990000
0.595833,Backstepping,1,1,Shin_R,-2.567180,0.632576,-4.034504
0.595833,Backstepping,1,1,Foot_R,-2.590352,0.426434,-3.995858
0.595833,Backstepping,1,1,Head,-2.403267,0.275000,-3.883603
0.600000,Backstepping,1,1,Pelvis,-2.413173,0.765162,-3.881765
0.600000,Backstepping,1,1,Spine,-2.413173,0.925162,-3.881765
0.600000,Backstepping,1,1,Head,-2.413173,1.395161,-3.881765
0.600000,Backstepping,1,1,Shin_L,-2.274358,0.614411,-4.011763
0.600000,Backstepping,1,1,Foot_L,-2.270159,0.404457,-3.990000
0.600000,Backstepping,1,1,Shin_R,-2.567345,0.631786,-4.033004
0.600000,Backstepping,1,1,Foot_R,-2.590051,0.426457,-3.990001
0.600000,Backstepping,1,1,Head,-2.403173,0.275000,-3.881765
0.604166,Backstepping,1,1,Pelvis,-2.413403,0.764189,-3.879927
0.604166,Backstepping,1,1,Spine,-2.413489,0.924189,-3.879927
0.604166,Backstepping,1,1,Head,-2.413179,1.394188,-3.880672
0.604166,Backstepping,1,1,Shin_L,-2.274500,0.614443,-4.011279
0.604166,Backstepping,1,1,Foot_L,-2.270159,0.404457,-3.990000
0.604166,Backstepping,1,1,Shin_R,-2.567380,0.630875,-4.031347
0.604166,Backstepping,1,1,Foot_R,-2.589750,0.426434,-3.984143
0.604166,Backstepping,1,1,Head,-2.403079,0.275000,-3.879927
0.608333,Backstepping,1,1,Pelvis,-2.413632,0.763217,-3.878088
0.608333,Backstepping,1,1,Spine,-2.413798,0.923217,-3.878088
0.608333,Backstepping,1,1,Head,-2.413203,1.393214,-3.879594
0.608333,Backstepping,1,1,Shin_L,-2.274642,0.614476,-4.010783
0.608333,Backstepping,1,1,Foot_L,-2.270159,0.404457,-3.990000
0.608333,Backstepping,1,1,Shin_R,-2.567423,0.629861,-4.029563
0.608333,Backstepping,1,1,Foot_R,-2.589450,0.426363,-3.978295
0.608333,Backstepping,1,1,Head,-2.402984,0.275000,-3.878088
0.612500,Backstepping,1,1,Pelvis,-2.413862,0.762245,-3.876250
0.612500,Backstepping,1,1,Spine,-2.414104,0.922245,-3.876250
0.612500,Backstepping,1,1,Head,-2.413235,1.392238,-3.878522
0.612500,Backstepping,1,1,Shin_L,-2.274784,0.614510,-4.010271
0.612500,Backstepping,1,1,Foot_L,-2.270159,0.404457,-3.990000
0.612500,Backstepping,1,1,Shin_R,-2.567472,0.628751,-4.027665
0.612500,Backstepping,1,1,Foot_R,-2.589150,0.426246,-3.972468
0.612500,Backstepping,1,1,Head,-2.402890,0.275000,-3.876250
0.616666,Backstepping,1,1,Pelvis,-2.414092,0.761273,-3.874412
0.616666,Backstepping,1,1,Spine,-2.414411,0.921272,-3.874412
0.616666,Backstepping,1,1,Head,-2.413265,1.391261,-3.877448
0.616666,Backstepping,1,1,Shin_L,-2.274927,0.614543,-4.009739
0.616666,Backstepping,1,1,Foot_L,-2.270158,0.404457,-3.990000
0.616666,Backstepping,1,1,Shin_R,-2.567529,0.627552,-4.025665
0.616666,Backstepping,1,1,Foot_R,-2.588852,0.426082,-3.966671
0.616666,Backstepping,1,1,Head,-2.402795,0.275000,-3.874412
0.620833,Backstepping,1,1,Pelvis,-2.414321,0.760301,-3.872574
0.620833,Backstepping,1,1,Spine,-2.414722,0.920300,-3.872574
0.620833,Backstepping,1,1,Head,-2.413284,1.390282,-3.876361
0.620833,Backstepping,1,1,Shin_L,-2.275071,0.614577,-4.009184
0.620833,Backstepping,1,1,Foot_L,-2.270159,0.404457,-3.990000
0.620833,Backstepping,1,1,Shin_R,-2.567592,0.626271,-4.023574
0.620833,Backstepping,1,1,Foot_R,-2.588557,0.425873,-3.960915
0.620833,Backstepping,1,1,Head,-2.402701,0.275000,-3.872574
0.625000,Backstepping,1,1,Pelvis,-2.414551,0.759328,-3.870736
0.625000,Backstepping,1,1,Spine,-2.415041,0.919328,-3.870736
0.625000,Backstepping,1,1,Head,-2.413281,1.389302,-3.875252
0.625000,Backstepping,1,1,Shin_L,-2.275218,0.614612,-4.008602
0.625000,Backstepping,1,1,Foot_L,-2.270158,0.404457,-3.990000
0.625000,Backstepping,1,1,Shin_R,-2.567660,0.624916,-4.021403
0.625000,Backstepping,1,1,Foot_R,-2.588264,0.425620,-3.955209
0.625000,Backstepping,1,1,Head,-2.402606,0.275000,-3.870736
0.629166,Backstepping,1,1,Pelvis,-2.414781,0.758356,-3.868897
0.629166,Backstepping,1,1,Spine,-2.415372,0.918355,-3.868897
0.629166,Backstepping,1,1,Head,-2.413248,1.388321,-3.874113
0.629166,Backstepping,1,1,Shin_L,-2.275366,0.614648,-4.007990
0.629166,Backstepping,1,1,Foot_L,-2.270159,0.404457,-3.990000
0.629166,Backstepping,1,1,Shin_R,-2.567735,0.623492,-4.019164
0.629166,Backstepping,1,1,Foot_R,-2.587974,0.425323,-3.949563
0.629166,Backstepping,1,1,Head,-2.402512,0.275000,-3.868897
0.633333,Backstepping,1,1,Pelvis,-2.415010,0.757384,-3.867059
0.633333,Backstepping,1,1,Spine,-2.415720,0.917382,-3.867059
0.633333,Backstepping,1,1,Head,-2.413173,1.387339,-3.872934
0.633333,Backstepping,1,1,Shin_L,-2.275517,0.614684,-4.007345
0.633333,Backstepping,1,1,Foot_L,-2.270159,0.404457,-3.990000
0.633333,Backstepping,1,1,Shin_R,-2.567815,0.622008,-4.016866
0.633333,Backstepping,1,1,Foot_R,-2.587687,0.424983,-3.943986
0.633333,Backstepping,1,1,Head,-2.402418,0.275000,-3.867059
0.637500,Backstepping,1,1,Pelvis,-2.415518,0.755578,-3.865221
0.637500,Backstepping,1,1,Spine,-2.416367,0.915576,-3.865221
0.637500,Backstepping,1,1,Head,-2.413319,1.385521,-3.871727
0.637500,Backstepping,1,1,Shin_L,-2.275830,0.614652,-4.007636
0.637500,Backstepping,1,1,Foot_L,-2.270159,0.404457,-3.990000
0.637500,Backstepping,1,1,Shin_R,-2.568028,0.620212,-4.015215
0.637500,Backstepping,1,1,Foot_R,-2.587405,0.424603,-3.938489
0.637500,Backstepping,1,1,Head,-2.402323,0.275000,-3.865221
0.641666,Backstepping,1,1,Pelvis,-2.416025,0.753773,-3.863383
0.641666,Backstepping,1,1,Spine,-2.417035,0.913770,-3.863383
0.641666,Backstepping,1,1,Head,-2.413409,1.383701,-3.870507
0.641666,Backstepping,1,1,Shin_L,-2.276149,0.614624,-4.007860
0.641666,Backstepping,1,1,Foot_L,-2.270159,0.404457,-3.990000
0.641666,Backstepping,1,1,Shin_R,-2.568248,0.618349,-4.013506
0.641666,Backstepping,1,1,Foot_R,-2.587127,0.424184,-3.933080
0.641666,Backstepping,1,1,Head,-2.402229,0.275000,-3.863383
0.645833,Backstepping,1,1,Pelvis,-2.416532,0.751967,-3.861544
0.645833,Backstepping,1,1,Spine,-2.417718,0.911963,-3.861544
0.645833,Backstepping,1,1,Head,-2.413462,1.381880,-3.869267
0.645833,Backstepping,1,1,Shin_L,-2.276473,0.614601,-4.008026
0.645833,Backstepping,1,1,Foot_L,-2.270158,0.404457,-3.990000
0.645833,Backstepping,1,1,Shin_R,-2.568473,0.616432,-4.011746
0.645833,Backstepping,1,1,Foot_R,-2.586854,0.423727,-3.927768
0.645833,Backstepping,1,1,Head,-2.402134,0.275000,-3.861544
0.650000,Backstepping,1,1,Pelvis,-2.417040,0.750162,-3.859706
0.650000,Backstepping,1,1,Spine,-2.418408,0.910156,-3.859706
0.650000,Backstepping,1,1,Head,-2.413497,1.380057,-3.868000
0.650000,Backstepping,1,1,Shin_L,-2.276800,0.614580,-4.008144
0.650000,Backstepping,1,1,Foot_L,-2.270159,0.404457,-3.990000
0.650000,Backstepping,1,1,Shin_R,-2.568701,0.614469,-4.009940
0.650000,Backstepping,1,1,Foot_R,-2.586587,0.423235,-3.922563
0.650000,Backstepping,1,1,Head,-2.402040,0.275000,-3.859706
0.654166,Backstepping,1,1,Pelvis,-2.417547,0.748356,-3.857868
0.654166,Backstepping,1,1,Spine,-2.419098,0.908349,-3.857868
0.654166,Backstepping,1,1,Head,-2.413532,1.378232,-3.866699
0.654166,Backstepping,1,1,Shin_L,-2.277130,0.614563,-4.008222
0.654166,Backstepping,1,1,Foot_L,-2.270159,0.404457,-3.990000
0.654166,Backstepping,1,1,Shin_R,-2.568931,0.612473,-4.008094
0.654166,Backstepping,1,1,Foot_R,-2.586325,0.422710,-3.917471
0.654166,Backstepping,1,1,Head,-2.401945,0.275000,-3.857868
0.658333,Backstepping,1,1,Pelvis,-2.418055,0.746551,-3.856030
0.658333,Backstepping,1,1,Spine,-2.419780,0.906541,-3.856030
0.658333,Backstepping,1,1,Head,-2.413586,1.376408,-3.865358
0.658333,Backstepping,1,1,Shin_L,-2.277463,0.614547,-4.008267
0.658333,Backstepping,1,1,Foot_L,-2.270158,0.404457,-3.990000
0.658333,Backstepping,1,1,Shin_R,-2.569160,0.610454,-4.006215
0.658333,Backstepping,1,1,Foot_R,-2.586070,0.422153,-3.912503
0.658333,Backstepping,1,1,Head,-2.401851,0.275000,-3.856030
0.662500,Backstepping,1,1,Pelvis,-2.418562,0.744745,-3.854192
0.662500,Backstepping,1,1,Spine,-2.420449,0.904734,-3.854192
0.662500,Backstepping,1,1,Head,-2.413676,1.374583,-3.863970
0.662500,Backstepping,1,1,Shin_L,-2.277797,0.614534,-4.008287
0.662500,Backstepping,1,1,Foot_L,-2.270158,0.404457,-3.990000
0.662500,Backstepping,1,1,Shin_R,-2.569389,0.608424,-4.004307
0.662500,Backstepping,1,1,Foot_R,-2.585821,0.421568,-3.907665
0.662500,Backstepping,1,1,Head,-2.401757,0.275000,-3.854192
0.666666,Backstepping,1,1,Pelvis,-2.419070,0.742939,-3.852353
0.666666,Backstepping,1,1,Spine,-2.421096,0.902926,-3.852353
0.666666,Backstepping,1,1,Head,-2.413822,1.372760,-3.862528
0.666666,Backstepping,1,1,Shin_L,-2.278131,0.614521,-4.008289
0.666666,Backstepping,1,1,Foot_L,-2.270159,0.404457,-3.990000
0.666666,Backstepping,1,1,Shin_R,-2.569616,0.606395,-4.002378
0.666666,Backstepping,1,1,Foot_R,-2.585580,0.420957,-3.902964
0.666666,Backstepping,1,1,Head,-2.401662,0.275000,-3.852353
0.670833,Backstepping,1,1,Pelvis,-2.419299,0.741967,-3.850515
0.670833,Backstepping,1,1,Spine,-2.421446,0.901953,-3.850515
0.670833,Backstepping,1,1,Head,-2.413740,1.371771,-3.861039
0.670833,Backstepping,1,1,Shin_L,-2.278296,0.614585,-4.007461
0.670833,Backstepping,1,1,Foot_L,-2.270159,0.404457,-3.990000
0.670833,Backstepping,1,1,Shin_R,-2.569706,0.604698,-3.999828
0.670833,Backstepping,1,1,Foot_R,-2.585346,0.420323,-3.898407
0.670833,Backstepping,1,1,Head,-2.401568,0.275000,-3.850515
0.675000,Backstepping,1,1,Pelvis,-2.419529,0.740995,-3.848677
0.675000,Backstepping,1,1,Spine,-2.421785,0.900979,-3.848677
0.675000,Backstepping,1,1,Head,-2.413688,1.370784,-3.859511
0.675000,Backstepping,1,1,Shin_L,-2.278461,0.614647,-4.006628
0.675000,Backstepping,1,1,Foot_L,-2.270159,0.404457,-3.990000
0.675000,Backstepping,1,1,Shin_R,-2.569794,0.603028,-3.997292
0.675000,Backstepping,1,1,Foot_R,-2.585119,0.419667,-3.894002
0.675000,Backstepping,1,1,Head,-2.401473,0.275000,-3.848677
0.679166,Backstepping,1,1,Pelvis,-2.419759,0.740023,-3.846839
0.679166,Backstepping,1,1,Spine,-2.422113,0.900005,-3.846839
0.679166,Backstepping,1,1,Head,-2.413663,1.369798,-3.857942
0.679166,Backstepping,1,1,Shin_L,-2.278625,0.614705,-4.005789
0.679166,Backstepping,1,1,Foot_L,-2.270158,0.404457,-3.990000
0.679166,Backstepping,1,1,Shin_R,-2.569880,0.601391,-3.994779
0.679166,Backstepping,1,1,Foot_R,-2.584901,0.418993,-3.889755
0.679166,Backstepping,1,1,Head,-2.401379,0.275000,-3.846839
0.683333,Backstepping,1,1,Pelvis,-2.419988,0.739050,-3.845001
0.683333,Backstepping,1,1,Spine,-2.422432,0.899032,-3.845001
0.683333,Backstepping,1,1,Head,-2.413661,1.368813,-3.856330
0.683333,Backstepping,1,1,Shin_L,-2.278788,0.614760,-4.004944
0.683333,Backstepping,1,1,Foot_L,-2.270159,0.404457,-3.990000
0.683333,Backstepping,1,1,Shin_R,-2.569963,0.599793,-3.992299
0.683333,Backstepping,1,1,Foot_R,-2.584691,0.418304,-3.885670
0.683333,Backstepping,1,1,Head,-2.401284,0.275000,-3.845001
0.687500,Backstepping,1,1,Pelvis,-2.420218,0.738078,-3.843173
0.687500,Backstepping,1,1,Spine,-2.422744,0.898058,-3.843173
0.687500,Backstepping,1,1,Head,-2.413680,1.367830,-3.854682
0.687500,Backstepping,1,1,Shin_L,-2.278952,0.614811,-4.004100
0.687500,Backstepping,1,1,Foot_L,-2.270159,0.404457,-3.990000
0.687500,Backstepping,1,1,Shin_R,-2.570045,0.598236,-3.989864
0.687500,Backstepping,1,1,Foot_R,-2.584490,0.417603,-3.881753
0.687500,Backstepping,1,1,Head,-2.401191,0.275000,-3.843173
0.691666,Backstepping,1,1,Pelvis,-2.420449,0.737106,-3.841364
0.691666,Backstepping,1,1,Spine,-2.423050,0.897085,-3.841364
0.691666,Backstepping,1,1,Head,-2.413717,1.366848,-3.853004
0.691666,Backstepping,1,1,Shin_L,-2.279116,0.614859,-4.003264
0.691666,Backstepping,1,1,Foot_L,-2.270158,0.404457,-3.990000
0.691666,Backstepping,1,1,Shin_R,-2.570125,0.596721,-3.987489
0.691666,Backstepping,1,1,Foot_R,-2.584298,0.416893,-3.878009
0.691666,Backstepping,1,1,Head,-2.401098,0.275000,-3.841364
0.695833,Backstepping,1,1,Pelvis,-2.420682,0.736134,-3.839585
0.695833,Backstepping,1,1,Spine,-2.423352,0.896112,-3.839585
0.695833,Backstepping,1,1,Head,-2.413769,1.365867,-3.851306
0.695833,Backstepping,1,1,Shin_L,-2.279281,0.614902,-4.002447
0.695833,Backstepping,1,1,Foot_L,-2.270159,0.404457,-3.990000
0.695833,Backstepping,1,1,Shin_R,-2.570205,0.595249,-3.985188
0.695833,Backstepping,1,1,Foot_R,-2.584115,0.416177,-3.874442
0.695833,Backstepping,1,1,Head,-2.401006,0.275000,-3.839585
0.700000,Backstepping,1,1,Pelvis,-2.420917,0.735162,-3.837846
0.700000,Backstepping,1,1,Spine,-2.423653,0.895138,-3.837846
0.700000,Backstepping,1,1,Head,-2.413833,1.364889,-3.849595
0.700000,Backstepping,1,1,Shin_L,-2.279448,0.614940,-4.001658
0.700000,Backstepping,1,1,Foot_L,-2.270159,0.404457,-3.990000
0.700000,Backstepping,1,1,Shin_R,-2.570286,0.593820,-3.982971
0.700000,Backstepping,1,1,Foot_R,-2.583941,0.415457,-3.871055
0.700000,Backstepping,1,1,Head,-2.400917,0.275000,-3.837846
0.704166,Backstepping,1,1,Pelvis,-2.420636,0.736134,-3.836158
0.704166,Backstepping,1,1,Spine,-2.423428,0.896109,-3.836158
0.704166,Backstepping,1,1,Head,-2.413406,1.365856,-3.847879
0.704166,Backstepping,1,1,Shin_L,-2.279321,0.616067,-4.000082
0.704166,Backstepping,1,1,Foot_L,-2.270159,0.404457,-3.990000
0.704166,Backstepping,1,1,Shin_R,-2.570024,0.594523,-3.981009
0.704166,Backstepping,1,1,Foot_R,-2.583776,0.414738,-3.867851
0.704166,Backstepping,1,1,Head,-2.400830,0.275000,-3.836158
0.708333,Backstepping,1,1,Pelvis,-2.420357,0.737106,-3.834528
0.708333,Backstepping,1,1,Spine,-2.423194,0.897081,-3.834528
0.708333,Backstepping,1,1,Head,-2.413014,1.366826,-3.846169
0.708333,Backstepping,1,1,Shin_L,-2.279194,0.617180,-3.998562
0.708333,Backstepping,1,1,Foot_L,-2.270159,0.404457,-3.990000
0.708333,Backstepping,1,1,Shin_R,-2.569763,0.595276,-3.979154
0.708333,Backstepping,1,1,Foot_R,-2.583621,0.414021,-3.864832
0.708333,Backstepping,1,1,Head,-2.400746,0.275000,-3.834528
0.712500,Backstepping,1,1,Pelvis,-2.420083,0.738078,-3.832967
0.712500,Backstepping,1,1,Spine,-2.422955,0.898052,-3.832967
0.712500,Backstepping,1,1,Head,-2.412648,1.367798,-3.844476
0.712500,Backstepping,1,1,Shin_L,-2.279065,0.618279,-3.997103
0.712500,Backstepping,1,1,Foot_L,-2.270159,0.404457,-3.990000
0.712500,Backstepping,1,1,Shin_R,-2.569505,0.596079,-3.977418
0.712500,Backstepping,1,1,Foot_R,-2.583475,0.413311,-3.862000
0.712500,Backstepping,1,1,Head,-2.400666,0.275000,-3.832967
0.716666,Backstepping,1,1,Pelvis,-2.419812,0.739050,-3.831481
0.716666,Backstepping,1,1,Spine,-2.422714,0.899024,-3.831481
0.716666,Backstepping,1,1,Head,-2.412298,1.368772,-3.842810
0.716666,Backstepping,1,1,Shin_L,-2.278937,0.619366,-3.995710
0.716666,Backstepping,1,1,Foot_L,-2.270159,0.404457,-3.990000
0.716666,Backstepping,1,1,Shin_R,-2.569250,0.596927,-3.975810
0.716666,Backstepping,1,1,Foot_R,-2.583340,0.412610,-3.859356
0.716666,Backstepping,1,1,Head,-2.400590,0.275000,-3.831481
0.720833,Backstepping,1,1,Pelvis,-2.419545,0.740022,-3.830076
0.720833,Backstepping,1,1,Spine,-2.422477,0.899995,-3.830076
0.720833,Backstepping,1,1,Head,-2.411955,1.369746,-3.841180
0.720833,Backstepping,1,1,Shin_L,-2.278810,0.620442,-3.994389
0.720833,Backstepping,1,1,Foot_L,-2.270159,0.404457,-3.990000
0.720833,Backstepping,1,1,Shin_R,-2.568998,0.597821,-3.974337
0.720833,Backstepping,1,1,Foot_R,-2.583213,0.411921,-3.856900
0.720833,Backstepping,1,1,Head,-2.400518,0.275000,-3.830076
0.725000,Backstepping,1,1,Pelvis,-2.419283,0.740995,-3.828760
0.725000,Backstepping,1,1,Spine,-2.422247,0.900967,-3.828760
0.725000,Backstepping,1,1,Head,-2.411609,1.370722,-3.839594
0.725000,Backstepping,1,1,Shin_L,-2.278685,0.621508,-3.993143
0.725000,Backstepping,1,1,Foot_L,-2.270159,0.404457,-3.990000
0.725000,Backstepping,1,1,Shin_R,-2.568751,0.598756,-3.973008
0.725000,Backstepping,1,1,Foot_R,-2.583097,0.411247,-3.854631
0.725000,Backstepping,1,1,Head,-2.400450,0.275000,-3.828760
0.729166,Backstepping,1,1,Pelvis,-2.419026,0.741967,-3.827536
0.729166,Backstepping,1,1,Spine,-2.422029,0.901939,-3.827536
0.729166,Backstepping,1,1,Head,-2.411250,1.371697,-3.838060
0.729166,Backstepping,1,1,Shin_L,-2.278562,0.622566,-3.991976
0.729166,Backstepping,1,1,Foot_L,-2.270159,0.404457,-3.990000
0.729166,Backstepping,1,1,Shin_R,-2.568510,0.599732,-3.971830
0.729166,Backstepping,1,1,Foot_R,-2.582990,0.410592,-3.852548
0.729166,Backstepping,1,1,Head,-2.400387,0.275000,-3.827536
0.733333,Backstepping,1,1,Pelvis,-2.418774,0.742939,-3.826408
0.733333,Backstepping,1,1,Spine,-2.421827,0.902910,-3.826408
0.733333,Backstepping,1,1,Head,-2.410868,1.372672,-3.836583
0.733333,Backstepping,1,1,Shin_L,-2.278442,0.623617,-3.990889
0.733333,Backstepping,1,1,Foot_L,-2.270159,0.404457,-3.990000
0.733333,Backstepping,1,1,Shin_R,-2.568274,0.600746,-3.970807
0.733333,Backstepping,1,1,Foot_R,-2.582892,0.409957,-3.850649
0.733333,Backstepping,1,1,Head,-2.400329,0.275000,-3.826408
0.737500,Backstepping,1,1,Pelvis,-2.418360,0.744745,-3.825379
0.737500,Backstepping,1,1,Spine,-2.421475,0.904714,-3.825379
0.737500,Backstepping,1,1,Head,-2.410292,1.374479,-3.835158
0.737500,Backstepping,1,1,Shin_L,-2.278302,0.627095,-3.991448
0.737500,Backstepping,1,1,Foot_L,-2.270159,0.404457,-3.990000
0.737500,Backstepping,1,1,Shin_R,-2.567839,0.603781,-3.971362
0.737500,Backstepping,1,1,Foot_R,-2.582804,0.409346,-3.848930
0.737500,Backstepping,1,1,Head,-2.400276,0.275000,-3.825379
0.741666,Backstepping,1,1,Pelvis,-2.417951,0.746550,-3.824450
0.741666,Backstepping,1,1,Spine,-2.421139,0.906518,-3.824450
0.741666,Backstepping,1,1,Head,-2.409697,1.376286,-3.833779
0.741666,Backstepping,1,1,Shin_L,-2.278160,0.630570,-3.992066
0.741666,Backstepping,1,1,Foot_L,-2.270159,0.404457,-3.990000
0.741666,Backstepping,1,1,Shin_R,-2.567407,0.606864,-3.972057
0.741666,Backstepping,1,1,Foot_R,-2.582725,0.408761,-3.847389
0.741666,Backstepping,1,1,Head,-2.400229,0.275000,-3.824450
0.745833,Backstepping,1,1,Pelvis,-2.417547,0.748356,-3.823621
0.745833,Backstepping,1,1,Spine,-2.420813,0.908322,-3.823621
0.745833,Backstepping,1,1,Head,-2.409090,1.378093,-3.832452
0.745833,Backstepping,1,1,Shin_L,-2.278016,0.634043,-3.992746
0.745833,Backstepping,1,1,Foot_L,-2.270159,0.404457,-3.990000
0.745833,Backstepping,1,1,Shin_R,-2.566977,0.609998,-3.972888
0.745833,Backstepping,1,1,Foot_R,-2.582654,0.408204,-3.846019
0.745833,Backstepping,1,1,Head,-2.400186,0.275000,-3.823621
0.750000,Backstepping,1,1,Pelvis,-2.417149,0.750161,-3.822891
0.750000,Backstepping,1,1,Spine,-2.420496,0.910126,-3.822891
0.750000,Backstepping,1,1,Head,-2.408479,1.379899,-3.831185
0.750000,Backstepping,1,1,Shin_L,-2.277870,0.637513,-3.993492
0.750000,Backstepping,1,1,Foot_L,-2.270159,0.404457,-3.990000
0.750000,Backstepping,1,1,Shin_R,-2.566550,0.613184,-3.973852
0.750000,Backstepping,1,1,Foot_R,-2.582592,0.407679,-3.844816
0.750000,Backstepping,1,1,Head,-2.400149,0.275000,-3.822891
0.754166,Backstepping,1,1,Pelvis,-2.416755,0.751967,-3.822258
0.754166,Backstepping,1,1,Spine,-2.420184,0.911930,-3.822258
0.754166,Backstepping,1,1,Head,-2.407874,1.381705,-3.829980
0.754166,Backstepping,1,1,Shin_L,-2.277722,0.640980,-3.994302
0.754166,Backstepping,1,1,Foot_L,-2.270159,0.404457,-3.990000
0.754166,Backstepping,1,1,Shin_R,-2.566124,0.616425,-3.974941
0.754166,Backstepping,1,1,Foot_R,-2.582539,0.407187,-3.843774
0.754166,Backstepping,1,1,Head,-2.400116,0.275000,-3.822258
0.758333,Backstepping,1,1,Pelvis,-2.416366,0.753772,-3.821718
0.758333,Backstepping,1,1,Spine,-2.419874,0.913734,-3.821718
0.758333,Backstepping,1,1,Head,-2.407282,1.383511,-3.828842
0.758333,Backstepping,1,1,Shin_L,-2.277571,0.644443,-3.995179
0.758333,Backstepping,1,1,Foot_L,-2.270159,0.404457,-3.990000
0.758333,Backstepping,1,1,Shin_R,-2.565700,0.619722,-3.976149
0.758333,Backstepping,1,1,Foot_R,-2.582493,0.406730,-3.842883
0.758333,Backstepping,1,1,Head,-2.400088,0.275000,-3.821718
0.762500,Backstepping,1,1,Pelvis,-2.415982,0.755578,-3.821266
0.762500,Backstepping,1,1,Spine,-2.419562,0.915538,-3.821266
0.762500,Backstepping,1,1,Head,-2.406711,1.385317,-3.827773
0.762500,Backstepping,1,1,Shin_L,-2.277417,0.647901,-3.996118
0.762500,Backstepping,1,1,Foot_L,-2.270159,0.404457,-3.990000
0.762500,Backstepping,1,1,Shin_R,-2.565275,0.623076,-3.977468
0.762500,Backstepping,1,1,Foot_R,-2.582455,0.406311,-3.842138
0.762500,Backstepping,1,1,Head,-2.400065,0.275000,-3.821266
0.766666,Backstepping,1,1,Pelvis,-2.415602,0.757384,-3.820899
0.766666,Backstepping,1,1,Spine,-2.419244,0.917342,-3.820899
0.766666,Backstepping,1,1,Head,-2.406169,1.387123,-3.826773
0.766666,Backstepping,1,1,Shin_L,-2.277259,0.651354,-3.997118
0.766666,Backstepping,1,1,Foot_L,-2.270159,0.404457,-3.990000
0.766666,Backstepping,1,1,Shin_R,-2.564849,0.626489,-3.978888
0.766666,Backstepping,1,1,Foot_R,-2.582424,0.405931,-3.841526
0.766666,Backstepping,1,1,Head,-2.400046,0.275000,-3.820899
0.770833,Backstepping,1,1,Pelvis,-2.415392,0.758356,-3.820607
0.770833,Backstepping,1,1,Spine,-2.419087,0.918313,-3.820607
0.770833,Backstepping,1,1,Head,-2.405823,1.388097,-3.825823
0.770833,Backstepping,1,1,Shin_L,-2.277202,0.654268,-3.998418
0.770833,Backstepping,1,1,Foot_L,-2.270159,0.404457,-3.990000
0.770833,Backstepping,1,1,Shin_R,-2.564729,0.626833,-3.977968
0.770833,Backstepping,1,1,Foot_R,-2.582398,0.405592,-3.841040
0.770833,Backstepping,1,1,Head,-2.400031,0.275000,-3.820607
0.774999,Backstepping,1,1,Pelvis,-2.415187,0.759328,-3.820385
0.774999,Backstepping,1,1,Spine,-2.418927,0.919284,-3.820385
0.774999,Backstepping,1,1,Head,-2.405498,1.389071,-3.824902
0.774999,Backstepping,1,1,Shin_L,-2.277143,0.657175,-3.999752
0.774999,Backstepping,1,1,Foot_L,-2.270159,0.404457,-3.990000
0.774999,Backstepping,1,1,Shin_R,-2.564611,0.627220,-3.977153
0.774999,Backstepping,1,1,Foot_R,-2.582379,0.405294,-3.840666
0.774999,Backstepping,1,1,Head,-2.400020,0.275000,-3.820385
0.779166,Backstepping,1,1,Pelvis,-2.414984,0.760300,-3.820225
0.779166,Backstepping,1,1,Spine,-2.418765,0.920255,-3.820225
0.779166,Backstepping,1,1,Head,-2.405190,1.390044,-3.824012
0.779166,Backstepping,1,1,Shin_L,-2.277082,0.660075,-4.001112
0.779166,Backstepping,1,1,Foot_L,-2.270159,0.404457,-3.990000
0.779166,Backstepping,1,1,Shin_R,-2.564494,0.627650,-3.976436
0.779166,Backstepping,1,1,Foot_R,-2.582365,0.405041,-3.840391
0.779166,Backstepping,1,1,Head,-2.400012,0.275000,-3.820225
0.783333,Backstepping,1,1,Pelvis,-2.414784,0.761272,-3.820116
0.783333,Backstepping,1,1,Spine,-2.418602,0.921227,-3.820116
0.783333,Backstepping,1,1,Head,-2.404895,1.391017,-3.823152
0.783333,Backstepping,1,1,Shin_L,-2.277020,0.662968,-4.002488
0.783333,Backstepping,1,1,Foot_L,-2.270159,0.404457,-3.990000
0.783333,Backstepping,1,1,Shin_R,-2.564380,0.628120,-3.975808
0.783333,Backstepping,1,1,Foot_R,-2.582355,0.404832,-3.840204
0.783333,Backstepping,1,1,Head,-2.400006,0.275000,-3.820116
0.787499,Backstepping,1,1,Pelvis,-2.414586,0.762245,-3.820049
0.787499,Backstepping,1,1,Spine,-2.418439,0.922198,-3.820049
0.787499,Backstepping,1,1,Head,-2.404608,1.391989,-3.822321
0.787499,Backstepping,1,1,Shin_L,-2.276957,0.665854,-4.003871
0.787499,Backstepping,1,1,Foot_L,-2.270159,0.404457,-3.990000
0.787499,Backstepping,1,1,Shin_R,-2.564266,0.628628,-3.975259
0.787499,Backstepping,1,1,Foot_R,-2.582350,0.404668,-3.840087
0.787499,Backstepping,1,1,Head,-2.400003,0.275000,-3.820049
0.791666,Backstepping,1,1,Pelvis,-2.414390,0.763217,-3.820015
0.791666,Backstepping,1,1,Spine,-2.418276,0.923170,-3.820015
0.791666,Backstepping,1,1,Head,-2.404323,1.392960,-3.821520
0.791666,Backstepping,1,1,Shin_L,-2.276891,0.668735,-4.005252
0.791666,Backstepping,1,1,Foot_L,-2.270159,0.404457,-3.990000
0.791666,Backstepping,1,1,Shin_R,-2.564152,0.629172,-3.974778
0.791666,Backstepping,1,1,Foot_R,-2.582346,0.404551,-3.840026
0.791666,Backstepping,1,1,Head,-2.400001,0.275000,-3.820015
0.795833,Backstepping,1,1,Pelvis,-2.414195,0.764189,-3.820002
0.795833,Backstepping,1,1,Spine,-2.418116,0.924141,-3.820002
0.795833,Backstepping,1,1,Head,-2.404037,1.393929,-3.820747
0.795833,Backstepping,1,1,Shin_L,-2.276825,0.671611,-4.006621
0.795833,Backstepping,1,1,Foot_L,-2.270159,0.404457,-3.990000
0.795833,Backstepping,1,1,Shin_R,-2.564040,0.629749,-3.974355
0.795833,Backstepping,1,1,Foot_R,-2.582345,0.404481,-3.840003
0.795833,Backstepping,1,1,Head,-2.400000,0.275000,-3.820002
0.799999,Backstepping,1,1,Pelvis,-2.414000,0.765161,-3.820000
0.799999,Backstepping,1,1,Spine,-2.417960,0.925112,-3.820000
0.799999,Backstepping,1,1,Head,-2.403744,1.394897,-3.820000
0.799999,Backstepping,1,1,Shin_L,-2.276757,0.674484,-4.007967
0.799999,Backstepping,1,1,Foot_L,-2.270159,0.404457,-3.990000
0.799999,Backstepping,1,1,Shin_R,-2.563927,0.630356,-3.973976
0.799999,Backstepping,1,1,Foot_R,-2.582345,0.404457,-3.840000
0.799999,Backstepping,1,1,Head,-2.400000,0.275000,-3.820000
0.804166,Backstepping,2,1,Pelvis,-2.413806,0.766134,-3.820000
0.804166,Backstepping,2,1,Spine,-2.417732,0.926085,-3.820000
0.804166,Backstepping,2,1,Head,-2.403636,1.395873,-3.819255
0.804166,Backstepping,2,1,Shin_L,-2.276635,0.675738,-4.008189
0.804166,Backstepping,2,1,Foot_L,-2.270159,0.404480,-3.989998
0.804166,Backstepping,2,1,Shin_R,-2.563892,0.629949,-3.972379
0.804166,Backstepping,2,1,Foot_R,-2.582345,0.404457,-3.840000
0.804166,Backstepping,2,1,Head,-2.400000,0.275000,-3.820000
0.808333,Backstepping,2,1,Pelvis,-2.413611,0.767106,-3.820000
0.808333,Backstepping,2,1,Spine,-2.417506,0.927058,-3.820000
0.808333,Backstepping,2,1,Head,-2.403522,1.396847,-3.818495
0.808333,Backstepping,2,1,Shin_L,-2.276514,0.677036,-4.008440
0.808333,Backstepping,2,1,Foot_L,-2.270158,0.404551,-3.989987
0.808333,Backstepping,2,1,Shin_R,-2.563858,0.629549,-3.970762
0.808333,Backstepping,2,1,Foot_R,-2.582345,0.404457,-3.840000
0.808333,Backstepping,2,1,Head,-2.400000,0.275000,-3.820000
0.812499,Backstepping,2,1,Pelvis,-2.413417,0.768078,-3.820000
0.812499,Backstepping,2,1,Spine,-2.417282,0.928031,-3.820000
0.812499,Backstepping,2,1,Head,-2.403406,1.397821,-3.817728
0.812499,Backstepping,2,1,Shin_L,-2.276393,0.678376,-4.008719
0.812499,Backstepping,2,1,Foot_L,-2.270156,0.404668,-3.989956
0.812499,Backstepping,2,1,Shin_R,-2.563823,0.629155,-3.969121
0.812499,Backstepping,2,1,Foot_R,-2.582345,0.404457,-3.840000
0.812499,Backstepping,2,1,Head,-2.400000,0.275000,-3.820000
0.816666,Backstepping,2,1,Pelvis,-2.413222,0.769050,-3.820000
0.816666,Backstepping,2,1,Spine,-2.417057,0.929004,-3.820000
0.816666,Backstepping,2,1,Head,-2.403291,1.398792,-3.816964
0.816666,Backstepping,2,1,Shin_L,-2.276271,0.679760,-4.009027
0.816666,Backstepping,2,1,Foot_L,-2.270153,0.404832,-3.989898
0.816666,Backstepping,2,1,Shin_R,-2.563788,0.628767,-3.967458
0.816666,Backstepping,2,1,Foot_R,-2.582345,0.404457,-3.840000
0.816666,Backstepping,2,1,Head,-2.400000,0.275000,-3.820000
0.820833,Backstepping,2,1,Pelvis,-2.413028,0.770022,-3.820000
0.820833,Backstepping,2,1,Spine,-2.416830,0.929977,-3.820000
0.820833,Backstepping,2,1,Head,-2.403180,1.399763,-3.816213
0.820833,Backstepping,2,1,Shin_L,-2.276148,0.681183,-4.009363
0.820833,Backstepping,2,1,Foot_L,-2.270149,0.405041,-3.989804
0.820833,Backstepping,2,1,Shin_R,-2.563753,0.628388,-3.965768
0.820833,Backstepping,2,1,Foot_R,-2.582345,0.404457,-3.840000
0.820833,Backstepping,2,1,Head,-2.400000,0.275000,-3.820000
0.824999,Backstepping,2,1,Pelvis,-2.412833,0.770995,-3.820000
0.824999,Backstepping,2,1,Spine,-2.416600,0.930950,-3.820000
0.824999,Backstepping,2,1,Head,-2.403078,1.400734,-3.815483
0.824999,Backstepping,2,1,Shin_L,-2.276023,0.682646,-4.009726
0.824999,Backstepping,2,1,Foot_L,-2.270142,0.405294,-3.989667
0.824999,Backstepping,2,1,Shin_R,-2.563718,0.628015,-3.964052
0.824999,Backstepping,2,1,Foot_R,-2.582345,0.404457,-3.840000
0.824999,Backstepping,2,1,Head,-2.400000,0.275000,-3.820000
0.829166,Backstepping,2,1,Pelvis,-2.412639,0.771967,-3.820000
0.829166,Backstepping,2,1,Spine,-2.416365,0.931923,-3.820000
0.829166,Backstepping,2,1,Head,-2.402989,1.401704,-3.814784
0.829166,Backstepping,2,1,Shin_L,-2.275897,0.684146,-4.010115
0.829166,Backstepping,2,1,Foot_L,-2.270132,0.405591,-3.989480
0.829166,Backstepping,2,1,Shin_R,-2.563682,0.627651,-3.962306
0.829166,Backstepping,2,1,Foot_R,-2.582345,0.404457,-3.840000
0.829166,Backstepping,2,1,Head,-2.400000,0.275000,-3.820000
0.833333,Backstepping,2,1,Pelvis,-2.412445,0.772939,-3.820000
0.833333,Backstepping,2,1,Spine,-2.416124,0.932897,-3.820000
0.833333,Backstepping,2,1,Head,-2.402915,1.402674,-3.814125
0.833333,Backstepping,2,1,Shin_L,-2.275768,0.685680,-4.010529
0.833333,Backstepping,2,1,Foot_L,-2.270120,0.405930,-3.989237
0.833333,Backstepping,2,1,Shin_R,-2.563646,0.627295,-3.960530
0.833333,Backstepping,2,1,Foot_R,-2.582345,0.404457,-3.840000
0.833333,Backstepping,2,1,Head,-2.400000,0.275000,-3.820000
0.837499,Backstepping,2,1,Pelvis,-2.412083,0.774744,-3.820000
0.837499,Backstepping,2,1,Spine,-2.415708,0.934703,-3.820000
0.837499,Backstepping,2,1,Head,-2.402697,1.404478,-3.813494
0.837499,Backstepping,2,1,Shin_L,-2.275465,0.684869,-4.008746
0.837499,Backstepping,2,1,Foot_L,-2.270104,0.406311,-3.988932
0.837499,Backstepping,2,1,Shin_R,-2.563459,0.628085,-3.959118
0.837499,Backstepping,2,1,Foot_R,-2.582345,0.404457,-3.840000
0.837499,Backstepping,2,1,Head,-2.400000,0.275000,-3.820000
0.841666,Backstepping,2,1,Pelvis,-2.411722,0.776550,-3.820000
0.841666,Backstepping,2,1,Spine,-2.415283,0.936510,-3.820000
0.841666,Backstepping,2,1,Head,-2.402500,1.406282,-3.812876
0.841666,Backstepping,2,1,Shin_L,-2.275165,0.684087,-4.006937
0.841666,Backstepping,2,1,Foot_L,-2.270084,0.406730,-3.988559
0.841666,Backstepping,2,1,Shin_R,-2.563272,0.628878,-3.957679
0.841666,Backstepping,2,1,Foot_R,-2.582345,0.404457,-3.840000
0.841666,Backstepping,2,1,Head,-2.400000,0.275000,-3.820000
0.845833,Backstepping,2,1,Pelvis,-2.411361,0.778355,-3.820000
0.845833,Backstepping,2,1,Spine,-2.414853,0.938317,-3.820000
0.845833,Backstepping,2,1,Head,-2.402319,1.408087,-3.812278
0.845833,Backstepping,2,1,Shin_L,-2.274866,0.683333,-4.005099
0.845833,Backstepping,2,1,Foot_L,-2.270062,0.407187,-3.988113
0.845833,Backstepping,2,1,Shin_R,-2.563085,0.629673,-3.956211
0.845833,Backstepping,2,1,Foot_R,-2.582345,0.404457,-3.840000
0.845833,Backstepping,2,1,Head,-2.400000,0.275000,-3.820000
0.849999,Backstepping,2,1,Pelvis,-2.411000,0.780161,-3.820000
0.849999,Backstepping,2,1,Spine,-2.414420,0.940125,-3.820000
0.849999,Backstepping,2,1,Head,-2.402144,1.409891,-3.811707
0.849999,Backstepping,2,1,Shin_L,-2.274570,0.682604,-4.003230
0.849999,Backstepping,2,1,Foot_L,-2.270035,0.407679,-3.987592
0.849999,Backstepping,2,1,Shin_R,-2.562898,0.630470,-3.954717
0.849999,Backstepping,2,1,Foot_R,-2.582345,0.404457,-3.840000
0.849999,Backstepping,2,1,Head,-2.400000,0.275000,-3.820000
0.854166,Backstepping,2,1,Pelvis,-2.410639,0.781966,-3.820000
0.854166,Backstepping,2,1,Spine,-2.413987,0.941931,-3.820000
0.854166,Backstepping,2,1,Head,-2.401970,1.411695,-3.811169
0.854166,Backstepping,2,1,Shin_L,-2.274276,0.681901,-4.001328
0.854166,Backstepping,2,1,Foot_L,-2.270004,0.408204,-3.986991
0.854166,Backstepping,2,1,Shin_R,-2.562710,0.631266,-3.953197
0.854166,Backstepping,2,1,Foot_R,-2.582345,0.404457,-3.840000
0.854166,Backstepping,2,1,Head,-2.400000,0.275000,-3.820000
0.858333,Backstepping,2,1,Pelvis,-2.410278,0.783772,-3.820000
0.858333,Backstepping,2,1,Spine,-2.413556,0.943738,-3.820000
0.858333,Backstepping,2,1,Head,-2.401788,1.413498,-3.810672
0.858333,Backstepping,2,1,Shin_L,-2.273984,0.681220,-3.999389
0.858333,Backstepping,2,1,Foot_L,-2.269969,0.408761,-3.986306
0.858333,Backstepping,2,1,Shin_R,-2.562523,0.632062,-3.951653
0.858333,Backstepping,2,1,Foot_R,-2.582345,0.404457,-3.840000
0.858333,Backstepping,2,1,Head,-2.400000,0.275000,-3.820000
0.862499,Backstepping,2,1,Pelvis,-2.409917,0.785578,-3.820000
0.862499,Backstepping,2,1,Spine,-2.413132,0.945545,-3.820000
0.862499,Backstepping,2,1,Head,-2.401592,1.415302,-3.810221
0.862499,Backstepping,2,1,Shin_L,-2.273696,0.680560,-3.997409
0.862499,Backstepping,2,1,Foot_L,-2.269929,0.409346,-3.985535
0.862499,Backstepping,2,1,Shin_R,-2.562338,0.632855,-3.950085
0.862499,Backstepping,2,1,Foot_R,-2.582345,0.404457,-3.840000
0.862499,Backstepping,2,1,Head,-2.400000,0.275000,-3.820000
0.866666,Backstepping,2,1,Pelvis,-2.409556,0.787383,-3.820000
0.866666,Backstepping,2,1,Spine,-2.412715,0.947352,-3.820000
0.866666,Backstepping,2,1,Head,-2.401374,1.417105,-3.809825
0.866666,Backstepping,2,1,Shin_L,-2.273411,0.679920,-3.995384
0.866666,Backstepping,2,1,Foot_L,-2.269885,0.409957,-3.984676
0.866666,Backstepping,2,1,Shin_R,-2.562153,0.633645,-3.948495
0.866666,Backstepping,2,1,Foot_R,-2.582345,0.404457,-3.840000
0.866666,Backstepping,2,1,Head,-2.400000,0.275000,-3.820000
0.870833,Backstepping,2,1,Pelvis,-2.409361,0.788355,-3.820000
0.870833,Backstepping,2,1,Spine,-2.412478,0.948325,-3.820000
0.870833,Backstepping,2,1,Head,-2.401292,1.418074,-3.809476
0.870833,Backstepping,2,1,Shin_L,-2.273207,0.676449,-3.991515
0.870833,Backstepping,2,1,Foot_L,-2.269836,0.410592,-3.983727
0.870833,Backstepping,2,1,Shin_R,-2.562074,0.633828,-3.947241
0.870833,Backstepping,2,1,Foot_R,-2.582345,0.404457,-3.840000
0.870833,Backstepping,2,1,Head,-2.400000,0.275000,-3.820000
0.874999,Backstepping,2,1,Pelvis,-2.409167,0.789328,-3.820000
0.874999,Backstepping,2,1,Spine,-2.412251,0.949298,-3.820000
0.874999,Backstepping,2,1,Head,-2.401182,1.419043,-3.809166
0.874999,Backstepping,2,1,Shin_L,-2.273005,0.672972,-3.987425
0.874999,Backstepping,2,1,Foot_L,-2.269783,0.411248,-3.982685
0.874999,Backstepping,2,1,Shin_R,-2.561996,0.634008,-3.945979
0.874999,Backstepping,2,1,Foot_R,-2.582345,0.404457,-3.840000
0.874999,Backstepping,2,1,Head,-2.400000,0.275000,-3.820000
0.879166,Backstepping,2,1,Pelvis,-2.408972,0.790300,-3.820000
0.879166,Backstepping,2,1,Spine,-2.412030,0.950271,-3.820000
0.879166,Backstepping,2,1,Head,-2.401055,1.420011,-3.808897
0.879166,Backstepping,2,1,Shin_L,-2.272806,0.669480,-3.983092
0.879166,Backstepping,2,1,Foot_L,-2.269724,0.411921,-3.981550
0.879166,Backstepping,2,1,Shin_R,-2.561919,0.634186,-3.944705
0.879166,Backstepping,2,1,Foot_R,-2.582345,0.404457,-3.840000
0.879166,Backstepping,2,1,Head,-2.400000,0.275000,-3.820000
0.883333,Backstepping,2,1,Pelvis,-2.408778,0.791272,-3.820000
0.883333,Backstepping,2,1,Spine,-2.411812,0.951243,-3.820000
0.883333,Backstepping,2,1,Head,-2.400923,1.420980,-3.808671
0.883333,Backstepping,2,1,Shin_L,-2.272608,0.665963,-3.978489
0.883333,Backstepping,2,1,Foot_L,-2.269661,0.412610,-3.980322
0.883333,Backstepping,2,1,Shin_R,-2.561843,0.634365,-3.943416
0.883333,Backstepping,2,1,Foot_R,-2.582345,0.404457,-3.840000
0.883333,Backstepping,2,1,Head,-2.400000,0.275000,-3.820000
0.887499,Backstepping,2,1,Pelvis,-2.408583,0.792244,-3.820000
0.887499,Backstepping,2,1,Spine,-2.411592,0.952216,-3.820000
0.887499,Backstepping,2,1,Head,-2.400794,1.421951,-3.808491
0.887499,Backstepping,2,1,Shin_L,-2.272410,0.662408,-3.973576
0.887499,Backstepping,2,1,Foot_L,-2.269593,0.413311,-3.979000
0.887499,Backstepping,2,1,Shin_R,-2.561766,0.634546,-3.942108
0.887499,Backstepping,2,1,Foot_R,-2.582345,0.404457,-3.840000
0.887499,Backstepping,2,1,Head,-2.400000,0.275000,-3.820000
0.891666,Backstepping,2,1,Pelvis,-2.408389,0.793217,-3.820000
0.891666,Backstepping,2,1,Spine,-2.411366,0.953189,-3.820000
0.891666,Backstepping,2,1,Head,-2.400681,1.422923,-3.808360
0.891666,Backstepping,2,1,Shin_L,-2.272212,0.658797,-3.968303
0.891666,Backstepping,2,1,Foot_L,-2.269521,0.414021,-3.977584
0.891666,Backstepping,2,1,Shin_R,-2.561689,0.634729,-3.940777
0.891666,Backstepping,2,1,Foot_R,-2.582345,0.404457,-3.840000
0.891666,Backstepping,2,1,Head,-2.400000,0.275000,-3.820000
0.895833,Backstepping,2,1,Pelvis,-2.408195,0.794189,-3.820000
0.895833,Backstepping,2,1,Spine,-2.411130,0.954162,-3.820000
0.895833,Backstepping,2,1,Head,-2.400594,1.423897,-3.808279
0.895833,Backstepping,2,1,Shin_L,-2.272011,0.655108,-3.962602
0.895833,Backstepping,2,1,Foot_L,-2.269444,0.414738,-3.976075
0.895833,Backstepping,2,1,Shin_R,-2.561611,0.634917,-3.939419
0.895833,Backstepping,2,1,Foot_R,-2.582345,0.404457,-3.840000
0.895833,Backstepping,2,1,Head,-2.400000,0.275000,-3.820000
0.899999,Backstepping,2,1,Pelvis,-2.408000,0.795161,-3.820000
0.899999,Backstepping,2,1,Spine,-2.410880,0.955135,-3.820000
0.899999,Backstepping,2,1,Head,-2.400544,1.424875,-3.808251
0.899999,Backstepping,2,1,Shin_L,-2.271808,0.651306,-3.956370
0.899999,Backstepping,2,1,Foot_L,-2.269361,0.415457,-3.974473
0.899999,Backstepping,2,1,Shin_R,-2.561531,0.635111,-3.938028
0.899999,Backstepping,2,1,Foot_R,-2.582345,0.404457,-3.840000
0.899999,Backstepping,2,1,Head,-2.400000,0.275000,-3.820000
0.904166,Backstepping,2,1,Pelvis,-2.407417,0.794189,-3.820000
0.904166,Backstepping,2,1,Spine,-2.410230,0.954164,-3.820000
0.904166,Backstepping,2,1,Head,-2.400133,1.423910,-3.808279
0.904166,Backstepping,2,1,Shin_L,-2.271414,0.648798,-3.954327
0.904166,Backstepping,2,1,Foot_L,-2.269274,0.416176,-3.972780
0.904166,Backstepping,2,1,Shin_R,-2.561304,0.633577,-3.936929
0.904166,Backstepping,2,1,Foot_R,-2.582345,0.404457,-3.840000
0.904166,Backstepping,2,1,Head,-2.400000,0.275000,-3.820000
0.908333,Backstepping,2,1,Pelvis,-2.406834,0.793217,-3.820000
0.908333,Backstepping,2,1,Spine,-2.409575,0.953193,-3.820000
0.908333,Backstepping,2,1,Head,-2.399737,1.422946,-3.808360
0.908333,Backstepping,2,1,Shin_L,-2.271021,0.646289,-3.952242
0.908333,Backstepping,2,1,Foot_L,-2.269182,0.416893,-3.970996
0.908333,Backstepping,2,1,Shin_R,-2.561080,0.632048,-3.935816
0.908333,Backstepping,2,1,Foot_R,-2.582345,0.404457,-3.840000
0.908333,Backstepping,2,1,Head,-2.400000,0.275000,-3.820000
0.912499,Backstepping,2,1,Pelvis,-2.406250,0.792245,-3.820000
0.912499,Backstepping,2,1,Spine,-2.408912,0.952223,-3.820000
0.912499,Backstepping,2,1,Head,-2.399358,1.421984,-3.808491
0.912499,Backstepping,2,1,Shin_L,-2.270632,0.643776,-3.950108
0.912499,Backstepping,2,1,Foot_L,-2.269086,0.417603,-3.969124
0.912499,Backstepping,2,1,Shin_R,-2.560857,0.630525,-3.934686
0.912499,Backstepping,2,1,Foot_R,-2.582345,0.404457,-3.840000
0.912499,Backstepping,2,1,Head,-2.400000,0.275000,-3.820000
0.916666,Backstepping,2,1,Pelvis,-2.405667,0.791273,-3.820000
0.916666,Backstepping,2,1,Spine,-2.408242,0.951252,-3.820000
0.916666,Backstepping,2,1,Head,-2.398998,1.421024,-3.808671
0.916666,Backstepping,2,1,Shin_L,-2.270244,0.641254,-3.947918
0.916666,Backstepping,2,1,Foot_L,-2.268985,0.418304,-3.967165
0.916666,Backstepping,2,1,Shin_R,-2.560637,0.629007,-3.933538
0.916666,Backstepping,2,1,Foot_R,-2.582345,0.404457,-3.840000
0.916666,Backstepping,2,1,Head,-2.400000,0.275000,-3.820000
0.920833,Backstepping,2,1,Pelvis,-2.405083,0.790300,-3.820000
0.920833,Backstepping,2,1,Spine,-2.407564,0.950281,-3.820000
0.920833,Backstepping,2,1,Head,-2.398660,1.420066,-3.808897
0.920833,Backstepping,2,1,Shin_L,-2.269858,0.638720,-3.945666
0.920833,Backstepping,2,1,Foot_L,-2.268881,0.418993,-3.965123
0.920833,Backstepping,2,1,Shin_R,-2.560419,0.627496,-3.932372
0.920833,Backstepping,2,1,Foot_R,-2.582345,0.404457,-3.840000
0.920833,Backstepping,2,1,Head,-2.400000,0.275000,-3.820000
0.924999,Backstepping,2,1,Pelvis,-2.404500,0.789328,-3.820000
0.924999,Backstepping,2,1,Spine,-2.406876,0.949310,-3.820000
0.924999,Backstepping,2,1,Head,-2.398349,1.419108,-3.809166
0.924999,Backstepping,2,1,Shin_L,-2.269475,0.636171,-3.943342
0.924999,Backstepping,2,1,Foot_L,-2.268771,0.419666,-3.963000
0.924999,Backstepping,2,1,Shin_R,-2.560203,0.625992,-3.931186
0.924999,Backstepping,2,1,Foot_R,-2.582345,0.404457,-3.840000
0.924999,Backstepping,2,1,Head,-2.400000,0.275000,-3.820000
0.929166,Backstepping,2,1,Pelvis,-2.403917,0.788356,-3.820000
0.929166,Backstepping,2,1,Spine,-2.406177,0.948340,-3.820000
0.929166,Backstepping,2,1,Head,-2.398064,1.418152,-3.809476
0.929166,Backstepping,2,1,Shin_L,-2.269094,0.633602,-3.940938
0.929166,Backstepping,2,1,Foot_L,-2.268658,0.420322,-3.960797
0.929166,Backstepping,2,1,Shin_R,-2.559988,0.624494,-3.929977
0.929166,Backstepping,2,1,Foot_R,-2.582345,0.404457,-3.840000
0.929166,Backstepping,2,1,Head,-2.400000,0.275000,-3.820000
0.933333,Backstepping,2,1,Pelvis,-2.403333,0.787384,-3.820000
0.933333,Backstepping,2,1,Spine,-2.405467,0.947369,-3.820000
0.933333,Backstepping,2,1,Head,-2.397810,1.417197,-3.809825
0.933333,Backstepping,2,1,Shin_L,-2.268715,0.631010,-3.938442
0.933333,Backstepping,2,1,Foot_L,-2.268541,0.420957,-3.958519
0.933333,Backstepping,2,1,Shin_R,-2.559775,0.623005,-3.928746
0.933333,Backstepping,2,1,Foot_R,-2.582345,0.404457,-3.840000
0.933333,Backstepping,2,1,Head,-2.400000,0.275000,-3.820000
0.937499,Backstepping,2,1,Pelvis,-2.402250,0.785578,-3.820000
0.937499,Backstepping,2,1,Spine,-2.404237,0.945566,-3.820000
0.937499,Backstepping,2,1,Head,-2.397107,1.415410,-3.810221
0.937499,Backstepping,2,1,Shin_L,-2.268076,0.632197,-3.943507
0.937499,Backstepping,2,1,Foot_L,-2.268420,0.421569,-3.956169
0.937499,Backstepping,2,1,Shin_R,-2.559322,0.620940,-3.927896
0.937499,Backstepping,2,1,Foot_R,-2.582345,0.404457,-3.840000
0.937499,Backstepping,2,1,Head,-2.400000,0.275000,-3.820000
0.941666,Backstepping,2,1,Pelvis,-2.401167,0.783773,-3.820000
0.941666,Backstepping,2,1,Spine,-2.402984,0.943762,-3.820000
0.941666,Backstepping,2,1,Head,-2.396463,1.413624,-3.810671
0.941666,Backstepping,2,1,Shin_L,-2.267424,0.633079,-3.947865
0.941666,Backstepping,2,1,Foot_L,-2.268296,0.422153,-3.953749
0.941666,Backstepping,2,1,Shin_R,-2.558873,0.618885,-3.927016
0.941666,Backstepping,2,1,Foot_R,-2.582345,0.404457,-3.840000
0.941666,Backstepping,2,1,Head,-2.400000,0.275000,-3.820000
0.945833,Backstepping,2,1,Pelvis,-2.400084,0.781967,-3.820000
0.945833,Backstepping,2,1,Spine,-2.401716,0.941959,-3.820000
0.945833,Backstepping,2,1,Head,-2.395857,1.411839,-3.811169
0.945833,Backstepping,2,1,Shin_L,-2.266762,0.633714,-3.951680
0.945833,Backstepping,2,1,Foot_L,-2.268168,0.422710,-3.951265
0.945833,Backstepping,2,1,Shin_R,-2.558429,0.616839,-3.926113
0.945833,Backstepping,2,1,Foot_R,-2.582345,0.404457,-3.840000
0.945833,Backstepping,2,1,Head,-2.400000,0.275000,-3.820000
0.949999,Backstepping,2,1,Pelvis,-2.399000,0.780162,-3.820000
0.949999,Backstepping,2,1,Spine,-2.400440,0.940155,-3.820000
0.949999,Backstepping,2,1,Head,-2.395271,1.410053,-3.811706
0.949999,Backstepping,2,1,Shin_L,-2.266093,0.634141,-3.955057
0.949999,Backstepping,2,1,Foot_L,-2.268038,0.423235,-3.948719
0.949999,Backstepping,2,1,Shin_R,-2.557992,0.614798,-3.925192
0.949999,Backstepping,2,1,Foot_R,-2.582345,0.404457,-3.840000
0.949999,Backstepping,2,1,Head,-2.400000,0.275000,-3.820000
0.954166,Backstepping,2,1,Pelvis,-2.397917,0.778358,-3.820000
0.954166,Backstepping,2,1,Spine,-2.399165,0.938353,-3.820000
0.954166,Backstepping,2,1,Head,-2.394685,1.408268,-3.812278
0.954166,Backstepping,2,1,Shin_L,-2.265417,0.634384,-3.958061
0.954166,Backstepping,2,1,Foot_L,-2.267904,0.423727,-3.946116
0.954166,Backstepping,2,1,Shin_R,-2.557561,0.612761,-3.924259
0.954166,Backstepping,2,1,Foot_R,-2.582345,0.404457,-3.840000
0.954166,Backstepping,2,1,Head,-2.400000,0.275000,-3.820000
0.958333,Backstepping,2,1,Pelvis,-2.396834,0.776563,-3.820000
0.958333,Backstepping,2,1,Spine,-2.397897,0.936559,-3.820000
0.958333,Backstepping,2,1,Head,-2.394080,1.406489,-3.812876
0.958333,Backstepping,2,1,Shin_L,-2.264738,0.634464,-3.960733
0.958333,Backstepping,2,1,Foot_L,-2.267767,0.424184,-3.943461
0.958333,Backstepping,2,1,Shin_R,-2.557140,0.610728,-3.923314
0.958333,Backstepping,2,1,Foot_R,-2.582345,0.404457,-3.840000
0.958333,Backstepping,2,1,Head,-2.400000,0.275000,-3.820000
0.962499,Backstepping,2,1,Pelvis,-2.395750,0.774785,-3.820000
0.962499,Backstepping,2,1,Spine,-2.396644,0.934783,-3.820000
0.962499,Backstepping,2,1,Head,-2.393435,1.404727,-3.813494
0.962499,Backstepping,2,1,Shin_L,-2.264058,0.634396,-3.963100
0.962499,Backstepping,2,1,Foot_L,-2.267629,0.424603,-3.940756
0.962499,Backstepping,2,1,Shin_R,-2.556726,0.608700,-3.922352
0.962499,Backstepping,2,1,Foot_R,-2.582345,0.404457,-3.840000
0.962499,Backstepping,2,1,Head,-2.400000,0.275000,-3.820000
0.966666,Backstepping,2,1,Pelvis,-2.394667,0.773033,-3.820000
0.966666,Backstepping,2,1,Spine,-2.395414,0.933031,-3.820000
0.966666,Backstepping,2,1,Head,-2.392733,1.402987,-3.814125
0.966666,Backstepping,2,1,Shin_L,-2.263379,0.634195,-3.965186
0.966666,Backstepping,2,1,Foot_L,-2.267487,0.424983,-3.938008
0.966666,Backstepping,2,1,Shin_R,-2.556324,0.606678,-3.921373
0.966666,Backstepping,2,1,Foot_R,-2.582345,0.404457,-3.840000
0.966666,Backstepping,2,1,Head,-2.400000,0.275000,-3.820000
0.970833,Backstepping,2,1,Pelvis,-2.394083,0.772145,-3.820000
0.970833,Backstepping,2,1,Spine,-2.394706,0.932144,-3.820000
0.970833,Backstepping,2,1,Head,-2.392471,1.402110,-3.814784
0.970833,Backstepping,2,1,Shin_L,-2.262978,0.634005,-3.966166
0.970833,Backstepping,2,1,Foot_L,-2.267344,0.425323,-3.935220
0.970833,Backstepping,2,1,Shin_R,-2.556096,0.605704,-3.920883
0.970833,Backstepping,2,1,Foot_R,-2.582345,0.404457,-3.840000
0.970833,Backstepping,2,1,Head,-2.400000,0.275000,-3.820000
0.974999,Backstepping,2,1,Pelvis,-2.393500,0.771294,-3.820000
0.974999,Backstepping,2,1,Spine,-2.394014,0.931294,-3.820000
0.974999,Backstepping,2,1,Head,-2.392168,1.401268,-3.815483
0.974999,Backstepping,2,1,Shin_L,-2.262580,0.633727,-3.966969
0.974999,Backstepping,2,1,Foot_L,-2.267199,0.425620,-3.932396
0.974999,Backstepping,2,1,Shin_R,-2.555872,0.604743,-3.920365
0.974999,Backstepping,2,1,Foot_R,-2.582345,0.404457,-3.840000
0.974999,Backstepping,2,1,Head,-2.400000,0.275000,-3.820000
0.979166,Backstepping,2,1,Pelvis,-2.392917,0.770486,-3.820000
0.979166,Backstepping,2,1,Spine,-2.393335,0.930485,-3.820000
0.979166,Backstepping,2,1,Head,-2.391834,1.400467,-3.816213
0.979166,Backstepping,2,1,Shin_L,-2.262185,0.633365,-3.967601
0.979166,Backstepping,2,1,Foot_L,-2.267053,0.425873,-3.929543
0.979166,Backstepping,2,1,Shin_R,-2.555652,0.603796,-3.919808
0.979166,Backstepping,2,1,Foot_R,-2.582345,0.404457,-3.840000
0.979166,Backstepping,2,1,Head,-2.400000,0.275000,-3.820000
0.983333,Backstepping,2,1,Pelvis,-2.392334,0.769723,-3.820000
0.983333,Backstepping,2,1,Spine,-2.392664,0.929723,-3.820000
0.983333,Backstepping,2,1,Head,-2.391476,1.399711,-3.816964
0.983333,Backstepping,2,1,Shin_L,-2.261793,0.632926,-3.968071
0.983333,Backstepping,2,1,Foot_L,-2.266905,0.426082,-3.926665
0.983333,Backstepping,2,1,Shin_R,-2.555434,0.602868,-3.919203
0.983333,Backstepping,2,1,Foot_R,-2.582345,0.404457,-3.840000
0.983333,Backstepping,2,1,Head,-2.400000,0.275000,-3.820000
0.987499,Backstepping,2,1,Pelvis,-2.391750,0.769010,-3.820000
0.987499,Backstepping,2,1,Spine,-2.391999,0.929009,-3.820000
0.987499,Backstepping,2,1,Head,-2.391105,1.399003,-3.817728
0.987499,Backstepping,2,1,Shin_L,-2.261403,0.632414,-3.968387
0.987499,Backstepping,2,1,Foot_L,-2.266756,0.426246,-3.923767
0.987499,Backstepping,2,1,Shin_R,-2.555220,0.601961,-3.918544
0.987499,Backstepping,2,1,Foot_R,-2.582345,0.404457,-3.840000
0.987499,Backstepping,2,1,Head,-2.400000,0.275000,-3.820000
0.991666,Backstepping,2,1,Pelvis,-2.391167,0.768348,-3.820000
0.991666,Backstepping,2,1,Spine,-2.391336,0.928348,-3.820000
0.991666,Backstepping,2,1,Head,-2.390729,1.398345,-3.818495
0.991666,Backstepping,2,1,Shin_L,-2.261016,0.631834,-3.968557
0.991666,Backstepping,2,1,Foot_L,-2.266606,0.426363,-3.920853
0.991666,Backstepping,2,1,Shin_R,-2.555008,0.601079,-3.917822
0.991666,Backstepping,2,1,Foot_R,-2.582345,0.404457,-3.840000
0.991666,Backstepping,2,1,Head,-2.400000,0.275000,-3.820000
0.995833,Backstepping,2,1,Pelvis,-2.390584,0.767741,-3.820000
0.995833,Backstepping,2,1,Spine,-2.390671,0.927741,-3.820000
0.995833,Backstepping,2,1,Head,-2.390358,1.397740,-3.819255
0.995833,Backstepping,2,1,Shin_L,-2.260630,0.631189,-3.968588
0.995833,Backstepping,2,1,Foot_L,-2.266456,0.426434,-3.917930
0.995833,Backstepping,2,1,Shin_R,-2.554797,0.600223,-3.917029
0.995833,Backstepping,2,1,Foot_R,-2.582345,0.404457,-3.840000
0.995833,Backstepping,2,1,Head,-2.400000,0.275000,-3.820000
0.999999,Backstepping,2,1,Pelvis,-2.390000,0.767189,-3.820000
0.999999,Backstepping,2,1,Spine,-2.390000,0.927189,-3.820000
0.999999,Backstepping,2,1,Head,-2.390000,1.397189,-3.820000
0.999999,Backstepping,2,1,Shin_L,-2.260247,0.630485,-3.968487
0.999999,Backstepping,2,1,Foot_L,-2.266305,0.426457,-3.915001
0.999999,Backstepping,2,1,Shin_R,-2.554588,0.599396,-3.916159
0.999999,Backstepping,2,1,Foot_R,-2.582345,0.404457,-3.840000
0.999999,Backstepping,2,1,Head,-2.400000,0.275000,-3.820000
1.004166,Backstepping,2,1,Pelvis,-2.389676,0.766693,-3.820000
1.004166,Backstepping,2,1,Spine,-2.389590,0.926693,-3.820000
1.004166,Backstepping,2,1,Head,-2.389899,1.396692,-3.820745
1.004166,Backstepping,2,1,Shin_L,-2.260005,0.629731,-3.968263
1.004166,Backstepping,2,1,Foot_L,-2.266155,0.426434,-3.912072
1.004166,Backstepping,2,1,Shin_R,-2.554421,0.599192,-3.916579
1.004166,Backstepping,2,1,Foot_R,-2.582345,0.404457,-3.840000
1.004166,Backstepping,2,1,Head,-2.400000,0.275000,-3.820000
1.008333,Backstepping,2,1,Pelvis,-2.389352,0.766253,-3.820000
1.008333,Backstepping,2,1,Spine,-2.389186,0.926253,-3.820000
1.008333,Backstepping,2,1,Head,-2.389781,1.396250,-3.821506
1.008333,Backstepping,2,1,Shin_L,-2.259767,0.628930,-3.967908
1.008333,Backstepping,2,1,Foot_L,-2.266005,0.426363,-3.909148
1.008333,Backstepping,2,1,Shin_R,-2.554254,0.599012,-3.916937
1.008333,Backstepping,2,1,Foot_R,-2.582345,0.404457,-3.840000
1.008333,Backstepping,2,1,Head,-2.400000,0.275000,-3.820000
1.012499,Backstepping,2,1,Pelvis,-2.389028,0.765868,-3.820000
1.012499,Backstepping,2,1,Spine,-2.388786,0.925868,-3.820000
1.012499,Backstepping,2,1,Head,-2.389655,1.395861,-3.822272
1.012499,Backstepping,2,1,Shin_L,-2.259531,0.628087,-3.967431
1.012499,Backstepping,2,1,Foot_L,-2.265855,0.426246,-3.906234
1.012499,Backstepping,2,1,Shin_R,-2.554088,0.598856,-3.917233
1.012499,Backstepping,2,1,Foot_R,-2.582345,0.404457,-3.840000
1.012499,Backstepping,2,1,Head,-2.400000,0.275000,-3.820000
1.016666,Backstepping,2,1,Pelvis,-2.388704,0.765538,-3.820000
1.016666,Backstepping,2,1,Spine,-2.388385,0.925538,-3.820000
1.016666,Backstepping,2,1,Head,-2.389530,1.395526,-3.823036
1.016666,Backstepping,2,1,Shin_L,-2.259298,0.627207,-3.966840
1.016666,Backstepping,2,1,Foot_L,-2.265707,0.426082,-3.903336
1.016666,Backstepping,2,1,Shin_R,-2.553922,0.598725,-3.917463
1.016666,Backstepping,2,1,Foot_R,-2.582345,0.404457,-3.840000
1.016666,Backstepping,2,1,Head,-2.400000,0.275000,-3.820000
1.020833,Backstepping,2,1,Pelvis,-2.388380,0.765261,-3.820000
1.020833,Backstepping,2,1,Spine,-2.387979,0.925261,-3.820000
1.020833,Backstepping,2,1,Head,-2.389417,1.395243,-3.823787
1.020833,Backstepping,2,1,Shin_L,-2.259066,0.626293,-3.966143
1.020833,Backstepping,2,1,Foot_L,-2.265559,0.425873,-3.900458
1.020833,Backstepping,2,1,Shin_R,-2.553756,0.598620,-3.917626
1.020833,Backstepping,2,1,Foot_R,-2.582345,0.404457,-3.840000
1.020833,Backstepping,2,1,Head,-2.400000,0.275000,-3.820000
1.024999,Backstepping,2,1,Pelvis,-2.388056,0.765036,-3.820000
1.024999,Backstepping,2,1,Spine,-2.387566,0.925035,-3.820000
1.024999,Backstepping,2,1,Head,-2.389325,1.395010,-3.824517
1.024999,Backstepping,2,1,Shin_L,-2.258836,0.625350,-3.965351
1.024999,Backstepping,2,1,Foot_L,-2.265412,0.425620,-3.897605
1.024999,Backstepping,2,1,Shin_R,-2.553589,0.598542,-3.917722
1.024999,Backstepping,2,1,Foot_R,-2.582345,0.404457,-3.840000
1.024999,Backstepping,2,1,Head,-2.400000,0.275000,-3.820000
1.029166,Backstepping,2,1,Pelvis,-2.387732,0.764859,-3.820000
1.029166,Backstepping,2,1,Spine,-2.387140,0.924858,-3.820000
1.029166,Backstepping,2,1,Head,-2.389264,1.394825,-3.825216
1.029166,Backstepping,2,1,Shin_L,-2.258606,0.624381,-3.964469
1.029166,Backstepping,2,1,Foot_L,-2.265267,0.425323,-3.894782
1.029166,Backstepping,2,1,Shin_R,-2.553421,0.598491,-3.917749
1.029166,Backstepping,2,1,Foot_R,-2.582345,0.404457,-3.840000
1.029166,Backstepping,2,1,Head,-2.400000,0.275000,-3.820000
1.033333,Backstepping,2,1,Pelvis,-2.387408,0.764730,-3.820000
1.033333,Backstepping,2,1,Spine,-2.386698,0.924728,-3.820000
1.033333,Backstepping,2,1,Head,-2.389245,1.394684,-3.825875
1.033333,Backstepping,2,1,Shin_L,-2.258377,0.623390,-3.963509
1.033333,Backstepping,2,1,Foot_L,-2.265124,0.424983,-3.891993
1.033333,Backstepping,2,1,Shin_R,-2.553251,0.598468,-3.917707
1.033333,Backstepping,2,1,Foot_R,-2.582345,0.404457,-3.840000
1.033333,Backstepping,2,1,Head,-2.400000,0.275000,-3.820000
1.037500,Backstepping,2,1,Pelvis,-2.386806,0.763809,-3.820000
1.037500,Backstepping,2,1,Spine,-2.385957,0.923807,-3.820000
1.037500,Backstepping,2,1,Head,-2.389005,1.393752,-3.826507
1.037500,Backstepping,2,1,Shin_L,-2.257997,0.622108,-3.963191
1.037500,Backstepping,2,1,Foot_L,-2.264982,0.424603,-3.889245
1.037500,Backstepping,2,1,Shin_R,-2.552940,0.598097,-3.918512
1.037500,Backstepping,2,1,Foot_R,-2.582345,0.404457,-3.840000
1.037500,Backstepping,2,1,Head,-2.400000,0.275000,-3.820000
1.041666,Backstepping,2,1,Pelvis,-2.386204,0.762929,-3.820000
1.041666,Backstepping,2,1,Spine,-2.385194,0.922926,-3.820000
1.041666,Backstepping,2,1,Head,-2.388820,1.392857,-3.827125
1.041666,Backstepping,2,1,Shin_L,-2.257617,0.620796,-3.962806
1.041666,Backstepping,2,1,Foot_L,-2.264843,0.424184,-3.886540
1.041666,Backstepping,2,1,Shin_R,-2.552626,0.597752,-3.919241
1.041666,Backstepping,2,1,Foot_R,-2.582345,0.404457,-3.840000
1.041666,Backstepping,2,1,Head,-2.400000,0.275000,-3.820000
1.045833,Backstepping,2,1,Pelvis,-2.385602,0.762084,-3.820000
1.045833,Backstepping,2,1,Spine,-2.384417,0.922080,-3.820000
1.045833,Backstepping,2,1,Head,-2.388672,1.391997,-3.827723
1.045833,Backstepping,2,1,Shin_L,-2.257239,0.619460,-3.962356
1.045833,Backstepping,2,1,Foot_L,-2.264707,0.423727,-3.883884
1.045833,Backstepping,2,1,Shin_R,-2.552311,0.597428,-3.919907
1.045833,Backstepping,2,1,Foot_R,-2.582345,0.404457,-3.840000
1.045833,Backstepping,2,1,Head,-2.400000,0.275000,-3.820000
1.050000,Backstepping,2,1,Pelvis,-2.385000,0.761272,-3.820000
1.050000,Backstepping,2,1,Spine,-2.383632,0.921266,-3.820000
1.050000,Backstepping,2,1,Head,-2.388543,1.391167,-3.828294
1.050000,Backstepping,2,1,Shin_L,-2.256864,0.618106,-3.961847
1.050000,Backstepping,2,1,Foot_L,-2.264573,0.423235,-3.881281
1.050000,Backstepping,2,1,Shin_R,-2.551995,0.597122,-3.920523
1.050000,Backstepping,2,1,Foot_R,-2.582345,0.404457,-3.840000
1.050000,Backstepping,2,1,Head,-2.400000,0.275000,-3.820000
1.054167,Backstepping,2,1,Pelvis,-2.384398,0.760488,-3.820000
1.054167,Backstepping,2,1,Spine,-2.382848,0.920480,-3.820000
1.054167,Backstepping,2,1,Head,-2.388413,1.390364,-3.828832
1.054167,Backstepping,2,1,Shin_L,-2.256492,0.616740,-3.961283
1.054167,Backstepping,2,1,Foot_L,-2.264442,0.422710,-3.878736
1.054167,Backstepping,2,1,Shin_R,-2.551679,0.596829,-3.921103
1.054167,Backstepping,2,1,Foot_R,-2.582345,0.404457,-3.840000
1.054167,Backstepping,2,1,Head,-2.400000,0.275000,-3.820000
1.058333,Backstepping,2,1,Pelvis,-2.383796,0.759727,-3.820000
1.058333,Backstepping,2,1,Spine,-2.382071,0.919718,-3.820000
1.058333,Backstepping,2,1,Head,-2.388265,1.389584,-3.829329
1.058333,Backstepping,2,1,Shin_L,-2.256125,0.615368,-3.960667
1.058333,Backstepping,2,1,Foot_L,-2.264315,0.422153,-3.876251
1.058333,Backstepping,2,1,Shin_R,-2.551363,0.596544,-3.921657
1.058333,Backstepping,2,1,Foot_R,-2.582345,0.404457,-3.840000
1.058333,Backstepping,2,1,Head,-2.400000,0.275000,-3.820000
1.062500,Backstepping,2,1,Pelvis,-2.383194,0.758985,-3.820000
1.062500,Backstepping,2,1,Spine,-2.381308,0.918974,-3.820000
1.062500,Backstepping,2,1,Head,-2.388080,1.388824,-3.829779
1.062500,Backstepping,2,1,Shin_L,-2.255764,0.613995,-3.960006
1.062500,Backstepping,2,1,Foot_L,-2.264191,0.421568,-3.873832
1.062500,Backstepping,2,1,Shin_R,-2.551050,0.596261,-3.922199
1.062500,Backstepping,2,1,Foot_R,-2.582345,0.404457,-3.840000
1.062500,Backstepping,2,1,Head,-2.400000,0.275000,-3.820000
1.066667,Backstepping,2,1,Pelvis,-2.382593,0.758258,-3.820000
1.066667,Backstepping,2,1,Spine,-2.380566,0.918245,-3.820000
1.066667,Backstepping,2,1,Head,-2.387840,1.388079,-3.830175
1.066667,Backstepping,2,1,Shin_L,-2.255408,0.612627,-3.959302
1.066667,Backstepping,2,1,Foot_L,-2.264070,0.420957,-3.871482
1.066667,Backstepping,2,1,Shin_R,-2.550739,0.595977,-3.922741
1.066667,Backstepping,2,1,Foot_R,-2.582345,0.404457,-3.840000
1.066667,Backstepping,2,1,Head,-2.400000,0.275000,-3.820000
1.070833,Backstepping,2,1,Pelvis,-2.382269,0.758374,-3.820000
1.070833,Backstepping,2,1,Spine,-2.380122,0.918360,-3.820000
1.070833,Backstepping,2,1,Head,-2.387828,1.388178,-3.830524
1.070833,Backstepping,2,1,Shin_L,-2.255204,0.611589,-3.957893
1.070833,Backstepping,2,1,Foot_L,-2.263953,0.420323,-3.869204
1.070833,Backstepping,2,1,Shin_R,-2.550568,0.596076,-3.922446
1.070833,Backstepping,2,1,Foot_R,-2.582345,0.404457,-3.840000
1.070833,Backstepping,2,1,Head,-2.400000,0.275000,-3.820000
1.075000,Backstepping,2,1,Pelvis,-2.381944,0.758495,-3.820000
1.075000,Backstepping,2,1,Spine,-2.379689,0.918479,-3.820000
1.075000,Backstepping,2,1,Head,-2.387785,1.388284,-3.830834
1.075000,Backstepping,2,1,Shin_L,-2.255004,0.610568,-3.956464
1.075000,Backstepping,2,1,Foot_L,-2.263840,0.419666,-3.867001
1.075000,Backstepping,2,1,Shin_R,-2.550398,0.596173,-3.922155
1.075000,Backstepping,2,1,Foot_R,-2.582345,0.404457,-3.840000
1.075000,Backstepping,2,1,Head,-2.400000,0.275000,-3.820000
1.079167,Backstepping,2,1,Pelvis,-2.381620,0.758615,-3.820000
1.079167,Backstepping,2,1,Spine,-2.379266,0.918598,-3.820000
1.079167,Backstepping,2,1,Head,-2.387716,1.388391,-3.831103
1.079167,Backstepping,2,1,Shin_L,-2.254806,0.609566,-3.955028
1.079167,Backstepping,2,1,Foot_L,-2.263731,0.418993,-3.864877
1.079167,Backstepping,2,1,Shin_R,-2.550230,0.596266,-3.921872
1.079167,Backstepping,2,1,Foot_R,-2.582345,0.404457,-3.840000
1.079167,Backstepping,2,1,Head,-2.400000,0.275000,-3.820000
1.083334,Backstepping,2,1,Pelvis,-2.381296,0.758731,-3.820000
1.083334,Backstepping,2,1,Spine,-2.378853,0.918713,-3.820000
1.083334,Backstepping,2,1,Head,-2.387624,1.388494,-3.831329
1.083334,Backstepping,2,1,Shin_L,-2.254611,0.608585,-3.953592
1.083334,Backstepping,2,1,Foot_L,-2.263626,0.418304,-3.862835
1.083334,Backstepping,2,1,Shin_R,-2.550063,0.596353,-3.921602
1.083334,Backstepping,2,1,Foot_R,-2.582345,0.404457,-3.840000
1.083334,Backstepping,2,1,Head,-2.400000,0.275000,-3.820000
1.087500,Backstepping,2,1,Pelvis,-2.380972,0.758838,-3.820000
1.087500,Backstepping,2,1,Spine,-2.378447,0.918818,-3.820000
1.087500,Backstepping,2,1,Head,-2.387511,1.388589,-3.831509
1.087500,Backstepping,2,1,Shin_L,-2.254419,0.607625,-3.952166
1.087500,Backstepping,2,1,Foot_L,-2.263525,0.417603,-3.860876
1.087500,Backstepping,2,1,Shin_R,-2.549896,0.596432,-3.921349
1.087500,Backstepping,2,1,Foot_R,-2.582345,0.404457,-3.840000
1.087500,Backstepping,2,1,Head,-2.400000,0.275000,-3.820000
1.091667,Backstepping,2,1,Pelvis,-2.380648,0.758929,-3.820000
1.091667,Backstepping,2,1,Spine,-2.378048,0.918908,-3.820000
1.091667,Backstepping,2,1,Head,-2.387381,1.388671,-3.831641
1.091667,Backstepping,2,1,Shin_L,-2.254229,0.606686,-3.950760
1.091667,Backstepping,2,1,Foot_L,-2.263429,0.416893,-3.859005
1.091667,Backstepping,2,1,Shin_R,-2.549730,0.596502,-3.921118
1.091667,Backstepping,2,1,Foot_R,-2.582345,0.404457,-3.840000
1.091667,Backstepping,2,1,Head,-2.400000,0.275000,-3.820000
1.095834,Backstepping,2,1,Pelvis,-2.380324,0.759002,-3.820000
1.095834,Backstepping,2,1,Spine,-2.377654,0.918980,-3.820000
1.095834,Backstepping,2,1,Head,-2.387237,1.388736,-3.831722
1.095834,Backstepping,2,1,Shin_L,-2.254040,0.605767,-3.949384
1.095834,Backstepping,2,1,Foot_L,-2.263337,0.416176,-3.857221
1.095834,Backstepping,2,1,Shin_R,-2.549565,0.596561,-3.920910
1.095834,Backstepping,2,1,Foot_R,-2.582345,0.404457,-3.840000
1.095834,Backstepping,2,1,Head,-2.400000,0.275000,-3.820000
1.100001,Backstepping,2,1,Pelvis,-2.380000,0.759051,-3.820000
1.100001,Backstepping,2,1,Spine,-2.377264,0.919028,-3.820000
1.100001,Backstepping,2,1,Head,-2.387084,1.388778,-3.831749
1.100001,Backstepping,2,1,Shin_L,-2.253854,0.604869,-3.948047
1.100001,Backstepping,2,1,Foot_L,-2.263250,0.415457,-3.855527
1.100001,Backstepping,2,1,Shin_R,-2.549401,0.596609,-3.920732
1.100001,Backstepping,2,1,Foot_R,-2.582345,0.404457,-3.840000
1.100001,Backstepping,2,1,Head,-2.400000,0.275000,-3.820000
1.104167,Backstepping,2,1,Pelvis,-2.380195,0.761017,-3.820000
1.104167,Backstepping,2,1,Spine,-2.377402,0.920992,-3.820000
1.104167,Backstepping,2,1,Head,-2.387424,1.390739,-3.831722
1.104167,Backstepping,2,1,Shin_L,-2.253876,0.606015,-3.946895
1.104167,Backstepping,2,1,Foot_L,-2.263168,0.414738,-3.853925
1.104167,Backstepping,2,1,Shin_R,-2.549394,0.598134,-3.919800
1.104167,Backstepping,2,1,Foot_R,-2.582345,0.404457,-3.840000
1.104167,Backstepping,2,1,Head,-2.400000,0.275000,-3.820000
1.108334,Backstepping,2,1,Pelvis,-2.380389,0.762950,-3.820000
1.108334,Backstepping,2,1,Spine,-2.377553,0.922925,-3.820000
1.108334,Backstepping,2,1,Head,-2.387733,1.392670,-3.831641
1.108334,Backstepping,2,1,Shin_L,-2.253901,0.607182,-3.945794
1.108334,Backstepping,2,1,Foot_L,-2.263090,0.414021,-3.852416
1.108334,Backstepping,2,1,Shin_R,-2.549390,0.599637,-3.918899
1.108334,Backstepping,2,1,Foot_R,-2.582345,0.404457,-3.840000
1.108334,Backstepping,2,1,Head,-2.400000,0.275000,-3.820000
1.112501,Backstepping,2,1,Pelvis,-2.380584,0.764848,-3.820000
1.112501,Backstepping,2,1,Spine,-2.377712,0.924822,-3.820000
1.112501,Backstepping,2,1,Head,-2.388018,1.394568,-3.831509
1.112501,Backstepping,2,1,Shin_L,-2.253929,0.608370,-3.944754
1.112501,Backstepping,2,1,Foot_L,-2.263018,0.413311,-3.851000
1.112501,Backstepping,2,1,Shin_R,-2.549390,0.601117,-3.918030
1.112501,Backstepping,2,1,Foot_R,-2.582345,0.404457,-3.840000
1.112501,Backstepping,2,1,Head,-2.400000,0.275000,-3.820000
1.116667,Backstepping,2,1,Pelvis,-2.380778,0.766705,-3.820000
1.116667,Backstepping,2,1,Spine,-2.377876,0.926679,-3.820000
1.116667,Backstepping,2,1,Head,-2.388292,1.396426,-3.831329
1.116667,Backstepping,2,1,Shin_L,-2.253960,0.609576,-3.943787
1.116667,Backstepping,2,1,Foot_L,-2.262950,0.412610,-3.849678
1.116667,Backstepping,2,1,Shin_R,-2.549391,0.602574,-3.917196
1.116667,Backstepping,2,1,Foot_R,-2.582345,0.404457,-3.840000
1.116667,Backstepping,2,1,Head,-2.400000,0.275000,-3.820000
1.120834,Backstepping,2,1,Pelvis,-2.380972,0.768519,-3.820000
1.120834,Backstepping,2,1,Spine,-2.378041,0.928492,-3.820000
1.120834,Backstepping,2,1,Head,-2.388562,1.398243,-3.831103
1.120834,Backstepping,2,1,Shin_L,-2.253993,0.610798,-3.942902
1.120834,Backstepping,2,1,Foot_L,-2.262887,0.411921,-3.848450
1.120834,Backstepping,2,1,Shin_R,-2.549394,0.604010,-3.916398
1.120834,Backstepping,2,1,Foot_R,-2.582345,0.404457,-3.840000
1.120834,Backstepping,2,1,Head,-2.400000,0.275000,-3.820000
1.125001,Backstepping,2,1,Pelvis,-2.381167,0.770287,-3.820000
1.125001,Backstepping,2,1,Spine,-2.378203,0.930260,-3.820000
1.125001,Backstepping,2,1,Head,-2.388841,1.400014,-3.830834
1.125001,Backstepping,2,1,Shin_L,-2.254028,0.612035,-3.942108
1.125001,Backstepping,2,1,Foot_L,-2.262828,0.411248,-3.847315
1.125001,Backstepping,2,1,Shin_R,-2.549398,0.605422,-3.915638
1.125001,Backstepping,2,1,Foot_R,-2.582345,0.404457,-3.840000
1.125001,Backstepping,2,1,Head,-2.400000,0.275000,-3.820000
1.129168,Backstepping,2,1,Pelvis,-2.381361,0.772006,-3.820000
1.129168,Backstepping,2,1,Spine,-2.378358,0.931978,-3.820000
1.129168,Backstepping,2,1,Head,-2.389137,1.401736,-3.830524
1.129168,Backstepping,2,1,Shin_L,-2.254065,0.613284,-3.941416
1.129168,Backstepping,2,1,Foot_L,-2.262775,0.410592,-3.846274
1.129168,Backstepping,2,1,Shin_R,-2.549402,0.606814,-3.914917
1.129168,Backstepping,2,1,Foot_R,-2.582345,0.404457,-3.840000
1.129168,Backstepping,2,1,Head,-2.400000,0.275000,-3.820000
1.133334,Backstepping,2,1,Pelvis,-2.381556,0.773674,-3.820000
1.133334,Backstepping,2,1,Spine,-2.378503,0.933645,-3.820000
1.133334,Backstepping,2,1,Head,-2.389462,1.403407,-3.830175
1.133334,Backstepping,2,1,Shin_L,-2.254102,0.614544,-3.940834
1.133334,Backstepping,2,1,Foot_L,-2.262726,0.409957,-3.845324
1.133334,Backstepping,2,1,Shin_R,-2.549407,0.608185,-3.914235
1.133334,Backstepping,2,1,Foot_R,-2.582345,0.404457,-3.840000
1.133334,Backstepping,2,1,Head,-2.400000,0.275000,-3.820000
1.137501,Backstepping,2,1,Pelvis,-2.381917,0.776122,-3.820000
1.137501,Backstepping,2,1,Spine,-2.378801,0.936092,-3.820000
1.137501,Backstepping,2,1,Head,-2.389984,1.405857,-3.829779
1.137501,Backstepping,2,1,Shin_L,-2.254165,0.617708,-3.942095
1.137501,Backstepping,2,1,Foot_L,-2.262682,0.409346,-3.844465
1.137501,Backstepping,2,1,Shin_R,-2.549272,0.611328,-3.915809
1.137501,Backstepping,2,1,Foot_R,-2.582345,0.404457,-3.840000
1.137501,Backstepping,2,1,Head,-2.400000,0.275000,-3.820000
1.141668,Backstepping,2,1,Pelvis,-2.382278,0.778516,-3.820000
1.141668,Backstepping,2,1,Spine,-2.379090,0.938484,-3.820000
1.141668,Backstepping,2,1,Head,-2.390532,1.408252,-3.829329
1.141668,Backstepping,2,1,Shin_L,-2.254234,0.620888,-3.943462
1.141668,Backstepping,2,1,Foot_L,-2.262643,0.408761,-3.843694
1.141668,Backstepping,2,1,Shin_R,-2.549142,0.614457,-3.917417
1.141668,Backstepping,2,1,Foot_R,-2.582345,0.404457,-3.840000
1.141668,Backstepping,2,1,Head,-2.400000,0.275000,-3.820000
1.145834,Backstepping,2,1,Pelvis,-2.382639,0.780853,-3.820000
1.145834,Backstepping,2,1,Spine,-2.379373,0.940820,-3.820000
1.145834,Backstepping,2,1,Head,-2.391097,1.410590,-3.828831
1.145834,Backstepping,2,1,Shin_L,-2.254308,0.624088,-3.944933
1.145834,Backstepping,2,1,Foot_L,-2.262607,0.408204,-3.843009
1.145834,Backstepping,2,1,Shin_R,-2.549016,0.617571,-3.919064
1.145834,Backstepping,2,1,Foot_R,-2.582345,0.404457,-3.840000
1.145834,Backstepping,2,1,Head,-2.400000,0.275000,-3.820000
1.150001,Backstepping,2,1,Pelvis,-2.383000,0.783135,-3.820000
1.150001,Backstepping,2,1,Spine,-2.379652,0.943100,-3.820000
1.150001,Backstepping,2,1,Head,-2.391670,1.412873,-3.828294
1.150001,Backstepping,2,1,Shin_L,-2.254388,0.627311,-3.946503
1.150001,Backstepping,2,1,Foot_L,-2.262577,0.407679,-3.842408
1.150001,Backstepping,2,1,Shin_R,-2.548894,0.620669,-3.920752
1.150001,Backstepping,2,1,Foot_R,-2.582345,0.404457,-3.840000
1.150001,Backstepping,2,1,Head,-2.400000,0.275000,-3.820000
1.154168,Backstepping,2,1,Pelvis,-2.383361,0.785360,-3.820000
1.154168,Backstepping,2,1,Spine,-2.379932,0.945324,-3.820000
1.154168,Backstepping,2,1,Head,-2.392242,1.415099,-3.827723
1.154168,Backstepping,2,1,Shin_L,-2.254473,0.630559,-3.948167
1.154168,Backstepping,2,1,Foot_L,-2.262549,0.407187,-3.841887
1.154168,Backstepping,2,1,Shin_R,-2.548776,0.623751,-3.922480
1.154168,Backstepping,2,1,Foot_R,-2.582345,0.404457,-3.840000
1.154168,Backstepping,2,1,Head,-2.400000,0.275000,-3.820000
1.158335,Backstepping,2,1,Pelvis,-2.383723,0.787531,-3.820000
1.158335,Backstepping,2,1,Spine,-2.380215,0.947492,-3.820000
1.158335,Backstepping,2,1,Head,-2.392807,1.417269,-3.827125
1.158335,Backstepping,2,1,Shin_L,-2.254565,0.633836,-3.949920
1.158335,Backstepping,2,1,Foot_L,-2.262527,0.406730,-3.841442
1.158335,Backstepping,2,1,Shin_R,-2.548664,0.626815,-3.924251
1.158335,Backstepping,2,1,Foot_R,-2.582345,0.404457,-3.840000
1.158335,Backstepping,2,1,Head,-2.400000,0.275000,-3.820000
1.162501,Backstepping,2,1,Pelvis,-2.384084,0.789647,-3.820000
1.162501,Backstepping,2,1,Spine,-2.380504,0.949607,-3.820000
1.162501,Backstepping,2,1,Head,-2.393355,1.419386,-3.826506
1.162501,Backstepping,2,1,Shin_L,-2.254662,0.637146,-3.951754
1.162501,Backstepping,2,1,Foot_L,-2.262508,0.406311,-3.841069
1.162501,Backstepping,2,1,Shin_R,-2.548556,0.629862,-3.926063
1.162501,Backstepping,2,1,Foot_R,-2.582345,0.404457,-3.840000
1.162501,Backstepping,2,1,Head,-2.400000,0.275000,-3.820000
1.166668,Backstepping,2,1,Pelvis,-2.384445,0.791711,-3.820000
1.166668,Backstepping,2,1,Spine,-2.380802,0.951670,-3.820000
1.166668,Backstepping,2,1,Head,-2.393878,1.421451,-3.825875
1.166668,Backstepping,2,1,Shin_L,-2.254766,0.640489,-3.953661
1.166668,Backstepping,2,1,Foot_L,-2.262492,0.405931,-3.840763
1.166668,Backstepping,2,1,Shin_R,-2.548452,0.632891,-3.927916
1.166668,Backstepping,2,1,Foot_R,-2.582345,0.404457,-3.840000
1.166668,Backstepping,2,1,Head,-2.400000,0.275000,-3.820000
1.170835,Backstepping,2,1,Pelvis,-2.384639,0.792893,-3.820000
1.170835,Backstepping,2,1,Spine,-2.380940,0.952850,-3.820000
1.170835,Backstepping,2,1,Head,-2.394219,1.422633,-3.825216
1.170835,Backstepping,2,1,Shin_L,-2.254863,0.640913,-3.952661
1.170835,Backstepping,2,1,Foot_L,-2.262480,0.405592,-3.840520
1.170835,Backstepping,2,1,Shin_R,-2.548299,0.635232,-3.930060
1.170835,Backstepping,2,1,Foot_R,-2.582345,0.404457,-3.840000
1.170835,Backstepping,2,1,Head,-2.400000,0.275000,-3.820000
1.175002,Backstepping,2,1,Pelvis,-2.384834,0.794029,-3.820000
1.175002,Backstepping,2,1,Spine,-2.381079,0.953985,-3.820000
1.175002,Backstepping,2,1,Head,-2.394558,1.423769,-3.824517
1.175002,Backstepping,2,1,Shin_L,-2.254960,0.641359,-3.951746
1.175002,Backstepping,2,1,Foot_L,-2.262470,0.405295,-3.840333
1.175002,Backstepping,2,1,Shin_R,-2.548146,0.637562,-3.932215
1.175002,Backstepping,2,1,Foot_R,-2.582345,0.404457,-3.840000
1.175002,Backstepping,2,1,Head,-2.400000,0.275000,-3.820000
1.179168,Backstepping,2,1,Pelvis,-2.385028,0.795122,-3.820000
1.179168,Backstepping,2,1,Spine,-2.381220,0.955077,-3.820000
1.179168,Backstepping,2,1,Head,-2.394889,1.424863,-3.823787
1.179168,Backstepping,2,1,Shin_L,-2.255058,0.641830,-3.950914
1.179168,Backstepping,2,1,Foot_L,-2.262463,0.405041,-3.840196
1.179168,Backstepping,2,1,Shin_R,-2.547993,0.639882,-3.934379
1.179168,Backstepping,2,1,Foot_R,-2.582345,0.404457,-3.840000
1.179168,Backstepping,2,1,Head,-2.400000,0.275000,-3.820000
1.183335,Backstepping,2,1,Pelvis,-2.385222,0.796179,-3.820000
1.183335,Backstepping,2,1,Spine,-2.381367,0.956133,-3.820000
1.183335,Backstepping,2,1,Head,-2.395208,1.425919,-3.823036
1.183335,Backstepping,2,1,Shin_L,-2.255157,0.642325,-3.950159
1.183335,Backstepping,2,1,Foot_L,-2.262458,0.404832,-3.840102
1.183335,Backstepping,2,1,Shin_R,-2.547843,0.642196,-3.936547
1.183335,Backstepping,2,1,Foot_R,-2.582345,0.404457,-3.840000
1.183335,Backstepping,2,1,Head,-2.400000,0.275000,-3.820000
1.187502,Backstepping,2,1,Pelvis,-2.385417,0.797205,-3.820000
1.187502,Backstepping,2,1,Spine,-2.381521,0.957157,-3.820000
1.187502,Backstepping,2,1,Head,-2.395509,1.426943,-3.822272
1.187502,Backstepping,2,1,Shin_L,-2.255257,0.642847,-3.949475
1.187502,Backstepping,2,1,Foot_L,-2.262455,0.404668,-3.840044
1.187502,Backstepping,2,1,Shin_R,-2.547693,0.644505,-3.938715
1.187502,Backstepping,2,1,Foot_R,-2.582345,0.404457,-3.840000
1.187502,Backstepping,2,1,Head,-2.400000,0.275000,-3.820000
1.191668,Backstepping,2,1,Pelvis,-2.385611,0.798205,-3.820000
1.191668,Backstepping,2,1,Spine,-2.381683,0.958157,-3.820000
1.191668,Backstepping,2,1,Head,-2.395787,1.427942,-3.821506
1.191668,Backstepping,2,1,Shin_L,-2.255358,0.643397,-3.948852
1.191668,Backstepping,2,1,Foot_L,-2.262454,0.404551,-3.840013
1.191668,Backstepping,2,1,Shin_R,-2.547545,0.646810,-3.940876
1.191668,Backstepping,2,1,Foot_R,-2.582345,0.404457,-3.840000
1.191668,Backstepping,2,1,Head,-2.400000,0.275000,-3.820000
1.195835,Backstepping,2,1,Pelvis,-2.385806,0.799188,-3.820000
1.195835,Backstepping,2,1,Spine,-2.381855,0.959139,-3.820000
1.195835,Backstepping,2,1,Head,-2.396038,1.428924,-3.820745
1.195835,Backstepping,2,1,Shin_L,-2.255461,0.643976,-3.948280
1.195835,Backstepping,2,1,Foot_L,-2.262453,0.404481,-3.840002
1.195835,Backstepping,2,1,Shin_R,-2.547400,0.649115,-3.943027
1.195835,Backstepping,2,1,Foot_R,-2.582345,0.404457,-3.840000
1.195835,Backstepping,2,1,Head,-2.400000,0.275000,-3.820000
