time,stage,pelvisY,headY,leftHandSpeed,rightHandSpeed,leftFootSpeed,rightFootSpeed,pelvisVerticalSpeed,headVerticalSpeed
0.004167,OpenInside,0.800162,1.430089,0.000000,0.000000,0.000000,0.000000,0.000000,0.000000
0.008333,OpenInside,0.800162,1.430090,0.008121,0.008317,0.000025,0.000044,0.000000,0.000257
0.012500,OpenInside,0.800162,1.430090,0.011933,0.011873,0.000039,0.000020,0.000000,0.000086
0.016667,OpenInside,0.800162,1.430090,0.015860,0.015811,0.000041,0.000040,0.000000,0.000114
0.020833,OpenInside,0.800162,1.430091,0.018573,0.018499,0.000033,0.000021,0.000000,0.000114
0.025000,OpenInside,0.800162,1.430091,0.020133,0.020068,0.000033,0.000020,0.000000,0.000114
0.029167,OpenInside,0.800162,1.430092,0.020504,0.020445,0.000026,0.000061,0.000000,0.000143
0.033333,OpenInside,0.800162,1.430092,0.019692,0.019596,0.000020,0.000072,0.000000,0.000086
0.037500,OpenInside,0.800162,1.430093,0.017912,0.017854,0.000016,0.000020,0.000000,0.000143
0.041667,OpenInside,0.800162,1.430093,0.016236,0.016143,0.000039,0.000040,0.000000,0.000086
0.045833,OpenInside,0.800162,1.430094,0.014877,0.014791,0.000046,0.000039,0.000000,0.000114
0.050000,OpenInside,0.800162,1.430094,0.013813,0.013740,0.000029,0.000021,0.000000,0.000114
0.054167,OpenInside,0.800162,1.430095,0.013086,0.013013,0.000026,0.000026,0.000000,0.000114
0.058333,OpenInside,0.800162,1.430095,0.012675,0.012582,0.000039,0.000016,0.000000,0.000086
0.062500,OpenInside,0.800162,1.430096,0.012568,0.012473,0.000058,0.000016,0.000000,0.000114
0.066667,OpenInside,0.800162,1.430096,0.012777,0.012697,0.000032,0.000026,0.000000,0.000114
0.070833,OpenInside,0.800162,1.430097,0.013249,0.013150,0.000016,0.000043,0.000000,0.000114
0.075000,OpenInside,0.800162,1.430097,0.013691,0.013576,0.000007,0.000036,0.000000,0.000114
0.079167,OpenInside,0.800162,1.430097,0.014052,0.013970,0.000020,0.000057,0.000000,0.000086
0.083333,OpenInside,0.800162,1.430098,0.014313,0.014201,0.000016,0.000021,0.000000,0.000086
0.087500,OpenInside,0.800162,1.430098,0.014507,0.014405,0.000039,0.000020,0.000000,0.000143
0.091667,OpenInside,0.800162,1.430099,0.014614,0.014495,0.000045,0.000014,0.000000,0.000114
0.095833,OpenInside,0.800162,1.430099,0.014630,0.014507,0.000029,0.000000,0.000000,0.000114
0.100000,OpenInside,0.800162,1.430100,0.014556,0.014447,0.000023,0.000029,0.000000,0.000086
0.104167,OpenInside,0.800162,1.430100,0.014441,0.014312,0.000027,0.000020,0.000000,0.000086
0.108333,OpenInside,0.800162,1.430101,0.014305,0.014165,0.000029,0.000014,0.000000,0.000143
0.112500,OpenInside,0.800162,1.430101,0.014196,0.014068,0.000014,0.000000,0.000000,0.000086
0.116667,OpenInside,0.800162,1.430101,0.014122,0.014003,0.000021,0.000014,0.000000,0.000086
0.120833,OpenInside,0.800162,1.430102,0.014057,0.013902,0.000021,0.000029,0.000000,0.000143
0.125000,OpenInside,0.800162,1.430102,0.014014,0.013877,0.000026,0.000000,0.000000,0.000086
0.129167,OpenInside,0.800162,1.430103,0.013997,0.013867,0.000023,0.000014,0.000000,0.000114
0.133333,OpenInside,0.800162,1.430103,0.014013,0.013859,0.000026,0.000029,0.000000,0.000086
0.137500,OpenInside,0.800162,1.430104,0.014020,0.013863,0.000053,0.000020,0.000000,0.000114
0.141667,OpenInside,0.800162,1.430104,0.014057,0.013907,0.000039,0.000025,0.000000,0.000086
0.145833,OpenInside,0.800162,1.430104,0.014048,0.013898,0.000026,0.000025,0.000000,0.000086
0.150000,OpenInside,0.800162,1.430105,0.014087,0.013910,0.000045,0.000020,0.000000,0.000114
0.154167,OpenInside,0.800162,1.430105,0.014054,0.013905,0.000014,0.000000,0.000000,0.000114
0.158333,OpenInside,0.800162,1.430106,0.014065,0.013898,0.000036,0.000059,0.000000,0.000086
0.162500,OpenInside,0.800162,1.430106,0.014067,0.013884,0.000026,0.000041,0.000000,0.000086
0.166667,OpenInside,0.800162,1.430106,0.014028,0.013865,0.000039,0.000016,0.000000,0.000114
0.170833,OpenInside,0.800162,1.430107,0.014014,0.013821,0.000007,0.000025,0.000000,0.000086
0.175000,OpenInside,0.800162,1.430107,0.013979,0.013810,0.000032,0.000021,0.000000,0.000086
0.179167,OpenInside,0.800162,1.430108,0.013980,0.013782,0.000014,0.000007,0.000000,0.000114
0.183333,OpenInside,0.800162,1.430108,0.013954,0.013763,0.000014,0.000014,0.000000,0.000086
0.187500,OpenInside,0.800162,1.430108,0.013921,0.013710,0.000032,0.000007,0.000000,0.000086
0.191667,OpenInside,0.800162,1.430109,0.013926,0.013732,0.000016,0.000007,0.000000,0.000086
0.195833,OpenInside,0.800162,1.430109,0.013897,0.013699,0.000021,0.000029,0.000000,0.000114
0.200000,OpenInside,0.800162,1.430110,0.013869,0.013681,0.000014,0.000043,0.000000,0.000086
0.204167,OpenInside,0.800162,1.430110,0.013880,0.013660,0.000014,0.000029,0.000000,0.000086
0.208333,OpenInside,0.800162,1.430110,0.013833,0.013638,0.000029,0.000014,0.000000,0.000086
0.212500,OpenInside,0.800162,1.430111,0.013846,0.013629,0.000059,0.000016,0.000000,0.000086
0.216667,OpenInside,0.800162,1.430111,0.013816,0.013588,0.000020,0.000007,0.000000,0.000114
0.220833,OpenInside,0.800162,1.430111,0.013811,0.013570,0.000021,0.000014,0.000000,0.000086
0.225000,OpenInside,0.800162,1.430112,0.013783,0.013562,0.000023,0.000020,0.000000,0.000057
0.229167,OpenInside,0.800162,1.430112,0.013759,0.013550,0.000029,0.000020,0.000000,0.000114
0.233333,OpenInside,0.800162,1.430112,0.013745,0.013507,0.000043,0.000020,0.000000,0.000086
0.237500,OpenInside,0.800162,1.430113,0.013715,0.013491,0.000043,0.000020,0.000000,0.000114
0.241667,OpenInside,0.800162,1.430113,0.013704,0.013471,0.000021,0.000016,0.000000,0.000057
0.245833,OpenInside,0.800162,1.430114,0.013678,0.013450,0.000026,0.000021,0.000000,0.000086
0.250000,OpenInside,0.800162,1.430114,0.013642,0.013418,0.000007,0.000000,0.000000,0.000086
0.254167,OpenInside,0.800162,1.430114,0.013639,0.013393,0.000039,0.000029,0.000000,0.000057
0.258333,OpenInside,0.800162,1.430115,0.013611,0.013371,0.000036,0.000043,0.000000,0.000114
0.262500,OpenInside,0.800162,1.430115,0.013596,0.013353,0.000016,0.000014,0.000000,0.000057
0.266667,OpenInside,0.800162,1.430115,0.013582,0.013335,0.000032,0.000059,0.000000,0.000086
0.270833,OpenInside,0.800162,1.430116,0.013547,0.013269,0.000014,0.000026,0.000000,0.000086
0.275000,OpenInside,0.800162,1.430116,0.013538,0.013301,0.000020,0.000016,0.000000,0.000086
0.279167,OpenInside,0.800162,1.430116,0.013500,0.013208,0.000043,0.000007,0.000000,0.000057
0.283333,OpenInside,0.800162,1.430117,0.013484,0.013214,0.000029,0.000021,0.000000,0.000086
0.287500,OpenInside,0.800162,1.430117,0.013471,0.013203,0.000036,0.000029,0.000000,0.000086
0.291667,OpenInside,0.800162,1.430117,0.013441,0.013156,0.000021,0.000021,0.000000,0.000086
0.295833,OpenInside,0.800162,1.430117,0.013397,0.013132,0.000036,0.000026,0.000000,0.000057
0.300000,OpenInside,0.800162,1.430118,0.013394,0.013109,0.000036,0.000046,0.000000,0.000086
0.304167,OpenInside,0.800162,1.430118,0.013368,0.013085,0.000029,0.000033,0.000000,0.000086
0.308333,OpenInside,0.800162,1.430119,0.013337,0.013059,0.000007,0.000016,0.000000,0.000086
0.312500,OpenInside,0.800162,1.430119,0.013324,0.013013,0.000026,0.000016,0.000000,0.000057
0.316667,OpenInside,0.800162,1.430119,0.013269,0.012992,0.000020,0.000000,0.000000,0.000057
0.320833,OpenInside,0.800162,1.430119,0.013257,0.012949,0.000007,0.000020,0.000000,0.000086
0.325000,OpenInside,0.800162,1.430120,0.013246,0.012945,0.000014,0.000020,0.000000,0.000086
0.329167,OpenInside,0.800162,1.430120,0.013199,0.012910,0.000032,0.000007,0.000000,0.000057
0.333333,OpenInside,0.800162,1.430120,0.013182,0.012879,0.000021,0.000036,0.000000,0.000057
0.337500,OpenInside,0.800162,1.430120,0.013160,0.012846,0.000007,0.000000,0.000000,0.000057
0.341667,OpenInside,0.800162,1.430121,0.013126,0.012822,0.000026,0.000016,0.000000,0.000086
0.345833,OpenInside,0.800162,1.430121,0.013086,0.012784,0.000021,0.000026,0.000000,0.000057
0.350000,OpenInside,0.800162,1.430121,0.013065,0.012759,0.000021,0.000014,0.000000,0.000086
0.354167,OpenInside,0.800162,1.430122,0.013038,0.012735,0.000000,0.000016,0.000000,0.000029
0.358333,OpenInside,0.800162,1.430122,0.013012,0.012708,0.000014,0.000033,0.000000,0.000086
0.362500,OpenInside,0.800162,1.430122,0.012986,0.012656,0.000014,0.000047,0.000000,0.000057
0.366667,OpenInside,0.800162,1.430122,0.012961,0.012646,0.000016,0.000045,0.000000,0.000057
0.370833,OpenInside,0.800162,1.430123,0.012924,0.012585,0.000029,0.000025,0.000000,0.000086
0.375000,OpenInside,0.800162,1.430123,0.012899,0.012576,0.000000,0.000021,0.000000,0.000029
0.379167,OpenInside,0.800162,1.430123,0.012888,0.012530,0.000021,0.000007,0.000000,0.000086
0.383333,OpenInside,0.800162,1.430123,0.012833,0.012512,0.000039,0.000000,0.000000,0.000057
0.387500,OpenInside,0.800162,1.430124,0.012810,0.012450,0.000020,0.000020,0.000000,0.000029
0.391667,OpenInside,0.800162,1.430124,0.012788,0.012449,0.000039,0.000020,0.000000,0.000114
0.395833,OpenInside,0.800162,1.430124,0.012753,0.012410,0.000026,0.000025,0.000000,0.000029
0.400000,OpenInside,0.800162,1.430125,0.012726,0.012382,0.000007,0.000035,0.000000,0.000086
0.404167,OpenInside,0.800162,1.430125,0.012679,0.012338,0.000007,0.000020,0.000000,0.000029
0.408333,OpenInside,0.800162,1.430125,0.012659,0.012306,0.000021,0.000029,0.000000,0.000057
0.412500,OpenInside,0.800162,1.430125,0.012634,0.012289,0.000027,0.000020,0.000000,0.000057
0.416666,OpenInside,0.800162,1.430125,0.012575,0.012235,0.000026,0.000020,0.000000,0.000057
0.420833,OpenInside,0.800162,1.430125,0.012570,0.012214,0.000032,0.000025,0.000000,0.000029
0.425000,OpenInside,0.800162,1.430126,0.012525,0.012177,0.000020,0.000026,0.000000,0.000057
0.429166,OpenInside,0.800162,1.430126,0.012501,0.012133,0.000039,0.000014,0.000000,0.000057
0.433333,OpenInside,0.800162,1.430126,0.012470,0.012113,0.000052,0.000029,0.000000,0.000057
0.437500,OpenInside,0.800162,1.430126,0.012438,0.012093,0.000014,0.000007,0.000000,0.000057
0.441666,OpenInside,0.800162,1.430127,0.012404,0.012034,0.000058,0.000032,0.000000,0.000029
0.445833,OpenInside,0.800162,1.430127,0.012373,0.012014,0.000029,0.000021,0.000000,0.000057
0.450000,OpenInside,0.800162,1.430127,0.012350,0.011981,0.000016,0.000016,0.000000,0.000057
0.454166,OpenInside,0.800162,1.430127,0.012322,0.011925,0.000021,0.000014,0.000000,0.000029
0.458333,OpenInside,0.800162,1.430127,0.012274,0.011919,0.000029,0.000014,0.000000,0.000057
0.462500,OpenInside,0.800162,1.430128,0.012221,0.011860,0.000014,0.000016,0.000000,0.000029
0.466666,OpenInside,0.800162,1.430128,0.012225,0.011856,0.000029,0.000007,0.000000,0.000057
0.470833,OpenInside,0.800162,1.430128,0.012180,0.011773,0.000040,0.000007,0.000000,0.000029
0.475000,OpenInside,0.800162,1.430128,0.012152,0.011779,0.000032,0.000016,0.000000,0.000057
0.479166,OpenInside,0.800162,1.430128,0.012107,0.011714,0.000045,0.000039,0.000000,0.000057
0.483333,OpenInside,0.800162,1.430128,0.012070,0.011688,0.000020,0.000036,0.000000,0.000000
0.487500,OpenInside,0.800162,1.430129,0.012050,0.011677,0.000014,0.000016,0.000000,0.000057
0.491666,OpenInside,0.800162,1.430129,0.012010,0.011626,0.000000,0.000014,0.000000,0.000029
0.495833,OpenInside,0.800162,1.430129,0.011985,0.011592,0.000016,0.000016,0.000000,0.000029
0.500000,OpenInside,0.800162,1.430129,0.011935,0.011540,0.000000,0.000020,0.000000,0.000057
0.504166,OpenInside,0.800162,1.430129,0.011928,0.011538,0.000039,0.000032,0.000000,0.000029
0.508333,OpenInside,0.800162,1.430129,0.011874,0.011489,0.000039,0.000021,0.000000,0.000029
0.512500,OpenInside,0.800162,1.430129,0.011854,0.011457,0.000000,0.000021,0.000000,0.000029
0.516666,OpenInside,0.800162,1.430130,0.011794,0.011412,0.000016,0.000000,0.000000,0.000029
0.520833,OpenInside,0.800162,1.430130,0.011782,0.011401,0.000007,0.000014,0.000000,0.000057
0.525000,OpenInside,0.800162,1.430130,0.011747,0.011344,0.000016,0.000020,0.000000,0.000057
0.529166,OpenInside,0.800162,1.430130,0.011684,0.011314,0.000000,0.000026,0.000000,0.000000
0.533333,OpenInside,0.800162,1.430130,0.011691,0.011293,0.000020,0.000029,0.000000,0.000029
0.537500,OpenInside,0.800162,1.430130,0.011647,0.011241,0.000021,0.000026,0.000000,0.000057
0.541666,OpenInside,0.800162,1.430130,0.011598,0.011209,0.000026,0.000007,0.000000,0.000000
0.545833,OpenInside,0.800162,1.430130,0.011594,0.011182,0.000032,0.000043,0.000000,0.000029
0.550000,OpenInside,0.800162,1.430131,0.011550,0.011160,0.000014,0.000043,0.000000,0.000029
0.554166,OpenInside,0.800162,1.430131,0.011503,0.011097,0.000014,0.000000,0.000000,0.000029
0.558333,OpenInside,0.800162,1.430131,0.011472,0.011073,0.000029,0.000016,0.000000,0.000000
0.562500,OpenInside,0.800162,1.430131,0.011450,0.011044,0.000043,0.000016,0.000000,0.000029
0.566666,OpenInside,0.800162,1.430131,0.011406,0.011021,0.000016,0.000000,0.000000,0.000000
0.570833,OpenInside,0.800162,1.430131,0.011383,0.010961,0.000016,0.000032,0.000000,0.000057
0.575000,OpenInside,0.800162,1.430131,0.011328,0.010941,0.000007,0.000032,0.000000,0.000000
0.579166,OpenInside,0.800162,1.430131,0.011318,0.010911,0.000016,0.000000,0.000000,0.000057
0.583333,OpenInside,0.800162,1.430131,0.011276,0.010884,0.000000,0.000000,0.000000,0.000000
0.587500,OpenInside,0.800162,1.430131,0.011239,0.010815,0.000014,0.000014,0.000000,0.000029
0.591666,OpenInside,0.800162,1.430131,0.011205,0.010809,0.000016,0.000014,0.000000,0.000000
0.595833,OpenInside,0.800162,1.430132,0.011195,0.010793,0.000016,0.000045,0.000000,0.000029
0.600000,OpenInside,0.800162,1.430132,0.011136,0.010738,0.000026,0.000032,0.000000,0.000029
0.604166,OpenInside,0.800162,1.430132,0.011112,0.010712,0.000016,0.000021,0.000000,0.000000
0.608333,OpenInside,0.800162,1.430132,0.011081,0.010668,0.000014,0.000045,0.000000,0.000029
0.612500,OpenInside,0.800162,1.430132,0.011053,0.010657,0.000043,0.000041,0.000000,0.000000
0.616666,OpenInside,0.800162,1.430132,0.011018,0.010602,0.000032,0.000021,0.000000,0.000000
0.620833,OpenInside,0.800162,1.430132,0.010965,0.010581,0.000016,0.000021,0.000000,0.000000
0.625000,OpenInside,0.800162,1.430132,0.010986,0.010564,0.000036,0.000029,0.000000,0.000029
0.629166,OpenInside,0.800162,1.430132,0.010907,0.010510,0.000020,0.000032,0.000000,0.000000
0.633333,OpenInside,0.800162,1.430132,0.010876,0.010480,0.000021,0.000021,0.000000,0.000029
0.637500,OpenInside,0.800162,1.430132,0.010891,0.010475,0.000016,0.000026,0.000000,0.000000
0.641666,OpenInside,0.800162,1.430132,0.010802,0.010435,0.000036,0.000020,0.000000,0.000000
0.645833,OpenInside,0.800162,1.430132,0.010815,0.010402,0.000080,0.000032,0.000000,0.000000
0.650000,OpenInside,0.800162,1.430132,0.010749,0.010364,0.000045,0.000036,0.000000,0.000000
0.654166,OpenInside,0.800162,1.430132,0.010735,0.010326,0.000016,0.000014,0.000000,0.000000
0.658333,OpenInside,0.800162,1.430132,0.010740,0.010348,0.000020,0.000014,0.000000,0.000000
0.662500,OpenInside,0.800162,1.430132,0.010654,0.010261,0.000046,0.000021,0.000000,0.000029
0.666666,OpenInside,0.800162,1.430132,0.010656,0.010269,0.000000,0.000007,0.000000,-0.000029
0.670833,OpenInside,0.800162,1.430132,0.010621,0.010227,0.000058,0.000021,0.000000,0.000029
0.675000,OpenInside,0.800162,1.430132,0.010587,0.010185,0.000000,0.000029,0.000000,0.000000
0.679166,OpenInside,0.800162,1.430132,0.010573,0.010184,0.000040,0.000020,0.000000,0.000000
0.683333,OpenInside,0.800162,1.430132,0.010508,0.010149,0.000007,0.000020,0.000000,-0.000029
0.687500,OpenInside,0.800162,1.430132,0.010520,0.010118,0.000036,0.000014,0.000000,0.000000
0.691666,OpenInside,0.800162,1.430132,0.010494,0.010100,0.000014,0.000025,0.000000,0.000000
0.695833,OpenInside,0.800162,1.430132,0.010431,0.010061,0.000014,0.000014,0.000000,0.000000
0.700000,OpenInside,0.800162,1.430132,0.010434,0.010046,0.000000,0.000014,0.000000,0.000000
0.704166,OpenInside,0.800162,1.430132,0.010390,0.010010,0.000045,0.000000,0.000000,0.000000
0.708333,OpenInside,0.800162,1.430132,0.010360,0.009982,0.000014,0.000032,0.000000,-0.000029
0.712500,OpenInside,0.800162,1.430132,0.010355,0.009968,0.000032,0.000057,0.000000,0.000000
0.716666,OpenInside,0.800162,1.430132,0.010302,0.009936,0.000057,0.000020,0.000000,0.000000
0.720833,OpenInside,0.800162,1.430132,0.010296,0.009930,0.000020,0.000026,0.000000,-0.000029
0.725000,OpenInside,0.800162,1.430132,0.010257,0.009901,0.000014,0.000026,0.000000,0.000000
0.729166,OpenInside,0.800162,1.430132,0.010263,0.009858,0.000021,0.000045,0.000000,0.000000
0.733333,OpenInside,0.800162,1.430132,0.010209,0.009862,0.000039,0.000032,0.000000,-0.000029
0.737500,OpenInside,0.800162,1.430132,0.010186,0.009834,0.000032,0.000029,0.000000,0.000000
0.741666,OpenInside,0.800162,1.430132,0.010185,0.009801,0.000007,0.000016,0.000000,0.000000
0.745833,OpenInside,0.800162,1.430131,0.010141,0.009809,0.000000,0.000029,0.000000,-0.000057
0.750000,OpenInside,0.800162,1.430132,0.010145,0.009764,0.000020,0.000007,0.000000,0.000029
0.754166,OpenInside,0.800162,1.430131,0.010113,0.009780,0.000026,0.000000,0.000000,-0.000029
0.758333,OpenInside,0.800162,1.430131,0.010058,0.009727,0.000021,0.000036,0.000000,0.000000
0.762500,OpenInside,0.800162,1.430131,0.010044,0.009710,0.000030,0.000014,0.000000,-0.000029
0.766666,OpenInside,0.800162,1.430131,0.010050,0.009690,0.000020,0.000045,0.000000,0.000000
0.770833,OpenInside,0.800162,1.430131,0.010006,0.009689,0.000052,0.000000,0.000000,-0.000029
0.774999,OpenInside,0.800162,1.430131,0.010010,0.009662,0.000029,0.000020,0.000000,-0.000029
0.779166,OpenInside,0.800162,1.430131,0.009978,0.009641,0.000032,0.000020,0.000000,-0.000057
0.783333,OpenInside,0.800162,1.430131,0.009955,0.009607,0.000014,0.000043,0.000000,0.000000
0.787499,OpenInside,0.800162,1.430131,0.009927,0.009619,0.000014,0.000007,0.000000,0.000000
0.791666,OpenInside,0.800162,1.430131,0.009950,0.009596,0.000014,0.000050,0.000000,-0.000029
0.795833,OpenInside,0.800162,1.430131,0.009866,0.009578,0.000043,0.000021,0.000000,-0.000029
0.799999,OpenInside,0.800162,1.430130,0.009913,0.009584,0.000029,0.000026,0.000000,-0.000029
0.804166,OpenInside,0.800162,1.430130,0.009861,0.009557,0.000000,0.000020,0.000000,-0.000029
0.808333,OpenInside,0.800162,1.430130,0.009864,0.009565,0.000029,0.000029,0.000000,-0.000029
0.812499,OpenInside,0.800162,1.430130,0.009825,0.009525,0.000016,0.000057,0.000000,-0.000029
0.816666,OpenInside,0.800162,1.430130,0.009814,0.009533,0.000016,0.000029,0.000000,-0.000029
0.820833,OpenInside,0.800162,1.430130,0.009808,0.009512,0.000010,0.000014,0.000000,0.000000
0.824999,OpenInside,0.800162,1.430130,0.009795,0.009509,0.000026,0.000014,0.000000,-0.000057
0.829166,OpenInside,0.800162,1.430130,0.009775,0.009491,0.000033,0.000007,0.000000,-0.000057
0.833333,OpenInside,0.800162,1.430130,0.009780,0.009499,0.000000,0.000026,0.000000,0.000000
0.837499,OpenInside,0.800162,1.430129,0.009743,0.009470,0.000029,0.000059,0.000000,-0.000029
0.841666,OpenInside,0.800162,1.430129,0.009748,0.009458,0.000026,0.000087,0.000000,-0.000057
0.845833,OpenInside,0.800162,1.430129,0.009729,0.009471,0.000007,0.000073,0.000000,-0.000029
0.849999,OpenInside,0.800162,1.430129,0.009740,0.009457,0.000032,0.000050,0.000000,-0.000057
0.854166,OpenInside,0.800162,1.430129,0.009720,0.009463,0.000039,0.000029,0.000000,-0.000029
0.858333,OpenInside,0.800162,1.430129,0.009683,0.009419,0.000039,0.000036,0.000000,-0.000029
0.862499,OpenInside,0.800162,1.430128,0.009681,0.009454,0.000036,0.000045,0.000000,-0.000057
0.866666,OpenInside,0.800162,1.430128,0.009690,0.009431,0.000000,0.000020,0.000000,0.000000
0.870833,OpenInside,0.800162,1.430128,0.009677,0.009427,0.000014,0.000026,0.000000,-0.000057
0.874999,OpenInside,0.800162,1.430128,0.009672,0.009446,0.000026,0.000016,0.000000,-0.000057
0.879166,OpenInside,0.800162,1.430128,0.009656,0.009418,0.000032,0.000007,0.000000,-0.000029
0.883333,OpenInside,0.800162,1.430128,0.009633,0.009426,0.000043,0.000007,0.000000,-0.000057
0.887499,OpenInside,0.800162,1.430127,0.009684,0.009433,0.000016,0.000043,0.000000,-0.000029
0.891666,OpenInside,0.800162,1.430127,0.009642,0.009449,0.000039,0.000020,0.000000,-0.000057
0.895833,OpenInside,0.800162,1.430127,0.009645,0.009436,0.000033,0.000043,0.000000,-0.000029
0.899999,OpenInside,0.800162,1.430127,0.009634,0.009420,0.000016,0.000014,0.000000,-0.000057
0.904166,OpenInside,0.800162,1.430127,0.009633,0.009437,0.000036,0.000014,0.000000,-0.000057
0.908333,OpenInside,0.800162,1.430126,0.009620,0.009410,0.000029,0.000039,0.000000,-0.000029
0.912499,CrossOut,0.800162,1.430126,0.009646,0.009444,0.000014,0.000029,0.000000,-0.000057
0.916666,CrossOut,0.799809,1.429773,0.086967,0.084867,0.029027,0.000043,-0.084600,-0.084658
0.920833,CrossOut,0.799810,1.429774,0.078724,0.023011,0.086345,0.000057,0.000200,0.000143
0.924999,CrossOut,0.799811,1.429774,0.124655,0.032426,0.142599,0.000021,0.000143,0.000086
0.929166,CrossOut,0.799811,1.429774,0.169862,0.041845,0.197808,0.000021,0.000057,-0.000029
0.933333,CrossOut,0.799811,1.429774,0.214416,0.051344,0.251921,0.000000,-0.000057,-0.000114
0.937499,CrossOut,0.799810,1.429773,0.258221,0.060928,0.304951,0.000079,-0.000143,-0.000257
0.941666,CrossOut,0.799809,1.429771,0.301244,0.070561,0.356910,0.000043,-0.000200,-0.000315
0.945833,CrossOut,0.799808,1.429769,0.343452,0.080301,0.407770,0.000021,-0.000372,-0.000486
0.949999,CrossOut,0.799806,1.429767,0.384820,0.090223,0.457573,0.000014,-0.000515,-0.000629
0.954166,CrossOut,0.799803,1.429764,0.425253,0.100412,0.506236,0.000036,-0.000601,-0.000715
0.958333,CrossOut,0.799800,1.429760,0.464741,0.110865,0.553879,0.000036,-0.000772,-0.000944
0.962499,CrossOut,0.799796,1.429755,0.503123,0.121727,0.600361,0.000032,-0.000916,-0.001087
0.966666,CrossOut,0.799791,1.429750,0.540401,0.133069,0.645766,0.000108,-0.001173,-0.001373
0.970833,CrossOut,0.799786,1.429743,0.576385,0.144997,0.690075,0.000014,-0.001345,-0.001545
0.974999,CrossOut,0.799779,1.429736,0.611073,0.157676,0.733268,0.000036,-0.001531,-0.001774
0.979166,CrossOut,0.799772,1.429727,0.644244,0.171225,0.775387,0.000064,-0.001817,-0.002060
0.983333,CrossOut,0.799763,1.429717,0.675768,0.185699,0.816377,0.000050,-0.002117,-0.002346
0.987499,CrossOut,0.799753,1.429706,0.705625,0.201386,0.856268,0.000057,-0.002389,-0.002718
0.991666,CrossOut,0.799741,1.429693,0.733625,0.218356,0.895049,0.000029,-0.002761,-0.003090
0.995833,CrossOut,0.799727,1.429678,0.758510,0.237205,0.932709,0.000014,-0.003319,-0.003662
0.999999,CrossOut,0.799712,1.429661,0.781499,0.257940,0.969270,0.000014,-0.003834,-0.004177
1.004166,CrossOut,0.799694,1.429642,0.802318,0.280690,1.004721,0.000000,-0.004148,-0.004520
1.008333,CrossOut,0.799675,1.429621,0.820659,0.305554,1.039072,0.000021,-0.004635,-0.005035
1.012499,CrossOut,0.799653,1.429597,0.836371,0.332627,1.072307,0.000014,-0.005150,-0.005579
1.016666,CrossOut,0.799629,1.429572,0.849408,0.362067,1.104414,0.000021,-0.005779,-0.006237
1.020833,CrossOut,0.799602,1.429542,0.859810,0.394015,1.135439,0.000093,-0.006609,-0.007067
1.024999,CrossOut,0.799570,1.429509,0.867423,0.428501,1.165340,0.000057,-0.007553,-0.008011
1.029166,CrossOut,0.799534,1.429470,0.872294,0.465580,1.194157,0.000036,-0.008783,-0.009270
1.033333,CrossOut,0.799495,1.429429,0.876131,0.504740,1.221847,0.000036,-0.009413,-0.009956
1.037500,CrossOut,0.799449,1.429380,0.873616,0.549544,1.248444,0.000007,-0.010943,-0.011559
1.041666,CrossOut,0.799398,1.429327,0.868260,0.597523,1.273947,0.000021,-0.012317,-0.012875
1.045833,CrossOut,0.799340,1.429267,0.859853,0.648376,1.298342,0.000036,-0.013819,-0.014420
1.050000,CrossOut,0.799277,1.429202,0.848857,0.702156,1.321679,0.000014,-0.015049,-0.015621
1.054167,CrossOut,0.799210,1.429132,0.835310,0.758474,1.343874,0.000043,-0.016108,-0.016651
1.058333,CrossOut,0.799140,1.429060,0.819349,0.817179,1.365013,0.000115,-0.016894,-0.017338
1.062500,CrossOut,0.799081,1.428999,0.809464,0.870781,1.385083,0.000026,-0.014219,-0.014591
1.066667,CrossOut,0.799023,1.428941,0.788713,0.935750,1.404019,0.000093,-0.013833,-0.014019
1.070833,CrossOut,0.798963,1.428880,0.762677,1.005434,1.421932,0.000007,-0.014420,-0.014534
1.075000,CrossOut,0.798901,1.428819,0.734982,1.076315,1.438747,0.000064,-0.014820,-0.014791
1.079167,CrossOut,0.798838,1.428756,0.706174,1.148109,1.454482,0.000036,-0.015135,-0.014963
1.083334,CrossOut,0.798775,1.428695,0.676471,1.219970,1.469162,0.000014,-0.015106,-0.014734
1.087500,CrossOut,0.798716,1.428638,0.647735,1.289866,1.482785,0.000007,-0.014305,-0.013704
1.091667,CrossOut,0.798674,1.428600,0.617168,1.362601,1.495308,0.000043,-0.010014,-0.009127
1.095834,CrossOut,0.798638,1.428569,0.577798,1.445311,1.506843,0.000057,-0.008540,-0.007353
1.100001,CrossOut,0.797530,1.427467,0.460499,1.476681,1.517251,0.000007,-0.265889,-0.264502
1.104167,CrossOut,0.796098,1.426041,0.428409,1.542948,1.526658,0.000064,-0.343680,-0.342207
1.108334,CrossOut,0.794640,1.424589,0.397419,1.611452,1.535002,0.000057,-0.350003,-0.348473
1.112501,CrossOut,0.793182,1.423137,0.367991,1.676336,1.542280,0.000072,-0.350018,-0.348587
1.116667,CrossOut,0.791723,1.421684,0.348661,1.775468,1.548529,0.000000,-0.350018,-0.348644
1.120834,CrossOut,0.790265,1.420232,0.329819,1.868511,1.553711,0.000043,-0.349960,-0.348558
1.125001,CrossOut,0.788806,1.418779,0.308617,1.939533,1.557885,0.000029,-0.350046,-0.348702
1.129168,CrossOut,0.787348,1.417326,0.289855,1.985525,1.561002,0.000079,-0.349989,-0.348730
1.133334,CrossOut,0.785890,1.415872,0.283230,2.003592,1.563081,0.000014,-0.350003,-0.348816
1.137501,CrossOut,0.784142,1.414129,0.341395,1.977582,1.564114,0.000036,-0.419555,-0.418425
1.141668,CrossOut,0.782070,1.412061,0.420949,1.916663,1.564107,0.000014,-0.497131,-0.496216
1.145834,CrossOut,0.779937,1.409931,0.496234,1.895926,1.563067,0.000000,-0.511951,-0.511208
1.150001,CrossOut,0.777742,1.407739,0.566359,1.884446,1.561030,0.000043,-0.526772,-0.526257
1.154168,CrossOut,0.775485,1.405483,0.621633,1.883461,1.557866,0.000029,-0.541763,-0.541449
1.158335,CrossOut,0.773166,1.403163,0.657318,1.893999,1.553723,0.000014,-0.556612,-0.556612
1.162501,CrossOut,0.770784,1.400780,0.671735,1.917153,1.548516,0.000000,-0.571661,-0.571890
1.166668,CrossOut,0.768322,1.398316,0.646351,1.901048,1.542311,0.000014,-0.590787,-0.591373
1.170835,CrossOut,0.765798,1.395788,0.684335,1.906730,1.534982,0.000014,-0.605707,-0.606709
1.175002,CrossOut,0.763226,1.393210,0.711430,1.905426,1.526653,0.000014,-0.617409,-0.618925
1.179168,CrossOut,0.760619,1.390594,0.725492,1.895914,1.517253,0.000036,-0.625663,-0.627651
1.183335,CrossOut,0.757992,1.387958,0.726054,1.877990,1.506792,0.000057,-0.630484,-0.632830
1.187502,CrossOut,0.755361,1.385316,0.712281,1.851888,1.495324,0.000079,-0.631356,-0.633946
1.191668,CrossOut,0.752756,1.382700,0.729273,1.859712,1.482804,0.000014,-0.625205,-0.627880
1.195835,CrossOut,0.750165,1.380097,0.731756,1.849715,1.469177,0.000043,-0.621972,-0.624733
1.200002,CrossOut,0.747588,1.377509,0.717555,1.824341,1.454484,0.000039,-0.618439,-0.621185
1.204169,CrossOut,0.745033,1.374942,0.696732,1.793274,1.438766,0.000041,-0.613275,-0.616093
1.208335,CrossOut,0.742506,1.372404,0.669658,1.756954,1.421883,0.000020,-0.606394,-0.609083
1.212502,CrossOut,0.740015,1.369902,0.637093,1.715756,1.404093,0.000043,-0.597854,-0.600414
1.216669,CrossOut,0.737574,1.367451,0.610444,1.680373,1.385024,0.000025,-0.585837,-0.588226
1.220835,CrossOut,0.735212,1.365080,0.609424,1.671614,1.364995,0.000014,-0.566926,-0.568972
1.225002,CrossOut,0.732919,1.362780,0.573820,1.634069,1.343922,0.000043,-0.550346,-0.552063
1.229169,CrossOut,0.730699,1.360555,0.537684,1.594708,1.321666,0.000043,-0.532708,-0.534096
1.233336,CrossOut,0.728558,1.358408,0.502026,1.553943,1.298342,0.000014,-0.513926,-0.515156
1.237502,CrossOut,0.726500,1.356346,0.468591,1.512562,1.273953,0.000032,-0.493813,-0.494843
1.241669,CrossOut,0.724532,1.354374,0.439466,1.471103,1.248439,0.000029,-0.472426,-0.473414
1.245836,CrossOut,0.722658,1.352495,0.416960,1.430066,1.221861,0.000043,-0.449710,-0.450811
1.250003,CrossOut,0.720874,1.350707,0.385283,1.378902,1.194150,0.000029,-0.428124,-0.429268
1.254169,CrossOut,0.719204,1.349032,0.378897,1.347628,1.165309,0.000032,-0.400829,-0.402031
1.258336,CrossOut,0.717658,1.347481,0.379628,1.317967,1.135475,0.000039,-0.370989,-0.372248
1.262503,CrossOut,0.716247,1.346064,0.388312,1.290170,1.104377,0.000016,-0.338631,-0.339890
1.266669,CrossOut,0.714980,1.344792,0.405666,1.264350,1.072314,0.000029,-0.304041,-0.305300
1.270836,CrossOut,0.713867,1.343674,0.431174,1.240983,1.039073,0.000014,-0.267119,-0.268364
1.275003,CrossOut,0.712917,1.342719,0.464072,1.220279,1.004694,0.000014,-0.228038,-0.229340
1.279170,CrossOut,0.712137,1.341934,0.503211,1.202276,0.969301,0.000020,-0.187168,-0.188313
1.283336,CrossOut,0.711537,1.341329,0.548022,1.188511,0.932710,0.000014,-0.144053,-0.145168
1.287503,CrossOut,0.711129,1.340917,0.607884,1.176524,0.895011,0.000014,-0.097904,-0.098877
1.291670,CrossOut,0.710907,1.340692,0.666680,1.161497,0.856297,0.000058,-0.053215,-0.054131
1.295836,CrossOut,0.710875,1.340655,0.720322,1.153902,0.816379,0.000029,-0.007753,-0.008669
1.300003,CrossOut,0.711035,1.340812,0.769145,1.152671,0.775356,0.000029,0.038424,0.037565
1.304170,CrossOut,0.711390,1.341163,0.813738,1.156407,0.733288,0.000014,0.085144,0.084286
1.308337,CrossOut,0.711941,1.341710,0.855101,1.164421,0.690103,0.000014,0.132208,0.131321
1.312503,CrossOut,0.712688,1.342454,0.893821,1.175557,0.645795,0.000014,0.179443,0.178556
1.316670,CrossOut,0.713633,1.343395,0.930868,1.189083,0.600334,0.000020,0.226708,0.225849
1.320837,CrossOut,0.714774,1.344532,0.966879,1.204338,0.553872,0.000032,0.273757,0.272856
1.325004,CrossOut,0.716109,1.345863,1.002388,1.220557,0.506274,0.000029,0.320363,0.319490
1.329170,CrossOut,0.717348,1.347099,1.009991,1.202376,0.457531,0.000043,0.297403,0.296574
1.333337,CrossOut,0.717000,1.346748,0.958302,1.075415,0.407774,0.000085,-0.083585,-0.084343
1.337504,CrossOut,0.718458,1.348203,1.064201,1.216811,0.356887,0.000091,0.349989,0.349245
1.341670,CrossOut,0.719916,1.349659,1.082257,1.212157,0.304975,0.000021,0.350018,0.349360
1.345837,CrossOut,0.721375,1.351115,1.101386,1.208177,0.251971,0.000026,0.350003,0.349445
1.350004,CrossOut,0.722833,1.352571,1.121868,1.205182,0.197774,0.000032,0.350003,0.349560
1.354171,CrossOut,0.724291,1.354028,1.143464,1.202889,0.142604,0.000046,0.350003,0.349674
1.358337,CrossOut,0.725750,1.355486,1.166276,1.201731,0.086315,0.000046,0.349989,0.349789
1.362504,CrossOut,0.727208,1.356944,1.189964,1.201647,0.029082,0.000046,0.350003,0.349932
1.366671,CrossOut,0.728666,1.358402,0.350046,0.350018,0.000038,0.000014,0.350018,0.349989
1.370837,CrossOut,0.730126,1.359866,1.341991,1.202771,0.000016,0.066095,0.350318,0.351362
1.375004,CrossOut,0.731584,1.361327,1.318027,1.210090,0.000023,0.196590,0.349932,0.350647
1.379171,CrossOut,0.730502,1.360246,1.300778,1.260109,0.000024,0.324237,-0.259709,-0.259409
1.383338,CrossOut,0.728768,1.358513,1.348523,1.317966,0.000045,0.449241,-0.416093,-0.416050
1.387504,CrossOut,0.727449,1.357192,1.337137,1.278366,0.000048,0.571468,-0.316715,-0.316858
1.391671,CrossOut,0.726547,1.356289,1.347442,1.242883,0.000056,0.690916,-0.216436,-0.216751
1.395838,CrossOut,0.726063,1.355804,1.380830,1.210841,0.000013,0.807673,-0.116072,-0.116472
1.400005,CrossOut,0.725993,1.355733,1.437753,1.181705,0.000044,0.921535,-0.016708,-0.016966
1.404171,CrossOut,0.726345,1.356084,1.503973,1.165417,0.000007,1.032531,0.084286,0.084114
1.408338,CrossOut,0.727093,1.356832,1.555102,1.148925,0.000024,1.140841,0.179701,0.179586
1.412505,CrossOut,0.728232,1.357970,1.610213,1.135877,0.000040,1.246191,0.273185,0.273142
1.416671,CrossOut,0.729692,1.359430,1.664852,1.126459,0.000053,1.348769,0.350475,0.350390
1.420838,CrossOut,0.731167,1.360905,1.703151,1.117434,0.000014,1.448429,0.354123,0.353909
1.425005,CrossOut,0.732664,1.362400,1.739797,1.107964,0.000031,1.545144,0.359173,0.358915
1.429172,CrossOut,0.734188,1.363923,1.774892,1.097917,0.000029,1.639144,0.365796,0.365467
1.433338,CrossOut,0.735746,1.365479,1.808430,1.087328,0.000015,1.730069,0.373879,0.373392
1.437505,CrossOut,0.737343,1.367073,1.837127,1.063053,0.000000,1.818200,0.383363,0.382748
1.441672,CrossOut,0.738987,1.368714,1.878216,1.052507,0.000008,1.903321,0.394435,0.393705
1.445838,CrossOut,0.740682,1.370406,1.917634,1.042110,0.000015,1.985582,0.406838,0.406065
1.450005,CrossOut,0.742434,1.372155,1.955441,1.031939,0.000008,2.064954,0.420456,0.419884
1.454172,CrossOut,0.744247,1.373967,1.991617,1.021953,0.000034,2.141368,0.435076,0.434732
1.458339,CrossOut,0.746124,1.375844,2.026289,1.012174,0.000038,2.214907,0.450554,0.450611
1.462505,CrossOut,0.748069,1.377791,2.059510,1.002695,0.000011,2.285569,0.466719,0.467205
1.466672,CrossOut,0.750082,1.379809,2.091416,0.993405,0.000007,2.353217,0.483255,0.484371
1.470839,CrossOut,0.752162,1.381896,2.099159,0.930197,0.000007,2.418077,0.499206,0.500794
1.475006,CrossOut,0.754314,1.384055,2.139552,0.917560,0.000009,2.480026,0.516300,0.518246
1.479172,CrossOut,0.756536,1.386287,2.177263,0.905725,0.000029,2.539123,0.533280,0.535641
1.483339,CrossOut,0.758826,1.388589,2.212235,0.894607,0.000014,2.595280,0.549831,0.552521
1.487506,CrossOut,0.761184,1.390959,2.244431,0.884307,0.000029,2.648708,0.565796,0.568829
1.491672,CrossOut,0.763049,1.392838,2.227215,0.877485,0.000019,2.699248,0.447679,0.451012
1.495839,CrossOut,0.764852,1.394656,2.241913,0.870206,0.000037,2.747016,0.432644,0.436249
1.500006,CrossOut,0.766644,1.396464,2.257594,0.861997,0.000007,2.792010,0.430083,0.433989
1.504173,CrossOut,0.768431,1.398269,2.265347,0.820215,0.000009,2.834121,0.428896,0.433130
1.508339,CrossOut,0.770206,1.400063,2.293886,0.810798,0.000043,2.873576,0.425949,0.430470
1.512506,CrossOut,0.771965,1.401841,2.316833,0.801811,0.000058,2.910311,0.422216,0.426865
1.516673,CrossOut,0.773705,1.403600,2.334163,0.793223,0.000058,2.944235,0.417581,0.422087
1.520839,CrossOut,0.775422,1.405334,2.345705,0.784622,0.000015,2.975505,0.411973,0.416193
1.525006,CrossOut,0.777110,1.407039,2.351339,0.776041,0.000015,3.004167,0.405293,0.409126
1.529173,CrossOut,0.778767,1.408709,2.351137,0.767389,0.000015,3.030042,0.397539,0.400915
1.533340,CrossOut,0.780386,1.410340,2.345120,0.758653,0.000058,3.053331,0.388584,0.391445
1.537506,CrossOut,0.781956,1.411921,2.377398,0.790350,0.000044,3.074040,0.376825,0.379314
1.541673,CrossOut,0.783483,1.413457,2.406046,0.781239,0.000034,3.092065,0.366526,0.368700
1.545840,CrossOut,0.784965,1.414947,2.417805,0.773834,0.000045,3.107476,0.355740,0.357599
1.550007,CrossOut,0.786400,1.416389,2.412647,0.768001,0.000016,3.120392,0.344381,0.345926
1.554173,CrossOut,0.787787,1.417780,2.390639,0.764137,0.000044,3.130589,0.332708,0.333967
1.558340,CrossOut,0.789122,1.419119,2.351922,0.763157,0.000015,3.138301,0.320578,0.321407
1.562507,CrossOut,0.790407,1.420406,2.296875,0.766254,0.000029,3.143455,0.308232,0.308733
1.566673,CrossOut,0.791638,1.421638,2.225742,0.775187,0.000014,3.145981,0.295472,0.295687
1.570840,CrossOut,0.792820,1.422819,2.134566,0.740690,0.000015,3.145975,0.283828,0.283642
1.575007,CrossOut,0.793941,1.423938,2.073276,0.757361,0.000014,3.143466,0.268893,0.268335
1.579174,CrossOut,0.794998,1.424991,2.022138,0.771907,0.000057,3.138289,0.253658,0.252800
1.583340,CrossOut,0.795990,1.425978,1.981084,0.781342,0.000136,3.130633,0.238180,0.236950
1.587507,CrossOut,0.796917,1.426899,1.949783,0.783875,0.000050,3.120331,0.222445,0.220900
1.591674,CrossOut,0.797777,1.427751,1.928285,0.778669,0.000009,3.107491,0.206451,0.204535
1.595840,CrossOut,0.798571,1.428535,1.916260,0.765968,0.000005,3.092081,0.190430,0.188170
1.600007,CrossOut,0.799297,1.429251,1.913761,0.746862,0.000065,3.074006,0.174322,0.171776
1.604174,CrossOut,0.799976,1.429917,1.887450,0.638832,0.000043,3.053343,0.162907,0.159960
1.608341,CrossOut,0.800587,1.430514,1.875306,0.639018,0.000022,3.030088,0.146685,0.143166
1.612507,CrossOut,0.801125,1.431035,1.858201,0.637273,0.000036,3.004113,0.129204,0.125227
1.616674,CrossOut,0.801586,1.431477,1.836347,0.633310,0.000050,2.975520,0.110493,0.106087
1.620841,CrossOut,0.801962,1.431834,1.809782,0.627413,0.000036,2.944285,0.090351,0.085602
1.625008,CrossOut,0.802020,1.431871,1.754763,0.655682,0.000015,2.910229,0.013790,0.008926
1.629174,CrossOut,0.801458,1.431290,1.672609,0.738475,0.000057,2.873578,-0.134783,-0.139589
1.633341,CrossOut,0.800820,1.430633,1.640092,0.723972,0.000064,2.834194,-0.153065,-0.157528
1.637508,CrossOut,0.800085,1.429881,1.636176,0.787351,0.000022,2.791944,-0.176525,-0.180616
1.641674,CrossOut,0.799283,1.429064,1.614393,0.778251,0.000022,2.747020,-0.192289,-0.196123
1.645841,CrossOut,0.798417,1.428182,1.591565,0.769009,0.000036,2.699266,-0.207882,-0.211487
1.650008,CrossOut,0.797487,1.427239,1.567919,0.759974,0.000018,2.648687,-0.223274,-0.226507
1.654175,CrossOut,0.796492,1.426232,1.543532,0.751836,0.000006,2.595333,-0.238738,-0.241613
1.658341,CrossOut,0.795434,1.425163,1.518829,0.744816,0.000016,2.539117,-0.254016,-0.256519
1.662508,CrossOut,0.794312,1.424033,1.493963,0.739700,0.000008,2.479999,-0.269136,-0.271254
1.666675,CrossOut,0.793128,1.422842,1.469286,0.737289,0.000007,2.418045,-0.284214,-0.285902
1.670841,CrossOut,0.791862,1.421570,1.469034,0.789076,0.000010,2.353263,-0.303984,-0.305128
1.675008,CrossOut,0.790524,1.420231,1.450881,0.787068,0.000017,2.285538,-0.320950,-0.321465
1.679175,CrossOut,0.789119,1.418826,1.433531,0.787316,0.000026,2.214897,-0.337172,-0.337143
1.683342,CrossOut,0.787651,1.417359,1.416841,0.790279,0.000007,2.141402,-0.352535,-0.352106
1.687508,CrossOut,0.786119,1.415831,1.400918,0.796765,0.000023,2.064926,-0.367498,-0.366783
1.691675,CrossOut,0.784529,1.414244,1.385864,0.806872,0.000017,1.985626,-0.381575,-0.380745
1.695842,CrossOut,0.782883,1.412602,1.371670,0.821146,0.000015,1.903370,-0.395021,-0.394135
1.700009,CrossOut,0.781184,1.410906,1.358376,0.840159,0.000031,1.818142,-0.407810,-0.407066
1.704175,CrossOut,0.779438,1.409162,1.341973,0.848050,0.000044,1.730056,-0.419025,-0.418425
1.708342,CrossOut,0.777635,1.407362,1.336234,0.871424,0.000105,1.639103,-0.432730,-0.432215
1.712509,CrossOut,0.775772,1.405500,1.331327,0.896438,0.000046,1.545190,-0.447235,-0.446749
1.716675,CrossOut,0.773845,1.403575,1.327416,0.923060,0.000019,1.448435,-0.462370,-0.462027
1.720842,CrossOut,0.771852,1.401582,1.324630,0.951445,0.000023,1.348754,-0.478492,-0.478191
1.725009,CrossOut,0.769788,1.399520,1.323286,0.981600,0.000083,1.246230,-0.495329,-0.495014
1.729176,CrossOut,0.767650,1.397383,1.323508,1.013552,0.000101,1.140787,-0.513053,-0.512753
1.733342,CrossOut,0.765435,1.395170,1.325591,1.047296,0.000034,1.032569,-0.531621,-0.531235
1.737509,CrossOut,0.763140,1.392876,1.334233,1.088130,0.000093,0.921532,-0.550861,-0.550518
1.741676,CrossOut,0.760772,1.390509,1.342788,1.125219,0.000054,0.807622,-0.568256,-0.568028
1.745842,CrossOut,0.758328,1.388066,1.352741,1.162900,0.000029,0.690961,-0.586438,-0.586395
1.750009,CrossOut,0.755806,1.385543,1.363940,1.201169,0.000053,0.571436,-0.605435,-0.605478
1.754176,CrossOut,0.753201,1.382938,1.376418,1.239919,0.000010,0.449242,-0.625091,-0.625248
1.758343,CrossOut,0.750511,1.380247,1.390282,1.279104,0.000058,0.324252,-0.645704,-0.645847
1.762509,CrossOut,0.747731,1.377467,1.405516,1.318740,0.000010,0.196538,-0.667076,-0.667219
1.766676,CrossOut,0.744859,1.374595,1.422188,1.358627,0.000064,0.066118,-0.689364,-0.689364
1.770843,CrossOut,0.742108,1.371844,1.415738,1.372876,0.065414,0.000029,-0.660281,-0.660124
1.775010,CrossOut,0.739705,1.369443,1.383693,1.365207,0.194506,0.000016,-0.576539,-0.576267
1.779176,CrossOut,0.737669,1.367408,1.349539,1.363196,0.320886,0.000048,-0.488734,-0.488491
1.783343,CrossOut,0.736011,1.365750,1.314425,1.367804,0.444560,0.000061,-0.397968,-0.397711
1.787510,CrossOut,0.734741,1.364481,1.279207,1.379311,0.565508,0.000066,-0.304771,-0.304556
1.791676,CrossOut,0.733865,1.363606,1.244847,1.398030,0.683726,0.000021,-0.210142,-0.210114
1.795843,CrossOut,0.733387,1.363127,1.212317,1.423667,0.799221,0.000052,-0.114813,-0.114842
1.800010,CrossOut,0.733306,1.363045,1.182554,1.455870,0.911867,0.000039,-0.019484,-0.019684
1.804177,CrossOut,0.733617,1.363356,1.166991,1.503493,1.021831,0.000021,0.074601,0.074444
1.808343,CrossOut,0.734305,1.364043,1.150528,1.553470,1.128889,0.000036,0.165110,0.165024
1.812510,CrossOut,0.735361,1.365100,1.136879,1.606865,1.233262,0.000007,0.253601,0.253544
1.816677,CrossOut,0.736777,1.366514,1.126432,1.662534,1.334655,0.000029,0.339661,0.339546
1.820843,CrossOut,0.738538,1.368275,1.119226,1.719436,1.433316,0.000044,0.422659,0.422459
1.825010,CrossOut,0.740630,1.370366,1.115302,1.776524,1.529040,0.000039,0.502052,0.501852
1.829177,CrossOut,0.743035,1.372770,1.114473,1.832961,1.621931,0.000032,0.577369,0.576983
1.833344,CrossOut,0.745737,1.375470,1.116609,1.888061,1.712012,0.000014,0.648437,0.647965
1.837510,CrossOut,0.748712,1.378442,1.107337,1.937647,1.799150,0.000007,0.713983,0.713396
1.841677,CrossOut,0.751938,1.381665,1.111566,1.998162,1.883403,0.000021,0.774279,0.773506
1.845844,CrossOut,0.755388,1.385112,1.115940,2.055687,1.964839,0.000052,0.827966,0.827236
1.850011,CrossOut,0.759033,1.388755,1.119846,2.110010,2.043263,0.000043,0.874915,0.874329
1.854177,CrossOut,0.762846,1.392566,1.122539,2.160976,2.118889,0.000033,0.915027,0.914698
1.858344,CrossOut,0.766797,1.396518,1.123470,2.208303,2.191635,0.000032,0.948300,0.948343
1.862511,CrossOut,0.770859,1.400581,1.122400,2.251948,2.261444,0.000036,0.974822,0.975294
1.866677,CrossOut,0.774999,1.404726,1.118369,2.291294,2.328476,0.000044,0.993619,0.994721
1.870844,CrossOut,0.775971,1.405705,0.965048,2.033549,2.392554,0.000029,0.233316,0.234919
1.875011,CrossOut,0.776943,1.406685,0.955833,2.066725,2.453817,0.000036,0.233288,0.235291
1.879178,CrossOut,0.777916,1.407667,0.947032,2.096725,2.512245,0.000065,0.233374,0.235691
1.883344,CrossOut,0.778888,1.408651,0.938798,2.123478,2.567848,0.000036,0.233302,0.236006
1.887511,CrossOut,0.779860,1.409636,0.930889,2.147104,2.620600,0.000014,0.233359,0.236378
1.891678,CrossOut,0.780832,1.410622,0.923310,2.167498,2.670586,0.000010,0.233331,0.236664
1.895844,CrossOut,0.781805,1.411609,0.915990,2.184833,2.717791,0.000039,0.233331,0.236950
1.900011,CrossOut,0.782777,1.412597,0.908850,2.199107,2.762236,0.000029,0.233316,0.237207
1.904178,CrossOut,0.784582,1.414420,0.819565,2.266918,2.803922,0.000007,0.433331,0.437536
1.908345,CrossOut,0.786388,1.416245,0.809543,2.296534,2.842956,0.000051,0.433359,0.437937
1.912511,CrossOut,0.788194,1.418070,0.799846,2.321032,2.879162,0.000039,0.433331,0.437937
1.916678,CrossOut,0.789999,1.419894,0.790212,2.340243,2.912731,0.000021,0.433302,0.437822
1.920845,CrossOut,0.791804,1.421717,0.780453,2.354124,2.943700,0.000014,0.433331,0.437536
1.925012,CrossOut,0.793610,1.423539,0.770491,2.362601,2.971901,0.000007,0.433359,0.437193
1.929178,CrossOut,0.795416,1.425358,0.760462,2.365727,2.997531,0.000021,0.433331,0.436707
1.933345,CrossOut,0.797221,1.427176,0.750406,2.363491,3.020594,0.000036,0.433359,0.436192
1.937512,CrossOut,0.798194,1.428159,0.830143,2.323578,3.040957,0.000014,0.233316,0.235834
1.941678,CrossOut,0.799166,1.429140,0.816412,2.355188,3.058778,0.000007,0.233316,0.235491
1.945845,CrossOut,0.799386,1.429367,0.881691,2.309869,3.074065,0.000073,0.052772,0.054646
1.950012,CrossOut,0.798729,1.428717,0.995966,2.250013,3.086762,0.000059,-0.157528,-0.156012
1.954179,CrossOut,0.798014,1.428008,1.001207,2.224191,3.096858,0.000021,-0.171533,-0.170260
1.958345,CrossOut,0.797244,1.427241,1.011269,2.182318,3.104508,0.000010,-0.184794,-0.183992
1.962512,CrossOut,0.796422,1.426421,1.026622,2.124890,3.109531,0.000048,-0.197353,-0.196810
1.966679,CrossOut,0.795550,1.425550,1.048137,2.052573,3.112064,0.000077,-0.209255,-0.209084
1.970845,CrossOut,0.794645,1.424644,1.035765,1.960001,3.112092,0.000023,-0.217381,-0.217524
1.975012,CrossOut,0.793677,1.423674,1.060554,1.899080,3.109552,0.000016,-0.232115,-0.232658
1.979179,CrossOut,0.792652,1.422645,1.079528,1.848864,3.104450,0.000052,-0.246105,-0.246964
1.983346,CrossOut,0.791571,1.421559,1.091208,1.808954,3.096902,0.000044,-0.259523,-0.260754
1.987512,CrossOut,0.790436,1.420417,1.094899,1.779021,3.086732,0.000074,-0.272398,-0.274000
1.991679,CrossOut,0.789250,1.419224,1.090267,1.758758,3.074067,0.000027,-0.284472,-0.286388
1.995846,CrossOut,0.788016,1.417980,1.078349,1.747957,3.058772,0.000007,-0.296230,-0.298462
2.000012,CrossOut,0.786737,1.416690,1.060172,1.746332,3.040975,0.000070,-0.307045,-0.309563
2.004179,CrossOut,0.785451,1.415393,0.979983,1.717447,3.020584,0.000059,-0.308476,-0.311451
2.008346,CrossOut,0.784123,1.414050,0.982176,1.705516,2.997527,0.000026,-0.318718,-0.322237
2.012512,CrossOut,0.782744,1.412655,0.981881,1.690191,2.971932,0.000077,-0.330935,-0.334911
2.016679,CrossOut,0.781309,1.411200,0.978709,1.671617,2.943661,0.000007,-0.344610,-0.349016
2.020845,CrossOut,0.779808,1.409680,0.973017,1.649949,2.912732,0.000020,-0.360174,-0.364895
2.025012,CrossOut,0.778235,1.408087,0.965008,1.625773,2.879194,0.000007,-0.377455,-0.382319
2.029179,CrossOut,0.776583,1.406415,0.954591,1.599478,2.842903,0.000026,-0.396409,-0.401230
2.033345,CrossOut,0.774845,1.404659,0.942364,1.571724,2.803946,0.000021,-0.417137,-0.421600
2.037512,CrossOut,0.772997,1.402793,0.993512,1.574155,2.762244,0.000020,-0.443616,-0.447750
2.041678,CrossOut,0.771072,1.400851,0.987182,1.555624,2.717816,0.000014,-0.462098,-0.465946
2.045845,CrossOut,0.769069,1.398834,0.981060,1.536566,2.670580,0.000046,-0.480709,-0.484257
2.050012,CrossOut,0.766988,1.396740,0.975145,1.517109,2.620603,0.000054,-0.499249,-0.502510
2.054178,CrossOut,0.764830,1.394570,0.970081,1.497622,2.567845,0.000021,-0.517902,-0.520763
2.058345,CrossOut,0.762594,1.392323,0.966303,1.478459,2.512244,0.000034,-0.536671,-0.539188
2.062511,CrossOut,0.760280,1.390000,0.964276,1.459927,2.453806,0.000016,-0.555482,-0.557585
2.066678,CrossOut,0.757887,1.387600,0.964625,1.442361,2.392566,0.000067,-0.574365,-0.576067
2.070845,CrossOut,0.755393,1.385101,1.008386,1.451001,2.328433,0.000051,-0.598583,-0.599728
2.075011,CrossOut,0.752810,1.382516,1.009327,1.440896,2.261481,0.000029,-0.619869,-0.620384
2.079178,CrossOut,0.750141,1.379847,1.012664,1.431848,2.191610,0.000043,-0.640554,-0.640526
2.083344,CrossOut,0.747387,1.377095,1.019064,1.423787,2.118921,0.000036,-0.660896,-0.660467
2.087511,CrossOut,0.744550,1.374262,1.028802,1.416827,2.043261,0.000026,-0.680780,-0.680065
2.091678,CrossOut,0.741633,1.371347,1.042499,1.411112,1.964812,0.000032,-0.700307,-0.699463
2.095844,CrossOut,0.738635,1.368354,1.060236,1.406570,1.883390,0.000014,-0.719347,-0.718489
2.100011,CrossOut,0.735560,1.365281,1.082800,1.403410,1.799163,0.000045,-0.738101,-0.737343
2.104177,CrossOut,0.732412,1.362136,1.097188,1.397122,1.711992,0.000032,-0.755525,-0.754938
2.108344,CrossOut,0.729179,1.358905,1.124598,1.402321,1.621960,0.000014,-0.775938,-0.775394
2.112511,CrossOut,0.725856,1.355584,1.153388,1.409278,1.529064,0.000048,-0.797453,-0.796995
2.116677,CrossOut,0.722439,1.352168,1.183529,1.418285,1.433307,0.000046,-0.820141,-0.819769
2.120844,CrossOut,0.718921,1.348652,1.215392,1.429519,1.334674,0.000029,-0.844302,-0.843973
2.125010,CrossOut,0.715298,1.345030,1.248768,1.443203,1.233203,0.000052,-0.869594,-0.869293
2.129177,CrossOut,0.711563,1.341297,1.283812,1.459609,1.128929,0.000026,-0.896287,-0.895987
2.133344,CrossOut,0.707711,1.337446,1.320659,1.478939,1.021804,0.000014,-0.924454,-0.924082
2.137510,CrossOut,0.703732,1.333469,1.373481,1.508227,0.911898,0.000007,-0.954967,-0.954495
2.141677,CrossOut,0.699630,1.329369,1.429336,1.540350,0.799233,0.000023,-0.984464,-0.983992
2.145844,CrossOut,0.695402,1.325143,1.479346,1.572373,0.683710,0.000072,-1.014848,-1.014376
2.150010,CrossOut,0.691043,1.320785,1.522074,1.602520,0.565470,0.000062,-1.046019,-1.045732
2.154177,CrossOut,0.686550,1.316293,1.557078,1.629895,0.444573,0.000048,-1.078248,-1.078148
2.158343,CrossOut,0.681920,1.311661,1.584007,1.653507,0.320863,0.000016,-1.111393,-1.111593
2.162510,CrossOut,0.677145,1.306884,1.603376,1.673151,0.194508,0.000007,-1.145968,-1.146498
2.166677,CrossOut,0.672221,1.301957,1.615524,1.688368,0.065400,0.000016,-1.181674,-1.182604
2.170843,CrossOut,0.667448,1.297188,1.750806,1.765402,0.000032,0.072313,-1.145639,-1.144581
2.175010,CrossOut,0.663280,1.293023,1.639961,1.654570,0.000020,0.214986,-1.000214,-0.999556
2.179176,CrossOut,0.659748,1.289492,1.541716,1.550693,0.000045,0.354562,-0.847735,-0.847435
2.183343,CrossOut,0.656874,1.286619,1.461708,1.455358,0.000016,0.491267,-0.689707,-0.689621
2.187510,CrossOut,0.654678,1.284421,1.405970,1.369991,0.000033,0.624867,-0.527144,-0.527344
2.191676,CrossOut,0.653169,1.282911,1.380878,1.296025,0.000046,0.755586,-0.362091,-0.362406
2.195843,CrossOut,0.652352,1.282093,1.390932,1.234254,0.000065,0.883062,-0.196095,-0.196438
2.200009,CrossOut,0.652222,1.281962,1.438112,1.184887,0.000036,1.007656,-0.031157,-0.031471
2.204176,CrossOut,0.652773,1.282512,1.507231,1.158614,0.000016,1.129086,0.132322,0.132151
2.208343,CrossOut,0.653984,1.283723,1.571960,1.142753,0.000016,1.247455,0.290608,0.290537
2.212509,CrossOut,0.655834,1.285573,1.648684,1.141433,0.000016,1.362779,0.443988,0.443916
2.216676,CrossOut,0.658297,1.288035,1.733533,1.153654,0.000050,1.474823,0.591116,0.591030
2.220842,CrossOut,0.661342,1.291079,1.822946,1.177575,0.000057,1.583976,0.730820,0.730619
2.225009,CrossOut,0.664934,1.294670,1.913739,1.210729,0.000020,1.689799,0.861998,0.861740
2.229176,CrossOut,0.669035,1.298769,2.003490,1.250586,0.000026,1.792546,0.984163,0.983820
2.233342,CrossOut,0.673602,1.303335,2.090055,1.294502,0.000023,1.892255,1.096258,1.095800
2.237509,CrossOut,0.678592,1.308323,2.168761,1.326885,0.000007,1.988602,1.197624,1.197023
2.241675,CrossOut,0.683961,1.313688,2.254208,1.366813,0.000045,2.081992,1.288404,1.287632
2.245842,CrossOut,0.689658,1.319382,2.333737,1.402662,0.000014,2.172047,1.367340,1.366596
2.250009,CrossOut,0.695636,1.325357,2.407067,1.433392,0.000029,2.259056,1.434660,1.434088
2.254175,CrossOut,0.701847,1.331566,2.473943,1.458137,0.000061,2.342926,1.490564,1.490192
2.258342,CrossOut,0.708243,1.337963,2.534207,1.476208,0.000074,2.423554,1.535239,1.535282
2.262508,CrossOut,0.714782,1.344504,2.587878,1.487537,0.000020,2.501007,1.569271,1.569786
2.266675,CrossOut,0.721419,1.351146,2.635116,1.491858,0.000039,2.575426,1.592946,1.594076
2.270842,CrossOut,0.728113,1.357847,2.656408,1.452899,0.000007,2.646599,1.606565,1.608152
2.275008,CrossOut,0.734840,1.364581,2.698550,1.442290,0.000021,2.714684,1.614332,1.616306
2.279175,CrossOut,0.741563,1.371315,2.733434,1.426769,0.000007,2.779693,1.613688,1.616020
2.283341,CrossOut,0.748252,1.378014,2.761297,1.406500,0.000010,2.841462,1.605177,1.607838
2.287508,CrossOut,0.754873,1.384649,2.782293,1.381715,0.000043,2.900278,1.589198,1.592245
2.291675,CrossOut,0.761399,1.391189,2.796595,1.352920,0.000007,2.956003,1.566253,1.569614
2.295841,CrossOut,0.767803,1.397607,2.804499,1.320301,0.000036,3.008506,1.536827,1.540432
2.300008,CrossOut,0.774058,1.403879,2.806103,1.284354,0.000014,3.058117,1.501322,1.505213
2.304174,CrossOut,0.780131,1.409969,2.797957,1.215556,0.000014,3.104716,1.457491,1.461668
2.308341,CrossOut,0.786004,1.415861,2.805549,1.163076,0.000043,3.148168,1.409512,1.414089
2.312508,CrossOut,0.788194,1.418070,2.357453,0.789058,0.000043,3.188682,0.525456,0.530090
2.316674,CrossOut,0.789999,1.419894,2.340226,0.790187,0.000014,3.226276,0.433302,0.437822
2.320841,CrossOut,0.791804,1.421717,2.354087,0.780413,0.000064,3.260769,0.433331,0.437536
2.325007,CrossOut,0.793610,1.423539,2.362580,0.770516,0.000064,3.292425,0.433359,0.437193
2.329174,CrossOut,0.795416,1.425358,2.365738,0.760469,0.000072,3.321123,0.433331,0.436707
2.333341,CrossOut,0.797221,1.427176,2.363466,0.750389,0.000016,3.346879,0.433359,0.436192
2.337507,CrossOut,0.798194,1.428158,2.323578,0.830124,0.000014,3.369770,0.233316,0.235806
2.341674,CrossOut,0.799166,1.429140,2.355175,0.816384,0.000021,3.389760,0.233316,0.235519
2.345840,CrossOut,0.799386,1.429368,2.309938,0.881586,0.000014,3.406862,0.052986,0.054874
2.350007,CrossOut,0.798730,1.428718,2.249982,0.995939,0.000010,3.421062,-0.157499,-0.155983
2.354174,CrossOut,0.798016,1.428009,2.224200,1.001187,0.000044,3.432507,-0.171518,-0.170288
2.358340,CrossOut,0.797246,1.427243,2.182297,1.011271,0.000029,3.440960,-0.184794,-0.183935
2.362507,CrossOut,0.796423,1.426423,2.124862,1.026613,0.000016,3.446677,-0.197325,-0.196781
2.366673,CrossOut,0.795552,1.425552,2.052573,1.048084,0.000039,3.449555,-0.209184,-0.209026
2.370840,CrossOut,0.794646,1.424645,1.959987,1.035725,0.000014,3.449512,-0.217395,-0.217552
2.375007,CrossOut,0.793679,1.423676,1.899086,1.060558,0.000032,3.446649,-0.232086,-0.232658
2.379173,CrossOut,0.792653,1.422647,1.848839,1.079491,0.000045,3.441033,-0.246105,-0.246964
2.383340,CrossOut,0.791572,1.421560,1.808963,1.091243,0.000014,3.432463,-0.259552,-0.260782
2.387506,CrossOut,0.790437,1.420419,1.778978,1.094838,0.000014,3.421050,-0.272341,-0.273914
2.391673,CrossOut,0.789252,1.419226,1.758796,1.090235,0.000029,3.406918,-0.284472,-0.286360
2.395840,CrossOut,0.788018,1.417982,1.747947,1.078343,0.000021,3.389718,-0.296173,-0.298433
2.400006,CrossOut,0.786739,1.416692,1.746293,1.060137,0.000007,3.369799,-0.307045,-0.309591
2.404173,CrossOut,0.785453,1.415395,1.717442,0.979966,0.000007,3.346864,-0.308418,-0.311394
2.408340,CrossOut,0.784125,1.414052,1.705516,0.982180,0.000052,3.321139,-0.318747,-0.322237
2.412506,CrossOut,0.782747,1.412657,1.690227,0.981856,0.000066,3.292438,-0.330877,-0.334854
2.416673,CrossOut,0.781311,1.411203,1.671546,0.978700,0.000016,3.260797,-0.344639,-0.349045
2.420839,CrossOut,0.779810,1.409682,1.649986,0.973017,0.000021,3.226232,-0.360146,-0.364895
2.425006,CrossOut,0.778237,1.408089,1.625764,0.964977,0.000052,3.188715,-0.377455,-0.382290
2.429173,CrossOut,0.776586,1.406418,1.599454,0.954615,0.000039,3.148154,-0.396395,-0.401201
2.433339,CrossOut,0.774848,1.404661,1.571798,0.942300,0.000020,3.104624,-0.417066,-0.421572
2.437506,CrossOut,0.772999,1.402796,1.574124,0.993481,0.000014,3.058180,-0.443645,-0.447722
2.441672,CrossOut,0.771074,1.400854,1.555647,0.987189,0.000045,3.008549,-0.462070,-0.465918
2.445839,CrossOut,0.769071,1.398836,1.536523,0.981064,0.000032,2.955947,-0.480695,-0.484285
2.450006,CrossOut,0.766991,1.396743,1.517099,0.975074,0.000014,2.900285,-0.499163,-0.502424
2.454172,CrossOut,0.764833,1.394573,1.497634,0.970114,0.000020,2.841486,-0.517960,-0.520821
2.458339,CrossOut,0.762597,1.392326,1.478447,0.966276,0.000014,2.779661,-0.536614,-0.539131
2.462505,CrossOut,0.760283,1.390003,1.459901,0.964224,0.000026,2.714698,-0.555439,-0.557556
2.466672,CrossOut,0.757890,1.387603,1.442370,0.964612,0.000039,2.646599,-0.574336,-0.576010
2.470839,CrossOut,0.755396,1.385104,1.451018,1.008372,0.000045,2.575390,-0.598598,-0.599728
2.475005,CrossOut,0.752813,1.382520,1.440919,1.009261,0.000032,2.501060,-0.619783,-0.620298
2.479172,CrossOut,0.750144,1.379851,1.431842,1.012669,0.000029,2.423521,-0.640569,-0.640554
2.483338,CrossOut,0.747391,1.377099,1.423754,1.019008,0.000026,2.342872,-0.660839,-0.660410
2.487505,CrossOut,0.744554,1.374266,1.416812,1.028825,0.000032,2.259111,-0.680766,-0.680065
2.491672,CrossOut,0.741636,1.371351,1.411092,1.042478,0.000014,2.172027,-0.700293,-0.699434
2.495838,CrossOut,0.738639,1.368358,1.406586,1.060208,0.000045,2.082000,-0.719318,-0.718432
2.500005,CrossOut,0.735564,1.365286,1.403360,1.082737,0.000066,1.988660,-0.738072,-0.737343
2.504171,CrossOut,0.732416,1.362140,1.397143,1.097178,0.000000,1.892194,-0.755496,-0.754910
2.508338,CrossOut,0.729183,1.358909,1.402316,1.124591,0.000086,1.792564,-0.775909,-0.775394
2.512505,CrossOut,0.725860,1.355588,1.409256,1.153384,0.000086,1.689852,-0.797467,-0.796995
2.516671,CrossOut,0.722443,1.352173,1.418273,1.183532,0.000046,1.583886,-0.820141,-0.819740
2.520838,CrossOut,0.718926,1.348657,1.429497,1.215312,0.000029,1.474891,-0.844202,-0.843916
2.525004,CrossOut,0.715302,1.345035,1.443203,1.248703,0.000056,1.362737,-0.869551,-0.869236
2.529171,CrossOut,0.711568,1.341302,1.459584,1.283817,0.000021,1.247417,-0.896258,-0.895929
2.533338,CrossOut,0.707716,1.337451,1.478921,1.320638,0.000026,1.129123,-0.924411,-0.924053
2.537504,CrossOut,0.703741,1.333477,1.504994,1.365130,0.000023,1.007614,-0.954108,-0.953751
2.541671,CrossOut,0.699648,1.329385,1.530834,1.407717,0.000053,0.883133,-0.982404,-0.982218
2.545837,CrossOut,0.695430,1.325168,1.558819,1.451273,0.000007,0.755534,-1.012244,-1.012173
2.550004,CrossOut,0.691081,1.320819,1.588932,1.495752,0.000046,0.624885,-1.043715,-1.043758
2.554171,CrossOut,0.686594,1.316331,1.621307,1.541238,0.000096,0.491257,-1.076860,-1.077003
2.558337,CrossOut,0.681962,1.311698,1.655986,1.587588,0.000056,0.354569,-1.111751,-1.111908
2.562504,CrossOut,0.677176,1.306911,1.693126,1.634983,0.000061,0.214958,-1.148643,-1.148787
2.566670,CrossOut,0.672228,1.301963,1.732919,1.683290,0.000067,0.072284,-1.187582,-1.187582
2.570837,CrossOut,0.667479,1.297215,1.714463,1.670124,0.072359,0.000040,-1.139603,-1.139460
2.575004,CrossOut,0.663323,1.293061,1.633022,1.598910,0.214905,0.000000,-0.997438,-0.997181
2.579170,CrossOut,0.659792,1.289531,1.548460,1.535858,0.354608,0.000032,-0.847406,-0.847120
2.583337,CrossOut,0.656914,1.286653,1.463591,1.484599,0.491251,0.000040,-0.690908,-0.690680
2.587503,CrossOut,0.654708,1.284448,1.381265,1.448716,0.624888,0.000016,-0.529404,-0.529203
2.591670,CrossOut,0.653188,1.282929,1.305181,1.431115,0.755503,0.000014,-0.364637,-0.364580
2.595837,CrossOut,0.652363,1.282103,1.238707,1.433547,0.883136,0.000007,-0.198212,-0.198240
2.600003,CrossOut,0.652230,1.281969,1.185415,1.456164,1.007647,0.000014,-0.031872,-0.032072
2.604170,CrossOut,0.652781,1.282520,1.158607,1.507263,1.129071,0.000007,0.132308,0.132151
2.608336,CrossOut,0.653992,1.283730,1.142792,1.571937,1.247392,0.000007,0.290551,0.290451
2.612503,CrossOut,0.655842,1.285580,1.141408,1.648684,1.362776,0.000029,0.443988,0.443916
2.616670,CrossOut,0.658304,1.288042,1.153611,1.733524,1.474858,0.000029,0.591044,0.590944
2.620836,CrossOut,0.661349,1.291086,1.177579,1.822915,1.583953,0.000021,0.730763,0.730562
2.625003,CrossOut,0.664941,1.294677,1.210772,1.913802,1.689826,0.000007,0.862141,0.861940
2.629169,CrossOut,0.669041,1.298776,1.250495,2.003375,1.792564,0.000014,0.983963,0.983591
2.633336,CrossOut,0.673609,1.303342,1.294496,2.090093,1.892161,0.000000,1.096272,1.095800
2.637503,CrossOut,0.678599,1.308329,1.326885,2.168727,1.988636,0.000021,1.197596,1.196995
2.641669,CrossOut,0.683967,1.313694,1.366711,2.254145,2.081960,0.000007,1.288304,1.287575
2.645836,CrossOut,0.689664,1.319388,1.402644,2.333707,2.172068,0.000000,1.367297,1.366539
2.650002,CrossOut,0.695642,1.325363,1.433420,2.407121,2.259051,0.000026,1.434689,1.434088
2.654169,CrossOut,0.701852,1.331572,1.458042,2.473832,2.342884,0.000016,1.490436,1.490107
2.658336,CrossOut,0.708249,1.337969,1.476135,2.534133,2.423502,0.000020,1.535168,1.535196
2.662502,CrossOut,0.714787,1.344509,1.487537,2.587861,2.501019,0.000052,1.569257,1.569757
2.666669,CrossOut,0.721424,1.351151,1.491824,2.635078,2.575408,0.000026,1.592875,1.593990
2.670835,CrossOut,0.728118,1.357852,1.452834,2.656395,2.646535,0.000020,1.606522,1.608124
2.675002,CrossOut,0.734844,1.364586,1.442309,2.698526,2.714763,0.000072,1.614289,1.616249
2.679169,CrossOut,0.741568,1.371319,1.426700,2.733384,2.779604,0.000072,1.613617,1.615934
2.683335,CrossOut,0.748256,1.378018,1.406433,2.761244,2.841483,0.000079,1.605120,1.607809
2.687502,CrossOut,0.754877,1.384652,1.381685,2.782248,2.900255,0.000072,1.589141,1.592159
2.691669,CrossOut,0.761403,1.391192,1.352878,2.796604,2.955945,0.000036,1.566210,1.569586
2.695835,CrossOut,0.767806,1.397611,1.320316,2.804446,3.008523,0.000036,1.536827,1.540432
2.700002,CrossOut,0.774062,1.403882,1.284315,2.806086,3.058102,0.000007,1.501279,1.505127
2.704168,CrossOut,0.780134,1.409972,1.215470,2.797900,3.104644,0.000029,1.457376,1.461668
2.708335,CrossOut,0.786007,1.415864,1.163052,2.805534,3.148154,0.000029,1.409454,1.413975
2.712502,CrossOut,0.788194,1.418070,0.789071,2.357165,3.188717,0.000007,0.524826,0.529461
2.716668,CrossOut,0.789999,1.419894,0.790177,2.340228,3.226201,0.000007,0.433302,0.437794
2.720835,CrossOut,0.791805,1.421717,0.780414,2.354100,3.260770,0.000032,0.433345,0.437565
2.725001,CrossOut,0.793610,1.423539,0.770496,2.362596,3.292438,0.000014,0.433345,0.437164
2.729168,CrossOut,0.795416,1.425358,0.760465,2.365708,3.321081,0.000057,0.433345,0.436707
2.733335,CrossOut,0.797221,1.427176,0.750396,2.363498,3.346850,0.000043,0.433345,0.436220
2.737501,CrossOut,0.798194,1.428159,0.830132,2.323552,3.369769,0.000014,0.233316,0.235834
2.741668,CrossOut,0.799166,1.429140,0.816392,2.355175,3.389702,0.000021,0.233316,0.235491
2.745834,CrossOut,0.799387,1.429369,0.881532,2.309963,3.406835,0.000021,0.053101,0.054960
2.750001,CrossOut,0.798730,1.428719,0.995973,2.249945,3.421121,0.000007,-0.157557,-0.156012
2.754168,CrossOut,0.798016,1.428009,1.001126,2.224246,3.432391,0.000079,-0.171461,-0.170231
2.758334,CrossOut,0.797246,1.427243,1.011285,2.182287,3.440976,0.000064,-0.184794,-0.183935
2.762501,CrossOut,0.796424,1.426423,1.026633,2.124888,3.446676,0.000058,-0.197353,-0.196810
2.766667,CrossOut,0.795552,1.425552,1.048080,2.052554,3.449498,0.000040,-0.209169,-0.209026
2.770834,CrossOut,0.794646,1.424646,1.035718,1.959981,3.449440,0.000014,-0.217381,-0.217552
2.775001,CrossOut,0.793680,1.423676,1.060528,1.899110,3.446733,0.000000,-0.232058,-0.232573
2.779167,CrossOut,0.792654,1.422647,1.079469,1.848856,3.440948,0.000007,-0.246105,-0.246992
2.783334,CrossOut,0.791573,1.421561,1.091238,1.808935,3.432448,0.000000,-0.259523,-0.260754
2.787500,CrossOut,0.790438,1.420420,1.094815,1.778984,3.421091,0.000036,-0.272312,-0.273857
2.791667,CrossOut,0.789253,1.419227,1.090271,1.758804,3.406807,0.000032,-0.284472,-0.286388
2.795834,CrossOut,0.788019,1.417983,1.078349,1.747943,3.389730,0.000032,-0.296202,-0.298462
2.800000,CrossOut,0.786739,1.416693,1.060144,1.746331,3.369743,0.000104,-0.307016,-0.309563
2.804167,CrossOut,0.785454,1.415396,0.979935,1.717441,3.346879,0.000103,-0.308418,-0.311365
2.808333,CrossOut,0.784126,1.414053,0.982173,1.705516,3.321136,0.000046,-0.318718,-0.322237
2.812500,CrossOut,0.782748,1.412658,0.981828,1.690171,3.292383,0.000026,-0.330877,-0.334854
2.816667,CrossOut,0.781312,1.411203,0.978709,1.671596,3.260766,0.000054,-0.344610,-0.349073
2.820833,CrossOut,0.779811,1.409683,0.972999,1.649999,3.226236,0.000064,-0.360146,-0.364809
2.825000,CrossOut,0.778238,1.408090,0.965005,1.625767,3.188680,0.000057,-0.377455,-0.382319
2.829166,CrossOut,0.776587,1.406419,0.954538,1.599468,3.148154,0.000021,-0.396338,-0.401173
2.833333,CrossOut,0.774849,1.404662,0.942330,1.571724,3.104641,0.000046,-0.417109,-0.421572
2.837500,CrossOut,0.773001,1.402797,0.993446,1.574140,3.058103,0.000109,-0.443573,-0.447664
2.841666,CrossOut,0.771076,1.400856,0.987162,1.555673,3.008557,0.000058,-0.462070,-0.465946
2.845833,CrossOut,0.769073,1.398838,0.981030,1.536521,2.955946,0.000052,-0.480666,-0.484228
2.849999,CrossOut,0.766993,1.396744,0.975101,1.517131,2.900226,0.000000,-0.499191,-0.502424
2.854166,CrossOut,0.764835,1.394574,0.970096,1.497606,2.841478,0.000040,-0.517931,-0.520821
2.858333,CrossOut,0.762599,1.392328,0.966255,1.478477,2.779666,0.000029,-0.536599,-0.539103
2.862499,CrossOut,0.760285,1.390005,0.964252,1.459900,2.714667,0.000090,-0.555439,-0.557556
2.866666,CrossOut,0.757892,1.387605,0.964577,1.442374,2.646577,0.000052,-0.574336,-0.576038
2.870832,CrossOut,0.755398,1.385106,1.008344,1.451014,2.575394,0.000021,-0.598540,-0.599642
2.874999,CrossOut,0.752815,1.382522,1.009282,1.440863,2.501022,0.000036,-0.619812,-0.620356
2.879166,CrossOut,0.750146,1.379853,1.012617,1.431834,2.423464,0.000029,-0.640526,-0.640526
2.883332,CrossOut,0.747393,1.377101,1.019047,1.423793,2.342932,0.000040,-0.660839,-0.660381
2.887499,CrossOut,0.744556,1.374267,1.028812,1.416836,2.259048,0.000064,-0.680766,-0.680094
2.891665,CrossOut,0.741638,1.371353,1.042457,1.411098,2.172035,0.000067,-0.700278,-0.699377
2.895832,CrossOut,0.738641,1.368360,1.060276,1.406626,2.081994,0.000058,-0.719333,-0.718489
2.899999,CrossOut,0.735566,1.365287,1.082764,1.403395,1.988605,0.000014,-0.738058,-0.737314
2.904165,CrossOut,0.732418,1.362142,1.097196,1.397170,1.892195,0.000036,-0.755525,-0.754910
2.908332,CrossOut,0.729185,1.358911,1.124596,1.402350,1.792558,0.000077,-0.775924,-0.775394
2.912498,CrossOut,0.725862,1.355590,1.153444,1.409318,1.689863,0.000092,-0.797482,-0.797052
2.916665,CrossOut,0.722445,1.352175,1.183500,1.418290,1.583855,0.000036,-0.820098,-0.819683
2.920832,CrossOut,0.718927,1.348658,1.215420,1.429547,1.474858,0.000032,-0.844288,-0.844002
2.924998,CrossOut,0.715304,1.345036,1.248746,1.443241,1.362735,0.000043,-0.869551,-0.869236
2.929165,CrossOut,0.711570,1.341303,1.283789,1.459621,1.247449,0.000064,-0.896244,-0.895901
2.933331,CrossOut,0.707718,1.337453,1.320677,1.478910,1.129067,0.000064,-0.924454,-0.924110
2.937498,CrossOut,0.703739,1.333476,1.373475,1.508248,1.007673,0.000077,-0.954924,-0.954437
2.941665,CrossOut,0.699637,1.329376,1.429345,1.540402,0.883102,0.000052,-0.984464,-0.983963
2.945831,CrossOut,0.695409,1.325150,1.479314,1.572378,0.755509,0.000014,-1.014819,-1.014376
2.949998,CrossOut,0.691050,1.320793,1.522113,1.602495,0.624911,0.000021,-1.046004,-1.045704
2.954165,CrossOut,0.686558,1.316300,1.557078,1.629936,0.491189,0.000029,-1.078234,-1.078148
2.958331,CrossOut,0.681927,1.311669,1.584026,1.653501,0.354612,0.000040,-1.111364,-1.111593
2.962498,CrossOut,0.677152,1.306892,1.603380,1.673175,0.214927,0.000014,-1.145940,-1.146469
2.966664,CrossOut,0.672229,1.301964,1.615553,1.688388,0.072343,0.000029,-1.181674,-1.182604
2.970831,CrossOut,0.667455,1.297195,1.750808,1.765349,0.000029,0.072283,-1.145625,-1.144552
2.974998,CrossOut,0.663288,1.293031,1.639925,1.654589,0.000029,0.214954,-1.000171,-0.999527
2.979164,CrossOut,0.659755,1.289500,1.541779,1.550726,0.000007,0.354578,-0.847750,-0.847406
2.983331,CrossOut,0.656882,1.286626,1.461743,1.455405,0.000007,0.491311,-0.689678,-0.689621
2.987497,CrossOut,0.654685,1.284429,1.405996,1.370018,0.000036,0.624852,-0.527158,-0.527344
2.991664,CrossOut,0.653176,1.282919,1.380887,1.296063,0.000014,0.755508,-0.362105,-0.362406
2.995831,CrossOut,0.652359,1.282100,1.390978,1.234318,0.000010,0.883134,-0.196180,-0.196552
2.999997,CrossOut,0.652229,1.281969,1.438138,1.184920,0.000007,1.007679,-0.031157,-0.031471
3.004164,CrossOut,0.652780,1.282519,1.507254,1.158610,0.000051,1.129026,0.132265,0.132093
3.008330,CrossOut,0.653991,1.283730,1.571995,1.142823,0.000043,1.247451,0.290566,0.290480
3.012497,CrossOut,0.655841,1.285579,1.648709,1.141460,0.000014,1.362733,0.443945,0.443859
3.016664,CrossOut,0.658303,1.288041,1.733506,1.153644,0.000029,1.474828,0.590973,0.590887
3.020830,CrossOut,0.661348,1.291085,1.822976,1.177597,0.000032,1.583974,0.730848,0.730677
3.024997,CrossOut,0.664940,1.294676,1.913713,1.210739,0.000029,1.689772,0.861940,0.861683
3.029163,CrossOut,0.669040,1.298775,2.003477,1.250547,0.000036,1.792597,0.984035,0.983706
3.033330,CrossOut,0.673608,1.303340,2.090087,1.294505,0.000029,1.892156,1.096244,1.095772
3.037497,CrossOut,0.678597,1.308327,2.168663,1.326804,0.000036,1.988701,1.197481,1.196852
3.041663,CrossOut,0.683965,1.313692,2.254204,1.366805,0.000000,2.081869,1.288362,1.287632
3.045830,CrossOut,0.689662,1.319386,2.333730,1.402648,0.000007,2.172126,1.367269,1.366510
3.049996,CrossOut,0.695640,1.325361,2.407074,1.433378,0.000007,2.259051,1.434603,1.434031
3.054163,CrossOut,0.701850,1.331570,2.473886,1.458063,0.000029,2.342869,1.490450,1.490078
3.058330,CrossOut,0.708247,1.337967,2.534157,1.476209,0.000014,2.423521,1.535225,1.535254
3.062496,CrossOut,0.714785,1.344507,2.587867,1.487470,0.000051,2.501004,1.569171,1.569700
3.066663,CrossOut,0.721422,1.351149,2.635097,1.491845,0.000014,2.575329,1.592889,1.594019
3.070829,CrossOut,0.728116,1.357849,2.656432,1.452924,0.000036,2.646662,1.606565,1.608124
3.074996,CrossOut,0.734842,1.364584,2.698549,1.442255,0.000007,2.714671,1.614275,1.616249
3.079163,CrossOut,0.741565,1.371317,2.733351,1.426735,0.000073,2.779572,1.613560,1.615906
3.083329,CrossOut,0.748253,1.378016,2.761302,1.406420,0.000073,2.841509,1.605105,1.607809
3.087496,CrossOut,0.754875,1.384650,2.782269,1.381725,0.000079,2.900231,1.589141,1.592159
3.091662,CrossOut,0.761401,1.391190,2.796586,1.352865,0.000029,2.955976,1.566195,1.569529
3.095829,CrossOut,0.767804,1.397608,2.804492,1.320297,0.000029,3.008527,1.536784,1.540403
3.099996,CrossOut,0.774059,1.403880,2.806068,1.284333,0.000029,3.058130,1.501279,1.505156
3.104162,CrossOut,0.780132,1.409970,2.798002,1.215590,0.000014,3.104581,1.457462,1.461725
3.108329,CrossOut,0.786005,1.415862,2.805550,1.163084,0.000007,3.148186,1.409512,1.414032
3.112495,CrossOut,0.788194,1.418070,2.357430,0.789076,0.000036,3.188658,0.525284,0.529919
3.116662,CrossOut,0.789999,1.419894,2.340231,0.790211,0.000000,3.226199,0.433302,0.437822
3.120829,CrossOut,0.791804,1.421717,2.354145,0.780460,0.000014,3.260827,0.433331,0.437536
3.124995,CrossOut,0.793610,1.423539,2.362594,0.770516,0.000057,3.292381,0.433359,0.437193
3.129162,CrossOut,0.795416,1.425358,2.365765,0.760492,0.000064,3.321080,0.433331,0.436707
3.133328,CrossOut,0.797221,1.427176,2.363489,0.750380,0.000100,3.346878,0.433359,0.436192
3.137495,CrossOut,0.798194,1.428158,2.323567,0.830164,0.000057,3.369744,0.233316,0.235806
3.141662,CrossOut,0.799166,1.429140,2.355210,0.816445,0.000036,3.389703,0.233316,0.235519
3.145828,CrossOut,0.799386,1.429368,2.309957,0.881658,0.000100,3.406891,0.052843,0.054703
3.149995,CrossOut,0.798729,1.428718,2.249962,0.995981,0.000086,3.421034,-0.157557,-0.156012
3.154161,CrossOut,0.798015,1.428008,2.224236,1.001195,0.000021,3.432420,-0.171461,-0.170260
3.158328,CrossOut,0.797245,1.427242,2.182362,1.011319,0.000007,3.441005,-0.184851,-0.183964
3.162495,CrossOut,0.796422,1.426422,2.124886,1.026639,0.000007,3.446619,-0.197353,-0.196810
3.166661,CrossOut,0.795551,1.425550,2.052586,1.048117,0.000029,3.449498,-0.209227,-0.209084
3.170828,CrossOut,0.794645,1.424644,1.959980,1.035775,0.000007,3.449526,-0.217409,-0.217581
3.174994,CrossOut,0.793678,1.423675,1.899111,1.060528,0.000043,3.446648,-0.232058,-0.232601
3.179161,CrossOut,0.792652,1.422645,1.848865,1.079519,0.000014,3.440947,-0.246162,-0.247021
3.183328,CrossOut,0.791571,1.421559,1.808932,1.091271,0.000057,3.432478,-0.259581,-0.260782
3.187494,CrossOut,0.790436,1.420418,1.779084,1.094844,0.000000,3.421031,-0.272312,-0.273914
3.191661,CrossOut,0.789250,1.419224,1.758813,1.090284,0.000036,3.406835,-0.284529,-0.286388
3.195827,CrossOut,0.788016,1.417981,1.747909,1.078340,0.000021,3.389733,-0.296202,-0.298491
3.199994,CrossOut,0.786737,1.416690,1.746333,1.060218,0.000014,3.369740,-0.307102,-0.309620
3.204161,CrossOut,0.785452,1.415393,1.717484,0.979972,0.000014,3.346853,-0.308418,-0.311422
3.208327,CrossOut,0.784123,1.414050,1.705564,0.982210,0.000007,3.321109,-0.318775,-0.322266
3.212494,CrossOut,0.782745,1.412655,1.690213,0.981855,0.000051,3.292380,-0.330906,-0.334883
3.216660,CrossOut,0.781309,1.411200,1.671597,0.978718,0.000100,3.260827,-0.344639,-0.349045
3.220827,CrossOut,0.779808,1.409680,1.649977,0.973097,0.000029,3.226174,-0.360174,-0.364952
3.224994,CrossOut,0.778235,1.408087,1.625782,0.965026,0.000007,3.188684,-0.377512,-0.382347
3.229160,CrossOut,0.776583,1.406415,1.599479,0.954628,0.000007,3.148154,-0.396395,-0.401201
3.233327,CrossOut,0.774845,1.404658,1.571808,0.942349,0.000007,3.104646,-0.417166,-0.421629
3.237494,CrossOut,0.772997,1.402793,1.574176,0.993488,0.000021,3.058068,-0.443630,-0.447722
3.241660,CrossOut,0.771071,1.400851,1.555616,0.987244,0.000064,3.008581,-0.462098,-0.465946
3.245827,CrossOut,0.769068,1.398833,1.536607,0.981034,0.000104,2.955886,-0.480709,-0.484314
3.249993,CrossOut,0.766988,1.396740,1.517120,0.975175,0.000077,2.900258,-0.499249,-0.502482
3.254160,CrossOut,0.764830,1.394569,1.497631,0.970170,0.000032,2.841517,-0.518003,-0.520878
3.258327,CrossOut,0.762594,1.392323,1.478446,0.966260,0.000029,2.779634,-0.536642,-0.539160
3.262493,CrossOut,0.760280,1.390000,1.459986,0.964219,0.000040,2.714636,-0.555396,-0.557499
3.266660,CrossOut,0.757886,1.387599,1.442343,0.964708,0.000029,2.646600,-0.574451,-0.576153
3.270826,CrossOut,0.755392,1.385100,1.451073,1.008423,0.000032,2.575388,-0.598626,-0.599728
3.274993,CrossOut,0.752809,1.382515,1.440896,1.009313,0.000021,2.501011,-0.619841,-0.620384
3.279160,CrossOut,0.750140,1.379846,1.431839,1.012692,0.000029,2.423544,-0.640597,-0.640583
3.283326,CrossOut,0.747386,1.377094,1.423855,1.019115,0.000014,2.342844,-0.660911,-0.660496
3.287493,CrossOut,0.744549,1.374260,1.416851,1.028884,0.000032,2.259051,-0.680852,-0.680122
3.291659,CrossOut,0.741631,1.371346,1.411062,1.042463,0.000040,2.172059,-0.700278,-0.699406
3.295826,CrossOut,0.738634,1.368352,1.406659,1.060287,0.000007,2.081939,-0.719404,-0.718546
3.299993,CrossOut,0.735558,1.365280,1.403428,1.082812,0.000046,1.988663,-0.738101,-0.737371
3.304159,CrossOut,0.732410,1.362134,1.397151,1.097182,0.000000,1.892202,-0.755553,-0.754938
3.308326,CrossOut,0.729177,1.358903,1.402359,1.124695,0.000014,1.792531,-0.775981,-0.775452
3.312492,CrossOut,0.725854,1.355582,1.409312,1.153456,0.000086,1.689794,-0.797510,-0.797052
3.316659,CrossOut,0.722437,1.352166,1.418336,1.183617,0.000081,1.583949,-0.820198,-0.819826
3.320826,CrossOut,0.718919,1.348650,1.429545,1.215408,0.000021,1.474858,-0.844302,-0.844002
3.324992,CrossOut,0.715295,1.345028,1.443278,1.248760,0.000052,1.362670,-0.869622,-0.869293
3.329159,CrossOut,0.711561,1.341294,1.459660,1.283857,0.000052,1.247515,-0.896316,-0.896015
3.333325,CrossOut,0.707708,1.337443,1.478977,1.320763,0.000040,1.129034,-0.924511,-0.924168
3.337492,CrossOut,0.703733,1.333469,1.505064,1.365214,0.000029,1.007611,-0.954194,-0.953808
3.341659,CrossOut,0.699639,1.329376,1.530939,1.407845,0.000021,0.883141,-0.982518,-0.982332
3.345825,CrossOut,0.695421,1.325159,1.558842,1.451314,0.000021,0.755505,-1.012287,-1.012230
3.349992,CrossOut,0.691072,1.320809,1.589002,1.495836,0.000021,0.624916,-1.043801,-1.043844
3.354158,CrossOut,0.686585,1.316321,1.621406,1.541321,0.000086,0.491252,-1.076946,-1.077089
3.358325,CrossOut,0.681952,1.311688,1.656065,1.587630,0.000021,0.354548,-1.111851,-1.111994
3.362492,CrossOut,0.677165,1.306901,1.693226,1.635087,0.000029,0.214984,-1.148715,-1.148844
3.366658,CrossOut,0.672217,1.301953,1.732939,1.683392,0.000029,0.072284,-1.187668,-1.187668
3.370825,CrossOut,0.667468,1.297204,1.714645,1.670226,0.072307,0.000000,-1.139760,-1.139631
3.374991,CrossOut,0.663311,1.293049,1.633081,1.598991,0.214956,0.000029,-0.997539,-0.997267
3.379158,CrossOut,0.659780,1.289519,1.548594,1.535940,0.354577,0.000014,-0.847521,-0.847235
3.383325,CrossOut,0.656901,1.286641,1.463618,1.484691,0.491252,0.000020,-0.691009,-0.690765
3.387491,CrossOut,0.654695,1.284435,1.381367,1.448737,0.624886,0.000020,-0.529461,-0.529289
3.391658,CrossOut,0.653175,1.282916,1.305219,1.431185,0.755599,0.000014,-0.364680,-0.364637
3.395824,CrossOut,0.652349,1.282090,1.238670,1.433603,0.883166,0.000029,-0.198226,-0.198240
3.399991,CrossOut,0.652216,1.281956,1.185503,1.456163,1.007608,0.000014,-0.031929,-0.032129
3.404158,CrossOut,0.652767,1.282506,1.158615,1.507286,1.129088,0.000000,0.132265,0.132093
3.408324,CrossOut,0.653978,1.283717,1.142822,1.571957,1.247458,0.000000,0.290537,0.290451
3.412491,CrossOut,0.655828,1.285566,1.141432,1.648744,1.362726,0.000000,0.443959,0.443916
3.416657,CrossOut,0.658291,1.288029,1.153683,1.733534,1.474919,0.000007,0.591130,0.591002
3.420824,CrossOut,0.661336,1.291073,1.177612,1.822964,1.583882,0.000007,0.730791,0.730591
3.424991,CrossOut,0.664928,1.294664,1.210797,1.913814,1.689859,0.000000,0.862112,0.861883
3.429157,CrossOut,0.669028,1.298763,1.250597,2.003459,1.792584,0.000000,0.984092,0.983763
3.433324,CrossOut,0.673596,1.303329,1.294494,2.090112,1.892199,0.000000,1.096287,1.095800
3.437490,CrossOut,0.678586,1.308316,1.326910,2.168782,1.988660,0.000014,1.197639,1.197023
3.441657,CrossOut,0.683955,1.313682,1.366881,2.254251,2.082025,0.000007,1.288447,1.287689
3.445824,CrossOut,0.689652,1.319376,1.402681,2.333778,2.172091,0.000000,1.367369,1.366625
3.449990,CrossOut,0.695630,1.325351,1.433439,2.407086,2.259055,0.000007,1.434646,1.434088
3.454157,CrossOut,0.701841,1.331561,1.458146,2.473982,2.342896,0.000007,1.490579,1.490250
3.458323,CrossOut,0.708238,1.337958,1.476274,2.534248,2.423575,0.000029,1.535311,1.535339
3.462490,CrossOut,0.714777,1.344499,1.487528,2.587882,2.501033,0.000007,1.569271,1.569757
3.466657,CrossOut,0.721414,1.351141,1.491915,2.635174,2.575450,0.000014,1.593003,1.594133
3.470823,CrossOut,0.728108,1.357842,1.452971,2.656487,2.646598,0.000000,1.606636,1.608210
3.474990,CrossOut,0.734835,1.364576,1.442359,2.698566,2.714665,0.000014,1.614332,1.616278
3.479156,CrossOut,0.741559,1.371310,1.426808,2.733542,2.779727,0.000066,1.613774,1.616135
3.483323,CrossOut,0.748247,1.378010,1.406559,2.761279,2.841478,0.000073,1.605191,1.607895
3.487490,CrossOut,0.754869,1.384644,1.381735,2.782285,2.900316,0.000007,1.589184,1.592188
3.491656,CrossOut,0.761395,1.391184,1.352978,2.796742,2.955975,0.000043,1.566353,1.569700
3.495823,CrossOut,0.767799,1.397603,1.320303,2.804490,3.008580,0.000007,1.536827,1.540432
3.499990,CrossOut,0.774055,1.403875,1.284471,2.806196,3.058129,0.000036,1.501436,1.505327
3.504156,CrossOut,0.780127,1.409965,1.215553,2.797958,3.104703,0.000043,1.457434,1.461668
3.508323,CrossOut,0.786000,1.415858,1.163127,2.805587,3.148180,0.000029,1.409569,1.414146
3.512489,CrossOut,0.788193,1.418070,0.788962,2.357882,3.188682,0.000072,0.526314,0.530949
3.516656,CrossOut,0.789999,1.419894,0.790223,2.340217,3.226265,0.000000,0.433331,0.437794
3.520823,CrossOut,0.791804,1.421717,0.780466,2.354147,3.260795,0.000050,0.433331,0.437565
3.524989,CrossOut,0.793610,1.423539,0.770514,2.362646,3.292437,0.000043,0.433359,0.437193
3.529156,CrossOut,0.795416,1.425358,0.760465,2.365723,3.321167,0.000036,0.433331,0.436707
3.533322,CrossOut,0.797221,1.427176,0.750397,2.363479,3.346880,0.000064,0.433359,0.436192
3.537489,CrossOut,0.798194,1.428158,0.830177,2.323603,3.369769,0.000007,0.233316,0.235806
3.541656,CrossOut,0.799166,1.429140,0.816440,2.355230,3.389847,0.000000,0.233316,0.235519
3.545822,CrossOut,0.799384,1.429366,0.881822,2.309749,3.406833,0.000036,0.052471,0.054331
3.549989,CrossOut,0.798728,1.428716,0.996014,2.250017,3.421091,0.000036,-0.157585,-0.156040
3.554155,CrossOut,0.798013,1.428007,1.001260,2.224223,3.432506,0.000064,-0.171518,-0.170260
3.558322,CrossOut,0.797243,1.427240,1.011313,2.182336,3.441033,0.000000,-0.184851,-0.184050
3.562489,CrossOut,0.796421,1.426420,1.026605,2.124864,3.446676,0.000043,-0.197353,-0.196810
3.566655,CrossOut,0.795548,1.425548,1.048162,2.052573,3.449555,0.000021,-0.209284,-0.209084
3.570822,CrossOut,0.794643,1.424642,1.035790,1.960012,3.449498,0.000014,-0.217409,-0.217609
3.574988,CrossOut,0.793675,1.423672,1.060558,1.899144,3.446734,0.000021,-0.232115,-0.232658
3.579155,CrossOut,0.792650,1.422643,1.079534,1.848843,3.441032,0.000050,-0.246162,-0.247021
3.583322,CrossOut,0.791568,1.421556,1.091288,1.808942,3.432450,0.000059,-0.259609,-0.260840
3.587488,CrossOut,0.790433,1.420415,1.094897,1.779005,3.421089,0.000032,-0.272369,-0.273914
3.591655,CrossOut,0.789248,1.419221,1.090292,1.758818,3.406894,0.000043,-0.284529,-0.286446
3.595821,CrossOut,0.788014,1.417978,1.078390,1.747910,3.389787,0.000000,-0.296202,-0.298491
3.599988,CrossOut,0.786734,1.416688,1.060166,1.746375,3.369769,0.000029,-0.307102,-0.309620
3.604155,CrossOut,0.785448,1.415390,0.980075,1.717457,3.346938,0.000000,-0.308533,-0.311480
3.608321,CrossOut,0.784120,1.414047,0.982207,1.705535,3.321110,0.000000,-0.318747,-0.322266
3.612488,CrossOut,0.782741,1.412652,0.981861,1.690167,3.292436,0.000020,-0.330906,-0.334883
3.616654,CrossOut,0.781305,1.411197,0.978776,1.671589,3.260861,0.000032,-0.344753,-0.349188
3.620821,CrossOut,0.779804,1.409676,0.973085,1.650047,3.226226,0.000000,-0.360146,-0.364866
3.624988,CrossOut,0.778231,1.408083,0.965054,1.625772,3.188716,0.000052,-0.377541,-0.382404
3.629154,CrossOut,0.776580,1.406411,0.954644,1.599420,3.148180,0.000066,-0.396423,-0.401201
3.633321,CrossOut,0.774841,1.404654,0.942412,1.571800,3.104672,0.000007,-0.417194,-0.421686
3.637487,CrossOut,0.772993,1.402789,0.993508,1.574181,3.058159,0.000007,-0.443659,-0.447750
3.641654,CrossOut,0.771067,1.400847,0.987213,1.555661,3.008576,0.000007,-0.462112,-0.466003
3.645821,CrossOut,0.769064,1.398829,0.981109,1.536539,2.955917,0.000093,-0.480781,-0.484343
3.649987,CrossOut,0.766984,1.396735,0.975192,1.517178,2.900317,0.000029,-0.499263,-0.502510
3.654154,CrossOut,0.764825,1.394565,0.970173,1.497630,2.841547,0.000086,-0.518017,-0.520906
3.658320,CrossOut,0.762589,1.392318,0.966345,1.478445,2.779636,0.000029,-0.536699,-0.539188
3.662487,CrossOut,0.760275,1.389995,0.964267,1.459925,2.714749,0.000014,-0.555468,-0.557585
3.666654,CrossOut,0.757881,1.387594,0.964667,1.442456,2.646602,0.000014,-0.574408,-0.576096
3.670820,CrossOut,0.755387,1.385095,1.008452,1.451020,2.575383,0.000014,-0.598669,-0.599814
3.674987,CrossOut,0.752804,1.382510,1.009373,1.440902,2.501069,0.000057,-0.619927,-0.620413
3.679153,CrossOut,0.750135,1.379841,1.012730,1.431895,2.423546,0.000029,-0.640612,-0.640612
3.683320,CrossOut,0.747380,1.377089,1.019152,1.423801,2.342904,0.000014,-0.660968,-0.660553
3.687487,CrossOut,0.744544,1.374255,1.028884,1.416857,2.259038,0.000029,-0.680838,-0.680094
3.691653,CrossOut,0.741625,1.371340,1.042540,1.411186,2.172126,0.000014,-0.700364,-0.699520
3.695820,CrossOut,0.738628,1.368346,1.060317,1.406603,2.081934,0.000086,-0.719419,-0.718546
3.699986,CrossOut,0.735552,1.365274,1.082886,1.403397,1.988664,0.000076,-0.738201,-0.737457
3.704153,CrossOut,0.732404,1.362128,1.097227,1.397213,1.892194,0.000014,-0.755553,-0.754967
3.708320,CrossOut,0.729170,1.358896,1.124712,1.402386,1.792591,0.000000,-0.776053,-0.775538
3.712486,CrossOut,0.725847,1.355575,1.153447,1.409321,1.689855,0.000000,-0.797553,-0.797081
3.716653,CrossOut,0.722430,1.352159,1.183640,1.418357,1.583938,0.000000,-0.820241,-0.819855
3.720819,CrossOut,0.718912,1.348643,1.215443,1.429557,1.474866,0.000014,-0.844331,-0.844002
3.724986,CrossOut,0.715288,1.345020,1.248840,1.443291,1.362725,0.000000,-0.869694,-0.869408
3.729153,CrossOut,0.711553,1.341286,1.283914,1.459650,1.247451,0.000014,-0.896373,-0.896072
3.733319,CrossOut,0.707701,1.337436,1.320749,1.479007,1.129097,0.000057,-0.924554,-0.924196
3.737486,CrossOut,0.703721,1.333458,1.373550,1.508318,1.007668,0.000064,-0.955024,-0.954523
3.741652,CrossOut,0.699619,1.329358,1.429430,1.540405,0.883075,0.000000,-0.984592,-0.984078
3.745819,CrossOut,0.695390,1.325131,1.479411,1.572465,0.755569,0.000014,-1.014962,-1.014519
3.749986,CrossOut,0.691031,1.320773,1.522217,1.602666,0.624906,0.000014,-1.046119,-1.045818
3.754152,CrossOut,0.686538,1.316280,1.557246,1.629966,0.491252,0.000058,-1.078391,-1.078291
3.758319,CrossOut,0.681907,1.311648,1.584069,1.653598,0.354556,0.000021,-1.111493,-1.111736
3.762486,CrossOut,0.677131,1.306871,1.603452,1.673209,0.214979,0.000057,-1.146054,-1.146584
3.766652,CrossOut,0.672207,1.301943,1.615668,1.688546,0.072287,0.000000,-1.181860,-1.182775
3.770819,CrossOut,0.667411,1.297151,1.754428,1.769335,0.000029,0.067545,-1.151004,-1.149960
3.774985,CrossOut,0.663176,1.292919,1.650197,1.665933,0.000043,0.200709,-1.016464,-1.015806
3.779152,CrossOut,0.659528,1.289272,1.557666,1.568483,0.000000,0.331192,-0.875444,-0.875073
3.783319,CrossOut,0.656490,1.286235,1.481441,1.478253,0.000021,0.458764,-0.729017,-0.728989
3.787485,CrossOut,0.654082,1.283826,1.426842,1.396041,0.000014,0.583702,-0.578041,-0.578213
3.791652,CrossOut,0.652313,1.282055,1.399619,1.323112,0.000007,0.705604,-0.424533,-0.424862
3.795818,CrossOut,0.651190,1.280931,1.404191,1.259886,0.000029,0.824838,-0.269437,-0.269795
3.799985,CrossOut,0.650713,1.280452,1.443145,1.206549,0.000010,0.941147,-0.114598,-0.114927
3.804152,CrossOut,0.650878,1.280617,1.502248,1.173487,0.000029,1.054555,0.039511,0.039368
3.808318,CrossOut,0.651667,1.281406,1.556349,1.147917,0.000050,1.165086,0.189471,0.189400
3.812485,CrossOut,0.653068,1.282806,1.622384,1.135005,0.000023,1.272799,0.336142,0.336056
3.816651,CrossOut,0.655058,1.284795,1.697283,1.134584,0.000010,1.377468,0.477591,0.477476
3.820818,CrossOut,0.657612,1.287349,1.777791,1.145926,0.000021,1.479262,0.613089,0.612917
3.824985,CrossOut,0.660702,1.290438,1.861192,1.167314,0.000014,1.578154,0.741463,0.741205
3.829151,CrossOut,0.664294,1.294029,1.945062,1.197006,0.000029,1.674150,0.862227,0.861883
3.833318,CrossOut,0.668353,1.298085,2.027141,1.232475,0.000050,1.766936,0.974064,0.973578
3.837484,CrossOut,0.672838,1.302568,2.102843,1.258114,0.000000,1.856995,1.076460,1.075859
3.841651,CrossOut,0.677711,1.307438,2.186904,1.294147,0.000014,1.944056,1.169443,1.168699
3.845818,CrossOut,0.682925,1.312649,2.266102,1.327935,0.000014,2.028091,1.251497,1.250753
3.849984,CrossOut,0.688437,1.318158,2.340087,1.358112,0.000021,2.109194,1.322765,1.322165
3.854151,CrossOut,0.694202,1.323922,2.408408,1.383866,0.000036,2.187251,1.383548,1.383219
3.858317,CrossOut,0.700175,1.329895,2.470931,1.404006,0.000021,2.262460,1.433702,1.433744
3.862484,CrossOut,0.706315,1.336038,2.527415,1.418349,0.000000,2.334686,1.473613,1.474113
3.866651,CrossOut,0.712582,1.342309,2.578115,1.426666,0.000007,2.403824,1.503868,1.505013
3.870817,CrossOut,0.718933,1.348666,2.602971,1.390717,0.000014,2.470123,1.524310,1.525841
3.874984,CrossOut,0.725347,1.355088,2.649687,1.385297,0.000021,2.533588,1.539345,1.541348
3.879150,CrossOut,0.731789,1.361540,2.689364,1.375207,0.000050,2.593818,1.546125,1.548443
3.883317,CrossOut,0.738228,1.367991,2.722285,1.360920,0.000020,2.651420,1.545410,1.548128
3.887484,CrossOut,0.744634,1.374409,2.748451,1.342365,0.000073,2.706114,1.537399,1.540403
3.891650,CrossOut,0.750978,1.380767,2.768070,1.319764,0.000029,2.757729,1.522508,1.525869
3.895817,CrossOut,0.757233,1.387037,2.781337,1.293673,0.000014,2.806579,1.501250,1.504869
3.899983,CrossOut,0.763375,1.393196,2.788419,1.264148,0.000007,2.852754,1.474113,1.477976
3.904150,CrossOut,0.769369,1.399207,2.785693,1.201597,0.000014,2.895720,1.438608,1.442871
3.908317,CrossOut,0.775199,1.405056,2.798816,1.155456,0.000043,2.936163,1.399012,1.403561
3.912483,CrossOut,0.780850,1.410727,2.803863,1.111405,0.000064,2.973782,1.356468,1.361074
3.916650,CrossOut,0.786313,1.416208,2.801015,1.069371,0.000086,3.008516,1.311049,1.315584
3.920816,CrossOut,0.791577,1.421490,2.790601,1.029808,0.000036,3.040523,1.263328,1.267490
3.924983,CrossOut,0.793610,1.423539,2.385309,0.762589,0.000050,3.069888,0.487948,0.491810
3.929150,CrossOut,0.795416,1.425358,2.365761,0.760515,0.000016,3.096410,0.433331,0.436707
3.933316,CrossOut,0.797221,1.427176,2.363467,0.750416,0.000029,3.120267,0.433302,0.436163
3.937483,CrossOut,0.798194,1.428158,2.323615,0.830144,0.000029,3.141477,0.233374,0.235834
3.941649,CrossOut,0.799166,1.429140,2.355183,0.816395,0.000007,3.159931,0.233316,0.235519
3.945816,CrossOut,0.799384,1.429366,2.309869,0.881863,0.000043,3.175771,0.052500,0.054388
3.949983,CrossOut,0.798728,1.428716,2.249962,0.995995,0.000014,3.188945,-0.157557,-0.156040
3.954149,CrossOut,0.798013,1.428007,2.224174,1.001221,0.000050,3.199401,-0.171504,-0.170288
3.958316,CrossOut,0.797243,1.427240,2.182343,1.011311,0.000014,3.207323,-0.184865,-0.183992
3.962482,CrossOut,0.796421,1.426420,2.124955,1.026646,0.000050,3.212601,-0.197353,-0.196867
3.966649,CrossOut,0.795549,1.425549,2.052547,1.048097,0.000029,3.215181,-0.209227,-0.209026
3.970816,CrossOut,0.794643,1.424642,1.959995,1.035806,0.000036,3.215181,-0.217438,-0.217609
3.974982,CrossOut,0.793676,1.423673,1.899126,1.060571,0.000021,3.212658,-0.232143,-0.232658
3.979149,CrossOut,0.792650,1.422644,1.848879,1.079499,0.000050,3.207265,-0.246105,-0.246964
3.983315,CrossOut,0.791568,1.421557,1.808928,1.091335,0.000057,3.199460,-0.259638,-0.260897
3.987482,CrossOut,0.790434,1.420415,1.778994,1.094851,0.000007,3.188944,-0.272369,-0.273914
3.991649,CrossOut,0.789248,1.419222,1.758863,1.090332,0.000007,3.175714,-0.284557,-0.286503
3.995815,CrossOut,0.788014,1.417978,1.747933,1.078309,0.000064,3.159933,-0.296173,-0.298376
3.999982,CrossOut,0.786734,1.416688,1.746315,1.060227,0.000050,3.141474,-0.307131,-0.309706
4.004148,CrossOut,0.785449,1.415390,1.717455,0.980027,0.000043,3.120267,-0.308461,-0.311422
4.008315,CrossOut,0.784121,1.414048,1.705600,0.982174,0.000029,3.096410,-0.318732,-0.322237
4.012482,CrossOut,0.782742,1.412652,1.690115,0.981983,0.000036,3.069892,-0.331020,-0.334997
4.016648,CrossOut,0.781305,1.411197,1.671646,0.978743,0.000064,3.040579,-0.344696,-0.349131
4.020815,CrossOut,0.779805,1.409677,1.649982,0.973066,0.000057,3.008513,-0.360174,-0.364895
4.024981,CrossOut,0.778232,1.408084,1.625777,0.965039,0.000007,2.973728,-0.377512,-0.382347
4.029148,CrossOut,0.776580,1.406412,1.599472,0.954653,0.000086,2.936159,-0.396452,-0.401259
4.033315,CrossOut,0.774842,1.404655,1.571803,0.942367,0.000072,2.895836,-0.417166,-0.421658
4.037481,CrossOut,0.772993,1.402789,1.574182,0.993504,0.000014,2.852642,-0.443630,-0.447750
4.041648,CrossOut,0.771067,1.400848,1.555612,0.987306,0.000029,2.806640,-0.462155,-0.465975
4.045815,CrossOut,0.769064,1.398829,1.536597,0.981057,0.000029,2.757781,-0.480738,-0.484343
4.049981,CrossOut,0.766984,1.396736,1.517112,0.975183,0.000000,2.706000,-0.499291,-0.502510
4.054148,CrossOut,0.764826,1.394565,1.497630,0.970204,0.000043,2.651417,-0.518003,-0.520906
4.058314,CrossOut,0.762590,1.392319,1.478501,0.966300,0.000000,2.593943,-0.536685,-0.539188
4.062481,CrossOut,0.760275,1.389995,1.459930,0.964292,0.000000,2.533473,-0.555468,-0.557585
4.066648,CrossOut,0.757882,1.387595,1.442399,0.964649,0.000000,2.470120,-0.574436,-0.576124
4.070814,CrossOut,0.755387,1.385096,1.451020,1.008480,0.000014,2.403885,-0.598669,-0.599785
4.074981,CrossOut,0.752804,1.382511,1.440959,1.009393,0.000014,2.334620,-0.619927,-0.620441
4.079147,CrossOut,0.750135,1.379841,1.431839,1.012687,0.000043,2.262457,-0.640583,-0.640583
4.083314,CrossOut,0.747381,1.377089,1.423863,1.019166,0.000064,2.187314,-0.660982,-0.660553
4.087481,CrossOut,0.744544,1.374255,1.416796,1.028884,0.000103,2.109128,-0.680866,-0.680122
4.091647,CrossOut,0.741626,1.371341,1.411184,1.042511,0.000092,2.028097,-0.700350,-0.699520
4.095814,CrossOut,0.738628,1.368347,1.406607,1.060347,0.000057,1.944054,-0.719404,-0.718517
4.099980,CrossOut,0.735553,1.365274,1.403442,1.082829,0.000072,1.856992,-0.738187,-0.737457
4.104147,CrossOut,0.732404,1.362128,1.397213,1.097233,0.000061,1.767002,-0.755568,-0.754967
4.108314,CrossOut,0.729171,1.358897,1.402334,1.124712,0.000007,1.674031,-0.776038,-0.775509
4.112480,CrossOut,0.725848,1.355576,1.409374,1.153502,0.000072,1.578158,-0.797567,-0.797138
4.116647,CrossOut,0.722430,1.352160,1.418295,1.183617,0.000092,1.479259,-0.820212,-0.819798
4.120813,CrossOut,0.718912,1.348643,1.429568,1.215463,0.000097,1.377530,-0.844345,-0.844059
4.124980,CrossOut,0.715288,1.345021,1.443278,1.248773,0.000061,1.272743,-0.869651,-0.869350
4.129147,CrossOut,0.711554,1.341287,1.459637,1.283901,0.000059,1.165071,-0.896373,-0.896044
4.133313,CrossOut,0.707701,1.337436,1.479056,1.320785,0.000014,1.054568,-0.924568,-0.924225
4.137480,CrossOut,0.703725,1.333462,1.505095,1.365258,0.000000,0.941142,-0.954223,-0.953836
4.141646,CrossOut,0.699631,1.329369,1.530922,1.407845,0.000064,0.824782,-0.982547,-0.982361
4.145813,CrossOut,0.695413,1.325151,1.558880,1.451422,0.000059,0.705662,-1.012416,-1.012344
4.149980,CrossOut,0.691064,1.320801,1.589065,1.495857,0.000059,0.583631,-1.043830,-1.043901
4.154146,CrossOut,0.686576,1.316313,1.621461,1.541385,0.000064,0.458832,-1.077032,-1.077175
4.158313,CrossOut,0.681943,1.311679,1.656122,1.587694,0.000000,0.331142,-1.111908,-1.112022
4.162479,CrossOut,0.677157,1.306892,1.693226,1.635108,0.000057,0.200707,-1.148758,-1.148901
4.166646,CrossOut,0.672207,1.301943,1.733041,1.683476,0.000014,0.067539,-1.187782,-1.187811
4.170813,CrossOut,0.667275,1.297011,1.746088,1.701684,0.032937,0.000014,-1.183763,-1.183605
4.174979,CrossOut,0.662554,1.292291,1.727638,1.689781,0.097986,0.000007,-1.133080,-1.132822
4.179146,CrossOut,0.658056,1.287794,1.705319,1.679260,0.161785,0.000029,-1.079521,-1.079235
4.183312,CrossOut,0.653793,1.283533,1.679126,1.670241,0.224266,0.000007,-1.023102,-1.022844
4.187479,CrossOut,0.649777,1.279517,1.649252,1.662739,0.285363,0.000014,-0.963879,-0.963707
4.191646,PassDeceleration,0.651717,1.281458,0.581650,0.582592,0.034666,0.000014,0.465732,0.465717
4.195812,PassDeceleration,0.654038,1.283778,0.653015,0.657688,0.101299,0.000029,0.556870,0.556898
4.199979,PassDeceleration,0.656712,1.286453,0.720939,0.730629,0.166795,0.000021,0.641871,0.641871
4.204145,PassDeceleration,0.659717,1.289458,0.785008,0.800630,0.230736,0.000064,0.721221,0.721264
4.208312,PassDeceleration,0.663026,1.292766,0.843783,0.865901,0.293430,0.000036,0.794077,0.794077
4.212479,PassDeceleration,0.666611,1.296351,0.896951,0.925805,0.354302,0.000050,0.860367,0.860395
4.216645,PassDeceleration,0.670446,1.300186,0.944419,0.980422,0.413974,0.000057,0.920348,0.920334
4.220812,PassDeceleration,0.674502,1.304242,0.985741,1.028811,0.471875,0.000014,0.973578,0.973520
4.224978,PassDeceleration,0.678755,1.308495,1.021793,1.071815,0.528348,0.000007,1.020741,1.020670
4.229145,PassDeceleration,0.683177,1.312917,1.052167,1.108806,0.583561,0.000007,1.061296,1.061182
4.233312,PassDeceleration,0.687744,1.317483,1.078072,1.144021,0.636889,0.000050,1.095972,1.095858
4.237478,PassDeceleration,0.692426,1.322165,1.094028,1.171904,0.688956,0.000007,1.123738,1.123667
4.241645,PassDeceleration,0.697200,1.326939,1.105532,1.194948,0.739480,0.000029,1.145711,1.145668
4.245811,PassDeceleration,0.699525,1.329263,0.702484,0.652590,0.788402,0.000032,0.557957,0.557900
4.249978,PassDeceleration,0.700983,1.330721,0.665087,0.487480,0.835950,0.000032,0.349975,0.349875
4.254145,PassDeceleration,0.702441,1.332179,0.697020,0.493967,0.881840,0.000020,0.350003,0.349932
4.258311,PassDeceleration,0.703900,1.333637,0.732736,0.504138,0.926357,0.000026,0.350032,0.349817
4.262478,PassDeceleration,0.705358,1.335094,0.771603,0.518311,0.969328,0.000036,0.349989,0.349731
4.266644,PassDeceleration,0.706816,1.336550,0.813860,0.536787,1.010755,0.000050,0.350003,0.349617
4.270811,PassDeceleration,0.708275,1.338007,0.854241,0.552363,1.050579,0.000021,0.349989,0.349503
4.274978,PassDeceleration,0.709733,1.339462,0.890365,0.558400,1.089145,0.000007,0.350018,0.349360
4.279144,PassDeceleration,0.711191,1.340917,0.942838,0.595044,1.126052,0.000021,0.350003,0.349131
4.283311,PassDeceleration,0.712650,1.342372,0.997915,0.639224,1.161471,0.000016,0.350032,0.349274
4.287477,PassDeceleration,0.714108,1.343828,1.055342,0.689592,1.195345,0.000021,0.349960,0.349445
4.291644,PassDeceleration,0.715566,1.345286,1.114459,0.744973,1.227788,0.000014,0.349989,0.349875
4.295811,PassDeceleration,0.717025,1.346747,1.175140,0.804196,1.258629,0.000014,0.350032,0.350618
4.299977,PassDeceleration,0.718483,1.348212,1.221517,0.840399,1.288155,0.000036,0.350032,0.351505
4.304144,PassDeceleration,0.719941,1.349679,1.241619,0.826384,1.315963,0.000014,0.349932,0.352163
4.308311,PassDeceleration,0.721400,1.351150,1.311920,0.902357,1.342285,0.000021,0.350075,0.352936
4.312477,PassDeceleration,0.722858,1.352623,1.380953,0.977760,1.367175,0.000052,0.349989,0.353508
4.316644,PassDeceleration,0.724317,1.354099,1.447897,1.051735,1.390521,0.000059,0.350018,0.354223
4.320810,PassDeceleration,0.725775,1.355577,1.511883,1.123176,1.412493,0.000021,0.349989,0.354738
4.324977,PassDeceleration,0.727233,1.357058,0.722697,2.218562,1.432749,0.000014,0.350018,0.355425
4.329144,PassDeceleration,0.728692,1.358541,0.697323,2.255527,1.451574,0.000007,0.349989,0.356054
4.333310,PassDeceleration,0.730150,1.360027,0.739033,2.320007,1.468855,0.000057,0.349989,0.356598
4.337477,PassDeceleration,0.731608,1.361512,0.773338,2.370202,1.484761,0.000057,0.350018,0.356312
4.341643,PassDeceleration,0.733067,1.362994,0.798106,2.404483,1.499066,0.000029,0.349989,0.355682
4.345810,PassDeceleration,0.734525,1.364472,0.811955,2.421383,1.511883,0.000029,0.349989,0.354824
4.349977,PassDeceleration,0.735983,1.365946,0.854314,2.459139,1.523213,0.000014,0.350046,0.353851
4.354143,PassDeceleration,0.737442,1.367418,0.877041,2.552381,1.533055,0.000026,0.349989,0.353193
4.358310,PassDeceleration,0.738900,1.368887,0.893435,2.587941,1.541180,0.000066,0.350018,0.352564
4.362476,PassDeceleration,0.740358,1.370353,0.944223,2.567460,1.548046,0.000057,0.349989,0.351763
4.366643,PassDeceleration,0.741817,1.371815,1.030513,2.489889,1.553367,0.000029,0.349989,0.351019
4.370810,PassDeceleration,0.743275,1.373275,1.141065,2.349163,1.557144,0.000057,0.350018,0.350246
4.374976,PassDeceleration,0.744733,1.374731,1.243302,2.175005,1.559318,0.000021,0.349989,0.349531
4.379143,PassDeceleration,0.746192,1.376184,1.371949,2.069963,1.560176,0.000045,0.349989,0.348702
4.383309,PassDeceleration,0.747650,1.377634,1.443999,1.998995,1.559318,0.000045,0.350046,0.347900
4.387476,PassDeceleration,0.749108,1.379080,1.337623,2.091985,1.557143,0.000043,0.349960,0.347071
4.391643,PassDeceleration,0.750567,1.380524,1.234245,2.151792,1.553309,0.000079,0.350046,0.346527
4.395809,PassDeceleration,0.752025,1.381963,1.058988,2.125019,1.547988,0.000064,0.349989,0.345526
4.399976,PassDeceleration,0.753484,1.383399,1.027917,2.109564,1.541350,0.000029,0.350018,0.344496
4.404142,PassDeceleration,0.754942,1.384830,1.002094,2.082537,1.532881,0.000020,0.349960,0.343523
4.408309,PassDeceleration,0.756400,1.386259,0.958593,2.036782,1.523211,0.000020,0.350046,0.343037
4.412476,PassDeceleration,0.757858,1.387688,0.898653,1.973642,1.511881,0.000014,0.349960,0.342951
4.416642,PassDeceleration,0.759317,1.389121,0.873829,1.912925,1.499121,0.000007,0.350018,0.343781
4.420809,PassDeceleration,0.760775,1.390556,0.907344,1.884388,1.484701,0.000007,0.350018,0.344381
4.424975,PassDeceleration,0.762233,1.391993,0.860406,1.826623,1.468908,0.000039,0.349975,0.345039
4.429142,PassDeceleration,0.763692,1.393434,0.805838,1.762820,1.451628,0.000007,0.350003,0.345755
4.433309,PassDeceleration,0.765150,1.394878,0.743945,1.693691,1.432745,0.000020,0.350032,0.346584
4.437475,PassDeceleration,0.766609,1.396325,0.676136,1.619769,1.412374,0.000014,0.349975,0.347300
4.441642,PassDeceleration,0.768067,1.397776,0.675898,1.567605,1.390573,0.000036,0.349989,0.348187
4.445808,PassDeceleration,0.769525,1.399232,0.667153,1.514377,1.367227,0.000036,0.350046,0.349360
4.449975,PassDeceleration,0.770984,1.400691,0.619242,1.448112,1.342279,0.000029,0.349989,0.350189
4.454142,PassDeceleration,0.772442,1.402152,0.569683,1.382322,1.315957,0.000000,0.350018,0.350819
4.458308,PassDeceleration,0.773900,1.403615,0.519226,1.317263,1.288034,0.000007,0.349960,0.350990
4.462475,PassDeceleration,0.775358,1.405078,0.468952,1.253193,1.258680,0.000007,0.349989,0.351048
4.466641,PassDeceleration,0.776817,1.406539,0.408868,1.187374,1.227723,0.000014,0.350018,0.350847
4.470808,PassDeceleration,0.778275,1.408000,0.346061,1.125038,1.195394,0.000036,0.349989,0.350647
4.474975,PassDeceleration,0.779734,1.409461,0.322202,1.072169,1.161462,0.000007,0.350018,0.350561
4.479141,PassDeceleration,0.781192,1.410921,0.308028,1.019159,1.125985,0.000014,0.349989,0.350418
4.483308,PassDeceleration,0.782650,1.412381,0.303521,0.966286,1.089135,0.000014,0.350018,0.350361
4.487474,PassDeceleration,0.784109,1.413841,0.307847,0.914276,1.050626,0.000036,0.349989,0.350304
4.491641,PassDeceleration,0.785567,1.415300,0.319012,0.862978,1.010743,0.000050,0.350018,0.350304
4.495808,PassDeceleration,0.787025,1.416760,0.334969,0.813192,0.969258,0.000014,0.349989,0.350332
4.499974,PassDeceleration,0.788484,1.418220,0.360647,0.764100,0.926343,0.000043,0.350046,0.350361
4.504141,PassDeceleration,0.789942,1.419680,0.387368,0.709070,0.881882,0.000057,0.349960,0.350447
4.508307,PassDeceleration,0.791400,1.421140,0.405267,0.661177,0.835877,0.000029,0.350018,0.350390
4.512474,PassDeceleration,0.792859,1.422600,0.415772,0.620939,0.788384,0.000014,0.349989,0.350332
4.516641,PassDeceleration,0.794317,1.424059,0.419286,0.586622,0.739461,0.000021,0.350018,0.350275
4.520807,PassDeceleration,0.795776,1.425518,0.416888,0.556800,0.688878,0.000050,0.350046,0.350132
4.524974,PassDeceleration,0.797234,1.426977,0.410110,0.530434,0.636979,0.000014,0.349960,0.350046
4.529140,PassDeceleration,0.798692,1.428434,0.400907,0.506594,0.583420,0.000072,0.349989,0.349903
4.533307,PassDeceleration,0.799266,1.429008,0.253626,0.357877,0.528374,0.000043,0.137701,0.137529
4.537474,PassDeceleration,0.799250,1.428991,0.211498,0.295115,0.471897,0.000057,-0.003834,-0.004005
4.541640,PassDeceleration,0.799234,1.428974,0.186098,0.262486,0.413876,0.000086,-0.003777,-0.004063
4.545807,PassDeceleration,0.799219,1.428958,0.160537,0.229179,0.354309,0.000029,-0.003548,-0.003805
4.549973,PassDeceleration,0.799206,1.428944,0.135151,0.194665,0.293312,0.000000,-0.003176,-0.003347
4.554140,PassDeceleration,0.799195,1.428932,0.110313,0.159147,0.230713,0.000057,-0.002575,-0.002804
4.558307,PassDeceleration,0.799187,1.428923,0.086140,0.122663,0.166683,0.000000,-0.001974,-0.002174
4.562473,PassDeceleration,0.799182,1.428918,0.062468,0.085389,0.101109,0.000064,-0.001230,-0.001345
4.566640,PassDeceleration,0.799180,1.428916,0.039274,0.047177,0.034046,0.000043,-0.000486,-0.000515
4.570807,PassDeceleration,0.799180,1.428916,0.014477,0.014477,0.000021,0.000007,0.000000,0.000029
4.574973,PassDeceleration,0.799195,1.428932,0.073916,0.161360,0.000115,0.000020,0.003548,0.003920
4.579140,PassDeceleration,0.799237,1.428979,0.216201,0.473459,0.000086,0.000020,0.010242,0.011301
4.583306,PassDeceleration,0.799307,1.429056,0.349228,0.770708,0.000057,0.000057,0.016708,0.018339
4.587473,PassDeceleration,0.799401,1.429159,0.472867,1.055232,0.000072,0.000043,0.022545,0.024748
4.591640,PassDeceleration,0.799518,1.429287,0.586735,1.327932,0.000029,0.000064,0.028124,0.030813
4.595806,PassDeceleration,0.799657,1.429439,0.690245,1.589750,0.000029,0.000007,0.033245,0.036364
4.599973,PassDeceleration,0.799815,1.429611,0.783208,1.840984,0.000014,0.000014,0.037994,0.041456
4.604139,PassDeceleration,0.799991,1.429803,0.865339,2.081594,0.000014,0.000000,0.042200,0.045891
4.608306,PassDeceleration,0.800183,1.430011,0.936092,2.310754,0.000072,0.000036,0.046120,0.049982
4.612473,PassDeceleration,0.800389,1.430233,0.995684,2.527829,0.000100,0.000021,0.049496,0.053415
4.616639,PassDeceleration,0.800608,1.430469,1.043768,2.731266,0.000000,0.000029,0.052586,0.056534
4.620806,PassDeceleration,0.800839,1.430715,1.080406,2.919616,0.000086,0.000014,0.055246,0.059166
4.624972,PassDeceleration,0.801078,1.430970,1.105754,3.091287,0.000007,0.000029,0.057392,0.061140
4.629139,PassDeceleration,0.801325,1.431232,1.120186,3.243937,0.000079,0.000029,0.059280,0.062857
4.633306,PassDeceleration,0.801577,1.431499,1.124326,3.376055,0.000014,0.000057,0.060596,0.063944
4.637472,PassDeceleration,0.801834,1.431768,1.118493,3.485282,0.000072,0.000000,0.061712,0.064745
4.641639,PassDeceleration,0.802094,1.432039,1.103897,3.570278,0.000014,0.000036,0.062284,0.065031
4.645805,PassDeceleration,0.802354,1.432309,1.081133,3.629241,0.000029,0.000007,0.062428,0.064802
4.649972,PassDeceleration,0.802614,1.432578,1.051337,3.660778,0.000021,0.000093,0.062370,0.064402
4.654139,PassDeceleration,0.802871,1.432842,1.015710,3.664232,0.000050,0.000021,0.061769,0.063372
4.658305,PassDeceleration,0.803125,1.433101,0.975012,3.638936,0.000029,0.000036,0.060883,0.062199
4.662472,PassDeceleration,0.803373,1.433352,0.930368,3.584901,0.000029,0.000026,0.059481,0.060310
4.666638,PassDeceleration,0.803500,1.433482,0.898089,3.515816,0.000079,0.000029,0.030642,0.031128
4.670805,PassDeceleration,0.803273,1.433255,0.895123,3.443251,0.000021,0.000032,-0.054531,-0.054331
4.674972,PassDeceleration,0.803054,1.433036,0.837279,3.298018,0.000014,0.000043,-0.052528,-0.052671
4.679138,PassDeceleration,0.802845,1.432825,0.777607,3.126843,0.000014,0.000050,-0.050240,-0.050583
4.683305,PassDeceleration,0.802648,1.432626,0.716002,2.930662,0.000029,0.000021,-0.047293,-0.047865
4.687471,PassDeceleration,0.802464,1.432438,0.653088,2.710868,0.000029,0.000014,-0.044231,-0.045033
4.691638,PassDeceleration,0.802294,1.432265,0.588139,2.468521,0.000016,0.000029,-0.040655,-0.041513
4.695805,PassDeceleration,0.802142,1.432109,0.521231,2.204649,0.000044,0.000016,-0.036592,-0.037565
4.699971,PassDeceleration,0.802008,1.431970,0.451999,1.920028,0.000021,0.000045,-0.032187,-0.033159
4.704138,PassDeceleration,0.801893,1.431852,0.380046,1.615351,0.000007,0.000052,-0.027494,-0.028410
4.708304,PassDeceleration,0.801801,1.431756,0.304744,1.290560,0.000072,0.000052,-0.022202,-0.022974
4.712471,PassDeceleration,0.801732,1.431684,0.225872,0.946035,0.000029,0.000093,-0.016565,-0.017281
4.716638,PassDeceleration,0.801687,1.431638,0.142977,0.581103,0.000000,0.000020,-0.010729,-0.011101
4.720804,WaitForClosing,0.801669,1.431620,0.055452,0.195309,0.000043,0.000014,-0.004206,-0.004435
4.724971,WaitForClosing,0.801665,1.431615,0.088868,0.088783,0.000036,0.000020,-0.001030,-0.001059
4.729137,WaitForClosing,0.801655,1.431605,0.242409,0.242311,0.000014,0.000014,-0.002346,-0.002460
4.733304,WaitForClosing,0.801639,1.431588,0.386991,0.386950,0.000023,0.000036,-0.003891,-0.003977
4.737471,WaitForClosing,0.801617,1.431566,0.522601,0.522502,0.000007,0.000016,-0.005322,-0.005350
4.741637,WaitForClosing,0.801590,1.431538,0.649231,0.649189,0.000014,0.000020,-0.006552,-0.006695
4.745804,WaitForClosing,0.801557,1.431505,0.766593,0.766494,0.000014,0.000029,-0.007782,-0.007896
4.749970,WaitForClosing,0.801520,1.431468,0.875201,0.875160,0.000029,0.000036,-0.008955,-0.008984
4.754137,WaitForClosing,0.801478,1.431426,0.974597,0.974498,0.000016,0.000029,-0.009956,-0.010071
4.758304,WaitForClosing,0.801433,1.431381,1.064950,1.064852,0.000000,0.000050,-0.010815,-0.010901
4.762470,WaitForClosing,0.801384,1.431331,1.146322,1.146281,0.000000,0.000014,-0.011702,-0.011787
4.766637,WaitForClosing,0.801333,1.431279,1.218709,1.218555,0.000043,0.000032,-0.012474,-0.012560
4.770803,WaitForClosing,0.801093,1.431039,1.283121,1.283133,0.000036,0.000020,-0.057478,-0.057564
4.774970,WaitForClosing,0.800470,1.430416,1.344340,1.344456,0.000029,0.000014,-0.149546,-0.149632
4.779137,WaitForClosing,0.799750,1.429696,1.392063,1.392153,0.000036,0.000000,-0.172663,-0.172806
4.783303,WaitForClosing,0.798932,1.428877,1.430904,1.431073,0.000029,0.000021,-0.196352,-0.196381
4.787470,WaitForClosing,0.798015,1.427959,1.461195,1.461333,0.000062,0.000052,-0.220270,-0.220385
4.791636,WaitForClosing,0.796998,1.426943,1.482768,1.482882,0.000064,0.000032,-0.243874,-0.243931
4.795803,WaitForClosing,0.795887,1.425831,1.495538,1.495789,0.000007,0.000014,-0.266676,-0.266819
4.799970,WaitForClosing,0.794686,1.424629,1.499536,1.499827,0.000029,0.000007,-0.288305,-0.288391
4.804136,WaitForClosing,0.793403,1.423346,1.494489,1.494750,0.000029,0.000039,-0.307989,-0.308075
4.808303,WaitForClosing,0.792047,1.421990,1.480544,1.480892,0.000057,0.000050,-0.325441,-0.325499
4.812469,WaitForClosing,0.790629,1.420572,1.457408,1.457726,0.000036,0.000039,-0.340147,-0.340290
4.816636,WaitForClosing,0.789165,1.419107,1.425046,1.425409,0.000016,0.000020,-0.351362,-0.351477
4.820803,WaitForClosing,0.787670,1.417611,1.383095,1.383539,0.000050,0.000014,-0.358858,-0.358973
4.824969,WaitForClosing,0.786162,1.416103,1.331624,1.332060,0.000050,0.000000,-0.362005,-0.362091
4.829136,WaitForClosing,0.784661,1.414601,1.270261,1.270776,0.000007,0.000000,-0.360317,-0.360460
4.833302,WaitForClosing,0.783187,1.413127,1.199022,1.199559,0.000014,0.000014,-0.353594,-0.353680
4.837469,WaitForClosing,0.781765,1.411705,1.117771,1.118293,0.000007,0.000020,-0.341349,-0.341377
4.841636,WaitForClosing,0.780418,1.410357,1.026127,1.026687,0.000021,0.000016,-0.323324,-0.323467
4.845802,WaitForClosing,0.779170,1.409109,0.924180,0.924814,0.000064,0.000026,-0.299377,-0.299463
4.849969,WaitForClosing,0.778048,1.407986,0.811799,0.812449,0.000039,0.000020,-0.269365,-0.269480
4.854136,WaitForClosing,0.777075,1.407014,0.689065,0.689653,0.000066,0.000032,-0.233402,-0.233488
4.858302,WaitForClosing,0.776277,1.406215,0.555695,0.556414,0.000064,0.000020,-0.191517,-0.191631
4.862469,WaitForClosing,0.775678,1.405615,0.411914,0.412656,0.000059,0.000029,-0.143967,-0.144053
4.866635,WaitForClosing,0.775297,1.405234,0.258103,0.258805,0.000007,0.000058,-0.091324,-0.091410
4.870802,WaitForClosing,0.775155,1.405092,0.094207,0.094971,0.000016,0.000058,-0.034075,-0.034189
4.874969,WaitForClosing,0.775138,1.405074,0.012063,0.012976,0.000016,0.000007,-0.004034,-0.004148
4.879135,WaitForClosing,0.775121,1.405057,0.012125,0.012990,0.000044,0.000007,-0.004063,-0.004177
4.883302,WaitForClosing,0.775105,1.405040,0.012085,0.013014,0.000029,0.000014,-0.004034,-0.004148
4.887468,WaitForClosing,0.775088,1.405022,0.012108,0.013052,0.000029,0.000043,-0.004034,-0.004120
4.891635,WaitForClosing,0.775071,1.405005,0.012170,0.013064,0.000043,0.000029,-0.004034,-0.004148
4.895802,WaitForClosing,0.775054,1.404988,0.012178,0.013130,0.000057,0.000007,-0.004034,-0.004148
4.899968,WaitForClosing,0.775037,1.404971,0.012187,0.013153,0.000032,0.000026,-0.004034,-0.004120
4.904135,WaitForClosing,0.775021,1.404953,0.012247,0.013194,0.000016,0.000000,-0.004034,-0.004148
4.908301,WaitForClosing,0.775004,1.404936,0.012224,0.013174,0.000010,0.000016,-0.004005,-0.004120
4.912468,WaitForClosing,0.774987,1.404919,0.012321,0.013275,0.000058,0.000014,-0.004020,-0.004148
4.916635,WaitForClosing,0.774970,1.404902,0.012291,0.013284,0.000059,0.000014,-0.004020,-0.004120
4.920801,WaitForClosing,0.774954,1.404885,0.012287,0.013307,0.000021,0.000039,-0.003991,-0.004063
4.924968,WaitForClosing,0.774937,1.404868,0.012355,0.013334,0.000061,0.000021,-0.004005,-0.004148
4.929134,WaitForClosing,0.774921,1.404851,0.012342,0.013328,0.000064,0.000007,-0.003963,-0.004063
4.933301,WaitForClosing,0.774904,1.404834,0.012351,0.013373,0.000044,0.000007,-0.003977,-0.004091
4.937468,WaitForClosing,0.774887,1.404816,0.012458,0.013467,0.000059,0.000050,-0.004020,-0.004120
4.941634,WaitForClosing,0.774871,1.404799,0.012474,0.013471,0.000057,0.000036,-0.003963,-0.004091
4.945801,WaitForClosing,0.774854,1.404782,0.012445,0.013504,0.000014,0.000016,-0.003991,-0.004091
4.949967,WaitForClosing,0.774838,1.404765,0.012447,0.013466,0.000007,0.000026,-0.003948,-0.004063
4.954134,WaitForClosing,0.774821,1.404748,0.012550,0.013573,0.000016,0.000021,-0.003963,-0.004063
4.958301,WaitForClosing,0.774805,1.404732,0.012497,0.013570,0.000021,0.000057,-0.003948,-0.004034
4.962467,WaitForClosing,0.774788,1.404715,0.012563,0.013562,0.000029,0.000061,-0.003920,-0.004063
4.966634,WaitForClosing,0.774772,1.404698,0.012573,0.013648,0.000036,0.000029,-0.003920,-0.004034
4.970800,WaitForClosing,0.774755,1.404681,0.012649,0.013688,0.000000,0.000057,-0.003977,-0.004091
4.974967,WaitForClosing,0.774739,1.404664,0.012617,0.013701,0.000029,0.000014,-0.003934,-0.004063
4.979134,WaitForClosing,0.774723,1.404647,0.012664,0.013714,0.000059,0.000029,-0.003905,-0.003977
4.983300,WaitForClosing,0.774707,1.404631,0.012650,0.013703,0.000057,0.000032,-0.003891,-0.004034
4.987467,WaitForClosing,0.774690,1.404614,0.012723,0.013839,0.000029,0.000045,-0.003948,-0.004034
4.991633,WaitForClosing,0.774674,1.404597,0.012714,0.013776,0.000000,0.000014,-0.003862,-0.003977
4.995800,WaitForClosing,0.774658,1.404580,0.012737,0.013808,0.000021,0.000045,-0.003891,-0.004005
4.999967,WaitForClosing,0.774642,1.404564,0.012763,0.013849,0.000021,0.000000,-0.003862,-0.004005
5.004133,WaitForClosing,0.774626,1.404547,0.012783,0.013905,0.000007,0.000014,-0.003862,-0.003977
5.008300,WaitForClosing,0.774609,1.404531,0.012828,0.013913,0.000029,0.000014,-0.003877,-0.004005
5.012466,WaitForClosing,0.774594,1.404514,0.012818,0.013920,0.000021,0.000014,-0.003819,-0.003948
5.016633,WaitForClosing,0.774578,1.404498,0.012878,0.013975,0.000029,0.000000,-0.003834,-0.003948
5.020800,WaitForClosing,0.774562,1.404481,0.012848,0.013985,0.000010,0.000020,-0.003834,-0.003948
5.024966,WaitForClosing,0.774546,1.404465,0.012916,0.014016,0.000007,0.000032,-0.003819,-0.003948
5.029133,WaitForClosing,0.774530,1.404448,0.012946,0.014050,0.000000,0.000039,-0.003819,-0.003920
5.033299,WaitForClosing,0.774514,1.404432,0.012912,0.014049,0.000036,0.000020,-0.003777,-0.003891
5.037466,WaitForClosing,0.774498,1.404416,0.012981,0.014082,0.000014,0.000021,-0.003791,-0.003891
5.041633,WaitForClosing,0.774482,1.404400,0.012987,0.014118,0.000000,0.000014,-0.003777,-0.003920
5.045799,WaitForClosing,0.774467,1.404383,0.013024,0.014129,0.000007,0.000043,-0.003777,-0.003920
5.049966,WaitForClosing,0.774451,1.404367,0.013026,0.014153,0.000029,0.000020,-0.003734,-0.003834
5.054132,WaitForClosing,0.774436,1.404351,0.013071,0.014199,0.000029,0.000043,-0.003748,-0.003862
5.058299,WaitForClosing,0.774420,1.404335,0.013091,0.014200,0.000020,0.000043,-0.003748,-0.003862
5.062466,WaitForClosing,0.774405,1.404319,0.013060,0.014170,0.000036,0.000007,-0.003691,-0.003805
5.066632,WaitForClosing,0.774389,1.404303,0.013151,0.014275,0.000000,0.000052,-0.003705,-0.003834
5.070799,WaitForClosing,0.774374,1.404287,0.013140,0.014277,0.000044,0.000073,-0.003719,-0.003862
5.074965,WaitForClosing,0.774358,1.404272,0.013145,0.014270,0.000023,0.000014,-0.003676,-0.003748
5.079132,WaitForClosing,0.774343,1.404256,0.013190,0.014310,0.000043,0.000007,-0.003662,-0.003834
5.083299,WaitForClosing,0.774328,1.404240,0.013209,0.014352,0.000007,0.000059,-0.003662,-0.003719
5.087465,WaitForClosing,0.774313,1.404224,0.013201,0.014334,0.000021,0.000058,-0.003633,-0.003805
5.091632,WaitForClosing,0.774297,1.404209,0.013245,0.014375,0.000029,0.000020,-0.003648,-0.003719
5.095798,WaitForClosing,0.774282,1.404193,0.013255,0.014404,0.000050,0.000007,-0.003619,-0.003748
5.099965,WaitForClosing,0.774267,1.404178,0.013287,0.014384,0.000007,0.000000,-0.003619,-0.003748
5.104132,WaitForClosing,0.774252,1.404162,0.013322,0.014456,0.000058,0.000000,-0.003591,-0.003719
5.108298,WaitForClosing,0.774237,1.404147,0.013310,0.014437,0.000064,0.000016,-0.003576,-0.003691
5.112465,WaitForClosing,0.774223,1.404131,0.013342,0.014467,0.000043,0.000014,-0.003576,-0.003719
5.116632,WaitForClosing,0.774208,1.404116,0.013384,0.014515,0.000010,0.000007,-0.003576,-0.003662
5.120798,WaitForClosing,0.774193,1.404101,0.013368,0.014480,0.000000,0.000026,-0.003548,-0.003662
5.124965,WaitForClosing,0.774178,1.404085,0.013398,0.014511,0.000036,0.000032,-0.003519,-0.003691
5.129131,WaitForClosing,0.774164,1.404070,0.013414,0.014543,0.000016,0.000039,-0.003519,-0.003605
5.133298,WaitForClosing,0.774149,1.404055,0.013412,0.014522,0.000010,0.000014,-0.003490,-0.003633
5.137465,WaitForClosing,0.774135,1.404040,0.013468,0.014600,0.000036,0.000007,-0.003462,-0.003576
5.141631,WaitForClosing,0.774120,1.404025,0.013477,0.014591,0.000021,0.000014,-0.003490,-0.003633
5.145798,WaitForClosing,0.774106,1.404010,0.013468,0.014584,0.000057,0.000043,-0.003448,-0.003548
5.149964,WaitForClosing,0.774091,1.403995,0.013504,0.014621,0.000021,0.000052,-0.003448,-0.003576
5.154131,WaitForClosing,0.774077,1.403981,0.013524,0.014603,0.000029,0.000029,-0.003419,-0.003548
5.158298,WaitForClosing,0.774063,1.403966,0.013525,0.014653,0.000023,0.000007,-0.003390,-0.003519
5.162464,WaitForClosing,0.774049,1.403951,0.013580,0.014687,0.000016,0.000029,-0.003419,-0.003548
5.166631,WaitForClosing,0.774035,1.403937,0.013582,0.014698,0.000062,0.000057,-0.003390,-0.003462
5.170797,WaitForClosing,0.774021,1.403922,0.013563,0.014644,0.000068,0.000000,-0.003319,-0.003490
5.174964,WaitForClosing,0.774007,1.403908,0.013614,0.014693,0.000000,0.000059,-0.003347,-0.003462
5.179131,WaitForClosing,0.773993,1.403893,0.013616,0.014731,0.000021,0.000016,-0.003347,-0.003462
5.183297,WaitForClosing,0.773979,1.403879,0.013633,0.014716,0.000045,0.000016,-0.003319,-0.003462
5.187464,WaitForClosing,0.773965,1.403865,0.013656,0.014716,0.000036,0.000020,-0.003304,-0.003433
5.191630,WaitForClosing,0.773952,1.403850,0.013676,0.014766,0.000000,0.000000,-0.003290,-0.003405
5.195797,WaitForClosing,0.773938,1.403836,0.013671,0.014742,0.000016,0.000000,-0.003262,-0.003376
5.199964,WaitForClosing,0.773924,1.403822,0.013688,0.014755,0.000029,0.000000,-0.003233,-0.003376
5.204130,WaitForClosing,0.773911,1.403808,0.013712,0.014794,0.000036,0.000058,-0.003219,-0.003319
5.208297,WaitForClosing,0.773898,1.403795,0.013723,0.014770,0.000029,0.000116,-0.003204,-0.003347
5.212463,WaitForClosing,0.773884,1.403780,0.013738,0.014797,0.000058,0.000073,-0.003219,-0.003376
5.216630,WaitForClosing,0.773871,1.403767,0.013751,0.014812,0.000061,0.000043,-0.003161,-0.003233
5.220797,WaitForClosing,0.773858,1.403753,0.013768,0.014778,0.000020,0.000007,-0.003147,-0.003262
5.224963,WaitForClosing,0.773845,1.403740,0.013781,0.014829,0.000020,0.000061,-0.003161,-0.003290
5.229130,WaitForClosing,0.773832,1.403726,0.013767,0.014811,0.000020,0.000058,-0.003090,-0.003176
5.233296,WaitForClosing,0.773819,1.403713,0.013816,0.014848,0.000014,0.000014,-0.003119,-0.003290
5.237463,WaitForClosing,0.773806,1.403699,0.013811,0.014863,0.000032,0.000000,-0.003133,-0.003204
5.241630,WaitForClosing,0.773793,1.403686,0.013813,0.014822,0.000059,0.000029,-0.003018,-0.003176
5.245796,WaitForClosing,0.773781,1.403673,0.013834,0.014838,0.000057,0.000032,-0.003047,-0.003176
5.249963,WaitForClosing,0.773768,1.403660,0.013845,0.014867,0.000014,0.000020,-0.003033,-0.003176
5.254129,WaitForClosing,0.773755,1.403647,0.013844,0.014862,0.000007,0.000014,-0.003004,-0.003090
5.258296,WaitForClosing,0.773743,1.403634,0.013881,0.014866,0.000068,0.000026,-0.002975,-0.003119
5.262463,WaitForClosing,0.773731,1.403621,0.013871,0.014874,0.000010,0.000016,-0.002990,-0.003119
5.266629,WaitForClosing,0.773718,1.403608,0.013892,0.014883,0.000081,0.000000,-0.002933,-0.003061
5.270796,WaitForClosing,0.773706,1.403595,0.013902,0.014883,0.000058,0.000007,-0.002961,-0.003061
5.274962,WaitForClosing,0.773694,1.403583,0.013903,0.014861,0.000000,0.000029,-0.002904,-0.003004
5.279129,WaitForClosing,0.773682,1.403570,0.013909,0.014884,0.000036,0.000020,-0.002890,-0.003033
5.283296,WaitForClosing,0.773670,1.403558,0.013935,0.014908,0.000079,0.000016,-0.002875,-0.002975
5.287462,WaitForClosing,0.773658,1.403545,0.013938,0.014862,0.000050,0.000014,-0.002818,-0.002947
5.291629,WaitForClosing,0.773646,1.403533,0.013945,0.014892,0.000023,0.000072,-0.002847,-0.002975
5.295795,WaitForClosing,0.773635,1.403521,0.013946,0.014877,0.000010,0.000036,-0.002789,-0.002918
5.299962,WaitForClosing,0.773623,1.403509,0.013962,0.014907,0.000010,0.000021,-0.002818,-0.002918
5.304129,WaitForClosing,0.773612,1.403497,0.013966,0.014867,0.000029,0.000014,-0.002747,-0.002890
5.308295,WaitForClosing,0.773600,1.403485,0.013993,0.014914,0.000029,0.000020,-0.002761,-0.002861
5.312462,WaitForClosing,0.773589,1.403473,0.013971,0.014881,0.000023,0.000000,-0.002732,-0.002861
5.316628,WaitForClosing,0.773577,1.403461,0.013985,0.014918,0.000026,0.000020,-0.002732,-0.002861
5.320795,WaitForClosing,0.773566,1.403449,0.013984,0.014861,0.000032,0.000043,-0.002661,-0.002775
5.324962,WaitForClosing,0.773555,1.403438,0.014006,0.014872,0.000026,0.000000,-0.002661,-0.002804
5.329128,WaitForClosing,0.773544,1.403426,0.013999,0.014883,0.000014,0.000072,-0.002646,-0.002747
5.333295,WaitForClosing,0.773533,1.403415,0.014029,0.014881,0.000058,0.000087,-0.002589,-0.002718
5.337461,WaitForClosing,0.773522,1.403404,0.014011,0.014867,0.000010,0.000077,-0.002632,-0.002718
5.341628,WaitForClosing,0.773512,1.403392,0.014016,0.014876,0.000059,0.000057,-0.002546,-0.002689
5.345795,WaitForClosing,0.773501,1.403381,0.014037,0.014862,0.000014,0.000007,-0.002546,-0.002689
5.349961,WaitForClosing,0.773491,1.403370,0.014030,0.014839,0.000050,0.000014,-0.002518,-0.002632
5.354128,WaitForClosing,0.773480,1.403359,0.014027,0.014846,0.000029,0.000007,-0.002503,-0.002604
5.358294,WaitForClosing,0.773470,1.403348,0.014037,0.014863,0.000020,0.000029,-0.002489,-0.002632
5.362461,WaitForClosing,0.773460,1.403338,0.014044,0.014860,0.000016,0.000020,-0.002446,-0.002575
5.366628,WaitForClosing,0.773449,1.403327,0.014051,0.014836,0.000058,0.000039,-0.002460,-0.002546
5.370794,WaitForClosing,0.773439,1.403317,0.014046,0.014824,0.000064,0.000032,-0.002403,-0.002518
5.374961,WaitForClosing,0.773429,1.403306,0.014048,0.014824,0.000057,0.000016,-0.002375,-0.002489
5.379128,WaitForClosing,0.773419,1.403296,0.014048,0.014811,0.000021,0.000061,-0.002403,-0.002518
5.383294,WaitForClosing,0.773410,1.403286,0.014052,0.014793,0.000026,0.000059,-0.002317,-0.002460
5.387461,WaitForClosing,0.773400,1.403275,0.014052,0.014826,0.000016,0.000043,-0.002346,-0.002460
5.391627,WaitForClosing,0.773390,1.403265,0.014056,0.014795,0.000062,0.000014,-0.002317,-0.002403
5.395794,WaitForClosing,0.773381,1.403255,0.014063,0.014795,0.000063,0.000059,-0.002289,-0.002432
5.399961,WaitForClosing,0.773372,1.403245,0.014055,0.014743,0.000014,0.000020,-0.002217,-0.002346
5.404127,WaitForClosing,0.773362,1.403236,0.014069,0.014766,0.000045,0.000020,-0.002246,-0.002346
5.408294,WaitForClosing,0.773353,1.403226,0.014048,0.014753,0.000000,0.000000,-0.002217,-0.002346
5.412460,WaitForClosing,0.773344,1.403216,0.014056,0.014739,0.000059,0.000020,-0.002160,-0.002260
5.416627,WaitForClosing,0.773335,1.403207,0.014065,0.014723,0.000067,0.000014,-0.002189,-0.002317
5.420794,WaitForClosing,0.773326,1.403197,0.014045,0.014722,0.000057,0.000014,-0.002103,-0.002232
5.424960,WaitForClosing,0.773317,1.403188,0.014062,0.014705,0.000058,0.000014,-0.002089,-0.002203
5.429127,WaitForClosing,0.773309,1.403179,0.014049,0.014685,0.000029,0.000029,-0.002089,-0.002174
5.433293,WaitForClosing,0.773300,1.403170,0.014052,0.014684,0.000007,0.000036,-0.002060,-0.002203
5.437460,WaitForClosing,0.773292,1.403161,0.014055,0.014668,0.000016,0.000007,-0.002046,-0.002146
5.441627,WaitForClosing,0.773283,1.403152,0.014030,0.014648,0.000032,0.000016,-0.001988,-0.002117
5.445793,WaitForClosing,0.773275,1.403144,0.014043,0.014636,0.000036,0.000057,-0.001988,-0.002089
5.449960,WaitForClosing,0.773267,1.403135,0.014041,0.014617,0.000007,0.000077,-0.001931,-0.002060
5.454126,WaitForClosing,0.773259,1.403126,0.014024,0.014627,0.000059,0.000043,-0.001931,-0.002031
5.458293,WaitForClosing,0.773251,1.403118,0.014035,0.014587,0.000104,0.000016,-0.001931,-0.002031
5.462460,WaitForClosing,0.773243,1.403110,0.014019,0.014592,0.000104,0.000029,-0.001888,-0.002003
5.466626,WaitForClosing,0.773235,1.403101,0.014023,0.014561,0.000059,0.000032,-0.001831,-0.001974
5.470793,WaitForClosing,0.773228,1.403093,0.014019,0.014520,0.000072,0.000026,-0.001831,-0.001917
5.474959,WaitForClosing,0.773220,1.403085,0.014019,0.014561,0.000044,0.000059,-0.001802,-0.001945
5.479126,WaitForClosing,0.773213,1.403078,0.014007,0.014504,0.000069,0.000058,-0.001774,-0.001860
5.483293,WaitForClosing,0.773205,1.403070,0.013996,0.014491,0.000067,0.000043,-0.001788,-0.001917
5.487459,WaitForClosing,0.773198,1.403062,0.013992,0.014463,0.000032,0.000029,-0.001717,-0.001802
5.491626,WaitForClosing,0.773191,1.403055,0.013998,0.014477,0.000016,0.000021,-0.001702,-0.001802
5.495792,WaitForClosing,0.773184,1.403047,0.013984,0.014438,0.000016,0.000007,-0.001659,-0.001802
5.499959,WaitForClosing,0.773177,1.403040,0.013979,0.014437,0.000010,0.000057,-0.001674,-0.001774
5.504126,WaitForClosing,0.773171,1.403033,0.013982,0.014385,0.000010,0.000007,-0.001588,-0.001659
5.508292,WaitForClosing,0.773164,1.403026,0.013944,0.014400,0.000029,0.000032,-0.001616,-0.001745
5.512459,WaitForClosing,0.773157,1.403018,0.013957,0.014344,0.000016,0.000026,-0.001574,-0.001717
5.516625,WaitForClosing,0.773151,1.403012,0.013938,0.014344,0.000029,0.000014,-0.001545,-0.001631
5.520792,WaitForClosing,0.773145,1.403005,0.013935,0.014336,0.000023,0.000014,-0.001488,-0.001574
5.524959,WaitForClosing,0.773139,1.402998,0.013916,0.014295,0.000014,0.000032,-0.001473,-0.001602
5.529125,WaitForClosing,0.773132,1.402992,0.013920,0.014274,0.000016,0.000043,-0.001502,-0.001574
5.533292,WaitForClosing,0.773127,1.402985,0.013913,0.014263,0.000010,0.000007,-0.001388,-0.001516
5.537458,WaitForClosing,0.773121,1.402979,0.013904,0.014222,0.000063,0.000014,-0.001431,-0.001516
5.541625,WaitForClosing,0.773115,1.402973,0.013878,0.014223,0.000057,0.000020,-0.001388,-0.001516
5.545792,WaitForClosing,0.773109,1.402967,0.013884,0.014186,0.000014,0.000032,-0.001345,-0.001431
5.549958,WaitForClosing,0.773104,1.402961,0.013861,0.014161,0.000000,0.000014,-0.001302,-0.001402
5.554125,WaitForClosing,0.773098,1.402955,0.013867,0.014139,0.000045,0.000007,-0.001287,-0.001402
5.558291,WaitForClosing,0.773093,1.402949,0.013844,0.014126,0.000032,0.000064,-0.001273,-0.001373
5.562458,WaitForClosing,0.773088,1.402944,0.013813,0.014084,0.000029,0.000061,-0.001245,-0.001345
5.566625,WaitForClosing,0.773083,1.402938,0.013842,0.014082,0.000058,0.000059,-0.001216,-0.001316
5.570791,WaitForClosing,0.773078,1.402933,0.013816,0.014045,0.000000,0.000000,-0.001173,-0.001259
5.574958,WaitForClosing,0.773073,1.402928,0.013785,0.014018,0.000029,0.000036,-0.001173,-0.001287
5.579124,WaitForClosing,0.773068,1.402923,0.013807,0.013985,0.000007,0.000000,-0.001101,-0.001202
5.583291,WaitForClosing,0.773064,1.402918,0.013774,0.013966,0.000061,0.000016,-0.001116,-0.001230
5.587458,WaitForClosing,0.773059,1.402912,0.013747,0.013963,0.000064,0.000045,-0.001101,-0.001230
5.591624,WaitForClosing,0.773055,1.402908,0.013771,0.013888,0.000029,0.000059,-0.000987,-0.001059
5.595791,WaitForClosing,0.773051,1.402903,0.013724,0.013894,0.000010,0.000007,-0.001059,-0.001144
5.599957,WaitForClosing,0.773047,1.402899,0.013719,0.013866,0.000014,0.000000,-0.000987,-0.001087
5.604124,WaitForClosing,0.773043,1.402894,0.013705,0.013826,0.000016,0.000000,-0.000944,-0.001030
5.608291,WaitForClosing,0.773039,1.402890,0.013712,0.013813,0.000064,0.000014,-0.000944,-0.001059
5.612457,WaitForClosing,0.773035,1.402886,0.013661,0.013767,0.000058,0.000039,-0.000901,-0.000973
5.616624,WaitForClosing,0.773032,1.402882,0.013688,0.013776,0.000016,0.000032,-0.000830,-0.000916
5.620790,WaitForClosing,0.773028,1.402878,0.013632,0.013736,0.000016,0.000000,-0.000873,-0.001001
5.624957,WaitForClosing,0.773024,1.402874,0.013632,0.013679,0.000023,0.000050,-0.000815,-0.000858
5.629124,WaitForClosing,0.773021,1.402871,0.013620,0.013670,0.000051,0.000043,-0.000772,-0.000916
5.633290,WalkToDestination,0.773018,1.402867,0.013583,0.013634,0.000020,0.000014,-0.000801,-0.000858
5.637457,WalkToDestination,0.771086,1.400934,0.456620,0.463886,0.029976,0.000036,-0.463772,-0.463858
5.641623,WalkToDestination,0.771075,1.400924,0.064068,0.011279,0.089191,0.000000,-0.002432,-0.002546
5.645790,WalkToDestination,0.771060,1.400908,0.102496,0.011004,0.147334,0.000043,-0.003719,-0.003777
5.649957,WalkToDestination,0.771040,1.400887,0.140713,0.011883,0.204318,0.000050,-0.004864,-0.004950
5.654123,WalkToDestination,0.771014,1.400862,0.178392,0.013702,0.260161,0.000029,-0.006151,-0.006208
5.658290,WalkToDestination,0.770984,1.400831,0.215190,0.016100,0.315028,0.000021,-0.007238,-0.007353
5.662457,WalkToDestination,0.770948,1.400795,0.251409,0.019036,0.368620,0.000100,-0.008526,-0.008612
5.666623,WalkToDestination,0.770908,1.400754,0.287042,0.022351,0.421244,0.000072,-0.009770,-0.009842
5.670790,WalkToDestination,0.770862,1.400708,0.321516,0.025892,0.472579,0.000043,-0.011001,-0.011072
5.674956,WalkToDestination,0.770811,1.400656,0.355388,0.029886,0.522948,0.000043,-0.012259,-0.012388
5.679123,WalkToDestination,0.770755,1.400600,0.388217,0.034349,0.572127,0.000057,-0.013433,-0.013561
5.683290,WalkToDestination,0.770694,1.400538,0.420117,0.039098,0.620089,0.000129,-0.014691,-0.014791
5.687456,WalkToDestination,0.770627,1.400471,0.450853,0.044497,0.667060,0.000086,-0.016007,-0.016108
5.691623,WalkToDestination,0.770555,1.400399,0.480418,0.050600,0.712806,0.000029,-0.017195,-0.017338
5.695789,WalkToDestination,0.770479,1.400321,0.508649,0.057420,0.757427,0.000000,-0.018339,-0.018539
5.699956,WalkToDestination,0.770397,1.400239,0.535514,0.065235,0.800939,0.000029,-0.019684,-0.019856
5.704123,WalkToDestination,0.770310,1.400151,0.560708,0.074030,0.843270,0.000007,-0.020928,-0.021086
5.708289,WalkToDestination,0.770217,1.400057,0.584325,0.084121,0.884478,0.000021,-0.022230,-0.022459
5.712456,WalkToDestination,0.770120,1.399959,0.606086,0.095668,0.924567,0.000014,-0.023360,-0.023546
5.716622,WalkToDestination,0.770017,1.399855,0.624812,0.109808,0.963486,0.000029,-0.024719,-0.024948
5.720789,WalkToDestination,0.769908,1.399746,0.641581,0.125582,1.001264,0.000079,-0.025964,-0.026207
5.724956,WalkToDestination,0.769796,1.399632,0.656510,0.143512,1.037871,0.000021,-0.027080,-0.027294
5.729122,WalkToDestination,0.769678,1.399514,0.668651,0.163454,1.073417,0.000093,-0.028253,-0.028496
5.733289,WalkToDestination,0.769555,1.399390,0.678460,0.185783,1.107720,0.000057,-0.029454,-0.029726
5.737455,WalkToDestination,0.769427,1.399261,0.685685,0.210626,1.140964,0.000021,-0.030699,-0.030928
5.741622,WalkToDestination,0.769294,1.399126,0.690109,0.237987,1.172962,0.000057,-0.032072,-0.032301
5.745789,WalkToDestination,0.769153,1.398985,0.692056,0.268073,1.203911,0.000043,-0.033660,-0.033875
5.749955,WalkToDestination,0.769006,1.398837,0.691183,0.300676,1.233726,0.000057,-0.035319,-0.035591
5.754122,WalkToDestination,0.768852,1.398682,0.689677,0.333948,1.262325,0.000014,-0.036964,-0.037251
5.758288,WalkToDestination,0.768690,1.398518,0.681570,0.374346,1.289805,0.000086,-0.038939,-0.039225
5.762455,WalkToDestination,0.768520,1.398347,0.670808,0.418056,1.316232,0.000043,-0.040669,-0.041027
5.766622,WalkToDestination,0.768343,1.398169,0.657134,0.464707,1.341426,0.000043,-0.042501,-0.042772
5.770788,WalkToDestination,0.768160,1.397984,0.640850,0.514213,1.365573,0.000014,-0.044060,-0.044346
5.774955,WalkToDestination,0.767971,1.397795,0.622120,0.566389,1.388570,0.000043,-0.045347,-0.045519
5.779121,WalkToDestination,0.767778,1.397601,0.601320,0.620989,1.410392,0.000086,-0.046291,-0.046349
5.783288,WalkToDestination,0.767587,1.397411,0.587401,0.665809,1.431132,0.000014,-0.045919,-0.045834
5.787455,WalkToDestination,0.767393,1.397218,0.562421,0.724977,1.450763,0.000057,-0.046506,-0.046177
5.791621,WalkToDestination,0.767196,1.397023,0.532234,0.790355,1.469312,0.000007,-0.047350,-0.046921
5.795788,WalkToDestination,0.766996,1.396825,0.500718,0.857170,1.486658,0.000036,-0.047994,-0.047321
5.799954,WalkToDestination,0.766794,1.396627,0.468342,0.924761,1.503022,0.000007,-0.048451,-0.047550
5.804121,WalkToDestination,0.766592,1.396430,0.435796,0.992655,1.518145,0.000021,-0.048451,-0.047293
5.808288,WalkToDestination,0.766391,1.396236,0.404662,1.057922,1.532295,0.000043,-0.048137,-0.046692
5.812454,WalkToDestination,0.766202,1.396054,0.372748,1.124008,1.545260,0.000000,-0.045462,-0.043659
5.816621,WalkToDestination,0.766019,1.395880,0.333260,1.203066,1.557150,0.000007,-0.043988,-0.041714
5.820787,WalkToDestination,0.765838,1.395710,0.297171,1.280145,1.567967,0.000043,-0.043373,-0.040855
5.824954,WalkToDestination,0.765655,1.395537,0.266143,1.353862,1.577665,0.000029,-0.043988,-0.041370
5.829121,WalkToDestination,0.765464,1.395357,0.242477,1.423063,1.586354,0.000050,-0.045805,-0.043201
5.833287,WalkToDestination,0.765258,1.395163,0.228275,1.487428,1.593865,0.000007,-0.049281,-0.046749
5.837454,WalkToDestination,0.765028,1.394942,0.234121,1.587736,1.600315,0.000021,-0.055304,-0.052986
5.841620,WalkToDestination,0.764783,1.394706,0.238928,1.681424,1.605707,0.000100,-0.058866,-0.056534
5.845787,WalkToDestination,0.764525,1.394458,0.250382,1.754029,1.610040,0.000100,-0.061870,-0.059652
5.849954,WalkToDestination,0.764257,1.394199,0.274911,1.802668,1.613262,0.000043,-0.064316,-0.062199
5.854120,WalkToDestination,0.763983,1.393933,0.319128,1.824326,1.615428,0.000014,-0.065804,-0.063772
5.858287,WalkToDestination,0.763705,1.393664,0.386718,1.816601,1.616482,0.000029,-0.066533,-0.064631
5.862453,WalkToDestination,0.763431,1.393396,0.456382,1.773911,1.616482,0.000029,-0.065875,-0.064116
5.866620,WalkToDestination,0.763146,1.393118,0.559013,1.762432,1.615371,0.000000,-0.068364,-0.066862
5.870787,WalkToDestination,0.762854,1.392831,0.642624,1.761129,1.613262,0.000072,-0.070152,-0.068865
5.874953,WalkToDestination,0.762559,1.392540,0.702223,1.771598,1.610041,0.000043,-0.070868,-0.069838
5.879120,WalkToDestination,0.762264,1.392249,0.734550,1.794829,1.605707,0.000029,-0.070710,-0.069923
5.883286,WalkToDestination,0.761974,1.391961,0.736914,1.831967,1.600314,0.000029,-0.069594,-0.069036
5.887453,WalkToDestination,0.761715,1.391703,0.691452,1.833042,1.593923,0.000014,-0.062156,-0.061913
5.891620,WalkToDestination,0.761467,1.391455,0.719787,1.857504,1.586297,0.000029,-0.059438,-0.059595
5.895786,WalkToDestination,0.761222,1.391207,0.741819,1.871697,1.577663,0.000043,-0.058866,-0.059481
5.899953,WalkToDestination,0.760970,1.390950,0.755795,1.873567,1.567972,0.000064,-0.060525,-0.061684
5.904119,WalkToDestination,0.760701,1.390674,0.761010,1.862457,1.557204,0.000014,-0.064559,-0.066175
5.908286,WalkToDestination,0.760406,1.390371,0.757284,1.838196,1.545262,0.000000,-0.070767,-0.072756
5.912453,WalkToDestination,0.760066,1.390022,0.793047,1.843319,1.532238,0.000007,-0.081496,-0.083685
5.916619,WalkToDestination,0.759701,1.389647,0.808637,1.834730,1.518202,0.000014,-0.087662,-0.090036
5.920786,WalkToDestination,0.759314,1.389250,0.804918,1.809979,1.502967,0.000050,-0.092940,-0.095387
5.924953,WalkToDestination,0.758905,1.388830,0.793205,1.778096,1.486710,0.000007,-0.098062,-0.100594
5.929119,WalkToDestination,0.758476,1.388391,0.773412,1.739241,1.469254,0.000043,-0.103083,-0.105572
5.933286,WalkToDestination,0.758026,1.387930,0.745610,1.693895,1.450767,0.000007,-0.108075,-0.110493
5.937452,WalkToDestination,0.757552,1.387447,0.721684,1.651460,1.431184,0.000043,-0.113683,-0.116043
5.941619,WalkToDestination,0.757042,1.386929,0.730151,1.630470,1.410398,0.000050,-0.122309,-0.124340
5.945786,WalkToDestination,0.756505,1.386384,0.702842,1.580122,1.388568,0.000092,-0.128875,-0.130577
5.949952,WalkToDestination,0.755945,1.385818,0.670112,1.527155,1.365520,0.000092,-0.134511,-0.135984
5.954119,WalkToDestination,0.755364,1.385232,0.632071,1.471972,1.341428,0.000021,-0.139346,-0.140619
5.958285,WalkToDestination,0.754767,1.384630,0.589251,1.415125,1.316228,0.000050,-0.143309,-0.144424
5.962452,WalkToDestination,0.754156,1.384015,0.542126,1.356855,1.289860,0.000029,-0.146599,-0.147743
5.966619,WalkToDestination,0.753534,1.383388,0.491102,1.297668,1.262319,0.000021,-0.149217,-0.150375
5.970785,WalkToDestination,0.752907,1.382755,0.421758,1.225314,1.233678,0.000021,-0.150662,-0.151920
5.974952,WalkToDestination,0.752265,1.382108,0.376856,1.169435,1.203910,0.000014,-0.154038,-0.155325
5.979118,WalkToDestination,0.751607,1.381444,0.331486,1.111953,1.173022,0.000014,-0.157986,-0.159330
5.983285,WalkToDestination,0.750929,1.380761,0.285971,1.053190,1.140904,0.000014,-0.162621,-0.164022
5.987452,WalkToDestination,0.750229,1.380055,0.240806,0.993635,1.107769,0.000036,-0.167971,-0.169373
5.991618,WalkToDestination,0.749506,1.379325,0.197310,0.933909,1.073364,0.000036,-0.173678,-0.175066
5.995785,WalkToDestination,0.748047,1.377861,0.258791,0.762604,1.037866,0.000000,-0.350003,-0.351419
5.999951,WalkToDestination,0.746589,1.376397,0.238053,0.711253,1.001212,0.000043,-0.349989,-0.351334
6.004118,WalkToDestination,0.745130,1.374933,0.227516,0.664194,0.963604,0.000064,-0.350032,-0.351305
6.008285,WalkToDestination,0.743630,1.373428,0.242984,0.616701,0.924510,0.000061,-0.360203,-0.361404
6.012451,WalkToDestination,0.741858,1.371651,0.311921,0.543205,0.884471,0.000076,-0.425162,-0.426292
6.016618,WalkToDestination,0.740212,1.370001,0.302000,0.517560,0.843326,0.000036,-0.394993,-0.396051
6.020784,WalkToDestination,0.738700,1.368485,0.296607,0.499110,0.800946,0.000014,-0.362821,-0.363894
6.024951,WalkToDestination,0.737330,1.367110,0.294285,0.486705,0.757366,0.000043,-0.328903,-0.329962
6.029118,WalkToDestination,0.736108,1.365884,0.293589,0.478964,0.712859,0.000036,-0.293226,-0.294313
6.033284,WalkToDestination,0.734922,1.364693,0.309797,0.466833,0.667012,0.000036,-0.284715,-0.285759
6.037451,WalkToDestination,0.733464,1.363230,0.369434,0.447779,0.620084,0.000014,-0.350003,-0.351076
6.041617,WalkToDestination,0.732005,1.361768,0.387216,0.445735,0.572071,0.000000,-0.350003,-0.351019
6.045784,WalkToDestination,0.730570,1.360328,0.400840,0.446719,0.523001,0.000029,-0.344367,-0.345440
6.049951,WalkToDestination,0.730186,1.359940,0.323044,0.487708,0.472639,0.000029,-0.092211,-0.093155
6.054117,WalkToDestination,0.729986,1.359736,0.339141,0.495191,0.421185,0.000014,-0.047965,-0.048923
6.058284,WalkToDestination,0.729973,1.359720,0.359287,0.503840,0.368683,0.000014,-0.003090,-0.003920
6.062450,WalkToDestination,0.730151,1.359895,0.383403,0.512852,0.314973,0.000000,0.042629,0.041857
6.066617,WalkToDestination,0.730522,1.360263,0.411315,0.522758,0.260216,0.000014,0.088949,0.088320
6.070784,WalkToDestination,0.730212,1.359950,0.410514,0.466471,0.204316,0.000014,-0.074401,-0.074930
6.074950,WalkToDestination,0.728876,1.358613,0.520825,0.521032,0.147330,0.000014,-0.320578,-0.320978
6.079117,WalkToDestination,0.727503,1.357239,0.548769,0.547022,0.089135,0.000029,-0.329518,-0.329733
6.083283,WalkToDestination,0.726092,1.355828,0.577367,0.576163,0.030040,0.000007,-0.338559,-0.338631
6.087450,WalkToDestination,0.727551,1.357286,0.350003,0.350018,0.000007,0.000061,0.350003,0.349989
6.091617,WalkToDestination,0.726979,1.356717,0.586840,0.554626,0.000007,0.012654,-0.137086,-0.136557
6.095783,WalkToDestination,0.725528,1.355267,0.697977,0.691192,0.000036,0.041189,-0.348444,-0.347986
6.099950,WalkToDestination,0.724085,1.353826,0.723551,0.717950,0.000050,0.074584,-0.346227,-0.345869
6.104116,WalkToDestination,0.722671,1.352414,0.747794,0.742764,0.000043,0.113061,-0.339389,-0.339060
6.108283,WalkToDestination,0.721305,1.351049,0.771749,0.766079,0.000000,0.156821,-0.327773,-0.327501
6.112450,WalkToDestination,0.720010,1.349754,0.795911,0.787761,0.000007,0.205897,-0.310879,-0.310736
6.116616,WalkToDestination,0.718808,1.348553,0.821406,0.807868,0.000058,0.260721,-0.288363,-0.288334
6.120783,WalkToDestination,0.717725,1.347469,0.849653,0.826915,0.000072,0.321094,-0.260038,-0.260067
6.124949,WalkToDestination,0.716784,1.346528,0.882401,0.844877,0.000029,0.387322,-0.225849,-0.225992
6.129116,WalkToDestination,0.716012,1.345755,0.921349,0.861918,0.000064,0.459572,-0.185208,-0.185394
6.133283,WalkToDestination,0.715436,1.345178,0.968613,0.878250,0.000064,0.537724,-0.138345,-0.138588
6.137449,WalkToDestination,0.715081,1.344822,1.026830,0.894047,0.000043,0.621947,-0.085087,-0.085344
6.141616,WalkToDestination,0.714974,1.344714,1.097958,0.909201,0.000072,0.712210,-0.025606,-0.025864
6.145782,WalkToDestination,0.715144,1.344883,1.181170,0.929317,0.000029,0.808484,0.040627,0.040455
6.149949,WalkToDestination,0.715611,1.345350,1.257682,0.950687,0.000021,0.910677,0.112181,0.112066
6.154116,WalkToDestination,0.716401,1.346139,1.338805,0.971677,0.000036,1.018997,0.189500,0.189457
6.158282,WalkToDestination,0.717536,1.347274,1.426750,0.994789,0.000029,1.133011,0.272441,0.272369
6.162449,WalkToDestination,0.718997,1.348735,1.518632,1.020018,0.000000,1.252899,0.350776,0.350704
6.166615,WalkToDestination,0.720491,1.350228,1.596449,1.043027,0.000072,1.378317,0.358515,0.358343
6.170782,WalkToDestination,0.722028,1.351764,1.676275,1.065128,0.000059,1.509054,0.368872,0.368614
6.174949,WalkToDestination,0.723620,1.353354,1.755392,1.084720,0.000021,1.642609,0.381947,0.381603
6.179115,WalkToDestination,0.725273,1.355006,1.811493,1.087800,0.000036,1.755748,0.396810,0.396366
6.183282,WalkToDestination,0.726993,1.356723,1.841752,1.064594,0.000029,1.845754,0.412760,0.412130
6.187449,WalkToDestination,0.728786,1.358513,1.884059,1.053108,0.000014,1.932665,0.430341,0.429640
6.191615,WalkToDestination,0.730658,1.360382,1.925340,1.042778,0.000000,2.016708,0.449266,0.448494
6.195782,WalkToDestination,0.732614,1.362335,1.965332,1.032918,0.000036,2.097710,0.469365,0.468779
6.199948,WalkToDestination,0.734657,1.364377,2.003855,1.023309,0.000007,2.175843,0.490308,0.489922
6.204115,WalkToDestination,0.736789,1.366509,2.040909,1.014114,0.000007,2.250938,0.511851,0.511894
6.208282,WalkToDestination,0.739013,1.368735,2.076912,1.005369,0.000007,2.323118,0.533738,0.534210
6.212448,WalkToDestination,0.741328,1.371055,2.111561,0.996953,0.000023,2.392388,0.555668,0.556698
6.216615,WalkToDestination,0.743734,1.373467,2.123608,0.938340,0.000010,2.458632,0.577326,0.578928
6.220781,WalkToDestination,0.746230,1.375971,2.165017,0.923609,0.000029,2.522048,0.599070,0.601015
6.224948,WalkToDestination,0.748814,1.378565,2.205554,0.912846,0.000014,2.582404,0.620227,0.622530
6.229115,WalkToDestination,0.751483,1.381245,2.243308,0.903068,0.000029,2.640005,0.640454,0.643101
6.233281,WalkToDestination,0.754231,1.384005,2.278056,0.894113,0.000016,2.694648,0.659523,0.662527
6.237448,WalkToDestination,0.757052,1.386841,2.309997,0.885893,0.000014,2.746377,0.677104,0.680466
6.241614,WalkToDestination,0.759721,1.389524,2.316879,0.870459,0.000029,2.795283,0.640483,0.644074
6.245781,WalkToDestination,0.761657,1.391476,2.268356,0.858739,0.000021,2.841344,0.464573,0.468407
6.249948,WalkToDestination,0.763584,1.393421,2.276218,0.818721,0.000050,2.884601,0.462656,0.466862
6.254114,WalkToDestination,0.765496,1.395352,2.304205,0.806479,0.000036,2.924978,0.458894,0.463429
6.258281,WalkToDestination,0.767388,1.397263,2.327437,0.797219,0.000029,2.962708,0.454001,0.458651
6.262447,WalkToDestination,0.769255,1.399149,2.344857,0.788281,0.000021,2.997487,0.448136,0.452642
6.266614,WalkToDestination,0.771093,1.401005,2.356468,0.779724,0.000029,3.029608,0.441155,0.445404
6.270781,WalkToDestination,0.772897,1.402825,2.362080,0.771313,0.000051,3.059081,0.432944,0.436792
6.274947,WalkToDestination,0.774662,1.404604,2.361651,0.762904,0.000029,3.085645,0.423532,0.426922
6.279114,WalkToDestination,0.776382,1.406335,2.355201,0.754518,0.000050,3.109669,0.412688,0.415564
6.283280,WalkToDestination,0.778043,1.408008,2.382297,0.784299,0.000000,3.130975,0.398798,0.401373
6.287447,WalkToDestination,0.779654,1.409627,2.412492,0.778507,0.000029,3.149543,0.386553,0.388727
6.291614,WalkToDestination,0.781212,1.411194,2.424805,0.771233,0.000029,3.165480,0.373964,0.375881
6.295780,WalkToDestination,0.782716,1.412704,2.420107,0.765404,0.000057,3.178813,0.361004,0.362520
6.299947,WalkToDestination,0.784165,1.414158,2.398726,0.761446,0.000000,3.189431,0.347672,0.348930
6.304113,WalkToDestination,0.785557,1.415554,2.360580,0.760214,0.000021,3.197510,0.334053,0.334969
6.308280,WalkToDestination,0.786891,1.416890,2.306015,0.763002,0.000064,3.202948,0.320149,0.320664
6.312447,WalkToDestination,0.788166,1.418166,2.235419,0.771388,0.000029,3.205689,0.306130,0.306330
6.316613,WalkToDestination,0.789388,1.419388,2.144147,0.739870,0.000007,3.205849,0.293312,0.293169
6.320780,WalkToDestination,0.790543,1.420540,2.080374,0.753448,0.000021,3.203487,0.277062,0.276575
6.324946,WalkToDestination,0.791628,1.421621,2.027940,0.768719,0.000050,3.198429,0.260382,0.259523
6.329113,WalkToDestination,0.792643,1.422631,1.985501,0.779096,0.000007,3.190667,0.243530,0.242300
6.333280,WalkToDestination,0.793586,1.423568,1.953006,0.782672,0.000029,3.180432,0.226479,0.224934
6.337446,WalkToDestination,0.794459,1.424433,1.930275,0.778455,0.000014,3.167480,0.209427,0.207567
6.341613,WalkToDestination,0.795260,1.425225,1.917153,0.766677,0.000007,3.151864,0.192318,0.190086
6.345779,WalkToDestination,0.795990,1.425945,1.913516,0.748389,0.000021,3.133687,0.175238,0.172720
6.349946,WalkToDestination,0.796671,1.426613,1.889287,0.645441,0.000023,3.112704,0.163279,0.160332
6.354113,WalkToDestination,0.797282,1.427210,1.875851,0.639670,0.000007,3.089076,0.146799,0.143337
6.358279,WalkToDestination,0.797818,1.427729,1.858649,0.638586,0.000021,3.062895,0.128532,0.124598
6.362446,WalkToDestination,0.798272,1.428165,1.836617,0.635329,0.000014,3.033755,0.109019,0.104628
6.366612,WalkToDestination,0.798639,1.428512,1.810038,0.630245,0.000014,3.002088,0.087976,0.083256
6.370779,WalkToDestination,0.798911,1.428765,1.779015,0.623313,0.000029,2.967606,0.065460,0.060596
6.374946,WalkToDestination,0.799084,1.428917,1.744171,0.614949,0.000014,2.930312,0.041428,0.036592
6.379112,WalkToDestination,0.799150,1.428964,1.705820,0.605610,0.000036,2.890292,0.015736,0.011244
6.383279,WalkToDestination,0.799091,1.428888,1.692731,0.678275,0.000064,2.847429,-0.014148,-0.018253
6.387445,WalkToDestination,0.798926,1.428708,1.667534,0.680422,0.000036,2.801744,-0.039396,-0.043259
6.391612,WalkToDestination,0.798478,1.428244,1.624245,0.703030,0.000086,2.753221,-0.107560,-0.111179
6.395779,WalkToDestination,0.797552,1.427305,1.569491,0.760581,0.000136,2.701909,-0.222273,-0.225506
6.399945,WalkToDestination,0.796562,1.426302,1.545203,0.752293,0.000100,2.647628,-0.237694,-0.240612
6.404112,WalkToDestination,0.795508,1.425238,1.520553,0.745262,0.000107,2.590440,-0.252943,-0.255461
6.408278,WalkToDestination,0.794391,1.424112,1.495718,0.740030,0.000165,2.530453,-0.268107,-0.270252
6.412445,WalkToDestination,0.793211,1.422925,1.470908,0.737354,0.000114,2.467504,-0.283184,-0.284901
6.416612,WalkToDestination,0.791950,1.421659,1.468650,0.785417,0.000029,2.401573,-0.302610,-0.303783
6.420778,WalkToDestination,0.790618,1.420324,1.452156,0.787102,0.000086,2.332784,-0.319777,-0.320349
6.424945,WalkToDestination,0.789217,1.418924,1.434669,0.787241,0.000043,2.261033,-0.336056,-0.336056
6.429111,WalkToDestination,0.787753,1.417461,1.417944,0.789973,0.000007,2.186235,-0.351534,-0.351162
6.433278,WalkToDestination,0.786225,1.415937,1.402018,0.796214,0.000007,2.108590,-0.366497,-0.365782
6.437445,WalkToDestination,0.784639,1.414354,1.386849,0.806089,0.000014,2.027937,-0.380688,-0.379829
6.441611,WalkToDestination,0.782997,1.412716,1.372612,0.820055,0.000029,1.944340,-0.394106,-0.393219
6.445778,WalkToDestination,0.781302,1.411023,1.359234,0.838604,0.000007,1.857743,-0.406895,-0.406151
6.449944,WalkToDestination,0.779559,1.409283,1.342844,0.847411,0.000036,1.768267,-0.418282,-0.417709
6.454111,WalkToDestination,0.777760,1.407486,1.336601,0.869790,0.000086,1.675712,-0.431786,-0.431242
6.458278,WalkToDestination,0.775901,1.405629,1.331667,0.894701,0.000029,1.580306,-0.446177,-0.445719
6.462444,WalkToDestination,0.773979,1.403708,1.327589,0.921136,0.000021,1.481925,-0.461326,-0.460968
6.466611,WalkToDestination,0.771990,1.401721,1.324803,0.949485,0.000043,1.380605,-0.477333,-0.476961
6.470778,WalkToDestination,0.769931,1.399663,1.323367,0.979460,0.000029,1.276395,-0.494142,-0.493898
6.474944,WalkToDestination,0.767798,1.397531,1.323450,1.011315,0.000021,1.169237,-0.511866,-0.511551
6.479111,WalkToDestination,0.765588,1.395323,1.325342,1.044900,0.000000,1.059200,-0.530305,-0.529919
6.483277,WalkToDestination,0.763298,1.393035,1.333428,1.085309,0.000059,0.946294,-0.549588,-0.549259
6.487444,WalkToDestination,0.760935,1.390673,1.342268,1.122682,0.000103,0.830490,-0.567112,-0.566883
6.491611,WalkToDestination,0.758497,1.388235,1.352038,1.160327,0.000029,0.711842,-0.585165,-0.585079
6.495777,WalkToDestination,0.755981,1.385718,1.362996,1.198475,0.000036,0.590376,-0.604019,-0.604076
6.499944,WalkToDestination,0.753381,1.383118,1.375572,1.237281,0.000036,0.466143,-0.623803,-0.623932
6.504110,WalkToDestination,0.750697,1.380433,1.389309,1.276454,0.000043,0.339009,-0.644302,-0.644445
6.508277,WalkToDestination,0.747923,1.377659,1.404474,1.315982,0.000059,0.209150,-0.665603,-0.665731
6.512444,WalkToDestination,0.745058,1.374794,1.420902,1.355811,0.000086,0.076505,-0.687704,-0.687761
6.516610,WalkToDestination,0.742266,1.372003,1.420067,1.375772,0.050116,0.000293,-0.669980,-0.669823
6.520777,WalkToDestination,0.739780,1.369517,1.393094,1.372098,0.163878,0.000066,-0.596709,-0.596438
6.524943,WalkToDestination,0.737614,1.367353,1.363635,1.372879,0.275481,0.000087,-0.519805,-0.519533
6.529110,WalkToDestination,0.735781,1.365521,1.332597,1.378893,0.384820,0.000016,-0.439911,-0.439682
6.533277,WalkToDestination,0.734291,1.364031,1.300287,1.390273,0.491774,0.000057,-0.357728,-0.357542
6.537443,WalkToDestination,0.733149,1.362890,1.267923,1.407182,0.596182,0.000007,-0.274029,-0.273943
6.541610,WalkToDestination,0.732362,1.362102,1.235738,1.429647,0.698303,0.000026,-0.188971,-0.188999
6.545776,WalkToDestination,0.731930,1.361669,1.204785,1.457528,0.797894,0.000020,-0.103669,-0.103827
6.549943,WalkToDestination,0.731851,1.361590,1.186006,1.498702,0.895025,0.000021,-0.018911,-0.019112
6.554110,WalkToDestination,0.732114,1.361852,1.166871,1.542974,0.989772,0.000007,0.063100,0.063000
6.558276,WalkToDestination,0.732713,1.362452,1.148949,1.589782,1.081919,0.000045,0.143924,0.143881
6.562443,WalkToDestination,0.733643,1.363381,1.133164,1.639045,1.171445,0.000087,0.223002,0.222902
6.566609,WalkToDestination,0.734893,1.364630,1.119562,1.689708,1.258613,0.000014,0.300164,0.299978
6.570776,WalkToDestination,0.736456,1.366192,1.108604,1.740920,1.343307,0.000014,0.374937,0.374680
6.574943,WalkToDestination,0.738317,1.368051,1.100186,1.792095,1.425115,0.000021,0.446677,0.446320
6.579109,WalkToDestination,0.740463,1.370196,1.094679,1.842687,1.504747,0.000021,0.515099,0.514669
6.583276,WalkToDestination,0.742877,1.372608,1.079116,1.888410,1.581527,0.000043,0.579486,0.578871
6.587442,WalkToDestination,0.745543,1.375270,1.076636,1.945518,1.655769,0.000043,0.639625,0.638924
6.591609,WalkToDestination,0.748436,1.378160,1.076264,2.000929,1.727574,0.000014,0.694470,0.693684
6.595776,WalkToDestination,0.751534,1.381255,1.076453,2.053893,1.796639,0.000043,0.743394,0.742807
6.599942,WalkToDestination,0.754812,1.384532,1.076582,2.104129,1.863270,0.000032,0.786710,0.786324
6.604109,WalkToDestination,0.758245,1.387965,1.076294,2.151406,1.927243,0.000039,0.824089,0.824118
6.608275,WalkToDestination,0.761810,1.391532,1.074915,2.195641,1.988592,0.000036,0.855489,0.855932
6.612442,WalkToDestination,0.765481,1.395207,1.072161,2.236760,2.047419,0.000029,0.881052,0.882139
6.616609,WalkToDestination,0.769234,1.398967,1.020678,2.253776,2.103760,0.000021,0.900650,0.902224
6.620775,WalkToDestination,0.773057,1.402798,1.008515,2.296840,2.157543,0.000021,0.917587,0.919533
6.624942,WalkToDestination,0.776930,1.406680,0.998409,2.336769,2.208563,0.000043,0.929432,0.931749
6.629108,WalkToDestination,0.778822,1.408583,0.897201,2.178984,2.257412,0.000057,0.454073,0.456734
6.633275,WalkToDestination,0.779794,1.409568,0.931477,2.145599,2.303599,0.000072,0.233288,0.236321
6.637442,WalkToDestination,0.780766,1.410554,0.923772,2.166218,2.347164,0.000029,0.233374,0.236692
6.641608,WalkToDestination,0.781738,1.411541,0.916454,2.183741,2.388570,0.000014,0.233316,0.236921
6.645775,WalkToDestination,0.782710,1.412530,0.909348,2.198186,2.427279,0.000021,0.233345,0.237179
6.649941,WalkToDestination,0.784459,1.414296,0.824476,2.261002,2.463647,0.000036,0.419655,0.423832
6.654108,WalkToDestination,0.786264,1.416120,0.810236,2.294724,2.497694,0.000014,0.433331,0.437908
6.658275,WalkToDestination,0.788070,1.417945,0.800495,2.319446,2.529229,0.000036,0.433359,0.437937
6.662441,WalkToDestination,0.789876,1.419770,0.790858,2.339120,2.558477,0.000036,0.433331,0.437880
6.666608,WalkToDestination,0.791681,1.421593,0.781086,2.353339,2.585427,0.000029,0.433331,0.437594
6.670774,WalkToDestination,0.793487,1.423414,0.771241,2.362235,2.609963,0.000000,0.433302,0.437136
6.674941,WalkToDestination,0.795292,1.425234,0.761159,2.365752,2.632288,0.000100,0.433388,0.436792
6.679108,WalkToDestination,0.797098,1.427052,0.751012,2.363704,2.652314,0.000100,0.433302,0.436220
6.683274,WalkToDestination,0.798127,1.428092,0.823622,2.324390,2.670044,0.000014,0.247021,0.249538
6.687441,WalkToDestination,0.799099,1.429073,0.817278,2.353678,2.685621,0.000043,0.233316,0.235491
6.691607,WalkToDestination,0.799428,1.429410,0.869489,2.317345,2.698883,0.000100,0.078964,0.080881
6.695774,WalkToDestination,0.798776,1.428764,0.995745,2.251176,2.709959,0.000029,-0.156555,-0.155010
6.699941,WalkToDestination,0.798065,1.428058,1.000717,2.226506,2.718801,0.000072,-0.170589,-0.169344
6.704107,WalkToDestination,0.797299,1.427295,1.010415,2.185689,2.725593,0.000093,-0.183921,-0.183077
6.708274,WalkToDestination,0.796480,1.426479,1.025397,2.129280,2.730000,0.000043,-0.196495,-0.195894
6.712440,WalkToDestination,0.795612,1.425612,1.046390,2.057960,2.732366,0.000029,-0.208397,-0.208225
6.716607,WalkToDestination,0.794709,1.424708,1.036605,1.965675,2.732524,0.000064,-0.216780,-0.216923
6.720774,WalkToDestination,0.793746,1.423743,1.058948,1.903034,2.730474,0.000036,-0.231028,-0.231514
6.724940,WalkToDestination,0.792724,1.422718,1.078513,1.851894,2.726272,0.000021,-0.245218,-0.246105
6.729107,WalkToDestination,0.791646,1.421635,1.090677,1.811389,2.719910,0.000021,-0.258665,-0.259867
6.733274,WalkToDestination,0.790515,1.420497,1.094796,1.780665,2.711276,0.000021,-0.271454,-0.272999
6.737440,WalkToDestination,0.789333,1.419307,1.090969,1.759941,2.700516,0.000029,-0.283785,-0.285673
6.741607,WalkToDestination,0.788102,1.418067,1.079270,1.748309,2.687576,0.000014,-0.295315,-0.297518
6.745773,WalkToDestination,0.786826,1.416780,1.061574,1.746201,2.672272,0.000043,-0.306387,-0.308905
6.749940,WalkToDestination,0.785541,1.415483,0.984447,1.719650,2.654862,0.000072,-0.308418,-0.311365
6.754107,WalkToDestination,0.784216,1.414144,0.982166,1.706448,2.635175,0.000014,-0.318003,-0.321465
6.758273,WalkToDestination,0.782841,1.412752,0.981875,1.691400,2.613168,0.000045,-0.329948,-0.333881
6.762440,WalkToDestination,0.781409,1.411302,0.979024,1.672951,2.588912,0.000039,-0.343652,-0.348043
6.766606,WalkToDestination,0.779913,1.409786,0.973563,1.651591,2.562304,0.000043,-0.359116,-0.363836
6.770773,WalkToDestination,0.778346,1.408199,0.965528,1.627422,2.533448,0.000007,-0.376110,-0.380974
6.774940,WalkToDestination,0.776699,1.406532,0.955421,1.601330,2.502089,0.000050,-0.395136,-0.399971
6.779106,WalkToDestination,0.774967,1.404782,0.943228,1.573694,2.468385,0.000021,-0.415635,-0.420113
6.783273,WalkToDestination,0.773126,1.402923,0.989461,1.573431,2.432477,0.000066,-0.441928,-0.446062
6.787439,WalkToDestination,0.771206,1.400987,0.987704,1.556926,2.393899,0.000104,-0.460897,-0.464773
6.791606,WalkToDestination,0.769208,1.398974,0.981406,1.537887,2.353070,0.000021,-0.479364,-0.482969
6.795773,WalkToDestination,0.767133,1.396886,0.975553,1.518441,2.309631,0.000021,-0.498004,-0.501251
6.799939,WalkToDestination,0.764980,1.394721,0.970489,1.499002,2.263910,0.000000,-0.516686,-0.519619
6.804106,WalkToDestination,0.762750,1.392480,0.966417,1.479680,2.215444,0.000073,-0.535326,-0.537815
6.808272,WalkToDestination,0.760441,1.390162,0.964319,1.461153,2.164662,0.000014,-0.554166,-0.556326
6.812439,WalkToDestination,0.758053,1.387766,0.964593,1.443616,2.111187,0.000000,-0.573134,-0.574865
6.816606,WalkToDestination,0.755566,1.385275,1.005259,1.450030,2.055268,0.000007,-0.596824,-0.597982
6.820772,WalkToDestination,0.752989,1.382696,1.009201,1.441561,1.996763,0.000072,-0.618396,-0.618954
6.824939,WalkToDestination,0.750326,1.380032,1.012376,1.432492,1.935777,0.000064,-0.639224,-0.639238
6.829105,WalkToDestination,0.747578,1.377286,1.018549,1.424292,1.872170,0.000029,-0.659509,-0.659094
6.833272,WalkToDestination,0.744747,1.374458,1.027949,1.417255,1.805982,0.000067,-0.679393,-0.678721
6.837439,WalkToDestination,0.745667,1.375378,0.449780,0.430310,0.206086,0.000007,0.220785,0.220814
6.841605,WalkToDestination,0.746661,1.376372,0.532879,0.475772,0.229671,0.000104,0.238438,0.238524
6.845772,WalkToDestination,0.747725,1.377437,0.614866,0.522992,0.271454,0.000045,0.255404,0.255575
6.849938,WalkToDestination,0.748857,1.378570,0.693558,0.570147,0.321110,0.000000,0.271726,0.271998
6.854105,WalkToDestination,0.749325,1.379040,0.733171,0.508337,0.373078,0.000014,0.112424,0.112724
6.858272,WalkToDestination,0.749131,1.378847,0.807736,0.477282,0.424371,0.000029,-0.046749,-0.046406
6.862438,WalkToDestination,0.750460,1.380178,0.902464,0.704421,0.473420,0.000043,0.319147,0.319605
6.866605,WalkToDestination,0.751851,1.381570,0.960525,0.744627,0.519422,0.000081,0.333624,0.334053
6.870771,WalkToDestination,0.753297,1.383018,1.011644,0.781693,0.561939,0.000059,0.347157,0.347557
6.874938,WalkToDestination,0.754755,1.384478,1.051382,0.805133,0.600490,0.000014,0.350018,0.350390
6.879105,WalkToDestination,0.756214,1.385938,1.090132,0.827519,0.635004,0.000029,0.349975,0.350390
6.883271,WalkToDestination,0.757672,1.387398,1.124353,0.848716,0.665361,0.000064,0.350003,0.350304
6.887438,WalkToDestination,0.759130,1.388858,1.153896,0.868740,0.691346,0.000081,0.350018,0.350361
6.891604,WalkToDestination,0.760589,1.390317,1.178798,0.887553,0.712990,0.000014,0.350018,0.350304
6.895771,WalkToDestination,0.762047,1.391777,1.199076,0.905655,0.730158,0.000064,0.350018,0.350304
6.899938,WalkToDestination,0.763506,1.393237,1.215765,0.923883,0.742899,0.000059,0.350003,0.350304
6.904104,WalkToDestination,0.764964,1.394696,1.228826,0.942272,0.751193,0.000014,0.349975,0.350189
6.908271,WalkToDestination,0.766422,1.396155,1.238995,0.961663,0.754900,0.000007,0.350018,0.350246
6.912437,WalkToDestination,0.767880,1.397614,1.246613,0.981975,0.754135,0.000058,0.349975,0.350246
6.916604,WalkToDestination,0.769339,1.399074,1.252411,1.004049,0.748856,0.000092,0.350018,0.350332
6.920771,WalkToDestination,0.770797,1.400534,1.248285,1.026769,0.738966,0.000103,0.350003,0.350361
6.924937,WalkToDestination,0.769339,1.399077,0.659014,0.378387,0.724540,0.000036,-0.349989,-0.349617
6.929104,WalkToDestination,0.767982,1.397722,0.434815,0.486454,0.705607,0.000064,-0.325670,-0.325298
6.933270,WalkToDestination,0.767025,1.396766,0.357846,0.433289,0.682009,0.000050,-0.229611,-0.229282
6.937437,WalkToDestination,0.766118,1.395860,0.350392,0.418814,0.653874,0.000050,-0.217838,-0.217609
6.941604,WalkToDestination,0.765262,1.395005,0.337990,0.400156,0.621091,0.000072,-0.205250,-0.205135
6.945770,WalkToDestination,0.764465,1.394208,0.320263,0.377879,0.583759,0.000007,-0.191302,-0.191288
6.949937,WalkToDestination,0.763731,1.393474,0.298013,0.351670,0.541868,0.000057,-0.176182,-0.176268
6.954103,WalkToDestination,0.763065,1.392807,0.271757,0.322081,0.495305,0.000043,-0.159788,-0.159960
6.958270,WalkToDestination,0.762472,1.392213,0.241957,0.288914,0.444204,0.000103,-0.142307,-0.142508
6.962437,WalkToDestination,0.761958,1.391698,0.209907,0.253231,0.388531,0.000103,-0.123353,-0.123653
6.966603,WalkToDestination,0.761529,1.391267,0.175619,0.214491,0.328182,0.000043,-0.103068,-0.103340
6.970770,WalkToDestination,0.761189,1.390927,0.139562,0.172644,0.263284,0.000029,-0.081568,-0.081797
6.974936,WalkToDestination,0.760945,1.390681,0.102505,0.128798,0.193810,0.000029,-0.058622,-0.058880
6.979103,WalkToDestination,0.760801,1.390537,0.063998,0.082030,0.119556,0.000000,-0.034475,-0.034590
6.983270,WalkToDestination,0.760762,1.390498,0.024670,0.032529,0.040952,0.000097,-0.009356,-0.009413
6.987436,WalkToDestination,0.760779,1.390515,0.013529,0.020056,0.000007,0.049794,0.003977,0.004034
6.991603,WalkToDestination,0.760844,1.390580,0.047214,0.061588,0.000021,0.147680,0.015593,0.015764
6.995770,WalkToDestination,0.761003,1.390740,0.105067,0.114741,0.000000,0.242728,0.038109,0.038366
6.999936,WalkToDestination,0.761252,1.390991,0.161834,0.168832,0.000036,0.335103,0.059853,0.060225
7.004103,WalkToDestination,0.761588,1.391330,0.217016,0.221917,0.000023,0.424551,0.080752,0.081196
7.008269,WalkToDestination,0.762009,1.391752,0.270841,0.273783,0.000021,0.511291,0.100837,0.101395
7.012436,WalkToDestination,0.762508,1.392254,0.322819,0.323702,0.000014,0.595140,0.119877,0.120535
7.016603,WalkToDestination,0.763082,1.392831,0.372799,0.371854,0.000016,0.676222,0.137701,0.138445
7.020769,WalkToDestination,0.763726,1.393479,0.421365,0.418462,0.000010,0.754393,0.154653,0.155439
7.024936,WalkToDestination,0.764436,1.394192,0.468051,0.463084,0.000029,0.829800,0.170403,0.171232
7.029102,WalkToDestination,0.765207,1.394967,0.512955,0.506029,0.000057,0.902376,0.184922,0.185881
7.033269,WalkToDestination,0.766034,1.395798,0.556446,0.547136,0.000000,0.971795,0.198526,0.199499
7.037436,WalkToDestination,0.766912,1.396681,0.597704,0.586320,0.000100,1.038662,0.210757,0.211830
7.041602,WalkToDestination,0.767836,1.397609,0.637295,0.623559,0.000036,1.102558,0.221801,0.222874
7.045769,WalkToDestination,0.768802,1.398580,0.675713,0.659309,0.000064,1.163533,0.231829,0.233002
7.049935,WalkToDestination,0.769805,1.399588,0.712020,0.693151,0.000014,1.221696,0.240612,0.241814
7.054102,WalkToDestination,0.770839,1.400627,0.746228,0.724780,0.000036,1.276788,0.248137,0.249338
7.058269,WalkToDestination,0.771900,1.401693,0.779498,0.754890,0.000021,1.329316,0.254731,0.256033
7.062435,WalkToDestination,0.772983,1.402782,0.810329,0.783123,0.000029,1.378695,0.259996,0.261240
7.066602,WalkToDestination,0.774084,1.403889,0.839775,0.809569,0.000043,1.425300,0.264273,0.265617
7.070768,WalkToDestination,0.775200,1.405009,0.867955,0.834378,0.000000,1.469148,0.267634,0.268936
7.074935,WalkToDestination,0.776323,1.406139,0.893483,0.856933,0.000021,1.510056,0.269666,0.271053
7.079102,WalkToDestination,0.777452,1.407273,0.917881,0.878017,0.000036,1.548211,0.270939,0.272284
7.083268,WalkToDestination,0.778583,1.408409,0.940911,0.897381,0.000029,1.583482,0.271282,0.272684
7.087435,WalkToDestination,0.779710,1.409542,0.961656,0.914763,0.000029,1.616020,0.270538,0.271883
7.091601,WalkToDestination,0.780831,1.410668,0.980820,0.930408,0.000000,1.645799,0.269022,0.270338
7.095768,WalkToDestination,0.781942,1.411785,0.998748,0.944493,0.000000,1.672738,0.266647,0.268049
7.099935,WalkToDestination,0.783040,1.412889,1.014527,0.956751,0.000014,1.696932,0.263557,0.264931
7.104101,WalkToDestination,0.784122,1.413977,1.028848,0.967056,0.000014,1.718416,0.259724,0.261068
7.108268,WalkToDestination,0.785185,1.415046,1.041710,0.976178,0.000043,1.737204,0.255175,0.256491
7.112434,WalkToDestination,0.786227,1.416093,1.052319,0.983013,0.000114,1.753245,0.249910,0.251226
7.116601,WalkToDestination,0.787244,1.417116,1.061934,0.988558,0.000023,1.766619,0.244274,0.245562
7.120768,WalkToDestination,0.788236,1.418112,1.069639,0.992443,0.000065,1.777321,0.237923,0.239182
7.124934,WalkToDestination,0.789199,1.419080,1.075437,0.994491,0.000014,1.785374,0.231085,0.232315
7.129101,WalkToDestination,0.790132,1.420019,1.080238,0.995257,0.000043,1.790545,0.223961,0.225191
7.133267,WalkToDestination,0.791033,1.420924,1.082677,0.994000,0.000036,1.793302,0.216236,0.217409
7.137434,WalkToDestination,0.791901,1.421797,1.084003,0.991589,0.000014,1.793303,0.208283,0.209427
7.141601,WalkToDestination,0.792734,1.422635,1.083071,0.987124,0.000000,1.790660,0.200071,0.201159
7.145767,WalkToDestination,0.793533,1.423438,1.081362,0.981533,0.000021,1.785257,0.191631,0.192776
7.149934,WalkToDestination,0.794295,1.424205,1.077397,0.974217,0.000000,1.777324,0.182905,0.183907
7.154100,WalkToDestination,0.795020,1.424934,1.071735,0.965190,0.000014,1.766616,0.174065,0.175066
7.158267,WalkToDestination,0.795708,1.425627,1.064595,0.954620,0.000014,1.753244,0.165196,0.166225
7.162434,WalkToDestination,0.796360,1.426282,1.056095,0.942830,0.000000,1.737205,0.156298,0.157213
7.166600,WalkToDestination,0.796973,1.426899,1.045212,0.928999,0.000050,1.718477,0.147228,0.148115
7.170767,WalkToDestination,0.797550,1.427479,1.033513,0.914233,0.000021,1.696929,0.138416,0.139275
7.174933,WalkToDestination,0.798089,1.428022,1.019546,0.897826,0.000007,1.672790,0.129519,0.130348
7.179100,WalkToDestination,0.798593,1.428529,1.004313,0.880451,0.000050,1.645686,0.120821,0.121594
7.183267,WalkToDestination,0.799059,1.428999,0.987049,0.861785,0.000064,1.616078,0.111923,0.112696
7.187433,WalkToDestination,0.799490,1.429433,0.968397,0.842111,0.000050,1.583481,0.103483,0.104170
7.191600,WalkToDestination,0.799886,1.429831,0.948036,0.821494,0.000029,1.548216,0.095015,0.095701
7.195766,WalkToDestination,0.800248,1.430196,0.926174,0.799809,0.000029,1.510055,0.086889,0.087519
7.199933,WalkToDestination,0.800577,1.430527,0.902289,0.777162,0.000036,1.469085,0.078793,0.079393
7.204100,WalkToDestination,0.800874,1.430827,0.877005,0.752164,0.000029,1.425421,0.071383,0.071926
7.208266,WalkToDestination,0.801143,1.431097,0.849869,0.724292,0.000021,1.378700,0.064459,0.064974
7.212433,WalkToDestination,0.801384,1.431341,0.821102,0.695596,0.000029,1.329250,0.057907,0.058393
7.216599,WalkToDestination,0.801599,1.431558,0.790269,0.665479,0.000014,1.276843,0.051584,0.052071
7.220766,WalkToDestination,0.801789,1.431749,0.758478,0.635036,0.000000,1.221588,0.045633,0.046034
7.224933,WalkToDestination,0.801956,1.431918,0.724125,0.603028,0.000043,1.163586,0.040083,0.040455
7.229099,WalkToDestination,0.802101,1.432065,0.689054,0.570748,0.000043,1.102498,0.034847,0.035191
7.233266,WalkToDestination,0.802226,1.432191,0.651659,0.537109,0.000021,1.038661,0.030041,0.030355
7.237432,WalkToDestination,0.802332,1.432298,0.612514,0.502750,0.000036,0.971976,0.025463,0.025778
7.241599,WalkToDestination,0.802422,1.432389,0.572367,0.467519,0.000000,0.902198,0.021458,0.021715
7.245766,WalkToDestination,0.802496,1.432464,0.529893,0.430810,0.000051,0.829809,0.017767,0.017996
7.249932,WalkToDestination,0.802556,1.432525,0.485638,0.392810,0.000036,0.754452,0.014420,0.014620
7.254099,WalkToDestination,0.802604,1.432574,0.440047,0.353859,0.000000,0.676259,0.011587,0.011787
7.258265,WalkToDestination,0.802642,1.432612,0.392796,0.313677,0.000014,0.595159,0.009041,0.009155
7.262432,WalkToDestination,0.802671,1.432642,0.343757,0.272205,0.000036,0.511222,0.006895,0.007067
7.266599,WalkToDestination,0.802692,1.432663,0.292513,0.229395,0.000029,0.424619,0.005064,0.005150
7.270765,WalkToDestination,0.802706,1.432678,0.240403,0.186059,0.000044,0.334990,0.003433,0.003519
7.274932,WalkToDestination,0.802715,1.432686,0.185762,0.141544,0.000036,0.242834,0.002089,0.002117
7.279099,WalkToDestination,0.802718,1.432690,0.130340,0.097740,0.000036,0.147684,0.000858,0.000887
7.283265,WalkToDestination,0.802718,1.432690,0.072988,0.057639,0.000036,0.049798,-0.000143,-0.000143
7.287432,WalkToDestination,0.802715,1.432686,0.023208,0.023279,0.000072,0.000043,-0.000715,-0.000744
7.291598,WalkToDestination,0.802720,1.432692,0.029100,0.097150,0.000014,0.000014,0.001230,0.001259
7.295765,WalkToDestination,0.802741,1.432713,0.080841,0.291722,0.000050,0.000029,0.005007,0.005121
7.299932,WalkToDestination,0.802776,1.432749,0.129861,0.475381,0.000014,0.000043,0.008354,0.008640
7.304098,WalkToDestination,0.802824,1.432799,0.175194,0.648197,0.000007,0.000029,0.011673,0.011902
7.308265,WalkToDestination,0.802885,1.432862,0.216752,0.810180,0.000000,0.000000,0.014706,0.015135
7.312431,WalkToDestination,0.802958,1.432936,0.254680,0.961636,0.000000,0.000007,0.017424,0.017853
7.316598,WalkToDestination,0.803042,1.433021,0.288547,1.102309,0.000029,0.000050,0.020027,0.020456
7.320765,WalkToDestination,0.803135,1.433117,0.318536,1.232139,0.000043,0.000014,0.022373,0.022860
7.324931,WalkToDestination,0.803237,1.433221,0.344563,1.351167,0.000086,0.000014,0.024548,0.024977
7.329098,WalkToDestination,0.803347,1.433332,0.366853,1.459179,0.000044,0.000014,0.026293,0.026751
7.333264,WalkToDestination,0.803464,1.433451,0.385421,1.555729,0.000051,0.000043,0.028095,0.028496
7.337431,WalkToDestination,0.803383,1.433371,0.432041,1.669320,0.000050,0.000029,-0.019426,-0.019112
7.341598,WalkToDestination,0.803263,1.433252,0.449854,1.747972,0.000021,0.000072,-0.028753,-0.028496
7.345764,WalkToDestination,0.803139,1.433129,0.458453,1.809440,0.000021,0.000043,-0.029726,-0.029526
7.349931,WalkToDestination,0.803012,1.433003,0.463375,1.858543,0.000057,0.000014,-0.030413,-0.030270
7.354097,WalkToDestination,0.802883,1.432874,0.465054,1.895079,0.000029,0.000057,-0.030956,-0.030956
7.358264,WalkToDestination,0.802753,1.432743,0.463595,1.918999,0.000043,0.000014,-0.031357,-0.031471
7.362431,WalkToDestination,0.802622,1.432612,0.459187,1.930232,0.000016,0.000043,-0.031414,-0.031586
7.366597,WalkToDestination,0.802491,1.432480,0.451957,1.928785,0.000036,0.000086,-0.031328,-0.031643
7.370764,WalkToDestination,0.802362,1.432349,0.442372,1.914655,0.000079,0.000014,-0.031071,-0.031443
7.374930,WalkToDestination,0.802234,1.432219,0.430326,1.888127,0.000100,0.000000,-0.030584,-0.031071
7.379097,WalkToDestination,0.802110,1.432092,0.416215,1.848980,0.000044,0.000043,-0.029955,-0.030499
7.383264,WalkToDestination,0.801989,1.431969,0.399917,1.797756,0.000014,0.000072,-0.029011,-0.029612
7.387430,WalkToDestination,0.801872,1.431849,0.381839,1.734205,0.000021,0.000014,-0.027981,-0.028667
7.391597,WalkToDestination,0.801761,1.431735,0.361601,1.658926,0.000029,0.000000,-0.026751,-0.027466
7.395763,WalkToDestination,0.801656,1.431627,0.339896,1.572021,0.000023,0.000000,-0.025177,-0.025949
7.399930,WalkToDestination,0.801558,1.431526,0.316155,1.473538,0.000010,0.000029,-0.023518,-0.024290
7.404097,WalkToDestination,0.801467,1.431432,0.290974,1.363872,0.000064,0.000043,-0.021715,-0.022430
7.408263,WalkToDestination,0.801386,1.431347,0.263593,1.243088,0.000014,0.000029,-0.019598,-0.020342
7.412430,WalkToDestination,0.801313,1.431272,0.234839,1.111289,0.000014,0.000014,-0.017424,-0.018053
7.416596,WalkToDestination,0.801251,1.431207,0.203852,0.968778,0.000021,0.000014,-0.014906,-0.015535
7.420763,WalkToDestination,0.801200,1.431154,0.171474,0.815283,0.000023,0.000029,-0.012274,-0.012760
7.424930,WalkToDestination,0.801160,1.431113,0.136595,0.651208,0.000023,0.000043,-0.009470,-0.009899
7.429096,WalkToDestination,0.801133,1.431085,0.100269,0.476207,0.000064,0.000043,-0.006466,-0.006723
7.433263,WalkToDestination,0.801120,1.431071,0.061847,0.290298,0.000050,0.000064,-0.003176,-0.003319
7.437429,Outside,0.801121,1.431072,0.023502,0.093545,0.000036,0.000036,0.000143,0.000143
7.441596,ApproachOutside,0.801129,1.431080,0.012094,0.015419,0.023559,0.000057,0.001974,0.002031
7.445763,ApproachOutside,0.801136,1.431088,0.029633,0.028149,0.070170,0.000000,0.001717,0.001802
7.449929,ApproachOutside,0.801142,1.431094,0.050213,0.040805,0.115786,0.000043,0.001488,0.001516
7.454096,ApproachOutside,0.801148,1.431100,0.072033,0.053794,0.160684,0.000029,0.001373,0.001431
7.458262,ApproachOutside,0.801152,1.431105,0.094616,0.066127,0.204673,0.000014,0.001030,0.001087
7.462429,ApproachOutside,0.801156,1.431108,0.117827,0.077930,0.247673,0.000045,0.000916,0.000916
7.466596,ApproachOutside,0.801159,1.431111,0.141538,0.088905,0.290022,0.000057,0.000601,0.000629
7.470762,ApproachOutside,0.801160,1.431112,0.165659,0.099027,0.331298,0.000045,0.000257,0.000257
7.474929,ApproachOutside,0.801160,1.431112,0.190230,0.108486,0.371686,0.000014,0.000114,0.000057
7.479095,ApproachOutside,0.801159,1.431111,0.215219,0.116454,0.411323,0.000007,-0.000315,-0.000315
7.483262,ApproachOutside,0.801156,1.431108,0.240125,0.123977,0.449962,0.000000,-0.000601,-0.000629
7.487429,ApproachOutside,0.801152,1.431104,0.265436,0.129846,0.487706,0.000036,-0.000973,-0.001030
7.491595,ApproachOutside,0.801147,1.431099,0.290647,0.134533,0.524590,0.000026,-0.001173,-0.001230
7.495762,ApproachOutside,0.801140,1.431092,0.315679,0.138245,0.560584,0.000026,-0.001659,-0.001659
7.499928,ApproachOutside,0.801133,1.431084,0.340917,0.140137,0.595554,0.000036,-0.001774,-0.001888
7.504095,ApproachOutside,0.801124,1.431075,0.365421,0.140964,0.629846,0.000021,-0.002089,-0.002174
7.508262,ApproachOutside,0.801114,1.431065,0.389659,0.140241,0.663055,0.000043,-0.002403,-0.002460
7.512428,ApproachOutside,0.801104,1.431054,0.408560,0.134488,0.695365,0.000036,-0.002575,-0.002689
7.516595,ApproachOutside,0.801092,1.431042,0.422674,0.125718,0.726756,0.000036,-0.002689,-0.002804
7.520761,ApproachOutside,0.801081,1.431030,0.436264,0.120820,0.757362,0.000066,-0.002775,-0.002861
7.524928,ApproachOutside,0.801069,1.431018,0.450323,0.119314,0.786966,0.000066,-0.002747,-0.002861
7.529095,ApproachOutside,0.801059,1.431007,0.464706,0.122591,0.815654,0.000064,-0.002618,-0.002747
7.533261,ApproachOutside,0.801049,1.430996,0.478491,0.131802,0.843345,0.000093,-0.002389,-0.002518
7.537428,ApproachOutside,0.801039,1.430986,0.491309,0.146892,0.870275,0.000036,-0.002232,-0.002346
7.541595,ApproachOutside,0.801031,1.430978,0.498040,0.171919,0.896235,0.000007,-0.001945,-0.002117
7.545761,ApproachOutside,0.801024,1.430970,0.499330,0.206719,0.921254,0.000014,-0.001717,-0.001860
7.549928,ApproachOutside,0.801018,1.430963,0.502366,0.246825,0.945440,0.000032,-0.001459,-0.001602
7.554094,ApproachOutside,0.801012,1.430956,0.504894,0.290691,0.968667,0.000014,-0.001431,-0.001631
7.558261,ApproachOutside,0.801007,1.430951,0.510516,0.335421,0.990953,0.000029,-0.001116,-0.001373
7.562428,ApproachOutside,0.801002,1.430945,0.504892,0.395734,1.012286,0.000087,-0.001187,-0.001431
7.566594,ApproachOutside,0.800998,1.430939,0.495236,0.464814,1.032920,0.000100,-0.001101,-0.001373
7.570761,ApproachOutside,0.800994,1.430934,0.487068,0.535367,1.052561,0.000045,-0.000830,-0.001173
7.574927,ApproachOutside,0.800993,1.430931,0.479864,0.607309,1.071242,0.000043,-0.000429,-0.000744
7.579094,ApproachOutside,0.800993,1.430930,0.466751,0.690295,1.089031,0.000020,0.000114,-0.000143
7.583261,ApproachOutside,0.800998,1.430934,0.451070,0.780444,1.106035,0.000045,0.001173,0.000973
7.587427,ApproachOutside,0.801014,1.430950,0.444737,0.859272,1.122105,0.000057,0.003977,0.003834
7.591594,ApproachOutside,0.801036,1.430971,0.420590,0.950095,1.137359,0.000014,0.005121,0.005035
7.595760,ApproachOutside,0.801060,1.430995,0.389103,1.041605,1.151590,0.000020,0.005722,0.005751
7.599927,ApproachOutside,0.801086,1.431023,0.366462,1.128108,1.165043,0.000039,0.006437,0.006580
7.604094,ApproachOutside,0.801116,1.431053,0.350057,1.223784,1.177667,0.000026,0.007095,0.007353
7.608260,ApproachOutside,0.801151,1.431090,0.346427,1.323701,1.189413,0.000014,0.008354,0.008812
7.612427,ApproachOutside,0.801192,1.431134,0.359484,1.429320,1.200239,0.000020,0.009899,0.010414
7.616593,ApproachOutside,0.801250,1.431195,0.385261,1.541055,1.210295,0.000057,0.013862,0.014706
7.620760,ApproachOutside,0.801316,1.431266,0.443575,1.672609,1.219436,0.000100,0.015864,0.016994
7.624927,ApproachOutside,0.801387,1.431341,0.522006,1.808237,1.227739,0.000057,0.016966,0.018196
7.629093,ApproachOutside,0.801454,1.431415,0.608253,1.931784,1.235202,0.000039,0.016279,0.017567
7.633260,ApproachOutside,0.801513,1.431479,0.692815,2.041998,1.241946,0.000039,0.014162,0.015421
7.637426,ApproachOutside,0.801555,1.431525,0.778586,2.139527,1.247664,0.000029,0.010014,0.011187
7.641593,ApproachOutside,0.801292,1.431267,0.865704,2.250499,1.252659,0.000059,-0.063143,-0.062084
7.645760,ApproachOutside,0.799834,1.429812,0.944591,2.311215,1.256739,0.000073,-0.350018,-0.349045
7.649926,ApproachOutside,0.798375,1.428358,1.061918,2.380093,1.260099,0.000029,-0.349975,-0.349045
7.654093,ApproachOutside,0.796917,1.426903,1.194040,2.406156,1.262536,0.000014,-0.350003,-0.349245
7.658259,ApproachOutside,0.795459,1.425448,1.324882,2.399776,1.264177,0.000057,-0.350018,-0.349274
7.662426,ApproachOutside,0.794000,1.423992,1.456415,2.367922,1.265073,0.000073,-0.350003,-0.349417
7.666593,ApproachOutside,0.792542,1.422535,1.577454,2.300433,1.264989,0.000087,-0.349975,-0.349503
7.670759,ApproachOutside,0.791084,1.421078,1.712423,2.273489,1.264261,0.000072,-0.350018,-0.349789
7.674926,ApproachOutside,0.789625,1.419620,1.820766,2.257351,1.262549,0.000080,-0.350018,-0.350018
7.679092,ApproachOutside,0.788167,1.418161,1.900760,2.253113,1.260090,0.000039,-0.350018,-0.350161
7.683259,ApproachOutside,0.786312,1.416304,1.965067,2.240375,1.256742,0.000014,-0.445247,-0.445690
7.687426,ApproachOutside,0.784377,1.414366,1.986524,2.259412,1.252660,0.000021,-0.464330,-0.464973
7.691592,ApproachOutside,0.782464,1.412450,1.965937,2.223618,1.247667,0.000029,-0.459023,-0.459967
7.695759,ApproachOutside,0.780496,1.410476,2.011335,2.226739,1.241844,0.000007,-0.472355,-0.473728
7.699925,ApproachOutside,0.778482,1.408454,2.047854,2.222512,1.235300,0.000045,-0.483398,-0.485230
7.704092,ApproachOutside,0.776435,1.406398,2.074357,2.209047,1.227734,0.000020,-0.491209,-0.493441
7.708259,ApproachOutside,0.774360,1.404312,2.088832,2.189593,1.219444,0.000021,-0.497990,-0.500622
7.712425,ApproachOutside,0.772277,1.402217,2.093150,2.158186,1.210296,0.000052,-0.499950,-0.502739
7.716592,ApproachOutside,0.770114,1.400042,2.130976,2.177801,1.200227,0.000021,-0.519276,-0.522080
7.720758,ApproachOutside,0.767922,1.397839,2.152989,2.166932,1.189414,0.000014,-0.525956,-0.528803
7.724925,ApproachOutside,0.765717,1.395621,2.156598,2.138794,1.177672,0.000045,-0.529361,-0.532236
7.729092,ApproachOutside,0.763507,1.393400,2.152457,2.102703,1.165056,0.000057,-0.530248,-0.533094
7.733258,ApproachOutside,0.761292,1.391173,2.139500,2.062230,1.151623,0.000014,-0.531721,-0.534382
7.737425,ApproachOutside,0.759078,1.388949,2.119011,2.014750,1.137281,0.000036,-0.531178,-0.533724
7.741591,ApproachOutside,0.756850,1.386711,2.099432,1.978052,1.122140,0.000043,-0.534897,-0.537243
7.745758,ApproachOutside,0.754585,1.384438,2.105258,1.975538,1.105986,0.000014,-0.543551,-0.545483
7.749925,ApproachOutside,0.752337,1.382183,2.082758,1.932267,1.089131,0.000021,-0.539560,-0.541134
7.754091,ApproachOutside,0.750113,1.379954,2.055773,1.884380,1.071238,0.000094,-0.533810,-0.535040
7.758258,ApproachOutside,0.747909,1.377746,2.023315,1.836392,1.052518,0.000032,-0.528932,-0.529976
7.762424,ApproachOutside,0.745735,1.375568,1.987307,1.784740,1.032927,0.000087,-0.521765,-0.522623
7.766591,ApproachOutside,0.743586,1.373416,1.946713,1.733921,1.012280,0.000020,-0.515614,-0.516415
7.770758,ApproachOutside,0.741472,1.371298,1.903259,1.681318,0.990965,0.000032,-0.507431,-0.508318
7.774924,ApproachOutside,0.739422,1.369244,1.848136,1.606946,0.968651,0.000014,-0.492067,-0.493012
7.779091,ApproachOutside,0.737418,1.367236,1.809717,1.561829,0.945394,0.000014,-0.480909,-0.481882
7.783257,ApproachOutside,0.735468,1.365282,1.769309,1.517437,0.921242,0.000057,-0.467920,-0.468950
7.787424,ApproachOutside,0.733579,1.363389,1.727091,1.474495,0.896241,0.000029,-0.453358,-0.454388
7.791591,ApproachOutside,0.731763,1.361568,1.684622,1.431537,0.870308,0.000039,-0.435906,-0.437021
7.795757,ApproachOutside,0.730021,1.359821,1.640394,1.391248,0.843351,0.000058,-0.418167,-0.419254
7.799924,ApproachOutside,0.728367,1.358163,1.597188,1.351048,0.815665,0.000014,-0.396867,-0.397883
7.804090,ApproachOutside,0.726804,1.356596,1.553225,1.313907,0.786908,0.000016,-0.375152,-0.376196
7.808257,ApproachOutside,0.725337,1.355125,1.511903,1.281975,0.757362,0.000059,-0.352006,-0.352936
7.812424,ApproachOutside,0.723960,1.353745,1.466519,1.261279,0.726809,0.000021,-0.330520,-0.331392
7.816590,ApproachOutside,0.722691,1.352472,1.414538,1.223458,0.695336,0.000064,-0.304527,-0.305300
7.820757,ApproachOutside,0.721542,1.351320,1.372992,1.192015,0.663081,0.000020,-0.275803,-0.276604
7.824924,ApproachOutside,0.720510,1.350285,1.338332,1.167843,0.629797,0.000052,-0.247665,-0.248451
7.829090,ApproachOutside,0.719607,1.349378,1.311370,1.147686,0.595631,0.000045,-0.216823,-0.217609
7.833257,ApproachOutside,0.718832,1.348600,1.289542,1.132522,0.560553,0.000064,-0.185866,-0.186653
7.837423,ApproachOutside,0.718192,1.347957,1.272336,1.120502,0.524651,0.000050,-0.153594,-0.154409
7.841590,ApproachOutside,0.717692,1.347453,1.259134,1.110706,0.487706,0.000029,-0.120020,-0.120850
7.845757,ApproachOutside,0.717332,1.347090,1.247845,1.103764,0.449921,0.000029,-0.086331,-0.087147
7.849923,ApproachOutside,0.717122,1.346876,1.239511,1.097217,0.411304,0.000014,-0.050511,-0.051355
7.854090,ApproachOutside,0.717059,1.346810,1.231380,1.092536,0.371755,0.000046,-0.015192,-0.015993
7.858256,ApproachOutside,0.717147,1.346895,1.224094,1.087900,0.331253,0.000044,0.021243,0.020485
7.862423,ApproachOutside,0.717391,1.347136,1.217320,1.083454,0.289955,0.000064,0.058465,0.057735
7.866590,ApproachOutside,0.717787,1.347530,1.209822,1.079478,0.247719,0.000026,0.095186,0.094557
7.870756,ApproachOutside,0.718345,1.348085,1.203262,1.074192,0.204670,0.000014,0.133810,0.133238
7.874923,ApproachOutside,0.719058,1.348796,1.195058,1.069494,0.160651,0.000050,0.171061,0.170660
7.879089,ApproachOutside,0.718166,1.347903,1.178967,1.027910,0.115875,0.000020,-0.213876,-0.214205
7.883256,ApproachOutside,0.718622,1.348358,1.156345,1.026676,0.070147,0.000045,0.109291,0.109091
7.887423,ApproachOutside,0.719812,1.349548,1.170669,1.051664,0.023541,0.000014,0.285659,0.285616
7.891589,ApproachOutside,0.721270,1.351006,0.950501,0.881735,0.000039,0.000032,0.350003,0.349989
7.895756,ApproachOutside,0.722729,1.352466,1.120741,1.019164,0.000029,0.003817,0.350103,0.350475
7.899922,ApproachOutside,0.724188,1.353927,1.121584,1.024181,0.000046,0.011534,0.350232,0.350533
7.904089,ApproachOutside,0.725648,1.355388,1.122352,1.028186,0.000072,0.019062,0.350275,0.350561
7.908256,ApproachOutside,0.727107,1.356848,1.122986,1.031898,0.000052,0.026660,0.350246,0.350504
7.912422,ApproachOutside,0.728566,1.358308,1.122350,1.035903,0.000029,0.034218,0.350075,0.350304
7.916589,ApproachOutside,0.730023,1.359766,1.122555,1.038596,0.000050,0.041679,0.349774,0.349960
7.920755,ApproachOutside,0.731479,1.361222,1.121237,1.041776,0.000052,0.049126,0.349388,0.349560
7.924922,ApproachOutside,0.732646,1.362390,1.100682,1.026587,0.000107,0.056525,0.280037,0.280123
7.929089,ApproachOutside,0.733778,1.363522,1.097356,1.026652,0.000110,0.063811,0.271640,0.271740
7.933255,ApproachOutside,0.734892,1.364636,1.093822,1.028383,0.000050,0.071176,0.267448,0.267506
7.937422,ApproachOutside,0.735992,1.365737,1.090603,1.029686,0.000029,0.078375,0.263987,0.264072
7.941588,ApproachOutside,0.737078,1.366823,1.087055,1.030403,0.000045,0.085523,0.260711,0.260696
7.945755,ApproachOutside,0.738148,1.367893,1.082387,1.031555,0.000040,0.092741,0.256720,0.256720
7.949922,ApproachOutside,0.739204,1.368949,1.077973,1.031733,0.000040,0.099797,0.253472,0.253429
7.954088,ApproachOutside,0.740247,1.369991,1.072943,1.032066,0.000040,0.106927,0.250182,0.250139
7.958255,ApproachOutside,0.741273,1.371017,1.067093,1.032385,0.000036,0.113885,0.246348,0.246306
7.962421,ApproachOutside,0.742288,1.372031,1.061762,1.031843,0.000087,0.120815,0.243487,0.243387
7.966588,ApproachOutside,0.743288,1.373031,1.055341,1.031525,0.000057,0.127849,0.240026,0.239925
7.970755,ApproachOutside,0.744273,1.374015,1.048045,1.031082,0.000032,0.134600,0.236349,0.236263
7.974921,ApproachOutside,0.745246,1.374989,1.041685,1.029893,0.000021,0.141379,0.233731,0.233631
7.979088,ApproachOutside,0.746206,1.375948,1.033825,1.028795,0.000045,0.148307,0.230312,0.230227
7.983254,ApproachOutside,0.747151,1.376893,1.025436,1.027837,0.000020,0.154899,0.226879,0.226736
7.987421,ApproachOutside,0.748086,1.377827,1.017734,1.025715,0.000020,0.161604,0.224290,0.224190
7.991588,ApproachOutside,0.749006,1.378747,1.008634,1.024039,0.000000,0.168258,0.220914,0.220814
7.995754,ApproachOutside,0.749914,1.379654,0.998958,1.022356,0.000000,0.174797,0.217738,0.217638
7.999921,ApproachOutside,0.750810,1.380550,0.989803,1.019636,0.000066,0.181263,0.215049,0.214977
8.004087,ApproachOutside,0.751693,1.381433,0.978197,1.013779,0.000039,0.187800,0.212088,0.212002
8.008254,ApproachOutside,0.752563,1.382302,0.966183,1.005705,0.000014,0.194262,0.208755,0.208683
8.012421,ApproachOutside,0.753422,1.383161,0.959671,1.004842,0.000059,0.200542,0.206194,0.206137
8.016587,ApproachOutside,0.754269,1.384008,0.952594,1.004257,0.000045,0.206954,0.203319,0.203304
8.020754,ApproachOutside,0.755104,1.384843,0.945070,1.003937,0.000059,0.213102,0.200272,0.200243
8.024920,ApproachOutside,0.755927,1.385666,0.938250,1.003327,0.000072,0.219375,0.197511,0.197468
8.029087,ApproachOutside,0.756739,1.386478,0.931492,1.002640,0.000029,0.225598,0.194922,0.194922
8.033254,ApproachOutside,0.757539,1.387277,0.924168,1.002497,0.000016,0.231665,0.191889,0.191860
8.037420,ApproachOutside,0.758326,1.388065,0.917109,1.002174,0.000029,0.237726,0.189028,0.188999
8.041587,ApproachOutside,0.759104,1.388842,0.910854,1.001552,0.000014,0.243728,0.186625,0.186625
8.045753,ApproachOutside,0.759869,1.389607,0.903413,1.001323,0.000014,0.249674,0.183678,0.183621
8.049920,ApproachOutside,0.760622,1.390360,0.896245,1.001360,0.000032,0.255678,0.180688,0.180674
8.054087,ApproachOutside,0.761365,1.391103,0.890306,1.000587,0.000056,0.261437,0.178413,0.178385
8.058253,ApproachOutside,0.762097,1.391834,0.883238,1.000678,0.000026,0.267306,0.175524,0.175467
8.062420,ApproachOutside,0.762816,1.392554,0.875983,1.000575,0.000043,0.273051,0.172663,0.172663
8.066586,ApproachOutside,0.763525,1.393263,0.869714,1.000174,0.000000,0.278668,0.170159,0.170088
8.070753,ApproachOutside,0.764223,1.393960,0.863197,0.999930,0.000021,0.284352,0.167542,0.167456
8.074920,ApproachOutside,0.764909,1.394646,0.856129,1.000046,0.000036,0.290012,0.164652,0.164595
8.079086,ApproachOutside,0.765584,1.395321,0.849331,0.999994,0.000029,0.295495,0.161963,0.161934
8.083253,ApproachOutside,0.766249,1.395986,0.843506,0.999483,0.000032,0.301045,0.159645,0.159531
8.087420,ApproachOutside,0.766903,1.396639,0.836517,0.999611,0.000073,0.306389,0.156856,0.156784
8.091586,ApproachOutside,0.767545,1.397281,0.829840,0.999803,0.000077,0.311802,0.154109,0.154009
8.095753,ApproachOutside,0.768177,1.397912,0.823803,0.999359,0.000029,0.317124,0.151706,0.151606
8.099919,ApproachOutside,0.768798,1.398533,0.817415,0.999316,0.000070,0.322440,0.149088,0.148974
8.104086,ApproachOutside,0.769408,1.399142,0.810583,0.999387,0.000046,0.327618,0.146384,0.146256
8.108253,ApproachOutside,0.770007,1.399740,0.804171,0.999492,0.000014,0.332804,0.143681,0.143538
8.112419,ApproachOutside,0.770596,1.400329,0.798499,0.999051,0.000045,0.337884,0.141492,0.141335
8.116586,ApproachOutside,0.771176,1.400909,0.796122,1.006002,0.000077,0.343019,0.139175,0.139017
8.120752,ApproachOutside,0.771746,1.401477,0.790849,1.009155,0.000020,0.347968,0.136700,0.136528
8.124919,ApproachOutside,0.772306,1.402037,0.784282,1.008526,0.000104,0.352913,0.134425,0.134211
8.129086,ApproachOutside,0.772856,1.402586,0.777400,1.007678,0.000045,0.357847,0.132065,0.131865
8.133252,ApproachOutside,0.773396,1.403125,0.770442,1.007668,0.000077,0.362657,0.129504,0.129290
8.137419,ApproachOutside,0.773925,1.403653,0.763197,1.007084,0.000077,0.367505,0.127015,0.126772
8.141585,ApproachOutside,0.774446,1.404173,0.757575,1.006264,0.000000,0.372126,0.125070,0.124855
8.145752,ApproachOutside,0.774958,1.404684,0.750758,1.005782,0.000029,0.376955,0.122709,0.122480
8.149919,ApproachOutside,0.775459,1.405184,0.744200,1.005561,0.000073,0.381477,0.120306,0.120106
8.154085,ApproachOutside,0.775951,1.405675,0.737755,1.005013,0.000073,0.386064,0.118160,0.117931
8.158252,ApproachOutside,0.776436,1.406159,0.732366,1.004220,0.000014,0.390626,0.116386,0.116158
8.162418,ApproachOutside,0.776911,1.406634,0.725951,1.003894,0.000043,0.395039,0.114040,0.113869
8.166585,ApproachOutside,0.777378,1.407100,0.719723,1.003592,0.000029,0.399465,0.111980,0.111837
8.170752,ApproachOutside,0.777837,1.407558,0.714313,1.002953,0.000029,0.403914,0.110092,0.109921
8.174918,ApproachOutside,0.778288,1.408009,0.708822,1.002239,0.000029,0.408062,0.108318,0.108175
8.179085,ApproachOutside,0.778731,1.408451,0.702975,1.001903,0.000043,0.412462,0.106216,0.106144
8.183251,ApproachOutside,0.779165,1.408885,0.697212,1.001650,0.000020,0.416569,0.104327,0.104256
8.187418,ApproachOutside,0.779593,1.409313,0.692456,1.000833,0.000066,0.420694,0.102696,0.102654
8.191585,ApproachOutside,0.780014,1.409734,0.687401,1.000427,0.000036,0.424823,0.100966,0.100994
8.195751,ApproachOutside,0.780427,1.410147,0.681948,1.000041,0.000032,0.428854,0.099149,0.099163
8.199918,ApproachOutside,0.780832,1.410553,0.676592,0.999748,0.000014,0.432805,0.097332,0.097446
8.204084,ApproachOutside,0.781233,1.410954,0.672645,0.998862,0.000020,0.436752,0.096087,0.096188
8.208251,ApproachOutside,0.781626,1.411348,0.667738,0.998610,0.000007,0.440645,0.094357,0.094585
8.212418,ApproachOutside,0.782012,1.411735,0.662852,0.998199,0.000057,0.444432,0.092740,0.092926
8.216584,ApproachOutside,0.782392,1.412116,0.658067,0.997964,0.000016,0.448212,0.091181,0.091467
8.220751,ApproachOutside,0.782767,1.412493,0.654577,0.996996,0.000043,0.451966,0.090008,0.090351
8.224917,ApproachOutside,0.783136,1.412863,0.650218,0.996796,0.000014,0.455585,0.088549,0.088949
8.229084,ApproachOutside,0.783509,1.413238,0.671038,1.026364,0.000064,0.459156,0.089407,0.089836
8.233251,ApproachOutside,0.783875,1.413605,0.665635,1.025175,0.000032,0.462735,0.087776,0.088263
8.237417,ApproachOutside,0.784033,1.413766,0.652939,1.029158,0.000057,0.470177,0.038052,0.038567
8.241584,ApproachOutside,0.783748,1.413483,0.640717,1.049036,0.000079,0.482816,-0.068350,-0.067835
8.245750,ApproachOutside,0.783486,1.413223,0.633532,1.050447,0.000039,0.494515,-0.063057,-0.062428
8.249917,ApproachOutside,0.783246,1.412986,0.626654,1.051514,0.000014,0.506536,-0.057564,-0.056906
8.254084,ApproachOutside,0.783031,1.412774,0.620604,1.053274,0.000029,0.520857,-0.051641,-0.050955
8.258250,ApproachOutside,0.782840,1.412587,0.613652,1.055227,0.000059,0.535249,-0.045619,-0.044832
8.262417,ApproachOutside,0.782675,1.412425,0.607383,1.055916,0.000032,0.547567,-0.039725,-0.038939
8.266583,ApproachOutside,0.782535,1.412288,0.602269,1.056726,0.000032,0.560096,-0.033703,-0.032816
8.270750,ApproachOutside,0.782421,1.412178,0.597113,1.057992,0.000059,0.574945,-0.027237,-0.026321
8.274917,ApproachOutside,0.782335,1.412097,0.591783,1.059505,0.000057,0.589936,-0.020571,-0.019627
8.279083,ApproachOutside,0.782278,1.412043,0.587192,1.060948,0.000043,0.605101,-0.013876,-0.012789
8.283250,ApproachOutside,0.782247,1.412017,0.584524,1.060886,0.000043,0.617954,-0.007324,-0.006266
8.287416,ApproachOutside,0.782245,1.412020,0.581178,1.061304,0.000021,0.631137,-0.000572,0.000601
8.291583,ApproachOutside,0.782272,1.412052,0.578306,1.062400,0.000029,0.646611,0.006495,0.007725
8.295750,ApproachOutside,0.782329,1.412115,0.577391,1.063236,0.000080,0.662273,0.013876,0.015135
8.299916,ApproachOutside,0.782417,1.412208,0.576411,1.063154,0.000109,0.675552,0.021000,0.022373
8.304083,ApproachOutside,0.782534,1.412332,0.575892,1.063345,0.000064,0.688967,0.028195,0.029640
8.308249,ApproachOutside,0.782684,1.412488,0.577277,1.064056,0.000073,0.704803,0.035920,0.037394
8.312416,ApproachOutside,0.782866,1.412676,0.579159,1.064681,0.000101,0.720865,0.043745,0.045290
8.316583,ApproachOutside,0.783081,1.412897,0.581222,1.064685,0.000072,0.734505,0.051441,0.053072
8.320749,ApproachOutside,0.783479,1.413303,0.609251,1.068678,0.000007,0.748112,0.095587,0.097275
8.324916,ApproachOutside,0.784115,1.413946,0.650067,1.075574,0.000080,0.764363,0.152664,0.154438
8.329082,ApproachOutside,0.784789,1.414628,0.656635,1.073783,0.000073,0.778021,0.161791,0.163679
8.333249,ApproachOutside,0.785502,1.415349,0.664721,1.071703,0.000029,0.791836,0.171061,0.173035
8.337416,ApproachOutside,0.786256,1.416112,0.674486,1.070624,0.000032,0.808129,0.181003,0.183020
8.341582,ApproachOutside,0.787053,1.416917,0.684698,1.069602,0.000039,0.824507,0.191131,0.193234
8.345749,ApproachOutside,0.787874,1.417747,0.693175,1.067844,0.000007,0.838360,0.197067,0.199127
8.349916,ApproachOutside,0.788704,1.418586,0.699732,1.066503,0.000014,0.852082,0.199328,0.201473
8.354082,ApproachOutside,0.789547,1.419437,0.707569,1.066064,0.000007,0.868511,0.202160,0.204248
8.358249,ApproachOutside,0.790398,1.420297,0.715119,1.064737,0.000007,0.882269,0.204420,0.206480
8.362415,ApproachOutside,0.791259,1.421167,0.722547,1.063740,0.000043,0.896072,0.206595,0.208654
8.366582,ApproachOutside,0.791794,1.421710,0.683358,1.071700,0.000057,0.912255,0.128403,0.130348
8.370749,ApproachOutside,0.791898,1.421822,0.638994,1.091318,0.000021,0.928659,0.024977,0.026836
8.374915,ApproachOutside,0.791987,1.421918,0.642495,1.091716,0.000026,0.942292,0.021315,0.023088
8.379082,ApproachOutside,0.792060,1.421998,0.646396,1.092414,0.000045,0.955763,0.017567,0.019312
8.383248,ApproachOutside,0.792116,1.422061,0.651753,1.093727,0.000066,0.971851,0.013504,0.015106
8.387415,ApproachOutside,0.792154,1.422106,0.655233,1.094790,0.000115,0.985199,0.009127,0.010614
8.391582,ApproachOutside,0.792174,1.422131,0.647339,1.085945,0.000066,0.998485,0.004692,0.006094
8.395748,ApproachOutside,0.792175,1.422137,0.632727,1.074941,0.000029,1.014234,0.000229,0.001516
8.399915,ApproachOutside,0.792159,1.422126,0.636220,1.077882,0.000052,1.027381,-0.003948,-0.002718
8.404081,ApproachOutside,0.792127,1.422099,0.642045,1.079374,0.000000,1.040144,-0.007553,-0.006380
8.408248,ApproachOutside,0.792077,1.422054,0.649368,1.081109,0.000059,1.055610,-0.011959,-0.010872
8.412415,ApproachOutside,0.792011,1.421992,0.656955,1.080881,0.000026,1.068157,-0.015793,-0.014791
8.416581,ApproachOutside,0.791930,1.421915,0.665182,1.079346,0.000014,1.080588,-0.019512,-0.018597
8.420748,ApproachOutside,0.791831,1.421819,0.674790,1.077574,0.000020,1.095500,-0.023804,-0.022974
8.424914,ApproachOutside,0.791718,1.421709,0.684364,1.073340,0.000014,1.107542,-0.027180,-0.026464
8.429081,ApproachOutside,0.791589,1.421583,0.693288,1.068037,0.000029,1.119323,-0.030813,-0.030184
8.433248,ApproachOutside,0.791446,1.421442,0.702750,1.061289,0.000014,1.130845,-0.034475,-0.033960
8.437414,ApproachOutside,0.791289,1.421286,0.712107,1.052993,0.000020,1.142154,-0.037708,-0.037336
8.441581,ApproachOutside,0.791116,1.421114,0.722669,1.044062,0.000014,1.155977,-0.041528,-0.041199
8.445747,ApproachOutside,0.790930,1.420930,0.732758,1.032374,0.000043,1.166860,-0.044460,-0.044289
8.449914,ApproachOutside,0.790731,1.420731,0.744139,1.021272,0.000029,1.177240,-0.047822,-0.047779
8.454081,ApproachOutside,0.790510,1.420510,0.782788,1.025817,0.000014,1.190281,-0.053029,-0.053101
8.458247,ApproachOutside,0.790270,1.420269,0.790850,1.006567,0.000077,1.200188,-0.057664,-0.057850
8.462414,ApproachOutside,0.790011,1.420009,0.799039,0.989470,0.000020,1.209704,-0.062027,-0.062370
8.466580,ApproachOutside,0.789734,1.419729,0.808323,0.975176,0.000101,1.221642,-0.066633,-0.067091
8.470747,ApproachOutside,0.789438,1.419431,0.815465,0.962918,0.000000,1.230523,-0.070953,-0.071583
8.474914,ApproachOutside,0.789126,1.419116,0.823273,0.952889,0.000122,1.238897,-0.074844,-0.075588
8.479080,ApproachOutside,0.788797,1.418783,0.829473,0.946155,0.000080,1.246907,-0.078993,-0.079908
8.483247,ApproachOutside,0.788452,1.418434,0.836562,0.941906,0.000057,1.254419,-0.082712,-0.083742
8.487413,ApproachOutside,0.788090,1.418067,0.843361,0.941659,0.000115,1.264383,-0.086875,-0.088062
8.491580,ApproachOutside,0.787714,1.417685,0.849256,0.944188,0.000073,1.270932,-0.090380,-0.091724
8.495747,ApproachOutside,0.787323,1.417288,0.854855,0.950871,0.000000,1.277074,-0.093842,-0.095358
8.499913,ApproachOutside,0.786918,1.416876,0.859913,0.961425,0.000029,1.282684,-0.097132,-0.098763
8.504080,ApproachOutside,0.786492,1.416442,0.893772,0.994204,0.000032,1.287647,-0.102382,-0.104199
8.508246,ApproachOutside,0.786038,1.415980,0.938290,1.023618,0.000014,1.294845,-0.108891,-0.110951
8.512413,ApproachOutside,0.785571,1.415504,0.945583,1.023994,0.000086,1.298674,-0.111966,-0.114241
8.516580,ApproachOutside,0.785089,1.415010,0.950423,1.024978,0.000014,1.301858,-0.115857,-0.118446
8.520746,ApproachOutside,0.784589,1.414499,0.956286,1.026563,0.000020,1.304371,-0.119906,-0.122681
8.524913,ApproachOutside,0.784069,1.413966,0.959831,1.029274,0.000052,1.306166,-0.124884,-0.127916
8.529079,ApproachOutside,0.783527,1.413411,0.963977,1.032362,0.000021,1.307298,-0.129948,-0.133181
8.533246,ApproachOutside,0.782960,1.412830,0.966393,1.036679,0.000036,1.307612,-0.136128,-0.139475
8.537413,ApproachOutside,0.782364,1.412220,0.970409,1.042127,0.000021,1.309674,-0.142937,-0.146399
8.541579,ApproachOutside,0.781739,1.411580,0.971932,1.048282,0.000032,1.308343,-0.150175,-0.153666
8.545746,ApproachOutside,0.781081,1.410908,0.973454,1.055140,0.000032,1.306149,-0.157886,-0.161305
8.549912,ApproachOutside,0.780387,1.410201,0.974749,1.063317,0.000020,1.302982,-0.166440,-0.169630
8.554079,ApproachOutside,0.779699,1.409500,0.907315,1.026475,0.000039,1.298918,-0.165153,-0.168171
8.558246,ApproachOutside,0.778983,1.408772,0.908043,1.029976,0.000007,1.293857,-0.171847,-0.174780
8.562412,ApproachOutside,0.778238,1.408015,0.909857,1.035705,0.000007,1.287804,-0.178814,-0.181589
8.566579,ApproachOutside,0.777462,1.407228,0.913743,1.043486,0.000014,1.282957,-0.186167,-0.188856
8.570745,ApproachOutside,0.776658,1.406413,0.915856,1.052355,0.000021,1.274651,-0.193119,-0.195608
8.574912,ApproachOutside,0.775824,1.405570,0.919235,1.062909,0.000014,1.265124,-0.200028,-0.202303
8.579079,ApproachOutside,0.774962,1.404699,0.921982,1.075485,0.000029,1.254420,-0.207009,-0.209141
8.583245,ApproachOutside,0.774070,1.403799,0.926111,1.089862,0.000014,1.242484,-0.213976,-0.215864
8.587412,ApproachOutside,0.773149,1.402871,0.929726,1.106750,0.000021,1.229192,-0.221071,-0.222759
8.591578,ApproachOutside,0.772200,1.401916,0.935042,1.125492,0.000021,1.214639,-0.227866,-0.229282
8.595745,ApproachOutside,0.771236,1.400947,0.914383,1.134236,0.000029,1.198643,-0.231328,-0.232515
8.599912,ApproachOutside,0.770261,1.399969,0.885012,1.134648,0.000043,1.181206,-0.233960,-0.234718
8.604078,ApproachOutside,0.769252,1.398958,0.889146,1.150946,0.000029,1.162350,-0.242171,-0.242558
8.608245,ApproachOutside,0.768210,1.397916,0.895158,1.168881,0.000014,1.141928,-0.249996,-0.250082
8.612411,ApproachOutside,0.767134,1.396841,0.901934,1.189976,0.000039,1.121789,-0.258293,-0.258064
8.616578,ApproachOutside,0.766027,1.395736,0.909139,1.212279,0.000026,1.098109,-0.265589,-0.265131
8.620745,ApproachOutside,0.764891,1.394603,0.916165,1.237077,0.000032,1.072666,-0.272656,-0.272026
8.624911,ApproachOutside,0.763727,1.393442,0.924498,1.264002,0.000052,1.045548,-0.279336,-0.278606
8.629078,ApproachOutside,0.762537,1.392255,0.932713,1.293554,0.000021,1.016625,-0.285687,-0.284987
8.633245,ApproachOutside,0.761321,1.391042,0.942070,1.325590,0.000000,0.985977,-0.291767,-0.291052
8.637411,ApproachOutside,0.760071,1.389794,0.967403,1.364537,0.000014,0.953351,-0.299993,-0.299463
8.641578,ApproachOutside,0.758787,1.388512,0.989196,1.398818,0.000016,0.918867,-0.308175,-0.307703
8.645744,ApproachOutside,0.757476,1.387202,0.999231,1.428663,0.000016,0.882423,-0.314827,-0.314398
8.649911,ApproachOutside,0.756133,1.385861,1.009738,1.460041,0.000007,0.844017,-0.322166,-0.321808
8.654078,ApproachOutside,0.754759,1.384489,1.021913,1.492297,0.000050,0.803533,-0.329790,-0.329447
8.658244,ApproachOutside,0.753350,1.383080,1.034019,1.526010,0.000014,0.760961,-0.338216,-0.337944
8.662411,ApproachOutside,0.751905,1.381637,1.048526,1.560722,0.000072,0.716299,-0.346828,-0.346556
8.666577,ApproachOutside,0.750420,1.380153,1.062575,1.597086,0.000026,0.669421,-0.356369,-0.356083
8.670744,ApproachOutside,0.748895,1.378629,1.079980,1.634368,0.000039,0.620362,-0.365996,-0.365725
8.674911,ApproachOutside,0.747331,1.377067,1.087872,1.670516,0.000021,0.569097,-0.375266,-0.374937
8.679077,ApproachOutside,0.745741,1.375478,1.085285,1.702745,0.000039,0.515473,-0.381618,-0.381317
8.683244,ApproachOutside,0.744111,1.373848,1.103091,1.742414,0.000020,0.459599,-0.391259,-0.391102
8.687410,ApproachOutside,0.742439,1.372176,1.122957,1.782506,0.000029,0.401324,-0.401359,-0.401259
8.691577,ApproachOutside,0.740722,1.370459,1.142887,1.823233,0.000014,0.340686,-0.412045,-0.412102
8.695744,ApproachOutside,0.738962,1.368699,1.162547,1.862785,0.000043,0.277221,-0.422401,-0.422516
8.699910,ApproachOutside,0.737153,1.366889,1.184675,1.904394,0.000014,0.211892,-0.434103,-0.434246
8.704077,ApproachOutside,0.735292,1.365028,1.206924,1.946583,0.000029,0.144015,-0.446591,-0.446720
8.708243,ApproachOutside,0.733377,1.363113,1.231619,1.989243,0.000021,0.073624,-0.459638,-0.459709
8.712410,ApproachOutside,0.731449,1.361184,1.251317,2.030178,0.012318,0.009614,-0.462842,-0.462799
8.716577,ApproachOutside,0.729789,1.359526,1.248380,2.057194,0.102011,0.000051,-0.398212,-0.397997
8.720743,ApproachOutside,0.728459,1.358196,1.238885,2.085255,0.204711,0.000024,-0.319333,-0.319090
8.724910,ApproachOutside,0.727468,1.357207,1.230530,2.116001,0.307237,0.000058,-0.237780,-0.237522
8.729076,ApproachOutside,0.726822,1.356562,1.221879,2.148190,0.409401,0.000000,-0.154967,-0.154724
8.733243,ApproachOutside,0.726523,1.356264,1.213091,2.180004,0.511061,0.000018,-0.071754,-0.071611
8.737410,ApproachOutside,0.726572,1.356313,1.206059,2.211939,0.612063,0.000011,0.011745,0.011816
8.741576,ApproachOutside,0.726967,1.356707,1.198685,2.245257,0.712510,0.000043,0.094714,0.094643
8.745743,ApproachOutside,0.727704,1.357443,1.198726,2.280063,0.812156,0.000072,0.176883,0.176668
8.749909,ApproachOutside,0.728763,1.358502,1.226956,2.324863,0.909637,0.000029,0.254259,0.254116
8.754076,ApproachOutside,0.730144,1.359882,1.229885,2.365304,1.007092,0.000014,0.331278,0.331192
8.758243,ApproachOutside,0.731838,1.361576,1.232987,2.405235,1.103166,0.000021,0.406523,0.406437
8.762409,ApproachOutside,0.733834,1.363572,1.235821,2.444441,1.198151,0.000022,0.479221,0.479107
8.766576,ApproachOutside,0.733370,1.363107,1.313601,2.419315,1.291657,0.000014,-0.111451,-0.111609
8.770742,ApproachOutside,0.729635,1.359371,1.761355,2.589061,1.380971,0.000029,-0.896416,-0.896702
8.774909,ApproachOutside,0.725776,1.355510,1.786782,2.612451,1.466080,0.000061,-0.926185,-0.926542
8.779076,ApproachOutside,0.721793,1.351526,1.807113,2.631979,1.547200,0.000059,-0.955739,-0.956154
8.783242,ApproachOutside,0.717714,1.347443,1.804701,2.643517,1.625530,0.000029,-0.979185,-0.979843
8.787409,ApproachOutside,0.713502,1.343229,1.834809,2.671211,1.701333,0.000007,-1.010656,-1.011372
8.791575,ApproachOutside,0.709160,1.338884,1.863876,2.695465,1.774491,0.000064,-1.042228,-1.042986
8.795742,ApproachOutside,0.704685,1.334406,1.894448,2.716288,1.844975,0.000064,-1.073956,-1.074543
8.799909,ApproachOutside,0.700078,1.329798,1.923554,2.732749,1.912798,0.000061,-1.105585,-1.105928
8.804075,ApproachOutside,0.695339,1.325059,1.953273,2.745521,1.978179,0.000059,-1.137457,-1.137371
8.808242,ApproachOutside,0.690464,1.320187,1.983721,2.755038,2.040749,0.000004,-1.169930,-1.169443
8.812408,ApproachOutside,0.685457,1.315184,2.010929,2.758827,2.100744,0.000010,-1.201873,-1.200714
8.816575,ApproachOutside,0.680399,1.310132,1.972615,2.728625,2.158158,0.000067,-1.213918,-1.212301
8.820742,ApproachOutside,0.675180,1.304922,2.011738,2.747436,2.212940,0.000007,-1.252327,-1.250381
8.824908,ApproachOutside,0.669795,1.299547,2.052606,2.763631,2.265170,0.000120,-1.292553,-1.290207
8.829075,ApproachOutside,0.664235,1.293998,2.093522,2.776279,2.314841,0.000067,-1.334267,-1.331577
8.833241,ApproachOutside,0.658493,1.288268,2.135439,2.786372,2.361933,0.000057,-1.378241,-1.375179
8.837408,ApproachOutside,0.652557,1.282347,2.179405,2.793922,2.406460,0.000014,-1.424489,-1.421127
8.841575,ApproachOutside,0.646416,1.276221,2.224595,2.800160,2.448498,0.000072,-1.473813,-1.470194
8.845741,ApproachOutside,0.640058,1.269879,2.272242,2.804505,2.488119,0.000057,-1.526012,-1.522093
8.849908,ApproachOutside,0.633520,1.263359,2.295016,2.788630,2.525176,0.000029,-1.569028,-1.564808
8.854074,ApproachOutside,0.626738,1.256596,2.358584,2.800632,2.559799,0.000000,-1.627722,-1.623173
8.858241,ApproachOutside,0.619684,1.249561,2.424675,2.814075,2.592019,0.000057,-1.693053,-1.688433
8.862408,ApproachOutside,0.612327,1.242222,2.493558,2.829591,2.621674,0.000059,-1.765766,-1.761274
8.866574,ApproachOutside,0.604631,1.234544,2.567427,2.848958,2.649191,0.000029,-1.846962,-1.842728
8.870741,ApproachOutside,0.596555,1.226484,2.646269,2.873537,2.674193,0.000029,-1.938186,-1.934395
8.874907,ApproachOutside,0.588052,1.217995,2.732714,2.905466,2.696866,0.000015,-2.040739,-2.037392
8.879074,ApproachOutside,0.579065,1.209020,2.828265,2.946916,2.717173,0.000008,-2.156854,-2.153978
8.883241,ApproachOutside,0.569489,1.199454,2.957505,3.036792,2.735186,0.000061,-2.298317,-2.295856
8.887407,ApproachOutside,0.559298,1.189272,3.077440,3.115104,2.750874,0.000058,-2.445903,-2.443714
8.891574,ApproachOutside,0.548392,1.178374,3.228484,3.198298,2.764355,0.000058,-2.617249,-2.615404
8.895741,ApproachOutside,0.536643,1.166632,3.418909,3.296827,2.775532,0.000029,-2.819767,-2.818222
8.899907,ApproachOutside,0.523864,1.153858,3.660163,3.425159,2.784359,0.000059,-3.066945,-3.065758
8.904074,ApproachOutside,0.509788,1.139785,3.972552,3.606548,2.791073,0.000058,-3.378224,-3.377380
8.908240,ApproachOutside,0.493994,1.123993,4.391562,3.881145,2.795509,0.000021,-3.790655,-3.790140
8.912407,ApproachOutside,0.475757,1.105756,4.988959,4.326051,2.797557,0.000000,-4.376986,-4.376822
8.916574,ApproachOutside,0.453630,1.083629,5.925054,5.111019,2.797621,0.000008,-5.310338,-5.310516
8.920740,ApproachOutside,0.423233,1.053230,7.909840,6.948143,2.795298,0.000024,-7.295208,-7.295723
8.924907,ApproachOutside,0.421898,1.051892,1.665729,1.045745,2.790645,0.000014,-0.320420,-0.321322
8.929073,ApproachOutside,0.421967,1.051955,1.577937,1.142107,2.783885,0.000014,0.016465,0.015249
8.933240,ApproachOutside,0.422041,1.052023,1.594577,1.123451,2.774899,0.000010,0.017860,0.016251
8.937407,ApproachOutside,0.422122,1.052095,1.593565,1.115238,2.763560,0.000061,0.019219,0.017309
8.941573,ApproachOutside,0.422215,1.052179,1.574291,1.118407,2.749973,0.000064,0.022366,0.020113
8.945740,ApproachOutside,0.422319,1.052273,1.536543,1.130637,2.734068,0.000059,0.025113,0.022545
8.949906,ApproachOutside,0.422444,1.052385,1.463662,1.088696,2.715944,0.000061,0.029891,0.026922
8.954073,ApproachOutside,0.422588,1.052514,1.467610,1.097599,2.695472,0.000008,0.034597,0.031071
8.958240,ApproachOutside,0.422746,1.052655,1.465300,1.098753,2.672634,0.000029,0.037858,0.033875
8.962406,ApproachOutside,0.422908,1.052799,1.458444,1.092990,2.647466,0.000059,0.038960,0.034504
8.966573,ApproachOutside,0.423070,1.052941,1.446191,1.080546,2.619954,0.000007,0.038838,0.034103
8.970739,ApproachOutside,0.423227,1.053078,1.428258,1.060693,2.590007,0.000004,0.037637,0.032787
8.974906,ApproachOutside,0.423369,1.053200,1.406213,1.034185,2.557621,0.000061,0.034089,0.029297
8.979073,ApproachOutside,0.423492,1.053305,1.380432,1.001919,2.522882,0.000059,0.029540,0.025091
8.983239,ApproachOutside,0.423601,1.053397,1.404102,1.034517,2.485651,0.000058,0.026200,0.022087
8.987406,ApproachOutside,0.423698,1.053478,1.389125,1.015442,2.445909,0.000057,0.023267,0.019455
8.991572,ApproachOutside,0.423787,1.053551,1.370292,0.994398,2.403645,0.000004,0.021272,0.017681
8.995739,ApproachOutside,0.423866,1.053617,1.348143,0.971058,2.359049,0.000008,0.019040,0.015821
8.999906,ApproachOutside,0.423939,1.053679,1.322404,0.945070,2.311663,0.000004,0.017610,0.014763
9.004072,ApproachOutside,0.424006,1.053735,1.293741,0.917554,2.261919,0.000013,0.015943,0.013447
9.008239,ApproachOutside,0.424068,1.053788,1.259872,0.886593,2.209515,0.000060,0.014942,0.012817
9.012405,ApproachOutside,0.424125,1.053838,1.223536,0.855018,2.154549,0.000058,0.013618,0.011959
9.016572,ApproachOutside,0.424171,1.053879,1.222441,0.872347,2.096958,0.000004,0.010986,0.009842
9.020739,ApproachOutside,0.424206,1.053913,1.193651,0.842747,2.036842,0.000004,0.008583,0.008097
9.024905,ApproachOutside,0.424233,1.053939,1.162623,0.813723,1.973954,0.000000,0.006351,0.006380
9.029072,ApproachOutside,0.424253,1.053962,1.129349,0.783680,1.908637,0.000057,0.004935,0.005379
9.033238,ApproachOutside,0.424274,1.053985,1.093691,0.755046,1.840553,0.000057,0.005007,0.005693
9.037405,ApproachOutside,0.424298,1.054013,1.054308,0.725410,1.769853,0.000008,0.005808,0.006695
9.041572,ApproachOutside,0.424321,1.054040,1.011911,0.694536,1.696542,0.000015,0.005465,0.006351
9.045738,ApproachOutside,0.424361,1.054083,0.965660,0.665299,1.620624,0.000007,0.009656,0.010357
9.049905,ApproachOutside,0.424408,1.054132,0.911782,0.616082,1.542041,0.000007,0.011194,0.011816
9.054071,ApproachOutside,0.424461,1.054187,0.873044,0.590844,1.460859,0.000057,0.012696,0.013218
9.058238,ApproachOutside,0.424522,1.054250,0.831252,0.562711,1.377033,0.000058,0.014598,0.015049
9.062405,ApproachOutside,0.424582,1.054312,0.787100,0.531921,1.290557,0.000008,0.014470,0.014849
9.066571,ApproachOutside,0.424644,1.054375,0.740482,0.499459,1.201569,0.000058,0.014777,0.015078
9.070738,ApproachOutside,0.424702,1.054434,0.690965,0.463847,1.109957,0.000058,0.013955,0.014248
9.074904,ApproachOutside,0.424755,1.054489,0.639258,0.427351,1.015808,0.000010,0.012825,0.013161
9.079071,ApproachOutside,0.424803,1.054538,0.585635,0.388904,0.919008,0.000007,0.011373,0.011730
9.083238,ApproachOutside,0.424842,1.054579,0.522366,0.359830,0.819802,0.000015,0.009384,0.009871
9.087404,ApproachOutside,0.424873,1.054613,0.443016,0.308052,0.717989,0.000059,0.007567,0.008068
9.091571,ApproachOutside,0.424907,1.054648,0.378885,0.269047,0.613640,0.000059,0.008132,0.008583
9.095737,ApproachOutside,0.424934,1.054677,0.330905,0.242037,0.506884,0.000010,0.006502,0.006838
9.099904,ApproachOutside,0.424960,1.054703,0.298560,0.224246,0.397629,0.000007,0.006266,0.006294
9.104071,ApproachOutside,0.424983,1.054725,0.282290,0.215460,0.285951,0.000058,0.005393,0.005178
9.108237,ApproachOutside,0.425012,1.054751,0.280909,0.214610,0.171809,0.000058,0.006909,0.006351
9.112404,ApproachOutside,0.377809,1.007545,57.166660,57.469200,0.055291,55.380110,-11.328650,-11.329510
9.116570,ApproachOutside,0.377828,1.007568,1.286495,1.197487,0.000020,1.149683,0.004635,0.005693
9.120737,ApproachOutside,0.377946,1.007689,1.273689,1.193069,0.000029,1.145765,0.028224,0.028868
9.124904,ApproachOutside,0.378160,1.007904,1.267194,1.191267,0.000007,1.145905,0.051341,0.051670
9.129070,ApproachOutside,0.378468,1.008212,1.276322,1.185931,0.000036,1.145691,0.073886,0.073929
9.133237,ApproachOutside,0.378867,1.008610,1.301169,1.177322,0.000045,1.145939,0.095801,0.095615
9.137403,ApproachOutside,0.379354,1.009096,1.341273,1.164452,0.000000,1.145175,0.116859,0.116530
9.141570,ApproachOutside,0.379925,1.009666,1.397428,1.148446,0.000007,1.144890,0.137136,0.136786
9.145737,ApproachOutside,0.380577,1.010316,1.469449,1.129752,0.000014,1.144292,0.156448,0.156126
9.149903,ApproachOutside,0.381304,1.011043,1.540467,1.120541,0.000020,1.145380,0.174408,0.174265
9.154070,ApproachOutside,0.382102,1.011841,1.592992,1.108855,0.000036,1.144494,0.191724,0.191631
9.158237,ApproachOutside,0.382972,1.012710,1.644378,1.096342,0.000020,1.143780,0.208719,0.208654
9.162403,ApproachOutside,0.383912,1.013650,1.694496,1.083251,0.000000,1.142678,0.225477,0.225391
9.166570,ApproachOutside,0.384919,1.014656,1.742961,1.069356,0.000059,1.141580,0.241771,0.241556
9.170736,ApproachOutside,0.385993,1.015729,1.789509,1.054479,0.000064,1.140275,0.257678,0.257435
9.174903,ApproachOutside,0.387130,1.016865,1.834339,1.039279,0.000029,1.139044,0.273027,0.272656
9.179070,ApproachOutside,0.388329,1.018062,1.876740,1.022788,0.000016,1.137387,0.287819,0.287390
9.183236,ApproachOutside,0.389587,1.019318,1.916292,0.993274,0.000000,1.134696,0.301895,0.301266
9.187403,ApproachOutside,0.390897,1.020624,1.965084,0.978472,0.000007,1.133124,0.314248,0.313482
9.191569,ApproachOutside,0.392248,1.021972,2.010804,0.963889,0.000000,1.130861,0.324397,0.323639
9.195736,ApproachOutside,0.393633,1.023355,2.053837,0.950166,0.000000,1.128690,0.332387,0.331850
9.199903,ApproachOutside,0.395042,1.024762,2.093951,0.937234,0.000059,1.126199,0.338087,0.337744
9.204069,ApproachOutside,0.396465,1.026186,2.130812,0.924538,0.000014,1.123152,0.341549,0.341606
9.208236,ApproachOutside,0.397893,1.027616,2.164809,0.913060,0.000000,1.120302,0.342736,0.343266
9.212402,ApproachOutside,0.399317,1.029044,2.194785,0.900189,0.000066,1.116964,0.341592,0.342693
9.216569,ApproachOutside,0.400732,1.030466,2.206555,0.829779,0.000029,1.113581,0.339718,0.341320
9.220736,ApproachOutside,0.402138,1.031880,2.243793,0.817133,0.000007,1.110195,0.337372,0.339375
9.224902,ApproachOutside,0.403526,1.033278,2.276805,0.805691,0.000014,1.106871,0.333216,0.335541
9.229069,ApproachOutside,0.404890,1.034653,2.305216,0.795210,0.000026,1.103033,0.327337,0.330019
9.233235,ApproachOutside,0.406222,1.035998,2.329504,0.786252,0.000007,1.099213,0.319691,0.322752
9.237402,ApproachOutside,0.407515,1.037305,2.349433,0.778274,0.000000,1.095291,0.310371,0.313740
9.241569,ApproachOutside,0.408763,1.038568,2.364760,0.771244,0.000020,1.091226,0.299385,0.303011
9.245735,ApproachOutside,0.409957,1.039778,2.375415,0.764347,0.000000,1.087538,0.286689,0.290566
9.249902,ApproachOutside,0.411087,1.040926,2.379215,0.725132,0.000032,1.084921,0.271161,0.275402
9.254068,ApproachOutside,0.412145,1.042003,2.399089,0.724642,0.000016,1.081241,0.253930,0.258465
9.258235,ApproachOutside,0.413133,1.043010,2.413249,0.724287,0.000014,1.078087,0.237007,0.241642
9.262402,ApproachOutside,0.414051,1.043946,2.421250,0.723050,0.000039,1.074949,0.220320,0.224819
9.266568,ApproachOutside,0.412772,1.042668,0.315000,0.653459,0.000029,0.569615,-0.306959,-0.306730
9.270735,ApproachOutside,0.411499,1.041398,0.242063,0.740054,0.000036,0.584819,-0.305457,-0.304842
9.274901,ApproachOutside,0.410233,1.040137,0.192701,0.825462,0.000020,0.599755,-0.303798,-0.302753
9.279068,ApproachOutside,0.408975,1.038884,0.180660,0.909492,0.000000,0.614395,-0.301938,-0.300551
9.283235,ApproachOutside,0.407726,1.037642,0.208679,0.991781,0.000007,0.628494,-0.299821,-0.298176
9.287401,ApproachOutside,0.406487,1.036411,0.261457,1.071976,0.000014,0.642303,-0.297332,-0.295372
9.291568,ApproachOutside,0.405261,1.035194,0.324951,1.149864,0.000000,0.655824,-0.294271,-0.292196
9.295734,ApproachOutside,0.404051,1.033993,0.392208,1.224891,0.000014,0.668883,-0.290387,-0.288220
9.299901,ApproachOutside,0.402861,1.032812,0.459382,1.295708,0.000000,0.681592,-0.285473,-0.283327
9.304068,ApproachOutside,0.401697,1.031657,0.554029,1.367500,0.000020,0.695156,-0.279357,-0.277233
9.308234,ApproachOutside,0.447353,1.077321,11.485890,10.578120,0.000032,0.380969,10.957360,10.959380
9.312401,ApproachOutside,0.510081,1.140057,15.644960,14.641250,0.000007,2.518021,15.054660,15.056620
9.316567,ApproachOutside,0.543785,1.173769,8.759993,7.718223,0.000007,2.678488,8.088956,8.090715
9.320734,ApproachOutside,0.545243,1.175233,1.318940,1.446384,0.000000,2.830097,0.350018,0.351534
9.324901,ApproachOutside,0.546701,1.176697,1.372952,1.535038,0.000063,2.973039,0.349989,0.351191
9.329067,ApproachOutside,0.548160,1.178158,1.402623,1.639021,0.000059,3.106942,0.350003,0.350819
9.333234,ApproachOutside,0.549618,1.179618,1.403112,1.762577,0.000043,3.232079,0.350003,0.350332
9.337400,ApproachOutside,0.551077,1.181076,1.353354,1.894065,0.000000,3.348200,0.350018,0.349846
9.341567,ApproachOutside,0.552535,1.182531,1.336189,2.050919,0.000000,3.455463,0.349989,0.349217
9.345734,ApproachOutside,0.553993,1.183984,1.337679,2.187870,0.000059,3.553690,0.350018,0.348702
9.349900,ApproachOutside,0.555452,1.185434,1.352537,2.291443,0.000014,3.642984,0.349989,0.347986
9.354067,ApproachOutside,0.556910,1.186881,1.382473,2.353509,0.000059,3.723454,0.349989,0.347271
9.358233,ApproachOutside,0.558368,1.188325,1.429064,2.367832,0.000014,3.794808,0.350018,0.346670
9.362400,ApproachOutside,0.559827,1.189766,1.443176,2.329181,0.000014,3.857385,0.349989,0.345783
9.366567,ApproachOutside,0.561285,1.191202,1.482279,2.368896,0.000007,3.910786,0.350018,0.344639
9.370733,ApproachOutside,0.562743,1.192634,1.509555,2.400866,0.000029,3.955338,0.350018,0.343638
9.374900,ApproachOutside,0.564202,1.194062,1.514893,2.414210,0.000021,3.990941,0.349989,0.342922
9.379066,ApproachOutside,0.565660,1.195491,1.498024,2.408350,0.000014,4.017521,0.350018,0.342836
9.383233,ApproachOutside,0.567118,1.196922,1.478136,2.400315,0.000064,4.035138,0.349989,0.343494
9.387400,ApproachOutside,0.568577,1.198356,1.492572,2.421196,0.000057,4.043794,0.349989,0.344124
9.391566,ApproachOutside,0.570035,1.199793,1.473688,2.409528,0.000029,4.043482,0.350018,0.344811
9.395733,ApproachOutside,0.571493,1.201233,1.447326,2.383375,0.000029,4.034034,0.350003,0.345554
9.399899,ApproachOutside,0.572952,1.202676,1.632818,0.937578,0.000061,4.015848,0.350003,0.346470
9.404066,ApproachOutside,0.574410,1.204123,1.548781,0.872600,0.000064,3.988576,0.349989,0.347328
9.408233,ApproachOutside,0.575868,1.205576,1.502997,0.892663,0.000067,3.952222,0.350018,0.348587
9.412399,ApproachOutside,0.577327,1.207033,1.425009,0.843304,0.000076,3.907010,0.349989,0.349760
9.416566,ApproachOutside,0.578785,1.208494,1.722223,0.494179,0.000036,3.852771,0.350018,0.350704
9.420732,ApproachOutside,0.580243,1.209957,2.442057,1.023144,0.000029,3.789560,0.350003,0.351105
9.424899,ApproachOutside,0.581702,1.211421,2.362610,1.050125,0.000072,3.717375,0.350003,0.351219
9.429066,ApproachOutside,0.583160,1.212883,2.278868,1.073557,0.000059,3.636162,0.350018,0.350933
9.433232,ApproachOutside,0.584618,1.214344,2.198845,1.088250,0.000000,3.546031,0.349989,0.350704
9.437399,ApproachOutside,0.586077,1.215805,2.120245,1.109376,0.000029,3.446814,0.349989,0.350590
9.441566,ApproachOutside,0.587535,1.217265,2.036939,1.128182,0.000043,3.338679,0.350018,0.350475
9.445732,ApproachOutside,0.588993,1.218725,1.950304,1.144297,0.000000,3.221568,0.349989,0.350361
9.449899,ApproachOutside,0.590452,1.220185,1.860304,1.156238,0.000014,3.095427,0.350018,0.350361
9.454065,ApproachOutside,0.591910,1.221645,1.767235,1.162431,0.000014,2.960310,0.349989,0.350390
9.458232,ApproachOutside,0.593369,1.223105,1.674446,1.161399,0.000000,2.816219,0.350018,0.350390
9.462399,ApproachOutside,0.594827,1.224564,1.582537,1.146144,0.000064,2.663092,0.349989,0.350218
9.466565,ApproachOutside,0.596285,1.226023,1.487616,1.121279,0.000064,2.501050,0.350018,0.350103
9.470732,ApproachOutside,0.597744,1.227481,1.390076,1.087588,0.000029,2.329974,0.349989,0.349989
9.474898,ApproachOutside,0.599202,1.228939,1.290099,1.044880,0.000029,2.149864,0.350018,0.349932
9.479065,ApproachOutside,0.600660,1.230397,1.187772,0.992923,0.000007,1.960892,0.349989,0.349875
9.483232,ApproachOutside,0.602119,1.231855,1.083388,0.932275,0.000007,1.762826,0.350018,0.349903
9.487398,ApproachOutside,0.603577,1.233313,0.977259,0.862955,0.000014,1.555791,0.349989,0.349932
9.491565,ApproachOutside,0.605035,1.234771,0.870285,0.786509,0.000020,1.339773,0.350018,0.349932
9.495731,ApproachOutside,0.606494,1.236229,0.763174,0.703770,0.000014,1.114779,0.350018,0.349989
9.499898,ApproachOutside,0.607952,1.237688,0.657382,0.617079,0.000029,0.880754,0.349989,0.350018
9.504065,ApproachOutside,0.609410,1.239146,0.555709,0.529800,0.000029,0.637806,0.349989,0.349932
9.508231,ApproachOutside,0.610869,1.240604,0.463992,0.448837,0.000029,0.385767,0.350018,0.350046
9.512398,ApproachOutside,0.612327,1.242063,0.391842,0.384739,0.000057,0.124980,0.350018,0.350046
9.516564,ApproachOutside,0.613785,1.243521,0.338116,0.345919,0.033381,0.000023,0.349989,0.350018
9.520731,ApproachOutside,0.615244,1.244980,0.301294,0.325158,0.099019,0.000014,0.350018,0.350018
9.524898,ApproachOutside,0.616702,1.246438,0.276573,0.314167,0.162773,0.000014,0.349989,0.350075
9.529064,ApproachOutside,0.618160,1.247897,0.260305,0.308788,0.224747,0.000014,0.349989,0.350075
9.533231,ApproachOutside,0.619619,1.249356,0.253024,0.308691,0.284735,0.000029,0.350018,0.350161
9.537397,ApproachOutside,0.621077,1.250815,0.254634,0.313366,0.342942,0.000007,0.350018,0.350161
9.541564,ApproachOutside,0.622536,1.252274,0.264026,0.322222,0.399206,0.000014,0.349989,0.350132
9.545731,ApproachOutside,0.623994,1.253733,0.279625,0.334503,0.453543,0.000021,0.350018,0.350246
9.549897,ApproachOutside,0.625452,1.255193,0.299581,0.349368,0.505921,0.000021,0.349989,0.350218
9.554064,ApproachOutside,0.626911,1.256652,0.322647,0.366197,0.556396,0.000021,0.350018,0.350275
9.558230,ApproachOutside,0.628369,1.258111,0.347537,0.384442,0.604797,0.000007,0.349989,0.350218
9.562397,ApproachOutside,0.629827,1.259571,0.373086,0.403370,0.651275,0.000010,0.349989,0.350246
9.566564,ApproachOutside,0.631286,1.261030,0.399130,0.422957,0.695756,0.000007,0.350018,0.350275
9.570730,ApproachOutside,0.632744,1.262490,0.424850,0.442580,0.738292,0.000007,0.349989,0.350304
9.574897,ApproachOutside,0.634202,1.263949,0.449970,0.462050,0.778719,0.000023,0.350018,0.350304
9.579063,ApproachOutside,0.635661,1.265409,0.474382,0.481316,0.817143,0.000051,0.349989,0.350361
9.583230,ApproachOutside,0.637119,1.266869,0.497623,0.499899,0.853678,0.000036,0.350018,0.350332
9.587397,ApproachOutside,0.638577,1.268329,0.519774,0.518039,0.888183,0.000010,0.350003,0.350332
9.591563,ApproachOutside,0.640036,1.269788,0.540719,0.535508,0.920579,0.000016,0.350003,0.350361
9.595730,ApproachOutside,0.641494,1.271248,0.560216,0.551981,0.951184,0.000021,0.349989,0.350361
9.599896,ApproachOutside,0.642952,1.272708,0.578331,0.567792,0.979733,0.000036,0.350018,0.350361
9.604063,ApproachOutside,0.644411,1.274168,0.594906,0.582417,1.006384,0.000007,0.350018,0.350418
9.608230,ApproachOutside,0.645869,1.275628,0.610207,0.596336,1.031129,0.000023,0.349989,0.350332
9.612396,ApproachOutside,0.647327,1.277088,0.623879,0.609273,1.053979,0.000026,0.349989,0.350390
9.616563,ApproachOutside,0.648786,1.278548,0.635990,0.621046,1.074777,0.000007,0.350018,0.350390
9.620729,ApproachOutside,0.650244,1.280008,0.646511,0.631766,1.093968,0.000021,0.349989,0.350390
9.624896,ApproachOutside,0.651702,1.281468,0.655659,0.641740,1.111259,0.000023,0.350018,0.350361
9.629063,ApproachOutside,0.653161,1.282928,0.663137,0.650402,1.126641,0.000036,0.350003,0.350418
9.633229,ApproachOutside,0.654619,1.284387,0.669158,0.658042,1.140361,0.000043,0.350003,0.350361
9.637396,ApproachOutside,0.656077,1.285847,0.673574,0.664652,1.152250,0.000029,0.350003,0.350390
9.641562,ApproachOutside,0.657536,1.287307,0.676559,0.670267,1.162468,0.000007,0.350003,0.350390
9.645729,ApproachOutside,0.658994,1.288767,0.677946,0.674787,1.170843,0.000023,0.350018,0.350390
9.649896,ApproachOutside,0.660453,1.290227,0.677952,0.678189,1.177629,0.000016,0.349989,0.350361
9.654062,ApproachOutside,0.661911,1.291687,0.676490,0.680713,1.182666,0.000016,0.349989,0.350361
9.658229,ApproachOutside,0.663369,1.293147,0.673654,0.682124,1.186015,0.000044,0.350018,0.350361
9.662395,ApproachOutside,0.664828,1.294607,0.669297,0.682543,1.187689,0.000014,0.350003,0.350361
9.666562,ApproachOutside,0.666286,1.296066,0.663770,0.681918,1.187689,0.000029,0.349946,0.350332
9.670729,ApproachOutside,0.667744,1.297526,0.656696,0.680410,1.186016,0.000029,0.350018,0.350361
9.674895,ApproachOutside,0.669203,1.298986,0.648480,0.677817,1.182664,0.000014,0.350032,0.350332
9.679062,ApproachOutside,0.670661,1.300446,0.639070,0.674359,1.177630,0.000014,0.350003,0.350332
9.683228,ApproachOutside,0.672119,1.301905,0.628336,0.669876,1.170844,0.000007,0.349989,0.350304
9.687395,ApproachOutside,0.673577,1.303365,0.616416,0.664613,1.162469,0.000029,0.349989,0.350332
9.691562,ApproachOutside,0.675036,1.304825,0.603518,0.658351,1.152251,0.000014,0.350018,0.350304
9.695728,ApproachOutside,0.676494,1.306284,0.589491,0.651323,1.140354,0.000007,0.350018,0.350304
9.699895,ApproachOutside,0.677953,1.307744,0.574369,0.643158,1.126707,0.000016,0.349989,0.350275
9.704062,ApproachOutside,0.679411,1.309203,0.558317,0.634490,1.111198,0.000045,0.349989,0.350275
9.708228,ApproachOutside,0.680869,1.310663,0.541547,0.624933,1.093967,0.000036,0.350032,0.350304
9.712395,ApproachOutside,0.682328,1.312122,0.523677,0.614470,1.074835,0.000007,0.350003,0.350218
9.716561,ApproachOutside,0.683786,1.313581,0.505174,0.603397,1.053917,0.000014,0.349989,0.350275
9.720728,ApproachOutside,0.685244,1.315041,0.485868,0.591561,1.031075,0.000014,0.350003,0.350218
9.724895,ApproachOutside,0.686703,1.316500,0.466002,0.579011,1.006389,0.000000,0.350018,0.350246
9.729061,ApproachOutside,0.688161,1.317959,0.445526,0.565902,0.979783,0.000036,0.350003,0.350218
9.733228,ApproachOutside,0.689619,1.319418,0.424680,0.552173,0.951129,0.000044,0.349960,0.350189
9.737394,ApproachOutside,0.691078,1.320878,0.403385,0.537712,0.920701,0.000021,0.350032,0.350218
9.741561,ApproachOutside,0.692536,1.322337,0.382005,0.523146,0.888117,0.000086,0.350018,0.350189
9.745728,ApproachOutside,0.693994,1.323796,0.360432,0.507760,0.853625,0.000043,0.350003,0.350161
9.749894,ApproachOutside,0.695453,1.325255,0.339111,0.492241,0.817202,0.000014,0.349989,0.350161
9.754061,ApproachOutside,0.696911,1.326714,0.318222,0.476493,0.778714,0.000000,0.350003,0.350161
9.758227,ApproachOutside,0.698369,1.328173,0.297999,0.460569,0.738239,0.000010,0.350018,0.350161
9.762394,ApproachOutside,0.699828,1.329632,0.278913,0.444611,0.695807,0.000029,0.350003,0.350161
9.766561,ApproachOutside,0.701286,1.331091,0.261362,0.428822,0.651266,0.000050,0.350018,0.350132
9.770727,ApproachOutside,0.702744,1.332549,0.246161,0.413319,0.604805,0.000014,0.349975,0.350103
9.774894,ApproachOutside,0.704203,1.334008,0.234030,0.398507,0.556354,0.000029,0.350003,0.350075
9.779060,ApproachOutside,0.705661,1.335467,0.225624,0.384431,0.505974,0.000023,0.350018,0.350132
9.783227,ApproachOutside,0.707120,1.336926,0.221965,0.371627,0.453537,0.000036,0.350018,0.350103
9.787394,ApproachOutside,0.708578,1.338384,0.223401,0.360165,0.399200,0.000014,0.349975,0.350046
9.791560,ApproachOutside,0.710036,1.339843,0.230405,0.350748,0.342956,0.000029,0.350032,0.350103
9.795727,ApproachOutside,0.711495,1.341302,0.242788,0.343656,0.284727,0.000058,0.349989,0.350046
9.799893,ApproachOutside,0.712953,1.342760,0.260165,0.339319,0.224748,0.000014,0.350003,0.350046
9.804060,ApproachOutside,0.714411,1.344218,0.282076,0.338162,0.162780,0.000014,0.350003,0.350018
9.808227,ApproachOutside,0.715870,1.345677,0.307828,0.340551,0.099015,0.000014,0.349989,0.350018
9.812393,ApproachOutside,0.717328,1.347135,0.337021,0.346796,0.033373,0.000007,0.350003,0.349989
9.816560,ApproachOutside,0.718786,1.348594,0.351823,0.350464,0.000072,0.000023,0.350032,0.350046
9.820726,ApproachOutside,0.720245,1.350052,0.290946,0.325079,0.000036,0.000010,0.349989,0.349989
9.824893,ApproachOutside,0.721703,1.351511,0.219189,0.277893,0.000036,0.000007,0.350018,0.350132
9.829060,ApproachOutside,0.723161,1.352970,0.245611,0.235872,0.000057,0.000036,0.349975,0.350075
9.833226,ApproachOutside,0.724620,1.354429,0.337665,0.200247,0.000050,0.000065,0.350018,0.350189
9.837393,ApproachOutside,0.726078,1.355888,0.449196,0.171415,0.000057,0.000036,0.350003,0.350189
9.841559,ApproachOutside,0.727536,1.357347,0.563084,0.150319,0.000014,0.000007,0.349989,0.350218
9.845726,ApproachOutside,0.728995,1.358806,0.673421,0.137194,0.000036,0.000065,0.350003,0.350246
9.849893,ApproachOutside,0.730453,1.360266,0.777797,0.130851,0.000014,0.000023,0.350032,0.350332
9.854059,ApproachOutside,0.731911,1.361726,0.875258,0.129713,0.000021,0.000000,0.349989,0.350275
9.858226,ApproachOutside,0.733370,1.363185,0.965013,0.131595,0.000014,0.000007,0.350018,0.350332
9.862392,ApproachOutside,0.734828,1.364645,1.046701,0.134555,0.000014,0.000000,0.349989,0.350304
9.866559,ApproachOutside,0.736287,1.366104,1.119932,0.137324,0.000029,0.000007,0.350003,0.350304
9.870726,ApproachOutside,0.737745,1.367564,1.184543,0.139260,0.000050,0.000029,0.350003,0.350332
9.874892,ApproachOutside,0.739203,1.369024,1.240244,0.139877,0.000014,0.000021,0.349989,0.350304
9.879059,ApproachOutside,0.740661,1.370483,1.286957,0.139278,0.000021,0.000021,0.350003,0.350275
9.883225,ApproachOutside,0.742120,1.371943,1.324221,0.137822,0.000014,0.000023,0.350018,0.350361
9.887392,ApproachOutside,0.743578,1.373403,1.352272,0.135822,0.000029,0.000029,0.350032,0.350304
9.891559,ApproachOutside,0.745037,1.374862,1.370814,0.133960,0.000036,0.000010,0.349960,0.350218
9.895725,ApproachOutside,0.746495,1.376321,1.379811,0.132928,0.000021,0.000058,0.350003,0.350246
9.899892,ApproachOutside,0.747953,1.377781,1.379082,0.133446,0.000057,0.000000,0.350032,0.350275
9.904058,ApproachOutside,0.749412,1.379240,1.368806,0.135989,0.000050,0.000000,0.349989,0.350189
9.908225,ApproachOutside,0.750870,1.380699,1.348971,0.140976,0.000000,0.000010,0.349989,0.350189
9.912392,ApproachOutside,0.752328,1.382158,1.319638,0.148486,0.000036,0.000026,0.350003,0.350161
9.916558,ApproachOutside,0.753787,1.383617,1.280670,0.158207,0.000014,0.000000,0.350018,0.350161
9.920725,ApproachOutside,0.755245,1.385076,1.232357,0.169993,0.000029,0.000014,0.350003,0.350189
9.924891,ApproachOutside,0.756703,1.386535,1.175033,0.183144,0.000014,0.000016,0.350018,0.350103
9.929058,ApproachOutside,0.758162,1.387994,1.108467,0.197483,0.000029,0.000029,0.349975,0.350132
9.933225,ApproachOutside,0.759620,1.389452,1.033386,0.212502,0.000000,0.000021,0.350003,0.350075
9.937391,ApproachOutside,0.761078,1.390911,0.949772,0.227984,0.000043,0.000036,0.350018,0.350103
9.941558,ApproachOutside,0.762537,1.392370,0.858594,0.243705,0.000007,0.000007,0.350018,0.350103
9.945724,ApproachOutside,0.763995,1.393829,0.760459,0.259476,0.000007,0.000021,0.349975,0.350075
9.949891,ApproachOutside,0.765454,1.395287,0.657276,0.275433,0.000014,0.000014,0.350032,0.350075
9.954058,ApproachOutside,0.766912,1.396746,0.552113,0.291472,0.000007,0.000043,0.349989,0.350075
9.958224,ApproachOutside,0.768370,1.398204,0.452059,0.307818,0.000021,0.000014,0.350003,0.350046
9.962391,ApproachOutside,0.769828,1.399663,0.372015,0.324666,0.000007,0.000093,0.350003,0.350075
9.966558,OpenOutside,0.771287,1.401122,0.340260,0.342283,0.000021,0.000021,0.350003,0.350075
9.970724,OpenOutside,0.771352,1.401187,0.025158,0.024977,0.000020,0.000021,0.015635,0.015678
9.974891,OpenOutside,0.771544,1.401379,0.059373,0.059236,0.000029,0.000021,0.046062,0.046120
9.979057,OpenOutside,0.771855,1.401690,0.091982,0.091847,0.000007,0.000077,0.074587,0.074673
9.983224,OpenOutside,0.772277,1.402113,0.122608,0.122553,0.000014,0.000061,0.101252,0.101337
9.987391,OpenOutside,0.772803,1.402639,0.151281,0.151220,0.000087,0.000058,0.126257,0.126286
9.991557,OpenOutside,0.773425,1.403262,0.177854,0.177842,0.000050,0.000128,0.149431,0.149488
9.995724,OpenOutside,0.774137,1.403974,0.202493,0.202505,0.000064,0.000067,0.170832,0.170918
9.999890,OpenOutside,0.774930,1.404767,0.225036,0.225019,0.000073,0.000010,0.190401,0.190458
10.004060,OpenOutside,0.775798,1.405635,0.245436,0.245552,0.000067,0.000029,0.208254,0.208340
10.008220,OpenOutside,0.776732,1.406570,0.263863,0.263975,0.000050,0.000093,0.224247,0.224304
10.012390,OpenOutside,0.777727,1.407565,0.280332,0.280445,0.000063,0.000051,0.238581,0.238667
10.016560,OpenOutside,0.778772,1.408611,0.294522,0.294707,0.000059,0.000043,0.250998,0.251055
10.020720,OpenOutside,0.779863,1.409701,0.306896,0.307111,0.000086,0.000081,0.261726,0.261812
10.024890,OpenOutside,0.780991,1.410829,0.317092,0.317327,0.000080,0.000064,0.270624,0.270710
10.029060,OpenOutside,0.782148,1.411987,0.325345,0.325556,0.000016,0.000064,0.277777,0.277805
10.033220,OpenOutside,0.783328,1.413167,0.331391,0.331700,0.000059,0.000058,0.283098,0.283213
10.037390,OpenOutside,0.784522,1.414362,0.335513,0.335828,0.000087,0.000023,0.286703,0.286760
10.041560,OpenOutside,0.785724,1.415564,0.337516,0.337874,0.000087,0.000036,0.288448,0.288534
10.045720,OpenOutside,0.786926,1.416766,0.337488,0.337846,0.000020,0.000010,0.288448,0.288506
10.049890,OpenOutside,0.788120,1.417961,0.335447,0.335879,0.000057,0.000014,0.286675,0.286732
10.054060,OpenOutside,0.789300,1.419141,0.331263,0.331695,0.000020,0.000057,0.283098,0.283184
10.058220,OpenOutside,0.790457,1.420299,0.325116,0.325598,0.000061,0.000064,0.277777,0.277863
10.062390,OpenOutside,0.791585,1.421426,0.316919,0.317375,0.000014,0.000014,0.270624,0.270681
10.066560,OpenOutside,0.792675,1.422517,0.306622,0.307181,0.000029,0.000021,0.261726,0.261812
10.070720,OpenOutside,0.793721,1.423564,0.294295,0.294824,0.000043,0.000007,0.251055,0.251169
10.074890,OpenOutside,0.794715,1.424558,0.279937,0.280539,0.000043,0.000058,0.238524,0.238581
10.079060,OpenOutside,0.795650,1.425493,0.263461,0.264062,0.000061,0.000029,0.224276,0.224361
10.083220,OpenOutside,0.796518,1.426361,0.244994,0.245673,0.000059,0.000039,0.208254,0.208340
10.087390,OpenOutside,0.797311,1.427155,0.224564,0.225181,0.000021,0.000016,0.190430,0.190516
10.091560,OpenOutside,0.798023,1.427867,0.201953,0.202648,0.000020,0.000010,0.170832,0.170918
10.095720,OpenOutside,0.798645,1.428490,0.177330,0.178124,0.000007,0.000058,0.149431,0.149517
10.099890,OpenOutside,0.799171,1.429016,0.150660,0.151371,0.000039,0.000057,0.126257,0.126314
10.104060,OpenOutside,0.799594,1.429439,0.122021,0.122798,0.000007,0.000016,0.101309,0.101423
10.108220,OpenOutside,0.799904,1.429750,0.091283,0.092070,0.000007,0.000000,0.074530,0.074615
10.112390,OpenOutside,0.800096,1.429942,0.058715,0.059503,0.000020,0.000026,0.046034,0.046120
10.116560,OpenOutside,0.800162,1.430008,0.024859,0.025513,0.000066,0.000050,0.015793,0.015879
10.120720,OpenOutside,0.800162,1.430008,0.010272,0.010338,0.000050,0.000086,0.000000,0.000086
10.124890,OpenOutside,0.800162,1.430009,0.010363,0.010349,0.000032,0.000058,0.000000,0.000086
10.129060,OpenOutside,0.800162,1.430009,0.010259,0.010346,0.000045,0.000016,0.000000,0.000114
10.133220,OpenOutside,0.800162,1.430009,0.010317,0.010405,0.000066,0.000007,0.000000,0.000086
10.137390,OpenOutside,0.800162,1.430010,0.010412,0.010445,0.000073,0.000043,0.000000,0.000086
10.141550,OpenOutside,0.800162,1.430010,0.010402,0.010464,0.000026,0.000059,0.000000,0.000086
10.145720,OpenOutside,0.800162,1.430011,0.010414,0.010507,0.000073,0.000039,0.000000,0.000086
10.149890,OpenOutside,0.800162,1.430011,0.010462,0.010478,0.000032,0.000036,0.000000,0.000086
10.154050,OpenOutside,0.800162,1.430011,0.010462,0.010568,0.000039,0.000062,0.000000,0.000086
10.158220,OpenOutside,0.800162,1.430012,0.010534,0.010584,0.000059,0.000058,0.000000,0.000114
10.162390,OpenOutside,0.800162,1.430012,0.010567,0.010633,0.000072,0.000023,0.000000,0.000114
10.166550,OpenOutside,0.800162,1.430013,0.010533,0.010597,0.000032,0.000021,0.000000,0.000086
10.170720,OpenOutside,0.800162,1.430013,0.010590,0.010711,0.000014,0.000007,0.000000,0.000086
10.174890,OpenOutside,0.800162,1.430013,0.010596,0.010663,0.000020,0.000036,0.000000,0.000086
10.179050,OpenOutside,0.800162,1.430014,0.010682,0.010769,0.000014,0.000036,0.000000,0.000114
10.183220,OpenOutside,0.800162,1.430014,0.010662,0.010781,0.000032,0.000021,0.000000,0.000057
10.187390,OpenOutside,0.800162,1.430015,0.010716,0.010790,0.000021,0.000007,0.000000,0.000143
10.191550,OpenOutside,0.800162,1.430015,0.010724,0.010853,0.000016,0.000014,0.000000,0.000114
10.195720,OpenOutside,0.800162,1.430015,0.010777,0.010834,0.000045,0.000029,0.000000,0.000086
10.199890,OpenOutside,0.800162,1.430016,0.010849,0.010913,0.000032,0.000058,0.000000,0.000086
10.204050,OpenOutside,0.800162,1.430016,0.010799,0.010943,0.000000,0.000016,0.000000,0.000114
10.208220,OpenOutside,0.800162,1.430017,0.010873,0.010953,0.000021,0.000016,0.000000,0.000114
10.212390,OpenOutside,0.800162,1.430017,0.010878,0.011019,0.000036,0.000016,0.000000,0.000086
10.216550,OpenOutside,0.800162,1.430018,0.010933,0.011039,0.000014,0.000021,0.000000,0.000114
10.220720,OpenOutside,0.800162,1.430018,0.010958,0.011095,0.000039,0.000059,0.000000,0.000086
10.224890,OpenOutside,0.800162,1.430018,0.010975,0.011071,0.000050,0.000058,0.000000,0.000114
10.229050,OpenOutside,0.800162,1.430019,0.010971,0.011129,0.000016,0.000044,0.000000,0.000114
10.233220,OpenOutside,0.800162,1.430019,0.011111,0.011192,0.000021,0.000029,0.000000,0.000086
10.237390,OpenOutside,0.800162,1.430020,0.011048,0.011216,0.000029,0.000007,0.000000,0.000114
10.241550,OpenOutside,0.800162,1.430020,0.011129,0.011225,0.000020,0.000020,0.000000,0.000086
10.245720,OpenOutside,0.800162,1.430021,0.011148,0.011262,0.000032,0.000045,0.000000,0.000114
10.249890,OpenOutside,0.800162,1.430021,0.011189,0.011316,0.000016,0.000072,0.000000,0.000114
10.254050,OpenOutside,0.800162,1.430022,0.011191,0.011344,0.000032,0.000059,0.000000,0.000114
10.258220,OpenOutside,0.800162,1.430022,0.011272,0.011394,0.000029,0.000020,0.000000,0.000086
10.262390,OpenOutside,0.800162,1.430022,0.011277,0.011434,0.000045,0.000045,0.000000,0.000114
10.266550,OpenOutside,0.800162,1.430023,0.011319,0.011437,0.000016,0.000029,0.000000,0.000114
10.270720,OpenOutside,0.800162,1.430023,0.011365,0.011472,0.000050,0.000057,0.000000,0.000114
10.274890,OpenOutside,0.800162,1.430024,0.011331,0.011476,0.000014,0.000069,0.000000,0.000114
10.279050,OpenOutside,0.800162,1.430024,0.011433,0.011561,0.000020,0.000032,0.000000,0.000114
10.283220,OpenOutside,0.800162,1.430025,0.011412,0.011583,0.000016,0.000014,0.000000,0.000143
10.287390,OpenOutside,0.800162,1.430025,0.011525,0.011631,0.000021,0.000026,0.000000,0.000086
10.291550,OpenOutside,0.800162,1.430026,0.011506,0.011675,0.000059,0.000032,0.000000,0.000143
10.295720,OpenOutside,0.800162,1.430026,0.011561,0.011689,0.000066,0.000036,0.000000,0.000086
10.299890,OpenOutside,0.800162,1.430027,0.011555,0.011713,0.000043,0.000052,0.000000,0.000143
10.304050,OpenOutside,0.800162,1.430027,0.011622,0.011754,0.000043,0.000020,0.000000,0.000114
10.308220,OpenOutside,0.800162,1.430028,0.011632,0.011828,0.000036,0.000014,0.000000,0.000114
10.312390,OpenOutside,0.800162,1.430028,0.011711,0.011819,0.000000,0.000007,0.000000,0.000114
10.316550,OpenOutside,0.800162,1.430029,0.011732,0.011897,0.000007,0.000050,0.000000,0.000114
10.320720,OpenOutside,0.800162,1.430029,0.011698,0.011890,0.000073,0.000051,0.000000,0.000086
10.324890,OpenOutside,0.800162,1.430030,0.011824,0.011941,0.000082,0.000023,0.000000,0.000114
10.329050,OpenOutside,0.800162,1.430030,0.011802,0.011948,0.000014,0.000032,0.000000,0.000114
10.333220,OpenOutside,0.800162,1.430030,0.011850,0.012005,0.000057,0.000064,0.000000,0.000114
10.337390,OpenOutside,0.800162,1.430031,0.011897,0.012062,0.000064,0.000058,0.000000,0.000143
10.341550,OpenOutside,0.800162,1.430031,0.011934,0.012060,0.000043,0.000032,0.000000,0.000086
10.345720,OpenOutside,0.800162,1.430032,0.011905,0.012091,0.000000,0.000021,0.000000,0.000143
10.349880,OpenOutside,0.800162,1.430032,0.011999,0.012149,0.000061,0.000010,0.000000,0.000114
10.354050,OpenOutside,0.800162,1.430033,0.012036,0.012182,0.000059,0.000044,0.000000,0.000114
10.358220,OpenOutside,0.800162,1.430033,0.012044,0.012203,0.000021,0.000032,0.000000,0.000114
10.362380,OpenOutside,0.800162,1.430034,0.012030,0.012225,0.000014,0.000016,0.000000,0.000114
10.366550,OpenOutside,0.800162,1.430034,0.012164,0.012307,0.000043,0.000007,0.000000,0.000114
10.370720,OpenOutside,0.800162,1.430035,0.012152,0.012294,0.000066,0.000059,0.000000,0.000143
10.374880,OpenOutside,0.800162,1.430035,0.012165,0.012330,0.000045,0.000064,0.000000,0.000114
10.379050,OpenOutside,0.800162,1.430036,0.012212,0.012378,0.000059,0.000036,0.000000,0.000114
10.383220,OpenOutside,0.800162,1.430036,0.012232,0.012379,0.000081,0.000059,0.000000,0.000086
10.387380,OpenOutside,0.800162,1.430037,0.012308,0.012474,0.000073,0.000023,0.000000,0.000143
10.391550,OpenOutside,0.800162,1.430037,0.012282,0.012436,0.000066,0.000016,0.000000,0.000114
10.395720,OpenOutside,0.800162,1.430038,0.012361,0.012531,0.000045,0.000029,0.000000,0.000143
10.399880,OpenOutside,0.800162,1.430038,0.012366,0.012496,0.000016,0.000032,0.000000,0.000114
10.404050,OpenOutside,0.800162,1.430039,0.012389,0.012596,0.000045,0.000000,0.000000,0.000143
10.408220,OpenOutside,0.800162,1.430039,0.012465,0.012591,0.000061,0.000016,0.000000,0.000086
10.412380,OpenOutside,0.800162,1.430040,0.012464,0.012640,0.000059,0.000057,0.000000,0.000143
10.416550,OpenOutside,0.800162,1.430041,0.012537,0.012654,0.000072,0.000062,0.000000,0.000143
10.420720,OpenOutside,0.800162,1.430041,0.012510,0.012677,0.000059,0.000023,0.000000,0.000114
10.424880,OpenOutside,0.800162,1.430042,0.012560,0.012759,0.000059,0.000045,0.000000,0.000143
10.429050,OpenOutside,0.800162,1.430042,0.012613,0.012725,0.000057,0.000036,0.000000,0.000086
10.433220,OpenOutside,0.800162,1.430043,0.012636,0.012799,0.000000,0.000029,0.000000,0.000143
10.437380,OpenOutside,0.800162,1.430043,0.012667,0.012818,0.000014,0.000059,0.000000,0.000114
10.441550,OpenOutside,0.800162,1.430044,0.012691,0.012819,0.000059,0.000066,0.000000,0.000143
10.445720,OpenOutside,0.800162,1.430044,0.012719,0.012887,0.000061,0.000016,0.000000,0.000114
10.449880,OpenOutside,0.800162,1.430045,0.012771,0.012889,0.000039,0.000059,0.000000,0.000143
10.454050,OpenOutside,0.800162,1.430045,0.012774,0.012929,0.000052,0.000059,0.000000,0.000114
10.458220,OpenOutside,0.800162,1.430046,0.012816,0.012967,0.000064,0.000057,0.000000,0.000114
10.462380,OpenOutside,0.800162,1.430046,0.012823,0.012989,0.000057,0.000000,0.000000,0.000143
10.466550,OpenOutside,0.800162,1.430047,0.012864,0.013016,0.000032,0.000043,0.000000,0.000114
10.470720,OpenOutside,0.800162,1.430047,0.012916,0.013074,0.000014,0.000014,0.000000,0.000114
10.474880,OpenOutside,0.800162,1.430048,0.012928,0.013036,0.000007,0.000059,0.000000,0.000143
10.479050,OpenOutside,0.800162,1.430048,0.012978,0.013125,0.000007,0.000062,0.000000,0.000114
10.483220,OpenOutside,0.800162,1.430049,0.012975,0.013117,0.000020,0.000007,0.000000,0.000143
10.487380,OpenOutside,0.800162,1.430050,0.013008,0.013156,0.000064,0.000014,0.000000,0.000143
10.491550,OpenOutside,0.800162,1.430050,0.013050,0.013192,0.000026,0.000014,0.000000,0.000086
10.495720,OpenOutside,0.800162,1.430050,0.013084,0.013218,0.000020,0.000044,0.000000,0.000143
10.499880,OpenOutside,0.800162,1.430051,0.013102,0.013236,0.000000,0.000072,0.000000,0.000114
10.504050,OpenOutside,0.800162,1.430052,0.013139,0.013267,0.000020,0.000045,0.000000,0.000143
10.508220,OpenOutside,0.800162,1.430052,0.013138,0.013280,0.000059,0.000029,0.000000,0.000114
10.512380,OpenOutside,0.800162,1.430053,0.013194,0.013351,0.000073,0.000045,0.000000,0.000143
10.516550,OpenOutside,0.800162,1.430053,0.013216,0.013333,0.000103,0.000007,0.000000,0.000143
10.520720,OpenOutside,0.800162,1.430054,0.013217,0.013359,0.000081,0.000007,0.000000,0.000086
10.524880,OpenOutside,0.800162,1.430054,0.013284,0.013399,0.000101,0.000014,0.000000,0.000143
10.529050,OpenOutside,0.800162,1.430055,0.013281,0.013414,0.000079,0.000043,0.000000,0.000114
10.533220,OpenOutside,0.800162,1.430055,0.013314,0.013455,0.000007,0.000014,0.000000,0.000143
10.537380,OpenOutside,0.800162,1.430056,0.013322,0.013444,0.000039,0.000021,0.000000,0.000143
10.541550,OpenOutside,0.800162,1.430056,0.013377,0.013493,0.000036,0.000007,0.000000,0.000114
10.545720,OpenOutside,0.800162,1.430057,0.013404,0.013483,0.000061,0.000014,0.000000,0.000114
10.549880,OpenOutside,0.800162,1.430057,0.013399,0.013562,0.000069,0.000050,0.000000,0.000114
10.554050,OpenOutside,0.800162,1.430058,0.013422,0.013542,0.000082,0.000052,0.000000,0.000143
10.558220,OpenOutside,0.800162,1.430058,0.013493,0.013609,0.000092,0.000023,0.000000,0.000143
10.562380,OpenOutside,0.800162,1.430059,0.013470,0.013568,0.000016,0.000065,0.000000,0.000143
10.566550,OpenOutside,0.800162,1.430060,0.013498,0.013611,0.000007,0.000029,0.000000,0.000114
10.570710,OpenOutside,0.800162,1.430060,0.013542,0.013667,0.000032,0.000023,0.000000,0.000143
10.574880,OpenOutside,0.800162,1.430061,0.013567,0.013654,0.000000,0.000007,0.000000,0.000114
10.579050,OpenOutside,0.800162,1.430061,0.013583,0.013689,0.000014,0.000007,0.000000,0.000086
10.583210,OpenOutside,0.800162,1.430062,0.013593,0.013693,0.000039,0.000020,0.000000,0.000143
10.587380,OpenOutside,0.800162,1.430062,0.013608,0.013720,0.000016,0.000010,0.000000,0.000143
10.591550,OpenOutside,0.800162,1.430063,0.013666,0.013753,0.000014,0.000029,0.000000,0.000143
10.595710,OpenOutside,0.800162,1.430063,0.013637,0.013752,0.000032,0.000016,0.000000,0.000114
10.599880,OpenOutside,0.800162,1.430064,0.013668,0.013758,0.000021,0.000029,0.000000,0.000143
10.604050,OpenOutside,0.800162,1.430064,0.013712,0.013799,0.000058,0.000014,0.000000,0.000114
10.608210,OpenOutside,0.800162,1.430065,0.013730,0.013820,0.000016,0.000014,0.000000,0.000114
10.612380,OpenOutside,0.800162,1.430065,0.013728,0.013815,0.000021,0.000029,0.000000,0.000114
10.616550,OpenOutside,0.800162,1.430066,0.013760,0.013836,0.000032,0.000007,0.000000,0.000143
10.620710,OpenOutside,0.800162,1.430066,0.013782,0.013859,0.000020,0.000016,0.000000,0.000143
10.624880,OpenOutside,0.800162,1.430067,0.013797,0.013900,0.000020,0.000007,0.000000,0.000114
10.629050,OpenOutside,0.800162,1.430068,0.013829,0.013898,0.000016,0.000007,0.000000,0.000143
10.633210,OpenOutside,0.800162,1.430068,0.013860,0.013922,0.000039,0.000016,0.000000,0.000086
10.637380,OpenOutside,0.800162,1.430068,0.013897,0.013958,0.000029,0.000007,0.000000,0.000143
10.641550,OpenOutside,0.800162,1.430069,0.013893,0.013973,0.000066,0.000010,0.000000,0.000143
10.645710,OpenOutside,0.800162,1.430070,0.013934,0.013991,0.000076,0.000016,0.000000,0.000114
10.649880,OpenOutside,0.800162,1.430070,0.013927,0.013985,0.000014,0.000000,0.000000,0.000114
10.654050,OpenOutside,0.800162,1.430071,0.013928,0.013990,0.000021,0.000029,0.000000,0.000143
10.658210,OpenOutside,0.800162,1.430071,0.013915,0.013997,0.000021,0.000039,0.000000,0.000114
10.662380,OpenOutside,0.800162,1.430072,0.013916,0.013962,0.000057,0.000016,0.000000,0.000143
10.666550,OpenOutside,0.800162,1.430072,0.013895,0.013953,0.000067,0.000016,0.000000,0.000086
10.670710,OpenOutside,0.800162,1.430073,0.013905,0.013944,0.000014,0.000058,0.000000,0.000143
10.674880,OpenOutside,0.800162,1.430073,0.013871,0.013921,0.000043,0.000062,0.000000,0.000143
10.679050,OpenOutside,0.800162,1.430074,0.013882,0.013925,0.000064,0.000010,0.000000,0.000114
10.683210,OpenOutside,0.800162,1.430074,0.013953,0.013994,0.000076,0.000014,0.000000,0.000114
10.687380,OpenOutside,0.800162,1.430075,0.013993,0.014057,0.000080,0.000039,0.000000,0.000143
10.691550,OpenOutside,0.800162,1.430075,0.014099,0.014126,0.000045,0.000052,0.000000,0.000143
10.695710,OpenOutside,0.800162,1.430076,0.014214,0.014235,0.000043,0.000064,0.000000,0.000114
10.699880,OpenOutside,0.800162,1.430076,0.014337,0.014369,0.000043,0.000059,0.000000,0.000114
10.704050,OpenOutside,0.800162,1.430077,0.014472,0.014497,0.000014,0.000039,0.000000,0.000114
10.708210,OpenOutside,0.800162,1.430077,0.014550,0.014572,0.000029,0.000020,0.000000,0.000143
10.712380,OpenOutside,0.800162,1.430078,0.014532,0.014554,0.000057,0.000021,0.000000,0.000143
10.716550,OpenOutside,0.800162,1.430079,0.014427,0.014437,0.000026,0.000057,0.000000,0.000114
10.720710,OpenOutside,0.800162,1.430079,0.014220,0.014250,0.000063,0.000059,0.000000,0.000114
10.724880,OpenOutside,0.800162,1.430079,0.013993,0.013987,0.000123,0.000000,0.000000,0.000114
10.729050,OpenOutside,0.800162,1.430080,0.013621,0.013644,0.000087,0.000007,0.000000,0.000143
10.733210,OpenOutside,0.800162,1.430081,0.013164,0.013178,0.000026,0.000036,0.000000,0.000143
10.737380,OpenOutside,0.800162,1.430081,0.012732,0.012744,0.000014,0.000029,0.000000,0.000086
10.741550,OpenOutside,0.800162,1.430081,0.012526,0.012531,0.000043,0.000010,0.000000,0.000114
10.745710,OpenOutside,0.800162,1.430082,0.012591,0.012617,0.000020,0.000010,0.000000,0.000143
10.749880,OpenOutside,0.800162,1.430083,0.013021,0.013045,0.000057,0.000000,0.000000,0.000114
10.754050,OpenOutside,0.800162,1.430083,0.013762,0.013769,0.000057,0.000029,0.000000,0.000114
10.758210,OpenOutside,0.800162,1.430084,0.014829,0.014813,0.000029,0.000029,0.000000,0.000143
10.762380,OpenOutside,0.800162,1.430084,0.016200,0.016181,0.000016,0.000036,0.000000,0.000086
10.766550,OpenOutside,0.800162,1.430084,0.017888,0.017852,0.000059,0.000050,0.000000,0.000114
10.770710,OpenOutside,0.800162,1.430085,0.019678,0.019626,0.000059,0.000036,0.000000,0.000143
10.774880,OpenOutside,0.800162,1.430086,0.020477,0.020441,0.000021,0.000029,0.000000,0.000114
10.779050,OpenOutside,0.800162,1.430086,0.020122,0.020080,0.000043,0.000010,0.000000,0.000114
10.783210,OpenOutside,0.800162,1.430087,0.018584,0.018505,0.000020,0.000020,0.000000,0.000143
10.787380,OpenOutside,0.800162,1.430087,0.015844,0.015789,0.000032,0.000021,0.000000,0.000114
10.791540,OpenOutside,0.800162,1.430087,0.011923,0.011905,0.000080,0.000007,0.000000,0.000086
10.795710,OpenOutside,0.800162,1.430088,0.006890,0.006951,0.000052,0.000057,0.000000,0.000143
10.799880,OpenOutside,0.800162,1.430089,0.002184,0.002606,0.000077,0.000007,0.000000,0.000114
10.804040,OpenOutside,0.800162,1.430089,0.002298,0.002549,0.000063,0.000072,0.000000,0.000114
10.808210,OpenOutside,0.800162,1.430090,0.006917,0.006953,0.000020,0.000062,0.000000,0.000143
10.812380,OpenOutside,0.800162,1.430090,0.011947,0.011880,0.000014,0.000023,0.000000,0.000086
10.816540,OpenOutside,0.800162,1.430090,0.015860,0.015810,0.000069,0.000016,0.000000,0.000114
10.820710,OpenOutside,0.800162,1.430091,0.018580,0.018499,0.000067,0.000020,0.000000,0.000114
10.824880,OpenOutside,0.800162,1.430091,0.020132,0.020067,0.000043,0.000023,0.000000,0.000114
10.829040,OpenOutside,0.800162,1.430092,0.020503,0.020444,0.000039,0.000057,0.000000,0.000143
10.833210,OpenOutside,0.800162,1.430092,0.019684,0.019596,0.000036,0.000058,0.000000,0.000086
10.837380,OpenOutside,0.800162,1.430093,0.017911,0.017846,0.000029,0.000014,0.000000,0.000143
10.841540,OpenOutside,0.800162,1.430093,0.016233,0.016153,0.000021,0.000014,0.000000,0.000086
10.845710,OpenOutside,0.800162,1.430094,0.014887,0.014790,0.000026,0.000059,0.000000,0.000114
10.849880,OpenOutside,0.800162,1.430094,0.013802,0.013732,0.000026,0.000043,0.000000,0.000114
10.854040,OpenOutside,0.800162,1.430095,0.013087,0.013008,0.000043,0.000000,0.000000,0.000114
10.858210,OpenOutside,0.800162,1.430095,0.012675,0.012593,0.000014,0.000029,0.000000,0.000086
10.862380,OpenOutside,0.800162,1.430096,0.012578,0.012474,0.000016,0.000043,0.000000,0.000114
10.866540,OpenOutside,0.800162,1.430096,0.012778,0.012692,0.000016,0.000014,0.000000,0.000114
10.870710,OpenOutside,0.800162,1.430097,0.013259,0.013147,0.000007,0.000014,0.000000,0.000114
10.874880,CrossIn,0.800162,1.430097,0.013680,0.013587,0.000036,0.000007,0.000000,0.000114
10.879040,CrossIn,0.800716,1.430652,0.137883,0.138286,0.029304,0.000065,0.133123,0.133209
10.883210,CrossIn,0.800732,1.430668,0.067887,0.024589,0.087233,0.000007,0.003748,0.003805
10.887380,CrossIn,0.800749,1.430685,0.113544,0.033741,0.144137,0.000016,0.004034,0.004148
10.891540,CrossIn,0.800768,1.430704,0.158814,0.043421,0.199829,0.000072,0.004549,0.004606
10.895710,CrossIn,0.800788,1.430725,0.203441,0.053388,0.254523,0.000014,0.004778,0.004835
10.899880,CrossIn,0.800810,1.430747,0.247557,0.063627,0.308125,0.000036,0.005293,0.005379
10.904040,CrossIn,0.800833,1.430770,0.290906,0.073840,0.360580,0.000026,0.005608,0.005608
10.908210,CrossIn,0.800857,1.430795,0.333562,0.084393,0.411983,0.000020,0.005836,0.005865
10.912380,CrossIn,0.800883,1.430820,0.375296,0.095021,0.462334,0.000045,0.006123,0.006151
10.916540,CrossIn,0.800910,1.430847,0.415940,0.106002,0.511443,0.000044,0.006437,0.006409
10.920710,CrossIn,0.800938,1.430875,0.455684,0.117759,0.559643,0.000115,0.006723,0.006752
10.924880,CrossIn,0.800966,1.430904,0.494325,0.129585,0.606521,0.000016,0.006866,0.006838
10.929040,CrossIn,0.800996,1.430933,0.531912,0.142068,0.652480,0.000079,0.007052,0.007067
10.933210,CrossIn,0.801026,1.430963,0.568187,0.155002,0.697187,0.000007,0.007238,0.007210
10.937380,CrossIn,0.801057,1.430994,0.603032,0.168832,0.740888,0.000036,0.007410,0.007381
10.941540,CrossIn,0.801088,1.431025,0.636372,0.183595,0.783405,0.000010,0.007424,0.007381
10.945710,CrossIn,0.801119,1.431056,0.668231,0.199428,0.824859,0.000010,0.007496,0.007439
10.949880,CrossIn,0.801150,1.431087,0.698382,0.216142,0.865121,0.000045,0.007524,0.007467
10.954040,CrossIn,0.801181,1.431118,0.726670,0.234463,0.904317,0.000051,0.007410,0.007381
10.958210,CrossIn,0.801212,1.431149,0.751908,0.254927,0.942391,0.000029,0.007496,0.007439
10.962380,CrossIn,0.801243,1.431179,0.775314,0.276980,0.979317,0.000036,0.007353,0.007324
10.966540,CrossIn,0.801274,1.431209,0.796474,0.301067,1.015171,0.000029,0.007353,0.007267
10.970710,CrossIn,0.801304,1.431239,0.815113,0.327336,1.049847,0.000029,0.007267,0.007238
10.974880,CrossIn,0.801333,1.431268,0.831316,0.355505,1.083449,0.000044,0.006981,0.006952
10.979040,CrossIn,0.801361,1.431296,0.844843,0.386236,1.115858,0.000072,0.006809,0.006695
10.983210,CrossIn,0.801387,1.431322,0.855639,0.419257,1.147259,0.000100,0.006237,0.006208
10.987380,CrossIn,0.801411,1.431345,0.863868,0.454924,1.177482,0.000044,0.005579,0.005493
10.991540,CrossIn,0.801430,1.431364,0.869332,0.493029,1.206561,0.000007,0.004635,0.004578
10.995710,CrossIn,0.801445,1.431378,0.873268,0.532681,1.234588,0.000016,0.003576,0.003405
10.999880,CrossIn,0.801454,1.431387,0.871425,0.578498,1.261425,0.000020,0.002203,0.002060
11.004040,CrossIn,0.801458,1.431390,0.866669,0.627364,1.287268,0.000066,0.000973,0.000744
11.008210,CrossIn,0.801457,1.431387,0.859014,0.678901,1.311874,0.000026,-0.000358,-0.000629
11.012370,CrossIn,0.801451,1.431381,0.848801,0.733527,1.335473,0.000072,-0.001473,-0.001659
11.016540,CrossIn,0.801441,1.431370,0.836055,0.790605,1.357921,0.000100,-0.002389,-0.002575
11.020710,CrossIn,0.801428,1.431356,0.820989,0.849951,1.379306,0.000086,-0.003133,-0.003262
11.024870,CrossIn,0.801413,1.431341,0.809572,0.902978,1.399525,0.000072,-0.003519,-0.003548
11.029040,CrossIn,0.801394,1.431323,0.788804,0.968000,1.418715,0.000072,-0.004463,-0.004463
11.033210,CrossIn,0.801372,1.431301,0.763350,1.038144,1.436845,0.000043,-0.005465,-0.005322
11.037370,CrossIn,0.801345,1.431275,0.736410,1.109553,1.453778,0.000016,-0.006351,-0.006123
11.041540,CrossIn,0.801316,1.431247,0.708387,1.181515,1.469731,0.000059,-0.007038,-0.006723
11.045710,CrossIn,0.801284,1.431217,0.679366,1.253660,1.484589,0.000020,-0.007696,-0.007181
11.049870,CrossIn,0.801158,1.431094,0.640561,1.318436,1.498312,0.000000,-0.030212,-0.029497
11.054040,CrossIn,0.799974,1.429914,0.540724,1.352546,1.511059,0.000016,-0.284214,-0.283241
11.058210,CrossIn,0.798699,1.428644,0.503561,1.428975,1.522618,0.000072,-0.305958,-0.304842
11.062370,CrossIn,0.797337,1.427287,0.469704,1.503587,1.533216,0.000016,-0.326929,-0.325584
11.066540,CrossIn,0.795891,1.425847,0.439795,1.574994,1.542678,0.000014,-0.346956,-0.345583
11.070710,CrossIn,0.794432,1.424395,0.410564,1.643880,1.551132,0.000039,-0.350018,-0.348644
11.074870,CrossIn,0.792974,1.422941,0.383581,1.709008,1.558515,0.000052,-0.350018,-0.348787
11.079040,CrossIn,0.791516,1.421488,0.368755,1.808439,1.564769,0.000059,-0.350003,-0.348902
11.083210,CrossIn,0.790057,1.420033,0.352162,1.901689,1.570079,0.000016,-0.349989,-0.349016
11.087370,CrossIn,0.788599,1.418579,0.333614,1.972569,1.574264,0.000029,-0.350003,-0.349045
11.091540,CrossIn,0.787141,1.417124,0.318012,2.018395,1.577448,0.000007,-0.350018,-0.349217
11.095710,CrossIn,0.785682,1.415669,0.313779,2.036457,1.579511,0.000036,-0.350018,-0.349302
11.099870,CrossIn,0.783851,1.413840,0.383108,2.006574,1.580573,0.000029,-0.439396,-0.438767
11.104040,CrossIn,0.781779,1.411770,0.445772,1.948647,1.580571,0.000016,-0.497274,-0.496845
11.108210,CrossIn,0.779647,1.409639,0.518187,1.927756,1.579512,0.000023,-0.511780,-0.511522
11.112370,CrossIn,0.777454,1.407446,0.585894,1.916075,1.577447,0.000014,-0.526385,-0.526371
11.116540,CrossIn,0.775200,1.405191,0.639119,1.914776,1.574266,0.000050,-0.540862,-0.541077
11.120710,CrossIn,0.772885,1.402875,0.673447,1.925125,1.570022,0.000058,-0.555553,-0.555954
11.124870,CrossIn,0.770510,1.400496,0.686764,1.947952,1.564885,0.000016,-0.570202,-0.570889
11.129040,CrossIn,0.768065,1.398048,0.656490,1.931739,1.558455,0.000044,-0.586710,-0.587626
11.133210,CrossIn,0.765559,1.395536,0.693002,1.937089,1.551132,0.000058,-0.601373,-0.602732
11.137370,CrossIn,0.763005,1.392975,0.718999,1.935457,1.542739,0.000016,-0.612931,-0.614662
11.141540,CrossIn,0.760418,1.390378,0.732069,1.925506,1.533157,0.000036,-0.620928,-0.623188
11.145710,CrossIn,0.757811,1.387761,0.731763,1.907285,1.522677,0.000029,-0.625649,-0.628195
11.149870,CrossIn,0.755201,1.385139,0.717388,1.880941,1.510942,0.000000,-0.626450,-0.629225
11.154040,CrossIn,0.752610,1.382537,0.736645,1.888026,1.498427,0.000010,-0.621729,-0.624504
11.158210,CrossIn,0.750032,1.379947,0.739128,1.877562,1.484536,0.000036,-0.618897,-0.621729
11.162370,CrossIn,0.747469,1.377371,0.724337,1.851735,1.469724,0.000007,-0.615177,-0.618038
11.166540,CrossIn,0.744927,1.374818,0.703167,1.820137,1.453775,0.000029,-0.610056,-0.612860
11.170710,CrossIn,0.742414,1.372294,0.675724,1.783294,1.436852,0.000039,-0.603075,-0.605764
11.174870,CrossIn,0.739937,1.369807,0.643042,1.741757,1.418766,0.000020,-0.594435,-0.596924
11.179040,CrossIn,0.737509,1.367369,0.617051,1.705773,1.399532,0.000007,-0.582805,-0.585079
11.183210,CrossIn,0.735156,1.365008,0.617660,1.696256,1.379245,0.000058,-0.564752,-0.566683
11.187370,CrossIn,0.732871,1.362717,0.582247,1.658186,1.357977,0.000020,-0.548186,-0.549717
11.191540,CrossIn,0.730661,1.360502,0.546408,1.618259,1.335367,0.000057,-0.530477,-0.531721
11.195710,CrossIn,0.728529,1.358366,0.511241,1.577095,1.311987,0.000029,-0.511594,-0.512581
11.199870,CrossIn,0.726482,1.356315,0.478600,1.535146,1.287147,0.000029,-0.491452,-0.492268
11.204040,CrossIn,0.724522,1.354352,0.450544,1.493147,1.261544,0.000014,-0.470223,-0.471039
11.208210,CrossIn,0.722658,1.352484,0.429048,1.451609,1.234527,0.000029,-0.447407,-0.448237
11.212370,CrossIn,0.720886,1.350708,0.397915,1.400021,1.206621,0.000016,-0.425420,-0.426350
11.216540,CrossIn,0.719226,1.349044,0.392527,1.368190,1.177416,0.000029,-0.398383,-0.399342
11.220710,CrossIn,0.717690,1.347504,0.393884,1.338023,1.147260,0.000014,-0.368557,-0.369530
11.224870,CrossIn,0.716288,1.346098,0.403036,1.309499,1.115920,0.000021,-0.336442,-0.337486
11.229040,CrossIn,0.715030,1.344836,0.420484,1.283214,1.083451,0.000010,-0.301895,-0.302954
11.233200,CrossIn,0.713926,1.343727,0.445822,1.259218,1.049782,0.000044,-0.265131,-0.266218
11.237370,CrossIn,0.712983,1.342780,0.478347,1.237882,1.015123,0.000057,-0.226207,-0.227222
11.241540,CrossIn,0.712210,1.342003,0.516781,1.219161,0.979309,0.000058,-0.185552,-0.186567
11.245700,CrossIn,0.711615,1.341404,0.561015,1.204561,0.942384,0.000029,-0.142765,-0.143681
11.249870,CrossIn,0.711212,1.340997,0.620165,1.192114,0.904317,0.000021,-0.096760,-0.097618
11.254040,CrossIn,0.710994,1.340776,0.678156,1.176308,0.865249,0.000023,-0.052242,-0.053101
11.258200,CrossIn,0.710965,1.340743,0.730927,1.168066,0.824798,0.000044,-0.007067,-0.007811
11.262370,CrossIn,0.711128,1.340903,0.779059,1.165915,0.783406,0.000050,0.039082,0.038309
11.266540,CrossIn,0.711484,1.341256,0.822905,1.169025,0.740830,0.000007,0.085502,0.084715
11.270700,CrossIn,0.712036,1.341804,0.863395,1.176118,0.697297,0.000023,0.132437,0.131607
11.274870,CrossIn,0.712784,1.342549,0.901427,1.186439,0.652419,0.000052,0.179601,0.178785
11.279040,CrossIn,0.713728,1.343490,0.937686,1.199068,0.606591,0.000029,0.226607,0.225792
11.283200,CrossIn,0.714868,1.344626,0.972832,1.213454,0.559579,0.000007,0.273528,0.272627
11.287370,CrossIn,0.716202,1.345956,1.007682,1.228967,0.511508,0.000036,0.320120,0.319319
11.291540,CrossIn,0.717140,1.346891,0.990199,1.177433,0.462212,0.000010,0.225205,0.224390
11.295700,CrossIn,0.717089,1.346837,0.964779,1.097901,0.412100,0.000036,-0.012288,-0.013046
11.299870,CrossIn,0.718547,1.348292,1.067590,1.223308,0.360576,0.000044,0.350018,0.349274
11.304040,CrossIn,0.720006,1.349748,1.084897,1.217972,0.308137,0.000010,0.350003,0.349360
11.308200,CrossIn,0.721464,1.351204,1.103374,1.213406,0.254520,0.000050,0.349989,0.349474
11.312370,CrossIn,0.722922,1.352661,1.123047,1.209450,0.199820,0.000014,0.350018,0.349560
11.316540,CrossIn,0.724381,1.354118,1.143879,1.206432,0.144074,0.000057,0.349989,0.349646
11.320700,CrossIn,0.725839,1.355575,1.165838,1.204200,0.087291,0.000058,0.350032,0.349817
11.324870,CrossIn,0.727297,1.357033,1.188608,1.203172,0.029305,0.000059,0.349989,0.349903
11.329040,CrossIn,0.728756,1.358492,0.350022,0.350022,0.000057,0.000029,0.349989,0.350046
11.333200,CrossIn,0.730215,1.359955,1.340148,1.203569,0.000007,0.066427,0.350204,0.351219
11.337370,CrossIn,0.730913,1.360656,1.283820,1.193857,0.000021,0.197649,0.167584,0.168285
11.341540,CrossIn,0.728698,1.358442,1.385041,1.371639,0.000036,0.325829,-0.531607,-0.531292
11.345700,CrossIn,0.726898,1.356642,1.352274,1.325637,0.000036,0.451584,-0.432115,-0.432072
11.349870,CrossIn,0.725520,1.355264,1.339181,1.284211,0.000014,0.574375,-0.330548,-0.330734
11.354040,CrossIn,0.724570,1.354313,1.348015,1.247317,0.000014,0.694445,-0.228066,-0.228367
11.358200,CrossIn,0.724046,1.353787,1.380211,1.213985,0.000000,0.811785,-0.125685,-0.126028
11.362370,CrossIn,0.723946,1.353686,1.436396,1.183950,0.000014,0.926145,-0.024104,-0.024433
11.366540,CrossIn,0.724255,1.353994,1.501981,1.167655,0.000014,1.037820,0.074186,0.074015
11.370700,CrossIn,0.724972,1.354710,1.552787,1.150160,0.000014,1.146681,0.171962,0.171862
11.374870,CrossIn,0.726086,1.355824,1.607693,1.136539,0.000014,1.252544,0.267463,0.267420
11.379040,CrossIn,0.727546,1.357284,1.663481,1.126834,0.000050,1.355664,0.350361,0.350246
11.383200,CrossIn,0.729021,1.358758,1.701715,1.117798,0.000043,1.455824,0.354037,0.353880
11.387370,CrossIn,0.730518,1.360254,1.738556,1.108354,0.000043,1.553153,0.359173,0.358944
11.391540,CrossIn,0.732042,1.361776,1.773591,1.098223,0.000036,1.647405,0.365825,0.365439
11.395700,CrossIn,0.733601,1.363333,1.807175,1.087554,0.000021,1.738963,0.374079,0.373621
11.399870,CrossIn,0.735201,1.364931,1.836041,1.063333,0.000014,1.827432,0.384021,0.383377
11.404040,CrossIn,0.736848,1.366575,1.877194,1.052757,0.000007,1.913102,0.395322,0.394592
11.408200,CrossIn,0.738548,1.368271,1.916734,1.042392,0.000000,1.995763,0.407968,0.407209
11.412370,CrossIn,0.740306,1.370027,1.954660,1.032150,0.000050,2.075521,0.421886,0.421314
11.416540,CrossIn,0.742126,1.371846,1.990868,1.022111,0.000021,2.152391,0.436821,0.436478
11.420700,CrossIn,0.744012,1.373732,2.025701,1.012272,0.000021,2.226289,0.452671,0.452700
11.424870,CrossIn,0.745967,1.375689,2.059122,1.002833,0.000043,2.297369,0.469194,0.469694
11.429040,CrossIn,0.747992,1.377719,2.091252,0.993607,0.000079,2.365304,0.486116,0.487232
11.433200,CrossIn,0.750092,1.379826,2.099659,0.930456,0.000086,2.430526,0.504055,0.505657
11.437370,CrossIn,0.752266,1.382008,2.140276,0.917889,0.000064,2.492892,0.521751,0.523739
11.441530,CrossIn,0.754513,1.384265,2.178307,0.906051,0.000000,2.552220,0.539246,0.541563
11.445700,CrossIn,0.756832,1.386594,2.213621,0.895007,0.000043,2.608758,0.556426,0.559101
11.449870,CrossIn,0.759219,1.388994,2.246061,0.884782,0.000059,2.662417,0.572920,0.575981
11.454030,CrossIn,0.761310,1.391099,2.244514,0.874046,0.000039,2.713277,0.501838,0.505171
11.458200,CrossIn,0.763137,1.392941,2.242937,0.869619,0.000029,2.761314,0.438452,0.442057
11.462370,CrossIn,0.764953,1.394774,2.258733,0.861280,0.000072,2.806496,0.435991,0.439882
11.466530,CrossIn,0.766765,1.396603,2.266678,0.819454,0.000000,2.848935,0.434876,0.439110
11.470700,CrossIn,0.768566,1.398423,2.295247,0.809855,0.000029,2.888558,0.432072,0.436621
11.474870,CrossIn,0.770351,1.400227,2.318417,0.800789,0.000036,2.925529,0.428424,0.433044
11.479030,CrossIn,0.772117,1.402012,2.335839,0.792093,0.000007,2.959607,0.423875,0.428381
11.483200,CrossIn,0.773860,1.403773,2.347480,0.783350,0.000043,2.991144,0.418353,0.422545
11.487370,CrossIn,0.775576,1.405504,2.353235,0.774705,0.000014,3.019858,0.411758,0.415621
11.491530,CrossIn,0.777259,1.407202,2.353047,0.766078,0.000021,3.045963,0.404062,0.407410
11.495700,CrossIn,0.778906,1.408860,2.347090,0.757256,0.000021,3.069399,0.395193,0.398054
11.499870,CrossIn,0.780504,1.410469,2.379376,0.789045,0.000007,3.090194,0.383520,0.386038
11.504030,CrossIn,0.782059,1.412033,2.408162,0.780014,0.000050,3.108293,0.373249,0.375423
11.508200,CrossIn,0.783570,1.413551,2.420004,0.772610,0.000072,3.123836,0.362535,0.364380
11.512370,CrossIn,0.785033,1.415022,2.414818,0.766636,0.000021,3.136824,0.351248,0.352821
11.516530,CrossIn,0.786448,1.416442,2.392936,0.762638,0.000021,3.147099,0.339632,0.340862
11.520700,CrossIn,0.787813,1.417810,2.354272,0.761414,0.000000,3.154842,0.327516,0.328331
11.524870,CrossIn,0.789126,1.419125,2.299306,0.764258,0.000057,3.160002,0.315170,0.315714
11.529030,CrossIn,0.790387,1.420387,2.228389,0.772918,0.000036,3.162580,0.302525,0.302725
11.533200,CrossIn,0.791599,1.421598,2.137262,0.737980,0.000021,3.162580,0.290880,0.290709
11.537370,CrossIn,0.792749,1.422745,2.075942,0.754342,0.000014,3.160002,0.275974,0.275402
11.541530,CrossIn,0.793835,1.423829,2.024865,0.768664,0.000072,3.154841,0.260811,0.259953
11.545700,CrossIn,0.794857,1.424845,1.983782,0.778102,0.000021,3.147158,0.245247,0.244017
11.549870,CrossIn,0.795814,1.425795,1.952602,0.780503,0.000043,3.136766,0.229540,0.227966
11.554030,CrossIn,0.796704,1.426677,1.931075,0.775233,0.000014,3.123835,0.213661,0.211744
11.558200,CrossIn,0.797527,1.427491,1.919089,0.762447,0.000007,3.108353,0.197554,0.195322
11.562370,CrossIn,0.798283,1.428237,1.916632,0.743353,0.000100,3.090132,0.181446,0.178900
11.566530,CrossIn,0.798991,1.428933,1.890306,0.634804,0.000057,3.069404,0.170002,0.167027
11.570700,CrossIn,0.799632,1.429559,1.878350,0.634828,0.000050,3.045959,0.153794,0.150318
11.574870,CrossIn,0.800200,1.430110,1.861092,0.632909,0.000079,3.019860,0.136342,0.132351
11.579030,CrossIn,0.800690,1.430582,1.839293,0.628960,0.000057,2.991143,0.117559,0.113125
11.583200,CrossIn,0.801096,1.430968,1.812718,0.622969,0.000014,2.959669,0.097361,0.092640
11.587370,CrossIn,0.801411,1.431263,1.781760,0.615220,0.000000,2.925466,0.075731,0.070896
11.591530,CrossIn,0.801457,1.431288,1.728791,0.633182,0.000007,2.888555,0.010843,0.006037
11.595700,CrossIn,0.800819,1.430632,1.639694,0.723967,0.000000,2.848939,-0.153093,-0.157585
11.599870,CrossIn,0.800083,1.429879,1.635810,0.787216,0.000036,2.806490,-0.176439,-0.180559
11.604030,CrossIn,0.799282,1.429062,1.614041,0.778201,0.000021,2.761325,-0.192318,-0.196123
11.608200,CrossIn,0.798416,1.428181,1.591159,0.768924,0.000021,2.713278,-0.207825,-0.211401
11.612370,CrossIn,0.797486,1.427238,1.567528,0.759971,0.000029,2.662413,-0.223303,-0.226536
11.616530,CrossIn,0.796491,1.426231,1.543182,0.751786,0.000029,2.608761,-0.238709,-0.241613
11.620700,CrossIn,0.795433,1.425162,1.518453,0.744761,0.000029,2.552273,-0.253916,-0.256434
11.624870,CrossIn,0.794312,1.424032,1.493637,0.739719,0.000021,2.492837,-0.269122,-0.271225
11.629030,CrossIn,0.793128,1.422841,1.468864,0.737315,0.000050,2.430525,-0.284185,-0.285873
11.633200,CrossIn,0.791861,1.421570,1.468732,0.789083,0.000014,2.365377,-0.303927,-0.305071
11.637370,CrossIn,0.790524,1.420231,1.450461,0.787054,0.000100,2.297300,-0.320892,-0.321407
11.641530,CrossIn,0.789120,1.418826,1.433272,0.787403,0.000072,2.226283,-0.337086,-0.337057
11.645700,CrossIn,0.787651,1.417359,1.416450,0.790334,0.000000,2.152401,-0.352507,-0.352106
11.649870,CrossIn,0.786120,1.415831,1.400622,0.796802,0.000014,2.075508,-0.367413,-0.366697
11.654030,CrossIn,0.784531,1.414245,1.385530,0.806929,0.000000,1.995775,-0.381503,-0.380631
11.658200,CrossIn,0.782885,1.412603,1.371391,0.821272,0.000000,1.913151,-0.394950,-0.394077
11.662360,CrossIn,0.781186,1.410908,1.358055,0.840325,0.000043,1.827432,-0.407753,-0.407009
11.666530,CrossIn,0.779440,1.409164,1.341652,0.848117,0.000093,1.738907,-0.418940,-0.418339
11.670700,CrossIn,0.777638,1.407364,1.335978,0.871625,0.000057,1.647521,-0.432644,-0.432100
11.674860,CrossIn,0.775775,1.405503,1.331030,0.896628,0.000029,1.553046,-0.447092,-0.446634
11.679030,CrossIn,0.773849,1.403578,1.327203,0.923206,0.000021,1.455813,-0.462298,-0.461941
11.683200,CrossIn,0.771855,1.401586,1.324346,0.951632,0.000007,1.355667,-0.478449,-0.478134
11.687360,CrossIn,0.769792,1.399524,1.323017,0.981787,0.000021,1.252547,-0.495200,-0.494900
11.691530,CrossIn,0.767654,1.397388,1.323231,1.013671,0.000014,1.146676,-0.512953,-0.512638
11.695700,CrossIn,0.765440,1.395175,1.325362,1.047517,0.000014,1.037824,-0.531464,-0.531120
11.699860,CrossIn,0.763145,1.392882,1.334004,1.088328,0.000050,0.926200,-0.550747,-0.550375
11.704030,CrossIn,0.760778,1.390515,1.342491,1.125371,0.000036,0.811732,-0.568185,-0.567999
11.708200,CrossIn,0.758335,1.388072,1.352584,1.163195,0.000057,0.694502,-0.586295,-0.586224
11.712360,CrossIn,0.755813,1.385550,1.363641,1.201317,0.000081,0.574311,-0.605307,-0.605364
11.716530,CrossIn,0.753209,1.382946,1.376226,1.240116,0.000059,0.451584,-0.624962,-0.625105
11.720700,CrossIn,0.750519,1.380255,1.390038,1.279301,0.000021,0.325888,-0.645590,-0.645733
11.724860,CrossIn,0.747740,1.377476,1.405342,1.318903,0.000050,0.197593,-0.666947,-0.667076
11.729030,CrossIn,0.744868,1.374604,1.421909,1.358707,0.000029,0.066425,-0.689178,-0.689163
11.733200,CrossIn,0.742118,1.371854,1.415571,1.373121,0.065407,0.000029,-0.660152,-0.660009
11.737360,CrossIn,0.739716,1.369454,1.383449,1.365438,0.194522,0.000020,-0.576325,-0.576067
11.741530,CrossIn,0.737680,1.367419,1.349303,1.363424,0.320839,0.000016,-0.488577,-0.488319
11.745700,CrossIn,0.736023,1.365762,1.314305,1.368075,0.444544,0.000010,-0.397911,-0.397654
11.749860,CrossIn,0.734753,1.364493,1.279007,1.379577,0.565407,0.000010,-0.304699,-0.304499
11.754030,CrossIn,0.733878,1.363618,1.244746,1.398360,0.683670,0.000043,-0.210085,-0.210056
11.758200,CrossIn,0.733400,1.363140,1.212115,1.423907,0.799257,0.000043,-0.114698,-0.114727
11.762360,CrossIn,0.733319,1.363058,1.182398,1.456174,0.911724,0.000029,-0.019441,-0.019627
11.766530,CrossIn,0.733630,1.363369,1.166925,1.503874,1.021840,0.000016,0.074716,0.074530
11.770700,CrossIn,0.734318,1.364057,1.150445,1.553711,1.128865,0.000044,0.165138,0.165052
11.774860,CrossIn,0.735375,1.365113,1.136814,1.607151,1.232957,0.000044,0.253615,0.253544
11.779030,CrossIn,0.736790,1.366528,1.126321,1.662818,1.334674,0.000021,0.339646,0.339575
11.783200,CrossIn,0.738551,1.368288,1.119171,1.719678,1.433181,0.000023,0.422616,0.422401
11.787360,CrossIn,0.740643,1.370379,1.115235,1.776810,1.528970,0.000029,0.502095,0.501852
11.791530,CrossIn,0.743048,1.372783,1.114392,1.833189,1.621856,0.000016,0.577312,0.576983
11.795700,CrossIn,0.745750,1.375483,1.116586,1.888375,1.711867,0.000026,0.648365,0.647879
11.799860,CrossIn,0.748725,1.378455,1.107275,1.937837,1.799030,0.000023,0.713940,0.713368
11.804030,CrossIn,0.751951,1.381677,1.111506,1.998420,1.883264,0.000029,0.774207,0.773392
11.808200,CrossIn,0.755400,1.385124,1.115828,2.055852,1.964716,0.000014,0.827851,0.827179
11.812360,CrossIn,0.759046,1.388767,1.119810,2.110287,2.043151,0.000043,0.875015,0.874386
11.816530,CrossIn,0.762858,1.392578,1.122416,2.161164,2.118691,0.000029,0.914812,0.914497
11.820700,CrossIn,0.766808,1.396529,1.123426,2.208489,2.191484,0.000014,0.948200,0.948229
11.824860,CrossIn,0.770870,1.400592,1.122289,2.252125,2.261292,0.000058,0.974693,0.975180
11.829030,CrossIn,0.774999,1.404726,1.117216,2.290261,2.328308,0.000016,0.991101,0.992203
11.833200,CrossIn,0.775971,1.405705,0.964996,2.033786,2.392474,0.000029,0.233316,0.234919
11.837360,CrossIn,0.776943,1.406685,0.955777,2.066977,2.453554,0.000007,0.233288,0.235291
11.841530,CrossIn,0.777916,1.407667,0.946978,2.096881,2.512105,0.000010,0.233374,0.235691
11.845700,CrossIn,0.778888,1.408651,0.938809,2.123707,2.567663,0.000036,0.233288,0.235977
11.849860,CrossIn,0.779860,1.409635,0.930804,2.147303,2.620368,0.000020,0.233374,0.236378
11.854030,CrossIn,0.780832,1.410622,0.923346,2.167763,2.670402,0.000016,0.233316,0.236692
11.858200,CrossIn,0.781805,1.411609,0.915927,2.184970,2.717675,0.000093,0.233331,0.236921
11.862360,CrossIn,0.782777,1.412597,0.908903,2.199423,2.762021,0.000043,0.233316,0.237236
11.866530,CrossIn,0.784582,1.414420,0.819522,2.267053,2.803747,0.000066,0.433345,0.437536
11.870700,CrossIn,0.786388,1.416245,0.809505,2.296759,2.842701,0.000000,0.433345,0.437937
11.874860,CrossIn,0.788193,1.418070,0.799835,2.321213,2.878963,0.000045,0.433302,0.437908
11.879030,CrossIn,0.789999,1.419894,0.790124,2.340411,2.912552,0.000064,0.433331,0.437822
11.883190,CrossIn,0.791804,1.421717,0.780457,2.354359,2.943486,0.000057,0.433345,0.437565
11.887360,CrossIn,0.793610,1.423539,0.770498,2.362793,2.971664,0.000010,0.433359,0.437193
11.891530,CrossIn,0.795416,1.425358,0.760466,2.365949,2.997340,0.000058,0.433331,0.436707
11.895690,CrossIn,0.797221,1.427176,0.750370,2.363600,3.020351,0.000073,0.433345,0.436192
11.899860,CrossIn,0.798193,1.428158,0.830130,2.323840,3.040777,0.000045,0.233316,0.235806
11.904030,CrossIn,0.799166,1.429140,0.816441,2.355410,3.058573,0.000059,0.233331,0.235519
11.908190,CrossIn,0.799384,1.429366,0.881946,2.309946,3.073812,0.000029,0.052328,0.054188
11.912360,CrossIn,0.798727,1.428715,0.995993,2.250243,3.086558,0.000016,-0.157557,-0.156012
11.916530,CrossIn,0.798012,1.428006,1.001240,2.224298,3.096648,0.000014,-0.171576,-0.170374
11.920690,CrossIn,0.797242,1.427239,1.011316,2.182525,3.104270,0.000007,-0.184822,-0.183964
11.924860,CrossIn,0.796420,1.426419,1.026710,2.125041,3.109306,0.000007,-0.197411,-0.196867
11.929030,CrossIn,0.795548,1.425547,1.048180,2.052759,3.111825,0.000016,-0.209284,-0.209112
11.933190,CrossIn,0.794642,1.424641,1.035803,1.960101,3.111882,0.000007,-0.217395,-0.217581
11.937360,CrossIn,0.793674,1.423671,1.060658,1.899275,3.109306,0.000021,-0.232186,-0.232716
11.941530,CrossIn,0.792649,1.422642,1.079568,1.848977,3.104269,0.000007,-0.246134,-0.246992
11.945690,CrossIn,0.791567,1.421555,1.091398,1.809085,3.096677,0.000057,-0.259638,-0.260868
11.949860,CrossIn,0.790432,1.420414,1.094906,1.779186,3.086502,0.000072,-0.272384,-0.273943
11.954030,CrossIn,0.789246,1.419220,1.090374,1.758869,3.073866,0.000014,-0.284572,-0.286474
11.958190,CrossIn,0.788012,1.417976,1.078492,1.748147,3.058546,0.000000,-0.296259,-0.298519
11.962360,CrossIn,0.786733,1.416686,1.060219,1.746441,3.040751,0.000010,-0.307045,-0.309591
11.966530,CrossIn,0.785447,1.415388,0.980065,1.717593,3.020355,0.000016,-0.308533,-0.311480
11.970690,CrossIn,0.784119,1.414045,0.982336,1.705635,2.997341,0.000057,-0.318832,-0.322380
11.974860,CrossIn,0.782739,1.412650,0.981939,1.690353,2.971723,0.000020,-0.330992,-0.334940
11.979030,CrossIn,0.781303,1.411195,0.978732,1.671732,2.943454,0.000086,-0.344639,-0.349045
11.983190,CrossIn,0.779802,1.409674,0.973173,1.650140,2.912549,0.000032,-0.360289,-0.365009
11.987360,CrossIn,0.778229,1.408081,0.965104,1.625859,2.878906,0.000023,-0.377541,-0.382433
11.991530,CrossIn,0.776577,1.406409,0.954644,1.599559,2.842789,0.000007,-0.396452,-0.401259
11.995690,CrossIn,0.774839,1.404652,0.942437,1.571893,2.803718,0.000023,-0.417209,-0.421686
11.999860,CrossIn,0.772990,1.402786,0.993570,1.574293,2.762043,0.000021,-0.443687,-0.447750
12.004030,CrossIn,0.771064,1.400844,0.987273,1.555756,2.717611,0.000000,-0.462198,-0.466089
12.008190,CrossIn,0.769061,1.398826,0.981138,1.536702,2.670412,0.000014,-0.480781,-0.484371
12.012360,CrossIn,0.766981,1.396732,0.975188,1.517242,2.620427,0.000000,-0.499277,-0.502510
12.016530,CrossIn,0.764822,1.394562,0.970202,1.497746,2.567676,0.000016,-0.518045,-0.520935
12.020690,CrossIn,0.762586,1.392315,0.966379,1.478590,2.512009,0.000016,-0.536771,-0.539246
12.024860,CrossIn,0.760271,1.389991,0.964351,1.460047,2.453646,0.000016,-0.555568,-0.557671
12.029030,CrossIn,0.757877,1.387591,0.964679,1.442521,2.392438,0.000007,-0.574436,-0.576153
12.033190,CrossIn,0.755383,1.385091,1.008474,1.451178,2.328253,0.000029,-0.598712,-0.599814
12.037360,CrossIn,0.752800,1.382506,1.009321,1.441029,2.261358,0.000043,-0.619927,-0.620441
12.041530,CrossIn,0.750130,1.379837,1.012776,1.431954,2.191458,0.000044,-0.640698,-0.640698
12.045690,CrossIn,0.747376,1.377084,1.019151,1.423929,2.118744,0.000007,-0.661011,-0.660582
12.049860,CrossIn,0.744539,1.374250,1.028897,1.416968,2.043144,0.000044,-0.680909,-0.680180
12.054030,CrossIn,0.741621,1.371336,1.042480,1.411203,1.964668,0.000043,-0.700364,-0.699520
12.058190,CrossIn,0.738623,1.368341,1.060328,1.406749,1.883283,0.000081,-0.719490,-0.718632
12.062360,CrossIn,0.735547,1.365268,1.082835,1.403513,1.798994,0.000072,-0.738230,-0.737486
12.066530,CrossIn,0.732398,1.362122,1.097242,1.397203,1.711912,0.000007,-0.755668,-0.755081
12.070690,CrossIn,0.729165,1.358891,1.124658,1.402474,1.621813,0.000066,-0.776067,-0.775509
12.074860,CrossIn,0.725841,1.355569,1.153443,1.409426,1.528938,0.000066,-0.797610,-0.797195
12.079030,CrossIn,0.722423,1.352153,1.183600,1.418417,1.433246,0.000057,-0.820284,-0.819883
12.083190,CrossIn,0.718905,1.348636,1.215437,1.429690,1.334616,0.000059,-0.844460,-0.844145
12.087360,CrossIn,0.715281,1.345013,1.248795,1.443314,1.233084,0.000007,-0.869708,-0.869408
12.091530,CrossIn,0.711546,1.341279,1.283877,1.459786,1.128821,0.000014,-0.896459,-0.896130
12.095690,CrossIn,0.707693,1.337428,1.320736,1.479131,1.021755,0.000059,-0.924640,-0.924282
12.099860,CrossIn,0.703713,1.333450,1.373512,1.508352,0.911848,0.000059,-0.955110,-0.954666
12.104020,CrossIn,0.699611,1.329350,1.429379,1.540516,0.799133,0.000043,-0.984664,-0.984135
12.108190,CrossIn,0.695381,1.325122,1.479431,1.572586,0.683702,0.000016,-1.015048,-1.014605
12.112360,CrossIn,0.691022,1.320764,1.522096,1.602667,0.565476,0.000064,-1.046205,-1.045904
12.116520,CrossIn,0.686529,1.316271,1.557185,1.630060,0.444507,0.000016,-1.078434,-1.078348
12.120690,CrossIn,0.681897,1.311639,1.584065,1.653734,0.320815,0.000067,-1.111622,-1.111822
12.124860,CrossIn,0.677121,1.306861,1.603443,1.673292,0.194518,0.000068,-1.146140,-1.146698
12.129020,CrossIn,0.672196,1.301932,1.615678,1.688735,0.065375,0.000032,-1.182032,-1.182947
12.133190,CrossIn,0.667422,1.297162,1.750854,1.765571,0.000014,0.072225,-1.145840,-1.144781
12.137360,CrossIn,0.663254,1.292997,1.639935,1.654686,0.000007,0.214984,-1.000357,-0.999670
12.141520,CrossIn,0.659720,1.289465,1.541745,1.550901,0.000036,0.354684,-0.847979,-0.847635
12.145690,CrossIn,0.656846,1.286591,1.461685,1.455514,0.000000,0.491268,-0.689850,-0.689821
12.149860,CrossIn,0.654649,1.284393,1.405894,1.370098,0.000007,0.624871,-0.527258,-0.527458
12.154020,CrossIn,0.653140,1.282882,1.380767,1.296141,0.000021,0.755644,-0.362234,-0.362549
12.158190,CrossIn,0.652322,1.282063,1.390838,1.234359,0.000040,0.883055,-0.196238,-0.196581
12.162360,CrossIn,0.652193,1.281932,1.437981,1.184919,0.000029,1.007697,-0.031114,-0.031443
12.166520,CrossIn,0.652744,1.282483,1.507075,1.158643,0.000029,1.129186,0.132337,0.132179
12.170690,CrossIn,0.653955,1.283693,1.571816,1.142824,0.000014,1.247492,0.290566,0.290480
12.174860,CrossIn,0.655805,1.285543,1.648616,1.141508,0.000000,1.362773,0.444002,0.443945
12.179020,CrossIn,0.658268,1.288006,1.733396,1.153687,0.000029,1.475026,0.591188,0.591087
12.183190,CrossIn,0.661313,1.291051,1.822868,1.177636,0.000029,1.583933,0.730920,0.730734
12.187360,CrossIn,0.664906,1.294642,1.913703,1.210826,0.000040,1.689904,0.862227,0.861969
12.191520,CrossIn,0.669007,1.298742,2.003396,1.250666,0.000058,1.792703,0.984221,0.983877
12.195690,CrossIn,0.673576,1.303308,2.090046,1.294602,0.000007,1.892258,1.096458,1.096001
12.199860,CrossIn,0.678566,1.308297,2.168792,1.327057,0.000046,1.988783,1.197810,1.197195
12.204020,CrossIn,0.683936,1.313663,2.254172,1.366945,0.000036,2.082058,1.288590,1.287832
12.208190,CrossIn,0.689634,1.319358,2.333750,1.402843,0.000007,2.172217,1.367569,1.366825
12.212360,CrossIn,0.695612,1.325334,2.407154,1.433578,0.000057,2.259184,1.434889,1.434288
12.216520,CrossIn,0.701824,1.331544,2.473953,1.458286,0.000016,2.342966,1.490750,1.490421
12.220690,CrossIn,0.708222,1.337942,2.534249,1.476407,0.000020,2.423653,1.535511,1.535540
12.224860,CrossIn,0.714761,1.344484,2.587897,1.487672,0.000014,2.501167,1.569471,1.569986
12.229020,CrossIn,0.721400,1.351127,2.635207,1.492104,0.000014,2.575563,1.593232,1.594362
12.233190,CrossIn,0.728095,1.357828,2.656494,1.453129,0.000000,2.646740,1.606822,1.608381
12.237360,CrossIn,0.734822,1.364564,2.698561,1.442452,0.000029,2.714781,1.614532,1.616535
12.241520,CrossIn,0.741547,1.371299,2.733534,1.426963,0.000059,2.779845,1.613975,1.616306
12.245690,CrossIn,0.748236,1.377999,2.761399,1.406701,0.000094,2.841657,1.605406,1.608095
12.249860,CrossIn,0.754859,1.384634,2.782347,1.381898,0.000093,2.900406,1.589355,1.592360
12.254020,CrossIn,0.761386,1.391175,2.796723,1.353114,0.000029,2.956125,1.566539,1.569872
12.258190,CrossIn,0.767790,1.397594,2.804532,1.320474,0.000021,3.008681,1.536999,1.540632
12.262360,CrossIn,0.774047,1.403867,2.806237,1.284530,0.000050,3.058251,1.501622,1.505470
12.266520,CrossIn,0.780120,1.409958,2.798017,1.215713,0.000064,3.104798,1.457663,1.461954
12.270690,CrossIn,0.785994,1.415851,2.805616,1.163244,0.000014,3.148401,1.409712,1.414261
12.274860,CrossIn,0.788194,1.418070,2.358324,0.788892,0.000014,3.188818,0.527859,0.532465
12.279020,CrossIn,0.789999,1.419894,2.340166,0.790181,0.000021,3.226417,0.433302,0.437822
12.283190,CrossIn,0.791804,1.421717,2.354024,0.780420,0.000021,3.260963,0.433331,0.437536
12.287360,CrossIn,0.793610,1.423539,2.362528,0.770511,0.000036,3.292571,0.433359,0.437193
12.291520,CrossIn,0.795416,1.425358,2.365578,0.760448,0.000036,3.321302,0.433331,0.436707
12.295690,CrossIn,0.797221,1.427176,2.363426,0.750412,0.000014,3.347075,0.433359,0.436192
12.299860,CrossIn,0.798194,1.428158,2.323510,0.830099,0.000021,3.369907,0.233316,0.235806
12.304020,CrossIn,0.799166,1.429140,2.355103,0.816387,0.000000,3.389957,0.233316,0.235519
12.308190,CrossIn,0.799387,1.429369,2.309864,0.881515,0.000043,3.407033,0.053129,0.054989
12.312360,CrossIn,0.798731,1.428719,2.249919,0.995931,0.000064,3.421229,-0.157499,-0.155954
12.316520,CrossIn,0.798016,1.428010,2.224085,1.001169,0.000036,3.432675,-0.171490,-0.170260
12.320690,CrossIn,0.797246,1.427243,2.182230,1.011249,0.000050,3.441144,-0.184779,-0.183935
12.324850,CrossIn,0.796424,1.426423,2.124776,1.026567,0.000043,3.446846,-0.197310,-0.196781
12.329020,CrossIn,0.795553,1.425553,2.052492,1.048062,0.000064,3.449724,-0.209155,-0.208969
12.333190,CrossIn,0.794647,1.424646,1.959920,1.035676,0.000021,3.449667,-0.217366,-0.217552
12.337350,CrossIn,0.793680,1.423677,1.899044,1.060514,0.000007,3.446846,-0.232086,-0.232601
12.341520,CrossIn,0.792655,1.422648,1.848755,1.079442,0.000007,3.441202,-0.246077,-0.246964
12.345690,CrossIn,0.791573,1.421561,1.808854,1.091202,0.000036,3.432647,-0.259523,-0.260754
12.349850,CrossIn,0.790439,1.420420,1.778922,1.094768,0.000014,3.421228,-0.272312,-0.273857
12.354020,CrossIn,0.789253,1.419227,1.758736,1.090228,0.000072,3.407059,-0.284472,-0.286388
12.358190,CrossIn,0.788019,1.417984,1.747902,1.078288,0.000007,3.389901,-0.296145,-0.298376
12.362350,CrossIn,0.786740,1.416694,1.746163,1.060076,0.000021,3.369966,-0.307016,-0.309591
12.366520,CrossIn,0.785455,1.415397,1.717374,0.979895,0.000084,3.347045,-0.308361,-0.311365
12.370690,CrossIn,0.784127,1.414054,1.705471,0.982157,0.000109,3.321274,-0.318747,-0.322208
12.374850,CrossIn,0.782749,1.412659,1.690156,0.981789,0.000032,3.292628,-0.330820,-0.334797
12.379020,CrossIn,0.781313,1.411205,1.671522,0.978730,0.000029,3.260964,-0.344639,-0.349073
12.383190,CrossIn,0.779813,1.409685,1.649893,0.972918,0.000021,3.226391,-0.360088,-0.364780
12.387350,CrossIn,0.778240,1.408092,1.625732,0.964909,0.000014,3.188876,-0.377398,-0.382261
12.391520,CrossIn,0.776588,1.406420,1.599418,0.954618,0.000058,3.148312,-0.396395,-0.401230
12.395690,CrossIn,0.774851,1.404664,1.571671,0.942287,0.000057,3.104798,-0.417080,-0.421543
12.399850,CrossIn,0.773002,1.402799,1.574028,0.993381,0.000086,3.058283,-0.443544,-0.447607
12.404020,CrossIn,0.771077,1.400857,1.555611,0.987156,0.000104,3.008741,-0.462055,-0.465946
12.408190,CrossIn,0.769074,1.398840,1.536459,0.981009,0.000090,2.956091,-0.480652,-0.484228
12.412350,CrossIn,0.766995,1.396746,1.517065,0.975115,0.000115,2.900435,-0.499177,-0.502424
12.416520,CrossIn,0.764837,1.394577,1.497552,0.969991,0.000076,2.841639,-0.517845,-0.520706
12.420690,CrossIn,0.762601,1.392330,1.478339,0.966287,0.000032,2.779781,-0.536628,-0.539160
12.424850,CrossIn,0.760287,1.390007,1.459849,0.964169,0.000036,2.714837,-0.555353,-0.557470
12.429020,CrossIn,0.757894,1.387607,1.442322,0.964598,0.000086,2.646709,-0.574307,-0.576010
12.433190,CrossIn,0.755400,1.385109,1.450881,1.008309,0.000040,2.575561,-0.598512,-0.599613
12.437350,CrossIn,0.752818,1.382524,1.440884,1.009259,0.000058,2.501170,-0.619783,-0.620298
12.441520,CrossIn,0.750149,1.379856,1.431726,1.012640,0.000064,2.423627,-0.640497,-0.640497
12.445690,CrossIn,0.747396,1.377104,1.423739,1.018995,0.000040,2.343000,-0.660796,-0.660353
12.449850,CrossIn,0.744559,1.374271,1.416742,1.028822,0.000036,2.259149,-0.680752,-0.680037
12.454020,CrossIn,0.741642,1.371357,1.411010,1.042399,0.000070,2.172245,-0.700193,-0.699348
12.458190,CrossIn,0.738645,1.368363,1.406480,1.060184,0.000021,2.082062,-0.719233,-0.718374
12.462350,CrossIn,0.735570,1.365291,1.403306,1.082732,0.000029,1.988722,-0.738044,-0.737314
12.466520,CrossIn,0.732422,1.362146,1.397066,1.097137,0.000143,1.892342,-0.755425,-0.754795
12.470690,CrossIn,0.729190,1.358916,1.402205,1.124586,0.000092,1.792580,-0.775838,-0.775309
12.474850,CrossIn,0.725867,1.355595,1.409178,1.153374,0.000000,1.689970,-0.797367,-0.796938
12.479020,CrossIn,0.722450,1.352180,1.418166,1.183497,0.000000,1.584002,-0.820055,-0.819655
12.483190,CrossIn,0.718933,1.348664,1.429495,1.215342,0.000040,1.474894,-0.844202,-0.843887
12.487350,CrossIn,0.715310,1.345042,1.443040,1.248680,0.000000,1.362807,-0.869436,-0.869122
12.491520,CrossIn,0.711576,1.341310,1.459543,1.283839,0.000059,1.247548,-0.896215,-0.895901
12.495690,CrossIn,0.707725,1.337460,1.478829,1.320594,0.000036,1.129161,-0.924311,-0.923967
12.499850,CrossIn,0.703749,1.333486,1.504957,1.365135,0.000058,1.007670,-0.954037,-0.953665
12.504020,CrossIn,0.699657,1.329394,1.530696,1.407701,0.000000,0.883167,-0.982304,-0.982132
12.508190,CrossIn,0.695440,1.325177,1.558655,1.451210,0.000052,0.755551,-1.012087,-1.012001
12.512350,CrossIn,0.691091,1.320828,1.588881,1.495761,0.000000,0.624939,-1.043673,-1.043730
12.516520,CrossIn,0.686605,1.316341,1.621186,1.541197,0.000052,0.491267,-1.076717,-1.076860
12.520690,CrossIn,0.681973,1.311709,1.655849,1.587504,0.000032,0.354619,-1.111593,-1.111736
12.524850,CrossIn,0.677187,1.306923,1.693023,1.635007,0.000057,0.214932,-1.148558,-1.148701
12.529020,CrossIn,0.672239,1.301975,1.732814,1.683288,0.000029,0.072312,-1.187482,-1.187468
12.533190,CrossIn,0.667492,1.297228,1.714341,1.670068,0.072256,0.000014,-1.139460,-1.139317
12.537350,CrossIn,0.663336,1.293074,1.632821,1.598827,0.214932,0.000033,-0.997253,-0.997009
12.541520,CrossIn,0.659806,1.289544,1.548421,1.535929,0.354649,0.000029,-0.847321,-0.847035
12.545680,CrossIn,0.656927,1.286667,1.463520,1.484684,0.491122,0.000046,-0.690894,-0.690651
12.549850,CrossIn,0.654722,1.284462,1.381225,1.448746,0.624938,0.000052,-0.529332,-0.529146
12.554020,CrossIn,0.653203,1.282943,1.305111,1.431181,0.755530,0.000039,-0.364552,-0.364523
12.558180,CrossIn,0.652377,1.282118,1.238605,1.433618,0.883046,0.000030,-0.198126,-0.198126
12.562350,CrossIn,0.652244,1.281984,1.185406,1.456307,1.007648,0.000023,-0.031886,-0.032072
12.566520,CrossIn,0.652796,1.282535,1.158578,1.507311,1.129046,0.000023,0.132365,0.132179
12.570680,CrossIn,0.654006,1.283745,1.142773,1.572038,1.247378,0.000010,0.290480,0.290394
12.574850,CrossIn,0.655856,1.285594,1.141379,1.648809,1.362691,0.000030,0.443974,0.443916
12.579020,CrossIn,0.658319,1.288057,1.153613,1.733595,1.474824,0.000029,0.591059,0.590973
12.583180,CrossIn,0.661364,1.291101,1.177527,1.822992,1.583886,0.000029,0.730748,0.730534
12.587350,CrossIn,0.664955,1.294691,1.210703,1.913780,1.689798,0.000054,0.861983,0.861740
12.591520,CrossIn,0.669055,1.298790,1.250473,2.003508,1.792507,0.000014,0.983963,0.983620
12.595680,CrossIn,0.673622,1.303355,1.294418,2.090056,1.892140,0.000029,1.096144,1.095686
12.599850,CrossIn,0.678612,1.308342,1.326779,2.168750,1.988618,0.000016,1.197481,1.196852
12.604020,CrossIn,0.683980,1.313707,1.366710,2.254170,2.081889,0.000000,1.288276,1.287546
12.608180,CrossIn,0.689676,1.319400,1.402522,2.333721,2.172023,0.000014,1.367126,1.366367
12.612350,CrossIn,0.695653,1.325375,1.433328,2.407138,2.258983,0.000000,1.434588,1.434002
12.616520,CrossIn,0.701863,1.331583,1.457948,2.473807,2.342805,0.000029,1.490278,1.489964
12.620680,CrossIn,0.708259,1.337980,1.476066,2.534156,2.423424,0.000030,1.535139,1.535168
12.624850,CrossIn,0.714797,1.344519,1.487429,2.587785,2.500977,0.000007,1.569085,1.569557
12.629020,CrossIn,0.721434,1.351160,1.491700,2.635039,2.575272,0.000030,1.592717,1.593847
12.633180,CrossIn,0.728127,1.357860,1.452770,2.656403,2.646551,0.000036,1.606421,1.608009
12.637350,CrossIn,0.734852,1.364594,1.442142,2.698445,2.714612,0.000036,1.614132,1.616106
12.641520,CrossIn,0.741576,1.371327,1.426655,2.733365,2.779521,0.000010,1.613560,1.615906
12.645680,CrossIn,0.748263,1.378026,1.406316,2.761177,2.841408,0.000010,1.604962,1.607637
12.649850,CrossIn,0.754884,1.384659,1.381618,2.782213,2.900267,0.000065,1.589041,1.592073
12.654020,CrossIn,0.761409,1.391198,1.352775,2.796535,2.955785,0.000065,1.566067,1.569386
12.658180,CrossIn,0.767812,1.397616,1.320199,2.804383,3.008450,0.000036,1.536670,1.540318
12.662350,CrossIn,0.774067,1.403887,1.284190,2.806056,3.058097,0.000050,1.501164,1.505041
12.666520,CrossIn,0.780139,1.409977,1.215510,2.797894,3.104508,0.000073,1.457362,1.461611
12.670680,CrossIn,0.786011,1.415868,1.162917,2.805525,3.148062,0.000014,1.409311,1.413832
12.674850,CrossIn,0.788194,1.418070,0.789155,2.356752,3.188621,0.000032,0.523710,0.528345
12.679020,CrossIn,0.789999,1.419894,0.790193,2.340248,3.226106,0.000044,0.433302,0.437822
12.683180,CrossIn,0.791804,1.421717,0.780406,2.354176,3.260678,0.000016,0.433331,0.437536
12.687350,CrossIn,0.793610,1.423539,0.770490,2.362677,3.292381,0.000014,0.433359,0.437193
12.691520,CrossIn,0.795416,1.425358,0.760473,2.365781,3.320959,0.000029,0.433331,0.436707
12.695680,CrossIn,0.797221,1.427176,0.750372,2.363600,3.346762,0.000045,0.433359,0.436192
12.699850,CrossIn,0.798194,1.428159,0.830119,2.323622,3.369682,0.000045,0.233316,0.235834
12.704020,CrossIn,0.799166,1.429140,0.816399,2.355241,3.389617,0.000065,0.233316,0.235491
12.708180,CrossIn,0.799386,1.429368,0.881622,2.310012,3.406747,0.000000,0.052929,0.054789
12.712350,CrossIn,0.798730,1.428718,0.995988,2.249989,3.421005,0.000051,-0.157585,-0.156040
12.716520,CrossIn,0.798015,1.428009,1.001179,2.224310,3.432304,0.000014,-0.171461,-0.170231
12.720680,CrossIn,0.797245,1.427242,1.011317,2.182323,3.440891,0.000036,-0.184851,-0.183992
12.724850,CrossIn,0.796423,1.426422,1.026631,2.124928,3.446591,0.000007,-0.197325,-0.196781
12.729020,CrossIn,0.795551,1.425551,1.048078,2.052589,3.449355,0.000029,-0.209141,-0.209026
12.733180,CrossIn,0.794645,1.424644,1.035755,1.960015,3.449412,0.000021,-0.217438,-0.217581
12.737350,CrossIn,0.793678,1.423675,1.060522,1.899162,3.446591,0.000014,-0.232058,-0.232601
12.741520,CrossIn,0.792653,1.422646,1.079526,1.848871,3.440862,0.000044,-0.246134,-0.246992
12.745680,CrossIn,0.791572,1.421560,1.091248,1.808941,3.432364,0.000014,-0.259523,-0.260725
12.749850,CrossIn,0.790437,1.420419,1.094883,1.779101,3.420976,0.000007,-0.272327,-0.273914
12.754010,CrossIn,0.789251,1.419225,1.090327,1.758811,3.406744,0.000044,-0.284529,-0.286446
12.758180,CrossIn,0.788017,1.417982,1.078339,1.747987,3.389616,0.000050,-0.296159,-0.298405
12.762350,CrossIn,0.786738,1.416692,1.060166,1.746357,3.369682,0.000077,-0.307045,-0.309591
12.766510,CrossIn,0.785453,1.415394,0.980006,1.717523,3.346765,0.000016,-0.308476,-0.311422
12.770680,CrossIn,0.784125,1.414051,0.982176,1.705552,3.321016,0.000036,-0.318718,-0.322237
12.774850,CrossIn,0.782746,1.412656,0.981864,1.690280,3.292319,0.000026,-0.330920,-0.334883
12.779010,CrossIn,0.781310,1.411202,0.978735,1.671688,3.260682,0.000086,-0.344625,-0.349045
12.783180,CrossIn,0.779809,1.409681,0.973049,1.649999,3.226153,0.000033,-0.360174,-0.364895
12.787350,CrossIn,0.778236,1.408088,0.965013,1.625782,3.188576,0.000036,-0.377455,-0.382347
12.791510,CrossIn,0.776585,1.406417,0.954571,1.599504,3.148057,0.000046,-0.396366,-0.401173
12.795680,CrossIn,0.774847,1.404660,0.942381,1.571751,3.104571,0.000048,-0.417137,-0.421600
12.799850,CrossIn,0.772998,1.402794,0.993473,1.574201,3.058006,0.000029,-0.443630,-0.447722
12.804010,CrossIn,0.771073,1.400853,0.987222,1.555693,3.008450,0.000023,-0.462112,-0.465975
12.808180,CrossIn,0.769070,1.398835,0.981037,1.536569,2.955850,0.000045,-0.480666,-0.484228
12.812350,CrossIn,0.766990,1.396742,0.975105,1.517139,2.900202,0.000077,-0.499191,-0.502453
12.816510,CrossIn,0.764832,1.394572,0.970097,1.497651,2.841395,0.000029,-0.517945,-0.520821
12.820680,CrossIn,0.762596,1.392325,0.966307,1.478487,2.779582,0.000071,-0.536656,-0.539160
12.824850,CrossIn,0.760282,1.390002,0.964250,1.459957,2.714576,0.000040,-0.555453,-0.557585
12.829010,CrossIn,0.757888,1.387602,0.964623,1.442401,2.646515,0.000041,-0.574350,-0.576067
12.833180,CrossIn,0.755394,1.385103,1.008386,1.451017,2.575329,0.000040,-0.598612,-0.599699
12.837350,CrossIn,0.752812,1.382518,1.009287,1.440964,2.500950,0.000052,-0.619855,-0.620384
12.841510,CrossIn,0.750143,1.379849,1.012667,1.431884,2.423442,0.000086,-0.640540,-0.640526
12.845680,CrossIn,0.747389,1.377097,1.019057,1.423821,2.342834,0.000021,-0.660882,-0.660439
12.849850,CrossIn,0.744552,1.374263,1.028847,1.416868,2.258969,0.000059,-0.680809,-0.680122
12.854010,CrossIn,0.741634,1.371349,1.042456,1.411143,2.172023,0.000032,-0.700293,-0.699406
12.858180,CrossIn,0.738637,1.368356,1.060287,1.406656,2.081887,0.000033,-0.719347,-0.718489
12.862350,CrossIn,0.735562,1.365283,1.082764,1.403403,1.988569,0.000064,-0.738130,-0.737371
12.866510,CrossIn,0.732413,1.362137,1.097223,1.397236,1.892128,0.000029,-0.755568,-0.754967
12.870680,CrossIn,0.729180,1.358906,1.124662,1.402380,1.792568,0.000020,-0.775967,-0.775480
12.874850,CrossIn,0.725857,1.355585,1.153378,1.409362,1.689756,0.000054,-0.797496,-0.796995
12.879010,CrossIn,0.722440,1.352170,1.183533,1.418333,1.583853,0.000016,-0.820155,-0.819798
12.883180,CrossIn,0.718922,1.348653,1.215422,1.429582,1.474852,0.000036,-0.844302,-0.844002
12.887350,CrossIn,0.715298,1.345031,1.248792,1.443306,1.362647,0.000021,-0.869651,-0.869322
12.891510,CrossIn,0.711564,1.341297,1.283828,1.459679,1.247439,0.000041,-0.896316,-0.896015
12.895680,CrossIn,0.707712,1.337447,1.320718,1.479005,1.129063,0.000036,-0.924497,-0.924139
12.899850,CrossIn,0.703733,1.333470,1.373480,1.508300,1.007604,0.000122,-0.954995,-0.954523
12.904010,CrossIn,0.699630,1.329370,1.429387,1.540429,0.883068,0.000084,-0.984521,-0.983992
12.908180,CrossIn,0.695402,1.325143,1.479289,1.572435,0.755489,0.000010,-1.014876,-1.014433
12.912350,CrossIn,0.691043,1.320785,1.522156,1.602602,0.624872,0.000041,-1.046062,-1.045790
12.916510,CrossIn,0.686550,1.316293,1.557101,1.629980,0.491233,0.000036,-1.078291,-1.078205
12.920680,CrossIn,0.681919,1.311661,1.584014,1.653506,0.354576,0.000051,-1.111436,-1.111593
12.924850,CrossIn,0.677144,1.306884,1.603400,1.673220,0.214960,0.000064,-1.145983,-1.146526
12.929010,CrossIn,0.672220,1.301956,1.615557,1.688472,0.072286,0.000032,-1.181760,-1.182747
12.933180,CrossIn,0.667447,1.297187,1.750835,1.765435,0.000014,0.072345,-1.145668,-1.144581
12.937350,CrossIn,0.663279,1.293022,1.639971,1.654669,0.000029,0.214964,-1.000271,-0.999584
12.941510,CrossIn,0.659746,1.289490,1.541764,1.550784,0.000021,0.354531,-0.847864,-0.847549
12.945680,CrossIn,0.656872,1.286617,1.461668,1.455487,0.000016,0.491271,-0.689778,-0.689735
12.949850,CrossIn,0.654675,1.284419,1.405956,1.370110,0.000020,0.624879,-0.527272,-0.527458
12.954010,CrossIn,0.653166,1.282908,1.380911,1.296133,0.000045,0.755408,-0.362220,-0.362520
12.958180,CrossIn,0.652348,1.282089,1.390952,1.234370,0.000043,0.883108,-0.196252,-0.196610
12.962350,CrossIn,0.652218,1.281958,1.438126,1.184953,0.000014,1.007593,-0.031242,-0.031557
12.966510,CrossIn,0.652769,1.282508,1.507219,1.158639,0.000020,1.129080,0.132208,0.132036
12.970680,CrossIn,0.653979,1.283717,1.571875,1.142834,0.000014,1.247407,0.290380,0.290279
12.974840,CrossIn,0.655828,1.285567,1.648654,1.141449,0.000014,1.362599,0.443873,0.443831
12.979010,CrossIn,0.658291,1.288028,1.733458,1.153692,0.000040,1.474826,0.590944,0.590830
12.983180,CrossIn,0.661335,1.291072,1.822881,1.177571,0.000016,1.583915,0.730763,0.730562
12.987340,CrossIn,0.664927,1.294663,1.913688,1.210736,0.000046,1.689650,0.861912,0.861683
12.991510,CrossIn,0.669027,1.298761,2.003362,1.250496,0.000045,1.792536,0.983963,0.983620
12.995680,CrossIn,0.673594,1.303327,2.090074,1.294531,0.000032,1.892089,1.096272,1.095829
12.999840,CrossIn,0.678583,1.308313,2.168615,1.326762,0.000014,1.988557,1.197395,1.196737
13.004010,CrossIn,0.683951,1.313678,2.254096,1.366741,0.000014,2.081831,1.288276,1.287546
13.008180,CrossIn,0.689648,1.319372,2.333711,1.402708,0.000007,2.172022,1.367311,1.366539
13.012340,CrossIn,0.695626,1.325347,2.406987,1.433317,0.000014,2.258925,1.434503,1.433945
13.016510,CrossIn,0.701836,1.331556,2.473845,1.458075,0.000014,2.342746,1.490450,1.490135
13.020680,CrossIn,0.708232,1.337953,2.534117,1.476185,0.000007,2.423432,1.535211,1.535254
13.024840,CrossIn,0.714771,1.344493,2.587830,1.487491,0.000029,2.500890,1.569185,1.569672
13.029010,CrossIn,0.721408,1.351135,2.635053,1.491839,0.000032,2.575276,1.592875,1.593990
13.033180,CrossIn,0.728102,1.357835,2.656379,1.452869,0.000020,2.646515,1.606522,1.608095
13.037340,CrossIn,0.734828,1.364570,2.698550,1.442349,0.000007,2.714559,1.614318,1.616278
13.041510,CrossIn,0.741552,1.371303,2.733402,1.426746,0.000064,2.779503,1.613674,1.616020
13.045680,CrossIn,0.748239,1.378002,2.761194,1.406437,0.000086,2.841361,1.605091,1.607780
13.049840,CrossIn,0.754861,1.384636,2.782247,1.381745,0.000000,2.900140,1.589184,1.592216
13.054010,CrossIn,0.761387,1.391176,2.796569,1.352885,0.000020,2.955787,1.566210,1.569557
13.058180,CrossIn,0.767790,1.397595,2.804483,1.320355,0.000073,3.008419,1.536827,1.540432
13.062340,CrossIn,0.774046,1.403866,2.806094,1.284354,0.000029,3.057947,1.501336,1.505213
13.066510,CrossIn,0.780119,1.409957,2.797936,1.215565,0.000014,3.104503,1.457462,1.461725
13.070680,CrossIn,0.785992,1.415849,2.805567,1.163144,0.000007,3.148030,1.409569,1.414089
13.074840,CrossIn,0.788194,1.418070,2.358661,0.788897,0.000021,3.188552,0.528402,0.533037
13.079010,CrossIn,0.789999,1.419894,2.340151,0.790204,0.000007,3.226051,0.433302,0.437822
13.083180,CrossIn,0.791804,1.421717,2.354093,0.780451,0.000021,3.260633,0.433331,0.437536
13.087340,CrossIn,0.793610,1.423539,2.362561,0.770501,0.000014,3.292263,0.433359,0.437193
13.091510,CrossIn,0.795416,1.425358,2.365719,0.760495,0.000007,3.320916,0.433331,0.436707
13.095680,CrossIn,0.797221,1.427176,2.363448,0.750383,0.000007,3.346767,0.433359,0.436192
13.099840,CrossIn,0.798194,1.428158,2.323542,0.830161,0.000021,3.369580,0.233316,0.235806
13.104010,CrossIn,0.799166,1.429140,2.355150,0.816429,0.000050,3.389558,0.233316,0.235519
13.108180,CrossIn,0.799386,1.429368,2.309917,0.881632,0.000036,3.406693,0.052900,0.054731
13.112340,CrossIn,0.798730,1.428718,2.249920,0.995989,0.000036,3.420902,-0.157557,-0.155983
13.116510,CrossIn,0.798015,1.428008,2.224160,1.001200,0.000007,3.432291,-0.171518,-0.170317
13.120680,CrossIn,0.797245,1.427242,2.182308,1.011270,0.000029,3.440862,-0.184794,-0.183907
13.124840,CrossIn,0.796423,1.426422,2.124854,1.026619,0.000052,3.446462,-0.197353,-0.196838
13.129010,CrossIn,0.795551,1.425551,2.052571,1.048097,0.000032,3.449355,-0.209227,-0.209055
13.133180,CrossIn,0.794645,1.424644,1.959975,1.035755,0.000032,3.449355,-0.217381,-0.217552
13.137340,CrossIn,0.793678,1.423675,1.899127,1.060501,0.000029,3.446505,-0.232086,-0.232630
13.141510,CrossIn,0.792653,1.422646,1.848850,1.079517,0.000073,3.440776,-0.246105,-0.246964
13.145680,CrossIn,0.791571,1.421559,1.808995,1.091266,0.000021,3.432334,-0.259538,-0.260782
13.149840,CrossIn,0.790436,1.420418,1.779099,1.094837,0.000073,3.420876,-0.272355,-0.273914
13.154010,CrossIn,0.789251,1.419225,1.758862,1.090297,0.000039,3.406676,-0.284557,-0.286446
13.158180,CrossIn,0.788017,1.417981,1.747972,1.078352,0.000029,3.389600,-0.296202,-0.298462
13.162340,CrossIn,0.786737,1.416691,1.746383,1.060210,0.000007,3.369581,-0.307102,-0.309620
13.166510,CrossIn,0.785452,1.415393,1.717565,0.979975,0.000026,3.346693,-0.308418,-0.311422
13.170680,CrossIn,0.784124,1.414051,1.705630,0.982173,0.000043,3.320989,-0.318747,-0.322237
13.174840,CrossIn,0.782745,1.412655,1.690287,0.981899,0.000045,3.292253,-0.330963,-0.334940
13.179010,CrossIn,0.781309,1.411200,1.671680,0.978759,0.000043,3.260659,-0.344696,-0.349102
13.183180,CrossIn,0.779808,1.409680,1.650126,0.973079,0.000014,3.226054,-0.360174,-0.364952
13.187340,CrossIn,0.778235,1.408087,1.625893,0.965019,0.000073,3.188519,-0.377512,-0.382347
13.191510,CrossIn,0.776583,1.406415,1.599674,0.954619,0.000026,3.148028,-0.396452,-0.401259
13.195670,CrossIn,0.774845,1.404658,1.571911,0.942386,0.000052,3.104500,-0.417180,-0.421629
13.199840,CrossIn,0.772996,1.402792,1.574376,0.993499,0.000032,3.057970,-0.443702,-0.447807
13.204010,CrossIn,0.771070,1.400850,1.555846,0.987251,0.000083,3.008430,-0.462170,-0.466032
13.208170,CrossIn,0.769067,1.398832,1.536780,0.981042,0.000045,2.955787,-0.480752,-0.484314
13.212340,CrossIn,0.766987,1.396738,1.517381,0.975209,0.000026,2.900113,-0.499349,-0.502596
13.216510,CrossIn,0.764828,1.394568,1.497854,0.970132,0.000026,2.841379,-0.518045,-0.520935
13.220670,CrossIn,0.762592,1.392321,1.478740,0.966294,0.000032,2.779495,-0.536757,-0.539274
13.224840,CrossIn,0.760277,1.389997,1.460212,0.964253,0.000046,2.714523,-0.555525,-0.557613
13.229010,CrossIn,0.757883,1.387596,1.442668,0.964681,0.000032,2.646509,-0.574551,-0.576267
13.233170,CrossIn,0.755388,1.385097,1.451314,1.008354,0.000070,2.575264,-0.598726,-0.599842
13.237340,CrossIn,0.752805,1.382511,1.441221,1.009315,0.000032,2.500920,-0.619984,-0.620499
13.241510,CrossIn,0.750135,1.379842,1.432170,1.012629,0.000032,2.423416,-0.640726,-0.640726
13.245670,CrossIn,0.747381,1.377089,1.424136,1.019047,0.000039,2.342726,-0.661039,-0.660610
13.249840,CrossIn,0.744543,1.374255,1.417203,1.028783,0.000050,2.258959,-0.680981,-0.680265
13.254010,CrossIn,0.741625,1.371340,1.411488,1.042441,0.000000,2.172004,-0.700493,-0.699635
13.258170,CrossIn,0.738627,1.368345,1.406963,1.060230,0.000040,2.081838,-0.719562,-0.718689
13.262340,CrossIn,0.735550,1.365272,1.403813,1.082703,0.000032,1.988528,-0.738301,-0.737572
13.266510,CrossIn,0.732401,1.362125,1.397581,1.097129,0.000070,1.892133,-0.755811,-0.755196
13.270670,CrossIn,0.729167,1.358893,1.402714,1.124575,0.000052,1.792473,-0.776196,-0.775681
13.274840,CrossIn,0.725843,1.355571,1.409720,1.153324,0.000077,1.689757,-0.797753,-0.797281
13.279010,CrossIn,0.722425,1.352154,1.418687,1.183489,0.000032,1.583839,-0.820413,-0.820026
13.283170,CrossIn,0.718905,1.348636,1.430001,1.215333,0.000047,1.474788,-0.844617,-0.844317
13.287340,CrossIn,0.715281,1.345013,1.443630,1.248648,0.000032,1.362654,-0.869851,-0.869551
13.291510,CrossIn,0.711545,1.341279,1.460063,1.283777,0.000014,1.247373,-0.896616,-0.896301
13.295670,CrossIn,0.707692,1.337427,1.479431,1.320591,0.000029,1.129052,-0.924826,-0.924454
13.299840,CrossIn,0.703715,1.333451,1.505541,1.365105,0.000020,1.007582,-0.954480,-0.954123
13.304010,CrossIn,0.699619,1.329357,1.531416,1.407733,0.000045,0.883088,-0.982904,-0.982733
13.308170,CrossIn,0.695400,1.325137,1.559335,1.451255,0.000036,0.755476,-1.012688,-1.012630
13.312340,CrossIn,0.691049,1.320786,1.589494,1.495750,0.000000,0.624865,-1.044173,-1.044188
13.316510,CrossIn,0.686560,1.316297,1.621866,1.541267,0.000036,0.491228,-1.077304,-1.077461
13.320670,CrossIn,0.681925,1.311662,1.656628,1.587652,0.000052,0.354555,-1.112337,-1.112480
13.324840,CrossIn,0.677137,1.306873,1.693712,1.635061,0.000040,0.214964,-1.149130,-1.149273
13.329010,CrossIn,0.672187,1.301923,1.733482,1.683372,0.000052,0.072278,-1.188140,-1.188126
13.333170,CrossIn,0.667281,1.297017,1.741776,1.696807,0.038686,0.000015,-1.177468,-1.177340
13.337340,CrossIn,0.662643,1.292381,1.713411,1.675563,0.115321,0.000011,-1.112938,-1.112680
13.341510,CrossIn,0.658291,1.288030,1.680770,1.656038,0.190244,0.000037,-1.044531,-1.044245
13.345670,CrossIn,0.654239,1.283979,1.643996,1.638579,0.263662,0.000036,-0.972490,-0.972233
13.349840,CrossIn,0.650501,1.280242,1.603464,1.623793,0.335550,0.000064,-0.897074,-0.896902
13.354010,PassDeceleration,0.652467,1.282207,0.586171,0.587593,0.041318,0.000027,0.471640,0.471640
13.358170,PassDeceleration,0.654874,1.284614,0.670186,0.675652,0.121385,0.000016,0.577784,0.577812
13.362340,PassDeceleration,0.657695,1.287435,0.750749,0.761758,0.200028,0.000015,0.677004,0.677004
13.366510,PassDeceleration,0.660899,1.290639,0.826293,0.843828,0.276851,0.000030,0.768929,0.768957
13.370670,PassDeceleration,0.664453,1.294194,0.895492,0.920203,0.351798,0.000011,0.853128,0.853128
13.374840,PassDeceleration,0.668326,1.298067,0.957943,0.990161,0.425018,0.000010,0.929432,0.929461
13.379010,PassDeceleration,0.672483,1.302223,1.012826,1.052984,0.496481,0.000016,0.997582,0.997582
13.383170,PassDeceleration,0.676890,1.306631,1.060550,1.108604,0.566017,0.000015,1.057849,1.057806
13.387340,PassDeceleration,0.681517,1.311257,1.101123,1.157136,0.633850,0.000022,1.110363,1.110277
13.391510,PassDeceleration,0.686330,1.316069,1.134928,1.198552,0.699796,0.000016,1.155066,1.154938
13.395670,PassDeceleration,0.691298,1.321037,1.162390,1.236555,0.764040,0.000023,1.192389,1.192274
13.399840,PassDeceleration,0.696388,1.326126,1.178574,1.265998,0.826311,0.000050,1.221514,1.221428
13.404010,PassDeceleration,0.699903,1.329641,0.866738,0.908568,0.886950,0.000036,0.843601,0.843573
13.408170,PassDeceleration,0.701361,1.331099,0.636780,0.484373,0.945673,0.000045,0.350018,0.349960
13.412340,PassDeceleration,0.702819,1.332557,0.664968,0.487749,1.002637,0.000014,0.349989,0.349903
13.416500,PassDeceleration,0.704278,1.334015,0.697009,0.494214,1.057769,0.000016,0.349989,0.349903
13.420670,PassDeceleration,0.705736,1.335473,0.732621,0.504344,1.111071,0.000019,0.349989,0.349789
13.424840,PassDeceleration,0.707194,1.336930,0.771672,0.518549,1.162614,0.000023,0.350046,0.349789
13.429000,PassDeceleration,0.708653,1.338387,0.813785,0.537039,1.212353,0.000052,0.349989,0.349617
13.433170,PassDeceleration,0.710111,1.339843,0.854258,0.552600,1.260262,0.000032,0.350018,0.349503
13.437340,PassDeceleration,0.711569,1.341299,0.890403,0.558571,1.306311,0.000008,0.349960,0.349302
13.441500,PassDeceleration,0.713028,1.342754,0.942838,0.595270,1.350629,0.000014,0.350046,0.349188
13.445670,PassDeceleration,0.714486,1.344209,0.997974,0.639447,1.393145,0.000007,0.350018,0.349245
13.449840,PassDeceleration,0.715944,1.345665,1.055363,0.689768,1.433759,0.000049,0.349989,0.349445
13.454000,PassDeceleration,0.717403,1.347123,1.114490,0.745166,1.472683,0.000049,0.349975,0.349903
13.458170,PassDeceleration,0.718861,1.348584,1.175152,0.804376,1.509720,0.000016,0.350032,0.350618
13.462340,PassDeceleration,0.720320,1.350048,1.221526,0.840582,1.544983,0.000007,0.350018,0.351505
13.466500,PassDeceleration,0.721778,1.351516,0.597742,1.851711,1.578444,0.000026,0.349960,0.352192
13.470670,PassDeceleration,0.723236,1.352986,0.678148,2.042704,1.610031,0.000019,0.350003,0.352850
13.474840,PassDeceleration,0.724695,1.354459,0.702969,2.131661,1.639886,0.000029,0.350032,0.353537
13.479000,PassDeceleration,0.726153,1.355935,0.727240,2.213721,1.667910,0.000014,0.349989,0.354166
13.483170,PassDeceleration,0.727611,1.357413,0.750145,2.288368,1.694146,0.000007,0.350003,0.354824
13.487340,PassDeceleration,0.729069,1.358894,0.759669,2.350362,1.718552,0.000016,0.349975,0.355368
13.491500,PassDeceleration,0.730528,1.360377,0.730593,2.409494,1.741068,0.000051,0.350018,0.356083
13.495670,PassDeceleration,0.731986,1.361863,0.761678,2.493101,1.761954,0.000011,0.350018,0.356569
13.499840,PassDeceleration,0.733445,1.363348,0.784270,2.561163,1.780895,0.000008,0.350018,0.356312
13.504000,PassDeceleration,0.734903,1.364830,0.796685,2.612117,1.798076,0.000024,0.349960,0.355711
13.508170,PassDeceleration,0.736361,1.366308,0.797776,2.644675,1.813454,0.000054,0.350018,0.354824
13.512340,PassDeceleration,0.737820,1.367783,0.829364,2.695040,1.826944,0.000051,0.350018,0.353851
13.516500,PassDeceleration,0.739278,1.369254,0.842957,2.798898,1.838775,0.000037,0.350018,0.353193
13.520670,PassDeceleration,0.740736,1.370723,0.843677,2.844780,1.848703,0.000073,0.349989,0.352535
13.524840,PassDeceleration,0.742195,1.372189,0.872610,2.833415,1.856807,0.000016,0.350046,0.351820
13.529000,PassDeceleration,0.743653,1.373652,0.932233,2.763655,1.863201,0.000058,0.349960,0.351048
13.533170,PassDeceleration,0.745111,1.375111,1.011690,2.630556,1.867657,0.000008,0.349989,0.350218
13.537340,PassDeceleration,0.746570,1.376567,1.072087,2.466012,1.870375,0.000020,0.349989,0.349445
13.541500,PassDeceleration,0.748028,1.378020,1.172562,2.366211,1.871276,0.000016,0.350018,0.348730
13.545670,PassDeceleration,0.749486,1.379470,1.222503,2.299306,1.870389,0.000059,0.350018,0.347900
13.549840,PassDeceleration,0.750945,1.380916,1.218824,2.265041,1.867678,0.000018,0.350018,0.347128
13.554000,PassDeceleration,0.752403,1.382360,1.160889,2.262384,1.863143,0.000057,0.349960,0.346413
13.558170,PassDeceleration,0.753861,1.383800,0.976995,2.235584,1.856841,0.000029,0.350032,0.345612
13.562340,PassDeceleration,0.755320,1.385235,0.941223,2.218011,1.848680,0.000016,0.350003,0.344496
13.566500,PassDeceleration,0.756778,1.386666,0.912917,2.188867,1.838752,0.000066,0.350018,0.343523
13.570670,PassDeceleration,0.758237,1.388095,0.867174,2.141746,1.826985,0.000075,0.350018,0.343008
13.574840,PassDeceleration,0.759695,1.389525,0.805486,2.077682,1.813452,0.000018,0.350018,0.343008
13.579000,PassDeceleration,0.761153,1.390957,0.784843,2.015894,1.798088,0.000008,0.349932,0.343752
13.583170,PassDeceleration,0.762612,1.392392,0.826012,1.984942,1.780857,0.000018,0.350046,0.344381
13.587340,PassDeceleration,0.764070,1.393830,0.779072,1.926326,1.761916,0.000044,0.349989,0.345039
13.591500,PassDeceleration,0.765528,1.395270,0.725402,1.861634,1.741137,0.000037,0.350018,0.345783
13.595670,PassDeceleration,0.766987,1.396714,0.665935,1.791724,1.718534,0.000021,0.349989,0.346499
13.599840,PassDeceleration,0.768445,1.398162,0.601909,1.717499,1.694100,0.000015,0.350018,0.347385
13.604000,PassDeceleration,0.769903,1.399612,0.614563,1.663538,1.667913,0.000058,0.349960,0.348158
13.608170,PassDeceleration,0.771362,1.401068,0.614687,1.609159,1.639882,0.000037,0.350046,0.349360
13.612340,PassDeceleration,0.772820,1.402527,0.573130,1.542308,1.610047,0.000020,0.349960,0.350189
13.616500,PassDeceleration,0.774278,1.403989,0.531573,1.475876,1.578417,0.000018,0.350018,0.350790
13.620670,PassDeceleration,0.775737,1.405451,0.490981,1.410044,1.544971,0.000026,0.350018,0.351019
13.624840,PassDeceleration,0.777195,1.406914,0.452691,1.344998,1.509729,0.000058,0.349960,0.351076
13.629000,PassDeceleration,0.778653,1.408376,0.406708,1.278216,1.472649,0.000020,0.350018,0.350790
13.633170,PassDeceleration,0.780112,1.409837,0.358439,1.215219,1.433788,0.000064,0.350018,0.350676
13.637330,PassDeceleration,0.781570,1.411297,0.348578,1.160902,1.393102,0.000016,0.350018,0.350561
13.641500,PassDeceleration,0.783028,1.412757,0.347333,1.106238,1.350622,0.000029,0.349960,0.350390
13.645670,PassDeceleration,0.784487,1.414217,0.353613,1.051742,1.306332,0.000029,0.350018,0.350390
13.649830,PassDeceleration,0.785945,1.415677,0.365751,0.997550,1.260224,0.000029,0.350018,0.350304
13.654000,PassDeceleration,0.787404,1.417137,0.381760,0.944101,1.212329,0.000004,0.350046,0.350332
13.658170,PassDeceleration,0.788862,1.418596,0.399929,0.891740,1.162617,0.000050,0.349932,0.350275
13.662330,PassDeceleration,0.790320,1.420056,0.425812,0.839899,1.111060,0.000050,0.350018,0.350390
13.666500,PassDeceleration,0.791778,1.421516,0.453742,0.782349,1.057764,0.000058,0.350018,0.350447
13.670670,PassDeceleration,0.793237,1.422976,0.470635,0.731426,1.002609,0.000108,0.349989,0.350418
13.674830,PassDeceleration,0.794695,1.424436,0.478241,0.687478,0.945651,0.000029,0.349989,0.350304
13.679000,PassDeceleration,0.796153,1.425895,0.477839,0.648869,0.886927,0.000015,0.350018,0.350275
13.683170,PassDeceleration,0.797612,1.427354,0.470694,0.614217,0.826335,0.000036,0.350018,0.350103
13.687330,PassDeceleration,0.799070,1.428813,0.458850,0.582668,0.763977,0.000044,0.350018,0.350075
13.691500,PassDeceleration,0.799293,1.429036,0.318350,0.425956,0.699795,0.000065,0.053530,0.053473
13.695670,PassDeceleration,0.799259,1.429000,0.294061,0.385038,0.633803,0.000065,-0.008326,-0.008469
13.699830,PassDeceleration,0.799224,1.428965,0.264139,0.347707,0.566019,0.000015,-0.008183,-0.008440
13.704000,PassDeceleration,0.799192,1.428932,0.233070,0.309511,0.496412,0.000044,-0.007668,-0.007868
13.708170,PassDeceleration,0.799164,1.428903,0.201709,0.270319,0.424991,0.000043,-0.006866,-0.007153
13.712330,PassDeceleration,0.799139,1.428877,0.170354,0.229883,0.351786,0.000051,-0.005894,-0.006123
13.716500,PassDeceleration,0.799120,1.428857,0.139477,0.188362,0.276756,0.000010,-0.004749,-0.004921
13.720670,PassDeceleration,0.799106,1.428842,0.109011,0.145615,0.199925,0.000036,-0.003319,-0.003490
13.724830,PassDeceleration,0.799098,1.428834,0.079003,0.101914,0.121283,0.000079,-0.001831,-0.001974
13.729000,PassDeceleration,0.799098,1.428833,0.049370,0.057294,0.040825,0.000023,-0.000114,-0.000143
13.733170,PassDeceleration,0.799099,1.428835,0.017842,0.017857,0.000016,0.000024,0.000343,0.000372
13.737330,PassDeceleration,0.799101,1.428837,0.008868,0.020586,0.000044,0.007272,0.000572,0.000629
13.741500,PassDeceleration,0.799108,1.428845,0.027116,0.061296,0.000007,0.021633,0.001602,0.001774
13.745670,PassDeceleration,0.799120,1.428857,0.045431,0.100989,0.000029,0.035714,0.002747,0.003033
13.749830,PassDeceleration,0.799135,1.428875,0.063260,0.139667,0.000050,0.049682,0.003777,0.004148
13.754000,PassDeceleration,0.799155,1.428897,0.080572,0.177348,0.000050,0.063222,0.004749,0.005236
13.758170,PassDeceleration,0.799179,1.428923,0.097234,0.213854,0.000093,0.076335,0.005779,0.006380
13.762330,PassDeceleration,0.799207,1.428954,0.113339,0.249472,0.000086,0.088661,0.006695,0.007353
13.766500,PassDeceleration,0.799239,1.428989,0.128903,0.284082,0.000093,0.100588,0.007610,0.008440
13.770670,PassDeceleration,0.799274,1.429028,0.143726,0.317656,0.000050,0.111647,0.008526,0.009356
13.774830,PassDeceleration,0.799313,1.429070,0.158218,0.350380,0.000023,0.121918,0.009298,0.010214
13.779000,PassDeceleration,0.799355,1.429117,0.171930,0.382184,0.000065,0.131442,0.010157,0.011187
13.783170,PassDeceleration,0.799401,1.429167,0.185074,0.412954,0.000043,0.139821,0.010929,0.012016
13.787330,PassDeceleration,0.799449,1.429220,0.197706,0.442799,0.000043,0.147318,0.011673,0.012789
13.791500,PassDeceleration,0.799501,1.429277,0.209586,0.471775,0.000072,0.153822,0.012417,0.013618
13.795670,PassDeceleration,0.799556,1.429337,0.220998,0.499797,0.000036,0.159048,0.013075,0.014305
13.799830,PassDeceleration,0.799613,1.429399,0.231821,0.526906,0.000057,0.163511,0.013647,0.014906
13.804000,PassDeceleration,0.799672,1.429464,0.241907,0.553045,0.000021,0.166470,0.014334,0.015678
13.808170,PassDeceleration,0.799734,1.429532,0.251482,0.578202,0.000032,0.168545,0.014877,0.016193
13.812330,PassDeceleration,0.799799,1.429602,0.260479,0.602477,0.000066,0.169372,0.015421,0.016851
13.816500,PassDeceleration,0.799865,1.429674,0.268785,0.625723,0.000007,0.169118,0.015993,0.017395
13.820670,PassDeceleration,0.799934,1.429749,0.276575,0.647977,0.000029,0.167864,0.016422,0.017824
13.824830,PassDeceleration,0.800004,1.429825,0.283654,0.669221,0.000016,0.165284,0.016880,0.018339
13.829000,PassDeceleration,0.800076,1.429903,0.290261,0.689598,0.000014,0.161944,0.017252,0.018682
13.833170,PassDeceleration,0.800149,1.429983,0.296120,0.708646,0.000014,0.157501,0.017681,0.019140
13.837330,PassDeceleration,0.800224,1.430064,0.301536,0.726834,0.000114,0.152343,0.017967,0.019426
13.841500,PassDeceleration,0.800301,1.430146,0.306215,0.743832,0.000072,0.146173,0.018339,0.019770
13.845660,PassDeceleration,0.800378,1.430229,0.310453,0.759832,0.000032,0.139489,0.018539,0.019970
13.849830,PassDeceleration,0.800457,1.430314,0.313952,0.774534,0.000020,0.132271,0.018854,0.020313
13.854000,PassDeceleration,0.800536,1.430399,0.316920,0.788153,0.000021,0.124716,0.019112,0.020514
13.858160,PassDeceleration,0.800616,1.430485,0.319388,0.800632,0.000023,0.116934,0.019197,0.020599
13.862330,PassDeceleration,0.800697,1.430572,0.321217,0.811876,0.000016,0.109239,0.019369,0.020742
13.866500,PassDeceleration,0.800778,1.430658,0.322513,0.821837,0.000066,0.101945,0.019512,0.020800
13.870660,PassDeceleration,0.800860,1.430745,0.323175,0.830536,0.000066,0.095401,0.019627,0.020943
13.874830,PassDeceleration,0.800942,1.430833,0.323365,0.837976,0.000021,0.089965,0.019627,0.020943
13.879000,PassDeceleration,0.801024,1.430920,0.322972,0.844029,0.000007,0.085992,0.019712,0.020971
13.883160,PassDeceleration,0.801106,1.431007,0.322142,0.848874,0.000021,0.083944,0.019627,0.020857
13.887330,PassDeceleration,0.801187,1.431094,0.320719,0.852258,0.000036,0.083928,0.019627,0.020800
13.891500,PassDeceleration,0.801269,1.431180,0.318640,0.854222,0.000036,0.086022,0.019598,0.020742
13.895660,PassDeceleration,0.801350,1.431266,0.316316,0.854868,0.000007,0.089942,0.019484,0.020571
13.899830,PassDeceleration,0.801431,1.431351,0.313379,0.854114,0.000021,0.095379,0.019312,0.020370
13.904000,PassDeceleration,0.801511,1.431435,0.309858,0.851745,0.000023,0.101959,0.019255,0.020285
13.908160,PassDeceleration,0.801590,1.431518,0.306081,0.848040,0.000007,0.109228,0.018997,0.019941
13.912330,PassDeceleration,0.801668,1.431600,0.301684,0.842912,0.000021,0.116929,0.018740,0.019684
13.916500,PassDeceleration,0.801745,1.431681,0.296863,0.836136,0.000014,0.124645,0.018539,0.019426
13.920660,PassDeceleration,0.801822,1.431761,0.291628,0.827898,0.000014,0.132386,0.018253,0.019054
13.924830,PassDeceleration,0.801896,1.431839,0.285946,0.818190,0.000020,0.139471,0.017939,0.018768
13.929000,PassDeceleration,0.801970,1.431915,0.279847,0.806807,0.000014,0.146187,0.017681,0.018368
13.933160,PassDeceleration,0.802042,1.431990,0.273278,0.794131,0.000036,0.152293,0.017195,0.017939
13.937330,PassDeceleration,0.802112,1.432063,0.266403,0.779661,0.000064,0.157499,0.016880,0.017538
13.941500,PassDeceleration,0.802180,1.432134,0.259079,0.763735,0.000007,0.161969,0.016451,0.017080
13.945660,PassDeceleration,0.802247,1.432203,0.251360,0.746231,0.000016,0.165350,0.015965,0.016565
13.949830,PassDeceleration,0.802312,1.432270,0.243292,0.727142,0.000020,0.167737,0.015507,0.016050
13.954000,PassDeceleration,0.802374,1.432335,0.234820,0.706555,0.000064,0.169204,0.015020,0.015478
13.958160,PassDeceleration,0.802434,1.432397,0.225987,0.684299,0.000021,0.169355,0.014448,0.014963
13.962330,PassDeceleration,0.802492,1.432457,0.216858,0.660575,0.000044,0.168505,0.013905,0.014334
13.966500,PassDeceleration,0.802548,1.432514,0.207279,0.635250,0.000023,0.166619,0.013275,0.013676
13.970660,PassDeceleration,0.802601,1.432568,0.197440,0.608265,0.000021,0.163342,0.012732,0.013075
13.974830,PassDeceleration,0.802651,1.432620,0.187215,0.579911,0.000036,0.159141,0.011959,0.012331
13.979000,PassDeceleration,0.802698,1.432668,0.176580,0.549869,0.000065,0.153806,0.011387,0.011644
13.983160,PassDeceleration,0.802742,1.432713,0.165692,0.518343,0.000057,0.147348,0.010586,0.010843
13.987330,PassDeceleration,0.802784,1.432756,0.154427,0.485159,0.000021,0.139845,0.009956,0.010214
13.991500,PassDeceleration,0.802822,1.432795,0.142847,0.450538,0.000029,0.131375,0.009127,0.009384
13.995660,PassDeceleration,0.802856,1.432831,0.130807,0.414387,0.000010,0.121920,0.008383,0.008554
13.999830,PassDeceleration,0.802888,1.432863,0.118642,0.376715,0.000016,0.111564,0.007524,0.007696
14.004000,PassDeceleration,0.802916,1.432891,0.105928,0.337532,0.000010,0.100644,0.006695,0.006866
14.008160,PassDeceleration,0.802940,1.432916,0.092946,0.296767,0.000043,0.088735,0.005865,0.005951
14.012330,PassDeceleration,0.802960,1.432937,0.079669,0.254708,0.000021,0.076278,0.004864,0.004978
14.016500,PassDeceleration,0.802977,1.432954,0.065883,0.210927,0.000026,0.063254,0.004091,0.004148
14.020660,PassDeceleration,0.802990,1.432967,0.051876,0.165894,0.000039,0.049632,0.003004,0.003119
14.024830,PassDeceleration,0.802999,1.432976,0.037475,0.119297,0.000036,0.035754,0.002089,0.002117
14.029000,PassDeceleration,0.803003,1.432980,0.022919,0.071342,0.000058,0.021613,0.001030,0.001059
14.033160,PassDeceleration,0.803003,1.432981,0.008875,0.022285,0.000064,0.007284,0.000029,0.000057
14.037330,PassDeceleration,0.803001,1.432978,0.006089,0.006244,0.000064,0.000016,-0.000486,-0.000572
14.041500,PassDeceleration,0.803008,1.432985,0.025730,0.099877,0.000057,0.000016,0.001574,0.001631
14.045660,PassDeceleration,0.803031,1.433009,0.078150,0.296151,0.000093,0.000050,0.005579,0.005665
14.049830,PassDeceleration,0.803070,1.433048,0.127432,0.481277,0.000093,0.000057,0.009356,0.009556
14.054000,PassDeceleration,0.803124,1.433103,0.173170,0.655510,0.000036,0.000008,0.012875,0.013103
14.058160,PassDeceleration,0.803191,1.433172,0.215137,0.818960,0.000014,0.000007,0.016136,0.016422
14.062330,PassDeceleration,0.803271,1.433252,0.253232,0.971637,0.000014,0.000058,0.019197,0.019426
14.066490,PassDeceleration,0.803322,1.433305,0.293864,1.119815,0.000021,0.000058,0.012302,0.012589
14.070660,PassDeceleration,0.803221,1.433205,0.351013,1.276020,0.000021,0.000023,-0.024261,-0.024004
14.074830,PassDeceleration,0.803110,1.433095,0.380073,1.398239,0.000010,0.000029,-0.026522,-0.026321
14.078990,PassDeceleration,0.802991,1.432977,0.405008,1.508832,0.000016,0.000008,-0.028553,-0.028410
14.083160,PassDeceleration,0.802865,1.432850,0.425694,1.607668,0.000043,0.000007,-0.030441,-0.030355
14.087330,PassDeceleration,0.802731,1.432717,0.442246,1.694393,0.000064,0.000029,-0.031986,-0.032043
14.091490,PassDeceleration,0.802593,1.432578,0.454872,1.768801,0.000036,0.000021,-0.033216,-0.033302
14.095660,PassDeceleration,0.802450,1.432433,0.463812,1.831033,0.000021,0.000086,-0.034418,-0.034704
14.099830,PassDeceleration,0.802303,1.432285,0.469139,1.880556,0.000021,0.000058,-0.035191,-0.035534
14.103990,PassDeceleration,0.802154,1.432134,0.471081,1.917378,0.000036,0.000011,-0.035820,-0.036335
14.108160,PassDeceleration,0.802003,1.431980,0.469863,1.941486,0.000044,0.000050,-0.036221,-0.036850
14.112330,PassDeceleration,0.801852,1.431826,0.465568,1.952777,0.000039,0.000014,-0.036278,-0.037050
14.116490,PassDeceleration,0.801701,1.431672,0.458569,1.951200,0.000021,0.000030,-0.036221,-0.037079
14.120660,PassDeceleration,0.801551,1.431518,0.448904,1.936925,0.000094,0.000008,-0.035820,-0.036821
14.124830,PassDeceleration,0.801404,1.431367,0.436893,1.909961,0.000073,0.000007,-0.035305,-0.036364
14.128990,PassDeceleration,0.801261,1.431218,0.422520,1.870491,0.000044,0.000057,-0.034475,-0.035734
14.133160,PassDeceleration,0.801121,1.431073,0.406017,1.818609,0.000036,0.000093,-0.033417,-0.034647
14.137330,PassDeceleration,0.800987,1.430933,0.387540,1.754584,0.000036,0.000011,-0.032301,-0.033617
14.141490,PassDeceleration,0.800859,1.430800,0.366962,1.678562,0.000029,0.000000,-0.030642,-0.032043
14.145660,PassDeceleration,0.800738,1.430673,0.344553,1.590772,0.000064,0.000057,-0.028982,-0.030327
14.149830,PassDeceleration,0.800626,1.430555,0.320226,1.491521,0.000029,0.000050,-0.027065,-0.028439
14.153990,PassDeceleration,0.800522,1.430446,0.294047,1.380861,0.000039,0.000021,-0.024862,-0.026178
14.158160,PassDeceleration,0.800428,1.430347,0.265982,1.259057,0.000027,0.000029,-0.022516,-0.023718
14.162330,PassDeceleration,0.800345,1.430259,0.236032,1.126248,0.000029,0.000065,-0.019970,-0.021143
14.166490,PassDeceleration,0.800274,1.430184,0.204031,0.982525,0.000023,0.000036,-0.017052,-0.018053
14.170660,PassDeceleration,0.800215,1.430121,0.170228,0.827953,0.000007,0.000021,-0.014219,-0.015078
14.174830,PassDeceleration,0.800170,1.430074,0.134110,0.662470,0.000059,0.000050,-0.010672,-0.011330
14.178990,PassDeceleration,0.800139,1.430041,0.096206,0.486157,0.000039,0.000036,-0.007439,-0.007954
14.183160,PassDeceleration,0.800124,1.430024,0.056148,0.298820,0.000014,0.000022,-0.003633,-0.003891
14.187330,WaitForClosing,0.800125,1.430025,0.015996,0.100705,0.000029,0.000036,0.000200,0.000229
14.191490,WaitForClosing,0.800124,1.430025,0.035793,0.035859,0.000026,0.000034,-0.000143,0.000000
14.195660,WaitForClosing,0.800125,1.430026,0.104694,0.104767,0.000039,0.000018,0.000086,0.000200
14.199830,WaitForClosing,0.800125,1.430027,0.170845,0.170888,0.000044,0.000023,0.000114,0.000229
14.203990,WaitForClosing,0.800126,1.430028,0.233026,0.233075,0.000021,0.000057,0.000086,0.000229
14.208160,WaitForClosing,0.800126,1.430029,0.291098,0.291134,0.000061,0.000036,0.000200,0.000315
14.212330,WaitForClosing,0.800127,1.430031,0.345085,0.345119,0.000020,0.000016,0.000172,0.000315
14.216490,WaitForClosing,0.800128,1.430032,0.394891,0.394941,0.000027,0.000021,0.000257,0.000343
14.220660,WaitForClosing,0.800129,1.430034,0.440615,0.440650,0.000041,0.000023,0.000200,0.000372
14.224830,WaitForClosing,0.800130,1.430035,0.482158,0.482174,0.000029,0.000016,0.000286,0.000401
14.228990,WaitForClosing,0.800131,1.430037,0.519552,0.519585,0.000021,0.000023,0.000315,0.000429
14.233160,WaitForClosing,0.800133,1.430039,0.552799,0.552849,0.000020,0.000051,0.000315,0.000429
14.237330,WaitForClosing,0.800134,1.430041,0.581906,0.581951,0.000010,0.000030,0.000315,0.000429
14.241490,WaitForClosing,0.800136,1.430043,0.606919,0.606951,0.000054,0.000014,0.000343,0.000515
14.245660,WaitForClosing,0.800137,1.430045,0.627671,0.627690,0.000025,0.000027,0.000315,0.000429
14.249830,WaitForClosing,0.800138,1.430047,0.644332,0.644395,0.000027,0.000000,0.000343,0.000458
14.253990,WaitForClosing,0.800140,1.430049,0.656875,0.656908,0.000016,0.000016,0.000372,0.000515
14.258160,WaitForClosing,0.800142,1.430051,0.665229,0.665276,0.000021,0.000016,0.000401,0.000515
14.262330,WaitForClosing,0.800143,1.430053,0.669447,0.669464,0.000021,0.000018,0.000372,0.000486
14.266490,WaitForClosing,0.800144,1.430055,0.669520,0.669553,0.000016,0.000007,0.000343,0.000486
14.270660,WaitForClosing,0.800146,1.430057,0.665428,0.665474,0.000023,0.000029,0.000372,0.000486
14.274830,WaitForClosing,0.800115,1.430027,0.657283,0.657234,0.000010,0.000065,-0.007410,-0.007296
14.278990,WaitForClosing,0.799859,1.429771,0.647895,0.647491,0.000025,0.000036,-0.061398,-0.061255
14.283160,WaitForClosing,0.799594,1.429507,0.631697,0.631267,0.000029,0.000023,-0.063572,-0.063457
14.287320,WaitForClosing,0.799323,1.429236,0.611265,0.610795,0.000016,0.000016,-0.065088,-0.064917
14.291490,WaitForClosing,0.799050,1.428964,0.586718,0.586220,0.000032,0.000018,-0.065603,-0.065489
14.295660,WaitForClosing,0.798778,1.428692,0.557866,0.557360,0.000020,0.000010,-0.065289,-0.065174
14.299820,WaitForClosing,0.798512,1.428426,0.524827,0.524282,0.000010,0.000023,-0.063915,-0.063829
14.303990,WaitForClosing,0.798255,1.428170,0.487614,0.487056,0.000039,0.000046,-0.061569,-0.061398
14.308160,WaitForClosing,0.798013,1.427929,0.446094,0.445497,0.000021,0.000027,-0.058050,-0.057936
14.312320,WaitForClosing,0.797791,1.427707,0.400342,0.399738,0.000014,0.000010,-0.053415,-0.053329
14.316490,WaitForClosing,0.797592,1.427508,0.350311,0.349709,0.000032,0.000036,-0.047722,-0.047550
14.320660,WaitForClosing,0.797422,1.427339,0.296049,0.295408,0.000007,0.000058,-0.040770,-0.040627
14.324820,WaitForClosing,0.797285,1.427203,0.237557,0.236921,0.000014,0.000041,-0.032902,-0.032787
14.328990,WaitForClosing,0.797185,1.427104,0.174836,0.174224,0.000021,0.000021,-0.023861,-0.023775
14.333160,WaitForClosing,0.797127,1.427046,0.108051,0.107457,0.000053,0.000023,-0.013962,-0.013819
14.337320,WaitForClosing,0.797114,1.427033,0.038084,0.037705,0.000056,0.000058,-0.003147,-0.003033
14.341490,WaitForClosing,0.797125,1.427044,0.012347,0.013293,0.000014,0.000036,0.002518,0.002632
14.345660,WaitForClosing,0.797135,1.427055,0.012456,0.013363,0.000026,0.000000,0.002489,0.002632
14.349820,WaitForClosing,0.797145,1.427066,0.012872,0.013751,0.000010,0.000010,0.002432,0.002546
14.353990,WaitForClosing,0.797155,1.427076,0.013608,0.014447,0.000010,0.000023,0.002432,0.002546
14.358160,WaitForClosing,0.797165,1.427087,0.014675,0.015411,0.000027,0.000012,0.002375,0.002489
14.362320,WaitForClosing,0.797175,1.427097,0.016060,0.016719,0.000023,0.000018,0.002317,0.002432
14.366490,WaitForClosing,0.797184,1.427107,0.017781,0.018325,0.000026,0.000037,0.002260,0.002375
14.370660,WaitForClosing,0.797193,1.427117,0.019552,0.020023,0.000021,0.000037,0.002232,0.002317
14.374820,WaitForClosing,0.797202,1.427126,0.020380,0.020835,0.000026,0.000024,0.002146,0.002317
14.378990,WaitForClosing,0.797211,1.427135,0.019991,0.020458,0.000053,0.000029,0.002146,0.002232
14.383160,WaitForClosing,0.797220,1.427145,0.018445,0.018950,0.000052,0.000057,0.002146,0.002317
14.387320,WaitForClosing,0.797230,1.427155,0.015711,0.016319,0.000059,0.000050,0.002289,0.002403
14.391490,WaitForClosing,0.797240,1.427166,0.011706,0.012634,0.000033,0.000007,0.002375,0.002489
14.395660,WaitForClosing,0.797250,1.427176,0.006548,0.008233,0.000007,0.000007,0.002518,0.002632
14.399820,WaitForClosing,0.797262,1.427188,0.000612,0.005351,0.000000,0.000027,0.002747,0.002861
14.403990,WaitForClosing,0.797273,1.427200,0.000450,0.005237,0.000039,0.000041,0.002689,0.002804
14.408160,WaitForClosing,0.797283,1.427211,0.006543,0.008225,0.000045,0.000058,0.002518,0.002632
14.412320,WaitForClosing,0.797293,1.427221,0.011717,0.012576,0.000018,0.000029,0.002289,0.002403
14.416490,WaitForClosing,0.797302,1.427231,0.015693,0.016300,0.000021,0.000032,0.002174,0.002289
14.420660,WaitForClosing,0.797311,1.427240,0.018426,0.018896,0.000025,0.000023,0.002117,0.002232
14.424820,WaitForClosing,0.797319,1.427249,0.020016,0.020427,0.000014,0.000023,0.001974,0.002089
14.428990,WaitForClosing,0.797327,1.427257,0.020375,0.020771,0.000014,0.000016,0.001974,0.002117
14.433160,WaitForClosing,0.797335,1.427266,0.019562,0.019942,0.000048,0.000018,0.001974,0.002060
14.437320,WaitForClosing,0.797344,1.427275,0.017760,0.018241,0.000016,0.000010,0.002003,0.002174
14.441490,WaitForClosing,0.797352,1.427284,0.016062,0.016611,0.000016,0.000036,0.002089,0.002146
14.445660,WaitForClosing,0.797361,1.427293,0.014706,0.015268,0.000016,0.000007,0.002089,0.002203
14.449820,WaitForClosing,0.797370,1.427302,0.013611,0.014284,0.000010,0.000007,0.002146,0.002232
14.453990,WaitForClosing,0.797379,1.427312,0.012869,0.013556,0.000021,0.000012,0.002089,0.002232
14.458160,WaitForClosing,0.797388,1.427321,0.012449,0.013187,0.000016,0.000007,0.002146,0.002260
14.462320,WaitForClosing,0.797396,1.427330,0.012340,0.013053,0.000032,0.000016,0.002089,0.002174
14.466490,WaitForClosing,0.797405,1.427340,0.012557,0.013259,0.000033,0.000027,0.002117,0.002260
14.470660,WaitForClosing,0.797414,1.427349,0.013037,0.013680,0.000000,0.000007,0.002089,0.002146
14.474820,WaitForClosing,0.797422,1.427358,0.013468,0.014101,0.000007,0.000010,0.002003,0.002146
14.478990,WaitForClosing,0.797431,1.427366,0.013846,0.014436,0.000000,0.000029,0.002031,0.002117
14.483160,WaitForClosing,0.797439,1.427375,0.014094,0.014679,0.000023,0.000014,0.001974,0.002089
14.487320,WaitForClosing,0.797447,1.427384,0.014318,0.014841,0.000059,0.000024,0.001945,0.002060
14.491490,WaitForClosing,0.797455,1.427392,0.014421,0.014944,0.000020,0.000023,0.001945,0.002060
14.495660,WaitForClosing,0.797463,1.427401,0.014416,0.014956,0.000061,0.000024,0.001945,0.002060
14.499820,WaitForClosing,0.797471,1.427409,0.014367,0.014869,0.000016,0.000018,0.001888,0.001974
14.503990,WaitForClosing,0.797479,1.427417,0.014235,0.014750,0.000065,0.000036,0.001917,0.002003
14.508150,WaitForClosing,0.797487,1.427426,0.014084,0.014591,0.000036,0.000016,0.001888,0.002003
14.512320,WaitForClosing,0.797495,1.427434,0.014009,0.014498,0.000007,0.000027,0.001860,0.001974
14.516490,WaitForClosing,0.797503,1.427442,0.013897,0.014418,0.000021,0.000027,0.001860,0.001945
14.520650,WaitForClosing,0.797510,1.427450,0.013844,0.014341,0.000044,0.000010,0.001888,0.001974
14.524820,WaitForClosing,0.797518,1.427458,0.013799,0.014295,0.000020,0.000023,0.001802,0.001945
14.528990,WaitForClosing,0.797525,1.427466,0.013782,0.014272,0.000021,0.000007,0.001802,0.001917
14.533150,WaitForClosing,0.797533,1.427474,0.013792,0.014260,0.000018,0.000016,0.001802,0.001860
14.537320,WaitForClosing,0.797540,1.427482,0.013803,0.014284,0.000039,0.000016,0.001774,0.001917
14.541490,WaitForClosing,0.797548,1.427490,0.013847,0.014285,0.000036,0.000029,0.001774,0.001860
14.545650,WaitForClosing,0.797555,1.427498,0.013840,0.014275,0.000000,0.000056,0.001717,0.001831
14.549820,WaitForClosing,0.797562,1.427505,0.013863,0.014304,0.000021,0.000041,0.001745,0.001831
14.553990,WaitForClosing,0.797569,1.427513,0.013824,0.014266,0.000016,0.000018,0.001717,0.001831
14.558150,WaitForClosing,0.797576,1.427520,0.013872,0.014265,0.000014,0.000018,0.001688,0.001774
14.562320,WaitForClosing,0.797583,1.427527,0.013851,0.014243,0.000014,0.000016,0.001659,0.001745
14.566490,WaitForClosing,0.797590,1.427535,0.013811,0.014229,0.000020,0.000029,0.001688,0.001802
14.570650,WaitForClosing,0.797597,1.427542,0.013798,0.014176,0.000033,0.000032,0.001631,0.001717
14.574820,WaitForClosing,0.797604,1.427549,0.013783,0.014159,0.000026,0.000021,0.001631,0.001717
14.578990,WaitForClosing,0.797611,1.427556,0.013747,0.014110,0.000026,0.000058,0.001631,0.001717
14.583150,WaitForClosing,0.797617,1.427563,0.013742,0.014094,0.000014,0.000029,0.001545,0.001659
14.587320,WaitForClosing,0.797624,1.427570,0.013732,0.014051,0.000023,0.000024,0.001574,0.001688
14.591490,WaitForClosing,0.797630,1.427577,0.013680,0.014045,0.000020,0.000010,0.001574,0.001659
14.595650,WaitForClosing,0.797637,1.427584,0.013696,0.014022,0.000000,0.000029,0.001545,0.001631
14.599820,WaitForClosing,0.797643,1.427591,0.013656,0.013980,0.000014,0.000027,0.001516,0.001602
14.603990,WaitForClosing,0.797649,1.427597,0.013657,0.013959,0.000000,0.000037,0.001488,0.001574
14.608150,WaitForClosing,0.797655,1.427604,0.013624,0.013951,0.000014,0.000016,0.001488,0.001574
14.612320,WaitForClosing,0.797661,1.427610,0.013627,0.013920,0.000036,0.000058,0.001459,0.001574
14.616490,WaitForClosing,0.797668,1.427617,0.013619,0.013869,0.000016,0.000010,0.001459,0.001545
14.620650,WaitForClosing,0.797674,1.427623,0.013599,0.013886,0.000027,0.000044,0.001431,0.001516
14.624820,WaitForClosing,0.797679,1.427629,0.013579,0.013833,0.000036,0.000010,0.001402,0.001488
14.628990,WaitForClosing,0.797685,1.427636,0.013549,0.013810,0.000052,0.000024,0.001402,0.001488
14.633150,WaitForClosing,0.797691,1.427642,0.013534,0.013795,0.000041,0.000007,0.001373,0.001459
14.637320,WaitForClosing,0.797697,1.427648,0.013520,0.013753,0.000010,0.000036,0.001373,0.001516
14.641490,WaitForClosing,0.797702,1.427654,0.013516,0.013718,0.000039,0.000020,0.001345,0.001345
14.645650,WaitForClosing,0.797708,1.427659,0.013457,0.013690,0.000029,0.000010,0.001287,0.001402
14.649820,WaitForClosing,0.797713,1.427665,0.013453,0.013680,0.000021,0.000025,0.001316,0.001402
14.653990,WaitForClosing,0.797718,1.427671,0.013435,0.013622,0.000018,0.000018,0.001259,0.001316
14.658150,WaitForClosing,0.797724,1.427676,0.013402,0.013610,0.000026,0.000029,0.001287,0.001373
14.662320,WaitForClosing,0.797729,1.427682,0.013401,0.013578,0.000041,0.000016,0.001230,0.001316
14.666490,WaitForClosing,0.797734,1.427687,0.013380,0.013549,0.000014,0.000037,0.001230,0.001316
14.670650,WaitForClosing,0.797739,1.427693,0.013379,0.013529,0.000014,0.000036,0.001202,0.001287
14.674820,WaitForClosing,0.797744,1.427698,0.013325,0.013472,0.000023,0.000023,0.001202,0.001259
14.678990,WaitForClosing,0.797749,1.427703,0.013316,0.013435,0.000023,0.000014,0.001173,0.001259
14.683150,WaitForClosing,0.797754,1.427708,0.013292,0.013417,0.000032,0.000016,0.001116,0.001230
14.687320,WaitForClosing,0.797758,1.427713,0.013277,0.013399,0.000050,0.000007,0.001144,0.001202
14.691490,WaitForClosing,0.797763,1.427718,0.013248,0.013353,0.000021,0.000007,0.001116,0.001202
14.695650,WaitForClosing,0.797768,1.427723,0.013216,0.013327,0.000027,0.000021,0.001116,0.001173
14.699820,WaitForClosing,0.797772,1.427728,0.013206,0.013295,0.000018,0.000023,0.001059,0.001144
14.703990,WaitForClosing,0.797777,1.427733,0.013192,0.013258,0.000007,0.000007,0.001087,0.001144
14.708150,WaitForClosing,0.797781,1.427737,0.013175,0.013231,0.000021,0.000032,0.001001,0.001087
14.712320,WaitForClosing,0.797785,1.427742,0.013130,0.013200,0.000020,0.000036,0.001030,0.001116
14.716490,WaitForClosing,0.797789,1.427746,0.013097,0.013146,0.000021,0.000018,0.000973,0.001030
14.720650,WaitForClosing,0.797793,1.427751,0.013084,0.013109,0.000023,0.000018,0.000973,0.001059
14.724820,WaitForClosing,0.797797,1.427755,0.013084,0.013097,0.000027,0.000026,0.000944,0.001001
14.728980,WaitForClosing,0.797801,1.427759,0.013013,0.013050,0.000027,0.000021,0.000944,0.001030
14.733150,WaitForClosing,0.797805,1.427763,0.013033,0.013040,0.000021,0.000016,0.000916,0.000973
14.737320,WaitForClosing,0.797809,1.427767,0.012995,0.012979,0.000018,0.000024,0.000916,0.001001
14.741480,WaitForClosing,0.797812,1.427771,0.012978,0.012949,0.000052,0.000051,0.000887,0.000916
14.745650,WaitForClosing,0.797816,1.427775,0.012918,0.012925,0.000016,0.000043,0.000830,0.000916
14.749820,WaitForClosing,0.797819,1.427779,0.012907,0.012893,0.000020,0.000014,0.000858,0.000887
14.753980,WaitForClosing,0.797823,1.427783,0.012887,0.012859,0.000023,0.000010,0.000830,0.000944
14.758150,WaitForClosing,0.797826,1.427786,0.012862,0.012822,0.000014,0.000024,0.000801,0.000858
14.762320,WaitForClosing,0.797829,1.427790,0.012839,0.012772,0.000007,0.000018,0.000772,0.000830
14.766480,WaitForClosing,0.797832,1.427793,0.012813,0.012750,0.000023,0.000012,0.000744,0.000801
14.770650,WaitForClosing,0.797836,1.427796,0.012786,0.012700,0.000052,0.000046,0.000744,0.000830
14.774820,WaitForClosing,0.797838,1.427800,0.012769,0.012669,0.000044,0.000036,0.000715,0.000744
14.778980,WaitForClosing,0.797841,1.427803,0.012752,0.012639,0.000053,0.000029,0.000715,0.000801
14.783150,WaitForClosing,0.797844,1.427806,0.012686,0.012605,0.000039,0.000021,0.000687,0.000744
14.787320,WaitForClosing,0.797847,1.427809,0.012702,0.012549,0.000007,0.000036,0.000687,0.000715
14.791480,WaitForClosing,0.797850,1.427812,0.012649,0.012547,0.000010,0.000018,0.000658,0.000744
14.795650,WaitForClosing,0.797852,1.427815,0.012636,0.012464,0.000014,0.000018,0.000572,0.000629
14.799820,WaitForClosing,0.797855,1.427817,0.012602,0.012466,0.000010,0.000023,0.000601,0.000658
14.803980,WaitForClosing,0.797857,1.427820,0.012571,0.012424,0.000030,0.000039,0.000601,0.000687
14.808150,WaitForClosing,0.797860,1.427823,0.012549,0.012379,0.000032,0.000026,0.000544,0.000572
14.812320,WaitForClosing,0.797862,1.427825,0.012506,0.012351,0.000020,0.000010,0.000601,0.000629
14.816480,WaitForClosing,0.797864,1.427828,0.012478,0.012297,0.000021,0.000010,0.000486,0.000572
14.820650,WaitForClosing,0.797866,1.427830,0.012457,0.012282,0.000016,0.000016,0.000544,0.000572
14.824820,WaitForClosing,0.797868,1.427832,0.012428,0.012232,0.000034,0.000039,0.000458,0.000515
14.828980,WaitForClosing,0.797870,1.427835,0.012394,0.012194,0.000016,0.000023,0.000486,0.000544
14.833150,WaitForClosing,0.797872,1.427837,0.012374,0.012163,0.000021,0.000021,0.000458,0.000515
14.837320,WaitForClosing,0.797874,1.427839,0.012354,0.012131,0.000027,0.000036,0.000429,0.000458
14.841480,WaitForClosing,0.797876,1.427840,0.012322,0.012090,0.000027,0.000012,0.000372,0.000429
14.845650,WaitForClosing,0.797877,1.427842,0.012299,0.012054,0.000016,0.000037,0.000372,0.000458
14.849820,WaitForClosing,0.797879,1.427844,0.012269,0.012009,0.000016,0.000023,0.000372,0.000401
14.853980,WaitForClosing,0.797880,1.427845,0.012253,0.011971,0.000020,0.000044,0.000343,0.000372
14.858150,WaitForClosing,0.797882,1.427847,0.012203,0.011952,0.000021,0.000012,0.000343,0.000401
14.862320,WaitForClosing,0.797883,1.427849,0.012138,0.011890,0.000026,0.000036,0.000343,0.000343
14.866480,WaitForClosing,0.797884,1.427850,0.012167,0.011888,0.000007,0.000023,0.000257,0.000372
14.870650,WaitForClosing,0.797885,1.427851,0.012130,0.011806,0.000014,0.000021,0.000257,0.000257
14.874820,WaitForClosing,0.797886,1.427852,0.012093,0.011799,0.000010,0.000036,0.000229,0.000286
14.878980,WaitForClosing,0.797887,1.427853,0.012066,0.011740,0.000016,0.000016,0.000229,0.000257
14.883150,WaitForClosing,0.797888,1.427854,0.012021,0.011706,0.000023,0.000007,0.000200,0.000229
14.887320,WaitForClosing,0.797889,1.427855,0.012009,0.011697,0.000016,0.000012,0.000200,0.000257
14.891480,WaitForClosing,0.797889,1.427856,0.011974,0.011629,0.000023,0.000010,0.000143,0.000172
14.895650,WaitForClosing,0.797890,1.427857,0.011953,0.011613,0.000007,0.000012,0.000172,0.000200
14.899820,WaitForClosing,0.797890,1.427858,0.011899,0.011555,0.000046,0.000036,0.000114,0.000172
14.903980,WaitForClosing,0.797891,1.427858,0.011899,0.011536,0.000021,0.000050,0.000114,0.000114
14.908150,WaitForClosing,0.797891,1.427859,0.011857,0.011496,0.000050,0.000010,0.000086,0.000143
14.912320,WaitForClosing,0.797892,1.427859,0.011858,0.011468,0.000059,0.000012,0.000086,0.000086
14.916480,WaitForClosing,0.797892,1.427860,0.011789,0.011408,0.000032,0.000023,0.000000,0.000086
14.920650,WaitForClosing,0.797892,1.427860,0.011745,0.011396,0.000016,0.000007,0.000057,0.000086
14.924820,WaitForClosing,0.797892,1.427860,0.011762,0.011360,0.000000,0.000010,0.000000,0.000029
14.928980,WaitForClosing,0.797892,1.427860,0.011706,0.011298,0.000035,0.000007,0.000000,0.000000
14.933150,WaitForClosing,0.797892,1.427860,0.011691,0.011289,0.000050,0.000023,-0.000057,0.000000
14.937310,WaitForClosing,0.797892,1.427860,0.011640,0.011251,0.000016,0.000021,0.000000,0.000029
14.941480,WaitForClosing,0.797891,1.427860,0.011629,0.011211,0.000034,0.000012,-0.000114,-0.000086
14.945650,WaitForClosing,0.797891,1.427860,0.011607,0.011175,0.000000,0.000010,-0.000086,-0.000057
14.949810,WaitForClosing,0.797890,1.427859,0.011577,0.011148,0.000016,0.000045,-0.000114,-0.000086
14.953980,WaitForClosing,0.797890,1.427859,0.011524,0.011089,0.000016,0.000045,-0.000086,-0.000086
14.958150,WaitForClosing,0.797889,1.427858,0.011515,0.011061,0.000033,0.000030,-0.000200,-0.000172
14.962310,WaitForClosing,0.797888,1.427858,0.011479,0.011042,0.000058,0.000014,-0.000172,-0.000143
14.966480,WaitForClosing,0.797888,1.427857,0.011477,0.011004,0.000039,0.000021,-0.000200,-0.000172
14.970650,WaitForClosing,0.797887,1.427856,0.011418,0.010970,0.000018,0.000007,-0.000200,-0.000172
14.974810,WaitForClosing,0.797886,1.427855,0.011390,0.010927,0.000016,0.000016,-0.000200,-0.000200
14.978980,WaitForClosing,0.797885,1.427854,0.011369,0.010889,0.000029,0.000030,-0.000257,-0.000200
14.983150,WaitForClosing,0.797884,1.427853,0.011355,0.010877,0.000039,0.000035,-0.000257,-0.000229
14.987310,WaitForClosing,0.797883,1.427852,0.011316,0.010832,0.000016,0.000021,-0.000257,-0.000286
14.991480,WaitForClosing,0.797881,1.427851,0.011278,0.010779,0.000044,0.000016,-0.000343,-0.000315
14.995650,WaitForClosing,0.797880,1.427850,0.011266,0.010786,0.000023,0.000021,-0.000315,-0.000315
14.999810,WaitForClosing,0.797878,1.427848,0.011228,0.010734,0.000010,0.000007,-0.000372,-0.000343
15.003980,WaitForClosing,0.797877,1.427847,0.011192,0.010695,0.000016,0.000007,-0.000343,-0.000315
15.008150,WaitForClosing,0.797875,1.427845,0.011199,0.010667,0.000020,0.000036,-0.000401,-0.000372
15.012310,WaitForClosing,0.797874,1.427844,0.011123,0.010651,0.000020,0.000058,-0.000372,-0.000401
15.016480,WaitForClosing,0.797872,1.427842,0.011146,0.010611,0.000052,0.000036,-0.000458,-0.000401
15.020650,WaitForClosing,0.797870,1.427840,0.011073,0.010565,0.000036,0.000010,-0.000429,-0.000401
15.024810,WaitForClosing,0.797868,1.427838,0.011097,0.010566,0.000023,0.000044,-0.000486,-0.000515
15.028980,WaitForClosing,0.797866,1.427836,0.011036,0.010506,0.000023,0.000010,-0.000458,-0.000458
15.033150,WaitForClosing,0.797864,1.427834,0.010985,0.010476,0.000026,0.000029,-0.000486,-0.000458
15.037310,WaitForClosing,0.797862,1.427832,0.011041,0.010478,0.000023,0.000007,-0.000544,-0.000515
15.041480,WaitForClosing,0.797860,1.427830,0.010930,0.010427,0.000016,0.000027,-0.000515,-0.000544
15.045650,WaitForClosing,0.797857,1.427828,0.010958,0.010399,0.000020,0.000057,-0.000572,-0.000572
15.049810,WaitForClosing,0.797855,1.427825,0.010907,0.010388,0.000059,0.000021,-0.000544,-0.000544
15.053980,WaitForClosing,0.797853,1.427823,0.010882,0.010320,0.000044,0.000027,-0.000601,-0.000601
15.058150,WaitForClosing,0.797850,1.427820,0.010898,0.010354,0.000010,0.000041,-0.000629,-0.000601
15.062310,WaitForClosing,0.797847,1.427818,0.010816,0.010278,0.000000,0.000046,-0.000629,-0.000629
15.066480,WaitForClosing,0.797845,1.427815,0.010827,0.010281,0.000007,0.000027,-0.000658,-0.000687
15.070650,WaitForClosing,0.797842,1.427812,0.010790,0.010245,0.000032,0.000025,-0.000658,-0.000629
15.074810,WaitForClosing,0.797839,1.427809,0.010748,0.010203,0.000039,0.000027,-0.000658,-0.000658
15.078980,WaitForClosing,0.797836,1.427806,0.010760,0.010200,0.000014,0.000018,-0.000715,-0.000715
15.083150,WaitForClosing,0.797833,1.427803,0.010722,0.010184,0.000029,0.000026,-0.000715,-0.000772
15.087310,WaitForClosing,0.797830,1.427800,0.010710,0.010133,0.000016,0.000044,-0.000772,-0.000744
15.091480,WaitForClosing,0.797827,1.427797,0.010675,0.010133,0.000059,0.000021,-0.000772,-0.000772
15.095650,WaitForClosing,0.797823,1.427794,0.010654,0.010094,0.000035,0.000012,-0.000772,-0.000744
15.099810,WalkToDestination,0.797820,1.427791,0.010633,0.010083,0.000041,0.000007,-0.000801,-0.000801
15.103980,WalkToDestination,0.795987,1.425957,0.437838,0.438234,0.030071,0.000079,-0.439882,-0.439940
15.108150,WalkToDestination,0.795975,1.425945,0.072111,0.018547,0.089467,0.000008,-0.003033,-0.003033
15.112310,WalkToDestination,0.795956,1.425926,0.115322,0.024603,0.147776,0.000065,-0.004520,-0.004578
15.116480,WalkToDestination,0.795931,1.425901,0.157749,0.030947,0.204951,0.000024,-0.005980,-0.006037
15.120650,WalkToDestination,0.795900,1.425870,0.199625,0.037379,0.261013,0.000022,-0.007410,-0.007439
15.124810,WalkToDestination,0.795862,1.425832,0.240681,0.043797,0.315956,0.000004,-0.009012,-0.009041
15.128980,WalkToDestination,0.795819,1.425788,0.280991,0.050419,0.369800,0.000023,-0.010443,-0.010557
15.133150,WalkToDestination,0.795769,1.425738,0.320466,0.057100,0.422513,0.000016,-0.012016,-0.012102
15.137310,WalkToDestination,0.795713,1.425681,0.359122,0.064037,0.474090,0.000051,-0.013504,-0.013590
15.141480,WalkToDestination,0.795650,1.425618,0.396858,0.071183,0.524537,0.000018,-0.014963,-0.015078
15.145650,WalkToDestination,0.795582,1.425549,0.433608,0.078653,0.573882,0.000014,-0.016451,-0.016565
15.149810,WalkToDestination,0.795507,1.425473,0.469306,0.086510,0.622039,0.000073,-0.018024,-0.018168
15.153980,WalkToDestination,0.795425,1.425392,0.503947,0.094777,0.669097,0.000053,-0.019512,-0.019627
15.158140,WalkToDestination,0.795338,1.425303,0.537286,0.103677,0.715015,0.000016,-0.021000,-0.021172
15.162310,WalkToDestination,0.795244,1.425209,0.569290,0.113362,0.759790,0.000016,-0.022502,-0.022688
15.166480,WalkToDestination,0.795144,1.425108,0.599748,0.123955,0.803406,0.000008,-0.024047,-0.024261
15.170640,WalkToDestination,0.795038,1.425001,0.628645,0.135544,0.845903,0.000022,-0.025506,-0.025721
15.174810,WalkToDestination,0.794924,1.424886,0.655858,0.148198,0.887228,0.000044,-0.027165,-0.027437
15.178980,WalkToDestination,0.794805,1.424766,0.681215,0.162344,0.927419,0.000066,-0.028553,-0.028839
15.183140,WalkToDestination,0.794679,1.424639,0.703309,0.178539,0.966483,0.000008,-0.030298,-0.030556
15.187310,WalkToDestination,0.794547,1.424505,0.723689,0.196579,1.004378,0.000053,-0.031829,-0.032158
15.191480,WalkToDestination,0.794408,1.424365,0.741866,0.216615,1.041130,0.000045,-0.033317,-0.033560
15.195640,WalkToDestination,0.794263,1.424219,0.757474,0.238845,1.076712,0.000000,-0.034733,-0.035105
15.199810,WalkToDestination,0.794112,1.424066,0.770520,0.263291,1.111183,0.000072,-0.036335,-0.036650
15.203980,WalkToDestination,0.793953,1.423906,0.780954,0.290111,1.144483,0.000050,-0.037994,-0.038366
15.208140,WalkToDestination,0.793788,1.423739,0.788555,0.319685,1.176649,0.000036,-0.039654,-0.040054
15.212310,WalkToDestination,0.793615,1.423564,0.793456,0.351620,1.207650,0.000016,-0.041599,-0.041971
15.216480,WalkToDestination,0.793433,1.423381,0.795511,0.386390,1.237553,0.000029,-0.043631,-0.044060
15.220640,WalkToDestination,0.793243,1.423189,0.796682,0.422698,1.266262,0.000010,-0.045576,-0.046034
15.224810,WalkToDestination,0.793044,1.422988,0.791448,0.465086,1.293849,0.000043,-0.047808,-0.048294
15.228980,WalkToDestination,0.792835,1.422777,0.783200,0.510702,1.320323,0.000043,-0.050097,-0.050640
15.233140,WalkToDestination,0.792617,1.422557,0.772056,0.559124,1.345640,0.000010,-0.052271,-0.052814
15.237310,WalkToDestination,0.792391,1.422328,0.758067,0.610478,1.369831,0.000073,-0.054302,-0.054817
15.241480,WalkToDestination,0.792158,1.422093,0.741655,0.664268,1.392874,0.000052,-0.055990,-0.056477
15.245640,WalkToDestination,0.791918,1.421852,0.722805,0.720403,1.414820,0.000059,-0.057449,-0.057850
15.249810,WalkToDestination,0.791682,1.421614,0.710421,0.769687,1.435619,0.000052,-0.056820,-0.057106
15.253980,WalkToDestination,0.791442,1.421373,0.686874,0.831522,1.455319,0.000013,-0.057621,-0.057907
15.258140,WalkToDestination,0.791196,1.421126,0.657797,0.898444,1.473905,0.000032,-0.058966,-0.059080
15.262310,WalkToDestination,0.790946,1.420876,0.627206,0.966649,1.491339,0.000007,-0.060024,-0.060024
15.266480,WalkToDestination,0.790692,1.420623,0.595250,1.035552,1.507689,0.000008,-0.060968,-0.060797
15.270640,WalkToDestination,0.790435,1.420368,0.562529,1.104672,1.522953,0.000044,-0.061612,-0.061255
15.274810,WalkToDestination,0.790179,1.420113,0.530913,1.171413,1.537077,0.000029,-0.061569,-0.061054
15.278980,WalkToDestination,0.789933,1.419871,0.497832,1.240064,1.550127,0.000000,-0.059037,-0.058250
15.283140,WalkToDestination,0.789690,1.419633,0.455379,1.319899,1.562044,0.000018,-0.058136,-0.057106
15.287310,WalkToDestination,0.789448,1.419396,0.414192,1.397566,1.572884,0.000043,-0.058193,-0.056934
15.291480,WalkToDestination,0.789200,1.419153,0.375089,1.471865,1.582656,0.000000,-0.059423,-0.058136
15.295640,WalkToDestination,0.788942,1.418900,0.339463,1.541797,1.591307,0.000044,-0.062041,-0.060682
15.299810,WalkToDestination,0.788665,1.418629,0.308223,1.606676,1.598880,0.000015,-0.066333,-0.065060
15.303980,WalkToDestination,0.788357,1.418327,0.288456,1.705279,1.605370,0.000000,-0.073900,-0.072670
15.308140,WalkToDestination,0.788031,1.418005,0.270813,1.798976,1.610766,0.000007,-0.078306,-0.077162
15.312310,WalkToDestination,0.787688,1.417667,0.249694,1.871401,1.615097,0.000046,-0.082383,-0.081224
15.316480,WalkToDestination,0.787331,1.417314,0.231870,1.919492,1.618343,0.000051,-0.085645,-0.084572
15.320640,WalkToDestination,0.786963,1.416950,0.229749,1.940465,1.620474,0.000064,-0.088291,-0.087318
15.324810,WalkToDestination,0.786588,1.416578,0.258782,1.931703,1.621587,0.000043,-0.090122,-0.089293
15.328980,WalkToDestination,0.786213,1.416207,0.294889,1.890376,1.621555,0.000030,-0.089922,-0.089178
15.333140,WalkToDestination,0.785823,1.415819,0.385307,1.877709,1.620485,0.000045,-0.093527,-0.092983
15.337310,WalkToDestination,0.785421,1.415418,0.462240,1.875183,1.618356,0.000102,-0.096531,-0.096245
15.341480,WalkToDestination,0.785010,1.415008,0.517180,1.884138,1.615057,0.000023,-0.098648,-0.098562
15.345640,WalkToDestination,0.784594,1.414591,0.545728,1.905701,1.610802,0.000058,-0.099878,-0.100050
15.349810,WalkToDestination,0.784177,1.414172,0.544929,1.940841,1.605365,0.000048,-0.100136,-0.100565
15.353980,WalkToDestination,0.783789,1.413781,0.484075,1.944519,1.598897,0.000045,-0.092926,-0.093727
15.358140,WalkToDestination,0.783407,1.413394,0.509143,1.966316,1.591284,0.000016,-0.091810,-0.092983
15.362310,WalkToDestination,0.783020,1.413000,0.528516,1.977948,1.582681,0.000000,-0.092897,-0.094585
15.366480,WalkToDestination,0.782618,1.412589,0.539584,1.977577,1.572852,0.000059,-0.096388,-0.098505
15.370640,WalkToDestination,0.781415,1.411376,0.595727,1.863691,1.562084,0.000023,-0.288820,-0.291309
15.374810,WalkToDestination,0.779956,1.409906,0.613300,1.809465,1.550086,0.000013,-0.350018,-0.352736
15.378970,WalkToDestination,0.778448,1.408386,0.649575,1.810998,1.537098,0.000015,-0.362005,-0.364752
15.383140,WalkToDestination,0.775899,1.405825,0.804225,1.691407,1.522968,0.000014,-0.611773,-0.614576
15.387310,WalkToDestination,0.773327,1.403242,0.797716,1.661400,1.507701,0.000032,-0.617166,-0.620041
15.391470,WalkToDestination,0.770740,1.400642,0.783718,1.625244,1.491311,0.000010,-0.621071,-0.623875
15.395640,WalkToDestination,0.768141,1.398033,0.762813,1.583476,1.473901,0.000007,-0.623617,-0.626307
15.399810,WalkToDestination,0.765539,1.395419,0.735292,1.536407,1.455324,0.000023,-0.624647,-0.627222
15.403970,WalkToDestination,0.762946,1.392817,0.710580,1.495833,1.435590,0.000015,-0.622230,-0.624619
15.408140,WalkToDestination,0.760392,1.390254,0.707727,1.484179,1.414874,0.000014,-0.612960,-0.615006
15.412310,WalkToDestination,0.757865,1.387720,0.675186,1.440057,1.392884,0.000014,-0.606566,-0.608196
15.416470,WalkToDestination,0.755368,1.385217,0.640183,1.393799,1.369784,0.000050,-0.599213,-0.600615
15.420640,WalkToDestination,0.752907,1.382752,0.603437,1.345886,1.345649,0.000010,-0.590701,-0.591803
15.424810,WalkToDestination,0.750485,1.380326,0.566050,1.296979,1.320330,0.000013,-0.581102,-0.582075
15.428970,WalkToDestination,0.748110,1.377946,0.529277,1.247673,1.293833,0.000102,-0.570202,-0.571146
15.433140,WalkToDestination,0.745785,1.375618,0.494524,1.198502,1.266281,0.000016,-0.557942,-0.558929
15.437310,WalkToDestination,0.743507,1.373335,0.450928,1.136591,1.237548,0.000028,-0.546670,-0.547772
15.441470,WalkToDestination,0.741300,1.371124,0.425359,1.096844,1.207669,0.000036,-0.529704,-0.530806
15.445640,WalkToDestination,0.739175,1.368994,0.400773,1.058704,1.176636,0.000044,-0.509906,-0.511093
15.449810,WalkToDestination,0.737144,1.366958,0.378692,1.022262,1.144482,0.000032,-0.487561,-0.488749
15.453970,WalkToDestination,0.735217,1.365026,0.360503,0.987989,1.111155,0.000052,-0.462470,-0.463686
15.458140,WalkToDestination,0.733405,1.363209,0.347990,0.956148,1.076717,0.000044,-0.434761,-0.435963
15.462310,WalkToDestination,0.731719,1.361518,0.342683,0.927069,1.041167,0.000021,-0.404806,-0.405951
15.466470,WalkToDestination,0.730167,1.359961,0.345617,0.900798,1.004328,0.000013,-0.372391,-0.373535
15.470640,WalkToDestination,0.728761,1.358551,0.357538,0.879286,0.966456,0.000031,-0.337343,-0.338373
15.474810,WalkToDestination,0.727517,1.357303,0.388308,0.861226,0.927467,0.000010,-0.298705,-0.299606
15.478970,WalkToDestination,0.726430,1.356212,0.423916,0.838872,0.887241,0.000041,-0.260825,-0.261726
15.483140,WalkToDestination,0.725506,1.355285,0.458835,0.824309,0.845906,0.000016,-0.221658,-0.222502
15.487310,WalkToDestination,0.724753,1.354528,0.491656,0.816450,0.803440,0.000032,-0.180888,-0.181704
15.491470,WalkToDestination,0.724174,1.353946,0.522161,0.814025,0.759757,0.000046,-0.138888,-0.139761
15.495640,WalkToDestination,0.723775,1.353544,0.550721,0.816180,0.715000,0.000013,-0.095658,-0.096445
15.499810,WalkToDestination,0.723561,1.353326,0.578013,0.821826,0.669100,0.000031,-0.051484,-0.052328
15.503970,WalkToDestination,0.723535,1.353296,0.604746,0.830414,0.622044,0.000038,-0.006323,-0.007181
15.508140,WalkToDestination,0.723699,1.353457,0.631667,0.841285,0.573888,0.000048,0.039496,0.038652
15.512310,WalkToDestination,0.724057,1.353811,0.659246,0.853692,0.524530,0.000063,0.085888,0.085030
15.516470,WalkToDestination,0.724610,1.354361,0.687974,0.867391,0.474087,0.000052,0.132608,0.131807
15.520640,WalkToDestination,0.725357,1.355105,0.718192,0.881526,0.422535,0.000007,0.179486,0.178728
15.524810,WalkToDestination,0.726300,1.356045,0.750025,0.896078,0.369741,0.000016,0.226321,0.225620
15.528970,WalkToDestination,0.725998,1.355740,0.712180,0.791396,0.316028,0.000023,-0.072656,-0.073299
15.533140,WalkToDestination,0.726479,1.356219,0.750404,0.837177,0.260995,0.000034,0.115628,0.115070
15.537310,WalkToDestination,0.727938,1.357676,0.847834,0.930283,0.204976,0.000040,0.350018,0.349588
15.541470,WalkToDestination,0.729396,1.359133,0.864311,0.920680,0.147746,0.000067,0.350003,0.349674
15.545640,WalkToDestination,0.729201,1.358937,0.803439,0.817033,0.089502,0.000016,-0.046849,-0.047064
15.549810,WalkToDestination,0.727743,1.357478,0.896730,0.890326,0.030038,0.000072,-0.350003,-0.350046
15.553970,WalkToDestination,0.729122,1.358857,0.331047,0.331008,0.000048,0.000016,0.330977,0.330935
15.558140,WalkToDestination,0.726720,1.356459,1.139165,1.118507,0.000067,0.034550,-0.576310,-0.575466
15.562310,WalkToDestination,0.724451,1.354193,1.141628,1.125439,0.000115,0.108247,-0.544610,-0.543966
15.566470,WalkToDestination,0.722346,1.352089,1.145952,1.131124,0.000048,0.188681,-0.505257,-0.504856
15.570640,WalkToDestination,0.720438,1.350182,1.154409,1.135905,0.000026,0.275980,-0.457907,-0.457678
15.574810,WalkToDestination,0.718762,1.348506,1.169591,1.140200,0.000029,0.369975,-0.402346,-0.402317
15.578970,WalkToDestination,0.717351,1.347095,1.194968,1.144287,0.000023,0.470728,-0.338602,-0.338774
15.583140,WalkToDestination,0.716240,1.345983,1.234328,1.148187,0.000072,0.578078,-0.266576,-0.266819
15.587310,WalkToDestination,0.715463,1.345204,1.291740,1.152269,0.000066,0.692164,-0.186582,-0.186911
15.591470,WalkToDestination,0.715051,1.344791,1.371328,1.156321,0.000014,0.812623,-0.098891,-0.099220
15.595640,WalkToDestination,0.715036,1.344775,1.469928,1.164262,0.000007,0.937608,-0.003605,-0.003834
15.599800,WalkToDestination,0.715433,1.345172,1.537906,1.160096,0.000023,1.052770,0.095415,0.095301
15.603970,WalkToDestination,0.716237,1.345975,1.588949,1.142566,0.000029,1.154435,0.192890,0.192862
15.608140,WalkToDestination,0.717438,1.347176,1.643815,1.128986,0.000026,1.253263,0.288191,0.288076
15.612300,WalkToDestination,0.718902,1.348639,1.694646,1.119348,0.000050,1.349362,0.351405,0.351276
15.616470,WalkToDestination,0.720387,1.350124,1.731945,1.110117,0.000023,1.442712,0.356455,0.356226
15.620640,WalkToDestination,0.721900,1.351635,1.767710,1.100406,0.000007,1.533329,0.363135,0.362806
15.624800,WalkToDestination,0.723448,1.353181,1.801951,1.090036,0.000032,1.621135,0.371475,0.371046
15.628970,WalkToDestination,0.725037,1.354768,1.831204,1.070430,0.000048,1.706183,0.381446,0.380888
15.633140,WalkToDestination,0.726675,1.356403,1.869368,1.055096,0.000007,1.788340,0.393019,0.392304
15.637300,WalkToDestination,0.728367,1.358092,1.909610,1.044723,0.000023,1.867872,0.406108,0.405350
15.641470,WalkToDestination,0.730119,1.359841,1.948266,1.034549,0.000058,1.944448,0.420513,0.419884
15.645640,WalkToDestination,0.731936,1.361657,1.985324,1.024601,0.000026,2.018360,0.436091,0.435648
15.649800,WalkToDestination,0.733822,1.363542,2.020906,1.014903,0.000010,2.089400,0.452685,0.452557
15.653970,WalkToDestination,0.735781,1.365502,2.055047,1.005414,0.000029,2.157665,0.470080,0.470409
15.658140,WalkToDestination,0.737814,1.367539,2.087930,0.996221,0.000016,2.223203,0.487990,0.488892
15.662300,WalkToDestination,0.739924,1.369655,2.102860,0.951311,0.000036,2.285842,0.506215,0.507660
15.666470,WalkToDestination,0.742111,1.371849,2.134576,0.921348,0.000007,2.345872,0.524941,0.526772
15.670640,WalkToDestination,0.744376,1.374124,2.173919,0.909481,0.000025,2.403022,0.543752,0.545940
15.674800,WalkToDestination,0.746720,1.376478,2.210693,0.898554,0.000078,2.457483,0.562391,0.564966
15.678970,WalkToDestination,0.749139,1.378909,2.244791,0.888314,0.000029,2.509208,0.580545,0.583448
15.683140,WalkToDestination,0.751630,1.381414,2.276100,0.878937,0.000061,2.558224,0.597925,0.601130
15.687300,WalkToDestination,0.754190,1.383989,2.304584,0.870141,0.000018,2.604624,0.614419,0.617981
15.691470,WalkToDestination,0.756814,1.386629,2.330057,0.862053,0.000043,2.648257,0.629740,0.633545
15.695640,WalkToDestination,0.759402,1.389233,2.337541,0.829375,0.000021,2.689262,0.621057,0.625134
15.699800,WalkToDestination,0.761325,1.391175,2.300797,0.808624,0.000051,2.727620,0.461569,0.466032
15.703970,WalkToDestination,0.763235,1.393104,2.326105,0.799027,0.000029,2.763421,0.458322,0.462942
15.708140,WalkToDestination,0.765127,1.395015,2.345714,0.789882,0.000016,2.796560,0.454145,0.458708
15.712300,WalkToDestination,0.766997,1.396904,2.359520,0.781020,0.000014,2.827107,0.448937,0.453301
15.716470,WalkToDestination,0.768842,1.398765,2.367430,0.772292,0.000007,2.855207,0.442700,0.446663
15.720640,WalkToDestination,0.770656,1.400594,2.369318,0.763594,0.000010,2.880628,0.435319,0.438824
15.724800,WalkToDestination,0.772434,1.402384,2.365387,0.755036,0.000023,2.903648,0.426650,0.429697
15.728970,WalkToDestination,0.774165,1.404127,2.377666,0.772716,0.000007,2.924113,0.415607,0.418224
15.733140,WalkToDestination,0.775851,1.405822,2.414964,0.778781,0.000044,2.942086,0.404620,0.406923
15.737300,WalkToDestination,0.777492,1.407471,2.432748,0.770925,0.000007,2.957570,0.393848,0.395823
15.741470,WalkToDestination,0.779086,1.409072,2.433594,0.764398,0.000007,2.970653,0.382547,0.384235
15.745640,WalkToDestination,0.780631,1.410623,2.417628,0.759362,0.000032,2.981232,0.370817,0.372133
15.749800,WalkToDestination,0.782126,1.412121,2.384880,0.756537,0.000029,2.989360,0.358629,0.359602
15.753970,WalkToDestination,0.783568,1.413566,2.335556,0.757187,0.000058,2.995103,0.346155,0.346813
15.758140,WalkToDestination,0.784957,1.414957,2.270137,0.762779,0.000029,2.998396,0.333452,0.333767
15.762300,WalkToDestination,0.786296,1.416296,2.182486,0.742650,0.000044,2.999237,0.321407,0.321350
15.766470,WalkToDestination,0.787576,1.417574,2.111079,0.740444,0.000007,2.997710,0.307159,0.306759
15.770640,WalkToDestination,0.788792,1.418787,2.056168,0.755633,0.000010,2.993707,0.291853,0.291081
15.774800,WalkToDestination,0.789943,1.419933,2.011330,0.766880,0.000036,2.987264,0.276117,0.275030
15.778970,WalkToDestination,0.791027,1.421011,1.976396,0.771736,0.000051,2.978431,0.260239,0.258808
15.783140,WalkToDestination,0.792044,1.422021,1.951155,0.769146,0.000086,2.967125,0.244045,0.242214
15.787300,WalkToDestination,0.792993,1.422961,1.935563,0.758712,0.000044,2.953368,0.227823,0.225706
15.791470,WalkToDestination,0.793874,1.423832,1.929526,0.741422,0.000016,2.937192,0.211458,0.209026
15.795640,WalkToDestination,0.794700,1.424646,1.913259,0.659094,0.000065,2.918446,0.198069,0.195265
15.799800,WalkToDestination,0.795465,1.425397,1.896045,0.623126,0.000051,2.897254,0.183621,0.180330
15.803970,WalkToDestination,0.796157,1.426074,1.880476,0.621543,0.000043,2.873617,0.166268,0.162449
15.808140,WalkToDestination,0.796773,1.426672,1.860006,0.617969,0.000029,2.847348,0.147729,0.143480
15.812300,WalkToDestination,0.797305,1.427184,1.834662,0.612503,0.000029,2.818593,0.127688,0.123024
15.816470,WalkToDestination,0.797748,1.427607,1.804788,0.605301,0.000036,2.787299,0.106201,0.101366
15.820630,WalkToDestination,0.798095,1.427933,1.770798,0.596603,0.000029,2.753332,0.083284,0.078421
15.824800,WalkToDestination,0.798339,1.428158,1.732976,0.586951,0.000010,2.716851,0.058651,0.054016
15.828970,WalkToDestination,0.798466,1.428268,1.709215,0.634099,0.000016,2.677729,0.030527,0.026350
15.833130,WalkToDestination,0.798485,1.428270,1.690169,0.661772,0.000065,2.635928,0.004463,0.000515
15.837300,WalkToDestination,0.798399,1.428170,1.661731,0.657421,0.000021,2.591533,-0.020485,-0.024147
15.841470,WalkToDestination,0.797830,1.427586,1.600711,0.708803,0.000051,2.544406,-0.136671,-0.140047
15.845630,WalkToDestination,0.796858,1.426602,1.552383,0.755268,0.000023,2.494613,-0.233173,-0.236177
15.849800,WalkToDestination,0.795823,1.425556,1.527721,0.747752,0.000052,2.442063,-0.248394,-0.251055
15.853970,WalkToDestination,0.794725,1.424448,1.502728,0.741983,0.000007,2.386847,-0.263672,-0.265904
15.858130,WalkToDestination,0.793564,1.423279,1.477919,0.738531,0.000059,2.328873,-0.278692,-0.280552
15.862300,WalkToDestination,0.792328,1.422038,1.467649,0.771049,0.000000,2.268083,-0.296574,-0.297918
15.866470,WalkToDestination,0.791016,1.420723,1.457090,0.788302,0.000052,2.204578,-0.314770,-0.315514
15.870630,WalkToDestination,0.789636,1.419342,1.439360,0.787785,0.000052,2.138285,-0.331278,-0.331421
15.874800,WalkToDestination,0.788190,1.417898,1.422345,0.789806,0.000014,2.069235,-0.346985,-0.346699
15.878970,WalkToDestination,0.786682,1.416392,1.406136,0.794937,0.000059,1.997359,-0.361962,-0.361347
15.883130,WalkToDestination,0.785114,1.414827,1.390673,0.803750,0.000014,1.922687,-0.376382,-0.375567
15.887300,WalkToDestination,0.783488,1.413206,1.376173,0.816518,0.000090,1.845231,-0.390072,-0.389185
15.891470,WalkToDestination,0.781809,1.411530,1.362490,0.833768,0.000102,1.765032,-0.403004,-0.402174
15.895630,WalkToDestination,0.780082,1.409805,1.346310,0.845722,0.000096,1.681951,-0.414648,-0.414019
15.899800,WalkToDestination,0.778301,1.408026,1.337624,0.863782,0.000084,1.596107,-0.427351,-0.426836
15.903970,WalkToDestination,0.776461,1.406188,1.332363,0.888243,0.000052,1.507507,-0.441628,-0.441141
15.908130,WalkToDestination,0.774559,1.404288,1.328082,0.914275,0.000007,1.416164,-0.456533,-0.456104
15.912300,WalkToDestination,0.772591,1.402322,1.324858,0.941938,0.000068,1.321975,-0.472212,-0.471897
15.916470,WalkToDestination,0.770554,1.400286,1.322935,0.971477,0.000029,1.225030,-0.488820,-0.488520
15.920630,WalkToDestination,0.768445,1.398178,1.322574,1.002753,0.000016,1.125464,-0.506215,-0.505915
15.924800,WalkToDestination,0.769148,1.398881,0.402792,0.407860,0.000016,0.054957,0.168600,0.168600
15.928970,WalkToDestination,0.769232,1.398965,0.391745,0.418895,0.000054,0.062280,0.020227,0.020256
15.933130,WalkToDestination,0.768635,1.398368,0.435021,0.488701,0.000036,0.074834,-0.143237,-0.143194
15.937300,WalkToDestination,0.769503,1.399236,0.503122,0.543798,0.000036,0.089537,0.208240,0.208283
15.941470,WalkToDestination,0.770419,1.400153,0.536026,0.586653,0.000016,0.104673,0.220013,0.220070
15.945630,WalkToDestination,0.771383,1.401117,0.568601,0.628154,0.000090,0.119563,0.231299,0.231371
15.949800,WalkToDestination,0.772390,1.402124,0.600599,0.668149,0.000064,0.133711,0.241628,0.241699
15.953970,WalkToDestination,0.773437,1.403172,0.632310,0.706624,0.000032,0.147038,0.251370,0.251484
15.958130,WalkToDestination,0.774522,1.404257,0.663669,0.743635,0.000066,0.159236,0.260325,0.260439
15.962300,WalkToDestination,0.775641,1.405377,0.694700,0.779364,0.000010,0.170279,0.268564,0.268679
15.966470,WalkToDestination,0.776792,1.406529,0.725132,0.813422,0.000016,0.180240,0.276346,0.276432
15.970630,WalkToDestination,0.777502,1.407239,0.712850,0.819319,0.000090,0.188931,0.170260,0.170403
15.974800,WalkToDestination,0.776043,1.405780,0.772021,0.921267,0.000016,0.196394,-0.350018,-0.349960
15.978970,WalkToDestination,0.775046,1.404783,0.330591,0.478831,0.000061,0.202615,-0.239382,-0.239325
15.983130,WalkToDestination,0.774682,1.404420,0.122108,0.126341,0.000014,0.207556,-0.087290,-0.087233
15.987300,WalkToDestination,0.774322,1.404059,0.124929,0.124562,0.000030,0.211272,-0.086546,-0.086517
15.991470,WalkToDestination,0.773966,1.403704,0.126983,0.122369,0.000029,0.213589,-0.085430,-0.085373
15.995630,WalkToDestination,0.773615,1.403353,0.128111,0.119939,0.000010,0.214714,-0.084071,-0.084114
15.999800,WalkToDestination,0.773272,1.403010,0.128499,0.117325,0.000007,0.214552,-0.082326,-0.082340
16.003970,WalkToDestination,0.772937,1.402675,0.128075,0.114594,0.000036,0.213016,-0.080452,-0.080481
16.008130,WalkToDestination,0.772612,1.402349,0.126799,0.111554,0.000045,0.210243,-0.078092,-0.078163
16.012300,WalkToDestination,0.772297,1.402034,0.124740,0.108399,0.000029,0.206167,-0.075517,-0.075531
16.016470,WalkToDestination,0.771995,1.401731,0.121792,0.104936,0.000080,0.200792,-0.072641,-0.072699
16.020640,WalkToDestination,0.771705,1.401441,0.118068,0.101165,0.000036,0.194074,-0.069466,-0.069580
16.024800,WalkToDestination,0.771430,1.401166,0.113378,0.096969,0.000016,0.186047,-0.066032,-0.066090
16.028970,WalkToDestination,0.771170,1.400906,0.107922,0.092292,0.000061,0.176752,-0.062313,-0.062342
16.033140,WalkToDestination,0.770927,1.400663,0.101415,0.087007,0.000061,0.166164,-0.058336,-0.058365
16.037310,WalkToDestination,0.770702,1.400438,0.094074,0.080879,0.000072,0.154234,-0.054073,-0.054102
16.041470,WalkToDestination,0.770495,1.400231,0.085680,0.074184,0.000048,0.140995,-0.049553,-0.049553
16.045640,WalkToDestination,0.770309,1.400045,0.076471,0.066490,0.000129,0.126453,-0.044775,-0.044804
16.049810,WalkToDestination,0.770143,1.399878,0.066307,0.058109,0.000026,0.110591,-0.039883,-0.039883
16.053980,WalkToDestination,0.769999,1.399735,0.055114,0.048797,0.000032,0.093403,-0.034504,-0.034504
16.058140,WalkToDestination,0.769878,1.399614,0.043454,0.038824,0.000029,0.074945,-0.029011,-0.029011
16.062310,WalkToDestination,0.769781,1.399516,0.031494,0.029023,0.000014,0.055159,-0.023346,-0.023346
16.066480,WalkToDestination,0.769709,1.399444,0.021121,0.020778,0.000021,0.034081,-0.017338,-0.017366
16.070650,WalkToDestination,0.769662,1.399398,0.018554,0.019052,0.000026,0.011643,-0.011158,-0.011101
16.074810,WalkToDestination,0.769653,1.399389,0.019785,0.011672,0.044004,0.000010,-0.002131,-0.002174
16.078980,WalkToDestination,0.769705,1.399441,0.057742,0.041460,0.130531,0.000029,0.012403,0.012503
16.083150,WalkToDestination,0.769828,1.399565,0.108619,0.089195,0.214520,0.000126,0.029640,0.029755
16.087320,WalkToDestination,0.770021,1.399758,0.159814,0.136561,0.296113,0.000126,0.046320,0.046463
16.091480,WalkToDestination,0.770281,1.400019,0.209748,0.182613,0.375232,0.000039,0.062313,0.062513
16.095650,WalkToDestination,0.770604,1.400343,0.258298,0.227404,0.451891,0.000033,0.077534,0.077763
16.099820,WalkToDestination,0.770988,1.400728,0.305316,0.270668,0.525952,0.000052,0.092082,0.092297
16.103990,WalkToDestination,0.771429,1.401169,0.350588,0.312503,0.597653,0.000016,0.105786,0.106058
16.108150,WalkToDestination,0.771923,1.401665,0.394335,0.352905,0.666716,0.000016,0.118589,0.118904
16.112320,WalkToDestination,0.772467,1.402211,0.436354,0.391816,0.733298,0.000032,0.130577,0.130978
16.116490,WalkToDestination,0.773057,1.402803,0.476770,0.429304,0.797352,0.000020,0.141678,0.142078
16.120660,WalkToDestination,0.773690,1.403437,0.515358,0.465168,0.858730,0.000077,0.151892,0.152206
16.124820,WalkToDestination,0.774362,1.404110,0.552380,0.499685,0.917718,0.000039,0.161190,0.161619
16.128990,WalkToDestination,0.775068,1.404818,0.587628,0.532708,0.974030,0.000039,0.169487,0.169973
16.133160,WalkToDestination,0.775805,1.405558,0.621175,0.564178,1.027783,0.000039,0.177040,0.177498
16.137330,WalkToDestination,0.776570,1.406325,0.653078,0.594251,1.079006,0.000018,0.183506,0.184021
16.141490,WalkToDestination,0.777358,1.407115,0.683223,0.622796,1.127637,0.000029,0.189142,0.189629
16.145660,WalkToDestination,0.778166,1.407925,0.711757,0.649948,1.173718,0.000059,0.193920,0.194378
16.149830,WalkToDestination,0.778990,1.408751,0.738361,0.675454,1.217292,0.000044,0.197783,0.198326
16.154000,WalkToDestination,0.779827,1.409590,0.763554,0.699717,1.258240,0.000014,0.200787,0.201273
16.158160,WalkToDestination,0.780672,1.410438,0.786822,0.722329,1.296689,0.000020,0.202932,0.203505
16.162330,WalkToDestination,0.781524,1.411291,0.808601,0.743630,1.332649,0.000027,0.204334,0.204878
16.166500,WalkToDestination,0.782378,1.412148,0.828632,0.763427,1.366089,0.000007,0.204935,0.205479
16.170670,WalkToDestination,0.783231,1.413003,0.846975,0.781819,1.397014,0.000007,0.204763,0.205336
16.174840,WalkToDestination,0.784080,1.413854,0.863709,0.798719,1.425474,0.000053,0.203819,0.204334
16.179000,WalkToDestination,0.784923,1.414700,0.878775,0.814292,1.451507,0.000039,0.202332,0.202932
16.183170,WalkToDestination,0.785757,1.415536,0.892152,0.828295,1.475141,0.000016,0.200071,0.200615
16.187340,WalkToDestination,0.786579,1.416360,0.903971,0.841067,1.496292,0.000027,0.197268,0.197840
16.191510,WalkToDestination,0.787387,1.417170,0.914157,0.852278,1.515032,0.000020,0.193892,0.194407
16.195670,WalkToDestination,0.788178,1.417964,0.922752,0.862178,1.531447,0.000059,0.189886,0.190458
16.199840,WalkToDestination,0.788950,1.418739,0.929747,0.870704,1.545443,0.000098,0.185452,0.186024
16.204010,WalkToDestination,0.789703,1.419494,0.935185,0.877828,1.557086,0.000066,0.180602,0.181131
16.208180,WalkToDestination,0.790433,1.420226,0.939024,0.883499,1.566422,0.000010,0.175252,0.175753
16.212340,WalkToDestination,0.791140,1.420935,0.941298,0.887857,1.573372,0.000007,0.169559,0.170088
16.216510,WalkToDestination,0.791821,1.421618,0.942178,0.890923,1.578017,0.000051,0.163550,0.164080
16.220680,WalkToDestination,0.792476,1.422276,0.941394,0.892525,1.580359,0.000043,0.157228,0.157728
16.224850,WalkToDestination,0.793104,1.422905,0.939122,0.892784,1.580344,0.000023,0.150647,0.151148
16.229010,WalkToDestination,0.793704,1.423507,0.935374,0.891709,1.578031,0.000036,0.143910,0.144339
16.233180,WalkToDestination,0.794274,1.424079,0.930287,0.889320,1.573395,0.000043,0.136814,0.137301
16.237350,WalkToDestination,0.794815,1.424622,0.923609,0.885455,1.566385,0.000044,0.129805,0.130291
16.241520,WalkToDestination,0.795325,1.425134,0.915566,0.880481,1.557100,0.000072,0.122623,0.123024
16.245680,WalkToDestination,0.795806,1.425617,0.906086,0.873975,1.545446,0.000086,0.115356,0.115786
16.249850,WalkToDestination,0.796257,1.426069,0.895192,0.866220,1.531418,0.000087,0.108118,0.108519
16.254020,WalkToDestination,0.796677,1.426491,0.883004,0.857092,1.515068,0.000032,0.100794,0.101223
16.258190,WalkToDestination,0.797067,1.426882,0.869399,0.846672,1.496268,0.000029,0.093613,0.093956
16.262350,WalkToDestination,0.797427,1.427244,0.854449,0.834924,1.475115,0.000007,0.086575,0.086918
16.266520,WalkToDestination,0.797759,1.427577,0.838245,0.821811,1.451517,0.000064,0.079508,0.079880
16.270690,WalkToDestination,0.798062,1.427881,0.820696,0.807367,1.425501,0.000036,0.072699,0.073013
16.274860,WalkToDestination,0.798337,1.428158,0.801874,0.791679,1.397000,0.000029,0.066061,0.066376
16.279020,WalkToDestination,0.798585,1.428407,0.781873,0.774559,1.366081,0.000029,0.059509,0.059795
16.283190,WalkToDestination,0.798807,1.428631,0.760464,0.756172,1.332645,0.000073,0.053387,0.053673
16.287360,WalkToDestination,0.799005,1.428829,0.737977,0.736421,1.296688,0.000016,0.047421,0.047693
16.291530,WalkToDestination,0.799179,1.429004,0.714247,0.715381,1.258253,0.000079,0.041714,0.041943
16.295690,WalkToDestination,0.799330,1.429157,0.689253,0.692957,1.217259,0.000020,0.036378,0.036621
16.299860,WalkToDestination,0.799461,1.429288,0.663144,0.669236,1.173722,0.000045,0.031343,0.031586
16.304030,WalkToDestination,0.799572,1.429400,0.635832,0.644155,1.127646,0.000014,0.026593,0.026779
16.308200,WalkToDestination,0.799664,1.429493,0.607435,0.617748,1.079004,0.000023,0.022259,0.022430
16.312360,WalkToDestination,0.799740,1.429570,0.577824,0.589992,1.027815,0.000044,0.018253,0.018425
16.316530,WalkToDestination,0.799801,1.429632,0.547031,0.560891,0.974017,0.000026,0.014634,0.014820
16.320700,WalkToDestination,0.799849,1.429680,0.515202,0.530426,0.917683,0.000045,0.011444,0.011559
16.324870,WalkToDestination,0.799885,1.429716,0.482123,0.498599,0.858781,0.000079,0.008540,0.008583
16.329030,WalkToDestination,0.799910,1.429741,0.448055,0.465482,0.797319,0.000036,0.006008,0.006123
16.333200,WalkToDestination,0.799926,1.429758,0.412776,0.430957,0.733301,0.000058,0.003891,0.003977
16.337370,WalkToDestination,0.799935,1.429767,0.376458,0.395054,0.666719,0.000044,0.002117,0.002203
16.341540,WalkToDestination,0.799938,1.429770,0.338878,0.357855,0.597657,0.000029,0.000744,0.000772
16.345710,WalkToDestination,0.799937,1.429769,0.300193,0.319243,0.525959,0.000116,-0.000286,-0.000229
16.349870,WalkToDestination,0.799931,1.429764,0.260508,0.279282,0.451894,0.000130,-0.001230,-0.001230
16.354040,WalkToDestination,0.799925,1.429757,0.219692,0.237935,0.375213,0.000043,-0.001659,-0.001659
16.358210,WalkToDestination,0.799917,1.429750,0.177826,0.195288,0.296121,0.000050,-0.001860,-0.001860
16.362380,WalkToDestination,0.799909,1.429742,0.135059,0.151224,0.214534,0.000023,-0.001917,-0.001945
16.366540,WalkToDestination,0.799901,1.429734,0.092062,0.105860,0.130509,0.000129,-0.001831,-0.001860
16.370710,WalkToDestination,0.799895,1.429727,0.051086,0.059277,0.044040,0.000136,-0.001431,-0.001516
16.374880,WalkToDestination,0.799891,1.429723,0.018114,0.018320,0.000021,0.000093,-0.001059,-0.001116
16.379050,WalkToDestination,0.799888,1.429720,0.080036,0.030839,0.000014,0.000016,-0.000629,-0.000687
16.383210,WalkToDestination,0.799888,1.429719,0.239201,0.081868,0.000007,0.000007,-0.000143,-0.000114
16.387380,WalkToDestination,0.799889,1.429721,0.389207,0.129707,0.000007,0.000079,0.000257,0.000343
16.391550,WalkToDestination,0.799891,1.429724,0.530258,0.173666,0.000014,0.000079,0.000515,0.000629
16.395720,WalkToDestination,0.799895,1.429728,0.662140,0.213400,0.000000,0.000066,0.000944,0.001116
16.399880,WalkToDestination,0.799900,1.429734,0.785121,0.249124,0.000043,0.000059,0.001144,0.001316
16.404050,WalkToDestination,0.799905,1.429740,0.899038,0.280247,0.000072,0.000036,0.001316,0.001602
16.408220,WalkToDestination,0.799911,1.429747,1.003950,0.307190,0.000029,0.000043,0.001345,0.001574
16.412390,WalkToDestination,0.799917,1.429754,1.099566,0.329339,0.000014,0.000036,0.001488,0.001774
16.416550,WalkToDestination,0.799923,1.429761,1.186178,0.347308,0.000000,0.000029,0.001402,0.001717
16.420720,WalkToDestination,0.799928,1.429768,1.263277,0.360917,0.000029,0.000010,0.001345,0.001602
16.424890,WalkToDestination,0.799934,1.429775,1.330898,0.370307,0.000007,0.000050,0.001287,0.001545
16.429060,WalkToDestination,0.799938,1.429780,1.389091,0.375838,0.000007,0.000007,0.001001,0.001259
16.433220,WalkToDestination,0.799941,1.429784,1.437526,0.377557,0.000043,0.000050,0.000830,0.001087
16.437390,WalkToDestination,0.799944,1.429788,1.476184,0.375673,0.000086,0.000043,0.000629,0.000858
16.441560,WalkToDestination,0.799945,1.429790,1.505045,0.370694,0.000057,0.000000,0.000286,0.000458
16.445730,WalkToDestination,0.799945,1.429790,1.524077,0.362910,0.000029,0.000087,-0.000114,0.000114
16.449890,WalkToDestination,0.799943,1.429789,1.533132,0.352334,0.000000,0.000079,-0.000343,-0.000229
16.454060,WalkToDestination,0.799940,1.429787,1.532279,0.339642,0.000050,0.000029,-0.000715,-0.000629
16.458230,WalkToDestination,0.799936,1.429783,1.521538,0.324952,0.000007,0.000010,-0.001030,-0.000944
16.462400,WalkToDestination,0.799930,1.429777,1.500959,0.308870,0.000043,0.000072,-0.001373,-0.001316
16.466560,WalkToDestination,0.799923,1.429770,1.470666,0.291426,0.000014,0.000023,-0.001688,-0.001688
16.470730,WalkToDestination,0.799915,1.429762,1.430703,0.273062,0.000014,0.000021,-0.002060,-0.002031
16.474900,WalkToDestination,0.799905,1.429752,1.381216,0.254108,0.000014,0.000093,-0.002346,-0.002432
16.479070,WalkToDestination,0.799894,1.429741,1.322277,0.234486,0.000072,0.000007,-0.002489,-0.002546
16.483230,WalkToDestination,0.799883,1.429729,1.254005,0.214804,0.000057,0.000029,-0.002775,-0.002832
16.487400,WalkToDestination,0.799871,1.429716,1.176667,0.195055,0.000029,0.000057,-0.002947,-0.003061
16.491570,WalkToDestination,0.799858,1.429703,1.090192,0.175276,0.000029,0.000065,-0.003061,-0.003176
16.495740,WalkToDestination,0.799845,1.429690,0.994856,0.155581,0.000007,0.000000,-0.003176,-0.003290
16.499900,WalkToDestination,0.799831,1.429676,0.890637,0.136019,0.000036,0.000036,-0.003204,-0.003319
16.504070,WalkToDestination,0.799818,1.429662,0.777568,0.116524,0.000079,0.000010,-0.003119,-0.003319
16.508240,WalkToDestination,0.799805,1.429649,0.655839,0.097033,0.000007,0.000029,-0.003090,-0.003176
16.512410,WalkToDestination,0.799793,1.429636,0.525261,0.077476,0.000021,0.000023,-0.002861,-0.003004
16.516570,WalkToDestination,0.799782,1.429624,0.385896,0.057785,0.000093,0.000026,-0.002689,-0.002804
16.520740,WalkToDestination,0.799772,1.429614,0.237840,0.038040,0.000079,0.000016,-0.002460,-0.002575
16.524910,Inside,0.799763,1.429605,0.081198,0.019292,0.000036,0.000000,-0.002031,-0.002146
